iteration,env_steps,ep_return,ep_length,success_rate,success_rate_rolling,entropy,policy_loss,value_loss,approx_kl,grad_norm,clipfrac,explained_variance,value_mean,value_std,return_mean,return_std,epochs_used,lr,n_episodes,sps,tx_per_agent_step,messages_per_agent_step,timeout_rate_rolling,root_report_close_rolling,root_report_close_n,human_death_rate,false_complete_rate,cover_under_threat,objective_dist_under_threat,comp_time,comp_compliance,comp_report,comp_command,comp_combat,comp_bunching,comp_terminal
1,1024,nan,nan,0.0,0.0,2.497926,-0.007952,0.33968,0.006459,0.815075,0.098737,-0.075632,0.236958,0.177001,-0.401697,1.265867,4.0,0.0003,0,646,0.25488,0.36398,0.0,nan,0,0.0,0.0,,,-0.01,0.00536,-0.00455,-0.02234,0.0,-0.012,0.0
2,2048,nan,nan,0.0,0.0,2.348905,-0.002594,0.114124,0.000714,0.526309,0.001674,0.633937,-0.408043,0.906454,-0.892703,1.943648,4.0,0.0002999,0,673,0.22817,0.33118,0.0,nan,0,0.0,0.0,,,-0.01,0.00458,-0.00028,-0.0225,-0.00277,-0.00017,0.0
3,3072,nan,nan,0.0,0.0,1.963232,-0.004234,0.0606,0.00171,0.335009,0.00722,0.852376,-1.044992,2.010979,-1.538163,2.8361,4.0,0.0002998,0,714,0.23252,0.34516,0.0,nan,0,0.0,0.0,,,-0.01,0.00336,-0.00211,-0.0229,-0.00277,-0.00068,0.0
4,4096,-14.9739,450.0,0.0,0.0,2.048439,-0.004784,0.045561,0.003586,0.261945,0.042271,0.904783,-1.532353,2.614082,-1.952278,3.361929,4.0,0.00029969,8,679,0.23609,0.35281,1.0,nan,0,0.25,0.72008,,,-0.01,0.00567,-0.0055,-0.02311,-0.00318,-0.01188,0.0
5,5120,nan,nan,0.0,0.0,1.923673,-0.004729,0.034704,0.003792,0.279349,0.056327,0.945377,-1.450615,3.355361,-1.756422,3.855631,4.0,0.00029959,0,676,0.23886,0.35578,1.0,nan,0,0.0,0.0,,,-0.01,0.0069,-0.00326,-0.01406,-0.01062,-0.00058,0.0
6,6144,-9.75992,259.5,0.0,0.0,1.299874,-0.003538,0.061519,0.002502,0.355845,0.030448,0.908285,-1.792109,3.511453,-2.091325,3.679915,4.0,0.00029949,6,762,0.24673,0.37638,0.57143,nan,0,1.0,0.81119,,,-0.01,0.00848,-0.00669,-0.02039,-0.01136,-0.01184,-0.02157
7,7168,-8.67498,273.5,0.0,0.0,1.592451,-0.004006,0.059165,0.002738,0.389827,0.027727,0.910606,-2.152878,3.57989,-2.503561,3.787761,4.0,0.00029939,4,723,0.24269,0.36955,0.44444,nan,0,1.0,0.74747,,,-0.01,0.00752,-0.00107,-0.0157,-0.01514,-0.00472,-0.01186
8,8192,-9.01233,251.5,0.0,0.0,1.277874,-0.002825,0.041658,0.001993,0.279914,0.02138,0.925164,-2.475131,3.399227,-2.725811,3.70963,4.0,0.00029928,2,783,0.25971,0.39264,0.4,nan,0,1.0,0.83721,,,-0.01,0.00721,-0.00172,-0.02072,-0.01281,-0.00231,-0.00716
9,9216,-7.74919,232.83333,0.0,0.0,1.251284,-0.003235,0.049333,0.002189,0.218051,0.027623,0.906814,-2.686426,3.511241,-2.914434,3.69047,4.0,0.00029918,6,784,0.24709,0.3762,0.34615,nan,0,1.0,0.73034,,,-0.01,0.00831,-0.00322,-0.01851,-0.01664,-0.00497,-0.01811
10,10240,-7.43134,230.6,0.0,0.0,1.510445,-0.004667,0.045344,0.002513,0.237859,0.028983,0.913956,-3.120183,3.559626,-3.384882,3.678413,4.0,0.00029908,5,733,0.24587,0.37011,0.32258,nan,0,1.0,0.72289,,,-0.01,0.00811,-0.00125,-0.02032,-0.01815,-0.0057,-0.01216
11,11264,-6.20687,126.5,0.0,0.0,1.231476,-0.003577,0.03917,0.001877,0.245001,0.027727,0.907976,-3.193579,3.178209,-3.4056,3.40734,4.0,0.00029898,2,793,0.28646,0.41974,0.30303,nan,0,1.0,0.66667,,,-0.01,0.00724,-0.00387,-0.0225,-0.01439,-0.00573,-0.00733
12,12288,-9.73796,338.25,0.0,0.0,1.28652,-0.004516,0.020413,0.002614,0.25667,0.02989,0.951455,-3.317856,3.329982,-3.523537,3.795251,4.0,0.00029887,4,790,0.30655,0.42965,0.32432,nan,0,1.0,0.81522,,,-0.01,0.00751,-0.00526,-0.02411,-0.00388,-0.00612,-0.00684
13,13312,-9.50439,450.0,0.0,0.0,1.006703,-0.002864,0.032317,0.002037,0.229791,0.021101,0.928921,-3.047095,3.348771,-3.270147,3.656586,4.0,0.00029877,1,860,0.3092,0.4652,0.34211,nan,0,1.0,0.55556,,,-0.01,0.00587,-0.00326,-0.02081,-0.01161,-0.01277,0.0
14,14336,-9.96122,450.0,0.0,0.0,0.957818,-0.005793,0.03117,0.002625,0.354181,0.041155,0.924561,-3.337961,3.743387,-3.799872,4.508737,4.0,0.00029867,3,884,0.30108,0.43571,0.39024,nan,0,1.0,0.76,,,-0.01,0.00565,-0.00462,-0.02382,-0.00041,-0.05153,0.0
15,15360,-8.75068,450.0,0.0,0.0,1.367616,-0.004829,0.046092,0.003377,0.357617,0.039167,0.928921,-3.991638,4.562997,-4.437483,5.390682,4.0,0.00029857,3,787,0.25041,0.37456,0.43182,nan,0,0.66667,0.87302,,,-0.01,0.00452,-0.0016,-0.02013,-0.00486,-0.03579,0.0
16,16384,-5.14065,450.0,0.0,0.0,1.626902,-0.004753,0.037941,0.002106,0.23149,0.023298,0.947489,-4.271616,4.715909,-4.429783,5.226164,4.0,0.00029846,1,749,0.21907,0.3293,0.44444,nan,0,1.0,0.89474,,,-0.01,0.00454,0.0005,-0.01841,-0.00224,-0.00742,0.0
17,17408,-33.82576,422.0,0.0,0.0,1.620991,-0.005561,0.033663,0.002244,0.258654,0.029541,0.939698,-3.749555,4.32546,-3.928841,4.886667,4.0,0.00029836,2,749,0.24451,0.35537,0.44681,nan,0,0.5,0.60345,,,-0.01,0.00622,-0.00076,-0.02101,-0.00414,-0.00555,-0.00285
18,18432,-10.55593,450.0,0.0,0.0,1.575709,-0.005737,0.01975,0.003078,0.330354,0.03268,0.962822,-3.719903,5.086567,-4.026498,5.94479,4.0,0.00029826,2,765,0.24111,0.36752,0.46939,nan,0,0.5,0.64286,,,-0.01,0.0054,0.00116,-0.02837,-0.00113,-0.00475,0.0
19,19456,-12.80958,450.0,0.0,0.0,1.588868,-0.005206,0.030164,0.002404,0.219668,0.028495,0.965524,-4.062169,5.600185,-4.230748,5.90035,4.0,0.00029816,3,747,0.25548,0.37174,0.5,nan,0,0.33333,0.61538,,,-0.01,0.00574,-0.00032,-0.02257,-0.00591,-0.0056,0.0
20,20480,-9.02789,450.0,0.0,0.0,1.130798,-0.00535,0.04524,0.002748,0.279158,0.04112,0.923047,-3.595513,4.633153,-3.725673,4.801553,4.0,0.00029805,2,822,0.26249,0.39035,0.51852,nan,0,1.0,0.63889,,,-0.01,0.00654,0.00052,-0.02406,-0.01239,-0.00209,0.0
21,21504,-9.36177,382.0,0.0,0.0,0.885094,-0.004888,0.035276,0.001359,0.243428,0.016741,0.910145,-3.81793,4.030779,-3.860573,4.04478,4.0,0.00029795,5,870,0.2546,0.39129,0.52542,nan,0,1.0,0.47458,,,-0.01,0.00892,-0.00346,-0.01533,-0.01275,-0.00954,-0.00992
22,22528,-6.08902,292.5,0.0,0.0,1.555178,-0.004681,0.030587,0.003316,0.227059,0.023996,0.952461,-4.641801,4.887416,-4.620473,5.1231,4.0,0.00029785,4,744,0.23634,0.34113,0.52381,nan,0,1.0,0.7931,,,-0.01,0.00693,0.00415,-0.02018,-0.00864,-0.00522,-0.00595
23,23552,-5.9605,198.0,0.0,0.0,1.232791,-0.005003,0.041566,0.002804,0.24482,0.029088,0.925761,-4.074071,4.68003,-4.133714,4.891285,4.0,0.00029775,1,794,0.25731,0.38971,0.51562,nan,0,1.0,0.3125,,,-0.01,0.00703,0.00306,-0.01891,-0.01043,-0.0049,-0.00362
24,24576,-7.89282,337.0,0.0,0.0,1.052214,-0.00697,0.032655,0.001901,0.237127,0.023054,0.956611,-4.269285,5.698201,-4.352382,6.235048,4.0,0.00029764,2,843,0.27418,0.42118,0.51515,nan,0,1.0,0.58065,,,-0.01,0.00628,0.00542,-0.0295,-0.00393,-0.00321,-0.00414
25,25600,-8.9751,417.4,0.0,0.0,1.10989,-0.006159,0.037621,0.003584,0.238427,0.050746,0.935004,-3.991423,5.156965,-3.956274,5.044477,4.0,0.00029754,5,818,0.24541,0.37859,0.52113,nan,0,0.4,0.43519,,,-0.01,0.00724,0.00449,-0.02045,-0.0116,-0.00782,-0.00804
26,26624,-6.45551,243.0,0.0,0.0,1.256799,-0.005069,0.035857,0.002827,0.261035,0.037493,0.938736,-4.482819,5.035346,-4.372429,5.098847,4.0,0.00029744,4,791,0.24451,0.35707,0.50667,nan,0,0.75,0.40426,,,-0.01,0.00849,0.00349,-0.01861,-0.01254,-0.00629,-0.01072
27,27648,-6.75263,312.0,0.0,0.0,1.158032,-0.004829,0.03915,0.001817,0.282893,0.020787,0.900306,-4.041261,4.357338,-3.913739,4.247378,4.0,0.00029734,2,806,0.24419,0.36833,0.49351,nan,0,1.0,0.3871,,,-0.01,0.00855,0.00666,-0.01574,-0.00816,-0.0055,-0.00766
28,28672,-5.64072,187.33333,0.0,0.0,1.0079,-0.006453,0.026386,0.002037,0.247796,0.02832,0.937501,-3.752164,4.504195,-3.679332,4.527329,4.0,0.00029724,3,835,0.26661,0.40158,0.475,nan,0,1.0,0.15385,,,-0.01,0.00739,0.00481,-0.0153,-0.01252,-0.00812,-0.0128
29,29696,-4.97458,336.8,0.0,0.0,1.042475,-0.00536,0.024689,0.002037,0.208513,0.017439,0.951823,-3.770538,4.694777,-3.721054,4.818192,4.0,0.00029713,5,825,0.23837,0.37794,0.48235,nan,0,0.8,0.55357,,,-0.01,0.00675,0.00823,-0.01919,-0.00814,-0.0078,-0.00804
30,30720,11.08849,253.75,0.25,0.01124,1.187335,-0.002261,0.96603,0.002421,0.742401,0.019113,0.274946,-3.811239,4.399729,-2.428273,7.9064,4.0,0.00029703,4,792,0.25629,0.39294,0.47191,0.0,1,0.5,0.31818,,,-0.01,0.00887,0.00749,-0.02012,-0.00725,-0.00601,0.10816
31,31744,17.37894,258.33333,0.33333,0.03158,1.278841,-0.002907,1.467491,0.001705,1.875215,0.012765,0.239632,-2.594833,4.145281,0.072731,10.445246,4.0,0.00029693,6,761,0.25578,0.37795,0.45263,0.0,3,0.66667,0.38235,,,-0.01,0.01141,0.00642,-0.01464,-0.01511,-0.00597,0.21948
32,32768,5.38954,147.28571,0.14286,0.04,1.009108,-0.000605,0.726339,0.001232,1.74133,0.009208,0.533751,-0.447444,6.212105,0.946492,9.345734,4.0,0.00029683,7,807,0.24727,0.37424,0.41,0.0,4,0.85714,0.35088,,,-0.01,0.01144,0.00756,-0.01305,-0.02324,-0.00789,0.12211
33,33792,-4.41249,150.85714,0.0,0.04,1.168427,-0.006498,0.102587,0.004123,0.786618,0.050328,0.864286,-0.321622,7.441628,0.355792,6.916786,4.0,0.00029672,7,761,0.25297,0.39211,0.36,0.0,4,1.0,0.24,,,-0.01,0.00946,0.00899,-0.01448,-0.01834,-0.00978,-0.02125
34,34816,-4.23057,92.33333,0.0,0.04,0.945287,-0.004452,0.068464,0.002473,0.296691,0.030971,0.913205,4.256617,7.563291,4.552401,7.37535,4.0,0.00029662,3,827,0.248,0.38476,0.36,0.0,4,1.0,0.20833,,,-0.01,0.00928,0.00768,-0.01981,-0.02077,-0.00794,-0.01291
35,35840,-5.14933,300.5,0.0,0.04,0.63461,-0.004292,0.043068,0.002454,0.429504,0.036168,0.918806,8.172712,6.873967,8.442039,6.380869,4.0,0.00029652,2,911,0.25696,0.39747,0.37,0.0,4,1.0,0.30769,,,-0.01,0.00849,0.005,-0.02241,-0.00243,-0.00466,-0.00591
36,36864,-5.42414,362.5,0.0,0.04,0.629628,-0.003593,0.029977,0.001821,0.50416,0.030204,0.932761,8.862803,6.012383,8.765903,5.734247,4.0,0.00029642,4,926,0.22251,0.36093,0.4,0.0,4,1.0,0.34694,,,-0.01,0.00891,0.00178,-0.01904,-0.01641,-0.00907,-0.00594
37,37888,10.89545,310.2,0.2,0.05,0.80817,-0.002485,0.433136,0.001471,0.523292,0.009312,0.396635,6.848372,5.136209,8.570148,7.996716,4.0,0.00029631,5,860,0.20356,0.34015,0.43,0.0,5,1.0,0.37931,,,-0.01,0.00961,0.00992,-0.01896,-0.00534,-0.00785,0.16097
38,38912,24.78033,187.0,0.4,0.07,0.950681,-0.00259,0.604456,0.002982,0.599211,0.031843,0.400352,7.994701,5.805186,9.69487,10.125964,4.0,0.00029621,5,828,0.20989,0.34744,0.43,0.0,7,1.0,0.26667,,,-0.01,0.00897,0.01103,-0.02012,-0.01161,-0.01165,0.2755
39,39936,32.36498,109.75,0.5,0.09,0.99842,-0.002429,0.571643,0.00244,0.967635,0.030134,0.428837,11.638759,6.662635,13.779683,10.617806,4.0,0.00029611,4,815,0.22665,0.36185,0.42,0.0,9,0.75,0.24,,,-0.01,0.0084,0.00916,-0.01827,-0.00578,-0.00686,0.27162
40,40960,19.72531,235.16667,0.33333,0.11,0.89692,-0.003245,0.264476,0.002307,0.421677,0.028076,0.635816,11.13123,7.675312,11.241523,9.556113,4.0,0.00029601,6,836,0.25732,0.40427,0.41,0.0,11,0.66667,0.31169,,,-0.01,0.00968,0.0104,-0.02267,-0.01235,-0.01168,0.29103
41,41984,19.24121,237.0,0.33333,0.12,0.935347,-0.003821,0.201266,0.00189,0.210711,0.023647,0.768382,11.329123,9.287852,12.076696,11.219684,4.0,0.0002959,3,841,0.25445,0.39575,0.39,0.0,12,0.33333,0.09375,,,-0.01,0.0077,0.00644,-0.02141,-0.00649,-0.01417,0.13436
42,43008,-5.55037,329.66667,0.0,0.12,0.73649,-0.003118,0.049445,0.001291,0.516103,0.009731,0.924217,12.141648,9.449151,11.804192,9.613935,4.0,0.0002958,3,903,0.26534,0.42462,0.38,0.0,12,1.0,0.52941,,,-0.01,0.0076,0.00857,-0.02731,-0.0096,-0.00956,-0.00497
43,44032,-12.52238,450.0,0.0,0.12,0.767984,-0.004798,0.036884,0.0021,0.381296,0.024449,0.92678,13.777066,8.997049,13.684196,9.004015,4.0,0.0002957,2,905,0.23515,0.37421,0.38,0.0,12,1.0,0.36364,,,-0.01,0.00646,0.00528,-0.02472,-0.00386,-0.00832,0.0
44,45056,-5.18765,450.0,0.0,0.12,0.776593,-0.008515,0.028721,0.003359,0.534437,0.048375,0.92047,15.530897,7.721608,15.137548,7.452012,4.0,0.0002956,3,931,0.26905,0.42687,0.39,0.0,12,0.33333,0.40506,,,-0.01,0.00503,0.00137,-0.03073,-0.00094,-0.00327,0.0
45,46080,-3.11927,450.0,0.0,0.12,0.984653,-0.004541,0.034161,0.003058,0.472179,0.034947,0.903814,15.371279,7.717867,15.192263,7.847795,4.0,0.00029549,1,863,0.25497,0.40133,0.39,0.0,12,1.0,0.625,,,-0.01,0.00725,0.00719,-0.02861,-0.00243,-0.00369,0.0
46,47104,-7.90695,450.0,0.0,0.12,1.25329,-0.005409,0.029347,0.002378,0.450874,0.027448,0.929383,16.580492,8.452349,16.308554,8.595601,4.0,0.00029539,3,793,0.24692,0.39535,0.39,0.0,12,0.66667,0.55814,,,-0.01,0.00657,0.00493,-0.02885,-0.00303,-0.00331,0.0
47,48128,-7.81477,413.66667,0.0,0.12,1.313738,-0.004651,0.040928,0.003543,0.556672,0.050502,0.906159,17.005051,8.331541,16.22488,8.821623,4.0,0.00029529,3,767,0.23911,0.37527,0.39,0.0,12,1.0,0.47619,,,-0.01,0.00653,0.00636,-0.0281,-0.00416,-0.0036,-0.00308
48,49152,-8.47832,450.0,0.0,0.12,1.291283,-0.008511,0.023602,0.00353,0.450242,0.045759,0.940414,17.225939,8.546988,16.655741,8.867049,4.0,0.00029519,1,787,0.25164,0.40736,0.4,0.0,12,0.0,0.24444,,,-0.01,0.00544,0.00474,-0.03355,-0.00486,-0.00203,0.0
49,50176,-9.03067,385.0,0.0,0.12,1.147425,-0.005974,0.034479,0.004034,0.486194,0.053467,0.896033,16.12804,7.946876,14.957561,7.970258,4.0,0.00029508,4,795,0.27764,0.45987,0.41,0.0,12,0.5,0.43949,,,-0.01,0.00663,0.00755,-0.03214,-0.01089,-0.00352,-0.00353
50,51200,-11.9822,426.0,0.0,0.12,1.109159,-0.005294,0.021493,0.002732,0.328527,0.033029,0.919183,14.422318,7.149681,13.890712,7.508587,4.0,0.00029498,2,800,0.28832,0.46712,0.4,0.0,12,1.0,0.48936,,,-0.01,0.00829,0.00677,-0.03374,-0.00336,-0.00173,-0.0035
51,52224,-9.69444,450.0,0.0,0.12,1.156214,-0.006436,0.014883,0.002789,0.35586,0.031634,0.948555,14.535707,7.543726,13.926112,7.932994,4.0,0.00029488,2,804,0.28484,0.45987,0.42,0.0,12,1.0,0.42353,,,-0.01,0.00599,0.01069,-0.03559,-0.00495,-0.00284,0.0
52,53248,-8.76204,382.0,0.0,0.12,1.105391,-0.005754,0.025998,0.003524,0.368055,0.048444,0.915805,14.272036,7.646618,13.494569,7.936802,4.0,0.00029478,2,810,0.27333,0.45231,0.41,0.0,12,1.0,0.3913,,,-0.01,0.00711,0.014,-0.03446,-0.00435,-0.00221,-0.00359
53,54272,10.27722,403.0,0.25,0.13,1.146051,-0.003008,0.134937,0.002365,0.179863,0.027972,0.593895,13.585464,7.140209,14.006953,8.798338,4.0,0.00029468,4,778,0.24681,0.40585,0.42,0.0,13,1.0,0.28767,,,-0.01,0.00676,0.00969,-0.02556,-0.00412,-0.00423,0.10835
54,55296,-7.61898,358.33333,0.0,0.13,1.15771,-0.005687,0.035725,0.002933,0.418291,0.040109,0.852431,13.4657,7.006949,12.441388,7.09652,4.0,0.00029457,3,782,0.25437,0.41844,0.43,0.0,13,1.0,0.31429,,,-0.01,0.00687,0.01081,-0.02629,-0.01329,-0.00338,-0.00335
55,56320,-6.88389,320.66667,0.0,0.13,0.926107,-0.003787,0.030876,0.002502,0.369162,0.026193,0.847179,12.562202,6.080663,11.553087,6.56097,4.0,0.00029447,3,844,0.23055,0.38588,0.44,0.0,13,1.0,0.34177,,,-0.01,0.00648,0.0122,-0.02179,-0.01192,-0.00318,-0.00807
56,57344,-6.24385,450.0,0.0,0.13,0.911387,-0.00487,0.019537,0.001545,0.267253,0.016357,0.886515,12.599961,6.3343,12.166343,6.345338,4.0,0.00029437,2,837,0.26715,0.44364,0.46,0.0,13,0.5,0.22772,,,-0.01,0.00745,0.00767,-0.02914,-0.00892,-0.00109,0.0
57,58368,-6.52729,273.0,0.0,0.13,0.911385,-0.002835,0.031583,0.002089,0.39688,0.024414,0.691303,12.4458,4.645743,11.340851,4.682571,4.0,0.00029427,3,841,0.23245,0.38614,0.46,0.0,13,1.0,0.30769,,,-0.01,0.00836,0.00768,-0.0229,-0.01552,-0.00375,-0.00826
58,59392,-6.97584,364.0,0.0,0.13,1.008509,-0.002955,0.035169,0.001884,0.428262,0.021031,0.621643,11.572678,4.166376,10.285792,4.436295,4.0,0.00029416,5,803,0.24806,0.41353,0.45,0.0,13,1.0,0.51515,,,-0.01,0.00884,0.00844,-0.02317,-0.01405,-0.00466,-0.01123
59,60416,4.87188,219.66667,0.16667,0.12,1.237707,-0.001703,0.173499,0.002729,0.281153,0.032575,0.234054,10.489731,3.487735,9.751055,6.964596,4.0,0.00029406,6,747,0.21329,0.35081,0.44,0.0,14,1.0,0.32727,,,-0.01,0.00772,0.00903,-0.0191,-0.01124,-0.00552,0.08458
60,61440,nan,nan,0.0,0.12,1.264428,-0.0072,0.015545,0.003112,0.310216,0.0369,0.881953,10.325511,5.009629,9.735707,5.425485,4.0,0.00029396,0,784,0.27304,0.45073,0.44,0.0,14,0.0,0.0,,,-0.01,0.00615,0.01072,-0.02701,-0.00934,-0.00189,0.0
61,62464,-7.58796,271.0,0.0,0.11,0.984822,-0.004432,0.018819,0.003061,0.296872,0.043318,0.839116,9.984537,4.634519,9.233438,5.047244,4.0,0.00029386,2,847,0.28127,0.45447,0.44,0.0,14,1.0,0.43103,,,-0.01,0.00662,0.00483,-0.02555,-0.00281,-0.00099,-0.00807
62,63488,-6.9981,450.0,0.0,0.1,1.320644,-0.007151,0.007757,0.002631,0.282047,0.032506,0.932447,9.928797,4.960903,9.592906,5.459204,4.0,0.00029375,5,756,0.24529,0.38582,0.49,0.0,14,0.6,0.37853,,,-0.01,0.00795,0.00508,-0.02399,-0.00059,-0.00426,0.0
63,64512,-9.08188,450.0,0.0,0.1,1.429478,-0.007056,0.011343,0.004983,0.298014,0.069999,0.941657,10.018553,6.060874,9.464808,6.578684,4.0,0.00029365,1,753,0.23252,0.36783,0.5,0.0,14,0.0,0.48649,,,-0.01,0.0057,0.00333,-0.02587,-0.00609,-0.00173,0.0
64,65536,28.7678,217.0,0.5,0.11,1.191082,-0.002717,0.17115,0.002806,0.177852,0.029402,0.523983,9.544523,6.157936,9.726279,8.710936,4.0,0.00029355,2,805,0.25195,0.39632,0.5,0.0,15,1.0,0.52778,,,-0.01,0.00596,0.01066,-0.02593,-0.00518,-0.0035,0.11163
65,66560,22.26994,387.75,0.5,0.13,1.523186,-0.00366,0.230201,0.00244,0.284208,0.023054,0.48076,8.925714,6.474091,9.741831,9.924418,4.0,0.00029345,4,717,0.21682,0.33638,0.51,0.0,17,0.25,0.50296,,,-0.01,0.00733,0.00399,-0.02319,-0.00507,-0.01337,0.15446
66,67584,10.88548,306.75,0.25,0.14,1.353524,-0.002246,0.182383,0.002979,0.240272,0.032017,0.436451,8.236686,5.859774,8.797829,8.458553,4.0,0.00029334,4,728,0.22914,0.37042,0.52,0.0,18,0.75,0.43411,,,-0.01,0.00719,0.00381,-0.02327,-0.00842,-0.01367,0.09362
67,68608,51.89165,427.0,1.0,0.15,1.02799,-0.003208,0.117739,0.00179,0.253287,0.020682,0.512229,9.709305,5.317922,10.314926,7.350079,4.0,0.00029324,1,809,0.23455,0.38049,0.52,0.0,19,1.0,0.36957,,,-0.01,0.00668,0.00427,-0.02176,-0.01185,-0.01637,0.11259
68,69632,-12.09774,356.4,0.0,0.15,0.901087,-0.003682,0.035772,0.001955,0.341737,0.028669,0.699479,10.510093,5.098416,9.601951,5.051282,4.0,0.00029314,5,835,0.20731,0.34064,0.51,0.0,19,1.0,0.5,,,-0.01,0.00789,0.00491,-0.02337,-0.01086,-0.0062,-0.01228
69,70656,12.74978,378.0,0.33333,0.16,1.362828,-0.002321,0.148151,0.0028,0.265525,0.040004,0.365638,9.27274,4.5886,9.668572,6.989209,4.0,0.00029304,3,729,0.2068,0.33048,0.5,0.0,20,1.0,0.5375,,,-0.01,0.00684,0.00544,-0.02328,-0.0081,-0.00368,0.08867
70,71680,-7.89751,288.66667,0.0,0.15,1.070741,-0.003248,0.031886,0.002176,0.342616,0.024902,0.690936,10.954827,4.063855,10.033966,4.61281,4.0,0.00029293,3,798,0.23211,0.38019,0.48,0.0,20,1.0,0.44898,,,-0.01,0.00537,0.00766,-0.02228,-0.00895,-0.00341,-0.01089
71,72704,35.97837,313.33333,0.66667,0.16,1.21161,-0.002263,0.213241,0.001235,0.283471,0.009801,0.209957,10.377034,4.166763,11.151256,7.499038,4.0,0.00029283,3,757,0.22283,0.36209,0.48,0.0,22,1.0,0.52174,,,-0.01,0.00647,0.00467,-0.02225,-0.01345,-0.00199,0.20242
72,73728,25.95469,249.33333,0.5,0.16,1.015703,-0.002925,0.389403,0.003182,0.549369,0.04269,0.23848,10.064456,4.018958,12.030168,10.384973,4.0,0.00029273,6,784,0.21656,0.35185,0.47,0.0,25,1.0,0.41129,,,-0.01,0.00809,0.00557,-0.02192,-0.01287,-0.00411,0.34082
73,74752,39.48715,251.66667,0.66667,0.16,0.97933,-0.00261,0.232209,0.002356,0.637412,0.024414,0.45644,14.046791,5.992336,16.020466,9.45018,4.0,0.00029263,3,810,0.20905,0.34208,0.46,0.0,27,1.0,0.46939,,,-0.01,0.00605,0.00204,-0.0183,-0.01001,-0.00443,0.24863
74,75776,-4.97559,262.0,0.0,0.16,0.702518,-0.0022,0.05913,0.002268,0.453414,0.030622,0.754881,17.675814,6.888895,16.322834,7.119853,4.0,0.00029252,3,900,0.23066,0.3674,0.45,0.0,27,1.0,0.375,,,-0.01,0.00744,0.00523,-0.01672,-0.01117,-0.00232,-0.01511
75,76800,17.39279,263.33333,0.33333,0.17,0.876082,-0.002303,0.272632,0.002191,0.310709,0.019636,0.317206,15.368967,5.263723,16.337196,9.407523,4.0,0.00029242,6,820,0.19202,0.32325,0.43,0.0,29,1.0,0.48718,,,-0.01,0.00943,0.0025,-0.01662,-0.01243,-0.00655,0.25801
76,77824,-4.29787,314.5,0.0,0.17,0.721665,-0.004239,0.03049,0.003036,0.2568,0.044085,0.84039,15.473135,6.287899,15.226024,6.458731,4.0,0.00029232,2,895,0.24816,0.41559,0.42,0.0,29,1.0,0.44444,,,-0.01,0.00692,0.00394,-0.01916,-0.00923,-0.01021,-0.00489
77,78848,-4.83598,228.33333,0.0,0.17,0.748192,-0.003112,0.044225,0.002397,0.279363,0.034284,0.763201,16.096355,6.440836,15.375237,6.541392,4.0,0.00029222,3,868,0.22423,0.37583,0.39,0.0,29,1.0,0.48387,,,-0.01,0.00789,0.00073,-0.02124,-0.0154,-0.00511,-0.01332
78,79872,-5.42747,354.25,0.0,0.17,0.649231,-0.002972,0.039682,0.001848,0.274229,0.019985,0.603566,14.020324,4.398803,13.289579,4.804154,4.0,0.00029212,4,886,0.21545,0.36373,0.37,0.0,29,0.75,0.56863,,,-0.01,0.00687,0.00777,-0.02163,-0.01288,-0.00553,-0.00975
79,80896,15.98494,231.66667,0.33333,0.18,0.810924,-0.003952,0.094251,0.004324,0.168408,0.064628,0.643428,15.295199,6.195336,15.36006,7.79439,4.0,0.00029201,3,848,0.19301,0.33388,0.36,0.0,30,1.0,0.52222,,,-0.01,0.00458,0.00511,-0.02405,-0.00333,-0.00617,0.13154
80,81920,13.87192,297.75,0.25,0.19,0.831283,-0.002916,0.114686,0.002148,0.193173,0.020822,0.625247,16.207891,6.204603,16.251757,8.312042,4.0,0.00029191,4,855,0.20833,0.35759,0.34,0.0,31,0.75,0.39583,,,-0.01,0.00523,0.00523,-0.01975,-0.00918,-0.00422,0.13698
81,82944,-7.00704,450.0,0.0,0.19,1.01186,-0.006112,0.021268,0.003938,0.291566,0.060791,0.911359,17.565775,7.822761,17.134993,7.603076,4.0,0.00029181,2,815,0.22574,0.37108,0.36,0.0,31,1.0,0.57143,,,-0.01,0.00532,-0.00019,-0.02118,-0.00543,-0.00793,0.0
82,83968,-9.03248,379.66667,0.0,0.19,1.214173,-0.005391,0.023436,0.003327,0.258935,0.038783,0.918335,19.45892,8.068019,19.1639,8.223295,4.0,0.00029171,3,761,0.19576,0.33367,0.35,0.0,31,1.0,0.55357,,,-0.01,0.00534,-0.00073,-0.02259,-0.00148,-0.01043,-0.00285
83,84992,53.14185,347.5,1.0,0.21,1.288292,-0.0032,0.140296,0.00315,0.237864,0.041016,0.672501,20.708363,8.203197,21.321777,10.067051,4.0,0.0002916,2,779,0.23549,0.37733,0.34,0.0303,33,0.5,0.58108,,,-0.01,0.00589,-0.00032,-0.02821,-0.00271,-0.01895,0.18686
84,86016,5.97553,408.33333,0.33333,0.21,1.161022,-0.004344,0.103106,0.002816,0.249912,0.030169,0.652169,18.491068,7.446825,18.36084,8.518824,4.0,0.0002915,3,755,0.20074,0.33299,0.34,0.02941,34,0.66667,0.66942,,,-0.01,0.00599,0.00309,-0.02476,-0.00977,-0.01382,0.09296
85,87040,-10.77786,350.75,0.0,0.21,0.890833,-0.003385,0.043788,0.00255,0.453323,0.027239,0.783249,16.8526,6.157018,15.40036,6.735665,4.0,0.0002914,4,819,0.22,0.3728,0.32,0.02941,34,1.0,0.59167,,,-0.01,0.00601,0.00027,-0.02462,-0.01123,-0.00757,-0.0112
86,88064,27.74919,214.75,0.5,0.23,0.785085,-0.001887,0.263267,0.002323,0.442942,0.027065,0.257477,15.667563,5.677984,16.421711,9.395364,4.0,0.0002913,4,826,0.19113,0.32448,0.3,0.02778,36,1.0,0.52542,,,-0.01,0.00736,0.00445,-0.02036,-0.01668,-0.00545,0.25423
87,89088,47.64566,271.0,0.8,0.27,0.877781,-0.003503,0.403794,0.003183,0.647708,0.04541,0.137379,15.656844,4.795638,18.752665,10.672655,4.0,0.00029119,5,814,0.17752,0.30249,0.28,0.025,40,1.0,0.59036,,,-0.01,0.00541,0.00419,-0.02333,-0.00979,-0.00518,0.47776
88,90112,50.20591,215.8,0.8,0.3,0.997761,-0.003891,0.345725,0.005198,0.707736,0.061698,0.259264,19.775778,5.025501,22.555454,10.769541,4.0,0.00029109,5,796,0.16878,0.29384,0.27,0.02273,44,1.0,0.31481,,,-0.01,0.00528,0.00405,-0.01945,-0.01214,-0.00636,0.45175
89,91136,29.77753,244.75,0.5,0.32,0.976369,-0.002037,0.183819,0.00226,0.254665,0.025844,0.39945,22.104717,6.251992,23.124273,8.841985,4.0,0.00029099,4,783,0.1677,0.28607,0.28,0.02174,46,1.0,0.5,,,-0.01,0.0067,0.00499,-0.02041,-0.00819,-0.01061,0.22006
90,92160,60.91539,235.5,1.0,0.36,0.996011,-0.003021,0.213912,0.002553,0.626852,0.029855,0.490404,24.712278,6.866413,27.686399,10.320493,4.0,0.00029089,4,807,0.18331,0.30915,0.27,0.02,50,0.75,0.37288,,,-0.01,0.00717,0.00427,-0.02129,-0.00746,-0.00272,0.43833
91,93184,48.93023,242.4,0.8,0.4,0.872685,-0.002177,0.212396,0.002049,0.3103,0.019741,0.461113,27.329044,6.800261,28.975819,10.29794,4.0,0.00029078,5,830,0.19538,0.33056,0.22,0.01852,54,1.0,0.38776,,,-0.01,0.00685,0.004,-0.01874,-0.01592,-0.01119,0.50065
92,94208,19.49068,130.33333,0.33333,0.4,0.717166,-0.001953,0.13581,0.001795,0.265377,0.018101,0.315491,28.339722,5.682436,28.101757,7.596748,4.0,0.00029068,3,861,0.16327,0.27371,0.22,0.01818,55,1.0,0.3,,,-0.01,0.00856,0.00256,-0.01677,-0.00215,-0.00543,0.14867
93,95232,30.94287,205.33333,0.5,0.41,0.917536,-0.002871,0.184825,0.001141,0.387497,0.012416,0.415787,28.577158,6.114859,30.448147,9.778395,4.0,0.00029058,6,812,0.17107,0.27639,0.2,0.01724,58,0.83333,0.41176,,,-0.01,0.00794,0.00431,-0.0182,0.00237,-0.00941,0.36418
94,96256,37.35397,238.2,0.6,0.42,1.01483,-0.002956,0.117788,0.003062,0.219174,0.028704,0.688656,31.302019,8.242713,32.496143,10.804246,4.0,0.00029048,5,795,0.16081,0.27577,0.2,0.01639,61,0.6,0.33333,,,-0.01,0.00911,0.0049,-0.01821,-0.00149,-0.00723,0.32972
95,97280,27.57142,165.44444,0.44444,0.44,1.003632,-0.003386,0.195954,0.002468,0.288402,0.023158,0.579582,31.080723,7.780376,30.776501,12.519977,4.0,0.00029037,9,787,0.16304,0.27571,0.19,0.03077,65,0.77778,0.37097,,,-0.01,0.00864,0.00578,-0.01811,-0.00662,-0.00904,0.44504
96,98304,50.88025,143.5,0.75,0.45,0.970349,-0.001475,0.149063,0.001404,0.271361,0.007359,0.671824,32.683464,9.754965,34.29446,12.263174,4.0,0.00029027,4,809,0.17837,0.30516,0.19,0.02941,68,0.75,0.1875,,,-0.01,0.00674,0.00521,-0.02321,-0.00294,-0.00455,0.35256
97,99328,50.32673,224.5,0.75,0.46,0.913581,-0.002947,0.076564,0.002441,0.433997,0.01838,0.816051,35.283157,11.488837,37.407139,12.276363,4.0,0.00029017,4,830,0.1844,0.30611,0.2,0.02817,71,0.0,0.25,,,-0.01,0.00743,0.00621,-0.02517,0.00329,-0.00481,0.38959
98,100352,32.39187,158.33333,0.5,0.47,0.974994,-0.003218,0.115264,0.001934,0.349328,0.02138,0.7616,37.990166,11.254947,37.538563,13.699814,4.0,0.00029007,6,822,0.16509,0.28218,0.21,0.02703,74,0.83333,0.32432,,,-0.01,0.00704,0.00654,-0.02203,-0.00378,-0.00765,0.35925
99,101376,49.87523,212.25,0.75,0.49,0.872863,-0.002819,0.083472,0.001765,0.243111,0.015451,0.820619,36.413418,12.206205,37.606514,13.463015,4.0,0.00028996,4,851,0.17391,0.27668,0.22,0.02597,77,0.5,0.2069,,,-0.01,0.00799,0.00735,-0.0185,-0.00422,-0.01145,0.42075
100,102400,6.24023,236.33333,0.16667,0.49,0.915808,-0.003283,0.09065,0.002296,0.398656,0.020612,0.714771,32.958969,10.017497,32.365063,11.160819,4.0,0.00028986,6,789,0.1563,0.26026,0.22,0.03846,78,1.0,0.27273,,,-0.01,0.00984,0.00582,-0.01808,-0.0118,-0.00718,0.10192
101,103424,31.80894,160.75,0.5,0.51,0.726602,-0.002228,0.116084,0.002444,0.231992,0.029053,0.725757,33.652458,11.203853,33.329979,13.367502,4.0,0.00028976,4,864,0.15191,0.26076,0.21,0.05,80,0.75,0.31579,,,-0.01,0.00859,0.00472,-0.02141,-0.00054,-0.01013,0.29692
102,104448,43.73245,210.66667,0.66667,0.53,0.681745,-0.002179,0.105619,0.002351,0.213512,0.024972,0.766536,31.661547,11.523962,32.523701,13.890095,4.0,0.00028966,6,853,0.13937,0.23613,0.19,0.04762,84,0.5,0.2,,,-0.01,0.00928,0.00656,-0.01505,-0.00941,-0.0076,0.64521
103,105472,-3.70462,450.0,0.0,0.53,0.622142,-0.004261,0.031637,0.002306,0.275876,0.029611,0.910569,34.722427,12.406792,34.491745,12.417537,4.0,0.00028956,2,910,0.186,0.29156,0.2,0.04762,84,1.0,0.15385,,,-0.01,0.00836,0.00166,-0.02059,-0.00345,-0.00257,0.0
104,106496,-4.42751,450.0,0.0,0.53,0.603335,-0.004556,0.010784,0.00224,0.346331,0.02846,0.977611,39.078571,14.879336,38.639793,14.525141,4.0,0.00028945,1,958,0.21849,0.33493,0.2,0.04762,84,0.0,0.42857,,,-0.01,0.0066,0.0035,-0.02832,0.00114,-0.00338,0.0
105,107520,16.3875,434.66667,0.33333,0.54,0.738506,-0.003396,0.021208,0.002235,0.258906,0.02853,0.946562,39.775879,14.057383,39.878471,13.871257,4.0,0.00028935,3,901,0.21064,0.34017,0.2,0.04706,85,0.66667,0.38235,,,-0.01,0.0059,0.00447,-0.02469,-0.00337,-0.00622,0.139
106,108544,24.51193,434.5,0.5,0.54,0.974019,-0.003531,0.024805,0.001991,0.26062,0.018764,0.907772,43.583138,11.975682,43.612724,11.613179,4.0,0.00028925,2,823,0.19263,0.30663,0.2,0.04651,86,0.5,0.34146,,,-0.01,0.00645,0.00072,-0.02775,0.00247,-0.00483,0.10634
107,109568,9.47168,384.0,0.25,0.53,1.178205,-0.00362,0.051336,0.004266,0.448512,0.060233,0.822662,46.552116,11.335595,45.721184,12.422781,4.0,0.00028915,4,780,0.18448,0.28854,0.2,0.04598,87,0.5,0.46774,,,-0.01,0.00568,0.00215,-0.02546,-0.00182,-0.01013,0.09184
108,110592,nan,nan,0.0,0.53,1.467357,-0.006613,0.012247,0.00424,0.543949,0.053816,0.967441,50.674988,11.744385,49.510899,11.698015,4.0,0.00028904,0,755,0.1836,0.27833,0.2,0.04598,87,0.0,0.0,,,-0.01,0.0053,0.00385,-0.02677,0.00177,-0.01421,0.0
109,111616,18.0366,439.25,0.5,0.55,1.613757,-0.004304,0.038623,0.003749,0.532108,0.037528,0.818296,49.713074,11.161076,48.931366,10.791568,4.0,0.00028894,4,704,0.18513,0.27808,0.21,0.04494,89,0.25,0.3913,,,-0.01,0.00583,0.00388,-0.02566,-0.00123,-0.02113,0.13481
110,112640,6.98458,408.66667,0.33333,0.55,1.52797,-0.00508,0.025889,0.004048,0.48943,0.050084,0.903622,49.085258,11.926656,47.923626,11.995706,4.0,0.00028884,3,707,0.17795,0.27274,0.23,0.04444,90,0.33333,0.33898,,,-0.01,0.00692,0.00299,-0.0231,-0.0018,-0.01472,0.07513
111,113664,18.88056,359.0,0.5,0.54,1.618806,-0.002546,0.032959,0.00334,0.375754,0.037842,0.795056,50.106564,10.202989,49.179249,9.860481,4.0,0.00028874,2,714,0.17565,0.26298,0.24,0.04396,91,0.5,0.375,,,-0.01,0.00516,0.0027,-0.0245,-0.00131,-0.01336,0.07666
112,114688,-18.39073,450.0,0.0,0.54,1.598535,-0.005564,0.005791,0.003608,0.520529,0.052246,0.97714,49.195896,9.561883,47.830589,9.639017,4.0,0.00028863,1,734,0.19549,0.29063,0.24,0.04396,91,0.0,0.22727,,,-0.01,0.00598,0.00229,-0.02493,3e-05,-0.01914,0.0
113,115712,-15.60534,450.0,0.0,0.51,1.597068,-0.004439,0.011429,0.004717,0.453243,0.058419,0.943832,47.694637,10.256957,46.424091,10.383901,4.0,0.00028853,3,718,0.18426,0.2643,0.27,0.04396,91,0.0,0.46154,,,-0.01,0.00652,0.00249,-0.02418,-0.00067,-0.01576,0.0
114,116736,-14.43763,442.5,0.0,0.48,1.509198,-0.002619,0.020243,0.004057,0.457954,0.047468,0.914459,46.453918,10.478936,44.988655,11.860832,4.0,0.00028843,4,712,0.17852,0.26315,0.3,0.04396,91,0.5,0.425,,,-0.01,0.00709,0.00272,-0.02291,-0.00051,-0.00933,-0.00236
115,117760,nan,nan,0.0,0.48,1.757746,-0.006336,0.004909,0.004942,0.459019,0.065116,0.983748,47.777119,10.204583,46.504051,10.495397,4.0,0.00028833,0,708,0.19867,0.27176,0.3,0.04396,91,0.0,0.0,,,-0.01,0.00666,0.00073,-0.02498,0.00013,-0.00569,0.0
116,118784,7.29595,433.0,0.33333,0.46,1.593401,-0.00561,0.012229,0.005606,0.392954,0.076381,0.94671,45.372749,11.500207,44.319675,11.692266,4.0,0.00028822,3,715,0.183,0.25231,0.32,0.04348,92,0.33333,0.37681,,,-0.01,0.00513,0.00183,-0.02604,-0.00109,-0.00587,0.07173
117,119808,3.16099,443.75,0.25,0.45,1.562541,-0.005733,0.009719,0.004537,0.335117,0.062256,0.953472,45.202045,11.104769,44.323666,11.355429,4.0,0.00028812,4,710,0.18534,0.25153,0.34,0.04301,93,0.25,0.43836,,,-0.01,0.00565,0.00318,-0.02422,-0.0016,-0.0098,0.07074
118,120832,18.51175,389.5,0.5,0.44,1.498132,-0.005352,0.019857,0.005183,0.412356,0.064488,0.914554,43.23801,11.722527,41.900051,12.126676,4.0,0.00028802,2,717,0.186,0.24644,0.35,0.04255,94,0.0,0.62162,,,-0.01,0.00722,0.00175,-0.02774,-0.00342,-0.00436,0.07833
119,121856,52.75759,428.0,1.0,0.44,1.243731,-0.0024,0.024948,0.002243,0.221874,0.027727,0.878917,38.680031,12.603505,38.310387,12.344407,4.0,0.00028792,1,770,0.20126,0.28805,0.35,0.04211,95,1.0,0.27273,,,-0.01,0.00442,0.00425,-0.02398,-0.0008,-0.00484,0.08971
120,122880,-10.28393,450.0,0.0,0.42,1.321048,-0.003887,0.006971,0.004184,0.334391,0.052699,0.967827,38.972347,11.653346,37.797146,11.582563,4.0,0.00028781,2,752,0.18886,0.26786,0.37,0.04211,95,1.0,0.20588,,,-0.01,0.00435,0.00154,-0.02702,4e-05,-0.0041,0.0
121,123904,-11.58062,444.0,0.0,0.4,1.505915,-0.002197,0.019275,0.004996,0.348354,0.068255,0.911607,38.699429,11.209926,37.22509,12.138453,4.0,0.00028771,4,716,0.19082,0.26423,0.4,0.04211,95,0.75,0.36842,,,-0.01,0.00605,0.00283,-0.02558,-0.0009,-0.00946,-0.00238
122,124928,21.07772,376.0,0.5,0.41,1.876185,-0.004448,0.004362,0.004977,0.339085,0.054478,0.979031,41.141811,10.568476,40.144405,10.769234,4.0,0.00028761,2,663,0.20949,0.28009,0.41,0.04167,96,1.0,0.36667,,,-0.01,0.0063,0.00234,-0.02623,0.0,-0.00458,0.06576
123,125952,53.19449,348.5,1.0,0.42,1.885539,-0.006063,0.017203,0.006194,0.308673,0.085449,0.902033,41.170681,10.517393,40.929222,11.115529,4.0,0.00028751,2,669,0.2267,0.30881,0.4,0.04082,98,0.0,0.25,,,-0.01,0.00597,0.00204,-0.02639,0.0,-0.0055,0.12684
124,126976,23.1399,329.5,0.5,0.42,1.732252,-0.004832,0.032846,0.005901,0.318657,0.071254,0.84406,39.179829,11.496013,38.593967,12.254086,4.0,0.0002874,4,668,0.21989,0.29414,0.41,0.04,100,0.25,0.38636,,,-0.01,0.00679,0.00052,-0.02509,-0.00397,-0.00621,0.1437
125,128000,-13.22502,367.6,0.0,0.38,1.375015,-0.00226,0.030772,0.003211,0.40058,0.035435,0.869827,33.832756,11.594776,31.663822,12.699026,4.0,0.0002873,5,712,0.2012,0.2812,0.44,0.04,100,0.6,0.36923,,,-0.01,0.00724,0.00102,-0.0256,-0.00294,-0.00657,-0.00508
126,129024,nan,nan,0.0,0.38,1.395108,-0.005203,0.008764,0.003504,0.337445,0.050467,0.957573,31.38209,11.817387,30.191586,11.59049,4.0,0.0002872,0,745,0.23788,0.325,0.44,0.04,100,0.0,0.0,,,-0.01,0.0063,-0.00033,-0.02423,-0.00171,-0.00191,0.0
127,130048,-9.28492,450.0,0.0,0.38,1.201063,-0.004139,0.004227,0.00323,0.287164,0.045236,0.975977,29.430943,11.032977,28.577728,10.941635,4.0,0.0002871,1,794,0.24869,0.34702,0.45,0.04,100,1.0,0.45455,,,-0.01,0.00576,-0.00094,-0.02478,0.00032,-0.0004,0.0
128,131072,-11.53877,436.5,0.0,0.35,1.294742,-0.002671,0.01447,0.002722,0.305728,0.034598,0.922539,29.872173,10.81057,28.450064,11.223483,4.0,0.000287,6,733,0.22522,0.30693,0.49,0.04,100,1.0,0.5,,,-0.01,0.00642,0.00066,-0.02222,-0.00256,-0.00906,-0.00268
129,132096,40.20846,252.66667,0.66667,0.35,1.56968,-0.00468,0.04722,0.003666,0.253684,0.044643,0.774633,30.41679,10.966209,30.447338,12.326638,4.0,0.00028689,3,690,0.26065,0.34541,0.5,0.04,100,0.66667,0.1875,,,-0.01,0.00947,0.00052,-0.02356,-0.00421,-0.00986,0.15702
130,133120,62.98526,218.0,1.0,0.35,1.278864,-0.003341,0.033413,0.001648,0.215386,0.012521,0.815206,27.613831,11.051196,27.27286,11.441048,4.0,0.00028679,1,752,0.26084,0.35046,0.5,0.04,100,1.0,0.5,,,-0.01,0.00858,0.00385,-0.01976,-0.00324,-0.00291,0.09803
131,134144,24.74093,377.75,0.5,0.35,1.050811,-0.00349,0.04138,0.002536,0.221895,0.033029,0.763039,26.425772,9.942745,27.121714,11.055979,4.0,0.00028669,4,794,0.22395,0.3041,0.51,0.04,100,1.0,0.20588,,,-0.01,0.00775,0.00052,-0.02243,0.0011,-0.00766,0.20908
132,135168,28.6632,313.0,0.5,0.34,1.167659,-0.005994,0.024072,0.00441,0.265502,0.06243,0.832713,27.784901,9.383734,27.692112,10.137697,4.0,0.00028659,2,769,0.21502,0.29742,0.52,0.04,100,0.5,0.38889,,,-0.01,0.0087,0.00136,-0.02305,-0.00161,-0.00582,0.10445
133,136192,20.34358,354.8,0.4,0.34,1.187014,-0.002462,0.047567,0.003972,0.231397,0.050258,0.684347,27.486162,8.943437,28.086859,10.287867,4.0,0.00028648,5,747,0.2182,0.2883,0.54,0.04,100,1.0,0.30769,,,-0.01,0.00973,0.0003,-0.02286,-0.00279,-0.01117,0.19437
134,137216,28.05373,312.5,0.5,0.34,1.226008,-0.004775,0.023743,0.00363,0.227316,0.043073,0.817579,29.016479,8.83349,28.882967,9.635253,4.0,0.00028638,2,761,0.23264,0.3023,0.54,0.04,100,1.0,0.3125,,,-0.01,0.00829,0.00068,-0.02324,-0.00204,-0.0044,0.10097
135,138240,46.69571,298.0,0.8,0.35,1.07406,-0.003211,0.074543,0.002566,0.371913,0.024658,0.569882,28.294956,8.564591,30.513136,10.893725,4.0,0.00028628,5,779,0.21902,0.29218,0.55,0.04,100,1.0,0.33333,,,-0.01,0.00829,2e-05,-0.01887,0.0009,-0.00712,0.41049
136,139264,54.42501,408.0,1.0,0.36,1.145124,-0.004266,0.023537,0.003697,0.249256,0.051897,0.730429,29.713877,7.777915,29.375624,7.919963,4.0,0.00028618,1,784,0.24858,0.31771,0.54,0.04,100,1.0,0.25,,,-0.01,0.00974,0.00303,-0.02513,-0.00735,-0.00261,0.09433
137,140288,14.59749,299.33333,0.33333,0.36,0.95278,-0.002195,0.02565,0.002729,0.172838,0.033936,0.680892,29.919474,6.420804,29.807692,7.586807,4.0,0.00028607,3,821,0.21909,0.28753,0.54,0.04,100,1.0,0.5,,,-0.01,0.00858,0.00027,-0.02191,-0.00162,-0.00746,0.1083
138,141312,36.29587,397.33333,0.66667,0.37,0.952744,-0.003107,0.027271,0.003594,0.199978,0.050084,0.711817,30.028172,6.955055,30.684965,8.152876,4.0,0.00028597,3,810,0.21694,0.28815,0.55,0.04,100,1.0,0.37037,,,-0.01,0.00744,0.00058,-0.02174,-0.00169,-0.00381,0.22443
139,142336,39.06765,289.66667,0.66667,0.37,1.200293,-0.003753,0.072795,0.00363,0.397875,0.047782,0.530214,29.385572,7.535018,31.877848,10.357784,4.0,0.00028587,6,742,0.19576,0.27772,0.56,0.04,100,1.0,0.29268,,,-0.01,0.00862,0.00265,-0.02429,-0.00409,-0.009,0.36946
140,143360,47.69108,230.5,0.75,0.39,0.896629,-0.002341,0.059481,0.002627,0.379264,0.030204,0.447895,31.151804,6.616446,33.364086,8.665822,4.0,0.00028577,4,814,0.17304,0.25766,0.54,0.05,100,0.75,0.30769,,,-0.01,0.0099,0.00397,-0.01917,-0.00428,-0.00546,0.37292
141,144384,36.44803,206.0,0.6,0.41,1.136616,-0.002006,0.080978,0.002353,0.2144,0.024658,0.478621,33.1035,7.605189,33.626026,10.414944,4.0,0.00028566,5,742,0.18264,0.255,0.5,0.05,100,1.0,0.14286,,,-0.01,0.00999,0.00164,-0.02501,-0.00543,-0.00743,0.29
142,145408,61.44937,258.33333,1.0,0.43,0.957081,-0.002615,0.039584,0.002271,0.298424,0.025705,0.613551,33.749905,6.610864,35.320278,8.382706,4.0,0.00028556,3,807,0.19296,0.24554,0.49,0.05,100,1.0,0.1,,,-0.01,0.00921,0.00058,-0.02006,-0.00351,-0.00642,0.34786
143,146432,43.51538,246.5,0.75,0.44,1.026727,-0.002019,0.052665,0.002277,0.195785,0.021101,0.466333,35.165897,6.397898,35.76231,8.324969,4.0,0.00028546,4,770,0.1905,0.25915,0.47,0.04,100,1.0,0.47619,,,-0.01,0.00814,0.00224,-0.02254,-0.00478,-0.00738,0.29863
144,147456,30.20574,296.0,0.5,0.44,0.979454,-0.005121,0.015058,0.004031,0.281578,0.055664,0.675567,38.517773,5.106127,38.569946,5.767608,4.0,0.00028536,2,836,0.20124,0.26793,0.47,0.04,100,0.5,0.11111,,,-0.01,0.00493,0.00067,-0.02623,-0.00056,-0.00345,0.11823
145,148480,35.40061,356.0,0.66667,0.45,1.099707,-0.003707,0.022302,0.003033,0.198521,0.036795,0.653621,38.82555,6.477646,39.604683,6.821819,4.0,0.00028525,3,793,0.20118,0.26747,0.46,0.04,100,0.66667,0.40909,,,-0.01,0.00677,0.00231,-0.0245,0.00057,-0.00605,0.19179
146,149504,-8.80641,450.0,0.0,0.45,1.452038,-0.006831,0.003102,0.004906,0.332764,0.071568,0.935071,40.555733,6.316651,40.073849,5.973819,4.0,0.00028515,3,725,0.19282,0.24429,0.46,0.04,100,0.66667,0.22581,,,-0.01,0.00753,0.00137,-0.02431,-0.00089,-0.00626,0.0
147,150528,59.55243,270.5,1.0,0.47,1.19953,-0.003715,0.016817,0.005092,0.244359,0.068185,0.70673,40.963909,5.695063,41.334969,6.361168,4.0,0.00028505,2,763,0.20278,0.26803,0.44,0.04,100,0.5,0.42105,,,-0.01,0.00777,-0.0014,-0.02515,-0.00031,-0.00624,0.18209
148,151552,20.92092,301.0,0.4,0.48,1.287982,-0.002239,0.049828,0.004124,0.183475,0.057059,0.459258,40.727367,6.031262,40.586483,8.110454,4.0,0.00028495,5,736,0.177,0.22073,0.43,0.04,100,0.6,0.42424,,,-0.01,0.0063,0.00015,-0.02339,-0.0005,-0.01003,0.16752
149,152576,26.80976,279.75,0.5,0.49,1.271281,-0.003102,0.029954,0.003556,0.205106,0.045724,0.487375,40.988792,5.628065,41.613781,6.500012,4.0,0.00028484,4,729,0.18129,0.23722,0.42,0.04,100,0.75,0.51724,,,-0.01,0.00688,0.00031,-0.02437,-0.00346,-0.00423,0.17836
150,153600,44.00058,222.5,0.75,0.5,0.902588,-0.002432,0.049197,0.002246,0.179491,0.024728,0.376324,40.852905,4.161821,40.573059,7.4729,4.0,0.00028474,4,809,0.18366,0.25171,0.4,0.04,100,0.75,0.4375,,,-0.01,0.00717,-0.00107,-0.01914,-0.00817,-0.01057,0.32833
151,154624,33.51749,289.0,0.6,0.53,0.722942,-0.001961,0.034546,0.002856,0.273547,0.034877,0.388751,38.860332,3.97397,40.237236,6.259104,4.0,0.00028464,5,833,0.12662,0.19508,0.37,0.04,100,0.6,0.32432,,,-0.01,0.00815,-0.0003,-0.0185,-0.00086,-0.00716,0.38494
152,155648,31.05053,138.0,0.5,0.53,0.643658,-0.002493,0.042046,0.002082,0.272926,0.026263,0.374638,42.096626,4.760226,41.089756,6.903176,4.0,0.00028454,2,905,0.17264,0.22712,0.37,0.04,100,1.0,0.6,,,-0.01,0.00522,-0.00121,-0.02124,-0.00761,-0.00676,0.15113
153,156672,41.62839,215.66667,0.66667,0.54,0.736566,-0.001638,0.04904,0.001572,0.220989,0.009138,0.431293,41.362293,4.536893,41.721172,7.936834,4.0,0.00028444,6,846,0.15434,0.2125,0.35,0.04,100,0.83333,0.55556,,,-0.01,0.00715,-0.00017,-0.01746,0.00106,-0.01145,0.4906
154,157696,36.63559,314.2,0.6,0.56,0.916897,-0.002108,0.025639,0.002563,0.215907,0.02546,0.540618,41.559124,4.715176,42.595745,6.279353,4.0,0.00028433,5,786,0.16485,0.22249,0.34,0.04,100,1.0,0.27273,,,-0.01,0.00673,-0.00125,-0.02058,0.00118,-0.0049,0.31154
155,158720,46.96353,181.5,0.75,0.59,0.846578,-0.002248,0.042577,0.001596,0.156654,0.015241,0.511786,42.82053,5.735153,42.527699,7.955883,4.0,0.00028423,4,818,0.17886,0.22574,0.31,0.04,100,0.75,0.53333,,,-0.01,0.00475,-0.00043,-0.02259,-0.00502,-0.00547,0.33343
156,159744,29.88638,136.5,0.5,0.6,0.823882,-0.001723,0.029754,0.00209,0.233398,0.019427,0.641342,42.423954,5.650281,41.510395,7.733688,4.0,0.00028413,2,844,0.18027,0.22693,0.29,0.04,100,1.0,0.0,,,-0.01,0.00743,-0.00158,-0.02016,-0.0026,-0.00576,0.12018
157,160768,41.04746,270.0,0.66667,0.61,0.809822,-0.002511,0.04252,0.002378,0.29813,0.027972,0.505766,39.855427,5.827246,41.290222,7.804598,4.0,0.00028403,6,805,0.13712,0.18906,0.29,0.03,100,1.0,0.33333,,,-0.01,0.00669,-0.00113,-0.02279,-0.0022,-0.00888,0.44857
158,161792,22.956,275.6,0.4,0.61,0.783165,-0.002179,0.046392,0.002348,0.274306,0.021624,0.487045,42.320961,6.166323,41.615284,8.10994,4.0,0.00028392,5,831,0.1685,0.22691,0.28,0.03,100,0.8,0.25,,,-0.01,0.00527,-0.00029,-0.02249,-0.00321,-0.01002,0.24504
159,162816,65.62773,174.33333,1.0,0.62,0.842542,-0.002483,0.032672,0.002637,0.197752,0.026053,0.468921,42.509697,5.585802,43.137947,6.692982,4.0,0.00028382,3,834,0.18326,0.23603,0.27,0.03,100,1.0,0.11111,,,-0.01,0.00567,-0.00231,-0.02318,-0.00026,-0.00518,0.35053
160,163840,42.91874,300.0,0.75,0.63,0.803809,-0.002089,0.028128,0.002162,0.149429,0.023682,0.456006,41.99157,4.890254,42.487537,6.199947,4.0,0.00028372,4,821,0.18643,0.26232,0.26,0.03,100,1.0,0.69231,,,-0.01,0.00694,-0.00241,-0.01923,-0.00828,-0.00941,0.34368
161,164864,49.01983,255.2,0.8,0.63,0.691415,-0.0019,0.031711,0.001464,0.207871,0.016915,0.430768,42.694485,4.270607,43.857891,6.370163,4.0,0.00028362,5,854,0.18126,0.23843,0.26,0.03,100,1.0,0.68182,,,-0.01,0.00609,-0.00262,-0.0136,-0.00141,-0.00724,0.53499
162,165888,44.886,168.16667,0.66667,0.64,0.745781,-0.001969,0.067736,0.001029,0.180903,0.009138,0.230565,43.118748,4.19721,43.92791,8.123592,4.0,0.00028351,6,809,0.14883,0.21231,0.25,0.01,100,1.0,0.33333,,,-0.01,0.00664,-0.00035,-0.01227,0.00148,-0.00888,0.48806
163,166912,44.98082,228.33333,0.66667,0.65,0.845242,-0.003386,0.028832,0.003449,0.298316,0.045864,0.484164,44.9907,3.904036,46.291752,6.411291,4.0,0.00028341,6,803,0.14315,0.20951,0.24,0.01,100,0.83333,0.52632,,,-0.01,0.00696,-0.0011,-0.0171,-0.00074,-0.00587,0.45335
164,167936,54.82914,110.8,0.8,0.65,0.75111,-0.001283,0.057441,0.003089,0.166548,0.040423,0.363079,46.051819,4.259435,46.574333,8.223466,4.0,0.00028331,5,820,0.13575,0.20325,0.23,0.01,100,0.8,0.5,,,-0.01,0.00664,0.00044,-0.01773,4e-05,-0.00574,0.49817
165,168960,46.00665,216.0,0.66667,0.65,0.680578,-0.003399,0.010209,0.002222,0.219638,0.026925,0.826785,47.164223,5.997657,47.141357,6.724487,4.0,0.00028321,3,877,0.14734,0.20748,0.24,0.01,100,0.66667,0.5,,,-0.01,0.00596,-0.00068,-0.01684,0.00399,-0.0036,0.29047
166,169984,50.64295,191.5,0.75,0.65,0.584631,-0.002309,0.020568,0.003396,0.15744,0.04841,0.634861,46.976807,5.549885,47.111965,6.532397,4.0,0.0002831,4,900,0.14044,0.20806,0.25,0.01,100,0.75,0.2,,,-0.01,0.00842,-0.00045,-0.01214,-0.00423,-0.00826,0.49079
167,171008,37.27622,300.0,0.6,0.64,0.623591,-0.002268,0.015121,0.001848,0.174358,0.021694,0.697273,47.66872,4.971178,47.982597,6.144064,4.0,0.000283,5,891,0.14755,0.19471,0.27,0.01,100,0.8,0.375,,,-0.01,0.00517,-0.00111,-0.0126,0.00327,-0.00925,0.43912
168,172032,55.45636,167.6,0.8,0.65,0.578821,-0.001826,0.022208,0.001257,0.199816,0.011858,0.541239,48.067574,3.969941,48.936867,6.130591,4.0,0.0002829,5,880,0.13303,0.18502,0.26,0.01,100,0.8,0.66667,,,-0.01,0.00749,0.00018,-0.01371,0.00173,-0.00988,0.61794
169,173056,43.26303,282.33333,0.66667,0.66,0.622475,-0.002151,0.020625,0.001652,0.208417,0.015102,0.462815,48.804375,3.974073,49.682148,5.49831,4.0,0.0002828,6,848,0.12329,0.18179,0.25,0.01,100,0.83333,0.22222,,,-0.01,0.00699,-0.00018,-0.01404,0.00208,-0.01162,0.5265
170,174080,59.39778,151.42857,0.85714,0.69,0.802502,-0.002036,0.023839,0.001731,0.301375,0.016811,0.640342,50.216942,4.999809,52.030293,7.168844,4.0,0.00028269,7,780,0.12122,0.17082,0.23,0.01,100,0.85714,0.4,,,-0.01,0.0074,-3e-05,-0.0172,0.00777,-0.01105,0.6727
171,175104,53.97458,133.11111,0.77778,0.71,0.840853,-0.001235,0.048494,0.001874,0.199645,0.019461,0.543416,51.795612,5.893438,52.37215,9.503078,4.0,0.00028259,9,753,0.11775,0.16473,0.21,0.01,100,0.33333,0.71429,,,-0.01,0.00795,0.00033,-0.01853,0.00106,-0.01092,0.71718
172,176128,59.47699,96.14286,0.85714,0.73,0.774004,-0.0013,0.050262,0.002243,0.163321,0.026297,0.596326,51.564388,7.141735,51.919792,10.016593,4.0,0.00028249,7,785,0.16229,0.17243,0.2,0.02,100,0.85714,0.25,,,-0.01,0.00673,-0.00028,-0.01789,0.0033,-0.02803,0.6934
173,177152,57.93407,171.28571,0.85714,0.74,0.929002,-0.002604,0.024046,0.00163,0.189824,0.01702,0.740787,53.336956,8.965723,54.241665,9.16349,4.0,0.00028239,7,763,0.16715,0.18159,0.19,0.01,100,0.57143,0.5,,,-0.01,0.00582,-0.00054,-0.023,0.00319,-0.0209,0.61742
174,178176,66.40073,125.6,1.0,0.75,0.966248,-0.004018,0.012674,0.003227,0.207383,0.041085,0.824272,56.611431,7.688714,57.495457,8.010539,4.0,0.00028228,5,750,0.1494,0.17897,0.19,0.01,100,0.6,0.25,,,-0.01,0.00475,0.00089,-0.01848,0.00602,-0.00859,0.48173
175,179200,53.4811,213.0,0.85714,0.77,0.774144,-0.002151,0.026046,0.002836,0.166161,0.036203,0.538703,55.174919,7.379955,55.67646,7.180061,4.0,0.00028218,7,782,0.15455,0.21523,0.18,0.01,100,0.85714,0.625,,,-0.01,0.00657,-0.0008,-0.01708,-0.00805,-0.00932,0.66442
176,180224,68.82762,116.8,1.0,0.79,0.872202,-0.002697,0.013784,0.002228,0.166357,0.030552,0.656591,57.668518,5.514969,57.780846,5.983379,4.0,0.00028208,5,800,0.17477,0.2247,0.16,0.01,100,0.8,0.4,,,-0.01,0.00531,-0.00067,-0.02018,-0.00145,-0.00732,0.5579
177,181248,64.01967,204.33333,1.0,0.8,0.691433,-0.003758,0.006313,0.001959,0.224833,0.022984,0.785651,56.696743,4.370908,56.152519,4.916524,4.0,0.00028198,3,830,0.16807,0.22181,0.16,0.01,100,0.33333,0.2,,,-0.01,0.00719,-0.00072,-0.01742,-0.00073,-0.01517,0.37765
178,182272,29.63213,285.33333,0.5,0.78,0.806642,-0.001385,0.040709,0.003059,0.203939,0.035331,0.407026,57.628635,4.80759,56.871166,7.691353,4.0,0.00028188,6,797,0.15175,0.20578,0.17,0.01,100,0.83333,0.5,,,-0.01,0.00715,0.00089,-0.01739,0.00101,-0.00462,0.33737
179,183296,64.41087,189.33333,1.0,0.79,0.925076,-0.003613,0.007515,0.002756,0.265999,0.035958,0.804967,58.499447,5.730772,57.662823,5.627903,4.0,0.00028177,3,815,0.19031,0.25148,0.16,0.01,100,1.0,0.22222,,,-0.01,0.00486,-0.00016,-0.02134,-0.00184,-0.0074,0.32989
180,184320,57.69207,154.83333,0.83333,0.8,0.763768,-0.003036,0.010847,0.00221,0.19288,0.0256,0.658598,56.869053,4.503542,57.036919,5.313208,4.0,0.00028167,6,793,0.15897,0.22372,0.16,0.01,100,1.0,0.0,,,-0.01,0.00962,-0.00081,-0.01572,-0.00509,-0.00926,0.5865
181,185344,34.83837,308.4,0.6,0.79,0.751244,-0.002633,0.006293,0.002526,0.197373,0.029053,0.74859,57.073215,4.409219,56.894886,4.728052,4.0,0.00028157,5,814,0.16663,0.20328,0.17,0.01,100,1.0,0.33333,,,-0.01,0.00859,-0.00058,-0.01613,0.0024,-0.01147,0.34125
182,186368,55.18459,202.0,0.83333,0.8,0.912698,-0.00283,0.010052,0.003078,0.178231,0.04126,0.476294,58.51775,3.686239,58.558723,4.15038,4.0,0.00028147,6,801,0.16469,0.21872,0.17,0.01,100,0.83333,0.0,,,-0.01,0.0073,-7e-05,-0.01757,-0.00372,-0.01165,0.53192
183,187392,68.00673,109.8,1.0,0.82,0.858273,-0.002121,0.009577,0.00223,0.180178,0.025007,0.485033,58.532875,3.046356,58.534607,4.122728,4.0,0.00028136,5,796,0.15346,0.2219,0.15,0.01,100,1.0,0.0,,,-0.01,0.006,-0.00036,-0.01825,-0.00667,-0.00946,0.5544
184,188416,45.88106,243.71429,0.71429,0.82,0.723246,-0.003731,0.006507,0.002552,0.207493,0.030273,0.587516,57.954739,2.861947,57.973015,3.80226,4.0,0.00028126,7,846,0.14404,0.21528,0.15,0.01,100,0.57143,0.0,,,-0.01,0.00638,-0.00048,-0.01655,0.00197,-0.01202,0.63496
185,189440,69.07723,86.5,1.0,0.82,0.648535,-0.003732,0.004669,0.002731,0.270489,0.031773,0.663768,58.308605,2.9594,57.765633,3.491266,4.0,0.00028116,2,844,0.12584,0.18634,0.15,0.01,100,0.5,0.0,,,-0.01,0.00793,-0.00035,-0.01503,-0.00737,-0.00636,0.27417
186,190464,30.99385,207.75,0.5,0.81,0.457333,-0.001069,0.03853,0.001124,0.305703,0.014823,0.219188,56.996895,2.939998,55.079121,6.666212,4.0,0.00028106,4,929,0.11364,0.17083,0.15,0.01,100,0.75,0.5,,,-0.01,0.01038,-0.00122,-0.00832,-0.00839,-0.005,0.36626
187,191488,47.31273,211.85714,0.71429,0.81,0.748964,-0.001295,0.026038,0.00322,0.13689,0.04534,0.420355,56.955059,4.135392,57.196262,6.337544,4.0,0.00028095,7,801,0.11803,0.16999,0.14,0.01,100,0.71429,0.0,,,-0.01,0.00688,-0.00032,-0.01682,0.00144,-0.00664,0.54829
188,192512,45.18244,219.0,0.66667,0.8,0.860806,-0.003671,0.010057,0.002906,0.191953,0.032889,0.608032,57.777668,4.325336,57.654541,4.884538,4.0,0.00028085,6,785,0.12924,0.18859,0.15,0.01,100,0.83333,0.0,,,-0.01,0.00673,0.00054,-0.0185,-0.00209,-0.01006,0.42404
189,193536,66.55667,161.66667,1.0,0.82,0.958959,-0.003696,0.011162,0.003198,0.162972,0.040179,0.397499,57.914639,3.919639,58.137486,4.335277,4.0,0.00028075,6,768,0.14739,0.21667,0.14,0.01,100,1.0,0.0,,,-0.01,0.00646,-0.00013,-0.01769,-0.00304,-0.01024,0.59046
190,194560,64.23949,198.33333,1.0,0.83,0.935863,-0.003,0.007209,0.002433,0.16456,0.028739,0.638042,57.980145,3.539667,58.167274,4.492299,4.0,0.00028065,6,763,0.13841,0.20305,0.14,0.01,100,0.83333,0.2,,,-0.01,0.00624,0.0001,-0.01975,-0.00117,-0.02069,0.5729
191,195584,67.09027,134.25,1.0,0.83,0.953164,-0.005196,0.006679,0.003313,0.245533,0.042236,0.804941,57.88665,4.829706,57.461163,6.003721,4.0,0.00028054,4,777,0.14217,0.1805,0.14,0.01,100,0.75,0.0,,,-0.01,0.00487,0.00052,-0.01845,3e-05,-0.02958,0.41826
192,196608,49.42442,229.0,0.85714,0.83,0.967865,-0.001954,0.038568,0.001889,0.174929,0.021624,0.2145,57.601604,4.311255,57.254036,6.99003,4.0,0.00028044,7,745,0.15263,0.2138,0.13,0.01,100,0.85714,0.1875,,,-0.01,0.00897,2e-05,-0.01688,-0.00601,-0.0181,0.53794
193,197632,66.17216,159.25,1.0,0.83,0.907111,-0.003233,0.007841,0.002146,0.224731,0.023717,0.455589,57.731823,2.854499,57.401386,3.646127,4.0,0.00028034,4,789,0.16332,0.21975,0.13,0.01,100,1.0,0.33333,,,-0.01,0.00722,-0.00059,-0.01328,-0.00078,-0.01329,0.43257
194,198656,63.01315,182.0,1.0,0.83,0.787446,-0.004269,0.0044,0.00279,0.245296,0.035714,0.682126,56.691143,3.089126,56.056824,3.562664,4.0,0.00028024,3,831,0.17011,0.23113,0.13,0.0,100,1.0,0.2,,,-0.01,0.00661,0.00117,-0.01776,-0.00022,-0.0067,0.36264
195,199680,47.26933,253.75,0.75,0.82,0.915131,-0.004018,0.009885,0.00212,0.201989,0.020961,0.514466,55.93103,3.450413,56.360413,4.430447,4.0,0.00028013,8,783,0.14247,0.19094,0.14,0.0,100,0.875,0.1875,,,-0.01,0.00661,0.00036,-0.01806,-0.00229,-0.01354,0.61183
196,200704,68.5313,122.5,1.0,0.82,1.009448,-0.003384,0.007366,0.002467,0.191308,0.024344,0.536612,56.995934,2.845279,57.118771,3.953846,4.0,0.00028003,4,760,0.15067,0.20415,0.14,0.0,100,1.0,0.5,,,-0.01,0.00582,0.00041,-0.01704,-0.0035,-0.00647,0.39124
197,201728,54.16897,211.33333,0.83333,0.84,1.014379,-0.002451,0.008052,0.002643,0.159886,0.030901,0.462052,56.439838,2.884699,56.863529,3.908163,4.0,0.00027993,6,742,0.14764,0.20413,0.13,0.0,100,1.0,0.16667,,,-0.01,0.00781,0.00019,-0.01449,-0.00558,-0.01156,0.48192
198,202752,57.38729,145.5,0.875,0.84,0.832595,-0.001551,0.045344,0.002323,0.160497,0.02417,0.167336,57.289471,3.199808,57.088631,7.308407,4.0,0.00027983,8,765,0.12217,0.17872,0.12,0.0,100,1.0,0.2,,,-0.01,0.00848,0.00135,-0.01408,0.00251,-0.01417,0.74044
199,203776,68.94728,126.33333,1.0,0.86,0.955075,-0.003274,0.007972,0.003505,0.20042,0.045096,0.622546,57.006367,3.193486,57.57262,4.543652,4.0,0.00027972,6,759,0.1306,0.18934,0.1,0.0,100,1.0,0.0,,,-0.01,0.00858,0.00027,-0.01568,-0.00343,-0.01152,0.62277
200,204800,56.02434,174.0,0.85714,0.86,0.957535,-0.000972,0.023695,0.002499,0.135586,0.025844,0.334062,57.590263,3.430125,58.018608,5.877157,4.0,0.00027962,7,747,0.13919,0.1976,0.09,0.0,100,1.0,0.0,,,-0.01,0.00829,0.00073,-0.01379,0.00297,-0.01244,0.59084
201,205824,58.38109,134.57143,0.85714,0.85,1.045762,-0.001238,0.042089,0.000633,0.147585,0.002999,0.174321,58.252258,3.74771,57.825222,7.256728,4.0,0.00027952,7,749,0.16617,0.23275,0.09,0.0,100,0.57143,0.27273,,,-0.01,0.00784,0.00017,-0.0175,0.00266,-0.00968,0.59651
202,206848,68.69768,126.75,1.0,0.87,0.853419,-0.00269,0.013562,0.00191,0.174339,0.019217,0.449849,56.303864,3.194849,56.922729,5.028,4.0,0.00027942,8,772,0.15634,0.21809,0.07,0.0,100,0.875,0.33333,,,-0.01,0.01052,0.00016,-0.01612,-0.00731,-0.01166,0.92179
203,207872,43.70014,142.88889,0.66667,0.88,0.948034,-0.000913,0.057694,0.003157,0.210817,0.035366,0.282619,57.467522,3.474197,56.681599,9.149979,4.0,0.00027932,9,751,0.14327,0.19943,0.05,0.0,100,0.88889,0.14286,,,-0.01,0.0084,0.00089,-0.01498,-0.00221,-0.01134,0.6012
204,208896,69.30186,121.33333,1.0,0.9,1.106617,-0.003169,0.008867,0.002238,0.251499,0.0256,0.650528,58.981991,4.466558,60.501595,4.83771,4.0,0.00027921,9,716,0.14396,0.19961,0.03,0.0,100,0.77778,0.0,,,-0.01,0.00802,0.0001,-0.01903,0.01019,-0.01044,0.78922
205,209920,69.22355,119.25,1.0,0.9,1.035844,-0.002856,0.007918,0.003364,0.212564,0.04126,0.72335,58.914192,5.016877,59.997356,5.465363,4.0,0.00027911,8,728,0.13208,0.18535,0.03,0.0,100,0.75,0.16667,,,-0.01,0.00802,0.00137,-0.01981,0.00418,-0.01022,0.73988
206,210944,56.78767,129.0,0.83333,0.89,0.842377,-0.001206,0.04386,0.002172,0.214826,0.01995,0.211311,60.060894,4.563671,59.110695,7.693364,4.0,0.00027901,6,800,0.16348,0.21609,0.03,0.0,100,0.66667,0.0,,,-0.01,0.00798,0.00071,-0.0149,-0.00341,-0.00786,0.58468
207,211968,56.05418,134.16667,0.83333,0.89,0.901889,-0.000934,0.022039,0.00263,0.143345,0.026402,0.417062,59.926899,3.815337,59.572563,6.17941,4.0,0.00027891,6,794,0.1588,0.20174,0.03,0.0,100,0.5,0.33333,,,-0.01,0.00676,0.00054,-0.01577,0.00661,-0.01228,0.54787
208,212992,53.47076,189.6,0.8,0.88,0.906032,-0.003142,0.004118,0.001986,0.212365,0.017125,0.806901,59.579082,4.066772,59.103481,4.589747,4.0,0.0002788,5,798,0.16215,0.19745,0.04,0.0,100,0.8,0.375,,,-0.01,0.00678,-0.00021,-0.01945,0.00232,-0.00799,0.45434
209,214016,68.0184,135.25,1.0,0.88,0.755941,-0.003092,0.006544,0.002396,0.173852,0.035679,0.719752,58.22678,4.32653,58.088867,4.954209,4.0,0.0002787,4,834,0.16834,0.22391,0.04,0.0,100,0.75,0.0,,,-0.01,0.00989,-0.00063,-0.01364,0.00183,-0.00718,0.53808
210,215040,32.59753,288.0,0.5,0.88,0.737411,-0.003239,0.004025,0.002315,0.197305,0.025356,0.836885,58.254604,4.732298,57.659824,5.048811,4.0,0.0002786,4,844,0.18605,0.22924,0.04,0.0,100,0.5,0.33333,,,-0.01,0.0097,9e-05,-0.01737,-0.00403,-0.00713,0.27597
211,216064,56.18961,199.33333,0.83333,0.87,0.872195,-0.00218,0.007256,0.002206,0.14894,0.028251,0.615079,58.824463,4.232292,59.337879,4.49591,4.0,0.0002785,6,794,0.17606,0.21152,0.05,0.0,100,0.83333,0.0,,,-0.01,0.01092,-0.00011,-0.01531,0.00664,-0.00995,0.58647
212,217088,42.8731,273.33333,0.66667,0.86,1.045602,-0.003352,0.002983,0.002765,0.214238,0.034947,0.831147,60.452297,4.116734,60.175739,4.265631,4.0,0.00027839,6,765,0.17447,0.21829,0.06,0.0,100,1.0,0.28571,,,-0.01,0.0096,0.00012,-0.01523,0.00122,-0.00797,0.41045
213,218112,43.1322,137.33333,0.66667,0.84,1.078198,-0.001052,0.084157,0.00238,0.441486,0.025914,0.267246,59.807034,3.482714,56.958721,11.607791,4.0,0.00027829,9,722,0.15753,0.20699,0.06,0.0,100,0.88889,0.0,,,-0.01,0.01079,0.00043,-0.0168,-0.00011,-0.01065,0.55132
214,219136,68.9923,137.66667,1.0,0.84,1.079326,-0.003619,0.016898,0.004172,0.340409,0.042201,0.748845,57.971294,7.562473,57.977608,8.057804,4.0,0.00027819,6,752,0.16814,0.21756,0.06,0.0,100,1.0,0.0,,,-0.01,0.00725,0.00058,-0.01451,-0.002,-0.00921,0.58556
215,220160,58.37429,133.42857,0.85714,0.84,0.986627,-0.001381,0.036943,0.002399,0.157994,0.027344,0.579252,57.120842,7.19578,56.64267,9.88521,4.0,0.00027809,7,759,0.16789,0.21265,0.06,0.0,100,0.85714,0.33333,,,-0.01,0.01063,-0.00035,-0.01548,0.00238,-0.01086,0.62435
216,221184,66.92712,170.0,1.0,0.85,1.149252,-0.002285,0.014196,0.0039,0.216111,0.043457,0.722869,57.853413,7.498534,58.535027,7.442431,4.0,0.00027798,6,730,0.18106,0.20236,0.06,0.0,100,1.0,0.0,,,-0.01,0.00997,-0.00023,-0.01567,0.00497,-0.00945,0.55702
217,222208,58.94017,144.75,0.875,0.84,1.192156,-0.002048,0.030236,0.003488,0.140553,0.035889,0.482687,59.327156,5.579923,59.242622,7.848316,4.0,0.00027788,8,714,0.20977,0.25216,0.06,0.0,100,0.75,0.0,,,-0.01,0.01013,-0.00047,-0.01783,0.00497,-0.01665,0.61812
218,223232,68.54835,124.0,1.0,0.87,1.134457,-0.002561,0.009924,0.003179,0.197877,0.036307,0.663302,59.296612,5.392979,59.782475,5.679797,4.0,0.00027778,7,726,0.21798,0.27426,0.06,0.0,100,0.85714,0.2,,,-0.01,0.01015,-0.00025,-0.017,0.00361,-0.01375,0.65284
219,224256,66.7103,152.125,1.0,0.87,1.153461,-0.003288,0.008885,0.003155,0.200017,0.032192,0.724349,59.10854,5.497538,59.550152,6.028665,4.0,0.00027768,8,724,0.20344,0.2438,0.06,0.0,100,1.0,0.0,,,-0.01,0.01077,-0.00054,-0.01837,-0.00226,-0.02034,0.72907
220,225280,49.18195,130.25,0.75,0.85,0.923482,-0.001332,0.067326,0.002778,0.270769,0.02853,0.251949,58.443218,4.798678,56.886562,9.920373,4.0,0.00027757,8,785,0.18718,0.23904,0.06,0.0,100,0.875,0.2,,,-0.01,0.00853,-0.00084,-0.0137,-0.00107,-0.01367,0.6569
221,226304,67.92587,150.66667,1.0,0.85,1.039034,-0.002996,0.008671,0.004008,0.205121,0.050677,0.740632,58.951633,5.550484,59.339661,5.951184,4.0,0.00027747,6,739,0.19033,0.24689,0.06,0.0,100,0.83333,0.5,,,-0.01,0.01014,-0.00036,-0.01318,0.00408,-0.01134,0.59283
222,227328,68.45878,145.0,1.0,0.86,0.889235,-0.00293,0.006703,0.003769,0.22499,0.055978,0.797913,58.52372,5.976086,58.282784,6.072993,4.0,0.00027737,3,795,0.17117,0.2155,0.06,0.0,100,0.66667,0.33333,,,-0.01,0.00818,0.00015,-0.0151,0.00064,-0.00596,0.35133
223,228352,48.84998,204.5,0.75,0.85,1.055466,-0.001559,0.034061,0.00336,0.20904,0.0369,0.450132,58.53302,5.138682,57.657436,8.250583,4.0,0.00027727,8,724,0.17284,0.22063,0.07,0.0,100,0.75,0.14286,,,-0.01,0.00801,-0.00063,-0.01636,-0.0027,-0.01302,0.54891
224,229376,65.95188,165.8,1.0,0.86,1.039265,-0.003196,0.007292,0.003693,0.201942,0.053258,0.6675,59.451817,5.13144,59.640965,4.999105,4.0,0.00027716,5,783,0.20797,0.25436,0.06,0.0,100,0.8,0.0,,,-0.01,0.00692,-0.00047,-0.01426,0.00548,-0.01472,0.53257
225,230400,65.75962,183.83333,1.0,0.88,1.084922,-0.003214,0.005324,0.002906,0.200762,0.03418,0.706326,59.27914,4.092573,59.223869,4.505419,4.0,0.00027706,6,760,0.20445,0.2504,0.04,0.0,100,0.5,0.0,,,-0.01,0.00807,-0.00083,-0.01367,-0.00089,-0.00935,0.58895
226,231424,31.00226,220.5,0.5,0.87,0.949345,-0.000742,0.032213,0.003116,0.233616,0.03554,0.339258,58.646587,3.757899,57.364231,7.415356,4.0,0.00027696,4,778,0.18295,0.23191,0.04,0.0,100,0.75,0.0,,,-0.01,0.01045,-0.00023,-0.01614,0.00514,-0.0118,0.21207
227,232448,66.42602,169.25,1.0,0.87,1.19427,-0.00351,0.006129,0.003863,0.231234,0.051618,0.696326,59.489223,4.146578,59.075256,4.518439,4.0,0.00027686,4,749,0.20515,0.25803,0.04,0.0,100,0.5,0.25,,,-0.01,0.00935,-0.00046,-0.0157,-0.00308,-0.01126,0.37555
228,233472,47.4098,243.25,0.75,0.88,1.216448,-0.003026,0.004781,0.004023,0.217857,0.05406,0.766335,58.851238,4.729419,58.371773,4.770144,4.0,0.00027676,4,748,0.23043,0.27919,0.03,0.0,100,0.25,0.0,,,-0.01,0.0084,-0.0002,-0.01802,0.00335,-0.01079,0.28393
229,234496,39.97552,284.83333,0.66667,0.88,1.242953,-0.003438,0.006831,0.004261,0.216652,0.060093,0.508456,57.915497,3.847969,57.701511,4.005718,4.0,0.00027665,6,719,0.21603,0.26811,0.05,0.0,100,0.66667,0.33333,,,-0.01,0.00957,-0.00118,-0.01552,-0.00322,-0.01326,0.35255
230,235520,54.79257,156.83333,0.83333,0.88,1.158531,-0.001006,0.035828,0.002487,0.193434,0.026681,0.26725,57.845852,3.283644,57.127537,7.396039,4.0,0.00027655,6,717,0.18859,0.24022,0.05,0.0,100,0.5,0.4,,,-0.01,0.01004,-0.00052,-0.01478,0.00631,-0.0095,0.45493
231,236544,66.26663,172.71429,1.0,0.89,1.217971,-0.003792,0.00773,0.002652,0.214557,0.02853,0.640353,57.497791,3.902439,57.907513,4.876606,4.0,0.00027645,7,716,0.17971,0.22684,0.05,0.0,100,0.42857,0.125,,,-0.01,0.01056,0.00044,-0.01641,-0.00104,-0.01835,0.61387
232,237568,54.49581,168.0,0.83333,0.88,1.154656,-0.001124,0.034315,0.001142,0.166581,0.006313,0.353497,57.676716,4.368823,57.015984,7.922324,4.0,0.00027635,6,736,0.1888,0.23679,0.05,0.0,100,1.0,0.0,,,-0.01,0.00954,-0.00061,-0.01856,0.0066,-0.00974,0.45512
233,238592,67.65771,145.2,1.0,0.88,1.354224,-0.003759,0.009428,0.003835,0.215801,0.04119,0.408233,58.568108,4.148837,58.527317,4.43018,4.0,0.00027624,5,718,0.19511,0.24449,0.05,0.0,100,0.6,0.0,,,-0.01,0.00808,-8e-05,-0.01724,0.00158,-0.0159,0.419
234,239616,64.89972,178.8,1.0,0.89,1.215709,-0.003409,0.00752,0.003317,0.192199,0.040213,0.477309,57.629387,3.844413,57.621819,4.136997,4.0,0.00027614,5,740,0.21864,0.26607,0.05,0.0,100,0.6,0.3,,,-0.01,0.00787,-0.00161,-0.01816,-0.00296,-0.00962,0.44505
235,240640,54.2745,217.71429,0.85714,0.88,1.11023,-0.004801,0.005348,0.003466,0.224912,0.044503,0.624713,57.768589,3.133571,58.288841,3.958158,4.0,0.00027604,7,734,0.19154,0.23551,0.06,0.0,100,0.57143,0.44444,,,-0.01,0.00912,-0.00044,-0.01396,0.00418,-0.01079,0.54336
236,241664,67.98875,142.0,1.0,0.88,1.017391,-0.004073,0.005079,0.003309,0.266167,0.033517,0.644607,58.446178,2.993651,59.037262,3.998762,4.0,0.00027594,6,759,0.21393,0.26756,0.06,0.0,100,0.33333,0.28571,,,-0.01,0.00887,-0.0012,-0.01622,0.00662,-0.01269,0.59396
237,242688,66.6461,156.6,1.0,0.88,1.014091,-0.003343,0.004829,0.001792,0.210102,0.016044,0.699556,58.674797,3.755834,59.072201,4.222902,4.0,0.00027583,5,761,0.18556,0.22975,0.06,0.0,100,0.4,0.75,,,-0.01,0.00758,-0.00124,-0.0174,0.00609,-0.00915,0.49116
238,243712,57.94027,189.71429,0.85714,0.89,0.993694,-0.002722,0.003829,0.002277,0.211426,0.021205,0.785721,58.434986,3.556148,58.875122,4.494275,4.0,0.00027573,7,754,0.17831,0.21871,0.07,0.0,100,0.28571,0.22222,,,-0.01,0.00895,-0.00032,-0.01813,0.0066,-0.01648,0.581
239,244736,67.5953,130.8,1.0,0.89,0.858413,-0.003277,0.006137,0.002247,0.190995,0.023996,0.623532,59.358276,3.950913,59.769131,4.285474,4.0,0.00027563,5,783,0.1891,0.25108,0.07,0.0,100,0.2,0.0,,,-0.01,0.00828,2e-05,-0.01532,0.00048,-0.00924,0.56445
240,245760,60.14259,135.33333,0.88889,0.89,0.996252,-0.001357,0.038803,0.002559,0.134577,0.028843,0.285592,59.351147,3.75005,59.02951,7.814892,4.0,0.00027553,9,736,0.17072,0.22226,0.07,0.0,100,0.55556,0.0,,,-0.01,0.01006,-0.00049,-0.01667,0.00228,-0.01773,0.75521
241,246784,60.92955,150.88889,0.88889,0.89,1.130502,-0.003292,0.006458,0.002839,0.218724,0.025705,0.685685,59.976276,4.034356,60.917454,4.616835,4.0,0.00027542,9,709,0.15643,0.21612,0.07,0.0,100,0.66667,0.14286,,,-0.01,0.00849,0.00032,-0.01546,0.0058,-0.01036,0.68791
242,247808,60.87832,120.44444,0.88889,0.9,1.002395,-0.001093,0.037326,0.002052,0.134775,0.014683,0.352428,59.367702,4.288496,59.140278,8.178212,4.0,0.00027532,9,729,0.16523,0.21132,0.06,0.0,100,0.44444,0.5,,,-0.01,0.00879,-0.00078,-0.0178,0.00496,-0.01961,0.74721
243,248832,54.00673,104.2,0.8,0.89,1.009082,-0.00177,0.032849,0.003157,0.255483,0.041818,0.516,59.685963,5.109931,58.251854,8.788542,4.0,0.00027522,5,761,0.19337,0.23422,0.06,0.0,100,0.4,0.0,,,-0.01,0.00739,-0.00083,-0.01794,0.00362,-0.02088,0.40291
244,249856,67.35579,141.66667,1.0,0.9,0.931442,-0.002366,0.008278,0.002639,0.189063,0.03275,0.844026,58.789371,8.025731,58.330544,7.918189,4.0,0.00027512,3,800,0.20649,0.24684,0.05,0.0,100,0.66667,0.0,,,-0.01,0.00778,-0.00144,-0.01499,-0.00401,-0.01906,0.33459
245,250880,64.24566,212.66667,1.0,0.92,0.993346,-0.003739,0.009675,0.002073,0.176559,0.022356,0.789978,58.052532,7.306562,57.944099,7.351488,4.0,0.00027501,6,757,0.18785,0.23954,0.03,0.0,100,0.16667,0.5,,,-0.01,0.00911,-0.00096,-0.01826,-0.00371,-0.01808,0.57704
246,251904,45.00322,179.45455,0.72727,0.9,1.16982,-0.001131,0.025911,0.002959,0.140147,0.031878,0.401598,59.34185,4.591549,59.777462,6.9572,4.0,0.00027491,11,706,0.18141,0.22875,0.05,0.0,100,0.27273,0.55556,,,-0.01,0.00859,-0.00137,-0.01811,-0.00406,-0.01805,0.68924
247,252928,68.15405,117.0,1.0,0.9,1.186007,-0.003626,0.005945,0.002549,0.19994,0.023961,0.552118,60.902039,4.003239,61.009678,3.996312,4.0,0.00027481,4,717,0.20209,0.25436,0.05,0.0,100,0.5,1.0,,,-0.01,0.0076,-0.00101,-0.02056,0.0032,-0.01104,0.34878
248,253952,57.67191,170.0,0.88889,0.9,1.119471,-0.001146,0.033877,0.002218,0.168838,0.013881,0.325365,60.469883,3.515125,59.693321,7.781769,4.0,0.00027471,9,737,0.19453,0.23891,0.05,0.0,100,0.11111,0.41667,,,-0.01,0.00896,-0.00112,-0.01817,4e-05,-0.01177,0.70465
249,254976,68.63413,110.5,1.0,0.9,1.235165,-0.003329,0.009361,0.003071,0.223909,0.037912,0.542646,60.424873,4.327806,60.636456,4.772779,4.0,0.0002746,6,701,0.18013,0.23022,0.05,0.0,100,0.33333,0.0,,,-0.01,0.00785,-1e-05,-0.01586,0.00791,-0.01149,0.50285
250,256000,68.47996,123.8,1.0,0.91,1.161197,-0.004109,0.004642,0.002631,0.232147,0.031948,0.849812,59.67342,5.279806,59.497768,5.926935,4.0,0.0002745,5,735,0.18718,0.23342,0.04,0.0,100,0.0,0.0,,,-0.01,0.00968,-0.00033,-0.01503,0.00315,-0.0092,0.45957
251,257024,56.247,208.57143,0.85714,0.9,1.069806,-0.000912,0.029166,0.002085,0.195045,0.016567,0.565737,58.850578,5.689348,58.019062,8.932761,4.0,0.0002744,7,745,0.19266,0.24529,0.04,0.0,100,0.71429,0.2,,,-0.01,0.00932,-0.00153,-0.01311,0.00654,-0.0091,0.55938
252,258048,68.61642,136.28571,1.0,0.9,1.19766,-0.004242,0.008287,0.003643,0.219056,0.048689,0.631292,60.399136,4.915663,60.500141,5.432799,4.0,0.0002743,7,702,0.19554,0.24758,0.04,0.0,100,0.85714,0.66667,,,-0.01,0.0089,-0.00139,-0.01422,5e-05,-0.01389,0.60028
253,259072,68.33651,120.8,1.0,0.91,0.906298,-0.004572,0.007037,0.003748,0.253093,0.049874,0.767699,59.160374,5.329985,58.872906,5.82231,4.0,0.0002742,5,793,0.23095,0.2806,0.03,0.0,100,0.8,0.5,,,-0.01,0.00782,-0.0011,-0.01254,0.00132,-0.01233,0.57692
254,260096,67.5695,134.5,1.0,0.91,0.822902,-0.001631,0.007099,0.001968,0.173176,0.01695,0.68296,58.328102,4.859962,58.080967,5.098689,4.0,0.00027409,4,826,0.24121,0.29869,0.03,0.0,100,0.75,0.0,,,-0.01,0.01082,-0.0015,-0.01208,-0.00123,-0.00826,0.50954
255,261120,47.2629,288.25,0.75,0.89,0.881261,-0.00256,0.005124,0.002634,0.176428,0.028425,0.746161,58.188324,4.434867,58.361027,4.803632,4.0,0.00027399,8,794,0.21719,0.26109,0.05,0.0,100,0.75,0.33333,,,-0.01,0.01103,-0.0016,-0.01156,0.0024,-0.01396,0.6559
256,262144,68.68517,127.8,1.0,0.9,1.150188,-0.003944,0.006116,0.003119,0.192321,0.036551,0.661891,60.441418,4.28329,60.558659,4.571041,4.0,0.00027389,5,726,0.2142,0.27314,0.05,0.0,100,0.6,0.4,,,-0.01,0.00928,-0.00091,-0.01801,0.00358,-0.00887,0.44742
257,263168,58.06977,130.28571,0.85714,0.9,1.140524,-0.001228,0.032596,0.003363,0.184377,0.037493,0.375958,60.17197,4.031093,59.381184,7.980747,4.0,0.00027379,7,716,0.22792,0.27745,0.04,0.0,100,0.71429,0.4,,,-0.01,0.01118,-0.00143,-0.01522,0.00386,-0.01187,0.52302
258,264192,67.49568,156.14286,1.0,0.91,1.105145,-0.003458,0.010629,0.003232,0.225969,0.037074,0.572422,59.784599,4.217133,59.624996,5.218067,4.0,0.00027368,7,735,0.22397,0.26958,0.04,0.0,100,0.28571,0.0,,,-0.01,0.0078,-0.00135,-0.0181,0.00169,-0.01139,0.64303
259,265216,57.18849,107.83333,0.83333,0.91,1.089445,-0.001578,0.026909,0.002434,0.177265,0.021868,0.538132,59.239128,4.760373,58.53043,8.529835,4.0,0.00027358,6,746,0.21472,0.25778,0.04,0.0,100,0.5,0.0,,,-0.01,0.01128,-0.00142,-0.01357,0.00967,-0.00997,0.47468
260,266240,58.29025,195.625,0.875,0.9,1.124569,-0.003289,0.011793,0.003844,0.20472,0.042655,0.639695,59.134209,5.838405,59.110176,6.07288,4.0,0.00027348,8,730,0.20928,0.25333,0.05,0.0,100,0.125,0.42857,,,-0.01,0.01068,-0.00092,-0.01628,0.00134,-0.01585,0.61748
261,267264,68.38229,123.5,1.0,0.92,1.189893,-0.003335,0.008035,0.003529,0.20744,0.040841,0.590524,60.075836,5.477913,60.62273,5.020229,4.0,0.00027338,6,738,0.23134,0.28364,0.04,0.0,100,0.16667,0.0,,,-0.01,0.00996,-0.00073,-0.01692,0.00251,-0.00898,0.54365
262,268288,66.40984,150.22222,1.0,0.93,1.425595,-0.005258,0.005985,0.0055,0.226811,0.072649,0.55506,60.601921,3.181537,60.943401,3.999247,4.0,0.00027327,9,668,0.24041,0.2916,0.03,0.0,100,0.0,0.11111,,,-0.01,0.01014,-0.00118,-0.01795,-0.00134,-0.01824,0.6618
263,269312,66.69633,127.875,1.0,0.94,1.295064,-0.003223,0.00686,0.003191,0.215118,0.036272,0.681456,60.251827,4.344926,60.659119,4.961738,4.0,0.00027317,8,714,0.22494,0.2819,0.03,0.0,100,0.125,0.4,,,-0.01,0.00993,-0.00145,-0.01921,-0.00172,-0.01398,0.68144
264,270336,67.91808,136.66667,1.0,0.94,1.316392,-0.004026,0.004765,0.002969,0.204225,0.029471,0.691643,60.599129,4.122128,60.813698,4.316403,4.0,0.00027307,6,703,0.20858,0.26638,0.03,0.0,100,0.16667,0.33333,,,-0.01,0.01177,-0.00149,-0.017,8e-05,-0.01178,0.49849
265,271360,66.35226,156.2,1.0,0.94,1.104541,-0.004013,0.003216,0.00269,0.22599,0.028006,0.780533,61.028099,3.635526,60.811043,4.051271,4.0,0.00027297,5,755,0.2118,0.26623,0.03,0.0,100,0.0,0.6,,,-0.01,0.00935,-0.00113,-0.01309,0.00245,-0.00685,0.4863
266,272384,67.91541,123.5,1.0,0.94,1.016918,-0.00477,0.001506,0.002587,0.273843,0.031355,0.910428,61.154427,4.030971,60.565735,4.302004,4.0,0.00027286,2,806,0.2374,0.2956,0.03,0.0,100,0.0,0.0,,,-0.01,0.00774,-0.00183,-0.00968,0.00529,-0.00614,0.22868
267,273408,45.60832,279.28571,0.71429,0.93,1.017853,-0.003156,0.002216,0.002768,0.289831,0.032227,0.842653,60.046398,3.76585,59.847664,4.101554,4.0,0.00027276,7,777,0.21251,0.27049,0.05,0.0,100,0.14286,0.5,,,-0.01,0.01135,-0.00125,-0.01452,0.00038,-0.01076,0.49873
268,274432,58.16945,171.71429,0.85714,0.92,1.093675,-0.003453,0.004407,0.003312,0.261757,0.042062,0.73078,60.301155,3.495919,60.417034,4.354168,4.0,0.00027266,7,738,0.21017,0.27086,0.06,0.0,100,0.28571,0.57143,,,-0.01,0.01327,-0.00163,-0.01211,-0.00118,-0.00726,0.5674
269,275456,70.38205,103.42857,1.0,0.92,1.120757,-0.002811,0.004378,0.002481,0.21254,0.023403,0.790936,60.885159,4.032582,61.428387,4.932814,4.0,0.00027256,7,737,0.18393,0.23945,0.06,0.0,100,0.14286,0.5,,,-0.01,0.0138,-0.00062,-0.01365,0.00096,-0.009,0.64396
270,276480,62.03284,153.3,0.9,0.93,1.17592,-0.002678,0.004351,0.003153,0.202624,0.027623,0.733414,61.649109,3.906725,62.162136,4.377807,4.0,0.00027245,10,711,0.20448,0.26022,0.05,0.0,100,0.0,0.55556,,,-0.01,0.01106,-0.00097,-0.01726,0.00267,-0.01448,0.76893
271,277504,65.85891,158.66667,1.0,0.93,1.531703,-0.004385,0.003562,0.003554,0.21896,0.041085,0.624328,64.12336,3.569188,63.876278,3.395611,4.0,0.00027235,6,678,0.23009,0.27155,0.05,0.0,100,0.16667,0.25,,,-0.01,0.01057,-0.001,-0.01699,-0.00013,-0.00971,0.43911
272,278528,67.67311,132.3,1.0,0.94,1.439907,-0.004145,0.002921,0.004335,0.288738,0.056955,0.717957,63.540627,2.879847,63.972115,3.449359,4.0,0.00027225,10,659,0.19026,0.23367,0.05,0.0,100,0.2,0.2,,,-0.01,0.01183,-0.00082,-0.01704,0.00029,-0.01225,0.71193
273,279552,69.57166,82.75,1.0,0.94,1.236861,-0.005168,0.003851,0.004482,0.262903,0.054932,0.675612,63.171978,3.201389,62.818184,3.690502,4.0,0.00027215,4,693,0.20498,0.24802,0.05,0.0,100,0.0,0.0,,,-0.01,0.0117,-0.00035,-0.01685,-0.00155,-0.01135,0.33542
274,280576,61.11017,137.0,0.9,0.95,1.122226,-0.001277,0.030003,0.003102,0.228033,0.032645,0.463371,61.979454,3.911342,61.11356,8.380529,4.0,0.00027204,10,719,0.19485,0.24401,0.04,0.0,100,0.5,0.3,,,-0.01,0.01174,9e-05,-0.01516,-0.00045,-0.01439,0.80073
275,281600,67.46192,148.14286,1.0,0.95,1.210216,-0.003933,0.003238,0.002672,0.201241,0.025774,0.695297,64.222244,3.588226,64.486588,3.502831,4.0,0.00027194,7,700,0.18902,0.23076,0.04,0.0,100,0.42857,0.33333,,,-0.01,0.01266,-0.00097,-0.01379,0.0044,-0.0099,0.56067
276,282624,69.32639,102.16667,1.0,0.95,1.373842,-0.004586,0.002519,0.004316,0.276597,0.055246,0.709405,65.46904,3.109685,65.286133,3.189295,4.0,0.00027184,6,691,0.19049,0.23773,0.04,0.0,100,0.16667,0.0,,,-0.01,0.00967,-0.00122,-0.01233,0.0,-0.01039,0.46527
277,283648,68.00679,135.55556,1.0,0.95,1.195929,-0.004544,0.004292,0.003074,0.242699,0.034773,0.667672,64.5504,3.399077,64.115021,3.856998,4.0,0.00027174,9,689,0.17349,0.22385,0.04,0.0,100,0.33333,0.5,,,-0.01,0.01083,-0.00127,-0.01172,-0.00223,-0.01295,0.7254
278,284672,68.19113,131.9,1.0,0.95,1.252175,-0.002361,0.004062,0.003495,0.211801,0.040004,0.410573,64.858742,3.252656,65.295769,2.998969,4.0,0.00027164,10,682,0.19135,0.23763,0.04,0.0,100,0.6,0.4,,,-0.01,0.01019,4e-05,-0.01715,0.00344,-0.01603,0.75421
279,285696,67.63052,135.0,1.0,0.95,1.389992,-0.004819,0.002848,0.004609,0.258218,0.051862,0.457952,65.697006,2.500557,65.098389,2.524569,4.0,0.00027153,6,682,0.21171,0.26317,0.04,0.0,100,0.16667,0.33333,,,-0.01,0.01031,-0.00109,-0.01334,-0.00064,-0.01569,0.46018
280,286720,66.39001,145.83333,1.0,0.97,1.111601,-0.004619,0.002686,0.002933,0.247311,0.030657,0.712164,64.571983,2.740686,64.078835,3.233994,4.0,0.00027143,6,723,0.19617,0.24016,0.02,0.0,100,0.16667,0.0,,,-0.01,0.01037,-0.00012,-0.01498,0.00516,-0.00974,0.5298
281,287744,68.14325,144.11111,1.0,0.98,1.206317,-0.003481,0.002536,0.002911,0.230738,0.032575,0.590008,64.55471,2.438899,64.803055,2.715832,4.0,0.00027133,9,687,0.19651,0.23783,0.01,0.0,100,0.55556,0.625,,,-0.01,0.01377,-0.00074,-0.01217,0.00328,-0.01438,0.71229
282,288768,69.71794,112.44444,1.0,0.98,1.10167,-0.003601,0.003016,0.002686,0.225102,0.026576,0.60423,64.466408,2.259051,64.380508,3.007822,4.0,0.00027123,9,716,0.22154,0.26766,0.01,0.0,100,0.55556,0.8,,,-0.01,0.01126,-0.00153,-0.01289,-0.0033,-0.01119,0.8197
283,289792,67.49507,143.875,1.0,0.99,1.110343,-0.003533,0.004151,0.003573,0.217268,0.044678,0.709755,63.441345,3.303506,63.396309,4.207752,4.0,0.00027112,8,701,0.21517,0.24303,0.0,0.0,100,0.75,0.71429,,,-0.01,0.01286,-0.00058,-0.01083,-0.00121,-0.02246,0.69733
284,290816,70.0199,118.85714,1.0,0.99,1.075856,-0.005531,0.001698,0.004268,0.270493,0.056396,0.889598,64.192528,3.77416,64.114754,4.490563,4.0,0.00027102,7,713,0.21099,0.24024,0.0,0.0,100,0.57143,0.0,,,-0.01,0.01292,0.00042,-0.0129,0.00423,-0.01652,0.6243
285,291840,55.5247,159.83333,0.83333,0.98,0.979682,-0.000533,0.031833,0.001893,0.240806,0.01838,0.253935,64.594986,2.999634,63.227425,7.494279,4.0,0.00027092,6,748,0.198,0.2427,0.0,0.0,100,0.66667,0.64286,,,-0.01,0.01386,0.00031,-0.00862,0.00154,-0.00965,0.4883
286,292864,37.94044,160.42857,0.57143,0.95,1.045131,-0.001244,0.066817,0.002229,0.537192,0.020752,0.357355,64.725723,3.807908,61.323887,11.984223,4.0,0.00027082,7,732,0.19963,0.24326,0.0,0.0,100,1.0,0.57143,,,-0.01,0.00937,-0.00032,-0.00879,0.00781,-0.01356,0.35657
287,293888,69.08517,135.0,1.0,0.96,1.199274,-0.005597,0.012284,0.003902,0.257542,0.052141,0.586228,65.739929,6.236223,64.60791,6.147117,4.0,0.00027071,8,697,0.22611,0.27837,0.0,0.0,100,0.5,0.0,,,-0.01,0.01064,-0.00022,-0.01139,0.00518,-0.01105,0.64633
288,294912,70.3507,113.66667,1.0,0.96,0.929931,-0.002198,0.008855,0.002159,0.230867,0.023577,0.727207,62.011074,6.04122,61.58437,6.300559,4.0,0.00027061,6,773,0.21461,0.25331,0.0,0.0,100,0.5,1.0,,,-0.01,0.01173,-0.00091,-0.01356,0.00438,-0.01058,0.62245
289,295936,69.44133,129.5,1.0,0.96,0.880787,-0.002727,0.009876,0.00197,0.183599,0.020333,0.621809,60.577808,5.49876,60.536316,5.733887,4.0,0.00027051,8,778,0.21103,0.26151,0.0,0.0,100,0.875,0.0,,,-0.01,0.01146,-0.00084,-0.01244,0.00647,-0.00859,0.88105
290,296960,55.55537,216.83333,0.83333,0.95,0.860355,-0.002663,0.006842,0.002764,0.175911,0.033308,0.673668,60.344036,4.832303,60.211853,5.051208,4.0,0.00027041,6,795,0.21851,0.26212,0.01,0.0,100,0.83333,0.0,,,-0.01,0.01295,-0.00041,-0.01018,-0.00089,-0.01014,0.56609
291,297984,70.01034,125.83333,1.0,0.95,1.094074,-0.003853,0.005943,0.004176,0.212057,0.049177,0.478486,61.683594,3.411762,61.740318,3.761209,4.0,0.0002703,6,713,0.20958,0.24762,0.01,0.0,100,0.5,1.0,,,-0.01,0.01392,-0.00017,-0.00792,0.00011,-0.00763,0.53659
292,299008,40.92801,176.6,0.6,0.93,1.023802,-0.001027,0.031072,0.00258,0.277594,0.026576,0.338201,61.906075,3.347346,60.324184,7.487504,4.0,0.0002702,5,755,0.20893,0.2546,0.02,0.0,100,0.8,0.0,,,-0.01,0.01209,-0.00055,-0.00735,0.00142,-0.00769,0.30141
293,300032,69.30353,135.4,1.0,0.93,1.081567,-0.002612,0.005333,0.00204,0.170166,0.015137,0.553007,61.501076,3.597355,61.469368,3.654348,4.0,0.0002701,5,763,0.2119,0.25417,0.02,0.0,100,0.8,0.5,,,-0.01,0.01341,-0.00109,-0.00653,0.00458,-0.00995,0.49227
294,301056,24.48458,297.0,0.4,0.9,1.270034,-0.000918,0.029199,0.003385,0.317426,0.040492,0.412418,62.568336,3.914216,60.56039,7.702191,4.0,0.00027,5,746,0.27058,0.31277,0.04,0.0,100,0.8,0.6,,,-0.01,0.00816,-0.00198,-0.00633,-0.00066,-0.0056,0.17497
295,302080,68.89541,157.66667,1.0,0.9,1.220844,-0.003983,0.005782,0.003951,0.25147,0.051165,0.531291,61.679752,3.416343,61.646648,3.700778,4.0,0.00026989,6,702,0.25316,0.28833,0.04,0.0,100,0.66667,0.0,,,-0.01,0.01447,-0.00145,-0.00641,0.00331,-0.01021,0.51794
296,303104,50.23936,231.0,0.75,0.89,1.270098,-0.003244,0.005351,0.003599,0.256855,0.040806,0.556066,61.965385,3.750797,61.011955,3.838247,4.0,0.00026979,4,710,0.28054,0.31416,0.05,0.0,100,0.5,0.5,,,-0.01,0.00993,-0.00158,-0.01054,-0.0014,-0.00939,0.25521
297,304128,56.82694,205.0,0.83333,0.88,1.148609,-0.003985,0.005771,0.002819,0.219422,0.032785,0.73345,59.631889,4.925747,59.298515,5.134114,4.0,0.00026969,6,738,0.28743,0.31973,0.06,0.0,100,0.33333,0.0,,,-0.01,0.01161,-0.00163,-0.01102,0.00208,-0.00724,0.47524
298,305152,67.01393,184.0,1.0,0.88,1.182889,-0.003748,0.004168,0.004212,0.23825,0.051583,0.625549,59.9114,3.746944,59.228397,3.683641,4.0,0.00026959,2,726,0.27281,0.3074,0.06,0.0,100,1.0,1.0,,,-0.01,0.00987,-0.00151,-0.01041,-0.00208,-0.00651,0.18133
299,306176,45.76071,228.28571,0.71429,0.86,1.086176,-0.003725,0.005042,0.002807,0.226277,0.032854,0.655347,59.21056,3.299188,59.068462,4.176114,4.0,0.00026948,7,733,0.26802,0.30176,0.08,0.0,100,0.57143,0.375,,,-0.01,0.01043,-0.00171,-0.00654,0.00058,-0.011,0.47472
300,307200,68.25421,155.6,1.0,0.86,1.089846,-0.003908,0.00477,0.002208,0.200878,0.019741,0.686009,59.567238,3.3897,59.545528,4.310946,4.0,0.00026938,5,736,0.28547,0.31742,0.08,0.0,100,0.2,0.0,,,-0.01,0.01054,-0.00138,-0.01074,0.00149,-0.0103,0.47304
301,308224,56.08382,212.5,0.83333,0.85,1.200956,-0.003559,0.00297,0.002803,0.234814,0.02689,0.845099,59.810722,4.026906,59.686401,4.863047,4.0,0.00026928,6,713,0.29032,0.32341,0.09,0.0,100,0.33333,0.0,,,-0.01,0.01073,-0.00224,-0.0131,-0.00027,-0.01027,0.42607
302,309248,37.99179,233.0,0.66667,0.84,1.217526,-0.005478,0.00195,0.004744,0.314816,0.065639,0.900253,60.725838,4.446589,59.866299,4.676416,4.0,0.00026918,3,705,0.276,0.30165,0.1,0.0,100,0.0,0.88889,,,-0.01,0.00881,-0.00096,-0.00987,0.00165,-0.00673,0.17889
303,310272,48.89795,274.0,0.75,0.83,1.163882,-0.003601,0.002043,0.00448,0.226973,0.052176,0.6934,60.899921,2.601614,60.428738,2.779382,4.0,0.00026908,4,739,0.25908,0.29465,0.11,0.0,100,0.25,0.5,,,-0.01,0.01088,-0.00199,-0.00707,0.00222,-0.00935,0.26268
304,311296,64.78873,226.0,1.0,0.86,1.357793,-0.004262,0.002863,0.004113,0.266194,0.048933,0.564958,61.886444,2.473257,61.66412,2.786932,4.0,0.00026897,7,702,0.2953,0.3345,0.11,0.0,100,0.14286,0.33333,,,-0.01,0.0095,-0.00221,-0.01142,0.00029,-0.00949,0.52995
305,312320,66.89737,170.66667,1.0,0.87,1.197421,-0.003219,0.003996,0.003667,0.21159,0.049491,0.572942,60.600918,2.721959,60.727654,3.339468,4.0,0.00026887,6,709,0.2653,0.2999,0.11,0.0,100,0.0,0.8,,,-0.01,0.00809,-0.00151,-0.01261,0.00479,-0.01138,0.48945
306,313344,66.87892,154.66667,1.0,0.87,1.216629,-0.00394,0.002703,0.003372,0.249466,0.032924,0.666059,61.691521,2.641807,61.051548,3.022944,4.0,0.00026877,3,735,0.29545,0.33542,0.11,0.0,100,0.0,1.0,,,-0.01,0.00805,-0.002,-0.0095,0.00265,-0.00918,0.25637
307,314368,64.17778,213.8,1.0,0.87,1.266395,-0.003363,0.003241,0.002907,0.205831,0.030169,0.399693,61.173859,2.427224,60.979919,2.52432,4.0,0.00026867,5,729,0.2583,0.30623,0.11,0.0,100,0.4,0.5,,,-0.01,0.01002,-0.00205,-0.00811,0.00094,-0.01147,0.40903
308,315392,56.71143,169.83333,0.83333,0.86,1.144923,-0.00376,0.004566,0.002867,0.229685,0.034633,0.641225,59.762554,2.810057,59.570557,3.867235,4.0,0.00026856,6,733,0.2538,0.29648,0.12,0.0,100,0.16667,0.375,,,-0.01,0.01115,-0.00156,-0.01183,0.00143,-0.0077,0.44762
309,316416,60.22805,334.0,1.0,0.86,1.164824,-0.0044,0.001931,0.004823,0.312814,0.068638,0.839934,60.035606,3.498851,58.923809,3.434188,4.0,0.00026846,2,764,0.25394,0.28329,0.12,0.0,100,0.0,0.33333,,,-0.01,0.0078,-0.00115,-0.00678,-0.00131,-0.01098,0.17684
310,317440,35.2297,306.6,0.6,0.85,1.197469,-0.001516,0.028743,0.004709,0.240116,0.06679,0.334772,59.338493,3.476979,57.75922,7.13525,4.0,0.00026836,5,744,0.24914,0.28398,0.12,0.0,100,0.4,0.25,,,-0.01,0.00951,-0.00155,-0.01238,-0.0003,-0.01701,0.25103
311,318464,52.64531,202.6,0.8,0.84,1.501696,-0.004034,0.004826,0.004743,0.305278,0.057478,0.679808,58.903339,2.848894,58.070351,4.159668,4.0,0.00026826,5,675,0.26524,0.28249,0.13,0.0,100,0.0,0.0,,,-0.01,0.00896,-0.00133,-0.01297,0.00167,-0.02448,0.29436
312,319488,51.78139,196.28571,0.85714,0.84,1.308295,-0.00457,0.006929,0.003685,0.276165,0.043178,0.77304,57.172886,4.796462,57.410748,6.002059,4.0,0.00026815,7,683,0.24658,0.25538,0.14,0.0,100,0.14286,0.33333,,,-0.01,0.00944,-0.0016,-0.01216,0.0016,-0.0265,0.46381
313,320512,68.98565,118.42857,1.0,0.86,1.162499,-0.0048,0.005883,0.003723,0.247097,0.043422,0.800315,57.710369,4.714826,57.893066,6.041388,4.0,0.00026805,7,713,0.2383,0.25297,0.12,0.0,100,0.0,0.33333,,,-0.01,0.01011,-0.00091,-0.01421,0.0005,-0.01427,0.61124
314,321536,49.7473,218.4,0.8,0.87,1.120108,-0.00307,0.003102,0.002702,0.263035,0.030901,0.894711,58.486538,5.577326,58.565102,6.030332,4.0,0.00026795,5,733,0.26009,0.28911,0.12,0.0,100,0.0,0.9,,,-0.01,0.00962,-0.00208,-0.01195,0.0015,-0.01724,0.35353
315,322560,55.3652,159.0,0.83333,0.86,1.202433,-0.001294,0.027088,0.00413,0.192812,0.056606,0.469532,59.95055,4.383872,59.097492,8.224874,4.0,0.00026785,6,714,0.2557,0.30555,0.12,0.0,100,0.16667,0.5,,,-0.01,0.01043,-0.00116,-0.00923,0.00274,-0.01301,0.43571
316,323584,67.88867,147.16667,1.0,0.87,1.361708,-0.00421,0.004399,0.003761,0.237871,0.041957,0.8792,60.587303,5.85882,60.717461,6.319889,4.0,0.00026774,6,684,0.26063,0.29784,0.11,0.0,100,0.0,0.5,,,-0.01,0.01152,-0.00158,-0.00945,0.00016,-0.01162,0.46291
317,324608,45.68554,218.57143,0.71429,0.86,1.355571,-0.002144,0.020138,0.001999,0.292553,0.011649,0.707085,61.149681,6.435493,59.736294,9.716652,4.0,0.00026764,7,693,0.26127,0.31039,0.11,0.0,100,0.14286,0.25,,,-0.01,0.01011,-0.00128,-0.0101,0.0002,-0.01201,0.39232
318,325632,66.30159,157.8,1.0,0.88,1.330706,-0.003689,0.014287,0.002438,0.325359,0.018938,0.823115,58.871258,8.695871,57.529427,9.650374,4.0,0.00026754,5,702,0.26794,0.3208,0.09,0.0,100,0.2,0.0,,,-0.01,0.00975,-0.00116,-0.01049,-0.00212,-0.01262,0.40304
319,326656,66.59348,155.66667,1.0,0.88,1.202109,-0.00194,0.013636,0.002531,0.201933,0.026995,0.898784,53.954861,13.292323,54.418983,12.88527,4.0,0.00026744,6,732,0.27201,0.31575,0.09,0.0,100,0.16667,0.5,,,-0.01,0.00809,-0.00206,-0.00987,0.00399,-0.01147,0.52017
320,327680,51.83568,187.6,0.8,0.88,1.237372,-0.002541,0.024726,0.003,0.288777,0.03411,0.820043,56.066284,10.823448,54.93681,12.898218,4.0,0.00026733,5,704,0.24178,0.2889,0.08,0.0,100,0.2,0.0,,,-0.01,0.01079,-0.0015,-0.00826,1e-05,-0.01078,0.32777
321,328704,60.45489,149.25,0.875,0.89,1.349929,-0.004537,0.017817,0.004212,0.315511,0.061384,0.828283,56.28297,10.08112,55.715679,10.968708,4.0,0.00026723,8,671,0.25331,0.30132,0.07,0.0,100,0.25,0.5,,,-0.01,0.0112,-0.00084,-0.01007,-0.00085,-0.0154,0.54186
322,329728,68.38841,127.33333,1.0,0.89,1.334163,-0.002949,0.016816,0.00386,0.249312,0.046491,0.804751,54.237278,10.281654,54.952606,10.338168,4.0,0.00026713,6,695,0.24024,0.28741,0.07,0.0,100,0.5,0.16667,,,-0.01,0.01063,-0.00052,-0.00804,0.00033,-0.01002,0.4861
323,330752,59.16364,171.25,0.875,0.88,1.380353,-0.004494,0.008755,0.002916,0.281815,0.028843,0.825556,56.637234,6.871447,57.115475,7.620871,4.0,0.00026703,8,676,0.24197,0.28649,0.08,0.0,100,0.25,0.25,,,-0.01,0.00988,-0.00096,-0.00903,0.00351,-0.01201,0.53978
324,331776,67.38276,183.25,1.0,0.88,1.305339,-0.004692,0.014147,0.003782,0.31102,0.047503,0.651636,57.345852,5.717127,56.043121,6.748159,4.0,0.00026692,4,706,0.26289,0.32241,0.08,0.0,100,0.0,0.5,,,-0.01,0.00924,-0.0018,-0.00536,-0.00322,-0.00973,0.33468
325,332800,57.36265,158.0,0.875,0.88,1.232729,-0.00339,0.024882,0.003146,0.202264,0.039481,0.744995,52.7192,9.456664,53.00605,10.981508,4.0,0.00026682,8,703,0.23261,0.27818,0.07,0.0,100,0.25,0.71429,,,-0.01,0.01103,-0.00091,-0.00858,-0.00133,-0.01785,0.57903
326,333824,65.94211,181.66667,1.0,0.9,1.413817,-0.002349,0.016174,0.003306,0.219298,0.03561,0.589139,55.723965,8.368127,56.743324,7.296679,4.0,0.00026672,6,698,0.29102,0.3278,0.06,0.0,100,0.16667,0.0,,,-0.01,0.00998,-0.00131,-0.00744,0.00163,-0.01135,0.47403
327,334848,67.39346,159.85714,1.0,0.92,1.349953,-0.00415,0.008035,0.003681,0.292609,0.03976,0.676802,56.474895,4.604098,57.429565,5.269408,4.0,0.00026662,7,687,0.2582,0.30794,0.04,0.0,100,0.14286,0.5,,,-0.01,0.01091,-0.00173,-0.00876,0.00047,-0.01396,0.54388
328,335872,68.95395,114.33333,1.0,0.92,1.230041,-0.004516,0.005559,0.003516,0.278555,0.040632,0.823115,57.379463,5.417515,56.967232,6.056449,4.0,0.00026652,3,729,0.25944,0.31165,0.04,0.0,100,0.0,0.0,,,-0.01,0.01123,-0.00098,-0.00425,-0.00049,-0.00633,0.27544
329,336896,47.62202,197.71429,0.71429,0.9,1.190735,-0.001446,0.028873,0.003351,0.173871,0.038818,0.602625,55.830959,6.447665,55.296318,9.206884,4.0,0.00026641,7,743,0.2656,0.31921,0.05,0.0,100,0.14286,0.4,,,-0.01,0.00987,-0.00167,-0.01194,-0.00035,-0.01009,0.46756
330,337920,56.56106,183.66667,0.83333,0.89,1.242176,-0.004492,0.005595,0.003519,0.269354,0.046352,0.875,56.190395,6.460799,56.586052,7.191338,4.0,0.00026631,6,721,0.2307,0.28251,0.06,0.0,100,0.0,1.0,,,-0.01,0.00931,-0.00116,-0.0118,-0.00048,-0.00795,0.4353
331,338944,67.52515,138.0,1.0,0.9,1.362345,-0.002782,0.007565,0.003137,0.200133,0.030831,0.766513,58.109379,6.183956,58.321804,6.235459,4.0,0.00026621,5,699,0.2322,0.28363,0.05,0.0,100,0.0,0.33333,,,-0.01,0.0102,-0.00077,-0.0112,-0.00055,-0.01267,0.3982
332,339968,59.86608,169.33333,0.88889,0.9,1.381279,-0.003604,0.00777,0.003052,0.253098,0.028704,0.797012,58.364662,5.660086,58.900387,6.665525,4.0,0.00026611,9,684,0.20729,0.27234,0.06,0.0,100,0.0,0.54545,,,-0.01,0.01111,-0.00097,-0.01083,-0.00113,-0.01026,0.61076
333,340992,67.85246,137.33333,1.0,0.92,1.414459,-0.00243,0.008933,0.004639,0.284324,0.059047,0.432421,59.690456,4.175769,60.975288,4.312785,4.0,0.000266,9,673,0.21862,0.28651,0.05,0.0,100,0.11111,0.0,,,-0.01,0.01001,-0.00105,-0.00997,0.00089,-0.01021,0.67317
334,342016,69.60172,110.7,1.0,0.92,1.455782,-0.004195,0.004614,0.00409,0.34117,0.04684,0.730211,60.604332,3.67188,61.836163,4.368542,4.0,0.0002659,10,669,0.21495,0.27924,0.05,0.0,100,0.1,0.5,,,-0.01,0.01161,-0.00125,-0.00934,-0.00103,-0.00984,0.73852
335,343040,69.73741,111.71429,1.0,0.93,1.415248,-0.005553,0.002326,0.005242,0.295302,0.067836,0.888798,61.314968,4.448264,61.809513,4.816519,4.0,0.0002658,7,669,0.21052,0.27002,0.05,0.0,100,0.0,1.0,,,-0.01,0.01254,-0.00079,-0.0078,-0.00033,-0.01218,0.52774
336,344064,69.5204,116.0,1.0,0.94,1.368607,-0.006193,0.002171,0.005325,0.296265,0.06965,0.877733,62.334057,4.521899,62.210381,4.68132,4.0,0.0002657,4,706,0.25759,0.31943,0.04,0.0,100,0.0,0.0,,,-0.01,0.00836,-0.00146,-0.00857,0.00115,-0.00786,0.3251
337,345088,67.13408,167.16667,1.0,0.94,1.287327,-0.00479,0.002941,0.004745,0.228278,0.062744,0.845085,61.378296,4.637003,61.670601,4.888475,4.0,0.00026559,6,706,0.2356,0.29745,0.04,0.0,100,0.16667,0.0,,,-0.01,0.00958,-0.00132,-0.00884,0.00052,-0.00805,0.47984
338,346112,57.52527,208.5,0.875,0.94,1.418484,-0.005255,0.002121,0.004787,0.28977,0.065778,0.903799,62.508034,4.868906,62.607273,5.085982,4.0,0.00026549,8,673,0.20948,0.26262,0.04,0.0,100,0.0,0.66667,,,-0.01,0.00922,-0.00115,-0.01001,-0.00035,-0.01151,0.50065
339,347136,68.68329,126.0,1.0,0.94,1.478617,-0.004108,0.003458,0.004378,0.258491,0.048549,0.620834,63.781532,3.433259,63.931126,3.294128,4.0,0.00026539,7,666,0.19845,0.26065,0.04,0.0,100,0.0,0.5,,,-0.01,0.00996,-0.00038,-0.00899,0.00028,-0.01127,0.49207
340,348160,66.87607,149.0,1.0,0.95,1.375948,-0.004903,0.002166,0.004342,0.282953,0.056606,0.860596,63.544922,4.01542,63.243,4.261941,4.0,0.00026529,5,687,0.20313,0.25954,0.04,0.0,100,0.0,0.0,,,-0.01,0.01016,-0.00091,-0.00974,0.00012,-0.0172,0.37482
341,349184,65.49249,160.5,1.0,0.95,1.383154,-0.003386,0.001805,0.002805,0.287982,0.027797,0.911565,63.198555,4.384708,62.910351,4.826017,4.0,0.00026518,8,699,0.20506,0.2787,0.04,0.0,100,0.0,0.0,,,-0.01,0.00881,-0.0008,-0.01111,0.00061,-0.01508,0.60941
342,350208,58.753,166.0,0.875,0.94,1.327546,-0.003517,0.005678,0.004184,0.280434,0.054129,0.732198,62.380322,4.475537,62.258633,4.920388,4.0,0.00026508,8,697,0.18763,0.24291,0.05,0.0,100,0.25,0.0,,,-0.01,0.00854,-0.00081,-0.01154,-0.00277,-0.01134,0.54655
343,351232,68.00469,140.4,1.0,0.95,1.236147,-0.004387,0.002628,0.003821,0.270556,0.045968,0.885767,61.993,4.470597,61.667469,5.123626,4.0,0.00026498,5,715,0.19005,0.23346,0.05,0.0,100,0.0,0.0,,,-0.01,0.00941,-0.00053,-0.01246,-0.00132,-0.0074,0.40241
344,352256,61.34216,125.7,0.9,0.96,1.265491,-0.001254,0.026128,0.002859,0.156858,0.026297,0.498632,62.452114,3.835077,62.199352,8.202308,4.0,0.00026488,10,684,0.15087,0.20802,0.03,0.0,100,0.1,1.0,,,-0.01,0.00871,-0.0006,-0.01012,-0.00084,-0.01426,0.66024
345,353280,67.81419,116.5,1.0,0.96,1.459352,-0.006655,0.003521,0.004724,0.292578,0.065778,0.825541,63.572216,4.395488,63.325146,4.720037,4.0,0.00026477,6,686,0.18368,0.23813,0.03,0.0,100,0.0,0.0,,,-0.01,0.00705,-0.00077,-0.01016,0.00054,-0.01273,0.44565
346,354304,67.26084,150.42857,1.0,0.97,1.430867,-0.003865,0.005973,0.004842,0.233713,0.057722,0.58714,62.896259,4.832562,63.134892,4.349684,4.0,0.00026467,7,685,0.19046,0.2435,0.02,0.0,100,0.14286,0.16667,,,-0.01,0.01036,-4e-05,-0.01002,-0.00074,-0.01092,0.51239
347,355328,67.9659,137.625,1.0,0.97,1.559845,-0.004167,0.00333,0.003239,0.282015,0.034842,0.585991,63.748516,2.65243,63.470867,3.096305,4.0,0.00026457,8,666,0.18971,0.25196,0.02,0.0,100,0.0,0.0,,,-0.01,0.00859,-0.00105,-0.01082,-0.0005,-0.01726,0.55602
348,356352,67.89038,143.42857,1.0,0.97,1.445493,-0.004068,0.002674,0.004364,0.267733,0.044852,0.715991,62.874897,2.771376,62.81139,3.4554,4.0,0.00026447,7,678,0.16731,0.23821,0.02,0.0,100,0.0,1.0,,,-0.01,0.00928,-0.00082,-0.00556,0.00034,-0.01326,0.51007
349,357376,63.67112,194.16667,1.0,0.97,1.454979,-0.003627,0.003724,0.004897,0.216197,0.065081,0.641724,63.001282,3.532762,62.914829,3.46153,4.0,0.00026436,6,683,0.16854,0.23146,0.02,0.0,100,0.0,0.0,,,-0.01,0.00995,-0.00087,-0.00881,0.00054,-0.01168,0.4217
350,358400,68.52672,121.5,1.0,0.97,1.423865,-0.005526,0.002886,0.004942,0.298983,0.067627,0.706485,63.071594,2.542786,63.707874,3.387711,4.0,0.00026426,10,663,0.15388,0.21233,0.02,0.0,100,0.0,0.25,,,-0.01,0.00965,-0.00016,-0.01123,0.0,-0.01231,0.69678
351,359424,69.53566,107.5,1.0,0.97,1.450918,-0.005446,0.002775,0.005284,0.282807,0.067697,0.792297,63.919376,3.359018,63.692417,4.210508,4.0,0.00026416,6,670,0.1705,0.21395,0.02,0.0,100,0.0,0.5,,,-0.01,0.00835,-0.00089,-0.00923,-0.00167,-0.01907,0.43108
352,360448,68.83942,134.57143,1.0,0.98,1.383031,-0.003904,0.003036,0.003584,0.236425,0.044434,0.859061,63.056847,4.433436,62.754616,5.165526,4.0,0.00026406,7,694,0.18283,0.22685,0.01,0.0,100,0.0,0.0,,,-0.01,0.00701,-0.00116,-0.0074,-0.0003,-0.01355,0.54438
353,361472,67.79653,148.5,1.0,0.98,1.30656,-0.002292,0.004308,0.002189,0.168087,0.015799,0.823452,61.698433,5.379725,61.875671,5.548913,4.0,0.00026396,6,704,0.18852,0.24622,0.01,0.0,100,0.16667,0.0,,,-0.01,0.00812,-0.0013,-0.00892,-0.00039,-0.01029,0.47555
354,362496,50.74497,204.0,0.83333,0.97,1.221968,-0.006463,0.003152,0.005048,0.280281,0.06665,0.81259,63.04303,4.004119,62.552738,4.366273,4.0,0.00026385,6,718,0.16484,0.21456,0.02,0.0,100,0.16667,0.5,,,-0.01,0.00829,0.00032,-0.00986,-0.0025,-0.00831,0.41436
355,363520,68.6665,134.5,1.0,0.97,1.149276,-0.00326,0.005968,0.002789,0.221417,0.025146,0.599229,62.357689,3.793923,63.030144,4.161199,4.0,0.00026375,10,708,0.15312,0.20598,0.02,0.0,100,0.3,0.0,,,-0.01,0.00845,0.00016,-0.01001,-0.00372,-0.00955,0.81979
356,364544,68.14695,121.14286,1.0,0.98,1.39441,-0.004861,0.003249,0.005041,0.243861,0.07108,0.408364,64.910133,3.08068,65.082611,2.672787,4.0,0.00026365,7,679,0.15762,0.20352,0.01,0.0,100,0.14286,0.0,,,-0.01,0.00826,-0.00085,-0.01206,-0.00076,-0.00961,0.49698
357,365568,68.39224,121.08333,1.0,0.99,1.46233,-0.005012,0.002669,0.005248,0.320858,0.067487,0.584222,65.100845,2.069335,65.431763,2.689575,4.0,0.00026355,12,658,0.15555,0.21122,0.01,0.0,100,0.0,0.0,,,-0.01,0.01011,-7e-05,-0.01266,0.0,-0.00985,0.8363
358,366592,69.88557,110.375,1.0,0.99,1.372228,-0.00539,0.001574,0.003444,0.27299,0.039411,0.757293,65.21273,2.207392,65.35025,2.780882,4.0,0.00026344,8,663,0.14476,0.18998,0.01,0.0,100,0.0,0.0,,,-0.01,0.00961,-0.00037,-0.00895,-0.0016,-0.0093,0.56228
359,367616,69.66908,113.11111,1.0,0.99,1.120031,-0.002367,0.004544,0.002248,0.17003,0.028425,0.665262,63.589016,3.760944,63.853977,3.990427,4.0,0.00026334,9,710,0.15407,0.21296,0.01,0.0,100,0.33333,0.5,,,-0.01,0.01091,-0.00022,-0.00738,-0.00118,-0.00948,0.78386
360,368640,69.91591,108.66667,1.0,0.99,1.290255,-0.003943,0.001588,0.002363,0.26656,0.016706,0.77161,64.734924,2.323913,65.273048,2.806434,4.0,0.00026324,9,669,0.14603,0.19505,0.01,0.0,100,0.11111,0.0,,,-0.01,0.01103,-0.00085,-0.00719,0.0001,-0.01065,0.66169
361,369664,70.32068,106.42857,1.0,0.99,1.246364,-0.005167,0.002548,0.004323,0.284268,0.050816,0.770607,65.04229,3.054526,64.653877,3.537045,4.0,0.00026314,7,698,0.17026,0.23243,0.01,0.0,100,0.0,0.0,,,-0.01,0.00591,-0.00025,-0.00787,-0.00226,-0.00761,0.57146
362,370688,67.59909,141.14286,1.0,0.99,0.993333,-0.004285,0.001939,0.00397,0.231169,0.050014,0.847819,63.884041,3.410031,63.791531,3.846218,4.0,0.00026303,7,744,0.19095,0.23342,0.01,0.0,100,0.14286,0.0,,,-0.01,0.01011,-0.00111,-0.01141,-0.00019,-0.01161,0.64532
363,371712,67.87203,153.6,1.0,0.99,1.113681,-0.004436,0.001703,0.003128,0.292716,0.035435,0.866213,64.443214,3.442925,63.788418,3.700356,4.0,0.00026293,5,720,0.17717,0.22607,0.01,0.0,100,0.2,0.0,,,-0.01,0.00929,-0.0004,-0.01016,-0.00117,-0.01148,0.42352
364,372736,52.35866,159.33333,0.77778,0.97,1.025118,-0.001278,0.033989,0.002787,0.265219,0.032889,0.363413,63.746273,3.545134,62.482765,7.968788,4.0,0.00026283,9,725,0.14683,0.18597,0.02,0.0,100,0.33333,0.5,,,-0.01,0.01046,-0.00034,-0.00797,-0.00142,-0.00983,0.61627
365,373760,70.24435,100.88889,1.0,0.97,1.144767,-0.003398,0.006196,0.002604,0.239995,0.023124,0.71018,64.719498,4.498863,64.774216,4.737469,4.0,0.00026273,9,697,0.14224,0.19194,0.02,0.0,100,0.11111,0.0,,,-0.01,0.00977,-0.00012,-0.00835,-0.00226,-0.01061,0.72048
366,374784,63.52423,127.54545,0.90909,0.97,1.178416,-0.003111,0.003716,0.002636,0.222141,0.028774,0.759681,64.638878,3.564702,64.941887,4.251232,4.0,0.00026262,11,674,0.14712,0.17926,0.02,0.0,100,0.09091,0.0,,,-0.01,0.01093,-4e-05,-0.00848,0.00035,-0.01541,0.76997
367,375808,68.75404,105.44444,1.0,0.97,1.156597,-0.003646,0.002909,0.003099,0.234926,0.038156,0.822432,64.445412,3.730729,64.754036,4.2812,4.0,0.00026252,9,681,0.14328,0.17765,0.02,0.0,100,0.11111,1.0,,,-0.01,0.00875,-3e-05,-0.01017,-0.00178,-0.01542,0.67664
368,376832,63.70125,97.0,0.90909,0.96,1.190377,-0.001761,0.029296,0.003155,0.153566,0.037598,0.466242,65.469254,3.864865,65.050003,8.412729,4.0,0.00026242,11,679,0.14699,0.18112,0.02,0.0,100,0.09091,0.0,,,-0.01,0.0107,-0.0005,-0.00777,-0.00058,-0.01054,0.74526
369,377856,70.01737,101.09091,1.0,0.96,1.318539,-0.003716,0.002386,0.002707,0.262186,0.029994,0.810393,66.721321,4.276701,67.147789,3.666789,4.0,0.00026232,11,661,0.17746,0.21247,0.02,0.0,100,0.0,0.0,,,-0.01,0.01001,-0.00075,-0.00743,0.0,-0.00952,0.77376
370,378880,70.17477,100.85714,1.0,0.96,1.193664,-0.004251,0.005738,0.004921,0.268272,0.072335,0.715076,66.079964,4.891474,65.8312,4.950669,4.0,0.00026221,7,672,0.15457,0.18438,0.02,0.0,100,0.0,0.0,,,-0.01,0.0101,-6e-05,-0.00805,-0.00013,-0.0115,0.51329
371,379904,70.34629,102.54545,1.0,0.96,1.238103,-0.004845,0.004776,0.00419,0.250322,0.062674,0.845855,64.662781,5.758344,64.970413,6.006581,4.0,0.00026211,11,693,0.1631,0.19932,0.02,0.0,100,0.09091,0.0,,,-0.01,0.01016,-0.00048,-0.00799,0.00036,-0.00957,0.85442
372,380928,69.59483,112.7,1.0,0.96,1.165972,-0.002185,0.00317,0.002874,0.20642,0.030343,0.616115,65.907616,3.677866,66.174324,3.29301,4.0,0.00026201,10,677,0.12259,0.16031,0.02,0.0,100,0.1,0.0,,,-0.01,0.00938,-0.00058,-0.0103,-0.00036,-0.01074,0.71654
373,381952,68.67322,111.83333,1.0,0.96,1.305017,-0.004752,0.003924,0.002985,0.286933,0.033273,0.74899,66.495583,3.860884,65.877007,4.167664,4.0,0.00026191,6,683,0.14271,0.18612,0.02,0.0,100,0.0,0.0,,,-0.01,0.00829,-0.00042,-0.00999,-0.0018,-0.00763,0.44151
374,382976,62.34353,128.63636,0.90909,0.95,1.274241,-0.001186,0.022682,0.002414,0.261942,0.028599,0.575135,65.259315,4.215372,64.205261,8.699143,4.0,0.0002618,11,675,0.14841,0.18562,0.02,0.0,100,0.09091,0.0,,,-0.01,0.00948,-0.00102,-0.00546,-0.00137,-0.01051,0.74617
375,384000,69.92172,102.66667,1.0,0.97,1.340493,-0.004237,0.002462,0.002737,0.255043,0.030378,0.593673,66.691429,2.460867,66.575974,2.55552,4.0,0.0002617,9,675,0.14704,0.18652,0.01,0.0,100,0.0,1.0,,,-0.01,0.0078,-0.00045,-0.01063,0.0,-0.01067,0.63262
376,385024,69.57791,105.45455,1.0,0.98,1.300885,-0.004734,0.001808,0.004788,0.330726,0.061384,0.650549,66.684258,2.415593,66.780014,2.512729,4.0,0.0002616,11,668,0.14174,0.17829,0.0,0.0,100,0.0,0.25,,,-0.01,0.01074,-0.00067,-0.00877,0.0,-0.00884,0.7722
377,386048,70.60272,107.375,1.0,0.98,1.337696,-0.005462,0.002539,0.00427,0.245222,0.047607,0.501008,66.387405,2.463561,66.391548,2.492942,4.0,0.0002615,8,671,0.14167,0.1846,0.0,0.0,100,0.0,0.5,,,-0.01,0.00906,-0.00015,-0.00858,0.00038,-0.00625,0.56417
378,387072,70.07051,101.44444,1.0,0.98,1.283717,-0.002663,0.005298,0.003474,0.273386,0.032366,0.859799,64.787308,5.684343,64.493423,6.554351,4.0,0.0002614,9,682,0.16489,0.2053,0.0,0.0,100,0.0,0.2,,,-0.01,0.00965,-0.00032,-0.00879,-0.00127,-0.00859,0.67158
379,388096,70.61806,98.4,1.0,0.99,1.166728,-0.003049,0.002766,0.003273,0.245413,0.041783,0.960872,62.706177,8.675436,63.07608,9.27175,4.0,0.00026129,10,688,0.17463,0.22275,0.0,0.0,100,0.0,0.5,,,-0.01,0.01151,-0.00071,-0.00584,-0.00078,-0.00774,0.77608
380,389120,60.86481,144.375,0.875,0.98,1.219284,-0.00217,0.013965,0.004254,0.177939,0.050014,0.868384,61.792625,11.580272,61.816998,11.359818,4.0,0.00026119,8,699,0.19711,0.24539,0.01,0.0,100,0.125,0.5,,,-0.01,0.00929,-0.00108,-0.00616,-0.00159,-0.00565,0.56069
381,390144,70.95543,98.625,1.0,0.98,1.37881,-0.006349,0.001546,0.004457,0.27146,0.056013,0.745612,66.11348,2.4045,66.182419,2.710222,4.0,0.00026109,8,664,0.17927,0.22642,0.01,0.0,100,0.0,0.5,,,-0.01,0.01204,-0.00038,-0.00639,0.0,-0.00804,0.56338
382,391168,69.6621,126.6,1.0,0.98,1.245319,-0.00435,0.002839,0.006306,0.283105,0.09096,0.7164,65.873482,3.234726,66.008675,3.42807,4.0,0.00026099,10,667,0.15876,0.20169,0.01,0.0,100,0.0,0.0,,,-0.01,0.01152,-0.00013,-0.00703,-0.00068,-0.00742,0.70376
383,392192,70.1907,113.55556,1.0,0.98,1.341948,-0.003539,0.001924,0.002893,0.218167,0.027065,0.75049,66.454933,3.392895,66.598709,3.131911,4.0,0.00026088,9,676,0.18405,0.23207,0.01,0.0,100,0.0,0.0,,,-0.01,0.01115,-0.00076,-0.00774,0.00041,-0.0118,0.64472
384,393216,69.86828,109.66667,1.0,0.98,1.481417,-0.004981,0.007944,0.003691,0.343916,0.04248,0.800793,65.510971,5.803741,63.980686,7.045564,4.0,0.00026078,6,681,0.23809,0.29553,0.01,0.0,100,0.0,1.0,,,-0.01,0.00699,-0.00149,-0.00812,-0.00252,-0.01301,0.44041
385,394240,68.79469,142.83333,1.0,0.98,1.170776,-0.003412,0.007861,0.004021,0.233361,0.061454,0.938519,59.259159,12.595405,58.89254,12.556667,4.0,0.00026068,6,712,0.19707,0.24408,0.01,0.0,100,0.0,0.33333,,,-0.01,0.01091,-0.00075,-0.00516,-0.00083,-0.01103,0.48765
386,395264,59.87932,154.875,0.875,0.98,1.219966,-0.004432,0.006216,0.003853,0.2951,0.043422,0.96086,58.533245,13.336671,58.092793,13.686829,4.0,0.00026058,8,713,0.17875,0.23163,0.02,0.0,100,0.25,0.0,,,-0.01,0.01001,-0.0003,-0.00664,-0.00136,-0.01391,0.57464
387,396288,66.48483,148.0,1.0,0.98,1.356399,-0.003979,0.007449,0.004874,0.272499,0.063756,0.44794,63.412193,4.381842,63.567078,4.122941,4.0,0.00026047,9,675,0.17453,0.22417,0.02,0.0,100,0.11111,0.16667,,,-0.01,0.0115,-0.00078,-0.00482,0.00062,-0.01252,0.63876
388,397312,69.45128,109.7,1.0,0.98,1.339498,-0.004055,0.003341,0.003939,0.335235,0.048828,0.616665,63.998894,2.441912,64.482445,3.267103,4.0,0.00026037,10,669,0.17632,0.227,0.02,0.0,100,0.0,0.5,,,-0.01,0.01049,-0.0009,-0.00805,-0.00101,-0.01133,0.71295
389,398336,69.9318,115.2,1.0,0.98,1.399096,-0.004246,0.002477,0.004742,0.29308,0.061558,0.746088,64.591698,3.256479,65.145813,3.310486,4.0,0.00026027,10,670,0.1989,0.25635,0.02,0.0,100,0.0,0.0,,,-0.01,0.01267,-0.00096,-0.00346,0.00035,-0.01027,0.72304
390,399360,70.61177,105.5,1.0,0.98,1.427338,-0.004294,0.001968,0.004004,0.255655,0.048933,0.785326,65.66066,3.038303,65.596832,3.211575,4.0,0.00026017,6,663,0.18719,0.23877,0.02,0.0,100,0.0,0.0,,,-0.01,0.01211,-0.00083,-0.00274,0.00081,-0.00975,0.42782
391,400384,69.91155,118.0,1.0,0.98,1.47376,-0.003961,0.002365,0.005321,0.263197,0.067313,0.851608,65.060982,3.790149,64.949944,4.202491,4.0,0.00026006,9,665,0.20535,0.26912,0.02,0.0,100,0.11111,0.0,,,-0.01,0.01023,-0.00096,-0.00311,-0.00063,-0.01092,0.65853
392,401408,69.80809,124.875,1.0,0.99,1.298792,-0.004017,0.005389,0.004329,0.220573,0.05528,0.710138,63.565639,4.270702,63.527859,4.604057,4.0,0.00025996,8,681,0.18683,0.2374,0.01,0.0,100,0.125,0.33333,,,-0.01,0.01534,-0.00072,-0.00322,-0.00155,-0.00829,0.62265
393,402432,70.29173,120.71429,1.0,0.99,1.16421,-0.003846,0.004094,0.003917,0.240963,0.052595,0.893,62.312927,5.965111,62.125122,6.571531,4.0,0.00025986,7,729,0.18416,0.24423,0.01,0.0,100,0.0,0.0,,,-0.01,0.01286,-0.00057,-0.005,-0.00263,-0.00972,0.63085
394,403456,59.08479,157.71429,0.85714,0.98,1.406094,-0.00153,0.025895,0.003397,0.236933,0.030901,0.522419,64.471939,4.176973,63.319725,8.388183,4.0,0.00025976,7,676,0.17851,0.24301,0.01,0.0,100,0.28571,0.0,,,-0.01,0.01067,-0.00076,-0.00648,0.0004,-0.00873,0.45226
395,404480,70.12099,119.0,1.0,0.98,1.504106,-0.004175,0.002298,0.003346,0.309963,0.038086,0.914463,63.688324,5.093704,63.597263,5.336096,4.0,0.00025965,8,670,0.20418,0.27344,0.01,0.0,100,0.0,0.0,,,-0.01,0.01101,-0.00091,-0.00336,0.00057,-0.00608,0.601
396,405504,68.36438,158.66667,1.0,0.98,1.459237,-0.003842,0.005932,0.005062,0.249266,0.065151,0.572608,64.06279,4.673963,64.370415,4.177702,4.0,0.00025955,9,661,0.17381,0.22978,0.01,0.0,100,0.0,0.0,,,-0.01,0.01202,-0.00068,-0.00502,-0.00016,-0.00798,0.63554
397,406528,70.57744,106.71429,1.0,0.98,1.380972,-0.003883,0.007418,0.00362,0.264123,0.041992,0.767894,63.118286,5.205507,62.573799,6.069078,4.0,0.00025945,7,675,0.16136,0.22731,0.01,0.0,100,0.0,0.0,,,-0.01,0.01033,-0.00037,-0.00593,-0.00126,-0.00698,0.52644
398,407552,69.58691,114.9,1.0,0.99,1.392796,-0.00368,0.008143,0.00514,0.262205,0.067487,0.509032,62.376614,5.350454,63.325153,4.605358,4.0,0.00025935,10,682,0.15161,0.21831,0.0,0.0,100,0.3,0.0,,,-0.01,0.00966,-0.00033,-0.00918,-0.00032,-0.0082,0.75954
399,408576,69.85875,116.2,1.0,0.99,1.406764,-0.005986,0.002264,0.005255,0.320566,0.060407,0.752785,65.039146,2.553955,65.358749,3.193464,4.0,0.00025924,10,665,0.14554,0.20302,0.0,0.0,100,0.0,0.0,,,-0.01,0.01229,-0.00044,-0.00583,-0.00061,-0.00914,0.71232
400,409600,70.50061,108.71429,1.0,0.99,1.355015,-0.002525,0.004301,0.002324,0.207137,0.018659,0.511896,64.835457,3.050757,64.809868,3.196311,4.0,0.00025914,7,673,0.15463,0.20539,0.0,0.0,100,0.14286,1.0,,,-0.01,0.01214,-0.00039,-0.00406,-0.00047,-0.00721,0.52043
401,410624,70.05973,122.75,1.0,0.99,1.39744,-0.004759,0.003948,0.004406,0.241181,0.060931,0.778056,64.281616,3.960162,64.098503,4.576265,4.0,0.00025904,8,673,0.1646,0.22513,0.0,0.0,100,0.25,0.0,,,-0.01,0.0108,-0.00059,-0.00447,-0.00133,-0.01164,0.61199
402,411648,71.29712,100.77778,1.0,0.99,1.196666,-0.003314,0.003471,0.002457,0.236619,0.023403,0.869735,63.039806,4.706851,62.976906,5.647655,4.0,0.00025894,9,696,0.15229,0.20951,0.0,0.0,100,0.0,0.0,,,-0.01,0.01368,-0.00047,-0.00267,-0.00313,-0.00869,0.75706
403,412672,48.57974,163.28571,0.71429,0.97,1.06711,-0.001819,0.029534,0.002017,0.234062,0.02117,0.603772,61.773964,6.02168,60.388283,9.445576,4.0,0.00025884,7,739,0.13259,0.19614,0.01,0.0,100,0.28571,1.0,,,-0.01,0.0127,-0.0001,-0.00141,-0.00079,-0.0052,0.47179
404,413696,62.62376,137.66667,0.88889,0.96,1.334847,-0.00167,0.029268,0.001926,0.175124,0.016288,0.468338,64.497856,5.225078,64.220154,7.823472,4.0,0.00025873,9,673,0.13283,0.19037,0.01,0.0,100,0.33333,0.0,,,-0.01,0.01321,-1e-05,-0.00317,-0.00289,-0.00672,0.59666
405,414720,70.64558,109.22222,1.0,0.96,1.474422,-0.004306,0.005933,0.003578,0.24529,0.041085,0.462458,65.241432,3.766377,65.391403,3.657231,4.0,0.00025863,9,660,0.14628,0.20288,0.01,0.0,100,0.11111,0.0,,,-0.01,0.01168,-0.00048,-0.00286,-0.0005,-0.00626,0.64454
406,415744,70.61175,127.0,1.0,0.97,1.41635,-0.004082,0.003937,0.004513,0.255123,0.055943,0.736166,64.472763,4.26011,64.752563,4.242994,4.0,0.00025853,9,673,0.14708,0.21141,0.01,0.0,100,0.22222,0.0,,,-0.01,0.01392,-0.00069,-0.00111,-0.0011,-0.00807,0.6661
407,416768,70.33785,117.75,1.0,0.97,1.448632,-0.004527,0.002644,0.005182,0.29733,0.061837,0.676522,65.328644,2.755024,65.347336,3.058277,4.0,0.00025843,8,669,0.14883,0.20926,0.01,0.0,100,0.125,0.0,,,-0.01,0.01231,-0.00043,-0.0018,-0.00012,-0.00966,0.57724
408,417792,70.60177,113.88889,1.0,0.97,1.476581,-0.003534,0.001848,0.005319,0.301621,0.058943,0.739333,66.154892,2.54236,66.347809,2.800749,4.0,0.00025832,9,654,0.14193,0.2058,0.01,0.0,100,0.0,0.0,,,-0.01,0.01279,-0.00023,-0.00084,-0.00041,-0.00639,0.63455
409,418816,70.50259,128.71429,1.0,0.97,1.416984,-0.004264,0.00167,0.003832,0.284727,0.040492,0.855592,66.143311,3.351181,65.74984,3.647621,4.0,0.00025822,7,678,0.1503,0.21175,0.01,0.0,100,0.0,0.0,,,-0.01,0.01219,0.00013,-0.0011,0.00102,-0.00628,0.52475
410,419840,70.7752,119.4,1.0,0.97,1.402885,-0.003028,0.003208,0.00493,0.20892,0.059361,0.628125,65.958992,3.079076,66.104584,3.163531,4.0,0.00025812,10,667,0.13183,0.18938,0.01,0.0,100,0.1,0.0,,,-0.01,0.01149,-0.0004,-0.00592,-0.00016,-0.00641,0.7211
411,420864,69.46356,134.875,1.0,0.97,1.431258,-0.003407,0.003373,0.004196,0.243255,0.043492,0.638364,65.653542,3.46082,65.52739,3.319737,4.0,0.00025802,8,662,0.14637,0.21297,0.01,0.0,100,0.125,0.0,,,-0.01,0.01298,-4e-05,-0.0034,-0.00051,-0.00495,0.58118
412,421888,70.7545,136.5,1.0,0.97,1.38583,-0.006945,0.002028,0.006696,0.320996,0.09389,0.7395,65.341858,2.736078,64.812317,2.887222,4.0,0.00025791,4,706,0.17472,0.25725,0.01,0.0,100,0.0,0.0,,,-0.01,0.01084,-0.00035,0.00077,0.00269,-0.00278,0.32484
413,422912,70.27629,134.91667,1.0,0.97,1.325165,-0.004806,0.002548,0.006502,0.273548,0.077846,0.623143,64.835648,2.152506,65.229446,2.810934,4.0,0.00025781,12,675,0.13146,0.20547,0.01,0.0,100,0.16667,0.0,,,-0.01,0.01065,-2e-05,-0.00757,6e-05,-0.00735,0.87974
414,423936,70.80578,98.11111,1.0,0.97,1.390019,-0.004133,0.002335,0.006474,0.360138,0.090262,0.69837,65.076576,2.336797,65.447868,2.923872,4.0,0.00025771,9,659,0.15368,0.21284,0.01,0.0,100,0.11111,0.0,,,-0.01,0.01283,-0.00041,-0.00629,-0.00098,-0.00467,0.65572
415,424960,71.05865,108.42857,1.0,0.99,1.326394,-0.004592,0.002104,0.00423,0.288004,0.056152,0.797764,65.292076,3.027912,65.14238,3.484547,4.0,0.00025761,7,678,0.15089,0.21575,0.0,0.0,100,0.14286,0.0,,,-0.01,0.0108,-4e-05,-0.00134,-0.00278,-0.0052,0.54324
416,425984,59.4061,146.28571,0.85714,0.99,1.315992,-0.001883,0.030738,0.003625,0.29745,0.038225,0.458472,64.88884,3.952566,63.470646,8.309982,4.0,0.0002575,7,687,0.17165,0.24431,0.0,0.0,100,0.28571,0.5,,,-0.01,0.01112,-0.00047,-0.00161,-0.00122,-0.00425,0.48203
417,427008,69.83798,138.9,1.0,0.99,1.441923,-0.003613,0.003661,0.004446,0.289566,0.065499,0.780963,65.093796,4.689382,65.476967,4.099527,4.0,0.0002574,10,669,0.18655,0.26297,0.0,0.0,100,0.1,0.0,,,-0.01,0.01089,-0.00083,-0.00151,0.00033,-0.00734,0.73228
418,428032,70.93422,111.11111,1.0,0.99,1.417303,-0.003429,0.002247,0.003127,0.253326,0.029541,0.740895,65.695114,2.682705,65.837845,3.091629,4.0,0.0002573,9,658,0.14544,0.21453,0.0,0.0,100,0.0,0.5,,,-0.01,0.01219,-0.00043,-0.00327,0.00043,-0.0048,0.64215
419,429056,71.14856,110.8,1.0,0.99,1.436557,-0.003717,0.00337,0.004059,0.228354,0.048968,0.651192,65.445686,3.472055,65.202393,3.3766,4.0,0.0002572,5,689,0.17377,0.25209,0.0,0.0,100,0.0,0.0,,,-0.01,0.01077,-0.00048,-0.00267,0.00163,-0.00395,0.3809
420,430080,68.83821,171.875,1.0,0.99,1.421944,-0.004605,0.002098,0.00389,0.299683,0.051653,0.633037,65.472961,2.403689,65.343185,2.528109,4.0,0.00025709,8,672,0.15282,0.22199,0.0,0.0,100,0.0,0.0,,,-0.01,0.01062,-0.00049,-0.00368,0.00054,-0.00676,0.57057
421,431104,71.5062,93.15385,1.0,0.99,1.373482,-0.004502,0.002246,0.005495,0.295464,0.069231,0.617986,65.866905,1.707006,66.35936,2.682725,4.0,0.00025699,13,650,0.12565,0.20089,0.0,0.0,100,0.0,0.0,,,-0.01,0.01291,-0.00043,-0.00329,-0.00081,-0.00646,0.91845
422,432128,71.72931,93.77778,1.0,0.99,1.261093,-0.003944,0.002694,0.005121,0.254292,0.066511,0.786845,65.373428,3.08765,65.498154,3.762966,4.0,0.00025689,9,669,0.13247,0.2049,0.0,0.0,100,0.0,0.0,,,-0.01,0.01298,0.00029,-0.00082,-0.00094,-0.00425,0.68853
423,433152,70.96203,108.42857,1.0,0.99,1.348724,-0.003405,0.002783,0.002417,0.198926,0.019148,0.6409,66.081337,3.177948,66.10025,3.023469,4.0,0.00025679,7,686,0.14688,0.22477,0.0,0.0,100,0.14286,0.0,,,-0.01,0.01284,-0.00043,-0.00421,0.00018,-0.00398,0.5299
424,434176,71.1293,105.7,1.0,0.99,1.273507,-0.004104,0.002227,0.004215,0.260128,0.053955,0.816153,65.324409,2.893604,65.127953,4.067688,4.0,0.00025668,10,681,0.14949,0.22867,0.0,0.0,100,0.0,0.0,,,-0.01,0.01141,-0.00035,-0.00515,0.0,-0.02046,0.75591
425,435200,70.20166,140.71429,1.0,0.99,1.296567,-0.00476,0.003325,0.004192,0.286733,0.047991,0.844662,65.099609,4.285416,64.491074,5.099804,4.0,0.00025658,7,686,0.16258,0.24677,0.0,0.0,100,0.14286,0.0,,,-0.01,0.01203,-0.00106,-0.00529,-0.00125,-0.01626,0.52744
426,436224,70.2527,122.77778,1.0,0.99,1.145711,-0.003595,0.00411,0.002879,0.235834,0.026507,0.860941,63.191349,5.322867,63.284672,5.981211,4.0,0.00025648,9,699,0.14494,0.2206,0.0,0.0,100,0.11111,0.0,,,-0.01,0.01297,-0.00053,-0.00571,0.00134,-0.01517,0.71866
427,437248,58.36469,146.22222,0.88889,0.98,1.353573,-0.004268,0.001869,0.003045,0.255729,0.033098,0.908995,66.014046,4.490719,66.066124,4.936738,4.0,0.00025638,9,666,0.14466,0.20692,0.01,0.0,100,0.11111,1.0,,,-0.01,0.01358,-0.00054,-0.0021,0.00075,-0.01334,0.57018
428,438272,54.56418,108.66667,0.77778,0.97,1.107151,-0.001075,0.04788,0.001683,0.35776,0.006173,0.502687,64.520561,5.112704,61.789543,11.502913,4.0,0.00025628,9,693,0.13068,0.20529,0.01,0.0,100,0.22222,1.0,,,-0.01,0.0135,-0.0002,-0.0027,-0.00323,-0.00495,0.5639
429,439296,72.01895,95.625,1.0,0.97,1.052145,-0.003413,0.007919,0.002648,0.249484,0.026681,0.927415,60.170147,10.116906,60.125469,11.07791,4.0,0.00025617,8,708,0.12922,0.20914,0.01,0.0,100,0.0,0.0,,,-0.01,0.01481,-7e-05,-0.00324,-0.00217,-0.00563,0.66228
430,440320,59.77926,141.85714,0.85714,0.96,1.165362,-0.001866,0.015212,0.002273,0.267234,0.021659,0.91926,59.054111,13.42482,58.055676,15.491204,4.0,0.00025607,7,717,0.14529,0.22508,0.01,0.0,100,0.14286,0.0,,,-0.01,0.01118,-3e-05,-0.00332,-0.00047,-0.0075,0.50116
431,441344,62.41207,147.375,0.875,0.95,1.167663,-0.004328,0.009928,0.002303,0.2987,0.021101,0.955078,58.884014,15.155438,58.243816,15.891959,4.0,0.00025597,8,700,0.13949,0.23071,0.02,0.0,100,0.125,0.66667,,,-0.01,0.01323,-0.00034,-0.00191,-0.0015,-0.00386,0.56902
432,442368,71.25087,105.6,1.0,0.95,1.13677,-0.003461,0.009877,0.002964,0.291147,0.03554,0.957348,56.921108,15.776247,56.347809,16.149981,4.0,0.00025587,5,727,0.14111,0.22092,0.02,0.0,100,0.0,0.0,,,-0.01,0.0137,-0.00078,-0.00064,-0.00074,-0.00548,0.43936
433,443392,64.0177,137.4,0.9,0.94,1.122119,-0.002643,0.02189,0.002979,0.247591,0.036691,0.897991,57.293037,15.033281,56.967091,15.742183,4.0,0.00025576,10,706,0.12155,0.2037,0.03,0.0,100,0.0,1.0,,,-0.01,0.01434,-0.00035,5e-05,-0.00208,-0.00579,0.7634
434,444416,71.16072,126.625,1.0,0.94,1.189578,-0.003431,0.007741,0.003987,0.239909,0.04548,0.951089,58.878571,13.256213,59.316143,13.531467,4.0,0.00025566,8,698,0.13032,0.19922,0.03,0.0,100,0.0,0.0,,,-0.01,0.01542,-0.00027,-0.00059,-0.00041,-0.00429,0.64771
435,445440,71.57325,103.375,1.0,0.94,1.253866,-0.003383,0.006496,0.003718,0.247188,0.042725,0.963967,58.377239,14.390824,58.422638,14.750107,4.0,0.00025556,8,713,0.15241,0.23661,0.03,0.0,100,0.0,0.0,,,-0.01,0.01201,-0.00077,0.00022,-0.00106,-0.00409,0.67858
436,446464,57.975,207.83333,0.83333,0.93,1.097177,-0.003708,0.00665,0.003864,0.317651,0.050816,0.968378,56.545834,14.796012,55.934978,15.360025,4.0,0.00025546,6,712,0.12414,0.20055,0.04,0.0,100,0.16667,0.0,,,-0.01,0.01445,-0.00037,0.001,-0.00134,-0.00782,0.42119
437,447488,62.47275,157.44444,0.88889,0.92,1.087657,-0.002787,0.020877,0.003602,0.200332,0.041609,0.903831,56.110237,14.593307,55.993191,16.169497,4.0,0.00025535,9,726,0.13957,0.21867,0.04,0.0,100,0.22222,0.0,,,-0.01,0.01171,-0.00017,-0.0008,-0.00258,-0.00642,0.69906
438,448512,72.1801,86.9,1.0,0.92,1.107945,-0.003965,0.014285,0.003971,0.252652,0.050607,0.715414,62.916645,6.639081,63.349731,7.740529,4.0,0.00025525,10,673,0.10323,0.17316,0.04,0.0,100,0.0,0.0,,,-0.01,0.01562,-0.00067,-0.00065,-0.00201,-0.00847,0.74102
439,449536,71.70327,90.83333,1.0,0.92,1.056784,-0.002338,0.015814,0.002859,0.236557,0.037249,0.927104,56.151279,15.203513,55.802326,15.716212,4.0,0.00025515,6,734,0.1246,0.20405,0.04,0.0,100,0.16667,0.0,,,-0.01,0.01228,-0.00041,-0.00053,-0.0013,-0.0066,0.54028
440,450560,62.49764,137.33333,0.88889,0.92,1.068065,-0.002084,0.020401,0.002098,0.31366,0.014404,0.923632,57.402931,16.237574,56.213779,18.080936,4.0,0.00025505,9,715,0.11632,0.1976,0.03,0.0,100,0.11111,0.0,,,-0.01,0.01294,6e-05,-0.00151,-0.00278,-0.00823,0.66655
441,451584,60.87031,144.125,0.875,0.93,1.186926,-0.002637,0.030227,0.002366,0.190391,0.023089,0.766495,59.022408,12.594703,59.077766,12.392651,4.0,0.00025494,8,696,0.12275,0.20309,0.03,0.0,100,0.375,1.0,,,-0.01,0.00935,-0.00055,-0.00625,-3e-05,-0.00615,0.55501
442,452608,70.13232,114.25,1.0,0.93,1.293725,-0.003499,0.014993,0.00417,0.259549,0.054025,0.616275,61.110344,6.283078,61.091389,6.6346,4.0,0.00025484,8,669,0.11766,0.18244,0.03,0.0,100,0.125,0.0,,,-0.01,0.0124,-0.00019,-0.00235,0.00023,-0.00796,0.59562
443,453632,70.74559,97.6,1.0,0.94,1.453239,-0.002526,0.009562,0.002923,0.209928,0.027867,0.858538,60.504311,8.699964,60.191906,8.853288,4.0,0.00025474,5,691,0.13613,0.20947,0.03,0.0,100,0.0,0.0,,,-0.01,0.00775,-0.00058,-0.00204,0.00061,-0.00672,0.38581
444,454656,50.25889,234.0,0.75,0.93,1.504146,-0.004207,0.003501,0.00425,0.372228,0.055908,0.956598,58.603764,9.064676,57.801521,9.339996,4.0,0.00025464,4,683,0.14028,0.21501,0.04,0.0,100,0.0,0.0,,,-0.01,0.01066,-0.00075,0.00129,-0.00038,-0.00469,0.22102
445,455680,61.97281,149.25,0.875,0.93,1.262144,-0.005158,0.006792,0.003571,0.307263,0.03976,0.916347,58.751671,8.725648,58.45438,9.659678,4.0,0.00025453,8,683,0.12395,0.19364,0.04,0.0,100,0.125,0.0,,,-0.01,0.01058,-0.00067,-0.00507,0.00037,-0.00604,0.53813
446,456704,53.02777,182.375,0.75,0.91,1.30108,-0.004247,0.008776,0.003219,0.318258,0.032854,0.878083,59.614288,8.087304,59.186291,9.112582,4.0,0.00025443,8,683,0.12652,0.19726,0.06,0.0,100,0.125,0.0,,,-0.01,0.01203,-0.00013,-0.00417,-0.0022,-0.00658,0.46793
447,457728,71.48006,99.85714,1.0,0.92,1.163248,-0.003247,0.005607,0.003418,0.321673,0.036447,0.95816,56.742378,11.728279,56.680157,12.603768,4.0,0.00025433,7,716,0.1221,0.19185,0.05,0.0,100,0.0,0.0,,,-0.01,0.01128,-3e-05,-0.00156,-0.0001,-0.00639,0.60223
448,458752,62.78594,150.8,0.9,0.91,1.246016,-0.002867,0.019894,0.002698,0.235704,0.026542,0.750174,59.438183,9.616504,59.916103,9.548933,4.0,0.00025423,10,684,0.12646,0.19703,0.05,0.0,100,0.2,0.5,,,-0.01,0.0131,-0.00015,-0.00096,-0.00206,-0.00712,0.69607
449,459776,70.6754,106.33333,1.0,0.91,1.41771,-0.002811,0.007148,0.003051,0.256704,0.034842,0.391818,62.411186,4.015088,62.743313,3.84121,4.0,0.00025412,6,668,0.13401,0.20253,0.05,0.0,100,0.0,1.0,,,-0.01,0.00986,8e-05,-0.00113,0.00085,-0.0089,0.43442
450,460800,63.73745,135.08333,0.91667,0.92,1.300164,-0.001915,0.027692,0.004147,0.211527,0.059152,0.580203,62.390774,4.622531,61.587627,9.083334,4.0,0.00025402,12,666,0.12081,0.19459,0.04,0.0,100,0.16667,0.0,,,-0.01,0.01242,8e-05,-0.00115,-0.00302,-0.00614,0.7999
451,461824,72.05825,92.71429,1.0,0.92,1.185821,-0.004404,0.015884,0.002844,0.354509,0.02989,0.821958,59.629822,8.142023,58.587654,9.721782,4.0,0.00025392,7,697,0.12859,0.19806,0.04,0.0,100,0.0,0.0,,,-0.01,0.01243,-0.00027,-0.00118,-0.00389,-0.00578,0.5724
452,462848,63.1178,132.7,0.9,0.91,1.045743,-0.002037,0.032603,0.002935,0.257773,0.03847,0.845069,54.290016,13.61343,54.687885,15.643385,4.0,0.00025382,10,729,0.12504,0.20434,0.04,0.0,100,0.2,0.5,,,-0.01,0.01386,-0.00097,-0.00294,0.00039,-0.00628,0.80578
453,463872,70.645,122.625,1.0,0.92,1.102708,-0.002275,0.024741,0.002204,0.260978,0.015974,0.722865,57.117641,11.744535,58.520569,10.604667,4.0,0.00025372,8,706,0.13033,0.21059,0.04,0.0,100,0.25,0.4,,,-0.01,0.01237,-0.0002,-0.00286,-0.00029,-0.00729,0.64495
454,464896,71.49163,100.0,1.0,0.93,1.278399,-0.004125,0.013612,0.003906,0.280449,0.044538,0.858434,59.567837,9.052321,59.13303,10.270379,4.0,0.00025361,6,689,0.13411,0.21335,0.04,0.0,100,0.16667,1.0,,,-0.01,0.01156,-0.00046,-0.00265,-0.00188,-0.00659,0.46659
455,465920,70.07028,124.4,1.0,0.93,1.28636,-0.002612,0.016301,0.002483,0.215479,0.016427,0.867416,58.520908,11.399056,59.085377,11.755678,4.0,0.00025351,10,679,0.14727,0.22322,0.04,0.0,100,0.2,0.0,,,-0.01,0.01201,-3e-05,-0.00155,-0.00064,-0.00878,0.76995
456,466944,61.91838,145.5,0.875,0.93,1.139917,-0.003427,0.00981,0.002847,0.250262,0.026472,0.935223,58.522923,12.291556,58.714237,12.938441,4.0,0.00025341,8,689,0.12739,0.19732,0.04,0.0,100,0.0,0.66667,,,-0.01,0.01465,-0.00071,-0.00098,-0.00081,-0.00616,0.56322
457,467968,70.8019,117.11111,1.0,0.95,1.117243,-0.002975,0.016822,0.003963,0.234188,0.048933,0.744159,60.636536,9.418703,61.437073,8.800245,4.0,0.00025331,9,687,0.12754,0.20622,0.02,0.0,100,0.22222,0.0,,,-0.01,0.01325,-0.00017,-0.00142,-0.00211,-0.00921,0.72172
458,468992,70.80486,112.0,1.0,0.96,1.172645,-0.002016,0.015062,0.001404,0.222804,0.011823,0.669852,61.273643,7.092803,61.66357,7.199326,4.0,0.0002532,9,687,0.12707,0.21373,0.01,0.0,100,0.11111,1.0,,,-0.01,0.01251,0.00019,-0.00141,-0.00369,-0.00762,0.73272
459,470016,71.1923,102.11111,1.0,0.97,1.020583,-0.004296,0.007099,0.003068,0.248688,0.040004,0.821091,61.689873,5.845671,62.327972,6.540231,4.0,0.0002531,9,700,0.12663,0.1972,0.01,0.0,100,0.11111,0.25,,,-0.01,0.01282,0.00032,-0.00044,-0.0006,-0.008,0.76579
460,471040,66.4893,99.46154,0.92308,0.96,1.134832,-0.00207,0.025737,0.003397,0.169957,0.0354,0.591265,64.074509,4.868774,64.028755,8.806848,4.0,0.000253,13,661,0.12385,0.19068,0.01,0.0,100,0.15385,0.0,,,-0.01,0.01674,-0.00025,-0.00188,-0.00163,-0.00635,0.9044
461,472064,70.99686,105.11111,1.0,0.96,1.197434,-0.002772,0.012833,0.003874,0.254364,0.047607,0.573595,64.363396,6.923983,65.112106,5.861574,4.0,0.0002529,9,673,0.12478,0.19202,0.01,0.0,100,0.0,1.0,,,-0.01,0.01212,-0.00015,-0.00306,-0.00087,-0.0094,0.67685
462,473088,70.65618,117.16667,1.0,0.97,1.16706,-0.002891,0.008446,0.003198,0.287587,0.041051,0.801173,64.967598,6.247274,64.05394,6.709653,4.0,0.00025279,6,690,0.14035,0.2184,0.01,0.0,100,0.0,0.0,,,-0.01,0.01164,-0.00064,-0.00281,-0.00316,-0.006,0.48722
463,474112,63.36066,114.9,0.9,0.96,1.094299,-0.000533,0.024568,0.001891,0.198635,0.013114,0.72874,62.84412,7.328144,62.337524,10.266417,4.0,0.00025269,10,700,0.1467,0.22736,0.01,0.0,100,0.1,0.0,,,-0.01,0.01493,-0.00106,-0.00254,-0.00208,-0.00907,0.75654
464,475136,62.53557,123.88889,0.88889,0.96,1.288632,-0.001685,0.01379,0.002787,0.197992,0.027239,0.58175,66.076363,4.031367,65.890656,5.91397,4.0,0.00025259,9,659,0.14665,0.22826,0.01,0.0,100,0.11111,1.0,,,-0.01,0.01564,-0.00051,-0.00194,-0.00041,-0.01122,0.58277
465,476160,70.00267,120.0,1.0,0.96,1.338121,-0.002959,0.017993,0.004175,0.245384,0.057129,0.703997,63.913754,8.008011,63.460354,8.262025,4.0,0.00025249,9,667,0.17214,0.26249,0.01,0.0,100,0.11111,0.0,,,-0.01,0.01287,-0.00173,-0.00035,-0.00335,-0.00664,0.6751
466,477184,64.64283,89.1,0.9,0.95,1.099196,-0.001354,0.020554,0.00158,0.257347,0.008231,0.838183,60.723183,9.504763,59.848083,12.5069,4.0,0.00025238,10,694,0.13307,0.19945,0.01,0.0,100,0.1,0.33333,,,-0.01,0.0156,-0.0027,-0.00221,-0.00224,-0.00828,0.74069
467,478208,64.01293,115.0,0.90909,0.95,1.213124,-0.003042,0.019782,0.004555,0.229761,0.05814,0.86075,61.602875,11.083868,61.806675,12.549012,4.0,0.00025228,11,677,0.15489,0.24099,0.0,0.0,100,0.18182,0.0,,,-0.01,0.01471,-0.00161,-0.0029,-0.00139,-0.01052,0.79101
468,479232,71.55283,95.14286,1.0,0.95,1.213294,-0.004504,0.007243,0.004424,0.266535,0.059152,0.941612,61.761299,11.765853,61.640686,12.036609,4.0,0.00025218,7,690,0.14787,0.23349,0.0,0.0,100,0.0,0.0,,,-0.01,0.01461,-0.0007,-0.00201,-0.00033,-0.01013,0.55912
469,480256,70.51829,94.25,1.0,0.95,1.165601,-0.003914,0.013003,0.003061,0.304479,0.035958,0.924946,57.071533,13.735003,56.194542,13.814224,4.0,0.00025208,4,724,0.19692,0.28849,0.0,0.0,100,0.0,0.0,,,-0.01,0.01143,-0.0015,-0.00334,7e-05,-0.0085,0.35765
470,481280,60.81428,192.22222,0.88889,0.94,1.133625,-0.002415,0.022895,0.003228,0.287097,0.038958,0.790503,57.514038,11.081853,58.315247,11.020254,4.0,0.00025197,9,711,0.17575,0.26743,0.0,0.0,100,0.33333,0.0,,,-0.01,0.01144,-0.00097,-0.00407,3e-05,-0.00841,0.67578
471,482304,57.74029,170.0,0.83333,0.93,1.273315,-0.003213,0.010723,0.003731,0.222763,0.041783,0.891362,60.042355,10.556178,59.733513,10.549911,4.0,0.00025187,6,709,0.18296,0.28104,0.01,0.0,100,0.0,0.5,,,-0.01,0.01039,-0.00095,-0.00677,0.00336,-0.01199,0.40828
472,483328,57.67376,149.14286,0.85714,0.93,1.203392,-0.00393,0.020523,0.00283,0.318953,0.033168,0.853106,59.080914,9.906173,57.492634,13.069236,4.0,0.00025177,7,701,0.16658,0.24897,0.01,0.0,100,0.14286,0.0,,,-0.01,0.01265,-0.00062,-0.00551,-0.00394,-0.00895,0.48558
473,484352,70.93729,90.625,1.0,0.93,1.209388,-0.001811,0.019189,0.003557,0.217178,0.045166,0.872239,58.313885,13.638606,59.077065,13.162382,4.0,0.00025167,8,692,0.16179,0.23885,0.01,0.0,100,0.125,0.0,,,-0.01,0.011,-0.00084,-0.00564,-0.00019,-0.01125,0.648
474,485376,63.82252,132.1,0.9,0.92,1.337461,-0.004816,0.010808,0.004802,0.307423,0.067627,0.8921,59.926235,9.679293,59.53056,10.661902,4.0,0.00025156,10,680,0.18253,0.26001,0.02,0.0,100,0.1,0.0,,,-0.01,0.0121,-0.00088,-0.0066,-0.00119,-0.01751,0.7004
475,486400,68.04118,121.9,1.0,0.93,1.413127,-0.00252,0.01321,0.004158,0.295201,0.048096,0.545336,61.739525,6.313223,62.873634,5.75219,4.0,0.00025146,10,656,0.17643,0.25692,0.02,0.0,100,0.1,0.0,,,-0.01,0.01287,-0.00117,-0.00179,-0.00077,-0.01385,0.72036
476,487424,71.09555,110.55556,1.0,0.94,1.387202,-0.004045,0.005066,0.003662,0.276928,0.04248,0.651899,64.043709,3.755327,64.485764,3.941256,4.0,0.00025136,9,659,0.17867,0.26273,0.02,0.0,100,0.11111,0.5,,,-0.01,0.01305,-0.00053,-0.00011,-0.00015,-0.00692,0.66276
477,488448,71.12556,116.71429,1.0,0.94,1.378941,-0.003088,0.00611,0.002867,0.261002,0.028599,0.759075,63.566719,4.919744,63.382942,5.179176,4.0,0.00025126,7,683,0.1945,0.2889,0.02,0.0,100,0.14286,0.0,,,-0.01,0.01243,-0.00082,0.00079,-0.00077,-0.00518,0.55407
478,489472,64.03949,105.5,0.9,0.94,1.158849,-0.002145,0.031429,0.002562,0.214837,0.030273,0.649511,61.490253,6.576723,60.726719,10.209762,4.0,0.00025116,10,705,0.18149,0.28321,0.02,0.0,100,0.1,0.0,,,-0.01,0.01542,-0.001,0.00016,-0.0016,-0.00763,0.76894
479,490496,56.47774,140.8,0.8,0.94,1.19837,-0.002425,0.02204,0.003333,0.398343,0.035714,0.836438,60.256428,9.6747,58.246704,12.373617,4.0,0.00025105,5,723,0.22499,0.33542,0.02,0.0,100,0.2,0.0,,,-0.01,0.01121,-0.00121,0.00022,-0.00567,-0.00466,0.35812
480,491520,62.92317,155.44444,0.88889,0.93,1.069409,-0.002777,0.022994,0.003123,0.20572,0.035505,0.812577,57.577393,12.117441,57.953133,12.097014,4.0,0.00025095,9,707,0.17845,0.26365,0.03,0.0,100,0.33333,1.0,,,-0.01,0.01184,-0.00119,-0.00034,-0.00189,-0.0067,0.69996
481,492544,61.1187,135.75,0.875,0.92,1.148135,-0.001941,0.024959,0.00242,0.166204,0.026995,0.850986,58.901741,11.756512,58.634392,13.92372,4.0,0.00025085,8,704,0.18491,0.27017,0.03,0.0,100,0.125,0.0,,,-0.01,0.01243,-0.00142,-0.0006,-0.00095,-0.00678,0.5903
482,493568,71.64189,89.25,1.0,0.93,1.270543,-0.00488,0.002574,0.003563,0.288057,0.044329,0.98228,61.683132,12.332195,61.941185,12.770281,4.0,0.00025075,8,694,0.17672,0.26672,0.03,0.0,100,0.0,0.66667,,,-0.01,0.01303,-0.00099,-0.00408,0.0,-0.00796,0.63372
483,494592,69.63631,132.7,1.0,0.94,1.305858,-0.002187,0.013218,0.003924,0.207597,0.042027,0.563501,64.103645,8.758115,64.87722,6.708816,4.0,0.00025064,10,669,0.1736,0.25359,0.02,0.0,100,0.1,0.33333,,,-0.01,0.01222,-0.00077,-0.00383,-0.00122,-0.00839,0.72786
484,495616,70.69007,119.0,1.0,0.95,1.470955,-0.003244,0.00311,0.003829,0.286521,0.043318,0.829247,65.539825,4.604528,64.986404,4.507248,4.0,0.00025054,7,664,0.23454,0.33304,0.02,0.0,100,0.0,1.0,,,-0.01,0.0097,-0.00143,-0.00414,-0.0,-0.00704,0.51308
485,496640,70.14102,123.28571,1.0,0.95,1.402745,-0.003935,0.002641,0.00307,0.255856,0.027169,0.899794,64.330589,4.863048,63.987705,5.367738,4.0,0.00025044,7,668,0.23499,0.34282,0.02,0.0,100,0.0,0.0,,,-0.01,0.01249,-0.00132,-0.00387,2e-05,-0.00851,0.52317
486,497664,57.40167,149.5,0.83333,0.94,1.208682,-0.003863,0.004823,0.004179,0.357326,0.055001,0.907958,61.548626,6.734994,60.689217,7.237089,4.0,0.00025034,6,707,0.20653,0.31527,0.03,0.0,100,0.0,0.0,,,-0.01,0.01324,-0.00118,0.00119,-0.00022,-0.01009,0.42014
487,498688,69.57469,162.75,1.0,0.95,1.289325,-0.003115,0.006931,0.004516,0.259973,0.059291,0.79203,62.209339,6.113432,62.4361,6.026908,4.0,0.00025023,8,695,0.21074,0.31406,0.02,0.0,100,0.125,0.0,,,-0.01,0.0139,-0.00114,-0.00033,0.0011,-0.00659,0.61905
488,499712,71.7495,91.57143,1.0,0.95,1.394103,-0.00477,0.003222,0.004622,0.360898,0.054757,0.888714,62.741413,4.766714,62.507111,5.643332,4.0,0.00025013,7,664,0.19074,0.28921,0.02,0.0,100,0.0,1.0,,,-0.01,0.00891,-0.00122,-0.00568,0.0,-0.00758,0.52256
489,500736,48.74683,203.71429,0.71429,0.93,1.383576,-0.00338,0.005654,0.003836,0.317795,0.042306,0.865564,61.934135,5.743563,61.132446,6.587794,4.0,0.00025003,7,679,0.19343,0.28415,0.04,0.0,100,0.14286,0.0,,,-0.01,0.00986,-0.001,-0.00837,-0.0016,-0.0072,0.37731
490,501760,69.54746,126.33333,1.0,0.93,1.299263,-0.004066,0.004715,0.003752,0.309343,0.040702,0.928629,59.973789,7.662869,59.597279,8.355298,4.0,0.00024993,6,701,0.20835,0.30445,0.04,0.0,100,0.0,0.0,,,-0.01,0.01128,-0.0015,-0.00031,-0.00021,-0.00809,0.48783
491,502784,68.14917,174.125,1.0,0.94,1.198557,-0.003076,0.010744,0.002685,0.244181,0.026786,0.866532,58.444092,8.704639,58.551937,9.359737,4.0,0.00024982,8,714,0.19856,0.30624,0.04,0.0,100,0.125,0.5,,,-0.01,0.01132,-0.00142,0.0003,-0.00187,-0.00545,0.66827
492,503808,60.861,146.33333,0.88889,0.94,1.320314,-0.001494,0.027678,0.003162,0.13666,0.03547,0.693053,60.50613,7.808999,60.487007,10.144132,4.0,0.00024972,9,690,0.18083,0.27514,0.04,0.0,100,0.11111,0.0,,,-0.01,0.01088,-0.00106,-0.0014,-0.00081,-0.00715,0.61383
493,504832,70.61218,128.125,1.0,0.95,1.553414,-0.003464,0.004922,0.003808,0.287619,0.038365,0.492085,63.391033,3.335578,63.89167,3.231889,4.0,0.00024962,8,650,0.21247,0.32352,0.03,0.0,100,0.0,0.0,,,-0.01,0.01132,-0.00175,0.00099,0.0,-0.00682,0.5557
494,505856,70.47661,121.66667,1.0,0.96,1.449278,-0.003558,0.003993,0.004467,0.307401,0.051479,0.753843,63.378498,3.679153,63.248486,4.188414,4.0,0.00024952,6,667,0.19198,0.28862,0.03,0.0,100,0.0,0.0,,,-0.01,0.00991,-0.00101,-0.00268,0.00044,-0.00561,0.42899
495,506880,70.68728,119.42857,1.0,0.96,1.498635,-0.00399,0.004915,0.004463,0.26164,0.04405,0.686879,62.994167,3.968256,63.066746,4.134259,4.0,0.00024941,7,668,0.21127,0.31257,0.03,0.0,100,0.0,1.0,,,-0.01,0.00884,-0.00139,-0.00167,0.0,-0.00619,0.50571
496,507904,71.36127,96.375,1.0,0.96,1.499636,-0.002879,0.003864,0.003603,0.269279,0.030239,0.754674,63.206608,3.008797,63.211666,4.188666,4.0,0.00024931,8,657,0.17796,0.27392,0.03,0.0,100,0.0,0.0,,,-0.01,0.00961,-0.00105,-0.00294,0.00086,-0.00643,0.56961
497,508928,51.49365,199.75,0.75,0.94,1.421577,-0.004011,0.005736,0.003693,0.283057,0.040388,0.751802,62.605408,4.319005,62.081444,4.95631,4.0,0.00024921,8,664,0.17783,0.28291,0.05,0.0,100,0.0,0.0,,,-0.01,0.01042,-0.00114,-0.00247,0.00113,-0.00449,0.43359
498,509952,69.54152,147.16667,1.0,0.94,1.327122,-0.001673,0.011083,0.002192,0.190732,0.017892,0.654777,61.116882,6.791037,61.678967,6.081168,4.0,0.00024911,6,687,0.18149,0.29744,0.05,0.0,100,0.33333,0.0,,,-0.01,0.01252,-0.00065,0.00105,0.00062,-0.00439,0.46204
499,510976,71.01748,121.0,1.0,0.94,1.356163,-0.004613,0.004293,0.00347,0.295243,0.039586,0.699419,63.064705,2.981846,63.4576,3.979447,4.0,0.000249,10,653,0.15387,0.25202,0.05,0.0,100,0.0,1.0,,,-0.01,0.01479,-0.00067,0.0011,0.00042,-0.0083,0.72108
500,512000,71.81151,110.0,1.0,0.95,1.371051,-0.002631,0.006465,0.004474,0.27749,0.052699,0.440935,63.392059,3.538065,63.97802,3.513231,4.0,0.0002489,8,660,0.16616,0.27286,0.04,0.0,100,0.125,1.0,,,-0.01,0.01453,-0.00121,0.00049,-0.00103,-0.00848,0.58396
501,513024,71.37413,101.8,1.0,0.95,1.460029,-0.00407,0.003119,0.004429,0.357586,0.052037,0.658828,64.708374,2.295365,65.140388,3.038455,4.0,0.0002488,10,649,0.17713,0.28617,0.04,0.0,100,0.1,1.0,,,-0.01,0.01256,-0.00125,0.00089,-0.00033,-0.0094,0.70466
502,514048,69.52788,143.14286,1.0,0.97,1.312252,-0.004161,0.003307,0.003701,0.254228,0.040004,0.768563,65.019836,3.31442,64.787117,3.853867,4.0,0.0002487,7,660,0.16518,0.26536,0.02,0.0,100,0.0,0.0,,,-0.01,0.01224,-0.00067,0.00034,-7e-05,-0.00567,0.49667
503,515072,70.61204,127.88889,1.0,0.97,1.187018,-0.002129,0.007261,0.002904,0.202566,0.0226,0.616886,63.384209,4.455538,63.704082,4.526858,4.0,0.0002486,9,671,0.14885,0.25434,0.02,0.0,100,0.22222,0.0,,,-0.01,0.01289,-0.00069,0.00047,-0.00073,-0.00838,0.68916
504,516096,59.61584,139.57143,0.85714,0.97,1.159582,-0.00132,0.031837,0.002993,0.252403,0.033691,0.530027,63.297966,4.698236,61.82856,8.697412,4.0,0.00024849,7,712,0.17011,0.28622,0.02,0.0,100,0.28571,0.0,,,-0.01,0.01172,-0.00078,-0.00183,-0.00091,-0.00963,0.50379
505,517120,71.73878,84.625,1.0,0.97,1.119849,-0.004254,0.002026,0.00317,0.262838,0.038679,0.953704,62.261223,6.375859,62.291637,7.068661,4.0,0.00024839,8,694,0.16645,0.28574,0.02,0.0,100,0.0,0.0,,,-0.01,0.00978,-0.00109,-0.00015,0.00129,-0.0077,0.67247
506,518144,61.72254,161.25,0.875,0.96,1.023188,-0.002827,0.005552,0.004429,0.264318,0.060268,0.927236,60.538452,8.558661,60.670719,9.084102,4.0,0.00024829,8,712,0.16485,0.28875,0.03,0.0,100,0.25,1.0,,,-0.01,0.01094,-0.00073,0.00124,-0.00039,-0.00779,0.61487
507,519168,71.40095,95.8,1.0,0.96,1.070254,-0.004115,0.006579,0.003542,0.199945,0.039062,0.899811,63.826488,7.775208,63.819485,8.260211,4.0,0.00024819,10,690,0.14609,0.24841,0.03,0.0,100,0.1,0.0,,,-0.01,0.01262,-0.00102,-0.00208,-0.00301,-0.00838,0.80434
508,520192,56.58212,125.2,0.8,0.94,1.018532,-0.000837,0.024355,0.002508,0.189315,0.021729,0.754423,63.445286,7.425514,62.505623,10.860127,4.0,0.00024808,10,694,0.13824,0.24412,0.04,0.0,100,0.3,0.0,,,-0.01,0.01174,-0.00052,-0.0009,-0.00242,-0.00869,0.66267
509,521216,71.78747,86.6,1.0,0.96,1.190018,-0.00436,0.003914,0.004515,0.247454,0.05835,0.928542,64.469986,7.164312,64.605614,7.578107,4.0,0.00024798,10,671,0.14831,0.25267,0.02,0.0,100,0.0,0.0,,,-0.01,0.01202,-0.00102,0.00016,9e-05,-0.01209,0.75355
510,522240,70.00042,126.11111,1.0,0.96,1.21732,-0.00293,0.005852,0.0042,0.230714,0.045585,0.855224,64.658371,7.140964,65.003334,6.706406,4.0,0.00024788,9,657,0.14298,0.24556,0.02,0.0,100,0.11111,0.0,,,-0.01,0.01312,-0.00064,0.00075,-1e-05,-0.01389,0.64715
511,523264,70.75905,99.90909,1.0,0.96,1.194912,-0.004223,0.008448,0.003321,0.27324,0.038783,0.773121,66.010056,5.52569,65.622398,6.226613,4.0,0.00024778,11,661,0.14179,0.23472,0.02,0.0,100,0.0,1.0,,,-0.01,0.01179,-0.0008,-0.00149,-0.00096,-0.00847,0.80954
512,524288,71.35834,104.6,1.0,0.96,1.102519,-0.002316,0.009372,0.003651,0.212276,0.047886,0.623342,65.112579,6.933763,66.09417,5.652861,4.0,0.00024767,10,676,0.12979,0.21332,0.02,0.0,100,0.3,1.0,,,-0.01,0.01484,-0.00068,-3e-05,-0.00019,-0.01105,0.75358
513,525312,71.74955,89.75,1.0,0.96,1.27354,-0.003961,0.001344,0.003453,0.295354,0.037946,0.727759,67.732841,2.007301,67.968994,2.243234,4.0,0.00024757,12,651,0.13588,0.2334,0.02,0.0,100,0.0,1.0,,,-0.01,0.01387,-0.00097,0.00092,0.0,-0.00839,0.84854
514,526336,72.09328,91.92857,1.0,0.97,1.19151,-0.003425,0.001685,0.004361,0.272453,0.045654,0.75808,67.355003,2.330946,67.827209,2.655316,4.0,0.00024747,14,655,0.13462,0.23097,0.02,0.0,100,0.0,1.0,,,-0.01,0.01411,-0.0009,0.00154,-1e-05,-0.00983,1.01633
515,527360,71.30021,91.375,1.0,0.97,1.142627,-0.004086,0.001477,0.003044,0.259267,0.02846,0.755726,67.686913,2.294882,67.705566,2.466418,4.0,0.00024737,8,662,0.12889,0.21663,0.02,0.0,100,0.0,0.0,,,-0.01,0.01382,-0.00083,-0.00085,-0.00013,-0.01065,0.579
516,528384,71.72248,94.22222,1.0,0.98,1.140722,-0.003978,0.002459,0.003603,0.271934,0.037284,0.822434,67.474136,3.43973,67.252663,3.814487,4.0,0.00024726,9,668,0.1417,0.24712,0.01,0.0,100,0.0,0.0,,,-0.01,0.01265,-0.0009,0.00079,-0.00082,-0.00933,0.67124
517,529408,70.26353,119.72727,1.0,0.99,1.072729,-0.003419,0.002723,0.002935,0.222061,0.031355,0.84553,66.665787,4.290495,66.554123,4.308177,4.0,0.00024716,11,677,0.13891,0.23759,0.0,0.0,100,0.09091,1.0,,,-0.01,0.0131,-0.00086,0.00071,0.00051,-0.01327,0.84775
518,530432,59.78467,102.33333,0.83333,0.99,1.164853,-0.0009,0.02575,0.001551,0.288967,0.011335,0.564197,67.372482,3.851526,65.6987,8.699426,4.0,0.00024706,6,678,0.14677,0.24922,0.0,0.0,100,0.16667,0.0,,,-0.01,0.01283,-0.00123,0.00267,-0.0008,-0.01109,0.37559
519,531456,70.98367,107.75,1.0,0.99,1.111095,-0.003896,0.012582,0.003309,0.204324,0.043073,0.669048,65.609993,6.573244,65.445724,6.231265,4.0,0.00024696,12,672,0.13582,0.2346,0.0,0.0,100,0.08333,0.0,,,-0.01,0.01527,-0.00095,0.00189,-0.00111,-0.01144,0.90828
520,532480,71.70698,102.28571,1.0,0.99,1.177913,-0.002947,0.00348,0.003304,0.223757,0.033168,0.741541,66.475365,4.054579,66.53714,3.874059,4.0,0.00024685,7,673,0.13592,0.22999,0.0,0.0,100,0.14286,0.0,,,-0.01,0.01349,-0.00101,0.00267,0.00136,-0.00683,0.5161
521,533504,71.79783,91.16667,1.0,0.99,1.134109,-0.004121,0.002949,0.002772,0.258935,0.035156,0.809871,66.038765,3.589764,66.040482,4.047662,4.0,0.00024675,12,670,0.13345,0.2359,0.0,0.0,100,0.0,0.0,,,-0.01,0.01477,-0.00053,-0.0011,0.00074,-0.00994,0.8973
522,534528,65.33466,128.27273,0.90909,0.98,1.212919,-0.002483,0.002202,0.003836,0.29696,0.042271,0.855666,66.344193,3.558592,66.525345,4.004168,4.0,0.00024665,11,665,0.13419,0.23875,0.01,0.0,100,0.0,0.0,,,-0.01,0.01369,-0.001,0.00242,-0.00036,-0.00812,0.72685
523,535552,72.26593,86.625,1.0,0.98,1.206356,-0.003259,0.003585,0.00407,0.313649,0.052595,0.830063,66.126373,4.097923,65.583923,4.605931,4.0,0.00024655,8,671,0.13445,0.2364,0.01,0.0,100,0.0,0.0,,,-0.01,0.01299,-0.0009,0.00018,0.00057,-0.01204,0.60526
524,536576,70.46701,130.66667,1.0,0.98,1.146579,-0.002819,0.004454,0.002655,0.244776,0.027518,0.836182,64.067879,5.24716,63.846027,5.351158,4.0,0.00024644,6,700,0.15429,0.26464,0.01,0.0,100,0.33333,0.0,,,-0.01,0.01471,-0.00103,-0.00159,0.00102,-0.0054,0.47857
525,537600,71.93054,94.0,1.0,0.98,1.18428,-0.003897,0.001855,0.003273,0.283769,0.028634,0.947955,64.380943,5.40924,64.157944,5.988317,4.0,0.00024634,7,691,0.14246,0.24694,0.01,0.0,100,0.0,0.0,,,-0.01,0.01151,-0.00106,0.0002,0.0,-0.0093,0.54244
526,538624,63.17422,161.27273,0.90909,0.97,1.21658,-0.003588,0.003412,0.003697,0.296302,0.043876,0.87395,64.884377,4.799133,64.873062,5.249638,4.0,0.00024624,11,667,0.13437,0.23344,0.02,0.0,100,0.0,0.0,,,-0.01,0.01243,-0.00097,0.00014,-9e-05,-0.00894,0.72499
527,539648,70.51875,115.0,1.0,0.97,1.142863,-0.003692,0.004445,0.003408,0.261357,0.032087,0.792197,64.706062,4.322281,64.682388,4.664392,4.0,0.00024614,9,671,0.14661,0.24188,0.02,0.0,100,0.11111,0.0,,,-0.01,0.01291,-0.00116,-0.00057,0.00036,-0.00862,0.66905
528,540672,71.67609,106.71429,1.0,0.97,1.136242,-0.002573,0.004791,0.002863,0.247115,0.025146,0.806007,63.879272,4.816329,63.791985,5.105803,4.0,0.00024604,7,691,0.15638,0.26737,0.02,0.0,100,0.0,1.0,,,-0.01,0.01332,-0.00106,0.00211,0.00206,-0.01003,0.54723
529,541696,71.06856,124.0,1.0,0.97,1.216239,-0.003099,0.006887,0.002813,0.232605,0.02989,0.615096,64.421585,3.894418,64.33448,4.321792,4.0,0.00024593,9,668,0.15317,0.2584,0.02,0.0,100,0.22222,0.0,,,-0.01,0.01308,-0.00096,0.00201,-0.00028,-0.01299,0.65621
530,542720,71.69552,93.57143,1.0,0.98,1.107944,-0.004297,0.002647,0.003942,0.264381,0.044329,0.907866,63.106781,4.734999,63.203579,5.689612,4.0,0.00024583,7,680,0.15349,0.25383,0.02,0.0,100,0.0,0.0,,,-0.01,0.01256,-0.00121,0.00148,0.00025,-0.01383,0.54255
531,543744,64.91443,112.41667,0.91667,0.97,1.035255,-0.003234,0.00213,0.002692,0.277002,0.025879,0.93577,64.119713,5.53438,64.631172,6.312316,4.0,0.00024573,12,679,0.14537,0.23897,0.03,0.0,100,0.0,0.0,,,-0.01,0.01371,-0.00099,0.00167,-2e-05,-0.01292,0.85724
532,544768,60.83325,143.85714,0.85714,0.96,1.036649,-0.004658,0.00326,0.004061,0.286537,0.052455,0.933889,63.940437,6.735451,63.54438,7.164043,4.0,0.00024563,7,690,0.15523,0.25245,0.04,0.0,100,0.14286,0.0,,,-0.01,0.01299,-0.00121,0.00199,-0.00116,-0.01139,0.488
533,545792,71.64747,96.75,1.0,0.96,1.014423,-0.002668,0.003923,0.004131,0.271001,0.054443,0.913269,63.789986,6.227827,64.195732,6.926332,4.0,0.00024552,12,682,0.14812,0.24915,0.04,0.0,100,0.0,0.0,,,-0.01,0.01241,-0.00093,0.00061,-0.00029,-0.00737,0.94229
534,546816,72.0429,83.1,1.0,0.97,1.026807,-0.003584,0.002559,0.002758,0.216165,0.030866,0.96689,64.152939,8.691654,64.370712,9.127965,4.0,0.00024542,10,686,0.15728,0.26228,0.03,0.0,100,0.0,0.0,,,-0.01,0.01107,-0.0012,0.0016,0.00016,-0.01004,0.79563
535,547840,65.58291,115.91667,0.91667,0.96,0.989579,-0.003222,0.002037,0.00323,0.279354,0.038923,0.916502,66.971901,4.898885,67.392563,4.984005,4.0,0.00024532,12,659,0.13778,0.23001,0.04,0.0,100,0.08333,0.0,,,-0.01,0.0123,-0.00094,-1e-05,1e-05,-0.01189,0.79758
536,548864,71.95632,81.5,1.0,0.97,1.092679,-0.003161,0.001061,0.003432,0.256775,0.036865,0.755039,68.697182,1.999848,68.684563,2.146687,4.0,0.00024522,12,647,0.14802,0.2486,0.03,0.0,100,0.0,1.0,,,-0.01,0.01225,-0.00114,0.0026,-3e-05,-0.01207,0.85176
537,549888,71.32347,97.9,1.0,0.97,1.093227,-0.003274,0.003681,0.003982,0.284118,0.054129,0.889402,67.213753,5.229003,66.800056,5.953106,4.0,0.00024511,10,666,0.15,0.24484,0.03,0.0,100,0.0,0.0,,,-0.01,0.0128,-0.00141,0.00114,-0.00077,-0.011,0.74477
538,550912,71.77505,85.30769,1.0,0.97,1.112461,-0.000926,0.006277,0.002467,0.176113,0.019601,0.077162,67.786087,3.114114,67.945808,2.697417,4.0,0.00024501,13,654,0.14802,0.23254,0.03,0.0,100,0.07692,0.0,,,-0.01,0.01338,-0.00119,0.00108,1e-05,-0.01151,0.93165
539,551936,71.80045,90.6,1.0,0.97,1.235934,-0.004026,0.003392,0.004796,0.264617,0.068045,0.683413,67.921181,3.328134,67.578072,3.346869,4.0,0.00024491,10,662,0.17156,0.25792,0.03,0.0,100,0.0,0.0,,,-0.01,0.01195,-0.00151,0.00079,0.00013,-0.0117,0.73291
540,552960,64.65339,76.8,0.9,0.97,1.093376,-0.001741,0.033218,0.002482,0.349851,0.020857,0.591305,65.214333,5.19311,63.528507,9.449772,4.0,0.00024481,10,685,0.16994,0.25222,0.02,0.0,100,0.1,0.0,,,-0.01,0.01346,-0.00145,0.00054,-0.00231,-0.01089,0.72466
541,553984,69.33515,129.0,1.0,0.97,1.117796,-0.003042,0.011687,0.002971,0.243788,0.030901,0.840103,62.154072,8.414068,62.082512,8.527148,4.0,0.0002447,8,692,0.18114,0.268,0.02,0.0,100,0.125,0.0,,,-0.01,0.01235,-0.00159,0.00091,-0.00051,-0.00677,0.6299
542,555008,59.10591,126.72727,0.81818,0.96,1.059811,-0.001347,0.022417,0.002583,0.202443,0.018834,0.841514,61.488365,10.047476,60.788784,12.851337,4.0,0.0002446,11,690,0.17317,0.25718,0.02,0.0,100,0.27273,0.0,,,-0.01,0.01459,-0.00134,0.00131,-0.00155,-0.00769,0.73525
543,556032,71.98627,84.4,1.0,0.96,1.290731,-0.00342,0.005317,0.003305,0.297627,0.032366,0.811555,66.043831,4.864154,65.103592,5.250308,4.0,0.0002445,5,681,0.17407,0.25102,0.02,0.0,100,0.0,0.0,,,-0.01,0.00991,-0.00174,-0.00353,0.00158,-0.00787,0.36883
544,557056,70.94506,96.1,1.0,0.96,1.316929,-0.00271,0.006568,0.003413,0.276402,0.04112,0.667561,64.902924,4.436742,64.714767,4.643902,4.0,0.0002444,10,657,0.16525,0.25312,0.02,0.0,100,0.2,0.0,,,-0.01,0.01146,-0.0013,-0.00042,-0.00126,-0.00894,0.71624
545,558080,63.54166,141.7,0.9,0.96,1.160584,-0.002497,0.013938,0.003565,0.20357,0.037737,0.686436,63.043896,7.439855,63.332085,7.164209,4.0,0.00024429,10,663,0.16499,0.24262,0.02,0.0,100,0.1,0.0,,,-0.01,0.0143,-0.00108,0.00227,-0.00083,-0.01242,0.66773
546,559104,66.50552,106.69231,0.92308,0.95,1.152075,-0.003596,0.006037,0.003594,0.264892,0.040876,0.806765,65.027992,4.726045,65.07473,5.844743,4.0,0.00024419,13,654,0.15426,0.23492,0.03,0.0,100,0.07692,0.0,,,-0.01,0.01382,-0.00125,0.00261,-0.0026,-0.00789,0.88239
547,560128,62.75958,87.75,0.875,0.94,1.139306,-0.001042,0.023489,0.003489,0.206805,0.040597,0.675689,65.763367,5.625242,65.088844,9.241936,4.0,0.00024409,8,674,0.15234,0.23966,0.03,0.0,100,0.125,0.0,,,-0.01,0.01084,-0.00148,0.00203,-0.00046,-0.00788,0.5272
548,561152,71.20702,95.16667,1.0,0.94,1.240042,-0.003976,0.006785,0.005487,0.313758,0.077567,0.518144,66.169289,4.743871,66.57579,3.993428,4.0,0.00024399,12,656,0.16676,0.25057,0.03,0.0,100,0.08333,1.0,,,-0.01,0.01282,-0.00136,-0.00124,-0.0003,-0.01035,0.86773
549,562176,71.96995,83.5,1.0,0.94,1.190726,-0.003609,0.007733,0.005456,0.398642,0.081892,0.856692,65.35569,6.056751,64.600754,7.387217,4.0,0.00024388,10,665,0.16179,0.23687,0.03,0.0,100,0.0,0.0,,,-0.01,0.01208,-0.00135,0.00177,-0.00131,-0.01147,0.73958
550,563200,64.96712,120.2,0.9,0.93,1.184554,-0.001811,0.013989,0.003675,0.212334,0.043492,0.565698,64.036026,7.487619,64.453827,6.416384,4.0,0.00024378,10,663,0.15602,0.23461,0.04,0.0,100,0.1,0.0,,,-0.01,0.01343,-0.00126,0.00101,-0.0002,-0.01221,0.6609
551,564224,71.35053,89.44444,1.0,0.94,1.181741,-0.003564,0.009238,0.003746,0.279087,0.048619,0.782586,64.718575,5.880855,64.203186,6.652235,4.0,0.00024368,9,668,0.17328,0.26146,0.04,0.0,100,0.11111,0.0,,,-0.01,0.00924,-0.00145,0.00109,-0.00218,-0.01408,0.67054
552,565248,64.48993,112.58333,0.91667,0.94,1.062913,-0.002392,0.010044,0.003407,0.260561,0.046596,0.846692,63.661591,7.243964,63.495735,8.147075,4.0,0.00024358,12,665,0.15215,0.21942,0.04,0.0,100,0.16667,0.0,,,-0.01,0.0132,-0.00115,0.00197,-0.00193,-0.01235,0.83466
553,566272,71.62215,94.33333,1.0,0.95,1.004311,-0.001372,0.018118,0.003127,0.202293,0.040527,0.610465,62.955685,8.076865,63.764507,7.262992,4.0,0.00024348,12,681,0.1464,0.22192,0.04,0.0,100,0.25,0.0,,,-0.01,0.01264,-0.00105,0.00273,-0.0014,-0.01025,0.97111
554,567296,72.12744,79.5,1.0,0.96,1.099585,-0.003629,0.004601,0.004797,0.284144,0.064279,0.766304,65.704399,3.98198,66.267227,4.488371,4.0,0.00024337,12,652,0.15727,0.22653,0.03,0.0,100,0.08333,0.0,,,-0.01,0.01293,-0.00108,0.0019,-1e-05,-0.00993,0.89486
555,568320,71.686,94.36364,1.0,0.97,1.042477,-0.002577,0.00491,0.003217,0.217035,0.027937,0.807751,65.942329,5.094511,66.475502,5.083192,4.0,0.00024327,11,658,0.15929,0.2234,0.02,0.0,100,0.09091,0.0,,,-0.01,0.01275,-0.00097,0.00127,-0.00024,-0.0099,0.83138
556,569344,71.79324,93.63636,1.0,0.98,1.034047,-0.003723,0.007345,0.003893,0.238136,0.050502,0.645952,65.927284,4.434822,65.715469,4.664732,4.0,0.00024317,11,661,0.16056,0.23093,0.02,0.0,100,0.27273,0.0,,,-0.01,0.01311,-0.00097,5e-05,-0.00131,-0.00823,0.89005
557,570368,60.15311,100.33333,0.83333,0.97,1.141509,-0.000489,0.027542,0.002125,0.25828,0.014648,0.62015,65.403496,5.092001,63.816082,9.190908,4.0,0.00024307,6,685,0.17458,0.25208,0.02,0.0,100,0.16667,0.0,,,-0.01,0.0118,-0.00129,0.00113,-9e-05,-0.00768,0.41363
558,571392,70.81033,108.75,1.0,0.97,1.140207,-0.004106,0.010964,0.003704,0.270887,0.041643,0.643124,64.146049,5.05819,63.483398,5.382847,4.0,0.00024296,8,658,0.15896,0.2376,0.02,0.0,100,0.375,0.0,,,-0.01,0.0141,-0.00092,0.00017,-0.00372,-0.00858,0.61732
559,572416,59.28226,138.57143,0.85714,0.96,0.993376,-0.001885,0.030796,0.002849,0.328275,0.035296,0.687649,59.562702,6.831443,57.460579,10.06616,4.0,0.00024286,7,697,0.16293,0.25196,0.02,0.0,100,0.28571,0.0,,,-0.01,0.01371,-0.00111,0.00112,-0.00484,-0.00706,0.52795
560,573440,50.84845,151.71429,0.71429,0.94,0.702506,-0.002337,0.035412,0.00207,0.332241,0.025181,0.794954,52.367413,10.86702,50.756828,13.097441,4.0,0.00024276,7,769,0.14161,0.22837,0.03,0.0,100,0.28571,0.0,,,-0.01,0.01559,-0.00061,0.00064,-0.00752,-0.00715,0.57902
561,574464,41.59277,179.375,0.625,0.92,0.621513,-0.001696,0.087755,0.001636,0.337693,0.017508,0.618714,47.710022,12.568995,45.398857,15.347343,4.0,0.00024266,8,801,0.15569,0.24658,0.02,0.0,100,0.625,0.0,,,-0.01,0.01425,-0.00068,-0.0014,-0.01067,-0.00956,0.63613
562,575488,72.14152,74.44444,1.0,0.92,0.821082,-0.004511,0.017793,0.002399,0.266356,0.030518,0.91782,50.507195,13.528613,51.102547,15.364276,4.0,0.00024255,9,726,0.14172,0.2119,0.02,0.0,100,0.0,0.0,,,-0.01,0.01332,-0.00043,-0.0004,-0.0034,-0.01106,0.89305
563,576512,61.28333,142.28571,0.85714,0.92,0.65527,-0.0021,0.033342,0.002041,0.220487,0.022426,0.868056,45.185474,14.852954,46.068359,15.952768,4.0,0.00024245,7,793,0.15536,0.25172,0.02,0.0,100,0.57143,0.66667,,,-0.01,0.01306,-0.00065,0.00053,-0.00771,-0.00412,0.74715
564,577536,49.68207,171.57143,0.71429,0.9,0.639276,-0.001687,0.052976,0.000739,0.175595,0.005615,0.815952,45.266354,15.798033,45.249607,17.022297,4.0,0.00024235,7,806,0.15608,0.25323,0.03,0.0,100,0.57143,0.0,,,-0.01,0.01578,-0.00052,0.00154,-0.00498,-0.01057,0.62675
565,578560,64.08478,132.0,0.9,0.89,0.933663,-0.002698,0.025442,0.003291,0.342975,0.041957,0.861071,55.475311,12.739093,56.089058,13.600066,4.0,0.00024225,10,694,0.12889,0.19839,0.04,0.0,100,0.3,0.0,,,-0.01,0.01123,-4e-05,-0.00014,-0.00301,-0.00799,0.77836
566,579584,58.62706,94.09091,0.81818,0.87,0.960246,-0.001463,0.037137,0.002505,0.262733,0.023368,0.792774,57.362034,10.394732,57.552376,15.043525,4.0,0.00024214,11,677,0.11904,0.18069,0.04,0.0,100,0.18182,0.0,,,-0.01,0.014,-0.00056,-0.00021,-0.0025,-0.00961,0.72323
567,580608,71.68911,89.22222,1.0,0.87,0.95004,-0.003304,0.041745,0.003348,0.244324,0.043457,0.876491,53.997097,18.301672,54.139019,18.547222,4.0,0.00024204,9,706,0.13805,0.21207,0.04,0.0,100,0.11111,0.0,,,-0.01,0.01276,-0.0008,0.0009,-0.00258,-0.00838,0.80036
568,581632,65.06781,105.0,0.91667,0.86,0.931322,-0.002458,0.033007,0.003862,0.323507,0.05406,0.897475,56.407993,17.131893,57.416035,18.284,4.0,0.00024194,12,689,0.13598,0.20656,0.04,0.0,100,0.16667,0.5,,,-0.01,0.01292,-0.00065,-0.00073,-0.00278,-0.00984,0.92842
569,582656,65.34288,94.36364,0.90909,0.86,1.043131,-0.003507,0.008518,0.003229,0.312426,0.033168,0.960717,61.589703,14.059284,61.711384,15.5845,4.0,0.00024184,11,661,0.11211,0.17231,0.04,0.0,100,0.09091,0.0,,,-0.01,0.01352,-0.00032,7e-05,-6e-05,-0.01514,0.76531
570,583680,72.52279,73.53846,1.0,0.88,1.126231,-0.002994,0.012493,0.003264,0.287497,0.041539,0.854925,64.566566,8.490608,64.648567,9.955447,4.0,0.00024173,13,651,0.11727,0.17542,0.04,0.0,100,0.0,0.0,,,-0.01,0.01266,-0.00063,0.00132,-0.00017,-0.01363,0.93458
571,584704,72.17026,83.22222,1.0,0.91,1.064879,-0.004295,0.041688,0.004415,0.353355,0.058105,0.895844,56.998707,19.384111,55.427639,20.014019,4.0,0.00024163,9,679,0.1262,0.19141,0.03,0.0,100,0.22222,0.0,,,-0.01,0.01362,-0.00081,0.00106,-0.00416,-0.00638,0.71726
572,585728,63.56136,128.7,0.9,0.91,0.971506,-0.001221,0.050131,0.0026,0.27113,0.026332,0.847471,53.371105,19.268442,54.420784,18.985851,4.0,0.00024153,10,690,0.13298,0.2067,0.04,0.0,100,0.4,0.0,,,-0.01,0.01414,-0.0008,0.00148,0.00113,-0.01019,0.74781
573,586752,72.07724,85.23077,1.0,0.94,1.143341,-0.002902,0.020751,0.00304,0.328299,0.036272,0.1633,63.551506,7.075965,64.82991,5.438242,4.0,0.00024143,13,654,0.13107,0.1979,0.02,0.0,100,0.07692,0.0,,,-0.01,0.01382,-0.00101,0.00011,-0.00029,-0.01493,0.94896
574,587776,60.39672,102.14286,0.85714,0.93,1.06822,-0.003647,0.033486,0.003054,0.411295,0.029855,0.741557,61.526665,7.935493,59.068916,11.4596,4.0,0.00024132,7,681,0.14603,0.21611,0.02,0.0,100,0.14286,0.0,,,-0.01,0.01506,-0.00117,0.00198,-0.00699,-0.01237,0.47747
575,588800,61.03712,99.28571,0.85714,0.93,0.964159,-0.002089,0.048265,0.002273,0.241676,0.023926,0.831295,53.519035,15.994968,53.228909,17.135113,4.0,0.00024122,7,725,0.14402,0.21426,0.01,0.0,100,0.42857,0.0,,,-0.01,0.01279,-0.0009,0.00222,-0.00223,-0.01722,0.53711
576,589824,63.32159,137.72727,0.90909,0.94,1.247196,-0.00188,0.029638,0.0031,0.226717,0.033098,0.52704,59.506721,9.850844,59.947365,8.742891,4.0,0.00024112,11,658,0.15536,0.22176,0.02,0.0,100,0.18182,0.0,,,-0.01,0.01467,-0.00115,-5e-05,-0.00096,-0.01767,0.72284
577,590848,72.51588,72.5,1.0,0.95,1.270517,-0.002469,0.010468,0.003288,0.313996,0.032436,0.82892,59.98333,6.830662,60.64954,8.193008,4.0,0.00024102,10,660,0.1471,0.21291,0.02,0.0,100,0.1,0.0,,,-0.01,0.01409,-0.00112,0.00154,-0.00132,-0.00787,0.7261
578,591872,63.14431,115.55556,0.88889,0.94,1.2605,-0.003642,0.009076,0.003843,0.310539,0.047852,0.923901,58.788036,9.98744,58.607552,11.131911,4.0,0.00024092,9,669,0.15746,0.23478,0.03,0.0,100,0.0,0.0,,,-0.01,0.0152,-0.00134,0.00084,-0.00246,-0.00869,0.60966
579,592896,57.32686,128.2,0.8,0.93,1.054782,-0.002168,0.026074,0.002688,0.27972,0.027483,0.796227,61.19339,9.175238,60.522694,12.043573,4.0,0.00024081,10,680,0.13891,0.20742,0.04,0.0,100,0.2,0.0,,,-0.01,0.01464,-0.00105,0.0018,-0.00438,-0.01096,0.6387
580,593920,72.18332,77.7,1.0,0.93,0.942729,-0.003456,0.012443,0.002558,0.294291,0.028006,0.943138,58.042957,14.042394,58.046955,14.826133,4.0,0.00024071,10,713,0.14588,0.21197,0.04,0.0,100,0.1,0.0,,,-0.01,0.01524,-0.00092,-0.00026,4e-05,-0.01002,0.88408
581,594944,64.6514,119.5,0.9,0.92,0.970791,-0.003229,0.015034,0.002368,0.232009,0.019392,0.951237,55.951488,16.800816,55.793407,18.681206,4.0,0.00024061,10,718,0.13838,0.19524,0.04,0.0,100,0.2,0.0,,,-0.01,0.01539,-0.0009,0.00188,-0.00164,-0.00857,0.79715
582,595968,57.0413,111.2,0.8,0.91,0.993344,-0.002429,0.036903,0.002263,0.400629,0.022252,0.838908,59.629925,12.747226,57.282585,16.072805,4.0,0.00024051,10,698,0.14684,0.21445,0.03,0.0,100,0.2,0.0,,,-0.01,0.01417,-0.00086,0.00263,-0.00476,-0.0111,0.67322
583,596992,71.52381,103.54545,1.0,0.91,1.158472,-0.002812,0.017883,0.00396,0.288458,0.05399,0.33945,63.816135,7.814924,64.938828,5.818273,4.0,0.0002404,11,659,0.14288,0.20003,0.03,0.0,100,0.18182,0.0,,,-0.01,0.01445,-0.00099,0.00111,-0.00071,-0.01284,0.79155
584,598016,71.47918,95.0,1.0,0.91,1.297094,-0.003155,0.010367,0.003601,0.253977,0.040597,0.583413,64.128136,5.008742,63.926292,5.183875,4.0,0.0002403,9,663,0.17828,0.23688,0.03,0.0,100,0.11111,1.0,,,-0.01,0.01218,-0.00161,-0.00082,-0.00096,-0.0193,0.66502
585,599040,70.90893,91.09091,1.0,0.93,1.235015,-0.004122,0.008251,0.003973,0.264537,0.0497,0.671074,63.671272,4.360362,64.250717,4.99472,4.0,0.0002402,11,660,0.1647,0.20749,0.03,0.0,100,0.0,1.0,,,-0.01,0.01353,-0.00123,-0.0036,-0.00073,-0.01032,0.80288
586,600064,63.02332,115.0,0.9,0.93,1.121369,-0.004161,0.007673,0.003937,0.292219,0.049526,0.867364,63.170845,6.406508,62.738384,7.846362,4.0,0.0002401,10,660,0.14709,0.18824,0.03,0.0,100,0.0,0.0,,,-0.01,0.01464,-0.00066,-0.00249,-0.00285,-0.01769,0.66932
587,601088,70.9674,92.88889,1.0,0.93,1.00154,-0.002194,0.017021,0.002477,0.188319,0.024588,0.866378,59.163319,10.975064,59.426174,11.288724,4.0,0.00023999,9,709,0.15513,0.21173,0.03,0.0,100,0.11111,0.0,,,-0.01,0.0132,-0.00131,-0.0018,-0.00183,-0.00969,0.78605
588,602112,61.94467,128.11111,0.88889,0.93,1.184335,-0.002009,0.033075,0.002528,0.209731,0.024309,0.693333,63.009182,7.850063,62.507175,10.446606,4.0,0.00023989,9,669,0.16458,0.21426,0.02,0.0,100,0.33333,0.0,,,-0.01,0.01302,-0.00143,-0.00102,-5e-05,-0.00866,0.60801
589,603136,71.08971,100.66667,1.0,0.95,1.312657,-0.003158,0.018147,0.002587,0.249106,0.02403,0.689118,61.538475,7.366332,61.162048,7.6135,4.0,0.00023979,9,661,0.17844,0.25132,0.01,0.0,100,0.33333,0.0,,,-0.01,0.01237,-0.00151,0.00156,-0.00244,-0.01841,0.68635
590,604160,71.69119,86.25,1.0,0.95,1.323639,-0.004896,0.006825,0.004027,0.374598,0.049351,0.935041,58.210194,9.025683,57.329365,9.888936,4.0,0.00023969,4,681,0.2063,0.26884,0.01,0.0,100,0.0,0.0,,,-0.01,0.01174,-0.00178,0.00076,-0.00095,-0.01041,0.31357
591,605184,52.22989,185.125,0.75,0.93,1.17281,-0.003982,0.012904,0.004436,0.279704,0.062151,0.91129,52.352886,11.384493,51.858521,12.106293,4.0,0.00023958,8,697,0.21885,0.27964,0.03,0.0,100,0.25,0.0,,,-0.01,0.01193,-0.00258,7e-05,-0.00128,-0.01294,0.50757
592,606208,46.18102,161.16667,0.66667,0.91,1.13531,-0.001737,0.024302,0.001747,0.316562,0.011509,0.861885,56.463562,11.132666,54.905491,13.61043,4.0,0.00023948,6,690,0.18053,0.24158,0.04,0.0,100,0.16667,0.0,,,-0.01,0.0145,-0.00166,0.00199,-0.00133,-0.01728,0.32814
593,607232,64.44795,118.8,0.9,0.93,1.314428,-0.005037,0.007434,0.004231,0.392912,0.05406,0.913802,59.820457,8.843332,59.926605,10.024328,4.0,0.00023938,10,652,0.18988,0.25369,0.05,0.0,100,0.0,1.0,,,-0.01,0.01258,-0.00183,0.00184,-0.0004,-0.02095,0.65653
594,608256,58.71505,151.0,0.875,0.92,1.303179,-0.003966,0.018741,0.004536,0.247842,0.049316,0.756511,58.760128,8.307825,58.875008,8.94493,4.0,0.00023928,8,659,0.17157,0.22578,0.06,0.0,100,0.25,0.0,,,-0.01,0.01333,-0.00151,0.00055,-0.00079,-0.01967,0.50717
595,609280,71.93358,75.22222,1.0,0.92,1.273302,-0.005136,0.010917,0.005288,0.340886,0.07387,0.884657,59.305355,8.218151,59.014225,9.900578,4.0,0.00023917,9,649,0.16362,0.21863,0.06,0.0,100,0.0,1.0,,,-0.01,0.01474,-0.00119,-0.0001,-0.00151,-0.01763,0.65622
596,610304,52.37919,169.44444,0.77778,0.9,1.288002,-0.003268,0.030148,0.004664,0.271593,0.05549,0.810471,59.0951,11.153594,59.139793,12.74874,4.0,0.00023907,9,649,0.17354,0.24459,0.07,0.0,100,0.11111,0.0,,,-0.01,0.01493,-0.00128,0.00237,-0.00129,-0.01014,0.50562
597,611328,71.58285,88.53846,1.0,0.9,1.234813,-0.003221,0.010766,0.00313,0.32345,0.037772,0.572854,64.14547,4.451705,64.762009,5.071832,4.0,0.00023897,13,645,0.15586,0.2137,0.07,0.0,100,0.0,0.0,,,-0.01,0.01394,-0.00124,0.00064,-0.00073,-0.0143,0.92324
598,612352,71.49779,88.85714,1.0,0.91,1.280156,-0.003211,0.014928,0.003829,0.243831,0.04255,0.713051,63.581585,7.495349,63.453545,7.521213,4.0,0.00023887,7,662,0.17785,0.24374,0.06,0.0,100,0.0,0.0,,,-0.01,0.01085,-0.00132,0.00115,-0.00141,-0.01704,0.52561
599,613376,70.99334,101.07692,1.0,0.91,1.119128,-0.003471,0.014952,0.002975,0.276915,0.031599,0.791163,60.609653,8.433986,61.944683,8.471224,4.0,0.00023876,13,669,0.15848,0.23204,0.06,0.0,100,0.07692,0.0,,,-0.01,0.01318,-0.0011,0.00206,-0.00123,-0.01418,1.01905
600,614400,70.63948,104.44444,1.0,0.92,1.150562,-0.004043,0.012183,0.003601,0.317869,0.042864,0.742646,63.986778,6.302649,64.267151,6.773875,4.0,0.00023866,9,659,0.1568,0.23746,0.06,0.0,100,0.11111,1.0,,,-0.01,0.01193,-0.00115,0.00168,-0.00146,-0.01154,0.66086
601,615424,71.54487,93.16667,1.0,0.92,1.103727,-0.003285,0.010458,0.003763,0.245986,0.042027,0.846696,63.326321,7.969478,63.914421,8.138967,4.0,0.00023856,12,665,0.17852,0.25084,0.06,0.0,100,0.16667,0.0,,,-0.01,0.01386,-0.00134,-0.00034,-0.00047,-0.00915,0.92263
602,616448,64.48212,108.18182,0.90909,0.95,1.079043,-0.002041,0.025818,0.002909,0.20534,0.03397,0.786221,63.94241,8.237712,63.176167,11.320198,4.0,0.00023846,11,675,0.15369,0.21663,0.03,0.0,100,0.18182,0.0,,,-0.01,0.01298,-0.00149,0.00126,-0.00198,-0.01216,0.78601
603,617472,50.16671,90.71429,0.71429,0.94,0.830793,-0.002394,0.063107,0.003101,0.534691,0.037772,0.68618,59.818523,9.78656,56.767334,14.150252,4.0,0.00023836,7,720,0.15708,0.23982,0.02,0.0,100,0.42857,0.0,,,-0.01,0.01464,-0.00141,0.00207,-0.00983,-0.00755,0.47041
604,618496,65.78068,94.0,0.91667,0.94,0.893033,-0.002067,0.027241,0.003292,0.299046,0.040144,0.896678,59.464703,14.283669,58.555935,16.204737,4.0,0.00023825,12,702,0.15338,0.22893,0.01,0.0,100,0.25,0.0,,,-0.01,0.01274,-0.00123,-0.00116,-0.00251,-0.0078,0.97429
605,619520,56.89325,116.9,0.8,0.93,1.050372,-0.001828,0.020722,0.001642,0.342153,0.010498,0.913842,60.891766,13.961007,59.302807,17.380672,4.0,0.00023815,10,677,0.18057,0.25406,0.01,0.0,100,0.2,0.0,,,-0.01,0.01449,-0.00138,0.00024,-0.00145,-0.01444,0.6387
606,620544,56.92294,75.4,0.8,0.92,1.007522,-0.002607,0.083758,0.002049,0.70111,0.018903,0.731459,57.602753,13.894385,53.843575,16.993551,4.0,0.00023805,10,672,0.15952,0.23944,0.0,0.0,100,0.4,0.0,,,-0.01,0.016,-0.00127,0.00185,-0.00794,-0.01408,0.65591
607,621568,59.23325,75.5,0.83333,0.91,0.963983,-0.003659,0.038943,0.004557,0.640775,0.064209,0.923589,48.034214,20.110161,45.667942,21.437679,4.0,0.00023795,6,721,0.17265,0.25925,0.0,0.0,100,0.33333,0.0,,,-0.01,0.01291,-0.0016,0.00249,-0.00475,-0.01262,0.46335
608,622592,63.53138,118.11111,0.88889,0.9,0.937505,-0.003826,0.031951,0.00363,0.339674,0.0482,0.947777,40.943806,23.596176,41.020782,25.080002,4.0,0.00023784,9,733,0.17701,0.27682,0.01,0.0,100,0.22222,0.0,,,-0.01,0.01193,-0.00171,0.00227,-1e-05,-0.00976,0.7625
609,623616,49.7115,153.5,0.7,0.87,0.955874,-0.001538,0.059131,0.003544,0.27528,0.043631,0.91267,44.638542,25.025766,45.559063,26.349916,4.0,0.00023774,10,716,0.14937,0.21955,0.03,0.0,100,0.4,0.0,,,-0.01,0.01277,-0.00132,0.00114,-0.00306,-0.00873,0.61449
610,624640,65.28629,113.0,0.90909,0.86,1.021474,-0.002427,0.041506,0.002851,0.319445,0.033378,0.823205,56.095001,14.685491,57.735771,15.358312,4.0,0.00023764,11,670,0.14692,0.21533,0.04,0.0,100,0.18182,1.0,,,-0.01,0.01637,-0.00109,-0.00105,-0.00184,-0.01128,0.77779
611,625664,72.24945,76.41667,1.0,0.86,0.907384,-0.002924,0.0577,0.003607,0.236871,0.047782,0.84401,51.492779,18.616747,51.842159,19.397152,4.0,0.00023754,12,703,0.14515,0.22732,0.04,0.0,100,0.16667,0.0,,,-0.01,0.01236,-0.0012,-0.00011,-0.0058,-0.00813,1.06763
612,626688,53.52911,134.0,0.77778,0.85,0.854584,-0.002657,0.080094,0.002397,0.219775,0.0256,0.812301,47.570576,20.351641,47.506847,21.320974,4.0,0.00023743,9,727,0.14925,0.22322,0.04,0.0,100,0.55556,0.0,,,-0.01,0.01753,-0.00102,-0.00199,-0.00752,-0.01089,0.64643
613,627712,72.02017,81.11111,1.0,0.87,0.96289,-0.003855,0.022068,0.004505,0.487943,0.057826,0.922398,55.026943,16.357882,56.548931,17.541647,4.0,0.00023733,9,693,0.16244,0.2388,0.04,0.0,100,0.0,0.0,,,-0.01,0.01587,-0.0013,-0.00023,-0.00053,-0.00891,0.76856
614,628736,71.79327,92.83333,1.0,0.88,1.05393,-0.001506,0.027188,0.002406,0.35351,0.020124,0.916512,56.853416,18.207663,58.628563,17.883453,4.0,0.00023723,12,687,0.15502,0.21992,0.04,0.0,100,0.08333,0.0,,,-0.01,0.01413,-0.00109,0.00046,0.00029,-0.01075,0.97569
615,629760,72.20797,81.75,1.0,0.9,1.016111,-0.0042,0.004867,0.003277,0.354352,0.038365,0.985053,60.533024,17.938406,61.358677,18.438498,4.0,0.00023713,12,676,0.14062,0.20078,0.04,0.0,100,0.0,0.0,,,-0.01,0.01514,-0.00111,0.00055,0.0,-0.01203,0.95386
616,630784,64.28003,118.7,0.9,0.91,1.194974,-0.004247,0.003861,0.00361,0.332535,0.042097,0.960047,66.693001,10.021583,66.497925,10.028663,4.0,0.00023702,10,649,0.14386,0.21143,0.05,0.0,100,0.1,0.0,,,-0.01,0.0133,-0.00095,0.00219,0.00011,-0.01343,0.65403
617,631808,70.91334,94.90909,1.0,0.93,1.200523,-0.005374,0.006756,0.004729,0.288701,0.059396,0.573458,67.931419,3.750329,67.580956,3.91584,4.0,0.00023692,11,647,0.14508,0.20963,0.04,0.0,100,0.0,1.0,,,-0.01,0.01313,-0.00114,-0.0038,-0.00095,-0.01281,0.77891
618,632832,70.90278,96.84615,1.0,0.95,1.068831,-0.002999,0.030887,0.003856,0.229123,0.050921,0.32981,65.122192,9.048789,65.563545,7.361589,4.0,0.00023682,13,655,0.15753,0.22395,0.02,0.0,100,0.15385,0.0,,,-0.01,0.01498,-0.00121,-0.00195,-0.00417,-0.01498,0.9891
619,633856,72.05518,76.75,1.0,0.97,1.201404,-0.003726,0.002657,0.003371,0.30527,0.034249,0.429934,67.563103,1.441372,67.740562,2.141746,4.0,0.00023672,12,639,0.13895,0.2034,0.01,0.0,100,0.0,0.0,,,-0.01,0.01477,-0.00111,0.00213,-1e-05,-0.01286,0.85361
620,634880,72.05089,83.33333,1.0,0.97,1.142692,-0.004497,0.004022,0.004901,0.306393,0.050223,0.50609,67.239632,2.051495,67.361694,2.893541,4.0,0.00023661,12,641,0.13989,0.2061,0.01,0.0,100,0.08333,0.0,,,-0.01,0.01699,-0.00103,0.00084,-0.00253,-0.01258,0.86113
621,635904,65.68522,83.75,0.91667,0.98,1.144009,-0.000972,0.033075,0.003536,0.193284,0.037005,0.463593,67.19767,3.213914,66.445793,8.027319,4.0,0.00023651,12,649,0.153,0.21668,0.01,0.0,100,0.08333,0.0,,,-0.01,0.01482,-0.00127,-0.00031,-0.00203,-0.00907,0.80347
622,636928,72.19504,81.88889,1.0,0.98,1.169113,-0.004038,0.004821,0.00296,0.320571,0.028634,0.921043,65.234993,7.219952,64.872978,8.044991,4.0,0.00023641,9,670,0.15236,0.22311,0.01,0.0,100,0.0,0.0,,,-0.01,0.01415,-0.00114,-0.00093,-0.00087,-0.01123,0.69064
623,637952,66.06528,104.35714,0.92857,0.97,1.106733,-0.001618,0.018376,0.002268,0.192456,0.02274,0.839424,65.750359,8.434259,65.400749,11.349111,4.0,0.00023631,14,665,0.13837,0.2092,0.01,0.0,100,0.14286,1.0,,,-0.01,0.01482,-0.00042,-7e-05,-0.00119,-0.01245,0.97753
624,638976,71.80942,78.81818,1.0,0.98,1.10905,-0.00349,0.001555,0.002969,0.29468,0.027693,0.746409,68.549828,2.562743,68.775948,2.425757,4.0,0.0002362,11,652,0.13044,0.19475,0.0,0.0,100,0.0,0.0,,,-0.01,0.01436,-0.00104,-0.00014,0.0,-0.01272,0.78174
625,640000,72.47599,75.15385,1.0,0.98,1.02372,-0.003788,0.014655,0.005059,0.333885,0.070487,0.801599,66.752815,6.930351,66.021202,8.690697,4.0,0.0002361,13,657,0.12651,0.19442,0.0,0.0,100,0.0,0.0,,,-0.01,0.01679,-0.00085,0.00072,-0.00342,-0.0086,0.96458
626,641024,59.91107,87.41667,0.83333,0.96,1.062938,-0.001535,0.023848,0.002766,0.355512,0.02703,0.886936,63.724781,12.113772,62.446514,15.630637,4.0,0.000236,12,650,0.15236,0.22747,0.0,0.0,100,0.25,0.0,,,-0.01,0.01502,-0.00096,0.00191,-0.00204,-0.01067,0.77797
627,642048,71.22017,97.2,1.0,0.96,1.059638,-0.001745,0.050379,0.002646,0.250672,0.025495,0.498609,61.991482,11.645467,61.680687,10.426751,4.0,0.0002359,10,647,0.15542,0.23484,0.0,0.0,100,0.1,1.0,,,-0.01,0.01504,-0.00124,0.00148,-0.00342,-0.01913,0.75267
628,643072,59.1272,119.28571,0.85714,0.95,1.156349,-0.002543,0.051509,0.00321,0.319517,0.040771,0.766291,59.341396,13.755872,58.127586,14.961142,4.0,0.0002358,7,674,0.17831,0.24988,0.0,0.0,100,0.28571,1.0,,,-0.01,0.01298,-0.00153,-0.001,-0.00445,-0.00792,0.46091
629,644096,71.72253,89.11111,1.0,0.95,1.201779,-0.003428,0.032039,0.003152,0.297809,0.030866,0.519229,58.908775,8.640564,59.369453,8.398989,4.0,0.00023569,9,640,0.15995,0.23522,0.0,0.0,100,0.33333,0.0,,,-0.01,0.01588,-0.00125,0.00161,-0.0014,-0.01011,0.65168
630,645120,65.72685,108.5,0.91667,0.95,1.270811,-0.005353,0.009178,0.003747,0.320221,0.045829,0.929947,58.677891,10.034037,58.901726,12.03453,4.0,0.00023559,12,640,0.15807,0.23056,0.01,0.0,100,0.08333,1.0,,,-0.01,0.01144,-0.00128,0.00046,-0.00126,-0.00916,0.79849
631,646144,65.19601,113.27273,0.90909,0.94,1.095811,-0.003103,0.01908,0.003338,0.264971,0.036726,0.763,62.581352,8.57885,63.347115,8.822537,4.0,0.00023549,11,649,0.14073,0.19714,0.02,0.0,100,0.0,0.0,,,-0.01,0.01359,-0.00119,-0.00235,-0.00245,-0.00885,0.73652
632,647168,71.3742,78.0,1.0,0.95,1.001898,-0.002322,0.02622,0.002289,0.251879,0.025112,0.692731,62.393223,8.68084,61.860847,9.207113,4.0,0.00023539,11,663,0.14184,0.20409,0.02,0.0,100,0.09091,0.0,,,-0.01,0.01389,-0.00109,-4e-05,-0.00543,-0.01534,0.86797
633,648192,63.93182,102.3,0.9,0.94,0.928131,-0.002935,0.035438,0.002944,0.18884,0.034459,0.802465,58.656536,11.131066,58.643002,13.399384,4.0,0.00023528,10,696,0.15186,0.22412,0.02,0.0,100,0.2,1.0,,,-0.01,0.01429,-0.00095,0.00013,-0.00265,-0.0105,0.77669
634,649216,65.16121,100.15385,0.92308,0.93,1.17911,-0.003256,0.01905,0.003229,0.261106,0.039516,0.442974,65.229179,5.016245,65.640564,5.815172,4.0,0.00023518,13,640,0.15485,0.2276,0.02,0.0,100,0.23077,1.0,,,-0.01,0.01438,-0.00115,0.00142,-0.00241,-0.01848,0.86057
635,650240,72.3166,74.5,1.0,0.95,1.127626,-0.002476,0.00901,0.003033,0.308368,0.03404,0.295836,66.601723,3.837517,67.129715,3.663331,4.0,0.00023508,12,638,0.15039,0.21035,0.02,0.0,100,0.16667,0.0,,,-0.01,0.01506,-0.0014,0.00108,-0.00255,-0.01305,0.86818
636,651264,64.54322,88.54545,0.90909,0.94,1.049351,-0.003433,0.031929,0.003161,0.33334,0.036307,0.722898,63.82082,7.557399,62.130329,11.237269,4.0,0.00023498,11,669,0.16805,0.24258,0.02,0.0,100,0.09091,1.0,,,-0.01,0.01226,-0.00114,-0.00158,-0.00507,-0.01,0.80892
637,652288,63.75211,117.1,0.9,0.94,1.113846,-0.002281,0.024393,0.002835,0.236156,0.034145,0.885755,62.093384,12.821188,61.427113,14.480392,4.0,0.00023487,10,677,0.18911,0.261,0.02,0.0,100,0.1,0.0,,,-0.01,0.0127,-0.00151,0.00217,-0.00173,-0.00757,0.73766
638,653312,72.23255,78.18182,1.0,0.94,1.068687,-0.002424,0.017006,0.003294,0.219481,0.033064,0.648504,66.148544,6.923171,65.997307,6.88498,4.0,0.00023477,11,653,0.15652,0.22201,0.02,0.0,100,0.09091,0.0,,,-0.01,0.01411,-0.00121,0.00059,-0.00382,-0.00819,0.83236
639,654336,71.80378,86.08333,1.0,0.95,1.030511,-0.003938,0.012112,0.003565,0.292885,0.04834,0.894851,63.758053,9.563848,63.880093,10.404489,4.0,0.00023467,12,665,0.16133,0.22255,0.01,0.0,100,0.08333,0.0,,,-0.01,0.01576,-0.00109,-0.00185,-0.00181,-0.01167,0.93703
640,655360,64.1886,104.54545,0.90909,0.95,1.146145,-0.0014,0.023542,0.002819,0.199205,0.026437,0.826613,64.251335,9.495794,63.85014,11.612356,4.0,0.00023457,11,662,0.18055,0.2486,0.0,0.0,100,0.18182,0.0,,,-0.01,0.01502,-0.00122,0.00041,-0.00077,-0.01792,0.76365
641,656384,71.92473,83.08333,1.0,0.95,1.171506,-0.00461,0.003047,0.004222,0.337198,0.05242,0.759432,67.680023,3.226514,67.962608,3.452143,4.0,0.00023446,12,646,0.16585,0.23297,0.0,0.0,100,0.0,0.0,,,-0.01,0.01305,-0.00136,0.00086,-0.00039,-0.01093,0.85676
642,657408,65.23091,84.0,0.90909,0.96,1.008052,-0.002948,0.025056,0.002198,0.465116,0.020473,0.846453,63.892326,10.440204,61.676727,13.729695,4.0,0.00023436,11,678,0.16024,0.23267,0.0,0.0,100,0.09091,0.0,,,-0.01,0.01463,-0.00134,0.00019,-0.00537,-0.01301,0.79852
643,658432,69.66232,116.16667,1.0,0.96,1.232612,-0.002179,0.038957,0.004224,0.260756,0.050746,0.528723,62.16721,12.854809,62.406895,10.099033,4.0,0.00023426,6,679,0.19981,0.27229,0.0,0.0,100,0.5,0.0,,,-0.01,0.01123,-0.00166,-0.00104,-0.00246,-0.00803,0.46421
644,659456,71.20586,93.83333,1.0,0.96,1.148138,-0.003439,0.012348,0.003615,0.284287,0.045061,0.825033,61.736248,6.744666,61.788902,8.177041,4.0,0.00023416,12,661,0.16548,0.24106,0.0,0.0,100,0.08333,1.0,,,-0.01,0.01443,-0.00135,0.0012,-0.00318,-0.01388,0.92333
645,660480,70.14297,126.875,1.0,0.96,1.025776,-0.002591,0.015453,0.002762,0.253519,0.036482,0.892534,58.703117,11.533228,59.023468,11.654239,4.0,0.00023405,8,700,0.16675,0.24397,0.0,0.0,100,0.125,0.0,,,-0.01,0.01385,-0.00105,1e-05,-0.00137,-0.01001,0.67199
646,661504,65.68981,107.53846,0.92308,0.96,1.082018,-0.002123,0.029457,0.002866,0.225155,0.038295,0.777356,62.361515,8.478309,61.857014,11.496371,4.0,0.00023395,13,660,0.171,0.25666,0.0,0.0,100,0.15385,0.83333,,,-0.01,0.01421,-0.00128,0.00025,-0.00404,-0.01121,0.94514
647,662528,64.60411,91.2,0.9,0.96,0.980979,-0.002586,0.028743,0.002308,0.29086,0.016357,0.800316,61.901726,9.179775,60.666546,12.063497,4.0,0.00023385,10,674,0.14658,0.22289,0.0,0.0,100,0.2,0.66667,,,-0.01,0.01639,-0.00113,-0.00177,-0.00672,-0.00709,0.72497
648,663552,54.914,107.88889,0.77778,0.94,0.924336,-0.001298,0.056124,0.002188,0.211464,0.018938,0.789643,58.45895,13.617115,57.97237,16.413359,4.0,0.00023375,9,699,0.16978,0.23934,0.0,0.0,100,0.44444,1.0,,,-0.01,0.01452,-0.00117,-0.00375,-0.00342,-0.00866,0.60362
649,664576,71.65223,85.75,1.0,0.95,1.185297,-0.003241,0.006613,0.003095,0.282145,0.031982,0.561685,66.691032,4.161261,67.479904,3.853546,4.0,0.00023364,16,639,0.16302,0.23873,0.0,0.0,100,0.0,1.0,,,-0.01,0.01425,-0.00133,-0.00077,-0.00066,-0.00907,1.14771
650,665600,72.21151,77.75,1.0,0.95,1.150048,-0.005389,0.004214,0.004829,0.27921,0.060093,0.757426,67.356133,3.992055,67.512985,4.127994,4.0,0.00023354,8,653,0.16259,0.23536,0.0,0.0,100,0.0,1.0,,,-0.01,0.01439,-0.00152,-0.00129,-0.00112,-0.00952,0.57949
651,666624,71.11502,104.16667,1.0,0.95,1.164184,-0.002548,0.015537,0.004096,0.253998,0.055978,0.6751,64.938103,8.068337,65.581558,7.07684,4.0,0.00023344,12,660,0.17035,0.25075,0.0,0.0,100,0.08333,1.0,,,-0.01,0.01532,-0.0014,0.00074,-0.00149,-0.01152,0.90124
652,667648,72.39133,73.92857,1.0,0.96,1.167326,-0.004083,0.002266,0.002989,0.297964,0.025216,0.651223,67.472656,1.991481,68.029007,2.423306,4.0,0.00023334,14,637,0.16253,0.24205,0.0,0.0,100,0.0,0.0,,,-0.01,0.01449,-0.00132,0.00146,-3e-05,-0.01027,0.99717
653,668672,72.14853,84.58333,1.0,0.96,1.126033,-0.004587,0.002498,0.003788,0.334911,0.046491,0.68923,67.382141,2.155614,67.627831,2.782177,4.0,0.00023324,12,644,0.14826,0.2275,0.0,0.0,100,0.0,0.0,,,-0.01,0.01779,-0.00102,-0.00092,-0.00042,-0.01558,0.85353
654,669696,71.76565,78.0,1.0,0.96,1.062224,-0.003292,0.009522,0.00347,0.255911,0.040876,0.823726,65.583145,6.525784,65.089806,7.240696,4.0,0.00023313,8,672,0.16804,0.273,0.0,0.0,100,0.0,0.0,,,-0.01,0.01514,-0.00127,0.00118,-0.00406,-0.00836,0.64445
655,670720,71.29603,106.30769,1.0,0.98,1.116727,-0.001638,0.008653,0.001594,0.20912,0.01137,0.023865,67.14502,5.180697,67.778542,3.357935,4.0,0.00023303,13,659,0.15578,0.25044,0.0,0.0,100,0.07692,1.0,,,-0.01,0.01519,-0.00131,-0.00053,0.00087,-0.00945,0.95375
656,671744,71.67429,82.2,1.0,0.98,1.213277,-0.003418,0.002415,0.002588,0.321345,0.028355,0.519469,67.890854,1.636851,67.721687,2.137208,4.0,0.00023293,10,656,0.15555,0.24749,0.0,0.0,100,0.0,0.0,,,-0.01,0.0134,-0.0015,-0.00165,0.00018,-0.0104,0.70957
657,672768,70.6452,111.1,1.0,1.0,1.237285,-0.002797,0.00218,0.003016,0.307736,0.024588,0.63948,67.677284,1.76067,67.441948,2.372874,4.0,0.00023283,10,650,0.15889,0.24684,0.0,0.0,100,0.0,0.0,,,-0.01,0.01396,-0.00126,-0.00019,-0.00119,-0.01398,0.70508
658,673792,71.48181,91.18182,1.0,1.0,0.902416,-0.00228,0.00681,0.002014,0.246329,0.023507,0.792863,65.114426,4.968425,64.709816,5.601002,4.0,0.00023272,11,691,0.15462,0.25588,0.0,0.0,100,0.09091,0.0,,,-0.01,0.01652,-0.00134,0.00079,-0.00564,-0.011,0.97785
659,674816,59.25636,93.16667,0.83333,0.98,1.127299,-0.001116,0.043038,0.002607,0.282546,0.021275,0.436074,66.842514,3.12322,65.428474,9.689225,4.0,0.00023262,12,666,0.15683,0.2333,0.0,0.0,100,0.16667,0.0,,,-0.01,0.01499,-0.00164,0.00157,-0.00296,-0.01352,0.75451
660,675840,63.929,93.0,0.9,0.97,1.175535,-0.002019,0.026819,0.003108,0.28212,0.036098,0.743705,64.654648,7.453324,63.567558,10.414758,4.0,0.00023252,10,672,0.16639,0.24602,0.0,0.0,100,0.1,0.0,,,-0.01,0.01391,-0.0014,0.00301,-0.0036,-0.01496,0.68878
661,676864,71.67675,85.18182,1.0,0.97,1.106966,-0.001845,0.011927,0.001875,0.195852,0.014753,0.956101,61.809635,15.761791,62.194851,16.153641,4.0,0.00023242,11,688,0.17299,0.25482,0.0,0.0,100,0.09091,0.0,,,-0.01,0.01314,-0.00184,0.00325,-0.00041,-0.01087,0.88265
662,677888,71.84329,86.125,1.0,0.97,1.014075,-0.003337,0.015454,0.002972,0.384058,0.036865,0.967153,57.995724,20.323997,56.411064,20.927017,4.0,0.00023231,8,710,0.16867,0.24871,0.0,0.0,100,0.0,0.0,,,-0.01,0.01494,-0.00146,0.00282,-0.00334,-0.01274,0.6962
663,678912,57.43473,129.5,0.8,0.95,1.051557,-0.001811,0.016652,0.003315,0.317869,0.035575,0.954229,59.289303,17.603224,58.145031,19.056932,4.0,0.00023221,10,685,0.17546,0.24317,0.01,0.0,100,0.2,0.0,,,-0.01,0.01475,-0.00178,0.00236,-0.00075,-0.00999,0.64471
664,679936,70.74204,104.0,1.0,0.95,1.139662,-0.00323,0.028737,0.004298,0.264127,0.058489,0.919588,57.765675,18.856367,57.807034,18.703613,4.0,0.00023211,10,681,0.1991,0.27237,0.01,0.0,100,0.2,0.0,,,-0.01,0.01238,-0.002,0.00209,9e-05,-0.01843,0.78505
665,680960,63.15133,126.55556,0.88889,0.94,1.059064,-0.002001,0.037039,0.003659,0.250775,0.042655,0.852438,59.349144,15.53983,58.771484,15.647857,4.0,0.00023201,9,680,0.1711,0.24137,0.02,0.0,100,0.22222,0.0,,,-0.01,0.01349,-0.00199,0.00082,-0.00401,-0.00744,0.63993
666,681984,70.30998,118.85714,1.0,0.94,1.120386,-0.002446,0.026605,0.004112,0.254921,0.052909,0.799176,59.312107,12.355135,59.133396,11.818842,4.0,0.0002319,7,693,0.18331,0.25008,0.02,0.0,100,0.14286,0.0,,,-0.01,0.01555,-0.00221,0.00306,-0.00141,-0.00908,0.56734
667,683008,71.45972,101.28571,1.0,0.94,1.239155,-0.003524,0.015754,0.004401,0.293553,0.048131,-0.054773,63.957119,4.251269,64.76078,3.931305,4.0,0.0002318,14,646,0.17068,0.23504,0.02,0.0,100,0.14286,0.0,,,-0.01,0.01293,-0.00163,0.00202,-0.00101,-0.01122,1.00061
668,684032,71.55417,98.77778,1.0,0.94,1.228959,-0.002834,0.008391,0.002357,0.260333,0.021345,0.381579,63.884861,4.104353,64.877739,3.720092,4.0,0.0002317,9,654,0.15822,0.2241,0.02,0.0,100,0.11111,0.0,,,-0.01,0.01352,-0.00177,0.00299,-0.0008,-0.0062,0.64638
669,685056,72.19724,90.07692,1.0,0.96,1.276361,-0.004788,0.004805,0.004899,0.352771,0.061384,0.732219,65.04438,3.177989,65.618324,3.997257,4.0,0.0002316,13,645,0.177,0.25195,0.02,0.0,100,0.0,1.0,,,-0.01,0.01357,-0.00176,0.00084,-0.00098,-0.00881,0.93515
670,686080,64.25994,97.6,0.9,0.96,1.119682,-0.001432,0.02899,0.003274,0.201975,0.034249,0.660321,63.66153,5.339998,62.837837,9.652536,4.0,0.00023149,10,676,0.17337,0.25146,0.02,0.0,100,0.1,0.0,,,-0.01,0.01437,-0.00186,0.00099,-0.00239,-0.00819,0.7187
671,687104,71.7433,86.77778,1.0,0.96,0.861417,-0.002682,0.033687,0.003309,0.219578,0.045096,0.726516,58.675049,10.361122,58.773228,10.67,4.0,0.00023139,9,720,0.1644,0.25089,0.02,0.0,100,0.33333,0.0,,,-0.01,0.01561,-0.0015,0.00033,-0.00867,-0.00649,0.85144
672,688128,55.6062,106.0,0.77778,0.94,0.96911,-0.001177,0.034066,0.001988,0.30318,0.015067,0.798486,58.867676,9.391603,57.565266,13.321587,4.0,0.00023129,9,710,0.18866,0.274,0.02,0.0,100,0.22222,0.0,,,-0.01,0.0167,-0.0017,0.00056,-0.0058,-0.00628,0.64926
673,689152,64.9192,112.18182,0.90909,0.95,1.039345,-0.002242,0.043549,0.002171,0.212273,0.02417,0.811801,58.937706,13.093615,58.677532,14.882386,4.0,0.00023119,11,695,0.18357,0.27118,0.01,0.0,100,0.27273,0.0,,,-0.01,0.01515,-0.00119,0.00165,-0.00114,-0.00781,0.85505
674,690176,61.46732,116.14286,0.85714,0.94,1.066471,-0.002471,0.012718,0.002102,0.278421,0.01702,0.941221,59.509708,13.689251,58.683117,15.779722,4.0,0.00023108,7,682,0.18738,0.27104,0.01,0.0,100,0.14286,0.0,,,-0.01,0.01496,-0.00182,0.00078,-0.00133,-0.01241,0.49344
675,691200,72.42681,79.6,1.0,0.95,0.976882,-0.00503,0.011488,0.004342,0.32567,0.061837,0.965775,56.354439,17.078148,55.8381,18.160017,4.0,0.00023098,10,704,0.18357,0.27587,0.0,0.0,100,0.0,0.0,,,-0.01,0.01363,-0.00194,0.00046,-0.00275,-0.00653,0.87692
676,692224,62.73224,87.25,0.875,0.94,0.912944,-0.003344,0.021103,0.003109,0.30417,0.040702,0.959289,50.856129,21.684872,49.517208,23.247948,4.0,0.00023088,8,736,0.20136,0.29401,0.0,0.0,100,0.125,0.0,,,-0.01,0.01334,-0.00192,-0.00062,-0.00256,-0.00713,0.67185
677,693248,60.12903,148.0,0.84615,0.92,1.037276,-0.002527,0.041686,0.004337,0.291747,0.062291,0.783015,59.3624,14.992976,60.482048,13.94403,4.0,0.00023078,13,680,0.18095,0.26871,0.02,0.0,100,0.23077,0.5,,,-0.01,0.01568,-0.00177,0.00227,-0.0031,-0.01167,0.88828
678,694272,71.83462,91.77778,1.0,0.92,1.254886,-0.003779,0.007892,0.003641,0.300756,0.051549,0.083709,65.738632,3.889347,66.451454,2.924733,4.0,0.00023068,9,656,0.18987,0.27365,0.02,0.0,100,0.0,0.0,,,-0.01,0.01329,-0.0018,0.0028,-1e-05,-0.00829,0.63955
679,695296,72.23318,77.45455,1.0,0.92,1.329247,-0.003427,0.003204,0.00393,0.307957,0.053397,0.862103,66.187508,4.141038,65.931473,4.987165,4.0,0.00023057,11,655,0.22363,0.30259,0.02,0.0,100,0.0,0.0,,,-0.01,0.01037,-0.0024,0.00058,0.0,-0.00776,0.78223
680,696320,71.65376,91.66667,1.0,0.93,1.296497,-0.005184,0.00544,0.005205,0.327685,0.06822,0.925647,64.598076,7.560001,64.767372,8.554523,4.0,0.00023047,12,653,0.21631,0.28579,0.02,0.0,100,0.0,0.0,,,-0.01,0.01229,-0.00224,-0.00105,-0.0,-0.00811,0.85135
681,697344,64.22061,113.4,0.9,0.92,1.189156,-0.003091,0.004072,0.004275,0.302797,0.050293,0.968662,64.680573,10.634735,64.073631,11.559986,4.0,0.00023037,10,665,0.20457,0.28037,0.03,0.0,100,0.1,0.0,,,-0.01,0.01308,-0.00217,0.00156,-0.00065,-0.01241,0.66792
682,698368,71.17076,91.66667,1.0,0.94,1.130245,-0.004001,0.013795,0.003014,0.375757,0.030518,0.91601,61.095795,11.447721,59.862385,12.138998,4.0,0.00023027,9,682,0.22742,0.3061,0.03,0.0,100,0.0,1.0,,,-0.01,0.01134,-0.00245,0.00047,-0.00264,-0.01052,0.72586
683,699392,70.12072,120.27273,1.0,0.95,1.107212,-0.002773,0.020581,0.003988,0.237806,0.051025,0.583101,63.882793,9.189934,64.871231,7.381951,4.0,0.00023016,11,675,0.21848,0.29853,0.03,0.0,100,0.18182,1.0,,,-0.01,0.01241,-0.00235,-0.00135,0.00048,-0.01204,0.81644
684,700416,71.71384,82.61538,1.0,0.96,1.168018,-0.004717,0.004853,0.003368,0.268665,0.03833,0.733589,66.640396,3.70915,66.872658,4.213001,4.0,0.00023006,13,661,0.20214,0.27248,0.03,0.0,100,0.0,1.0,,,-0.01,0.01149,-0.00192,-0.00085,-0.00099,-0.00892,0.94508
685,701440,72.85659,74.36364,1.0,0.97,1.034678,-0.003365,0.003842,0.00341,0.23543,0.034633,0.935524,64.469131,6.839229,64.478134,7.894975,4.0,0.00022996,11,681,0.18762,0.25653,0.03,0.0,100,0.0,1.0,,,-0.01,0.01553,-0.00171,0.00193,-0.00181,-0.00877,0.87351
686,702464,71.33287,83.9,1.0,0.99,0.944424,-0.002559,0.009889,0.00257,0.2326,0.027658,0.938113,60.894997,11.68705,60.580402,12.271366,4.0,0.00022986,10,712,0.19602,0.27284,0.01,0.0,100,0.1,1.0,,,-0.01,0.01302,-0.00203,0.00225,-0.00328,-0.0142,0.87928
687,703488,58.70847,129.45455,0.81818,0.97,0.996659,-0.002931,0.019119,0.003407,0.246147,0.044503,0.911999,61.371616,13.016451,60.361713,15.383203,4.0,0.00022975,11,703,0.20899,0.29414,0.02,0.0,100,0.09091,0.0,,,-0.01,0.01383,-0.00229,0.00176,-0.00144,-0.00842,0.77293
688,704512,64.27666,96.1,0.9,0.96,1.171198,-0.001729,0.014918,0.002574,0.258319,0.030483,0.848045,66.574387,7.338097,65.428848,10.775039,4.0,0.00022965,10,665,0.19283,0.27568,0.02,0.0,100,0.1,1.0,,,-0.01,0.01328,-0.00222,0.00054,-0.00057,-0.02333,0.66222
689,705536,70.17467,85.83333,1.0,0.96,1.239932,-0.003823,0.010943,0.00352,0.279021,0.040074,0.733168,65.994621,5.954715,65.685669,6.193965,4.0,0.00022955,12,650,0.19322,0.27132,0.02,0.0,100,0.0,1.0,,,-0.01,0.01102,-0.00252,0.00153,-0.00114,-0.01818,0.85748
690,706560,62.53482,104.44444,0.88889,0.95,1.145124,-0.003041,0.024732,0.002321,0.324985,0.024275,0.87258,62.159431,11.304143,60.788483,14.112728,4.0,0.00022945,9,675,0.19244,0.27323,0.02,0.0,100,0.11111,0.0,,,-0.01,0.01146,-0.00196,0.00214,-0.00253,-0.01051,0.61779
691,707584,64.30857,84.5,0.9,0.95,0.905249,-0.002201,0.065198,0.00243,0.36414,0.0271,0.874687,50.730473,21.108116,49.207134,22.247459,4.0,0.00022934,10,707,0.18629,0.26422,0.01,0.0,100,0.2,1.0,,,-0.01,0.01397,-0.00215,0.00156,-0.00613,-0.00835,0.82339
692,708608,65.08118,96.45455,0.90909,0.94,1.058636,-0.00193,0.047005,0.001305,0.209154,0.007115,0.898119,52.436802,20.224804,52.435215,21.119038,4.0,0.00022924,11,689,0.1948,0.26736,0.01,0.0,100,0.18182,1.0,,,-0.01,0.01262,-0.00241,0.00126,-0.0023,-0.01001,0.83479
693,709632,63.44311,133.44444,0.88889,0.93,1.132738,-0.002413,0.045652,0.002583,0.243586,0.0241,0.825791,56.729919,15.996853,56.840797,15.899234,4.0,0.00022914,9,669,0.19232,0.26206,0.02,0.0,100,0.11111,1.0,,,-0.01,0.01397,-0.00232,0.00219,-0.00243,-0.00972,0.62168
694,710656,63.13515,94.77778,0.88889,0.92,1.045562,-0.003352,0.041418,0.002639,0.295682,0.023333,0.88923,52.513569,16.948221,51.682259,18.994419,4.0,0.00022904,9,700,0.211,0.2936,0.02,0.0,100,0.11111,1.0,,,-0.01,0.01335,-0.00296,-0.0002,-0.00292,-0.00952,0.70077
695,711680,71.68088,81.90909,1.0,0.92,1.095436,-0.002724,0.024879,0.002727,0.344367,0.025321,0.934032,56.565666,18.05529,58.011158,18.388033,4.0,0.00022893,11,679,0.20813,0.2835,0.02,0.0,100,0.09091,1.0,,,-0.01,0.01309,-0.00299,0.00032,-0.00039,-0.01146,0.8678
696,712704,64.70162,114.81818,0.90909,0.91,1.091905,-0.003035,0.023462,0.002653,0.345829,0.02002,0.936055,57.416229,17.523258,57.171299,18.515308,4.0,0.00022883,11,680,0.20606,0.28802,0.03,0.0,100,0.09091,0.95238,,,-0.01,0.01288,-0.00231,0.00025,-0.00306,-0.0172,0.80346
697,713728,70.39751,117.8,1.0,0.93,1.220472,-0.002432,0.026833,0.003619,0.372318,0.049561,0.639919,61.535675,12.397226,63.145176,9.613791,4.0,0.00022873,10,669,0.21005,0.28832,0.02,0.0,100,0.1,0.5,,,-0.01,0.01247,-0.00238,0.00247,0.00031,-0.00953,0.74164
698,714752,64.08948,86.6,0.9,0.93,1.050063,-0.002647,0.030609,0.002354,0.344561,0.026681,0.78393,61.759369,8.375048,59.808327,11.920017,4.0,0.00022863,10,683,0.20784,0.28996,0.02,0.0,100,0.1,1.0,,,-0.01,0.01181,-0.00207,0.0022,-0.0067,-0.01079,0.74606
699,715776,71.44275,93.6,1.0,0.93,0.99506,-0.00241,0.035655,0.002815,0.239467,0.03261,0.810041,57.204021,13.392373,57.908062,13.302101,4.0,0.00022852,10,707,0.2122,0.29811,0.02,0.0,100,0.2,0.875,,,-0.01,0.01328,-0.00272,0.00014,-0.00216,-0.01134,0.86935
700,716800,71.8658,84.1,1.0,0.94,1.04111,-0.00316,0.01678,0.003775,0.262406,0.046666,0.900606,60.120899,12.098527,60.579563,12.641843,4.0,0.00022842,10,683,0.18628,0.26919,0.02,0.0,100,0.1,0.9,,,-0.01,0.01531,-0.00306,0.00039,-0.00213,-0.00745,0.79952
701,717824,63.7232,124.4,0.9,0.94,1.162975,-0.002944,0.017727,0.004892,0.250409,0.070278,0.855824,60.24353,11.117652,60.995625,11.089435,4.0,0.00022832,10,686,0.20566,0.28185,0.03,0.0,100,0.2,1.0,,,-0.01,0.01029,-0.00315,-0.0004,-0.00115,-0.01211,0.72161
702,718848,72.35845,73.66667,1.0,0.96,1.207685,-0.004631,0.004436,0.004379,0.322226,0.053048,0.900627,63.965206,5.709435,64.271172,6.929342,4.0,0.00022822,12,647,0.17144,0.25549,0.02,0.0,100,0.0,1.0,,,-0.01,0.01341,-0.00223,0.00245,-0.00038,-0.0116,0.85685
703,719872,63.17959,120.77778,0.88889,0.95,1.232238,-0.003234,0.00916,0.003389,0.264222,0.031738,0.926822,61.563385,10.429619,60.916817,11.294386,4.0,0.00022812,9,669,0.20954,0.28941,0.03,0.0,100,0.0,1.0,,,-0.01,0.01015,-0.00343,0.00213,-0.0012,-0.00827,0.61278
704,720896,71.75141,80.25,1.0,0.96,1.111537,-0.005309,0.004138,0.00404,0.306243,0.050642,0.976685,59.708801,12.529338,59.295391,13.412344,4.0,0.00022801,8,691,0.20207,0.29181,0.03,0.0,100,0.0,1.0,,,-0.01,0.00977,-0.00481,0.00203,0.00064,-0.00827,0.64799
705,721920,71.15907,104.69231,1.0,0.96,1.12657,-0.00366,0.010328,0.004591,0.27414,0.057443,0.951952,61.292103,13.612416,61.650398,14.151594,4.0,0.00022791,13,668,0.19396,0.2855,0.03,0.0,100,0.07692,1.0,,,-0.01,0.01353,-0.00318,0.00217,-0.001,-0.01143,0.97407
706,722944,66.9738,101.46667,0.93333,0.96,1.152434,-0.005161,0.003769,0.005129,0.348146,0.063302,0.888934,67.689201,5.7484,67.993439,5.804704,4.0,0.00022781,15,649,0.17303,0.26559,0.03,0.0,100,0.06667,0.9697,,,-0.01,0.0125,-0.00196,0.0014,0.0,-0.01103,1.00268
707,723968,72.35236,77.2,1.0,0.96,1.087244,-0.0031,0.005393,0.003372,0.297928,0.036168,0.634965,67.969681,3.172148,67.710312,3.722273,4.0,0.00022771,10,655,0.16239,0.25536,0.03,0.0,100,0.0,1.0,,,-0.01,0.01435,-0.00193,0.00205,-0.00079,-0.01369,0.71489
708,724992,71.67113,81.18182,1.0,0.97,1.041415,-0.002813,0.024818,0.003025,0.334275,0.036621,0.687956,63.736298,8.378526,63.003479,8.759112,4.0,0.0002276,11,672,0.18609,0.2758,0.03,0.0,100,0.18182,1.0,,,-0.01,0.01497,-0.00173,0.00105,-0.00494,-0.02268,0.84822
709,726016,72.0389,85.81818,1.0,0.97,1.07851,-0.003065,0.018769,0.003078,0.222654,0.031355,0.812103,61.702393,9.434299,62.072258,10.1005,4.0,0.0002275,11,667,0.18595,0.27542,0.03,0.0,100,0.18182,0.0,,,-0.01,0.01767,-0.00163,0.00317,-0.00157,-0.02355,0.83292
710,727040,72.3109,81.45455,1.0,0.98,1.104013,-0.002471,0.011539,0.002339,0.271897,0.028251,0.920294,61.096642,10.82331,61.455372,11.552031,4.0,0.0002274,11,672,0.18089,0.27583,0.02,0.0,100,0.09091,1.0,,,-0.01,0.01305,-0.00224,0.00222,-0.00193,-0.01298,0.8529
711,728064,63.00866,119.5,0.91667,0.97,1.060528,-0.003738,0.006161,0.003528,0.233622,0.045933,0.705039,67.142067,4.452888,67.382782,4.44171,4.0,0.0002273,12,659,0.16019,0.25536,0.03,0.0,100,0.08333,1.0,,,-0.01,0.01315,-0.00141,0.00086,-0.0012,-0.01099,0.79683
712,729088,72.02532,78.66667,1.0,0.98,1.043629,-0.005329,0.004736,0.004323,0.297003,0.055664,0.900018,65.740479,5.999822,65.652641,6.727684,4.0,0.00022719,12,672,0.1657,0.25764,0.02,0.0,100,0.0,1.0,,,-0.01,0.01223,-0.00153,-0.00027,-0.0004,-0.01246,0.91094
713,730112,71.62142,80.84615,1.0,0.98,0.984285,-0.003136,0.009479,0.002963,0.262324,0.035889,0.585824,67.100868,5.08485,67.444878,4.71507,4.0,0.00022709,13,663,0.13846,0.23077,0.02,0.0,100,0.15385,1.0,,,-0.01,0.01604,-0.00138,0.00047,-0.0014,-0.01324,0.96026
714,731136,67.12638,84.26667,0.93333,0.98,0.982304,-0.001524,0.038308,0.002543,0.193502,0.029088,0.498389,66.073036,4.877923,65.292526,9.04793,4.0,0.00022699,15,659,0.15017,0.24612,0.01,0.0,100,0.13333,0.0,,,-0.01,0.01412,-0.00122,0.00258,-0.00313,-0.01379,1.07202
715,732160,72.55569,70.45455,1.0,0.98,0.945429,-0.00267,0.010726,0.003299,0.228592,0.035679,0.68004,67.372475,5.638602,67.564072,5.473395,4.0,0.00022689,11,665,0.13917,0.22232,0.01,0.0,100,0.09091,0.0,,,-0.01,0.0123,-0.0015,0.00111,-0.00175,-0.01153,0.8249
716,733184,71.45729,82.13333,1.0,0.98,1.005288,-0.003247,0.013474,0.003036,0.226915,0.038749,0.55085,66.720078,6.215704,67.262199,5.489999,4.0,0.00022678,15,659,0.15213,0.2457,0.01,0.0,100,0.13333,1.0,,,-0.01,0.01216,-0.00165,0.00124,-0.00133,-0.01189,1.12249
717,734208,71.83854,76.28571,1.0,0.98,1.05788,-0.004494,0.002736,0.003874,0.275051,0.048305,0.666264,68.612083,2.819749,68.781883,2.800524,4.0,0.00022668,14,653,0.14746,0.22517,0.01,0.0,100,0.0,0.0,,,-0.01,0.01188,-0.00141,0.00062,0.0,-0.01453,0.99609
718,735232,72.17494,74.45455,1.0,0.99,0.989132,-0.002389,0.005401,0.003413,0.246794,0.040144,0.679609,68.105972,3.565372,67.939064,3.907218,4.0,0.00022658,11,669,0.13272,0.21305,0.0,0.0,100,0.09091,0.0,,,-0.01,0.01039,-0.00109,0.00256,-0.00331,-0.01225,0.82158
719,736256,71.60645,89.11111,1.0,0.99,0.977068,-0.003125,0.007407,0.002617,0.252868,0.030727,0.749353,66.311142,4.779515,65.79995,5.137033,4.0,0.00022648,9,688,0.15445,0.23864,0.0,0.0,100,0.22222,1.0,,,-0.01,0.01396,-0.00104,0.00204,-0.00455,-0.0103,0.73032
720,737280,64.18858,102.9,0.9,0.98,1.150429,-0.001661,0.029172,0.004015,0.314473,0.062221,0.619587,66.217644,4.713817,64.656845,9.16862,4.0,0.00022637,10,681,0.17627,0.25726,0.0,0.0,100,0.2,0.5,,,-0.01,0.01057,-0.00162,0.00272,9e-05,-0.01029,0.6995
721,738304,70.81345,98.2,1.0,0.98,1.149578,-0.003439,0.012167,0.004039,0.251677,0.047294,0.654308,65.960213,5.621817,65.756287,5.636813,4.0,0.00022627,10,652,0.14943,0.22997,0.0,0.0,100,0.1,1.0,,,-0.01,0.01138,-0.00172,0.0021,-0.00121,-0.01218,0.72614
722,739328,72.22955,78.66667,1.0,0.98,1.090009,-0.003363,0.011993,0.003511,0.333012,0.036412,0.870951,62.466213,8.27323,61.400322,9.226189,4.0,0.00022617,9,670,0.15285,0.22826,0.0,0.0,100,0.11111,0.0,,,-0.01,0.01188,-0.00113,0.0007,-0.00515,-0.00987,0.7144
723,740352,58.59823,123.36364,0.81818,0.97,0.966514,-0.001459,0.030755,0.002533,0.274494,0.028146,0.808963,61.195698,10.032064,60.395161,12.812388,4.0,0.00022607,11,692,0.14032,0.21107,0.01,0.0,100,0.27273,0.66667,,,-0.01,0.0138,-0.00123,0.00022,-0.00204,-0.01186,0.76478
724,741376,72.09657,73.75,1.0,0.97,1.024724,-0.00453,0.007721,0.004091,0.393538,0.054513,0.963969,60.779724,12.766248,59.405308,13.81197,4.0,0.00022596,8,684,0.14076,0.20671,0.01,0.0,100,0.0,1.0,,,-0.01,0.00996,-0.00117,-2e-05,-0.00255,-0.02283,0.64601
725,742400,60.00346,141.77778,0.88889,0.96,0.88823,-0.002762,0.020375,0.002405,0.253762,0.026821,0.921757,57.424526,14.486605,57.257561,15.430455,4.0,0.00022586,9,712,0.13396,0.20049,0.02,0.0,100,0.22222,0.85714,,,-0.01,0.01549,-0.00096,0.00224,-0.00347,-0.01263,0.7112
726,743424,64.05794,118.33333,0.88889,0.95,0.851356,-0.002773,0.014935,0.003241,0.32148,0.040492,0.950661,56.807034,15.937496,56.072956,16.527418,4.0,0.00022576,9,721,0.12842,0.18771,0.03,0.0,100,0.22222,0.75,,,-0.01,0.01289,-0.00121,0.00251,-0.00534,-0.01168,0.74405
727,744448,62.68748,81.875,0.875,0.94,0.962329,-0.001183,0.034332,0.002458,0.246942,0.025321,0.906386,55.616096,17.178705,54.907654,18.963419,4.0,0.00022566,8,707,0.14959,0.20831,0.03,0.0,100,0.25,1.0,,,-0.01,0.01438,-0.00144,0.00057,-0.00277,-0.01206,0.59839
728,745472,61.11074,134.42857,0.85714,0.92,0.972117,-0.002449,0.021412,0.002471,0.226466,0.024798,0.923334,58.537804,15.843863,59.111172,16.403503,4.0,0.00022556,14,669,0.12275,0.18541,0.05,0.0,100,0.28571,1.0,,,-0.01,0.01626,-0.00094,0.00188,-0.00263,-0.01152,0.92171
729,746496,72.57586,71.38462,1.0,0.92,1.055438,-0.00477,0.009485,0.003316,0.301252,0.04126,0.831092,64.051033,5.976372,64.304054,7.30053,4.0,0.00022545,13,652,0.12858,0.18932,0.05,0.0,100,0.0,1.0,,,-0.01,0.01418,-0.00112,-8e-05,-0.00197,-0.01146,0.94093
730,747520,72.34818,80.11111,1.0,0.93,0.959306,-0.003919,0.020274,0.003345,0.224137,0.044399,0.883453,59.035088,11.905786,59.297913,12.848404,4.0,0.00022535,9,691,0.12336,0.186,0.05,0.0,100,0.22222,1.0,,,-0.01,0.01329,-0.0011,0.00012,-0.00176,-0.01548,0.73218
731,748544,71.66663,87.44444,1.0,0.93,0.955228,-0.002664,0.022893,0.00372,0.309075,0.045759,0.909331,58.922756,14.6416,58.454914,15.426663,4.0,0.00022525,9,681,0.11875,0.18304,0.05,0.0,100,0.22222,1.0,,,-0.01,0.01622,-0.00106,0.0007,-0.00407,-0.01343,0.71075
732,749568,65.61016,115.28571,0.92857,0.93,1.025538,-0.002772,0.017584,0.003172,0.315053,0.043457,0.789101,63.450069,9.808896,64.536446,9.412211,4.0,0.00022515,14,654,0.12679,0.18838,0.05,0.0,100,0.21429,1.0,,,-0.01,0.01655,-0.00108,-0.00033,-0.00078,-0.0114,0.95491
733,750592,72.53846,80.61538,1.0,0.94,1.032522,-0.00339,0.006923,0.002493,0.278968,0.026995,0.638204,66.966324,4.207341,67.450371,4.220251,4.0,0.00022504,13,649,0.11704,0.17927,0.05,0.0,100,0.07692,0.8,,,-0.01,0.01568,-0.00089,1e-05,-0.00157,-0.0063,0.94217
734,751616,72.29912,81.33333,1.0,0.95,0.854767,-0.003048,0.006073,0.00298,0.230068,0.03418,0.72174,66.134727,4.405752,66.519203,4.511128,4.0,0.00022494,12,684,0.11451,0.17063,0.04,0.0,100,0.16667,0.85714,,,-0.01,0.0192,-0.00072,-0.00039,-0.00357,-0.00966,0.98752
735,752640,72.19293,77.07692,1.0,0.97,0.895977,-0.002971,0.006278,0.003539,0.292779,0.042585,0.623748,67.342697,3.710875,67.806595,3.893025,4.0,0.00022484,13,661,0.11527,0.17342,0.03,0.01,100,0.23077,0.0,,,-0.01,0.01895,-0.00049,-0.00163,-0.00377,-0.01029,0.98061
736,753664,66.59038,78.66667,0.91667,0.97,0.84063,-0.000758,0.041595,0.002088,0.250588,0.020996,0.40562,67.067245,3.863611,65.883896,8.507868,4.0,0.00022474,12,690,0.11317,0.16887,0.02,0.01,100,0.08333,1.0,,,-0.01,0.01827,-0.00052,0.00059,-0.00522,-0.00827,0.90489
737,754688,66.29655,81.25,0.91667,0.97,0.842024,-0.002013,0.038351,0.002939,0.180083,0.037144,0.702781,65.57489,8.16489,64.908699,11.288282,4.0,0.00022463,12,704,0.11691,0.17143,0.01,0.01,100,0.16667,0.0,,,-0.01,0.01666,-0.00067,0.00068,-0.00128,-0.01008,0.91851
738,755712,72.75966,73.15385,1.0,0.97,0.903404,-0.00275,0.007621,0.00299,0.286748,0.03704,0.955588,64.978783,12.080678,64.530502,12.547011,4.0,0.00022453,13,682,0.12541,0.17956,0.01,0.01,100,0.07692,1.0,,,-0.01,0.01703,-0.00111,0.00262,-0.00022,-0.00858,1.04214
739,756736,66.06942,106.08333,0.91667,0.96,0.822599,-0.002347,0.013037,0.00215,0.236945,0.026053,0.951722,63.643608,15.473915,63.245693,15.909526,4.0,0.00022443,12,689,0.11548,0.17601,0.02,0.01,100,0.33333,0.66667,,,-0.01,0.0172,-0.00059,-9e-05,-0.00418,-0.01307,0.8942
740,757760,72.70548,71.25,1.0,0.97,0.882129,-0.002941,0.006117,0.002008,0.233846,0.021798,0.915667,66.784309,7.524933,66.629715,8.133448,4.0,0.00022433,12,684,0.11596,0.17029,0.01,0.01,100,0.08333,1.0,,,-0.01,0.01616,-0.00055,0.00024,-0.00099,-0.00973,0.9522
741,758784,72.67328,71.9,1.0,0.97,0.868317,-0.003212,0.006122,0.003312,0.36792,0.043666,0.963182,64.210823,11.4964,63.233242,12.045127,4.0,0.00022422,10,707,0.13382,0.19428,0.01,0.01,100,0.0,0.0,,,-0.01,0.01483,-0.00091,0.00177,-0.00169,-0.01193,0.84425
742,759808,65.67283,114.5,0.91667,0.96,0.921337,-0.002901,0.01003,0.003181,0.260753,0.038714,0.958582,61.744377,14.567469,61.772366,15.214214,4.0,0.00022412,12,693,0.13624,0.1981,0.02,0.01,100,0.25,0.0,,,-0.01,0.01486,-0.0009,0.00272,-0.00037,-0.01185,0.88663
743,760832,72.40851,75.41667,1.0,0.96,0.991519,-0.003343,0.009914,0.00396,0.296417,0.050328,0.90144,64.506317,9.166577,64.299614,9.764157,4.0,0.00022402,12,664,0.14085,0.20423,0.02,0.01,100,0.08333,0.0,,,-0.01,0.01422,-0.00078,0.00078,-0.00129,-0.01117,0.87991
744,761856,64.51732,111.4,0.9,0.96,1.006461,-0.00399,0.008134,0.003493,0.369537,0.045096,0.945792,63.102348,11.246632,62.507069,12.054326,4.0,0.00022392,10,671,0.13399,0.20026,0.03,0.0,100,0.1,1.0,,,-0.01,0.01315,-0.001,-0.00067,-0.00184,-0.01242,0.66928
745,762880,72.04521,85.76923,1.0,0.97,0.948556,-0.00361,0.007825,0.002708,0.292426,0.033238,0.904844,64.200798,8.335177,64.589218,8.941023,4.0,0.00022381,13,671,0.13972,0.21069,0.03,0.0,100,0.0,0.0,,,-0.01,0.0146,-0.00107,0.00214,0.00065,-0.01096,0.98014
746,763904,72.79996,68.18182,1.0,0.97,0.943815,-0.004063,0.005747,0.002876,0.312872,0.033936,0.96851,63.040825,12.790301,62.756844,13.893969,4.0,0.00022371,11,675,0.14041,0.20928,0.03,0.0,100,0.0,1.0,,,-0.01,0.01554,-0.00119,0.00072,-7e-05,-0.01397,0.83754
747,764928,64.39809,107.7,0.9,0.96,0.931373,-0.005156,0.004583,0.003573,0.320972,0.044817,0.986572,59.565361,18.191679,59.275963,19.218145,4.0,0.00022361,10,676,0.13094,0.2022,0.04,0.0,100,0.0,1.0,,,-0.01,0.01449,-0.00083,-0.00115,0.0,-0.01075,0.67506
748,765952,72.6729,72.92308,1.0,0.97,0.962635,-0.00488,0.007791,0.004596,0.377851,0.063407,0.967344,62.342915,14.517902,61.740726,15.528915,4.0,0.00022351,13,665,0.1203,0.19557,0.03,0.0,100,0.0,0.0,,,-0.01,0.01458,-0.00075,0.00297,-0.00217,-0.01144,0.96123
749,766976,64.27755,114.0,0.9,0.96,0.837217,-0.002727,0.009547,0.002583,0.290067,0.028983,0.963249,61.191669,15.015621,60.338726,15.54582,4.0,0.0002234,10,692,0.10854,0.1774,0.04,0.0,100,0.0,0.0,,,-0.01,0.01512,-0.00026,-0.0008,-0.00156,-0.0181,0.72821
750,768000,70.82129,101.81818,1.0,0.96,0.85566,-0.002246,0.022667,0.003076,0.215183,0.039865,0.439003,64.324715,8.081231,64.352493,6.964684,4.0,0.0002233,11,675,0.11123,0.18579,0.04,0.0,100,0.18182,0.0,,,-0.01,0.01518,-0.00028,-0.00184,-0.00176,-0.0155,0.85064
751,769024,58.78569,93.25,0.83333,0.95,0.821912,-0.000909,0.061307,0.001713,0.35919,0.016776,0.554606,63.756001,5.903959,61.982014,12.1774,4.0,0.0002232,12,683,0.11094,0.17822,0.03,0.0,100,0.33333,0.0,,,-0.01,0.01702,-0.00058,-0.00167,-0.00396,-0.01205,0.79663
752,770048,71.96662,82.76923,1.0,0.95,1.006516,-0.003751,0.007092,0.003161,0.361572,0.038993,0.520191,66.312088,3.764809,66.946838,3.613423,4.0,0.0002231,13,651,0.12653,0.21066,0.03,0.0,100,0.0,0.0,,,-0.01,0.01163,-0.00088,0.00118,0.0,-0.01528,0.9222
753,771072,70.96907,78.09091,1.0,0.96,0.944228,-0.003771,0.00814,0.003609,0.292854,0.050014,0.822443,66.065697,5.939283,65.979202,6.441992,4.0,0.000223,11,667,0.13688,0.20697,0.02,0.0,100,0.0,1.0,,,-0.01,0.01133,-0.00115,-0.0054,-0.0004,-0.017,0.80341
754,772096,66.41442,88.0,0.92857,0.95,0.811941,-0.002438,0.038732,0.002603,0.213149,0.032017,0.796127,62.592258,11.529018,62.210369,13.702086,4.0,0.00022289,14,676,0.11156,0.19307,0.02,0.0,100,0.14286,1.0,,,-0.01,0.01724,-0.00063,0.00059,-0.0016,-0.01178,1.01523
755,773120,72.24464,73.92308,1.0,0.95,0.893719,-0.003075,0.007671,0.00396,0.239355,0.053781,0.814861,67.180656,5.53644,67.38131,6.074677,4.0,0.00022279,13,662,0.11502,0.1896,0.02,0.0,100,0.0,0.0,,,-0.01,0.01481,-0.00061,0.00127,-0.00089,-0.01408,0.9483
756,774144,72.414,75.09091,1.0,0.96,0.908791,-0.003646,0.005645,0.003486,0.279218,0.043178,0.955898,64.86306,10.764288,64.885101,11.440221,4.0,0.00022269,11,674,0.12453,0.2084,0.01,0.0,100,0.0,1.0,,,-0.01,0.01597,-0.00068,0.00309,0.00034,-0.01291,0.83915
757,775168,72.70171,72.72727,1.0,0.97,0.88228,-0.002571,0.007226,0.002572,0.240592,0.027762,0.9744,62.597992,15.592228,62.323452,16.157972,4.0,0.00022259,11,678,0.13108,0.2097,0.0,0.0,100,0.0,0.0,,,-0.01,0.01437,-0.00106,0.0016,-0.00026,-0.01072,0.85449
758,776192,71.33787,120.88889,1.0,0.97,1.067151,-0.001761,0.035451,0.002719,0.248785,0.029576,0.655229,63.074024,14.688798,63.606377,11.393731,4.0,0.00022248,9,676,0.1558,0.24004,0.0,0.0,100,0.11111,0.0,,,-0.01,0.01364,-0.00129,0.00133,-0.00038,-0.01235,0.66337
759,777216,71.01587,99.91667,1.0,0.97,1.131267,-0.003761,0.006343,0.004137,0.296306,0.052979,0.781829,65.314476,4.354392,65.445007,5.105678,4.0,0.00022238,12,657,0.14976,0.23768,0.0,0.0,100,0.0,1.0,,,-0.01,0.01259,-0.00101,0.00057,-0.00035,-0.01111,0.84492
760,778240,70.73079,101.27273,1.0,0.99,1.026802,-0.003925,0.008411,0.003932,0.36163,0.047363,0.833548,64.837837,6.306381,64.51403,6.809133,4.0,0.00022228,11,669,0.14872,0.23196,0.0,0.0,100,0.0,0.8,,,-0.01,0.01231,-0.00074,0.00133,-0.00073,-0.01563,0.80702
761,779264,71.94035,82.63636,1.0,0.99,0.979916,-0.003702,0.005761,0.002975,0.241826,0.040283,0.895071,64.907829,6.814506,65.223732,7.396606,4.0,0.00022218,11,676,0.15216,0.2316,0.0,0.0,100,0.09091,0.0,,,-0.01,0.01429,-0.00113,-0.00057,-0.00029,-0.01087,0.81529
762,780288,72.04897,82.16667,1.0,0.99,1.036926,-0.004251,0.002557,0.003818,0.313635,0.049142,0.976856,64.319221,9.714183,64.224327,10.366062,4.0,0.00022207,12,672,0.15495,0.23915,0.0,0.0,100,0.0,1.0,,,-0.01,0.01355,-0.00127,0.00056,0.0,-0.01221,0.88303
763,781312,64.22485,115.54545,0.90909,0.99,1.075625,-0.004334,0.002845,0.003259,0.299132,0.035958,0.976652,65.215012,10.299812,65.081192,10.809379,4.0,0.00022197,11,670,0.15735,0.24907,0.01,0.0,100,0.0,1.0,,,-0.01,0.01088,-0.00098,-0.00294,0.0,-0.01368,0.7256
764,782336,71.80184,79.57143,1.0,0.99,0.940085,-0.003047,0.00304,0.002666,0.261514,0.030099,0.661043,68.165657,2.841372,68.643234,2.805073,4.0,0.00022187,14,661,0.14197,0.2289,0.01,0.0,100,0.0,0.5,,,-0.01,0.01656,-0.00102,-0.00021,-4e-05,-0.01325,1.00611
765,783360,71.50125,80.27273,1.0,0.99,0.930526,-0.002687,0.009192,0.003781,0.244872,0.049491,0.430882,67.301109,4.101754,67.315567,3.887859,4.0,0.00022177,11,669,0.13956,0.22938,0.01,0.0,100,0.18182,0.0,,,-0.01,0.01452,-0.00075,-0.00164,-0.00176,-0.01473,0.80735
766,784384,71.29378,83.0,1.0,0.99,1.152537,-0.004466,0.005993,0.003295,0.331204,0.039865,0.859817,66.746399,5.209616,66.062141,6.049607,4.0,0.00022166,11,672,0.17283,0.26905,0.01,0.0,100,0.0,1.0,,,-0.01,0.01026,-0.00124,-0.00072,-0.00073,-0.01998,0.81778
767,785408,69.92535,116.125,1.0,0.99,0.99563,-0.004308,0.011438,0.00478,0.300973,0.068673,0.766456,65.494225,5.837872,64.741928,6.535926,4.0,0.00022156,8,680,0.1404,0.22507,0.01,0.0,100,0.125,0.0,,,-0.01,0.01465,-0.00092,0.0015,-0.00309,-0.01184,0.60344
768,786432,66.32754,87.57143,0.92857,0.98,1.029508,-0.001292,0.026419,0.003132,0.142354,0.041051,0.65388,66.642075,5.42374,66.626175,8.331269,4.0,0.00022146,14,661,0.1665,0.26301,0.01,0.0,100,0.14286,0.0,,,-0.01,0.01515,-0.00143,-0.0,-0.00042,-0.0144,0.96211
769,787456,71.95178,80.73333,1.0,0.98,1.08785,-0.003793,0.002193,0.003281,0.322289,0.034389,0.67735,68.204651,2.393325,68.590683,2.381137,4.0,0.00022136,15,652,0.1596,0.25628,0.01,0.0,100,0.0,0.0,,,-0.01,0.0152,-0.00094,0.00224,0.0,-0.0149,1.06507
770,788480,72.30356,73.85714,1.0,0.98,1.059073,-0.0042,0.001203,0.003514,0.30034,0.052665,0.795885,68.737358,2.276966,69.076057,2.281307,4.0,0.00022125,14,650,0.15527,0.24847,0.01,0.0,100,0.0,0.0,,,-0.01,0.01345,-0.00096,0.00279,0.0,-0.01638,0.9972
771,789504,72.39894,70.58333,1.0,0.99,1.005601,-0.00311,0.006129,0.003207,0.271282,0.039586,0.87353,67.402664,5.721259,67.25222,6.611011,4.0,0.00022115,12,656,0.15592,0.24408,0.0,0.0,100,0.0,0.0,,,-0.01,0.01426,-0.00084,0.00096,-0.00161,-0.01238,0.8867
772,790528,66.2428,82.30769,0.92308,0.98,0.978871,-0.001527,0.040346,0.001969,0.196564,0.016776,0.656892,65.537193,7.752863,65.057808,10.595797,4.0,0.00022105,13,666,0.16128,0.25166,0.0,0.0,100,0.15385,1.0,,,-0.01,0.01441,-0.00093,0.00126,-0.00286,-0.01259,0.92148
773,791552,71.23009,89.0,1.0,0.98,1.032594,-0.002726,0.032931,0.003098,0.22294,0.035017,0.562902,64.683212,9.967214,65.103844,8.663796,4.0,0.00022095,12,663,0.17746,0.27358,0.0,0.0,100,0.16667,1.0,,,-0.01,0.01385,-0.00195,0.00013,-0.00381,-0.01122,0.9166
774,792576,72.05636,70.57143,1.0,0.98,1.054946,-0.00414,0.005923,0.00263,0.224292,0.029332,0.721556,68.08947,3.425231,67.908562,4.302897,4.0,0.00022084,14,647,0.19058,0.29037,0.0,0.0,100,0.0,0.0,,,-0.01,0.01375,-0.00171,0.00015,-0.00087,-0.0174,1.00614
775,793600,71.74358,77.28571,1.0,0.98,0.922704,-0.00371,0.009038,0.002998,0.378541,0.036761,0.915071,62.413288,8.811851,61.2411,9.652022,4.0,0.00022074,7,706,0.18561,0.2844,0.0,0.0,100,0.0,0.0,,,-0.01,0.01046,-0.00579,-0.00092,-0.0032,-0.024,0.60987
776,794624,70.87858,100.90909,1.0,0.99,1.115707,-0.00273,0.0175,0.004188,0.257936,0.055106,0.672863,64.340416,6.866529,64.214676,7.246362,4.0,0.00022064,11,659,0.18477,0.27969,0.0,0.0,100,0.18182,0.0,,,-0.01,0.01156,-0.00496,-0.0029,-0.00148,-0.02476,0.80597
777,795648,70.10623,115.14286,1.0,0.99,0.923378,-0.003253,0.016559,0.002911,0.308326,0.038295,0.853789,59.468719,9.288435,58.288166,10.14846,4.0,0.00022054,7,714,0.17359,0.27646,0.0,0.0,100,0.14286,0.0,,,-0.01,0.01186,-0.00364,-0.00105,-0.00626,-0.03111,0.61239
778,796672,45.84794,125.81818,0.72727,0.96,0.968768,-0.001662,0.046169,0.002102,0.343303,0.013218,0.705979,61.746517,8.142768,59.749226,12.515747,4.0,0.00022044,11,681,0.17009,0.27831,0.01,0.0,100,0.18182,0.0,,,-0.01,0.01125,-0.00168,0.00145,-0.00216,-0.02867,0.63513
779,797696,63.26029,93.88889,0.88889,0.95,1.071217,-0.002152,0.025489,0.003758,0.271356,0.050677,0.833202,63.422131,9.472902,62.168362,12.165672,4.0,0.00022033,9,677,0.18975,0.29538,0.01,0.0,100,0.11111,0.0,,,-0.01,0.01229,-0.00179,-0.00028,-0.00188,-0.01631,0.60427
780,798720,62.37553,111.2,0.9,0.94,1.058649,-0.002986,0.008655,0.002835,0.300388,0.031669,0.968188,58.965366,15.166638,58.447079,16.212141,4.0,0.00022023,10,678,0.20794,0.31782,0.02,0.0,100,0.0,0.0,,,-0.01,0.01282,-0.00267,0.00138,-0.00091,-0.01347,0.69653
781,799744,70.60587,104.11111,1.0,0.94,0.951504,-0.003144,0.012242,0.003369,0.311098,0.046456,0.964963,58.609219,17.186626,58.167236,17.585413,4.0,0.00022013,9,707,0.21601,0.3226,0.02,0.0,100,0.0,0.0,,,-0.01,0.0139,-0.00299,0.0016,-0.00199,-0.01376,0.75238
782,800768,71.43754,91.625,1.0,0.95,0.864171,-0.004056,0.031384,0.003641,0.284874,0.047154,0.940414,54.402256,20.862038,53.48962,21.628592,4.0,0.00022003,8,724,0.20403,0.31029,0.02,0.0,100,0.0,0.0,,,-0.01,0.01238,-0.00145,-0.00201,-0.00344,-0.01336,0.7163
783,801792,53.21235,126.76923,0.76923,0.92,0.992447,-0.002749,0.02223,0.003584,0.278728,0.048898,0.891972,62.301121,11.609605,61.836941,14.023263,4.0,0.00021992,13,669,0.18923,0.29275,0.03,0.0,100,0.23077,1.0,,,-0.01,0.01285,-0.00124,-0.00179,-0.00228,-0.01855,0.74651
784,802816,65.85088,89.5,0.92857,0.91,0.974118,-0.001983,0.030374,0.001954,0.241254,0.020368,0.890342,61.948067,14.819816,62.129265,15.987896,4.0,0.00021982,14,676,0.19683,0.30324,0.03,0.0,100,0.14286,1.0,,,-0.01,0.0135,-0.00105,-0.00209,-0.00204,-0.01473,0.99568
785,803840,72.44926,69.69231,1.0,0.91,1.01821,-0.003186,0.002013,0.002789,0.272394,0.032819,0.701111,67.975487,2.613555,68.584305,2.513654,4.0,0.00021972,13,655,0.19071,0.29353,0.03,0.0,100,0.0,0.0,,,-0.01,0.01289,-0.00121,0.00163,0.0,-0.0134,0.92773
786,804864,71.45655,79.28571,1.0,0.92,1.079979,-0.002857,0.012114,0.00422,0.299313,0.055525,0.171732,67.239784,4.537529,67.61834,3.84811,4.0,0.00021962,14,659,0.20815,0.30354,0.03,0.0,100,0.07143,0.0,,,-0.01,0.01163,-0.00184,-0.00067,-0.00052,-0.01747,0.99877
787,805888,72.09256,68.44444,1.0,0.94,1.026835,-0.001564,0.011267,0.001487,0.250054,0.011823,0.840238,66.414223,7.006773,65.665756,7.77503,4.0,0.00021951,9,673,0.21806,0.31743,0.02,0.0,100,0.0,0.0,,,-0.01,0.01287,-0.00138,-0.00159,-0.00203,-0.01098,0.67415
788,806912,71.06589,96.75,1.0,0.95,1.089263,-0.001953,0.026117,0.002577,0.346907,0.027344,0.876145,61.830227,12.614492,60.309605,13.621379,4.0,0.00021941,8,686,0.24323,0.33869,0.02,0.0,100,0.125,0.0,,,-0.01,0.01248,-0.00233,0.00066,-0.00145,-0.02343,0.6183
789,807936,69.83513,115.625,1.0,0.95,1.085827,-0.001969,0.026349,0.003098,0.203678,0.042201,0.912091,56.483997,17.730959,56.702152,17.421631,4.0,0.00021931,8,708,0.24001,0.33801,0.02,0.0,100,0.25,0.0,,,-0.01,0.00928,-0.00229,0.00185,-0.00136,-0.02222,0.65328
790,808960,60.56776,125.0,0.88889,0.95,1.086357,-0.004874,0.003997,0.0045,0.342109,0.062221,0.990964,58.01244,19.439137,57.530628,20.090292,4.0,0.00021921,9,680,0.23468,0.32812,0.02,0.0,100,0.0,0.0,,,-0.01,0.01055,-0.00174,0.00313,0.0,-0.01445,0.62269
791,809984,64.67177,117.5,0.9,0.94,1.11796,-0.005567,0.010661,0.005116,0.366299,0.072231,0.831088,64.475006,6.221674,63.406006,7.603717,4.0,0.0002191,10,671,0.20074,0.29353,0.03,0.0,100,0.1,1.0,,,-0.01,0.01122,-0.00148,0.00012,-0.00229,-0.01568,0.67368
792,811008,64.41168,86.90909,0.90909,0.96,1.040659,-0.002636,0.031962,0.003214,0.271407,0.03547,0.751374,61.795856,8.348066,61.276665,10.668056,4.0,0.000219,11,665,0.18979,0.2745,0.02,0.0,100,0.18182,1.0,,,-0.01,0.01286,-0.00174,0.00211,-0.00382,-0.00876,0.76514
793,812032,58.97509,124.08333,0.83333,0.94,1.134639,-0.003212,0.014002,0.003179,0.251529,0.039237,0.938687,60.009411,13.734017,59.673656,15.901245,4.0,0.0002189,12,666,0.19715,0.28009,0.03,0.0,100,0.08333,0.0,,,-0.01,0.01062,-0.00254,0.00169,-0.00125,-0.00995,0.76038
794,813056,72.10795,74.85714,1.0,0.95,0.922169,-0.00412,0.044051,0.003388,0.533131,0.047398,0.854376,57.426208,14.623751,54.451984,15.756392,4.0,0.0002188,7,703,0.1659,0.24945,0.03,0.0,100,0.0,0.0,,,-0.01,0.01262,-0.00102,0.00235,-0.00889,-0.00862,0.60661
795,814080,60.80695,116.375,0.875,0.94,0.824788,-0.002048,0.049229,0.002117,0.265995,0.023368,0.906708,44.98167,20.415941,44.539227,21.726957,4.0,0.00021869,8,750,0.16809,0.2386,0.03,0.0,100,0.375,0.0,,,-0.01,0.01305,-0.00071,0.00286,-0.00225,-0.01302,0.69493
796,815104,55.92157,133.6,0.8,0.93,0.807599,-0.001494,0.063935,0.001169,0.319784,0.008615,0.889879,39.283695,22.340134,37.950283,22.838736,4.0,0.00021859,5,768,0.17939,0.25722,0.03,0.0,100,0.4,1.0,,,-0.01,0.01066,-0.00318,0.00316,-0.00631,-0.01461,0.42687
797,816128,44.79028,161.72727,0.63636,0.89,0.985883,-0.002338,0.026545,0.002835,0.23875,0.032122,0.942696,51.280354,19.856678,50.849201,21.906515,4.0,0.00021849,11,680,0.17313,0.25238,0.05,0.0,100,0.36364,1.0,,,-0.01,0.01153,-0.00102,0.00282,-0.00266,-0.01262,0.56139
798,817152,71.48001,86.22222,1.0,0.89,0.930364,-0.00332,0.063126,0.002958,0.238879,0.033098,0.883062,50.817791,20.153625,50.514397,21.919582,4.0,0.00021839,9,708,0.16749,0.24868,0.05,0.0,100,0.11111,0.0,,,-0.01,0.01236,-0.00084,0.00041,-0.00714,-0.01317,0.78091
799,818176,57.64088,127.75,0.83333,0.87,1.005769,-0.002038,0.06142,0.002585,0.378367,0.024763,0.804364,57.16502,16.525127,59.035122,16.952585,4.0,0.00021828,12,684,0.15966,0.24183,0.06,0.0,100,0.33333,0.33333,,,-0.01,0.01235,-0.00073,0.00175,-0.00149,-0.01217,0.78431
800,819200,71.79821,73.0,1.0,0.87,1.001033,-0.003079,0.022499,0.002448,0.27983,0.028878,0.860395,62.983711,10.406188,62.776207,11.901172,4.0,0.00021818,11,663,0.16238,0.24116,0.06,0.0,100,0.0,0.0,,,-0.01,0.01136,-0.00097,0.00104,-0.00234,-0.0166,0.82117
801,820224,63.21719,101.44444,0.88889,0.88,0.927304,-0.003363,0.051327,0.002203,0.202158,0.026263,0.880075,57.922646,18.794395,57.762775,19.653782,4.0,0.00021808,9,694,0.16187,0.24516,0.04,0.0,100,0.22222,0.0,,,-0.01,0.01422,-0.00159,0.00062,-0.00363,-0.01129,0.65756
802,821248,65.97253,85.76923,0.92308,0.88,1.009375,-0.004066,0.01902,0.004191,0.270501,0.059256,0.912498,61.707783,12.596647,61.38855,14.785968,4.0,0.00021798,13,674,0.16679,0.25011,0.04,0.0,100,0.07692,0.0,,,-0.01,0.01438,-0.00067,0.00041,-0.001,-0.01453,0.92312
803,822272,71.89985,75.88889,1.0,0.88,1.075413,-0.003405,0.016233,0.002591,0.260751,0.024972,0.955781,58.251953,19.076265,58.41721,19.527494,4.0,0.00021788,9,685,0.17841,0.26461,0.04,0.0,100,0.11111,0.0,,,-0.01,0.01214,-0.00173,0.00064,0.00011,-0.01335,0.70792
804,823296,64.1345,121.9,0.9,0.89,1.117325,-0.005323,0.009617,0.003153,0.329362,0.039342,0.984781,54.401638,23.474642,53.789803,24.121336,4.0,0.00021777,10,682,0.19873,0.29064,0.04,0.0,100,0.1,0.33333,,,-0.01,0.01265,-0.00141,-0.00156,0.00039,-0.01096,0.70964
805,824320,62.7369,118.7,0.9,0.89,0.965414,-0.003327,0.074463,0.002857,0.418775,0.032819,0.776769,56.411091,16.995604,54.066746,18.597553,4.0,0.00021767,10,690,0.18301,0.26728,0.04,0.0,100,0.1,0.0,,,-0.01,0.01632,-0.00214,0.00016,-0.00806,-0.0146,0.74527
806,825344,54.20263,96.23077,0.76923,0.9,0.916466,-0.00197,0.033258,0.00125,0.276435,0.010219,0.937806,53.988487,19.89183,53.36726,22.643406,4.0,0.00021757,13,699,0.16532,0.24899,0.03,0.0,100,0.23077,1.0,,,-0.01,0.01542,-0.00227,-0.00051,-0.0031,-0.01156,0.85241
807,826368,71.38896,91.3,1.0,0.91,0.92094,-0.002256,0.14651,0.002684,0.374326,0.029576,0.623551,50.471355,21.274029,52.160152,19.6024,4.0,0.00021747,10,691,0.16418,0.2419,0.02,0.0,100,0.4,0.0,,,-0.01,0.01611,-0.00403,0.00253,-0.00785,-0.00946,0.85025
808,827392,50.62173,97.57143,0.71429,0.91,0.859631,-0.002423,0.042918,0.001753,0.421081,0.019252,0.899214,50.144287,16.54718,47.782784,19.354303,4.0,0.00021736,7,728,0.16717,0.25711,0.01,0.0,100,0.28571,0.0,,,-0.01,0.01506,-0.00135,0.0006,-0.0078,-0.00801,0.47325
809,828416,57.91936,104.0,0.81818,0.89,1.07469,-0.002753,0.0815,0.00369,0.300109,0.057024,0.677174,54.665585,14.333639,54.863918,15.195244,4.0,0.00021726,11,677,0.19008,0.27821,0.01,0.0,100,0.45455,1.0,,,-0.01,0.01425,-0.00247,2e-05,-0.00515,-0.00768,0.6962
810,829440,62.38463,140.125,0.875,0.88,1.024113,-0.001788,0.043153,0.002872,0.244788,0.032227,0.838322,49.084064,14.668019,49.386822,15.616673,4.0,0.00021716,8,691,0.18588,0.26451,0.02,0.0,100,0.25,0.0,,,-0.01,0.01323,-0.0027,-0.00038,-0.00343,-0.00454,0.57839
811,830464,55.09063,115.66667,0.77778,0.87,0.823536,-0.001674,0.035149,0.002736,0.352616,0.034075,0.9086,52.639458,16.278465,51.060825,19.37055,4.0,0.00021706,9,717,0.18407,0.26373,0.02,0.0,100,0.22222,1.0,,,-0.01,0.01666,-0.00136,-1e-05,-0.00689,-0.01291,0.63935
812,831488,64.33227,93.54545,0.90909,0.87,1.086185,-0.002082,0.024106,0.003058,0.28033,0.038051,0.814472,61.869465,8.783023,62.332092,10.625834,4.0,0.00021695,11,659,0.21241,0.29067,0.02,0.0,100,0.18182,0.0,,,-0.01,0.01582,-0.00146,-0.00142,-0.00125,-0.01526,0.72481
813,832512,65.58234,88.16667,0.91667,0.86,0.930386,-0.002007,0.030305,0.002937,0.299019,0.034703,0.896002,59.073856,14.372039,59.220329,16.842878,4.0,0.00021685,12,678,0.1811,0.25131,0.02,0.0,100,0.08333,0.0,,,-0.01,0.01938,-0.00128,0.00052,-0.00313,-0.01341,0.86448
814,833536,72.27194,78.91667,1.0,0.87,0.962907,-0.001975,0.0741,0.002118,0.343854,0.023019,0.736987,59.635185,14.879268,58.580166,15.948622,4.0,0.00021675,12,667,0.1735,0.24857,0.01,0.0,100,0.16667,0.5,,,-0.01,0.01705,-0.00148,0.00162,-0.00597,-0.01022,0.94608
815,834560,41.64643,130.3,0.6,0.85,0.809463,-0.00316,0.029156,0.00255,0.398773,0.02567,0.954902,47.404224,22.086496,45.273663,25.295248,4.0,0.00021665,10,736,0.195,0.27406,0.01,0.0,100,0.4,0.0,,,-0.01,0.01771,-0.0024,0.00061,-0.00554,-0.0123,0.58226
816,835584,71.43567,86.5,1.0,0.87,0.985256,-0.001828,0.070482,0.002029,0.374879,0.021275,0.841511,50.787445,19.28014,49.718925,19.862293,4.0,0.00021654,6,698,0.21301,0.28666,0.01,0.0,100,0.16667,0.0,,,-0.01,0.01842,-0.00425,7e-05,-0.00513,-0.01305,0.50292
817,836608,55.31776,126.4,0.8,0.85,0.947221,-0.002285,0.074966,0.002327,0.251406,0.023333,0.837228,50.4837,18.830116,50.879078,20.388666,4.0,0.00021644,10,701,0.19158,0.26257,0.01,0.0,100,0.3,0.0,,,-0.01,0.01807,-0.00224,-0.00028,-0.00453,-0.01211,0.66375
818,837632,70.08879,126.25,1.0,0.86,1.151806,-0.002781,0.049223,0.003589,0.305618,0.044957,0.751199,55.078594,16.39109,56.676052,14.231411,4.0,0.00021634,8,695,0.2202,0.28091,0.01,0.0,100,0.125,0.0,,,-0.01,0.01452,-0.00195,-0.00386,-0.00038,-0.01051,0.62704
819,838656,72.02904,79.77778,1.0,0.89,1.184269,-0.00525,0.013844,0.004087,0.364046,0.048514,0.909068,55.333992,10.513321,55.74958,12.4859,4.0,0.00021624,9,656,0.19759,0.27087,0.01,0.0,100,0.0,0.0,,,-0.01,0.01384,-0.00121,-0.00193,-0.00088,-0.01446,0.65852
820,839680,61.71853,89.875,0.875,0.88,1.080642,-0.002213,0.034414,0.00261,0.323967,0.028285,0.913716,46.617493,16.871418,45.337456,19.41618,4.0,0.00021613,8,688,0.21373,0.28643,0.01,0.0,100,0.125,0.0,,,-0.01,0.01207,-0.00141,-0.00349,-0.00457,-0.01455,0.57476
821,840704,45.94389,165.11111,0.66667,0.86,0.972089,-0.00283,0.023315,0.002482,0.239065,0.027134,0.9608,46.762394,22.423788,46.579948,24.569273,4.0,0.00021603,9,684,0.17805,0.26764,0.02,0.0,100,0.22222,1.0,,,-0.01,0.01747,-0.00112,-0.00263,-0.00253,-0.01863,0.49569
822,841728,62.68176,116.88889,0.88889,0.88,1.040746,-0.002106,0.054898,0.002735,0.23537,0.02839,0.825486,57.80014,17.537542,57.833618,17.22702,4.0,0.00021593,9,673,0.19563,0.28407,0.03,0.0,100,0.11111,1.0,,,-0.01,0.01815,-0.00138,0.00053,-0.00268,-0.01763,0.6278
823,842752,62.7449,115.33333,0.88889,0.87,1.136973,-0.002197,0.036911,0.002398,0.257238,0.025181,0.807779,60.783234,12.065575,60.863491,13.171893,4.0,0.00021583,9,672,0.19962,0.27631,0.03,0.0,100,0.11111,0.0,,,-0.01,0.01663,-0.00118,-0.00185,-0.00116,-0.01432,0.58981
824,843776,71.71605,86.125,1.0,0.87,1.258255,-0.00382,0.018763,0.003785,0.360421,0.054304,0.869831,61.301445,10.133281,60.272289,11.188094,4.0,0.00021572,8,651,0.19309,0.27038,0.03,0.0,100,0.0,0.0,,,-0.01,0.01455,-0.00117,0.00024,-0.00126,-0.01283,0.57287
825,844800,62.86466,135.55556,0.88889,0.87,1.055692,-0.003822,0.046876,0.003315,0.326447,0.039655,0.85445,47.684227,16.22847,46.858849,16.971422,4.0,0.00021562,9,695,0.18798,0.26803,0.04,0.0,100,0.22222,0.0,,,-0.01,0.01425,-0.00089,7e-05,-0.00247,-0.00946,0.68278
826,845824,62.5258,131.375,0.875,0.86,1.036405,-0.002619,0.032208,0.002519,0.259859,0.028216,0.922355,49.862186,18.971739,50.760822,19.564531,4.0,0.00021552,8,695,0.16474,0.2302,0.05,0.0,100,0.125,0.0,,,-0.01,0.01567,-0.0007,-0.00076,-0.0003,-0.00851,0.59507
827,846848,72.28222,76.72727,1.0,0.9,1.021679,-0.003689,0.018906,0.003405,0.293797,0.039621,0.958754,53.433239,19.131012,53.627258,20.23765,4.0,0.00021542,11,689,0.16969,0.24457,0.05,0.0,100,0.0,0.0,,,-0.01,0.01828,-0.00104,-0.00107,-0.00078,-0.01242,0.91514
828,847872,53.58294,163.0,0.75,0.89,0.911108,-0.004582,0.020032,0.003685,0.427795,0.055629,0.942798,48.364948,16.387623,46.479431,17.026169,4.0,0.00021532,4,717,0.16595,0.24577,0.06,0.0,100,0.25,0.0,,,-0.01,0.01537,-0.0007,-0.00089,-0.00255,-0.01237,0.2768
829,848896,58.14176,177.5,0.83333,0.9,0.948277,-0.00342,0.043014,0.003412,0.291772,0.03826,0.896037,42.58551,18.890379,42.177776,19.344021,4.0,0.00021521,6,744,0.17882,0.25679,0.07,0.0,100,0.33333,0.0,,,-0.01,0.01431,-0.00176,0.00074,0.00053,-0.00821,0.48769
830,849920,56.07876,162.7,0.8,0.88,0.9701,-0.002776,0.054102,0.002819,0.299323,0.036516,0.904898,43.723103,21.494755,44.373249,22.763941,4.0,0.00021511,10,715,0.17098,0.24247,0.08,0.0,100,0.2,1.0,,,-0.01,0.01569,-0.00109,-0.00201,-0.0016,-0.01123,0.69741
831,850944,64.71236,112.4,0.9,0.87,0.983813,-0.00297,0.024267,0.002989,0.281107,0.034494,0.916211,55.09787,14.864163,55.336647,16.168692,4.0,0.00021501,10,680,0.1688,0.2331,0.09,0.0,100,0.1,0.0,,,-0.01,0.02051,-0.00064,-0.003,-0.00269,-0.01084,0.72731
832,851968,64.15607,96.9,0.9,0.88,0.819469,-0.002635,0.06015,0.002632,0.241897,0.033796,0.842991,51.580647,16.898113,51.769234,18.51428,4.0,0.00021491,10,716,0.18119,0.24601,0.08,0.0,100,0.2,0.0,,,-0.01,0.02076,-0.00105,-0.00307,-0.005,-0.01353,0.82412
833,852992,57.04407,88.0,0.8,0.89,0.750036,-0.002528,0.071925,0.00245,0.247439,0.028146,0.85014,48.073364,18.371637,48.243694,20.781813,4.0,0.0002148,10,726,0.1493,0.21807,0.06,0.0,100,0.4,0.0,,,-0.01,0.02047,-0.0009,-0.00305,-0.00449,-0.01071,0.7801
834,854016,65.40372,108.81818,0.90909,0.89,0.93767,-0.003174,0.03165,0.003251,0.328105,0.039272,0.885437,58.377159,14.408895,58.952934,15.648347,4.0,0.0002147,11,678,0.1498,0.21604,0.07,0.0,100,0.09091,0.0,,,-0.01,0.02079,-0.00089,-0.0029,-0.00379,-0.01581,0.81075
835,855040,64.22672,96.09091,0.90909,0.88,1.022253,-0.00315,0.069783,0.003011,0.262984,0.040492,0.650126,59.42458,13.705774,60.20356,13.630301,4.0,0.0002146,11,678,0.17758,0.25031,0.07,0.0,100,0.27273,1.0,,,-0.01,0.01868,-0.00071,-0.0021,-0.00366,-0.01666,0.77563
836,856064,62.97673,97.44444,0.88889,0.88,1.123671,-0.001794,0.042344,0.003479,0.388772,0.043004,0.798143,58.491337,11.210678,56.976479,13.389548,4.0,0.0002145,9,672,0.20327,0.28377,0.06,0.0,100,0.11111,0.0,,,-0.01,0.01844,-0.00086,-0.00128,-0.00412,-0.0137,0.61066
837,857088,61.94624,132.55556,0.88889,0.88,0.932474,-0.002194,0.047585,0.001783,0.310127,0.016532,0.844903,53.448078,15.148053,54.450352,16.722879,4.0,0.00021439,9,713,0.18488,0.26807,0.05,0.0,100,0.33333,0.0,,,-0.01,0.02005,-0.00076,-0.00151,-0.00206,-0.01265,0.68721
838,858112,71.06149,99.77778,1.0,0.88,1.190561,-0.002786,0.035855,0.002548,0.255042,0.028739,0.528975,61.730915,9.63778,61.943287,8.534417,4.0,0.00021429,9,669,0.22522,0.30373,0.05,0.0,100,0.22222,0.0,,,-0.01,0.01778,-0.00123,-0.00241,-0.00122,-0.01857,0.66883
839,859136,70.14316,112.5,1.0,0.9,1.033849,-0.002423,0.021547,0.002892,0.304396,0.031669,0.693906,61.033276,7.888964,61.950745,7.999915,4.0,0.00021419,12,673,0.20603,0.2845,0.03,0.0,100,0.08333,0.0,,,-0.01,0.01852,-0.00108,-0.00454,-0.00209,-0.01469,0.91177
840,860160,71.20388,96.28571,1.0,0.92,1.0322,-0.003615,0.026392,0.004193,0.220152,0.053816,0.767073,58.624763,9.680373,58.52076,10.030423,4.0,0.00021409,7,700,0.24413,0.3209,0.02,0.0,100,0.28571,0.0,,,-0.01,0.01831,-0.00193,-0.00492,-0.00237,-0.01354,0.58906
841,861184,69.67478,122.36364,1.0,0.93,0.951097,-0.002148,0.019651,0.002546,0.379887,0.032959,0.75944,59.032825,8.666106,61.083157,8.397279,4.0,0.00021398,11,692,0.17166,0.23978,0.01,0.0,100,0.18182,1.0,,,-0.01,0.02011,-0.00071,-0.00423,0.00099,-0.02101,0.88023
842,862208,71.28782,83.88889,1.0,0.94,0.999815,-0.003693,0.015073,0.00425,0.301583,0.056501,0.633614,61.810886,5.888584,62.487995,6.027267,4.0,0.00021388,9,691,0.20583,0.28256,0.01,0.0,100,0.22222,1.0,,,-0.01,0.01868,-0.00189,-0.00297,-0.00182,-0.01426,0.73267
843,863232,70.70882,110.1,1.0,0.95,1.04176,-0.003185,0.011378,0.002575,0.238951,0.028564,0.610789,63.472408,5.191177,63.965065,5.124856,4.0,0.00021378,10,684,0.20084,0.27361,0.01,0.0,100,0.2,0.0,,,-0.01,0.01893,-0.00149,-0.00396,-0.00229,-0.01374,0.78235
844,864256,71.56412,92.14286,1.0,0.97,1.062132,-0.003796,0.0069,0.002647,0.307077,0.025216,0.552183,64.547874,3.065031,65.759453,3.57905,4.0,0.00021368,14,660,0.17656,0.25291,0.0,0.0,100,0.07143,1.0,,,-0.01,0.02096,-0.00138,-0.00306,-0.00148,-0.01324,1.01915
845,865280,72.07174,75.72727,1.0,0.98,1.088483,-0.004282,0.003097,0.004205,0.340797,0.046212,0.792905,66.370026,3.164658,66.856636,3.591805,4.0,0.00021357,11,665,0.18936,0.25891,0.0,0.0,100,0.0,0.0,,,-0.01,0.02154,-0.00156,-0.00187,-0.0006,-0.01819,0.81991
846,866304,70.95009,102.11111,1.0,0.99,1.016985,-0.002242,0.005714,0.002959,0.260455,0.032017,0.602596,66.288094,3.596544,66.538773,3.54572,4.0,0.00021347,9,678,0.17128,0.2505,0.0,0.0,100,0.22222,0.0,,,-0.01,0.02103,-0.00121,-0.00168,-0.00156,-0.01638,0.70181
847,867328,66.02671,88.5,0.91667,0.99,1.055299,-0.000978,0.038985,0.002905,0.248443,0.02689,0.297152,66.820862,2.596189,65.704231,7.907253,4.0,0.00021337,12,673,0.17369,0.24419,0.0,0.0,100,0.08333,0.0,,,-0.01,0.02005,-0.00109,-0.0024,-0.00058,-0.01701,0.83824
848,868352,70.86076,104.2,1.0,0.99,1.210342,-0.004636,0.006641,0.004239,0.353981,0.053013,0.757426,66.310425,4.369103,66.110085,4.921658,4.0,0.00021327,10,658,0.19192,0.26282,0.0,0.0,100,0.0,0.0,,,-0.01,0.02044,-0.00094,-0.00043,-0.00137,-0.01454,0.72112
849,869376,72.38436,82.0,1.0,0.99,1.046087,-0.004091,0.003286,0.00414,0.336447,0.047189,0.956963,63.821323,7.919479,63.394871,8.462916,4.0,0.00021316,8,688,0.19101,0.26481,0.0,0.0,100,0.0,0.0,,,-0.01,0.01797,-0.00116,-0.00116,0.00016,-0.01483,0.63763
850,870400,70.23439,119.66667,1.0,0.99,1.173071,-0.003745,0.008867,0.003761,0.268131,0.045027,0.856963,64.246986,6.564722,63.683968,7.413633,4.0,0.00021306,9,666,0.21903,0.29389,0.0,0.0,100,0.11111,1.0,,,-0.01,0.01621,-0.00158,-0.00059,-0.00121,-0.01779,0.65649
851,871424,69.99923,112.88889,1.0,0.99,1.160756,-0.002927,0.010922,0.002717,0.286595,0.033098,0.893519,62.556953,9.162987,62.373096,9.442746,4.0,0.00021296,9,668,0.20853,0.28912,0.0,0.0,100,0.11111,0.0,,,-0.01,0.01864,-0.00145,0.00118,-0.00104,-0.01579,0.6637
852,872448,65.8661,117.41667,0.91667,0.98,0.960666,-0.003238,0.014229,0.002267,0.268508,0.026855,0.814375,63.578899,7.36711,63.424347,8.056849,4.0,0.00021286,12,675,0.14624,0.22194,0.01,0.0,100,0.0,0.0,,,-0.01,0.02139,-0.00046,0.00015,-0.0016,-0.00909,0.87493
853,873472,67.07841,88.69231,0.92308,0.97,1.056552,-0.000985,0.0334,0.003158,0.166749,0.033936,0.692096,65.487267,6.647968,65.401535,9.9879,4.0,0.00021276,13,667,0.16149,0.23884,0.01,0.0,100,0.15385,0.0,,,-0.01,0.0242,-0.00091,0.00142,0.0001,-0.01368,0.91944
854,874496,72.87789,70.55556,1.0,0.97,1.24053,-0.004928,0.005656,0.004569,0.417843,0.057024,0.771661,66.508408,3.794655,65.667633,5.320104,4.0,0.00021265,9,654,0.20354,0.2832,0.01,0.0,100,0.0,0.0,,,-0.01,0.01879,-0.00122,0.00055,0.00075,-0.02806,0.64202
855,875520,59.92379,91.66667,0.83333,0.96,1.167481,-0.001692,0.048327,0.002808,0.37393,0.027588,0.764762,58.265247,11.130424,56.180325,13.16113,4.0,0.00021255,6,688,0.18907,0.27678,0.01,0.0,100,0.33333,0.0,,,-0.01,0.01668,-0.00104,0.00277,-0.00125,-0.02072,0.39111
856,876544,57.4213,145.81818,0.81818,0.94,1.32565,-0.003779,0.004213,0.004597,0.448028,0.064418,0.978487,58.854198,12.825836,58.402912,13.789827,4.0,0.00021245,11,662,0.21231,0.29667,0.03,0.0,100,0.0,0.0,,,-0.01,0.01633,-0.00127,0.00048,0.0,-0.0153,0.64911
857,877568,64.33167,109.58333,0.91667,0.94,1.139494,-0.002679,0.013299,0.002791,0.296016,0.029262,0.916125,64.255928,10.903873,63.629883,11.662633,4.0,0.00021235,12,666,0.17799,0.25135,0.04,0.0,100,0.0,0.0,,,-0.01,0.02083,-0.00117,-0.00237,-0.00018,-0.01899,0.8156
858,878592,72.33303,73.63636,1.0,0.94,1.013761,-0.00242,0.006695,0.002296,0.253757,0.026646,0.961327,63.271076,11.826673,63.475777,12.460288,4.0,0.00021224,11,689,0.17787,0.25358,0.04,0.0,100,0.0,0.0,,,-0.01,0.0217,-0.00109,-0.00264,-0.00106,-0.01477,0.86426
859,879616,72.22295,88.5,1.0,0.94,0.957417,-0.002343,0.017355,0.002529,0.171887,0.032192,0.93754,59.041595,15.158193,59.256012,15.473044,4.0,0.00021214,8,720,0.20031,0.29333,0.04,0.0,100,0.0,0.0,,,-0.01,0.02205,-0.00152,0.00145,-0.00199,-0.01198,0.69759
860,880640,67.84858,103.66667,0.93333,0.93,1.006992,-0.002624,0.010848,0.002394,0.272587,0.026995,0.910079,64.963982,10.745005,65.931595,10.54396,4.0,0.00021204,15,667,0.18365,0.26896,0.05,0.0,100,0.06667,0.0,,,-0.01,0.02334,-0.00111,-0.00023,-0.00071,-0.0124,1.05619
861,881664,72.93819,71.63636,1.0,0.94,1.097573,-0.003075,0.008772,0.002328,0.288925,0.025042,0.889664,66.39006,7.676854,65.97374,8.462012,4.0,0.00021194,11,669,0.18452,0.2695,0.04,0.0,100,0.0,0.0,,,-0.01,0.02226,-0.00128,0.00091,-0.00085,-0.01544,0.83523
862,882688,71.89138,85.72727,1.0,0.94,1.004775,-0.002265,0.02634,0.002472,0.22229,0.0256,0.860369,61.786091,12.512307,61.667908,12.777251,4.0,0.00021183,11,687,0.19709,0.28642,0.04,0.0,100,0.09091,0.0,,,-0.01,0.02177,-0.00086,0.00108,-0.00086,-0.01488,0.8943
863,883712,72.7044,81.8,1.0,0.95,0.917713,-0.002655,0.02009,0.002713,0.209688,0.032645,0.91425,60.000637,13.91188,59.848637,14.29414,4.0,0.00021173,10,705,0.1766,0.27324,0.04,0.0,100,0.1,0.0,,,-0.01,0.02182,-0.00144,-0.00051,-0.00306,-0.012,0.84913
864,884736,58.66235,123.36364,0.81818,0.94,1.053535,-0.001171,0.022659,0.00169,0.185092,0.017962,0.871434,64.376205,10.811976,63.781536,13.232459,4.0,0.00021163,11,685,0.18967,0.28017,0.05,0.0,100,0.18182,0.0,,,-0.01,0.0212,-0.00125,-0.00015,0.00025,-0.0157,0.70664
865,885760,72.01731,91.66667,1.0,0.96,1.111725,-0.003268,0.014869,0.004343,0.2604,0.062605,0.748717,67.00795,6.039533,66.801231,7.069172,4.0,0.00021153,12,658,0.17904,0.26323,0.03,0.0,100,0.0,1.0,,,-0.01,0.02346,-0.00134,0.00089,-0.00173,-0.01351,0.86418
866,886784,72.45556,80.75,1.0,0.97,1.041178,-0.002576,0.03103,0.00309,0.205921,0.038121,0.745263,64.49733,10.858496,64.594353,10.497206,4.0,0.00021142,12,676,0.19411,0.28796,0.02,0.0,100,0.08333,0.0,,,-0.01,0.02264,-0.00137,0.0002,-0.00227,-0.01531,0.93202
867,887808,65.71237,95.33333,0.91667,0.96,0.946637,-0.002803,0.03274,0.002207,0.280928,0.021624,0.834571,63.406391,10.46586,62.420685,12.993022,4.0,0.00021132,12,681,0.15803,0.24393,0.02,0.0,100,0.16667,0.0,,,-0.01,0.02174,-0.00072,-0.00306,-0.00076,-0.01405,0.86284
868,888832,72.3295,80.8,1.0,0.96,0.994335,-0.002485,0.014354,0.002774,0.275943,0.031703,0.932248,62.513252,12.661132,62.784485,13.256173,4.0,0.00021122,10,689,0.16899,0.27157,0.02,0.0,100,0.1,0.0,,,-0.01,0.02232,-0.00115,-0.00325,-0.00033,-0.01382,0.7971
869,889856,65.35977,91.63636,0.90909,0.96,1.161994,-0.002423,0.024926,0.002629,0.295677,0.028285,0.845873,64.489655,10.365557,63.688843,11.718495,4.0,0.00021112,11,665,0.18712,0.28752,0.01,0.0,100,0.18182,0.0,,,-0.01,0.02064,-0.00098,0.00126,-0.0023,-0.01174,0.75581
870,890880,72.25057,87.0,1.0,0.96,1.028355,-0.004626,0.004453,0.003698,0.291837,0.048305,0.982349,62.026775,14.645118,62.435184,15.248967,4.0,0.00021101,12,687,0.17018,0.26333,0.01,0.0,100,0.0,0.0,,,-0.01,0.02341,-0.00142,0.00017,0.00033,-0.01584,0.94389
871,891904,72.8628,69.61538,1.0,0.96,0.942816,-0.00306,0.008758,0.003549,0.289407,0.047956,0.976871,61.205376,17.393473,61.211872,17.992739,4.0,0.00021091,13,685,0.14967,0.22796,0.01,0.0,100,0.0,0.0,,,-0.01,0.02181,-0.00103,-0.00112,-0.00094,-0.01265,1.04334
872,892928,66.10817,120.66667,0.91667,0.96,1.03308,-0.00208,0.045884,0.003856,0.262578,0.053641,0.797185,61.569824,15.407779,62.473381,14.406017,4.0,0.00021081,12,680,0.16014,0.24611,0.01,0.0,100,0.25,0.0,,,-0.01,0.02127,-0.00107,0.00076,-0.00148,-0.00976,0.87583
873,893952,73.16079,71.57143,1.0,0.97,1.070261,-0.002717,0.004913,0.003194,0.299363,0.037319,0.771571,67.692406,3.275964,67.998329,4.239743,4.0,0.00021071,14,651,0.15925,0.23626,0.01,0.0,100,0.0,1.0,,,-0.01,0.02218,-0.00108,-0.00278,-0.0011,-0.0093,1.01108
874,894976,72.05095,82.5,1.0,0.97,1.12429,-0.002234,0.018374,0.003725,0.243982,0.048793,0.607338,65.487984,7.630038,66.29451,6.611866,4.0,0.0002106,12,668,0.18366,0.27186,0.01,0.0,100,0.16667,0.0,,,-0.01,0.02021,-0.00123,-0.00215,-0.00025,-0.01089,0.90462
875,896000,72.78628,78.72727,1.0,0.98,1.022094,-0.003147,0.009179,0.003262,0.24509,0.04398,0.849159,65.650383,6.189238,65.393906,7.035134,4.0,0.0002105,11,673,0.17931,0.26567,0.01,0.0,100,0.0,0.0,,,-0.01,0.02285,-0.00113,-0.00059,-0.00255,-0.00996,0.87833
876,897024,65.26318,95.90909,0.90909,0.97,1.088062,-0.001917,0.035107,0.002862,0.219093,0.033517,0.741555,64.306778,8.003181,63.506561,10.971219,4.0,0.0002104,11,678,0.19497,0.2862,0.01,0.0,100,0.18182,0.0,,,-0.01,0.02283,-0.00121,-0.00048,-0.00138,-0.01675,0.81014
877,898048,71.99274,96.0,1.0,0.98,1.100864,-0.003589,0.013923,0.003353,0.248724,0.037458,0.438073,66.511848,6.384137,67.304291,4.839267,4.0,0.0002103,11,651,0.16794,0.25032,0.01,0.0,100,0.18182,0.0,,,-0.01,0.02266,-0.00045,-0.00067,-0.00012,-0.01288,0.80072
878,899072,72.46253,80.85714,1.0,0.98,1.157707,-0.004279,0.00337,0.002951,0.278164,0.031913,0.588553,68.586433,2.280115,68.833031,2.616072,4.0,0.0002102,14,638,0.18217,0.25552,0.01,0.0,100,0.07143,1.0,,,-0.01,0.02302,-0.0013,-0.00246,-0.00015,-0.01201,0.9954
879,900096,72.59386,82.63636,1.0,0.98,1.035741,-0.003816,0.006094,0.003088,0.288326,0.037946,0.875142,66.640404,5.639465,66.230972,6.359409,4.0,0.00021009,11,674,0.18329,0.27124,0.01,0.0,100,0.0,0.0,,,-0.01,0.02172,-0.0009,-0.00084,-0.00127,-0.00901,0.88007
880,901120,72.57861,86.76923,1.0,0.99,0.987151,-0.001536,0.009704,0.002943,0.237467,0.034668,0.649271,66.481346,5.945526,67.511108,5.017587,4.0,0.00020999,13,674,0.16739,0.2567,0.0,0.0,100,0.15385,0.0,,,-0.01,0.02274,-0.00134,-0.00117,-8e-05,-0.00814,1.01605
881,902144,72.53064,77.83333,1.0,0.99,1.158221,-0.004272,0.002747,0.002303,0.277265,0.021729,0.679758,69.261497,2.758039,69.443062,2.686943,4.0,0.00020989,12,643,0.17908,0.26195,0.0,0.0,100,0.0,1.0,,,-0.01,0.02243,-0.00111,-0.005,0.00093,-0.00917,0.85762
882,903168,72.27149,92.58333,1.0,0.99,1.222584,-0.003039,0.00228,0.003874,0.320859,0.041539,0.552421,69.863213,2.389559,69.579842,2.136631,4.0,0.00020979,12,648,0.19171,0.27205,0.0,0.0,100,0.08333,0.0,,,-0.01,0.02248,-0.00134,-0.00132,0.00222,-0.01619,0.85314
883,904192,72.22389,93.36364,1.0,0.99,1.08669,-0.003242,0.004677,0.004236,0.28227,0.054932,0.637846,68.397537,3.008317,68.254768,3.29287,4.0,0.00020968,11,657,0.17026,0.26079,0.0,0.0,100,0.09091,1.0,,,-0.01,0.02328,-0.00103,0.00086,0.00027,-0.01007,0.81139
884,905216,71.73166,86.54545,1.0,1.0,0.911797,-0.002788,0.006719,0.00286,0.219902,0.032924,0.750196,66.708603,4.430382,66.399796,4.77087,4.0,0.00020958,11,696,0.17641,0.25626,0.0,0.0,100,0.18182,1.0,,,-0.01,0.02254,-0.00154,-0.00146,-0.00414,-0.0193,0.93279
885,906240,66.19303,83.25,0.91667,0.99,1.033778,-0.001991,0.006494,0.002476,0.166694,0.02424,0.631316,68.350159,2.673761,68.324913,3.835556,4.0,0.00020948,12,665,0.17027,0.25232,0.0,0.0,100,0.08333,0.0,,,-0.01,0.02489,-0.00133,-7e-05,-0.00044,-0.01212,0.8219
886,907264,73.25712,71.33333,1.0,0.99,1.014808,-0.003156,0.001126,0.00324,0.353722,0.037772,0.941022,67.639,3.691604,67.889732,4.360867,4.0,0.00020938,12,676,0.17052,0.24444,0.0,0.0,100,0.0,1.0,,,-0.01,0.02478,-0.00153,-0.0004,0.0,-0.01307,0.92155
887,908288,72.97958,75.58333,1.0,0.99,0.990911,-0.003581,0.001101,0.004423,0.29931,0.061,0.970583,67.428848,5.514221,67.617104,6.029128,4.0,0.00020927,12,676,0.16742,0.24932,0.0,0.0,100,0.0,0.0,,,-0.01,0.02656,-0.00145,0.00122,2e-05,-0.00989,0.92841
888,909312,68.13962,98.71429,0.92857,0.98,1.021197,-0.004163,0.000567,0.004168,0.321055,0.061907,0.97347,69.281609,4.200255,69.412704,4.36949,4.0,0.00020917,14,653,0.16667,0.25399,0.01,0.0,100,0.07143,0.0,,,-0.01,0.0255,-0.00128,-6e-05,0.0,-0.01566,0.94643
889,910336,72.17329,78.35714,1.0,0.98,1.098143,-0.002936,0.003191,0.003113,0.298987,0.034354,0.680476,69.293396,2.807874,69.104721,2.88681,4.0,0.00020907,14,649,0.17057,0.24478,0.01,0.0,100,0.07143,0.0,,,-0.01,0.02146,-0.0013,-0.00156,-0.00018,-0.01488,1.00638
890,911360,72.61731,83.66667,1.0,0.98,1.063682,-0.004293,0.001386,0.005573,0.328218,0.082659,0.802663,69.478271,2.023615,69.460136,2.429965,4.0,0.00020897,12,629,0.16797,0.25251,0.01,0.0,100,0.0,0.5,,,-0.01,0.02408,-0.00114,0.00027,-1e-05,-0.01244,0.85091
891,912384,72.93427,77.66667,1.0,0.98,0.945824,-0.003816,0.007822,0.00422,0.274184,0.054164,0.653933,68.060463,3.796846,67.618813,4.323062,4.0,0.00020886,12,662,0.16879,0.23683,0.01,0.0,100,0.08333,0.0,,,-0.01,0.02462,-0.00118,0.00115,-0.00459,-0.01084,0.93935
892,913408,61.09926,85.76923,0.84615,0.97,0.899981,-0.000973,0.082541,0.002153,0.381305,0.018555,0.414743,66.903244,4.257075,64.738312,11.346916,4.0,0.00020876,13,680,0.15487,0.23676,0.01,0.0,100,0.30769,0.0,,,-0.01,0.02356,-0.00093,0.00093,-0.00466,-0.00956,0.88532
893,914432,61.53078,90.0,0.85714,0.96,0.852023,-0.001217,0.039255,0.00154,0.377521,0.013846,0.759179,61.892883,8.883848,59.978523,11.813272,4.0,0.00020866,7,722,0.17475,0.25407,0.01,0.0,100,0.14286,0.0,,,-0.01,0.02489,-0.00115,0.00233,-0.0042,-0.01423,0.54216
894,915456,71.35669,112.66667,1.0,0.96,0.899189,-0.002445,0.037522,0.00294,0.296684,0.032401,0.675681,58.743198,10.9861,59.683575,10.423006,4.0,0.00020856,9,714,0.18536,0.27422,0.01,0.0,100,0.33333,0.0,,,-0.01,0.02288,-0.00141,0.00272,-0.00257,-0.01051,0.80362
895,916480,71.34356,118.0,1.0,0.96,0.897143,-0.002425,0.016266,0.001777,0.280342,0.02131,0.891614,57.333729,10.655516,56.729248,11.102468,4.0,0.00020845,8,737,0.22229,0.30804,0.01,0.0,100,0.125,0.0,,,-0.01,0.02025,-0.0021,0.00081,-0.00413,-0.01561,0.76101
896,917504,60.12117,112.66667,0.83333,0.94,1.00917,-0.00145,0.036147,0.003001,0.221522,0.043039,0.794147,61.461941,9.260353,61.193897,13.339459,4.0,0.00020835,12,666,0.16447,0.23115,0.01,0.0,100,0.25,1.0,,,-0.01,0.02341,-0.00136,0.00212,-0.00026,-0.01724,0.77654
897,918528,71.63889,90.66667,1.0,0.95,0.973911,-0.002925,0.023191,0.00443,0.256843,0.05392,0.707508,63.593391,8.708395,64.310219,8.387123,4.0,0.00020825,12,674,0.15518,0.22626,0.0,0.0,100,0.0,0.0,,,-0.01,0.02295,-0.00113,-0.00273,-0.00373,-0.01068,0.94347
898,919552,65.4689,87.0,0.90909,0.94,1.02834,-0.001945,0.032862,0.002405,0.2481,0.026646,0.778336,64.047691,8.170703,63.276512,11.541153,4.0,0.00020815,11,678,0.16929,0.24091,0.0,0.0,100,0.09091,1.0,,,-0.01,0.02172,-0.00156,-0.00051,-0.00247,-0.00928,0.79091
899,920576,71.29886,114.66667,1.0,0.94,0.886427,-0.001833,0.029201,0.0027,0.227408,0.037493,0.831834,61.304638,12.489139,62.071026,12.109487,4.0,0.00020804,9,702,0.16537,0.23497,0.0,0.0,100,0.11111,0.0,,,-0.01,0.02216,-0.00182,0.00145,-0.00315,-0.0119,0.76172
900,921600,72.91101,74.73333,1.0,0.94,0.946526,-0.001808,0.01696,0.001976,0.25497,0.019845,0.350409,66.133522,5.487251,67.12928,4.878738,4.0,0.00020794,15,656,0.12484,0.19,0.0,0.0,100,0.06667,1.0,,,-0.01,0.02286,-0.00083,0.00136,-0.00184,-0.00995,1.10357
901,922624,72.87257,74.21429,1.0,0.96,0.983171,-0.001663,0.009904,0.00226,0.229972,0.019252,0.676195,66.312256,5.149638,67.119637,5.120099,4.0,0.00020784,14,662,0.12819,0.19228,0.0,0.0,100,0.0,0.0,,,-0.01,0.02147,-0.00068,5e-05,-0.00115,-0.01115,1.04104
902,923648,72.87419,78.69231,1.0,0.97,1.0255,-0.002872,0.004727,0.003897,0.300051,0.0482,0.788439,67.171974,5.029131,68.014328,4.451765,4.0,0.00020774,13,672,0.14014,0.21183,0.0,0.0,100,0.07692,0.0,,,-0.01,0.02133,-0.00114,0.00094,0.00084,-0.01142,0.97694
903,924672,72.78802,77.09091,1.0,0.97,1.162671,-0.003828,0.002364,0.003332,0.304447,0.038853,0.605427,68.784904,2.237193,68.923508,2.300599,4.0,0.00020764,11,652,0.16811,0.23228,0.0,0.0,100,0.0,0.0,,,-0.01,0.02127,-0.0014,0.00198,0.0,-0.01203,0.78236
904,925696,71.99381,93.09091,1.0,0.98,1.150303,-0.003343,0.005352,0.003895,0.305541,0.044538,0.71361,67.163475,3.621418,66.982719,3.990138,4.0,0.00020753,11,651,0.18036,0.24677,0.0,0.0,100,0.09091,0.0,,,-0.01,0.01877,-0.00134,-0.00174,-6e-05,-0.01239,0.78996
905,926720,72.82908,72.0,1.0,0.99,1.080369,-0.003094,0.004339,0.002882,0.254936,0.028948,0.881462,66.842384,4.84425,66.7752,5.577704,4.0,0.00020743,12,658,0.16435,0.23677,0.0,0.0,100,0.08333,0.0,,,-0.01,0.02256,-0.00109,0.00167,-0.00075,-0.0146,0.88638
906,927744,66.11977,105.90909,0.90909,0.99,0.980448,-0.004819,0.001455,0.003084,0.283145,0.037074,0.97096,65.402023,6.61827,65.290894,7.344136,4.0,0.00020733,11,682,0.15436,0.22009,0.01,0.0,100,0.0,0.0,,,-0.01,0.02065,-0.00126,0.00114,-0.00014,-0.01369,0.79613
907,928768,72.40037,70.76923,1.0,0.99,0.976799,-0.003499,0.003134,0.003685,0.274378,0.051618,0.952054,66.226845,7.109247,66.46373,7.606985,4.0,0.00020723,13,682,0.13859,0.20672,0.01,0.0,100,0.0,0.0,,,-0.01,0.01994,-0.00086,-0.00174,-5e-05,-0.01351,1.03855
908,929792,71.57594,102.90909,1.0,0.99,1.068692,-0.003102,0.009238,0.00396,0.226286,0.05256,0.694704,67.026817,5.942518,66.885139,5.299536,4.0,0.00020712,11,666,0.15632,0.22808,0.01,0.0,100,0.18182,0.0,,,-0.01,0.01848,-0.00095,0.00177,0.00031,-0.01526,0.82343
909,930816,71.59969,101.25,1.0,0.99,1.06982,-0.003331,0.004332,0.003614,0.251945,0.044259,0.606641,67.81279,3.407919,67.999863,3.196571,4.0,0.00020702,12,662,0.15829,0.22834,0.01,0.0,100,0.0,0.0,,,-0.01,0.02148,-0.00107,-0.00068,0.00084,-0.01381,0.88104
910,931840,72.76972,77.3,1.0,0.99,0.962003,-0.002536,0.006804,0.002236,0.258627,0.019008,0.537827,66.86776,3.245438,66.515617,3.589666,4.0,0.00020692,10,669,0.15537,0.23228,0.01,0.0,100,0.2,0.0,,,-0.01,0.02322,-0.0009,0.00261,-0.00186,-0.01474,0.78728
911,932864,71.27465,108.36364,1.0,0.99,1.072601,-0.003257,0.003094,0.002442,0.28572,0.024658,0.707534,66.984581,2.573993,67.098312,2.979075,4.0,0.00020682,11,664,0.1649,0.23351,0.01,0.0,100,0.0,0.0,,,-0.01,0.02073,-0.00082,0.00066,-0.00074,-0.01429,0.81385
912,933888,72.59615,73.92857,1.0,0.99,1.039994,-0.00355,0.003261,0.002898,0.291478,0.032854,0.561147,67.492233,1.963732,67.944328,2.47534,4.0,0.00020671,14,646,0.1514,0.21818,0.01,0.0,100,0.07143,1.0,,,-0.01,0.01949,-0.00129,0.00074,-0.00068,-0.01623,1.0029
913,934912,72.39633,74.0,1.0,0.99,1.244235,-0.002585,0.003426,0.003118,0.323082,0.030239,0.703117,67.748909,2.362755,67.279663,3.106143,4.0,0.00020661,9,649,0.18457,0.25817,0.01,0.0,100,0.11111,0.0,,,-0.01,0.01778,-0.00152,0.00194,-0.00088,-0.01696,0.65036
914,935936,72.51581,88.0,1.0,0.99,1.256957,-0.003314,0.00394,0.003331,0.342981,0.035714,0.819598,65.973137,3.422876,65.676552,4.366755,4.0,0.00020651,10,657,0.19607,0.27654,0.01,0.0,100,0.0,0.0,,,-0.01,0.01822,-0.00261,0.00284,-0.00312,-0.00947,0.74895
915,936960,54.50349,126.0,0.77778,0.98,1.19293,-0.001974,0.007778,0.002915,0.194397,0.031215,0.835969,65.051888,5.161728,65.003609,6.399679,4.0,0.00020641,9,657,0.17165,0.24051,0.01,0.0,100,0.22222,0.0,,,-0.01,0.02171,-0.00168,0.00189,0.00101,-0.01218,0.50957
916,937984,66.8253,112.83333,0.91667,0.97,1.05711,-0.002949,0.004354,0.002773,0.275911,0.030413,0.728301,67.064285,3.36969,67.087578,3.637363,4.0,0.0002063,12,660,0.16382,0.23145,0.02,0.0,100,0.08333,1.0,,,-0.01,0.0225,-0.0009,0.00276,-0.00108,-0.0106,0.83705
917,939008,72.45945,94.61538,1.0,0.97,1.025814,-0.002769,0.00418,0.003627,0.289392,0.041888,0.715044,67.062172,3.202295,67.425797,3.494823,4.0,0.0002062,13,662,0.17269,0.2409,0.02,0.0,100,0.07692,0.0,,,-0.01,0.02209,-0.00103,0.00149,-0.00114,-0.0107,0.98125
918,940032,72.87137,77.2,1.0,0.97,1.066664,-0.002136,0.004122,0.002218,0.267678,0.01995,0.62141,67.993881,2.757901,68.53334,3.012395,4.0,0.0002061,15,651,0.16379,0.23336,0.02,0.0,100,0.0,0.0,,,-0.01,0.02374,-0.00099,0.00301,0.00014,-0.016,1.09006
919,941056,73.26412,75.55556,1.0,0.97,1.085208,-0.003348,0.001502,0.00259,0.26572,0.021833,0.763454,69.114517,2.023682,69.129196,2.246693,4.0,0.000206,9,654,0.16618,0.23161,0.02,0.0,100,0.0,0.0,,,-0.01,0.02429,-0.00125,0.00258,-0.00036,-0.01244,0.64334
920,942080,71.93699,93.63636,1.0,0.97,1.099963,-0.003814,0.001993,0.002573,0.298603,0.026821,0.781778,68.39991,2.452465,68.249283,2.762163,4.0,0.00020589,11,664,0.16508,0.232,0.02,0.0,100,0.0,0.0,,,-0.01,0.02132,-0.0011,0.00047,0.00147,-0.01582,0.80449
921,943104,72.82787,82.0,1.0,0.97,1.108835,-0.003393,0.002316,0.004089,0.316371,0.048933,0.849972,67.866455,3.061753,67.822433,3.604306,4.0,0.00020579,12,660,0.18198,0.25869,0.02,0.0,100,0.0,0.0,,,-0.01,0.02129,-0.00123,0.00265,-0.00035,-0.01079,0.8987
922,944128,73.15996,75.72727,1.0,0.97,0.972301,-0.003196,0.003266,0.003081,0.251029,0.030204,0.866063,67.242065,3.924682,67.162796,4.513101,4.0,0.00020569,11,680,0.1713,0.24219,0.02,0.0,100,0.09091,0.0,,,-0.01,0.02225,-0.00127,0.00149,-0.00255,-0.00702,0.87229
923,945152,67.40837,104.92308,0.92308,0.97,0.979946,-0.001802,0.001652,0.002906,0.259286,0.031843,0.750066,69.135094,2.322208,69.421043,2.322157,4.0,0.00020559,13,655,0.15984,0.22598,0.03,0.0,100,0.0,1.0,,,-0.01,0.02502,-0.00108,0.00358,0.00031,-0.01463,0.86494
924,946176,73.23358,71.58333,1.0,0.99,1.053746,-0.003141,0.001939,0.003877,0.320754,0.049142,0.7576,69.003304,2.114425,68.908264,2.676342,4.0,0.00020548,12,654,0.17088,0.24165,0.01,0.0,100,0.0,0.0,,,-0.01,0.02421,-0.00101,0.00173,0.00053,-0.02066,0.86116
925,947200,72.32998,80.64286,1.0,0.99,0.936232,-0.003542,0.001817,0.002861,0.266315,0.028704,0.788,68.93351,2.297655,68.991074,2.742881,4.0,0.00020538,14,654,0.16153,0.22196,0.01,0.0,100,0.0,0.0,,,-0.01,0.02441,-0.00088,0.00245,-0.00149,-0.00924,1.03512
926,948224,62.47112,78.21429,0.85714,0.97,0.911259,-0.000858,0.077341,0.001733,0.412825,0.014823,0.320487,68.606667,3.158695,65.978966,10.857024,4.0,0.00020528,14,676,0.17011,0.2353,0.01,0.0,100,0.21429,0.0,,,-0.01,0.02379,-0.00101,6e-05,-0.00285,-0.01073,0.95453
927,949248,71.5016,104.85714,1.0,0.97,0.95775,-0.003742,0.01977,0.003377,0.286553,0.040353,0.801042,64.709373,8.383751,64.241089,8.512989,4.0,0.00020518,7,691,0.18471,0.24516,0.01,0.0,100,0.28571,0.0,,,-0.01,0.02336,-0.00275,-0.00117,-0.00267,-0.00893,0.56346
928,950272,65.14036,79.6,0.9,0.96,0.834381,-0.001622,0.042976,0.00171,0.254978,0.014369,0.787896,61.66468,10.48517,60.463268,13.059736,4.0,0.00020508,10,715,0.15032,0.22001,0.01,0.0,100,0.1,0.0,,,-0.01,0.02367,-0.00113,0.00243,-0.00263,-0.01622,0.81994
929,951296,66.20993,105.66667,0.91667,0.95,0.877372,-0.0031,0.002266,0.001892,0.296356,0.01988,0.986808,61.73679,12.180912,61.937439,12.98641,4.0,0.00020497,12,705,0.14322,0.20321,0.02,0.0,100,0.0,0.0,,,-0.01,0.02329,-0.00321,0.00078,0.0,-0.01862,0.93832
930,952320,66.60247,103.5,0.91667,0.94,0.910018,-0.003375,0.002461,0.003064,0.238623,0.033691,0.983165,64.166389,11.423064,64.263161,12.065757,4.0,0.00020487,12,687,0.14341,0.20577,0.03,0.0,100,0.08333,0.0,,,-0.01,0.02154,-0.00274,-5e-05,0.0,-0.01854,0.86771
931,953344,72.1744,81.0,1.0,0.95,1.157007,-0.004906,0.011237,0.003552,0.300923,0.041713,0.661769,67.666916,4.58657,66.9618,5.357434,4.0,0.00020477,11,661,0.20042,0.25692,0.02,0.0,100,0.0,0.0,,,-0.01,0.01847,-0.00178,-0.00373,-0.00084,-0.01956,0.78677
932,954368,71.37463,99.4,1.0,0.95,1.029469,-0.00302,0.01888,0.003425,0.268415,0.037319,0.808856,63.393421,8.869097,63.073475,9.525648,4.0,0.00020467,10,675,0.16814,0.21406,0.02,0.0,100,0.1,0.0,,,-0.01,0.0197,-0.00307,-0.00367,-0.00013,-0.02286,0.75483
933,955392,66.17826,87.41667,0.91667,0.94,1.01858,-0.002014,0.035138,0.003742,0.295156,0.040876,0.840473,63.228436,10.914358,61.998066,14.111687,4.0,0.00020456,12,672,0.14816,0.19899,0.02,0.0,100,0.16667,0.0,,,-0.01,0.02192,-0.00231,-0.00171,-0.00149,-0.02018,0.83108
934,956416,67.48938,112.18182,1.0,0.94,1.066314,-0.004885,0.016517,0.004541,0.307034,0.061314,0.4114,67.302185,7.270645,67.644539,5.384172,4.0,0.00020446,11,656,0.15664,0.21296,0.02,0.0,100,0.09091,1.0,,,-0.01,0.02112,-0.00154,-0.00112,-0.00021,-0.015,0.79075
935,957440,72.39808,80.90909,1.0,0.95,1.06998,-0.00278,0.006985,0.003654,0.258659,0.04398,-0.042915,68.873695,3.086545,68.778053,2.540384,4.0,0.00020436,11,657,0.14414,0.20792,0.02,0.0,100,0.09091,0.0,,,-0.01,0.02137,-0.00084,0.00123,-0.00099,-0.01562,0.78648
936,958464,72.50337,75.33333,1.0,0.96,0.94082,-0.004234,0.001478,0.003989,0.294274,0.051374,0.656999,69.113052,1.467142,69.261482,2.012472,4.0,0.00020426,15,651,0.12012,0.17327,0.02,0.0,100,0.0,0.0,,,-0.01,0.02236,-0.00067,-0.00116,-1e-05,-0.01646,1.06771
937,959488,72.0246,86.58333,1.0,0.97,1.113305,-0.003876,0.001385,0.002791,0.311516,0.030587,0.698946,69.499641,1.767273,69.305305,1.902273,4.0,0.00020415,12,654,0.13491,0.18987,0.02,0.0,100,0.0,0.0,,,-0.01,0.02033,-0.001,0.00203,0.0,-0.01332,0.84977
938,960512,72.2189,83.25,1.0,0.98,1.043798,-0.003331,0.001716,0.003738,0.270691,0.046387,0.768512,68.959694,1.945968,68.822647,2.497023,4.0,0.00020405,12,651,0.11426,0.16141,0.01,0.0,100,0.0,0.0,,,-0.01,0.01846,-0.00053,0.00104,0.0,-0.0183,0.85107
939,961536,72.29096,72.9,1.0,0.99,1.085882,-0.003391,0.007577,0.004571,0.305945,0.056187,0.830873,68.089561,5.358667,67.478584,6.016696,4.0,0.00020395,10,663,0.14748,0.20648,0.0,0.0,100,0.0,0.0,,,-0.01,0.01762,-0.00107,0.00051,-0.00123,-0.0139,0.73856
940,962560,66.68299,88.07692,0.92308,0.98,1.034684,-0.001428,0.022172,0.002767,0.248225,0.031285,0.764186,66.373291,6.218714,65.662407,10.144735,4.0,0.00020385,13,670,0.15025,0.19758,0.0,0.0,100,0.07692,0.0,,,-0.01,0.02082,-0.0015,0.00225,-0.00093,-0.0103,0.89831
941,963584,71.79344,119.33333,1.0,0.98,1.161015,-0.001824,0.012543,0.002414,0.251473,0.020299,0.763245,66.46888,7.231537,66.603127,6.61009,4.0,0.00020374,9,671,0.16002,0.21633,0.0,0.0,100,0.11111,0.0,,,-0.01,0.02179,-0.00164,0.0034,0.00019,-0.00712,0.64808
942,964608,72.55408,80.45455,1.0,0.99,1.110555,-0.002891,0.005515,0.002583,0.259809,0.025809,0.820195,67.510628,4.29461,67.047127,4.972423,4.0,0.00020364,11,662,0.15171,0.20488,0.0,0.0,100,0.0,0.0,,,-0.01,0.01671,-0.0015,0.00154,-0.00094,-0.01283,0.79389
943,965632,71.39185,104.18182,1.0,0.99,1.009927,-0.002424,0.01023,0.00298,0.257449,0.044643,0.794827,66.295296,6.05488,66.082901,6.386299,4.0,0.00020354,11,668,0.14655,0.19359,0.0,0.0,100,0.0,1.0,,,-0.01,0.02123,-0.00104,0.00333,-0.00076,-0.01319,0.81411
944,966656,72.53879,93.90909,1.0,0.99,0.918613,-0.002102,0.012503,0.002913,0.218536,0.033447,0.870076,63.456234,8.880533,63.665718,8.993586,4.0,0.00020344,11,705,0.15236,0.20337,0.0,0.0,100,0.09091,0.0,,,-0.01,0.02005,-0.00087,0.00286,-0.00078,-0.01042,0.91858
945,967680,65.1767,93.7,0.9,0.98,1.130389,-0.001086,0.018792,0.002907,0.213691,0.029122,0.778089,67.094086,5.400528,66.337044,9.164158,4.0,0.00020333,10,667,0.17585,0.22736,0.0,0.0,100,0.1,0.0,,,-0.01,0.0192,-0.00113,0.00303,-0.00054,-0.01303,0.65226
946,968704,72.09777,94.28571,1.0,0.98,1.044514,-0.005039,0.009511,0.003235,0.250183,0.041016,0.843919,66.664581,6.185246,66.711746,7.327703,4.0,0.00020323,14,653,0.15149,0.20321,0.0,0.0,100,0.0,0.0,,,-0.01,0.02056,-0.00099,0.0024,-0.00073,-0.01266,0.99791
947,969728,71.13424,108.0,1.0,0.98,1.089997,-0.001796,0.031444,0.002309,0.243727,0.017194,0.766055,63.29908,12.224855,63.727364,10.996542,4.0,0.00020313,9,682,0.17376,0.22914,0.0,0.0,100,0.22222,1.0,,,-0.01,0.01781,-0.00127,0.00254,-0.00175,-0.01199,0.69007
948,970752,72.58099,79.6,1.0,0.98,0.959362,-0.002481,0.011856,0.002518,0.254018,0.025286,0.923803,63.742592,10.447559,63.368641,11.421876,4.0,0.00020303,10,687,0.14689,0.20176,0.0,0.0,100,0.0,0.0,,,-0.01,0.0214,-0.00075,0.0036,-0.0018,-0.01442,0.78487
949,971776,72.50302,86.88889,1.0,0.99,0.866358,-0.00236,0.02779,0.002522,0.255052,0.029367,0.888235,57.438557,14.796227,56.963131,14.565009,4.0,0.00020292,9,716,0.15619,0.21365,0.0,0.0,100,0.11111,0.0,,,-0.01,0.02087,-0.00108,-0.00021,-0.00237,-0.01336,0.79536
950,972800,63.23229,142.625,0.875,0.98,0.917883,-0.002076,0.04146,0.002898,0.285491,0.03547,0.812025,55.231998,13.908408,54.708157,13.792215,4.0,0.00020282,8,715,0.16687,0.23034,0.01,0.0,100,0.25,0.0,,,-0.01,0.01727,-0.00053,-0.00108,-0.00452,-0.01176,0.61611
951,973824,71.23523,112.22222,1.0,0.98,1.127732,-0.002025,0.024128,0.002087,0.248032,0.019566,0.744096,59.720818,9.516695,60.874084,9.216716,4.0,0.00020272,9,684,0.18738,0.25371,0.01,0.0,100,0.33333,0.0,,,-0.01,0.01611,-0.00092,0.00012,8e-05,-0.01031,0.68998
952,974848,64.80396,112.91667,0.91667,0.97,1.027078,-0.003449,0.010281,0.003547,0.255473,0.046177,0.862661,62.676182,6.900846,62.901154,7.91393,4.0,0.00020262,12,670,0.15611,0.21812,0.02,0.0,100,0.0,0.5,,,-0.01,0.01815,-0.00095,0.00124,-0.00193,-0.01334,0.81626
953,975872,72.54198,84.72727,1.0,0.97,0.964523,-0.002173,0.014701,0.00256,0.31645,0.029227,0.705154,63.396069,6.443496,64.577141,6.397685,4.0,0.00020252,11,676,0.14333,0.19493,0.02,0.0,100,0.09091,0.0,,,-0.01,0.02095,-0.0007,0.00117,-0.00017,-0.00901,0.84314
954,976896,66.89513,80.46154,0.92308,0.97,0.959806,-0.001271,0.030226,0.002129,0.175182,0.016183,0.643541,65.438118,4.708801,65.253273,9.062271,4.0,0.00020241,13,667,0.14741,0.20148,0.02,0.0,100,0.07692,0.0,,,-0.01,0.0192,-0.00078,0.00075,-0.00057,-0.01161,0.88853
955,977920,72.26845,80.69231,1.0,0.97,1.061031,-0.003271,0.012645,0.003182,0.280627,0.040283,0.824535,64.105049,6.795623,64.521309,7.504048,4.0,0.00020231,13,670,0.14848,0.20296,0.02,0.0,100,0.07692,0.0,,,-0.01,0.01543,-0.00071,-0.0004,-0.00143,-0.00985,0.9689
956,978944,72.52218,84.57143,1.0,0.97,1.003209,-0.001553,0.009295,0.002569,0.31414,0.021833,0.585235,66.695854,6.493818,67.883064,4.735706,4.0,0.00020221,14,659,0.13746,0.18986,0.02,0.0,100,0.0,0.0,,,-0.01,0.02051,-0.00082,0.00029,0.0003,-0.00995,1.01007
957,979968,65.06995,81.5,0.9,0.96,1.008743,-0.001395,0.03954,0.002257,0.310327,0.027309,0.690102,65.56279,6.702902,64.192139,10.418266,4.0,0.00020211,10,672,0.15741,0.20363,0.02,0.0,100,0.2,0.0,,,-0.01,0.01675,-0.00104,0.00176,-0.00315,-0.01104,0.68669
958,980992,71.99566,88.13333,1.0,0.96,1.067207,-0.003428,0.005905,0.003121,0.32185,0.037388,0.733556,67.60289,3.957711,68.003891,4.133053,4.0,0.000202,15,645,0.15178,0.19728,0.02,0.0,100,0.0,0.0,,,-0.01,0.01726,-0.00119,0.00161,-0.00038,-0.01185,1.06532
959,982016,73.08939,72.5,1.0,0.97,0.947043,-0.002484,0.013388,0.003953,0.258268,0.04977,0.90663,65.178467,10.205709,64.874252,10.897675,4.0,0.0002019,10,675,0.14221,0.18611,0.01,0.0,100,0.0,1.0,,,-0.01,0.02002,-0.00086,0.00238,-0.00118,-0.01215,0.77618
960,983040,65.60471,101.33333,0.91667,0.97,1.022644,-0.002413,0.016064,0.003524,0.224717,0.041051,0.903022,65.52047,10.172626,65.04821,12.601349,4.0,0.0002018,12,679,0.15851,0.20866,0.0,0.0,100,0.08333,1.0,,,-0.01,0.01598,-0.00157,0.00101,0.0001,-0.01213,0.83042
961,984064,72.85944,74.46154,1.0,0.97,1.050592,-0.004147,0.002708,0.004089,0.26939,0.055315,0.553661,69.188438,2.415479,69.389565,2.255798,4.0,0.0002017,13,658,0.14816,0.19461,0.0,0.0,100,0.0,1.0,,,-0.01,0.01763,-0.00127,0.00233,-1e-05,-0.00764,0.92572
962,985088,72.27582,85.72727,1.0,0.98,1.14536,-0.002586,0.002588,0.002772,0.256332,0.029994,0.47956,69.481758,2.100914,69.237617,2.076218,4.0,0.00020159,11,662,0.19503,0.24623,0.0,0.0,100,0.0,0.0,,,-0.01,0.01436,-0.00173,0.00091,0.0,-0.01143,0.77926
963,986112,72.01622,84.15385,1.0,0.98,1.040707,-0.003046,0.013302,0.003221,0.286934,0.038609,0.928137,66.003967,11.386992,65.078056,13.003205,4.0,0.00020149,13,670,0.16551,0.21881,0.0,0.0,100,0.0,0.0,,,-0.01,0.01862,-0.00144,0.00169,-0.00157,-0.01112,0.97536
964,987136,72.56335,82.5,1.0,0.98,1.002738,-0.001629,0.048238,0.002791,0.242782,0.030936,0.407161,67.064323,9.706976,66.712265,8.690618,4.0,0.00020139,12,666,0.14853,0.19401,0.0,0.0,100,0.08333,1.0,,,-0.01,0.01849,-0.00095,0.0018,-0.00063,-0.00791,0.87832
965,988160,71.83795,107.1,1.0,0.98,1.163884,-0.001616,0.022814,0.001851,0.239338,0.016462,0.551131,63.112759,9.106871,63.517422,7.486122,4.0,0.00020129,10,681,0.1691,0.21514,0.0,0.0,100,0.1,0.0,,,-0.01,0.01648,-0.00116,0.00055,0.001,-0.01064,0.74194
966,989184,72.47907,85.55556,1.0,0.99,1.178879,-0.003227,0.010318,0.002868,0.277613,0.031913,0.827976,63.841946,6.394874,63.926975,7.052783,4.0,0.00020118,9,655,0.16143,0.20755,0.0,0.0,100,0.0,0.0,,,-0.01,0.01505,-0.00118,0.00165,9e-05,-0.01401,0.65877
967,990208,70.77296,107.875,1.0,0.99,1.210044,-0.004076,0.01479,0.003494,0.300409,0.04677,0.843916,62.18224,8.240587,61.33057,8.982222,4.0,0.00020108,8,665,0.17883,0.23491,0.0,0.0,100,0.0,0.0,,,-0.01,0.01559,-0.00147,0.00096,-0.00437,-0.01354,0.59185
968,991232,46.10293,141.11111,0.66667,0.96,0.895312,-0.001386,0.068061,0.002267,0.419596,0.022879,0.710578,57.52718,9.996579,55.064152,13.821952,4.0,0.00020098,9,726,0.14652,0.2044,0.01,0.0,100,0.33333,1.0,,,-0.01,0.01609,-0.00053,0.0026,-0.00372,-0.00877,0.54927
969,992256,63.17831,99.11111,0.88889,0.96,1.030216,-0.002142,0.034638,0.002476,0.243531,0.021031,0.826029,61.903694,10.300229,60.806557,13.063111,4.0,0.00020088,9,686,0.16243,0.21281,0.01,0.0,100,0.11111,0.0,,,-0.01,0.01538,-0.00139,0.0019,-0.00189,-0.01516,0.63259
970,993280,71.45811,93.11111,1.0,0.96,1.041137,-0.003643,0.026598,0.002604,0.354965,0.029506,0.915493,56.589161,14.925299,55.299828,15.873966,4.0,0.00020077,9,709,0.16838,0.22794,0.01,0.0,100,0.0,0.0,,,-0.01,0.01569,-0.00118,0.00159,-0.00499,-0.00997,0.76846
971,994304,50.94506,114.78571,0.71429,0.92,0.955846,-0.001417,0.030003,0.00229,0.261538,0.019531,0.883577,61.356846,12.761758,61.125591,16.90855,4.0,0.00020067,14,675,0.13333,0.17534,0.02,0.0,100,0.28571,0.0,,,-0.01,0.019,-0.00075,0.00096,-0.00199,-0.01352,0.77067
972,995328,72.19872,77.5,1.0,0.92,1.107193,-0.002509,0.011087,0.003082,0.242968,0.032192,0.814817,66.575081,6.086769,66.467232,6.88155,4.0,0.00020057,10,664,0.13313,0.17978,0.02,0.0,100,0.0,0.0,,,-0.01,0.0174,-0.00086,0.00283,-0.00035,-0.01613,0.72269
973,996352,66.12535,86.75,0.91667,0.91,1.043641,-0.003036,0.023772,0.002291,0.382928,0.013218,0.909828,61.719326,13.147882,60.742805,15.943806,4.0,0.00020047,12,669,0.15119,0.19276,0.02,0.0,100,0.08333,0.0,,,-0.01,0.01826,-0.0017,0.00115,-0.00253,-0.01098,0.83577
974,997376,65.53593,94.69231,0.92308,0.9,1.025272,-0.004589,0.026767,0.004185,0.249408,0.049665,0.941355,58.562481,18.19079,58.564671,19.488281,4.0,0.00020036,13,670,0.15265,0.19796,0.02,0.0,100,0.07692,0.0,,,-0.01,0.0154,-0.00278,-0.0021,-0.00209,-0.01447,0.92422
975,998400,72.46587,81.7,1.0,0.9,1.089212,-0.002926,0.038057,0.004427,0.276231,0.052141,0.703492,63.620365,11.811047,64.438286,10.810562,4.0,0.00020026,10,664,0.1406,0.18452,0.02,0.0,100,0.0,0.0,,,-0.01,0.01721,-0.00098,-0.00072,0.00025,-0.01141,0.73741
976,999424,71.74497,79.93333,1.0,0.9,1.113199,-0.001909,0.034056,0.002799,0.320522,0.02982,0.479026,64.784805,10.260211,65.828903,7.871941,4.0,0.00020016,15,652,0.16406,0.22009,0.02,0.0,100,0.06667,0.0,,,-0.01,0.01671,-0.00146,0.0001,-0.00075,-0.01858,1.09432
977,1000448,72.65804,74.55556,1.0,0.93,1.129894,-0.003728,0.009429,0.003468,0.26608,0.043492,0.897622,64.046707,7.554665,63.814972,8.962698,4.0,0.00020006,9,666,0.15341,0.21033,0.01,0.0,100,0.0,0.0,,,-0.01,0.01517,-0.001,-8e-05,-0.00145,-0.01289,0.67051
978,1001472,63.77497,92.88889,0.88889,0.93,1.146545,-0.003088,0.017187,0.003639,0.380979,0.042062,0.93187,61.005421,13.161619,59.566528,15.805435,4.0,0.00019996,9,673,0.15713,0.22315,0.01,0.0,100,0.11111,1.0,,,-0.01,0.01499,-0.00207,0.0015,-0.0017,-0.02037,0.6075
979,1002496,65.15177,112.35714,0.92857,0.96,1.140437,-0.002031,0.032076,0.005119,0.253036,0.068952,0.809041,63.65139,12.919504,64.266121,12.143414,4.0,0.00019985,14,657,0.14557,0.20201,0.01,0.0,100,0.07143,0.0,,,-0.01,0.01657,-0.00187,0.00056,-0.00081,-0.017,0.96257
980,1003520,72.07175,77.91667,1.0,0.96,1.050966,-0.001997,0.026259,0.004195,0.22393,0.046666,0.500925,66.607475,7.527939,66.825645,6.90291,4.0,0.00019975,12,663,0.12799,0.18735,0.01,0.0,100,0.08333,0.0,,,-0.01,0.01657,-0.00089,0.0007,-0.00288,-0.01068,0.88745
981,1004544,72.47165,82.72727,1.0,0.96,1.017396,-0.00225,0.019287,0.002112,0.20548,0.021554,0.875588,62.922157,11.242628,63.252258,11.365728,4.0,0.00019965,11,688,0.14644,0.20432,0.01,0.0,100,0.09091,0.0,,,-0.01,0.01538,-0.00108,0.00126,-0.00141,-0.00647,0.89424
982,1005568,71.9382,91.58333,1.0,0.97,1.008193,-0.001594,0.021406,0.00232,0.230411,0.025844,0.723138,64.730537,9.993288,65.437881,8.580042,4.0,0.00019955,12,680,0.11929,0.17382,0.01,0.0,100,0.16667,1.0,,,-0.01,0.01664,-0.00127,0.00118,-0.00157,-0.01111,0.92824
983,1006592,72.21344,83.53846,1.0,0.98,1.005151,-0.002375,0.012141,0.002251,0.222327,0.018764,0.800277,65.223946,6.872824,65.540909,7.074058,4.0,0.00019944,13,677,0.13128,0.19358,0.01,0.0,100,0.07692,0.0,,,-0.01,0.01805,-0.00115,0.00057,-0.00349,-0.00925,1.02418
984,1007616,72.12534,77.08333,1.0,0.98,1.025121,-0.003055,0.012101,0.00288,0.251541,0.033098,0.719367,66.499962,5.688823,66.390762,5.977889,4.0,0.00019934,12,666,0.13053,0.19043,0.01,0.0,100,0.08333,0.0,,,-0.01,0.01779,-0.00113,-0.00073,-0.00328,-0.01288,0.9116
985,1008640,63.64974,86.22222,0.88889,0.97,0.943569,-0.00119,0.040971,0.001726,0.25952,0.016636,0.684309,63.295391,7.067548,61.909416,10.573375,4.0,0.00019924,9,708,0.14054,0.20055,0.01,0.0,100,0.11111,0.0,,,-0.01,0.01466,-0.00158,0.00185,-0.00541,-0.00839,0.70024
986,1009664,56.95807,110.7,0.8,0.95,0.907353,-0.001516,0.060805,0.001083,0.373976,0.007568,0.668424,62.489868,8.91878,60.543823,11.897389,4.0,0.00019914,10,696,0.12993,0.19649,0.01,0.0,100,0.3,0.0,,,-0.01,0.01601,-0.00082,0.00091,-0.00719,-0.00951,0.6746
987,1010688,60.10986,102.38462,0.84615,0.94,0.990437,-0.001428,0.065398,0.001916,0.209851,0.010533,0.685486,62.992805,9.556953,62.469238,13.281239,4.0,0.00019903,13,682,0.1313,0.19458,0.01,0.0,100,0.30769,0.0,,,-0.01,0.01456,-0.00073,0.00213,-0.00274,-0.0108,0.87338
988,1011712,65.81998,85.66667,0.91667,0.94,1.004734,-0.001644,0.014954,0.002405,0.219495,0.025007,0.904159,64.425865,9.945216,63.936501,13.033968,4.0,0.00019893,12,673,0.1241,0.18014,0.0,0.0,100,0.08333,0.0,,,-0.01,0.0134,-0.00088,0.00109,-0.00149,-0.01174,0.84001
989,1012736,72.37235,76.3,1.0,0.94,0.970564,-0.002382,0.032407,0.002271,0.434446,0.024728,0.83807,62.913898,11.337354,61.241093,12.743989,4.0,0.00019883,10,672,0.12347,0.18528,0.0,0.0,100,0.0,1.0,,,-0.01,0.01436,-0.00109,0.00122,-0.00395,-0.00835,0.77074
990,1013760,72.05087,81.2,1.0,0.94,0.832414,-0.001785,0.055564,0.002656,0.251729,0.024902,0.86954,51.673397,18.286217,50.991039,19.023293,4.0,0.00019873,10,730,0.13488,0.20204,0.0,0.0,100,0.2,0.0,,,-0.01,0.01314,-0.00065,0.00065,-0.00621,-0.00737,0.94407
991,1014784,50.77975,107.14286,0.71429,0.92,0.808595,-0.001684,0.031664,0.00182,0.297451,0.012939,0.944251,51.447369,19.650082,49.888008,21.642708,4.0,0.00019862,7,731,0.10957,0.16572,0.0,0.0,100,0.28571,0.0,,,-0.01,0.01433,-9e-05,0.00062,-0.00411,-0.00623,0.46054
992,1015808,40.05486,180.0,0.57143,0.89,0.86738,-0.002824,0.064051,0.002482,0.644491,0.031076,0.889604,48.79644,19.742111,45.182812,20.691412,4.0,0.00019852,7,744,0.11998,0.18104,0.01,0.0,100,0.57143,1.0,,,-0.01,0.01282,-0.00097,0.00288,-0.00797,-0.00431,0.38974
993,1016832,52.1752,115.375,0.75,0.87,0.864801,-0.001574,0.109627,0.00143,0.32982,0.012207,0.78654,43.050892,19.154427,41.996277,20.459305,4.0,0.00019842,8,739,0.13048,0.18992,0.01,0.0,100,0.625,1.0,,,-0.01,0.01025,-0.00097,0.00207,-0.00519,-0.00718,0.57588
994,1017856,64.55329,115.36364,0.90909,0.86,0.887869,-0.003385,0.020824,0.002942,0.374845,0.033098,0.954268,51.4034,18.775499,52.690758,20.646074,4.0,0.00019832,11,710,0.1159,0.16787,0.01,0.0,100,0.09091,0.0,,,-0.01,0.01278,-0.00077,-0.00393,-0.00039,-0.00777,0.84534
995,1018880,63.90502,117.66667,0.88889,0.86,0.955135,-0.004793,0.027557,0.003836,0.302335,0.052804,0.937073,53.471287,18.989353,53.960449,20.188698,4.0,0.00019821,9,695,0.13302,0.18868,0.02,0.0,100,0.11111,0.0,,,-0.01,0.01209,-0.00068,-0.00505,-0.00176,-0.0092,0.65631
996,1019904,65.35667,85.45455,0.90909,0.87,1.013457,-0.004104,0.01221,0.003939,0.297874,0.051339,0.955252,57.40797,14.790445,57.369011,16.710314,4.0,0.00019811,11,668,0.11804,0.17389,0.02,0.0,100,0.09091,0.0,,,-0.01,0.01248,-0.00065,0.00069,-0.00085,-0.01902,0.75196
997,1020928,71.84942,78.81818,1.0,0.89,1.109054,-0.003441,0.040722,0.004482,0.28408,0.060826,0.890677,55.474667,17.260464,55.836071,18.069296,4.0,0.00019801,11,657,0.12375,0.18927,0.02,0.0,100,0.09091,0.0,,,-0.01,0.01004,-0.00072,0.00015,-0.00105,-0.01731,0.80348
998,1021952,62.65237,117.44444,0.88889,0.88,1.082953,-0.004463,0.012552,0.004667,0.286603,0.054304,0.958826,59.884956,15.624253,59.812134,16.225054,4.0,0.00019791,9,661,0.12585,0.18581,0.03,0.0,100,0.0,1.0,,,-0.01,0.01045,-0.00055,-0.00043,0.00051,-0.01435,0.57573
999,1022976,64.50504,114.0,0.92308,0.88,1.048167,-0.003716,0.019072,0.004509,0.2628,0.052107,0.830765,64.109047,10.347214,64.49324,10.112407,4.0,0.0001978,13,657,0.12579,0.18601,0.04,0.0,100,0.07692,0.71429,,,-0.01,0.01137,-0.00057,-0.00162,-0.00111,-0.0162,0.85923
1000,1024000,71.99908,70.85714,1.0,0.88,1.030722,-0.003417,0.00779,0.003548,0.28022,0.044434,0.748842,65.779945,4.729652,66.290627,5.130744,4.0,0.0001977,14,655,0.12262,0.18387,0.04,0.0,100,0.0,0.0,,,-0.01,0.01313,-0.00046,5e-05,1e-05,-0.0118,1.00771
1001,1025024,71.44627,92.08333,1.0,0.92,0.982552,-0.003024,0.015285,0.003785,0.332991,0.048968,0.627065,65.030846,6.136641,65.613663,5.930446,4.0,0.0001976,12,664,0.10581,0.16152,0.03,0.0,100,0.08333,0.5,,,-0.01,0.01404,-0.0005,0.00075,-0.00141,-0.01107,0.87233
1002,1026048,71.66751,78.53846,1.0,0.95,1.004208,-0.003336,0.004367,0.002975,0.275319,0.030552,0.657003,67.063972,3.307484,67.720482,3.214597,4.0,0.0001975,13,658,0.11908,0.17884,0.03,0.0,100,0.0,0.0,,,-0.01,0.01001,-0.00071,0.00013,-0.00022,-0.01737,0.92464
1003,1027072,72.10858,73.57143,1.0,0.96,0.915639,-0.002447,0.006297,0.002098,0.257336,0.019496,0.648706,66.988815,3.602016,67.743103,3.763211,4.0,0.0001974,14,659,0.09872,0.15801,0.03,0.0,100,0.0,1.0,,,-0.01,0.01369,-0.00048,-0.00039,-0.00104,-0.01091,1.01402
1004,1028096,72.21371,74.11111,1.0,0.98,0.975281,-0.003217,0.015064,0.003666,0.25883,0.045724,0.631531,66.260994,6.175355,66.207832,5.909798,4.0,0.00019729,9,672,0.1156,0.17122,0.02,0.0,100,0.11111,0.0,,,-0.01,0.01235,-0.00038,0.00114,-0.00081,-0.01052,0.67064
1005,1029120,72.295,78.42857,1.0,0.98,0.859778,-0.003257,0.011906,0.003429,0.249076,0.040248,0.916727,63.632465,9.912186,63.798218,11.048582,4.0,0.00019719,14,675,0.10904,0.16914,0.02,0.0,100,0.14286,1.0,,,-0.01,0.01476,-0.0007,-0.0022,0.00091,-0.01055,1.09084
1006,1030144,70.80599,104.41667,1.0,0.99,0.945264,-0.002455,0.020258,0.003761,0.236821,0.051862,0.892906,63.257149,14.44982,63.896339,13.058742,4.0,0.00019709,12,676,0.12494,0.18357,0.01,0.0,100,0.16667,0.66667,,,-0.01,0.01385,-0.0009,0.00066,-0.00095,-0.0147,0.91047
1007,1031168,72.02729,84.69231,1.0,1.0,0.969746,-0.003686,0.006802,0.002749,0.266653,0.042132,0.771514,66.4869,4.78804,66.757065,4.794518,4.0,0.00019699,13,662,0.10934,0.16394,0.0,0.0,100,0.07692,0.0,,,-0.01,0.01462,-0.00058,0.0024,0.00052,-0.01511,0.95648
1008,1032192,72.21572,89.3,1.0,1.0,1.098529,-0.004154,0.005852,0.003278,0.297435,0.037214,0.659618,67.123375,3.562762,67.157326,3.787154,4.0,0.00019688,10,664,0.13469,0.20017,0.0,0.0,100,0.2,0.0,,,-0.01,0.0127,-0.00109,0.00291,0.00089,-0.01304,0.72798
1009,1033216,72.5563,71.4,1.0,1.0,0.965607,-0.003559,0.002886,0.002944,0.263401,0.027832,0.90122,66.89064,4.227016,66.820992,5.099335,4.0,0.00019678,10,655,0.10332,0.1594,0.0,0.0,100,0.0,0.0,,,-0.01,0.01527,-0.00044,0.00225,-0.00037,-0.01586,0.7185
1010,1034240,60.54996,109.07143,0.85714,0.98,1.032226,-0.001647,0.031203,0.003369,0.287334,0.045864,0.740657,64.74511,7.532282,63.386963,11.232583,4.0,0.00019668,14,659,0.11763,0.18588,0.01,0.0,100,0.14286,0.0,,,-0.01,0.0146,-0.00032,0.00301,-0.00311,-0.01538,0.89921
1011,1035264,72.69371,68.4375,1.0,0.98,0.974331,-0.002499,0.007396,0.003454,0.282987,0.038888,0.264473,69.04612,3.632308,69.578636,2.857461,4.0,0.00019658,16,646,0.11059,0.16186,0.01,0.0,100,0.0625,0.5,,,-0.01,0.01617,-0.00035,0.00201,-0.00129,-0.01364,1.15668
1012,1036288,72.27081,72.83333,1.0,0.98,1.03609,-0.003384,0.00126,0.003299,0.281023,0.034563,0.724526,69.924324,2.487412,70.05825,2.049583,4.0,0.00019647,12,653,0.12081,0.1762,0.01,0.0,100,0.0,0.0,,,-0.01,0.01539,-0.00059,0.00317,0.0,-0.01591,0.85514
1013,1037312,72.29498,75.07692,1.0,0.98,1.051982,-0.0035,0.006306,0.002954,0.288137,0.035121,0.777264,68.964684,3.938211,68.306656,4.677435,4.0,0.00019637,13,653,0.13219,0.1914,0.01,0.0,100,0.0,0.0,,,-0.01,0.01512,-0.00068,0.00041,-0.00163,-0.01522,0.95106
1014,1038336,72.00972,83.3,1.0,0.98,1.043871,-0.001941,0.013562,0.003157,0.252893,0.032854,0.510443,66.967323,5.1125,66.658379,4.880842,4.0,0.00019627,10,658,0.14456,0.20914,0.01,0.0,100,0.3,1.0,,,-0.01,0.01483,-0.0009,0.0023,-0.00173,-0.01402,0.73783
1015,1039360,72.17435,76.72727,1.0,0.98,1.082063,-0.004546,0.007767,0.004051,0.321397,0.051549,0.866362,65.30999,5.842168,64.536179,7.108375,4.0,0.00019617,11,655,0.14171,0.20104,0.01,0.0,100,0.0,0.0,,,-0.01,0.01451,-0.00065,-0.00143,-0.00174,-0.02157,0.80773
1016,1040384,58.19859,117.27273,0.81818,0.96,0.992056,-0.001634,0.03237,0.002293,0.292723,0.019043,0.818505,61.581841,9.802735,60.31641,13.054926,4.0,0.00019606,11,677,0.14306,0.20372,0.02,0.0,100,0.18182,0.0,,,-0.01,0.01683,-0.00078,-0.0009,-0.00128,-0.02104,0.71561
1017,1041408,71.88239,83.6,1.0,0.96,1.040811,-0.003258,0.026672,0.003817,0.241205,0.053432,0.857056,63.093594,12.076859,62.840313,12.424582,4.0,0.00019596,10,665,0.15493,0.21402,0.02,0.0,100,0.2,0.0,,,-0.01,0.01662,-0.00082,-0.00086,-0.00202,-0.01428,0.7565
1018,1042432,63.06552,123.0,0.90909,0.95,1.057702,-0.003133,0.02097,0.002643,0.204081,0.030239,0.856513,63.54977,11.818935,63.834286,11.396652,4.0,0.00019586,11,669,0.16899,0.23702,0.03,0.0,100,0.18182,0.8,,,-0.01,0.0158,-0.00065,0.00041,-0.0037,-0.00914,0.7694
1019,1043456,64.91368,79.4,0.9,0.96,1.062319,-0.001554,0.035582,0.002431,0.374348,0.022635,0.651092,65.333946,5.20731,63.622246,9.791389,4.0,0.00019576,10,666,0.17462,0.24381,0.02,0.0,100,0.1,0.0,,,-0.01,0.01749,-0.00095,0.00051,-0.00072,-0.02487,0.68278
1020,1044480,71.38205,95.66667,1.0,0.96,1.217363,-0.004087,0.009562,0.004107,0.298162,0.047328,0.904364,64.001022,8.243237,63.667194,9.213507,4.0,0.00019565,9,653,0.18394,0.26692,0.02,0.0,100,0.0,1.0,,,-0.01,0.01316,-0.00166,0.00096,0.00042,-0.02407,0.64419
1021,1045504,71.29717,98.1,1.0,0.96,1.170656,-0.004186,0.012924,0.004828,0.397007,0.064488,0.959498,61.209881,14.958851,60.145046,16.398912,4.0,0.00019555,10,649,0.18591,0.26779,0.02,0.0,100,0.0,1.0,,,-0.01,0.01334,-0.00113,0.00158,-0.00052,-0.02817,0.74088
1022,1046528,52.22014,117.5,0.8,0.94,1.083809,-0.00241,0.025728,0.003417,0.47452,0.040458,0.941562,58.448711,18.155943,56.332645,20.31212,4.0,0.00019545,10,683,0.18152,0.25648,0.03,0.0,100,0.1,1.0,,,-0.01,0.01409,-0.00104,0.00201,-0.00248,-0.02043,0.6388
1023,1047552,71.64155,98.11111,1.0,0.94,1.003303,-0.002846,0.014292,0.003404,0.232668,0.04555,0.967737,60.454372,18.901632,60.655338,19.197622,4.0,0.00019535,9,690,0.1478,0.21081,0.03,0.0,100,0.0,0.0,,,-0.01,0.017,-0.00083,0.00255,0.00031,-0.0124,0.7018
1024,1048576,65.58754,117.66667,0.91667,0.93,1.141883,-0.003163,0.015098,0.002825,0.23519,0.028495,0.95063,64.404968,16.131393,64.278061,16.255478,4.0,0.00019524,12,667,0.17785,0.25529,0.04,0.0,100,0.16667,1.0,,,-0.01,0.01466,-0.00127,0.00163,-0.00139,-0.01236,0.8265
1025,1049600,72.19152,84.36364,1.0,0.93,1.131843,-0.003385,0.017696,0.003465,0.29822,0.03833,0.832496,66.276291,7.741562,65.287025,9.165601,4.0,0.00019514,11,663,0.1732,0.24263,0.04,0.0,100,0.0,1.0,,,-0.01,0.01708,-0.00107,0.00141,-0.00175,-0.01666,0.82389
1026,1050624,62.2132,87.25,0.875,0.94,1.251927,-0.003081,0.014972,0.004103,0.410636,0.050921,0.852674,65.529396,7.609333,64.326988,9.919141,4.0,0.00019504,8,656,0.18986,0.2573,0.03,0.0,100,0.125,0.0,,,-0.01,0.01244,-0.00133,0.0029,-0.00092,-0.01712,0.50174
1027,1051648,71.07006,90.0,1.0,0.94,1.168738,-0.002551,0.029301,0.004284,0.365702,0.058803,0.955432,55.696735,23.299109,54.471157,24.129194,4.0,0.00019494,8,678,0.19429,0.27556,0.03,0.0,100,0.0,0.0,,,-0.01,0.01308,-0.001,0.00337,-0.00115,-0.01887,0.6252
1028,1052672,64.88526,126.33333,0.91667,0.94,1.155267,-0.002734,0.028833,0.004152,0.309397,0.059222,0.958759,56.420437,23.74835,55.892998,24.275393,4.0,0.00019484,12,678,0.18427,0.26246,0.03,0.0,100,0.08333,0.0,,,-0.01,0.01335,-0.00135,0.00294,-0.00166,-0.01219,0.85192
1029,1053696,60.5497,133.71429,0.85714,0.93,1.012037,-0.005242,0.030653,0.004185,0.415265,0.059466,0.939759,57.428734,19.683744,55.921967,20.888233,4.0,0.00019473,7,695,0.11848,0.17494,0.04,0.0,100,0.14286,0.0,,,-0.01,0.01443,-0.00026,0.00063,-0.00214,-0.01848,0.48428
1030,1054720,63.54464,99.66667,0.88889,0.93,1.277394,-0.003408,0.035798,0.003806,0.41544,0.047642,0.792721,60.966465,11.149899,59.42345,11.987638,4.0,0.00019463,9,659,0.16065,0.23125,0.04,0.0,100,0.22222,0.0,,,-0.01,0.01181,-0.00086,-0.00539,-0.00055,-0.02333,0.57425
1031,1055744,69.53529,98.375,1.0,0.93,1.310931,-0.00482,0.017383,0.004034,0.451737,0.04827,0.958067,52.684711,17.566021,51.846561,19.506567,4.0,0.00019453,8,672,0.17842,0.2524,0.04,0.0,100,0.0,0.0,,,-0.01,0.01243,-0.00154,-0.00204,-0.00051,-0.02081,0.58823
1032,1056768,59.30252,141.88889,0.88889,0.92,1.326179,-0.002556,0.044362,0.003934,0.292662,0.045027,0.875722,55.826733,17.312595,55.689339,17.50075,4.0,0.00019443,9,660,0.16329,0.25141,0.05,0.0,100,0.11111,1.0,,,-0.01,0.01249,-0.00107,0.00116,-3e-05,-0.0138,0.56625
1033,1057792,64.71198,119.8,0.9,0.93,1.182651,-0.003709,0.022919,0.003267,0.302136,0.041922,0.936608,54.121311,16.427536,53.995598,17.763845,4.0,0.00019432,10,665,0.17322,0.25975,0.05,0.0,100,0.0,1.0,,,-0.01,0.01677,-0.00119,-0.0002,-0.00131,-0.01086,0.67112
1034,1058816,59.98355,87.5,0.83333,0.91,1.075157,-0.001784,0.027845,0.002027,0.284562,0.014823,0.941052,54.624458,19.088694,53.51593,22.205269,4.0,0.00019422,12,680,0.14259,0.22045,0.05,0.0,100,0.16667,0.0,,,-0.01,0.01662,-0.00093,0.00108,-0.00309,-0.01123,0.79368
1035,1059840,64.60587,111.36364,0.90909,0.91,1.147418,-0.002839,0.023338,0.003246,0.369717,0.042341,0.934185,61.216736,16.21583,60.490234,17.198236,4.0,0.00019412,11,667,0.15856,0.2258,0.05,0.0,100,0.0,1.0,,,-0.01,0.01415,-0.00091,-0.00275,-0.00113,-0.01526,0.73542
1036,1060864,71.85797,82.90909,1.0,0.92,1.148349,-0.002126,0.052067,0.002908,0.312678,0.032296,0.767807,59.530865,14.337152,60.262371,13.898817,4.0,0.00019402,11,654,0.1618,0.24726,0.05,0.0,100,0.09091,1.0,,,-0.01,0.01428,-0.00098,-0.00038,-0.00046,-0.01495,0.79661
1037,1061888,63.43992,87.88889,0.88889,0.91,1.070307,-0.00332,0.042079,0.002827,0.324161,0.037284,0.926622,53.215809,19.693148,52.20351,21.625492,4.0,0.00019391,9,673,0.16792,0.25688,0.05,0.0,100,0.11111,0.0,,,-0.01,0.01435,-0.00127,-0.00035,-0.00449,-0.01346,0.63506
1038,1062912,58.42366,120.66667,0.83333,0.9,1.025553,-0.00223,0.111539,0.002733,0.337881,0.02839,0.771799,53.298229,20.813635,54.744091,20.411837,4.0,0.00019381,12,685,0.17131,0.25449,0.05,0.0,100,0.25,1.0,,,-0.01,0.01581,-0.0008,-0.00047,-0.0022,-0.01278,0.8024
1039,1063936,71.48691,89.625,1.0,0.91,1.123363,-0.003591,0.031099,0.003426,0.325935,0.042201,0.848163,60.817463,11.241553,59.726318,12.791768,4.0,0.00019371,8,682,0.14135,0.21819,0.04,0.0,100,0.0,0.0,,,-0.01,0.01439,-0.00095,0.00095,-0.00222,-0.02101,0.60272
1040,1064960,65.71953,89.66667,0.91667,0.91,1.093905,-0.003455,0.036877,0.002667,0.27997,0.021763,0.897252,58.166592,14.8642,57.329327,17.520576,4.0,0.00019361,12,670,0.14269,0.22121,0.04,0.0,100,0.16667,0.0,,,-0.01,0.01357,-0.00087,2e-05,-0.00247,-0.01885,0.83453
1041,1065984,54.57947,117.7,0.8,0.9,1.13026,-0.003924,0.027015,0.003328,0.286714,0.039028,0.95084,53.73835,20.379107,53.091145,22.459908,4.0,0.0001935,10,673,0.15978,0.24304,0.04,0.0,100,0.1,0.0,,,-0.01,0.01213,-0.001,0.00038,-0.00178,-0.01659,0.60776
1042,1067008,70.91831,103.625,1.0,0.9,0.92776,-0.002375,0.084913,0.002724,0.340045,0.032506,0.869321,47.673382,24.303194,47.407646,24.337736,4.0,0.0001934,8,703,0.1599,0.2461,0.04,0.0,100,0.125,0.0,,,-0.01,0.01408,-0.00078,0.00084,-0.00519,-0.01172,0.69875
1043,1068032,63.76379,103.6,0.9,0.9,0.927737,-0.002345,0.066309,0.00226,0.311305,0.027204,0.885823,51.036785,20.933107,51.754032,21.58194,4.0,0.0001933,10,692,0.16336,0.24899,0.03,0.0,100,0.2,1.0,,,-0.01,0.016,-0.00139,-0.00102,-0.00263,-0.01376,0.76256
1044,1069056,71.48763,92.23077,1.0,0.93,1.049552,-0.001825,0.069841,0.002456,0.328196,0.023158,0.310846,62.933125,11.796223,64.152306,9.631122,4.0,0.0001932,13,656,0.13455,0.21265,0.02,0.0,100,0.15385,0.0,,,-0.01,0.01348,-0.00069,-0.0004,-0.00173,-0.00986,0.95733
1045,1070080,71.05559,101.72727,1.0,0.93,1.024721,-0.003737,0.047393,0.003876,0.300745,0.053537,0.758748,58.529884,12.95827,59.372463,12.754286,4.0,0.00019309,11,668,0.14779,0.23663,0.02,0.0,100,0.18182,0.0,,,-0.01,0.01427,-0.00089,-0.00102,-0.00317,-0.00859,0.86717
1046,1071104,72.06729,84.9,1.0,0.93,0.934996,-0.002226,0.025844,0.003129,0.258272,0.036098,0.86802,58.73587,12.160154,59.2384,12.591414,4.0,0.00019299,10,697,0.1348,0.23502,0.02,0.0,100,0.1,0.0,,,-0.01,0.01416,-0.00069,0.00228,-0.00314,-0.01061,0.85272
1047,1072128,66.46271,89.92857,0.92857,0.95,1.004279,-0.001896,0.036324,0.002904,0.297878,0.032819,0.65974,63.757027,7.349409,65.015694,9.305634,4.0,0.00019289,14,664,0.14163,0.22493,0.01,0.0,100,0.14286,1.0,,,-0.01,0.01502,-0.00083,0.00013,0.0,-0.01289,0.97393
1048,1073152,72.30669,80.0,1.0,0.95,1.144616,-0.003051,0.019519,0.002613,0.257262,0.024658,0.737439,64.509827,7.468298,64.136589,7.775916,4.0,0.00019279,10,654,0.15113,0.23955,0.01,0.0,100,0.0,0.5,,,-0.01,0.01338,-0.00059,0.00182,-0.00145,-0.017,0.73916
1049,1074176,64.51956,80.1,0.9,0.95,1.155647,-0.003127,0.021178,0.003598,0.272846,0.044294,0.855917,62.21402,8.937377,61.164875,12.42667,4.0,0.00019268,10,667,0.16356,0.26152,0.01,0.0,100,0.1,1.0,,,-0.01,0.012,-0.00091,0.00127,-0.00118,-0.02195,0.68379
1050,1075200,72.16588,73.4,1.0,0.96,1.217004,-0.003761,0.018521,0.003181,0.319965,0.037842,0.917062,61.195583,12.145242,60.294983,13.492311,4.0,0.00019258,10,639,0.16885,0.2589,0.01,0.0,100,0.0,0.0,,,-0.01,0.01017,-0.00097,-0.00056,-0.00115,-0.01742,0.71855
1051,1076224,57.19835,139.25,0.83333,0.95,1.150056,-0.003153,0.036725,0.003505,0.253105,0.04698,0.830658,61.528851,14.408073,62.320332,13.605801,4.0,0.00019248,12,653,0.17748,0.26136,0.02,0.0,100,0.16667,0.0,,,-0.01,0.0114,-0.0011,0.0003,-0.00065,-0.01411,0.73982
1052,1077248,64.4,73.1,0.9,0.95,1.101601,-0.003572,0.053296,0.003567,0.454107,0.04684,0.755895,63.332588,10.014144,60.859577,13.108575,4.0,0.00019238,10,659,0.17792,0.25933,0.02,0.0,100,0.1,1.0,,,-0.01,0.01247,-0.00165,-8e-05,-0.00491,-0.01322,0.69133
1053,1078272,71.78571,86.28571,1.0,0.95,1.044565,-0.004609,0.035104,0.004442,0.368894,0.060965,0.902942,52.623299,16.226871,51.309528,17.061436,4.0,0.00019228,7,695,0.17637,0.25833,0.02,0.0,100,0.14286,1.0,,,-0.01,0.01082,-0.00197,-0.00255,-0.00284,-0.02138,0.59806
1054,1079296,60.98839,148.875,0.875,0.94,0.844257,-0.001817,0.061817,0.002513,0.229297,0.024693,0.877836,44.020428,20.845556,44.186993,21.145285,4.0,0.00019217,8,745,0.15351,0.22664,0.03,0.0,100,0.375,0.92308,,,-0.01,0.01329,-0.00071,-0.00244,-0.00334,-0.02515,0.70759
1055,1080320,64.29669,122.9,0.9,0.93,1.118578,-0.003315,0.035302,0.003787,0.2787,0.045271,0.92515,54.779736,19.09549,54.609219,20.137745,4.0,0.00019207,10,659,0.15597,0.21821,0.04,0.0,100,0.2,0.0,,,-0.01,0.01336,-0.00095,-0.00263,-0.0045,-0.02122,0.68513
1056,1081344,55.10453,111.5,0.83333,0.92,1.015932,-0.002432,0.065729,0.002803,0.205498,0.031738,0.855862,56.458862,17.398186,56.059978,19.327414,4.0,0.00019197,12,668,0.16656,0.23593,0.05,0.0,100,0.25,0.0,,,-0.01,0.01397,-0.00077,-0.00191,-0.00397,-0.01759,0.7901
1057,1082368,71.88305,80.38462,1.0,0.92,1.008429,-0.002833,0.031155,0.002433,0.280331,0.023158,0.738526,60.570515,9.529045,61.595314,9.822751,4.0,0.00019187,13,662,0.1687,0.25058,0.05,0.0,100,0.15385,1.0,,,-0.01,0.01521,-0.00127,0.0008,-0.0021,-0.01063,1.02233
1058,1083392,71.867,79.5,1.0,0.92,0.985504,-0.002532,0.018146,0.001997,0.289793,0.017962,0.898494,60.662556,11.80781,61.445415,12.388072,4.0,0.00019176,10,675,0.14753,0.22058,0.05,0.0,100,0.1,1.0,,,-0.01,0.0137,-0.00128,-0.00108,-0.00228,-0.01273,0.80872
1059,1084416,71.76758,81.2,1.0,0.93,0.873736,-0.00438,0.024695,0.004539,0.289277,0.065081,0.890019,57.660892,13.159368,57.318848,13.727655,4.0,0.00019166,10,707,0.15761,0.24144,0.05,0.0,100,0.2,1.0,,,-0.01,0.01547,-0.00079,0.0013,-0.00693,-0.01042,0.93145
1060,1085440,62.57099,130.55556,0.88889,0.92,0.880234,-0.001769,0.067363,0.001652,0.2875,0.019182,0.607202,59.644764,10.19924,58.20343,12.0873,4.0,0.00019156,9,711,0.16192,0.24606,0.05,0.0,100,0.33333,0.0,,,-0.01,0.01681,-0.00046,0.00018,-0.00762,-0.01165,0.72014
1061,1086464,52.39646,107.75,0.75,0.91,1.069737,-0.001945,0.057872,0.002493,0.320006,0.029994,0.73515,62.460991,9.392766,60.99231,15.404891,4.0,0.00019146,12,665,0.17206,0.24727,0.03,0.0,100,0.33333,1.0,,,-0.01,0.01325,-0.00146,-0.00025,-0.00267,-0.01356,0.70549
1062,1087488,71.88683,78.90909,1.0,0.92,1.065459,-0.003368,0.025159,0.002833,0.363489,0.028774,0.900269,61.243073,12.672164,59.871723,13.980608,4.0,0.00019135,11,663,0.17756,0.26251,0.03,0.0,100,0.0,0.0,,,-0.01,0.01446,-0.00138,0.00186,-0.00473,-0.01513,0.85769
1063,1088512,64.25287,91.3,0.9,0.91,1.030099,-0.00266,0.042616,0.002905,0.318291,0.026995,0.898309,54.971981,16.385408,54.117805,18.531927,4.0,0.00019125,10,669,0.16946,0.24935,0.03,0.0,100,0.2,0.0,,,-0.01,0.01418,-0.00157,0.00229,-0.00425,-0.01479,0.73691
1064,1089536,62.736,92.5,0.875,0.92,1.005706,-0.001848,0.06059,0.001706,0.248563,0.014823,0.885993,49.06765,19.933943,48.697552,21.089935,4.0,0.00019115,8,692,0.15394,0.228,0.01,0.0,100,0.25,1.0,,,-0.01,0.01305,-0.00091,0.00137,-0.00308,-0.01841,0.58911
1065,1090560,51.63416,123.33333,0.75,0.89,1.009739,-0.002432,0.025771,0.002601,0.28322,0.028216,0.956726,51.226521,22.333328,50.387383,24.942333,4.0,0.00019105,12,692,0.16205,0.25042,0.02,0.0,100,0.16667,0.0,,,-0.01,0.0123,-0.00121,0.00142,-0.00259,-0.01188,0.75863
1066,1091584,60.71476,96.0,0.85714,0.9,1.103904,-0.003038,0.055211,0.003208,0.505326,0.040109,0.934291,51.051182,24.885893,48.331692,25.860132,4.0,0.00019094,7,696,0.17577,0.26349,0.01,0.0,100,0.14286,0.0,,,-0.01,0.01101,-0.00088,0.00277,-0.00558,-0.01772,0.50815
1067,1092608,65.23607,108.09091,0.90909,0.89,1.139181,-0.001279,0.068044,0.002897,0.468956,0.032889,0.739967,55.196812,16.913559,58.211918,15.580705,4.0,0.00019084,11,658,0.16632,0.24137,0.02,0.0,100,0.18182,0.0,,,-0.01,0.01364,-0.00119,0.0016,-0.00056,-0.01871,0.75281
1068,1093632,63.7802,114.58333,0.91667,0.88,1.23544,-0.004189,0.022953,0.004114,0.363045,0.056989,0.929546,56.66935,14.973424,57.092213,16.142437,4.0,0.00019074,12,645,0.18302,0.26484,0.03,0.0,100,0.0,0.0,,,-0.01,0.01319,-0.0014,-0.0005,-0.00036,-0.02205,0.78456
1069,1094656,71.43543,80.0,1.0,0.88,1.152476,-0.002541,0.023163,0.002569,0.462918,0.022635,0.521105,64.457787,5.902915,65.582726,6.123139,4.0,0.00019064,13,650,0.16109,0.24926,0.03,0.0,100,0.0,0.0,,,-0.01,0.0157,-0.00098,-0.00206,-0.00099,-0.01797,0.93366
1070,1095680,63.34332,88.0,0.88889,0.9,0.944988,-0.002265,0.052954,0.002057,0.361702,0.016846,0.835384,57.282219,13.623893,55.528004,16.033361,4.0,0.00019053,9,696,0.15901,0.24952,0.03,0.0,100,0.22222,0.0,,,-0.01,0.01527,-0.00095,0.00125,-0.00727,-0.01457,0.70275
1071,1096704,55.27133,91.14286,0.78571,0.88,0.88556,-0.002764,0.113791,0.002986,0.349867,0.039307,0.697046,58.266106,14.329153,56.706734,17.181301,4.0,0.00019043,14,677,0.16136,0.24303,0.03,0.0,100,0.35714,0.0,,,-0.01,0.01535,-0.00095,-0.00201,-0.00728,-0.01505,0.91793
1072,1097728,64.12517,83.0,0.9,0.88,0.951427,-0.001737,0.059479,0.003108,0.338487,0.03704,0.833634,56.181225,14.634851,55.255432,17.064837,4.0,0.00019033,10,685,0.1736,0.27453,0.03,0.0,100,0.2,0.0,,,-0.01,0.01416,-0.0004,0.00113,-0.00554,-0.01351,0.75469
1073,1098752,64.57091,88.1,0.9,0.88,0.962706,-0.001645,0.036198,0.003981,0.312465,0.047259,0.936483,53.554592,20.666121,54.535877,22.087866,4.0,0.00019023,10,689,0.18343,0.27997,0.03,0.0,100,0.2,0.0,,,-0.01,0.0148,-0.00091,-0.00092,-0.00113,-0.01123,0.7633
1074,1099776,62.74528,79.25,0.875,0.89,1.001509,-0.004639,0.039943,0.003118,0.513478,0.040981,0.949294,50.386078,23.437817,48.073112,24.758564,4.0,0.00019012,8,714,0.1922,0.29402,0.02,0.0,100,0.125,0.0,,,-0.01,0.01374,-0.00112,0.00106,-0.00668,-0.0094,0.63757
1075,1100800,54.203,131.07692,0.76923,0.88,0.966019,-0.002775,0.035996,0.001967,0.324997,0.023717,0.937908,52.854565,21.009342,52.617413,23.256275,4.0,0.00019002,13,691,0.16106,0.24838,0.03,0.0,100,0.23077,0.0,,,-0.01,0.01586,-0.00082,0.00087,-0.00313,-0.01624,0.83281
1076,1101824,61.87373,75.86667,0.86667,0.87,1.021624,-0.003686,0.03673,0.002986,0.262718,0.036098,0.885786,62.507778,14.251761,62.538601,16.762705,4.0,0.00018992,15,658,0.15483,0.2372,0.02,0.0,100,0.13333,0.0,,,-0.01,0.01506,-0.00086,-0.00186,-0.00269,-0.01311,0.97631
1077,1102848,72.36285,69.78571,1.0,0.88,1.067413,-0.002538,0.04233,0.00391,0.334299,0.057199,0.909787,60.746948,17.941938,60.854286,19.488407,4.0,0.00018982,14,662,0.15066,0.23667,0.01,0.0,100,0.0,0.0,,,-0.01,0.01468,-0.00104,-0.00019,-0.00196,-0.01541,1.06932
1078,1103872,64.60594,88.81818,0.90909,0.87,1.186467,-0.002793,0.066796,0.002783,0.341517,0.032854,0.514784,63.09457,13.56227,63.83297,11.387063,4.0,0.00018972,11,654,0.1581,0.24931,0.01,0.0,100,0.27273,0.0,,,-0.01,0.01308,-0.00081,0.00087,-0.00062,-0.01532,0.73432
1079,1104896,71.51166,83.88889,1.0,0.89,1.232532,-0.003372,0.047673,0.003192,0.381632,0.039202,0.814488,60.77116,12.624387,59.880535,14.148561,4.0,0.00018961,9,659,0.16645,0.25821,0.01,0.0,100,0.0,0.0,,,-0.01,0.01219,-0.00126,0.00281,-0.00195,-0.01229,0.66204
1080,1105920,65.17419,86.45455,0.90909,0.9,1.150648,-0.002858,0.078995,0.00366,0.270833,0.044259,0.816974,56.437904,17.358992,56.21685,18.91857,4.0,0.00018951,11,661,0.15898,0.24658,0.01,0.0,100,0.27273,0.0,,,-0.01,0.0134,-0.00093,0.00187,-0.00154,-0.01068,0.75368
1081,1106944,66.1016,105.75,0.91667,0.9,1.196767,-0.004454,0.013737,0.002883,0.269307,0.036516,0.948101,62.699612,13.857997,62.947704,14.609082,4.0,0.00018941,12,640,0.15532,0.23937,0.02,0.0,100,0.0,0.0,,,-0.01,0.01509,-0.00096,0.00154,-0.00073,-0.01329,0.78781
1082,1107968,65.97878,81.23077,0.92308,0.9,1.111878,-0.002861,0.061245,0.003388,0.258164,0.044294,0.813574,59.23745,14.732868,58.602196,16.175119,4.0,0.00018931,13,656,0.16482,0.25399,0.02,0.0,100,0.15385,1.0,,,-0.01,0.01481,-0.00076,-0.00184,-0.00195,-0.01944,0.9272
1083,1108992,63.89879,94.0,0.90909,0.92,1.077669,-0.003356,0.054968,0.003168,0.287136,0.036516,0.79405,59.86367,12.867145,59.751461,14.91622,4.0,0.0001892,11,659,0.15056,0.24063,0.01,0.0,100,0.18182,0.0,,,-0.01,0.01429,-0.00053,-0.00018,-0.00314,-0.01484,0.7692
1084,1110016,71.34554,84.85714,1.0,0.94,1.167138,-0.003985,0.038241,0.003188,0.466369,0.037737,0.910418,57.308708,16.96575,55.324341,18.202501,4.0,0.0001891,7,671,0.17491,0.27028,0.01,0.0,100,0.0,0.0,,,-0.01,0.01099,-0.00072,0.00213,-0.003,-0.01735,0.55684
1085,1111040,55.95161,102.6,0.8,0.92,0.839901,-0.002069,0.075188,0.002395,0.300035,0.025042,0.922252,41.550709,26.025198,40.726276,27.867687,4.0,0.000189,10,717,0.16146,0.26082,0.01,0.0,100,0.4,0.0,,,-0.01,0.01531,-0.00032,0.00216,-0.00649,-0.01053,0.80531
1086,1112064,64.70924,109.9,0.9,0.92,0.967354,-0.004223,0.006722,0.00382,0.329627,0.058733,0.99334,50.240406,29.18062,50.589275,29.759274,4.0,0.0001889,10,712,0.16908,0.25396,0.02,0.0,100,0.1,0.0,,,-0.01,0.01237,-0.00097,-0.00141,-0.00033,-0.01379,0.7918
1087,1113088,65.67569,115.15385,0.92308,0.92,1.169702,-0.003132,0.013598,0.003173,0.2928,0.043701,0.956912,62.659885,16.442602,63.312077,16.520596,4.0,0.00018879,13,659,0.16472,0.25234,0.03,0.0,100,0.07692,1.0,,,-0.01,0.0125,-0.00114,-0.00059,-0.00073,-0.01455,0.89077
1088,1114112,71.87446,75.38462,1.0,0.92,1.135159,-0.003543,0.002745,0.00282,0.324521,0.03111,0.70138,67.913689,3.013845,68.505859,2.754157,4.0,0.00018869,13,644,0.18025,0.27288,0.03,0.0,100,0.0,0.0,,,-0.01,0.01415,-0.00111,-0.00047,0.0,-0.01426,0.92533
1089,1115136,71.98008,85.41667,1.0,0.93,1.262925,-0.003173,0.015722,0.003933,0.253357,0.049247,0.029386,68.081406,5.241601,68.097939,3.987668,4.0,0.00018859,12,649,0.18553,0.27461,0.03,0.0,100,0.08333,0.0,,,-0.01,0.01262,-0.00133,0.00239,-0.00021,-0.01179,0.86311
1090,1116160,72.08207,73.75,1.0,0.94,1.272508,-0.004716,0.006002,0.002648,0.359401,0.022914,0.73797,67.526291,3.205083,66.598404,4.23536,4.0,0.00018849,8,645,0.18917,0.27595,0.02,0.0,100,0.0,0.0,,,-0.01,0.01175,-0.00193,0.00056,-1e-05,-0.02589,0.56986
1091,1117184,71.68303,74.88889,1.0,0.94,1.30451,-0.004673,0.008503,0.004302,0.364661,0.047468,0.923498,61.431385,8.754941,60.44025,10.067715,4.0,0.00018838,9,641,0.18269,0.27375,0.02,0.0,100,0.11111,1.0,,,-0.01,0.01028,-0.00131,-0.0003,-0.00084,-0.0171,0.64544
1092,1118208,64.53974,105.72727,0.90909,0.94,1.299597,-0.00524,0.008739,0.004153,0.421158,0.053781,0.97455,55.8284,16.968451,54.8643,18.546143,4.0,0.00018828,11,634,0.17589,0.27027,0.03,0.0,100,0.0,0.0,,,-0.01,0.0123,-0.0017,0.00029,-0.00083,-0.0175,0.71581
1093,1119232,55.94842,140.54545,0.81818,0.93,1.142168,-0.002878,0.03283,0.003307,0.303989,0.034075,0.922352,60.947544,17.174109,60.224678,18.316477,4.0,0.00018818,11,651,0.15596,0.25014,0.05,0.0,100,0.09091,0.0,,,-0.01,0.01114,-0.0008,0.00199,-0.00208,-0.02152,0.65933
1094,1120256,66.18977,73.69231,0.92308,0.94,1.094131,-0.002359,0.016785,0.003146,0.308179,0.031948,0.879544,65.524406,8.932858,64.865593,11.464429,4.0,0.00018808,13,643,0.16175,0.26384,0.05,0.0,100,0.07692,0.0,,,-0.01,0.01357,-0.0006,0.00053,-0.00139,-0.01541,0.88029
1095,1121280,71.20196,86.78571,1.0,0.95,1.105181,-0.003564,0.021154,0.003594,0.310173,0.049316,-1.241543,66.87352,5.48062,67.707489,2.904532,4.0,0.00018797,14,644,0.14582,0.25042,0.04,0.0,100,0.0,0.0,,,-0.01,0.01285,-0.0006,-0.00085,-1e-05,-0.01304,0.99631
1096,1122304,72.02449,70.26667,1.0,0.96,0.990042,-0.002725,0.019792,0.002938,0.265537,0.027902,0.743445,66.960243,6.405075,66.838173,7.679526,4.0,0.00018787,15,638,0.1457,0.25734,0.03,0.0,100,0.06667,0.0,,,-0.01,0.01398,-0.00098,0.00154,-0.0023,-0.01753,1.09791
1097,1123328,66.11778,73.33333,0.91667,0.95,1.06515,-0.002087,0.024876,0.002763,0.331522,0.032331,0.857148,65.802139,9.903186,64.674065,12.655408,4.0,0.00018777,12,661,0.14502,0.24779,0.03,0.0,100,0.08333,0.0,,,-0.01,0.01163,-0.00102,0.00227,-0.00268,-0.01479,0.82653
1098,1124352,65.76292,77.38462,0.92308,0.94,0.87402,-0.003055,0.099269,0.002894,0.25231,0.036028,0.76926,55.710171,18.33744,55.392952,19.158745,4.0,0.00018767,13,686,0.14814,0.25254,0.03,0.0,100,0.30769,0.0,,,-0.01,0.01392,-0.00036,0.00198,-0.00769,-0.01654,1.03545
1099,1125376,65.68648,86.08333,0.91667,0.93,1.052451,-0.003062,0.017083,0.004275,0.31028,0.057687,0.823251,63.56937,8.489799,64.486534,9.039853,4.0,0.00018756,12,651,0.14603,0.23157,0.03,0.0,100,0.16667,0.0,,,-0.01,0.0131,-0.0009,-0.00055,-0.00036,-0.01784,0.79824
1100,1126400,72.19606,71.0,1.0,0.94,1.097457,-0.003668,0.006678,0.003108,0.334422,0.04262,0.935858,63.987373,9.003645,64.377762,10.68784,4.0,0.00018746,14,643,0.18443,0.27818,0.02,0.0,100,0.0,0.0,,,-0.01,0.01067,-0.00134,4e-05,0.0,-0.02454,0.9985
1101,1127424,72.11657,68.46154,1.0,0.97,1.100823,-0.004842,0.00839,0.004067,0.280161,0.062256,0.97379,62.63343,15.874517,62.486881,17.068331,4.0,0.00018736,13,644,0.17245,0.2678,0.0,0.0,100,0.0,0.0,,,-0.01,0.01063,-0.00134,0.00011,-0.0011,-0.02109,0.93438
1102,1128448,63.10426,108.41667,0.91667,0.96,1.011311,-0.002473,0.070213,0.003196,0.248947,0.048026,0.833689,57.653042,20.808609,57.373291,20.239788,4.0,0.00018726,12,662,0.15356,0.24735,0.01,0.0,100,0.25,0.0,,,-0.01,0.01111,-0.00038,0.0014,-0.00485,-0.01563,0.87504
1103,1129472,65.14983,86.09091,0.90909,0.95,0.97213,-0.001794,0.029903,0.002356,0.249698,0.029192,0.810632,62.860931,8.850724,62.625195,12.05776,4.0,0.00018716,11,666,0.16066,0.25525,0.01,0.0,100,0.18182,0.0,,,-0.01,0.01315,-0.00104,0.00013,-0.00189,-0.01104,0.77995
1104,1130496,71.66684,73.07692,1.0,0.95,1.066917,-0.00245,0.02122,0.001768,0.254183,0.020961,0.357851,65.627609,5.950574,66.057457,5.458186,4.0,0.00018705,13,648,0.16228,0.26165,0.01,0.0,100,0.15385,0.0,,,-0.01,0.01122,-0.00117,0.00055,-0.00107,-0.01965,0.94935
1105,1131520,71.9828,73.66667,1.0,0.96,1.184117,-0.004485,0.017893,0.00445,0.416826,0.062919,0.892537,62.505135,9.944851,60.946411,11.121042,4.0,0.00018695,9,666,0.1678,0.26896,0.01,0.0,100,0.0,0.0,,,-0.01,0.01052,-0.00108,-0.00092,-0.00318,-0.01751,0.68061
1106,1132544,58.46465,92.0,0.83333,0.95,1.077189,-0.001945,0.041135,0.00287,0.33899,0.028948,0.878535,58.606533,15.39339,57.102314,18.262571,4.0,0.00018685,12,662,0.15804,0.25931,0.01,0.0,100,0.16667,0.0,,,-0.01,0.01263,-0.00082,0.00025,-0.00383,-0.01602,0.7633
1107,1133568,63.0991,110.8,0.9,0.95,1.059508,-0.002709,0.032342,0.002994,0.262286,0.034773,0.936173,55.522373,19.295044,54.70105,19.97901,4.0,0.00018675,10,675,0.16191,0.26579,0.02,0.0,100,0.1,0.0,,,-0.01,0.01163,-0.00057,0.00118,-0.0028,-0.01876,0.73688
1108,1134592,71.12455,81.83333,1.0,0.95,0.963696,-0.001971,0.033384,0.002124,0.199835,0.020438,0.955646,52.282043,24.569017,52.904781,25.398809,4.0,0.00018664,12,692,0.17135,0.28278,0.02,0.0,100,0.08333,0.0,,,-0.01,0.01143,-0.00132,-0.00116,-0.00052,-0.01268,1.04493
1109,1135616,54.90953,130.0,0.77778,0.93,0.87231,-0.002018,0.05521,0.001936,0.301262,0.016078,0.946583,47.978382,27.825768,46.964939,29.004335,4.0,0.00018654,9,705,0.17871,0.29181,0.03,0.0,100,0.44444,0.0,,,-0.01,0.01267,-0.0012,0.00194,-0.00524,-0.01288,0.65597
1110,1136640,65.96771,104.08333,0.91667,0.92,1.039734,-0.002579,0.024725,0.002331,0.274313,0.023472,0.969458,55.010807,24.689989,54.683315,25.539558,4.0,0.00018644,12,677,0.1804,0.27663,0.04,0.0,100,0.16667,0.0,,,-0.01,0.01492,-0.00107,-0.00138,-0.00326,-0.01949,0.90271
1111,1137664,56.38951,81.5,0.8,0.91,1.041396,-0.001668,0.051223,0.003127,0.505441,0.033761,0.830065,62.852772,12.329273,60.329956,15.605342,4.0,0.00018634,10,666,0.17369,0.27227,0.03,0.0,100,0.2,0.0,,,-0.01,0.01431,-0.00124,0.00176,-0.00588,-0.01452,0.63139
1112,1138688,64.27616,97.72727,0.90909,0.91,1.098994,-0.002651,0.066629,0.002047,0.298978,0.009138,0.808933,60.076626,15.333829,59.124531,16.856127,4.0,0.00018623,11,669,0.18805,0.28543,0.03,0.0,100,0.18182,1.0,,,-0.01,0.01235,-0.00148,0.00291,-0.00322,-0.0141,0.78373
1113,1139712,56.42114,88.2,0.8,0.89,1.082754,-0.002731,0.069711,0.00185,0.374755,0.021275,0.846621,56.522121,16.322659,54.656658,19.30014,4.0,0.00018613,10,678,0.17682,0.26983,0.03,0.0,100,0.3,0.0,,,-0.01,0.01245,-0.00194,0.00095,-0.00443,-0.01065,0.65092
1114,1140736,72.12893,76.4,1.0,0.89,1.249319,-0.004762,0.010643,0.003997,0.39664,0.049421,0.976788,58.584263,20.457659,57.656498,22.478125,4.0,0.00018603,10,649,0.17381,0.25966,0.03,0.0,100,0.0,0.0,,,-0.01,0.01011,-0.00225,0.00227,-4e-05,-0.01498,0.71888
1115,1141760,65.97644,100.30769,0.92308,0.9,1.093064,-0.002377,0.047583,0.002387,0.222812,0.027414,0.925195,58.630726,23.05764,58.494225,23.700085,4.0,0.00018593,13,648,0.16485,0.25339,0.04,0.0,100,0.07692,0.0,,,-0.01,0.0129,-0.00128,0.00205,-0.00076,-0.01407,0.89331
1116,1142784,66.18181,103.92308,0.92308,0.9,1.053195,-0.002796,0.065534,0.003023,0.257527,0.040597,0.877397,58.727833,22.743195,58.589062,22.384378,4.0,0.00018582,13,662,0.16453,0.25076,0.04,0.0,100,0.15385,0.0,,,-0.01,0.01301,-0.00131,0.00181,-0.00332,-0.01217,0.93287
1117,1143808,65.37926,84.08333,0.91667,0.89,0.922213,-0.003492,0.06352,0.003662,0.243268,0.048863,0.787946,59.305767,14.870817,59.024639,16.014248,4.0,0.00018572,12,678,0.17877,0.25547,0.04,0.0,100,0.16667,1.0,,,-0.01,0.01212,-0.00156,-0.00015,-0.00472,-0.01199,0.92031
1118,1144832,71.7161,81.38462,1.0,0.91,1.18288,-0.002503,0.018464,0.003091,0.360711,0.02853,0.333567,64.848045,6.553448,66.397514,4.97104,4.0,0.00018562,13,648,0.18957,0.27325,0.03,0.0,100,0.07692,0.0,,,-0.01,0.01314,-0.00168,0.0011,-0.00031,-0.01497,0.94778
1119,1145856,72.03285,72.72727,1.0,0.93,1.153449,-0.002667,0.012146,0.003688,0.305061,0.049595,0.57626,66.929161,3.785253,67.012619,4.700941,4.0,0.00018552,11,649,0.17686,0.25877,0.02,0.0,100,0.0,0.0,,,-0.01,0.01363,-0.0012,0.00081,-0.00165,-0.01307,0.7881
1120,1146880,71.81442,85.42857,1.0,0.95,1.106232,-0.002755,0.015206,0.0031,0.295456,0.035052,0.633606,64.418442,6.797976,65.541573,6.011683,4.0,0.00018541,14,657,0.18313,0.27469,0.02,0.0,100,0.14286,0.0,,,-0.01,0.01431,-0.00112,0.0013,-0.0005,-0.01388,1.06727
1121,1147904,71.68046,80.83333,1.0,0.96,1.186153,-0.003384,0.00607,0.002262,0.237891,0.018659,0.907833,66.214317,6.392689,65.970772,7.330575,4.0,0.00018531,12,657,0.18018,0.26767,0.02,0.0,100,0.0,0.0,,,-0.01,0.01102,-0.00131,0.00128,-0.00117,-0.01479,0.90868
1122,1148928,61.71388,102.0,0.875,0.96,1.120543,-0.002266,0.028502,0.002717,0.328817,0.028495,0.797113,64.046486,8.194818,62.422859,11.254604,4.0,0.00018521,8,672,0.18317,0.27249,0.02,0.0,100,0.125,0.0,,,-0.01,0.01232,-0.00101,0.00055,-0.00394,-0.01515,0.55295
1123,1149952,61.43289,107.125,0.875,0.96,1.067928,-0.002659,0.036906,0.002352,0.547798,0.026855,0.882591,55.72884,13.562452,53.059517,16.453762,4.0,0.00018511,8,690,0.20684,0.29378,0.01,0.0,100,0.25,0.0,,,-0.01,0.01102,-0.00169,0.00206,-0.00188,-0.02774,0.61636
1124,1150976,72.28352,75.42857,1.0,0.96,1.0583,-0.004065,0.009014,0.002409,0.328631,0.0271,0.986046,47.050068,24.480824,46.320992,26.126286,4.0,0.000185,7,689,0.19706,0.27422,0.01,0.0,100,0.0,0.0,,,-0.01,0.01218,-0.00172,-4e-05,-0.00043,-0.02159,0.59643
1125,1152000,48.70364,178.125,0.75,0.94,1.013545,-0.003918,0.028841,0.003222,0.309734,0.042132,0.975237,37.282799,30.856058,36.501972,31.937157,4.0,0.0001849,8,714,0.20566,0.29293,0.03,0.0,100,0.125,1.0,,,-0.01,0.00954,-0.00269,0.0017,-0.00306,-0.01429,0.57385
1126,1153024,55.63421,140.55556,0.77778,0.93,1.150076,-0.003812,0.02224,0.003082,0.396785,0.030483,0.945756,58.486259,16.527538,56.923244,17.926275,4.0,0.0001848,9,674,0.19199,0.28752,0.03,0.0,100,0.22222,0.0,,,-0.01,0.01162,-0.00148,0.00094,-0.00238,-0.00897,0.55451
1127,1154048,65.6497,85.75,0.91667,0.93,1.209498,-0.002279,0.023772,0.002496,0.241903,0.025495,0.933845,59.479912,16.112265,59.612244,17.941122,4.0,0.0001847,12,654,0.19401,0.29218,0.03,0.0,100,0.16667,0.0,,,-0.01,0.01171,-0.00122,0.00041,-0.00089,-0.01201,0.81331
1128,1155072,64.90502,111.08333,0.91667,0.92,1.250715,-0.00485,0.005558,0.003222,0.312266,0.03554,0.988645,61.532917,19.452303,61.479282,19.999657,4.0,0.0001846,12,640,0.18917,0.28697,0.04,0.0,100,0.0,0.0,,,-0.01,0.01115,-0.00125,-1e-05,0.0,-0.01349,0.78122
1129,1156096,72.10596,76.16667,1.0,0.92,1.263013,-0.003867,0.004512,0.003872,0.290402,0.043422,0.546175,68.153076,2.698196,68.116119,2.935966,4.0,0.00018449,12,643,0.21331,0.31292,0.04,0.0,100,0.0,0.0,,,-0.01,0.01062,-0.0017,0.00212,0.0,-0.01523,0.85384
1130,1157120,72.26059,76.5,1.0,0.92,1.240662,-0.005542,0.02254,0.005067,0.532813,0.065604,0.906478,60.855129,12.206186,58.895451,14.109762,4.0,0.00018439,8,656,0.21135,0.30903,0.04,0.0,100,0.0,0.0,,,-0.01,0.01325,-0.00103,-0.00225,0.00013,-0.01777,0.59836
1131,1158144,70.77908,107.28571,1.0,0.92,1.101057,-0.004569,0.044129,0.003608,0.472857,0.041539,0.942759,49.170933,24.258734,46.917175,25.234484,4.0,0.00018429,7,694,0.19378,0.28822,0.04,0.0,100,0.0,0.0,,,-0.01,0.01192,-0.00136,-0.00144,-0.00236,-0.0141,0.59459
1132,1159168,57.92303,124.38462,0.84615,0.91,1.077544,-0.002924,0.058081,0.002386,0.369747,0.027832,0.90491,54.523506,22.728197,55.785206,23.120131,4.0,0.00018419,13,673,0.18579,0.29373,0.04,0.0,100,0.23077,0.0,,,-0.01,0.01415,-0.00074,0.0014,-0.00188,-0.00951,0.86505
1133,1160192,71.53954,85.14286,1.0,0.91,1.145888,-0.003732,0.026174,0.003529,0.372744,0.040562,0.968908,57.396675,25.748358,56.392902,26.118153,4.0,0.00018408,7,681,0.1915,0.28843,0.04,0.0,100,0.0,0.0,,,-0.01,0.01018,-0.00113,0.00171,-0.0002,-0.01568,0.55949
1134,1161216,64.15716,121.36364,0.90909,0.91,1.086437,-0.003594,0.018845,0.003982,0.311709,0.05535,0.965906,54.887672,21.919498,54.689365,22.835762,4.0,0.00018398,11,685,0.18889,0.29165,0.04,0.0,100,0.09091,0.0,,,-0.01,0.0133,-0.00077,0.00114,-0.00129,-0.01344,0.82102
1135,1162240,64.65799,87.7,0.9,0.93,1.016623,-0.003479,0.031269,0.002689,0.32417,0.034424,0.96503,53.648071,25.674593,52.687172,26.787054,4.0,0.00018388,10,696,0.16636,0.26119,0.01,0.0,100,0.1,0.0,,,-0.01,0.01506,-0.00091,0.00217,-0.00318,-0.01193,0.76199
1136,1163264,60.50195,115.07692,0.84615,0.93,1.175276,-0.003227,0.006588,0.003144,0.282971,0.029785,0.991651,56.774731,25.246765,56.814785,25.948841,4.0,0.00018378,13,670,0.19399,0.29076,0.02,0.0,100,0.15385,0.0,,,-0.01,0.01075,-0.0012,0.00043,0.00015,-0.01034,0.84762
1137,1164288,71.62689,84.875,1.0,0.93,1.34536,-0.002776,0.012655,0.003328,0.359881,0.037912,0.807535,64.452065,6.49758,64.061554,7.345291,4.0,0.00018367,8,652,0.20243,0.28976,0.02,0.0,100,0.0,0.0,,,-0.01,0.0099,-0.00158,0.00298,0.0,-0.01185,0.56696
1138,1165312,71.58126,84.41667,1.0,0.94,1.25676,-0.003763,0.021392,0.003386,0.33481,0.033412,0.925193,61.987434,13.694159,61.262154,14.998762,4.0,0.00018357,12,646,0.18323,0.26696,0.01,0.0,100,0.0,0.0,,,-0.01,0.0116,-0.001,-0.00029,-0.00021,-0.01174,0.85086
1139,1166336,70.80182,113.0,1.0,0.94,1.263696,-0.004133,0.06852,0.002692,0.394094,0.033168,0.852593,57.049091,19.266165,55.958809,19.67655,4.0,0.00018347,9,674,0.18395,0.26883,0.01,0.0,100,0.0,0.0,,,-0.01,0.0096,-0.00105,-0.00034,-0.00011,-0.00946,0.67437
1140,1167360,70.45003,104.18182,1.0,0.94,1.192923,-0.00234,0.056813,0.003296,0.308734,0.041155,0.911338,54.716404,23.282421,55.849846,22.838186,4.0,0.00018337,11,673,0.17251,0.25709,0.01,0.0,100,0.18182,0.0,,,-0.01,0.01251,-0.00159,-0.0006,-0.00027,-0.01172,0.84401
1141,1168384,72.46234,70.41667,1.0,0.96,1.156911,-0.002938,0.004849,0.003062,0.337286,0.030797,0.993044,57.878017,23.072464,58.412422,23.818975,4.0,0.00018326,12,670,0.16597,0.25935,0.01,0.0,100,0.0,0.0,,,-0.01,0.01251,-0.00133,0.00216,0.0,-0.01004,0.91099
1142,1169408,64.31068,118.0,0.9,0.95,1.14592,-0.003443,0.034275,0.003239,0.326118,0.038749,0.927225,59.938061,18.074303,59.073082,19.169989,4.0,0.00018316,10,673,0.1745,0.26213,0.02,0.0,100,0.2,0.0,,,-0.01,0.0123,-0.00086,-0.0014,-0.00194,-0.00822,0.69434
1143,1170432,72.07357,83.6,1.0,0.96,1.107379,-0.003082,0.047696,0.00342,0.248402,0.040632,0.923522,54.78603,22.623785,54.961941,22.680975,4.0,0.00018306,10,686,0.17548,0.26401,0.02,0.0,100,0.1,0.0,,,-0.01,0.01242,-0.00099,-0.00203,-0.00067,-0.00974,0.80938
1144,1171456,71.84711,83.7,1.0,0.97,1.069382,-0.002921,0.025337,0.002054,0.254031,0.017334,0.971981,50.458942,26.53688,50.809498,27.437143,4.0,0.00018296,10,695,0.182,0.27752,0.02,0.0,100,0.1,0.0,,,-0.01,0.01388,-0.00138,-0.00236,-0.00206,-0.00626,0.85023
1145,1172480,64.42315,122.11111,0.88889,0.97,1.086425,-0.003901,0.017371,0.002941,0.28876,0.036307,0.977276,56.189144,23.514952,55.655144,24.410631,4.0,0.00018285,9,685,0.18951,0.28604,0.03,0.0,100,0.11111,0.0,,,-0.01,0.01347,-0.00082,0.00088,-0.00102,-0.00751,0.65492
1146,1173504,63.75226,128.9,0.9,0.97,1.039518,-0.003508,0.023462,0.002784,0.323515,0.033308,0.97555,48.638271,27.524626,48.290459,28.354904,4.0,0.00018275,10,699,0.16981,0.26847,0.03,0.0,100,0.1,0.0,,,-0.01,0.01424,-0.00135,-0.001,-8e-05,-0.02147,0.77338
1147,1174528,71.53477,96.14286,1.0,0.97,1.247914,-0.003534,0.033453,0.002884,0.349915,0.033657,0.882914,58.901287,13.839318,57.715229,15.545897,4.0,0.00018265,7,660,0.17028,0.26646,0.03,0.0,100,0.14286,1.0,,,-0.01,0.01236,-0.00105,0.00085,-0.00108,-0.01423,0.51091
1148,1175552,71.16744,91.63636,1.0,0.97,1.100568,-0.003337,0.020095,0.003602,0.281336,0.044189,0.974869,51.445698,24.854319,51.520855,25.978294,4.0,0.00018255,11,673,0.16783,0.27765,0.03,0.0,100,0.0,0.0,,,-0.01,0.014,-0.00067,-3e-05,-0.00062,-0.01222,0.86406
1149,1176576,64.36423,120.45455,0.90909,0.96,1.019099,-0.002191,0.038476,0.002183,0.358734,0.0226,0.961746,50.747707,28.894495,51.776897,29.163435,4.0,0.00018244,11,697,0.17838,0.29098,0.04,0.0,100,0.09091,0.0,,,-0.01,0.01303,-0.00116,-0.00176,-0.0001,-0.01146,0.84269
1150,1177600,64.32018,117.0,0.9,0.95,1.098165,-0.004574,0.006612,0.00389,0.325753,0.050398,0.988751,59.996304,23.916592,59.914654,24.230265,4.0,0.00018234,10,670,0.16265,0.26994,0.05,0.0,100,0.1,1.0,,,-0.01,0.01295,-0.00112,0.00151,0.0,-0.01985,0.68947
1151,1178624,72.49622,73.0,1.0,0.95,1.213003,-0.003972,0.01119,0.002662,0.317153,0.028006,0.940291,63.629658,11.667238,62.816441,13.098532,4.0,0.00018224,12,644,0.16902,0.27289,0.05,0.0,100,0.0,0.0,,,-0.01,0.01224,-0.00095,0.00026,-0.00035,-0.01557,0.85687
1152,1179648,69.36377,102.54545,1.0,0.96,1.108076,-0.003069,0.04025,0.002698,0.301472,0.032785,0.785829,64.531136,12.362971,64.034256,12.680221,4.0,0.00018214,11,663,0.16401,0.26864,0.04,0.0,100,0.0,0.5,,,-0.01,0.01359,-0.00093,-0.00096,-0.00198,-0.01365,0.81677
1153,1180672,71.92313,79.75,1.0,0.96,1.014597,-0.003305,0.028254,0.001403,0.46616,0.01008,0.962818,50.852436,23.980873,48.705631,25.22011,4.0,0.00018204,8,714,0.19079,0.30015,0.04,0.0,100,0.0,0.0,,,-0.01,0.01214,-0.0012,0.00239,-0.00233,-0.01177,0.73876
1154,1181696,64.32471,111.0,0.9,0.95,1.005626,-0.001698,0.049934,0.003124,0.229434,0.038853,0.953724,44.690376,29.71073,45.19746,29.995377,4.0,0.00018193,10,724,0.17757,0.2834,0.04,0.0,100,0.2,1.0,,,-0.01,0.0113,-0.00128,0.0025,-4e-05,-0.01195,0.82047
1155,1182720,55.21729,156.44444,0.77778,0.94,1.15565,-0.004613,0.019776,0.004005,0.441846,0.053397,0.979729,53.044704,26.835783,51.543579,27.20369,4.0,0.00018183,9,675,0.17413,0.28487,0.05,0.0,100,0.11111,0.0,,,-0.01,0.01163,-0.00113,0.00222,-0.00079,-0.01984,0.54101
1156,1183744,72.13071,84.125,1.0,0.95,1.090417,-0.00278,0.068602,0.003202,0.332831,0.042271,0.866545,51.538059,19.153482,50.369122,20.559416,4.0,0.00018173,8,688,0.18832,0.29539,0.04,0.0,100,0.125,0.0,,,-0.01,0.01438,-0.0013,0.0015,-0.00206,-0.01156,0.66865
1157,1184768,51.97054,98.36364,0.72727,0.92,1.005984,-0.003305,0.031724,0.003142,0.423949,0.042864,0.963591,47.065029,24.926922,45.239674,26.954416,4.0,0.00018163,11,694,0.18304,0.29316,0.04,0.0,100,0.27273,1.0,,,-0.01,0.01373,-0.00124,0.00125,0.00043,-0.01066,0.67786
1158,1185792,63.7274,130.0,0.90909,0.91,1.21452,-0.002172,0.067463,0.002758,0.315312,0.026681,0.815558,58.399227,18.971502,59.159992,17.834993,4.0,0.00018152,11,658,0.18835,0.29702,0.05,0.0,100,0.09091,0.0,,,-0.01,0.01179,-0.00111,0.00215,0.00203,-0.01414,0.74244
1159,1186816,71.75986,78.6,1.0,0.92,1.156557,-0.00379,0.013978,0.003206,0.299596,0.031564,0.960904,58.700687,15.870245,58.899864,16.810743,4.0,0.00018142,10,670,0.20371,0.30877,0.04,0.0,100,0.0,0.0,,,-0.01,0.01263,-0.00117,0.00048,-0.00016,-0.01475,0.77567
1160,1187840,72.06105,75.63636,1.0,0.93,1.136679,-0.003958,0.008484,0.003088,0.334658,0.035714,0.982912,54.620293,20.967766,54.937477,22.362556,4.0,0.00018132,11,674,0.19796,0.30675,0.03,0.0,100,0.0,1.0,,,-0.01,0.0115,-0.00148,0.00053,-0.00029,-0.01409,0.8672
1161,1188864,65.95497,105.81818,0.90909,0.92,1.10862,-0.003575,0.005189,0.003427,0.306158,0.042236,0.99292,53.739826,26.314812,54.008881,27.453453,4.0,0.00018122,11,669,0.19815,0.31233,0.04,0.0,100,0.09091,0.0,,,-0.01,0.01159,-0.00167,0.00225,-2e-05,-0.01294,0.7761
1162,1189888,65.528,102.92308,0.92308,0.91,1.124849,-0.003425,0.011848,0.004023,0.272957,0.052665,0.970013,63.177071,17.317184,63.450375,17.912531,4.0,0.00018111,13,647,0.19154,0.29123,0.05,0.0,100,0.0,0.0,,,-0.01,0.01126,-0.0015,-8e-05,-0.00034,-0.01021,0.87246
1163,1190912,72.25556,74.42857,1.0,0.92,1.089138,-0.001911,0.012237,0.002842,0.269274,0.033866,0.39111,67.882812,6.203338,68.581604,4.495981,4.0,0.00018101,14,643,0.17725,0.27914,0.05,0.0,100,0.0,0.0,,,-0.01,0.01229,-0.00105,0.00125,0.0001,-0.01223,1.00848
1164,1191936,72.02269,75.42857,1.0,0.94,1.089884,-0.002531,0.028033,0.003683,0.232963,0.043701,0.562628,67.526131,9.385008,68.334686,7.501198,4.0,0.00018091,14,642,0.17562,0.27694,0.03,0.0,100,0.07143,1.0,,,-0.01,0.01117,-0.00116,0.0007,-0.00148,-0.0109,1.02069
1165,1192960,71.98176,78.76923,1.0,0.97,1.138584,-0.002907,0.011886,0.004074,0.262791,0.053223,0.547073,68.984512,5.821359,68.878212,4.931223,4.0,0.00018081,13,643,0.17843,0.28221,0.03,0.0,100,0.07692,0.0,,,-0.01,0.01155,-0.00124,0.00108,0.00087,-0.01386,0.93261
1166,1193984,71.86123,77.69231,1.0,0.98,1.129974,-0.005213,0.001237,0.004419,0.371706,0.059012,0.789627,69.739555,2.290332,69.696861,2.201076,4.0,0.0001807,13,644,0.18094,0.29004,0.02,0.0,100,0.0,0.0,,,-0.01,0.01129,-0.00146,0.00155,0.0,-0.0106,0.92435
1167,1195008,72.3646,72.69231,1.0,0.98,1.049764,-0.004212,0.002687,0.002965,0.266794,0.042794,0.83854,68.778915,3.165248,68.575615,3.622279,4.0,0.0001806,13,652,0.16917,0.27573,0.02,0.0,100,0.0,1.0,,,-0.01,0.01139,-0.00141,0.00222,-0.00128,-0.01052,0.96933
1168,1196032,72.04054,79.85714,1.0,0.98,1.110572,-0.001718,0.002982,0.002373,0.243925,0.024554,0.505909,69.124847,2.870854,69.492386,2.265398,4.0,0.0001805,14,643,0.17124,0.27969,0.02,0.0,100,0.0,0.0,,,-0.01,0.01206,-0.00136,0.00186,0.0,-0.00992,1.00797
1169,1197056,72.20643,73.61538,1.0,1.0,1.088069,-0.004353,0.000825,0.00266,0.29333,0.029402,0.839526,69.709068,2.034827,69.745903,2.05038,4.0,0.0001804,13,646,0.1603,0.26869,0.0,0.0,100,0.0,0.0,,,-0.01,0.01237,-0.00116,0.00202,0.0,-0.01387,0.92607
1170,1198080,72.34541,73.26667,1.0,1.0,1.089845,-0.003278,0.001095,0.003142,0.286882,0.02982,0.810217,69.682678,2.059713,69.701393,2.132254,4.0,0.00018029,15,643,0.1596,0.26325,0.0,0.0,100,0.0,1.0,,,-0.01,0.01333,-0.00125,0.0008,0.0,-0.01309,1.06872
1171,1199104,71.69295,86.0,1.0,1.0,1.070749,-0.002758,0.018838,0.004743,0.25037,0.063721,0.810038,66.956726,8.516521,66.136162,8.899179,4.0,0.00018019,10,656,0.17511,0.2776,0.0,0.0,100,0.0,1.0,,,-0.01,0.01231,-0.0014,0.00255,-0.00245,-0.01115,0.7586
1172,1200128,71.85127,85.41667,1.0,1.0,1.067273,-0.000882,0.011073,0.002819,0.186738,0.034912,-0.468376,68.185936,4.920482,68.757225,2.720877,4.0,0.00018009,12,648,0.15463,0.24869,0.0,0.0,100,0.08333,1.0,,,-0.01,0.01483,-0.00136,0.00137,-7e-05,-0.01093,0.86458
1173,1201152,72.09638,81.5,1.0,1.0,1.126421,-0.003577,0.002165,0.003996,0.327666,0.04963,0.706433,68.884743,2.155941,68.81469,2.447901,4.0,0.00017999,14,637,0.16735,0.26671,0.0,0.0,100,0.0,1.0,,,-0.01,0.01306,-0.00134,0.00229,-0.00088,-0.01261,1.00678
1174,1202176,72.12035,77.69231,1.0,1.0,1.013754,-0.002323,0.003476,0.003296,0.232413,0.041609,0.753508,68.210197,3.494993,68.491005,3.412839,4.0,0.00017988,13,655,0.15481,0.24798,0.0,0.0,100,0.07692,0.0,,,-0.01,0.0148,-0.00107,2e-05,-0.00018,-0.00993,0.97223
1175,1203200,71.58124,85.90909,1.0,1.0,1.117544,-0.0031,0.002718,0.003504,0.314552,0.036935,0.708963,68.905251,2.413896,68.493408,2.667309,4.0,0.00017978,11,650,0.16371,0.26318,0.0,0.0,100,0.0,0.0,,,-0.01,0.01217,-0.00123,0.00159,-0.00194,-0.01499,0.81347
1176,1204224,63.60176,84.66667,0.88889,0.99,1.043792,-0.000562,0.041171,0.002176,0.331006,0.015416,0.546059,67.338188,4.766765,65.607285,9.147786,4.0,0.00017968,9,683,0.16886,0.26885,0.0,0.0,100,0.11111,0.0,,,-0.01,0.01052,-0.00175,0.00277,-0.00016,-0.01883,0.6453
1177,1205248,70.57337,106.15385,1.0,0.99,1.085349,-0.000981,0.010841,0.00163,0.20476,0.015067,0.628518,67.173584,6.469051,67.621025,4.888083,4.0,0.00017958,13,658,0.15425,0.25,0.0,0.0,100,0.07692,0.0,,,-0.01,0.01263,-0.00134,0.00161,0.00036,-0.00958,0.9516
1178,1206272,72.17674,72.81818,1.0,0.99,1.031533,-0.003909,0.006838,0.003577,0.341023,0.042062,0.850283,67.251427,4.903662,66.71714,5.787509,4.0,0.00017948,11,654,0.15371,0.25682,0.0,0.0,100,0.0,0.0,,,-0.01,0.01329,-0.00117,0.00163,-0.0018,-0.01897,0.81944
1179,1207296,70.5434,105.3,1.0,0.99,1.065527,-0.002207,0.018644,0.00197,0.228359,0.017857,0.509019,64.641357,6.358063,64.4879,5.69899,4.0,0.00017937,10,674,0.164,0.25564,0.0,0.0,100,0.2,0.0,,,-0.01,0.01144,-0.00142,-0.00139,-0.00035,-0.01347,0.78299
1180,1208320,71.24016,87.66667,1.0,0.99,1.096974,-0.00254,0.01012,0.002309,0.253705,0.026297,0.384085,65.924065,3.945857,66.729858,3.780119,4.0,0.00017927,15,652,0.15584,0.25481,0.0,0.0,100,0.13333,1.0,,,-0.01,0.01254,-0.00126,-0.00059,-0.0014,-0.01404,1.10117
1181,1209344,62.36771,96.55556,0.88889,0.98,0.969446,-0.001178,0.047711,0.00188,0.279464,0.01273,0.549409,65.201431,5.488718,63.859074,9.360349,4.0,0.00017917,9,691,0.15503,0.24749,0.0,0.0,100,0.22222,0.0,,,-0.01,0.01153,-0.00106,-0.00531,-0.00377,-0.01043,0.65311
1182,1210368,64.83871,78.63636,0.90909,0.97,1.02456,-0.002668,0.041114,0.0026,0.285307,0.034459,0.653033,64.48909,6.186858,63.371449,10.175022,4.0,0.00017907,11,671,0.14251,0.2349,0.0,0.0,100,0.09091,0.0,,,-0.01,0.01386,-0.0009,0.00071,-0.00189,-0.01075,0.78103
1183,1211392,72.27233,70.27273,1.0,0.97,1.130993,-0.004099,0.004734,0.002868,0.302088,0.035191,0.961964,62.765617,9.468667,62.776497,10.227172,4.0,0.00017896,11,675,0.16039,0.25352,0.0,0.0,100,0.0,1.0,,,-0.01,0.0099,-0.00153,-0.00023,-2e-05,-0.01507,0.86174
1184,1212416,63.73421,92.8,0.9,0.96,1.09691,-0.001661,0.037483,0.002591,0.31807,0.026123,0.882384,59.87022,13.653719,58.263317,16.046074,4.0,0.00017886,10,684,0.16664,0.27217,0.0,0.0,100,0.1,0.0,,,-0.01,0.01152,-0.00104,-0.00056,-0.0024,-0.01648,0.72822
1185,1213440,64.63913,114.2,0.9,0.96,1.214606,-0.003856,0.00392,0.002985,0.310229,0.029715,0.96817,62.819149,9.468108,63.287529,10.100607,4.0,0.00017876,10,655,0.16123,0.25935,0.01,0.0,100,0.1,0.0,,,-0.01,0.01145,-0.00097,-0.00036,0.00208,-0.0134,0.64785
1186,1214464,65.35119,111.46154,0.92308,0.95,1.203808,-0.002979,0.004542,0.003228,0.336375,0.035819,0.948797,64.449646,7.873351,65.08313,8.513597,4.0,0.00017866,13,648,0.15597,0.26702,0.02,0.0,100,0.0,0.0,,,-0.01,0.01344,-0.00121,0.0005,-1e-05,-0.01162,0.85107
1187,1215488,72.07117,75.0,1.0,0.95,1.135977,-0.003256,0.002603,0.003021,0.298259,0.036412,0.659975,67.899277,2.458163,68.450012,2.418111,4.0,0.00017855,13,646,0.13937,0.23256,0.02,0.0,100,0.0,0.0,,,-0.01,0.01376,-0.00094,0.00091,-1e-05,-0.01138,0.92549
1188,1216512,72.45856,73.78571,1.0,0.95,1.141352,-0.002377,0.002503,0.003358,0.304695,0.036621,0.610383,68.728706,2.535495,69.01545,2.321413,4.0,0.00017845,14,641,0.14411,0.23647,0.02,0.0,100,0.0,0.0,,,-0.01,0.01374,-0.00096,-0.00104,0.0,-0.01263,0.99723
1189,1217536,71.45727,82.8,1.0,0.95,1.123151,-0.003307,0.013763,0.004068,0.270052,0.048863,0.843042,67.360649,7.292094,66.595749,8.208414,4.0,0.00017835,10,658,0.15296,0.24829,0.02,0.0,100,0.0,0.0,,,-0.01,0.01301,-0.00104,-0.00086,-0.00191,-0.01449,0.74004
1190,1218560,71.59924,86.58333,1.0,0.96,0.959195,-0.001986,0.044191,0.002565,0.337122,0.02989,0.772336,61.221958,11.992769,60.293781,12.581216,4.0,0.00017825,12,673,0.14386,0.23524,0.02,0.0,100,0.08333,1.0,,,-0.01,0.01558,-0.00078,0.00172,-0.00598,-0.00852,0.97474
1191,1219584,60.38223,101.0,0.85714,0.96,0.787721,-0.001996,0.060101,0.002799,0.269965,0.036342,0.823806,52.973293,15.033649,52.212223,16.265453,4.0,0.00017814,7,749,0.16217,0.25266,0.02,0.0,100,0.42857,0.0,,,-0.01,0.01168,-0.00136,-0.00323,-0.0045,-0.01168,0.61526
1192,1220608,64.39237,97.7,0.9,0.95,1.028913,-0.002044,0.021386,0.002756,0.289096,0.028878,0.936323,55.487041,15.212813,54.390511,17.512613,4.0,0.00017804,10,696,0.17212,0.26628,0.02,0.0,100,0.1,0.0,,,-0.01,0.01155,-0.00108,-0.00135,-0.00111,-0.01492,0.76377
1193,1221632,64.59603,121.18182,0.90909,0.95,1.094626,-0.003076,0.024832,0.003589,0.315336,0.048828,0.945362,55.474247,17.931021,56.390682,18.786192,4.0,0.00017794,11,678,0.18206,0.2689,0.03,0.0,100,0.18182,0.0,,,-0.01,0.01319,-0.00123,-0.00034,-0.00192,-0.01639,0.80227
1194,1222656,65.63747,101.0,0.92857,0.95,1.135187,-0.001884,0.011246,0.002837,0.247492,0.030029,0.899411,65.048508,8.464567,65.524849,10.185988,4.0,0.00017784,14,653,0.16452,0.25136,0.02,0.0,100,0.07143,1.0,,,-0.01,0.01206,-0.0013,0.0019,-0.00181,-0.01284,0.9437
1195,1223680,71.58355,81.76923,1.0,0.96,1.094816,-0.002274,0.027886,0.003745,0.298624,0.047084,0.487316,64.814346,8.054915,65.984703,6.661248,4.0,0.00017773,13,658,0.16014,0.24657,0.01,0.0,100,0.07692,1.0,,,-0.01,0.01261,-0.00141,0.00088,-0.00092,-0.01267,0.97701
1196,1224704,64.69648,82.1,0.9,0.95,0.903026,-0.001885,0.066524,0.001932,0.33873,0.019427,0.746588,61.012657,11.886648,59.791241,14.156526,4.0,0.00017763,10,694,0.14814,0.23226,0.01,0.0,100,0.2,0.0,,,-0.01,0.0149,-0.00079,0.0016,-0.00726,-0.00926,0.77154
1197,1225728,64.67614,88.54545,0.90909,0.94,1.105299,-0.001905,0.030351,0.002023,0.272046,0.021798,0.850965,62.114025,10.142895,61.123909,13.058029,4.0,0.00017753,11,676,0.17884,0.26224,0.01,0.0,100,0.09091,0.0,,,-0.01,0.01076,-0.00124,-0.00177,-0.0027,-0.01139,0.78295
1198,1226752,54.72363,106.22222,0.77778,0.92,1.089924,-0.003032,0.021137,0.003494,0.268816,0.042794,0.915771,59.748543,12.94626,58.87986,15.997749,4.0,0.00017743,9,681,0.16561,0.24827,0.01,0.0,100,0.22222,0.0,,,-0.01,0.01298,-0.00109,0.00097,-0.00091,-0.01197,0.54183
1199,1227776,71.06865,94.09091,1.0,0.92,1.104772,-0.003362,0.027508,0.002851,0.335272,0.034494,0.877825,62.805351,12.729797,63.038418,13.69555,4.0,0.00017732,11,664,0.16998,0.25698,0.01,0.0,100,0.0,0.66667,,,-0.01,0.01312,-0.0014,0.00285,-0.00136,-0.0143,0.82605
1200,1228800,66.64887,85.0,0.92857,0.92,1.115355,-0.002218,0.010028,0.002836,0.214714,0.036307,0.897726,66.306969,7.394452,66.519211,8.866961,4.0,0.00017722,14,654,0.16567,0.2449,0.01,0.0,100,0.07143,0.0,,,-0.01,0.01343,-0.001,0.00101,-0.00115,-0.01442,0.93694
1201,1229824,70.99251,84.44444,1.0,0.93,1.149948,-0.003802,0.01467,0.003523,0.298394,0.036621,0.894955,63.717396,9.573129,63.376762,10.585752,4.0,0.00017712,9,661,0.17107,0.25274,0.01,0.0,100,0.0,0.0,,,-0.01,0.0101,-0.00114,0.00181,-0.00023,-0.01895,0.66806
1202,1230848,71.90742,83.4,1.0,0.94,1.103192,-0.002525,0.049407,0.003014,0.247662,0.035505,0.907699,57.920891,20.090902,57.731728,20.881628,4.0,0.00017702,10,684,0.16785,0.24752,0.0,0.0,100,0.1,0.0,,,-0.01,0.01478,-0.00147,0.0028,-0.002,-0.00936,0.80041
1203,1231872,66.13658,109.78571,0.92857,0.94,1.176427,-0.003226,0.015077,0.00378,0.396897,0.047607,0.886675,64.607216,11.314208,65.346962,10.51319,4.0,0.00017692,14,650,0.17266,0.25877,0.0,0.0,100,0.07143,0.0,,,-0.01,0.01416,-0.00146,0.00246,-0.00021,-0.01163,0.92462
1204,1232896,72.01045,82.91667,1.0,0.94,1.16903,-0.003527,0.003195,0.003275,0.337441,0.035226,0.552684,67.729088,2.325089,68.167374,2.370049,4.0,0.00017681,12,649,0.17843,0.25893,0.0,0.0,100,0.0,0.0,,,-0.01,0.01691,-0.00125,0.00039,0.0,-0.01184,0.8512
1205,1233920,72.67127,75.15385,1.0,0.96,1.161214,-0.002819,0.001726,0.003256,0.339502,0.034912,0.729922,68.688675,2.287729,69.0606,2.286523,4.0,0.00017671,13,651,0.17857,0.26242,0.0,0.0,100,0.0,0.0,,,-0.01,0.01558,-0.00146,0.00216,0.0,-0.01119,0.92542
1206,1234944,72.73417,75.33333,1.0,0.96,1.205482,-0.003156,0.007985,0.003365,0.406357,0.036621,0.82822,67.240181,5.001575,66.096886,6.186151,4.0,0.00017661,9,655,0.17978,0.25864,0.0,0.0,100,0.0,1.0,,,-0.01,0.0152,-0.00152,0.00294,-0.00025,-0.01682,0.65006
1207,1235968,71.26576,104.1,1.0,0.98,1.37244,-0.003307,0.02027,0.003815,0.302007,0.036412,0.816202,62.717731,9.005434,62.426994,9.504388,4.0,0.00017651,10,643,0.19252,0.27107,0.0,0.0,100,0.0,1.0,,,-0.01,0.01408,-0.00143,0.00143,0.0,-0.01414,0.705
1208,1236992,71.46997,98.125,1.0,0.98,1.250781,-0.002361,0.026844,0.002296,0.357962,0.019636,0.911185,59.43618,14.488072,58.140953,15.50742,4.0,0.0001764,8,656,0.18612,0.2591,0.0,0.0,100,0.0,0.0,,,-0.01,0.01345,-0.00124,0.00157,-0.00244,-0.01698,0.58144
1209,1238016,55.21154,130.5,0.8,0.97,1.240519,-0.003344,0.027109,0.003106,0.341469,0.037598,0.930247,58.379395,16.246752,57.113892,18.521704,4.0,0.0001763,10,656,0.19043,0.27141,0.01,0.0,100,0.1,0.66667,,,-0.01,0.0152,-0.00124,0.00102,-0.00092,-0.0164,0.58559
1210,1239040,72.52376,77.46154,1.0,0.97,1.128934,-0.002081,0.027356,0.00225,0.258107,0.017229,0.947053,58.617199,19.952461,59.362339,20.58507,4.0,0.0001762,13,647,0.16918,0.25104,0.01,0.0,100,0.0,1.0,,,-0.01,0.01597,-0.00116,0.00287,-0.00042,-0.01326,0.95331
1211,1240064,64.23983,116.72727,0.90909,0.96,1.215763,-0.003714,0.011954,0.003836,0.237858,0.04391,0.961546,63.316708,15.936028,63.207668,16.245958,4.0,0.0001761,11,643,0.19816,0.27895,0.02,0.0,100,0.0,0.0,,,-0.01,0.01423,-0.00154,0.00214,-0.00023,-0.01761,0.71799
1212,1241088,71.50557,86.88889,1.0,0.97,1.142046,-0.00345,0.020617,0.002941,0.292906,0.033552,0.861541,62.551556,9.613628,62.059269,11.135462,4.0,0.00017599,9,651,0.17233,0.25083,0.02,0.0,100,0.0,1.0,,,-0.01,0.0144,-0.00127,0.00296,-0.0005,-0.01493,0.65544
1213,1242112,71.45481,93.07692,1.0,0.97,1.105512,-0.001922,0.031223,0.002753,0.326679,0.029855,0.202937,66.650963,8.598497,67.310951,6.333804,4.0,0.00017589,13,649,0.17862,0.2489,0.02,0.0,100,0.07692,1.0,,,-0.01,0.0167,-0.0012,0.00172,-0.00058,-0.01118,0.93786
1214,1243136,72.12262,82.78571,1.0,0.97,1.08084,-0.002524,0.009945,0.002743,0.218138,0.032157,0.788306,67.123184,6.289629,67.429665,6.301193,4.0,0.00017579,14,655,0.19727,0.27044,0.02,0.0,100,0.07143,0.0,,,-0.01,0.0167,-0.00159,0.00296,-0.00189,-0.01256,1.05432
1215,1244160,66.813,76.53846,0.92308,0.96,1.093112,-0.001053,0.029604,0.003422,0.204118,0.041016,0.5455,68.289368,3.807617,67.844177,7.674157,4.0,0.00017569,13,653,0.17485,0.24367,0.02,0.0,100,0.07692,0.0,,,-0.01,0.01627,-0.00139,0.00269,-0.00189,-0.00877,0.87441
1216,1245184,63.6911,102.0,0.88889,0.95,1.078421,-0.002018,0.043214,0.002894,0.321147,0.032994,0.797182,63.600918,11.485254,62.870598,13.372507,4.0,0.00017558,9,678,0.21488,0.29084,0.02,0.0,100,0.22222,1.0,,,-0.01,0.01535,-0.00182,0.00266,-0.00273,-0.00951,0.63016
1217,1246208,72.26061,81.11111,1.0,0.96,1.158842,-0.004383,0.007785,0.003708,0.350167,0.044852,0.955354,64.235802,10.85443,63.56052,11.719593,4.0,0.00017548,9,665,0.19507,0.2647,0.02,0.0,100,0.0,0.66667,,,-0.01,0.01396,-0.00192,0.00089,-0.00033,-0.00702,0.67991
1218,1247232,65.94122,100.5,0.91667,0.96,1.100268,-0.002545,0.006436,0.002337,0.298942,0.02274,0.980473,59.418552,17.574448,58.737629,19.27306,4.0,0.00017538,12,673,0.18496,0.25677,0.01,0.0,100,0.08333,1.0,,,-0.01,0.01473,-0.00171,0.00092,-0.00034,-0.00936,0.86519
1219,1248256,71.27697,98.91667,1.0,0.96,1.097844,-0.003278,0.012251,0.003091,0.331453,0.030692,0.00698,68.425133,4.680885,68.553368,3.366606,4.0,0.00017528,12,647,0.16222,0.23012,0.01,0.0,100,0.0,0.6,,,-0.01,0.01459,-0.00122,-0.0046,-0.00038,-0.0105,0.84625
1220,1249280,71.8834,78.25,1.0,0.97,1.059465,-0.003599,0.005824,0.003754,0.275124,0.051549,0.940006,66.3638,7.826434,66.158722,8.679039,4.0,0.00017517,12,655,0.15505,0.2346,0.0,0.0,100,0.0,1.0,,,-0.01,0.01659,-0.00135,0.00075,-0.00067,-0.01119,0.88603
1221,1250304,72.5332,73.30769,1.0,0.97,1.098489,-0.00265,0.00617,0.004141,0.314973,0.046701,0.972275,64.100792,12.851445,64.058182,13.79028,4.0,0.00017507,13,663,0.16301,0.24429,0.0,0.0,100,0.0,1.0,,,-0.01,0.01622,-0.00151,0.00224,-0.00034,-0.01462,0.99194
1222,1251328,72.39449,78.2,1.0,0.97,1.082151,-0.002671,0.005601,0.002099,0.265306,0.019043,0.987535,61.511292,19.147692,61.441456,19.818033,4.0,0.00017497,10,673,0.17129,0.25203,0.0,0.0,100,0.0,1.0,,,-0.01,0.01527,-0.00135,0.00128,-2e-05,-0.01475,0.76763
1223,1252352,64.91934,114.58333,0.91667,0.97,1.039617,-0.003592,0.023556,0.002775,0.3597,0.029576,0.916886,64.415909,13.798467,62.896374,14.592517,4.0,0.00017487,12,661,0.1567,0.23236,0.01,0.0,100,0.08333,1.0,,,-0.01,0.01306,-0.00138,-0.0009,-0.00201,-0.01471,0.83582
1224,1253376,71.20346,99.0,1.0,0.97,1.097801,-0.002107,0.064869,0.002623,0.297161,0.028739,0.421016,60.900826,13.297317,61.682224,10.373727,4.0,0.00017476,8,674,0.16002,0.23228,0.01,0.0,100,0.375,0.0,,,-0.01,0.01241,-0.00065,-0.00214,-0.00178,-0.01788,0.61945
1225,1254400,72.10026,81.16667,1.0,0.98,1.115084,-0.003681,0.02068,0.002646,0.276663,0.032401,0.862262,60.957787,9.760742,61.083591,11.227504,4.0,0.00017466,12,658,0.15975,0.24022,0.01,0.0,100,0.0,0.66667,,,-0.01,0.01425,-0.00107,-0.00153,-9e-05,-0.01568,0.90828
1226,1255424,71.49902,78.0,1.0,0.98,1.107647,-0.003388,0.005034,0.003024,0.285139,0.029925,0.984706,58.382725,16.74902,57.892395,18.067055,4.0,0.00017456,8,680,0.15083,0.22411,0.01,0.0,100,0.0,0.0,,,-0.01,0.01213,-0.00115,-0.00109,-0.00066,-0.02203,0.62365
1227,1256448,54.93625,150.0,0.8,0.96,1.133136,-0.003654,0.00751,0.002769,0.274191,0.024658,0.973798,61.299114,14.702969,61.056267,15.166576,4.0,0.00017446,10,657,0.13803,0.2167,0.03,0.0,100,0.1,0.5,,,-0.01,0.01392,-0.00103,0.002,-0.00056,-0.00971,0.59693
1228,1257472,71.83681,89.38462,1.0,0.97,1.072009,-0.003764,0.008496,0.003105,0.342115,0.033203,0.94713,63.493191,10.60704,63.818127,11.431522,4.0,0.00017436,13,653,0.14305,0.22891,0.03,0.0,100,0.0,1.0,,,-0.01,0.01514,-0.00105,0.00225,-0.00105,-0.01356,0.97895
1229,1258496,66.14464,91.58333,0.91667,0.96,0.989536,-0.001386,0.015581,0.001276,0.202904,0.011614,0.913134,64.222549,10.781545,63.682903,13.281013,4.0,0.00017425,12,665,0.12897,0.2114,0.03,0.0,100,0.08333,0.5,,,-0.01,0.01598,-0.00076,0.00233,-0.00188,-0.01096,0.86337
1230,1259520,71.95995,85.92308,1.0,0.96,1.092909,-0.00286,0.007876,0.002141,0.283618,0.024484,-0.111102,68.252785,3.726498,68.821365,2.497334,4.0,0.00017415,13,651,0.13278,0.21481,0.03,0.0,100,0.0,1.0,,,-0.01,0.01502,-0.001,0.00018,0.00039,-0.01441,0.92551
1231,1260544,72.01437,75.78571,1.0,0.96,1.057071,-0.003465,0.007405,0.004051,0.325348,0.057617,0.745456,68.613174,4.003642,68.320244,4.649325,4.0,0.00017405,14,647,0.13165,0.21541,0.03,0.0,100,0.0,1.0,,,-0.01,0.01489,-0.00087,0.00154,-0.00182,-0.01373,1.02082
1232,1261568,64.58637,82.1,0.9,0.96,0.963832,-0.001592,0.042051,0.002423,0.291059,0.024902,0.854583,62.610012,12.560133,61.351398,15.386823,4.0,0.00017395,10,690,0.12351,0.1981,0.02,0.0,100,0.1,1.0,,,-0.01,0.01791,-0.0009,0.0021,-0.00368,-0.01323,0.74695
1233,1262592,66.93021,84.78571,0.92857,0.95,1.069366,-0.00177,0.007691,0.002274,0.231208,0.020961,0.920096,66.740341,7.485712,66.912491,9.403213,4.0,0.00017384,14,649,0.12752,0.205,0.02,0.0,100,0.07143,1.0,,,-0.01,0.01638,-0.00086,0.00166,-0.00061,-0.01224,0.94664
1234,1263616,72.74595,75.28571,1.0,0.95,1.062886,-0.002531,0.032718,0.003977,0.239149,0.053885,0.619649,65.935051,8.498743,66.289597,8.168245,4.0,0.00017374,14,644,0.12491,0.1974,0.02,0.0,100,0.07143,0.0,,,-0.01,0.01692,-0.00075,0.00324,-0.00162,-0.01166,1.03152
1235,1264640,72.3241,78.30769,1.0,0.97,1.126636,-0.001624,0.011666,0.003088,0.254051,0.035993,0.505991,67.541557,6.841693,68.442612,4.94065,4.0,0.00017364,13,647,0.13186,0.21313,0.0,0.0,100,0.07692,0.0,,,-0.01,0.01428,-0.00075,0.00071,-0.00033,-0.01132,0.94939
1236,1265664,72.31659,79.0,1.0,0.97,1.089753,-0.003168,0.0137,0.003193,0.350814,0.036412,0.847913,68.4235,6.953287,67.625381,8.139336,4.0,0.00017354,13,644,0.12851,0.20876,0.0,0.0,100,0.0,0.0,,,-0.01,0.01717,-0.00081,0.00232,-0.00243,-0.01341,0.95401
1237,1266688,65.42591,82.45455,0.90909,0.97,0.910349,-0.001621,0.015911,0.002346,0.283709,0.017857,0.944683,61.911831,14.186393,60.942654,16.641811,4.0,0.00017343,11,689,0.1266,0.20466,0.0,0.0,100,0.09091,1.0,,,-0.01,0.01726,-0.00055,0.00196,-0.00289,-0.01307,0.83607
1238,1267712,72.46045,82.2,1.0,0.97,0.972025,-0.001002,0.022321,0.000853,0.17375,0.006208,0.952814,59.664997,18.83923,59.885647,19.156298,4.0,0.00017333,10,691,0.12802,0.20762,0.0,0.0,100,0.1,0.0,,,-0.01,0.01574,-0.00107,0.00268,-0.00061,-0.01068,0.83476
1239,1268736,67.0677,98.35714,0.92857,0.96,1.017804,-0.0028,0.015148,0.003092,0.226085,0.040737,0.969121,61.412563,19.907906,61.87093,20.299398,4.0,0.00017323,14,669,0.12839,0.20592,0.0,0.0,100,0.14286,1.0,,,-0.01,0.01816,-0.00081,0.0032,-0.00155,-0.01281,1.01943
1240,1269760,71.94224,84.66667,1.0,0.97,1.270089,-0.001748,0.016456,0.002153,0.244964,0.024275,0.2486,68.468185,5.203889,67.89566,4.309042,4.0,0.00017313,9,646,0.14501,0.21822,0.0,0.0,100,0.11111,1.0,,,-0.01,0.01431,-0.00059,0.00222,0.00011,-0.01681,0.64875
1241,1270784,72.36565,77.25,1.0,0.98,1.064753,-0.002553,0.017566,0.002752,0.344565,0.026158,0.879168,65.3881,9.481453,64.623405,11.131449,4.0,0.00017302,12,651,0.12813,0.20627,0.0,0.0,100,0.0,1.0,,,-0.01,0.01942,-0.00076,0.00371,-0.00278,-0.01315,0.89173
1242,1271808,72.39283,77.5,1.0,0.98,0.957633,-0.002575,0.031411,0.002719,0.208961,0.034633,0.944415,58.030735,21.007271,58.053913,21.73097,4.0,0.00017292,12,684,0.13305,0.21363,0.0,0.0,100,0.16667,1.0,,,-0.01,0.01807,-0.00077,0.00179,-0.00032,-0.0109,0.98766
1243,1272832,67.79656,100.6,0.93333,0.97,1.108513,-0.003368,0.006317,0.004016,0.333016,0.047189,0.938851,65.97905,9.782944,66.770515,9.79829,4.0,0.00017282,15,649,0.13618,0.21978,0.01,0.0,100,0.13333,0.0,,,-0.01,0.01844,-0.00075,0.00185,0.00038,-0.01388,1.01206
1244,1273856,66.14664,84.25,0.91667,0.96,0.983731,-0.001369,0.041867,0.002185,0.306123,0.020124,0.709508,64.859062,7.677711,63.597595,11.16979,4.0,0.00017272,12,677,0.14906,0.23782,0.01,0.0,100,0.16667,0.0,,,-0.01,0.017,-0.00083,0.00275,-0.00359,-0.01218,0.89863
1245,1274880,72.41444,75.8,1.0,0.96,0.977465,-0.002148,0.00846,0.002424,0.261209,0.024414,0.960297,63.678841,12.038676,63.483528,13.221894,4.0,0.00017261,10,673,0.13983,0.2263,0.01,0.0,100,0.0,0.0,,,-0.01,0.0179,-0.00103,0.00283,-0.00134,-0.0145,0.80055
1246,1275904,65.62997,100.91667,0.91667,0.96,1.125466,-0.002864,0.031604,0.003916,0.222729,0.053083,0.858021,63.834045,12.696945,63.733799,13.344063,4.0,0.00017251,12,662,0.16187,0.24409,0.01,0.0,100,0.16667,0.0,,,-0.01,0.01572,-0.00108,0.00092,-0.00111,-0.01318,0.84285
1247,1276928,66.15891,84.61538,0.92308,0.95,1.072746,-0.002086,0.046705,0.002107,0.253507,0.020822,0.674702,65.587242,7.599855,64.934898,10.863414,4.0,0.00017241,13,655,0.13953,0.2266,0.01,0.0,100,0.23077,1.0,,,-0.01,0.01682,-0.00076,0.00253,-0.00422,-0.0105,0.90711
1248,1277952,72.58057,78.75,1.0,0.96,1.071498,-0.00231,0.02414,0.003198,0.217995,0.040492,0.532896,66.584305,6.925739,66.714867,6.547031,4.0,0.00017231,12,657,0.15006,0.23621,0.01,0.0,100,0.0,1.0,,,-0.01,0.0197,-0.00083,0.0033,-0.00159,-0.01325,0.90645
1249,1278976,72.7194,72.57143,1.0,0.96,1.043799,-0.002723,0.015097,0.002668,0.257886,0.03254,0.921374,64.551262,11.064747,64.547775,12.480119,4.0,0.0001722,14,655,0.16404,0.24912,0.01,0.0,100,0.0,0.5,,,-0.01,0.01896,-0.00095,0.00215,-0.00104,-0.01243,1.09444
1250,1280000,72.27828,84.09091,1.0,0.96,1.183285,-0.001079,0.029747,0.004831,0.264733,0.066197,0.429345,66.064064,11.007041,66.668205,7.696677,4.0,0.0001721,11,652,0.16238,0.24603,0.01,0.0,100,0.09091,1.0,,,-0.01,0.01657,-0.0015,0.00109,0.00038,-0.02275,0.80757
1251,1281024,65.33297,78.66667,0.91667,0.96,1.025869,-0.001811,0.061183,0.002187,0.374521,0.018903,0.674508,63.676922,8.988111,61.782185,11.863856,4.0,0.000172,12,676,0.17109,0.26827,0.0,0.0,100,0.16667,0.0,,,-0.01,0.01743,-0.00108,0.00185,-0.00518,-0.01765,0.90409
1252,1282048,62.54026,101.11111,0.88889,0.95,1.025915,-0.001518,0.047062,0.002057,0.238749,0.020089,0.717775,61.724277,8.46267,61.174843,11.383397,4.0,0.0001719,9,674,0.1633,0.25168,0.0,0.0,100,0.33333,1.0,,,-0.01,0.01963,-0.00125,0.00269,-0.00219,-0.01259,0.64554
1253,1283072,72.50949,73.45455,1.0,0.96,1.121776,-0.002749,0.017837,0.002792,0.261369,0.028076,0.912169,59.57325,11.564811,59.348248,12.994897,4.0,0.0001718,11,657,0.16753,0.26189,0.0,0.0,100,0.09091,1.0,,,-0.01,0.01651,-0.0013,0.00266,-0.0028,-0.02056,0.85629
1254,1284096,61.67142,108.26667,0.86667,0.95,1.130064,-0.001701,0.02314,0.001932,0.199939,0.019845,0.91184,63.688377,12.823732,64.015121,14.306213,4.0,0.00017169,15,644,0.1491,0.24313,0.01,0.0,100,0.06667,1.0,,,-0.01,0.01789,-0.00113,0.00169,-0.00112,-0.01342,0.94867
1255,1285120,67.41254,73.14286,0.92857,0.95,1.095876,-0.002279,0.028976,0.003446,0.205042,0.041888,0.767194,66.570793,7.100674,66.15728,10.919714,4.0,0.00017159,14,648,0.14991,0.23831,0.01,0.0,100,0.07143,1.0,,,-0.01,0.01895,-0.00129,0.00077,-0.00237,-0.01184,0.9692
1256,1286144,64.80081,79.2,0.9,0.94,1.109163,-0.000682,0.016114,0.001229,0.255065,0.005197,0.880403,66.005173,8.871064,65.517471,12.171382,4.0,0.00017149,10,656,0.14755,0.23423,0.01,0.0,100,0.1,1.0,,,-0.01,0.0191,-0.00099,0.00256,-0.0011,-0.01401,0.67159
1257,1287168,72.52093,74.35714,1.0,0.94,1.035999,-0.002219,0.062797,0.001943,0.45847,0.012242,0.848544,63.060913,15.582561,60.870823,17.715345,4.0,0.00017139,14,657,0.14223,0.23057,0.01,0.0,100,0.0,1.0,,,-0.01,0.01894,-0.00083,0.00252,-0.00464,-0.01636,1.08474
1258,1288192,71.95471,81.53846,1.0,0.94,1.036541,-0.002299,0.118143,0.002998,0.331313,0.033517,0.608407,58.112175,19.78858,59.186718,17.270521,4.0,0.00017128,13,665,0.1509,0.24188,0.01,0.0,100,0.30769,0.66667,,,-0.01,0.01695,-0.00134,0.00276,-0.00343,-0.01477,1.0429
1259,1289216,72.20718,76.0,1.0,0.95,1.065669,-0.00273,0.033281,0.002824,0.274608,0.037005,0.877674,59.182674,14.264962,59.834309,14.581979,4.0,0.00017118,11,662,0.15031,0.24417,0.01,0.0,100,0.09091,1.0,,,-0.01,0.01539,-0.0014,0.00109,-0.00069,-0.01169,0.86054
1260,1290240,72.41918,73.18182,1.0,0.96,1.05472,-0.003785,0.009229,0.002338,0.330071,0.025705,0.977462,57.543453,17.845455,57.654667,18.863552,4.0,0.00017108,11,681,0.16324,0.25939,0.01,0.0,100,0.0,1.0,,,-0.01,0.01608,-0.00184,0.00087,-0.00066,-0.01238,0.90176
1261,1291264,64.86503,114.4,0.9,0.95,1.071462,-0.002856,0.019826,0.00296,0.294485,0.032785,0.951443,59.574169,17.032398,59.109959,17.741348,4.0,0.00017098,10,690,0.17153,0.26443,0.02,0.0,100,0.1,1.0,,,-0.01,0.01538,-0.00172,0.00292,-0.00109,-0.01064,0.74388
1262,1292288,59.96732,111.08333,0.83333,0.95,0.939799,-0.001655,0.055646,0.002627,0.405163,0.031948,0.902701,56.155052,19.357338,54.435406,20.849493,4.0,0.00017087,12,699,0.16812,0.2716,0.02,0.0,100,0.25,1.0,,,-0.01,0.01527,-0.00175,0.00014,-0.00667,-0.01007,0.88687
1263,1293312,64.7569,89.90909,0.90909,0.94,0.977223,-0.001176,0.073956,0.003427,0.281498,0.046805,0.723074,58.235344,13.050397,58.410713,14.362883,4.0,0.00017077,11,682,0.16621,0.25434,0.02,0.0,100,0.27273,1.0,,,-0.01,0.01724,-0.00189,0.00317,-0.00315,-0.01156,0.82112
1264,1294336,66.01857,90.61538,0.92308,0.94,1.059202,-0.002134,0.063204,0.002799,0.273816,0.028251,0.687986,59.722626,11.755672,60.824741,12.899348,4.0,0.00017067,13,666,0.16912,0.26591,0.02,0.0,100,0.23077,1.0,,,-0.01,0.01674,-0.0017,0.00157,-0.00254,-0.01441,0.93796
1265,1295360,72.59545,72.1,1.0,0.95,1.122458,-0.002881,0.036028,0.002989,0.276646,0.036656,0.748142,59.704353,9.752218,59.632,10.641697,4.0,0.00017057,10,657,0.17064,0.27162,0.02,0.0,100,0.1,1.0,,,-0.01,0.01555,-0.00134,0.00116,-0.00567,-0.0103,0.78059
1266,1296384,65.67887,75.72727,0.90909,0.94,1.189796,-0.001961,0.046726,0.002294,0.239163,0.021136,0.793234,58.464172,10.75506,59.097988,13.517861,4.0,0.00017046,11,651,0.16898,0.27025,0.02,0.0,100,0.27273,1.0,,,-0.01,0.01514,-0.00145,0.0012,-0.00144,-0.01177,0.7427
1267,1297408,63.57263,107.27273,0.90909,0.93,1.176556,-0.00259,0.042328,0.004125,0.274134,0.053188,0.861358,58.085815,14.824563,58.210358,16.580059,4.0,0.00017036,11,654,0.16826,0.26536,0.02,0.0,100,0.09091,1.0,,,-0.01,0.01402,-0.00161,0.00065,-0.00256,-0.01275,0.73991
1268,1298432,66.63832,104.21429,0.92857,0.92,1.171018,-0.002855,0.036066,0.002587,0.271874,0.029157,0.849608,61.593571,13.521022,62.274391,13.400206,4.0,0.00017026,14,637,0.17064,0.2726,0.03,0.0,100,0.14286,1.0,,,-0.01,0.015,-0.00142,0.00052,-0.00179,-0.0107,0.9582
1269,1299456,72.24117,74.8,1.0,0.93,1.171802,-0.003826,0.016206,0.003198,0.327249,0.038644,0.642788,67.327187,4.784251,66.757797,5.822686,4.0,0.00017016,10,641,0.17496,0.26245,0.02,0.0,100,0.0,0.0,,,-0.01,0.01669,-0.00131,0.00204,-0.00164,-0.0165,0.71779
1270,1300480,65.59397,94.5,0.91667,0.93,1.063465,-0.001713,0.042086,0.001891,0.200567,0.01852,0.800666,62.868103,10.596134,62.740002,12.840233,4.0,0.00017005,12,659,0.18359,0.27991,0.02,0.0,100,0.16667,1.0,,,-0.01,0.01711,-0.00156,0.00271,-0.0025,-0.01041,0.85342
1271,1301504,72.01778,80.07143,1.0,0.95,1.18464,-0.004642,0.021282,0.003174,0.276865,0.032261,0.659421,66.278732,5.441731,66.12278,6.982523,4.0,0.00016995,14,639,0.16925,0.25438,0.01,0.0,100,0.0,1.0,,,-0.01,0.01366,-0.00132,0.00096,-0.00234,-0.01234,1.00616
1272,1302528,64.73436,85.0,0.90909,0.94,1.030118,-0.001468,0.06956,0.002481,0.221592,0.023193,0.72558,61.485321,13.227229,61.391411,14.183184,4.0,0.00016985,11,671,0.17498,0.25976,0.01,0.0,100,0.27273,1.0,,,-0.01,0.01654,-0.0019,0.00289,-0.00572,-0.01322,0.80765
1273,1303552,58.51254,89.0,0.81818,0.93,0.995941,-0.001734,0.059899,0.002536,0.349764,0.029192,0.806375,60.59869,11.735637,58.90073,16.095505,4.0,0.00016975,11,658,0.16433,0.24252,0.01,0.0,100,0.27273,1.0,,,-0.01,0.01747,-0.00189,0.00157,-0.00686,-0.01262,0.72675
1274,1304576,67.42104,73.5,0.9375,0.93,1.078368,-0.001779,0.061112,0.003381,0.235953,0.038888,0.718617,63.450066,11.24141,63.640312,12.759192,4.0,0.00016964,16,647,0.16495,0.25213,0.01,0.0,100,0.125,1.0,,,-0.01,0.01908,-0.00134,-0.00029,-0.00425,-0.01486,1.14374
1275,1305600,64.84288,71.2,0.9,0.92,0.946499,-0.002873,0.052116,0.002728,0.527319,0.031878,0.894311,56.927395,17.244995,54.744118,19.787718,4.0,0.00016954,10,685,0.15316,0.23676,0.01,0.0,100,0.1,1.0,,,-0.01,0.01677,-0.00179,-0.00314,-0.00718,-0.01276,0.77744
1276,1306624,59.36178,96.25,0.83333,0.92,0.909489,-0.002649,0.056453,0.002245,0.336437,0.023019,0.903112,56.165752,19.711588,56.908718,21.052971,4.0,0.00016944,12,682,0.16058,0.24632,0.0,0.0,100,0.25,1.0,,,-0.01,0.01855,-0.00153,0.00067,-0.00463,-0.01109,0.84921
1277,1307648,60.31916,89.46154,0.84615,0.9,1.007569,-0.002255,0.084631,0.002626,0.277929,0.031215,0.797278,58.513359,16.116558,57.642353,17.986153,4.0,0.00016934,13,672,0.1715,0.26157,0.0,0.0,100,0.30769,1.0,,,-0.01,0.01585,-0.00132,0.00045,-0.00457,-0.01199,0.87766
1278,1308672,66.21183,79.46154,0.92308,0.9,1.012465,-0.002621,0.070243,0.003521,0.242648,0.049316,0.714791,62.239162,11.967921,62.773903,13.679906,4.0,0.00016924,13,650,0.16888,0.26214,0.0,0.0,100,0.15385,0.66667,,,-0.01,0.01987,-0.00125,-0.00082,-0.00369,-0.01565,0.91143
1279,1309696,72.4205,75.30769,1.0,0.9,1.103576,-0.002283,0.033194,0.003736,0.31841,0.042934,0.415798,64.67366,8.182614,65.908913,6.917206,4.0,0.00016913,13,638,0.16498,0.26459,0.0,0.0,100,0.07692,0.0,,,-0.01,0.01961,-0.00124,0.00212,-0.00193,-0.01567,0.94662
1280,1310720,72.07982,79.15385,1.0,0.91,1.13815,-0.003187,0.029325,0.003793,0.287946,0.052176,0.654863,64.071335,8.102053,64.376266,8.331432,4.0,0.00016903,13,646,0.17564,0.27779,0.0,0.0,100,0.07692,0.0,,,-0.01,0.01832,-0.00144,-0.0004,-0.00333,-0.01446,0.96352
1281,1311744,60.86643,79.78571,0.85714,0.91,1.007951,-0.001062,0.065356,0.00146,0.294795,0.012102,0.736239,62.255798,9.709081,60.910774,14.748285,4.0,0.00016893,14,662,0.15807,0.25207,0.0,0.0,100,0.21429,0.66667,,,-0.01,0.01961,-0.00118,-0.00091,-0.00621,-0.01616,0.95101
1282,1312768,72.34065,78.36364,1.0,0.92,1.071956,-0.002792,0.038718,0.003365,0.297587,0.042725,0.724006,63.240059,10.862866,64.056656,10.475054,4.0,0.00016883,11,654,0.16217,0.25409,0.0,0.0,100,0.0,0.5,,,-0.01,0.01989,-0.00094,-0.00057,-0.00273,-0.01229,0.84868
1283,1313792,72.02775,82.92308,1.0,0.94,1.047867,-0.001225,0.04481,0.002665,0.325202,0.028041,0.672205,62.085327,12.698921,63.76437,10.937687,4.0,0.00016872,13,658,0.15963,0.24786,0.0,0.0,100,0.15385,1.0,,,-0.01,0.02002,-0.00114,-0.00055,-0.00297,-0.01467,1.03016
1284,1314816,72.06985,80.83333,1.0,0.95,1.201609,-0.005115,0.002825,0.005034,0.410706,0.070766,0.709204,68.076248,3.342816,68.719604,2.851005,4.0,0.00016862,12,632,0.17146,0.25879,0.0,0.0,100,0.0,1.0,,,-0.01,0.02017,-0.0013,0.00236,4e-05,-0.01643,0.85202
1285,1315840,66.99344,77.57143,0.92857,0.96,1.104349,-0.001927,0.034814,0.003362,0.265334,0.039551,0.683701,67.694328,5.586906,66.975784,9.866472,4.0,0.00016852,14,646,0.16426,0.26052,0.0,0.0,100,0.07143,0.0,,,-0.01,0.01856,-0.00108,-0.00129,-0.00199,-0.014,0.96408
1286,1316864,72.21367,78.71429,1.0,0.97,1.207902,-0.003442,0.007093,0.003778,0.333695,0.047677,0.481185,68.118103,3.378044,68.592918,3.111222,4.0,0.00016842,14,636,0.15987,0.25356,0.0,0.0,100,0.0,0.0,,,-0.01,0.01793,-0.00114,0.00125,-5e-05,-0.01408,0.99582
1287,1317888,72.30851,82.36364,1.0,0.97,1.223147,-0.004111,0.006261,0.005222,0.30323,0.079206,0.68859,68.435783,3.764807,68.391365,3.980538,4.0,0.00016831,11,638,0.16039,0.24484,0.0,0.0,100,0.0,0.0,,,-0.01,0.02058,-0.00098,0.00266,-0.00082,-0.01703,0.7809
1288,1318912,72.52815,76.92308,1.0,0.97,1.205897,-0.003225,0.023463,0.0035,0.277886,0.039516,0.40439,67.304977,5.391831,66.963257,5.567418,4.0,0.00016821,13,633,0.17287,0.26216,0.0,0.0,100,0.07692,0.0,,,-0.01,0.01849,-0.00105,0.00324,-0.0034,-0.01529,0.94538
1289,1319936,71.25422,90.36364,1.0,0.98,1.170638,-0.001561,0.034271,0.002107,0.251222,0.016462,0.389438,65.796501,7.405481,65.627144,6.838924,4.0,0.00016811,11,643,0.16805,0.26181,0.0,0.0,100,0.18182,0.0,,,-0.01,0.01718,-0.00135,0.00255,-0.0024,-0.01697,0.81027
1290,1320960,57.63287,83.2,0.8,0.97,1.018844,-0.001407,0.060443,0.002187,0.495014,0.020717,0.783865,61.254303,10.195521,58.639923,14.840154,4.0,0.00016801,10,689,0.16278,0.2583,0.0,0.0,100,0.2,0.0,,,-0.01,0.01847,-0.00119,0.00202,-0.0045,-0.01063,0.69094
1291,1321984,65.96708,83.16667,0.91667,0.96,1.089881,-0.001926,0.038091,0.002023,0.26536,0.017613,0.871245,60.251163,13.056626,60.068794,15.559208,4.0,0.0001679,12,674,0.17406,0.26021,0.0,0.0,100,0.16667,1.0,,,-0.01,0.01794,-0.00162,0.00269,-0.00237,-0.01148,0.8879
1292,1323008,66.89342,101.53846,0.92308,0.95,1.135253,-0.002682,0.010879,0.002467,0.286066,0.026228,0.944973,63.910084,11.746017,64.255898,12.259497,4.0,0.0001678,13,644,0.16349,0.25411,0.01,0.0,100,0.0,0.0,,,-0.01,0.01807,-0.00185,0.00223,-0.00039,-0.01013,0.89172
1293,1324032,72.54336,79.0,1.0,0.96,1.121677,-0.001559,0.035384,0.003229,0.333468,0.034842,0.797859,63.881157,10.923953,63.89201,11.549243,4.0,0.0001677,11,652,0.16842,0.25992,0.01,0.0,100,0.09091,0.5,,,-0.01,0.0185,-0.00105,0.00133,-0.00219,-0.01396,0.8418
1294,1325056,66.63764,79.69231,0.92308,0.95,1.108329,-0.003159,0.024032,0.002843,0.233287,0.036621,0.850859,64.559937,9.3545,64.507492,11.095536,4.0,0.0001676,13,644,0.17751,0.26167,0.01,0.0,100,0.07692,0.66667,,,-0.01,0.0185,-0.00173,0.001,-0.00228,-0.01095,0.90491
1295,1326080,60.43579,88.84615,0.84615,0.93,0.996112,-0.002493,0.056132,0.002744,0.438356,0.029332,0.867421,60.23296,15.022285,58.18668,18.325901,4.0,0.00016749,13,673,0.18197,0.27506,0.01,0.0,100,0.23077,0.75,,,-0.01,0.01753,-0.00108,0.0001,-0.00675,-0.01272,0.90529
1296,1327104,65.40504,83.81818,0.90909,0.92,1.036044,-0.002203,0.065882,0.002782,0.24873,0.028948,0.867817,55.600349,18.138136,55.568329,19.640678,4.0,0.00016739,11,680,0.19212,0.27393,0.01,0.0,100,0.27273,0.0,,,-0.01,0.01879,-0.00175,0.0014,-0.00463,-0.01024,0.85107
1297,1328128,67.29027,84.0,0.93333,0.91,1.192634,-0.002409,0.017897,0.003816,0.315217,0.049316,0.817212,64.909897,7.526968,65.335693,8.935054,4.0,0.00016729,15,634,0.19264,0.28604,0.01,0.0,100,0.06667,1.0,,,-0.01,0.01747,-0.0016,0.00059,-0.00168,-0.0148,1.01368
1298,1329152,72.19007,78.54545,1.0,0.93,1.104501,-0.002299,0.054806,0.003959,0.327668,0.049072,0.513588,61.715916,10.588656,62.871696,9.834441,4.0,0.00016719,11,651,0.1876,0.28012,0.01,0.0,100,0.27273,1.0,,,-0.01,0.02011,-0.0013,-0.00055,-0.00545,-0.01017,0.8472
1299,1330176,65.76115,80.0,0.91667,0.93,0.998081,-0.003153,0.074964,0.002662,0.261223,0.029053,0.668392,60.952766,10.322954,60.172249,13.071852,4.0,0.00016708,12,669,0.20629,0.29453,0.01,0.0,100,0.25,1.0,,,-0.01,0.01896,-0.00163,1e-05,-0.00817,-0.01109,0.91511
1300,1331200,71.79141,89.27273,1.0,0.94,0.988775,-0.0018,0.060604,0.001291,0.255706,0.010219,0.758706,58.454319,13.60729,59.310669,13.92957,4.0,0.00016698,11,683,0.19861,0.29078,0.0,0.0,100,0.36364,1.0,,,-0.01,0.01828,-0.00099,0.00018,-0.00645,-0.00968,0.94664
1301,1332224,71.43533,89.36364,1.0,0.94,1.024122,-0.001936,0.037462,0.002412,0.226278,0.028041,0.77335,60.273533,11.159429,60.777534,11.267282,4.0,0.00016688,11,675,0.20967,0.3032,0.0,0.0,100,0.18182,0.28571,,,-0.01,0.01729,-0.00104,-0.0004,-0.00434,-0.01339,0.91959
1302,1333248,60.42229,97.69231,0.84615,0.93,1.046584,-0.001216,0.059361,0.001442,0.217382,0.014404,0.734567,62.488548,9.594885,61.931404,14.167598,4.0,0.00016678,13,667,0.20214,0.29657,0.0,0.0,100,0.30769,1.0,,,-0.01,0.01873,-0.00206,0.0008,-0.00447,-0.0126,0.89225
1303,1334272,72.34211,82.27273,1.0,0.94,1.218565,-0.001363,0.020656,0.001657,0.261358,0.011579,0.26983,66.842354,5.763191,67.911552,4.559538,4.0,0.00016668,11,641,0.2088,0.29192,0.0,0.0,100,0.09091,1.0,,,-0.01,0.01912,-0.00187,0.00169,-0.00059,-0.00818,0.79628
1304,1335296,72.63801,79.8,1.0,0.96,1.181946,-0.002091,0.028854,0.002832,0.287686,0.034982,0.855811,64.000717,11.666186,63.071281,12.417846,4.0,0.00016657,10,673,0.20978,0.3038,0.0,0.0,100,0.1,0.0,,,-0.01,0.01615,-0.00104,0.00199,-0.00531,-0.00864,0.80861
1305,1336320,65.58365,101.23077,0.92308,0.96,1.179833,-0.001955,0.023853,0.002721,0.219773,0.02689,0.618892,66.464165,7.168042,66.634026,7.027129,4.0,0.00016647,13,651,0.2055,0.29029,0.0,0.0,100,0.15385,1.0,,,-0.01,0.01658,-0.00193,0.00132,-0.0022,-0.01465,0.89355
1306,1337344,65.18516,85.45455,0.90909,0.95,1.148168,-0.001773,0.046016,0.002189,0.220346,0.024937,0.657365,65.292397,7.205881,64.612801,10.390811,4.0,0.00016637,11,654,0.20036,0.28372,0.0,0.0,100,0.27273,1.0,,,-0.01,0.01742,-0.00178,0.00116,-0.00402,-0.01084,0.76228
1307,1338368,72.26083,79.69231,1.0,0.95,1.108771,-0.002076,0.039751,0.002812,0.232108,0.029436,0.623513,63.791592,8.585276,63.625286,8.977731,4.0,0.00016627,13,655,0.19486,0.28281,0.0,0.0,100,0.15385,1.0,,,-0.01,0.01865,-0.00147,0.00094,-0.0039,-0.01088,1.01249
1308,1339392,66.77268,82.5,0.92857,0.95,1.170595,-0.000705,0.032027,0.001625,0.18443,0.013742,0.661881,65.711037,6.559716,66.323021,8.4345,4.0,0.00016616,14,644,0.20202,0.29033,0.0,0.0,100,0.14286,1.0,,,-0.01,0.0183,-0.00248,-5e-05,-0.00075,-0.01135,0.95253
1309,1340416,66.9873,74.92308,0.92308,0.94,1.220573,-0.001862,0.027782,0.002905,0.243049,0.025286,0.795368,65.991447,7.493558,65.330551,11.401922,4.0,0.00016606,13,641,0.19638,0.27703,0.0,0.0,100,0.07692,0.0,,,-0.01,0.01907,-0.00177,0.00111,-0.00285,-0.00956,0.89396
1310,1341440,71.68595,82.42857,1.0,0.96,1.174392,-0.002092,0.057063,0.002467,0.327277,0.027937,0.409459,62.656925,10.541488,63.475151,8.99657,4.0,0.00016596,14,649,0.19739,0.28812,0.0,0.0,100,0.21429,1.0,,,-0.01,0.01825,-0.00175,0.00081,-0.00312,-0.01773,1.06954
1311,1342464,72.13448,87.28571,1.0,0.96,1.270835,-0.001904,0.031062,0.00257,0.336829,0.024205,0.724786,62.178032,8.382721,61.198475,9.140167,4.0,0.00016586,7,664,0.20408,0.29178,0.0,0.0,100,0.14286,0.0,,,-0.01,0.01547,-0.00147,0.00187,-0.00442,-0.01197,0.54462
1312,1343488,64.72902,84.7,0.9,0.95,1.345737,-0.001228,0.039198,0.001436,0.194845,0.011509,0.757009,60.965973,8.520375,60.662071,11.148452,4.0,0.00016575,10,647,0.20676,0.28961,0.0,0.0,100,0.2,1.0,,,-0.01,0.01844,-0.00189,0.0018,-0.0007,-0.01555,0.66381
1313,1344512,64.19637,118.7,0.9,0.95,1.353615,-0.005528,0.011248,0.004334,0.334326,0.050014,0.956372,57.087345,13.626067,56.863747,14.924011,4.0,0.00016565,10,650,0.2241,0.31815,0.01,0.0,100,0.0,1.0,,,-0.01,0.0162,-0.00177,0.00117,-0.00211,-0.01153,0.68352
1314,1345536,65.1795,104.63636,0.90909,0.94,1.010896,-0.003787,0.015938,0.003379,0.251162,0.041922,0.95217,57.758842,15.366864,57.533306,17.834921,4.0,0.00016555,11,681,0.22155,0.31448,0.01,0.0,100,0.09091,1.0,,,-0.01,0.01766,-0.002,0.00022,-0.00305,-0.01186,0.85446
1315,1346560,64.83772,82.1,0.9,0.94,1.06081,-0.002236,0.044337,0.002653,0.346961,0.028181,0.921624,56.769165,19.066589,55.297817,20.836702,4.0,0.00016545,10,695,0.23516,0.33001,0.01,0.0,100,0.2,1.0,,,-0.01,0.01721,-0.00177,0.00128,-0.00461,-0.00784,0.81606
1316,1347584,56.69027,123.8,0.8,0.92,1.164762,-0.002371,0.047694,0.00304,0.239259,0.037598,0.929618,55.901211,21.68322,55.699745,22.599245,4.0,0.00016534,10,665,0.23223,0.32209,0.02,0.0,100,0.4,1.0,,,-0.01,0.01514,-0.00189,0.00041,-0.00192,-0.0126,0.64433
1317,1348608,70.69026,108.41667,1.0,0.93,1.261987,-0.001774,0.055091,0.001725,0.372882,0.013532,0.349594,60.418816,10.556594,62.024162,8.886298,4.0,0.00016524,12,651,0.22648,0.31905,0.02,0.0,100,0.25,1.0,,,-0.01,0.01379,-0.00195,0.00083,-0.0054,-0.0107,0.91963
1318,1349632,72.37435,76.0,1.0,0.93,1.230078,-0.003737,0.008303,0.002887,0.281368,0.032715,0.78394,65.828789,4.628543,66.508759,5.214811,4.0,0.00016514,11,638,0.20077,0.28853,0.02,0.0,100,0.0,1.0,,,-0.01,0.01793,-0.00171,-0.00055,-0.00101,-0.01306,0.79551
1319,1350656,65.32979,80.36364,0.90909,0.93,1.061017,-0.002212,0.044183,0.002747,0.389321,0.030308,0.723035,63.320885,7.754959,61.491543,11.128003,4.0,0.00016504,11,674,0.20027,0.29234,0.02,0.0,100,0.09091,1.0,,,-0.01,0.01717,-0.00153,-0.00181,-0.00848,-0.01026,0.85422
1320,1351680,53.94286,85.61538,0.76923,0.9,1.002868,-0.00163,0.100319,0.002359,0.193495,0.02703,0.667675,59.418491,10.83599,58.96809,15.541557,4.0,0.00016493,13,683,0.1867,0.27014,0.02,0.0,100,0.38462,1.0,,,-0.01,0.01583,-0.00142,-0.00414,-0.0063,-0.01065,0.85509
1321,1352704,72.08167,80.88889,1.0,0.91,1.023161,-0.002673,0.028718,0.002637,0.265382,0.031145,0.930357,56.575531,16.953964,56.250969,17.706005,4.0,0.00016483,9,701,0.20969,0.29479,0.02,0.0,100,0.11111,1.0,,,-0.01,0.0157,-0.00176,-4e-05,-0.00521,-0.00703,0.82232
1322,1353728,59.20305,126.25,0.83333,0.9,1.115744,-0.002239,0.03176,0.003109,0.24206,0.033691,0.9477,57.439087,20.61688,57.796928,21.643637,4.0,0.00016473,12,668,0.19541,0.28544,0.02,0.0,100,0.25,0.8,,,-0.01,0.01509,-0.00205,0.00057,-0.00341,-0.01177,0.81665
1323,1354752,72.13593,81.16667,1.0,0.91,1.23945,-0.003055,0.008595,0.004164,0.29767,0.046596,0.282888,67.08709,4.098873,67.897446,3.189971,4.0,0.00016463,12,639,0.18881,0.27618,0.02,0.0,100,0.08333,1.0,,,-0.01,0.01588,-0.00158,-0.00042,-0.00027,-0.00989,0.8675
1324,1355776,71.91865,79.09091,1.0,0.93,1.171606,-0.002595,0.022072,0.003387,0.337275,0.041399,0.764558,66.304237,7.021867,65.310646,8.283354,4.0,0.00016452,11,658,0.20987,0.2915,0.02,0.0,100,0.0,0.83333,,,-0.01,0.01542,-0.00254,-0.00193,-0.00675,-0.00927,0.85644
1325,1356800,60.00188,86.23077,0.84615,0.92,1.069253,-0.001207,0.072569,0.002275,0.203679,0.017578,0.649742,62.15395,8.94637,61.762844,12.748199,4.0,0.00016442,13,665,0.20654,0.29298,0.01,0.0,100,0.46154,0.5,,,-0.01,0.01562,-0.00156,-0.00237,-0.00701,-0.00875,0.90108
1326,1357824,71.85127,84.55556,1.0,0.92,1.230747,-0.003097,0.030684,0.002612,0.258765,0.027867,0.683173,63.755104,8.166402,63.175041,8.577202,4.0,0.00016432,9,665,0.21781,0.30355,0.01,0.0,100,0.22222,0.0,,,-0.01,0.01307,-0.00208,-0.00351,-0.00473,-0.00703,0.71548
1327,1358848,58.0126,104.16667,0.83333,0.9,1.145271,-0.001785,0.049875,0.002318,0.314755,0.028216,0.749821,61.87347,8.553098,60.95153,13.129688,4.0,0.00016422,12,662,0.20982,0.29951,0.01,0.01,100,0.16667,0.83333,,,-0.01,0.01291,-0.00209,-0.00357,-0.00472,-0.01084,0.78647
1328,1359872,61.74367,113.33333,0.88889,0.9,1.086901,-0.001227,0.060032,0.00131,0.274459,0.004953,0.829103,58.817677,14.987794,58.11935,16.522181,4.0,0.00016412,9,675,0.20871,0.29447,0.01,0.01,100,0.22222,0.5,,,-0.01,0.0146,-0.00126,-0.0037,-0.00108,-0.01269,0.65347
1329,1360896,65.12895,87.36364,0.90909,0.92,1.179843,-0.001128,0.060237,0.001729,0.247426,0.015485,0.718771,62.064598,12.775172,62.537418,13.415268,4.0,0.00016401,11,658,0.22343,0.30997,0.01,0.01,100,0.18182,0.0,,,-0.01,0.0142,-0.00188,-0.00428,-0.00213,-0.0089,0.76378
1330,1361920,71.36718,87.92857,1.0,0.93,1.300709,-0.002665,0.014177,0.002939,0.295247,0.027483,0.587146,65.098434,4.92738,65.835571,5.065279,4.0,0.00016391,14,629,0.21772,0.30829,0.01,0.01,100,0.0,0.75,,,-0.01,0.01323,-0.00202,-0.00145,0.0002,-0.01074,1.00666
1331,1362944,71.81081,82.55556,1.0,0.94,1.333288,-0.00225,0.024509,0.002886,0.296761,0.030064,0.762096,65.414223,7.307819,64.801865,8.758898,4.0,0.00016381,9,644,0.23639,0.33103,0.0,0.01,100,0.0,0.0,,,-0.01,0.0139,-0.00227,-0.00157,-0.00367,-0.00833,0.6593
1332,1363968,71.30777,80.71429,1.0,0.94,1.221812,-0.001792,0.056301,0.002861,0.360257,0.02975,0.707215,58.53307,12.474895,57.469036,12.695024,4.0,0.00016371,7,673,0.2547,0.35729,0.0,0.01,100,0.28571,1.0,,,-0.01,0.01061,-0.00211,-0.00081,-0.00352,-0.0059,0.58206
1333,1364992,70.81625,100.57143,1.0,0.94,1.112155,-0.002658,0.031719,0.002821,0.264788,0.029053,0.919109,52.160259,16.098492,51.310493,17.095232,4.0,0.0001636,7,702,0.25765,0.3644,0.0,0.01,100,0.14286,1.0,,,-0.01,0.01268,-0.00263,-0.00181,-0.00302,-0.0074,0.62088
1334,1366016,47.14078,171.55556,0.66667,0.91,1.081115,-0.003122,0.024849,0.003387,0.321762,0.041295,0.950666,50.715149,18.18948,49.34005,19.982786,4.0,0.0001635,9,697,0.24722,0.34069,0.02,0.01,100,0.11111,0.8,,,-0.01,0.01369,-0.0017,-9e-05,-0.00181,-0.0097,0.52853
1335,1367040,63.83487,138.27273,0.90909,0.92,0.988249,-0.002091,0.045172,0.00269,0.239433,0.031529,0.917613,52.710884,19.978533,53.363689,20.311275,4.0,0.0001634,11,703,0.25961,0.36459,0.03,0.01,100,0.27273,1.0,,,-0.01,0.01321,-0.00178,-0.00282,-0.00281,-0.01311,0.89468
1336,1368064,71.54608,81.5,1.0,0.92,1.215515,-0.002068,0.024064,0.002388,0.260625,0.022321,0.664878,63.114178,6.764769,63.883396,7.302133,4.0,0.0001633,10,642,0.2263,0.31837,0.03,0.01,100,0.1,0.5,,,-0.01,0.01375,-0.00182,-0.00189,0.00095,-0.01253,0.73428
1337,1369088,71.59604,96.45455,1.0,0.94,1.239561,-0.003083,0.041782,0.002173,0.289868,0.020473,0.605226,62.118591,9.622589,62.090191,9.403557,4.0,0.00016319,11,658,0.23351,0.33483,0.03,0.01,100,0.09091,1.0,,,-0.01,0.01268,-0.00183,-0.00349,-0.00121,-0.0138,0.83307
1338,1370112,63.91812,94.0,0.91667,0.94,1.139678,-0.002126,0.04419,0.004626,0.195605,0.064837,0.695082,63.59119,7.810354,63.638527,10.518435,4.0,0.00016309,12,647,0.22803,0.32516,0.03,0.0,100,0.16667,1.0,,,-0.01,0.01641,-0.00178,-0.00014,-0.00332,-0.01527,0.82929
1339,1371136,71.85727,82.0,1.0,0.95,1.255463,-0.003887,0.006965,0.00417,0.327253,0.046945,0.67301,66.137436,4.079103,66.923759,4.060897,4.0,0.00016299,13,634,0.207,0.29636,0.03,0.0,100,0.0,0.0,,,-0.01,0.01382,-0.00146,-0.00506,-0.00038,-0.01125,0.92614
1340,1372160,62.95459,86.88889,0.88889,0.94,1.204357,-0.002515,0.042991,0.002776,0.326804,0.025356,0.740505,64.030624,7.853411,62.429443,11.377258,4.0,0.00016289,9,660,0.20638,0.28315,0.03,0.0,100,0.11111,0.0,,,-0.01,0.01182,-0.00203,-0.00621,-0.00091,-0.00794,0.60189
1341,1373184,71.16869,92.78571,1.0,0.94,1.128944,-0.002239,0.046623,0.002622,0.344506,0.023263,0.468875,62.084637,9.300514,63.586506,8.196481,4.0,0.00016278,14,648,0.20509,0.29491,0.03,0.0,100,0.14286,1.0,,,-0.01,0.01591,-0.00145,-0.0035,-0.00216,-0.00913,1.05542
1342,1374208,65.93211,83.41667,0.91667,0.93,1.184213,-0.002999,0.021621,0.002683,0.256716,0.03111,0.885039,64.767715,9.186713,64.402206,12.587469,4.0,0.00016268,12,644,0.22127,0.31695,0.03,0.0,100,0.08333,1.0,,,-0.01,0.01733,-0.0019,-0.00034,-0.00181,-0.01173,0.81656
1343,1375232,71.94005,84.0,1.0,0.96,1.233507,-0.002897,0.022954,0.002332,0.268702,0.021484,0.614971,65.42408,6.621755,65.563133,6.569987,4.0,0.00016258,11,641,0.22584,0.3118,0.01,0.0,100,0.09091,1.0,,,-0.01,0.01429,-0.00179,-0.00293,0.00248,-0.00951,0.79553
1344,1376256,72.17321,78.7,1.0,0.97,1.229729,-0.001827,0.027327,0.0026,0.255103,0.029646,0.844545,61.535244,11.469613,61.215782,12.044639,4.0,0.00016248,10,650,0.20982,0.29969,0.0,0.0,100,0.1,1.0,,,-0.01,0.01336,-0.00179,-0.00173,-0.00124,-0.01782,0.76297
1345,1377280,71.94966,80.7,1.0,0.97,1.253251,-0.003999,0.005573,0.002753,0.316633,0.033726,0.981914,58.486744,16.012791,58.4459,17.302511,4.0,0.00016237,10,654,0.22942,0.31959,0.0,0.0,100,0.0,1.0,,,-0.01,0.01266,-0.00202,5e-05,0.00039,-0.01608,0.75481
1346,1378304,63.25709,129.66667,0.91667,0.96,1.214114,-0.004201,0.017937,0.004118,0.329787,0.049386,0.960192,60.26767,18.901033,61.048183,18.898487,4.0,0.00016227,12,640,0.21794,0.30199,0.01,0.0,100,0.08333,0.0,,,-0.01,0.0154,-0.00299,-0.0009,0.0,-0.01514,0.8039
1347,1379328,72.52431,73.23077,1.0,0.97,1.181813,-0.005241,0.011799,0.004021,0.292011,0.058036,0.873732,67.17263,7.541118,66.712646,8.654307,4.0,0.00016217,13,648,0.22023,0.31047,0.01,0.0,100,0.0,0.0,,,-0.01,0.01704,-0.00166,-0.0014,-0.0014,-0.00944,0.97737
1348,1380352,59.38362,91.16667,0.83333,0.95,1.101578,-0.001747,0.038066,0.002085,0.463036,0.01845,0.886484,62.152554,13.334229,60.053143,17.217865,4.0,0.00016207,12,670,0.22672,0.32097,0.01,0.0,100,0.16667,1.0,,,-0.01,0.01517,-0.00199,-0.00155,-0.00269,-0.01143,0.82092
1349,1381376,72.26741,78.88889,1.0,0.96,1.122296,-0.003022,0.039545,0.002973,0.427723,0.035052,0.90124,60.030266,15.960526,58.289028,17.177578,4.0,0.00016196,9,664,0.23659,0.33745,0.01,0.0,100,0.0,0.5,,,-0.01,0.01717,-0.00145,-0.00028,-0.00457,-0.0091,0.71689
1350,1382400,56.54017,89.2,0.8,0.94,0.892634,-0.002668,0.108631,0.003095,0.238211,0.045898,0.852638,48.175987,22.326992,47.82666,23.851301,4.0,0.00016186,10,706,0.21749,0.31135,0.01,0.0,100,0.5,0.0,,,-0.01,0.01521,-0.00199,-0.00227,-0.00635,-0.01023,0.74256
1351,1383424,56.72194,123.9,0.8,0.93,1.161764,-0.002841,0.037232,0.002753,0.365599,0.030692,0.931672,54.437019,19.314743,53.093323,21.467087,4.0,0.00016176,10,677,0.24088,0.32557,0.02,0.0,100,0.1,0.83333,,,-0.01,0.01457,-0.00206,0.00032,-0.0022,-0.00794,0.66768
1352,1384448,72.02367,86.27273,1.0,0.93,1.20951,-0.003258,0.0226,0.002919,0.339521,0.028251,0.962489,55.182678,20.539833,56.476841,21.746029,4.0,0.00016166,11,663,0.22916,0.32025,0.02,0.0,100,0.0,1.0,,,-0.01,0.01584,-0.00186,-0.00266,-0.00015,-0.00869,0.84637
1353,1385472,47.21519,135.77778,0.66667,0.9,0.866478,-0.002292,0.093256,0.002037,0.557748,0.018834,0.910706,41.94035,26.57856,39.07074,27.622149,4.0,0.00016156,9,735,0.219,0.32278,0.03,0.0,100,0.44444,1.0,,,-0.01,0.0164,-0.00172,-0.00154,-0.00987,-0.00496,0.6172
1354,1386496,71.34396,104.11111,1.0,0.9,1.110715,-0.001227,0.070867,0.003085,0.473183,0.033168,0.850962,50.816589,19.296719,53.446079,18.974329,4.0,0.00016145,9,696,0.21954,0.30813,0.03,0.0,100,0.22222,1.0,,,-0.01,0.01605,-0.00163,-0.003,0.00179,-0.0071,0.76469
1355,1387520,72.27601,80.2,1.0,0.9,1.206379,-0.00385,0.023729,0.003097,0.315123,0.0384,0.958953,55.363483,19.53336,55.624516,20.781906,4.0,0.00016135,10,676,0.20051,0.30362,0.03,0.0,100,0.0,1.0,,,-0.01,0.01387,-0.00151,-0.00144,-0.00106,-0.00577,0.80756
1356,1388544,52.78234,158.25,0.75,0.89,1.01287,-0.004047,0.0362,0.003387,0.347251,0.040213,0.963773,46.24157,26.836206,45.354565,28.41749,4.0,0.00016125,8,722,0.20868,0.31089,0.03,0.0,100,0.25,0.66667,,,-0.01,0.0143,-0.0015,-0.00131,-0.00291,-0.00846,0.55505
1357,1389568,63.71832,104.88889,0.88889,0.88,1.247368,-0.003568,0.031998,0.003194,0.359326,0.035714,0.925823,57.610661,17.057709,56.423492,18.228186,4.0,0.00016115,9,663,0.22005,0.30955,0.03,0.0,100,0.11111,0.0,,,-0.01,0.01443,-0.00159,0.00101,-0.00098,-0.01431,0.62397
1358,1390592,71.11423,91.1,1.0,0.89,1.126133,-0.003988,0.055534,0.003766,0.319705,0.049874,0.912503,51.032837,21.239748,51.595997,22.212414,4.0,0.00016104,10,680,0.21045,0.30367,0.03,0.0,100,0.1,1.0,,,-0.01,0.01466,-0.0018,-0.00147,0.00067,-0.00801,0.82701
1359,1391616,72.37287,76.0,1.0,0.9,1.109205,-0.002694,0.00899,0.001801,0.289486,0.013672,0.989976,49.220062,27.932377,50.114262,29.287752,4.0,0.00016094,11,690,0.2019,0.2877,0.03,0.0,100,0.0,1.0,,,-0.01,0.01536,-0.00155,-0.00061,0.00052,-0.00862,0.91874
1360,1392640,57.93593,152.9,0.8,0.9,1.107116,-0.003346,0.003499,0.002773,0.321834,0.029471,0.995861,57.15395,25.905704,58.102142,26.674601,4.0,0.00016084,10,671,0.18168,0.25365,0.05,0.0,100,0.1,0.0,,,-0.01,0.01701,-0.00108,-0.00035,-0.0003,-0.00689,0.62015
1361,1393664,72.7942,76.26667,1.0,0.92,1.201167,-0.003765,0.002433,0.00314,0.31594,0.030727,0.716592,68.782097,3.331613,69.355911,2.702326,4.0,0.00016074,15,635,0.16992,0.24637,0.04,0.0,100,0.0,1.0,,,-0.01,0.01856,-0.00132,-0.00052,-1e-05,-0.0118,1.06725
1362,1394688,72.09854,78.63636,1.0,0.92,1.177009,-0.00192,0.030404,0.00267,0.334894,0.027414,0.898231,65.365486,13.743291,64.079575,15.101376,4.0,0.00016063,11,659,0.17941,0.26073,0.04,0.0,100,0.0,0.0,,,-0.01,0.0171,-0.0014,-0.00116,-0.00013,-0.00936,0.84703
1363,1395712,71.44217,106.88889,1.0,0.95,1.04122,-0.002239,0.108589,0.003787,0.360741,0.053258,0.657271,57.191288,20.286377,57.910549,17.181644,4.0,0.00016053,9,688,0.17408,0.25702,0.03,0.0,100,0.22222,1.0,,,-0.01,0.01692,-0.00142,-0.0027,-0.00168,-0.00806,0.74326
1364,1396736,71.74281,82.8,1.0,0.95,1.28866,-0.002209,0.038365,0.004078,0.224297,0.046596,0.80496,59.032276,12.297295,59.281776,12.601755,4.0,0.00016043,10,667,0.19845,0.28776,0.03,0.0,100,0.2,0.0,,,-0.01,0.01298,-0.00125,-0.00279,-0.00189,-0.00822,0.775
1365,1397760,70.30882,115.0,1.0,0.95,1.263212,-0.002906,0.034756,0.002256,0.281055,0.018624,0.853016,58.635506,13.708537,58.806347,13.906161,4.0,0.00016033,9,661,0.19687,0.28001,0.03,0.0,100,0.11111,1.0,,,-0.01,0.01542,-0.00142,0.00088,-0.00112,-0.01042,0.67912
1366,1398784,64.08391,123.55556,0.88889,0.96,1.165164,-0.004494,0.014071,0.003241,0.339486,0.039237,0.952241,57.766716,13.969007,57.149868,15.061913,4.0,0.00016022,9,683,0.21526,0.29968,0.03,0.0,100,0.11111,1.0,,,-0.01,0.01521,-0.00227,0.00021,-0.00085,-0.00844,0.66038
1367,1399808,71.32576,112.5,1.0,0.97,1.173327,-0.001775,0.034907,0.002348,0.257402,0.023647,0.786334,59.101433,11.872545,60.024097,11.624483,4.0,0.00016012,10,674,0.22307,0.30192,0.03,0.0,100,0.2,1.0,,,-0.01,0.01567,-0.00199,-0.00046,0.00039,-0.01537,0.77856
1368,1400832,71.72798,72.08333,1.0,0.97,1.228553,-0.005843,0.006128,0.00459,0.3091,0.055908,0.972133,61.732159,12.286942,61.968468,13.232232,4.0,0.00016002,12,652,0.22917,0.30339,0.03,0.0,100,0.0,1.0,,,-0.01,0.01497,-0.00195,-0.00356,0.0,-0.01649,0.88712
1369,1401856,63.95866,116.44444,0.88889,0.97,1.165451,-0.00254,0.018122,0.001996,0.315617,0.019252,0.95299,56.965611,16.238495,55.912922,17.22506,4.0,0.00015992,9,667,0.21346,0.29087,0.03,0.0,100,0.0,1.0,,,-0.01,0.01721,-0.0019,0.00267,-0.00368,-0.00552,0.64368
1370,1402880,63.07525,80.375,0.875,0.97,1.184173,-0.001391,0.012794,0.001217,0.199222,0.011021,0.961142,58.075138,15.376694,58.104256,16.941557,4.0,0.00015981,8,676,0.22846,0.3121,0.02,0.0,100,0.125,1.0,,,-0.01,0.01756,-0.00214,0.00177,-0.0006,-0.01043,0.55743
1371,1403904,65.00257,111.8,0.9,0.96,1.097332,-0.003917,0.019438,0.003307,0.269041,0.036691,0.960664,56.740604,18.803051,56.196423,19.439281,4.0,0.00015971,10,681,0.21411,0.30271,0.03,0.0,100,0.1,1.0,,,-0.01,0.01651,-0.0019,0.0012,-2e-05,-0.00898,0.75379
1372,1404928,62.95544,132.375,0.875,0.95,1.213118,-0.003203,0.01142,0.002366,0.313835,0.020438,0.971194,57.575542,17.103029,56.971935,18.164354,4.0,0.00015961,8,675,0.23755,0.32598,0.04,0.0,100,0.125,0.0,,,-0.01,0.01578,-0.00173,-0.00019,-0.00039,-0.01172,0.55998
1373,1405952,61.75812,143.5,0.875,0.94,1.284394,-0.004098,0.016729,0.003996,0.395862,0.045759,0.971322,53.146965,19.886011,51.880287,20.450081,4.0,0.00015951,8,687,0.2864,0.37197,0.05,0.0,100,0.0,0.0,,,-0.01,0.01185,-0.00208,-0.00394,-0.00081,-0.00602,0.56381
1374,1406976,61.07267,158.57143,0.85714,0.93,1.063474,-0.002364,0.019862,0.001767,0.321491,0.0128,0.965417,51.130497,20.381687,50.731045,21.198286,4.0,0.0001594,7,708,0.21472,0.30071,0.06,0.0,100,0.14286,0.0,,,-0.01,0.01665,-0.00139,-0.00171,0.00265,-0.00798,0.51918
1375,1408000,71.83148,110.44444,1.0,0.93,1.118885,-0.002239,0.045497,0.002159,0.367392,0.01838,0.894824,54.301411,18.380421,55.539185,18.657953,4.0,0.0001593,9,691,0.18591,0.27207,0.06,0.0,100,0.11111,0.0,,,-0.01,0.01551,-0.00134,0.00036,0.00052,-0.00826,0.73876
1376,1409024,65.18099,112.09091,0.90909,0.92,1.114342,-0.003403,0.019755,0.00395,0.304129,0.056257,0.957079,60.152821,17.576729,59.723164,18.35228,4.0,0.0001592,11,670,0.17563,0.25625,0.07,0.0,100,0.09091,1.0,,,-0.01,0.01575,-0.00149,-0.00036,-0.00222,-0.01104,0.78089
1377,1410048,65.07401,99.83333,0.91667,0.92,1.203781,-0.001657,0.033597,0.002185,0.186073,0.02124,0.774228,64.030685,8.267707,64.082481,10.985474,4.0,0.0001591,12,660,0.21322,0.29821,0.06,0.0,100,0.16667,1.0,,,-0.01,0.01539,-0.0019,-0.00083,-0.00027,-0.00947,0.81751
1378,1411072,72.2554,79.33333,1.0,0.92,1.146133,-0.002488,0.012024,0.001774,0.236904,0.010882,0.765321,65.395775,5.570299,65.736107,6.093249,4.0,0.000159,12,651,0.19662,0.27521,0.06,0.0,100,0.0,0.6,,,-0.01,0.01703,-0.00097,-0.00256,-0.00139,-0.01125,0.8829
1379,1412096,71.569,93.18182,1.0,0.92,1.108698,-0.003093,0.038113,0.004186,0.360913,0.058454,0.542339,63.868279,9.66045,65.172897,8.241109,4.0,0.00015889,11,658,0.18898,0.27379,0.06,0.0,100,0.18182,0.5,,,-0.01,0.01807,-0.00132,-0.00145,0.00074,-0.01181,0.82249
1380,1413120,72.32134,77.76923,1.0,0.94,1.226202,-0.004536,0.004542,0.004037,0.358733,0.049316,0.690175,67.779221,2.653407,67.758499,3.29009,4.0,0.00015879,13,636,0.20926,0.29743,0.05,0.0,100,0.0,1.0,,,-0.01,0.0169,-0.00159,0.00012,0.0,-0.01953,0.92432
1381,1414144,64.16758,92.5,0.91667,0.95,1.15771,-0.001286,0.041175,0.002114,0.294408,0.010951,0.741619,65.005386,7.630104,63.659615,11.258865,4.0,0.00015869,12,654,0.21285,0.30866,0.03,0.0,100,0.16667,0.75,,,-0.01,0.01585,-0.00158,-0.00102,-0.00411,-0.01561,0.83534
1382,1415168,71.67854,101.625,1.0,0.95,1.054379,-0.001804,0.039406,0.001597,0.251309,0.009556,0.846956,60.846737,13.11025,60.202271,13.649852,4.0,0.00015859,8,683,0.21012,0.30514,0.03,0.0,100,0.125,1.0,,,-0.01,0.01888,-0.00105,0.00144,-0.00557,-0.0078,0.6584
1383,1416192,63.59024,93.77778,0.88889,0.95,0.781907,-0.002184,0.069095,0.002707,0.269373,0.036412,0.859078,52.077908,17.874554,51.289448,19.294321,4.0,0.00015848,9,743,0.20489,0.29762,0.02,0.0,100,0.33333,0.0,,,-0.01,0.01764,-0.00172,0.00098,-0.00461,-0.0134,0.81085
1384,1417216,65.13391,108.5,0.91667,0.95,0.9967,-0.001356,0.07072,0.002279,0.236301,0.026018,0.760361,58.180729,16.235498,59.087498,15.604959,4.0,0.00015838,12,666,0.19024,0.27834,0.01,0.0,100,0.25,1.0,,,-0.01,0.01886,-0.0014,0.00055,-0.00241,-0.00971,0.87122
1385,1418240,71.95898,91.16667,1.0,0.96,1.143781,-0.002597,0.028933,0.00279,0.426474,0.030273,0.395949,62.652302,8.249314,64.647415,6.206008,4.0,0.00015828,12,650,0.20841,0.30188,0.0,0.0,100,0.16667,0.0,,,-0.01,0.01994,-0.0015,0.0004,0.00094,-0.01309,0.90613
1386,1419264,72.5943,78.66667,1.0,0.97,1.169829,-0.003338,0.004341,0.002287,0.341065,0.019496,0.761906,66.293175,3.231738,67.065361,3.494067,4.0,0.00015818,12,638,0.21078,0.30041,0.0,0.0,100,0.0,0.0,,,-0.01,0.01857,-0.00152,0.00141,-0.00069,-0.01323,0.86018
1387,1420288,65.93267,87.5,0.91667,0.96,1.013204,-0.001508,0.046612,0.001803,0.327275,0.020299,0.651032,64.463341,6.16491,63.295567,10.268571,4.0,0.00015807,12,658,0.17286,0.26312,0.0,0.0,100,0.16667,0.0,,,-0.01,0.01904,-0.00104,0.0006,-0.00426,-0.01166,0.87168
1388,1421312,72.2957,83.22222,1.0,0.96,1.11171,-0.002838,0.029119,0.002938,0.307568,0.030587,0.79709,62.602745,9.663745,61.920082,10.305643,4.0,0.00015797,9,665,0.19932,0.29703,0.0,0.0,100,0.11111,0.0,,,-0.01,0.0158,-0.00131,-0.00025,-0.00193,-0.01417,0.71191
1389,1422336,70.94149,95.5,1.0,0.96,1.03019,-0.001577,0.029779,0.001848,0.226425,0.021659,0.806664,61.09296,10.079197,61.488045,10.750733,4.0,0.00015787,12,677,0.19499,0.29733,0.0,0.0,100,0.25,0.0,,,-0.01,0.01566,-0.00129,0.0013,-0.00348,-0.00758,0.98079
1390,1423360,72.34719,81.22222,1.0,0.96,1.121376,-0.001862,0.018218,0.003004,0.226448,0.036621,0.877813,61.448338,10.704068,61.917004,10.856295,4.0,0.00015777,9,674,0.21883,0.31566,0.0,0.0,100,0.11111,1.0,,,-0.01,0.01533,-0.00173,0.00042,-0.00132,-0.00708,0.72463
1391,1424384,59.33442,114.36364,0.81818,0.95,0.986578,-0.001712,0.039342,0.002527,0.31086,0.023717,0.830469,61.016594,10.531802,59.54615,13.75123,4.0,0.00015766,11,683,0.18727,0.28291,0.01,0.0,100,0.18182,0.75,,,-0.01,0.01804,-0.00106,-0.00143,-0.0057,-0.00672,0.76348
1392,1425408,64.50165,88.66667,0.88889,0.94,0.864041,-0.002322,0.033448,0.001184,0.261174,0.008894,0.913893,55.831387,15.3886,54.962193,17.523252,4.0,0.00015756,9,714,0.18036,0.27836,0.01,0.0,100,0.22222,0.0,,,-0.01,0.01727,-0.00119,-0.00133,-0.00065,-0.00767,0.74801
1393,1426432,64.50237,113.9,0.9,0.95,1.001202,-0.003056,0.010095,0.002059,0.275843,0.017822,0.97196,58.888802,15.765132,58.546913,16.657108,4.0,0.00015746,10,680,0.20067,0.28911,0.02,0.0,100,0.0,1.0,,,-0.01,0.01617,-0.00143,0.00046,-0.00079,-0.01008,0.763
1394,1427456,72.58062,76.71429,1.0,0.95,1.02226,-0.001485,0.017333,0.002465,0.248452,0.029297,0.95392,60.678627,16.19943,61.715088,16.569057,4.0,0.00015736,14,668,0.18535,0.26959,0.02,0.0,100,0.07143,0.0,,,-0.01,0.01646,-0.00128,-0.00085,0.00056,-0.00796,1.10539
1395,1428480,66.92576,103.69231,0.92308,0.94,1.162412,-0.004536,0.003327,0.00424,0.340937,0.047015,0.975519,66.34304,9.721769,67.008522,9.900928,4.0,0.00015725,13,640,0.21034,0.29145,0.03,0.0,100,0.07692,0.66667,,,-0.01,0.01799,-0.00152,-0.00052,0.0,-0.00985,0.87449
1396,1429504,72.64397,74.6,1.0,0.95,1.132796,-0.003826,0.003118,0.003598,0.340431,0.045829,0.656945,69.089767,2.866604,69.458237,2.631288,4.0,0.00015715,15,628,0.19258,0.26249,0.03,0.0,100,0.0,0.5,,,-0.01,0.01825,-0.00122,-0.00114,-0.00036,-0.01017,1.06836
1397,1430528,66.68646,77.23077,0.92308,0.94,1.120493,-0.002713,0.023801,0.002892,0.294572,0.026821,0.829666,67.722397,7.532364,66.704544,11.347363,4.0,0.00015705,13,643,0.19528,0.27362,0.03,0.0,100,0.07692,0.66667,,,-0.01,0.01914,-0.00167,-0.00046,-0.00205,-0.01042,0.89698
1398,1431552,72.33988,78.90909,1.0,0.94,1.055277,-0.001661,0.03008,0.002744,0.239906,0.030343,0.580822,66.68689,8.678069,67.104996,7.24179,4.0,0.00015695,11,644,0.19965,0.28144,0.03,0.0,100,0.09091,0.42857,,,-0.01,0.01814,-0.00106,-0.00123,-0.00146,-0.01001,0.82135
1399,1432576,72.68296,69.09091,1.0,0.95,1.113506,-0.003282,0.017868,0.003182,0.372084,0.031982,0.901257,64.010994,10.560491,62.908997,11.483043,4.0,0.00015684,11,653,0.18889,0.27082,0.02,0.0,100,0.0,1.0,,,-0.01,0.01656,-0.00096,-0.00037,0.00089,-0.01086,0.84309
1400,1433600,72.1455,90.15385,1.0,0.97,1.109802,-0.002121,0.032637,0.002149,0.262592,0.020996,0.867682,60.617973,13.714475,61.347393,13.783594,4.0,0.00015674,13,655,0.20311,0.28647,0.02,0.0,100,0.07692,1.0,,,-0.01,0.0172,-0.00146,-0.0005,0.00038,-0.01011,0.99486
1401,1434624,66.72894,105.16667,0.91667,0.97,1.189191,-0.004144,0.006492,0.003929,0.350202,0.05127,0.969773,62.896248,13.917721,62.288593,14.881591,4.0,0.00015664,12,640,0.21189,0.30128,0.02,0.0,100,0.08333,0.0,,,-0.01,0.01635,-0.00165,0.00096,-0.00043,-0.01886,0.80845
1402,1435648,70.43589,91.22222,1.0,0.97,1.110429,-0.003118,0.024831,0.00162,0.282979,0.013218,0.816656,62.966763,10.691525,63.556133,10.265801,4.0,0.00015654,9,645,0.20965,0.29189,0.02,0.0,100,0.11111,1.0,,,-0.01,0.01494,-0.00187,0.00092,0.0004,-0.01295,0.67068
1403,1436672,72.41334,74.69231,1.0,0.98,1.014881,-0.003547,0.004734,0.00282,0.258364,0.032645,0.968321,65.014763,10.194693,65.096573,10.860601,4.0,0.00015644,13,653,0.20866,0.29643,0.01,0.0,100,0.0,1.0,,,-0.01,0.01513,-0.00203,0.00068,-0.00036,-0.00974,0.99383
1404,1437696,72.38261,77.09091,1.0,0.98,0.991796,-0.002032,0.020395,0.001878,0.258655,0.011405,0.926239,62.481514,13.805244,61.975769,14.2201,4.0,0.00015633,11,676,0.21618,0.30063,0.01,0.0,100,0.09091,1.0,,,-0.01,0.01615,-0.0019,0.00104,-0.00192,-0.00905,0.90203
1405,1438720,58.42492,119.72727,0.81818,0.96,1.000891,-0.001652,0.049948,0.002546,0.199551,0.027658,0.772504,63.765347,11.31839,63.524876,12.764153,4.0,0.00015623,11,670,0.20748,0.29771,0.02,0.0,100,0.18182,0.83333,,,-0.01,0.01655,-0.00173,0.00106,-0.00268,-0.01038,0.71713
1406,1439744,72.95495,70.5,1.0,0.97,1.162843,-0.004159,0.00702,0.002624,0.309125,0.032924,0.877995,66.867294,5.556402,66.390419,6.668194,4.0,0.00015613,12,648,0.19728,0.29235,0.02,0.0,100,0.0,0.0,,,-0.01,0.01589,-0.00149,0.00143,-9e-05,-0.00817,0.87723
1407,1440768,72.44453,72.57143,1.0,0.97,1.093121,-0.003403,0.019706,0.003148,0.402098,0.037633,0.924373,58.367188,12.862808,56.904949,13.67589,4.0,0.00015603,7,680,0.21013,0.30654,0.02,0.0,100,0.14286,0.0,,,-0.01,0.01334,-0.00148,0.001,-0.00107,-0.00889,0.56245
1408,1441792,63.84573,151.0,0.90909,0.96,1.073767,-0.001985,0.038063,0.001418,0.314052,0.008615,0.906767,53.395161,17.332851,54.561695,17.647095,4.0,0.00015592,11,681,0.22185,0.31336,0.03,0.0,100,0.27273,0.0,,,-0.01,0.01493,-0.00188,0.00083,-0.00087,-0.01038,0.80481
1409,1442816,72.76665,71.66667,1.0,0.96,0.933538,-0.00288,0.003363,0.003072,0.306425,0.041643,0.988052,62.604725,14.418135,62.904079,15.077224,4.0,0.00015582,12,676,0.19239,0.27614,0.03,0.0,100,0.0,1.0,,,-0.01,0.01809,-0.00133,0.00089,-0.00041,-0.01157,0.96007
1410,1443840,57.35902,118.1,0.8,0.95,0.878636,-0.002763,0.038503,0.003025,0.332647,0.037074,0.884834,59.544609,13.759202,57.993061,16.155615,4.0,0.00015572,10,705,0.1941,0.28836,0.03,0.0,100,0.2,0.75,,,-0.01,0.01483,-0.00191,0.00086,-0.00742,-0.00886,0.73249
1411,1444864,72.30994,72.6,1.0,0.95,0.872685,-0.00323,0.042426,0.001861,0.47578,0.023507,0.901123,54.159554,17.689569,52.23196,18.099966,4.0,0.00015562,5,722,0.20355,0.30045,0.03,0.0,100,0.2,0.0,,,-0.01,0.01411,-0.00179,0.00072,-0.00572,-0.01084,0.49801
1412,1445888,63.28189,110.33333,0.88889,0.94,0.860841,-0.001201,0.03083,0.001945,0.235776,0.019671,0.94224,51.717258,18.550522,51.465794,20.137861,4.0,0.00015551,9,714,0.20845,0.29263,0.03,0.0,100,0.22222,1.0,,,-0.01,0.01502,-0.00158,0.00265,-0.00205,-0.01517,0.72946
1413,1446912,55.80033,141.71429,0.78571,0.91,0.979635,-0.00268,0.031591,0.00162,0.278024,0.015555,0.945214,56.356663,19.787735,55.930878,21.113228,4.0,0.00015541,14,666,0.19224,0.27902,0.05,0.0,100,0.28571,0.0,,,-0.01,0.01617,-0.00147,0.00042,0.00032,-0.01391,0.88582
1414,1447936,72.08496,75.30769,1.0,0.93,1.03531,-0.001431,0.025269,0.00215,0.278302,0.025391,0.448244,65.297005,6.372397,66.125015,5.900717,4.0,0.00015531,13,638,0.18727,0.26627,0.04,0.0,100,0.07692,0.0,,,-0.01,0.01571,-0.00168,0.00037,-0.00146,-0.01489,0.94245
1415,1448960,65.27979,78.0,0.90909,0.92,0.977305,-0.002101,0.056495,0.002057,0.260403,0.022566,0.732433,63.722816,9.948891,63.22543,12.511616,4.0,0.00015521,11,663,0.17627,0.2588,0.04,0.0,100,0.18182,0.75,,,-0.01,0.01608,-0.00151,0.00148,-0.00554,-0.01111,0.77292
1416,1449984,71.95872,83.83333,1.0,0.92,1.097933,-0.003508,0.025511,0.003168,0.28015,0.041713,0.744187,63.292332,9.437154,63.955322,8.81878,4.0,0.0001551,12,658,0.1779,0.2549,0.04,0.0,100,0.08333,1.0,,,-0.01,0.01439,-0.00148,0.00028,0.00041,-0.01243,0.89967
1417,1451008,72.6676,73.69231,1.0,0.93,1.123168,-0.002625,0.012419,0.002488,0.282595,0.0256,0.935361,63.62907,11.145715,63.518341,12.151275,4.0,0.000155,13,646,0.16903,0.2478,0.03,0.0,100,0.0,0.0,,,-0.01,0.01665,-0.0013,0.0013,-0.00127,-0.00866,0.94208
1418,1452032,58.63961,108.45455,0.81818,0.91,1.044983,-0.001728,0.02631,0.002385,0.286752,0.023821,0.905688,63.345711,13.143394,62.400658,15.846353,4.0,0.0001549,11,657,0.15474,0.22978,0.04,0.0,100,0.09091,1.0,,,-0.01,0.01511,-0.0013,-0.00035,-0.00176,-0.01023,0.66797
1419,1453056,72.21476,77.53846,1.0,0.93,0.908345,-0.001954,0.059244,0.002253,0.297862,0.024344,0.523672,62.362,10.620886,62.771656,9.875554,4.0,0.0001548,13,656,0.14834,0.22471,0.03,0.0,100,0.23077,1.0,,,-0.01,0.01609,-0.00086,0.00089,-0.00556,-0.01039,1.002
1420,1454080,72.48399,73.6875,1.0,0.95,0.976052,-0.002061,0.024505,0.002851,0.334101,0.0354,0.17923,65.553978,6.356067,66.755013,5.095354,4.0,0.00015469,16,643,0.15851,0.23358,0.03,0.0,100,0.125,0.0,,,-0.01,0.01672,-0.00112,0.00192,-0.00224,-0.01205,1.1794
1421,1455104,72.68496,71.15385,1.0,0.97,0.931959,-0.002736,0.020347,0.002777,0.277266,0.032959,0.763806,65.685875,7.258505,65.670494,7.93626,4.0,0.00015459,13,652,0.14645,0.22135,0.01,0.0,100,0.07692,0.0,,,-0.01,0.01539,-0.00101,0.00151,-0.00572,-0.00729,1.00751
1422,1456128,65.31873,85.09091,0.90909,0.96,0.852181,-0.001155,0.05969,0.001497,0.197772,0.011719,0.638093,64.617592,8.090837,64.196587,11.042851,4.0,0.00015449,11,668,0.13169,0.20827,0.01,0.0,100,0.36364,1.0,,,-0.01,0.01634,-0.0008,0.00015,-0.00418,-0.00955,0.80209
1423,1457152,72.10569,74.25,1.0,0.97,0.800025,-0.002597,0.046052,0.002271,0.317973,0.024658,0.640716,61.894295,9.366704,61.425686,9.799772,4.0,0.00015439,12,680,0.13667,0.21992,0.01,0.0,100,0.25,1.0,,,-0.01,0.01681,-0.00074,0.00055,-0.01111,-0.00909,1.03231
1424,1458176,57.24374,93.8,0.8,0.95,0.682868,-0.001238,0.052561,0.001428,0.339922,0.014893,0.837171,57.792263,12.208526,55.822918,16.232374,4.0,0.00015428,10,754,0.13297,0.21034,0.01,0.0,100,0.2,1.0,,,-0.01,0.01547,-0.00113,0.00153,-0.00408,-0.01319,0.82681
1425,1459200,65.77991,87.25,0.91667,0.94,0.772965,-0.001665,0.032468,0.001407,0.209979,0.012172,0.915158,57.581902,16.249483,57.911377,18.216051,4.0,0.00015418,12,701,0.14406,0.22449,0.01,0.0,100,0.25,1.0,,,-0.01,0.01546,-0.00126,0.0001,-0.00287,-0.01453,1.00252
1426,1460224,61.48539,97.0,0.85714,0.94,0.87662,-0.001021,0.038128,0.001732,0.230739,0.018276,0.891228,62.36504,15.582761,61.876362,17.635239,4.0,0.00015408,14,669,0.14981,0.2273,0.01,0.0,100,0.14286,1.0,,,-0.01,0.01564,-0.0011,0.00061,-0.0033,-0.01309,0.95861
1427,1461248,72.2275,76.42857,1.0,0.94,0.965986,-0.002244,0.02402,0.002663,0.322478,0.030343,0.09989,67.577377,6.059083,68.331276,4.444017,4.0,0.00015398,14,647,0.15936,0.23213,0.01,0.0,100,0.14286,1.0,,,-0.01,0.01473,-0.00144,0.00015,-0.00222,-0.01072,1.02683
1428,1462272,72.42161,68.35714,1.0,0.94,0.941642,-0.002678,0.019908,0.002399,0.269261,0.031843,0.68338,67.772499,6.619892,67.45005,6.967212,4.0,0.00015388,14,646,0.16446,0.23629,0.01,0.0,100,0.14286,1.0,,,-0.01,0.01472,-0.00133,0.00077,-0.00285,-0.01245,1.04201
1429,1463296,66.45989,81.0,0.92308,0.93,0.887021,-0.002293,0.022229,0.002518,0.277232,0.030587,0.89217,65.577599,10.225812,65.010727,13.000606,4.0,0.00015377,13,658,0.16481,0.23886,0.01,0.0,100,0.15385,0.0,,,-0.01,0.01504,-0.00136,0.00189,-0.00234,-0.01227,0.92101
1430,1464320,65.40746,77.54545,0.90909,0.93,0.853684,-0.002199,0.043313,0.001278,0.494059,0.01001,0.861207,61.971901,12.406185,59.699192,15.509418,4.0,0.00015367,11,681,0.1577,0.23311,0.01,0.0,100,0.18182,0.0,,,-0.01,0.01699,-0.00103,0.00023,-0.00756,-0.01199,0.83447
1431,1465344,67.01143,79.8,0.93333,0.93,0.966104,-0.001282,0.045381,0.001916,0.331829,0.020612,0.649623,64.720375,10.031034,65.958199,9.967524,4.0,0.00015357,15,650,0.16125,0.23325,0.01,0.0,100,0.2,1.0,,,-0.01,0.01391,-0.00075,-0.00075,-0.00083,-0.01392,1.0442
1432,1466368,72.41765,70.64286,1.0,0.95,0.992016,-0.001783,0.010219,0.002873,0.307194,0.030378,0.717708,67.837303,4.293684,68.030983,5.032566,4.0,0.00015347,14,646,0.16188,0.23948,0.01,0.0,100,0.07143,0.0,,,-0.01,0.01572,-0.00084,-0.0014,-0.00232,-0.01099,1.0174
1433,1467392,66.22949,76.75,0.91667,0.94,1.005257,-0.002087,0.016107,0.003141,0.325913,0.0399,0.89056,66.150208,9.486857,65.300362,12.636442,4.0,0.00015336,12,660,0.17475,0.25314,0.01,0.0,100,0.08333,0.0,,,-0.01,0.01481,-0.00095,-0.00027,-0.00078,-0.018,0.83992
1434,1468416,72.36874,68.30769,1.0,0.96,1.082139,-0.00356,0.005836,0.002562,0.358307,0.026193,0.91228,67.445374,6.743874,66.940849,8.123185,4.0,0.00015326,13,638,0.19182,0.2779,0.0,0.0,100,0.0,0.0,,,-0.01,0.01344,-0.00128,-0.00065,-4e-05,-0.02339,0.92832
1435,1469440,72.27102,68.4,1.0,0.96,1.085514,-0.001976,0.029347,0.002891,0.258398,0.035121,0.90976,61.296715,15.996818,60.894463,16.872066,4.0,0.00015316,10,656,0.20334,0.29136,0.0,0.0,100,0.1,1.0,,,-0.01,0.01289,-0.0014,0.00184,-0.0021,-0.02123,0.74341
1436,1470464,69.40045,93.78571,1.0,0.96,1.082828,-0.003184,0.026104,0.002423,0.334281,0.027762,0.861494,64.935265,11.820036,64.520645,12.454435,4.0,0.00015306,14,644,0.18132,0.27261,0.0,0.0,100,0.0,1.0,,,-0.01,0.01287,-0.00136,0.00011,-0.00125,-0.01151,0.99478
1437,1471488,61.75036,101.92857,0.85714,0.95,1.009824,-0.001803,0.017741,0.002274,0.280413,0.020752,0.951102,61.174839,16.260368,60.187847,18.613243,4.0,0.00015295,14,660,0.17873,0.25943,0.01,0.0,100,0.07143,0.0,,,-0.01,0.01449,-0.00112,0.00248,-0.00095,-0.01269,0.92446
1438,1472512,72.07302,72.27273,1.0,0.97,1.048681,-0.002308,0.031082,0.00272,0.273833,0.032436,0.625152,66.243912,7.781873,65.778397,7.831185,4.0,0.00015285,11,653,0.18065,0.26339,0.01,0.0,100,0.09091,0.0,,,-0.01,0.01569,-0.0008,-3e-05,-0.00251,-0.01785,0.8116
1439,1473536,71.42558,83.0,1.0,0.97,0.952429,-0.00264,0.020955,0.002951,0.303754,0.032052,0.930162,61.80843,14.782229,61.709667,15.335656,4.0,0.00015275,12,672,0.17575,0.26425,0.01,0.0,100,0.0,0.0,,,-0.01,0.01392,-0.00079,0.0002,-0.00139,-0.01704,0.9557
1440,1474560,64.73578,90.2,0.9,0.96,1.083444,-0.003353,0.010175,0.00227,0.323994,0.019252,0.941193,64.400208,10.438636,63.736328,12.662647,4.0,0.00015265,10,654,0.19617,0.27961,0.01,0.0,100,0.1,0.0,,,-0.01,0.01412,-0.0013,0.00036,-0.00026,-0.02096,0.65436
1441,1475584,72.21678,74.92308,1.0,0.97,1.075583,-0.004076,0.00842,0.003387,0.313831,0.041922,0.97005,62.854565,14.384308,62.916664,15.615462,4.0,0.00015254,13,639,0.18814,0.27422,0.01,0.0,100,0.0,1.0,,,-0.01,0.01667,-0.00147,0.00155,-0.00108,-0.01526,0.93006
1442,1476608,64.44371,105.09091,0.90909,0.96,0.882101,-0.003221,0.042085,0.002607,0.414419,0.032087,0.953663,54.176727,24.896254,52.282429,25.984646,4.0,0.00015244,11,692,0.16818,0.25489,0.02,0.0,100,0.18182,1.0,,,-0.01,0.01411,-0.00099,-0.00187,-0.00567,-0.00767,0.86256
1443,1477632,64.75408,92.36364,0.90909,0.95,1.030065,-0.00095,0.054639,0.001894,0.236692,0.019078,0.873134,57.849854,19.40843,58.29327,18.86611,4.0,0.00015234,11,679,0.2041,0.28753,0.02,0.0,100,0.18182,1.0,,,-0.01,0.0134,-0.00136,0.00077,-0.00086,-0.01374,0.79196
1444,1478656,71.45214,88.77778,1.0,0.95,1.200701,-0.003683,0.016998,0.002683,0.304884,0.033308,0.939819,59.785969,13.991756,59.588299,14.71929,4.0,0.00015224,9,653,0.21024,0.29325,0.02,0.0,100,0.0,1.0,,,-0.01,0.01269,-0.00144,0.00085,0.00036,-0.01136,0.63669
1445,1479680,65.97423,106.78571,0.92857,0.94,1.019862,-0.00276,0.035525,0.002895,0.360435,0.034494,0.898534,59.963329,16.258821,60.389275,17.285433,4.0,0.00015213,14,646,0.18087,0.2688,0.03,0.0,100,0.14286,1.0,,,-0.01,0.01519,-0.00144,-0.00151,-0.00256,-0.01565,0.94767
1446,1480704,72.66749,68.86667,1.0,0.96,0.954057,-0.002914,0.003706,0.00348,0.409784,0.047538,0.770443,66.813599,3.575389,68.025589,3.422587,4.0,0.00015203,15,643,0.17215,0.25265,0.02,0.0,100,0.0,1.0,,,-0.01,0.01772,-0.00107,0.00196,-3e-05,-0.01582,1.07087
1447,1481728,72.29375,68.08333,1.0,0.96,0.944046,-0.002789,0.012408,0.003125,0.35811,0.040388,0.845884,67.732399,6.795285,67.228386,7.930359,4.0,0.00015193,12,650,0.1792,0.26124,0.02,0.0,100,0.0,1.0,,,-0.01,0.01574,-0.00112,-0.00202,-0.00194,-0.01567,0.89352
1448,1482752,71.25783,84.69231,1.0,0.97,0.951989,-0.001821,0.040763,0.002507,0.298114,0.029192,0.528695,64.856789,10.513215,65.708214,8.553261,4.0,0.00015183,13,660,0.17596,0.25379,0.02,0.0,100,0.15385,0.0,,,-0.01,0.01507,-0.0008,-0.0034,-0.00197,-0.01159,0.99241
1449,1483776,65.83759,79.58333,0.91667,0.96,1.09625,-0.001425,0.030114,0.00211,0.275754,0.015869,0.706413,67.281975,5.278665,66.226189,9.127447,4.0,0.00015172,12,640,0.21386,0.28118,0.02,0.0,100,0.08333,0.0,,,-0.01,0.01382,-0.00141,-0.00278,-0.00052,-0.02236,0.79239
1450,1484800,72.12883,75.30769,1.0,0.97,1.110418,-0.003821,0.003917,0.003463,0.316839,0.040458,0.968667,64.605179,11.203375,64.612053,12.870267,4.0,0.00015162,13,641,0.20229,0.27804,0.01,0.0,100,0.0,0.0,,,-0.01,0.01462,-0.00187,-0.00161,0.0,-0.02279,0.92536
1451,1485824,72.74841,70.0,1.0,0.98,1.057473,-0.003535,0.004092,0.003583,0.304405,0.04119,0.98903,62.546776,18.31205,62.482815,19.641312,4.0,0.00015152,12,644,0.18792,0.26674,0.01,0.0,100,0.0,0.0,,,-0.01,0.01502,-0.00145,0.00037,0.0,-0.02342,0.85625
1452,1486848,63.35449,100.38462,0.92308,0.97,1.136007,-0.00436,0.004727,0.004707,0.35151,0.060652,0.9814,66.735008,14.687615,66.272263,15.053798,4.0,0.00015142,13,646,0.22907,0.30887,0.02,0.0,100,0.0,1.0,,,-0.01,0.01677,-0.0018,-0.00038,0.0,-0.01807,0.85576
1453,1487872,71.66538,89.22222,1.0,0.98,1.107616,-0.003273,0.011396,0.003091,0.354264,0.036412,0.873418,66.164696,7.644088,65.634605,8.659625,4.0,0.00015132,9,653,0.21481,0.29192,0.01,0.0,100,0.0,0.0,,,-0.01,0.01498,-0.00137,0.00275,-0.00038,-0.01997,0.63977
1454,1488896,71.62422,88.41667,1.0,0.98,1.167653,-0.002262,0.032321,0.003289,0.280175,0.044852,0.906901,61.360073,16.577551,60.871635,16.92358,4.0,0.00015121,12,661,0.2332,0.3079,0.01,0.0,100,0.08333,1.0,,,-0.01,0.01541,-0.00207,0.00323,-0.00134,-0.01743,0.89317
1455,1489920,62.67597,114.77778,0.88889,0.97,1.114068,-0.003351,0.006861,0.002916,0.37639,0.029715,0.983001,63.528191,16.554125,62.806866,17.143202,4.0,0.00015111,9,653,0.19936,0.27107,0.02,0.0,100,0.0,0.0,,,-0.01,0.01538,-0.00121,0.00163,-1e-05,-0.0137,0.57008
1456,1490944,72.37418,76.36364,1.0,0.97,1.232291,-0.003349,0.007734,0.00283,0.394916,0.03254,0.946583,64.2864,9.754857,63.475334,10.963364,4.0,0.00015101,11,644,0.21038,0.28516,0.02,0.0,100,0.0,1.0,,,-0.01,0.01254,-0.00169,0.00202,-1e-05,-0.00831,0.78262
1457,1491968,71.81103,96.4,1.0,0.97,1.236271,-0.001762,0.019173,0.002821,0.367383,0.030552,0.96002,58.379383,18.342737,58.088108,19.195086,4.0,0.00015091,10,644,0.21722,0.29353,0.02,0.0,100,0.0,0.0,,,-0.01,0.01383,-0.00202,0.00239,0.0,-0.01217,0.70495
1458,1492992,65.48189,120.0,0.91667,0.97,1.105722,-0.003805,0.016284,0.003,0.353476,0.034842,0.877893,65.504066,10.78618,65.45549,10.450858,4.0,0.0001508,12,632,0.19768,0.27665,0.03,0.0,100,0.0,0.0,,,-0.01,0.01833,-0.00127,0.00223,0.0,-0.0159,0.77773
1459,1494016,71.4617,90.3,1.0,0.97,1.221985,-0.00436,0.010172,0.00328,0.353725,0.040562,0.889891,65.229378,7.378631,64.690193,8.384659,4.0,0.0001507,10,653,0.23298,0.30887,0.03,0.0,100,0.0,0.0,,,-0.01,0.01419,-0.00178,-0.00012,0.0,-0.01222,0.70693
1460,1495040,71.50307,97.4,1.0,0.97,0.96862,-0.004332,0.038654,0.003844,0.359748,0.058071,0.828545,60.706257,12.699022,60.003742,13.246538,4.0,0.0001506,10,674,0.20417,0.28524,0.03,0.0,100,0.1,1.0,,,-0.01,0.01718,-0.00125,0.00272,-0.00405,-0.01052,0.79816
1461,1496064,71.56387,86.53333,1.0,0.98,0.98908,-0.001316,0.027797,0.003219,0.321467,0.041225,-0.397542,65.879639,7.513039,67.462303,4.234724,4.0,0.0001505,15,651,0.18832,0.26261,0.02,0.0,100,0.13333,0.0,,,-0.01,0.01702,-0.00128,0.002,-0.00051,-0.01885,1.10047
1462,1497088,72.6864,71.30769,1.0,0.98,1.035916,-0.003437,0.00292,0.00284,0.317136,0.030657,0.700205,68.81163,2.480374,68.929031,2.770946,4.0,0.00015039,13,648,0.18973,0.26479,0.02,0.0,100,0.0,0.0,,,-0.01,0.01505,-0.00117,0.00163,0.0,-0.01237,0.92705
1463,1498112,72.44395,80.18182,1.0,0.98,1.232632,-0.003498,0.006091,0.003892,0.380487,0.049456,0.80009,67.866707,4.309598,67.266884,4.765975,4.0,0.00015029,11,649,0.21964,0.29351,0.02,0.0,100,0.09091,1.0,,,-0.01,0.01572,-0.00176,0.00223,-0.00018,-0.01284,0.78344
1464,1499136,72.60233,79.66667,1.0,0.99,1.142879,-0.002525,0.009633,0.001612,0.301421,0.011335,0.900092,63.997379,7.613104,63.601231,8.573066,4.0,0.00015019,9,657,0.19229,0.26729,0.01,0.0,100,0.11111,0.0,,,-0.01,0.01392,-0.00155,0.0032,0.00084,-0.01672,0.65228
1465,1500160,64.07476,111.7,0.9,0.98,1.103293,-0.003339,0.00349,0.003869,0.401901,0.053781,0.97357,63.423759,10.262599,62.893066,11.455791,4.0,0.00015009,10,653,0.19252,0.26279,0.02,0.0,100,0.0,0.0,,,-0.01,0.01617,-0.00152,0.00273,-0.00037,-0.0179,0.64567
1466,1501184,66.7796,98.6,0.93333,0.98,1.052938,-0.002352,0.003253,0.00194,0.30798,0.020543,0.962236,66.681068,7.939312,66.885017,8.282369,4.0,0.00014998,15,650,0.1782,0.25199,0.02,0.0,100,0.0,0.0,,,-0.01,0.0167,-0.00114,0.00013,0.0,-0.01547,0.99918
1467,1502208,71.85476,81.07143,1.0,0.98,1.103695,-0.00319,0.003716,0.002889,0.320159,0.035575,0.621587,68.610069,2.590323,68.720406,2.684288,4.0,0.00014988,14,641,0.18624,0.25809,0.02,0.0,100,0.0,0.0,,,-0.01,0.01478,-0.00111,0.00011,0.0,-0.01369,0.99391
1468,1503232,72.17424,76.66667,1.0,0.98,1.030539,-0.002332,0.001772,0.002605,0.299484,0.029646,0.733191,69.130783,2.394005,69.352112,2.236623,4.0,0.00014978,12,643,0.16002,0.23089,0.02,0.0,100,0.0,1.0,,,-0.01,0.01604,-0.00117,0.0007,0.0,-0.01381,0.85365
1469,1504256,72.22437,75.33333,1.0,0.98,0.977632,-0.002408,0.011238,0.003656,0.285325,0.0512,0.488675,68.797081,3.508307,68.536949,3.985237,4.0,0.00014968,12,650,0.14011,0.21138,0.02,0.0,100,0.08333,0.0,,,-0.01,0.01861,-0.00072,0.00126,-0.0033,-0.01477,0.87093
1470,1505280,72.28762,75.46667,1.0,0.98,0.947432,-0.001919,0.008888,0.002877,0.248609,0.028843,0.239694,67.921776,4.248147,68.613579,3.131844,4.0,0.00014957,15,651,0.14189,0.21514,0.02,0.0,100,0.13333,0.0,,,-0.01,0.01746,-0.0007,0.00205,-0.00058,-0.01677,1.10351
1471,1506304,71.92939,76.92308,1.0,0.98,0.957112,-0.002074,0.009049,0.002723,0.225011,0.030762,0.572463,68.285828,4.002355,68.170921,3.990686,4.0,0.00014947,13,660,0.14327,0.2101,0.02,0.0,100,0.07692,0.0,,,-0.01,0.01672,-0.00099,0.00016,-0.00256,-0.01524,0.96507
1472,1507328,72.36255,73.07143,1.0,0.98,0.990259,-0.003123,0.001573,0.00249,0.253894,0.024833,0.721202,69.175064,1.846358,69.388969,2.004434,4.0,0.00014937,14,650,0.14122,0.21511,0.02,0.0,100,0.07143,1.0,,,-0.01,0.01572,-0.00084,0.00212,-0.00035,-0.01597,0.99881
1473,1508352,72.2679,70.46154,1.0,1.0,1.043289,-0.004052,0.002171,0.003071,0.309551,0.034807,0.688984,69.277077,1.82848,69.045677,2.237688,4.0,0.00014927,13,650,0.16476,0.24191,0.0,0.0,100,0.0,1.0,,,-0.01,0.01436,-0.00099,0.00135,-1e-05,-0.0169,0.92741
1474,1509376,72.43203,73.0,1.0,1.0,1.163633,-0.00317,0.002672,0.002971,0.361004,0.026995,0.881638,67.517891,3.729069,67.012291,4.812672,4.0,0.00014916,9,652,0.1656,0.22935,0.0,0.0,100,0.0,1.0,,,-0.01,0.01346,-0.00128,0.00175,-3e-05,-0.01209,0.64131
1475,1510400,72.52094,70.1,1.0,1.0,1.176043,-0.001881,0.002892,0.002121,0.340585,0.007638,0.97924,63.677727,10.244517,62.973858,11.2229,4.0,0.00014906,10,656,0.16141,0.23312,0.0,0.0,100,0.0,0.0,,,-0.01,0.01208,-0.00105,0.00245,-1e-05,-0.01687,0.71351
1476,1511424,57.61112,140.09091,0.81818,0.98,1.171105,-0.002937,0.005093,0.003687,0.391586,0.0497,0.97345,63.680603,11.719423,62.996979,12.612922,4.0,0.00014896,11,651,0.16713,0.23354,0.02,0.0,100,0.0,0.0,,,-0.01,0.01218,-0.00119,0.00308,0.0,-0.01498,0.64183
1477,1512448,72.11512,75.0,1.0,0.98,1.088692,-0.003138,0.003172,0.003116,0.366999,0.034738,0.966157,65.387039,8.024324,65.277718,9.003668,4.0,0.00014886,13,643,0.14244,0.21708,0.02,0.0,100,0.0,0.0,,,-0.01,0.01264,-0.00092,0.00312,-1e-05,-0.01465,0.92549
1478,1513472,67.43288,97.26667,0.93333,0.97,1.023528,-0.002843,0.005808,0.003222,0.365868,0.040248,0.96424,65.015724,10.824378,65.24231,11.82183,4.0,0.00014876,15,642,0.12051,0.19253,0.03,0.0,100,0.06667,0.0,,,-0.01,0.01501,-0.0003,0.00091,-0.00116,-0.00848,1.00828
1479,1514496,72.50175,73.9,1.0,0.97,1.08339,-0.00263,0.007287,0.00331,0.365905,0.032087,0.719232,68.244789,3.523331,67.581657,4.559932,4.0,0.00014865,10,652,0.13473,0.20443,0.03,0.0,100,0.1,1.0,,,-0.01,0.01284,-0.0006,0.00237,-0.00131,-0.02451,0.72031
1480,1515520,62.99709,96.27273,0.90909,0.96,1.043377,-0.001517,0.056029,0.002732,0.342336,0.027553,0.572734,64.097267,7.321688,62.582558,10.316883,4.0,0.00014855,11,659,0.13891,0.21127,0.03,0.0,100,0.18182,0.0,,,-0.01,0.01236,-0.00076,0.00076,-0.00397,-0.01489,0.75439
1481,1516544,71.66666,87.0,1.0,0.96,1.001569,-0.003352,0.019632,0.002349,0.361113,0.020508,0.757744,64.343925,8.596375,65.406479,7.830015,4.0,0.00014845,14,645,0.14849,0.22189,0.03,0.0,100,0.14286,0.0,,,-0.01,0.01208,-0.00035,0.00252,-0.00081,-0.01559,1.00481
1482,1517568,72.16606,73.81818,1.0,0.96,1.081412,-0.003497,0.003811,0.003009,0.337413,0.031878,0.85819,67.713387,3.899164,67.437103,4.432638,4.0,0.00014835,11,642,0.16434,0.2274,0.03,0.0,100,0.0,1.0,,,-0.01,0.01191,-0.00109,0.00081,0.0,-0.01803,0.78353
1483,1518592,70.44702,90.875,1.0,0.96,1.171589,-0.003689,0.007396,0.003909,0.391269,0.045445,0.86495,65.777779,5.867099,65.147034,6.922906,4.0,0.00014824,8,653,0.16295,0.22517,0.03,0.0,100,0.0,0.75,,,-0.01,0.01076,-0.00106,-0.00142,0.0,-0.02026,0.5654
1484,1519616,72.09108,75.22222,1.0,0.96,1.224505,-0.00453,0.00544,0.004141,0.459738,0.054408,0.973385,61.333271,12.283677,60.32502,13.433373,4.0,0.00014814,9,651,0.18541,0.25349,0.03,0.0,100,0.0,0.0,,,-0.01,0.01073,-0.00116,-0.00035,0.0,-0.02064,0.64066
1485,1520640,55.78808,146.09091,0.81818,0.96,1.229026,-0.003686,0.006609,0.003872,0.390978,0.04248,0.983357,56.312218,17.907282,55.54018,19.261423,4.0,0.00014804,11,650,0.1882,0.24888,0.03,0.0,100,0.0,0.66667,,,-0.01,0.01234,-0.00154,-0.00085,0.0,-0.01511,0.63968
1486,1521664,64.70784,108.63636,0.90909,0.95,1.14146,-0.002812,0.007742,0.002476,0.287271,0.025251,0.969073,62.955956,13.383575,62.597317,14.237054,4.0,0.00014794,11,650,0.15976,0.22182,0.04,0.0,100,0.0,0.0,,,-0.01,0.01092,-0.00064,0.00114,-0.00038,-0.01586,0.71658
1487,1522688,71.05151,85.83333,1.0,0.96,1.061154,-0.001937,0.01137,0.002151,0.264893,0.020612,0.773637,66.017372,5.939793,66.048409,6.12206,4.0,0.00014783,12,653,0.13086,0.19824,0.03,0.0,100,0.0,0.0,,,-0.01,0.01357,-0.00069,0.00148,-1e-05,-0.01824,0.85007
1488,1523712,72.00233,83.83333,1.0,0.96,1.044742,-0.0044,0.00436,0.002908,0.409186,0.034598,0.696512,67.086891,3.700405,67.81015,3.324837,4.0,0.00014773,12,652,0.14342,0.20829,0.03,0.0,100,0.0,0.0,,,-0.01,0.01407,-0.00087,0.00211,-1e-05,-0.01514,0.85085
1489,1524736,72.05696,77.5,1.0,0.97,1.052659,-0.002354,0.002672,0.002303,0.342084,0.020054,0.713872,68.372528,2.524845,68.65799,2.616699,4.0,0.00014763,14,649,0.15613,0.21976,0.03,0.0,100,0.0,1.0,,,-0.01,0.0151,-0.00103,0.00285,-0.00032,-0.01314,0.99568
1490,1525760,72.61239,71.5,1.0,0.97,1.000291,-0.002553,0.001966,0.00273,0.275316,0.02989,0.749181,68.815903,2.525237,69.375351,2.385863,4.0,0.00014753,16,645,0.14328,0.20834,0.03,0.0,100,0.0625,0.0,,,-0.01,0.01468,-0.00068,0.00273,-0.0006,-0.01191,1.14424
1491,1526784,72.75302,72.75,1.0,0.97,1.02897,-0.002376,0.00276,0.003178,0.299181,0.0399,0.84026,69.480385,3.158325,69.511223,3.514854,4.0,0.00014742,12,657,0.15625,0.22003,0.03,0.0,100,0.0,0.0,,,-0.01,0.01621,-0.00101,0.0031,-0.0012,-0.00995,0.87072
1492,1527808,66.08653,87.33333,0.91667,0.96,0.934559,-0.000838,0.027791,0.001352,0.340435,0.005755,0.819208,66.277695,8.042442,64.75177,11.753753,4.0,0.00014732,12,682,0.16672,0.23619,0.03,0.0,100,0.16667,0.0,,,-0.01,0.01605,-0.00105,0.00295,-0.00394,-0.01115,0.89305
1493,1528832,60.81283,78.15385,0.84615,0.96,0.864601,-0.001481,0.056583,0.001625,0.608769,0.01137,0.847734,62.232365,13.923316,59.239338,17.842602,4.0,0.00014722,13,695,0.15494,0.22228,0.01,0.0,100,0.15385,1.0,,,-0.01,0.01605,-0.00066,0.00367,-0.00529,-0.01293,0.9365
1494,1529856,72.62439,72.75,1.0,0.97,0.910909,-0.002545,0.013825,0.001246,0.377165,0.008057,0.97344,61.139248,18.545689,60.501068,19.323112,4.0,0.00014712,8,682,0.13197,0.19734,0.0,0.0,100,0.0,0.0,,,-0.01,0.0174,-0.00067,0.00371,-0.00176,-0.01328,0.63299
1495,1530880,67.84915,91.9375,0.9375,0.96,0.950781,-0.001627,0.018717,0.002035,0.311395,0.018729,0.687438,67.205711,7.041032,67.946892,6.698998,4.0,0.00014701,16,651,0.12725,0.19073,0.0,0.0,100,0.125,0.0,,,-0.01,0.01668,-0.00074,0.00116,-0.00061,-0.01345,1.08424
1496,1531904,72.35136,72.33333,1.0,0.96,1.017017,-0.003075,0.003998,0.003216,0.289313,0.042306,0.514491,68.833122,3.463653,69.334503,2.727474,4.0,0.00014691,15,652,0.14676,0.21412,0.0,0.0,100,0.0,0.0,,,-0.01,0.01564,-0.00085,0.00154,-3e-05,-0.01358,1.07322
1497,1532928,72.99322,67.46154,1.0,0.96,1.014667,-0.001377,0.019122,0.002153,0.239221,0.022077,0.788094,67.379677,7.608942,66.954643,8.194207,4.0,0.00014681,13,662,0.15264,0.2173,0.0,0.0,100,0.07692,1.0,,,-0.01,0.01684,-0.00071,0.00282,-0.00202,-0.00951,0.97607
1498,1533952,72.61814,69.625,1.0,0.96,1.085683,-0.002429,0.012274,0.002606,0.329516,0.02853,0.964175,61.868797,15.918209,61.087345,16.691454,4.0,0.00014671,8,688,0.21075,0.26853,0.0,0.0,100,0.125,0.0,,,-0.01,0.01274,-0.0013,0.0019,-0.00147,-0.00974,0.63048
1499,1534976,72.64609,72.125,1.0,0.96,1.11278,-0.002268,0.020899,0.002191,0.439422,0.017439,0.972539,52.25116,22.368763,50.384766,23.07159,4.0,0.0001466,8,700,0.21618,0.27312,0.0,0.0,100,0.125,0.0,,,-0.01,0.01291,-0.00093,0.00304,-0.00343,-0.00809,0.65751
1500,1536000,57.81696,143.7,0.8,0.94,1.085342,-0.004079,0.005302,0.00208,0.331535,0.021903,0.99148,52.126152,22.892185,51.675514,23.891264,4.0,0.0001465,10,677,0.18905,0.25339,0.01,0.0,100,0.1,0.0,,,-0.01,0.01575,-0.00116,0.0021,0.00015,-0.00848,0.62156
1501,1537024,65.36777,110.54545,0.90909,0.94,1.04844,-0.002592,0.021873,0.00342,0.374916,0.042062,0.969052,55.424709,22.002958,54.480072,22.862186,4.0,0.0001464,11,678,0.15721,0.21931,0.02,0.0,100,0.0,0.0,,,-0.01,0.01581,-0.00085,0.00341,-0.00199,-0.01356,0.80165
1502,1538048,61.18375,107.46154,0.84615,0.94,1.015779,-0.001692,0.019119,0.001842,0.25065,0.013288,0.958432,59.863041,18.326103,60.115559,19.798866,4.0,0.0001463,13,669,0.15103,0.22215,0.03,0.0,100,0.23077,0.0,,,-0.01,0.01527,-0.00069,0.0017,-0.00182,-0.00765,0.84806
1503,1539072,72.3574,79.33333,1.0,0.95,1.031018,-0.002731,0.020535,0.003481,0.362609,0.037528,0.32159,65.846725,6.560314,66.931229,5.099671,4.0,0.0001462,12,649,0.14007,0.201,0.03,0.0,100,0.16667,0.0,,,-0.01,0.01633,-0.00064,0.00301,-0.00091,-0.01325,0.86996
1504,1540096,72.50109,76.06667,1.0,0.95,1.057258,-0.002207,0.008431,0.001513,0.256094,0.013009,0.607882,68.078255,3.380422,68.235977,3.915879,4.0,0.00014609,15,650,0.15212,0.20823,0.03,0.0,100,0.06667,1.0,,,-0.01,0.01583,-0.00087,0.00214,-0.00205,-0.01297,1.07864
1505,1541120,72.64717,74.33333,1.0,0.95,1.001563,-0.000527,0.009109,0.001555,0.219949,0.011893,0.72645,67.215622,5.982532,68.097572,5.163192,4.0,0.00014599,15,661,0.1364,0.1963,0.03,0.0,100,0.06667,1.0,,,-0.01,0.01595,-0.00088,0.00289,-0.00035,-0.00957,1.11583
1506,1542144,72.68604,68.81818,1.0,0.95,1.080253,-0.003221,0.003727,0.0022,0.266308,0.022566,0.808379,68.817741,3.281888,68.731285,3.680943,4.0,0.00014589,11,657,0.15309,0.21649,0.03,0.0,100,0.0,0.0,,,-0.01,0.01567,-0.00093,0.00231,-0.00131,-0.01196,0.80017
1507,1543168,65.99817,80.75,0.91667,0.94,1.013007,-0.001788,0.035355,0.002463,0.433791,0.023333,0.779153,65.642601,7.872199,63.860832,11.742853,4.0,0.00014579,12,676,0.16506,0.23658,0.03,0.0,100,0.16667,0.0,,,-0.01,0.01457,-0.00068,0.0021,-0.00472,-0.01009,0.86854
1508,1544192,66.18443,97.76923,0.92308,0.95,1.043085,-0.00292,0.013108,0.002055,0.310853,0.024902,0.956965,63.589581,14.942098,63.250183,16.628534,4.0,0.00014568,13,671,0.17757,0.24315,0.02,0.0,100,0.07692,0.0,,,-0.01,0.01708,-0.00128,0.00289,-0.00032,-0.01423,0.92439
1509,1545216,71.96287,86.5,1.0,0.96,1.023717,-0.001372,0.048592,0.002176,0.307954,0.020682,0.757791,64.341568,11.503244,63.110237,12.150539,4.0,0.00014558,10,684,0.18716,0.26453,0.01,0.0,100,0.1,0.0,,,-0.01,0.01528,-0.00105,0.00216,-0.00651,-0.0114,0.81479
1510,1546240,59.00849,94.08333,0.83333,0.96,0.924039,-0.001523,0.098712,0.002084,0.298962,0.019636,0.750771,58.257263,15.283177,57.232414,17.087065,4.0,0.00014548,12,693,0.16297,0.2381,0.0,0.0,100,0.41667,0.0,,,-0.01,0.01574,-0.00026,0.00299,-0.00797,-0.01129,0.86815
1511,1547264,65.29141,92.90909,0.90909,0.95,0.995756,-0.001666,0.064776,0.001344,0.233566,0.010149,0.812965,59.200893,14.212034,58.928829,15.93053,4.0,0.00014538,11,681,0.17227,0.24793,0.0,0.0,100,0.27273,0.0,,,-0.01,0.0152,-0.00051,0.0027,-0.00673,-0.00787,0.82195
1512,1548288,61.95866,90.625,0.875,0.94,0.992363,-0.001361,0.074106,0.001491,0.382587,0.013009,0.838362,56.690624,17.106131,55.231709,18.709457,4.0,0.00014527,8,692,0.17504,0.24742,0.0,0.0,100,0.25,0.0,,,-0.01,0.0152,-0.00035,-0.00033,-0.00532,-0.01014,0.58842
1513,1549312,72.62931,82.14286,1.0,0.94,1.296964,-0.003439,0.013989,0.002654,0.378977,0.024937,0.964444,56.12899,18.039347,55.400696,18.567675,4.0,0.00014517,7,677,0.22977,0.29504,0.0,0.0,100,0.14286,0.0,,,-0.01,0.01147,-0.00232,0.00049,3e-05,-0.01311,0.5354
1514,1550336,61.3576,146.5,0.875,0.93,1.216746,-0.002257,0.04627,0.001528,0.304978,0.013079,0.920499,48.560974,21.148245,47.62149,21.45005,4.0,0.00014507,8,685,0.24968,0.31329,0.01,0.0,100,0.25,1.0,,,-0.01,0.01164,-0.00194,0.00065,-0.00265,-0.00817,0.55652
1515,1551360,71.31069,111.6,1.0,0.93,1.143439,-0.003431,0.043632,0.002774,0.265656,0.027727,0.851581,57.705746,13.944036,58.031574,14.778955,4.0,0.00014497,10,668,0.22273,0.28669,0.01,0.0,100,0.1,0.0,,,-0.01,0.01323,-0.00188,0.00143,-0.00177,-0.00793,0.73282
1516,1552384,56.05212,140.3,0.8,0.91,1.165086,-0.001576,0.027743,0.002386,0.289965,0.019217,0.916861,55.379498,14.31572,54.751736,16.67396,4.0,0.00014486,10,676,0.26138,0.32334,0.02,0.0,100,0.1,0.0,,,-0.01,0.01518,-0.00203,0.00104,-0.0006,-0.00895,0.62057
1517,1553408,72.14349,90.90909,1.0,0.92,1.126743,-0.004191,0.016095,0.003073,0.397845,0.039272,0.643134,63.91135,6.447053,65.032646,6.008552,4.0,0.00014476,11,652,0.18862,0.24902,0.02,0.0,100,0.0,1.0,,,-0.01,0.0161,-0.0012,0.00151,0.0,-0.00924,0.77741
1518,1554432,72.52162,71.36364,1.0,0.93,1.256577,-0.002896,0.016105,0.002654,0.334495,0.028564,0.911467,62.05555,10.246039,61.524902,11.513176,4.0,0.00014466,11,661,0.22525,0.28519,0.02,0.0,100,0.0,1.0,,,-0.01,0.01337,-0.00179,-0.00014,-0.00117,-0.00994,0.79856
1519,1555456,63.50752,127.11111,0.88889,0.92,1.185716,-0.004058,0.012326,0.003339,0.321082,0.043562,0.968719,57.983639,16.574612,57.765873,17.786823,4.0,0.00014456,9,671,0.21707,0.27145,0.03,0.0,100,0.0,0.0,,,-0.01,0.01591,-0.00175,0.00224,-1e-05,-0.00844,0.60164
1520,1556480,62.97357,126.0,0.88889,0.92,1.232694,-0.003579,0.027549,0.003533,0.408608,0.039586,0.902493,60.311089,12.987343,59.003075,14.993114,4.0,0.00014445,9,679,0.24488,0.30117,0.03,0.0,100,0.11111,1.0,,,-0.01,0.01376,-0.00195,0.00281,-0.00254,-0.01013,0.60289
1521,1557504,72.31057,86.0,1.0,0.93,1.156591,-0.001166,0.034506,0.001972,0.284339,0.017229,0.772944,61.930836,12.561688,62.689976,11.654442,4.0,0.00014435,11,661,0.20661,0.25779,0.03,0.0,100,0.09091,0.0,,,-0.01,0.01594,-0.00114,0.00073,-0.00021,-0.00851,0.79855
1522,1558528,72.68454,79.7,1.0,0.94,1.289111,-0.00261,0.00907,0.002326,0.34797,0.018869,0.972585,60.748653,15.088988,60.217487,16.218981,4.0,0.00014425,10,654,0.26158,0.31362,0.03,0.0,100,0.0,1.0,,,-0.01,0.01421,-0.00199,0.00182,-3e-05,-0.00912,0.71038
1523,1559552,66.70809,113.0,0.92857,0.94,1.105632,-0.003485,0.013022,0.002691,0.371056,0.030657,0.906492,64.88063,11.059614,65.407249,10.976883,4.0,0.00014415,14,656,0.1855,0.23753,0.04,0.0,100,0.0,0.0,,,-0.01,0.01874,-0.00132,0.0029,-0.00102,-0.00923,0.93778
1524,1560576,72.36465,84.25,1.0,0.95,1.174807,-0.002164,0.01552,0.002614,0.254294,0.025949,0.495282,67.582985,5.501245,67.725624,4.839209,4.0,0.00014404,12,656,0.22609,0.28364,0.03,0.0,100,0.08333,0.0,,,-0.01,0.01531,-0.00151,0.00243,-0.00124,-0.00783,0.86652
1525,1561600,72.95574,75.58333,1.0,0.97,1.078874,-0.002983,0.001687,0.002709,0.358293,0.033029,0.802227,68.259758,2.396728,68.834801,2.421216,4.0,0.00014394,12,657,0.17006,0.22782,0.02,0.0,100,0.0,0.0,,,-0.01,0.01806,-0.00103,0.00185,-3e-05,-0.0091,0.85407
1526,1562624,66.70923,80.30769,0.92308,0.96,0.985267,-0.002224,0.032765,0.003398,0.295483,0.041922,0.823361,66.072357,9.027875,65.202202,12.278337,4.0,0.00014384,13,669,0.18125,0.2398,0.02,0.0,100,0.15385,1.0,,,-0.01,0.01556,-0.00084,0.00194,-0.00341,-0.00908,0.92714
1527,1563648,72.60002,72.76923,1.0,0.96,1.089327,-0.002963,0.006879,0.002602,0.255335,0.029157,0.647238,68.555649,3.694057,68.509972,3.878748,4.0,0.00014374,13,655,0.22484,0.28196,0.02,0.0,100,0.07692,0.0,,,-0.01,0.01491,-0.00156,0.00292,-0.0009,-0.01382,0.93202
1528,1564672,72.08887,80.75,1.0,0.98,1.142502,-0.003543,0.017719,0.002806,0.347302,0.028216,0.797751,66.86438,6.708019,65.910973,8.008158,4.0,0.00014364,12,659,0.18915,0.24467,0.01,0.0,100,0.0,0.0,,,-0.01,0.01553,-0.00124,0.00078,-0.00198,-0.01285,0.87387
1529,1565696,71.87785,95.0,1.0,0.98,1.173241,-0.003322,0.013357,0.003234,0.438001,0.035226,0.965605,57.042774,16.169756,55.430882,17.176931,4.0,0.00014353,6,690,0.23565,0.29004,0.01,0.0,100,0.0,0.0,,,-0.01,0.01251,-0.00196,0.00329,-0.00189,-0.01279,0.4811
1530,1566720,66.06553,100.30769,0.92308,0.97,1.136485,-0.001016,0.030193,0.002214,0.334102,0.022426,0.933489,58.208031,18.249407,59.154217,19.281677,4.0,0.00014343,13,651,0.18407,0.23887,0.01,0.0,100,0.30769,0.0,,,-0.01,0.01707,-0.00082,0.0012,-0.00184,-0.00899,0.87861
1531,1567744,67.28784,100.53333,0.93333,0.97,1.167822,-0.002388,0.001964,0.002487,0.374637,0.020089,0.991768,65.740288,13.431083,65.985054,13.891791,4.0,0.00014333,15,641,0.19224,0.25028,0.01,0.0,100,0.0,0.0,,,-0.01,0.01586,-0.00124,0.0014,0.0,-0.00802,0.99642
1532,1568768,61.8562,89.85714,0.85714,0.96,1.052998,-0.001732,0.0376,0.001897,0.597039,0.013114,0.86098,63.582703,11.316505,61.001064,14.44564,4.0,0.00014323,7,680,0.21126,0.27019,0.01,0.0,100,0.14286,0.0,,,-0.01,0.01636,-0.00171,0.0036,-0.00704,-0.00908,0.49903
1533,1569792,65.51182,87.45455,0.90909,0.95,1.126999,-0.001726,0.047643,0.002407,0.39848,0.025321,0.840207,62.83762,13.277281,62.195156,15.545194,4.0,0.00014312,11,656,0.22833,0.28266,0.01,0.0,100,0.27273,1.0,,,-0.01,0.01648,-0.00157,0.00287,-0.0016,-0.01297,0.75234
1534,1570816,72.43337,81.53846,1.0,0.95,1.222251,-0.002945,0.005824,0.003935,0.335077,0.053955,0.989393,60.561584,20.278612,60.261944,21.530472,4.0,0.00014302,13,647,0.23026,0.28253,0.01,0.0,100,0.0,0.0,,,-0.01,0.01299,-0.00202,0.00193,0.00018,-0.01432,0.9395
1535,1571840,65.39371,101.92308,0.92308,0.95,1.14037,-0.002921,0.003177,0.002372,0.340078,0.023228,0.992988,64.347893,19.014603,64.608604,19.71143,4.0,0.00014292,13,650,0.17912,0.23005,0.02,0.0,100,0.0,1.0,,,-0.01,0.01436,-0.00139,0.00308,-1e-05,-0.01436,0.86245
1536,1572864,72.87037,74.0,1.0,0.95,1.10938,-0.004175,0.00232,0.003604,0.346465,0.046317,0.620387,69.574783,2.398289,69.784584,2.154567,4.0,0.00014282,14,643,0.15904,0.20326,0.02,0.0,100,0.0,1.0,,,-0.01,0.01709,-0.00102,0.00157,0.0,-0.00841,0.99714
1537,1573888,72.49118,77.9,1.0,0.95,1.107298,-0.002808,0.032163,0.002447,0.324069,0.024484,0.763709,66.765396,9.367976,65.536446,9.876117,4.0,0.00014271,10,657,0.15964,0.20353,0.02,0.0,100,0.1,0.0,,,-0.01,0.01476,-0.00116,0.0007,-0.00279,-0.00827,0.743
1538,1574912,65.66489,93.5,0.91667,0.95,1.069341,-0.001722,0.040298,0.001835,0.317401,0.014579,0.772379,64.659653,8.961472,63.727623,11.504202,4.0,0.00014261,12,661,0.13184,0.17715,0.02,0.0,100,0.16667,0.0,,,-0.01,0.01482,-0.00087,0.0031,-0.00283,-0.01267,0.81521
1539,1575936,72.44119,74.84615,1.0,0.96,1.004684,-0.001462,0.037071,0.001761,0.247786,0.017718,0.915321,58.816326,17.691298,59.168068,18.562616,4.0,0.00014251,13,673,0.12433,0.17059,0.01,0.0,100,0.15385,1.0,,,-0.01,0.01479,-0.00022,0.00256,-0.00294,-0.00973,1.01957
1540,1576960,72.68288,79.125,1.0,0.96,0.989957,-0.003531,0.016577,0.002869,0.312821,0.02846,0.981439,53.748745,26.546267,53.321522,27.791372,4.0,0.00014241,8,694,0.13828,0.17923,0.01,0.0,100,0.0,0.0,,,-0.01,0.01598,-0.00058,0.00037,-0.00044,-0.00811,0.64915
1541,1577984,67.15742,107.33333,0.93333,0.97,0.993871,-0.001498,0.041634,0.002569,0.263744,0.027762,0.951846,58.947701,25.652861,59.416035,25.773422,4.0,0.0001423,15,660,0.12048,0.17505,0.02,0.0,100,0.13333,0.33333,,,-0.01,0.01599,-0.00077,0.00188,-0.00247,-0.0113,1.04964
1542,1579008,72.64963,80.54545,1.0,0.97,1.030823,-0.002198,0.035305,0.001694,0.251063,0.015276,0.871925,61.815865,14.581319,61.592834,14.667907,4.0,0.0001422,11,678,0.14663,0.19571,0.02,0.0,100,0.09091,0.0,,,-0.01,0.0134,-0.00101,0.00305,-0.0011,-0.00617,0.89528
1543,1580032,71.86386,84.125,1.0,0.97,1.008316,-0.001381,0.034939,0.001372,0.239862,0.010149,0.928584,57.038551,18.578518,56.62281,19.432035,4.0,0.0001421,8,699,0.16007,0.20432,0.02,0.0,100,0.25,1.0,,,-0.01,0.01238,-0.00145,0.0022,-0.00363,-0.00824,0.68142
1544,1581056,72.79709,72.0,1.0,0.98,1.05994,-0.002675,0.006329,0.001976,0.362524,0.018136,0.992785,52.975803,28.404247,52.334408,29.797976,4.0,0.000142,10,684,0.15453,0.19516,0.01,0.0,100,0.0,1.0,,,-0.01,0.01462,-0.00156,0.00301,0.0,-0.00937,0.79844
1545,1582080,61.76019,126.5,0.85714,0.96,1.045908,-0.00347,0.017022,0.003773,0.299476,0.04119,0.968832,62.78027,19.789379,62.452492,20.161858,4.0,0.00014189,14,658,0.13515,0.17875,0.03,0.0,100,0.14286,0.0,,,-0.01,0.01507,-0.00089,0.00062,-0.00238,-0.00942,0.89091
1546,1583104,72.42787,75.07143,1.0,0.97,1.030492,-0.001661,0.020718,0.003113,0.197257,0.035331,0.385128,66.377144,6.139582,66.769363,5.369436,4.0,0.00014179,14,653,0.12937,0.17053,0.03,0.0,100,0.07143,0.0,,,-0.01,0.01513,-0.00072,0.00276,-0.0016,-0.01528,1.02799
1547,1584128,72.6529,73.375,1.0,0.97,1.151634,-0.003231,0.014507,0.002692,0.360029,0.025251,0.917078,62.005054,10.535863,60.986591,11.998687,4.0,0.00014169,8,669,0.15923,0.19707,0.03,0.0,100,0.125,0.0,,,-0.01,0.01317,-0.00091,0.00247,-0.00146,-0.0187,0.604
1548,1585152,65.39377,88.27273,0.90909,0.96,1.070566,-0.002018,0.015094,0.00205,0.483242,0.024309,0.974611,53.568676,22.472267,51.880981,24.929293,4.0,0.00014159,11,670,0.14058,0.18895,0.03,0.0,100,0.09091,0.0,,,-0.01,0.01374,-0.00113,0.00065,-0.00088,-0.0236,0.77646
1549,1586176,62.74325,111.5,0.9,0.95,1.172436,-0.00348,0.007475,0.004014,0.406381,0.05528,0.991804,55.523956,27.756294,54.895061,29.08596,4.0,0.00014148,10,644,0.15513,0.19308,0.04,0.0,100,0.0,0.0,,,-0.01,0.01428,-0.00136,0.00181,0.0,-0.014,0.64105
1550,1587200,65.44162,106.09091,0.90909,0.95,1.219902,-0.003339,0.00753,0.003586,0.435241,0.042969,0.971148,66.058418,13.459211,65.416367,14.035307,4.0,0.00014138,11,648,0.15261,0.19619,0.04,0.0,100,0.09091,1.0,,,-0.01,0.01414,-0.00098,0.00328,-0.00042,-0.01296,0.71619
1551,1588224,72.50872,76.27273,1.0,0.95,1.274543,-0.003774,0.021289,0.004422,0.462343,0.058629,0.938796,60.414558,15.279323,59.380135,17.050226,4.0,0.00014128,11,642,0.15822,0.20269,0.04,0.0,100,0.09091,0.0,,,-0.01,0.01452,-0.00101,0.00221,-0.00096,-0.01494,0.79462
1552,1589248,72.04086,82.0,1.0,0.95,1.313445,-0.004145,0.021801,0.003528,0.511176,0.03697,0.981282,51.047913,28.126064,49.110989,29.190977,4.0,0.00014118,8,649,0.15646,0.19954,0.04,0.0,100,0.0,0.0,,,-0.01,0.01347,-0.00147,0.00305,-0.00118,-0.01838,0.58627
1553,1590272,55.40506,158.9,0.8,0.93,1.297886,-0.002671,0.03768,0.003222,0.309179,0.040841,0.949347,56.450283,25.300529,55.606453,25.508162,4.0,0.00014108,10,652,0.14999,0.19808,0.06,0.0,100,0.2,0.0,,,-0.01,0.01448,-0.00116,0.00083,-0.0007,-0.01321,0.58298
1554,1591296,71.67155,93.5,1.0,0.95,1.339455,-0.004103,0.06466,0.002682,0.34357,0.025705,0.850703,54.595238,17.922901,54.064381,18.415525,4.0,0.00014097,10,644,0.177,0.22604,0.04,0.0,100,0.2,0.0,,,-0.01,0.01253,-0.00082,0.00112,-0.00222,-0.00985,0.71934
1555,1592320,70.46655,106.75,1.0,0.95,1.259521,-0.003626,0.055146,0.004216,0.361037,0.062326,0.928408,53.004704,24.109694,53.098118,24.257223,4.0,0.00014087,8,655,0.17071,0.2132,0.04,0.0,100,0.125,0.0,,,-0.01,0.01572,-0.00081,0.0029,-0.0038,-0.01093,0.58749
1556,1593344,62.13893,104.42857,0.85714,0.93,1.109455,-0.002059,0.036681,0.003199,0.251023,0.036063,0.859905,63.949154,12.94683,63.146397,15.6066,4.0,0.00014077,14,653,0.14866,0.19425,0.05,0.0,100,0.14286,0.0,,,-0.01,0.02008,-0.00032,0.00253,-0.00172,-0.0108,0.89608
1557,1594368,72.49549,81.84615,1.0,0.93,1.164007,-0.004257,0.029226,0.002855,0.355427,0.030204,0.651947,63.742424,9.177004,64.370087,8.341524,4.0,0.00014067,13,629,0.15148,0.19347,0.05,0.0,100,0.07692,0.0,,,-0.01,0.01772,-0.00149,0.00253,-0.0001,-0.01429,0.94771
1558,1595392,71.37473,94.25,1.0,0.94,1.230297,-0.002446,0.033123,0.003151,0.298222,0.028913,0.383731,63.217747,7.457994,63.098186,6.572008,4.0,0.00014056,8,657,0.19048,0.23227,0.05,0.0,100,0.25,0.0,,,-0.01,0.01523,-0.00143,0.00238,-0.00262,-0.0119,0.60171
1559,1596416,72.48494,81.0,1.0,0.96,1.299998,-0.003255,0.010914,0.002562,0.357215,0.033691,0.922797,60.532513,9.678263,60.520657,11.680346,4.0,0.00014046,11,642,0.17897,0.22784,0.03,0.0,100,0.0,0.0,,,-0.01,0.01492,-0.00112,0.00184,3e-05,-0.01136,0.78391
1560,1597440,64.4694,85.3,0.9,0.95,1.20267,-0.001706,0.041503,0.002128,0.42075,0.018869,0.938585,52.803043,21.246946,50.909355,23.627546,4.0,0.00014036,10,667,0.18337,0.23165,0.03,0.0,100,0.3,1.0,,,-0.01,0.01352,-0.00098,0.0004,-0.00269,-0.01209,0.7054
1561,1598464,58.77916,139.72727,0.81818,0.93,1.185515,-0.003307,0.011421,0.003107,0.331733,0.035505,0.98412,56.559662,22.721066,56.431278,23.667622,4.0,0.00014026,11,652,0.15768,0.20402,0.05,0.0,100,0.09091,0.0,,,-0.01,0.0173,-0.00067,0.00296,-0.00111,-0.01059,0.67059
1562,1599488,64.38009,83.55556,0.88889,0.93,1.133421,-0.001271,0.032164,0.000845,0.412164,0.003453,0.923843,57.078743,15.89335,55.194832,18.59284,4.0,0.00014015,9,678,0.16452,0.2113,0.04,0.0,100,0.11111,0.0,,,-0.01,0.01826,-0.00086,0.00311,-0.00241,-0.01057,0.6374
1563,1600512,71.33953,87.28571,1.0,0.94,1.293316,-0.002532,0.038881,0.002499,0.350457,0.025635,0.960216,48.355686,26.006683,47.420925,27.010368,4.0,0.00014005,7,681,0.21193,0.2565,0.03,0.0,100,0.14286,0.0,,,-0.01,0.01461,-0.00163,0.00338,-0.00226,-0.0138,0.56346
1564,1601536,63.42196,155.1,0.9,0.93,1.187379,-0.001824,0.088517,0.003244,0.374131,0.032924,0.84053,55.101604,23.988932,55.897793,21.975348,4.0,0.00013995,10,664,0.15768,0.20267,0.04,0.0,100,0.2,0.0,,,-0.01,0.0163,-0.00105,-0.00267,0.0005,-0.0118,0.66716
1565,1602560,71.68492,87.92308,1.0,0.95,1.165193,-0.002453,0.022549,0.00262,0.277619,0.025042,0.681385,63.096886,6.210371,63.084728,7.39095,4.0,0.00013985,13,659,0.15793,0.20695,0.03,0.0,100,0.07692,0.0,,,-0.01,0.01809,-0.00086,-0.0013,-0.00218,-0.01116,0.97067
1566,1603584,72.40092,83.0,1.0,0.95,1.09856,-0.002278,0.028083,0.002632,0.287438,0.027414,0.886,59.289574,12.180472,59.557224,13.537671,4.0,0.00013974,10,680,0.15931,0.21347,0.03,0.0,100,0.1,0.0,,,-0.01,0.01754,-0.00069,0.00091,-0.00319,-0.00959,0.80755
1567,1604608,59.54515,99.25,0.83333,0.93,1.068216,-0.002392,0.04471,0.00363,0.227788,0.050398,0.806775,60.683472,10.510056,60.693874,13.172546,4.0,0.00013964,12,668,0.15181,0.20825,0.03,0.0,100,0.33333,0.0,,,-0.01,0.01751,-0.00092,0.00278,-0.00375,-0.01118,0.78333
1568,1605632,72.31319,87.72727,1.0,0.93,1.265798,-0.002242,0.028505,0.002949,0.357465,0.031982,0.50006,63.843296,8.449135,65.12513,6.722669,4.0,0.00013954,11,648,0.18394,0.23618,0.03,0.0,100,0.09091,1.0,,,-0.01,0.01694,-0.00107,0.00285,0.00014,-0.00983,0.8032
1569,1606656,65.99094,99.23077,0.92308,0.92,1.084199,-0.002032,0.071187,0.002817,0.292977,0.02982,0.72219,61.206726,12.132126,60.549709,13.865708,4.0,0.00013944,13,665,0.16301,0.23362,0.03,0.0,100,0.15385,0.0,,,-0.01,0.01766,-0.00021,0.00089,-0.00655,-0.00984,0.96231
1570,1607680,72.33013,82.2,1.0,0.94,1.077033,-0.002372,0.031176,0.002933,0.31363,0.034389,0.550165,63.849049,8.493134,64.833984,7.258485,4.0,0.00013933,10,664,0.16553,0.2341,0.02,0.0,100,0.2,1.0,,,-0.01,0.01881,-0.00084,0.00271,-0.00282,-0.01087,0.76819
1571,1608704,72.4,78.71429,1.0,0.96,1.14297,-0.002584,0.011096,0.002618,0.261501,0.026332,0.916685,64.43708,8.840762,64.652199,9.729104,4.0,0.00013923,14,660,0.18016,0.24533,0.01,0.0,100,0.07143,0.0,,,-0.01,0.01781,-0.00073,0.00276,-0.00131,-0.01385,1.08341
1572,1609728,72.5637,85.92308,1.0,0.97,1.268281,-0.00108,0.014423,0.001799,0.231994,0.010672,0.087963,68.087914,4.932924,68.833595,3.384906,4.0,0.00013913,13,640,0.18282,0.25626,0.0,0.0,100,0.07692,0.0,,,-0.01,0.01926,-0.00081,0.00241,-0.00038,-0.01069,0.93403
1573,1610752,72.72672,77.72727,1.0,0.97,1.227829,-0.002825,0.008723,0.002645,0.329654,0.028251,0.669651,68.267067,3.849572,68.290482,4.424912,4.0,0.00013903,11,647,0.1598,0.2236,0.0,0.0,100,0.0,1.0,,,-0.01,0.0195,-0.00085,0.00196,-0.00096,-0.01311,0.7914
1574,1611776,71.66982,90.66667,1.0,0.97,1.091853,-0.002435,0.016838,0.003037,0.229195,0.036133,0.858372,64.419395,9.304754,64.352493,9.353685,4.0,0.00013892,12,676,0.17521,0.25345,0.0,0.0,100,0.08333,1.0,,,-0.01,0.01653,-0.00123,0.00168,-0.00162,-0.01216,0.96488
1575,1612800,66.78523,79.69231,0.92308,0.98,1.239839,-0.001082,0.011723,0.001609,0.143599,0.008684,0.636886,69.091141,2.640539,69.083061,4.78708,4.0,0.00013882,13,644,0.17612,0.25325,0.0,0.0,100,0.07692,0.0,,,-0.01,0.01721,-0.00103,0.00149,-0.00022,-0.01095,0.85565
1576,1613824,72.07705,86.53846,1.0,0.98,1.274191,-0.003866,0.011574,0.00374,0.359788,0.043108,0.619406,67.900497,4.234949,67.621605,4.651108,4.0,0.00013872,13,644,0.19354,0.27193,0.0,0.0,100,0.0,0.0,,,-0.01,0.01468,-0.00107,0.00321,-0.00198,-0.01021,0.94744
1577,1614848,72.07621,91.66667,1.0,0.98,1.218839,-0.002283,0.016503,0.001934,0.245449,0.016671,0.742044,65.469315,6.52949,65.056572,6.875839,4.0,0.00013862,9,660,0.18835,0.27045,0.0,0.0,100,0.11111,1.0,,,-0.01,0.01582,-0.00175,0.00261,-0.00242,-0.01647,0.67541
1578,1615872,65.5996,76.72727,0.90909,0.98,1.171331,-0.002073,0.0195,0.002415,0.24388,0.029541,0.885991,63.637104,9.363238,63.034111,11.380027,4.0,0.00013852,11,654,0.16804,0.2533,0.0,0.0,100,0.09091,1.0,,,-0.01,0.01652,-0.0011,0.00193,-0.00222,-0.01608,0.74695
1579,1616896,72.59238,75.66667,1.0,0.98,1.211424,-0.003323,0.007109,0.002021,0.342629,0.017439,0.976412,58.036785,15.340973,57.107231,16.691547,4.0,0.00013841,9,664,0.17655,0.25665,0.0,0.0,100,0.0,0.0,,,-0.01,0.01465,-0.00116,-0.00082,0.00118,-0.02304,0.70182
1580,1617920,61.51596,130.54545,0.90909,0.97,1.136014,-0.003959,0.028968,0.004199,0.311444,0.048479,0.947339,54.873272,19.606642,54.602604,20.206854,4.0,0.00013831,11,679,0.18084,0.27085,0.01,0.0,100,0.0,1.0,,,-0.01,0.01211,-0.00153,0.00032,-0.00171,-0.01806,0.81287
1581,1618944,61.44327,140.28571,0.85714,0.96,0.977893,-0.003216,0.003516,0.002697,0.287488,0.028111,0.990087,59.985069,17.205635,59.697632,17.999928,4.0,0.00013821,7,698,0.1602,0.24197,0.02,0.0,100,0.14286,0.0,,,-0.01,0.01446,-0.00078,0.00147,0.00043,-0.01172,0.50669
1582,1619968,72.30508,74.42857,1.0,0.96,1.034134,-0.002719,0.002586,0.002849,0.266801,0.027518,0.991618,62.829712,16.015633,62.846916,16.924959,4.0,0.00013811,14,672,0.17167,0.26141,0.02,0.0,100,0.0,0.0,,,-0.01,0.01533,-0.00119,0.00068,-0.00039,-0.01272,1.11727
1583,1620992,66.88109,100.46154,0.92308,0.95,1.052044,-0.001695,0.015066,0.001162,0.223881,0.009347,0.942296,64.251686,13.201825,64.163414,13.74954,4.0,0.000138,13,665,0.16233,0.26063,0.03,0.0,100,0.15385,0.5,,,-0.01,0.01582,-0.00078,0.00205,-0.00234,-0.01277,0.95558
1584,1622016,72.2545,72.28571,1.0,0.96,1.093238,-0.00347,0.01731,0.002853,0.343347,0.038958,0.932779,61.697151,12.762594,60.5527,13.533834,4.0,0.0001379,7,683,0.19635,0.29363,0.03,0.0,100,0.14286,0.0,,,-0.01,0.01537,-0.00226,0.00263,-0.00264,-0.00858,0.58278
1585,1623040,72.54784,82.3,1.0,0.96,1.047394,-0.002267,0.025125,0.002037,0.288328,0.018032,0.954106,54.837246,18.822954,54.116253,20.090849,4.0,0.0001378,10,689,0.17206,0.26666,0.03,0.0,100,0.1,0.0,,,-0.01,0.01456,-0.00134,0.00288,-0.00272,-0.00569,0.86217
1586,1624064,61.70166,134.92857,0.85714,0.94,1.035611,-0.001094,0.020866,0.002047,0.207355,0.014823,0.96199,59.143063,20.021173,59.632717,21.000381,4.0,0.0001377,14,655,0.14915,0.24584,0.05,0.0,100,0.21429,0.0,,,-0.01,0.0143,-0.00058,0.00261,-0.00169,-0.01031,0.93074
1587,1625088,72.65619,76.0,1.0,0.95,1.069737,-0.003161,0.012876,0.002074,0.307808,0.020996,0.886191,65.996986,7.634186,65.322929,8.898238,4.0,0.00013759,10,652,0.13972,0.23237,0.05,0.0,100,0.0,0.0,,,-0.01,0.01518,-0.00081,0.00262,-0.00217,-0.00872,0.75734
1588,1626112,53.79924,80.58333,0.75,0.92,0.83432,-0.00138,0.06671,0.00133,0.497108,0.010672,0.847207,58.411472,14.667727,55.178333,19.63014,4.0,0.00013749,12,702,0.14112,0.23764,0.05,0.0,100,0.25,1.0,,,-0.01,0.01667,-0.00042,0.0029,-0.00446,-0.01025,0.81431
1589,1627136,65.2175,78.0,0.90909,0.92,0.931593,-0.000959,0.063437,0.001414,0.25789,0.012242,0.926184,55.40403,23.278387,54.603542,24.90659,4.0,0.00013739,11,686,0.1456,0.2426,0.04,0.0,100,0.27273,0.0,,,-0.01,0.01441,-0.00085,0.00087,-0.00545,-0.01147,0.84036
1590,1628160,66.90812,102.42857,0.92857,0.92,0.964801,-0.001919,0.029082,0.00134,0.228448,0.01266,0.94144,61.145954,18.359261,61.236294,18.954258,4.0,0.00013729,14,657,0.13587,0.226,0.04,0.0,100,0.14286,0.0,,,-0.01,0.01488,-0.00048,0.00025,-0.00197,-0.016,0.99457
1591,1629184,65.58692,82.33333,0.91667,0.92,0.865017,-0.001325,0.1077,0.000753,0.228118,0.003453,0.700666,59.064732,15.234575,59.138367,16.178013,4.0,0.00013718,12,670,0.13043,0.22135,0.03,0.0,100,0.33333,1.0,,,-0.01,0.01714,-0.00042,0.00054,-0.00895,-0.01062,0.91151
1592,1630208,65.61486,75.27273,0.90909,0.91,0.919707,-0.001525,0.0436,0.002527,0.217952,0.028599,0.863963,60.454189,13.03588,60.648857,15.300664,4.0,0.00013708,11,675,0.12754,0.21659,0.03,0.0,100,0.18182,0.0,,,-0.01,0.01759,-0.00066,0.00254,-0.00243,-0.01514,0.82106
1593,1631232,71.99621,74.72727,1.0,0.91,1.051376,-0.001826,0.028904,0.002615,0.244595,0.029053,0.929852,59.680542,17.080112,59.809895,17.68713,4.0,0.00013698,11,670,0.14572,0.22457,0.03,0.0,100,0.18182,0.0,,,-0.01,0.01202,-0.0012,8e-05,-0.0024,-0.01109,0.88535
1594,1632256,72.75376,71.81818,1.0,0.92,1.062678,-0.002759,0.014464,0.002281,0.333512,0.023682,0.979263,55.543282,24.171757,55.323845,25.459259,4.0,0.00013688,11,665,0.14385,0.22101,0.02,0.0,100,0.18182,1.0,,,-0.01,0.01419,-0.00072,0.00226,-0.00114,-0.01007,0.86577
1595,1633280,67.15402,109.8125,0.9375,0.92,1.032116,-0.004072,0.022605,0.00363,0.427471,0.049003,0.880686,66.001617,14.619555,66.860283,13.605652,4.0,0.00013677,16,640,0.12653,0.2031,0.02,0.0,100,0.125,1.0,,,-0.01,0.01631,-0.00079,0.00274,-0.00127,-0.01261,1.08341
1596,1634304,64.90647,72.0,0.9,0.93,0.988125,-0.001277,0.048427,0.001516,0.53207,0.010359,0.764358,66.425392,8.622504,64.229294,12.475771,4.0,0.00013667,10,659,0.12485,0.2122,0.02,0.0,100,0.1,0.0,,,-0.01,0.0172,-0.00012,0.00138,-0.00515,-0.0132,0.69886
1597,1635328,66.25643,84.16667,0.91667,0.93,0.958395,-0.002679,0.044768,0.002907,0.33682,0.035017,0.832441,64.370903,12.389513,63.698883,14.271462,4.0,0.00013657,12,659,0.12928,0.21103,0.02,0.0,100,0.25,0.0,,,-0.01,0.01711,-0.00047,0.00048,-0.00283,-0.01171,0.85557
1598,1636352,72.59366,71.30769,1.0,0.95,0.941512,-0.001762,0.003482,0.002016,0.227888,0.023612,0.990842,62.057503,18.455479,62.137585,19.515314,4.0,0.00013647,13,667,0.13534,0.2237,0.01,0.0,100,0.0,0.0,,,-0.01,0.01661,-0.00085,0.00185,0.00019,-0.01208,1.03732
1599,1637376,66.67218,102.07692,0.92308,0.95,1.004836,-0.001896,0.016248,0.003599,0.293788,0.047084,0.981426,60.811497,24.184389,60.092659,24.951645,4.0,0.00013636,13,672,0.13831,0.22252,0.02,0.0,100,0.0,0.0,,,-0.01,0.01635,-0.00077,0.00249,-0.00166,-0.01331,0.95571
1600,1638400,64.87649,77.8,0.9,0.95,1.067797,-0.002857,0.040724,0.003203,0.426835,0.03826,0.816279,65.672256,9.955757,63.914734,12.594606,4.0,0.00013626,10,648,0.14187,0.22371,0.02,0.0,100,0.1,0.0,,,-0.01,0.01645,-0.00076,0.00292,-0.00372,-0.01364,0.67488
1601,1639424,71.34477,100.4,1.0,0.95,1.104331,-0.002895,0.037375,0.002884,0.267564,0.029018,0.906318,58.365532,16.288939,58.463352,17.096956,4.0,0.00013616,10,662,0.14551,0.2331,0.02,0.0,100,0.1,0.0,,,-0.01,0.01483,-0.0011,0.0032,5e-05,-0.01461,0.77501
1602,1640448,72.77645,73.3,1.0,0.95,0.987794,-0.003115,0.015969,0.002515,0.391297,0.026193,0.980951,53.236366,24.88291,52.360054,26.342354,4.0,0.00013606,10,675,0.13852,0.22767,0.02,0.0,100,0.0,0.0,,,-0.01,0.01559,-0.00086,0.00105,-0.00121,-0.01214,0.80298
1603,1641472,65.59279,97.90909,0.90909,0.95,1.037502,-0.001433,0.045529,0.001789,0.30314,0.016323,0.958773,52.039616,28.155743,51.566772,28.707018,4.0,0.00013596,11,660,0.14792,0.24748,0.01,0.0,100,0.18182,0.0,,,-0.01,0.01512,-0.00115,0.00091,-0.00158,-0.01025,0.7651
1604,1642496,56.45769,128.3,0.8,0.93,1.028525,-0.00186,0.042506,0.001996,0.341964,0.01845,0.948716,51.306763,24.087418,50.301548,25.284594,4.0,0.00013585,10,691,0.14996,0.24558,0.02,0.0,100,0.2,1.0,,,-0.01,0.01375,-0.00109,0.00012,-0.00388,-0.01301,0.67306
1605,1643520,72.29964,83.08333,1.0,0.94,1.103956,-0.001884,0.04398,0.003137,0.267873,0.041539,0.897526,60.167366,16.780384,59.948322,17.903858,4.0,0.00013575,12,650,0.13388,0.23067,0.02,0.0,100,0.08333,1.0,,,-0.01,0.01602,-0.00101,0.00118,-0.00089,-0.00848,0.86711
1606,1644544,71.35541,100.08333,1.0,0.95,1.065889,-0.003169,0.09811,0.002918,0.388356,0.03826,0.495365,60.009033,16.125597,60.560535,13.210225,4.0,0.00013565,12,663,0.1465,0.24362,0.02,0.0,100,0.25,0.0,,,-0.01,0.01396,-0.00103,0.00283,-0.00435,-0.00919,0.91996
1607,1645568,66.41214,87.0,0.92308,0.94,0.953862,-0.002815,0.058115,0.002645,0.300237,0.02832,0.738799,60.49799,9.820523,60.299248,12.720776,4.0,0.00013555,13,664,0.13119,0.23131,0.02,0.0,100,0.15385,1.0,,,-0.01,0.01676,-0.00075,0.0027,-0.00497,-0.0104,0.93678
1608,1646592,72.3576,82.44444,1.0,0.94,0.875166,-0.002542,0.028855,0.002156,0.296372,0.027762,0.928554,54.430332,15.950748,55.29739,17.024986,4.0,0.00013544,9,714,0.15079,0.25494,0.02,0.0,100,0.11111,0.0,,,-0.01,0.0157,-0.00062,0.00225,-0.00201,-0.00632,0.83053
1609,1647616,72.62112,71.85714,1.0,0.96,0.797908,-0.002852,0.030767,0.002404,0.310216,0.027309,0.949817,52.283237,19.947014,51.499138,20.79154,4.0,0.00013534,7,731,0.14223,0.24054,0.01,0.0,100,0.14286,0.0,,,-0.01,0.01466,-0.00027,0.00276,-0.00415,-0.01156,0.68021
1610,1648640,66.47261,105.61538,0.92308,0.95,0.886975,-0.001896,0.027023,0.003153,0.32408,0.04555,0.965118,54.73251,23.563581,55.922459,24.752279,4.0,0.00013524,13,696,0.1307,0.22718,0.01,0.0,100,0.23077,0.0,,,-0.01,0.01483,-0.00083,-0.00023,5e-05,-0.00754,1.02342
1611,1649664,66.82543,106.38462,0.92308,0.94,1.13992,-0.002658,0.011341,0.002043,0.311492,0.018032,0.672856,68.655113,4.774379,68.153099,5.178977,4.0,0.00013514,13,646,0.15586,0.25165,0.02,0.0,100,0.07692,0.0,,,-0.01,0.0131,-0.00097,0.00027,-0.00087,-0.01366,0.85645
1612,1650688,71.15002,88.0,1.0,0.96,1.060266,-0.00192,0.012738,0.002263,0.304381,0.023926,0.708998,66.840492,6.881234,67.548744,5.827447,4.0,0.00013503,13,645,0.14249,0.23208,0.01,0.0,100,0.07692,1.0,,,-0.01,0.01473,-0.00065,0.00186,0.00033,-0.01725,0.94531
1613,1651712,72.29379,74.92857,1.0,0.97,1.067326,-0.002915,0.002,0.002033,0.294647,0.021345,0.709632,69.476036,2.356414,69.632057,2.260212,4.0,0.00013493,14,638,0.13616,0.23172,0.01,0.0,100,0.0,0.0,,,-0.01,0.0148,-0.00076,0.00144,0.0,-0.01402,0.99671
1614,1652736,72.36848,72.08333,1.0,0.97,1.07583,-0.00367,0.006369,0.00334,0.301981,0.040458,0.303859,69.386528,3.025736,69.269455,2.650124,4.0,0.00013483,12,642,0.14758,0.25158,0.01,0.0,100,0.08333,1.0,,,-0.01,0.01464,-0.00092,0.00227,-0.00081,-0.01399,0.85939
1615,1653760,72.37423,73.2,1.0,0.97,1.208978,-0.002964,0.007282,0.003269,0.368093,0.037946,0.833407,67.266365,4.956914,66.448784,5.924391,4.0,0.00013473,10,645,0.16662,0.26183,0.01,0.0,100,0.1,1.0,,,-0.01,0.01318,-0.00107,0.00328,-0.00082,-0.01529,0.71932
1616,1654784,70.95869,94.88889,1.0,0.98,1.071299,-0.002758,0.019295,0.003276,0.378963,0.0369,0.883886,62.855217,10.864568,61.85743,11.639614,4.0,0.00013462,9,660,0.14566,0.2451,0.01,0.0,100,0.33333,0.0,,,-0.01,0.0141,-0.0006,0.00303,-0.00385,-0.02067,0.67642
1617,1655808,65.79358,105.25,0.91667,0.97,1.155291,-0.002726,0.009969,0.00205,0.36312,0.016985,0.959016,60.346928,12.995221,59.542122,14.474112,4.0,0.00013452,12,650,0.1565,0.2523,0.02,0.0,100,0.0,1.0,,,-0.01,0.01277,-0.0008,0.00215,0.00024,-0.02061,0.80784
1618,1656832,63.51278,92.0,0.88889,0.96,1.113328,-0.001451,0.027561,0.002495,0.357041,0.024554,0.930005,58.936665,15.803158,57.437798,18.124424,4.0,0.00013442,9,659,0.1722,0.27162,0.02,0.0,100,0.22222,0.0,,,-0.01,0.01335,-0.0009,0.00195,-0.00212,-0.01313,0.60568
1619,1657856,65.86419,98.64286,0.92857,0.97,1.098823,-0.003686,0.013194,0.002754,0.295795,0.031424,0.937903,62.873314,11.598397,62.963573,12.882946,4.0,0.00013432,14,638,0.17168,0.27293,0.02,0.0,100,0.07143,0.0,,,-0.01,0.01401,-0.00131,0.00286,-0.00173,-0.01628,0.94351
1620,1658880,72.47259,75.44444,1.0,0.97,1.140721,-0.003395,0.005588,0.002937,0.333568,0.031669,0.988823,60.283989,20.035971,59.892132,21.093981,4.0,0.00013421,9,658,0.19312,0.29539,0.02,0.0,100,0.0,0.0,,,-0.01,0.01386,-0.00119,0.00235,0.00075,-0.0111,0.6718
1621,1659904,66.1169,105.33333,0.91667,0.96,1.147065,-0.003581,0.008851,0.003371,0.299226,0.037493,0.969532,62.279152,14.982069,62.183201,16.112667,4.0,0.00013411,12,646,0.17155,0.27235,0.03,0.0,100,0.08333,0.0,,,-0.01,0.01467,-0.00108,0.00285,-0.00117,-0.0111,0.79953
1622,1660928,67.41885,91.13333,0.93333,0.95,0.981166,-0.002362,0.014976,0.001889,0.239325,0.015102,0.962895,62.447727,16.900991,62.462288,18.144228,4.0,0.00013401,15,656,0.15456,0.25876,0.03,0.0,100,0.13333,0.0,,,-0.01,0.01583,-0.00077,0.00124,-0.00273,-0.01146,1.08357
1623,1661952,72.54619,68.45455,1.0,0.95,0.992945,-0.003229,0.013271,0.002443,0.336868,0.02131,0.849188,67.313881,6.784385,66.451271,7.919516,4.0,0.00013391,11,656,0.15861,0.25525,0.03,0.0,100,0.0,0.0,,,-0.01,0.01426,-0.00074,-0.00126,-0.00289,-0.01289,0.82686
1624,1662976,71.1597,87.23077,1.0,0.95,0.95097,-0.001387,0.045308,0.002186,0.274613,0.021484,0.672969,62.841789,10.654848,63.004475,10.37674,4.0,0.0001338,13,667,0.16764,0.26627,0.03,0.0,100,0.15385,0.0,,,-0.01,0.01189,-0.00071,0.00209,-0.00299,-0.0138,1.03936
1625,1664000,66.27821,83.07692,0.92308,0.95,0.989011,-0.001421,0.026914,0.003768,0.237988,0.052351,0.798999,65.96843,8.064767,66.396774,10.229774,4.0,0.0001337,13,654,0.15399,0.25167,0.02,0.0,100,0.15385,0.0,,,-0.01,0.01248,-0.00106,0.00328,-0.00061,-0.01426,0.88582
1626,1665024,72.24309,70.73333,1.0,0.97,1.019164,-0.002591,0.002251,0.001681,0.281736,0.017369,0.774331,68.773949,2.907622,69.360794,2.625453,4.0,0.0001336,15,640,0.16113,0.2546,0.01,0.0,100,0.0,0.0,,,-0.01,0.01351,-0.00084,0.00144,0.0,-0.0144,1.06995
1627,1666048,71.72573,80.90909,1.0,0.97,1.128448,-0.002202,0.009313,0.002343,0.308029,0.027169,0.688713,68.989182,4.098144,68.386192,4.637825,4.0,0.0001335,11,651,0.19856,0.29468,0.01,0.0,100,0.0,1.0,,,-0.01,0.01068,-0.00134,-0.00061,-0.00125,-0.01055,0.7878
1628,1667072,72.21525,75.58333,1.0,0.97,1.098034,-0.001547,0.022762,0.001824,0.255264,0.01716,0.716234,65.605873,8.683857,65.768318,8.282006,4.0,0.0001334,12,651,0.20673,0.29507,0.01,0.0,100,0.08333,0.0,,,-0.01,0.01109,-0.00142,0.00153,-0.00069,-0.0119,0.88073
1629,1668096,71.80496,73.0,1.0,0.98,1.136073,-0.00307,0.009906,0.002333,0.344139,0.021484,0.973066,62.363945,15.771791,61.598106,17.057243,4.0,0.00013329,12,649,0.21286,0.29993,0.0,0.0,100,0.08333,1.0,,,-0.01,0.01222,-0.00194,0.00111,-0.00124,-0.01089,0.86632
1630,1669120,61.79189,133.625,0.875,0.97,1.284244,-0.002745,0.021644,0.003549,0.397566,0.038574,0.960411,57.577496,19.809898,56.144951,20.35342,4.0,0.00013319,8,670,0.26935,0.35789,0.01,0.0,100,0.125,0.0,,,-0.01,0.00896,-0.00186,0.00321,-0.00077,-0.01441,0.5283
1631,1670144,71.92773,74.5,1.0,0.98,1.398474,-0.00333,0.015171,0.002546,0.708211,0.019287,0.97531,49.968533,18.644468,46.81348,19.725058,4.0,0.00013309,4,679,0.26643,0.34865,0.01,0.0,100,0.0,0.0,,,-0.01,0.00668,-0.00197,0.00255,-0.00083,-0.01609,0.30355
1632,1671168,47.7324,204.66667,0.66667,0.97,1.416851,-0.0032,0.011402,0.003584,0.64419,0.040737,0.989982,28.83824,26.613548,26.044037,27.557631,4.0,0.00013299,3,682,0.25984,0.33088,0.02,0.0,100,0.33333,0.0,,,-0.01,0.00762,-0.00199,0.00229,-2e-05,-0.01569,0.1528
1633,1672192,49.03305,184.71429,0.71429,0.95,1.369137,-0.003739,0.015923,0.003468,0.468231,0.034738,0.99047,30.119963,34.375721,28.615705,35.260445,4.0,0.00013288,7,651,0.21942,0.29472,0.04,0.0,100,0.0,0.0,,,-0.01,0.00731,-0.0014,0.00223,-0.00232,-0.01137,0.36747
1634,1673216,50.07835,173.90909,0.72727,0.92,1.099458,-0.003477,0.017359,0.002365,0.347942,0.023124,0.978174,50.519863,24.28266,49.966618,25.457005,4.0,0.00013278,11,664,0.1771,0.2626,0.07,0.0,100,0.18182,0.0,,,-0.01,0.01083,-0.0011,0.00255,-0.00127,-0.01139,0.60833
1635,1674240,71.78622,75.875,1.0,0.93,1.223216,-0.002255,0.02476,0.002943,0.433395,0.025949,0.970365,48.477993,24.247355,47.22366,25.631783,4.0,0.00013268,8,675,0.23662,0.32287,0.07,0.0,100,0.125,0.0,,,-0.01,0.00661,-0.00141,0.00083,-0.00067,-0.00959,0.61858
1636,1675264,59.9346,141.5,0.83333,0.92,1.3496,-0.003468,0.021981,0.004238,0.602053,0.052595,0.984387,35.180958,31.878374,33.125019,32.931652,4.0,0.00013258,6,673,0.25516,0.34307,0.08,0.0,100,0.16667,0.0,,,-0.01,0.00614,-0.00159,5e-05,0.0,-0.00634,0.3755
1637,1676288,60.82664,149.22222,0.88889,0.91,1.338025,-0.003423,0.075851,0.005127,0.359574,0.063686,0.94512,40.220856,34.027561,40.665154,33.985645,4.0,0.00013247,9,652,0.22555,0.31462,0.09,0.0,100,0.11111,1.0,,,-0.01,0.00768,-0.00143,-0.00127,-0.00125,-0.01183,0.5648
1638,1677312,65.15703,108.25,0.91667,0.9,1.272162,-0.003139,0.019099,0.003106,0.428768,0.03411,0.981539,50.851448,28.879118,51.599781,29.361649,4.0,0.00013237,12,650,0.2155,0.30754,0.1,0.0,100,0.0,0.0,,,-0.01,0.00827,-0.00115,-0.00025,-3e-05,-0.01126,0.7832
1639,1678336,65.90005,103.08333,0.91667,0.89,1.096435,-0.002679,0.02212,0.002934,0.340061,0.038016,0.947276,60.279499,17.189255,60.537437,17.810255,4.0,0.00013227,12,663,0.17818,0.26866,0.11,0.0,100,0.08333,0.0,,,-0.01,0.01261,-0.00095,0.00144,-0.00249,-0.01217,0.82449
1640,1679360,72.21039,73.6,1.0,0.89,1.073854,-0.002687,0.009006,0.001848,0.285305,0.020368,0.969265,61.088139,14.481357,61.097664,15.733084,4.0,0.00013217,10,664,0.18307,0.27423,0.11,0.0,100,0.0,1.0,,,-0.01,0.01112,-0.00103,0.0019,-0.0004,-0.01008,0.75325
1641,1680384,71.7451,81.33333,1.0,0.89,1.116005,-0.003939,0.022027,0.003035,0.340216,0.036516,0.96327,57.419163,21.183815,57.751106,21.691128,4.0,0.00013206,12,660,0.18048,0.27809,0.11,0.0,100,0.08333,0.0,,,-0.01,0.0105,-0.00097,0.00227,-0.00086,-0.01204,0.90997
1642,1681408,65.5,110.09091,0.90909,0.89,1.191171,-0.003441,0.014074,0.002875,0.412628,0.025112,0.97227,57.523479,20.67758,56.570808,21.797354,4.0,0.00013196,11,660,0.19738,0.29301,0.11,0.0,100,0.0,0.0,,,-0.01,0.01055,-0.00129,0.00134,-0.00123,-0.01613,0.75978
1643,1682432,71.43306,92.9,1.0,0.92,1.166816,-0.001662,0.040358,0.002692,0.277771,0.026297,0.940241,55.073387,23.315819,54.940956,23.702576,4.0,0.00013186,10,667,0.21874,0.3133,0.08,0.0,100,0.1,0.0,,,-0.01,0.00798,-0.00155,0.0008,-0.00059,-0.01712,0.7455
1644,1683456,62.67185,113.8,0.9,0.94,1.274404,-0.003355,0.0152,0.003217,0.397641,0.037493,0.980382,54.953709,23.978598,54.003498,24.787476,4.0,0.00013176,10,656,0.22537,0.3142,0.06,0.0,100,0.1,0.0,,,-0.01,0.00855,-0.00182,-0.00189,0.00027,-0.01623,0.64407
1645,1684480,71.82841,72.0,1.0,0.94,1.235148,-0.002862,0.018872,0.003049,0.379568,0.03139,0.977537,53.497673,25.629681,52.529095,27.210899,4.0,0.00013165,9,662,0.20331,0.28995,0.06,0.0,100,0.0,0.0,,,-0.01,0.00926,-0.00135,-0.00148,-0.00081,-0.01097,0.64575
1646,1685504,63.66556,112.45455,0.90909,0.95,1.210884,-0.002504,0.021178,0.002883,0.342505,0.040074,0.983391,51.667988,31.11484,51.137062,31.639952,4.0,0.00013155,11,654,0.2193,0.30383,0.05,0.0,100,0.09091,0.0,,,-0.01,0.01005,-0.00111,0.00123,-0.00098,-0.0144,0.72735
1647,1686528,66.72992,96.92857,0.92857,0.95,1.086543,-0.001168,0.008072,0.001357,0.272618,0.007289,0.988591,61.545937,23.650274,62.196697,23.942604,4.0,0.00013145,14,645,0.17931,0.26736,0.05,0.0,100,0.07143,0.0,,,-0.01,0.01139,-0.00108,0.00209,3e-05,-0.01232,0.93082
1648,1687552,71.98314,71.71429,1.0,0.96,0.976256,-0.003953,0.012149,0.003133,0.382661,0.039551,0.837465,67.309639,6.239442,66.489334,7.523406,4.0,0.00013135,14,670,0.16391,0.25339,0.04,0.0,100,0.0,0.0,,,-0.01,0.01164,-0.00108,-0.00284,-0.00292,-0.01273,1.0652
1649,1688576,64.7706,93.91667,0.91667,0.95,0.945834,-0.001281,0.047127,0.002256,0.203801,0.027727,0.830812,62.674217,13.20928,62.492313,14.559248,4.0,0.00013124,12,677,0.16778,0.25144,0.04,0.0,100,0.25,0.0,,,-0.01,0.01169,-0.00061,-0.00104,-0.00222,-0.01541,0.88983
1650,1689600,71.59628,79.45455,1.0,0.95,1.178289,-0.003815,0.007375,0.003644,0.337447,0.044015,0.699468,68.077499,3.706788,67.872787,4.254359,4.0,0.00013114,11,646,0.17104,0.26042,0.04,0.0,100,0.0,0.0,,,-0.01,0.00999,-0.00089,0.00263,-0.00036,-0.01375,0.78601
1651,1690624,72.06123,77.30769,1.0,0.96,1.113178,-0.00257,0.017843,0.002491,0.391808,0.026472,0.76213,66.433571,6.068908,65.336296,7.453431,4.0,0.00013104,13,649,0.1739,0.2593,0.03,0.0,100,0.0,0.0,,,-0.01,0.01247,-0.00074,0.00213,-0.00119,-0.01319,0.93693
1652,1691648,71.07051,101.16667,1.0,0.96,1.156508,-0.002881,0.059323,0.003189,0.485676,0.040946,0.672046,60.686523,13.925151,62.327389,12.103181,4.0,0.00013094,12,661,0.18314,0.26716,0.03,0.0,100,0.16667,0.0,,,-0.01,0.01067,-0.00119,0.0021,-9e-05,-0.01197,0.88572
1653,1692672,72.08992,76.54545,1.0,0.97,1.174544,-0.002562,0.00693,0.002694,0.371028,0.028564,0.720724,68.30938,3.470454,67.969093,4.220741,4.0,0.00013084,11,651,0.18345,0.26381,0.02,0.0,100,0.0,1.0,,,-0.01,0.01168,-0.00128,0.00297,-3e-05,-0.01045,0.78255
1654,1693696,71.91857,82.93333,1.0,0.98,1.123208,-0.002759,0.019719,0.003981,0.376561,0.05392,0.673814,66.334496,7.89748,66.860771,6.963306,4.0,0.00013073,15,643,0.16725,0.24441,0.01,0.0,100,0.0,0.0,,,-0.01,0.0126,-0.00102,0.0027,-0.00067,-0.01301,1.07192
1655,1694720,71.84116,76.61538,1.0,0.99,1.077949,-0.003051,0.009293,0.002759,0.25194,0.030273,0.679365,68.099564,4.283602,67.914124,4.636333,4.0,0.00013063,13,650,0.1619,0.24321,0.0,0.0,100,0.0,0.0,,,-0.01,0.0103,-0.00114,0.00289,-0.00295,-0.01574,0.95739
1656,1695744,63.09502,80.22222,0.88889,0.98,1.059852,-0.000727,0.053435,0.001555,0.327629,0.011021,0.590207,64.911011,6.388391,63.092705,9.972755,4.0,0.00013053,9,678,0.16891,0.24679,0.0,0.0,100,0.11111,0.0,,,-0.01,0.00941,-0.00118,-0.00024,-0.00328,-0.01289,0.63428
1657,1696768,70.94876,92.81818,1.0,0.99,0.944626,-0.001261,0.024159,0.001311,0.31397,0.003662,0.874892,61.342678,11.806075,62.283901,11.952856,4.0,0.00013043,11,679,0.14678,0.22895,0.0,0.0,100,0.0,0.0,,,-0.01,0.01091,-0.00082,0.00097,-0.00098,-0.01309,0.87969
1658,1697792,65.47577,93.25,0.91667,0.98,1.131152,-0.002024,0.023553,0.002431,0.268253,0.02689,0.865903,64.839821,9.450689,64.133362,11.978468,4.0,0.00013032,12,666,0.20243,0.27908,0.0,0.0,100,0.16667,0.0,,,-0.01,0.00981,-0.00135,0.00151,-0.00089,-0.01257,0.82778
1659,1698816,71.12074,87.4,1.0,0.98,1.176085,-0.003433,0.012064,0.003132,0.361589,0.036133,0.887954,65.092949,8.350328,64.614548,9.419927,4.0,0.00013022,10,657,0.17599,0.24929,0.0,0.0,100,0.0,0.0,,,-0.01,0.00988,-0.00111,0.0011,0.00037,-0.02359,0.72075
1660,1699840,71.1417,84.69231,1.0,0.98,1.119843,-0.003205,0.016142,0.002851,0.318316,0.03268,0.958243,61.099079,16.08617,61.127808,17.011627,4.0,0.00013012,13,645,0.1597,0.23025,0.0,0.0,100,0.0,0.0,,,-0.01,0.01087,-0.00091,0.00137,0.00093,-0.01622,0.94512
1661,1700864,70.73663,99.25,1.0,0.98,1.111053,-0.002219,0.046764,0.001927,0.335969,0.016985,0.867239,59.966373,19.499359,60.335751,17.493568,4.0,0.00013002,12,666,0.14032,0.21033,0.0,0.0,100,0.0,0.0,,,-0.01,0.01024,-0.00066,0.0028,-0.0008,-0.01439,0.88327
1662,1701888,70.98777,99.66667,1.0,0.98,1.117772,-0.003675,0.017073,0.003505,0.372309,0.041574,0.916516,61.363956,12.082911,61.463581,12.5162,4.0,0.00012991,9,672,0.15863,0.22768,0.0,0.0,100,0.0,0.0,,,-0.01,0.01242,-0.00116,0.00183,-0.00015,-0.00979,0.67133
1663,1702912,72.16361,73.33333,1.0,0.98,0.953841,-0.003095,0.002778,0.002863,0.310512,0.0369,0.989059,62.430759,14.0578,62.646049,14.552508,4.0,0.00012981,12,681,0.14101,0.20534,0.0,0.0,100,0.0,1.0,,,-0.01,0.01081,-0.00082,0.00322,-8e-05,-0.013,0.95694
1664,1703936,66.33831,102.5,0.91667,0.97,0.936989,-0.002024,0.007807,0.002377,0.274657,0.025705,0.972043,63.394085,13.74431,63.31665,14.239934,4.0,0.00012971,12,673,0.12225,0.18911,0.01,0.0,100,0.08333,1.0,,,-0.01,0.01383,-0.00062,0.00144,-0.00093,-0.01476,0.86043
1665,1704960,71.82428,77.66667,1.0,0.98,1.092677,-0.00195,0.011145,0.002705,0.27039,0.026158,-0.196636,67.664688,3.976378,68.38105,2.686489,4.0,0.00012961,15,645,0.15177,0.22386,0.01,0.0,100,0.13333,0.0,,,-0.01,0.01124,-0.00067,0.00231,-0.00074,-0.0123,1.07436
1666,1705984,71.84589,77.33333,1.0,0.99,1.070733,-0.002354,0.007596,0.002016,0.276024,0.019601,0.633895,68.073959,4.658842,68.644279,4.00861,4.0,0.0001295,12,655,0.13856,0.20442,0.01,0.0,100,0.08333,0.0,,,-0.01,0.01241,-0.00077,0.0031,-0.001,-0.01419,0.872
1667,1707008,72.27877,75.5,1.0,0.99,1.145696,-0.003247,0.000942,0.003164,0.292958,0.041434,0.83747,69.583305,2.370781,69.663345,2.142906,4.0,0.0001294,16,643,0.16141,0.2281,0.01,0.0,100,0.0,0.0,,,-0.01,0.01128,-0.00105,0.00248,0.0,-0.01293,1.1388
1668,1708032,72.36561,73.72727,1.0,0.99,1.081674,-0.001835,0.006345,0.001773,0.307174,0.011893,0.843432,68.503647,4.689356,67.975182,5.488992,4.0,0.0001293,11,657,0.16913,0.23489,0.01,0.0,100,0.0,0.0,,,-0.01,0.01189,-0.00093,0.00271,-0.00111,-0.01339,0.8064
1669,1709056,71.97585,70.2,1.0,0.99,1.093018,-0.002719,0.006516,0.002379,0.385374,0.025879,0.964659,64.081398,10.94416,62.953686,11.926232,4.0,0.0001292,10,670,0.18014,0.23853,0.01,0.0,100,0.0,0.0,,,-0.01,0.00966,-0.0014,0.00314,-0.00063,-0.01751,0.76963
1670,1710080,71.15648,85.18182,1.0,0.99,1.008172,-0.002635,0.015279,0.002665,0.33105,0.028599,0.957885,61.121895,15.826615,60.677727,16.17935,4.0,0.00012909,11,677,0.18044,0.23547,0.01,0.0,100,0.09091,0.0,,,-0.01,0.00961,-0.00122,0.00319,-0.00091,-0.01824,0.86609
1671,1711104,64.60588,118.72727,0.90909,0.98,1.06413,-0.002619,0.024039,0.002447,0.334934,0.026193,0.917699,59.97617,13.823282,59.291351,14.651113,4.0,0.00012899,11,681,0.1781,0.23096,0.02,0.0,100,0.18182,0.0,,,-0.01,0.0113,-0.00183,0.00327,-0.00378,-0.02052,0.79897
1672,1712128,65.47597,81.27273,0.90909,0.97,1.100281,-0.001506,0.018127,0.002509,0.27023,0.022391,0.942945,60.280193,14.370143,59.480747,17.080967,4.0,0.00012889,11,673,0.18247,0.24135,0.02,0.0,100,0.09091,0.0,,,-0.01,0.01061,-0.00138,0.00338,1e-05,-0.01666,0.76397
1673,1713152,63.87558,110.5,0.91667,0.97,1.144409,-0.002397,0.008879,0.0022,0.325476,0.022112,0.973783,62.336189,15.40617,62.182941,15.948736,4.0,0.00012879,12,651,0.17843,0.23433,0.02,0.0,100,0.0,0.0,,,-0.01,0.01094,-0.00173,0.00132,-0.00092,-0.01483,0.78882
1674,1714176,71.85677,79.33333,1.0,0.97,1.073398,-0.002239,0.029699,0.001838,0.3883,0.016148,0.864251,60.851017,12.351812,59.615383,13.084432,4.0,0.00012868,9,682,0.19214,0.25329,0.02,0.0,100,0.11111,0.0,,,-0.01,0.01174,-0.00134,0.0019,-0.00308,-0.01317,0.72606
1675,1715200,60.57921,101.14286,0.85714,0.95,0.980696,-0.001364,0.05872,0.001144,0.300652,0.00429,0.765477,61.277992,10.549914,60.459614,14.279181,4.0,0.00012858,14,670,0.17157,0.23873,0.02,0.0,100,0.21429,0.0,,,-0.01,0.01225,-0.0013,0.00301,-0.00459,-0.01099,0.94725
1676,1716224,66.17452,79.15385,0.92308,0.94,0.980153,-0.002894,0.034324,0.002561,0.271539,0.029018,0.846378,62.695801,10.908057,63.222694,13.309157,4.0,0.00012848,13,666,0.15663,0.22131,0.02,0.0,100,0.15385,0.0,,,-0.01,0.01252,-0.00099,0.0006,-0.00124,-0.01359,0.91115
1677,1717248,72.26635,69.38462,1.0,0.94,0.992233,-0.004565,0.009585,0.003522,0.281133,0.054374,0.849445,66.213318,6.026044,66.25312,6.921625,4.0,0.00012838,13,658,0.15558,0.21585,0.02,0.0,100,0.0,0.0,,,-0.01,0.01125,-0.00067,0.00315,-0.00104,-0.01529,0.96348
1678,1718272,71.6316,83.6,1.0,0.94,1.027946,-0.002158,0.039687,0.002667,0.305862,0.029576,0.897971,58.526253,17.114517,58.059498,17.148216,4.0,0.00012828,10,683,0.1564,0.20568,0.02,0.0,100,0.1,1.0,,,-0.01,0.01013,-0.00122,0.00182,-0.00051,-0.02901,0.7926
1679,1719296,61.90592,109.125,0.875,0.93,1.119434,-0.003787,0.012771,0.002782,0.463029,0.027937,0.965429,57.52702,16.624092,56.120789,18.861685,4.0,0.00012817,8,672,0.18246,0.22623,0.02,0.0,100,0.125,0.0,,,-0.01,0.00745,-0.00131,-0.00097,-0.00055,-0.02599,0.52313
1680,1720320,68.95982,113.77778,1.0,0.94,1.245546,-0.004503,0.042546,0.003981,0.357612,0.050991,0.921025,55.640297,20.959896,55.665974,20.874561,4.0,0.00012807,9,657,0.18066,0.23117,0.01,0.0,100,0.0,0.0,,,-0.01,0.0099,-0.00144,0.00078,0.00128,-0.02525,0.62936
1681,1721344,61.0509,124.90909,0.90909,0.94,1.203146,-0.002815,0.064293,0.002606,0.296653,0.027518,0.909617,50.705322,22.876963,50.494026,23.481791,4.0,0.00012797,11,657,0.17273,0.23051,0.02,0.0,100,0.18182,1.0,,,-0.01,0.01003,-0.00122,0.00035,-0.00291,-0.0203,0.74612
1682,1722368,72.42364,69.1,1.0,0.94,1.130912,-0.002572,0.011562,0.002632,0.298608,0.028948,0.967633,61.128307,16.117992,60.901131,16.809008,4.0,0.00012787,10,654,0.16189,0.21986,0.02,0.0,100,0.1,0.0,,,-0.01,0.01103,-0.00103,0.00285,-0.00052,-0.0157,0.71473
1683,1723392,63.74238,112.18182,0.90909,0.94,1.131283,-0.002626,0.023813,0.002828,0.347893,0.028355,0.909735,60.964008,13.587473,61.051308,14.419725,4.0,0.00012776,11,660,0.17448,0.23621,0.02,0.0,100,0.0,0.0,,,-0.01,0.01144,-0.00137,0.00277,-0.00048,-0.01378,0.72631
1684,1724416,71.6456,91.14286,1.0,0.95,1.126491,-0.00305,0.038527,0.003866,0.379426,0.054548,0.726083,62.885418,12.195665,63.873264,10.516706,4.0,0.00012766,14,647,0.17616,0.24209,0.02,0.0,100,0.07143,1.0,,,-0.01,0.01406,-0.00097,0.00248,-0.0009,-0.01575,0.99697
1685,1725440,71.72738,74.38462,1.0,0.97,1.04936,-0.002865,0.019877,0.00374,0.341036,0.052141,0.746649,66.030319,6.936577,65.925407,7.612368,4.0,0.00012756,13,666,0.18337,0.25169,0.02,0.0,100,0.0,0.0,,,-0.01,0.01146,-0.00132,0.00299,-0.00353,-0.01378,0.99412
1686,1726464,67.58623,73.66667,0.93333,0.96,1.04651,-0.000833,0.021136,0.001539,0.167219,0.01008,0.668921,66.860703,4.362261,67.382942,7.076353,4.0,0.00012746,15,652,0.16622,0.23392,0.02,0.0,100,0.06667,1.0,,,-0.01,0.01248,-0.00101,0.00261,-0.00027,-0.01076,1.01378
1687,1727488,72.30112,70.0,1.0,0.97,1.068269,-0.002393,0.002732,0.001998,0.318367,0.014788,0.757524,68.031212,3.158474,68.791595,2.759145,4.0,0.00012735,14,645,0.18527,0.25209,0.02,0.0,100,0.0,0.0,,,-0.01,0.0126,-0.00123,-0.00034,-1e-05,-0.01227,0.99896
1688,1728512,71.91386,73.35714,1.0,0.97,1.064122,-0.003928,0.002313,0.002667,0.319853,0.028251,0.688686,69.202316,2.485829,69.434319,2.355759,4.0,0.00012725,14,644,0.1748,0.24149,0.02,0.0,100,0.0,0.0,,,-0.01,0.01244,-0.00102,0.00241,0.0,-0.01762,0.99743
1689,1729536,72.02873,75.71429,1.0,0.98,1.073279,-0.003783,0.001464,0.002512,0.299514,0.025112,0.764392,69.566666,2.495017,69.787277,2.193309,4.0,0.00012715,14,642,0.17899,0.24972,0.01,0.0,100,0.0,0.0,,,-0.01,0.01163,-0.00122,0.00293,0.0,-0.01263,0.99635
1690,1730560,72.17223,71.08333,1.0,0.99,1.044249,-0.001801,0.008476,0.001888,0.222409,0.018101,0.027258,69.327591,3.308439,69.141998,2.680183,4.0,0.00012705,12,648,0.15427,0.21998,0.0,0.0,100,0.16667,0.0,,,-0.01,0.01197,-0.00084,0.00259,-0.00185,-0.01777,0.87065
1691,1731584,70.96503,90.30769,1.0,0.99,1.158826,-0.00321,0.011572,0.002613,0.325203,0.031808,0.673757,68.090828,4.163658,67.322693,4.981814,4.0,0.00012694,13,649,0.16807,0.23401,0.0,0.0,100,0.0,0.0,,,-0.01,0.01147,-0.00119,0.00301,-0.00271,-0.01562,0.93825
1692,1732608,65.76031,79.91667,0.91667,0.98,0.970617,-0.000298,0.035846,0.001575,0.285823,0.010254,0.800628,65.264221,8.699686,64.316849,11.846009,4.0,0.00012684,12,677,0.14982,0.21154,0.0,0.0,100,0.08333,0.0,,,-0.01,0.014,-0.00051,0.00333,-0.00322,-0.01532,0.89393
1693,1733632,66.12669,82.23077,0.92308,0.98,0.988656,-0.001102,0.013277,0.001306,0.24448,0.007603,0.917452,66.068016,9.45232,65.703194,12.060401,4.0,0.00012674,13,663,0.14222,0.19994,0.0,0.0,100,0.07692,0.0,,,-0.01,0.01317,-0.00063,0.0015,-0.00152,-0.01458,0.90391
1694,1734656,63.85839,74.22222,0.88889,0.97,1.038177,-0.001375,0.059469,0.001499,0.567557,0.015451,0.816367,62.084747,12.447419,59.181095,15.140668,4.0,0.00012664,9,681,0.17757,0.23761,0.0,0.0,100,0.22222,0.0,,,-0.01,0.01148,-0.00122,0.00356,-0.00795,-0.01229,0.64678
1695,1735680,52.84804,90.875,0.75,0.95,0.917489,-0.001587,0.083317,0.00111,0.624431,0.00858,0.882853,47.627178,21.178486,45.177528,23.010897,4.0,0.00012653,8,714,0.17067,0.23555,0.0,0.0,100,0.375,0.0,,,-0.01,0.01145,-0.00098,0.00265,-0.00636,-0.01613,0.54902
1696,1736704,64.08136,115.25,0.91667,0.94,1.04351,-0.002023,0.061663,0.002728,0.393976,0.029332,0.924272,48.370319,24.821283,49.394646,25.48641,4.0,0.00012643,12,678,0.16448,0.22101,0.01,0.0,100,0.16667,0.0,,,-0.01,0.01271,-0.00085,0.00291,-0.00223,-0.02048,0.89496
1697,1737728,66.55751,99.61538,0.92308,0.93,1.066546,-0.003281,0.004397,0.003176,0.370208,0.041504,0.986368,62.592628,14.016301,63.703522,14.406922,4.0,0.00012633,13,657,0.13565,0.18925,0.02,0.0,100,0.07692,0.0,,,-0.01,0.01241,-0.00066,0.00293,-3e-05,-0.01605,0.88651
1698,1738752,71.55463,82.23077,1.0,0.93,1.12896,-0.002686,0.007215,0.002824,0.3692,0.033657,0.778886,65.817032,4.202754,66.488396,4.730085,4.0,0.00012623,13,643,0.15771,0.21964,0.02,0.0,100,0.0,0.0,,,-0.01,0.01207,-0.00081,0.00191,-0.00075,-0.01595,0.93271
1699,1739776,72.19219,72.09091,1.0,0.93,1.081393,-0.002399,0.007788,0.002216,0.283081,0.024693,0.952988,63.774319,11.185384,63.981998,12.504294,4.0,0.00012612,11,660,0.17169,0.22764,0.02,0.0,100,0.0,1.0,,,-0.01,0.01364,-0.00112,0.00292,0.0002,-0.0152,0.82976
1700,1740800,72.50067,71.27273,1.0,0.93,0.930435,-0.002175,0.012687,0.001639,0.251876,0.012102,0.976346,58.289421,19.455824,58.092781,20.495953,4.0,0.00012602,11,683,0.14253,0.19958,0.02,0.0,100,0.0,0.0,,,-0.01,0.01485,-0.00062,0.00324,-0.00224,-0.01273,0.91384
1701,1741824,59.42912,117.33333,0.83333,0.92,0.955628,-0.002038,0.027966,0.002345,0.37185,0.027309,0.967331,55.720741,24.020409,54.378681,25.318361,4.0,0.00012592,12,683,0.14469,0.19895,0.03,0.0,100,0.16667,1.0,,,-0.01,0.01317,-0.00087,0.00294,-0.0043,-0.01626,0.85934
1702,1742848,64.54047,87.7,0.9,0.92,0.913991,-0.001816,0.068274,0.002408,0.42609,0.025112,0.881171,55.767796,19.652338,54.452293,20.944782,4.0,0.00012582,10,689,0.15337,0.20798,0.03,0.0,100,0.2,0.0,,,-0.01,0.01387,-0.00031,0.00308,-0.00619,-0.01375,0.78252
1703,1743872,59.84206,96.15385,0.84615,0.91,0.970345,-0.002158,0.027022,0.001716,0.312797,0.018276,0.907785,61.315327,13.411394,61.71759,15.535483,4.0,0.00012572,13,657,0.12808,0.18068,0.03,0.0,100,0.15385,0.0,,,-0.01,0.01162,-0.00055,0.00263,-0.00098,-0.01471,0.82117
1704,1744896,71.79426,77.0,1.0,0.93,0.961969,-0.001156,0.08497,0.000872,0.353733,0.003104,0.835609,56.425823,19.0226,55.816322,19.760414,4.0,0.00012561,12,674,0.14078,0.1942,0.03,0.0,100,0.08333,0.0,,,-0.01,0.01189,-0.00045,0.00211,-0.00407,-0.01312,0.97545
1705,1745920,64.63633,96.63636,0.90909,0.94,0.928881,-0.001696,0.045089,0.002205,0.298184,0.023472,0.914915,57.513271,20.009335,58.643902,19.699974,4.0,0.00012551,11,684,0.10639,0.15478,0.01,0.0,100,0.18182,0.0,,,-0.01,0.01237,-0.0008,-0.00192,-0.00011,-0.01818,0.78674
1706,1746944,71.5316,79.76923,1.0,0.94,1.103539,-0.002682,0.011802,0.003272,0.32554,0.037354,0.584504,66.038979,4.344237,66.426689,4.593431,4.0,0.00012541,13,646,0.11998,0.1649,0.01,0.0,100,0.0,0.0,,,-0.01,0.01193,-0.00068,0.00108,0.0,-0.01663,0.92347
1707,1747968,72.19286,72.16667,1.0,0.94,1.109607,-0.002726,0.007737,0.002906,0.343084,0.033308,0.939932,64.415085,9.53354,64.618965,10.949205,4.0,0.00012531,12,647,0.12235,0.17062,0.01,0.0,100,0.0,0.0,,,-0.01,0.0131,-0.00083,0.00242,0.0,-0.01819,0.8554
1708,1748992,71.88311,74.72727,1.0,0.94,1.112671,-0.001524,0.022536,0.001988,0.242095,0.022252,0.94714,60.786263,18.067024,60.63023,18.585777,4.0,0.0001252,11,646,0.12521,0.16327,0.01,0.0,100,0.0,0.0,,,-0.01,0.01271,-0.00059,0.00339,-0.00071,-0.01654,0.79428
1709,1750016,66.16835,104.46154,0.92308,0.94,1.08219,-0.003401,0.003026,0.003455,0.324326,0.050432,0.993607,61.308582,19.936602,61.618248,20.71969,4.0,0.0001251,13,643,0.11496,0.15806,0.02,0.0,100,0.0,0.0,,,-0.01,0.01463,-0.00066,0.0033,0.0,-0.01401,0.85404
1710,1751040,72.23166,73.0,1.0,0.96,1.086851,-0.002724,0.011757,0.002822,0.294725,0.030692,0.558198,68.313538,4.092913,68.516953,4.409584,4.0,0.000125,16,641,0.11957,0.16368,0.01,0.0,100,0.0,0.0,,,-0.01,0.01436,-0.00077,0.00253,-0.00091,-0.01474,1.14425
1711,1752064,66.42983,78.08333,0.91667,0.97,1.017455,-0.002494,0.013257,0.002665,0.385658,0.040179,0.961657,63.746513,15.557043,62.627583,17.524317,4.0,0.0001249,12,661,0.11436,0.1534,0.01,0.0,100,0.08333,1.0,,,-0.01,0.01444,-0.00052,0.00268,-0.00142,-0.01871,0.85598
1712,1753088,71.41124,84.72727,1.0,0.97,1.000748,-0.002544,0.038417,0.002684,0.309487,0.028983,0.733141,65.550941,8.913994,64.758102,10.206112,4.0,0.00012479,11,648,0.11832,0.16148,0.01,0.0,100,0.0,0.0,,,-0.01,0.01476,-0.00075,0.00161,-0.00291,-0.01228,0.80932
1713,1754112,71.56899,88.41667,1.0,0.98,0.852356,-0.002165,0.13137,0.002053,0.328083,0.025391,0.704462,54.010883,20.347027,54.909374,18.995216,4.0,0.00012469,12,704,0.12679,0.17376,0.01,0.0,100,0.25,1.0,,,-0.01,0.01509,-0.00081,0.00234,-0.00603,-0.01048,1.07458
1714,1755136,67.06548,78.0,0.92857,0.97,0.991022,-0.002111,0.043971,0.00262,0.328713,0.025844,0.753749,63.412781,10.082271,64.795464,11.321397,4.0,0.00012459,14,655,0.1134,0.15658,0.01,0.0,100,0.21429,0.0,,,-0.01,0.01516,-0.00072,0.00236,-0.00257,-0.01141,0.97309
1715,1756160,72.19159,74.5,1.0,0.97,1.103126,-0.001152,0.011486,0.000701,0.227257,0.002546,0.700129,67.262077,6.334112,67.528938,5.577057,4.0,0.00012449,12,652,0.12589,0.16123,0.01,0.0,100,0.0,0.0,,,-0.01,0.01147,-0.00073,0.00147,-0.00027,-0.01986,0.86929
1716,1757184,71.91844,74.08333,1.0,0.97,1.092472,-0.003019,0.021279,0.002437,0.320263,0.029925,0.745969,65.3936,7.733777,65.342979,8.668871,4.0,0.00012438,12,654,0.123,0.16272,0.01,0.0,100,0.16667,0.0,,,-0.01,0.01335,-0.00078,0.00144,-0.00255,-0.02001,0.86908
1717,1758208,72.43669,69.27273,1.0,0.98,1.192657,-0.004486,0.005962,0.004951,0.512322,0.074079,0.981732,61.081032,16.894985,60.257473,18.194559,4.0,0.00012428,11,652,0.12556,0.16448,0.0,0.0,100,0.0,0.0,,,-0.01,0.01177,-0.00089,0.00261,0.0,-0.01251,0.78516
1718,1759232,64.09421,110.36364,0.90909,0.97,1.046777,-0.002764,0.006079,0.002807,0.343868,0.033343,0.991115,58.016689,22.702841,57.496868,23.568495,4.0,0.00012418,11,667,0.11452,0.15598,0.01,0.0,100,0.0,0.0,,,-0.01,0.01163,-0.00048,0.00341,-0.00157,-0.01278,0.76047
1719,1760256,66.26291,103.38462,0.92308,0.96,0.995967,-0.001976,0.007578,0.002692,0.253289,0.028809,0.973411,65.013466,15.040912,65.273933,15.11285,4.0,0.00012408,13,660,0.10446,0.1513,0.02,0.0,100,0.07692,0.0,,,-0.01,0.01423,-0.00038,0.00201,-0.00055,-0.01741,0.90499
1720,1761280,71.81548,78.58333,1.0,0.97,0.965369,-0.002559,0.024375,0.003461,0.284216,0.041678,0.685647,66.201729,7.343426,65.658066,7.514884,4.0,0.00012397,12,669,0.0939,0.14152,0.02,0.0,100,0.08333,0.0,,,-0.01,0.01259,-0.0003,0.00067,-0.00193,-0.01416,0.90976
1721,1762304,71.75611,81.1,1.0,0.97,0.941205,-0.001399,0.014854,0.001652,0.24826,0.016776,0.9406,62.736748,12.92632,62.780952,13.684471,4.0,0.00012387,10,684,0.08635,0.12812,0.02,0.0,100,0.1,0.0,,,-0.01,0.0134,-0.00031,0.00306,-2e-05,-0.01347,0.79314
1722,1763328,65.46076,80.27273,0.90909,0.97,0.85739,-0.001842,0.023196,0.002116,0.373571,0.026751,0.953038,59.482281,18.887632,58.115559,20.836348,4.0,0.00012377,11,698,0.09194,0.13641,0.02,0.0,100,0.09091,0.0,,,-0.01,0.01529,-0.0003,0.00183,-0.00276,-0.01493,0.849
1723,1764352,66.50799,105.61538,0.92308,0.96,1.017967,-0.002326,0.006905,0.002963,0.428808,0.031564,0.979832,61.476765,17.72963,60.952427,18.670973,4.0,0.00012367,13,660,0.09316,0.13729,0.03,0.0,100,0.07692,0.0,,,-0.01,0.01173,-0.00027,0.00268,0.00021,-0.01536,0.90614
1724,1765376,72.44137,69.91667,1.0,0.96,1.105716,-0.002565,0.003418,0.001979,0.287819,0.016741,0.991962,62.406994,18.218735,62.335247,19.041504,4.0,0.00012356,12,644,0.09821,0.13644,0.03,0.0,100,0.0,0.0,,,-0.01,0.01368,-0.00046,0.00254,0.0,-0.01671,0.85628
1725,1766400,64.23194,118.6,0.9,0.95,1.076595,-0.00232,0.014055,0.002905,0.316264,0.028913,0.974447,61.754539,20.077112,61.471874,20.28908,4.0,0.00012346,10,651,0.09593,0.13312,0.04,0.0,100,0.0,0.0,,,-0.01,0.01342,-0.00045,0.00271,-0.00046,-0.01452,0.64495
1726,1767424,72.22188,71.5625,1.0,0.96,1.036421,-0.00137,0.025969,0.002727,0.248366,0.031215,0.257162,67.550438,5.897923,67.957291,5.265614,4.0,0.00012336,16,646,0.0939,0.1367,0.03,0.0,100,0.125,0.0,,,-0.01,0.015,-0.0005,0.00316,-0.00341,-0.01211,1.17057
1727,1768448,72.40485,77.85714,1.0,0.97,1.040572,-0.001243,0.026314,0.002135,0.276962,0.01852,0.300047,66.351723,7.611805,67.073868,5.83841,4.0,0.00012326,14,662,0.09517,0.13942,0.02,0.0,100,0.21429,1.0,,,-0.01,0.01295,-0.0002,0.00152,-0.00238,-0.01267,1.05937
1728,1769472,72.33066,70.4,1.0,0.97,1.104703,-0.003159,0.009021,0.002921,0.362484,0.034284,0.789579,66.772789,4.40689,66.153038,5.721623,4.0,0.00012316,10,660,0.09754,0.13396,0.02,0.0,100,0.0,0.0,,,-0.01,0.01236,-0.00037,0.00063,-0.00126,-0.02213,0.72187
1729,1770496,63.89805,92.3,0.9,0.96,0.984917,-0.001748,0.038897,0.00257,0.47993,0.024449,0.900947,58.438046,14.838286,56.57729,17.559893,4.0,0.00012305,10,690,0.10356,0.14459,0.02,0.0,100,0.3,0.0,,,-0.01,0.01237,-0.00025,0.00086,-0.00655,-0.0119,0.74795
1730,1771520,61.06829,127.88889,0.88889,0.95,1.107341,-0.002456,0.013898,0.002605,0.394821,0.026786,0.980201,56.692379,22.310623,55.982761,23.557386,4.0,0.00012295,9,671,0.1153,0.1592,0.03,0.0,100,0.11111,0.0,,,-0.01,0.01176,-0.00057,2e-05,9e-05,-0.01242,0.61017
1731,1772544,72.50159,76.83333,1.0,0.96,0.936901,-0.001748,0.029395,0.002418,0.243174,0.026402,0.944909,58.608063,19.385267,58.308876,19.927519,4.0,0.00012285,12,686,0.10125,0.14924,0.03,0.0,100,0.16667,0.0,,,-0.01,0.01508,-0.00044,0.00332,-0.00586,-0.00841,1.00898
1732,1773568,58.88204,116.0,0.81818,0.95,0.880189,-0.001197,0.030925,0.002289,0.355338,0.018729,0.958552,53.904942,23.209965,52.987518,25.013332,4.0,0.00012275,11,710,0.10059,0.14748,0.03,0.0,100,0.18182,0.0,,,-0.01,0.01226,0.0004,0.00325,-0.00296,-0.00985,0.82218
1733,1774592,67.14917,83.28571,0.92857,0.94,1.035486,-0.002776,0.013387,0.002091,0.27496,0.018485,0.918411,66.36834,10.07111,66.650108,11.194036,4.0,0.00012264,14,651,0.09727,0.13664,0.03,0.0,100,0.07143,0.0,,,-0.01,0.01399,-0.00055,0.00347,-0.00043,-0.01181,0.9514
1734,1775616,72.33705,73.33333,1.0,0.95,1.119819,-0.002464,0.005667,0.002116,0.284215,0.020438,0.734168,68.444908,3.359476,68.595535,3.887041,4.0,0.00012254,12,646,0.10369,0.15126,0.02,0.0,100,0.0,0.0,,,-0.01,0.01326,-0.00066,0.00081,-0.00067,-0.01261,0.85987
1735,1776640,72.275,77.15385,1.0,0.95,1.044113,-0.001349,0.019756,0.002234,0.22292,0.024902,0.585123,67.239708,6.587862,67.603996,6.067543,4.0,0.00012244,13,646,0.10036,0.15018,0.02,0.0,100,0.07692,0.0,,,-0.01,0.0143,-0.00033,0.00332,-0.00245,-0.01093,0.95979
1736,1777664,72.5458,74.92857,1.0,0.95,1.169013,-0.001284,0.017366,0.002693,0.248415,0.032401,0.320367,66.924309,5.910069,67.386002,4.64835,4.0,0.00012234,14,645,0.11987,0.1706,0.02,0.0,100,0.07143,1.0,,,-0.01,0.01283,-0.00067,0.00247,-0.00074,-0.00799,1.03558
1737,1778688,64.87957,75.6,0.9,0.94,1.170283,-0.002642,0.04549,0.002407,0.550069,0.026611,0.782912,64.091057,9.004621,62.041309,13.076368,4.0,0.00012223,10,646,0.11862,0.17007,0.02,0.0,100,0.1,1.0,,,-0.01,0.01249,-0.00043,0.00285,-0.00271,-0.01468,0.65345
1738,1779712,70.76784,111.25,1.0,0.95,1.064733,-0.003115,0.053288,0.002929,0.456156,0.030552,0.858394,59.475044,16.442072,58.383492,17.339016,4.0,0.00012213,8,668,0.11581,0.17021,0.02,0.0,100,0.25,0.0,,,-0.01,0.01276,-0.00057,0.00222,-0.00429,-0.01821,0.6134
1739,1780736,65.01377,81.36364,0.90909,0.95,1.009766,-0.001019,0.03221,0.001524,0.337123,0.012312,0.962851,51.868412,24.400942,50.733124,26.201012,4.0,0.00012203,11,688,0.11335,0.1602,0.01,0.0,100,0.18182,0.0,,,-0.01,0.01151,-0.00028,0.00296,-0.00161,-0.02346,0.83251
1740,1781760,62.28081,114.6,0.9,0.94,1.146016,-0.002324,0.006256,0.002327,0.308983,0.021868,0.993608,55.227016,26.243528,54.886169,26.916973,4.0,0.00012193,10,682,0.11735,0.16839,0.02,0.0,100,0.0,0.0,,,-0.01,0.01191,-0.00079,0.00178,-0.00031,-0.01271,0.70745
1741,1782784,65.85846,107.36364,0.90909,0.96,1.175399,-0.002332,0.01918,0.002278,0.367373,0.023298,0.928665,62.928963,13.022228,62.067959,14.388601,4.0,0.00012182,11,649,0.12014,0.17509,0.02,0.0,100,0.09091,0.0,,,-0.01,0.01412,-0.00025,0.00251,-0.0019,-0.00922,0.72704
1742,1783808,72.13256,82.83333,1.0,0.96,1.219493,-0.001839,0.041254,0.002959,0.33408,0.029297,0.923147,57.479832,20.266195,58.586151,20.565825,4.0,0.00012172,12,644,0.12752,0.18491,0.02,0.0,100,0.08333,0.0,,,-0.01,0.0118,-0.00046,0.00224,-0.00029,-0.01035,0.87329
1743,1784832,65.64008,113.25,0.91667,0.95,1.242492,-0.002736,0.025107,0.003535,0.376986,0.034424,0.95217,60.766254,18.889874,59.775043,19.580437,4.0,0.00012162,12,651,0.12334,0.18183,0.03,0.0,100,0.0,0.0,,,-0.01,0.01161,-0.00079,0.00244,0.00055,-0.01397,0.80787
1744,1785856,72.29041,75.7,1.0,0.95,1.150058,-0.002168,0.01972,0.002627,0.26756,0.019427,0.95882,60.434296,18.097485,60.738552,18.89588,4.0,0.00012152,10,654,0.13024,0.187,0.03,0.0,100,0.1,0.0,,,-0.01,0.01301,-0.00105,0.00273,-0.00031,-0.01027,0.74822
1745,1786880,72.13635,75.0,1.0,0.95,1.243425,-0.002773,0.03214,0.0032,0.497502,0.036098,0.957417,54.279179,23.448929,52.396942,23.94138,4.0,0.00012141,7,672,0.14407,0.20291,0.03,0.0,100,0.14286,0.0,,,-0.01,0.01262,-0.00138,0.00275,-0.00338,-0.01146,0.54172
1746,1787904,65.46825,112.63636,0.90909,0.94,1.241638,-0.001424,0.039971,0.002005,0.285029,0.013881,0.953045,47.11787,25.559868,46.722744,26.98778,4.0,0.00012131,11,659,0.12821,0.18759,0.04,0.0,100,0.27273,0.0,,,-0.01,0.01213,-0.00122,0.0027,-0.00237,-0.00992,0.75242
1747,1788928,63.94396,120.55556,0.88889,0.94,1.234745,-0.003836,0.016327,0.003724,0.356802,0.047433,0.988644,42.556831,32.048931,42.354595,32.996284,4.0,0.00012121,9,667,0.13107,0.18902,0.05,0.0,100,0.11111,0.0,,,-0.01,0.01052,-0.00068,0.00297,-0.00194,-0.00924,0.61806
1748,1789952,62.6035,124.875,0.875,0.93,1.013734,-0.001978,0.012689,0.002603,0.334876,0.031843,0.977917,56.715069,21.175024,56.219074,22.222982,4.0,0.00012111,8,691,0.11711,0.17534,0.06,0.0,100,0.0,0.0,,,-0.01,0.01328,-0.00066,0.00278,-5e-05,-0.01089,0.58333
1749,1790976,66.36052,100.61538,0.92308,0.93,0.988461,-0.002547,0.003296,0.00226,0.276595,0.018938,0.995741,53.677002,26.076742,53.960197,26.990728,4.0,0.000121,13,680,0.12744,0.19125,0.07,0.0,100,0.07692,0.0,,,-0.01,0.01404,-0.00126,0.00264,0.0,-0.01455,0.9907
1750,1792000,72.17053,77.54545,1.0,0.95,1.005966,-0.002309,0.025584,0.003128,0.318035,0.040702,0.969533,56.767029,24.059626,56.114918,24.697477,4.0,0.0001209,11,690,0.12638,0.19216,0.05,0.0,100,0.09091,0.0,,,-0.01,0.01365,-0.00085,0.0019,-0.00261,-0.01187,0.90842
1751,1793024,61.64223,107.85714,0.85714,0.93,1.083308,-0.003149,0.036468,0.003495,0.309361,0.041434,0.89972,62.522514,16.465664,62.320339,16.647398,4.0,0.0001208,14,653,0.135,0.20078,0.06,0.0,100,0.28571,0.0,,,-0.01,0.01306,-0.00108,0.00312,-0.00157,-0.01214,0.91358
1752,1794048,71.99544,74.66667,1.0,0.93,1.092138,-0.002852,0.01677,0.002414,0.379664,0.027727,0.945092,61.060486,14.185283,60.369225,15.928177,4.0,0.0001207,9,670,0.13132,0.19637,0.06,0.0,100,0.0,0.0,,,-0.01,0.01285,-0.00138,0.00333,-0.00064,-0.01225,0.69492
1753,1795072,72.51054,73.1,1.0,0.94,1.055691,-0.002589,0.00578,0.002512,0.305543,0.020752,0.993283,51.345306,28.025362,51.119709,29.367374,4.0,0.0001206,10,690,0.12518,0.18689,0.05,0.0,100,0.0,0.0,,,-0.01,0.01414,-0.001,0.00278,0.00037,-0.01105,0.81238
1754,1796096,65.72458,107.54545,0.90909,0.93,1.042267,-0.001595,0.024986,0.001796,0.238905,0.022879,0.983335,48.7677,33.066082,48.428493,33.491184,4.0,0.00012049,11,689,0.13174,0.20203,0.06,0.0,100,0.18182,0.0,,,-0.01,0.01339,-0.00112,0.00218,-0.00279,-0.01168,0.83474
1755,1797120,66.55419,104.30769,0.92308,0.93,1.084078,-0.00091,0.033434,0.002137,0.21655,0.016078,0.951111,59.651436,21.807804,59.528126,22.321962,4.0,0.00012039,13,665,0.12356,0.1832,0.06,0.0,100,0.15385,0.0,,,-0.01,0.01287,-0.00077,0.00157,-0.00116,-0.01141,0.93856
1756,1798144,62.12281,101.125,0.875,0.92,1.044493,-0.001394,0.09047,0.001702,0.564976,0.016323,0.778471,56.75256,16.143366,54.332638,17.533216,4.0,0.00012029,8,689,0.14373,0.2047,0.06,0.0,100,0.25,0.0,,,-0.01,0.01255,-0.00117,0.00289,-0.00783,-0.00845,0.59994
1757,1799168,71.46339,97.625,1.0,0.94,0.979814,-0.000656,0.075756,0.000541,0.221423,0.000419,0.910888,46.835197,25.343037,47.320686,25.764967,4.0,0.00012019,8,711,0.1473,0.20376,0.04,0.0,100,0.25,0.0,,,-0.01,0.01191,-0.00181,0.00204,-0.00225,-0.01075,0.73112
1758,1800192,56.79404,119.5,0.8,0.92,0.900135,-0.002423,0.039779,0.002002,0.307968,0.022426,0.962401,47.363148,27.5387,46.492512,29.102913,4.0,0.00012008,10,714,0.13516,0.19697,0.05,0.0,100,0.3,0.0,,,-0.01,0.01431,-0.00106,0.00277,-0.00393,-0.01169,0.7325
1759,1801216,66.6416,98.42857,0.92857,0.92,1.14608,-0.003231,0.013482,0.003314,0.440488,0.038295,0.954543,61.746307,14.795715,62.480267,14.692183,4.0,0.00011998,14,656,0.13634,0.19444,0.04,0.0,100,0.07143,0.0,,,-0.01,0.01107,-0.00094,0.00275,0.00013,-0.01387,0.95774
1760,1802240,71.94483,78.875,1.0,0.94,1.267731,-0.002022,0.013543,0.002412,0.436634,0.021659,0.928754,61.221272,11.394511,60.746777,13.342979,4.0,0.00011988,8,652,0.12932,0.18318,0.03,0.0,100,0.0,0.0,,,-0.01,0.01084,-0.00121,0.00212,0.0,-0.00711,0.56852
1761,1803264,71.67235,90.0,1.0,0.94,1.098299,-0.00275,0.042032,0.002452,0.533116,0.024658,-0.072261,64.641075,8.688907,65.997383,6.027134,4.0,0.00011978,16,638,0.11995,0.17533,0.03,0.0,100,0.0625,0.0,,,-0.01,0.01257,-0.00085,0.00095,-0.00091,-0.0136,1.14839
1762,1804288,72.21234,73.28571,1.0,0.94,1.136956,-0.002131,0.025355,0.002041,0.292457,0.016009,0.838469,65.19165,9.434346,65.24649,10.384512,4.0,0.00011967,14,652,0.13534,0.19459,0.03,0.0,100,0.07143,1.0,,,-0.01,0.01282,-0.00142,0.00233,-0.00287,-0.01234,1.05641
1763,1805312,72.12384,75.5,1.0,0.95,1.022489,-0.002249,0.005296,0.001516,0.262653,0.013288,0.984692,62.006023,16.373016,62.371143,17.403046,4.0,0.00011957,12,670,0.13735,0.18951,0.02,0.0,100,0.08333,0.0,,,-0.01,0.01311,-0.00127,0.00317,-0.00117,-0.01283,0.95884
1764,1806336,66.16673,91.0,0.91667,0.95,1.054637,-0.000775,0.014602,0.000983,0.25724,0.001988,0.92176,65.691017,11.696296,66.218727,12.22577,4.0,0.00011947,12,658,0.12489,0.18439,0.01,0.0,100,0.16667,0.0,,,-0.01,0.0154,-0.00117,0.00345,-0.0023,-0.01138,0.82474
1765,1807360,72.04188,78.08333,1.0,0.96,1.159798,-0.002314,0.012496,0.002505,0.290814,0.029436,0.689293,68.040298,5.311242,67.699165,5.49204,4.0,0.00011937,12,645,0.13472,0.19416,0.01,0.0,100,0.08333,1.0,,,-0.01,0.01126,-0.00146,0.00333,-0.00163,-0.01668,0.8801
1766,1808384,71.03197,88.3,1.0,0.97,1.063685,-0.002235,0.022736,0.003417,0.320453,0.046735,0.934402,62.613594,15.129628,62.171085,16.317034,4.0,0.00011926,10,667,0.11779,0.17925,0.01,0.0,100,0.1,0.0,,,-0.01,0.01312,-0.00082,0.0038,-0.00137,-0.01391,0.76593
1767,1809408,66.70251,98.07692,0.92308,0.98,1.037338,-0.003031,0.010575,0.002146,0.312693,0.017787,0.980872,59.927788,20.117088,59.349251,21.052126,4.0,0.00011916,13,683,0.14621,0.21414,0.0,0.0,100,0.07692,0.0,,,-0.01,0.01254,-0.00081,0.00334,0.00058,-0.00906,0.98924
1768,1810432,71.23206,98.7,1.0,0.98,1.13688,-0.002012,0.0316,0.002024,0.288031,0.012905,0.456959,66.277031,9.965849,66.440575,7.357908,4.0,0.00011906,10,656,0.13034,0.19183,0.0,0.0,100,0.1,0.0,,,-0.01,0.01229,-0.0008,0.00325,-0.00257,-0.01362,0.72859
1769,1811456,72.36791,76.90909,1.0,0.98,1.192102,-0.002043,0.014457,0.00232,0.255066,0.018834,0.848504,64.854378,7.792574,64.690506,8.522425,4.0,0.00011896,11,657,0.13693,0.19361,0.0,0.0,100,0.09091,0.0,,,-0.01,0.01278,-0.00141,0.00371,-0.00107,-0.01164,0.82574
1770,1812480,72.19463,75.88889,1.0,0.98,1.154974,-0.002928,0.012919,0.002463,0.415174,0.021345,0.965098,57.64975,17.001526,56.58062,18.73472,4.0,0.00011885,9,663,0.14408,0.20264,0.0,0.0,100,0.33333,0.0,,,-0.01,0.01219,-0.0015,0.00198,-0.00537,-0.01098,0.70368
1771,1813504,52.34197,85.75,0.75,0.96,0.947656,-0.00198,0.073269,0.002357,0.699521,0.02124,0.925292,48.242886,27.47706,45.04847,28.69611,4.0,0.00011875,8,697,0.14134,0.20553,0.0,0.0,100,0.25,0.0,,,-0.01,0.01273,-0.00152,0.002,-0.00663,-0.01261,0.53767
1772,1814528,59.03256,143.30769,0.84615,0.94,0.995034,-0.00191,0.033629,0.001844,0.301694,0.012835,0.900304,61.701881,14.610032,60.789959,16.437757,4.0,0.00011865,13,669,0.13112,0.19551,0.01,0.0,100,0.15385,0.0,,,-0.01,0.01326,-0.00123,0.00121,-0.0033,-0.01178,0.86467
1773,1815552,72.31809,83.14286,1.0,0.95,1.031821,-0.003253,0.009395,0.002674,0.364913,0.027448,0.980241,57.635952,18.39678,56.662422,19.320276,4.0,0.00011855,7,700,0.14515,0.19635,0.01,0.0,100,0.0,0.0,,,-0.01,0.01192,-0.00225,0.00325,-0.00069,-0.01108,0.60135
1774,1816576,64.33361,117.81818,0.90909,0.94,1.128236,-0.001106,0.056851,0.00216,0.387002,0.025426,0.882805,55.644081,21.02412,55.439964,20.459814,4.0,0.00011844,11,671,0.14367,0.19852,0.01,0.0,100,0.18182,0.0,,,-0.01,0.014,-0.00218,0.00363,-0.00025,-0.01455,0.77325
1775,1817600,72.34106,71.18182,1.0,0.94,1.242347,-0.004295,0.0073,0.003984,0.370135,0.0482,0.986503,56.32156,20.269707,56.041779,21.572983,4.0,0.00011834,11,640,0.12905,0.18094,0.01,0.0,100,0.0,0.0,,,-0.01,0.01319,-0.00176,0.00245,3e-05,-0.01484,0.78447
1776,1818624,55.52749,111.3,0.8,0.92,1.034026,-0.001914,0.041236,0.002828,0.325541,0.031215,0.954196,51.830872,25.343985,50.492458,26.618023,4.0,0.00011824,10,675,0.12056,0.18044,0.02,0.0,100,0.1,0.0,,,-0.01,0.01161,-0.00124,0.00251,-0.00366,-0.01888,0.64282
1777,1819648,66.10181,105.08333,0.91667,0.92,1.142852,-0.003504,0.021922,0.004088,0.349245,0.052211,0.911449,62.85622,12.737411,62.864292,14.005476,4.0,0.00011814,12,648,0.12672,0.18902,0.03,0.0,100,0.08333,1.0,,,-0.01,0.01134,-0.00143,0.00308,-0.00067,-0.01751,0.79883
1778,1820672,71.5148,76.9,1.0,0.92,1.159902,-0.003389,0.019637,0.00295,0.370708,0.035854,0.962281,59.369083,18.60762,58.583294,19.394026,4.0,0.00011804,10,649,0.12405,0.18628,0.03,0.0,100,0.0,0.0,,,-0.01,0.01068,-0.00088,0.0019,0.00059,-0.02211,0.71953
1779,1821696,63.34028,126.90909,0.90909,0.91,1.154887,-0.003655,0.046276,0.004894,0.373016,0.057547,0.947886,49.169544,24.898197,49.56847,25.516827,4.0,0.00011793,11,674,0.12841,0.19684,0.04,0.0,100,0.0,0.0,,,-0.01,0.01079,-0.00181,0.00336,-0.00064,-0.01325,0.77589
1780,1822720,65.33789,89.09091,0.90909,0.91,0.935833,-0.002524,0.00448,0.003346,0.330039,0.045271,0.987604,62.546139,16.891994,62.837132,17.988039,4.0,0.00011783,11,667,0.106,0.1725,0.04,0.0,100,0.09091,0.0,,,-0.01,0.0143,-0.00062,0.0032,-0.0003,-0.01625,0.76899
1781,1823744,72.47205,72.78571,1.0,0.94,1.063093,-0.003147,0.006738,0.001617,0.277095,0.014056,0.877676,66.712791,6.03773,66.603439,7.320363,4.0,0.00011773,14,643,0.10993,0.17467,0.03,0.0,100,0.0,0.0,,,-0.01,0.01281,-0.00042,0.00142,-3e-05,-0.01477,0.99769
1782,1824768,72.63219,70.54545,1.0,0.94,1.100855,-0.002722,0.025825,0.002831,0.330955,0.027972,0.945442,59.846733,18.157076,58.950031,19.505814,4.0,0.00011763,11,650,0.1167,0.17385,0.03,0.0,100,0.09091,0.0,,,-0.01,0.00985,-0.00036,0.00055,-0.00147,-0.01539,0.79761
1783,1825792,71.23709,85.72727,1.0,0.95,1.060925,-0.004088,0.066052,0.003238,0.303455,0.037772,0.934103,52.910603,27.009357,53.088078,27.347656,4.0,0.00011752,11,652,0.11207,0.17799,0.03,0.0,100,0.0,0.0,,,-0.01,0.01163,-0.00066,0.00074,-0.00095,-0.01503,0.80568
1784,1826816,63.74954,109.72727,0.90909,0.94,0.968686,-0.001983,0.036135,0.002014,0.31965,0.019043,0.967963,52.001617,27.515123,51.018993,28.446388,4.0,0.00011742,11,671,0.1095,0.17538,0.04,0.0,100,0.0,1.0,,,-0.01,0.01097,-0.00073,0.00227,-0.00256,-0.01538,0.78895
1785,1827840,66.46753,72.15385,0.92308,0.96,0.95908,-0.004069,0.017087,0.002843,0.279095,0.027553,0.976126,58.595448,22.290276,58.415245,23.266655,4.0,0.00011732,13,666,0.10985,0.17827,0.02,0.0,100,0.07692,0.0,,,-0.01,0.0111,-0.00065,0.00148,-0.00127,-0.01398,0.92958
1786,1828864,64.76874,110.5,0.9,0.95,0.904355,-0.002972,0.037331,0.002834,0.436474,0.03261,0.959696,52.649723,25.283995,51.022541,26.439186,4.0,0.00011722,10,689,0.11601,0.19208,0.03,0.0,100,0.1,0.0,,,-0.01,0.01135,-0.00082,0.00217,-0.00357,-0.01248,0.76521
1787,1829888,65.26148,83.27273,0.90909,0.94,0.900196,-0.00139,0.042789,0.003038,0.363028,0.032715,0.953327,51.652363,25.601284,52.69091,26.072819,4.0,0.00011711,11,685,0.11131,0.17903,0.03,0.0,100,0.18182,0.0,,,-0.01,0.01258,-0.00066,0.00243,-0.00122,-0.01325,0.82551
1788,1830912,64.98673,107.09091,0.90909,0.94,0.96838,-0.002683,0.064992,0.003382,0.356149,0.040841,0.92162,53.263653,25.35498,52.574829,25.534798,4.0,0.00011701,11,685,0.11495,0.18558,0.03,0.0,100,0.18182,0.0,,,-0.01,0.01048,-0.0005,0.00322,-0.0033,-0.01201,0.82006
1789,1831936,65.82985,80.83333,0.91667,0.94,1.037408,-0.001966,0.01257,0.001516,0.287952,0.014056,0.980107,56.158855,21.45175,56.012215,23.4305,4.0,0.00011691,12,660,0.12515,0.19385,0.03,0.0,100,0.08333,0.0,,,-0.01,0.00957,-0.00064,0.00289,-0.00113,-0.01289,0.82894
1790,1832960,71.69813,89.07143,1.0,0.94,1.000851,-0.002777,0.029892,0.001304,0.3287,0.005057,-1.284826,66.827507,5.958697,67.790138,3.157619,4.0,0.00011681,14,647,0.10826,0.1762,0.03,0.0,100,0.0,0.0,,,-0.01,0.01196,-0.00066,0.00179,0.0,-0.00993,0.99027
1791,1833984,72.21733,73.64286,1.0,0.94,1.030901,-0.002039,0.053551,0.001699,0.31339,0.010149,0.752087,64.164604,12.198532,63.717609,12.934309,4.0,0.0001167,14,657,0.10525,0.1736,0.03,0.0,100,0.07143,0.0,,,-0.01,0.01033,-0.00048,0.00284,-0.00297,-0.01377,1.05081
1792,1835008,72.06765,71.4,1.0,0.95,0.980894,-0.003211,0.037295,0.00276,0.373274,0.027204,0.938025,58.43055,19.893131,57.489067,20.638412,4.0,0.0001166,10,672,0.10618,0.16922,0.02,0.0,100,0.1,0.0,,,-0.01,0.01004,-0.00039,0.00339,-0.00172,-0.01197,0.78204
1793,1836032,65.50445,78.09091,0.90909,0.95,0.846942,-0.001821,0.026825,0.001418,0.300242,0.010638,0.968669,53.092293,24.581705,52.443691,26.229239,4.0,0.0001165,11,697,0.10034,0.16611,0.02,0.0,100,0.18182,0.0,,,-0.01,0.01187,-0.00049,0.00375,-0.00342,-0.01086,0.85558
1794,1837056,61.38141,102.92857,0.85714,0.94,0.957426,-0.002004,0.024642,0.002024,0.316458,0.021903,0.928759,60.375664,15.702884,60.396297,17.041666,4.0,0.0001164,14,665,0.10247,0.16881,0.02,0.0,100,0.14286,0.0,,,-0.01,0.00981,-0.00041,0.00186,-0.00068,-0.01742,0.90583
1795,1838080,71.8999,71.0625,1.0,0.95,0.993362,-0.003168,0.014706,0.003516,0.395457,0.047433,0.424165,66.574867,5.662165,67.872681,4.689918,4.0,0.00011629,16,650,0.09467,0.16208,0.02,0.0,100,0.0625,0.0,,,-0.01,0.01004,-0.00037,0.00224,-0.00159,-0.01256,1.14383
1796,1839104,72.54805,69.73333,1.0,0.96,0.951224,-0.001733,0.019409,0.001582,0.251444,0.016078,0.783321,66.289177,7.465087,66.670341,8.034498,4.0,0.00011619,15,657,0.09834,0.1657,0.01,0.0,100,0.06667,0.0,,,-0.01,0.00944,-0.00037,0.00266,-0.00163,-0.01086,1.11623
1797,1840128,72.08875,71.13333,1.0,0.97,0.947432,-0.000911,0.033747,0.002367,0.378179,0.024135,-0.387384,66.895981,7.636381,68.051071,4.919829,4.0,0.00011609,15,657,0.08761,0.14898,0.01,0.0,100,0.13333,0.0,,,-0.01,0.01066,-0.00037,0.00238,-0.00168,-0.01268,1.09952
1798,1841152,72.36107,69.85714,1.0,0.97,0.951491,-0.004856,0.000994,0.003832,0.417517,0.055838,0.90876,68.219765,2.516766,68.899323,2.492738,4.0,0.00011599,14,641,0.08915,0.14914,0.01,0.0,100,0.0,0.0,,,-0.01,0.00837,-0.00027,0.00151,0.0,-0.01161,0.99902
1799,1842176,72.43683,70.35714,1.0,0.97,0.924104,-0.005026,0.000877,0.004689,0.449224,0.070347,0.898327,68.760139,2.474986,69.283165,2.378919,4.0,0.00011588,14,651,0.08092,0.1416,0.01,0.0,100,0.0,0.0,,,-0.01,0.01259,-0.00033,0.00302,-1e-05,-0.01344,0.9988
1800,1843200,72.26584,69.53333,1.0,0.98,0.93754,-0.002953,0.001238,0.002535,0.285165,0.025879,0.8768,69.064873,2.66041,69.342033,2.665061,4.0,0.00011578,15,650,0.08256,0.14499,0.01,0.0,100,0.0,0.0,,,-0.01,0.01053,-0.00023,0.00299,-0.00115,-0.01285,1.08861
1801,1844224,72.06688,70.5,1.0,1.0,0.919731,-0.002982,0.002097,0.003374,0.28745,0.046108,0.74071,69.181541,2.633599,69.50502,2.420488,4.0,0.00011568,14,650,0.08021,0.14825,0.0,0.0,100,0.07143,0.0,,,-0.01,0.00906,-9e-05,-0.00132,-0.00074,-0.01545,1.01272
1802,1845248,72.01515,70.42857,1.0,1.0,0.985284,-0.002727,0.001453,0.002808,0.339293,0.035331,0.762442,69.634048,2.362916,69.735252,2.135115,4.0,0.00011558,14,648,0.0845,0.14924,0.0,0.0,100,0.0,0.0,,,-0.01,0.01,-0.00011,0.00011,-0.00038,-0.0107,1.00324
1803,1846272,72.08523,68.6,1.0,1.0,0.956224,-0.002501,0.021876,0.002619,0.443685,0.027902,0.886665,65.7733,10.620745,64.161995,12.399446,4.0,0.00011548,10,675,0.09085,0.1537,0.0,0.0,100,0.0,0.0,,,-0.01,0.00951,-0.00037,-0.00188,-0.00354,-0.01147,0.79619
1804,1847296,71.65267,74.6,1.0,1.0,0.84906,-0.001853,0.00681,0.002176,0.302982,0.024588,0.991629,55.351677,25.29125,54.487602,26.372499,4.0,0.00011537,10,709,0.10597,0.17538,0.0,0.0,100,0.2,0.0,,,-0.01,0.01043,-0.00031,0.00316,-0.00223,-0.01774,0.90144
1805,1848320,63.23975,114.0,0.88889,0.99,0.9694,-0.004436,0.005745,0.002983,0.384156,0.039621,0.992671,56.441174,27.362844,55.386269,27.47674,4.0,0.00011527,9,701,0.10745,0.1704,0.01,0.0,100,0.11111,0.0,,,-0.01,0.01014,-0.00079,0.00209,-0.00074,-0.01621,0.6737
1806,1849344,65.73601,102.25,0.91667,0.98,1.045446,-0.002886,0.011953,0.002977,0.386505,0.029122,0.9801,59.993469,21.740936,58.906403,22.673986,4.0,0.00011517,12,660,0.11609,0.1869,0.02,0.0,100,0.16667,0.0,,,-0.01,0.01006,-0.00054,0.00031,-0.00159,-0.01299,0.84911
1807,1850368,64.28063,108.1,0.9,0.97,1.063784,-0.00282,0.010951,0.002518,0.571303,0.024484,0.982703,58.562992,23.084394,56.583916,24.28578,4.0,0.00011507,10,665,0.11769,0.18371,0.03,0.0,100,0.0,0.0,,,-0.01,0.00968,-0.00075,0.00219,-0.00288,-0.01404,0.71001
1808,1851392,52.99643,133.625,0.75,0.95,0.997831,-0.002483,0.02237,0.002978,0.74745,0.036656,0.970486,54.505482,24.414381,51.713657,25.640656,4.0,0.00011496,8,684,0.13443,0.19377,0.03,0.0,100,0.25,0.0,,,-0.01,0.00952,-0.00374,0.00268,-0.004,-0.01248,0.50438
1809,1852416,72.33131,71.875,1.0,0.95,0.84037,-0.003619,0.014705,0.002823,0.500045,0.032401,0.986338,48.744171,26.84252,46.918369,27.556719,4.0,0.00011486,8,715,0.13831,0.20512,0.03,0.0,100,0.0,0.0,,,-0.01,0.01051,-0.00157,0.00231,-0.00448,-0.01134,0.76933
1810,1853440,57.84709,127.81818,0.81818,0.93,0.815726,-0.001632,0.027846,0.002163,0.339664,0.022252,0.976888,45.459553,30.240072,44.664387,31.214445,4.0,0.00011476,11,712,0.11791,0.19242,0.04,0.0,100,0.18182,0.0,,,-0.01,0.01075,-0.00051,0.00169,-0.00228,-0.01248,0.84114
1811,1854464,71.47745,76.4,1.0,0.93,0.909878,-0.002103,0.027534,0.002433,0.339692,0.021868,0.977436,48.173809,30.415867,47.990715,30.676598,4.0,0.00011466,10,700,0.12084,0.18752,0.04,0.0,100,0.0,0.0,,,-0.01,0.00938,-0.00177,0.00202,-0.00083,-0.01349,0.87414
1812,1855488,61.08146,126.78571,0.85714,0.91,0.947113,-0.002099,0.045711,0.002527,0.338634,0.030518,0.862399,60.631542,17.550171,61.410316,16.656752,4.0,0.00011455,14,660,0.10799,0.18636,0.05,0.0,100,0.21429,0.0,,,-0.01,0.0135,-0.00035,0.00191,-0.00212,-0.01675,0.92713
1813,1856512,71.98679,71.38462,1.0,0.91,1.014013,-0.002085,0.023664,0.002441,0.310268,0.027379,0.516041,65.025139,6.03428,65.544556,6.301571,4.0,0.00011445,13,645,0.10915,0.18202,0.05,0.0,100,0.07692,0.0,,,-0.01,0.01283,-0.00036,0.00309,-0.00309,-0.01746,0.96066
1814,1857536,65.68181,76.75,0.91667,0.91,1.058559,-0.001733,0.030568,0.002084,0.294304,0.016636,0.791112,63.962105,7.74261,63.278332,11.290454,4.0,0.00011435,12,660,0.13107,0.20404,0.04,0.0,100,0.16667,0.0,,,-0.01,0.00912,-0.00057,0.00018,-0.00155,-0.01692,0.83232
1815,1858560,72.37811,68.61538,1.0,0.92,1.100625,-0.002937,0.004517,0.002293,0.387578,0.026297,0.98107,61.91428,16.530603,62.030064,18.300314,4.0,0.00011425,13,640,0.12681,0.19922,0.03,0.0,100,0.0,0.0,,,-0.01,0.01099,-0.00065,0.00332,0.0,-0.01518,0.92819
1816,1859584,65.3529,101.83333,0.91667,0.92,1.089269,-0.00272,0.003,0.002258,0.31238,0.024588,0.995858,60.236668,23.858532,60.42065,24.620668,4.0,0.00011414,12,643,0.13086,0.2041,0.03,0.0,100,0.0,0.0,,,-0.01,0.01322,-0.0008,0.00266,-3e-05,-0.01396,0.78483
1817,1860608,65.96965,73.30769,0.92308,0.93,1.060793,-0.001416,0.034149,0.001141,0.440001,0.007638,0.851645,65.252464,10.274897,63.404881,13.801192,4.0,0.00011404,13,651,0.14054,0.21891,0.03,0.0,100,0.07692,1.0,,,-0.01,0.01184,-0.00091,0.0028,-0.00344,-0.01637,0.89329
1818,1861632,71.96624,74.7,1.0,0.95,1.211303,-0.003608,0.042358,0.003432,0.454659,0.043073,0.941271,55.917809,21.604504,54.466011,22.880951,4.0,0.00011394,10,643,0.16674,0.23974,0.02,0.0,100,0.0,0.0,,,-0.01,0.00794,-0.00152,0.00247,-0.0016,-0.01134,0.73487
1819,1862656,64.38505,110.7,0.9,0.94,0.981327,-0.001561,0.059149,0.001805,0.289484,0.019531,0.954018,40.816807,31.633554,40.338581,32.501797,4.0,0.00011384,10,688,0.15031,0.22751,0.03,0.0,100,0.3,0.0,,,-0.01,0.00942,-0.0006,0.00256,-0.00717,-0.01024,0.78165
1820,1863680,62.54672,99.125,0.875,0.95,0.966327,-0.002596,0.013397,0.002472,0.359009,0.026263,0.987148,52.669224,27.393873,52.413464,28.006626,4.0,0.00011373,8,683,0.1306,0.20662,0.02,0.0,100,0.125,0.0,,,-0.01,0.01106,-0.00019,0.00339,-0.00077,-0.01054,0.56077
1821,1864704,66.34437,103.0,0.92308,0.94,1.104874,-0.002943,0.018013,0.002364,0.370127,0.028425,0.969358,56.996418,20.860434,56.894146,22.404953,4.0,0.00011363,13,650,0.1437,0.22257,0.03,0.0,100,0.07692,0.0,,,-0.01,0.01045,-0.00078,0.0033,-0.00059,-0.0111,0.87856
1822,1865728,72.37055,73.7,1.0,0.94,0.858789,-0.001546,0.055498,0.001506,0.302787,0.009521,0.948359,50.706211,27.6875,50.114544,28.4884,4.0,0.00011353,10,696,0.12059,0.20243,0.03,0.0,100,0.1,0.0,,,-0.01,0.01284,-0.00081,0.00329,-0.0052,-0.01188,0.88723
1823,1866752,59.93211,109.16667,0.83333,0.93,0.92519,-0.003329,0.027093,0.001526,0.382855,0.01695,0.966086,55.188213,24.658503,54.718861,26.066431,4.0,0.00011343,12,674,0.13069,0.20741,0.04,0.0,100,0.16667,0.0,,,-0.01,0.01129,-0.00163,0.00302,-0.00198,-0.0098,0.80078
1824,1867776,66.00036,87.5,0.91667,0.92,1.053446,-0.002155,0.029018,0.00213,0.563127,0.018555,0.949575,55.034039,21.010263,53.758026,22.875639,4.0,0.00011332,12,665,0.13489,0.221,0.04,0.0,100,0.08333,1.0,,,-0.01,0.01047,-0.00061,0.00267,-0.00121,-0.0117,0.83405
1825,1868800,72.73017,68.54545,1.0,0.92,1.006062,-0.00154,0.018792,0.001948,0.33991,0.019287,0.984773,49.012245,31.334471,49.008186,32.610584,4.0,0.00011322,11,673,0.11437,0.18507,0.04,0.0,100,0.0,0.0,,,-0.01,0.01136,-0.00062,0.0031,-0.00165,-0.01388,0.85965
1826,1869824,64.06967,110.4,0.9,0.93,0.964038,-0.002989,0.020589,0.002127,0.30655,0.023368,0.989449,46.186001,37.977913,45.694633,38.483822,4.0,0.00011312,10,685,0.12159,0.19296,0.04,0.0,100,0.0,0.0,,,-0.01,0.01093,-0.00132,0.00291,-0.00159,-0.01288,0.72598
1827,1870848,67.03652,95.5,0.92857,0.92,0.917486,-0.001605,0.020661,0.003803,0.330665,0.051479,0.782314,66.146172,10.574858,67.23069,9.318142,4.0,0.00011302,14,657,0.10208,0.17864,0.05,0.0,100,0.14286,0.0,,,-0.01,0.01303,-0.00013,0.0022,-1e-05,-0.01269,0.94874
1828,1871872,72.11493,76.93333,1.0,0.94,1.009603,-0.002904,0.010209,0.003045,0.350773,0.042585,0.567773,68.147751,5.038529,68.604538,4.424679,4.0,0.00011292,15,648,0.11049,0.18443,0.04,0.0,100,0.0,0.0,,,-0.01,0.01256,-0.00038,0.00247,0.0,-0.01279,1.06693
1829,1872896,72.47664,69.57143,1.0,0.95,0.997795,-0.00226,0.004024,0.002079,0.312995,0.018345,0.633374,69.454933,2.581558,69.452576,2.835556,4.0,0.00011281,14,650,0.11161,0.18808,0.03,0.0,100,0.0,0.0,,,-0.01,0.0117,-4e-05,0.00189,-0.00107,-0.01371,1.00674
1830,1873920,72.36123,70.64286,1.0,0.95,1.053133,-0.003241,0.003907,0.003343,0.293117,0.04391,0.383399,69.988594,2.364159,69.77742,2.175621,4.0,0.00011271,14,648,0.12107,0.19432,0.03,0.0,100,0.07143,0.0,,,-0.01,0.01073,-0.00066,0.00361,-1e-05,-0.01708,1.00076
1831,1874944,71.68603,82.08333,1.0,0.97,1.090529,-0.002247,0.004305,0.003259,0.325881,0.038295,0.388001,69.438339,2.706401,69.39502,2.343916,4.0,0.00011261,12,649,0.12179,0.19057,0.02,0.0,100,0.0,0.0,,,-0.01,0.01107,-0.00057,0.0031,0.0,-0.01299,0.85153
1832,1875968,71.78126,79.15385,1.0,0.98,1.054162,-0.003232,0.005944,0.004184,0.323748,0.054304,0.33608,68.922173,2.952938,69.001167,2.674066,4.0,0.00011251,13,649,0.13074,0.20141,0.02,0.0,100,0.07692,0.0,,,-0.01,0.01159,-0.00047,0.00219,-0.00098,-0.01298,0.93587
1833,1876992,72.41769,70.46154,1.0,0.98,1.004321,-0.001693,0.004769,0.002464,0.366017,0.032401,0.857035,68.33876,4.136014,67.832314,4.987569,4.0,0.0001124,13,653,0.10818,0.18011,0.02,0.0,100,0.0,0.0,,,-0.01,0.01133,-0.00016,0.00248,-0.00124,-0.01209,0.96792
1834,1878016,72.30299,77.35714,1.0,1.0,1.051165,-0.001557,0.031827,0.003186,0.274725,0.038783,0.774942,65.27179,10.637543,65.067497,10.986188,4.0,0.0001123,14,655,0.12315,0.1936,0.0,0.0,100,0.07143,0.0,,,-0.01,0.01222,-0.00031,0.00272,-0.00104,-0.01409,1.04721
1835,1879040,71.96061,74.09091,1.0,1.0,1.072413,-0.003174,0.003751,0.002859,0.375212,0.036691,0.992934,61.969273,21.736441,61.342186,22.935671,4.0,0.0001122,11,661,0.13527,0.20385,0.0,0.0,100,0.0,0.0,,,-0.01,0.01069,-0.00131,0.00248,0.00041,-0.01127,0.81245
1836,1880064,71.23947,95.6,1.0,1.0,1.045674,-0.001774,0.063795,0.00109,0.364028,0.007778,0.115231,66.926247,13.375199,67.396683,8.182106,4.0,0.0001121,15,650,0.11743,0.18771,0.0,0.0,100,0.0,0.0,,,-0.01,0.0126,-0.00139,0.0012,-0.00067,-0.01201,1.0832
1837,1881088,72.62009,71.46154,1.0,1.0,1.046325,-0.00257,0.013636,0.002782,0.303175,0.028913,0.716949,68.021606,4.662731,67.604836,5.878811,4.0,0.00011199,13,654,0.11227,0.18925,0.0,0.0,100,0.07692,0.0,,,-0.01,0.01345,1e-05,0.00364,-0.00224,-0.01276,0.96509
1838,1882112,62.64497,86.625,0.875,0.99,1.188458,-0.001763,0.021503,0.001771,0.515854,0.015555,0.896774,63.47562,10.302597,61.104736,13.31413,4.0,0.00011189,8,671,0.14924,0.21828,0.0,0.0,100,0.125,0.0,,,-0.01,0.00939,-0.00131,0.00349,-0.00045,-0.01282,0.5385
1839,1883136,71.64665,81.0,1.0,0.99,1.140097,-0.003289,0.008553,0.002833,0.408154,0.027588,0.983693,57.224575,19.638359,56.55196,20.97184,4.0,0.00011179,9,659,0.12402,0.19705,0.0,0.0,100,0.0,0.0,,,-0.01,0.01044,-0.00058,0.00227,-0.00086,-0.0094,0.65589
1840,1884160,66.92227,100.07692,0.92308,0.98,1.024309,-0.00382,0.002299,0.004164,0.323693,0.047503,0.997201,53.18697,26.955114,53.256798,27.605837,4.0,0.00011169,13,661,0.11608,0.18619,0.01,0.0,100,0.07692,0.0,,,-0.01,0.01121,-0.00182,0.0023,-0.00058,-0.0091,0.93096
1841,1885184,67.17709,96.06667,0.93333,0.97,1.017521,-0.003657,0.006892,0.004013,0.320732,0.062919,0.909957,67.98439,7.565238,68.121666,7.543687,4.0,0.00011158,15,646,0.10429,0.18269,0.02,0.0,100,0.0,0.0,,,-0.01,0.01231,-0.00023,0.00113,-0.00093,-0.01332,1.00745
1842,1886208,71.86345,84.18182,1.0,0.97,1.022333,-0.002397,0.026955,0.001731,0.30783,0.010812,0.764107,65.781334,8.872817,65.406944,9.326063,4.0,0.00011148,11,655,0.11073,0.18417,0.02,0.0,100,0.0,0.0,,,-0.01,0.01255,-0.00061,0.0036,-0.00161,-0.01282,0.80174
1843,1887232,67.28966,77.33333,0.93333,0.96,0.954219,-0.001876,0.01113,0.001542,0.242261,0.010986,0.942234,65.942345,10.930245,65.553185,13.34092,4.0,0.00011138,15,658,0.10032,0.17165,0.02,0.0,100,0.06667,0.0,,,-0.01,0.01248,-0.00062,0.00122,-0.00196,-0.01282,1.04631
1844,1888256,72.39736,68.0,1.0,0.96,0.904358,-0.002343,0.018145,0.001594,0.39941,0.018171,0.939363,62.616085,14.162634,61.423191,16.035648,4.0,0.00011128,12,679,0.11025,0.18281,0.02,0.0,100,0.0,0.0,,,-0.01,0.01224,0.00032,0.00227,-0.00136,-0.012,0.96896
1845,1889280,66.7146,74.15385,0.92308,0.95,0.891198,-0.001563,0.006341,0.001518,0.261313,0.008545,0.989263,59.280342,21.178041,59.235893,22.295486,4.0,0.00011117,13,683,0.10972,0.17676,0.02,0.0,100,0.07692,0.0,,,-0.01,0.01337,-0.00039,0.00167,-0.00051,-0.01321,0.9689
1846,1890304,72.27416,73.16667,1.0,0.96,0.876491,-0.001335,0.027692,0.000477,0.295316,0.001535,0.954699,58.504948,23.20542,59.035278,23.24534,4.0,0.00011107,12,684,0.10293,0.17129,0.02,0.0,100,0.16667,1.0,,,-0.01,0.0126,0.00027,0.00287,-0.00217,-0.01237,0.97204
1847,1891328,67.09233,97.5,0.92857,0.95,0.970443,-0.003513,0.001256,0.002892,0.32353,0.031564,0.992123,67.064079,10.632748,67.617508,10.673163,4.0,0.00011097,14,655,0.0994,0.16345,0.03,0.0,100,0.07143,0.0,,,-0.01,0.01195,-0.00018,0.00291,0.0,-0.01524,0.94404
1848,1892352,72.39952,71.21429,1.0,0.97,1.015904,-0.001455,0.023299,0.003431,0.213372,0.039132,0.439238,67.3358,6.686134,67.589607,5.783328,4.0,0.00011087,14,658,0.09464,0.16183,0.01,0.0,100,0.07143,0.0,,,-0.01,0.01167,-7e-05,0.00314,-0.0019,-0.01368,1.03404
1849,1893376,71.79822,77.7,1.0,0.97,1.170765,-0.003281,0.012303,0.003033,0.400375,0.028355,0.839101,65.982491,6.790373,65.343781,8.302224,4.0,0.00011076,10,651,0.10662,0.17342,0.01,0.0,100,0.0,0.0,,,-0.01,0.01185,-0.00073,0.00355,-0.00081,-0.01556,0.71223
1850,1894400,70.57107,99.2,1.0,0.97,1.151338,-0.001523,0.043658,0.001791,0.335644,0.014195,0.898333,59.731243,18.991156,59.764839,18.666452,4.0,0.00011066,10,651,0.11696,0.17969,0.01,0.0,100,0.0,0.0,,,-0.01,0.01077,-0.00166,0.00363,0.00169,-0.01698,0.7146
1851,1895424,72.3986,72.0,1.0,0.98,1.107715,-0.001777,0.00847,0.001913,0.270198,0.014335,0.984938,61.729218,19.629984,61.655453,20.304768,4.0,0.00011056,15,654,0.12127,0.18377,0.01,0.0,100,0.06667,0.0,,,-0.01,0.0131,-0.00031,0.00316,-0.0006,-0.01294,1.09877
1852,1896448,65.02886,113.3,0.9,0.97,1.026021,-0.002706,0.008602,0.002423,0.284149,0.023786,0.976316,64.340416,16.087603,63.624912,16.519472,4.0,0.00011046,10,671,0.11645,0.18051,0.02,0.0,100,0.0,0.0,,,-0.01,0.01396,-0.00017,0.00329,-0.00235,-0.01164,0.68715
1853,1897472,65.44163,82.09091,0.90909,0.97,1.107299,-0.002277,0.021146,0.001725,0.415713,0.017997,0.846733,65.508751,8.570688,64.107933,10.356956,4.0,0.00011036,11,669,0.12884,0.19237,0.02,0.0,100,0.09091,0.0,,,-0.01,0.01162,-0.00021,0.00311,-0.00183,-0.01222,0.75365
1854,1898496,65.4808,93.0,0.90909,0.96,1.087304,-0.001675,0.013538,0.001771,0.31984,0.013323,0.977703,57.361423,20.907763,56.428993,22.911676,4.0,0.00011025,11,674,0.12079,0.18437,0.02,0.0,100,0.09091,0.0,,,-0.01,0.01283,-0.0007,0.00302,-0.00089,-0.01343,0.77177
1855,1899520,72.33394,79.3,1.0,0.97,1.090578,-0.003524,0.004208,0.002633,0.372679,0.023612,0.993742,60.604927,22.364534,60.258484,22.630848,4.0,0.00011015,10,658,0.11708,0.18151,0.01,0.0,100,0.0,1.0,,,-0.01,0.01192,-0.0003,0.00321,-0.00155,-0.01227,0.75958
1856,1900544,65.98239,102.84615,0.92308,0.96,1.002175,-0.001894,0.01358,0.002393,0.356776,0.026576,0.939232,64.842934,12.019975,64.046806,13.259923,4.0,0.00011005,13,658,0.09924,0.15881,0.02,0.0,100,0.07692,0.0,,,-0.01,0.01398,-0.0004,0.00189,-0.00178,-0.00931,0.91702
1857,1901568,65.66449,94.58333,0.91667,0.95,1.130826,-0.001716,0.010906,0.001823,0.311196,0.015102,0.956434,64.658699,12.961289,64.437523,14.321494,4.0,0.00010995,12,656,0.13189,0.1985,0.02,0.0,100,0.08333,0.0,,,-0.01,0.01135,-0.00084,0.00311,-0.00013,-0.01137,0.81861
1858,1902592,72.28884,82.3,1.0,0.95,1.17174,-0.002242,0.035811,0.002283,0.410126,0.015276,0.808219,63.533909,10.483637,62.541374,12.038814,4.0,0.00010984,10,653,0.12496,0.1955,0.02,0.0,100,0.1,0.0,,,-0.01,0.01224,-0.00202,0.00218,-0.00216,-0.01515,0.7247
1859,1903616,72.3846,78.84615,1.0,0.95,1.209245,-0.001935,0.015676,0.002629,0.301951,0.024902,0.971765,59.245399,20.202744,59.475861,21.131784,4.0,0.00010974,13,643,0.13377,0.20346,0.02,0.0,100,0.0,0.0,,,-0.01,0.01281,-0.00263,0.00296,-0.00025,-0.01233,0.93245
1860,1904640,62.15144,124.7,0.9,0.94,1.17381,-0.003229,0.021116,0.003741,0.322225,0.049247,0.97163,55.317257,23.776165,54.448284,25.067356,4.0,0.00010964,10,660,0.14523,0.2134,0.03,0.0,100,0.0,0.0,,,-0.01,0.01079,-0.00423,0.0028,-0.00179,-0.01599,0.67638
1861,1905664,71.88146,86.14286,1.0,0.95,1.078423,-0.001788,0.01707,0.001289,0.263807,0.011649,0.976437,57.615726,22.342041,57.067314,22.764849,4.0,0.00010954,7,680,0.14155,0.21108,0.02,0.0,100,0.0,0.0,,,-0.01,0.01098,-0.00102,0.00315,-3e-05,-0.0111,0.55159
1862,1906688,72.01146,86.66667,1.0,0.96,1.16406,-0.003197,0.008393,0.002511,0.449699,0.026576,0.990024,51.890545,28.114452,51.099922,29.060369,4.0,0.00010943,9,682,0.16889,0.24163,0.02,0.0,100,0.0,0.0,,,-0.01,0.01045,-0.00139,0.00304,-0.00028,-0.01133,0.70847
1863,1907712,64.17678,127.5,0.9,0.95,1.174306,-0.003567,0.012055,0.002405,0.36028,0.023228,0.987477,53.357342,28.319445,53.432281,28.678268,4.0,0.00010933,10,658,0.16628,0.24877,0.03,0.0,100,0.1,0.0,,,-0.01,0.01272,-0.00123,0.00296,0.0,-0.01066,0.66073
1864,1908736,65.2178,120.16667,0.91667,0.95,1.21422,-0.002848,0.021581,0.002679,0.331743,0.024519,0.941378,61.051155,16.708912,61.169167,16.802559,4.0,0.00010923,12,649,0.15576,0.23816,0.04,0.0,100,0.0,0.0,,,-0.01,0.01166,-0.00085,0.00348,-0.00037,-0.01022,0.78789
1865,1909760,71.90518,95.1,1.0,0.96,1.151913,-0.002444,0.00897,0.0018,0.34335,0.016532,-0.261926,65.821999,3.126589,66.537857,2.466292,4.0,0.00010913,10,649,0.13459,0.21607,0.03,0.0,100,0.0,0.0,,,-0.01,0.01356,-0.00051,0.00261,0.0,-0.00995,0.70665
1866,1910784,72.23147,81.28571,1.0,0.97,1.127113,-0.001923,0.011732,0.002457,0.299182,0.021903,0.667421,65.865051,3.981617,66.188423,5.053505,4.0,0.00010902,14,642,0.12443,0.20534,0.03,0.0,100,0.0,0.0,,,-0.01,0.01221,-0.0006,0.00262,-0.00054,-0.00951,1.0165
1867,1911808,71.4532,90.44444,1.0,0.97,1.084642,-0.001602,0.009852,0.001368,0.314988,0.004534,0.966538,60.925934,15.211788,60.638008,16.867939,4.0,0.00010892,9,674,0.1268,0.20336,0.03,0.0,100,0.0,0.0,,,-0.01,0.01048,-0.00056,0.00116,0.00044,-0.00986,0.69001
1868,1912832,72.50488,79.11111,1.0,0.97,0.986926,-0.002099,0.008818,0.001246,0.286086,0.008998,0.987202,56.800571,24.278652,56.208076,24.95331,4.0,0.00010882,9,705,0.11648,0.19176,0.03,0.0,100,0.0,0.0,,,-0.01,0.01425,-0.00074,0.00311,-0.0012,-0.00736,0.74368
1869,1913856,60.8159,165.71429,0.85714,0.96,1.166471,-0.002098,0.05289,0.00394,0.301299,0.046945,0.931651,53.66449,26.707918,53.24044,25.972862,4.0,0.00010872,7,695,0.13944,0.21518,0.04,0.0,100,0.28571,0.0,,,-0.01,0.00986,-0.00104,0.00143,0.00031,-0.00686,0.46863
1870,1914880,71.8003,97.54545,1.0,0.97,1.163897,-0.002909,0.03447,0.003395,0.420308,0.040841,0.916839,60.600155,15.892844,59.346287,17.5373,4.0,0.00010861,11,662,0.12691,0.19962,0.03,0.0,100,0.0,0.0,,,-0.01,0.01209,-0.00084,0.00052,-0.00114,-0.01013,0.80948
1871,1915904,64.35922,115.08333,0.91667,0.96,1.136539,-0.002065,0.063898,0.001845,0.376685,0.007638,0.903198,56.710957,23.863108,57.773808,22.75152,4.0,0.00010851,12,667,0.13403,0.20704,0.03,0.0,100,0.08333,0.0,,,-0.01,0.01108,-0.00089,0.00104,-0.00061,-0.0074,0.80479
1872,1916928,72.43873,77.58333,1.0,0.97,1.161984,-0.00265,0.009661,0.002321,0.332507,0.026263,0.190628,67.493904,3.094927,67.742805,2.996133,4.0,0.00010841,12,653,0.13658,0.20907,0.02,0.0,100,0.0,0.0,,,-0.01,0.01325,-0.00084,0.00229,-0.00067,-0.00998,0.85591
1873,1917952,72.93319,73.8,1.0,0.98,1.119906,-0.002813,0.017386,0.002669,0.476514,0.030831,0.937825,61.59045,13.520082,60.247059,15.662746,4.0,0.00010831,10,667,0.14666,0.21933,0.01,0.0,100,0.0,0.0,,,-0.01,0.01403,-0.00076,0.00347,-0.00119,-0.01033,0.75107
1874,1918976,72.38563,83.25,1.0,0.98,1.162561,-0.002357,0.016748,0.002462,0.420155,0.030343,0.980087,50.010559,24.438784,49.172234,25.291735,4.0,0.0001082,8,684,0.15181,0.22917,0.01,0.0,100,0.0,0.0,,,-0.01,0.01177,-0.00136,0.00341,0.00063,-0.00986,0.62301
1875,1920000,64.49388,130.0,0.90909,0.97,1.137476,-0.001653,0.044116,0.001755,0.405246,0.018206,0.954364,50.021729,27.441713,51.185982,27.30843,4.0,0.0001081,11,678,0.14093,0.21998,0.02,0.0,100,0.0,0.0,,,-0.01,0.01246,-0.0011,0.00246,0.0,-0.00671,0.77349
1876,1921024,65.93184,110.72727,0.90909,0.96,1.101737,-0.001907,0.01733,0.002312,0.306551,0.026123,0.955117,63.319431,16.13699,62.917236,16.584396,4.0,0.000108,11,670,0.12275,0.20135,0.03,0.0,100,0.09091,0.0,,,-0.01,0.01262,-0.00046,0.00236,-0.00136,-0.00947,0.74773
1877,1922048,72.17003,93.6,1.0,0.96,1.02215,-0.002727,0.057873,0.001932,0.301158,0.020194,0.855171,56.061611,17.116407,56.273952,17.485565,4.0,0.0001079,10,682,0.13084,0.20735,0.03,0.0,100,0.2,0.0,,,-0.01,0.015,-0.00093,0.00115,-0.00128,-0.00479,0.80146
1878,1923072,58.4951,105.72727,0.81818,0.94,0.930127,-0.001581,0.028609,0.001463,0.376075,0.011719,0.948948,56.445183,19.665567,55.277073,22.152262,4.0,0.0001078,11,696,0.11636,0.19049,0.03,0.0,100,0.18182,0.0,,,-0.01,0.01488,-0.00031,0.00225,-0.00498,-0.00634,0.75585
1879,1924096,66.63558,83.92308,0.92308,0.94,1.12047,-0.002565,0.025952,0.002101,0.303045,0.015625,0.885387,63.836079,11.031054,63.38501,13.30111,4.0,0.00010769,13,661,0.12824,0.20325,0.02,0.0,100,0.07692,1.0,,,-0.01,0.01314,-0.00028,0.00255,-0.00121,-0.00946,0.89092
1880,1925120,71.63343,101.0,1.0,0.95,1.139831,-0.001218,0.060175,0.002195,0.347773,0.020229,0.745374,61.492554,16.115965,62.756775,13.687701,4.0,0.00010759,8,666,0.12681,0.19722,0.02,0.0,100,0.125,0.0,,,-0.01,0.0118,-0.00113,0.00273,0.00075,-0.00707,0.59549
1881,1926144,71.86994,96.18182,1.0,0.95,1.264685,-0.001951,0.032502,0.003047,0.342775,0.034598,-0.284071,65.697273,6.529216,66.014046,4.730545,4.0,0.00010749,11,649,0.14332,0.21881,0.02,0.0,100,0.09091,0.0,,,-0.01,0.01295,-0.00074,0.00325,-0.00132,-0.00679,0.78727
1882,1927168,71.3422,102.5,1.0,0.95,1.285031,-0.002525,0.008253,0.002854,0.364095,0.030099,0.514728,65.857079,3.396324,65.953369,3.580474,4.0,0.00010739,10,645,0.15234,0.22266,0.02,0.0,100,0.0,0.0,,,-0.01,0.01194,-0.00189,0.00301,-1e-05,-0.01106,0.70296
1883,1928192,71.86708,90.5,1.0,0.95,1.256831,-0.001738,0.010493,0.001362,0.324975,0.005964,0.919159,63.324726,9.285043,63.008781,11.351288,4.0,0.00010728,10,651,0.14477,0.21716,0.02,0.0,100,0.0,0.0,,,-0.01,0.01051,-0.00078,0.00326,-0.00094,-0.00845,0.71495
1884,1929216,72.53033,76.66667,1.0,0.96,1.046947,-0.003774,0.002266,0.003341,0.462786,0.0384,0.995106,60.469696,19.000225,60.86338,19.645409,4.0,0.00010718,12,659,0.11778,0.18603,0.01,0.0,100,0.0,0.0,,,-0.01,0.0134,-0.00018,0.00264,0.0006,-0.01044,0.90197
1885,1930240,66.56658,104.46154,0.92308,0.96,1.001108,-0.001775,0.022036,0.002112,0.374812,0.010847,0.945405,60.914276,16.668505,59.70105,17.857662,4.0,0.00010708,13,665,0.12884,0.20076,0.01,0.0,100,0.0,0.0,,,-0.01,0.01409,-0.00032,0.00281,-0.00449,-0.0098,0.96542
1886,1931264,65.02048,96.72727,0.90909,0.95,0.976002,-0.001892,0.054384,0.0038,0.227969,0.051409,0.884281,58.080128,18.506517,58.160656,18.969322,4.0,0.00010698,11,681,0.14085,0.20949,0.01,0.0,100,0.18182,0.0,,,-0.01,0.01219,-0.00163,0.00308,-0.00066,-0.00926,0.82294
1887,1932288,72.39043,75.72727,1.0,0.97,1.023763,-0.002196,0.013031,0.004425,0.292427,0.054583,0.970731,60.884247,17.61215,61.179169,18.174667,4.0,0.00010687,11,678,0.13183,0.20093,0.01,0.0,100,0.09091,0.0,,,-0.01,0.01382,-0.00071,0.00363,-0.0009,-0.01079,0.87134
1888,1933312,72.03598,87.11111,1.0,0.98,1.136742,-0.002016,0.026465,0.002081,0.264901,0.015555,0.95328,58.649559,20.922688,58.278355,20.830076,4.0,0.00010677,9,681,0.16178,0.23546,0.01,0.0,100,0.11111,0.0,,,-0.01,0.01023,-0.0009,0.00304,-0.00042,-0.01075,0.71598
1889,1934336,65.43523,121.08333,0.91667,0.97,1.114784,-0.00203,0.033686,0.002617,0.277231,0.029611,0.891848,61.843407,16.200197,62.438881,15.769278,4.0,0.00010667,12,659,0.13353,0.19839,0.02,0.0,100,0.08333,0.0,,,-0.01,0.01455,-0.00099,0.003,-0.00087,-0.01405,0.81399
1890,1935360,72.3199,78.58333,1.0,0.97,1.259479,-0.003389,0.015824,0.002261,0.327218,0.020578,0.785011,66.532181,6.24889,66.064461,7.488091,4.0,0.00010657,12,646,0.13528,0.19657,0.02,0.0,100,0.0,0.0,,,-0.01,0.01253,-0.00109,0.00321,-0.00036,-0.01397,0.85349
1891,1936384,72.01002,89.5,1.0,0.97,1.147182,-0.001936,0.048552,0.002831,0.264548,0.026228,0.823412,59.284931,14.878457,59.271339,14.638861,4.0,0.00010646,8,661,0.13213,0.19938,0.02,0.0,100,0.25,1.0,,,-0.01,0.01242,-0.00125,0.0016,-0.00253,-0.00796,0.60204
1892,1937408,71.99152,85.9,1.0,0.97,1.174622,-0.002434,0.027102,0.001969,0.358856,0.014335,0.940309,55.966328,17.090178,54.57938,18.050808,4.0,0.00010636,10,664,0.15279,0.22895,0.02,0.0,100,0.0,0.0,,,-0.01,0.01322,-0.00163,0.00309,-0.00244,-0.009,0.78285
1893,1938432,63.58942,129.6,0.9,0.96,1.017736,-0.001603,0.032366,0.002435,0.306564,0.020194,0.916004,56.726284,17.046112,57.696739,16.950529,4.0,0.00010626,10,691,0.14341,0.21487,0.03,0.0,100,0.2,1.0,,,-0.01,0.0149,-0.00074,0.00363,0.00076,-0.01294,0.7361
1894,1939456,65.34101,103.33333,0.91667,0.96,1.050527,-0.001296,0.060526,0.001883,0.236242,0.019113,0.739071,60.571075,12.579091,60.726696,13.52285,4.0,0.00010616,12,670,0.1275,0.1971,0.02,0.0,100,0.16667,0.0,,,-0.01,0.01416,-0.00124,0.00336,-0.00364,-0.00963,0.86247
1895,1940480,64.80637,83.9,0.9,0.96,1.112075,-0.001932,0.033691,0.00132,0.386544,0.00708,0.837393,61.259396,9.818002,59.778107,13.364234,4.0,0.00010605,10,662,0.1337,0.20331,0.02,0.0,100,0.1,0.0,,,-0.01,0.01297,-0.00132,0.00342,-0.00402,-0.01664,0.70136
1896,1941504,65.17028,94.54545,0.90909,0.95,0.995903,-0.001573,0.058514,0.001988,0.254534,0.017962,0.879807,53.117046,17.139856,52.970654,18.800877,4.0,0.00010595,11,685,0.14107,0.20993,0.02,0.0,100,0.27273,0.0,,,-0.01,0.01225,-0.00148,0.00361,-0.00233,-0.01375,0.84535
1897,1942528,72.71938,73.8,1.0,0.95,0.880419,-0.002509,0.037643,0.002513,0.507776,0.031285,0.924962,46.761971,18.653519,44.854717,19.442616,4.0,0.00010585,5,745,0.15994,0.22916,0.02,0.0,100,0.2,0.0,,,-0.01,0.01397,-0.00101,0.00376,-0.00757,-0.01455,0.50784
1898,1943552,49.01172,161.42857,0.71429,0.93,0.837411,-0.001468,0.065771,0.001251,0.321367,0.007324,0.874493,40.454975,18.960184,39.460598,19.640051,4.0,0.00010575,7,746,0.15501,0.22456,0.03,0.0,100,0.42857,0.0,,,-0.01,0.01427,-0.00107,0.00352,-0.00794,-0.01098,0.51603
1899,1944576,52.22758,139.92308,0.76923,0.91,0.97874,-0.002068,0.089883,0.001698,0.437428,0.017543,0.831704,50.178902,18.369076,51.846592,20.112082,4.0,0.00010564,13,674,0.11289,0.17815,0.02,0.0,100,0.30769,0.0,,,-0.01,0.01327,-0.0004,0.00235,-0.00164,-0.01538,0.78744
1900,1945600,72.69602,73.3125,1.0,0.91,1.0424,-0.00371,0.007561,0.003904,0.475844,0.045794,0.795048,63.529297,4.966701,65.844269,4.736116,4.0,0.00010554,16,645,0.10575,0.17257,0.02,0.0,100,0.0,0.0,,,-0.01,0.0131,-0.00021,0.00242,0.0,-0.0104,1.13994
1901,1946624,72.60923,70.69231,1.0,0.91,0.980892,-0.001583,0.023854,0.001432,0.427047,0.010777,0.653879,63.307495,7.987837,65.504829,7.152256,4.0,0.00010544,13,656,0.10199,0.16607,0.02,0.0,100,0.07692,0.0,,,-0.01,0.01352,-7e-05,0.00273,-0.00139,-0.00971,0.95079
1902,1947648,72.61216,71.45455,1.0,0.92,0.999123,-0.003185,0.003865,0.002561,0.380534,0.022461,0.845662,65.916901,4.19523,67.319618,3.964402,4.0,0.00010534,11,654,0.09752,0.15513,0.01,0.0,100,0.0,0.0,,,-0.01,0.01266,-0.00027,0.00179,0.0,-0.01021,0.78437
1903,1948672,72.53958,72.92857,1.0,0.93,1.085945,-0.002946,0.004031,0.002762,0.384874,0.028948,0.651142,66.970421,3.824703,67.771683,3.377938,4.0,0.00010524,14,652,0.10603,0.1603,0.01,0.0,100,0.0,0.0,,,-0.01,0.0126,-0.00068,0.00109,0.0,-0.00994,0.99762
1904,1949696,72.34034,70.42857,1.0,0.94,1.068925,-0.003078,0.008658,0.003084,0.347508,0.025426,0.939297,64.248375,10.280806,64.046486,12.148562,4.0,0.00010513,14,651,0.10015,0.15269,0.01,0.0,100,0.0,1.0,,,-0.01,0.00994,-0.00034,0.0024,-0.00222,-0.01125,1.00564
1905,1950720,65.27179,109.81818,0.90909,0.94,0.94295,-0.000447,0.025171,0.002868,0.208196,0.035714,0.93635,60.784821,17.515465,61.21505,17.178894,4.0,0.00010503,11,687,0.09374,0.14408,0.02,0.0,100,0.18182,0.0,,,-0.01,0.01016,-6e-05,0.00312,-0.00161,-0.01047,0.82303
1906,1951744,71.96622,79.78571,1.0,0.98,1.051182,-0.002423,0.004528,0.002675,0.305791,0.029646,0.549938,68.88343,3.058047,69.088852,2.758876,4.0,0.00010493,14,648,0.08817,0.1377,0.01,0.0,100,0.0,0.0,,,-0.01,0.00999,2e-05,0.00329,0.0,-0.01422,0.9945
1907,1952768,72.29024,78.33333,1.0,0.99,0.97979,-0.002927,0.027422,0.002507,0.389071,0.030099,0.86634,62.903423,11.203043,61.487179,12.215659,4.0,0.00010483,9,683,0.09627,0.15101,0.01,0.0,100,0.11111,0.0,,,-0.01,0.01166,-0.00142,0.00242,-0.00357,-0.00843,0.72136
1908,1953792,65.74348,92.41667,0.91667,0.98,0.929701,-0.001665,0.021866,0.002189,0.239061,0.024135,0.944685,58.754971,15.598268,58.197598,17.70425,4.0,0.00010472,12,695,0.09812,0.1569,0.01,0.0,100,0.16667,0.0,,,-0.01,0.01159,-0.00057,0.00214,-0.00071,-0.00967,0.92023
1909,1954816,72.53895,72.5,1.0,0.98,0.979111,-0.003519,0.001502,0.002709,0.304522,0.036168,0.995379,63.176208,16.118879,63.39883,16.577417,4.0,0.00010462,12,675,0.0924,0.14393,0.01,0.0,100,0.0,0.0,,,-0.01,0.01094,-0.00021,0.00308,0.0,-0.01123,0.92106
1910,1955840,65.04888,110.4,0.9,0.97,1.095216,-0.001851,0.003704,0.0027,0.31419,0.023926,0.944541,68.126442,7.250727,67.693665,7.319959,4.0,0.00010452,10,654,0.09042,0.1362,0.02,0.0,100,0.0,0.0,,,-0.01,0.01186,-9e-05,0.00336,0.0,-0.01111,0.64755
1911,1956864,72.31774,83.33333,1.0,0.97,1.134206,-0.003221,0.015497,0.002617,0.575397,0.02703,0.922777,63.148144,11.499775,61.273663,13.324914,4.0,0.00010442,9,663,0.09227,0.14188,0.02,0.0,100,0.0,0.0,,,-0.01,0.01116,-0.00031,0.0037,-0.00045,-0.01177,0.65044
1912,1957888,70.64639,115.83333,1.0,0.97,1.094547,-0.001194,0.052677,0.001654,0.416206,0.013428,0.626313,62.526237,13.421731,63.432289,11.10786,4.0,0.00010431,12,660,0.08433,0.13746,0.02,0.0,100,0.08333,0.0,,,-0.01,0.01196,-3e-05,0.0035,0.00056,-0.01347,0.85602
1913,1958912,72.46254,69.92308,1.0,0.97,1.068613,-0.00329,0.006586,0.003638,0.391282,0.050781,0.97067,64.741478,11.198487,64.564903,11.854139,4.0,0.00010421,13,649,0.07631,0.13058,0.02,0.0,100,0.0,0.0,,,-0.01,0.01235,-8e-05,0.00374,0.0,-0.01369,0.92764
1914,1959936,70.99378,101.30769,1.0,0.98,1.041662,-0.001949,0.018113,0.002554,0.296042,0.023891,0.822604,65.444435,10.402927,65.925362,9.028461,4.0,0.00010411,13,652,0.07481,0.12525,0.01,0.0,100,0.0,0.0,,,-0.01,0.01179,-0.00042,0.00369,-0.0014,-0.01152,0.92337
1915,1960960,72.50062,75.46154,1.0,0.98,0.988378,-0.002496,0.008108,0.002797,0.286109,0.027658,0.521073,67.769882,4.407206,68.335228,3.700492,4.0,0.00010401,13,649,0.06203,0.10626,0.01,0.0,100,0.07692,0.0,,,-0.01,0.01446,-3e-05,0.00308,-0.00048,-0.01254,0.93719
1916,1961984,72.29106,73.9375,1.0,0.98,0.988892,-0.001566,0.013783,0.002822,0.221889,0.032366,0.522566,68.075752,5.421813,68.385635,4.751225,4.0,0.0001039,16,651,0.07131,0.12156,0.01,0.0,100,0.0625,0.0,,,-0.01,0.01275,0.00025,0.0022,-0.00163,-0.01413,1.16964
1917,1963008,72.53471,69.46154,1.0,0.99,0.961956,-0.001777,0.005935,0.002294,0.271974,0.024519,0.553583,68.865349,3.718348,69.250206,3.275837,4.0,0.0001038,13,657,0.06369,0.10309,0.01,0.0,100,0.07692,0.0,,,-0.01,0.01393,9e-05,0.00187,-0.00114,-0.01412,0.93923
1918,1964032,72.36238,74.15385,1.0,1.0,0.975474,-0.003103,0.001407,0.00291,0.301329,0.026123,0.805001,69.733772,2.631732,70.034645,2.340943,4.0,0.0001037,13,647,0.05943,0.0978,0.0,0.0,100,0.0,0.0,,,-0.01,0.0145,0.00036,0.0029,0.0,-0.01145,0.92585
1919,1965056,72.89333,72.46154,1.0,1.0,1.042899,-0.002301,0.009638,0.003009,0.326509,0.031773,0.763924,68.670464,5.286137,68.148331,5.743717,4.0,0.0001036,13,649,0.07457,0.12102,0.0,0.0,100,0.0,0.0,,,-0.01,0.01429,-0.0005,0.00273,-0.00186,-0.01252,0.95797
1920,1966080,71.41,91.0,1.0,1.0,0.899293,-0.001285,0.006977,0.000911,0.177477,0.007289,0.768641,68.402,5.687541,68.519768,4.897247,4.0,0.00010349,12,651,0.06096,0.09996,0.0,0.0,100,0.0,0.0,,,-0.01,0.01559,0.00017,0.00241,-0.00018,-0.01441,0.88445
1921,1967104,66.29111,78.16667,0.91667,0.99,1.05445,-0.001725,0.043124,0.001883,0.430105,0.011021,0.629921,67.628311,5.266754,65.678413,9.756312,4.0,0.00010339,12,654,0.07447,0.11857,0.0,0.0,100,0.08333,0.0,,,-0.01,0.0137,-7e-05,0.00233,-0.002,-0.01523,0.81926
1922,1968128,71.62536,84.75,1.0,0.99,0.942295,-0.001751,0.011631,0.001074,0.364269,0.003941,0.903365,65.773804,9.116172,65.774284,9.114748,4.0,0.00010329,12,672,0.07308,0.11754,0.0,0.0,100,0.0,0.0,,,-0.01,0.01316,-0.00072,0.00253,-0.00055,-0.01393,0.93789
1923,1969152,72.68815,68.3,1.0,0.99,0.942838,-0.002195,0.006997,0.002126,0.365613,0.021205,0.966367,62.860664,11.832039,62.05785,12.685986,4.0,0.00010319,10,686,0.07582,0.10726,0.0,0.0,100,0.0,0.0,,,-0.01,0.01293,-0.00184,0.00283,-0.0007,-0.01377,0.81702
1924,1970176,71.54899,86.64286,1.0,0.99,0.896629,-0.001977,0.023673,0.002708,0.322776,0.029611,0.892374,62.551643,13.065575,62.879742,12.856196,4.0,0.00010308,14,682,0.0771,0.11883,0.0,0.0,100,0.07143,0.0,,,-0.01,0.01448,-0.0,0.00208,-0.00195,-0.0108,1.1583
1925,1971200,67.55853,98.71429,0.92857,0.98,0.886235,-0.003083,0.008946,0.002826,0.271402,0.032506,0.945723,64.57859,10.34406,64.765007,10.886724,4.0,0.00010298,14,677,0.07944,0.12456,0.01,0.0,100,0.07143,1.0,,,-0.01,0.01358,0.00013,0.00265,-0.00015,-0.00991,1.0556
1926,1972224,72.38974,81.08333,1.0,0.98,0.944994,-0.001227,0.010012,0.00268,0.232196,0.031599,0.495948,67.954842,5.461105,68.787163,3.835699,4.0,0.00010288,12,657,0.07157,0.10995,0.01,0.0,100,0.08333,0.0,,,-0.01,0.015,0.00016,0.00223,0.00019,-0.01184,0.87763
1927,1973248,72.59981,74.15385,1.0,0.98,1.053147,-0.002453,0.00299,0.002268,0.287089,0.017543,0.759184,69.274391,2.704551,69.066612,3.078268,4.0,0.00010278,13,647,0.08426,0.11984,0.01,0.0,100,0.0,0.0,,,-0.01,0.01485,-0.00024,0.00294,0.0,-0.01123,0.92585
1928,1974272,72.1788,74.3,1.0,0.98,1.045289,-0.002599,0.005142,0.001695,0.322156,0.014718,0.936007,65.934334,7.511231,65.37516,8.479621,4.0,0.00010268,10,656,0.10476,0.14953,0.01,0.0,100,0.0,0.0,,,-0.01,0.01294,-0.00197,0.00277,-0.00151,-0.01596,0.75423
1929,1975296,72.17312,87.1,1.0,0.98,0.9589,-0.002328,0.017065,0.002124,0.363773,0.021833,0.876701,64.131081,9.476491,62.987286,9.989159,4.0,0.00010257,10,670,0.09169,0.13331,0.01,0.0,100,0.0,0.0,,,-0.01,0.0146,-0.00063,0.00377,-0.00113,-0.01107,0.79405
1930,1976320,57.36207,113.3,0.8,0.97,0.919177,-0.001262,0.035703,0.002614,0.325914,0.027379,0.863581,59.038521,11.754423,57.324493,14.006506,4.0,0.00010247,10,691,0.11279,0.16105,0.02,0.0,100,0.1,0.0,,,-0.01,0.01294,-0.00071,0.00375,0.00027,-0.01546,0.69083
1931,1977344,72.83411,71.875,1.0,0.97,0.960268,-0.002339,0.012638,0.002808,0.301928,0.031913,0.956432,57.143208,13.9758,56.584377,14.512094,4.0,0.00010237,8,696,0.11508,0.1665,0.02,0.0,100,0.125,0.0,,,-0.01,0.01283,-0.00123,0.00385,-0.00132,-0.01285,0.6848
1932,1978368,62.46326,156.2,0.9,0.96,1.109525,-0.0036,0.020021,0.003118,0.387704,0.040423,0.903693,59.570957,13.183225,59.192589,13.754288,4.0,0.00010227,10,670,0.14431,0.19362,0.03,0.0,100,0.1,0.0,,,-0.01,0.01206,-0.00382,0.00353,-0.00046,-0.02915,0.67297
1933,1979392,72.42061,71.33333,1.0,0.96,1.022399,-0.002293,0.015036,0.002337,0.360658,0.024588,0.944305,60.163624,12.995039,58.989845,13.6363,4.0,0.00010216,9,673,0.13422,0.18702,0.03,0.0,100,0.0,0.0,,,-0.01,0.01173,-0.00179,0.00304,-0.00374,-0.01221,0.73162
1934,1980416,56.485,151.72727,0.81818,0.95,0.935849,-0.001246,0.020139,0.001412,0.257575,0.011335,0.926713,57.203899,14.007985,57.441284,14.160888,4.0,0.00010206,11,710,0.13881,0.19494,0.04,0.0,100,0.09091,0.0,,,-0.01,0.01261,-0.00053,0.00331,0.00112,-0.00938,0.80927
1935,1981440,63.26818,95.0,0.88889,0.94,1.003448,-0.001577,0.087469,0.001352,0.443872,0.015625,0.635211,60.483616,11.025781,58.49905,12.997221,4.0,0.00010196,9,681,0.1242,0.17715,0.04,0.0,100,0.33333,0.0,,,-0.01,0.0142,-0.00051,0.00299,-0.00814,-0.00929,0.64728
1936,1982464,72.78364,69.88889,1.0,0.94,0.937549,-0.002109,0.027582,0.001035,0.293184,0.005476,0.858016,57.091518,11.618862,56.923992,12.112568,4.0,0.00010186,9,705,0.12912,0.18154,0.04,0.0,100,0.22222,1.0,,,-0.01,0.01414,-0.00147,0.00156,-0.00275,-0.01488,0.81534
1937,1983488,69.73239,126.125,1.0,0.94,0.990912,-0.00226,0.026104,0.002293,0.316809,0.026332,0.883246,54.045036,12.597855,54.540661,13.056724,4.0,0.00010175,8,706,0.1261,0.17702,0.04,0.0,100,0.125,0.0,,,-0.01,0.01065,-0.00143,0.00081,-0.00159,-0.01324,0.68587
1938,1984512,64.13016,123.30769,0.92308,0.93,0.92194,-0.001807,0.073203,0.002879,0.223559,0.029018,0.670432,58.2841,11.12513,58.754204,12.849148,4.0,0.00010165,13,664,0.1008,0.1505,0.04,0.0,100,0.15385,0.0,,,-0.01,0.014,-0.00012,0.00113,-0.00512,-0.01058,0.94165
1939,1985536,67.45304,72.73333,0.93333,0.92,0.985632,-0.001218,0.032441,0.00103,0.282994,0.005127,0.71482,64.393799,5.548065,64.724922,9.648126,4.0,0.00010155,15,640,0.10815,0.15851,0.04,0.0,100,0.06667,0.0,,,-0.01,0.01346,-0.00036,0.00216,-0.00191,-0.01318,1.02316
1940,1986560,72.46439,69.15385,1.0,0.94,0.997872,-0.002853,0.010507,0.002325,0.315836,0.019357,0.921435,63.167,9.681046,63.496372,10.718349,4.0,0.00010145,13,663,0.1089,0.16531,0.03,0.0,100,0.0,0.0,,,-0.01,0.01282,-0.00037,0.00298,-0.00128,-0.01548,1.00326
1941,1987584,72.35403,68.55556,1.0,0.95,0.950211,-0.00353,0.027969,0.002165,0.346568,0.020752,0.903142,57.557804,14.022075,56.630871,14.726758,4.0,0.00010134,9,695,0.12298,0.17207,0.02,0.0,100,0.0,0.0,,,-0.01,0.01376,-0.00252,0.00322,-0.0024,-0.02085,0.78244
1942,1988608,60.17179,122.0,0.85714,0.94,0.907866,-0.00083,0.044146,0.001306,0.249889,0.007952,0.881119,54.024677,14.836614,53.15728,16.569555,4.0,0.00010124,7,715,0.14986,0.19975,0.02,0.0,100,0.28571,0.0,,,-0.01,0.01239,-0.00621,0.00062,-0.00289,-0.01997,0.52935
1943,1989632,50.78836,136.91667,0.75,0.91,0.911146,-0.001425,0.058899,0.000647,0.337394,0.003034,0.8379,57.748871,13.300285,56.321255,16.562428,4.0,0.00010114,12,686,0.1186,0.16113,0.03,0.0,100,0.25,0.0,,,-0.01,0.01507,-0.00075,0.00164,-0.0036,-0.01864,0.7514
1944,1990656,72.48248,70.0,1.0,0.94,1.064671,-0.001734,0.049113,0.001989,0.288471,0.017787,0.754727,60.201687,10.922129,60.429829,12.126237,4.0,0.00010104,12,654,0.11872,0.16532,0.01,0.0,100,0.08333,0.0,,,-0.01,0.01452,-0.00077,0.00301,-0.00329,-0.01761,0.8854
1945,1991680,65.82443,87.14286,0.92857,0.93,1.113956,-0.002694,0.049741,0.0022,0.307553,0.021589,0.730611,62.458225,10.326424,62.731098,11.779043,4.0,0.00010093,14,657,0.12842,0.17698,0.01,0.0,100,0.07143,0.0,,,-0.01,0.01229,-0.00043,0.00343,-0.00132,-0.0134,0.96337
1946,1992704,71.09252,99.90909,1.0,0.93,1.19779,-0.003324,0.039408,0.003172,0.390935,0.041504,0.722292,59.663353,11.15808,60.394382,10.993581,4.0,0.00010083,11,656,0.14144,0.19329,0.01,0.0,100,0.0,0.0,,,-0.01,0.0113,-0.00213,0.00249,-0.0003,-0.01198,0.79928
1947,1993728,72.25677,70.36364,1.0,0.94,1.123557,-0.0021,0.015866,0.001488,0.302812,0.013079,0.876526,62.200462,8.743036,62.123318,9.884031,4.0,0.00010073,11,651,0.14175,0.18805,0.01,0.0,100,0.0,0.0,,,-0.01,0.01375,-0.0035,0.0031,-0.00146,-0.0155,0.80383
1948,1994752,72.12697,82.33333,1.0,0.95,1.028009,-0.001798,0.038494,0.002694,0.316249,0.033168,0.73164,58.994221,10.809977,59.636936,10.559645,4.0,0.00010063,9,675,0.13265,0.1868,0.01,0.0,100,0.22222,0.0,,,-0.01,0.0133,-0.00117,0.00322,-0.00198,-0.01454,0.71431
1949,1995776,64.87801,116.36364,0.90909,0.94,1.121997,-0.002267,0.02734,0.001716,0.262049,0.01566,0.791937,59.731243,10.169664,60.292168,10.074983,4.0,0.00010052,11,677,0.15076,0.20178,0.02,0.0,100,0.18182,0.0,,,-0.01,0.01355,-0.00097,0.00347,-0.00099,-0.01347,0.78136
1950,1996800,71.64244,86.5,1.0,0.95,1.089868,-0.002584,0.012035,0.002554,0.343792,0.032785,0.45421,66.094162,3.748244,66.684746,4.114758,4.0,0.00010042,14,653,0.12848,0.17859,0.02,0.0,100,0.0,0.0,,,-0.01,0.01356,-0.00057,0.00257,0.00032,-0.01281,0.99463
1951,1997824,72.23806,71.93333,1.0,0.97,1.125078,-0.002406,0.012117,0.001634,0.332871,0.016357,0.301196,66.958519,3.759591,67.753937,3.558589,4.0,0.00010032,15,639,0.15007,0.20671,0.01,0.0,100,0.0,0.0,,,-0.01,0.01258,-0.0008,0.00231,-0.00064,-0.01401,1.07206
1952,1998848,72.12221,80.16667,1.0,0.98,1.060124,-0.00175,0.014716,0.001416,0.314271,0.007743,0.825123,64.628983,7.712867,65.040062,7.852143,4.0,0.00010022,12,670,0.15403,0.21241,0.01,0.0,100,0.08333,0.0,,,-0.01,0.01406,-0.00101,0.00314,-0.00182,-0.01129,0.93355
1953,1999872,64.24748,93.8,0.9,0.97,1.202109,-0.001103,0.036694,0.001701,0.272651,0.010986,0.605378,66.614113,5.111608,65.625725,8.557712,4.0,0.00010012,10,654,0.18125,0.24257,0.01,0.0,100,0.1,0.0,,,-0.01,0.01212,-0.0013,0.00161,-0.00031,-0.01456,0.64552
1954,2000896,71.76476,83.92857,1.0,0.98,1.126543,-0.002637,0.00626,0.001838,0.338122,0.014265,0.264831,67.637901,3.057418,68.345818,2.504108,4.0,0.00010001,14,641,0.16253,0.22545,0.01,0.0,100,0.0,0.0,,,-0.01,0.01433,-0.00113,0.00336,0.0,-0.01311,0.99261
1955,2001920,72.63609,70.42857,1.0,0.98,1.068211,-0.001471,0.015738,0.001482,0.22868,0.01273,0.393987,67.203354,4.912038,67.547134,4.473511,4.0,9.991e-05,14,650,0.1515,0.21056,0.01,0.0,100,0.07143,1.0,,,-0.01,0.01389,-0.0007,0.00236,-0.00112,-0.01714,1.01649
1956,2002944,72.3295,74.76923,1.0,0.98,1.164212,-0.003593,0.004798,0.002817,0.336062,0.02975,0.904794,66.841133,6.052878,66.659203,7.516203,4.0,9.981e-05,13,650,0.16127,0.22028,0.01,0.0,100,0.0,0.0,,,-0.01,0.01251,-0.00083,0.00163,0.0,-0.02391,0.92559
1957,2003968,71.90409,76.9,1.0,0.99,1.099838,-0.002298,0.021042,0.002259,0.307542,0.021136,0.924431,62.075222,13.392727,61.27103,14.300048,4.0,9.971e-05,10,672,0.16553,0.22529,0.0,0.0,100,0.1,0.0,,,-0.01,0.01194,-0.00082,0.00126,-0.00236,-0.0232,0.76936
1958,2004992,65.94919,85.33333,0.91667,0.98,1.238319,-0.00091,0.020255,0.000921,0.222618,0.004708,0.930779,63.362549,13.607929,62.761555,15.397056,4.0,9.96e-05,12,655,0.18908,0.25569,0.0,0.0,100,0.08333,0.0,,,-0.01,0.01042,-0.00165,0.00279,0.00023,-0.0186,0.79078
1959,2006016,63.78536,101.61538,0.92308,0.97,1.100514,-0.003101,0.002571,0.003206,0.339424,0.040109,0.949152,68.43869,5.902765,68.729576,6.057827,4.0,9.95e-05,13,648,0.16574,0.22829,0.01,0.0,100,0.0,0.0,,,-0.01,0.01554,-0.00098,0.00302,-0.00039,-0.01215,0.85596
1960,2007040,66.61761,84.5,0.92857,0.96,0.978133,-0.001343,0.063578,0.001513,0.266626,0.013184,0.765654,62.874062,11.969721,62.179386,13.873084,4.0,9.94e-05,14,675,0.16379,0.23369,0.01,0.0,100,0.28571,1.0,,,-0.01,0.01195,-0.00059,0.00219,-0.00303,-0.01224,1.06407
1961,2008064,72.8416,70.0,1.0,0.97,1.100943,-0.00239,0.010868,0.001864,0.34157,0.024414,0.717917,68.497635,3.986439,68.211273,5.232594,4.0,9.93e-05,14,647,0.16827,0.23354,0.01,0.0,100,0.0,0.0,,,-0.01,0.01555,-0.00119,0.00333,-0.00135,-0.01052,1.01597
1962,2009088,64.23836,80.77778,0.88889,0.96,1.009818,-0.002226,0.024927,0.00211,0.432115,0.021798,0.91576,61.401337,12.447259,59.640388,15.377982,4.0,9.919e-05,9,684,0.16297,0.22458,0.01,0.0,100,0.11111,0.0,,,-0.01,0.0148,-0.00144,0.0036,-0.00072,-0.01178,0.65043
1963,2010112,72.56619,72.5,1.0,0.96,1.177109,-0.002565,0.007707,0.001934,0.40212,0.020543,0.980435,57.844074,16.587425,57.072849,17.014709,4.0,9.909e-05,8,676,0.16947,0.23182,0.01,0.0,100,0.0,0.0,,,-0.01,0.01153,-0.00136,0.00321,0.00029,-0.01227,0.61404
1964,2011136,71.05392,94.63636,1.0,0.96,1.201828,-0.00228,0.022142,0.002196,0.367606,0.024065,0.956865,53.872986,19.099621,54.315788,19.376848,4.0,9.899e-05,11,665,0.19141,0.25571,0.01,0.0,100,0.0,0.0,,,-0.01,0.00951,-0.0024,0.00284,-3e-05,-0.01318,0.83577
1965,2012160,60.61251,129.38462,0.84615,0.94,1.062962,-0.002524,0.002126,0.00166,0.327073,0.0143,0.985087,66.025711,10.237422,66.246391,10.442763,4.0,9.889e-05,13,656,0.14425,0.20092,0.03,0.0,100,0.07692,1.0,,,-0.01,0.01425,-0.00107,0.00277,0.0,-0.01565,0.80471
1966,2013184,72.42948,72.09091,1.0,0.95,1.17934,-0.003345,0.005485,0.004091,0.384676,0.040876,0.760165,67.830444,3.38926,67.330116,4.51301,4.0,9.878e-05,11,653,0.15444,0.21484,0.03,0.0,100,0.0,0.0,,,-0.01,0.01127,-0.00124,0.00343,0.0,-0.01526,0.78415
1967,2014208,72.4165,75.28571,1.0,0.96,1.130477,-0.002326,0.005509,0.002473,0.338121,0.029297,0.966579,64.827209,10.381701,64.970146,11.376286,4.0,9.868e-05,14,646,0.13867,0.20117,0.02,0.0,100,0.0,0.0,,,-0.01,0.01358,-0.0009,0.00323,-1e-05,-0.01156,0.99655
1968,2015232,72.51338,69.23077,1.0,0.96,1.072971,-0.002063,0.003094,0.001752,0.298947,0.014369,0.988386,63.201702,15.429419,63.212334,16.431974,4.0,9.858e-05,13,660,0.13326,0.19163,0.02,0.0,100,0.0,0.0,,,-0.01,0.0129,-0.00053,0.00292,-0.00149,-0.01235,0.96341
1969,2016256,65.92481,102.33333,0.91667,0.96,1.106428,-0.001571,0.019115,0.001773,0.287549,0.01423,0.918356,64.920883,13.222247,64.409691,13.358853,4.0,9.848e-05,12,662,0.15328,0.21322,0.03,0.0,100,0.08333,0.0,,,-0.01,0.01322,-0.00103,0.00346,-0.00103,-0.01268,0.82419
1970,2017280,72.59887,69.38462,1.0,0.96,0.984074,-0.001425,0.005686,0.000833,0.320046,0.005755,0.983792,63.39156,14.988105,63.256905,15.715693,4.0,9.837e-05,13,663,0.14057,0.20517,0.03,0.0,100,0.0,0.0,,,-0.01,0.01474,-0.00111,0.00298,-0.00097,-0.01193,0.99461
1971,2018304,72.60722,68.83333,1.0,0.97,0.961901,-0.002206,0.005459,0.002445,0.271833,0.030169,0.986136,62.671989,16.663464,62.655251,16.752407,4.0,9.827e-05,12,676,0.1331,0.19292,0.03,0.0,100,0.0,1.0,,,-0.01,0.01428,-0.00079,0.00281,0.00031,-0.01625,0.94928
1972,2019328,66.88672,104.78571,0.92857,0.97,0.994974,-0.001923,0.025872,0.00154,0.263,0.0128,0.831338,65.353859,10.488323,65.048302,10.529449,4.0,9.817e-05,14,660,0.14264,0.20581,0.03,0.0,100,0.14286,0.0,,,-0.01,0.0144,-0.00079,0.00354,-0.00112,-0.012,0.99148
1973,2020352,72.27016,74.46667,1.0,0.98,1.029643,-0.001463,0.017422,0.001876,0.292422,0.017508,-0.147272,67.323311,5.373725,68.048584,3.635384,4.0,9.807e-05,15,643,0.15149,0.21778,0.02,0.0,100,0.13333,0.0,,,-0.01,0.01472,-0.00073,0.00284,-0.00043,-0.01738,1.0891
1974,2021376,71.98558,72.07143,1.0,0.98,1.058208,-0.004064,0.001209,0.003645,0.435316,0.048375,0.844976,68.775192,2.304232,69.181267,2.338933,4.0,9.796e-05,14,644,0.15918,0.22545,0.02,0.0,100,0.0,0.0,,,-0.01,0.01287,-0.001,0.00254,0.0,-0.01562,0.99801
1975,2022400,72.42565,74.0,1.0,0.98,0.972079,-0.002337,0.014997,0.002647,0.334991,0.026158,0.878987,65.906952,8.018796,64.9636,9.448199,4.0,9.786e-05,10,668,0.15885,0.22214,0.02,0.0,100,0.1,0.0,,,-0.01,0.01352,-0.0006,0.00342,-0.00524,-0.01328,0.7881
1976,2023424,65.45306,80.81818,0.90909,0.97,1.037998,-0.002356,0.019453,0.002297,0.358214,0.02002,0.902014,63.185371,10.813917,62.209785,13.280333,4.0,9.776e-05,11,654,0.16446,0.22668,0.02,0.0,100,0.18182,0.0,,,-0.01,0.01335,-0.00112,0.00285,-0.00088,-0.01896,0.77512
1977,2024448,71.90688,90.72727,1.0,0.98,1.208052,-0.001192,0.032325,0.002136,0.333259,0.020682,0.89262,61.397999,15.501808,61.113544,15.287039,4.0,9.766e-05,11,651,0.19965,0.26318,0.01,0.0,100,0.09091,0.0,,,-0.01,0.01219,-0.00152,0.00355,-0.00105,-0.02257,0.80278
1978,2025472,65.49362,98.15385,0.92308,0.97,1.191826,-0.001817,0.007153,0.001801,0.29209,0.011649,0.984267,59.596565,17.85639,59.129658,18.715,4.0,9.756e-05,13,640,0.20028,0.26503,0.02,0.0,100,0.07692,1.0,,,-0.01,0.01345,-0.00211,0.00292,-0.00078,-0.01936,0.85886
1979,2026496,72.50093,70.33333,1.0,0.97,1.120889,-0.002989,0.001679,0.003329,0.376405,0.037877,0.994472,64.314957,15.578442,64.183151,15.996683,4.0,9.745e-05,12,638,0.1709,0.23549,0.02,0.0,100,0.0,0.0,,,-0.01,0.01406,-0.00131,0.00176,0.0,-0.01615,0.85612
1980,2027520,65.41151,96.76923,0.92308,0.97,0.995953,-0.00322,0.00386,0.003315,0.270543,0.036203,0.962122,68.630539,8.545816,68.559624,8.636728,4.0,9.735e-05,13,637,0.15332,0.21633,0.02,0.0,100,0.07692,0.0,,,-0.01,0.01449,-0.00122,0.00219,-0.00115,-0.01383,0.86041
1981,2028544,72.45975,70.66667,1.0,0.97,0.995825,-0.00203,0.006315,0.001753,0.28948,0.014439,0.291014,69.460777,3.084035,69.568626,2.654082,4.0,9.725e-05,15,636,0.1565,0.22415,0.02,0.0,100,0.06667,0.0,,,-0.01,0.01577,-0.00117,0.00156,-0.00071,-0.01345,1.08329
1982,2029568,72.15894,69.5625,1.0,0.97,1.03091,-0.002942,0.003539,0.004011,0.29939,0.050991,0.739239,69.589241,2.839397,69.426765,3.108903,4.0,9.715e-05,16,631,0.15868,0.22773,0.02,0.0,100,0.0,0.0,,,-0.01,0.014,-0.00112,0.0018,-0.00074,-0.0188,1.14637
1983,2030592,72.31801,67.4,1.0,0.97,0.985374,-0.002097,0.019021,0.00255,0.488221,0.025426,0.901118,63.617226,11.05873,61.832642,12.46508,4.0,9.704e-05,10,670,0.15542,0.22415,0.02,0.0,100,0.2,1.0,,,-0.01,0.01347,-0.00133,0.00381,-0.00251,-0.02978,0.80718
1984,2031616,72.37691,76.27273,1.0,0.98,1.092755,-0.001277,0.022329,0.00223,0.261416,0.030762,0.952264,59.36187,18.321583,59.111233,19.134802,4.0,9.694e-05,11,656,0.1551,0.22435,0.02,0.0,100,0.09091,1.0,,,-0.01,0.01394,-0.00139,0.00311,-0.0002,-0.02202,0.80904
1985,2032640,72.57584,68.66667,1.0,0.98,1.0156,-0.001681,0.010426,0.001413,0.258391,0.012137,0.982413,57.648907,20.946539,57.454185,21.24898,4.0,9.684e-05,12,659,0.13762,0.20985,0.02,0.0,100,0.08333,0.0,,,-0.01,0.01444,-0.00097,0.00346,-0.00176,-0.01656,0.91077
1986,2033664,58.61226,129.38462,0.84615,0.97,1.000365,-0.002653,0.004516,0.001655,0.24523,0.014614,0.969557,66.512489,11.465703,66.684669,11.342955,4.0,9.674e-05,13,652,0.13677,0.20856,0.03,0.0,100,0.07692,0.0,,,-0.01,0.01329,-0.00092,0.00337,-0.00057,-0.01249,0.81557
1987,2034688,72.48109,70.4,1.0,0.98,0.943803,-0.001941,0.011619,0.001767,0.247963,0.014439,0.302798,68.553314,4.368763,68.766258,3.71584,4.0,9.663e-05,15,647,0.13288,0.20245,0.02,0.0,100,0.2,0.0,,,-0.01,0.01499,-0.0007,0.00138,-0.00209,-0.01559,1.11637
1988,2035712,72.05554,69.90909,1.0,0.98,1.044793,-0.001303,0.005558,0.00075,0.304032,0.001256,0.921303,67.846397,6.481217,67.231606,7.489157,4.0,9.653e-05,11,653,0.15158,0.22529,0.02,0.0,100,0.0,0.0,,,-0.01,0.01553,-0.00118,0.00162,-0.00016,-0.01585,0.83614
1989,2036736,72.5613,71.72727,1.0,0.98,1.08175,-0.003644,0.00608,0.002729,0.40166,0.026228,0.972493,62.6292,13.570369,62.037323,14.581088,4.0,9.643e-05,11,667,0.15689,0.22741,0.02,0.0,100,0.09091,1.0,,,-0.01,0.0142,-0.00122,0.00292,-0.00094,-0.00971,0.86554
1990,2037760,71.9108,88.08333,1.0,0.98,1.043307,-0.001691,0.020889,0.001915,0.315648,0.01566,0.939765,62.472858,17.007235,62.516869,16.31146,4.0,9.633e-05,12,673,0.15453,0.22168,0.02,0.0,100,0.16667,0.0,,,-0.01,0.01437,-0.00106,0.00352,-0.00237,-0.01097,0.95497
1991,2038784,66.2896,100.91667,0.91667,0.97,1.075271,-0.002279,0.010005,0.002084,0.322762,0.020717,0.955267,64.50898,12.588892,63.828243,13.460352,4.0,9.622e-05,12,652,0.15716,0.22037,0.03,0.0,100,0.33333,0.0,,,-0.01,0.01381,-0.00099,0.00222,-0.00334,-0.01222,0.82356
1992,2039808,71.18362,98.75,1.0,0.97,1.090871,-0.001918,0.024053,0.001464,0.309984,0.007533,0.880497,63.668056,14.19745,63.789722,12.94942,4.0,9.612e-05,12,645,0.15209,0.21934,0.03,0.0,100,0.16667,1.0,,,-0.01,0.0126,-0.00051,0.00343,-0.00361,-0.01223,0.87404
1993,2040832,72.67553,69.28571,1.0,0.97,0.961023,-0.002718,0.004098,0.002549,0.311191,0.033726,0.976217,66.120224,10.615508,65.777451,11.169005,4.0,9.602e-05,14,662,0.12713,0.1894,0.03,0.0,100,0.0,0.0,,,-0.01,0.01625,-0.00082,0.00328,0.0001,-0.01495,1.08792
1994,2041856,72.62397,68.81818,1.0,0.99,0.924177,-0.001768,0.0016,0.001154,0.310948,0.008336,0.991718,65.431557,11.832191,65.250099,12.05721,4.0,9.592e-05,11,680,0.13594,0.18766,0.01,0.0,100,0.0,0.0,,,-0.01,0.01555,-0.00075,0.00276,-2e-05,-0.01432,0.87956
1995,2042880,66.89891,97.21429,0.92857,0.98,0.901474,-0.002093,0.011197,0.002741,0.295257,0.031599,0.888439,66.365616,7.778347,65.715912,8.59727,4.0,9.581e-05,14,664,0.12793,0.18875,0.02,0.0,100,0.14286,0.0,,,-0.01,0.01557,-0.00031,0.00226,-0.00428,-0.01484,1.04492
1996,2043904,67.04081,77.92308,0.92308,0.97,0.927608,-0.000469,0.027458,0.000485,0.25558,0.000558,0.861402,65.455452,9.530321,64.656181,12.37931,4.0,9.571e-05,13,672,0.1335,0.19126,0.02,0.0,100,0.30769,0.0,,,-0.01,0.01616,-0.00015,0.00353,-0.00161,-0.01297,0.96625
1997,2044928,72.32346,80.58333,1.0,0.97,1.190577,-0.001571,0.022785,0.001857,0.380352,0.015625,0.743788,66.225204,9.064699,65.792587,8.861797,4.0,9.561e-05,12,647,0.16686,0.22916,0.02,0.0,100,0.08333,0.0,,,-0.01,0.01326,-0.00116,0.00323,0.0004,-0.011,0.87482
1998,2045952,72.25926,75.14286,1.0,0.97,1.098337,-0.002866,0.014071,0.002869,0.369395,0.036098,0.941106,64.042046,13.610302,64.227295,13.726773,4.0,9.551e-05,14,638,0.1518,0.21481,0.02,0.0,100,0.07143,0.0,,,-0.01,0.0131,-0.00068,0.00311,-0.00082,-0.01303,1.01157
1999,2046976,58.82973,102.36364,0.81818,0.96,1.05012,-0.001087,0.04589,0.003012,0.270375,0.034912,0.845047,64.507713,13.604181,63.4589,15.464044,4.0,9.54e-05,11,650,0.14275,0.20975,0.02,0.0,100,0.27273,0.0,,,-0.01,0.015,-0.00057,0.00338,-0.00402,-0.01131,0.67051
2000,2048000,72.7088,67.5625,1.0,0.96,0.916637,-0.002508,0.019805,0.002806,0.254781,0.033308,0.376803,67.999527,5.047519,68.12883,4.714297,4.0,9.53e-05,16,642,0.12973,0.1957,0.02,0.0,100,0.125,1.0,,,-0.01,0.01737,-0.00042,0.00267,-0.00609,-0.01345,1.21461
2001,2049024,63.98981,74.22222,0.88889,0.95,0.983041,-0.001333,0.052412,0.001391,0.616759,0.008894,0.771406,63.654716,9.293199,60.775085,12.568684,4.0,9.52e-05,9,688,0.13259,0.1956,0.02,0.0,100,0.33333,0.0,,,-0.01,0.01421,-0.00048,0.00316,-0.00615,-0.01459,0.66914
2002,2050048,64.08124,80.11111,0.88889,0.94,1.027185,-0.001275,0.030528,0.001547,0.344379,0.014614,0.933221,54.56115,16.439528,53.2341,18.694206,4.0,9.51e-05,9,683,0.1296,0.19626,0.02,0.0,100,0.22222,0.0,,,-0.01,0.01484,-0.0006,0.00346,-0.00219,-0.015,0.65869
2003,2051072,72.10136,90.0,1.0,0.95,1.045394,-0.00097,0.047329,0.001168,0.300096,0.007882,0.910505,53.491795,20.324135,54.361443,19.928221,4.0,9.5e-05,10,675,0.15213,0.22443,0.01,0.0,100,0.3,0.0,,,-0.01,0.01466,-0.00016,0.00335,-0.00375,-0.01211,0.81244
2004,2052096,61.89605,120.93333,0.86667,0.94,1.030478,-0.001723,0.004135,0.00099,0.301691,0.005511,0.975972,65.452286,10.952679,66.056702,11.30678,4.0,9.489e-05,15,641,0.13531,0.20521,0.03,0.0,100,0.13333,0.0,,,-0.01,0.01501,-0.00056,0.00281,-0.00081,-0.01225,0.93124
2005,2053120,72.69876,71.78571,1.0,0.94,1.05478,-0.002398,0.002313,0.002293,0.345998,0.025356,0.679604,69.188881,2.408971,69.496315,2.294388,4.0,9.479e-05,14,645,0.15207,0.22734,0.03,0.0,100,0.0,0.0,,,-0.01,0.01523,-0.0006,0.00326,-0.0007,-0.01452,0.99912
2006,2054144,67.00296,72.71429,0.92857,0.93,0.957477,-0.000635,0.036187,0.000837,0.31722,0.005999,0.73746,67.102341,6.353824,66.102043,10.493929,4.0,9.469e-05,14,662,0.14693,0.21729,0.03,0.0,100,0.14286,0.0,,,-0.01,0.01685,-0.00063,0.00339,-0.00362,-0.01678,1.00657
2007,2055168,72.28885,69.92308,1.0,0.95,1.039477,-0.002966,0.007095,0.001173,0.301736,0.009138,0.924313,67.449333,7.864075,66.960228,8.906178,4.0,9.459e-05,13,656,0.14977,0.2182,0.02,0.0,100,0.0,0.0,,,-0.01,0.0136,-0.0006,0.00277,-0.00039,-0.01517,0.9744
2008,2056192,72.52001,68.76923,1.0,0.95,0.991337,-0.003149,0.001913,0.002896,0.331125,0.034877,0.991347,65.469383,12.515995,65.404297,12.803392,4.0,9.448e-05,13,671,0.17946,0.25359,0.02,0.0,100,0.0,0.0,,,-0.01,0.01538,-0.00109,0.00089,0.00039,-0.0114,1.01694
2009,2057216,72.62023,69.25,1.0,0.96,0.948854,-0.002979,0.013461,0.003413,0.314914,0.042306,0.951329,63.906567,13.713385,63.114983,14.045162,4.0,9.438e-05,12,675,0.17531,0.24505,0.02,0.0,100,0.08333,0.0,,,-0.01,0.01434,-0.00113,0.00185,-0.00291,-0.01385,0.96445
2010,2058240,62.48281,102.86667,0.86667,0.95,0.943341,-0.001091,0.034408,0.000959,0.223117,0.002058,0.862822,64.865318,11.479549,64.536377,13.60427,4.0,9.428e-05,15,665,0.14866,0.21812,0.03,0.0,100,0.2,0.0,,,-0.01,0.0171,-0.00113,0.00284,-0.00289,-0.01196,1.02306
2011,2059264,65.80893,73.54545,0.90909,0.96,0.93377,-0.001009,0.035352,0.001711,0.219818,0.019113,0.801963,66.6278,8.384254,66.092888,11.654444,4.0,9.418e-05,11,659,0.14089,0.20296,0.01,0.0,100,0.18182,0.0,,,-0.01,0.01716,-0.00054,0.00315,-0.00268,-0.01207,0.76233
2012,2060288,72.53705,71.125,1.0,0.96,0.974288,-0.001994,0.030063,0.002266,0.334744,0.023577,0.27708,67.318108,6.994621,67.729103,5.690348,4.0,9.407e-05,16,647,0.13446,0.20365,0.01,0.0,100,0.1875,0.33333,,,-0.01,0.01513,-0.00023,0.00346,-0.00114,-0.01652,1.18386
2013,2061312,72.30442,68.4375,1.0,0.96,1.024095,-0.00183,0.001779,0.001618,0.277151,0.016044,0.778951,69.079529,2.954305,69.674492,2.495806,4.0,9.397e-05,16,643,0.14495,0.21219,0.01,0.0,100,0.0,0.0,,,-0.01,0.01443,-0.00107,0.0018,0.0,-0.01756,1.14248
2014,2062336,72.49929,69.71429,1.0,0.97,1.016057,-0.001922,0.002604,0.001317,0.243714,0.008405,0.659647,69.264145,2.912911,69.655556,2.452241,4.0,9.387e-05,14,645,0.15361,0.22153,0.01,0.0,100,0.07143,0.0,,,-0.01,0.01513,-0.00058,0.0035,-0.00045,-0.01555,1.00923
2015,2063360,72.59718,70.76923,1.0,0.97,1.07256,-0.002702,0.001189,0.002941,0.339484,0.038086,0.78352,69.957573,2.12961,69.994141,2.013118,4.0,9.377e-05,13,646,0.15081,0.21652,0.01,0.0,100,0.0,0.0,,,-0.01,0.01422,-0.00092,0.00244,-1e-05,-0.01275,0.92728
2016,2064384,72.31358,70.21429,1.0,0.97,1.039507,-0.001083,0.01606,0.001038,0.216216,0.008301,0.609331,67.672218,5.491365,67.493057,5.636832,4.0,9.366e-05,14,656,0.14906,0.21704,0.01,0.0,100,0.14286,0.0,,,-0.01,0.01429,-0.00071,0.00302,-0.00253,-0.01353,1.05354
2017,2065408,72.43151,71.7,1.0,0.99,1.049015,-0.003979,0.007377,0.004703,0.521114,0.061105,0.969199,63.227486,14.011483,61.932076,15.307368,4.0,9.356e-05,10,671,0.15914,0.22558,0.0,0.0,100,0.0,0.0,,,-0.01,0.01245,-0.00059,0.00252,-0.00346,-0.01218,0.77166
2018,2066432,62.15269,103.8,0.86667,0.98,1.018086,-0.001205,0.019127,0.002883,0.262768,0.036656,0.950813,63.58392,16.171688,62.645855,17.692879,4.0,9.346e-05,15,659,0.13636,0.20102,0.01,0.0,100,0.2,0.0,,,-0.01,0.0136,-8e-05,0.00232,-0.00202,-0.01415,0.97013
2019,2067456,58.55409,87.36364,0.81818,0.96,0.900736,-0.001272,0.067798,0.000933,0.660987,0.006941,0.801465,62.332497,12.488265,59.549385,16.258106,4.0,9.336e-05,11,690,0.12442,0.18737,0.01,0.0,100,0.27273,0.0,,,-0.01,0.0142,-0.00065,0.00381,-0.00361,-0.01914,0.76118
2020,2068480,72.45633,67.11111,1.0,0.96,1.042188,-0.002421,0.016288,0.001609,0.54863,0.019287,0.95616,62.396656,15.422576,60.241001,17.004265,4.0,9.325e-05,9,666,0.13067,0.19482,0.01,0.0,100,0.0,0.0,,,-0.01,0.01398,-0.00111,0.00269,-0.00062,-0.02402,0.67823
2021,2069504,72.19305,80.0,1.0,0.96,0.95053,-0.002674,0.024856,0.004025,0.337827,0.054269,0.963926,56.605305,21.88026,56.33205,22.188311,4.0,9.315e-05,9,679,0.1147,0.17521,0.01,0.0,100,0.11111,1.0,,,-0.01,0.01373,-0.00162,0.00234,-0.00078,-0.02267,0.7055
2022,2070528,61.60415,104.125,0.875,0.94,0.943072,-0.002068,0.005181,0.002686,0.258938,0.036307,0.973786,66.79084,11.826641,66.998497,12.157177,4.0,9.305e-05,16,644,0.1046,0.17113,0.02,0.0,100,0.125,0.0,,,-0.01,0.01606,-0.00059,0.00214,0.00112,-0.01124,1.0119
2023,2071552,72.73371,67.8,1.0,0.94,0.908138,-0.002471,0.019583,0.002315,0.2875,0.02696,0.837822,67.331635,8.015645,66.743332,9.283856,4.0,9.295e-05,15,653,0.1034,0.17028,0.02,0.0,100,0.06667,1.0,,,-0.01,0.0148,3e-05,0.00323,-0.00275,-0.01382,1.12639
2024,2072576,72.47982,72.4,1.0,0.94,0.991485,-0.000863,0.006907,0.002097,0.173863,0.022182,0.140162,69.426819,2.9964,69.743057,2.35661,4.0,9.284e-05,15,642,0.11808,0.18642,0.02,0.0,100,0.06667,0.0,,,-0.01,0.01582,-0.00058,0.00317,0.0,-0.01486,1.07093
2025,2073600,72.64084,67.23077,1.0,0.94,1.040956,-0.002674,0.02161,0.001644,0.466916,0.011579,0.914894,64.601723,12.180523,63.010349,14.274237,4.0,9.274e-05,13,653,0.13421,0.20059,0.02,0.0,100,0.0,0.0,,,-0.01,0.01467,-0.00092,0.0037,-0.00206,-0.02229,0.97545
2026,2074624,66.25156,77.66667,0.91667,0.95,1.008078,-0.001286,0.008179,0.002189,0.258855,0.021101,0.984762,58.711243,19.896259,58.180149,21.570871,4.0,9.264e-05,12,663,0.14359,0.21065,0.01,0.0,100,0.08333,0.0,,,-0.01,0.0148,-0.00117,0.00312,-0.0,-0.02167,0.8451
2027,2075648,64.17732,100.91667,0.91667,0.96,1.024411,-0.00234,0.037617,0.002568,0.335347,0.027134,0.938077,58.491817,20.019255,57.261047,20.740606,4.0,9.254e-05,12,652,0.14573,0.21451,0.02,0.0,100,0.08333,0.0,,,-0.01,0.01333,-0.0009,0.0026,-0.0031,-0.02275,0.8202
2028,2076672,72.29288,73.16667,1.0,0.96,0.919347,-0.001676,0.026605,0.001817,0.303421,0.019008,0.940727,59.774483,18.154755,60.319092,18.419212,4.0,9.244e-05,12,675,0.13401,0.19518,0.02,0.0,100,0.08333,0.0,,,-0.01,0.01399,-0.00067,0.00312,-0.0002,-0.01465,0.96622
2029,2077696,72.07949,82.26667,1.0,0.98,0.874707,-0.001078,0.062305,0.001657,0.306828,0.018311,0.637417,63.338539,13.414989,64.599716,11.561471,4.0,9.233e-05,15,659,0.11978,0.18172,0.01,0.0,100,0.2,0.0,,,-0.01,0.0154,-0.00066,0.0029,-0.0034,-0.01266,1.1582
2030,2078720,67.23034,69.42857,0.92857,0.97,0.906066,-0.002246,0.040147,0.001503,0.31419,0.015311,0.820021,63.958408,10.00471,63.189201,12.566171,4.0,9.223e-05,14,661,0.11704,0.18009,0.01,0.0,100,0.07143,0.0,,,-0.01,0.01657,-0.00063,0.00248,-0.00502,-0.01285,1.01877
2031,2079744,60.97169,80.46154,0.84615,0.95,0.892414,-0.001587,0.033847,0.001991,0.269756,0.024379,0.888493,62.497009,13.228794,62.077732,16.71945,4.0,9.213e-05,13,667,0.12268,0.18162,0.01,0.0,100,0.23077,0.0,,,-0.01,0.01511,-0.00071,0.00328,-0.0005,-0.01467,0.86728
2032,2080768,72.10964,79.66667,1.0,0.95,0.983476,-0.002189,0.020673,0.001642,0.395174,0.014962,0.388646,66.422539,6.199229,67.357735,5.05732,4.0,9.203e-05,12,646,0.13267,0.18744,0.01,0.0,100,0.08333,0.0,,,-0.01,0.01537,-0.00061,0.00351,-0.00046,-0.01522,0.86246
2033,2081792,72.68171,67.25,1.0,0.95,0.986539,-0.002687,0.001835,0.00189,0.328777,0.020891,0.830644,67.690338,2.569744,68.639198,2.604898,4.0,9.192e-05,16,645,0.11789,0.17536,0.01,0.0,100,0.0,0.0,,,-0.01,0.01572,-0.00085,0.00233,0.0,-0.01376,1.1431
2034,2082816,67.89968,68.0,0.9375,0.95,0.94349,-0.002662,0.028829,0.005424,0.328238,0.077602,0.764069,67.241859,6.307811,66.89016,10.449798,4.0,9.182e-05,16,648,0.12129,0.1787,0.01,0.0,100,0.0625,0.0,,,-0.01,0.01528,-0.00059,0.00263,-0.00207,-0.013,1.09999
2035,2083840,72.7725,69.0,1.0,0.96,0.987109,-0.001362,0.001999,0.001461,0.278389,0.010463,0.784909,68.981773,2.651765,69.576393,2.260448,4.0,9.172e-05,14,645,0.12514,0.1815,0.0,0.0,100,0.0,0.0,,,-0.01,0.01489,-0.00072,0.00313,0.0,-0.01179,0.99941
2036,2084864,72.59683,70.25,1.0,0.96,0.982894,-0.001448,0.02464,0.001816,0.255174,0.021275,0.576056,68.938721,4.489428,68.473991,6.41934,4.0,9.162e-05,16,645,0.12567,0.17943,0.0,0.0,100,0.0,0.0,,,-0.01,0.01475,-0.0003,0.00283,-0.00261,-0.01281,1.1515
2037,2085888,67.06204,71.14286,0.92857,0.96,0.889989,-0.000754,0.061313,0.00085,0.226422,0.005336,0.805781,63.216888,15.026875,63.813133,15.288778,4.0,9.151e-05,14,664,0.1234,0.18212,0.0,0.0,100,0.21429,0.0,,,-0.01,0.01542,-0.0004,0.0033,-0.00138,-0.01473,1.01149
2038,2086912,72.4331,72.66667,1.0,0.98,1.034257,-0.001688,0.007752,0.000872,0.328096,0.002825,0.355689,68.911095,3.386874,69.233284,2.904729,4.0,9.141e-05,15,643,0.13979,0.19713,0.0,0.0,100,0.0,1.0,,,-0.01,0.01342,-0.00073,0.00254,0.0,-0.01251,1.06901
2039,2087936,72.45281,71.91667,1.0,0.98,0.909892,-0.001607,0.072378,0.00222,0.300818,0.026576,0.711246,64.321251,14.085396,64.048149,13.605326,4.0,9.131e-05,12,670,0.12626,0.17976,0.0,0.0,100,0.08333,0.0,,,-0.01,0.01516,-0.0009,0.00358,-0.00432,-0.01335,0.93733
2040,2088960,72.4605,73.66667,1.0,0.98,0.972765,-0.000687,0.025268,0.001947,0.273456,0.021624,0.284683,67.249634,8.588139,68.535713,5.476147,4.0,9.121e-05,15,654,0.12982,0.18998,0.0,0.0,100,0.06667,0.0,,,-0.01,0.01466,-0.0008,0.00292,-0.00029,-0.01253,1.10236
2041,2089984,72.77731,67.0,1.0,0.99,1.012105,-0.002118,0.01642,0.002491,0.245457,0.030552,0.241214,69.577957,5.307295,69.595612,4.176129,4.0,9.11e-05,15,645,0.13291,0.18889,0.0,0.0,100,0.06667,0.0,,,-0.01,0.01509,-0.00093,0.00235,-0.00079,-0.01191,1.08052
2042,2091008,72.52108,69.36364,1.0,0.99,1.118201,-0.0036,0.014094,0.003726,0.37913,0.041957,0.860356,66.611626,7.379313,65.402359,8.537964,4.0,9.1e-05,11,649,0.13803,0.18362,0.0,0.0,100,0.0,0.0,,,-0.01,0.01189,-0.00062,0.00181,-0.00076,-0.0226,0.78942
2043,2092032,71.85745,77.0,1.0,0.99,1.050427,-0.002293,0.023107,0.00276,0.351114,0.030029,0.847981,63.183575,10.850627,63.523373,11.162199,4.0,9.09e-05,12,648,0.14312,0.19465,0.0,0.0,100,0.08333,0.0,,,-0.01,0.01351,-0.00063,0.00252,-0.00112,-0.02367,0.86608
2044,2093056,65.04978,95.92857,0.92857,0.99,1.079948,-0.002214,0.011153,0.001845,0.266577,0.014544,0.935169,65.157761,10.69041,65.096375,11.38969,4.0,9.08e-05,14,646,0.15473,0.20749,0.01,0.0,100,0.07143,0.0,,,-0.01,0.01274,-0.00086,0.00142,-0.00182,-0.01881,0.94356
2045,2094080,72.38448,71.875,1.0,0.99,0.986295,-0.002045,0.012821,0.003441,0.256348,0.041957,0.582717,68.35556,5.561371,68.877686,4.926261,4.0,9.069e-05,16,657,0.12382,0.17884,0.01,0.0,100,0.0625,0.0,,,-0.01,0.01436,-0.00065,0.00251,-0.00125,-0.01376,1.18689
2046,2095104,72.60746,69.14286,1.0,0.99,0.970975,-0.002758,0.007457,0.002597,0.314112,0.036482,0.604931,69.25161,3.585203,69.215622,3.692442,4.0,9.059e-05,14,648,0.11637,0.17069,0.01,0.0,100,0.07143,0.0,,,-0.01,0.01389,-0.00049,0.00242,-0.00267,-0.01071,1.02406
2047,2096128,67.41174,70.5,0.92857,0.98,0.947064,-0.001159,0.042015,0.001546,0.276271,0.010707,0.579324,68.328804,4.553487,67.345695,9.089878,4.0,9.049e-05,14,659,0.11435,0.17168,0.01,0.0,100,0.14286,1.0,,,-0.01,0.01514,-0.00042,0.00258,-0.00126,-0.01232,0.97421
2048,2097152,72.51892,75.14286,1.0,0.98,0.976954,-0.001486,0.01805,0.001427,0.268063,0.015067,0.766454,67.500832,7.287901,67.430138,7.253759,4.0,9.039e-05,14,659,0.11587,0.16474,0.01,0.0,100,0.0,0.0,,,-0.01,0.01455,-0.00029,0.00291,-0.0004,-0.01184,1.04517
2049,2098176,72.44368,80.36364,1.0,0.98,0.9999,-0.001313,0.012829,0.001721,0.242529,0.013323,0.808975,66.572014,8.700572,66.3321,7.803187,4.0,9.028e-05,11,670,0.14341,0.19517,0.01,0.0,100,0.09091,0.0,,,-0.01,0.01572,-0.00096,0.00292,-8e-05,-0.01556,0.84001
2050,2099200,71.63103,86.55556,1.0,0.98,1.165079,-0.002545,0.014665,0.001889,0.380949,0.018659,0.880663,64.164345,9.118855,63.548916,9.472149,4.0,9.018e-05,9,647,0.15036,0.206,0.01,0.0,100,0.0,0.0,,,-0.01,0.01405,-0.00123,0.00308,0.00074,-0.01436,0.6402
2051,2100224,72.65829,70.27273,1.0,0.98,1.154887,-0.001724,0.01467,0.002244,0.26471,0.020264,0.923657,61.370518,11.333694,61.025814,11.959011,4.0,9.008e-05,11,654,0.12748,0.18683,0.01,0.0,100,0.09091,0.0,,,-0.01,0.01304,-0.00084,0.0032,-0.00109,-0.01006,0.7968
2052,2101248,65.54745,123.0,0.92308,0.98,1.180105,-0.002251,0.013902,0.002506,0.327852,0.021136,0.933358,60.947041,12.505291,61.062233,12.866754,4.0,8.998e-05,13,649,0.12997,0.19538,0.01,0.0,100,0.0,0.0,,,-0.01,0.01176,-0.00125,0.00218,-0.0,-0.0148,0.84951
2053,2102272,65.17007,68.5,0.9,0.97,1.064122,-0.001452,0.036802,0.001336,0.348191,0.007185,0.872532,61.840199,12.516396,60.20092,15.165446,4.0,8.988e-05,10,663,0.11643,0.1726,0.01,0.0,100,0.1,0.0,,,-0.01,0.0128,-0.00077,0.00331,-0.00228,-0.01955,0.67082
2054,2103296,72.83317,68.63636,1.0,0.97,1.154398,-0.002304,0.012617,0.002166,0.275161,0.021101,0.960067,57.27964,14.725152,56.969532,15.876111,4.0,8.977e-05,11,657,0.13544,0.19533,0.01,0.0,100,0.0,0.0,,,-0.01,0.01046,-0.00136,0.00323,-0.00111,-0.01933,0.80092
2055,2104320,61.43674,136.63636,0.90909,0.96,1.050099,-0.001927,0.040607,0.002421,0.322685,0.026263,0.857261,57.675953,14.842442,58.507999,14.418002,4.0,8.967e-05,11,676,0.13409,0.19945,0.02,0.0,100,0.09091,0.0,,,-0.01,0.01336,-0.00108,0.00079,-0.00054,-0.01663,0.77206
2056,2105344,72.73812,70.30769,1.0,0.97,0.912527,-0.002518,0.017389,0.002496,0.272081,0.028006,0.898123,63.498341,10.71697,63.779255,11.115255,4.0,8.957e-05,13,682,0.12189,0.18276,0.02,0.0,100,0.07692,0.5,,,-0.01,0.01501,-0.00091,0.00267,-0.00344,-0.01085,1.04563
2057,2106368,61.76698,92.5,0.85714,0.95,0.916022,-0.001214,0.045447,0.001465,0.264456,0.012277,0.774748,65.523849,8.548216,65.272072,12.835927,4.0,8.947e-05,14,668,0.11913,0.18397,0.02,0.0,100,0.21429,0.0,,,-0.01,0.01623,-0.00093,0.00299,-0.00147,-0.01183,0.91993
2058,2107392,72.7921,76.55556,1.0,0.95,1.061526,-0.002545,0.033784,0.001904,0.452032,0.015137,0.811294,63.144978,11.074082,61.930187,11.5215,4.0,8.936e-05,9,682,0.13369,0.19693,0.02,0.0,100,0.11111,0.0,,,-0.01,0.01473,-0.00075,0.00352,-0.00241,-0.01503,0.70444
2059,2108416,72.01762,84.66667,1.0,0.95,0.995617,-0.000744,0.058397,0.001221,0.371704,0.008266,0.846809,54.904148,16.687525,53.933907,16.827185,4.0,8.926e-05,9,692,0.13854,0.20256,0.02,0.0,100,0.22222,1.0,,,-0.01,0.01349,-0.00043,0.00363,-0.00546,-0.01479,0.75056
2060,2109440,65.71094,101.76923,0.92308,0.94,1.036069,-0.002219,0.054244,0.002367,0.304021,0.024379,0.839159,57.79401,14.23842,58.668926,15.368449,4.0,8.916e-05,13,665,0.14667,0.21303,0.02,0.0,100,0.30769,0.0,,,-0.01,0.01316,-0.00059,0.00227,-0.00053,-0.01073,0.91569
2061,2110464,65.12104,103.18182,0.90909,0.94,1.044842,-0.002476,0.02219,0.002068,0.306224,0.015381,0.846187,62.704189,9.418649,62.90625,10.12537,4.0,8.906e-05,11,664,0.14765,0.21087,0.02,0.0,100,0.0,0.0,,,-0.01,0.01415,-0.00072,0.00284,-0.00165,-0.01071,0.74381
2062,2111488,72.1364,80.1,1.0,0.95,0.987897,-0.001772,0.051461,0.001589,0.280348,0.013846,0.776849,56.437233,12.640228,56.028404,12.853807,4.0,8.895e-05,10,697,0.16923,0.22631,0.02,0.0,100,0.2,0.0,,,-0.01,0.01325,-0.00109,0.00238,-0.00439,-0.01492,0.85984
2063,2112512,70.41365,97.55556,1.0,0.95,0.983786,-0.002723,0.02849,0.001725,0.393256,0.017787,0.888813,55.141415,13.24064,56.403328,13.552521,4.0,8.885e-05,9,697,0.16095,0.2151,0.02,0.0,100,0.0,0.0,,,-0.01,0.01451,-0.00169,0.00286,-0.00132,-0.01363,0.76444
2064,2113536,61.10204,119.69231,0.84615,0.94,0.939828,-0.001806,0.053191,0.001561,0.223516,0.010638,0.746309,60.644386,10.29206,60.364746,12.706654,4.0,8.875e-05,13,683,0.14251,0.19787,0.02,0.0,100,0.30769,0.0,,,-0.01,0.01329,-0.0014,0.00069,-0.0026,-0.01438,0.90577
2065,2114560,72.21947,83.66667,1.0,0.94,1.092836,-0.002506,0.02578,0.00207,0.348528,0.01552,0.876383,59.58123,11.431882,58.8368,12.904729,4.0,8.865e-05,9,659,0.15749,0.21818,0.02,0.0,100,0.0,0.0,,,-0.01,0.01185,-0.00081,0.00187,-0.00147,-0.01966,0.66096
2066,2115584,72.15257,85.09091,1.0,0.95,0.938776,-0.001672,0.032862,0.002193,0.323588,0.030029,0.913206,55.775776,15.843306,56.619087,16.485247,4.0,8.854e-05,11,689,0.13262,0.1929,0.02,0.0,100,0.18182,0.0,,,-0.01,0.01345,-0.00053,0.00241,-0.00178,-0.01929,0.89815
2067,2116608,56.27864,124.28571,0.85714,0.95,1.037066,-0.00344,0.007353,0.002721,0.344054,0.031215,0.981234,57.542732,16.793724,57.101952,17.59041,4.0,8.844e-05,7,683,0.16076,0.22506,0.03,0.0,100,0.0,0.0,,,-0.01,0.01109,-0.00108,0.00244,0.00027,-0.02165,0.46106
2068,2117632,66.77935,110.21429,0.92857,0.94,1.052066,-0.002679,0.010049,0.002272,0.358329,0.022635,0.917992,64.598946,9.470675,65.431999,9.41507,4.0,8.834e-05,14,661,0.14455,0.2064,0.04,0.0,100,0.07143,0.0,,,-0.01,0.0138,-0.00091,0.00041,0.0,-0.01033,0.95689
2069,2118656,72.21428,72.0,1.0,0.95,1.052407,-0.00213,0.003153,0.00208,0.403557,0.018555,0.598349,68.722206,2.513035,69.19574,2.397543,4.0,8.824e-05,16,642,0.13979,0.19852,0.04,0.0,100,0.0,0.0,,,-0.01,0.01324,-0.00147,-0.00012,0.0,-0.01177,1.14063
2070,2119680,72.67083,69.66667,1.0,0.96,1.023618,-0.001565,0.009519,0.001905,0.32456,0.018799,0.738032,68.724609,4.496813,68.355415,5.051475,4.0,8.813e-05,12,652,0.12961,0.19123,0.03,0.0,100,0.0,0.0,,,-0.01,0.01385,-0.00075,0.00283,-0.00146,-0.01337,0.87146
2071,2120704,71.84813,85.0,1.0,0.96,0.969353,-0.001487,0.017862,0.000751,0.246062,0.003174,0.831323,64.839233,8.43565,65.167305,8.68355,4.0,8.803e-05,11,677,0.13972,0.20521,0.03,0.0,100,0.09091,0.0,,,-0.01,0.01495,-0.00154,0.00307,-0.00218,-0.00987,0.857
2072,2121728,67.72152,80.66667,0.93333,0.96,0.919883,-0.001705,0.02364,0.002011,0.24162,0.026855,0.806357,67.872726,6.853889,67.485527,10.458232,4.0,8.793e-05,15,660,0.1254,0.18759,0.03,0.0,100,0.06667,1.0,,,-0.01,0.01656,-0.00093,0.00258,-0.0008,-0.01131,1.04059
2073,2122752,72.26145,77.0,1.0,0.97,0.991265,-0.003012,0.011404,0.003147,0.324817,0.038783,0.351056,68.257126,4.162671,68.591484,3.518329,4.0,8.783e-05,14,651,0.12453,0.18433,0.02,0.0,100,0.07143,0.0,,,-0.01,0.0146,-0.00083,0.00092,-0.00042,-0.01126,1.00431
2074,2123776,72.70018,69.71429,1.0,0.97,0.939615,-0.002412,0.001515,0.002895,0.348531,0.030448,0.715119,69.918289,2.07282,70.090103,1.98461,4.0,8.772e-05,14,650,0.12751,0.18429,0.02,0.0,100,0.0,0.0,,,-0.01,0.01426,-0.00081,0.00169,0.0,-0.01172,0.99909
2075,2124800,72.8399,69.08333,1.0,0.99,1.028181,-0.002026,0.01688,0.00113,0.265262,0.007778,0.692494,68.005234,6.03993,67.575401,6.426828,4.0,8.762e-05,12,650,0.14975,0.21141,0.0,0.0,100,0.08333,0.0,,,-0.01,0.01405,-0.0008,0.00278,-0.00201,-0.01117,0.88667
2076,2125824,72.11706,80.5,1.0,0.99,1.067099,-0.003582,0.005163,0.00275,0.343573,0.032366,0.974802,65.341225,11.356602,64.877449,12.255429,4.0,8.752e-05,12,658,0.16246,0.22353,0.0,0.0,100,0.0,1.0,,,-0.01,0.01265,-0.00136,0.00237,-0.00012,-0.0116,0.88602
2077,2126848,71.57351,93.76923,1.0,0.99,0.953716,-0.002063,0.022022,0.001606,0.2622,0.020194,-0.137861,68.209923,6.698197,68.769516,3.866082,4.0,8.742e-05,13,646,0.11954,0.17817,0.0,0.0,100,0.15385,0.0,,,-0.01,0.01579,-0.00043,0.00345,-0.00094,-0.0134,0.93596
2078,2127872,72.15424,76.46667,1.0,0.99,0.948537,-0.00194,0.016885,0.003334,0.219557,0.044573,0.48833,68.286423,5.803805,68.410149,5.10497,4.0,8.732e-05,15,658,0.12248,0.18028,0.0,0.0,100,0.13333,0.0,,,-0.01,0.01468,-0.00153,0.00182,-0.00268,-0.0103,1.11931
2079,2128896,66.56632,75.0,0.91667,0.99,0.955027,-0.00131,0.029143,0.001626,0.376837,0.01716,0.778813,67.822342,6.390253,66.45462,10.721839,4.0,8.721e-05,12,667,0.12973,0.18811,0.0,0.0,100,0.08333,0.0,,,-0.01,0.01527,-0.00064,0.00174,-0.00142,-0.01147,0.83679
2080,2129920,72.31953,76.5,1.0,0.99,1.053808,-0.00303,0.004835,0.003069,0.346281,0.034773,0.922529,67.448906,6.22693,67.063187,7.26955,4.0,8.711e-05,12,650,0.14021,0.20312,0.0,0.0,100,0.0,0.0,,,-0.01,0.01289,-0.00115,0.00326,0.0,-0.01027,0.85371
2081,2130944,72.66598,72.91667,1.0,0.99,1.012326,-0.001435,0.01228,0.00192,0.265348,0.022112,0.950613,64.877396,13.211423,64.591225,13.554817,4.0,8.701e-05,12,655,0.12431,0.18468,0.0,0.0,100,0.08333,1.0,,,-0.01,0.01446,-0.00041,0.00194,0.00043,-0.01023,0.87277
2082,2131968,71.97164,96.54545,1.0,0.99,1.055386,-0.001782,0.021291,0.002637,0.321984,0.026995,0.429518,68.296364,7.217622,68.082108,5.492524,4.0,8.691e-05,11,657,0.12927,0.19474,0.0,0.0,100,0.09091,0.0,,,-0.01,0.01483,-0.00079,0.00154,-1e-05,-0.01293,0.78095
2083,2132992,70.84527,106.5,1.0,0.99,1.23319,-0.00311,0.028189,0.002647,0.464847,0.026053,0.788461,62.598866,11.418966,61.607594,10.722489,4.0,8.68e-05,10,654,0.17843,0.23964,0.0,0.0,100,0.0,0.0,,,-0.01,0.01209,-0.00167,-0.0001,-0.00038,-0.01426,0.70441
2084,2134016,71.7583,88.5,1.0,0.99,1.208328,-0.00307,0.015891,0.003026,0.440145,0.039307,0.903695,61.014503,9.980864,59.920223,10.862639,4.0,8.67e-05,8,668,0.17883,0.24434,0.0,0.0,100,0.0,0.0,,,-0.01,0.01146,-0.00108,-0.00011,0.00034,-0.02017,0.57039
2085,2135040,72.52837,69.88889,1.0,0.99,1.245935,-0.00193,0.005211,0.002107,0.34931,0.020752,0.977468,56.646992,13.700922,56.265938,14.995817,4.0,8.66e-05,9,657,0.16992,0.2334,0.0,0.0,100,0.0,0.0,,,-0.01,0.01211,-0.00141,0.00059,-3e-05,-0.01852,0.64222
2086,2136064,58.33072,128.0,0.84615,0.97,1.115226,-0.002564,0.002758,0.002531,0.339746,0.029053,0.989597,60.248909,14.34549,60.563591,15.082891,4.0,8.65e-05,13,646,0.15785,0.2239,0.02,0.0,100,0.0,0.0,,,-0.01,0.01267,-0.00104,0.0026,0.00036,-0.01423,0.78751
2087,2137088,65.93764,103.54545,0.90909,0.96,1.001785,-0.002745,0.010518,0.002838,0.344193,0.030378,0.948409,63.292835,11.427577,62.698292,11.998951,4.0,8.639e-05,11,668,0.1506,0.21907,0.03,0.0,100,0.0,0.0,,,-0.01,0.01318,-0.00091,0.00293,-0.00184,-0.01416,0.76002
2088,2138112,66.47388,80.76923,0.92308,0.96,1.022854,-0.000765,0.026922,0.000482,0.291226,0.000558,0.885789,63.148403,10.50443,62.326939,14.035978,4.0,8.629e-05,13,659,0.14928,0.21691,0.03,0.0,100,0.15385,0.0,,,-0.01,0.01397,-0.00078,0.00317,-0.00066,-0.01925,0.89233
2089,2139136,72.85093,70.54545,1.0,0.96,1.134043,-0.002657,0.01051,0.001776,0.305013,0.011754,0.967806,62.360455,15.064301,62.089237,15.698108,4.0,8.619e-05,11,655,0.1602,0.2245,0.03,0.0,100,0.09091,0.0,,,-0.01,0.01381,-0.00102,0.00375,-0.00191,-0.01513,0.7967
2090,2140160,63.60375,116.36364,0.90909,0.95,0.968361,-0.002554,0.025596,0.001171,0.316604,0.006766,0.943889,58.322681,17.387659,57.880062,17.905884,4.0,8.609e-05,11,672,0.13309,0.19862,0.04,0.0,100,0.0,0.0,,,-0.01,0.01511,-0.00049,0.00378,-0.00158,-0.01467,0.79517
2091,2141184,71.82679,95.76923,1.0,0.95,0.907561,-0.001152,0.061066,0.001641,0.41213,0.014648,0.728021,59.894939,15.123055,61.70142,13.130712,4.0,8.598e-05,13,683,0.14533,0.21583,0.04,0.0,100,0.23077,0.0,,,-0.01,0.01474,-0.00087,0.00362,-0.00107,-0.01054,1.05286
2092,2142208,72.90774,70.76923,1.0,0.95,1.034206,-0.002597,0.003669,0.003236,0.32806,0.034354,0.748696,68.621269,3.265602,69.261787,3.076956,4.0,8.588e-05,13,650,0.14397,0.21526,0.04,0.0,100,0.0,0.0,,,-0.01,0.01584,-0.00085,0.00391,0.0,-0.01002,0.92728
2093,2143232,72.77873,70.71429,1.0,0.95,0.992546,-0.003105,0.007933,0.003143,0.372308,0.043178,0.462924,69.386322,3.234758,69.59877,3.256614,4.0,8.578e-05,14,647,0.13482,0.2074,0.04,0.0,100,0.0,0.0,,,-0.01,0.01507,-0.00041,0.00134,-0.00084,-0.01161,0.99905
2094,2144256,67.20397,70.07143,0.92857,0.96,0.971055,-0.001385,0.034246,0.000943,0.33081,0.009452,0.772028,67.832298,6.835784,66.42495,10.771959,4.0,8.568e-05,14,657,0.1408,0.21495,0.02,0.0,100,0.07143,0.0,,,-0.01,0.01475,-0.00055,0.00176,-0.0023,-0.01411,0.97714
2095,2145280,71.8384,83.0,1.0,0.97,1.059632,-0.002614,0.0361,0.002996,0.290348,0.034424,0.694413,63.711163,9.270877,63.546947,9.303291,4.0,8.557e-05,11,660,0.15941,0.23333,0.01,0.0,100,0.09091,0.0,,,-0.01,0.01304,-0.00066,0.00235,-0.00147,-0.01503,0.80902
2096,2146304,70.85132,104.91667,1.0,0.98,1.121786,-0.001942,0.026253,0.001633,0.396776,0.01137,0.807035,63.801323,11.570038,64.792824,10.16758,4.0,8.547e-05,12,650,0.16434,0.24079,0.01,0.0,100,0.0,1.0,,,-0.01,0.0151,-0.00096,0.00289,0.0,-0.01191,0.84261
2097,2147328,72.70899,71.0,1.0,0.98,1.043634,-0.003978,0.006883,0.002551,0.311543,0.024309,0.732355,68.550941,3.367561,68.297531,4.68035,4.0,8.537e-05,14,642,0.1508,0.22689,0.01,0.0,100,0.07143,0.0,,,-0.01,0.01296,-0.0031,0.00135,-0.0005,-0.01855,0.99934
2098,2148352,72.07877,68.15385,1.0,0.99,1.110668,-0.00224,0.009716,0.002224,0.311695,0.018799,0.938121,65.426216,9.790739,64.899796,11.299642,4.0,8.527e-05,13,644,0.14946,0.22042,0.0,0.0,100,0.0,0.0,,,-0.01,0.01251,-0.00547,-0.00267,-0.00119,-0.02473,0.92955
2099,2149376,65.71833,73.36364,0.90909,0.98,1.05168,-0.001091,0.040206,0.00072,0.268039,0.002407,0.873317,63.414661,12.660614,62.365173,15.607439,4.0,8.516e-05,11,656,0.14451,0.21537,0.0,0.0,100,0.18182,0.0,,,-0.01,0.01447,-0.00521,0.00295,-0.00215,-0.02369,0.74521
2100,2150400,62.11475,102.53846,0.92308,0.97,1.053438,-0.002367,0.021588,0.002169,0.289764,0.027658,0.916673,63.270176,12.645213,62.994663,13.20785,4.0,8.506e-05,13,650,0.14056,0.20926,0.01,0.0,100,0.07692,0.0,,,-0.01,0.01316,-0.00398,0.00305,-0.00152,-0.01879,0.88065
2101,2151424,72.40749,78.33333,1.0,0.97,1.018493,-0.001631,0.027459,0.002046,0.269156,0.016671,0.798729,65.012718,9.550999,65.064453,9.824195,4.0,8.496e-05,12,660,0.13534,0.2123,0.01,0.0,100,0.08333,0.0,,,-0.01,0.01469,-0.00085,0.0026,-0.00034,-0.01186,0.90141
2102,2152448,67.80728,77.0,0.9375,0.97,1.020331,-0.001043,0.020974,0.001897,0.251254,0.022287,0.838467,67.190071,6.658753,67.128532,9.905892,4.0,8.486e-05,16,652,0.13302,0.20561,0.01,0.0,100,0.0625,0.0,,,-0.01,0.01503,-0.00043,0.00332,-0.00049,-0.01551,1.09557
2103,2153472,72.65748,70.78571,1.0,0.97,1.041792,-0.001428,0.011937,0.001796,0.27248,0.017299,0.304387,67.845345,4.31528,68.438499,3.619203,4.0,8.476e-05,14,651,0.13216,0.19731,0.01,0.0,100,0.07143,0.0,,,-0.01,0.01495,-0.00042,0.0023,-0.00113,-0.01095,1.01173
2104,2154496,72.7828,68.42857,1.0,0.97,1.137439,-0.003334,0.004334,0.003117,0.362571,0.039969,0.728925,68.330605,2.949361,68.569435,3.388047,4.0,8.465e-05,14,649,0.15611,0.22126,0.01,0.0,100,0.0,0.0,,,-0.01,0.01289,-0.0011,0.00292,0.0,-0.01044,0.99967
2105,2155520,72.40544,69.27273,1.0,0.97,1.074432,-0.001752,0.028894,0.002667,0.291899,0.031006,0.865918,62.842232,11.491057,62.256817,12.549373,4.0,8.455e-05,11,662,0.16288,0.23395,0.01,0.0,100,0.27273,0.0,,,-0.01,0.01443,-0.00028,0.00246,-0.00449,-0.01307,0.84025
2106,2156544,71.70215,88.77778,1.0,0.97,0.994096,-0.001375,0.051472,0.000995,0.252998,0.006243,0.864657,56.369328,16.747896,56.310822,16.607025,4.0,8.445e-05,9,686,0.17028,0.23426,0.01,0.0,100,0.44444,0.0,,,-0.01,0.01494,-0.00279,0.0032,-0.00442,-0.01211,0.76037
2107,2157568,61.32567,105.92857,0.85714,0.96,1.107532,-0.001938,0.033927,0.001408,0.269074,0.009242,0.832543,64.432274,9.774156,63.789482,11.803337,4.0,8.435e-05,14,650,0.18023,0.2537,0.02,0.0,100,0.14286,1.0,,,-0.01,0.01223,-0.00078,0.00269,-0.00214,-0.00949,0.89669
2108,2158592,72.30972,83.30769,1.0,0.97,1.087175,-0.001299,0.020058,0.001258,0.307927,0.009905,-0.330001,66.563599,4.717935,67.187431,3.285467,4.0,8.424e-05,13,646,0.1759,0.24295,0.01,0.0,100,0.07692,0.0,,,-0.01,0.01529,-0.00095,0.00344,-0.00037,-0.01173,0.92702
2109,2159616,72.75638,69.73333,1.0,0.98,1.05285,-0.002308,0.004258,0.001909,0.306771,0.020194,0.426663,67.783638,2.181765,68.468941,2.352493,4.0,8.414e-05,15,645,0.17613,0.24056,0.01,0.0,100,0.06667,1.0,,,-0.01,0.01382,-0.00082,0.00241,-0.00077,-0.01023,1.07254
2110,2160640,72.47112,75.5,1.0,0.98,1.03922,-0.001481,0.012327,0.001744,0.343048,0.016671,0.892368,65.27224,8.027951,64.547592,9.209748,4.0,8.404e-05,10,667,0.18367,0.2479,0.01,0.0,100,0.0,0.0,,,-0.01,0.01442,-0.00088,0.00324,-0.00115,-0.01635,0.76558
2111,2161664,65.93476,82.36364,0.90909,0.97,1.179199,-0.00165,0.023971,0.002459,0.455044,0.024449,0.917708,61.033272,12.54496,59.385071,15.821841,4.0,8.394e-05,11,656,0.20565,0.27565,0.01,0.0,100,0.09091,0.0,,,-0.01,0.01272,-0.00138,0.00358,-0.00058,-0.02261,0.74163
2112,2162688,72.61995,76.4,1.0,0.97,1.197098,-0.002569,0.005499,0.002169,0.29762,0.022426,0.988497,58.263115,18.431463,58.221027,19.169222,4.0,8.383e-05,10,653,0.17361,0.2449,0.01,0.0,100,0.0,0.0,,,-0.01,0.0131,-0.00104,0.00324,0.00028,-0.01773,0.71285
2113,2163712,58.36761,129.53846,0.84615,0.95,1.161695,-0.003135,0.001864,0.00233,0.307891,0.021938,0.99604,60.414162,18.788252,60.413322,19.2878,4.0,8.373e-05,13,648,0.1642,0.22475,0.03,0.0,100,0.0,0.0,,,-0.01,0.01373,-0.00199,0.00277,0.0,-0.01491,0.78444
2114,2164736,67.417,73.92857,0.92857,0.94,1.072063,-0.001297,0.04332,0.001478,0.390716,0.013393,0.677188,68.736488,5.572049,67.323593,10.134325,4.0,8.363e-05,14,649,0.14637,0.20855,0.03,0.0,100,0.14286,0.0,,,-0.01,0.01639,-0.0008,0.00352,-0.00327,-0.01208,0.95308
2115,2165760,72.61196,70.0,1.0,0.96,1.009851,-0.001672,0.00897,0.001393,0.268522,0.007987,0.449229,69.28157,4.250502,69.65332,3.488839,4.0,8.353e-05,14,646,0.13479,0.19072,0.02,0.0,100,0.07143,0.0,,,-0.01,0.01725,-0.00069,0.00311,-0.00087,-0.01284,1.00119
2116,2166784,72.43119,74.21429,1.0,0.96,1.036894,-0.0011,0.010139,0.000736,0.227205,0.0015,0.559102,69.088264,5.252715,69.51384,4.175693,4.0,8.342e-05,14,649,0.13625,0.19652,0.02,0.0,100,0.0,1.0,,,-0.01,0.0151,-0.00094,0.00112,-0.00105,-0.01245,1.01114
2117,2167808,72.7174,70.84615,1.0,0.96,0.978341,-0.002346,0.022717,0.003383,0.230642,0.044189,0.491987,68.198586,5.947761,68.003822,5.770878,4.0,8.332e-05,13,659,0.12604,0.18512,0.02,0.0,100,0.07692,0.0,,,-0.01,0.01723,-0.00036,0.00349,-0.00296,-0.0119,0.96958
2118,2168832,66.33222,71.75,0.91667,0.95,1.040847,-0.000807,0.053517,0.001146,0.388106,0.008754,0.68593,65.614563,9.263153,64.499397,11.565751,4.0,8.322e-05,12,665,0.13918,0.20646,0.02,0.0,100,0.16667,0.0,,,-0.01,0.01475,-0.00056,0.00342,-0.00206,-0.02023,0.83824
2119,2169856,72.58568,75.14286,1.0,0.96,1.117367,-0.001632,0.009587,0.001525,0.279681,0.008092,0.962621,65.071335,12.508584,65.089874,13.247972,4.0,8.312e-05,14,648,0.14156,0.20302,0.02,0.0,100,0.07143,0.0,,,-0.01,0.01512,-0.00176,0.00343,-3e-05,-0.01602,1.00024
2120,2170880,64.41646,104.36364,0.90909,0.95,1.12326,-0.00213,0.004714,0.002496,0.293836,0.030378,0.984972,65.14312,14.416746,64.676392,14.758802,4.0,8.301e-05,11,652,0.14922,0.21441,0.03,0.0,100,0.0,0.0,,,-0.01,0.0148,-0.00106,0.00331,-0.00089,-0.01511,0.71401
2121,2171904,72.41444,76.06667,1.0,0.97,1.040964,-0.000761,0.016233,0.001256,0.200959,0.010638,0.436609,68.90538,5.949758,69.261307,4.593519,4.0,8.291e-05,15,644,0.13757,0.19657,0.01,0.0,100,0.06667,1.0,,,-0.01,0.01706,-0.0007,0.00268,-0.00066,-0.01251,1.09297
2122,2172928,72.41386,74.58333,1.0,0.98,1.1179,-0.002746,0.002797,0.001935,0.303351,0.017997,0.578821,70.320496,1.999484,69.930977,2.15212,4.0,8.281e-05,12,652,0.13867,0.20354,0.01,0.0,100,0.0,0.0,,,-0.01,0.01446,-0.00101,0.00307,0.0,-0.01328,0.85446
2123,2173952,70.88347,101.90909,1.0,0.98,1.176972,-0.002253,0.028426,0.003092,0.335413,0.037946,0.58747,66.246651,7.648286,66.102005,7.075415,4.0,8.271e-05,11,657,0.15599,0.21848,0.01,0.0,100,0.09091,0.0,,,-0.01,0.01389,-0.00072,0.00349,-0.00083,-0.01517,0.78198
2124,2174976,72.81063,76.06667,1.0,0.98,1.119471,-0.00246,0.003501,0.001851,0.296062,0.012033,0.58454,69.292953,2.011793,69.299057,2.430623,4.0,8.26e-05,15,649,0.1322,0.19885,0.01,0.0,100,0.0,0.0,,,-0.01,0.0157,-0.00073,0.00343,-0.00068,-0.00997,1.06914
2125,2176000,65.50063,71.0,0.9,0.97,1.021425,-0.00067,0.040075,0.000942,0.411564,0.002441,0.617994,68.348251,4.426625,66.930298,9.293663,4.0,8.25e-05,10,660,0.12498,0.18783,0.01,0.0,100,0.1,0.0,,,-0.01,0.01741,-0.001,0.00333,-0.00165,-0.01093,0.66342
2126,2177024,72.6455,75.08333,1.0,0.98,1.241839,-0.003114,0.004944,0.002196,0.427805,0.023124,0.95979,65.862549,9.241604,65.098358,10.383124,4.0,8.24e-05,12,649,0.16125,0.22909,0.01,0.0,100,0.0,0.0,,,-0.01,0.01508,-0.00101,0.0032,-0.00036,-0.01004,0.85486
2127,2178048,72.46628,83.75,1.0,0.98,1.179904,-0.00222,0.02634,0.002425,0.274882,0.032436,0.921892,62.018658,15.46341,62.283276,15.312352,4.0,8.23e-05,12,652,0.14726,0.21881,0.01,0.0,100,0.08333,0.0,,,-0.01,0.0158,-0.00155,0.00284,-0.00041,-0.01021,0.87455
2128,2179072,66.82034,99.76923,0.92308,0.98,1.165287,-0.002225,0.002997,0.002903,0.334363,0.031669,0.980798,67.143272,10.254311,66.964546,10.37728,4.0,8.22e-05,13,644,0.13979,0.20857,0.01,0.0,100,0.0,0.0,,,-0.01,0.01627,-0.00104,0.0029,0.0,-0.01343,0.85602
2129,2180096,72.39141,80.53846,1.0,0.98,1.105034,-0.002606,0.006795,0.001263,0.280758,0.008301,0.460328,68.955345,3.413305,69.141975,3.075012,4.0,8.209e-05,13,638,0.12458,0.1928,0.01,0.0,100,0.0,0.0,,,-0.01,0.01636,-0.00144,0.00309,0.0,-0.01115,0.92314
2130,2181120,72.65454,69.92857,1.0,0.98,1.03627,-0.001035,0.010806,0.001377,0.186464,0.011091,0.50241,68.960625,4.055154,68.982811,3.928466,4.0,8.199e-05,14,644,0.12764,0.20197,0.01,0.0,100,0.0,1.0,,,-0.01,0.01885,-0.00081,0.00325,-0.00169,-0.0138,1.00998
2131,2182144,72.62094,72.5625,1.0,0.98,1.055141,-0.00126,0.007949,0.001999,0.277253,0.019741,0.234303,68.631081,3.699776,69.16259,2.821904,4.0,8.189e-05,16,646,0.13362,0.20226,0.01,0.0,100,0.0625,0.0,,,-0.01,0.0165,-0.00101,0.00192,-0.00035,-0.01232,1.15451
2132,2183168,73.05057,69.26667,1.0,0.98,1.073151,-0.003317,0.000677,0.002517,0.380017,0.032471,0.88938,69.758324,2.019853,70.090561,1.977094,4.0,8.179e-05,15,639,0.12877,0.19908,0.01,0.0,100,0.0,0.0,,,-0.01,0.01779,-0.00071,0.00222,0.0,-0.01134,1.07067
2133,2184192,72.48988,71.5,1.0,0.99,1.055655,-0.003921,0.001382,0.002791,0.309571,0.030657,0.753707,69.812592,2.048682,69.927689,1.964238,4.0,8.168e-05,14,649,0.12695,0.19489,0.01,0.0,100,0.0,0.0,,,-0.01,0.01635,-0.00093,-0.00035,-1e-05,-0.01182,0.99827
2134,2185216,72.91555,69.6,1.0,0.99,1.067819,-0.002264,0.001019,0.002189,0.307487,0.019461,0.807252,70.017136,1.986867,70.208778,1.897575,4.0,8.158e-05,15,643,0.13114,0.19866,0.01,0.0,100,0.0,0.0,,,-0.01,0.01703,-0.0008,0.00123,0.0,-0.01111,1.07051
2135,2186240,72.66827,75.61538,1.0,1.0,1.011732,-0.000626,0.022722,0.001411,0.196579,0.008092,0.6771,68.049797,7.784729,68.189262,7.052919,4.0,8.148e-05,13,650,0.14262,0.20839,0.0,0.0,100,0.07692,0.0,,,-0.01,0.01924,-0.00092,0.00384,-0.00157,-0.01211,0.9802
2136,2187264,73.22086,66.26667,1.0,1.0,0.994245,-0.001567,0.004086,0.001646,0.208567,0.011021,0.277364,69.852905,2.282536,70.06768,1.990298,4.0,8.138e-05,15,638,0.12173,0.18056,0.0,0.0,100,0.06667,0.0,,,-0.01,0.02168,-0.00199,0.00347,-0.00132,-0.01007,1.07649
2137,2188288,72.99928,70.25,1.0,1.0,1.046572,-0.002109,0.002562,0.001022,0.211082,0.006104,0.583496,70.062553,2.433448,70.257362,2.094425,4.0,8.127e-05,16,638,0.13578,0.19933,0.0,0.0,100,0.0,1.0,,,-0.01,0.01836,-0.00161,0.00316,0.00027,-0.01365,1.14537
2138,2189312,72.73512,70.63636,1.0,1.0,0.888792,-0.003044,0.013014,0.0025,0.398833,0.027483,0.879511,67.234001,7.400467,65.965462,8.778384,4.0,8.117e-05,11,664,0.14326,0.19865,0.0,0.0,100,0.0,0.0,,,-0.01,0.01924,-0.00363,0.0015,-0.00544,-0.01119,0.88255
2139,2190336,64.87594,104.75,0.91667,0.99,0.831737,-0.000602,0.082823,0.001275,0.23017,0.006487,0.68636,61.560722,13.310393,61.371284,13.675719,4.0,8.107e-05,12,705,0.15815,0.22273,0.0,0.0,100,0.41667,0.0,,,-0.01,0.019,-0.00123,0.00335,-0.00645,-0.01138,1.00735
2140,2191360,71.42472,84.1,1.0,0.99,0.941327,-0.001181,0.033566,0.001039,0.32303,0.006731,0.748055,64.060226,9.988722,63.069172,9.920944,4.0,8.097e-05,10,669,0.16612,0.22581,0.0,0.0,100,0.1,0.0,,,-0.01,0.01569,-0.00449,0.00183,-0.00632,-0.01419,0.83335
2141,2192384,72.45098,81.4,1.0,0.99,0.966806,-0.001461,0.021614,0.001511,0.276667,0.013602,0.610624,65.81488,7.9036,66.775047,6.638252,4.0,8.086e-05,15,651,0.14811,0.2155,0.0,0.0,100,0.13333,0.0,,,-0.01,0.0205,-0.00082,0.0033,-0.00119,-0.01347,1.16895
2142,2193408,72.29008,75.66667,1.0,0.99,1.053914,-0.002163,0.007963,0.001608,0.273733,0.014962,0.546293,68.385071,3.790118,68.710243,3.558303,4.0,8.076e-05,12,635,0.14714,0.20664,0.0,0.0,100,0.0,0.0,,,-0.01,0.01947,-0.00227,0.00323,-0.00036,-0.01547,0.85703
2143,2194432,60.91256,74.07692,0.84615,0.97,0.944976,-0.001301,0.096439,0.000614,0.524608,0.001639,0.548758,66.575996,5.669711,63.907101,12.359045,4.0,8.066e-05,13,659,0.14194,0.20162,0.0,0.0,100,0.23077,0.0,,,-0.01,0.02022,-0.00128,0.00343,-0.00725,-0.01494,0.87222
2144,2195456,67.58365,73.875,0.9375,0.96,0.972524,-0.000836,0.06541,0.003128,0.241499,0.043736,0.579071,65.035454,7.190883,64.441208,10.366779,4.0,8.056e-05,16,652,0.15092,0.21587,0.0,0.0,100,0.25,1.0,,,-0.01,0.01741,-0.00159,0.00219,-0.00523,-0.01416,1.18316
2145,2196480,72.01786,76.77778,1.0,0.96,1.113446,-0.00149,0.038982,0.001185,0.274039,0.006034,0.622235,63.913029,8.29396,63.191006,8.551366,4.0,8.045e-05,9,660,0.1867,0.25427,0.0,0.0,100,0.22222,0.0,,,-0.01,0.01635,-0.00158,0.00374,-0.00528,-0.01595,0.70632
2146,2197504,62.59812,76.75,0.875,0.95,0.897797,-0.001022,0.079471,0.000843,0.406243,0.006173,0.663123,54.440147,11.297357,52.566547,12.860895,4.0,8.035e-05,8,713,0.20035,0.26944,0.0,0.0,100,0.5,0.0,,,-0.01,0.01617,-0.00351,0.00362,-0.01086,-0.00852,0.69963
2147,2198528,65.24658,90.90909,0.90909,0.95,0.897847,-0.000841,0.061011,0.000962,0.203266,0.008371,0.746054,57.076321,10.787801,56.759949,12.838674,4.0,8.025e-05,11,698,0.16504,0.23536,0.0,0.0,100,0.27273,0.0,,,-0.01,0.01662,-0.00193,0.0035,-0.00559,-0.01296,0.91528
2148,2199552,60.43216,136.23077,0.84615,0.93,0.87112,-0.001156,0.030426,0.001027,0.311887,0.00558,0.80144,59.129326,10.151029,60.525013,10.325356,4.0,8.015e-05,13,688,0.14278,0.20313,0.02,0.0,100,0.23077,0.0,,,-0.01,0.01683,-0.00089,0.00252,-0.00362,-0.01388,0.97412
2149,2200576,72.65928,67.88889,1.0,0.93,0.942141,-0.002023,0.014283,0.001264,0.291401,0.008859,0.896237,62.143219,8.686701,61.713215,9.688522,4.0,8.004e-05,9,680,0.15861,0.22139,0.02,0.0,100,0.0,0.0,,,-0.01,0.01712,-0.00097,0.00315,-0.00506,-0.01317,0.76526
2150,2201600,57.51902,106.45455,0.81818,0.91,0.959007,-0.000891,0.09254,0.001333,0.265816,0.012312,0.597074,60.652771,9.141466,59.950588,12.870553,4.0,7.994e-05,11,672,0.15919,0.21669,0.02,0.0,100,0.36364,0.0,,,-0.01,0.01552,-0.00151,0.00252,-0.00288,-0.01724,0.73872
2151,2202624,72.82026,67.92308,1.0,0.91,1.049339,-0.002162,0.011001,0.001814,0.275687,0.014439,0.930436,62.443943,9.364139,62.538097,10.876643,4.0,7.984e-05,13,644,0.15601,0.22022,0.02,0.0,100,0.0,0.0,,,-0.01,0.01731,-0.00132,0.00341,-0.00207,-0.0268,0.98234
2152,2203648,54.08627,102.78571,0.78571,0.9,0.935152,-0.001069,0.101861,0.001076,0.392193,0.004778,0.694761,59.969685,11.040457,57.811634,15.215057,4.0,7.974e-05,14,660,0.1517,0.2221,0.03,0.0,100,0.5,0.0,,,-0.01,0.01733,-0.00045,0.00163,-0.0109,-0.02151,0.89663
2153,2204672,72.39031,71.2,1.0,0.91,0.896409,-0.001198,0.081124,0.000453,0.549381,0.001081,0.144088,60.92585,10.18133,63.291634,8.299475,4.0,7.964e-05,15,657,0.13541,0.20295,0.03,0.0,100,0.4,0.0,,,-0.01,0.01809,-0.00082,0.0018,-0.00694,-0.01153,1.21576
2154,2205696,65.9681,72.5,0.91667,0.91,0.945712,-0.000553,0.043717,0.00068,0.297853,0.003313,0.758342,63.995705,7.982207,63.983929,10.865871,4.0,7.953e-05,12,664,0.13377,0.1932,0.03,0.0,100,0.25,0.0,,,-0.01,0.01613,-0.0014,0.00086,-0.00399,-0.01603,0.86361
2155,2206720,72.44632,68.83333,1.0,0.92,0.918022,-0.001712,0.012429,0.00179,0.296658,0.01423,0.934628,62.765194,10.724015,63.207085,11.46362,4.0,7.943e-05,12,674,0.13557,0.19363,0.03,0.0,100,0.08333,0.0,,,-0.01,0.01686,-0.00104,0.00274,-0.00411,-0.01513,0.9876
2156,2207744,72.29305,70.90909,1.0,0.94,0.895135,-0.001531,0.021035,0.001047,0.228947,0.004813,0.91004,60.642586,12.410278,60.961117,12.894682,4.0,7.933e-05,11,684,0.16037,0.22058,0.01,0.0,100,0.18182,0.0,,,-0.01,0.01621,-0.00124,0.00173,-0.00297,-0.01337,0.95643
2157,2208768,66.45814,110.14286,0.92857,0.94,0.961532,-0.001362,0.024109,0.002381,0.342336,0.029402,0.767466,64.715492,9.485017,65.839325,8.815303,4.0,7.923e-05,14,656,0.14517,0.20216,0.02,0.0,100,0.28571,0.0,,,-0.01,0.01759,-0.00123,0.00236,-0.00397,-0.01326,1.02032
2158,2209792,72.16166,74.83333,1.0,0.95,0.885446,-0.001207,0.033677,0.000923,0.257287,0.008929,0.484867,65.254128,6.767778,64.952293,6.764891,4.0,7.912e-05,12,663,0.13863,0.20147,0.02,0.0,100,0.33333,1.0,,,-0.01,0.01982,-0.00182,0.00308,-0.00984,-0.0121,0.97922
2159,2210816,66.4485,70.5,0.91667,0.94,0.868944,-0.001784,0.050124,0.0029,0.327279,0.03404,0.753746,63.027039,9.185124,62.149303,12.37279,4.0,7.902e-05,12,684,0.14378,0.2047,0.02,0.0,100,0.25,0.0,,,-0.01,0.01844,-0.0005,0.00345,-0.00406,-0.01256,0.95596
2160,2211840,72.23986,74.15385,1.0,0.97,0.892777,-0.002068,0.026302,0.002544,0.298612,0.028006,0.854456,62.856895,11.269369,63.565033,11.104082,4.0,7.892e-05,13,683,0.15438,0.21434,0.01,0.0,100,0.30769,0.0,,,-0.01,0.01821,-0.00158,0.00386,-0.00476,-0.01506,1.0993
2161,2212864,65.90152,107.36364,0.90909,0.96,0.943254,-0.001973,0.006509,0.001579,0.304238,0.014927,0.961268,64.487419,9.953917,64.237518,10.642107,4.0,7.882e-05,11,679,0.15825,0.21505,0.02,0.0,100,0.09091,0.0,,,-0.01,0.01846,-0.00405,0.00335,-0.00237,-0.0122,0.82645
2162,2213888,66.50295,71.0,0.91667,0.96,0.905246,-0.001033,0.039423,0.001843,0.363792,0.01981,0.813211,64.326973,10.596588,63.166958,13.267514,4.0,7.871e-05,12,679,0.14035,0.19604,0.02,0.0,100,0.08333,0.0,,,-0.01,0.01767,-0.00106,0.00319,-0.00283,-0.01238,0.91988
2163,2214912,71.45414,103.16667,1.0,0.96,0.988367,-0.001274,0.045863,0.000692,0.288503,0.003592,0.643107,61.673363,10.850913,62.208645,9.733388,4.0,7.861e-05,12,672,0.16607,0.228,0.02,0.0,100,0.33333,0.0,,,-0.01,0.01737,-0.0031,0.00326,-0.00322,-0.01389,0.98513
2164,2215936,66.31676,71.16667,0.91667,0.95,1.048305,-0.001661,0.054124,0.001201,0.310735,0.007568,0.823949,62.633808,11.292651,61.318798,14.185448,4.0,7.851e-05,12,654,0.14887,0.20965,0.02,0.0,100,0.16667,0.0,,,-0.01,0.01789,-0.0008,0.00362,-0.00558,-0.01725,0.84721
2165,2216960,59.20594,103.83333,0.83333,0.94,0.990621,-0.000646,0.038029,0.001002,0.217431,0.007952,0.868156,60.773266,12.392775,60.105839,14.441151,4.0,7.841e-05,12,670,0.14854,0.20633,0.02,0.0,100,0.33333,0.0,,,-0.01,0.01648,-0.00248,0.00342,-0.00428,-0.01503,0.80808
2166,2217984,65.58593,79.09091,0.90909,0.93,0.85003,-0.001313,0.049324,0.00165,0.249837,0.018101,0.85304,61.204536,12.964824,60.477844,15.147748,4.0,7.83e-05,11,699,0.12972,0.18016,0.02,0.0,100,0.18182,0.0,,,-0.01,0.01776,-0.00145,0.00343,-0.00405,-0.01317,0.87396
2167,2219008,66.20802,74.66667,0.91667,0.93,0.888064,-0.001768,0.048881,0.002552,0.299299,0.036516,0.845105,61.710724,12.713581,60.852058,14.863893,4.0,7.82e-05,12,688,0.13273,0.19489,0.02,0.0,100,0.16667,0.0,,,-0.01,0.01767,-0.00164,0.00344,-0.00433,-0.01246,0.92518
2168,2220032,67.57887,94.28571,0.92857,0.92,0.981704,-0.002053,0.018513,0.00194,0.30174,0.017613,0.850989,66.441345,8.300694,66.373596,9.114765,4.0,7.81e-05,14,654,0.11848,0.17296,0.03,0.0,100,0.14286,0.0,,,-0.01,0.01928,-0.0005,0.0036,-0.00144,-0.01453,0.97516
2169,2221056,72.98638,66.35714,1.0,0.93,1.000515,-0.002685,0.002565,0.003074,0.351582,0.034145,0.987246,64.855995,11.513706,65.199417,11.97995,4.0,7.8e-05,14,661,0.13732,0.19531,0.02,0.0,100,0.0,1.0,,,-0.01,0.0185,-0.00088,0.00335,0.00036,-0.01461,1.07759
2170,2222080,72.74031,67.07143,1.0,0.94,0.961599,-0.00077,0.017315,0.000445,0.233804,0.00143,0.923144,63.937901,12.697759,64.285896,12.636313,4.0,7.789e-05,14,666,0.12916,0.18334,0.02,0.0,100,0.07143,0.0,,,-0.01,0.01656,-0.00112,0.00273,-0.00159,-0.01434,1.10377
2171,2223104,67.12759,98.92308,0.92308,0.93,1.010714,-0.001314,0.007855,0.001074,0.227019,0.006487,0.943373,66.945419,9.400385,66.91008,9.688357,4.0,7.779e-05,13,657,0.13053,0.18645,0.03,0.0,100,0.07692,1.0,,,-0.01,0.01828,-0.00084,0.00234,-0.00128,-0.01393,0.89627
2172,2224128,67.59063,71.42857,0.92857,0.94,0.999166,-0.000891,0.02167,0.001652,0.24477,0.017404,0.870189,67.356796,8.073443,66.914413,11.724418,4.0,7.769e-05,14,651,0.13509,0.18654,0.03,0.0,100,0.07143,0.0,,,-0.01,0.01827,-0.00066,0.00289,-0.00084,-0.01075,0.97658
2173,2225152,72.813,68.85714,1.0,0.95,0.983396,-0.001334,0.025645,0.000543,0.243706,0.000942,0.826679,66.513748,9.04132,66.134987,9.895149,4.0,7.759e-05,14,654,0.13276,0.1914,0.02,0.0,100,0.07143,0.0,,,-0.01,0.01781,-0.00072,0.00321,-0.00287,-0.01135,1.06627
2174,2226176,72.94767,69.5,1.0,0.96,0.909887,-0.002258,0.014296,0.00111,0.347245,0.011265,0.961023,62.639374,15.263265,61.787426,15.976823,4.0,7.748e-05,12,681,0.13844,0.19462,0.02,0.0,100,0.0,0.0,,,-0.01,0.01754,-0.00038,0.0018,-0.00203,-0.01278,0.99401
2175,2227200,66.24623,92.58333,0.91667,0.97,1.080591,-0.001287,0.03766,0.001928,0.276694,0.023786,0.594856,66.100403,8.640014,65.997444,8.365905,4.0,7.738e-05,12,654,0.1504,0.2099,0.01,0.0,100,0.16667,0.0,,,-0.01,0.01702,-0.00093,0.00068,-0.00081,-0.01407,0.79782
2176,2228224,71.92388,80.46667,1.0,0.97,1.108715,-0.001286,0.027981,0.001591,0.3273,0.013602,0.415307,66.851746,7.218448,67.415459,5.942669,4.0,7.728e-05,15,641,0.1522,0.2103,0.01,0.0,100,0.06667,1.0,,,-0.01,0.01628,-0.00063,0.00247,-0.0003,-0.01363,1.07404
2177,2229248,72.86229,74.61538,1.0,0.97,1.056463,-0.002964,0.004586,0.001818,0.298328,0.021868,0.308848,69.661331,2.578401,69.899513,2.147697,4.0,7.718e-05,13,646,0.14062,0.20103,0.01,0.0,100,0.0,0.0,,,-0.01,0.01914,-0.00075,0.00304,-1e-05,-0.01181,0.92565
2178,2230272,67.73064,72.2,0.93333,0.97,0.995102,-0.001486,0.052707,0.001747,0.321898,0.017648,0.693628,67.749557,7.206435,66.367424,10.966954,4.0,7.708e-05,15,658,0.13274,0.19364,0.0,0.0,100,0.13333,0.0,,,-0.01,0.01913,-0.00042,0.00312,-0.00405,-0.00894,1.05529
2179,2231296,67.57184,74.07143,0.92857,0.97,1.006405,-0.001119,0.04151,0.001405,0.274382,0.011963,0.802412,66.476761,8.751052,65.584351,12.298112,4.0,7.697e-05,14,659,0.14335,0.20697,0.0,0.0,100,0.14286,1.0,,,-0.01,0.01844,-0.00135,0.00293,-0.00379,-0.01053,0.98785
2180,2232320,66.57509,74.83333,0.91667,0.96,1.010845,-0.002993,0.037701,0.0028,0.413916,0.034075,0.860722,63.746605,11.327886,62.781742,14.31994,4.0,7.687e-05,12,662,0.1391,0.19952,0.0,0.01,100,0.16667,0.5,,,-0.01,0.0189,-0.00085,0.00274,-0.00298,-0.01236,0.84718
2181,2233344,66.74902,84.92308,0.92308,0.95,0.955409,-0.000697,0.017942,0.001055,0.227491,0.00844,0.932812,64.260628,12.465272,63.930851,14.647844,4.0,7.677e-05,13,666,0.14385,0.19906,0.0,0.01,100,0.07692,0.0,,,-0.01,0.019,-0.00068,0.00247,-0.00064,-0.01479,0.92638
2182,2234368,67.00402,76.38462,0.92308,0.95,1.059087,-0.002942,0.020008,0.002172,0.40361,0.021519,0.942595,61.842979,14.05891,60.729107,16.877691,4.0,7.667e-05,13,659,0.1381,0.20318,0.0,0.01,100,0.07692,0.0,,,-0.01,0.01717,-0.00176,0.00319,-0.00085,-0.01649,0.91853
2183,2235392,71.77635,87.07692,1.0,0.95,1.012181,-0.001115,0.034735,0.001054,0.332368,0.006348,0.857656,63.769478,14.778708,64.852303,13.117159,4.0,7.656e-05,13,662,0.13337,0.20195,0.0,0.01,100,0.07692,0.0,,,-0.01,0.01747,-0.00036,0.002,-0.00079,-0.01339,0.95849
2184,2236416,73.0684,70.0,1.0,0.95,1.127373,-0.003237,0.010271,0.002706,0.389451,0.028355,0.860943,67.078789,6.57554,66.582268,8.139577,4.0,7.646e-05,12,647,0.14174,0.20661,0.0,0.01,100,0.0,0.0,,,-0.01,0.01737,-0.00058,0.00199,0.0,-0.01675,0.85625
2185,2237440,71.59462,93.23077,1.0,0.95,1.132244,-0.003271,0.029492,0.0025,0.391628,0.024275,0.81728,63.812492,12.037216,64.913948,10.737746,4.0,7.636e-05,13,644,0.15753,0.22784,0.0,0.01,100,0.0,0.0,,,-0.01,0.0162,-0.00076,0.00314,0.00102,-0.0091,0.94209
2186,2238464,73.05945,71.66667,1.0,0.96,1.073214,-0.002537,0.004009,0.002102,0.336339,0.024484,0.425718,69.742722,2.838569,70.06382,2.319825,4.0,7.626e-05,15,645,0.15862,0.22475,0.0,0.01,100,0.0,1.0,,,-0.01,0.0192,-0.00068,0.0034,0.0,-0.01307,1.0695
2187,2239488,73.06661,67.92308,1.0,0.97,1.071695,-0.003074,0.0034,0.003187,0.32574,0.037633,0.642079,70.179802,2.566142,70.053429,2.716889,4.0,7.615e-05,13,644,0.16071,0.22754,0.0,0.01,100,0.0,0.0,,,-0.01,0.02004,-0.0006,0.00324,0.0,-0.01253,0.92848
2188,2240512,72.52658,82.30769,1.0,0.98,1.045681,-0.001753,0.026931,0.002434,0.325729,0.024728,0.549064,67.475006,7.549447,67.901451,6.439937,4.0,7.605e-05,13,652,0.15627,0.22585,0.0,0.0,100,0.07692,0.0,,,-0.01,0.01918,-0.00119,0.00326,-0.00115,-0.01066,0.93505
2189,2241536,73.22527,66.5625,1.0,0.99,1.003394,-0.00138,0.001865,0.001506,0.273429,0.009033,0.684387,70.776695,2.170152,70.752609,2.036005,4.0,7.595e-05,16,647,0.13337,0.1942,0.0,0.0,100,0.0,1.0,,,-0.01,0.01853,-0.00145,0.00368,0.0,-0.01267,1.14346
2190,2242560,72.72758,71.08333,1.0,1.0,1.070374,-0.002845,0.016333,0.00147,0.378043,0.01273,0.864106,67.394157,7.990199,66.280563,9.051127,4.0,7.585e-05,12,656,0.12786,0.19058,0.0,0.0,100,0.0,0.0,,,-0.01,0.01636,-0.00107,0.00346,-0.00115,-0.01291,0.87837
2191,2243584,72.62004,75.33333,1.0,1.0,1.02841,-0.001391,0.029282,0.001659,0.285001,0.016288,0.892314,62.653137,13.734102,62.369911,13.964999,4.0,7.574e-05,12,674,0.13111,0.19575,0.0,0.0,100,0.08333,0.0,,,-0.01,0.01692,-0.00072,0.00223,-0.00146,-0.00981,0.92908
2192,2244608,71.86072,98.83333,1.0,1.0,1.036859,-0.001501,0.025417,0.002182,0.32455,0.024484,0.340051,67.047256,8.724561,68.102928,5.695884,4.0,7.564e-05,12,656,0.13255,0.19641,0.0,0.0,100,0.08333,0.0,,,-0.01,0.01957,-0.0006,0.00291,-0.00027,-0.01288,0.86329
2193,2245632,72.81804,74.28571,1.0,1.0,1.138881,-0.00174,0.008611,0.002,0.364425,0.01845,0.547873,68.799858,3.746699,68.710991,3.679505,4.0,7.554e-05,14,650,0.14369,0.20647,0.0,0.0,100,0.0,1.0,,,-0.01,0.01689,-0.00061,0.00323,-1e-05,-0.00919,0.99701
2194,2246656,73.0654,69.15385,1.0,1.0,1.137845,-0.002105,0.003354,0.00166,0.297936,0.013009,0.932627,67.82267,5.535749,67.771301,6.043993,4.0,7.544e-05,13,652,0.14369,0.20759,0.0,0.0,100,0.0,1.0,,,-0.01,0.01711,-0.00087,0.00253,0.0,-0.0097,0.92796
2195,2247680,72.38014,90.66667,1.0,1.0,1.090281,-0.003115,0.007091,0.002727,0.350022,0.028111,0.795543,68.331993,5.312539,68.237167,4.939493,4.0,7.533e-05,12,654,0.14453,0.20633,0.0,0.0,100,0.0,0.0,,,-0.01,0.01698,-0.00092,0.00311,0.0,-0.01118,0.84818
2196,2248704,72.6965,71.85714,1.0,1.0,1.102544,-0.00258,0.00447,0.002363,0.341481,0.023089,0.917917,67.521004,5.496425,67.371101,6.399592,4.0,7.523e-05,14,646,0.14035,0.1995,0.0,0.0,100,0.0,0.0,,,-0.01,0.01549,-0.00078,0.00195,0.0,-0.01789,0.99811
2197,2249728,73.0752,69.18182,1.0,1.0,1.122017,-0.002634,0.016967,0.003053,0.337003,0.038435,0.800821,65.823799,7.46834,65.463486,7.676083,4.0,7.513e-05,11,657,0.15382,0.21292,0.0,0.0,100,0.09091,0.0,,,-0.01,0.01571,-0.00093,0.00206,-0.00083,-0.01633,0.79573
2198,2250752,65.64892,103.69231,0.92308,0.99,1.195221,-0.002352,0.005096,0.002139,0.326389,0.014265,0.949554,64.764198,7.924175,64.609184,8.495568,4.0,7.503e-05,13,652,0.1466,0.20497,0.01,0.0,100,0.07692,0.0,,,-0.01,0.01408,-0.00061,0.00273,0.00108,-0.01037,0.85916
2199,2251776,72.19446,80.88889,1.0,0.99,1.133139,-0.002929,0.005702,0.002543,0.35435,0.027134,0.929932,66.195457,7.402814,66.011147,7.564903,4.0,7.492e-05,9,660,0.1264,0.18164,0.01,0.0,100,0.0,0.0,,,-0.01,0.01604,-0.00055,0.00319,-4e-05,-0.015,0.639
2200,2252800,66.86897,101.0,0.92308,0.98,1.031031,-0.001483,0.005173,0.000844,0.272767,0.002267,0.949688,65.748184,7.771428,65.604134,8.43349,4.0,7.482e-05,13,656,0.11615,0.17487,0.02,0.0,100,0.0,0.0,,,-0.01,0.01685,-0.00048,0.00234,0.0005,-0.01156,0.88044
2201,2253824,72.78446,81.15385,1.0,0.98,1.029168,-0.001711,0.016728,0.002033,0.29267,0.018834,-0.178974,67.769157,4.670205,68.345642,3.152696,4.0,7.472e-05,13,654,0.11471,0.17262,0.02,0.0,100,0.15385,0.0,,,-0.01,0.01676,-0.00069,0.00251,-0.00065,-0.00853,0.93449
2202,2254848,72.576,71.14286,1.0,0.98,1.0426,-0.00098,0.016442,0.000519,0.243648,0.000384,0.780896,66.583336,6.405423,66.228714,7.127803,4.0,7.462e-05,14,652,0.12037,0.18647,0.02,0.0,100,0.14286,0.5,,,-0.01,0.01586,-0.00031,0.002,-0.00332,-0.01167,1.01949
2203,2255872,72.90836,67.0,1.0,0.98,0.948658,-0.00195,0.008635,0.002884,0.284619,0.031913,0.894184,66.083717,7.566554,66.661598,7.669656,4.0,7.452e-05,12,661,0.10783,0.16891,0.02,0.0,100,0.08333,0.0,,,-0.01,0.01711,-0.00041,0.0021,-0.00043,-0.01396,0.88956
2204,2256896,66.85523,96.15385,0.92308,0.97,0.968411,-0.001921,0.005,0.001203,0.348674,0.009208,0.926177,66.937027,6.46677,66.655159,7.035088,4.0,7.441e-05,13,662,0.10548,0.16259,0.03,0.0,100,0.07692,0.5,,,-0.01,0.01604,-0.0002,0.00036,0.00032,-0.01767,0.89553
2205,2257920,72.13885,78.93333,1.0,0.97,1.028959,-0.002802,0.006867,0.001068,0.363556,0.007673,0.610633,68.681503,4.291253,69.126556,3.515393,4.0,7.431e-05,15,645,0.11482,0.17536,0.03,0.0,100,0.0,0.0,,,-0.01,0.01686,-0.00055,0.00229,0.0,-0.01226,1.06595
2206,2258944,72.66187,72.61538,1.0,0.98,1.003289,-0.002644,0.006567,0.002366,0.335393,0.025216,0.498133,69.371834,2.945127,69.347404,3.026637,4.0,7.421e-05,13,650,0.11108,0.17011,0.02,0.0,100,0.0,0.0,,,-0.01,0.01705,-0.00045,0.00345,-0.00052,-0.01563,0.92676
2207,2259968,72.5354,72.4,1.0,0.99,1.010471,-0.002304,0.011176,0.002756,0.288397,0.030518,0.148924,68.78492,3.742492,69.078835,3.101363,4.0,7.411e-05,15,650,0.11817,0.1787,0.01,0.0,100,0.13333,0.0,,,-0.01,0.01711,-0.00013,0.00373,-0.00232,-0.01406,1.10442
2208,2260992,72.75396,67.6,1.0,0.99,0.987075,-0.00226,0.002983,0.002671,0.335907,0.02846,0.729461,69.961143,2.539749,69.938774,2.696561,4.0,7.4e-05,15,642,0.11984,0.18075,0.01,0.0,100,0.0,0.0,,,-0.01,0.02082,-0.00038,0.00315,-0.00053,-0.01929,1.0778
2209,2262016,72.49542,72.35714,1.0,0.99,1.032857,-0.001598,0.002954,0.001952,0.284875,0.022182,0.517252,69.952713,2.401428,70.20089,2.045206,4.0,7.39e-05,14,643,0.12376,0.18998,0.01,0.0,100,0.07143,0.0,,,-0.01,0.01925,-0.00057,0.00323,-0.00055,-0.01647,1.00138
2210,2263040,67.21259,69.0,0.92857,0.98,0.933225,-0.00169,0.049348,0.003135,0.301795,0.038679,0.550914,69.118408,4.101771,67.98912,9.040648,4.0,7.38e-05,14,650,0.12182,0.18658,0.01,0.0,100,0.07143,0.0,,,-0.01,0.01863,-0.00069,0.00266,-0.00233,-0.0174,0.96675
2211,2264064,72.91675,68.35714,1.0,0.99,0.910731,-0.001293,0.023651,0.001499,0.252029,0.012486,0.729798,66.813431,6.855051,66.344231,7.446781,4.0,7.37e-05,14,656,0.12303,0.18853,0.0,0.0,100,0.07143,0.0,,,-0.01,0.02006,-0.00041,0.0032,-0.00673,-0.00925,1.09923
2212,2265088,72.89716,69.73333,1.0,0.99,0.955763,-0.000651,0.013326,0.001557,0.249922,0.017822,0.171057,68.809769,4.116356,69.352638,3.350846,4.0,7.359e-05,15,646,0.11823,0.17792,0.0,0.0,100,0.13333,0.0,,,-0.01,0.01862,-0.00035,0.0028,-0.00038,-0.01373,1.09037
2213,2266112,72.77904,70.66667,1.0,0.99,0.975245,-0.001163,0.00795,0.0005,0.256167,0.00136,0.64275,68.881035,3.553688,69.016823,3.899414,4.0,7.349e-05,15,640,0.11599,0.17675,0.0,0.0,100,0.0,0.0,,,-0.01,0.01935,-0.00045,0.00285,-0.00166,-0.01498,1.08882
2214,2267136,66.32259,80.15385,0.92308,0.98,0.883919,-0.001441,0.058241,0.00078,0.339274,0.002965,0.693461,64.449242,8.056164,62.785255,11.324161,4.0,7.339e-05,13,683,0.13594,0.20282,0.0,0.0,100,0.07692,0.0,,,-0.01,0.01811,-0.00071,0.00339,-0.00569,-0.0168,1.02696
2215,2268160,66.64953,79.69231,0.92308,0.97,0.927134,-0.00085,0.018958,0.000591,0.192482,0.002616,0.726467,67.553062,6.295731,67.931595,6.671359,4.0,7.329e-05,13,657,0.12727,0.18723,0.0,0.0,100,0.15385,0.0,,,-0.01,0.01552,-0.00049,0.00294,-0.00102,-0.01302,0.91529
2216,2269184,72.45403,71.66667,1.0,0.97,0.937648,-0.001776,0.023112,0.003259,0.254809,0.042794,0.472085,67.586449,6.279913,67.977646,5.619298,4.0,7.318e-05,15,653,0.12749,0.19101,0.0,0.0,100,0.13333,0.0,,,-0.01,0.01998,-0.00034,0.00339,-0.00436,-0.01541,1.13775
2217,2270208,72.52159,75.54545,1.0,0.98,1.014055,-0.001329,0.020806,0.000995,0.288023,0.005824,0.477601,67.242859,5.125908,66.597549,5.299929,4.0,7.308e-05,11,662,0.14034,0.20311,0.0,0.0,100,0.18182,0.0,,,-0.01,0.01688,-0.0006,0.00328,-0.00554,-0.01216,0.83872
2218,2271232,65.35616,82.63636,0.90909,0.97,0.832871,-0.001065,0.04925,0.001252,0.251605,0.012451,0.656337,64.856087,6.332403,63.787334,10.178365,4.0,7.298e-05,11,700,0.12668,0.18747,0.0,0.0,100,0.18182,0.0,,,-0.01,0.01967,-2e-05,0.00378,-0.00429,-0.01387,0.86484
2219,2272256,67.71587,86.6,0.93333,0.96,0.839588,-0.000289,0.047022,0.000265,0.18604,0.000244,0.684435,65.485893,7.677614,65.326553,10.681467,4.0,7.288e-05,15,677,0.11772,0.17738,0.0,0.0,100,0.2,0.0,,,-0.01,0.02009,-0.00044,0.00315,-0.00148,-0.0153,1.13272
2220,2273280,72.55321,70.1875,1.0,0.96,0.949094,-0.001025,0.015789,0.000694,0.184114,0.003557,0.511403,68.243568,5.535833,68.722923,4.807242,4.0,7.277e-05,16,653,0.12423,0.18342,0.0,0.0,100,0.125,0.0,,,-0.01,0.01859,-0.00011,0.00339,-0.0037,-0.01603,1.19876
2221,2274304,72.5134,74.91667,1.0,0.96,1.034993,-0.001617,0.011696,0.001803,0.213599,0.012033,0.609243,68.293648,5.159669,68.255081,4.743146,4.0,7.267e-05,12,659,0.13645,0.19814,0.0,0.0,100,0.08333,0.0,,,-0.01,0.01669,-0.0002,0.00222,-0.00208,-0.01218,0.88893
2222,2275328,72.06826,83.91667,1.0,0.98,0.936372,-0.000938,0.011186,0.000758,0.262809,0.005476,0.606645,67.838943,4.79603,68.027946,4.511703,4.0,7.257e-05,12,660,0.10393,0.15851,0.0,0.0,100,0.08333,0.0,,,-0.01,0.01741,-0.00032,0.00119,-0.00198,-0.01291,0.88527
2223,2276352,72.72537,74.64286,1.0,0.98,1.00205,-0.001907,0.002922,0.001142,0.312553,0.008022,0.72583,68.99382,2.69622,69.311539,2.685832,4.0,7.247e-05,14,652,0.10254,0.15974,0.0,0.0,100,0.0,0.0,,,-0.01,0.01724,-0.00035,0.00164,-1e-05,-0.00941,0.99684
2224,2277376,72.71542,69.46667,1.0,0.98,0.928438,-0.001886,0.004339,0.001784,0.271251,0.018345,0.800478,68.759209,3.217663,68.662941,3.818431,4.0,7.236e-05,15,652,0.09954,0.15082,0.0,0.0,100,0.0,0.0,,,-0.01,0.01812,-0.00035,0.00105,-0.00077,-0.01599,1.10225
2225,2278400,72.52679,76.15385,1.0,0.99,0.974707,-0.001209,0.003258,0.000915,0.225358,0.003383,0.716629,69.044441,3.416475,69.397835,2.83007,4.0,7.226e-05,13,652,0.10593,0.1584,0.0,0.0,100,0.07692,0.0,,,-0.01,0.0179,-0.00044,0.00354,0.00026,-0.01699,0.95046
2226,2279424,72.65886,70.75,1.0,0.99,1.068613,-0.001572,0.003413,0.001565,0.325514,0.014753,0.815359,68.93396,2.972835,68.519463,3.570682,4.0,7.216e-05,12,644,0.10735,0.15795,0.0,0.0,100,0.0,0.0,,,-0.01,0.01693,-0.00011,0.0034,-0.00053,-0.01318,0.85763
2227,2280448,71.16348,113.36364,1.0,1.0,1.076623,-0.001804,0.00976,0.001426,0.286565,0.010393,0.763978,66.073502,5.51997,66.092751,5.34007,4.0,7.206e-05,11,662,0.112,0.16626,0.0,0.0,100,0.09091,0.0,,,-0.01,0.01526,-0.00092,0.00201,-0.00153,-0.01153,0.79798
2228,2281472,66.86099,72.0,0.92308,0.99,0.978094,-0.001195,0.049585,0.00271,0.341488,0.034075,0.510548,68.438301,3.415785,66.990303,8.757576,4.0,7.196e-05,13,647,0.09567,0.14743,0.0,0.0,100,0.15385,0.0,,,-0.01,0.01885,-0.00013,0.00363,-0.00217,-0.01444,0.89049
2229,2282496,67.13993,69.23077,0.92308,0.98,0.991313,-0.000509,0.040437,0.001715,0.299704,0.017753,0.674888,66.303436,5.464998,65.146065,9.883138,4.0,7.185e-05,13,657,0.09238,0.14449,0.0,0.0,100,0.07692,0.0,,,-0.01,0.01751,0.00014,0.00351,-0.00215,-0.0155,0.88396
2230,2283520,73.1395,66.6,1.0,0.98,1.089581,-0.001242,0.008737,0.001558,0.316103,0.01144,0.941874,62.718071,9.604722,62.053249,10.939121,4.0,7.175e-05,10,653,0.09401,0.13723,0.0,0.0,100,0.0,0.0,,,-0.01,0.01712,-0.00126,0.00319,-0.00144,-0.01419,0.73076
2231,2284544,66.7621,99.53846,0.92308,0.97,1.008144,-0.000903,0.012781,0.001128,0.267354,0.009905,0.950644,61.681892,12.86203,62.214733,13.2464,4.0,7.165e-05,13,660,0.10104,0.1537,0.01,0.0,100,0.07692,0.0,,,-0.01,0.01811,-0.00052,0.00327,-0.00087,-0.01203,0.90779
2232,2285568,67.00003,99.15385,0.92308,0.96,0.963571,-0.001548,0.005369,0.001094,0.298188,0.008231,0.967188,65.70649,10.352567,65.643578,10.646013,4.0,7.155e-05,13,669,0.11035,0.16261,0.02,0.0,100,0.07692,1.0,,,-0.01,0.01838,-0.00048,0.00276,-0.00025,-0.01307,0.9165
2233,2286592,73.05106,66.44444,1.0,0.96,1.09855,-0.001568,0.009497,0.002277,0.431822,0.021031,0.930137,64.88636,8.827673,63.614197,10.179649,4.0,7.144e-05,9,657,0.11491,0.16629,0.02,0.0,100,0.0,0.0,,,-0.01,0.01701,-0.0003,0.00383,-0.00034,-0.01928,0.65086
2234,2287616,64.27124,88.77778,0.88889,0.95,1.064905,-0.000941,0.019081,0.000654,0.304544,0.002128,0.954077,57.840034,15.323623,56.349186,17.334549,4.0,7.134e-05,9,672,0.12105,0.17612,0.02,0.0,100,0.11111,0.0,,,-0.01,0.01532,-0.0016,0.00367,-0.00206,-0.02136,0.61735
2235,2288640,70.72006,107.22222,1.0,0.95,1.019213,-0.001558,0.025225,0.001366,0.482289,0.006871,0.926978,56.976204,15.349254,55.286919,16.269125,4.0,7.124e-05,9,673,0.11928,0.16608,0.02,0.0,100,0.0,0.0,,,-0.01,0.01315,-0.00556,0.00377,-0.00193,-0.03418,0.69201
2236,2289664,56.37028,125.1,0.8,0.93,0.962622,-0.001412,0.022234,0.001497,0.290319,0.016636,0.957438,53.714581,17.611319,52.455025,19.843224,4.0,7.114e-05,10,685,0.13027,0.17611,0.03,0.0,100,0.1,0.0,,,-0.01,0.01529,-0.00622,0.0038,-0.00341,-0.02618,0.65766
2237,2290688,58.05241,99.27273,0.81818,0.91,0.90796,-0.00215,0.061932,0.002277,0.395581,0.021798,0.899634,55.783634,18.060925,54.016781,20.642643,4.0,7.103e-05,11,677,0.12184,0.17566,0.03,0.0,100,0.36364,0.0,,,-0.01,0.01546,-0.00356,0.00358,-0.00527,-0.01225,0.7462
2238,2291712,65.4928,95.4375,0.9375,0.92,0.961561,-0.001411,0.035863,0.002221,0.338884,0.025077,0.684104,65.10218,9.998687,66.098495,8.961914,4.0,7.093e-05,16,649,0.11869,0.17489,0.04,0.0,100,0.125,0.0,,,-0.01,0.01526,-0.00074,0.00326,-0.00126,-0.01118,1.11908
2239,2292736,72.45014,80.36364,1.0,0.92,1.061523,-0.001459,0.026113,0.002148,0.288623,0.018555,0.633818,66.219131,7.333258,66.204689,7.185414,4.0,7.083e-05,11,654,0.12063,0.17107,0.04,0.0,100,0.09091,0.0,,,-0.01,0.01585,-0.0006,0.00325,-0.00026,-0.01522,0.79561
2240,2293760,66.42444,76.83333,0.91667,0.92,0.989477,-0.001341,0.045378,0.000796,0.314855,0.003732,0.893308,60.589725,14.722035,59.663166,17.228874,4.0,7.073e-05,12,666,0.12256,0.1751,0.03,0.0,100,0.16667,0.0,,,-0.01,0.01649,-0.00039,0.00209,-0.00258,-0.01618,0.83734
2241,2294784,72.9607,69.81818,1.0,0.93,1.055938,-0.001664,0.003143,0.00131,0.275081,0.009766,0.989703,63.204346,14.865169,63.344318,15.649392,4.0,7.062e-05,11,651,0.12165,0.16922,0.02,0.0,100,0.0,0.0,,,-0.01,0.01585,-0.00015,0.00363,0.0,-0.02287,0.78496
2242,2295808,66.0597,100.73333,0.93333,0.92,1.061213,-0.002658,0.002737,0.002804,0.344554,0.031564,0.982984,66.421494,10.813888,66.764259,11.106568,4.0,7.052e-05,15,637,0.13086,0.18555,0.03,0.0,100,0.0,0.0,,,-0.01,0.01717,-0.00037,0.00358,0.0,-0.01528,0.99632
2243,2296832,72.79691,70.69231,1.0,0.93,1.042454,-0.002065,0.001997,0.001352,0.294032,0.010324,0.748858,69.234756,2.497548,69.579086,2.335075,4.0,7.042e-05,13,644,0.13588,0.18987,0.03,0.0,100,0.0,0.0,,,-0.01,0.01651,-0.00022,0.0036,0.0,-0.0139,0.92731
2244,2297856,72.66064,71.42857,1.0,0.95,1.023178,-0.001908,0.005517,0.002725,0.291975,0.027658,0.585477,69.39109,2.462427,69.466408,2.962635,4.0,7.032e-05,14,644,0.12845,0.1791,0.02,0.0,100,0.0,0.0,,,-0.01,0.0183,-6e-05,0.00227,-0.00127,-0.01438,1.00124
2245,2298880,72.76098,71.0,1.0,0.98,1.067332,-0.002323,0.007781,0.002168,0.25402,0.019775,0.394064,69.572441,2.585937,69.599098,2.921559,4.0,7.021e-05,16,644,0.13576,0.18978,0.01,0.0,100,0.0625,0.0,,,-0.01,0.01649,-0.00101,0.00351,-0.00091,-0.01379,1.14482
2246,2299904,72.59775,68.35714,1.0,0.98,1.014422,-0.001179,0.006929,0.001087,0.212902,0.007115,0.291309,69.19268,3.039084,69.420761,2.628715,4.0,7.011e-05,14,648,0.13993,0.19111,0.01,0.0,100,0.07143,0.0,,,-0.01,0.01621,-0.00101,0.00244,-0.00015,-0.01607,1.00475
2247,2300928,66.29531,79.92308,0.92308,0.98,0.975288,-0.001914,0.031525,0.001617,0.397735,0.013637,0.833205,67.072533,8.481339,65.681099,12.101948,4.0,7.001e-05,13,661,0.13192,0.184,0.01,0.0,100,0.07692,0.0,,,-0.01,0.01579,-0.00032,0.00372,-0.00296,-0.01484,0.90104
2248,2301952,72.38506,76.84615,1.0,0.98,0.981483,-0.001382,0.023297,0.002948,0.288085,0.0369,0.503271,67.589493,6.892513,68.007912,5.766884,4.0,6.991e-05,13,658,0.12599,0.17925,0.01,0.0,100,0.07692,0.0,,,-0.01,0.01636,-0.00083,0.00103,-0.0014,-0.01232,0.9699
2249,2302976,72.27693,76.26667,1.0,0.99,1.074279,-0.002347,0.001994,0.001625,0.325151,0.010917,0.694576,69.410568,2.207079,69.64006,2.119257,4.0,6.98e-05,15,653,0.11858,0.16853,0.0,0.0,100,0.0,0.0,,,-0.01,0.01521,-0.00033,0.00189,0.0,-0.01444,1.06725
2250,2304000,72.49842,73.0,1.0,0.99,1.010927,-0.002138,0.005838,0.001546,0.251583,0.012486,0.825133,68.71978,4.143991,68.501396,4.702012,4.0,6.97e-05,11,661,0.12823,0.18531,0.0,0.0,100,0.0,0.0,,,-0.01,0.01695,-0.00079,0.00317,-0.00022,-0.01294,0.80586
2251,2305024,72.60844,73.8125,1.0,0.99,1.035526,-0.000934,0.005264,0.001666,0.223517,0.015067,0.179983,69.141891,3.223044,69.65493,2.22563,4.0,6.96e-05,16,649,0.13865,0.19764,0.0,0.0,100,0.0625,0.0,,,-0.01,0.01646,-0.00077,0.0026,0.00021,-0.0145,1.14995
2252,2306048,72.47212,74.63636,1.0,0.99,1.101529,-0.001176,0.011508,0.000705,0.362496,0.002511,0.912582,67.626488,8.439698,66.387558,9.98984,4.0,6.95e-05,11,669,0.16113,0.22455,0.0,0.0,100,0.0,0.0,,,-0.01,0.01447,-0.00088,0.00324,-0.00142,-0.01898,0.84782
2253,2307072,67.2552,75.21429,0.92857,0.98,1.049553,-0.003378,0.009767,0.002795,0.347903,0.035435,0.911231,66.346298,8.463052,66.053818,10.279481,4.0,6.94e-05,14,643,0.15631,0.22055,0.0,0.0,100,0.14286,0.0,,,-0.01,0.01589,-0.00065,0.00343,-0.00107,-0.01527,0.93304
2254,2308096,72.79608,68.0,1.0,0.98,1.091514,-0.000493,0.015512,0.002361,0.182604,0.0256,0.953752,64.33477,15.173871,64.065552,15.496396,4.0,6.929e-05,11,649,0.15863,0.22076,0.0,0.0,100,0.0,0.0,,,-0.01,0.0166,-0.00159,0.00289,-0.00169,-0.01663,0.80619
2255,2309120,65.24102,101.75,0.91667,0.98,0.99661,-0.001781,0.012238,0.000785,0.317598,0.005127,0.907263,67.03347,9.308096,66.376984,9.836529,4.0,6.919e-05,12,642,0.15301,0.2141,0.01,0.0,100,0.08333,0.0,,,-0.01,0.01507,-0.00506,0.00373,-0.00046,-0.02367,0.80301
2256,2310144,70.69881,85.46667,1.0,0.98,1.084732,-0.001742,0.010716,0.002339,0.327314,0.026611,0.359116,69.139183,5.186079,69.388657,3.61406,4.0,6.909e-05,15,639,0.15695,0.22573,0.01,0.0,100,0.0,0.0,,,-0.01,0.0143,-0.00173,0.00231,0.0,-0.01578,1.06276
2257,2311168,72.86555,70.35714,1.0,0.98,1.095287,-0.002413,0.007549,0.001137,0.350081,0.007603,0.838436,68.70739,4.221778,67.999901,5.532282,4.0,6.899e-05,14,644,0.15786,0.22767,0.01,0.0,100,0.0,0.0,,,-0.01,0.01505,-0.00103,0.00191,-0.00115,-0.0187,1.01364
2258,2312192,72.73916,69.92308,1.0,0.98,1.051455,-0.002394,0.00495,0.002339,0.318798,0.030587,0.961108,65.789757,10.851271,65.343735,12.623148,4.0,6.888e-05,13,645,0.14027,0.2074,0.01,0.0,100,0.07692,0.0,,,-0.01,0.01669,-0.00089,0.00062,0.0,-0.02419,0.92803
2259,2313216,69.26854,97.77778,1.0,0.98,1.098759,-0.0023,0.019695,0.002495,0.351363,0.02553,0.837396,66.109962,11.613948,66.576599,9.685965,4.0,6.878e-05,9,655,0.13756,0.20438,0.01,0.0,100,0.0,0.0,,,-0.01,0.01645,-0.00026,0.00302,-1e-05,-0.01071,0.63405
2260,2314240,66.92225,75.46154,0.92308,0.98,1.007514,-0.0008,0.029394,0.000986,0.484393,0.007952,0.890403,64.277473,11.418565,62.610569,14.747957,4.0,6.868e-05,13,658,0.13084,0.20299,0.01,0.0,100,0.07692,0.0,,,-0.01,0.01741,-0.00034,0.00351,-0.00203,-0.01438,0.91427
2261,2315264,72.24889,70.38462,1.0,0.98,1.093027,-0.002293,0.009256,0.001563,0.296906,0.018276,0.973079,64.108528,14.480371,63.843773,14.815638,4.0,6.858e-05,13,642,0.1312,0.20372,0.01,0.0,100,0.0,0.0,,,-0.01,0.01528,-0.00065,0.00362,-0.00077,-0.01615,0.92887
2262,2316288,60.14673,109.5,0.83333,0.96,0.949169,-0.001178,0.030489,0.00156,0.412381,0.011614,0.891911,66.685913,11.491127,65.26992,14.408455,4.0,6.847e-05,12,659,0.11489,0.18261,0.02,0.0,100,0.08333,0.0,,,-0.01,0.01616,-0.00025,0.00406,-0.00273,-0.01482,0.75317
2263,2317312,72.36378,75.92308,1.0,0.97,0.964,-0.00178,0.0442,0.001472,0.401187,0.013707,0.828741,64.795364,11.425449,63.325531,13.093984,4.0,6.837e-05,13,659,0.13044,0.19732,0.01,0.0,100,0.0,0.0,,,-0.01,0.01501,4e-05,0.00322,-0.00316,-0.01222,0.99881
2264,2318336,67.15224,74.38462,0.92308,0.96,0.963713,-0.001822,0.009587,0.001537,0.263852,0.009556,0.975114,63.175423,15.465478,62.784451,16.511341,4.0,6.827e-05,13,665,0.12056,0.18649,0.01,0.0,100,0.07692,0.0,,,-0.01,0.01571,-0.00058,0.00393,0.0002,-0.01149,0.90957
2265,2319360,72.33459,74.75,1.0,0.96,0.977338,-0.00206,0.004164,0.001851,0.271835,0.020438,0.989799,62.751015,17.024797,62.83411,17.291273,4.0,6.817e-05,12,662,0.12226,0.18421,0.01,0.0,100,0.0,0.0,,,-0.01,0.01589,-0.0006,0.00369,-0.00037,-0.01434,0.90543
2266,2320384,67.29805,97.35714,0.92857,0.95,0.905312,-0.001575,0.009852,0.002252,0.236377,0.028634,0.962697,65.229912,13.906703,65.427032,13.869574,4.0,6.806e-05,14,658,0.11022,0.1737,0.02,0.0,100,0.14286,0.0,,,-0.01,0.01646,-0.00048,0.00351,-0.0009,-0.01664,0.96802
2267,2321408,73.07474,68.28571,1.0,0.95,0.950558,-0.00181,0.016683,0.002303,0.420822,0.026332,0.929882,66.1716,12.756348,65.484535,14.191472,4.0,6.796e-05,14,659,0.11807,0.18348,0.02,0.0,100,0.0,0.0,,,-0.01,0.01697,-0.00068,0.00362,-0.00072,-0.01044,1.05106
2268,2322432,72.77646,71.75,1.0,0.96,0.835339,-0.000695,0.051826,0.001862,0.24275,0.022252,0.915903,59.668583,21.321928,60.014496,20.694134,4.0,6.786e-05,12,684,0.12624,0.19265,0.02,0.0,100,0.08333,0.0,,,-0.01,0.01745,-0.00091,0.00392,-0.0002,-0.01186,0.98375
2269,2323456,72.69158,69.5,1.0,0.97,0.901685,-0.002437,0.002505,0.001339,0.325788,0.00701,0.994694,62.758781,18.047184,62.909451,18.220499,4.0,6.776e-05,14,674,0.12791,0.1947,0.01,0.0,100,0.0,0.0,,,-0.01,0.01534,-0.00077,0.00362,0.0,-0.01434,1.09715
2270,2324480,66.94989,98.83333,0.91667,0.97,0.946729,-0.001909,0.002793,0.001702,0.290215,0.01573,0.907938,69.089638,4.622316,69.201897,4.696798,4.0,6.765e-05,12,651,0.1316,0.19656,0.02,0.0,100,0.08333,1.0,,,-0.01,0.01718,-0.00069,0.00267,-3e-05,-0.01168,0.78875
2271,2325504,72.49008,74.625,1.0,0.98,0.951983,-0.000791,0.025428,0.001521,0.290886,0.015625,0.188963,68.11805,5.862391,68.338768,4.747714,4.0,6.755e-05,16,646,0.132,0.19482,0.02,0.0,100,0.0625,0.0,,,-0.01,0.01678,-0.00057,0.00297,-0.00146,-0.0131,1.15538
2272,2326528,72.68901,72.66667,1.0,0.98,0.984895,-0.001267,0.008092,0.00212,0.246656,0.024275,0.567028,68.812263,4.619809,69.279884,3.762981,4.0,6.745e-05,15,649,0.13016,0.19198,0.02,0.0,100,0.06667,1.0,,,-0.01,0.01604,-0.00091,0.00366,-0.00075,-0.0117,1.08644
2273,2327552,73.12026,68.16667,1.0,0.99,1.020849,-0.001784,0.003799,0.001041,0.356315,0.005406,0.77295,69.409073,2.897996,69.253365,3.623008,4.0,6.735e-05,12,649,0.12779,0.18429,0.01,0.0,100,0.0,0.0,,,-0.01,0.01721,-0.00076,0.00368,0.0,-0.01217,0.85697
2274,2328576,72.35577,80.38462,1.0,0.99,0.95777,-0.002818,0.010683,0.001939,0.331006,0.021554,0.701493,68.735168,4.776587,68.661949,4.856701,4.0,6.724e-05,13,651,0.12645,0.18663,0.01,0.0,100,0.0,0.0,,,-0.01,0.01671,-0.00079,0.00363,-0.00048,-0.01308,0.93707
2275,2329600,72.89946,72.2,1.0,0.99,0.971331,-0.001812,0.007843,0.001327,0.265407,0.006417,-0.007745,69.335464,3.368757,69.75631,2.401902,4.0,6.714e-05,15,646,0.11943,0.18356,0.01,0.0,100,0.06667,0.0,,,-0.01,0.01742,-0.00147,0.00338,-3e-05,-0.01082,1.07313
2276,2330624,72.69285,69.875,1.0,0.99,0.964373,-0.00167,0.002594,0.001311,0.264672,0.007778,0.739518,70.114761,2.308634,70.105164,2.560817,4.0,6.704e-05,16,638,0.10912,0.17417,0.01,0.0,100,0.0,0.0,,,-0.01,0.01742,-0.0008,0.00294,-0.00069,-0.01472,1.14493
2277,2331648,72.77254,71.5,1.0,1.0,1.00411,-0.000838,0.007367,0.00052,0.235922,0.001639,0.577,69.50428,3.689788,69.50087,3.438039,4.0,6.694e-05,12,652,0.12251,0.18376,0.0,0.0,100,0.08333,0.0,,,-0.01,0.01764,-0.00028,0.00327,-0.00132,-0.01261,0.8737
2278,2332672,72.25807,78.58333,1.0,1.0,1.027518,-0.001971,0.003583,0.001903,0.267142,0.017718,0.578733,69.937889,2.082276,69.631332,2.391902,4.0,6.684e-05,12,645,0.11449,0.17523,0.0,0.0,100,0.08333,0.0,,,-0.01,0.01666,-0.00034,0.00207,0.0,-0.01733,0.85361
2279,2333696,73.12173,67.35714,1.0,1.0,1.031781,-0.001436,0.007996,0.001567,0.391788,0.011823,0.920553,67.185501,8.580417,66.508553,10.555595,4.0,6.673e-05,14,643,0.1192,0.18784,0.0,0.0,100,0.0,0.0,,,-0.01,0.01603,-0.00049,0.00176,-0.00081,-0.01536,1.00423
2280,2334720,72.98312,70.25,1.0,1.0,1.092153,-0.001725,0.004876,0.001845,0.402845,0.019322,0.989058,62.163372,18.294947,61.437702,18.710405,4.0,6.663e-05,12,667,0.13178,0.19774,0.0,0.0,100,0.0,0.0,,,-0.01,0.01345,-0.00027,0.00265,0.0,-0.01064,0.91174
2281,2335744,65.41643,113.0,0.92308,0.99,1.050121,-0.001353,0.014906,0.00074,0.326702,0.005615,0.955061,64.722,15.735749,64.951279,15.192402,4.0,6.653e-05,13,659,0.12435,0.19252,0.01,0.0,100,0.07692,0.0,,,-0.01,0.01608,-0.00066,0.00363,-3e-05,-0.01282,0.88039
2282,2336768,72.64732,74.0,1.0,0.99,1.040382,-0.001274,0.003167,0.000874,0.242631,0.003802,0.244088,69.95433,1.800987,69.88298,1.720744,4.0,6.643e-05,14,647,0.12638,0.19139,0.01,0.0,100,0.07143,0.0,,,-0.01,0.01675,-0.00044,0.00384,-0.00112,-0.01344,0.99923
2283,2337792,72.01436,70.75,1.0,0.99,1.089966,-0.00188,0.011676,0.002655,0.282917,0.030727,0.346866,68.916885,3.863194,68.754562,3.492284,4.0,6.632e-05,12,650,0.13204,0.192,0.01,0.0,100,0.08333,0.0,,,-0.01,0.01523,-0.0008,0.00296,-0.0013,-0.01688,0.86367
2284,2338816,72.70397,75.8,1.0,0.99,1.034389,-0.001524,0.005814,0.002068,0.260039,0.022879,0.307674,69.403458,2.965059,69.560997,2.48275,4.0,6.622e-05,15,653,0.1184,0.18106,0.01,0.0,100,0.06667,0.0,,,-0.01,0.01795,-0.00045,0.00346,-0.00118,-0.01447,1.07983
2285,2339840,72.58959,73.61538,1.0,0.99,1.073121,-0.001217,0.010182,0.001087,0.318354,0.006975,0.934781,67.044212,9.109927,66.331833,10.623669,4.0,6.612e-05,13,663,0.13789,0.20728,0.01,0.0,100,0.0,0.0,,,-0.01,0.01437,-0.00068,0.00331,-0.00095,-0.01093,0.98211
2286,2340864,66.75936,79.15385,0.92308,0.98,0.978748,-0.001865,0.025861,0.001414,0.408879,0.008371,0.938501,63.539555,15.077737,62.199677,17.391342,4.0,6.602e-05,13,678,0.13213,0.20205,0.01,0.0,100,0.15385,0.0,,,-0.01,0.01565,-0.00023,0.00266,-0.00406,-0.01556,0.96501
2287,2341888,66.93834,77.5,0.92857,0.97,1.161904,-0.001302,0.00673,0.000849,0.333359,0.002197,0.955983,67.032265,9.533018,66.394188,11.217343,4.0,6.591e-05,14,649,0.13743,0.20401,0.01,0.0,100,0.07143,0.0,,,-0.01,0.01467,-0.00063,0.00192,-0.00023,-0.01376,0.94445
2288,2342912,72.96737,67.09091,1.0,0.97,1.108478,-0.00198,0.017451,0.002499,0.404775,0.029122,0.941021,63.67387,12.916094,62.659416,14.020435,4.0,6.581e-05,11,656,0.14485,0.2149,0.01,0.0,100,0.0,0.0,,,-0.01,0.01764,-0.00058,0.00275,-0.00246,-0.00892,0.81199
2289,2343936,66.71783,108.08333,0.91667,0.97,1.073383,-0.000919,0.061496,0.001769,0.24397,0.014962,0.891255,57.412258,19.327755,56.928253,19.716455,4.0,6.571e-05,12,670,0.15559,0.22702,0.01,0.0,100,0.16667,0.0,,,-0.01,0.01603,-0.00075,0.00336,-0.003,-0.00853,0.87083
2290,2344960,64.86131,84.90909,0.90909,0.96,0.992089,-0.001488,0.094908,0.001549,0.291403,0.014823,0.585305,63.986889,12.216375,63.340401,12.805177,4.0,6.561e-05,11,669,0.14541,0.21742,0.01,0.0,100,0.27273,0.0,,,-0.01,0.01577,-0.00094,0.0029,-0.00372,-0.0148,0.77305
2291,2345984,72.61867,71.0,1.0,0.96,1.1331,-0.001481,0.010129,0.001354,0.331945,0.006383,0.915148,64.819527,8.172297,65.002762,9.431435,4.0,6.55e-05,13,644,0.1423,0.21736,0.01,0.0,100,0.0,0.0,,,-0.01,0.01575,-0.00038,0.00267,-6e-05,-0.01148,0.929
2292,2347008,72.25183,83.78571,1.0,0.96,1.132653,-0.002809,0.027254,0.002265,0.347305,0.032192,-0.083711,67.071327,6.051542,67.51297,4.177648,4.0,6.54e-05,14,646,0.13807,0.21545,0.01,0.0,100,0.07143,0.0,,,-0.01,0.01408,-0.00086,0.00377,-0.00087,-0.01107,0.99741
2293,2348032,72.54304,75.23077,1.0,0.96,1.16942,-0.002055,0.011697,0.001709,0.315861,0.011196,0.870321,66.186699,6.853268,66.217819,7.815775,4.0,6.53e-05,13,644,0.15521,0.22634,0.01,0.0,100,0.0,1.0,,,-0.01,0.01432,-0.0004,0.00272,-0.00063,-0.00938,0.93425
2294,2349056,72.83127,68.8,1.0,0.97,1.229115,-0.001418,0.019275,0.001955,0.388867,0.016671,0.931826,62.339016,12.886681,61.102482,13.928923,4.0,6.52e-05,10,645,0.1488,0.22597,0.01,0.0,100,0.1,0.0,,,-0.01,0.01449,-0.00034,0.0033,-0.00263,-0.01964,0.72455
2295,2350080,66.19036,105.66667,0.91667,0.97,1.041464,-0.001574,0.023978,0.002016,0.337821,0.018834,0.949188,57.087009,17.570789,57.558228,18.428076,4.0,6.509e-05,12,664,0.14387,0.22128,0.02,0.0,100,0.25,1.0,,,-0.01,0.01471,-0.00074,0.00295,-0.00305,-0.01467,0.86583
2296,2351104,72.5606,73.81818,1.0,0.97,1.206674,-0.000967,0.015451,0.000976,0.302501,0.003383,0.958792,62.068268,15.339815,61.553169,16.139509,4.0,6.499e-05,11,646,0.16309,0.24089,0.02,0.0,100,0.09091,0.0,,,-0.01,0.01276,-0.00057,0.00281,-0.00155,-0.01954,0.79304
2297,2352128,64.33676,101.16667,0.91667,0.96,1.047764,-0.001895,0.022639,0.00156,0.287619,0.014788,0.93491,60.969692,14.388945,60.386894,15.411863,4.0,6.489e-05,12,655,0.14583,0.22684,0.03,0.0,100,0.08333,0.0,,,-0.01,0.01449,1e-05,0.00289,-0.00504,-0.01193,0.86022
2298,2353152,72.13539,74.8,1.0,0.97,1.016538,-0.002017,0.041557,0.00241,0.31884,0.028739,0.903342,58.272392,16.96105,57.536713,17.212309,4.0,6.479e-05,10,683,0.14776,0.23051,0.02,0.0,100,0.4,0.0,,,-0.01,0.01451,-0.00027,0.00351,-0.00619,-0.00951,0.84635
2299,2354176,67.19981,108.28571,0.92857,0.97,1.01424,-0.001336,0.027002,0.001369,0.355306,0.007568,0.792074,64.143959,10.863954,65.238014,10.205844,4.0,6.468e-05,14,662,0.13766,0.22229,0.03,0.0,100,0.28571,0.0,,,-0.01,0.01713,-0.00074,0.00367,-0.00186,-0.01078,0.99051
2300,2355200,72.6552,69.16667,1.0,0.97,1.173491,-0.002363,0.007907,0.002037,0.377549,0.018136,0.914289,65.737343,6.626107,65.436028,7.993223,4.0,6.458e-05,12,646,0.16226,0.24787,0.03,0.0,100,0.0,0.0,,,-0.01,0.01393,-0.00055,0.00367,-0.00049,-0.01474,0.85885
2301,2356224,72.80372,72.0,1.0,0.97,1.233305,-0.002094,0.017718,0.002478,0.341337,0.022112,0.945107,59.908089,14.300463,59.454773,15.604144,4.0,6.448e-05,11,649,0.17459,0.25761,0.03,0.0,100,0.27273,0.0,,,-0.01,0.01445,-0.00094,0.0038,-0.00311,-0.01314,0.8144
2302,2357248,62.75468,119.875,0.875,0.96,1.157416,-0.002508,0.008548,0.002696,0.325671,0.027274,0.98427,56.249096,18.933783,55.445782,19.559212,4.0,6.438e-05,8,667,0.17708,0.25637,0.04,0.0,100,0.0,0.0,,,-0.01,0.01429,-0.00071,0.00285,-0.00092,-0.01298,0.53299
2303,2358272,66.87965,105.8,0.93333,0.95,1.179519,-0.001611,0.019676,0.001372,0.302269,0.009696,0.937488,62.891174,15.482296,63.384609,15.31613,4.0,6.428e-05,15,645,0.16916,0.25509,0.05,0.0,100,0.06667,0.0,,,-0.01,0.01347,-0.00111,0.00251,-1e-05,-0.01375,1.00677
2304,2359296,72.1145,77.33333,1.0,0.96,1.17111,-0.001622,0.005329,0.001842,0.307848,0.014927,0.53259,69.02459,3.004901,69.082077,2.795477,4.0,6.417e-05,12,644,0.17788,0.25829,0.04,0.0,100,0.08333,0.0,,,-0.01,0.01403,-0.00077,0.00267,-0.00023,-0.0109,0.8629
2305,2360320,73.0683,69.90909,1.0,0.97,1.170039,-0.003184,0.004924,0.002786,0.39371,0.035993,0.914655,67.122124,6.072195,66.68428,7.312807,4.0,6.407e-05,11,638,0.17835,0.25897,0.03,0.0,100,0.0,0.0,,,-0.01,0.01631,-0.0006,0.00319,-0.0001,-0.01133,0.78889
2306,2361344,71.98834,86.75,1.0,0.97,1.458639,-0.001376,0.016616,0.001908,0.437546,0.008789,0.948201,60.38208,14.297429,59.18634,15.021402,4.0,6.397e-05,8,646,0.22143,0.30286,0.03,0.0,100,0.125,0.0,,,-0.01,0.01038,-0.00189,0.00135,-7e-05,-0.00654,0.57013
2307,2362368,63.96685,115.77778,0.88889,0.96,1.370758,-0.003281,0.007334,0.002269,0.442776,0.022287,0.987448,55.840538,19.202568,54.684509,19.98892,4.0,6.387e-05,9,648,0.19966,0.29216,0.04,0.0,100,0.0,0.0,,,-0.01,0.01156,-0.00154,0.00277,0.00013,-0.00854,0.58122
2308,2363392,64.9992,113.9,0.9,0.96,1.302194,-0.002111,0.00994,0.001938,0.367049,0.019008,0.985366,56.304718,20.955227,55.720448,21.512465,4.0,6.376e-05,10,644,0.18875,0.28166,0.04,0.0,100,0.1,0.0,,,-0.01,0.01234,-0.00139,0.00206,-1e-05,-0.0093,0.64215
2309,2364416,65.43275,109.0,0.90909,0.95,1.233585,-0.00158,0.009352,0.001001,0.340153,0.004046,0.966342,63.914013,13.075934,63.515423,13.833898,4.0,6.366e-05,11,645,0.16859,0.25928,0.05,0.0,100,0.09091,0.0,,,-0.01,0.01432,-0.00072,0.00297,-0.00207,-0.01023,0.71755
2310,2365440,72.63712,72.76923,1.0,0.95,1.082955,-0.001922,0.007073,0.001235,0.269693,0.008719,0.981136,62.902679,15.830582,62.636158,16.283813,4.0,6.356e-05,13,658,0.14867,0.23939,0.05,0.0,100,0.07692,0.0,,,-0.01,0.01404,-0.00067,0.00126,-0.00025,-0.01005,0.98922
2311,2366464,66.69765,102.66667,0.91667,0.95,1.224104,-0.001901,0.011989,0.00113,0.420942,0.009801,0.935757,65.302071,11.071145,64.55677,11.973964,4.0,6.346e-05,12,646,0.16186,0.25551,0.05,0.0,100,0.08333,0.0,,,-0.01,0.01322,-0.00083,0.00262,-0.00051,-0.01071,0.79426
2312,2367488,72.03419,82.30769,1.0,0.96,1.186202,-0.001593,0.016946,0.002964,0.293644,0.031459,0.956043,61.490059,15.853935,61.53405,16.427923,4.0,6.335e-05,13,661,0.16451,0.26304,0.04,0.0,100,0.23077,0.0,,,-0.01,0.01335,-0.00092,0.00307,-0.00287,-0.01226,0.98257
2313,2368512,65.07058,108.4,0.9,0.95,1.200726,-0.002089,0.003991,0.002051,0.360565,0.020473,0.991422,62.40918,18.030933,62.358616,18.19219,4.0,6.325e-05,10,654,0.15063,0.25035,0.05,0.0,100,0.1,0.0,,,-0.01,0.01682,-0.00091,0.00288,-0.00115,-0.00814,0.64729
2314,2369536,72.44959,81.15385,1.0,0.95,1.136973,-0.0029,0.004638,0.001927,0.3962,0.017822,0.330676,68.807587,2.358778,68.769783,2.224238,4.0,6.315e-05,13,648,0.13811,0.22963,0.05,0.0,100,0.0,1.0,,,-0.01,0.01512,-0.00077,0.00261,0.0,-0.01068,0.92288
2315,2370560,67.38865,82.0,0.92857,0.94,1.146941,-0.00085,0.024678,0.00198,0.364659,0.020368,0.831951,66.887306,7.4996,65.72821,11.492154,4.0,6.305e-05,14,659,0.15345,0.25329,0.05,0.0,100,0.07143,0.0,,,-0.01,0.01667,-0.0004,0.00335,-0.00182,-0.00884,0.99969
2316,2371584,72.72174,72.875,1.0,0.95,1.119605,-0.002154,0.017447,0.001838,0.588866,0.01716,0.925693,63.149387,11.730628,61.043884,13.471999,4.0,6.294e-05,8,668,0.17201,0.26673,0.04,0.0,100,0.0,0.0,,,-0.01,0.01451,-0.00126,0.00377,-0.00399,-0.01095,0.62425
2317,2372608,71.93765,86.84615,1.0,0.97,1.114662,-0.000288,0.037484,0.000545,0.26078,0.000105,0.919577,61.245422,18.974499,61.918171,18.413279,4.0,6.284e-05,13,651,0.14662,0.24457,0.02,0.0,100,0.15385,0.5,,,-0.01,0.0143,-0.00029,0.00174,-0.0002,-0.01119,0.95595
2318,2373632,66.91686,99.30769,0.92308,0.96,1.128691,-0.002854,0.002121,0.002434,0.319043,0.024309,0.994924,64.892532,16.445086,64.791382,16.624659,4.0,6.274e-05,13,642,0.13742,0.23214,0.03,0.0,100,0.0,0.0,,,-0.01,0.01487,-0.00066,0.00115,0.0,-0.01133,0.85622
2319,2374656,72.28429,74.53846,1.0,0.97,1.061591,-0.002244,0.00466,0.001546,0.324278,0.01008,0.34352,69.637016,2.406304,69.597862,2.201277,4.0,6.264e-05,13,653,0.12765,0.2241,0.02,0.0,100,0.07692,0.0,,,-0.01,0.01487,-0.00046,0.00024,-0.00087,-0.01161,0.93284
2320,2375680,72.10331,79.53846,1.0,0.97,1.097832,-0.002544,0.004654,0.002163,0.353453,0.018659,0.514712,69.618973,2.678041,69.518784,2.582778,4.0,6.253e-05,13,649,0.13184,0.22559,0.02,0.0,100,0.0,0.0,,,-0.01,0.01432,-0.0002,0.00249,0.0,-0.01157,0.92357
2321,2376704,72.63696,76.75,1.0,0.98,1.123167,-0.002746,0.002415,0.001823,0.380473,0.018206,0.599218,69.781075,2.093057,69.79081,2.038276,4.0,6.243e-05,16,644,0.13198,0.22545,0.01,0.0,100,0.0,0.0,,,-0.01,0.0145,-0.00032,0.00282,0.0,-0.01239,1.13815
2322,2377728,72.63393,69.0,1.0,0.98,0.974032,-0.001368,0.004844,0.000689,0.294946,0.001953,0.927059,68.189407,6.003978,67.604523,7.135241,4.0,6.233e-05,11,666,0.11485,0.20374,0.01,0.0,100,0.09091,0.0,,,-0.01,0.01465,-0.00013,0.00061,-0.00202,-0.01068,0.82982
2323,2378752,72.73982,71.2,1.0,0.98,0.95684,-0.001329,0.008633,0.001019,0.315075,0.002441,0.972832,62.816494,14.603997,61.986938,15.635487,4.0,6.223e-05,10,680,0.12107,0.21424,0.01,0.0,100,0.1,0.0,,,-0.01,0.01651,-0.00076,0.00339,-0.00252,-0.00888,0.79649
2324,2379776,72.83236,71.75,1.0,0.99,0.877934,-0.001525,0.00368,0.000773,0.296693,0.007359,0.994341,57.974922,21.303967,57.581421,21.898895,4.0,6.212e-05,12,698,0.10991,0.20259,0.01,0.0,100,0.08333,0.0,,,-0.01,0.01575,-0.00032,0.00341,-0.00031,-0.01086,1.01669
2325,2380800,66.21488,105.27273,0.90909,0.98,0.928407,-0.002708,0.008442,0.003079,0.412815,0.035296,0.982441,58.608196,20.785011,57.837769,21.299904,4.0,6.202e-05,11,693,0.12196,0.21777,0.02,0.0,100,0.0,0.0,,,-0.01,0.0143,-0.00059,0.00345,-0.00065,-0.0162,0.83027
2326,2381824,65.47203,106.9,0.9,0.97,1.03459,-0.002318,0.017188,0.002916,0.426066,0.033412,0.97147,61.680759,18.599688,60.024487,20.183493,4.0,6.192e-05,10,667,0.12054,0.21535,0.02,0.0,100,0.1,0.0,,,-0.01,0.01651,-0.00027,0.00373,-0.00221,-0.01725,0.68964
2327,2382848,66.24072,87.83333,0.91667,0.97,1.056459,-0.000885,0.022881,0.00139,0.303205,0.011475,0.963863,60.627262,20.583134,59.469769,21.936232,4.0,6.182e-05,12,658,0.12285,0.21495,0.01,0.0,100,0.08333,0.0,,,-0.01,0.01419,-0.00053,0.00377,-0.00139,-0.01894,0.81429
2328,2383872,66.30193,100.13333,0.93333,0.96,0.990135,-0.000725,0.028383,0.000752,0.231296,0.002407,0.840209,66.978806,11.561283,67.294586,10.790092,4.0,6.172e-05,15,648,0.12207,0.21234,0.02,0.0,100,0.06667,0.0,,,-0.01,0.01833,-0.00028,0.0034,-0.00095,-0.01046,1.04182
2329,2384896,72.83625,71.72727,1.0,0.96,1.040823,-0.001866,0.003708,0.001282,0.263378,0.009103,0.61097,69.612938,2.703834,69.570244,2.577392,4.0,6.161e-05,11,649,0.12088,0.21452,0.02,0.0,100,0.0,0.0,,,-0.01,0.01565,-0.00055,0.0027,4e-05,-0.00974,0.78923
2330,2385920,72.68875,75.6,1.0,0.96,1.006261,-0.002499,0.003788,0.001833,0.291468,0.01695,0.706084,69.863258,2.920811,69.903854,2.96258,4.0,6.151e-05,15,645,0.12155,0.21831,0.02,0.0,100,0.0,0.0,,,-0.01,0.01762,-0.00131,0.00375,-0.00069,-0.01097,1.0778
2331,2386944,73.07854,67.35714,1.0,0.96,0.9736,-0.002837,0.010172,0.00262,0.342167,0.030308,0.939804,66.814026,10.316529,66.287209,11.895454,4.0,6.141e-05,14,663,0.12242,0.22274,0.02,0.0,100,0.07143,0.0,,,-0.01,0.01876,-0.00055,0.00381,-0.00225,-0.0122,1.07823
2332,2387968,67.07268,85.71429,0.92857,0.95,1.00508,-0.001244,0.033802,0.000576,0.282055,0.001604,0.835246,66.805992,10.598539,66.373917,11.733922,4.0,6.131e-05,14,659,0.12478,0.2191,0.02,0.0,100,0.21429,0.0,,,-0.01,0.01643,-0.00059,0.00346,-0.00263,-0.01104,0.98773
2333,2388992,72.95286,70.23077,1.0,0.97,1.064687,-0.002404,0.007399,0.002446,0.292311,0.025321,0.79136,69.228104,3.673579,68.816727,4.80262,4.0,6.12e-05,13,652,0.12436,0.21651,0.01,0.0,100,0.0,0.0,,,-0.01,0.01691,-0.00051,0.0022,-0.00119,-0.01262,0.93957
2334,2390016,72.75447,76.08333,1.0,0.98,0.948665,-0.002448,0.008949,0.001852,0.294284,0.023054,0.969573,64.314758,13.741834,64.017792,14.888803,4.0,6.11e-05,12,679,0.11875,0.21365,0.01,0.0,100,0.08333,0.0,,,-0.01,0.01709,-0.00074,0.00338,-0.00139,-0.00877,0.9538
2335,2391040,72.47614,81.42857,1.0,0.99,1.007028,-0.000776,0.042617,0.001636,0.255878,0.016811,0.139454,68.039223,8.721272,68.287285,5.910127,4.0,6.1e-05,14,656,0.11652,0.20855,0.0,0.0,100,0.07143,0.0,,,-0.01,0.01869,-0.00064,0.00335,-0.00034,-0.01474,1.01453
2336,2392064,72.94017,70.08333,1.0,0.99,1.007808,-0.002983,0.00608,0.002679,0.356633,0.034738,0.98009,64.86306,13.559889,64.661705,14.629218,4.0,6.09e-05,12,657,0.10891,0.19748,0.0,0.0,100,0.0,0.0,,,-0.01,0.01833,-0.00026,0.0021,0.00073,-0.01172,0.87953
2337,2393088,72.95524,68.84615,1.0,0.99,1.014169,-0.001816,0.00566,0.001412,0.282378,0.013358,0.988166,62.923481,17.6516,62.862129,18.073606,4.0,6.079e-05,13,663,0.12122,0.20953,0.0,0.0,100,0.07692,0.0,,,-0.01,0.01749,-0.00052,-0.00079,-0.00105,-0.0087,0.97274
2338,2394112,67.95784,95.46667,0.93333,0.98,1.074646,-0.001349,0.002277,0.00184,0.279786,0.019392,0.993649,65.140144,16.18697,65.31913,16.400612,4.0,6.069e-05,15,658,0.12233,0.21727,0.01,0.0,100,0.06667,0.0,,,-0.01,0.01815,-0.00047,0.00195,0.0,-0.00945,1.02683
2339,2395136,72.98837,73.06667,1.0,0.99,1.071641,-0.001881,0.003925,0.002004,0.292016,0.018171,0.265473,70.193192,2.364122,70.260765,1.925907,4.0,6.059e-05,15,643,0.12167,0.20606,0.01,0.0,100,0.06667,0.0,,,-0.01,0.01728,-0.0001,0.00346,-0.00046,-0.00972,1.07391
2340,2396160,72.90526,69.64286,1.0,0.99,1.022549,-0.000719,0.009162,0.001187,0.271755,0.007045,0.209994,69.573967,3.614333,69.77404,2.936796,4.0,6.049e-05,14,647,0.11947,0.2104,0.01,0.0,100,0.21429,0.0,,,-0.01,0.01804,-0.00011,0.00364,-0.00305,-0.01028,1.03209
2341,2397184,73.08128,69.83333,1.0,0.99,1.072337,-0.002095,0.000836,0.001457,0.2735,0.010568,0.794884,70.550842,1.786316,70.55938,1.665051,4.0,6.038e-05,12,650,0.11733,0.20047,0.01,0.0,100,0.0,0.0,,,-0.01,0.0178,-0.00032,0.00322,0.0,-0.01274,0.85632
2342,2398208,72.74427,75.5,1.0,0.99,1.102714,-0.001578,0.006807,0.00202,0.254206,0.018066,0.486134,70.106277,3.452686,70.059486,3.005167,4.0,6.028e-05,16,644,0.12495,0.20839,0.01,0.0,100,0.0625,0.0,,,-0.01,0.01773,-0.00019,0.00322,-0.00109,-0.00935,1.1683
2343,2399232,73.13572,71.53846,1.0,0.99,1.066024,-0.00389,0.000877,0.002607,0.386164,0.029855,0.774257,70.437813,1.68029,70.471603,1.610754,4.0,6.018e-05,13,651,0.11286,0.18959,0.01,0.0,100,0.0,0.0,,,-0.01,0.01902,-0.00027,0.00336,-1e-05,-0.01069,0.92695
2344,2400256,73.14146,69.23077,1.0,0.99,1.099826,-0.002032,0.00318,0.001649,0.305283,0.012416,0.728908,70.25985,2.298249,69.778694,2.874443,4.0,6.008e-05,13,650,0.12375,0.2016,0.01,0.0,100,0.0,0.0,,,-0.01,0.01747,-0.00032,0.00268,-0.00084,-0.0113,0.93642
2345,2401280,72.17356,84.46154,1.0,1.0,1.033929,-0.001824,0.014028,0.001943,0.330712,0.01838,0.814181,67.612602,6.042901,67.199112,7.118077,4.0,5.997e-05,13,658,0.11352,0.19643,0.0,0.0,100,0.23077,0.0,,,-0.01,0.01533,-6e-05,0.00373,-0.00081,-0.01106,0.98146
2346,2402304,72.84858,78.73333,1.0,1.0,1.023036,-0.001359,0.018352,0.001355,0.305595,0.01144,0.30715,68.583183,7.167723,69.281784,4.590651,4.0,5.987e-05,15,650,0.10995,0.19119,0.0,0.0,100,0.13333,0.0,,,-0.01,0.01788,-0.0004,0.00385,-0.00123,-0.00998,1.0968
2347,2403328,72.89294,69.23077,1.0,1.0,0.992222,-0.001719,0.002599,0.00196,0.276024,0.01852,0.768105,70.026062,2.134264,69.814735,2.623636,4.0,5.977e-05,13,650,0.09955,0.17483,0.0,0.0,100,0.07692,0.0,,,-0.01,0.01769,-0.00011,0.00295,-0.0023,-0.01324,0.95552
2348,2404352,66.42583,84.76923,0.92308,0.99,1.0708,-0.000278,0.041281,0.000282,0.415316,7e-05,0.557119,69.686852,3.503881,68.377686,8.721137,4.0,5.967e-05,13,655,0.12374,0.19789,0.0,0.0,100,0.15385,1.0,,,-0.01,0.01585,-0.00013,0.00281,-0.00098,-0.0104,0.88048
2349,2405376,73.01078,69.73333,1.0,0.99,1.050174,-0.000953,0.007015,0.001224,0.273902,0.009661,0.537379,69.078568,2.461824,69.173752,2.922621,4.0,5.956e-05,15,651,0.11546,0.19092,0.0,0.0,100,0.06667,0.0,,,-0.01,0.01836,-0.00039,0.00285,-0.00239,-0.01083,1.09239
2350,2406400,66.88889,78.5,0.91667,0.98,0.977189,-0.001117,0.013733,0.001238,0.317528,0.013009,0.943089,65.277061,11.592937,64.404549,14.529048,4.0,5.946e-05,12,677,0.11467,0.18754,0.0,0.0,100,0.08333,0.0,,,-0.01,0.01694,-0.00057,0.00291,0.0,-0.00874,0.85968
2351,2407424,72.5903,77.15385,1.0,0.98,1.118929,-0.001655,0.007173,0.00172,0.314016,0.015206,0.635314,68.66906,3.093617,68.542717,3.532529,4.0,5.936e-05,13,652,0.12068,0.19685,0.0,0.0,100,0.0,0.0,,,-0.01,0.01597,-0.00049,0.00199,0.0,-0.01117,0.92458
2352,2408448,72.8002,75.26667,1.0,0.98,1.059572,-0.00302,0.004384,0.002912,0.33663,0.034633,0.246127,69.199539,2.599364,69.510483,2.202295,4.0,5.926e-05,15,647,0.11203,0.1861,0.0,0.0,100,0.0,0.0,,,-0.01,0.01655,-0.00035,0.0026,0.0001,-0.00954,1.06774
2353,2409472,72.88084,72.66667,1.0,0.98,1.067953,-0.00175,0.00153,0.001618,0.303521,0.012242,0.758442,69.627693,2.140882,69.85807,2.083853,4.0,5.916e-05,15,646,0.11119,0.17955,0.0,0.0,100,0.0,0.0,,,-0.01,0.01736,-0.00032,0.00271,-1e-05,-0.01027,1.06901
2354,2410496,72.48429,72.4,1.0,0.98,0.91317,-0.001615,0.016893,0.001023,0.332001,0.008301,0.901915,66.499687,9.455625,65.681107,10.960969,4.0,5.905e-05,10,671,0.10128,0.17016,0.0,0.0,100,0.1,0.0,,,-0.01,0.01579,-3e-05,0.00344,-0.00373,-0.01361,0.77693
2355,2411520,66.03855,75.72727,0.90909,0.98,1.058351,-0.001179,0.032621,0.001093,0.364768,0.006731,0.889594,64.108597,12.94495,62.990379,14.562193,4.0,5.895e-05,11,671,0.12688,0.20088,0.0,0.0,100,0.18182,0.0,,,-0.01,0.01662,-0.00121,0.00317,-0.00238,-0.01014,0.77573
2356,2412544,72.14027,91.4,1.0,0.98,0.990798,-0.001883,0.038176,0.000788,0.416121,0.005929,0.933884,58.977978,19.559666,57.589417,19.638126,4.0,5.885e-05,10,697,0.12841,0.20066,0.0,0.0,100,0.0,1.0,,,-0.01,0.01432,-0.00064,0.00281,-0.00501,-0.00806,0.84132
2357,2413568,64.00559,117.27273,0.90909,0.97,0.886324,-0.000771,0.09395,0.001053,0.381541,0.009975,0.807239,56.983738,19.922165,56.673161,19.208508,4.0,5.875e-05,11,698,0.11561,0.18765,0.0,0.0,100,0.27273,0.0,,,-0.01,0.01511,-0.00045,0.00228,-0.00378,-0.01079,0.85697
2358,2414592,66.78614,75.23077,0.92308,0.96,1.076098,-0.000932,0.024246,0.001927,0.301067,0.018764,0.948537,62.325436,15.928897,61.445454,18.274055,4.0,5.864e-05,13,650,0.12147,0.19285,0.0,0.0,100,0.07692,0.0,,,-0.01,0.01623,-0.00041,0.0027,-0.00155,-0.01428,0.88489
2359,2415616,72.48551,77.16667,1.0,0.97,1.054033,-0.002736,0.005515,0.001311,0.28999,0.005999,0.986968,62.159241,16.880703,62.413765,16.856529,4.0,5.854e-05,12,668,0.13153,0.19775,0.0,0.0,100,0.0,0.0,,,-0.01,0.01443,-0.00069,0.00371,-0.00066,-0.01046,0.92915
2360,2416640,65.61094,111.0,0.90909,0.96,1.005856,-0.001485,0.017987,0.001897,0.283353,0.019392,0.908722,65.640663,10.343627,64.994057,11.45129,4.0,5.844e-05,11,661,0.11422,0.1803,0.01,0.0,100,0.09091,0.0,,,-0.01,0.01586,-0.00031,0.00371,-0.00251,-0.00945,0.75527
2361,2417664,67.64431,81.53333,0.93333,0.95,1.020568,-0.00111,0.040732,0.000637,0.224182,0.003139,0.857541,64.5765,12.620319,64.875992,13.905293,4.0,5.834e-05,15,660,0.11535,0.18364,0.01,0.0,100,0.06667,0.0,,,-0.01,0.0168,-0.00093,0.00131,-0.00083,-0.01034,1.05734
2362,2418688,72.18666,79.46154,1.0,0.95,1.117788,-0.002277,0.004997,0.001766,0.314644,0.017334,0.597957,68.383301,3.32145,68.860741,2.956787,4.0,5.823e-05,13,651,0.12277,0.18192,0.01,0.0,100,0.0,0.0,,,-0.01,0.01265,-0.00081,0.00305,4e-05,-0.00995,0.9236
2363,2419712,73.17621,68.41667,1.0,0.96,0.982195,-0.001384,0.013393,0.000642,0.352789,0.002895,0.905164,67.332542,8.477682,66.941238,9.997213,4.0,5.813e-05,12,661,0.11457,0.17836,0.01,0.0,100,0.0,0.0,,,-0.01,0.0163,-0.00023,0.00325,-0.00145,-0.0083,0.88848
2364,2420736,72.21605,79.92308,1.0,0.96,0.949611,-0.000825,0.049604,0.000753,0.239202,0.001883,0.686313,65.762474,10.731227,65.800117,10.24459,4.0,5.803e-05,13,661,0.10536,0.16645,0.01,0.0,100,0.07692,0.0,,,-0.01,0.0162,-0.0004,0.00272,-0.00063,-0.01413,0.96726
2365,2421760,72.63136,75.5,1.0,0.97,0.959742,-0.001141,0.046388,0.00043,0.272325,0.001814,0.821278,64.751717,13.193391,64.594612,13.313072,4.0,5.793e-05,14,668,0.11328,0.17941,0.01,0.0,100,0.07143,0.0,,,-0.01,0.01586,-0.00054,0.00223,-0.00209,-0.01132,1.08319
2366,2422784,66.38564,87.30769,0.92308,0.97,1.103721,-0.001548,0.025998,0.001731,0.274981,0.015834,0.841638,65.820976,8.868341,65.99028,10.473457,4.0,5.782e-05,13,656,0.12441,0.18797,0.01,0.0,100,0.07692,0.0,,,-0.01,0.01638,-0.00081,0.00232,-0.00023,-0.01121,0.86786
2367,2423808,72.5451,74.71429,1.0,0.98,1.105437,-0.00184,0.005869,0.001094,0.319815,0.00987,0.486711,68.546524,3.144149,68.84864,2.831165,4.0,5.772e-05,14,650,0.12221,0.1882,0.0,0.0,100,0.0,0.0,,,-0.01,0.01401,-0.00069,0.00169,0.0,-0.01219,0.99681
2368,2424832,72.46742,77.69231,1.0,0.98,1.130967,-0.001588,0.006352,0.001183,0.352775,0.002023,0.523286,68.639893,3.31314,68.863411,3.025675,4.0,5.762e-05,13,645,0.13072,0.19796,0.0,0.0,100,0.0,0.0,,,-0.01,0.01545,-0.0007,0.00291,0.0,-0.01127,0.92435
2369,2425856,72.69808,70.25,1.0,0.99,1.07763,-0.001312,0.007891,0.00215,0.266612,0.020857,0.281353,68.944756,3.298213,69.398476,2.794578,4.0,5.752e-05,16,641,0.12418,0.18984,0.0,0.0,100,0.0625,0.0,,,-0.01,0.01641,-0.00021,0.00327,-0.00084,-0.01372,1.1481
2370,2426880,72.9196,72.5,1.0,0.99,0.993065,-0.001327,0.038608,0.000774,0.284067,0.002232,0.818134,65.445045,10.668473,64.718887,11.765622,4.0,5.741e-05,10,664,0.12227,0.18198,0.0,0.0,100,0.1,0.0,,,-0.01,0.01761,-6e-05,0.00254,-0.00417,-0.00941,0.76836
2371,2427904,67.7776,79.06667,0.93333,0.98,1.02897,-0.000878,0.008871,0.001409,0.221782,0.011091,0.972121,64.968895,13.315916,64.924141,15.078019,4.0,5.731e-05,15,662,0.12756,0.19067,0.0,0.0,100,0.13333,0.0,,,-0.01,0.01704,-0.00072,0.00322,-0.00028,-0.01163,1.05885
2372,2428928,72.73453,76.35714,1.0,0.98,1.165885,-0.001052,0.005654,0.000955,0.258399,0.00579,0.185202,68.885696,2.580569,69.187004,2.207388,4.0,5.721e-05,14,649,0.13735,0.19921,0.0,0.0,100,0.0,0.0,,,-0.01,0.01551,-0.00069,0.00367,-0.00067,-0.01031,1.00165
2373,2429952,72.82261,73.21429,1.0,0.99,1.157916,-0.001314,0.009336,0.000887,0.271925,0.002999,0.184307,68.812057,3.653817,69.219421,2.920711,4.0,5.711e-05,14,647,0.14639,0.20695,0.0,0.0,100,0.14286,0.0,,,-0.01,0.01557,-0.00086,0.00366,-0.00093,-0.00906,1.00932
2374,2430976,72.51977,75.0,1.0,0.99,1.205932,-0.001114,0.004619,0.001766,0.262359,0.013323,0.556876,69.811989,2.116013,69.687325,2.582085,4.0,5.7e-05,13,650,0.15068,0.21575,0.0,0.0,100,0.0,0.0,,,-0.01,0.01438,-0.00082,0.00368,-0.00089,-0.01016,0.92639
2375,2432000,72.10059,94.09091,1.0,0.99,1.144325,-0.001729,0.032424,0.001335,0.304651,0.012765,0.605551,66.319138,8.500686,66.537865,7.54706,4.0,5.69e-05,11,670,0.14789,0.21987,0.0,0.0,100,0.18182,0.0,,,-0.01,0.0157,-0.00096,0.00277,-0.00182,-0.00857,0.84142
2376,2433024,72.52141,72.77778,1.0,0.99,1.276057,-0.001471,0.007674,0.000818,0.425702,0.001465,0.804575,67.939659,3.986789,66.763924,5.221612,4.0,5.68e-05,9,661,0.17042,0.2423,0.0,0.0,100,0.0,0.0,,,-0.01,0.01155,-0.00112,0.00337,-0.00145,-0.01791,0.65564
2377,2434048,71.51746,100.90909,1.0,0.99,1.15253,-0.001614,0.040282,0.00139,0.265112,0.01144,0.872872,60.762993,14.23813,60.905724,14.705373,4.0,5.67e-05,11,668,0.15316,0.22363,0.0,0.0,100,0.09091,0.0,,,-0.01,0.01585,-0.00087,0.00371,-0.00016,-0.0173,0.8264
2378,2435072,72.5338,77.66667,1.0,0.99,1.206735,-0.002015,0.008658,0.001163,0.380031,0.005894,0.980505,59.951508,17.652075,59.121868,18.416555,4.0,5.66e-05,9,667,0.14862,0.21598,0.0,0.0,100,0.0,0.0,,,-0.01,0.01508,-0.00071,0.00241,-0.00058,-0.01317,0.67766
2379,2436096,66.67018,107.75,0.9375,0.99,1.220543,-0.001406,0.027117,0.003061,0.323987,0.039621,0.631868,66.183083,8.313498,67.085365,7.109057,4.0,5.649e-05,16,648,0.15051,0.22556,0.01,0.0,100,0.1875,0.0,,,-0.01,0.01482,-0.00094,0.00381,-0.00179,-0.00951,1.08916
2380,2437120,72.72297,79.1,1.0,0.99,1.296339,-0.001323,0.006097,0.001617,0.353601,0.008894,0.807304,68.097885,3.54301,67.720009,4.780855,4.0,5.639e-05,10,646,0.16071,0.23242,0.01,0.0,100,0.0,0.0,,,-0.01,0.01464,-0.00103,0.0033,0.0,-0.01408,0.71058
2381,2438144,72.69264,74.5,1.0,0.99,1.379054,-0.003664,0.003513,0.003265,0.422473,0.043841,0.982449,64.427727,12.376406,63.897087,13.587528,4.0,5.629e-05,10,646,0.18262,0.26758,0.01,0.0,100,0.0,0.0,,,-0.01,0.01288,-0.00127,0.00344,0.0,-0.01312,0.71208
2382,2439168,72.17739,78.9,1.0,0.99,1.421035,-0.002774,0.005564,0.003136,0.384302,0.031494,0.985699,60.456123,17.155647,59.843781,17.770756,4.0,5.619e-05,10,649,0.17746,0.25391,0.01,0.0,100,0.0,0.0,,,-0.01,0.01301,-0.00129,0.00298,0.0,-0.01333,0.71064
2383,2440192,65.10336,124.46154,0.92308,0.98,1.274507,-0.002595,0.029138,0.004,0.367995,0.047886,0.691205,66.403877,9.473703,66.46685,8.064087,4.0,5.608e-05,13,647,0.15966,0.23942,0.02,0.0,100,0.0,0.0,,,-0.01,0.01418,-0.00132,0.00246,-0.0007,-0.00909,0.84664
2384,2441216,72.44322,82.18182,1.0,0.98,1.183009,-0.001393,0.017859,0.001173,0.274671,0.003871,0.595302,66.723961,6.207311,66.721947,5.640134,4.0,5.598e-05,11,655,0.15088,0.22509,0.02,0.0,100,0.09091,0.0,,,-0.01,0.01549,-0.00102,0.0034,-0.00032,-0.01366,0.80781
2385,2442240,71.83758,81.625,1.0,0.98,1.163902,-0.00224,0.005996,0.002486,0.317243,0.01702,0.352939,68.264725,3.259457,68.679764,2.69664,4.0,5.588e-05,16,648,0.14397,0.21819,0.02,0.0,100,0.0,0.0,,,-0.01,0.01535,-0.00111,-9e-05,0.0,-0.01272,1.13561
2386,2443264,72.00528,81.0,1.0,0.98,1.252778,-0.001814,0.0138,0.001358,0.427034,0.005545,0.866359,66.561401,6.869966,65.625595,8.356836,4.0,5.578e-05,8,651,0.15324,0.22845,0.02,0.0,100,0.0,0.0,,,-0.01,0.01182,-0.00068,0.00281,-0.00162,-0.01754,0.57446
2387,2444288,66.0744,84.25,0.91667,0.98,1.100772,-0.000747,0.028195,0.000488,0.274995,0.000872,0.925078,60.22578,14.253532,59.319317,16.579239,4.0,5.567e-05,12,670,0.15848,0.23417,0.01,0.0,100,0.16667,0.0,,,-0.01,0.01427,-0.00102,0.00254,-0.00137,-0.01007,0.8641
2388,2445312,71.53871,93.26667,1.0,0.98,1.212988,-0.001806,0.022489,0.000988,0.39517,0.003802,0.743065,66.86525,9.902878,67.93792,7.533939,4.0,5.557e-05,15,643,0.16713,0.24456,0.01,0.0,100,0.0,0.0,,,-0.01,0.01478,-0.00122,0.00338,0.0,-0.00954,1.05895
2389,2446336,72.66445,74.72727,1.0,0.98,1.109631,-0.001437,0.015039,0.001088,0.320036,0.004569,0.854093,67.479813,6.850413,66.639984,8.138939,4.0,5.547e-05,11,661,0.15599,0.23303,0.01,0.0,100,0.0,0.0,,,-0.01,0.01598,-0.00095,0.00362,-0.00283,-0.01071,0.82851
2390,2447360,64.42857,92.66667,0.88889,0.97,1.038285,-0.00128,0.021767,0.001311,0.501012,0.011265,0.954769,58.550823,16.158285,56.42104,18.585045,4.0,5.537e-05,9,694,0.17005,0.24293,0.01,0.0,100,0.11111,0.0,,,-0.01,0.01498,-0.00181,0.00323,-0.00185,-0.01978,0.67663
2391,2448384,65.05198,85.1,0.9,0.97,1.188818,-0.001301,0.014416,0.000643,0.385129,0.001709,0.965934,60.460812,16.030979,59.356892,17.415138,4.0,5.526e-05,10,649,0.17386,0.2474,0.0,0.0,100,0.1,0.0,,,-0.01,0.01559,-0.00146,0.00103,-0.00136,-0.01724,0.66981
2392,2449408,72.85078,72.4,1.0,0.97,1.057345,-0.001987,0.010998,0.001591,0.319788,0.014997,0.985496,52.228752,22.387505,51.627651,23.355766,4.0,5.516e-05,10,687,0.17915,0.25404,0.0,0.0,100,0.0,0.0,,,-0.01,0.01559,-0.00161,0.00174,-0.00186,-0.01728,0.8428
2393,2450432,62.56356,109.6,0.9,0.96,0.873163,-0.001489,0.003384,0.001448,0.256233,0.01266,0.995411,55.764885,22.489546,56.017052,22.608204,4.0,5.506e-05,10,718,0.16111,0.2301,0.01,0.0,100,0.0,0.0,,,-0.01,0.016,-0.00153,0.00177,0.00012,-0.00976,0.81162
2394,2451456,61.06782,128.69231,0.84615,0.94,0.960466,-0.002397,0.001983,0.001663,0.319428,0.016113,0.994784,63.406109,16.048483,63.667641,16.205896,4.0,5.496e-05,13,673,0.15062,0.21749,0.03,0.0,100,0.15385,0.0,,,-0.01,0.01705,-0.00115,0.00328,-2e-05,-0.01253,0.87081
2395,2452480,72.96603,71.92308,1.0,0.94,1.031759,-0.002142,0.016443,0.001385,0.387566,0.005266,0.946332,64.973045,13.55142,64.036568,14.932318,4.0,5.485e-05,13,657,0.14114,0.21254,0.03,0.0,100,0.0,0.0,,,-0.01,0.01635,-0.00067,0.00354,-0.0017,-0.0139,0.99644
2396,2453504,65.13091,78.3,0.9,0.94,0.950281,-0.001453,0.022111,0.001445,0.450051,0.014125,0.966788,55.291634,20.925819,53.653988,22.536957,4.0,5.475e-05,10,688,0.14234,0.21483,0.03,0.0,100,0.1,0.0,,,-0.01,0.0141,-0.00064,0.00385,-0.00078,-0.01801,0.75791
2397,2454528,72.92858,68.71429,1.0,0.94,1.087197,-0.00265,0.006815,0.001816,0.404402,0.016148,0.988383,55.317047,21.499401,54.4459,21.909536,4.0,5.465e-05,7,682,0.14721,0.2212,0.03,0.0,100,0.0,0.0,,,-0.01,0.01331,-0.00085,0.00277,0.0,-0.01793,0.54877
2398,2455552,59.94097,130.23077,0.84615,0.92,1.180676,-0.001597,0.00327,0.000768,0.327011,0.003453,0.99397,59.529839,19.344372,59.258125,19.812037,4.0,5.455e-05,13,642,0.15877,0.23822,0.05,0.0,100,0.07692,0.0,,,-0.01,0.01578,-0.00115,0.00326,0.0,-0.01428,0.7975
2399,2456576,71.99511,87.73333,1.0,0.93,1.027396,-0.001139,0.057826,0.002414,0.354344,0.025181,0.734309,66.195084,12.212069,65.935654,12.116953,4.0,5.444e-05,15,653,0.12646,0.2055,0.05,0.0,100,0.06667,0.0,,,-0.01,0.01567,-0.0007,0.003,-0.00233,-0.01068,1.11387
2400,2457600,67.40487,80.42857,0.92857,0.93,0.92894,-0.001068,0.007359,0.001257,0.234562,0.011823,0.984856,63.861595,16.756477,63.677429,18.08119,4.0,5.434e-05,14,668,0.12156,0.19687,0.05,0.0,100,0.07143,0.0,,,-0.01,0.0166,-0.00055,0.00266,0.00017,-0.01272,1.00951
2401,2458624,72.30649,75.27273,1.0,0.94,1.014697,-0.000452,0.058181,0.000404,0.247258,0.000628,0.643714,66.031662,11.880665,66.355186,10.399798,4.0,5.424e-05,11,662,0.12916,0.20794,0.04,0.0,100,0.09091,0.0,,,-0.01,0.01587,-0.00027,0.00343,-0.0018,-0.01655,0.82188
2402,2459648,72.38154,71.83333,1.0,0.95,1.091061,-0.001833,0.005272,0.001839,0.325264,0.017508,0.721748,68.677025,3.165537,68.457458,3.785512,4.0,5.414e-05,12,649,0.13158,0.21027,0.03,0.0,100,0.0,0.0,,,-0.01,0.01557,-0.00071,0.00194,3e-05,-0.01345,0.85565
2403,2460672,72.75248,68.4,1.0,0.96,1.117065,-0.001643,0.038709,0.001534,0.610041,0.010254,0.916959,59.366848,15.635623,56.737877,17.198744,4.0,5.404e-05,10,675,0.15444,0.23128,0.02,0.0,100,0.0,0.0,,,-0.01,0.01409,-0.00066,0.00139,-0.0032,-0.01229,0.77728
2404,2461696,65.30281,90.81818,0.90909,0.95,1.049546,-0.001936,0.028959,0.00112,0.322603,0.008336,0.956882,54.021858,20.299498,54.339966,21.210691,4.0,5.393e-05,11,673,0.14594,0.22297,0.02,0.0,100,0.09091,0.0,,,-0.01,0.01523,-0.00098,0.00338,-0.00033,-0.01005,0.77543
2405,2462720,65.83549,103.27273,0.90909,0.95,0.965407,-0.001804,0.021452,0.002167,0.404952,0.02553,0.959114,57.576225,18.539595,56.707951,18.983204,4.0,5.383e-05,11,687,0.1415,0.21852,0.03,0.0,100,0.0,0.0,,,-0.01,0.01491,-0.00097,0.00324,-0.0011,-0.01443,0.81276
2406,2463744,66.95641,102.78571,0.92857,0.96,0.874186,-0.001215,0.029793,0.00123,0.242908,0.012277,0.915948,62.809589,14.909151,62.962257,15.185884,4.0,5.373e-05,14,676,0.12936,0.20868,0.02,0.0,100,0.14286,0.0,,,-0.01,0.01679,-0.00077,0.00338,-0.0016,-0.00939,1.02721
2407,2464768,73.17379,66.91667,1.0,0.96,0.854386,-0.002203,0.060782,0.001501,0.437921,0.010742,0.900079,59.165344,18.5583,57.487591,19.75532,4.0,5.363e-05,12,684,0.1307,0.21091,0.02,0.0,100,0.08333,0.0,,,-0.01,0.01606,-0.00076,0.00371,-0.00466,-0.00934,1.00412
2408,2465792,65.90173,91.16667,0.91667,0.95,0.816561,-0.000619,0.069449,0.001599,0.237461,0.014579,0.911966,54.126945,22.589399,54.967564,22.905495,4.0,5.352e-05,12,702,0.12892,0.20794,0.02,0.0,100,0.33333,0.0,,,-0.01,0.01671,-0.00048,0.0026,-0.00204,-0.00979,0.96503
2409,2466816,73.11272,67.66667,1.0,0.96,0.948956,-0.003553,0.015724,0.001645,0.36927,0.015067,0.976875,56.979378,20.601112,57.033985,21.463686,4.0,5.342e-05,12,681,0.125,0.19515,0.02,0.0,100,0.0,0.0,,,-0.01,0.01366,-0.00074,0.00289,-0.00059,-0.00981,0.9685
2410,2467840,66.07767,103.18182,0.90909,0.95,0.856131,-0.001473,0.026367,0.001944,0.308543,0.020159,0.957821,57.405396,19.831003,57.184692,20.205502,4.0,5.332e-05,11,694,0.12296,0.20395,0.03,0.01,100,0.09091,0.0,,,-0.01,0.0152,-0.0008,0.00222,-0.00163,-0.01025,0.83569
2411,2468864,72.86575,67.33333,1.0,0.95,0.873175,-0.002169,0.003892,0.001516,0.288937,0.017194,0.993344,56.734081,20.113682,57.023987,20.768461,4.0,5.322e-05,12,704,0.13298,0.22008,0.03,0.01,100,0.0,0.0,,,-0.01,0.01398,-0.00084,0.00263,5e-05,-0.01058,1.02145
2412,2469888,66.22372,105.91667,0.91667,0.95,0.867976,-0.001537,0.043498,0.001949,0.372394,0.022914,0.898276,59.254341,18.02095,60.027405,17.581026,4.0,5.311e-05,12,682,0.12431,0.2054,0.04,0.01,100,0.25,0.0,,,-0.01,0.01437,-0.00094,0.00324,-0.00191,-0.00775,0.88567
2413,2470912,67.773,94.06667,0.93333,0.95,0.884053,-0.00197,0.00279,0.001679,0.366039,0.020229,0.992588,63.254829,15.822835,63.830059,15.991626,4.0,5.301e-05,15,674,0.11449,0.19794,0.04,0.01,100,0.06667,0.0,,,-0.01,0.01433,-0.00013,0.00163,0.0,-0.01291,1.08511
2414,2471936,72.26587,75.8,1.0,0.95,0.988542,-0.002182,0.030192,0.002806,0.41794,0.038225,0.848229,65.739128,10.095196,64.265587,11.380909,4.0,5.291e-05,10,666,0.13302,0.21404,0.04,0.01,100,0.0,0.0,,,-0.01,0.0118,-0.00076,0.00219,-0.00281,-0.01412,0.75561
2415,2472960,71.65791,84.44444,1.0,0.96,0.901318,-0.000629,0.050664,0.000232,0.309353,3.5e-05,0.913349,56.823792,20.281916,56.887997,20.59664,4.0,5.281e-05,9,703,0.12635,0.1997,0.03,0.01,100,0.11111,0.0,,,-0.01,0.01516,-0.00052,0.00322,-0.00283,-0.01184,0.76227
2416,2473984,72.37685,70.5,1.0,0.96,0.860446,-0.001466,0.028135,0.000711,0.461687,0.003453,0.957938,53.136681,20.951645,51.24625,20.813456,4.0,5.27e-05,8,735,0.13381,0.20907,0.03,0.01,100,0.0,0.0,,,-0.01,0.01211,-0.00108,0.00077,-0.00349,-0.01107,0.75088
2417,2475008,48.77945,179.0,0.7,0.94,0.742055,-0.001623,0.04773,0.00171,0.325048,0.021624,0.935885,46.588177,21.167688,46.466423,22.311224,4.0,5.26e-05,10,747,0.13299,0.20972,0.05,0.01,100,0.4,0.0,,,-0.01,0.01343,-0.00067,0.00149,-0.00206,-0.01139,0.7075
2418,2476032,66.878,84.46154,0.92308,0.93,0.909514,-0.001088,0.04,0.00099,0.284223,0.007638,0.886218,62.876316,13.144683,61.756966,15.27896,4.0,5.25e-05,13,665,0.11801,0.19472,0.05,0.01,100,0.15385,0.0,,,-0.01,0.01347,-0.00039,0.00357,-0.00261,-0.01219,0.92254
2419,2477056,72.48475,68.09091,1.0,0.94,0.876472,-0.00109,0.030115,0.001252,0.265742,0.011649,0.944441,56.897209,18.161146,57.196075,18.873085,4.0,5.24e-05,11,693,0.12524,0.20229,0.04,0.01,100,0.09091,0.0,,,-0.01,0.01407,-0.00045,0.00391,-0.00031,-0.01132,0.90765
2420,2478080,72.66806,68.77778,1.0,0.94,0.973392,-0.001053,0.029932,0.000445,0.26797,0.000314,0.947319,54.479492,19.797318,54.742649,19.950781,4.0,5.229e-05,9,701,0.14244,0.21716,0.04,0.0,100,0.22222,0.0,,,-0.01,0.01249,-0.00163,0.00347,-0.00182,-0.00907,0.74976
2421,2479104,71.71983,93.08333,1.0,0.95,0.962051,-0.001064,0.050823,0.001029,0.284223,0.008405,0.899965,55.725086,19.029827,56.584095,18.796982,4.0,5.219e-05,12,680,0.12942,0.20287,0.03,0.0,100,0.33333,0.0,,,-0.01,0.01491,-0.00097,0.00345,-0.00349,-0.01157,0.94698
2422,2480128,65.8042,106.63636,0.90909,0.94,1.004722,-0.001078,0.030057,0.000502,0.250909,0.001081,0.923223,59.844269,16.424444,59.334412,16.766354,4.0,5.209e-05,11,668,0.12888,0.19362,0.04,0.0,100,0.27273,0.0,,,-0.01,0.01263,-0.00021,0.00146,-0.00378,-0.01461,0.77285
2423,2481152,66.68151,99.30769,0.92308,0.94,1.03481,-0.00204,0.010254,0.001143,0.327429,0.005232,0.968602,62.706799,13.935625,62.416592,14.792367,4.0,5.199e-05,13,649,0.12905,0.18958,0.04,0.0,100,0.07692,0.5,,,-0.01,0.01387,-0.00057,0.00018,-0.00093,-0.01603,0.87614
2424,2482176,65.86224,72.45455,0.90909,0.93,1.042329,-0.001583,0.028813,0.001278,0.41885,0.006452,0.934439,59.371574,15.934717,58.024712,18.294765,4.0,5.188e-05,11,660,0.13741,0.1942,0.04,0.0,100,0.18182,0.0,,,-0.01,0.01389,-0.00106,0.00044,-0.00156,-0.02141,0.75549
2425,2483200,63.82606,101.27273,0.90909,0.92,1.130081,-0.002528,0.011606,0.001146,0.434136,0.008824,0.967826,60.492504,15.668651,59.478359,17.082296,4.0,5.178e-05,11,648,0.13238,0.20416,0.05,0.0,100,0.0,0.5,,,-0.01,0.013,-0.00053,0.00163,-0.00036,-0.02688,0.71541
2426,2484224,70.87598,88.58333,1.0,0.95,1.004269,-0.001167,0.06985,0.000729,0.359257,0.003313,0.850254,58.75927,17.431664,58.630901,17.682411,4.0,5.168e-05,12,661,0.12368,0.20524,0.03,0.0,100,0.16667,0.0,,,-0.01,0.01477,-0.0004,0.00337,-0.00388,-0.01417,0.90573
2427,2485248,65.76466,89.85714,0.92857,0.95,0.969927,-0.001108,0.039245,0.000898,0.297305,0.003104,0.707932,65.68972,9.895483,66.076759,9.723646,4.0,5.158e-05,14,647,0.11476,0.19097,0.03,0.0,100,0.14286,0.0,,,-0.01,0.01359,-0.00022,0.00328,-0.00178,-0.01445,0.94319
2428,2486272,72.62768,67.25,1.0,0.95,1.05784,-0.002501,0.012574,0.001794,0.408525,0.020787,0.9521,62.427402,12.197157,61.735374,13.772565,4.0,5.148e-05,12,659,0.1387,0.21818,0.03,0.0,100,0.0,0.0,,,-0.01,0.01405,-0.00063,0.00339,0.00016,-0.01263,0.88972
2429,2487296,72.52041,81.38462,1.0,0.95,0.999532,-0.000141,0.048704,0.000488,0.289697,0.0,0.847771,60.119682,15.204641,60.780937,14.585815,4.0,5.137e-05,13,653,0.12235,0.20085,0.03,0.0,100,0.15385,0.0,,,-0.01,0.01475,-0.00021,0.00347,-0.00088,-0.01131,0.9669
2430,2488320,71.33176,100.38462,1.0,0.96,0.930635,-0.001038,0.057262,0.001734,0.423091,0.019078,0.698616,62.189644,13.774266,63.946308,11.596379,4.0,5.127e-05,13,663,0.10845,0.18538,0.02,0.0,100,0.07692,0.0,,,-0.01,0.01498,-0.00014,0.00308,-0.00177,-0.0132,0.99877
2431,2489344,72.73321,66.78571,1.0,0.97,0.940593,-0.001493,0.00878,0.001342,0.306537,0.011126,0.397843,68.424423,3.593542,68.801201,3.14149,4.0,5.117e-05,14,641,0.10738,0.18346,0.01,0.0,100,0.07143,0.0,,,-0.01,0.01479,-0.00027,0.00282,-0.00116,-0.01289,1.0066
2432,2490368,72.72149,69.1875,1.0,0.99,0.919345,-0.001661,0.016405,0.000858,0.307944,0.00429,0.322732,68.18969,4.487449,68.572281,4.085925,4.0,5.107e-05,16,638,0.10607,0.18286,0.0,0.0,100,0.125,0.0,,,-0.01,0.01711,-3e-05,0.00336,-0.0025,-0.01452,1.15776
2433,2491392,72.54875,66.15385,1.0,0.99,1.006329,-0.001531,0.019313,0.002304,0.336671,0.026123,0.605117,68.13414,5.194687,67.699532,5.717238,4.0,5.096e-05,13,643,0.11926,0.19628,0.0,0.0,100,0.15385,0.0,,,-0.01,0.01423,0.00015,0.0034,-0.00293,-0.01457,0.95358
2434,2492416,66.58675,84.35714,0.92857,0.99,0.959892,-0.001156,0.057557,0.001418,0.309866,0.008719,0.720808,64.385582,8.90892,63.488029,11.799948,4.0,5.086e-05,14,663,0.12255,0.20747,0.0,0.0,100,0.21429,1.0,,,-0.01,0.01449,-0.00038,0.00348,-0.00518,-0.01482,1.00945
2435,2493440,66.65469,75.0,0.92308,0.98,0.798783,-0.000288,0.028161,0.000227,0.21333,0.0,0.925255,60.8619,14.331396,60.331272,16.462662,4.0,5.076e-05,13,699,0.11825,0.19535,0.0,0.0,100,0.07692,0.0,,,-0.01,0.01445,-0.00108,0.00344,0.00017,-0.01445,1.06509
2436,2494464,71.8702,84.64286,1.0,0.98,0.809071,-0.001403,0.05712,0.001424,0.37319,0.015311,0.666018,62.767113,12.236935,63.682835,10.882877,4.0,5.066e-05,14,678,0.11565,0.19997,0.0,0.0,100,0.35714,0.0,,,-0.01,0.01585,-0.00015,0.00204,-0.00498,-0.01415,1.16678
2437,2495488,67.37753,69.5,0.92857,0.97,0.94156,-0.000368,0.041399,0.000607,0.219185,0.00129,0.746898,66.884163,7.033692,66.642174,10.279026,4.0,5.055e-05,14,653,0.11765,0.20345,0.0,0.0,100,0.28571,0.0,,,-0.01,0.01741,9e-05,0.00306,-0.0039,-0.0185,0.97964
2438,2496512,72.51934,68.09091,1.0,0.97,1.11857,-0.001324,0.008321,0.000682,0.305626,0.003104,0.933064,66.42498,9.092718,65.960617,10.423454,4.0,5.045e-05,11,648,0.13232,0.21713,0.0,0.01,100,0.09091,0.0,,,-0.01,0.01292,-0.00036,0.00306,-0.0009,-0.02496,0.78946
2439,2497536,70.55708,88.0,1.0,0.97,1.108798,-0.001457,0.021562,0.001682,0.359343,0.01988,0.870384,64.186264,11.611946,64.18792,11.192335,4.0,5.035e-05,11,648,0.13406,0.215,0.0,0.01,100,0.0,0.0,,,-0.01,0.01502,-0.0005,0.00329,-0.00059,-0.01133,0.78824
2440,2498560,72.79524,69.25,1.0,0.97,1.126174,-0.000632,0.030967,0.000892,0.229617,0.003697,0.82216,63.14146,10.784866,63.134548,10.910813,4.0,5.025e-05,12,649,0.14012,0.2176,0.0,0.01,100,0.16667,1.0,,,-0.01,0.01508,-0.001,0.0013,-0.00158,-0.01716,0.88596
2441,2499584,71.52138,91.38462,1.0,0.97,1.050797,-0.001579,0.012495,0.001016,0.296611,0.00865,0.918922,65.663712,9.183549,65.257912,9.897722,4.0,5.014e-05,13,641,0.13603,0.22251,0.0,0.01,100,0.0,0.5,,,-0.01,0.01581,-0.00054,0.00122,-0.00179,-0.01261,0.94275
2442,2500608,72.342,68.53846,1.0,0.98,1.023854,-0.000837,0.034022,0.001521,0.265138,0.014753,0.732068,64.383011,9.7441,64.718086,9.532892,4.0,5.004e-05,13,653,0.1453,0.23176,0.0,0.01,100,0.30769,0.0,,,-0.01,0.01504,-0.00084,0.00013,-0.00449,-0.01338,0.98849
2443,2501632,61.10009,95.35714,0.85714,0.97,0.89068,-0.000847,0.060364,0.000561,0.526776,0.001256,0.746391,65.476387,8.356038,62.874165,12.149122,4.0,4.994e-05,14,659,0.13894,0.23135,0.01,0.01,100,0.21429,0.33333,,,-0.01,0.01653,-0.0002,0.00289,-0.00863,-0.01609,0.96733
2444,2502656,62.59462,74.625,0.875,0.96,0.775456,-0.000535,0.047049,0.000497,0.489354,0.002058,0.862174,55.615273,12.899192,53.547436,14.475616,4.0,4.984e-05,8,730,0.15183,0.25299,0.01,0.01,100,0.375,0.0,,,-0.01,0.01456,4e-05,0.00316,-0.01025,-0.01092,0.72365
2445,2503680,59.03146,93.5,0.83333,0.95,0.834433,-0.00075,0.076981,0.000515,0.265144,0.00279,0.806479,56.877007,13.214216,56.638172,16.165071,4.0,4.973e-05,12,702,0.14784,0.24305,0.01,0.01,100,0.41667,0.0,,,-0.01,0.01414,-0.00118,0.00122,-0.00438,-0.01241,0.88755
2446,2504704,61.60829,108.0,0.85714,0.93,0.833563,-0.001051,0.058429,0.001454,0.333266,0.015485,0.775158,59.951672,11.722155,60.241253,13.845865,4.0,4.963e-05,14,685,0.13398,0.23305,0.02,0.01,100,0.42857,0.0,,,-0.01,0.01541,-0.00028,0.00092,-0.00694,-0.01129,1.0201
2447,2505728,67.58228,71.06667,0.93333,0.92,0.862888,-0.000601,0.042095,0.000454,0.284535,3.5e-05,0.812294,64.807205,8.839544,64.517418,12.189572,4.0,4.953e-05,15,653,0.12911,0.22138,0.02,0.0,100,0.2,0.0,,,-0.01,0.01477,-8e-05,0.00311,-0.00269,-0.01488,1.08961
2448,2506752,72.6037,66.57143,1.0,0.92,0.963311,-0.00096,0.009273,0.000709,0.308645,0.005859,0.42455,67.723495,3.710499,68.570953,3.147417,4.0,4.943e-05,14,643,0.12857,0.21532,0.02,0.0,100,0.14286,0.0,,,-0.01,0.01579,-0.00047,0.00343,-0.00184,-0.01538,1.00996
2449,2507776,72.46571,70.25,1.0,0.92,1.002006,-0.000845,0.030132,0.000333,0.358929,0.000523,0.824344,65.071266,9.541595,64.118004,10.783566,4.0,4.932e-05,12,663,0.1448,0.22394,0.02,0.0,100,0.25,0.0,,,-0.01,0.01448,-0.00105,0.00183,-0.00502,-0.0134,0.92857
2450,2508800,66.78852,81.66667,0.93333,0.92,0.992307,-0.001207,0.024483,0.001308,0.329838,0.0113,0.799328,66.568298,8.293454,67.351929,8.96466,4.0,4.922e-05,15,646,0.1238,0.20384,0.01,0.0,100,0.06667,0.0,,,-0.01,0.01361,-0.0005,0.00324,-0.00045,-0.01591,1.00553
2451,2509824,62.42113,70.0,0.86667,0.92,0.835784,-0.001104,0.082804,0.001316,0.667847,0.011823,0.750035,65.242043,9.643441,62.517891,14.859414,4.0,4.912e-05,15,666,0.1129,0.19359,0.01,0.0,100,0.2,0.0,,,-0.01,0.0174,0.00039,0.00351,-0.0111,-0.01574,1.04689
2452,2510848,53.57416,76.0,0.75,0.91,0.748985,-0.001524,0.1018,0.001975,0.901689,0.022426,0.845628,54.40464,16.336313,50.91346,20.38563,4.0,4.902e-05,12,703,0.109,0.19048,0.01,0.0,100,0.41667,0.0,,,-0.01,0.01633,-0.00018,0.00355,-0.00982,-0.01707,0.85035
2453,2511872,71.33635,87.27273,1.0,0.91,0.920109,-0.001057,0.083427,0.00088,0.356045,0.005511,0.695032,57.524578,13.65338,58.046104,13.594016,4.0,4.892e-05,11,675,0.12302,0.20019,0.01,0.0,100,0.09091,0.0,,,-0.01,0.0152,-6e-05,0.00346,-0.0039,-0.01597,0.87366
2454,2512896,65.03804,80.4,0.9,0.92,0.947677,-0.000737,0.03767,0.000383,0.34716,0.000977,0.938156,50.645378,18.113155,50.244221,20.10807,4.0,4.881e-05,10,693,0.15416,0.24089,0.0,0.0,100,0.1,0.0,,,-0.01,0.01471,-0.0003,0.0032,-0.00376,-0.01016,0.77649
2455,2513920,71.61787,91.07692,1.0,0.93,0.887279,-0.000915,0.080955,0.000968,0.678909,0.006348,0.792973,53.519749,16.849903,56.637413,16.004951,4.0,4.871e-05,13,686,0.13545,0.22187,0.0,0.0,100,0.30769,0.0,,,-0.01,0.01497,-0.00037,0.00334,-0.00207,-0.01204,1.09442
2456,2514944,66.90065,101.84615,0.92308,0.92,0.907365,-0.001089,0.046322,0.001805,0.286002,0.022042,0.856643,60.145912,14.888198,60.479431,14.596171,4.0,4.861e-05,13,676,0.129,0.21311,0.01,0.0,100,0.23077,0.0,,,-0.01,0.0154,-0.0004,0.00363,-0.00285,-0.01237,0.98961
2457,2515968,72.6274,73.15385,1.0,0.92,0.997457,-0.001292,0.041893,0.000681,0.290938,0.003209,0.753874,64.06678,10.623014,64.682884,10.803629,4.0,4.851e-05,13,652,0.13924,0.21909,0.01,0.0,100,0.07692,0.0,,,-0.01,0.01601,-0.00149,0.00353,-0.00267,-0.01242,0.97625
2458,2516992,72.1109,80.25,1.0,0.93,0.868364,-0.001072,0.037732,0.001056,0.371709,0.00701,0.788594,63.532757,12.022388,65.132027,10.875173,4.0,4.84e-05,12,667,0.13122,0.21376,0.01,0.0,100,0.16667,0.0,,,-0.01,0.01743,-0.00015,0.00368,-0.0025,-0.01339,0.95318
2459,2518016,67.53095,71.2,0.93333,0.94,0.96483,-0.000638,0.039499,0.001043,0.245461,0.008126,0.774222,67.86718,7.757028,67.67804,10.706711,4.0,4.83e-05,15,643,0.13444,0.21976,0.01,0.0,100,0.13333,1.0,,,-0.01,0.01605,-0.0005,0.00304,-0.00182,-0.01582,1.04851
2460,2519040,72.14774,68.41667,1.0,0.97,1.1013,-0.001967,0.026238,0.002441,0.35501,0.025844,0.821823,65.791298,8.798751,65.243286,9.798981,4.0,4.82e-05,12,641,0.13619,0.22589,0.01,0.0,100,0.16667,1.0,,,-0.01,0.01248,-0.00061,0.00261,-0.0027,-0.01758,0.87869
2461,2520064,66.83774,73.61538,0.92308,0.96,0.931658,-0.001821,0.053305,0.002357,0.315791,0.028669,0.860939,62.387791,13.599792,61.294727,15.841318,4.0,4.81e-05,13,661,0.13555,0.2289,0.01,0.0,100,0.15385,0.0,,,-0.01,0.01579,-0.00045,0.00367,-0.00612,-0.01078,0.96397
2462,2521088,71.74739,89.64286,1.0,0.97,0.975331,-0.001251,0.028932,0.000999,0.383478,0.004499,0.732643,65.862335,10.04458,67.113495,8.365994,4.0,4.799e-05,14,645,0.13767,0.22783,0.01,0.0,100,0.21429,0.0,,,-0.01,0.01633,-0.0005,0.00275,-0.00153,-0.01052,1.04713
2463,2522112,72.77776,67.85714,1.0,0.97,1.094488,-0.001927,0.013191,0.002942,0.317483,0.039621,0.234667,69.66259,4.512513,69.65152,3.479423,4.0,4.789e-05,14,639,0.15263,0.24893,0.01,0.0,100,0.07143,0.0,,,-0.01,0.01547,-0.00078,0.00241,-0.00109,-0.01285,1.01956
2464,2523136,72.41077,70.35714,1.0,0.98,1.150871,-0.001658,0.008187,0.001372,0.351842,0.011161,0.894816,68.256271,6.864512,67.911942,7.668205,4.0,4.779e-05,14,638,0.1611,0.25484,0.0,0.0,100,0.07143,0.0,,,-0.01,0.01517,-0.0011,0.00097,-0.0009,-0.01207,1.00468
2465,2524160,71.90817,87.38462,1.0,0.98,1.091226,-0.00137,0.023416,0.001716,0.339602,0.019322,0.58042,67.447571,7.885273,67.960075,6.171539,4.0,4.769e-05,13,645,0.15062,0.24688,0.0,0.0,100,0.15385,0.5,,,-0.01,0.01496,-0.00063,0.00289,-0.00239,-0.01207,0.93645
2466,2525184,72.69342,70.46667,1.0,0.99,1.094999,-0.001469,0.003206,0.000894,0.271281,0.008022,0.485601,70.339706,2.215018,70.280632,2.031919,4.0,4.758e-05,15,639,0.14286,0.23954,0.0,0.0,100,0.0,0.0,,,-0.01,0.01671,-0.00045,0.00315,0.00013,-0.01344,1.07008
2467,2526208,72.32679,76.84615,1.0,0.99,1.080663,-0.001414,0.023666,0.001713,0.269458,0.019775,0.6998,67.004387,6.967397,66.780724,7.204812,4.0,4.748e-05,13,654,0.16396,0.25654,0.0,0.0,100,0.23077,0.0,,,-0.01,0.01463,-0.00041,0.00156,-0.00309,-0.00908,0.99614
2468,2527232,72.76304,67.55556,1.0,0.99,1.01646,-0.001526,0.00679,0.000484,0.30675,0.001011,0.967381,64.426613,11.2935,63.892693,11.688783,4.0,4.738e-05,9,667,0.15438,0.24865,0.0,0.0,100,0.11111,0.0,,,-0.01,0.01504,-0.00104,0.00156,-0.00107,-0.00979,0.71215
2469,2528256,67.17691,94.5,0.92857,0.99,1.137005,-0.001531,0.040521,0.001314,0.283518,0.012068,0.760148,66.372147,7.798433,65.707039,10.603503,4.0,4.728e-05,14,651,0.15167,0.24381,0.0,0.0,100,0.14286,1.0,,,-0.01,0.01544,-0.00086,0.00291,-0.00043,-0.01154,0.94505
2470,2529280,72.87701,68.61538,1.0,0.99,1.154886,-0.002246,0.001946,0.002043,0.357478,0.021101,0.984462,65.906136,9.219864,66.035561,9.726834,4.0,4.717e-05,13,639,0.15513,0.2454,0.0,0.0,100,0.0,0.0,,,-0.01,0.01446,-0.00045,0.0011,-1e-05,-0.01161,0.92819
2471,2530304,71.71929,91.66667,1.0,0.99,1.099503,-0.00232,0.016692,0.000681,0.371707,0.002407,0.70475,67.460426,6.179477,67.01857,6.257543,4.0,4.707e-05,12,644,0.14415,0.22745,0.0,0.0,100,0.0,0.0,,,-0.01,0.01502,-0.00179,0.0011,-0.00078,-0.0162,0.85796
2472,2531328,71.8213,76.21429,1.0,0.99,1.077249,-0.002228,0.013386,0.002048,0.356034,0.023438,0.927729,64.412521,10.314034,64.794052,10.876602,4.0,4.697e-05,14,659,0.14486,0.22789,0.0,0.0,100,0.14286,0.0,,,-0.01,0.01458,-0.00095,0.00242,-0.0012,-0.01194,1.04374
2473,2532352,73.01262,71.08333,1.0,0.99,1.0629,-0.002316,0.001562,0.002154,0.316082,0.020857,0.990745,65.565063,10.381143,65.721123,10.631256,4.0,4.687e-05,12,658,0.13383,0.22005,0.0,0.0,100,0.0,0.0,,,-0.01,0.01659,-0.00109,0.00383,0.0,-0.01066,0.88752
2474,2533376,67.15327,95.07143,0.92857,0.98,1.022252,-0.002504,0.001866,0.00264,0.313829,0.033657,0.985812,66.695427,9.284057,66.794594,9.804166,4.0,4.676e-05,14,655,0.13447,0.21847,0.01,0.0,100,0.07143,0.0,,,-0.01,0.01519,-0.00058,0.0036,-0.00076,-0.01389,0.95726
2475,2534400,72.97029,67.8125,1.0,0.98,1.014896,-0.001678,0.001211,0.00157,0.319586,0.011684,0.855442,70.046822,2.415136,70.272507,2.349363,4.0,4.666e-05,16,644,0.12667,0.20131,0.01,0.0,100,0.0,0.0,,,-0.01,0.01555,-0.00043,0.00229,0.0,-0.00998,1.14281
2476,2535424,72.62746,69.625,1.0,0.99,0.940122,-0.002175,0.014577,0.002426,0.273364,0.031041,-0.024444,69.396317,3.999367,69.501175,3.128111,4.0,4.656e-05,16,651,0.12231,0.19862,0.01,0.0,100,0.1875,0.5,,,-0.01,0.01702,-0.0005,0.00276,-0.00325,-0.01414,1.18057
2477,2536448,73.0228,73.27273,1.0,0.99,0.9849,-0.001386,0.013937,0.00113,0.327979,0.008266,0.701524,68.847404,5.090918,68.149605,5.471673,4.0,4.646e-05,11,662,0.12372,0.19611,0.01,0.0,100,0.09091,0.0,,,-0.01,0.01925,-0.00175,0.00329,-0.00178,-0.01416,0.82155
2478,2537472,72.33686,75.15385,1.0,0.99,1.018437,-0.000741,0.019184,0.000752,0.244388,0.005406,0.849384,65.743904,9.44302,65.864998,9.841413,4.0,4.636e-05,13,654,0.121,0.19409,0.01,0.0,100,0.07692,0.0,,,-0.01,0.0173,-0.00099,0.00271,-0.00085,-0.02329,0.96011
2479,2538496,71.48114,82.85714,1.0,0.99,1.013063,-0.001997,0.01267,0.000366,0.345569,0.001674,0.817656,67.650429,8.370438,68.261574,7.031389,4.0,4.625e-05,14,649,0.11398,0.19043,0.01,0.0,100,0.0,0.0,,,-0.01,0.01783,-0.00062,0.0014,-1e-05,-0.00954,0.9931
2480,2539520,72.77039,73.71429,1.0,0.99,1.041297,-0.00126,0.005314,0.000482,0.310289,0.001744,0.614964,69.716286,3.275059,69.736633,3.005276,4.0,4.615e-05,14,648,0.1157,0.19344,0.01,0.0,100,0.07143,0.0,,,-0.01,0.01621,-0.0006,0.00157,-0.00043,-0.00967,0.99768
2481,2540544,72.87533,71.92857,1.0,0.99,1.032277,-0.001916,0.002277,0.001907,0.303081,0.026542,0.650982,70.335304,2.252812,70.44973,2.075747,4.0,4.605e-05,14,648,0.11342,0.18373,0.01,0.0,100,0.0,0.0,,,-0.01,0.01746,-0.00033,0.00271,0.0,-0.01136,0.99808
2482,2541568,72.55765,77.8,1.0,1.0,1.11867,-0.001629,0.007717,0.000804,0.340729,0.002093,0.564547,70.046631,3.121047,69.230751,3.384392,4.0,4.595e-05,10,653,0.12542,0.19838,0.0,0.0,100,0.0,0.0,,,-0.01,0.01551,-0.00011,0.00031,0.0,-0.01387,0.711
2483,2542592,72.24469,73.25,1.0,1.0,1.187,-0.002023,0.006389,0.001121,0.382817,0.007882,0.95,65.089279,8.34136,64.323555,9.479463,4.0,4.584e-05,12,650,0.13757,0.21061,0.0,0.0,100,0.08333,0.0,,,-0.01,0.01516,-0.00133,0.00053,-0.00052,-0.02006,0.85594
2484,2543616,71.36962,97.0,1.0,1.0,1.140856,-0.000688,0.012026,0.001634,0.334018,0.013951,0.928493,64.003502,10.373901,63.902264,10.356166,4.0,4.574e-05,11,655,0.12202,0.19489,0.0,0.0,100,0.09091,0.66667,,,-0.01,0.01492,4e-05,0.00222,-0.00144,-0.01696,0.78475
2485,2544640,64.96897,111.16667,0.91667,0.99,1.093645,-0.001799,0.016726,0.002022,0.297387,0.021868,0.89647,63.013672,10.144015,62.548,10.847545,4.0,4.564e-05,12,662,0.1299,0.19706,0.01,0.0,100,0.08333,0.0,,,-0.01,0.01534,-0.00044,0.00163,4e-05,-0.0264,0.82286
2486,2545664,71.15907,77.38462,1.0,0.99,0.954609,-0.000656,0.020001,0.00032,0.278595,0.000244,0.880661,64.92318,10.479038,65.205299,10.538332,4.0,4.554e-05,13,666,0.11339,0.18371,0.01,0.0,100,0.0,0.0,,,-0.01,0.0184,-0.00027,0.00164,-0.00187,-0.01765,1.00863
2487,2546688,72.80103,69.57143,1.0,0.99,0.970547,-0.002074,0.001882,0.001702,0.320365,0.013149,0.988663,65.291763,10.389153,65.657272,10.728597,4.0,4.543e-05,14,668,0.1227,0.20052,0.01,0.0,100,0.0,0.0,,,-0.01,0.01554,-0.00064,0.00277,0.0,-0.0113,1.09711
2488,2547712,73.08474,68.0,1.0,0.99,0.924175,-0.001197,0.002571,0.000587,0.277041,0.001325,0.985424,65.60952,10.593805,65.739983,10.916867,4.0,4.533e-05,12,669,0.11877,0.19,0.01,0.01,100,0.0,0.0,,,-0.01,0.01768,-0.00024,0.00353,-0.00054,-0.01207,0.95137
2489,2548736,67.33652,95.28571,0.92857,0.98,0.983717,-0.00135,0.00392,0.000694,0.238188,0.002686,0.911531,69.09832,5.409093,69.212517,5.355315,4.0,4.523e-05,14,648,0.1124,0.17855,0.02,0.01,100,0.21429,0.0,,,-0.01,0.01803,-0.00021,0.00316,-0.00132,-0.01371,0.95291
2490,2549760,73.04773,68.46154,1.0,0.98,0.973812,-0.001035,0.026102,0.000493,0.294892,0.001674,0.783001,66.118942,8.217127,65.409447,9.009883,4.0,4.513e-05,13,657,0.11627,0.18198,0.02,0.01,100,0.07692,0.0,,,-0.01,0.01759,-0.00088,0.00271,-0.0047,-0.01891,0.98926
2491,2550784,72.83003,67.83333,1.0,0.98,0.963863,-0.000607,0.017525,0.000738,0.23242,0.006069,0.913481,63.05854,10.741292,62.905476,11.602583,4.0,4.502e-05,12,667,0.12038,0.18172,0.02,0.01,100,0.25,0.0,,,-0.01,0.01795,-0.00059,0.00166,-0.0028,-0.02314,0.94693
2492,2551808,72.57305,77.78571,1.0,0.98,1.025627,-0.000726,0.010635,0.000529,0.207127,0.001883,0.931254,64.723045,10.210986,65.195717,10.234109,4.0,4.492e-05,14,652,0.12279,0.191,0.02,0.01,100,0.07143,0.0,,,-0.01,0.01904,-0.00088,0.00286,-0.00036,-0.01885,1.03557
2493,2552832,65.52001,96.71429,0.92857,0.98,1.014,-0.00128,0.007622,0.001145,0.259531,0.005964,0.6531,68.698723,4.174302,68.940971,3.881366,4.0,4.482e-05,14,648,0.10833,0.16957,0.02,0.01,100,0.14286,0.0,,,-0.01,0.01817,-0.00026,0.00172,-0.00134,-0.01408,0.94053
2494,2553856,72.88737,68.85714,1.0,0.98,1.054743,-0.001701,0.003537,0.001395,0.309899,0.007429,0.656292,69.689171,2.446357,69.759239,2.603693,4.0,4.472e-05,14,643,0.11426,0.17955,0.02,0.01,100,0.0,0.0,,,-0.01,0.01827,-0.00111,0.00315,0.0,-0.01357,0.99948
2495,2554880,66.88423,71.15385,0.92308,0.97,1.050006,-0.000933,0.051171,0.001372,0.425208,0.007812,0.712712,67.297905,7.117054,65.609871,11.170382,4.0,4.461e-05,13,648,0.1175,0.18527,0.02,0.01,100,0.07692,1.0,,,-0.01,0.01734,-0.00087,0.00321,-0.00224,-0.01541,0.88304
2496,2555904,72.84681,68.91667,1.0,0.98,1.063896,-0.002011,0.008732,0.002492,0.357302,0.026263,0.942015,65.568924,8.904443,65.334488,9.487411,4.0,4.451e-05,12,648,0.10629,0.16745,0.01,0.0,100,0.16667,0.0,,,-0.01,0.01828,-0.0001,0.00225,-0.00365,-0.02033,0.87138
2497,2556928,66.85141,93.6,0.93333,0.97,1.034195,-0.001261,0.010328,0.003024,0.339605,0.04262,0.908789,65.372673,8.93329,66.154831,9.112815,4.0,4.441e-05,15,642,0.11009,0.16857,0.02,0.0,100,0.13333,0.0,,,-0.01,0.01916,-0.00069,0.00256,-3e-05,-0.01642,1.02468
2498,2557952,73.22372,67.14286,1.0,0.97,0.971102,-0.000551,0.005286,0.000394,0.25388,0.000593,0.622131,69.819824,2.908192,69.922424,3.008816,4.0,4.431e-05,14,639,0.10505,0.16825,0.02,0.0,100,0.07143,0.0,,,-0.01,0.01848,-0.00047,0.00346,-0.00206,-0.01193,1.0137
2499,2558976,72.66844,68.0,1.0,0.97,1.009379,-0.000795,0.005617,0.000456,0.24023,0.000872,0.588071,69.887993,3.298462,70.031937,3.021372,4.0,4.42e-05,16,643,0.10901,0.17001,0.02,0.0,100,0.0625,0.0,,,-0.01,0.01659,-0.00044,0.00113,-0.00024,-0.01627,1.15658
2500,2560000,73.05668,67.66667,1.0,0.98,1.011758,-0.001288,0.009762,0.001109,0.450701,0.010707,0.936762,66.351509,9.454542,65.091576,11.061125,4.0,4.41e-05,12,656,0.11138,0.16774,0.01,0.0,100,0.0,0.0,,,-0.01,0.01578,-4e-05,0.00088,-0.00199,-0.02633,0.92102
2501,2561024,73.04887,68.09091,1.0,0.98,0.957217,-0.001817,0.00202,0.001875,0.337007,0.021973,0.992533,61.77676,13.98064,61.779415,14.800453,4.0,4.4e-05,11,675,0.10915,0.17021,0.01,0.0,100,0.0,0.0,,,-0.01,0.01838,-0.00044,0.00217,0.00037,-0.02226,0.8793
2502,2562048,65.81243,97.90909,0.90909,0.97,0.998711,-0.000269,0.02728,0.000945,0.271824,0.003732,0.922425,63.009487,13.69105,62.104851,16.11314,4.0,4.39e-05,11,661,0.10642,0.1612,0.01,0.0,100,0.09091,1.0,,,-0.01,0.01751,-0.0004,0.00292,-4e-05,-0.02504,0.76321
2503,2563072,65.5827,91.125,0.9375,0.97,0.99087,-0.001024,0.008004,0.000818,0.299286,0.002337,0.860779,69.078514,5.366883,68.787209,6.000121,4.0,4.38e-05,16,635,0.11217,0.17188,0.02,0.0,100,0.0,0.0,,,-0.01,0.01861,-0.0001,0.00325,-0.00231,-0.01661,1.0921
2504,2564096,66.37326,72.33333,0.91667,0.96,1.042811,-0.000517,0.043004,0.000253,0.327194,0.0,0.696511,67.295769,6.307428,66.372231,9.668459,4.0,4.369e-05,12,641,0.11916,0.18366,0.02,0.0,100,0.16667,0.0,,,-0.01,0.01924,-0.00035,0.00299,-0.00311,-0.01346,0.82411
2505,2565120,72.38683,80.23077,1.0,0.97,1.018162,-0.001102,0.031869,0.001612,0.314771,0.012137,0.680428,65.506233,7.621822,65.640579,7.992014,4.0,4.359e-05,13,648,0.11546,0.17978,0.01,0.0,100,0.23077,0.0,,,-0.01,0.02018,-0.00028,0.0015,-0.00334,-0.01278,0.97842
2506,2566144,67.75167,78.4,0.93333,0.96,1.013033,-0.000391,0.021063,0.000334,0.265517,0.000558,0.903783,66.106926,9.452461,65.678154,12.541955,4.0,4.349e-05,15,649,0.12482,0.19383,0.01,0.0,100,0.06667,0.0,,,-0.01,0.01982,-0.00012,0.00283,-0.00227,-0.01379,1.05048
2507,2567168,73.04633,67.85714,1.0,0.96,1.021921,-0.000642,0.010753,0.000797,0.328566,0.004987,0.127649,67.817116,3.869967,68.723068,2.92038,4.0,4.339e-05,14,641,0.11963,0.1851,0.01,0.0,100,0.14286,0.0,,,-0.01,0.02103,-0.00021,0.00334,-0.00162,-0.01365,1.02687
2508,2568192,67.82588,73.6875,0.9375,0.95,0.988135,-0.000741,0.055614,0.000238,0.373641,0.0,0.685845,67.323189,6.902125,66.208458,10.720269,4.0,4.328e-05,16,647,0.12455,0.19649,0.01,0.0,100,0.25,0.0,,,-0.01,0.01926,-0.00056,0.00156,-0.00596,-0.01261,1.15658
2509,2569216,72.94395,69.63636,1.0,0.96,1.021696,-0.002027,0.016344,0.00201,0.331027,0.022182,0.792454,66.924698,5.772737,66.704185,7.095708,4.0,4.318e-05,11,644,0.12361,0.19169,0.01,0.0,100,0.18182,1.0,,,-0.01,0.01915,-0.00017,0.00317,-0.00275,-0.01195,0.81164
2510,2570240,62.25571,76.93333,0.86667,0.95,0.942824,-0.000788,0.052224,0.001437,0.389181,0.011475,0.829917,64.204811,10.30571,62.940289,14.70539,4.0,4.308e-05,15,657,0.11566,0.18208,0.0,0.0,100,0.26667,0.0,,,-0.01,0.01847,-9e-05,0.00071,-0.00551,-0.01542,1.01548
2511,2571264,72.63346,69.30769,1.0,0.96,0.981364,-0.000753,0.060864,0.000331,0.3799,0.001639,0.684667,63.383881,9.573441,62.374569,11.131808,4.0,4.298e-05,13,653,0.11941,0.18992,0.0,0.0,100,0.23077,0.0,,,-0.01,0.01827,-0.00018,0.00266,-0.00722,-0.01983,0.99777
2512,2572288,66.80032,71.76923,0.92308,0.95,1.041635,-0.000512,0.041085,0.000669,0.311488,0.001744,0.895135,59.732525,14.587898,60.056374,16.318043,4.0,4.287e-05,13,649,0.12763,0.19635,0.0,0.0,100,0.46154,0.0,,,-0.01,0.01821,-0.00044,0.00246,-0.00439,-0.02072,0.89574
2513,2573312,73.29342,68.08333,1.0,0.96,1.123333,-0.001324,0.023886,0.00043,0.307573,0.000523,0.94089,59.769226,15.152422,59.94508,16.25276,4.0,4.277e-05,12,652,0.12676,0.19281,0.0,0.0,100,0.08333,0.0,,,-0.01,0.01921,-0.00088,0.00348,-0.00187,-0.01317,0.88388
2514,2574336,64.97129,109.07692,0.92308,0.95,0.978208,-0.000658,0.055797,0.000535,0.271597,0.001395,0.852504,59.09687,16.405964,59.910625,15.902321,4.0,4.267e-05,13,670,0.12642,0.19941,0.01,0.0,100,0.15385,0.0,,,-0.01,0.01887,-0.00036,0.00149,-0.00292,-0.01454,0.94855
2515,2575360,67.40028,74.78571,0.92857,0.94,1.091686,-0.001269,0.024141,0.001489,0.263015,0.017229,0.848983,65.884399,7.197163,65.702065,10.10688,4.0,4.257e-05,14,645,0.13371,0.21053,0.01,0.0,100,0.14286,0.5,,,-0.01,0.01592,-0.00103,0.00161,-0.0007,-0.0173,0.94279
2516,2576384,72.47735,70.45455,1.0,0.95,1.129555,-0.002226,0.008993,0.0015,0.337894,0.016915,0.965696,63.378822,12.51357,63.608494,13.87329,4.0,4.246e-05,11,643,0.1317,0.19838,0.01,0.0,100,0.0,0.0,,,-0.01,0.01734,-0.00128,0.00287,-1e-05,-0.01945,0.78473
2517,2577408,70.96558,84.69231,1.0,0.95,0.991202,-0.000648,0.066974,0.001216,0.320756,0.006906,0.753424,61.925694,13.80963,61.850464,13.446532,4.0,4.236e-05,13,661,0.13084,0.20928,0.01,0.0,100,0.07692,0.0,,,-0.01,0.01859,-0.00108,0.00067,-0.00516,-0.01279,1.01187
2518,2578432,72.47462,77.21429,1.0,0.97,1.068227,-0.001001,0.051202,0.000718,0.334381,0.001604,-0.276079,66.050835,8.270123,67.174538,5.338261,4.0,4.226e-05,14,645,0.13284,0.207,0.01,0.0,100,0.21429,1.0,,,-0.01,0.01835,-0.00081,0.00108,-0.00139,-0.01363,1.03165
2519,2579456,72.59476,75.93333,1.0,0.98,1.085472,-0.0011,0.030189,0.000897,0.273551,0.004674,0.741228,66.111649,7.966189,66.071571,8.591044,4.0,4.216e-05,15,650,0.13607,0.21119,0.01,0.0,100,0.13333,0.0,,,-0.01,0.0191,-0.00097,0.00333,-0.00252,-0.01031,1.12917
2520,2580480,72.5329,75.6,1.0,0.98,0.976977,-0.002092,0.0209,0.001304,0.360297,0.010742,0.893486,62.754753,11.563572,63.521629,11.393347,4.0,4.205e-05,10,671,0.13601,0.21409,0.01,0.0,100,0.2,0.0,,,-0.01,0.019,-0.00082,0.00317,-0.00077,-0.01236,0.80965
2521,2581504,67.17266,88.92857,0.92857,0.97,1.014939,-0.000804,0.056176,0.000983,0.3437,0.004639,0.789714,64.724388,9.906361,63.458233,13.185587,4.0,4.195e-05,14,661,0.13159,0.21233,0.01,0.0,100,0.14286,0.0,,,-0.01,0.01894,-0.00073,0.00319,-0.00496,-0.00893,1.01491
2522,2582528,66.8774,75.76923,0.92308,0.98,1.045258,-0.000824,0.032758,0.001072,0.222358,0.006208,0.868732,63.486141,10.799398,63.112034,13.294514,4.0,4.185e-05,13,668,0.13879,0.22165,0.0,0.0,100,0.15385,0.0,,,-0.01,0.01619,-0.0005,7e-05,-5e-05,-0.01094,0.94822
2523,2583552,72.37134,68.27273,1.0,0.98,1.193332,-0.001222,0.008685,0.000859,0.316625,0.003174,0.955137,63.670601,11.266966,63.455387,11.832102,4.0,4.175e-05,11,657,0.15463,0.2363,0.0,0.0,100,0.09091,0.0,,,-0.01,0.01542,-0.00074,0.00098,-0.00053,-0.01168,0.83157
2524,2584576,72.80009,71.75,1.0,0.98,1.140979,-0.00152,0.015621,0.000949,0.359104,0.003732,0.962603,58.335407,15.567768,57.562542,16.496964,4.0,4.164e-05,8,670,0.15455,0.23641,0.0,0.0,100,0.0,0.0,,,-0.01,0.01672,-0.00101,0.00222,-0.00133,-0.00762,0.62438
2525,2585600,67.20969,104.38462,0.92308,0.97,1.099415,-0.000397,0.021583,0.000307,0.273026,3.5e-05,0.928972,62.200375,13.796553,62.960419,13.963595,4.0,4.154e-05,13,657,0.15115,0.23422,0.01,0.0,100,0.15385,0.0,,,-0.01,0.01813,-0.00103,0.00218,-0.00031,-0.01051,0.91797
2526,2586624,67.27432,100.07692,0.92308,0.96,1.185003,-0.00178,0.022638,0.001979,0.308037,0.022496,0.769261,66.252129,7.777079,66.101524,8.079736,4.0,4.144e-05,13,647,0.16058,0.24058,0.02,0.0,100,0.30769,0.0,,,-0.01,0.01623,-0.00137,0.00337,-0.00253,-0.00902,0.88274
2527,2587648,71.94985,92.5,1.0,0.96,1.141383,-0.001369,0.070568,0.001178,0.362853,0.012102,0.617235,62.332035,11.837804,62.204807,11.043807,4.0,4.134e-05,12,663,0.16084,0.24961,0.02,0.0,100,0.25,0.0,,,-0.01,0.01622,-0.0006,0.00364,-0.00578,-0.00745,0.93947
2528,2588672,67.0774,73.0,0.92308,0.95,1.225421,-0.001465,0.026576,0.001453,0.2771,0.0113,0.875098,64.472717,8.779548,64.151558,11.560884,4.0,4.124e-05,13,644,0.16026,0.24493,0.02,0.0,100,0.15385,0.0,,,-0.01,0.01586,-0.00067,0.00148,-0.00024,-0.00975,0.8687
2529,2589696,72.92261,71.0,1.0,0.95,1.211051,-0.001836,0.005236,0.001377,0.318977,0.008963,0.973102,63.396152,11.10792,63.687462,11.75701,4.0,4.113e-05,12,641,0.15262,0.23577,0.02,0.0,100,0.0,0.0,,,-0.01,0.01607,-0.00079,0.00019,0.0,-0.01061,0.85586
2530,2590720,65.87439,113.33333,0.91667,0.96,1.263723,-0.001684,0.021151,0.001903,0.274001,0.015416,0.902959,62.988117,11.546822,62.843792,11.98766,4.0,4.103e-05,12,650,0.16546,0.25283,0.03,0.0,100,0.08333,0.0,,,-0.01,0.01562,-0.0014,0.00115,-0.00299,-0.00783,0.81041
2531,2591744,64.83931,90.5,0.9,0.95,1.107633,-0.000986,0.035515,0.000653,0.259529,0.002546,0.847291,63.939243,9.614469,63.240215,12.438972,4.0,4.093e-05,10,664,0.14974,0.24174,0.03,0.0,100,0.2,0.0,,,-0.01,0.01727,-0.00029,0.00273,-0.00198,-0.0114,0.69081
2532,2592768,72.59218,76.53846,1.0,0.95,1.256095,-0.001365,0.021571,0.00032,0.314564,0.00014,0.826454,64.408302,8.126759,64.659752,9.06588,4.0,4.083e-05,13,646,0.16555,0.26013,0.03,0.0,100,0.15385,0.0,,,-0.01,0.01666,-0.00075,0.00246,-0.00141,-0.01112,0.94286
2533,2593792,72.81184,76.81818,1.0,0.96,1.271327,-0.003548,0.014466,0.002444,0.369603,0.023612,0.94835,62.317719,13.036294,62.280109,13.511215,4.0,4.072e-05,11,647,0.16287,0.25209,0.02,0.0,100,0.0,0.0,,,-0.01,0.01652,-0.0008,0.00253,-0.00118,-0.00918,0.79431
2534,2594816,65.21181,110.9,0.9,0.96,1.113807,-0.000778,0.014225,0.000471,0.268507,0.000523,0.966398,58.862816,15.585739,58.385212,16.476753,4.0,4.062e-05,10,666,0.16416,0.26318,0.02,0.0,100,0.2,0.0,,,-0.01,0.01813,-0.00052,0.00207,-0.00223,-0.01068,0.70454
2535,2595840,72.11369,93.57143,1.0,0.96,1.059141,-0.000391,0.066345,0.000153,0.478916,0.0,0.595345,62.266167,12.884823,64.318779,10.261844,4.0,4.052e-05,14,664,0.16399,0.2659,0.02,0.0,100,0.28571,1.0,,,-0.01,0.01915,-0.00118,0.0034,-0.0018,-0.01015,1.09381
2536,2596864,67.81492,76.73333,0.93333,0.96,1.086236,-0.000808,0.034354,0.000729,0.308166,0.002755,0.867419,66.522911,9.555051,65.906006,12.874687,4.0,4.042e-05,15,654,0.15617,0.25618,0.02,0.0,100,0.13333,0.0,,,-0.01,0.02025,-0.00015,0.00321,-0.00277,-0.013,1.08309
2537,2597888,72.81187,74.8,1.0,0.96,1.150064,-0.001792,0.031305,0.002117,0.337926,0.0226,0.742325,66.617172,8.454926,66.262383,8.829556,4.0,4.031e-05,10,654,0.156,0.25509,0.02,0.0,100,0.2,0.0,,,-0.01,0.0195,-0.00107,0.00369,-0.00143,-0.01023,0.74265
2538,2598912,72.90796,73.1,1.0,0.96,1.2393,-0.001011,0.016029,0.000748,0.352659,0.000453,0.945857,63.974243,13.085409,62.996441,13.632056,4.0,4.021e-05,10,643,0.16883,0.26733,0.02,0.0,100,0.0,0.0,,,-0.01,0.01677,-0.00207,0.0032,-0.00169,-0.01899,0.71976
2539,2599936,64.54503,91.4,0.9,0.96,1.18626,-0.001532,0.038387,0.00158,0.400107,0.01559,0.925295,54.659122,16.928329,53.67318,18.897543,4.0,4.011e-05,10,656,0.17018,0.25755,0.01,0.0,100,0.1,0.0,,,-0.01,0.01607,-0.00407,0.00368,0.00108,-0.02453,0.69108
2540,2600960,67.20274,98.78571,0.92857,0.96,1.247594,-0.001185,0.009199,0.00122,0.381919,0.005511,0.970209,61.515755,14.040615,62.199078,14.538125,4.0,4.001e-05,14,631,0.16833,0.26797,0.02,0.0,100,0.14286,0.0,,,-0.01,0.01814,-0.00125,0.00339,-0.00028,-0.01273,0.93114
2541,2601984,70.88738,94.46154,1.0,0.96,1.166005,-0.002401,0.021808,0.002478,0.445507,0.029122,0.440154,67.275352,7.36006,68.458138,4.92124,4.0,3.99e-05,13,637,0.16266,0.26579,0.02,0.0,100,0.07692,0.0,,,-0.01,0.01839,-0.00092,0.00352,-0.00014,-0.01189,0.91879
2542,2603008,73.0309,69.53846,1.0,0.97,1.064251,-0.002214,0.020451,0.002536,0.389925,0.023996,0.892218,67.895882,9.782801,67.312729,11.052388,4.0,3.98e-05,13,648,0.14475,0.24042,0.01,0.0,100,0.0,0.0,,,-0.01,0.02094,-0.00076,0.00367,-0.00154,-0.01372,0.98032
2543,2604032,65.29426,80.6,0.9,0.96,1.008042,-0.00233,0.043644,0.001747,0.539603,0.018834,0.846866,63.157951,11.516234,61.099846,13.236103,4.0,3.97e-05,10,664,0.15045,0.2459,0.01,0.0,100,0.2,0.0,,,-0.01,0.01873,-0.00082,0.00329,-0.00428,-0.01239,0.71495
2544,2605056,58.86568,83.81818,0.81818,0.94,0.98717,-0.00067,0.029922,0.001364,0.343548,0.013149,0.947448,54.661312,17.480904,53.756519,19.580107,4.0,3.96e-05,11,690,0.16376,0.26745,0.01,0.0,100,0.18182,0.0,,,-0.01,0.01646,-0.00138,0.00135,-0.00084,-0.00864,0.78313
2545,2606080,71.93308,93.18182,1.0,0.95,1.099347,-0.001064,0.027738,0.000806,0.276996,0.002267,0.915956,59.939396,15.034841,60.6856,14.502481,4.0,3.949e-05,11,675,0.17468,0.27381,0.01,0.0,100,0.18182,0.0,,,-0.01,0.01831,-0.00112,0.00117,-0.00049,-0.00934,0.86358
2546,2607104,64.64739,112.77778,0.88889,0.94,1.102585,-0.000982,0.045449,0.000975,0.292887,0.004116,0.855612,58.952885,13.873835,58.103855,14.242487,4.0,3.939e-05,9,679,0.19603,0.29477,0.02,0.0,100,0.33333,0.0,,,-0.01,0.01643,-0.00145,0.00051,-0.00409,-0.0079,0.6546
2547,2608128,66.8694,93.42857,0.92857,0.93,1.177928,-0.000884,0.03167,0.000278,0.303767,0.0,0.902763,61.685448,12.464312,61.931328,14.529275,4.0,3.929e-05,14,645,0.18635,0.2831,0.02,0.0,100,0.07143,0.0,,,-0.01,0.01805,-0.00122,0.00325,-0.00049,-0.00961,0.95645
2548,2609152,72.88673,74.5,1.0,0.95,1.151271,-0.000563,0.060403,0.000494,0.272152,0.000349,0.746008,61.113087,13.120158,61.128498,12.404484,4.0,3.919e-05,10,654,0.17868,0.28088,0.01,0.0,100,0.2,0.0,,,-0.01,0.01867,-0.00053,0.00303,-0.00315,-0.01282,0.75061
2549,2610176,65.12238,108.6,0.9,0.94,1.243315,-0.001655,0.024952,0.001536,0.4125,0.015555,0.927578,57.483501,13.099349,56.004284,14.647808,4.0,3.908e-05,10,656,0.21023,0.30716,0.02,0.0,100,0.0,0.0,,,-0.01,0.01661,-0.00269,0.00196,-0.00192,-0.01746,0.67278
2550,2611200,71.85896,103.28571,1.0,0.94,1.073154,-0.001442,0.045497,0.000986,0.31427,0.004464,0.883079,53.332783,15.810809,53.190357,16.139254,4.0,3.898e-05,7,686,0.17096,0.26217,0.02,0.0,100,0.14286,0.0,,,-0.01,0.0155,-0.00122,0.00336,0.00077,-0.02605,0.56814
2551,2612224,63.72945,126.45455,0.90909,0.93,1.089004,-0.001219,0.046512,0.000611,0.291009,0.000628,0.885851,52.829613,15.683872,52.88752,16.291468,4.0,3.888e-05,11,667,0.1788,0.27599,0.03,0.01,100,0.18182,0.0,,,-0.01,0.01533,-0.00055,0.00238,-0.00366,-0.02002,0.79679
2552,2613248,72.68073,77.77778,1.0,0.94,1.15375,-0.00105,0.045979,0.001055,0.257763,0.004569,0.883025,55.911831,15.477007,56.100098,16.063005,4.0,3.878e-05,9,661,0.16958,0.26786,0.03,0.01,100,0.33333,0.0,,,-0.01,0.01712,-0.00104,0.00379,-0.00165,-0.02213,0.70329
2553,2614272,57.99278,129.23077,0.84615,0.93,1.130052,-0.000775,0.060744,0.001004,0.35435,0.005266,0.847998,57.77663,14.597979,58.430279,16.143993,4.0,3.868e-05,13,657,0.15625,0.24778,0.04,0.01,100,0.07692,0.0,,,-0.01,0.01796,-0.00103,0.00306,-0.00102,-0.01959,0.8232
2554,2615296,72.60761,72.92857,1.0,0.94,1.015947,-0.001377,0.024569,0.001172,0.450149,0.007952,0.317514,65.210014,5.798979,66.705719,4.844713,4.0,3.857e-05,14,649,0.13958,0.2349,0.04,0.01,100,0.21429,0.0,,,-0.01,0.01798,-0.00024,0.00225,-0.00243,-0.01158,1.03114
2555,2616320,72.88019,69.41667,1.0,0.95,1.003047,-0.001261,0.018236,0.000426,0.300509,0.000279,0.808222,66.675095,6.509087,66.968231,7.751938,4.0,3.847e-05,12,650,0.12938,0.21907,0.03,0.01,100,0.08333,0.0,,,-0.01,0.02036,-0.00049,0.00185,-0.00217,-0.01269,0.88949
2556,2617344,68.40845,71.9375,0.9375,0.95,1.018552,-0.001067,0.020881,0.000991,0.219559,0.002441,0.842672,67.843887,6.911267,67.869003,9.843568,4.0,3.837e-05,16,641,0.13349,0.22838,0.03,0.01,100,0.0625,0.0,,,-0.01,0.02095,-0.00044,0.00304,-0.00133,-0.01188,1.09554
2557,2618368,66.51775,78.23077,0.92308,0.94,1.054775,-0.001788,0.039444,0.001465,0.321866,0.016218,0.816236,66.145561,9.246476,65.520554,12.340377,4.0,3.827e-05,13,653,0.13673,0.23387,0.03,0.01,100,0.07692,0.0,,,-0.01,0.01932,-0.00055,0.00267,-0.00125,-0.01797,0.88611
2558,2619392,73.10264,70.4,1.0,0.95,1.106873,-0.002094,0.004242,0.002756,0.371695,0.031494,0.579314,68.860359,2.63898,69.303047,2.543383,4.0,3.816e-05,15,640,0.14746,0.24568,0.02,0.01,100,0.0,0.0,,,-0.01,0.01882,-0.00022,0.00266,0.0,-0.01062,1.07012
2559,2620416,73.05375,69.35714,1.0,0.96,1.073815,-0.001657,0.002971,0.001699,0.291288,0.011684,0.696906,69.588295,2.517002,69.843086,2.474761,4.0,3.806e-05,14,641,0.13797,0.23033,0.01,0.0,100,0.0,0.0,,,-0.01,0.01907,-0.00029,0.00286,-1e-05,-0.01279,0.99925
2560,2621440,73.18214,71.76923,1.0,0.98,1.008813,-0.001698,0.019364,0.002888,0.337562,0.034912,0.921571,66.234375,11.529058,65.829979,12.604194,4.0,3.796e-05,13,656,0.14168,0.23667,0.0,0.0,100,0.0,0.0,,,-0.01,0.02071,-0.00061,0.00277,-0.00139,-0.01037,0.97845
2561,2622464,72.26598,88.53846,1.0,0.98,0.983038,-0.000421,0.037461,0.000629,0.254027,0.00129,0.879488,62.607212,15.279017,62.861103,14.56902,4.0,3.786e-05,13,677,0.15938,0.25111,0.0,0.0,100,0.07692,0.0,,,-0.01,0.01816,-0.00103,0.00289,-0.00213,-0.0116,1.0442
2562,2623488,71.4472,79.38462,1.0,0.98,1.083857,-0.001134,0.052617,0.001588,0.284923,0.015765,0.4191,65.444,8.606005,66.087051,7.752021,4.0,3.775e-05,13,643,0.13288,0.21366,0.0,0.0,100,0.15385,0.0,,,-0.01,0.01819,-0.00483,0.0032,-0.00092,-0.01812,0.93989
2563,2624512,72.93632,72.28571,1.0,0.99,1.131743,-0.00139,0.007418,0.001861,0.357649,0.016671,0.447639,68.933754,3.327212,69.375244,2.92328,4.0,3.765e-05,14,639,0.13965,0.2334,0.0,0.0,100,0.0,0.0,,,-0.01,0.01786,-0.00091,0.00322,-1e-05,-0.0123,0.99792
2564,2625536,72.91253,71.42857,1.0,1.0,1.044639,-0.001262,0.024775,0.001588,0.271368,0.013253,0.752562,68.0765,6.797827,67.440132,7.912605,4.0,3.755e-05,14,641,0.14296,0.23759,0.0,0.0,100,0.0,0.0,,,-0.01,0.01897,-0.00175,0.00315,-0.0034,-0.01132,1.03859
2565,2626560,66.03757,82.08333,0.91667,0.99,0.890798,-0.000997,0.082056,0.001418,0.267397,0.016985,0.721987,62.32196,12.646868,62.107185,13.780833,4.0,3.745e-05,12,675,0.13928,0.23093,0.0,0.0,100,0.33333,0.0,,,-0.01,0.0193,-0.00036,0.00294,-0.00552,-0.01147,0.91439
2566,2627584,65.93727,85.75,0.91667,0.98,1.069592,-0.00096,0.06069,0.000979,0.338514,0.008196,0.793541,62.628059,11.746155,61.886528,13.764295,4.0,3.734e-05,12,659,0.15531,0.25149,0.0,0.0,100,0.16667,0.0,,,-0.01,0.01722,-0.0013,0.00269,-0.00235,-0.00999,0.85033
2567,2628608,72.91762,80.30769,1.0,0.98,0.931353,-0.001476,0.030085,0.000905,0.318789,0.006557,0.8722,62.899536,12.246515,63.840412,12.211395,4.0,3.724e-05,13,670,0.1399,0.23103,0.0,0.0,100,0.07692,0.0,,,-0.01,0.02074,-0.00139,0.00388,-0.0031,-0.01003,1.03097
2568,2629632,73.12022,66.14286,1.0,0.98,0.880263,-0.001359,0.004795,0.001062,0.305037,0.008894,0.976063,64.814766,10.944954,65.342209,11.227171,4.0,3.714e-05,14,675,0.12999,0.21602,0.0,0.0,100,0.07143,0.0,,,-0.01,0.01955,-0.00093,0.00205,-0.00034,-0.01422,1.12203
2569,2630656,72.77189,67.83333,1.0,0.98,0.884638,-0.001666,0.005748,0.001053,0.248347,0.007289,0.970589,65.689774,11.065392,65.817558,11.357,4.0,3.704e-05,12,678,0.13025,0.21959,0.0,0.0,100,0.0,0.0,,,-0.01,0.01758,-0.00045,0.00303,-0.00044,-0.01377,0.96296
2570,2631680,65.49714,116.90909,0.90909,0.97,1.023708,-0.001165,0.028651,0.000467,0.325243,0.000767,0.833915,65.10424,11.002019,64.71981,10.708956,4.0,3.693e-05,11,658,0.15645,0.24337,0.01,0.0,100,0.18182,0.0,,,-0.01,0.01888,-0.0013,0.00362,-0.00074,-0.01285,0.77507
2571,2632704,73.13404,69.30769,1.0,0.97,1.020554,-0.001133,0.00615,0.000896,0.244763,0.006522,0.948416,66.734001,8.445059,66.873367,8.672649,4.0,3.683e-05,13,656,0.14845,0.23898,0.01,0.0,100,0.0,0.0,,,-0.01,0.01763,-0.00026,0.00206,6e-05,-0.01175,0.96801
2572,2633728,72.16413,84.6,1.0,0.97,0.99411,-0.000557,0.018968,0.000139,0.261413,0.0,0.320272,68.755501,5.344869,69.138489,4.229049,4.0,3.673e-05,15,649,0.13001,0.2155,0.01,0.0,100,0.2,0.66667,,,-0.01,0.01782,-0.00046,0.00178,-0.00136,-0.01215,1.08761
2573,2634752,72.87667,69.46667,1.0,0.98,0.960122,-0.001228,0.003906,0.000896,0.282122,0.003418,0.573091,69.871727,2.925834,70.123955,2.454592,4.0,3.663e-05,15,641,0.11775,0.19782,0.01,0.0,100,0.0,0.0,,,-0.01,0.01938,-0.00066,0.00295,0.0,-0.01376,1.07057
2574,2635776,73.14388,67.73333,1.0,0.99,0.934191,-0.001172,0.012949,0.00163,0.28119,0.016741,0.831419,69.590561,5.89437,69.052269,6.941586,4.0,3.652e-05,15,648,0.11823,0.19801,0.01,0.0,100,0.0,0.0,,,-0.01,0.02009,-0.00064,0.00337,-0.00166,-0.01245,1.10598
2575,2636800,67.53979,71.14286,0.92857,0.98,0.922221,-0.00031,0.024952,0.000773,0.214822,0.003557,0.803641,68.765533,6.01954,68.409828,9.220544,4.0,3.642e-05,14,647,0.11396,0.18728,0.01,0.0,100,0.07143,0.0,,,-0.01,0.01955,-0.00197,0.00263,-0.00047,-0.01147,0.94734
2576,2637824,72.99666,70.85714,1.0,0.98,1.003732,-0.001154,0.005903,0.000604,0.249227,0.001883,0.617313,69.616478,2.879021,69.553566,3.12716,4.0,3.632e-05,14,641,0.12641,0.20771,0.01,0.0,100,0.0,0.0,,,-0.01,0.0192,-0.00057,0.00231,-0.00034,-0.01619,0.99982
2577,2638848,72.04044,74.57143,1.0,0.99,1.031818,-0.001166,0.016359,0.000814,0.290741,0.003836,0.399138,68.596878,4.135494,68.60537,4.200949,4.0,3.622e-05,14,636,0.13004,0.21651,0.0,0.0,100,0.0,0.0,,,-0.01,0.01872,-0.00047,0.00288,-0.00116,-0.01663,1.00135
2578,2639872,72.90589,68.21429,1.0,0.99,0.945551,-0.000422,0.010897,0.000208,0.239872,0.0,-0.179434,69.346916,3.831022,69.915802,2.512468,4.0,3.612e-05,14,635,0.11336,0.19474,0.0,0.0,100,0.14286,0.0,,,-0.01,0.01906,-0.00024,0.00386,-0.00144,-0.017,1.0142
2579,2640896,73.02785,67.61538,1.0,0.99,1.101231,-0.001,0.005423,0.000761,0.373255,0.001883,0.849038,69.936752,4.41009,69.293808,5.478224,4.0,3.601e-05,13,637,0.13588,0.21833,0.0,0.0,100,0.0,0.0,,,-0.01,0.01791,-0.00066,0.00205,0.0,-0.01855,0.92861
2580,2641920,71.38146,84.16667,1.0,0.99,1.181637,-0.001467,0.017689,0.000559,0.344455,0.000802,0.673561,67.239021,5.988342,66.763504,5.990545,4.0,3.591e-05,12,645,0.16057,0.24289,0.0,0.0,100,0.0,0.0,,,-0.01,0.0143,-0.00104,0.00217,0.0,-0.01513,0.85072
2581,2642944,71.92383,88.42857,1.0,0.99,1.295855,-0.002388,0.035094,0.002314,0.501365,0.026332,0.829309,59.207848,10.915769,57.394371,11.197858,4.0,3.581e-05,7,654,0.17335,0.25981,0.0,0.0,100,0.0,1.0,,,-0.01,0.01437,-0.00113,0.00295,-0.00266,-0.01027,0.51586
2582,2643968,63.59696,119.1,0.9,0.98,0.982476,-0.000694,0.062961,0.000793,0.330698,0.001674,0.845048,54.050701,14.653651,53.407959,16.239256,4.0,3.571e-05,10,681,0.14177,0.2316,0.0,0.0,100,0.2,0.0,,,-0.01,0.01641,-0.00097,0.00297,-0.00196,-0.00986,0.76107
2583,2644992,65.56726,115.18182,0.90909,0.98,0.93046,-0.001072,0.0337,0.001439,0.279341,0.012347,0.850983,59.546673,11.881761,59.869011,12.080406,4.0,3.56e-05,11,669,0.12566,0.21788,0.01,0.0,100,0.09091,0.0,,,-0.01,0.01973,-0.00113,0.00346,-0.00213,-0.01338,0.79515
2584,2646016,63.76039,92.0,0.88889,0.97,0.856777,-0.000834,0.045302,0.001,0.214561,0.007394,0.872637,57.691582,13.337357,57.394539,15.124565,4.0,3.55e-05,9,705,0.13237,0.21893,0.01,0.0,100,0.22222,0.0,,,-0.01,0.01975,-0.00107,0.00234,-0.00232,-0.01131,0.70954
2585,2647040,65.47299,125.36364,0.90909,0.96,1.122998,-0.001113,0.020943,0.00103,0.329333,0.007847,0.774502,62.680599,7.570118,63.189129,7.638373,4.0,3.54e-05,11,660,0.14101,0.22814,0.02,0.0,100,0.09091,0.0,,,-0.01,0.01711,-0.0012,0.00355,0.0,-0.01129,0.72897
2586,2648064,72.9226,72.58333,1.0,0.96,1.075887,-0.001356,0.018322,0.001231,0.356471,0.010533,0.794507,64.759705,6.039908,64.698311,7.485794,4.0,3.53e-05,12,652,0.13008,0.21074,0.02,0.0,100,0.0,0.0,,,-0.01,0.0177,-0.00046,0.00357,-0.0012,-0.01146,0.87054
2587,2649088,72.8979,76.61538,1.0,0.96,1.046116,-0.001676,0.01924,0.00197,0.341897,0.020124,0.870549,61.97797,9.700845,63.011803,9.737536,4.0,3.519e-05,13,657,0.12751,0.21711,0.02,0.0,100,0.07692,0.0,,,-0.01,0.01787,-0.00051,0.00304,-0.0003,-0.01173,0.95947
2588,2650112,66.2994,76.83333,0.91667,0.95,1.029316,-0.000576,0.0308,0.000106,0.287551,0.0,0.892352,62.326363,10.718633,61.71603,13.78632,4.0,3.509e-05,12,665,0.12061,0.20494,0.02,0.0,100,0.08333,0.0,,,-0.01,0.01708,-0.00068,0.0018,-0.00156,-0.01031,0.82357
2589,2651136,67.72425,96.71429,0.92857,0.94,0.999731,-0.000743,0.005145,0.000385,0.296776,0.000942,0.887471,66.515892,4.830177,67.158325,5.42908,4.0,3.499e-05,14,644,0.1144,0.19922,0.03,0.0,100,0.0,0.0,,,-0.01,0.01769,-0.00055,0.00346,0.0,-0.01395,0.9278
2590,2652160,72.81936,72.86667,1.0,0.95,1.012362,-0.001686,0.004815,0.00078,0.35668,0.00286,0.583415,68.19664,3.030915,68.992096,2.657329,4.0,3.489e-05,15,646,0.12584,0.21275,0.03,0.0,100,0.0,0.0,,,-0.01,0.01761,-0.00049,0.00301,0.0,-0.00904,1.06891
2591,2653184,72.92709,68.25,1.0,0.96,0.953285,-0.001525,0.007261,0.001973,0.294084,0.022356,0.593442,69.022079,4.272288,69.734459,3.432519,4.0,3.478e-05,16,641,0.11973,0.20601,0.02,0.0,100,0.0,0.0,,,-0.01,0.01799,-0.00119,0.00272,-0.00041,-0.01287,1.15093
2592,2654208,73.22951,65.46667,1.0,0.98,0.999013,-0.00067,0.005185,0.001716,0.273829,0.017578,0.49566,70.208473,3.33492,70.586121,2.642743,4.0,3.468e-05,15,647,0.12239,0.21169,0.01,0.0,100,0.0,0.0,,,-0.01,0.01927,-0.00043,0.00197,-0.00042,-0.01007,1.07779
2593,2655232,72.97474,69.26667,1.0,0.98,0.956737,-0.000427,0.014306,0.000771,0.224382,0.002441,0.094106,70.387909,4.289151,70.498383,3.25817,4.0,3.458e-05,15,645,0.11727,0.20391,0.01,0.0,100,0.06667,0.0,,,-0.01,0.01935,-0.00069,0.00226,-0.00154,-0.01331,1.08828
2594,2656256,72.13936,70.0,1.0,0.98,0.995567,-0.001479,0.002854,0.000889,0.289583,0.004429,0.674772,70.953598,2.862886,70.963554,2.445798,4.0,3.448e-05,12,645,0.11942,0.20968,0.01,0.0,100,0.0,0.0,,,-0.01,0.01816,-0.00071,0.00176,0.0,-0.01724,0.85625
2595,2657280,72.9336,70.4,1.0,1.0,0.992791,-0.00138,0.001575,0.000602,0.255879,0.003941,0.576976,71.295425,2.143241,71.257408,1.619794,4.0,3.437e-05,15,641,0.11775,0.20257,0.0,0.0,100,0.0,0.0,,,-0.01,0.01925,-0.00039,0.00371,0.0,-0.015,1.07012
2596,2658304,73.06526,69.6,1.0,1.0,0.941648,-0.001122,0.012266,0.00184,0.325753,0.020159,0.820499,70.141914,5.174558,69.359131,6.602161,4.0,3.427e-05,15,653,0.1135,0.1955,0.0,0.0,100,0.0,0.0,,,-0.01,0.02041,-0.00033,0.00335,-0.00344,-0.01247,1.1137
2597,2659328,67.44926,75.92857,0.92857,0.99,0.839533,-0.000721,0.034583,0.00108,0.35621,0.009138,0.90244,64.759834,12.564036,63.424263,15.266764,4.0,3.417e-05,14,675,0.11293,0.19497,0.0,0.0,100,0.14286,0.0,,,-0.01,0.02026,-0.00013,0.00219,-0.00357,-0.0114,1.05747
2598,2660352,72.85157,74.0,1.0,0.99,0.948523,-0.000382,0.034267,0.000487,0.242462,0.002128,0.670304,66.181999,9.391395,67.070259,8.024415,4.0,3.407e-05,14,653,0.11895,0.20482,0.0,0.0,100,0.07143,0.0,,,-0.01,0.01925,-0.00076,0.00252,-0.00099,-0.01127,1.05094
2599,2661376,72.96337,69.61538,1.0,0.99,0.906938,-0.000541,0.028523,0.000108,0.226845,7e-05,0.862791,65.892815,10.876147,65.672691,11.538893,4.0,3.396e-05,13,663,0.11768,0.20202,0.0,0.0,100,0.07692,0.0,,,-0.01,0.02036,-0.0003,0.00293,-0.0021,-0.01215,1.00335
2600,2662400,68.15132,75.8125,0.9375,0.98,0.927512,-0.000735,0.023791,0.000625,0.262935,0.003836,0.879514,67.215919,8.875098,67.065514,11.494059,4.0,3.386e-05,16,651,0.11886,0.20306,0.0,0.0,100,0.125,0.0,,,-0.01,0.01997,-0.00112,0.00271,-0.00134,-0.01358,1.11643
2601,2663424,73.23495,69.61538,1.0,0.98,0.998812,-0.001678,0.009009,0.001624,0.26929,0.016218,0.793437,69.068161,4.061667,68.950981,5.225075,4.0,3.376e-05,13,647,0.12521,0.21429,0.0,0.0,100,0.0,0.0,,,-0.01,0.02028,-0.00058,0.00371,-0.00113,-0.01292,0.93877
2602,2664448,72.98709,68.35714,1.0,0.98,0.986229,-0.000873,0.002647,0.000889,0.256225,0.002302,0.98734,64.965981,11.573999,64.914131,12.413927,4.0,3.366e-05,14,663,0.12677,0.21308,0.0,0.0,100,0.0,0.0,,,-0.01,0.01658,-0.00084,0.00173,-0.00062,-0.01218,1.07758
2603,2665472,72.62842,69.0,1.0,0.98,0.927596,-0.001459,0.005585,0.000838,0.299304,0.003523,0.980051,63.983131,13.185714,64.376236,13.365198,4.0,3.356e-05,11,675,0.12377,0.2065,0.0,0.01,100,0.0,0.0,,,-0.01,0.01842,-0.0006,0.00342,2e-05,-0.01659,0.86214
2604,2666496,72.73195,74.23077,1.0,0.98,0.915983,-0.000926,0.014087,0.000888,0.27335,0.003871,0.945895,63.988029,13.281489,64.290306,13.218363,4.0,3.345e-05,13,680,0.12498,0.21278,0.0,0.01,100,0.07692,0.0,,,-0.01,0.01912,-0.00086,0.00388,-0.00169,-0.00983,1.04987
2605,2667520,68.42299,90.5625,0.9375,0.98,0.943878,-0.001221,0.000815,0.001217,0.315387,0.010149,0.975099,70.266609,4.59981,70.417244,4.533864,4.0,3.335e-05,16,642,0.11659,0.20191,0.01,0.01,100,0.0625,0.0,,,-0.01,0.02036,-0.00049,0.0031,-0.00023,-0.01326,1.08193
2606,2668544,73.00708,68.33333,1.0,0.98,0.983242,-0.001109,0.000969,0.001175,0.306755,0.004883,0.759307,70.942627,1.990671,70.958336,1.643453,4.0,3.325e-05,15,641,0.12109,0.20633,0.01,0.01,100,0.0,0.0,,,-0.01,0.01738,-0.0009,0.00366,0.0,-0.01257,1.07113
2607,2669568,73.2345,66.71429,1.0,0.99,0.945369,-0.001721,0.000823,0.001486,0.297606,0.014997,0.798469,70.9328,1.918212,71.042885,1.64554,4.0,3.315e-05,14,648,0.11565,0.19559,0.01,0.01,100,0.0,0.0,,,-0.01,0.01952,-0.00064,0.00098,0.0,-0.0097,1.00046
2608,2670592,72.91006,69.375,1.0,0.99,0.981671,-0.001031,0.001294,0.000412,0.318539,0.00136,0.80338,70.901237,2.061971,70.813637,2.049945,4.0,3.304e-05,16,646,0.11872,0.20619,0.01,0.01,100,0.0,0.0,,,-0.01,0.0189,-0.00066,0.00167,0.0,-0.01307,1.14199
2609,2671616,72.48779,75.42857,1.0,0.99,1.037783,-0.000497,0.006496,0.000407,0.206423,0.000279,0.419128,70.472321,3.240938,70.27037,2.668121,4.0,3.294e-05,14,647,0.12208,0.21069,0.01,0.01,100,0.0,0.0,,,-0.01,0.01789,-0.00033,0.00239,-0.00068,-0.01531,1.00461
2610,2672640,72.39368,77.08333,1.0,0.99,1.055778,-0.000967,0.004743,0.001555,0.322582,0.014195,0.430837,70.534447,2.347152,70.193069,2.289196,4.0,3.284e-05,12,648,0.12821,0.21247,0.01,0.0,100,0.0,0.0,,,-0.01,0.01753,-0.00129,0.00386,0.0,-0.01524,0.85348
2611,2673664,73.0747,68.72727,1.0,0.99,1.017205,-0.001802,0.015235,0.001492,0.534199,0.018415,0.91833,66.04805,10.070721,64.471016,12.005945,4.0,3.274e-05,11,653,0.12684,0.20895,0.01,0.0,100,0.0,0.0,,,-0.01,0.01781,-0.00234,0.00296,-0.002,-0.01544,0.82834
2612,2674688,67.22863,73.71429,0.92857,0.99,1.062488,-0.000881,0.010261,0.000975,0.335718,0.008894,0.95935,63.875427,11.567406,63.798103,12.502104,4.0,3.263e-05,14,632,0.13103,0.2165,0.0,0.0,100,0.07143,0.0,,,-0.01,0.01613,-0.00277,0.003,-0.00119,-0.01626,0.93301
2613,2675712,65.54281,99.69231,0.92308,0.98,1.029641,-0.001409,0.008623,0.00163,0.335303,0.015974,0.97852,60.252979,15.46316,59.984985,16.588846,4.0,3.253e-05,13,667,0.14305,0.23166,0.01,0.0,100,0.0,0.0,,,-0.01,0.01663,-0.00196,0.0034,-0.00061,-0.0205,0.94389
2614,2676736,72.66385,80.46154,1.0,0.98,0.954256,-0.000156,0.029117,0.000197,0.292071,0.0,0.569412,66.129807,9.096919,67.226921,6.582112,4.0,3.243e-05,13,662,0.13556,0.2218,0.01,0.0,100,0.15385,0.0,,,-0.01,0.01879,-0.00047,0.0033,-0.00069,-0.01127,0.96561
2615,2677760,72.63919,73.30769,1.0,0.98,1.004665,-0.001079,0.017151,0.001114,0.31034,0.011405,0.857063,67.529503,7.309379,67.037598,8.657358,4.0,3.233e-05,13,657,0.12286,0.21028,0.01,0.0,100,0.0,0.0,,,-0.01,0.01775,-0.00029,0.00274,-0.00163,-0.01128,0.95293
2616,2678784,72.53109,77.0,1.0,0.98,0.948864,-0.000427,0.022551,0.000521,0.240086,0.001395,0.719203,66.311142,9.181152,67.213638,7.318428,4.0,3.222e-05,13,660,0.11953,0.1979,0.01,0.0,100,0.07692,0.0,,,-0.01,0.01896,-0.00055,0.00367,-0.00074,-0.01348,0.96708
2617,2679808,73.20409,67.92857,1.0,0.98,0.997805,-0.000457,0.020283,0.000324,0.265258,0.0,0.859268,65.59008,8.837249,65.367905,9.852253,4.0,3.212e-05,14,653,0.114,0.19332,0.01,0.0,100,0.0,0.0,,,-0.01,0.01732,-0.00037,0.00343,-0.00101,-0.01728,1.02259
2618,2680832,73.07655,69.2,1.0,0.98,1.147464,-0.001238,0.008095,0.001262,0.356334,0.011684,0.961619,63.395733,11.151941,62.386478,12.052501,4.0,3.202e-05,10,656,0.13435,0.21708,0.01,0.0,100,0.0,0.0,,,-0.01,0.01509,-0.00064,0.0017,0.0,-0.02261,0.7138
2619,2681856,71.18774,90.7,1.0,0.98,1.224011,-0.000837,0.019065,0.000409,0.329284,0.000105,0.933779,59.53656,13.091441,59.77158,13.409345,4.0,3.192e-05,10,652,0.1506,0.23547,0.01,0.0,100,0.1,1.0,,,-0.01,0.01414,-0.00091,0.0033,-0.00083,-0.01787,0.71307
2620,2682880,66.53662,103.625,0.9375,0.98,0.959747,-0.001263,0.008196,0.000516,0.34402,0.00293,0.385829,68.648735,3.271309,68.972557,2.932031,4.0,3.181e-05,16,645,0.11454,0.19434,0.02,0.0,100,0.0,1.0,,,-0.01,0.01814,-0.00151,0.00369,-1e-05,-0.0127,1.06517
2621,2683904,73.0767,67.625,1.0,0.99,0.981856,-0.001027,0.001757,0.000775,0.285671,0.006383,0.703035,69.828003,1.994689,70.135857,1.955281,4.0,3.171e-05,16,644,0.11091,0.19001,0.01,0.0,100,0.0,0.0,,,-0.01,0.01963,-0.00068,0.00365,0.0,-0.01307,1.1429
2622,2684928,73.00431,70.53333,1.0,0.99,0.964559,-0.000868,0.007015,0.001074,0.226872,0.01008,0.642174,69.557961,3.385978,69.552101,3.534028,4.0,3.161e-05,15,642,0.10671,0.18121,0.01,0.0,100,0.0,0.0,,,-0.01,0.0181,-0.00022,0.00278,-0.00036,-0.01114,1.0741
2623,2685952,72.30644,78.66667,1.0,0.99,1.044911,-0.001212,0.019318,0.000586,0.330729,0.001674,0.577181,68.56797,6.344299,68.353027,5.439229,4.0,3.151e-05,12,641,0.12014,0.20071,0.01,0.0,100,0.08333,0.0,,,-0.01,0.01758,-0.00032,0.00369,-1e-05,-0.0181,0.86714
2624,2686976,72.70227,73.1875,1.0,0.99,0.961413,-0.002194,0.003429,0.001191,0.341967,0.009103,0.488012,69.76194,2.644286,70.158737,2.065687,4.0,3.14e-05,16,637,0.1091,0.18555,0.01,0.0,100,0.0,0.0,,,-0.01,0.01784,-0.00032,0.00339,0.0,-0.01257,1.14001
2625,2688000,73.00834,67.35714,1.0,0.99,0.933221,-0.000573,0.008467,0.001287,0.226103,0.010359,0.206454,70.13356,3.281309,70.256851,2.616759,4.0,3.13e-05,14,639,0.10092,0.17773,0.01,0.0,100,0.07143,0.0,,,-0.01,0.01806,-2e-05,0.00347,-0.00119,-0.01274,1.01045
2626,2689024,72.76576,66.33333,1.0,1.0,0.933811,-0.001877,0.001072,0.002068,0.3249,0.026855,0.815588,70.688286,2.118466,70.66584,1.938656,4.0,3.12e-05,15,637,0.1084,0.1868,0.0,0.0,100,0.0,0.0,,,-0.01,0.01587,0.0001,0.00219,0.0,-0.01519,1.0721
2627,2690048,72.86395,68.53333,1.0,1.0,0.964573,-0.000533,0.005016,0.000282,0.331018,0.0,0.808719,70.257759,3.310294,69.753311,4.222285,4.0,3.11e-05,15,633,0.10924,0.1822,0.0,0.0,100,0.0,0.0,,,-0.01,0.01779,-0.00036,0.0027,0.0,-0.01519,1.07103
2628,2691072,72.90433,66.85714,1.0,1.0,0.99799,-0.000868,0.004483,0.000919,0.306687,0.005371,0.966187,67.020432,8.391848,66.692314,9.397772,4.0,3.1e-05,14,641,0.10352,0.17815,0.0,0.0,100,0.0,0.0,,,-0.01,0.01549,-0.00023,0.00396,-6e-05,-0.024,1.00039
2629,2692096,72.85696,68.36364,1.0,1.0,1.012285,-0.001252,0.009905,0.000903,0.259662,0.006104,0.935306,65.500999,10.028205,65.646599,10.242704,4.0,3.089e-05,11,656,0.11133,0.19144,0.0,0.0,100,0.09091,0.0,,,-0.01,0.01709,-0.00018,0.00148,-0.00014,-0.01554,0.79547
2630,2693120,65.68835,98.30769,0.92308,0.99,0.965245,-0.001341,0.00467,0.000726,0.24895,0.003557,0.958207,67.703873,8.338609,67.577568,8.575271,4.0,3.079e-05,13,645,0.10543,0.17703,0.01,0.0,100,0.07692,1.0,,,-0.01,0.01784,-0.00025,0.0038,-0.00083,-0.01612,0.86205
2631,2694144,72.95385,68.6875,1.0,0.99,0.928788,-0.001411,0.004321,0.002158,0.234119,0.025391,0.415266,69.959366,2.514882,70.14447,2.182856,4.0,3.069e-05,16,644,0.10296,0.17657,0.01,0.0,100,0.0625,0.0,,,-0.01,0.01732,0.00015,0.00224,-0.00083,-0.01186,1.15021
2632,2695168,72.91966,66.92308,1.0,0.99,0.969545,-0.00079,0.003549,0.001037,0.286808,0.006696,0.738433,70.072556,2.447028,69.889854,2.893803,4.0,3.059e-05,13,640,0.10659,0.18044,0.01,0.0,100,0.0,0.0,,,-0.01,0.01724,-0.00078,0.00303,-0.00036,-0.01274,0.93138
2633,2696192,72.42125,76.57143,1.0,0.99,0.96156,-0.000723,0.019413,0.000167,0.298659,7e-05,0.729772,67.807861,6.938569,67.708061,6.773824,4.0,3.048e-05,14,646,0.11231,0.18613,0.01,0.0,100,0.14286,0.0,,,-0.01,0.01871,-0.00103,0.00218,-0.00093,-0.01433,1.02529
2634,2697216,72.86876,65.61538,1.0,0.99,0.945198,-0.001258,0.004906,0.000272,0.283506,0.000349,0.971365,66.392921,9.856032,66.059059,10.342457,4.0,3.038e-05,13,666,0.10827,0.18952,0.01,0.0,100,0.0,0.0,,,-0.01,0.01823,-0.00038,0.00382,-0.00085,-0.01429,1.00051
2635,2698240,73.15196,67.0,1.0,0.99,0.93776,-0.001253,0.017144,0.000503,0.356487,0.001256,0.942444,59.92194,13.237079,59.070251,13.962701,4.0,3.028e-05,9,699,0.12074,0.20561,0.01,0.0,100,0.11111,0.0,,,-0.01,0.01595,-0.00108,0.00394,-0.00166,-0.01185,0.76557
2636,2699264,60.50132,111.08333,0.83333,0.97,1.02121,-0.000388,0.027052,0.000164,0.32637,0.0,0.920928,61.081013,12.629033,60.015057,14.741252,4.0,3.018e-05,12,671,0.11274,0.19329,0.02,0.0,100,0.16667,0.0,,,-0.01,0.01645,-0.00087,0.00344,-0.00025,-0.01584,0.76432
2637,2700288,66.97452,99.92857,0.92857,0.96,0.967056,-0.000767,0.011622,0.000247,0.365578,0.00014,0.922101,64.074722,10.081535,64.783562,10.314619,4.0,3.007e-05,14,648,0.09814,0.17272,0.03,0.0,100,0.0,0.0,,,-0.01,0.01913,-0.00065,0.00325,-0.00038,-0.01469,0.93088
2638,2701312,72.88682,65.38462,1.0,0.97,0.950826,-0.001222,0.009253,0.000801,0.335859,0.002476,0.921763,66.868423,7.595019,66.576538,8.690529,4.0,2.997e-05,13,657,0.09801,0.17725,0.02,0.0,100,0.07692,0.0,,,-0.01,0.01893,-8e-05,0.00337,-0.00139,-0.01377,0.96176
2639,2702336,73.16657,69.54545,1.0,0.97,0.756339,-0.000827,0.027102,0.000417,0.253124,0.000628,0.930513,60.068386,14.714137,59.79908,15.588671,4.0,2.987e-05,11,692,0.1011,0.1784,0.02,0.0,100,0.09091,0.0,,,-0.01,0.01987,0.00057,0.0026,-0.00501,-0.01144,0.94976
2640,2703360,71.88514,99.42857,1.0,0.97,0.813641,-0.000444,0.031288,0.000292,0.390936,0.000174,0.816948,63.520206,12.862852,65.145309,10.564633,4.0,2.977e-05,14,678,0.09243,0.16972,0.02,0.0,100,0.14286,0.0,,,-0.01,0.0195,-0.00041,0.00271,0.00019,-0.01562,1.11426
2641,2704384,72.78894,68.875,1.0,0.97,0.905075,-0.000482,0.012517,0.000314,0.260975,0.001709,0.500452,68.408249,4.592042,68.890648,4.078797,4.0,2.966e-05,16,646,0.0918,0.16679,0.02,0.0,100,0.0625,0.0,,,-0.01,0.01917,0.00014,0.00268,-0.00161,-0.01373,1.17622
2642,2705408,72.96791,66.28571,1.0,0.97,0.988211,-0.000915,0.006898,0.000986,0.25174,0.007638,0.351131,70.115692,2.791868,69.921982,2.583926,4.0,2.956e-05,14,646,0.09934,0.1769,0.02,0.0,100,0.07143,0.0,,,-0.01,0.01921,0.00012,0.00294,-0.00174,-0.01341,1.00782
2643,2706432,72.78674,72.26667,1.0,0.99,0.959533,-0.00077,0.005818,0.000817,0.285566,0.002511,0.782669,69.53315,3.304516,69.51194,4.062139,4.0,2.946e-05,15,645,0.1008,0.18082,0.01,0.0,100,0.0,0.0,,,-0.01,0.01937,-0.00104,0.00191,-0.00074,-0.0144,1.07596
2644,2707456,72.94007,67.125,1.0,1.0,0.929741,-0.000571,0.005946,0.000285,0.236571,0.000384,0.032154,69.847923,2.98413,70.355949,1.969913,4.0,2.936e-05,16,644,0.0998,0.17858,0.0,0.0,100,0.0,0.0,,,-0.01,0.01941,-0.00059,0.00349,-0.00028,-0.014,1.14861
2645,2708480,73.06577,66.35714,1.0,1.0,0.986531,-0.001257,0.003299,0.000253,0.324887,0.0,0.831368,70.443497,3.219615,70.076973,3.725653,4.0,2.925e-05,14,647,0.09835,0.17871,0.0,0.0,100,0.0,0.0,,,-0.01,0.01893,-0.00014,0.00303,0.0,-0.01311,1.00062
2646,2709504,73.10681,68.38462,1.0,1.0,1.044716,-0.001646,0.001449,0.00073,0.323179,0.001779,0.987121,67.338829,8.60318,67.187111,9.213092,4.0,2.915e-05,13,648,0.10993,0.19029,0.0,0.0,100,0.0,0.0,,,-0.01,0.0186,-0.00063,0.00365,0.0,-0.01242,0.92829
2647,2710528,72.14067,90.2,1.0,1.0,0.979843,-0.001049,0.01812,0.00065,0.297492,0.003313,0.740358,67.471718,7.962074,67.928246,6.665187,4.0,2.905e-05,15,649,0.10481,0.18914,0.0,0.0,100,0.0,1.0,,,-0.01,0.01869,-0.00047,0.0031,-0.00024,-0.01327,1.08096
2648,2711552,72.97795,67.71429,1.0,1.0,0.928612,-0.000545,0.001029,7.7e-05,0.250754,0.0,0.792291,70.725777,1.762555,70.695,1.72725,4.0,2.895e-05,14,648,0.09598,0.17285,0.0,0.0,100,0.0,0.0,,,-0.01,0.01816,-0.00019,0.00238,0.0,-0.01469,1.0
2649,2712576,72.33409,72.46667,1.0,1.0,0.977904,-0.000629,0.007645,0.000195,0.260825,0.00014,0.670505,69.415207,3.674598,69.371689,3.842088,4.0,2.884e-05,15,640,0.10784,0.19029,0.0,0.0,100,0.0,0.0,,,-0.01,0.01802,-0.00035,0.00189,0.0,-0.01805,1.06911
2650,2713600,72.87301,70.93333,1.0,1.0,0.953162,-0.001363,0.012781,0.001807,0.29699,0.021101,0.604576,69.477715,4.950171,69.352402,4.518678,4.0,2.874e-05,15,646,0.10739,0.19267,0.0,0.0,100,0.06667,0.0,,,-0.01,0.01852,0.00032,0.0025,-0.00043,-0.01518,1.09366
2651,2714624,72.2637,73.16667,1.0,1.0,0.974732,-0.000992,0.004055,0.000864,0.272646,0.004046,0.71615,69.881363,3.214725,69.965172,3.000989,4.0,2.864e-05,12,651,0.09668,0.17146,0.0,0.0,100,0.0,0.0,,,-0.01,0.01897,-0.00022,0.00257,0.0,-0.01864,0.85501
2652,2715648,72.78436,69.06667,1.0,1.0,0.931705,-0.001499,0.000622,0.000437,0.294715,0.000558,0.858901,70.619949,1.815225,70.713921,1.664846,4.0,2.854e-05,15,650,0.09319,0.17355,0.0,0.0,100,0.0,0.0,,,-0.01,0.0196,-0.00019,0.00328,0.0,-0.01461,1.07077
2653,2716672,72.58779,78.09091,1.0,1.0,0.982856,-0.001703,0.004081,0.002454,0.330263,0.028669,0.512872,70.46196,2.135747,70.072937,2.269545,4.0,2.844e-05,11,653,0.09487,0.17062,0.0,0.0,100,0.0,0.0,,,-0.01,0.01615,0.00012,0.0022,0.0,-0.01535,0.782
2654,2717696,72.78221,68.85714,1.0,1.0,0.982018,-0.001021,0.009567,0.001076,0.282421,0.008022,0.91113,66.885017,7.437859,66.537048,8.305962,4.0,2.833e-05,14,649,0.10176,0.17074,0.0,0.0,100,0.07143,0.0,,,-0.01,0.01691,-0.00056,0.0006,-0.00109,-0.01391,1.01678
2655,2718720,72.64027,66.76923,1.0,1.0,0.984434,-0.001749,0.009145,0.000787,0.306494,0.005511,0.94563,65.550179,9.747548,64.945869,10.383182,4.0,2.823e-05,13,643,0.09701,0.16287,0.0,0.0,100,0.0,1.0,,,-0.01,0.01618,-0.00284,0.00198,-0.00125,-0.02205,0.94305
2656,2719744,65.34288,106.27273,0.90909,0.99,0.969805,-0.00016,0.009859,0.00089,0.370134,0.00722,0.963897,60.293247,12.78394,59.399048,14.240676,4.0,2.813e-05,11,668,0.10226,0.16878,0.01,0.0,100,0.09091,0.0,,,-0.01,0.01344,-0.00381,0.00377,-0.00162,-0.02183,0.79057
2657,2720768,65.86582,86.6,0.93333,0.98,0.879367,-0.001657,0.033577,0.001651,0.355657,0.020543,0.204215,66.430771,6.168161,67.161819,5.126405,4.0,2.803e-05,15,646,0.08704,0.15935,0.01,0.0,100,0.13333,0.0,,,-0.01,0.01864,-0.0,0.00393,-0.00322,-0.01224,1.01634
2658,2721792,72.63996,71.30769,1.0,0.98,0.882639,-0.00064,0.014256,0.00018,0.210734,0.000174,0.448235,67.83812,4.20007,68.101456,4.143647,4.0,2.792e-05,13,659,0.08644,0.15733,0.01,0.0,100,0.15385,0.0,,,-0.01,0.01838,0.0002,0.00214,-0.00272,-0.01245,0.95737
2659,2722816,67.44913,79.57143,0.92857,0.97,0.861982,-0.000261,0.042426,0.000219,0.289092,0.0,0.795172,66.264557,8.146605,65.493248,11.585984,4.0,2.782e-05,14,672,0.08872,0.15579,0.01,0.0,100,0.14286,0.0,,,-0.01,0.01812,-0.00018,-0.0002,-0.00174,-0.0108,1.01055
2660,2723840,72.52881,71.78571,1.0,0.97,0.900552,-0.001654,0.005921,0.001673,0.27142,0.015799,0.437035,68.32209,2.604338,68.819534,2.561514,4.0,2.772e-05,14,646,0.08451,0.15308,0.01,0.0,100,0.07143,0.0,,,-0.01,0.01732,0.00013,0.00186,-0.00122,-0.01551,1.00941
2661,2724864,72.78569,70.8125,1.0,0.97,0.928049,-0.001442,0.001138,0.00192,0.341914,0.022182,0.848241,69.474663,2.072648,69.885788,2.071988,4.0,2.762e-05,16,647,0.08594,0.15499,0.01,0.0,100,0.0,0.0,,,-0.01,0.01824,-0.00024,0.0028,0.0,-0.01253,1.14124
2662,2725888,73.00382,66.14286,1.0,0.97,0.904427,-0.000295,0.00298,0.000583,0.246072,0.00014,0.77561,69.813995,2.51239,69.862267,2.862489,4.0,2.751e-05,14,647,0.08721,0.1562,0.01,0.0,100,0.0,0.0,,,-0.01,0.01817,-0.0001,0.00112,-0.00048,-0.01371,1.00577
2663,2726912,72.78438,71.0,1.0,0.98,0.934351,-0.001072,0.003357,0.000788,0.28222,0.005406,0.493421,69.815125,2.401788,70.161461,2.032384,4.0,2.741e-05,14,654,0.08949,0.16135,0.0,0.0,100,0.07143,0.0,,,-0.01,0.01819,-0.00035,0.00355,-1e-05,-0.0114,1.00074
2664,2727936,72.69745,69.42857,1.0,0.99,0.915793,-0.001145,0.000813,0.00159,0.33429,0.017194,0.833755,70.665039,1.904026,70.692177,1.763556,4.0,2.731e-05,14,651,0.08761,0.15653,0.0,0.0,100,0.0,0.0,,,-0.01,0.0176,5e-05,0.00165,0.0,-0.015,0.99922
2665,2728960,73.0921,70.9375,1.0,0.99,0.938805,-0.001428,0.000769,0.002189,0.32561,0.023751,0.83017,70.781456,1.892369,70.804825,1.720253,4.0,2.721e-05,16,650,0.09054,0.16755,0.0,0.0,100,0.0,0.0,,,-0.01,0.01847,-0.00014,0.00226,0.0,-0.00956,1.14118
2666,2729984,72.77886,71.78571,1.0,1.0,0.910997,-0.000672,0.006625,0.000441,0.252141,7e-05,0.863363,69.838615,4.483202,69.274925,5.473577,4.0,2.71e-05,14,659,0.08987,0.16474,0.0,0.0,100,0.0,0.0,,,-0.01,0.01631,-0.0004,0.00361,-0.00198,-0.01254,1.03213
2667,2731008,73.07233,68.18182,1.0,1.0,0.86509,-0.001008,0.005816,0.000624,0.291082,0.00279,0.970821,65.47937,10.783648,65.09304,11.229854,4.0,2.7e-05,11,687,0.09956,0.17447,0.0,0.0,100,0.09091,0.0,,,-0.01,0.01637,-0.0004,0.0028,-0.00031,-0.01292,0.88423
2668,2732032,72.21982,87.30769,1.0,1.0,0.934009,-0.000649,0.017013,0.000511,0.245139,0.001221,0.897065,64.588493,10.874878,64.978271,10.708247,4.0,2.69e-05,13,668,0.09492,0.16851,0.0,0.0,100,0.07692,0.0,,,-0.01,0.01672,-0.00038,0.00186,-0.00024,-0.01139,0.97052
2669,2733056,72.11943,82.57143,1.0,1.0,0.927778,-0.001803,0.009786,0.001811,0.369394,0.020682,0.417511,68.821045,5.109886,69.361725,3.375008,4.0,2.68e-05,14,651,0.08608,0.15234,0.0,0.0,100,0.0,0.0,,,-0.01,0.01817,0.0,0.00235,0.0,-0.0118,0.99323
2670,2734080,72.89841,69.71429,1.0,1.0,0.997208,-0.00114,0.004968,0.000494,0.303449,0.002372,0.846687,69.324295,3.491937,68.902008,4.627177,4.0,2.669e-05,14,644,0.09319,0.16769,0.0,0.0,100,0.0,0.0,,,-0.01,0.01641,-0.00027,0.003,-1e-05,-0.02051,0.99909
2671,2735104,72.34342,72.85714,1.0,1.0,0.950651,-0.000562,0.010119,0.000614,0.314674,0.002441,0.55358,69.180618,3.276949,69.024757,3.759335,4.0,2.659e-05,14,647,0.09291,0.16978,0.0,0.0,100,0.0,0.0,,,-0.01,0.01776,-9e-05,0.00355,-1e-05,-0.01542,0.99766
2672,2736128,73.22909,68.25,1.0,1.0,0.952466,-0.000999,0.008249,0.000475,0.307752,0.003488,0.946098,66.088478,8.767526,65.68811,10.033164,4.0,2.649e-05,12,647,0.09282,0.16058,0.0,0.0,100,0.0,0.0,,,-0.01,0.01833,-0.00229,0.00354,-0.00126,-0.01809,0.85993
2673,2737152,72.89622,66.84615,1.0,1.0,0.96549,-0.001393,0.018458,0.001306,0.278327,0.010324,0.923707,63.282688,11.219705,62.876465,12.271359,4.0,2.639e-05,13,651,0.095,0.1649,0.0,0.0,100,0.15385,0.0,,,-0.01,0.0174,-0.00123,0.00278,-0.00229,-0.02107,0.96572
2674,2738176,64.04353,105.08333,0.91667,0.99,0.898937,-0.001064,0.005452,0.000388,0.26983,0.000419,0.977821,62.07032,12.485437,62.20977,12.891158,4.0,2.628e-05,12,676,0.09513,0.16581,0.01,0.0,100,0.0,0.0,,,-0.01,0.01516,-0.00087,0.00341,-0.00061,-0.01831,0.87445
2675,2739200,67.55029,84.4,0.93333,0.98,0.892369,-0.000351,0.037945,0.000512,0.26738,0.000767,0.762289,67.305763,7.160181,66.885033,10.342083,4.0,2.618e-05,15,660,0.0946,0.16659,0.01,0.0,100,0.13333,0.0,,,-0.01,0.01794,-0.00023,0.00255,-0.0026,-0.01441,1.05657
2676,2740224,72.9622,67.13333,1.0,0.98,0.882526,-0.000177,0.003684,6.9e-05,0.216984,0.0,0.633204,69.11924,3.185808,69.717636,2.613365,4.0,2.608e-05,15,650,0.08177,0.14562,0.01,0.0,100,0.0,0.0,,,-0.01,0.0187,-5e-05,0.00327,-0.0007,-0.01377,1.09244
2677,2741248,72.80558,66.3125,1.0,0.98,0.901143,-0.000913,0.003662,0.000879,0.257448,0.003662,0.489424,70.120773,2.372605,70.297661,2.137902,4.0,2.598e-05,16,648,0.08285,0.15711,0.01,0.0,100,0.125,1.0,,,-0.01,0.01773,0.00026,0.00192,-0.00216,-0.01559,1.15503
2678,2742272,72.73957,65.30769,1.0,0.98,0.927518,-0.000413,0.008975,0.000123,0.206528,0.0,0.324084,70.157059,3.245446,70.037674,2.892309,4.0,2.588e-05,13,652,0.08836,0.15884,0.01,0.0,100,0.07692,0.0,,,-0.01,0.01718,-0.00135,0.00077,-0.00157,-0.01175,0.94501
2679,2743296,73.1048,68.07143,1.0,0.98,1.004885,-0.000486,0.003187,0.000123,0.372629,0.0,0.96261,67.718864,7.996844,67.349045,9.010713,4.0,2.577e-05,14,646,0.08943,0.16002,0.01,0.0,100,0.0,0.0,,,-0.01,0.01646,0.00014,0.00197,0.0,-0.01135,0.99984
2680,2744320,73.08989,67.07692,1.0,0.98,1.005867,-0.00193,0.00311,0.001654,0.312793,0.016567,0.984819,65.819992,10.861608,65.883217,11.316531,4.0,2.567e-05,13,651,0.09418,0.1639,0.01,0.0,100,0.07692,0.0,,,-0.01,0.01657,-0.00028,0.00177,-0.00091,-0.01013,0.93589
2681,2745344,67.73957,90.66667,0.93333,0.98,0.942063,-0.000854,0.000992,0.000419,0.27586,3.5e-05,0.989415,68.651176,7.518637,68.780937,7.729353,4.0,2.557e-05,15,646,0.08998,0.16044,0.01,0.0,100,0.0,1.0,,,-0.01,0.01813,-0.0001,0.00291,-1e-05,-0.01489,1.00124
2682,2746368,73.0034,67.125,1.0,0.99,0.880924,-0.000825,0.004237,0.000575,0.224262,0.002441,0.52069,70.277168,2.621049,70.327316,2.359309,4.0,2.547e-05,16,649,0.08762,0.1628,0.01,0.0,100,0.0625,0.0,,,-0.01,0.01937,0.00026,0.00406,-0.00112,-0.01358,1.15803
2683,2747392,72.76298,68.61538,1.0,0.99,0.81969,-0.000287,0.013814,0.000173,0.25989,0.0,0.904896,67.890381,8.459516,67.207169,9.413657,4.0,2.536e-05,13,669,0.08146,0.15057,0.01,0.0,100,0.15385,0.0,,,-0.01,0.019,0.00023,0.00396,-0.00468,-0.01475,1.02642
2684,2748416,67.03065,77.07692,0.92308,0.98,0.831574,-0.000447,0.026938,0.000206,0.31392,0.000105,0.890995,66.243568,9.558666,65.215721,12.565158,4.0,2.526e-05,13,666,0.08106,0.15122,0.01,0.0,100,0.23077,0.0,,,-0.01,0.01825,2e-05,0.00369,-0.00243,-0.02194,0.91574
2685,2749440,72.93253,65.5,1.0,0.98,0.961496,-0.000857,0.004707,0.000288,0.312593,0.00014,0.976358,64.213356,11.567998,64.202553,12.880013,4.0,2.516e-05,14,648,0.09107,0.15994,0.01,0.0,100,0.07143,0.0,,,-0.01,0.01621,-8e-05,0.00284,-0.00049,-0.02129,1.00227
2686,2750464,71.38815,84.06667,1.0,0.98,0.889357,-0.00046,0.029342,0.000217,0.349512,0.000105,0.686332,66.042572,8.967476,66.870232,7.62992,4.0,2.506e-05,15,648,0.08027,0.14938,0.01,0.0,100,0.06667,0.0,,,-0.01,0.01893,0.00029,0.00309,-0.00242,-0.01115,1.09068
2687,2751488,72.8105,68.53333,1.0,0.98,0.879277,-0.000866,0.013888,0.00132,0.258176,0.00994,0.082612,68.891922,3.568714,69.091888,3.074986,4.0,2.495e-05,15,647,0.07852,0.14743,0.01,0.0,100,0.13333,0.0,,,-0.01,0.0181,0.00031,0.00359,-0.00168,-0.01628,1.08618
2688,2752512,72.88258,67.28571,1.0,0.99,0.886966,-0.001601,0.003117,0.001309,0.282352,0.011649,0.482821,69.880798,2.523567,70.271751,2.013043,4.0,2.485e-05,14,651,0.0792,0.14362,0.0,0.0,100,0.07143,0.0,,,-0.01,0.01914,-0.0,0.00408,-0.00029,-0.01496,1.0085
2689,2753536,73.17808,65.6,1.0,0.99,0.917389,-0.000681,0.000736,0.000469,0.284392,0.001848,0.868565,70.625916,2.039665,70.803856,1.863038,4.0,2.475e-05,15,648,0.08301,0.15109,0.0,0.0,100,0.0,0.0,,,-0.01,0.0184,0.00055,0.0036,0.0,-0.01413,1.07246
2690,2754560,73.10448,68.92308,1.0,0.99,0.940049,-0.001806,0.006906,0.001377,0.329874,0.016915,0.695291,70.154091,3.180422,69.736359,3.812566,4.0,2.465e-05,13,645,0.08078,0.14818,0.0,0.0,100,0.07692,0.0,,,-0.01,0.01963,0.00042,0.00403,-0.00123,-0.01725,0.93616
2691,2755584,72.607,72.4375,1.0,1.0,0.917838,-0.000874,0.004955,0.000616,0.292882,0.002302,0.309591,69.873718,3.110155,70.261765,2.163363,4.0,2.454e-05,16,641,0.08161,0.15193,0.0,0.0,100,0.0,0.0,,,-0.01,0.01939,-0.00018,0.00393,0.0,-0.01288,1.1404
2692,2756608,73.02928,67.25,1.0,1.0,0.923707,-0.000404,0.001412,0.000146,0.232119,0.0,0.767995,70.984894,1.90026,70.902687,1.93222,4.0,2.444e-05,16,646,0.08775,0.15402,0.0,0.0,100,0.0,0.0,,,-0.01,0.0184,-0.00097,0.0038,-3e-05,-0.01526,1.1431
2693,2757632,72.83729,66.21429,1.0,1.0,0.93104,-0.000591,0.011052,0.000581,0.3557,0.001465,0.863952,68.666771,6.092139,67.93766,7.524061,4.0,2.434e-05,14,652,0.08201,0.14895,0.0,0.0,100,0.14286,0.0,,,-0.01,0.01733,0.0005,0.00272,-0.00198,-0.02381,1.01946
2694,2758656,71.10895,82.42857,1.0,1.0,0.96068,-0.000721,0.018134,0.000299,0.324338,0.000279,0.905735,65.816223,11.659941,66.45787,10.908355,4.0,2.424e-05,14,648,0.08385,0.1502,0.0,0.0,100,0.07143,0.0,,,-0.01,0.01654,0.00024,0.0022,-0.00055,-0.01867,0.99663
2695,2759680,72.93088,67.53846,1.0,1.0,0.952885,-0.001282,0.007676,0.000395,0.3264,0.001988,0.869336,68.828186,5.203694,68.134239,6.439857,4.0,2.413e-05,13,650,0.09229,0.15368,0.0,0.0,100,0.07692,0.0,,,-0.01,0.01593,-0.00046,0.00102,-0.0012,-0.01938,0.93939
2696,2760704,72.75948,67.16667,1.0,1.0,0.990298,-0.001083,0.007613,0.000492,0.368791,0.003139,0.967554,64.935448,11.702841,64.21492,12.712375,4.0,2.403e-05,12,648,0.09156,0.14364,0.0,0.0,100,0.0,0.0,,,-0.01,0.01659,-0.00171,0.00159,-0.00078,-0.01708,0.86036
2697,2761728,72.65623,74.92308,1.0,1.0,0.946599,-0.000491,0.017208,0.00066,0.332109,0.000872,0.945415,63.126308,13.869406,63.442638,14.230611,4.0,2.393e-05,13,653,0.08878,0.15482,0.0,0.0,100,0.15385,0.0,,,-0.01,0.01803,-0.00057,0.00083,-0.00244,-0.01588,0.95455
2698,2762752,65.91933,98.46667,0.93333,0.99,0.996508,-0.001538,0.008,0.001058,0.343569,0.008754,0.952054,66.820999,10.056481,67.008049,10.351138,4.0,2.383e-05,15,646,0.09203,0.15944,0.01,0.0,100,0.06667,1.0,,,-0.01,0.01557,-0.00032,0.00148,4e-05,-0.01524,0.99994
2699,2763776,72.87939,67.28571,1.0,0.99,0.936536,-0.000795,0.011118,0.000154,0.299639,0.0,0.863389,68.654991,6.006535,68.210045,7.081243,4.0,2.372e-05,14,652,0.09046,0.15725,0.01,0.0,100,0.07143,0.0,,,-0.01,0.0186,-0.00044,0.0037,-0.00266,-0.01228,1.041
2700,2764800,73.07529,65.23077,1.0,0.99,0.891867,-0.000545,0.001871,0.000133,0.251304,0.0,0.989864,65.63652,10.656174,65.823105,11.098846,4.0,2.362e-05,13,669,0.10064,0.17188,0.01,0.0,100,0.0,0.0,,,-0.01,0.01813,-0.00018,0.00268,0.00041,-0.01407,1.02076
2701,2765824,73.16706,67.61538,1.0,0.99,0.883032,-0.000615,0.001892,0.000134,0.258407,0.0,0.990503,65.686562,11.142696,65.873543,11.475345,4.0,2.352e-05,13,668,0.10555,0.17724,0.01,0.0,100,0.0,0.0,,,-0.01,0.01914,-0.00065,0.004,0.0,-0.01092,1.01965
2702,2766848,66.91942,97.16667,0.91667,0.98,0.92313,-0.001031,0.005436,0.000666,0.31734,0.005964,0.9581,67.610214,8.454292,66.933044,8.894639,4.0,2.342e-05,12,658,0.09336,0.1611,0.02,0.0,100,0.08333,0.0,,,-0.01,0.01766,0.00029,0.00295,-0.00165,-0.01604,0.83032
2703,2767872,72.98227,72.0,1.0,0.98,0.974122,-0.000671,0.008597,0.000173,0.260513,0.0,0.953382,65.510597,10.243795,65.65065,11.36912,4.0,2.332e-05,14,649,0.08758,0.154,0.02,0.0,100,0.14286,0.0,,,-0.01,0.01754,-0.00015,0.00381,0.0,-0.01413,1.00888
2704,2768896,72.40442,76.75,1.0,0.98,0.963744,-0.000697,0.005456,0.000327,0.252196,3.5e-05,0.317431,69.539925,2.658461,69.93248,2.178077,4.0,2.321e-05,16,641,0.08638,0.15476,0.02,0.0,100,0.0,0.0,,,-0.01,0.01842,-5e-05,0.00383,-6e-05,-0.01148,1.13847
2705,2769920,72.65987,71.26667,1.0,0.99,0.947058,-0.000412,0.010958,6.9e-05,0.214949,0.0,0.323574,69.615997,3.831323,69.744713,3.206416,4.0,2.311e-05,15,646,0.09038,0.15955,0.01,0.0,100,0.06667,0.0,,,-0.01,0.01725,0.00022,0.00217,-0.00182,-0.01383,1.09819
2706,2770944,73.1793,67.26667,1.0,0.99,0.970247,-0.001253,0.00833,0.000792,0.278334,0.006662,0.441067,70.206245,3.165181,70.014442,3.056795,4.0,2.301e-05,15,643,0.08787,0.15462,0.01,0.0,100,0.06667,0.0,,,-0.01,0.019,0.00026,0.00387,-0.00111,-0.01327,1.08866
2707,2771968,73.15123,67.0,1.0,0.99,1.055997,-0.000882,0.007407,0.000947,0.415231,0.006766,0.934568,67.510536,7.901427,66.693588,9.239174,4.0,2.291e-05,12,648,0.09306,0.1573,0.01,0.0,100,0.0,0.0,,,-0.01,0.01701,-0.0015,0.00352,-0.00038,-0.02133,0.86393
2708,2772992,72.16519,86.5,1.0,0.99,1.070216,-0.000504,0.021817,0.000243,0.320466,0.0,0.919033,62.416241,12.365969,61.914028,12.84438,4.0,2.28e-05,10,658,0.09495,0.16436,0.01,0.0,100,0.0,0.0,,,-0.01,0.01468,-0.00138,0.00314,0.00034,-0.02187,0.73249
2709,2774016,64.3275,106.0,0.90909,0.98,0.976152,-0.001401,0.005919,0.000961,0.355075,0.009661,0.981174,61.349766,13.807542,61.183346,14.567627,4.0,2.27e-05,11,666,0.08432,0.14694,0.02,0.0,100,0.09091,1.0,,,-0.01,0.01713,-0.00048,0.0021,0.00038,-0.01545,0.74951
2710,2775040,73.0864,70.46154,1.0,0.99,1.017597,-0.001671,0.003031,0.001557,0.39442,0.018869,0.987098,63.818687,12.232928,64.350227,12.48225,4.0,2.26e-05,13,645,0.08398,0.15304,0.01,0.0,100,0.0,0.0,,,-0.01,0.01855,-0.00015,0.00364,0.0,-0.01109,0.92741
2711,2776064,66.75488,88.73333,0.93333,0.98,0.927618,-0.000805,0.057339,0.000878,0.404251,0.005441,0.573547,68.223518,5.794074,67.410637,9.521519,4.0,2.25e-05,15,649,0.08674,0.15449,0.01,0.0,100,0.06667,0.0,,,-0.01,0.01922,-0.00022,0.00297,-0.00214,-0.01081,1.01902
2712,2777088,73.0366,68.5625,1.0,0.98,0.99864,-0.001398,0.002127,0.001113,0.352041,0.007254,0.789096,68.294403,2.150962,68.988213,2.383547,4.0,2.239e-05,16,637,0.09012,0.16141,0.01,0.0,100,0.0,0.0,,,-0.01,0.01876,-6e-05,0.00338,0.0,-0.01412,1.14242
2713,2778112,73.03116,67.6,1.0,0.98,0.968864,-0.000733,0.005278,0.000678,0.297001,0.001395,0.531704,68.99128,2.826589,69.53685,2.599539,4.0,2.229e-05,15,650,0.08158,0.14895,0.01,0.0,100,0.06667,0.0,,,-0.01,0.01923,0.00012,0.00268,-0.00077,-0.01297,1.08023
2714,2779136,72.98381,68.9375,1.0,0.98,1.000212,-0.000635,0.005748,0.000507,0.268958,0.001116,0.425596,69.919777,3.13921,70.189247,2.534607,4.0,2.219e-05,16,645,0.08854,0.16044,0.01,0.0,100,0.0625,0.0,,,-0.01,0.01813,0.00044,0.00304,-0.00115,-0.0118,1.1543
2715,2780160,73.05871,71.07692,1.0,0.98,1.030666,-0.000305,0.001752,0.000159,0.299742,0.0,0.724473,70.579048,2.41444,70.740578,2.031706,4.0,2.209e-05,13,646,0.08691,0.16002,0.01,0.0,100,0.0,0.0,,,-0.01,0.01931,-0.0002,0.00248,-3e-05,-0.01115,0.92715
2716,2781184,73.08369,68.93333,1.0,0.99,0.963981,-0.001335,0.001649,0.001343,0.299869,0.012521,0.697516,71.032478,2.14028,71.063339,1.870751,4.0,2.198e-05,15,647,0.08194,0.15073,0.0,0.0,100,0.0,0.0,,,-0.01,0.01998,6e-05,0.002,-0.00036,-0.01157,1.07323
2717,2782208,72.7429,71.38462,1.0,0.99,0.96651,-0.001139,0.004277,0.00061,0.284347,0.002093,0.397515,70.572395,2.824164,70.684212,2.122606,4.0,2.188e-05,13,646,0.08701,0.155,0.0,0.0,100,0.07692,0.0,,,-0.01,0.01791,-0.00021,0.00236,-0.0001,-0.0148,0.9355
2718,2783232,73.00188,67.73333,1.0,1.0,0.942613,-0.00089,0.002722,0.000861,0.249041,0.00558,0.520045,70.980827,2.337095,71.017532,1.896506,4.0,2.178e-05,15,645,0.08635,0.16021,0.0,0.0,100,0.0,0.0,,,-0.01,0.01824,-0.00033,0.00379,-0.0007,-0.01225,1.07834
2719,2784256,72.76557,70.61538,1.0,1.0,1.033812,-0.000649,0.013249,0.000262,0.474768,0.00014,0.860551,69.2127,6.404346,67.584885,7.918708,4.0,2.168e-05,13,650,0.08796,0.1626,0.0,0.0,100,0.0,0.0,,,-0.01,0.01566,-0.0,0.00384,-0.00126,-0.02252,0.93255
2720,2785280,72.65838,78.81818,1.0,1.0,0.963598,-0.001015,0.018987,0.000879,0.291754,0.003174,0.954255,59.330837,15.41008,59.247047,16.270681,4.0,2.157e-05,11,669,0.0853,0.15622,0.0,0.0,100,0.0,0.0,,,-0.01,0.0164,0.00047,0.00362,-0.00038,-0.01964,0.85654
2721,2786304,73.10198,67.1,1.0,1.0,0.959481,-0.001031,0.002008,0.00034,0.29619,0.001465,0.995553,59.831264,16.739695,59.865417,17.233109,4.0,2.147e-05,10,668,0.08826,0.1566,0.0,0.0,100,0.1,0.0,,,-0.01,0.01731,0.00021,0.00393,-0.00057,-0.01683,0.78477
2722,2787328,65.68518,97.46154,0.92308,0.99,0.896163,-0.000508,0.003484,0.000221,0.285719,0.0,0.989294,63.58115,14.224443,63.79948,14.452519,4.0,2.137e-05,13,667,0.08251,0.15074,0.01,0.0,100,0.07692,0.0,,,-0.01,0.01856,-8e-05,0.00357,-0.00058,-0.01255,0.94391
2723,2788352,67.72747,97.5,0.92857,0.98,0.950647,-0.001429,0.008466,0.001548,0.330375,0.015172,0.91849,68.278641,7.129953,67.855698,7.995166,4.0,2.127e-05,14,655,0.08952,0.16078,0.02,0.0,100,0.07143,0.0,,,-0.01,0.01622,-0.00014,0.00356,-0.00158,-0.00937,0.97078
2724,2789376,72.84114,75.0,1.0,0.98,0.993656,-0.000971,0.029015,0.000685,0.307888,0.002337,0.667703,66.890282,8.546539,66.901955,7.682595,4.0,2.116e-05,13,655,0.09431,0.16781,0.02,0.0,100,0.07692,0.0,,,-0.01,0.01699,-0.00084,0.00374,-0.00025,-0.01783,0.96549
2725,2790400,72.59342,77.41667,1.0,0.98,1.079715,-0.001614,0.010516,0.000624,0.377416,0.002197,0.9557,64.419334,11.270935,64.2584,12.06899,4.0,2.106e-05,12,648,0.09174,0.16263,0.02,0.0,100,0.08333,0.0,,,-0.01,0.01577,-0.00042,0.00287,-0.00042,-0.01837,0.85538
2726,2791424,72.9052,70.69231,1.0,0.98,1.033127,-0.001435,0.013285,0.0007,0.314865,0.001569,0.951693,63.579609,12.227974,63.14278,13.059276,4.0,2.096e-05,13,647,0.09172,0.16566,0.02,0.0,100,0.07692,0.0,,,-0.01,0.01671,0.00037,0.00351,-0.00416,-0.01706,0.95256
2727,2792448,58.3452,107.92308,0.84615,0.96,0.918271,-0.000442,0.062359,0.000204,0.378315,3.5e-05,0.828982,63.655048,11.659631,62.58387,15.546342,4.0,2.086e-05,13,678,0.10087,0.1812,0.02,0.0,100,0.23077,0.0,,,-0.01,0.01825,-0.00071,0.00377,-0.00235,-0.01406,0.85811
2728,2793472,73.17772,71.71429,1.0,0.96,1.017228,-0.002196,0.004785,0.002452,0.37756,0.031355,0.562305,67.138306,2.323565,67.877686,2.695953,4.0,2.076e-05,14,646,0.09515,0.16616,0.02,0.0,100,0.0,0.0,,,-0.01,0.01908,-0.0008,0.00385,0.0,-0.01016,0.99818
2729,2794496,72.9672,67.75,1.0,0.97,0.967145,-0.000254,0.010771,0.000109,0.319544,0.0,0.079888,68.110893,3.218394,68.900856,2.699468,4.0,2.065e-05,16,649,0.0944,0.16728,0.01,0.0,100,0.125,0.0,,,-0.01,0.01934,0.00018,0.00217,-0.00128,-0.01111,1.15249
2730,2795520,72.98528,69.8,1.0,0.98,1.019023,-0.001084,0.001991,0.000447,0.32204,0.001674,0.728128,69.951172,2.402909,70.193069,2.151479,4.0,2.055e-05,15,644,0.09654,0.17397,0.0,0.0,100,0.0,0.0,,,-0.01,0.01828,-0.00013,0.00357,0.0,-0.01512,1.07041
2731,2796544,73.00008,68.2,1.0,0.98,1.03367,-0.000891,0.000953,0.000801,0.259241,0.003697,0.834949,70.333076,2.191395,70.559441,1.896008,4.0,2.045e-05,15,641,0.09347,0.16462,0.0,0.0,100,0.0,0.0,,,-0.01,0.01872,-0.00084,0.00364,-3e-05,-0.0127,1.07119
2732,2797568,73.2762,66.93333,1.0,0.98,0.964025,-0.000756,0.016162,0.000266,0.272167,3.5e-05,0.487441,69.826324,4.105705,69.634277,4.387383,4.0,2.035e-05,15,646,0.08967,0.15986,0.0,0.0,100,0.06667,0.0,,,-0.01,0.01928,0.00015,0.00346,-0.00288,-0.00894,1.10052
2733,2798592,66.39942,70.27273,0.90909,0.97,0.880267,-0.000196,0.04053,0.000481,0.473373,3.5e-05,0.895539,64.376877,13.009139,62.780304,16.024569,4.0,2.024e-05,11,672,0.09435,0.17161,0.0,0.0,100,0.09091,0.0,,,-0.01,0.01932,0.00028,0.00369,-0.00334,-0.01014,0.82389
2734,2799616,72.85844,73.0,1.0,0.99,0.940668,-0.000338,0.007727,7.2e-05,0.314414,0.0,0.980374,62.208889,15.127007,62.811733,15.343567,4.0,2.014e-05,12,667,0.09387,0.16457,0.0,0.0,100,0.0,0.0,,,-0.01,0.01768,0.00014,0.0024,0.0,-0.00903,0.94006
2735,2800640,73.14818,67.71429,1.0,0.99,0.897275,-0.001088,0.013259,0.000489,0.249858,0.001151,0.960694,63.092216,14.451767,63.325787,14.556963,4.0,2.004e-05,14,667,0.09335,0.16435,0.0,0.0,100,0.14286,0.0,,,-0.01,0.01724,-0.00086,0.00277,-0.00305,-0.01099,1.12088
2736,2801664,66.59051,100.0,0.91667,0.98,1.019018,-0.000331,0.029681,0.000171,0.402688,0.0,0.890318,64.106194,12.438749,63.101871,13.291798,4.0,1.994e-05,12,672,0.10958,0.18382,0.01,0.0,100,0.16667,0.0,,,-0.01,0.01672,-0.00121,0.00124,-0.00237,-0.01534,0.87272
2737,2802688,67.32892,88.66667,0.93333,0.97,0.99816,-0.000514,0.026774,0.000243,0.33957,0.0,0.892987,65.329994,11.143033,65.802132,12.746024,4.0,1.983e-05,15,658,0.09597,0.17333,0.01,0.0,100,0.06667,0.0,,,-0.01,0.01995,-0.00028,0.00365,-0.00023,-0.01144,1.04277
2738,2803712,73.09644,68.66667,1.0,0.97,0.978221,-0.001225,0.001082,0.001287,0.308322,0.008301,0.78641,69.995995,1.847263,70.247902,1.785167,4.0,1.973e-05,15,643,0.09431,0.16755,0.01,0.0,100,0.0,0.0,,,-0.01,0.01795,-0.00035,0.00278,-1e-05,-0.01025,1.07096
2739,2804736,73.07369,68.4,1.0,0.97,0.906459,-0.001183,0.031669,0.001135,0.346951,0.010672,0.078369,68.393837,5.79729,68.485092,4.737048,4.0,1.963e-05,15,654,0.09562,0.17663,0.01,0.0,100,0.2,0.0,,,-0.01,0.01985,0.00019,0.00356,-0.00442,-0.01154,1.13289
2740,2805760,72.97805,67.8,1.0,0.98,0.93172,-0.000185,0.010503,0.000117,0.220753,0.0,0.118165,69.645172,3.870859,70.03405,2.862305,4.0,1.953e-05,15,648,0.09344,0.16951,0.01,0.0,100,0.13333,0.0,,,-0.01,0.01927,-3e-05,0.00301,-0.00174,-0.01204,1.1023
2741,2806784,73.18426,68.53846,1.0,0.98,0.970907,-0.0009,0.000766,0.000542,0.298715,0.001953,0.81521,71.02037,1.812723,71.001465,1.610907,4.0,1.942e-05,13,643,0.09361,0.16867,0.01,0.0,100,0.0,0.0,,,-0.01,0.01756,0.00012,0.00385,0.0,-0.01166,0.92822
2742,2807808,73.16166,68.0,1.0,0.98,0.976571,-0.00139,0.000739,0.000834,0.293062,0.004046,0.813095,71.022102,1.787202,71.087784,1.570752,4.0,1.932e-05,16,641,0.09431,0.16881,0.01,0.0,100,0.0,0.0,,,-0.01,0.01915,0.00025,0.00393,-3e-05,-0.01145,1.14271
2743,2808832,73.27465,66.6875,1.0,0.99,0.969775,-0.000904,0.000593,0.00066,0.305151,0.001221,0.844023,71.246025,1.75306,71.235176,1.54656,4.0,1.922e-05,16,642,0.08929,0.16476,0.0,0.0,100,0.0,0.0,,,-0.01,0.02033,-0.00018,0.00382,-1e-05,-0.01261,1.14339
2744,2809856,66.14259,72.36364,0.90909,0.99,1.00806,-0.000466,0.040663,0.000249,0.552522,3.5e-05,0.787326,68.525993,7.008474,66.444534,11.409211,4.0,1.912e-05,11,654,0.09851,0.17155,0.0,0.0,100,0.09091,0.0,,,-0.01,0.0171,-0.00042,0.00366,-0.00232,-0.01579,0.74676
2745,2810880,72.2403,78.6,1.0,0.99,0.979973,-0.000798,0.017611,0.000105,0.40804,0.0,0.019419,67.710655,5.189776,68.652573,3.241214,4.0,1.901e-05,15,640,0.09528,0.17313,0.0,0.0,100,0.0,0.0,,,-0.01,0.01798,-0.00025,0.00269,-1e-05,-0.01264,1.06611
2746,2811904,73.00638,67.375,1.0,0.99,0.981291,-0.000274,0.004034,0.000185,0.195741,0.0,0.351481,70.090485,2.343661,70.262169,1.982055,4.0,1.891e-05,16,643,0.09524,0.17225,0.0,0.0,100,0.0625,1.0,,,-0.01,0.01832,-9e-05,0.00353,-0.00121,-0.0124,1.14929
2747,2812928,72.85619,67.53333,1.0,0.99,1.007239,-0.000864,0.000856,0.000249,0.29804,0.0,0.847818,70.603218,1.894009,70.571609,1.844841,4.0,1.881e-05,15,638,0.10073,0.18122,0.0,0.0,100,0.0,0.0,,,-0.01,0.01806,0.00022,0.00367,0.0,-0.01696,1.07152
2748,2813952,72.98105,68.54545,1.0,0.99,1.096262,-0.001196,0.00827,0.00051,0.454898,0.002686,0.886389,68.620872,6.079664,67.54702,7.674786,4.0,1.871e-05,11,647,0.1091,0.18792,0.0,0.0,100,0.0,0.0,,,-0.01,0.0148,-0.00016,0.00304,-1e-05,-0.01888,0.78542
2749,2814976,72.24927,82.11111,1.0,0.99,1.205962,-0.001727,0.021853,0.00209,0.326823,0.023717,0.944413,59.582184,14.83347,59.069542,15.587843,4.0,1.86e-05,9,651,0.11522,0.19289,0.0,0.0,100,0.11111,0.0,,,-0.01,0.01312,-0.00101,0.00306,-0.00168,-0.01478,0.64878
2750,2816000,65.75183,100.58333,0.91667,0.98,1.066341,-0.001278,0.002525,0.000527,0.339043,0.001465,0.994528,59.829712,16.882345,59.915005,17.305536,4.0,1.85e-05,12,656,0.10605,0.18625,0.01,0.0,100,0.08333,0.0,,,-0.01,0.0175,-0.00033,0.00335,-0.00109,-0.01221,0.82685
2751,2817024,67.17251,98.0,0.92857,0.97,0.960288,-0.000238,0.016731,0.000176,0.240634,0.0,0.818863,67.026054,7.94131,67.348259,7.619976,4.0,1.84e-05,14,654,0.10136,0.1769,0.02,0.0,100,0.14286,0.0,,,-0.01,0.01809,-0.0003,0.00389,-0.00108,-0.01294,0.96927
2752,2818048,72.85512,69.25,1.0,0.98,0.992388,-0.000402,0.006877,0.00019,0.241509,0.0,0.10597,69.416542,2.623287,69.642075,2.232051,4.0,1.83e-05,16,644,0.10706,0.18526,0.02,0.0,100,0.125,0.0,,,-0.01,0.01741,-0.0001,0.00378,-0.00194,-0.01425,1.15772
2753,2819072,72.78965,68.69231,1.0,0.98,0.972169,-0.000608,0.003886,0.00047,0.274859,0.000209,0.504994,69.860664,2.453949,69.95504,2.230875,4.0,1.82e-05,13,645,0.09638,0.16937,0.02,0.0,100,0.07692,0.0,,,-0.01,0.01845,-4e-05,0.00272,-0.00118,-0.01445,0.93744
2754,2820096,72.78728,69.93333,1.0,0.98,0.959861,-0.001139,0.006919,0.001351,0.285217,0.012207,0.292566,69.910042,2.704481,69.913193,2.47984,4.0,1.809e-05,15,645,0.09872,0.17007,0.02,0.0,100,0.06667,0.0,,,-0.01,0.02049,-0.00038,0.00169,-0.002,-0.01366,1.08826
2755,2821120,73.129,66.625,1.0,0.98,0.979574,-0.000263,0.003659,4.3e-05,0.205639,0.0,0.796557,69.916695,2.805707,69.865952,3.300078,4.0,1.799e-05,16,645,0.0974,0.16712,0.02,0.0,100,0.0,0.0,,,-0.01,0.02036,0.0001,0.00221,-0.00119,-0.01288,1.16372
2756,2822144,72.86236,67.0,1.0,0.98,0.934327,-0.000388,0.009164,0.000275,0.232717,3.5e-05,-0.047298,69.582283,3.196636,70.044182,2.343888,4.0,1.789e-05,15,646,0.0936,0.16356,0.02,0.0,100,0.13333,0.0,,,-0.01,0.01985,-0.00011,0.00089,-0.00177,-0.01167,1.09453
2757,2823168,73.06718,71.6,1.0,1.0,1.055618,-0.001079,0.000731,0.001029,0.33184,0.007882,0.795395,71.092018,1.668438,71.006226,1.464817,4.0,1.779e-05,15,644,0.10073,0.16867,0.0,0.0,100,0.0,0.0,,,-0.01,0.01946,-0.00029,0.00345,0.0,-0.01124,1.06953
2758,2824192,73.22526,67.75,1.0,1.0,1.070802,-0.001033,0.006751,0.000264,0.376162,3.5e-05,0.787998,69.7771,3.271259,68.985916,4.466322,4.0,1.768e-05,12,641,0.10157,0.17306,0.0,0.0,100,0.08333,0.0,,,-0.01,0.01821,-0.00036,0.00381,-0.00078,-0.02286,0.85953
2759,2825216,71.86739,76.5625,1.0,1.0,0.99737,-0.001457,0.006402,0.000362,0.360961,0.000488,0.259612,69.375107,3.417504,69.876816,2.342144,4.0,1.758e-05,16,642,0.10003,0.17118,0.0,0.0,100,0.0,0.0,,,-0.01,0.0182,9e-05,0.00264,0.0,-0.01309,1.13825
2760,2826240,72.97319,68.84615,1.0,1.0,0.97873,-0.000389,0.011943,0.000252,0.305003,0.000174,0.881936,68.731827,6.618389,68.067398,7.894407,4.0,1.748e-05,13,655,0.10431,0.18002,0.0,0.0,100,0.15385,0.0,,,-0.01,0.01814,0.00054,0.00396,-0.00285,-0.01309,0.97602
2761,2827264,72.90381,79.16667,1.0,1.0,0.852938,-0.000334,0.035025,7.1e-05,0.301732,0.0,0.837184,64.752625,11.489055,64.277939,11.821732,4.0,1.738e-05,12,665,0.09591,0.17136,0.0,0.0,100,0.08333,0.0,,,-0.01,0.02013,9e-05,0.00255,-0.00344,-0.0128,0.97697
2762,2828288,67.53011,81.2,0.93333,0.99,0.890661,-0.000151,0.040089,0.000126,0.166255,0.0,0.85018,65.017799,11.858487,65.516457,12.696217,4.0,1.727e-05,15,667,0.09297,0.16654,0.0,0.0,100,0.13333,1.0,,,-0.01,0.0205,-0.00021,0.00287,-6e-05,-0.01394,1.09786
2763,2829312,72.8272,74.5,1.0,0.99,1.167607,-0.001345,0.010757,0.001197,0.388698,0.012207,0.824119,68.30114,5.012129,67.659317,6.390754,4.0,1.717e-05,12,644,0.11035,0.19071,0.0,0.0,100,0.0,0.0,,,-0.01,0.01632,-3e-05,0.00395,0.0,-0.01692,0.85449
2764,2830336,73.35874,69.0,1.0,0.99,1.11422,-0.001633,0.002721,0.000443,0.368644,0.000977,0.988547,64.652794,11.869554,64.697533,12.882589,4.0,1.707e-05,12,644,0.10868,0.18011,0.0,0.0,100,0.0,0.0,,,-0.01,0.01866,-0.00031,0.00354,0.0,-0.01926,0.85664
2765,2831360,72.92115,68.83333,1.0,0.99,1.072935,1e-06,0.010805,0.000341,0.232029,0.0,0.963136,63.817532,12.647617,63.511841,13.340509,4.0,1.697e-05,12,645,0.10004,0.17586,0.0,0.0,100,0.0,0.0,,,-0.01,0.01836,-0.00025,0.00208,-0.00169,-0.01467,0.87514
2766,2832384,61.59149,103.26667,0.86667,0.97,1.008672,-0.000241,0.031368,7e-05,0.248413,0.0,0.869627,65.994926,9.482954,65.451103,12.205078,4.0,1.686e-05,15,646,0.101,0.17484,0.01,0.0,100,0.06667,0.0,,,-0.01,0.01936,0.00022,0.00394,-0.00192,-0.01329,0.97177
2767,2833408,73.11272,73.15385,1.0,0.97,0.992555,-0.00022,0.010498,8.1e-05,0.297408,0.0,0.117274,67.253777,3.451427,68.097435,2.692128,4.0,1.676e-05,13,655,0.09499,0.16549,0.01,0.0,100,0.07692,0.0,,,-0.01,0.01907,-0.0001,0.00328,-3e-05,-0.00969,0.93991
2768,2834432,72.93165,72.38462,1.0,0.97,1.096006,-0.000903,0.00292,0.000411,0.316557,0.000593,0.813713,68.992592,2.480355,68.975464,3.059905,4.0,1.666e-05,13,649,0.10142,0.1769,0.01,0.0,100,0.0,0.0,,,-0.01,0.01694,-0.0001,0.00392,0.0,-0.01125,0.9266
2769,2835456,73.23194,72.0625,1.0,0.98,1.021175,-0.000587,0.001517,0.000265,0.291422,0.0,0.796959,69.324638,2.018885,69.850471,1.994032,4.0,1.656e-05,16,645,0.09835,0.17439,0.01,0.0,100,0.0,0.0,,,-0.01,0.01922,-0.00012,0.00384,0.0,-0.00923,1.14059
2770,2836480,73.19824,69.28571,1.0,0.98,1.03168,-0.000429,0.01227,0.00017,0.259191,0.0,0.74579,68.425346,4.509537,68.140419,5.466151,4.0,1.645e-05,14,650,0.09885,0.17019,0.01,0.0,100,0.07143,0.0,,,-0.01,0.01588,-0.00018,0.0032,-0.00128,-0.01788,1.01587
2771,2837504,73.06073,68.61538,1.0,0.98,1.01794,-0.000224,0.004652,0.000183,0.302058,0.0,0.979302,65.220383,12.440822,65.000061,13.897515,4.0,1.635e-05,13,650,0.08998,0.16239,0.01,0.0,100,0.0,0.0,,,-0.01,0.01775,-0.00016,0.00346,0.0,-0.0191,0.92819
2772,2838528,72.91139,70.53846,1.0,0.98,1.068503,-0.000505,0.002248,0.000275,0.264225,0.0,0.994058,63.675037,15.155794,63.883415,15.82737,4.0,1.625e-05,13,650,0.09263,0.16127,0.01,0.0,100,0.0,0.0,,,-0.01,0.01614,-0.00015,0.00392,0.0,-0.02093,0.92738
2773,2839552,65.36984,95.64286,0.92857,0.99,0.995338,-0.001567,0.001382,0.001148,0.303829,0.006452,0.994125,66.417679,12.287436,66.544853,12.799973,4.0,1.615e-05,14,643,0.09208,0.1589,0.01,0.0,100,0.0,0.0,,,-0.01,0.01814,-0.00096,0.00313,0.0,-0.01804,0.92829
2774,2840576,72.85535,67.8,1.0,0.99,0.975727,-0.00054,0.002066,0.000396,0.280008,0.000244,0.672245,70.076225,2.230239,70.351814,1.949368,4.0,1.604e-05,15,645,0.09224,0.16324,0.01,0.0,100,0.06667,0.0,,,-0.01,0.0177,-7e-05,0.00344,-0.00048,-0.01533,1.07333
2775,2841600,73.02263,66.85714,1.0,0.99,0.962289,-0.001277,0.000909,0.00053,0.293522,0.001325,0.836595,70.603935,2.114423,70.77285,1.860847,4.0,1.594e-05,14,638,0.09291,0.16016,0.01,0.0,100,0.0,0.0,,,-0.01,0.01683,-1e-05,0.00175,0.0,-0.01213,1.00039
2776,2842624,72.67064,68.2,1.0,0.99,0.958739,-0.000279,0.008166,0.000261,0.265693,3.5e-05,0.503783,70.340042,3.181949,70.0895,3.148467,4.0,1.584e-05,15,641,0.08563,0.15131,0.01,0.0,100,0.06667,0.0,,,-0.01,0.01916,0.00018,0.0029,-0.00199,-0.01598,1.08681
2777,2843648,72.31704,73.86667,1.0,0.99,0.992246,-0.000562,0.009968,0.000337,0.316162,0.000767,0.377456,69.774475,4.200548,70.080322,3.201677,4.0,1.574e-05,15,643,0.08541,0.15016,0.01,0.0,100,0.06667,0.0,,,-0.01,0.01846,0.00037,0.0038,-0.00034,-0.01882,1.07578
2778,2844672,73.19024,67.0,1.0,0.99,0.950096,-0.000866,0.002041,0.000756,0.296344,0.003488,0.786988,70.729431,2.436392,70.636047,2.407841,4.0,1.564e-05,15,645,0.0849,0.14878,0.01,0.0,100,0.0,0.0,,,-0.01,0.01834,0.00038,0.00314,-0.00052,-0.01298,1.07628
2779,2845696,72.98684,67.4375,1.0,0.99,0.932027,-0.000221,0.006539,0.00024,0.205513,0.0,0.213164,70.614517,3.268661,70.851067,2.265163,4.0,1.553e-05,16,643,0.09058,0.15767,0.01,0.0,100,0.0625,0.0,,,-0.01,0.01868,4e-05,0.00351,-0.0008,-0.01359,1.15233
2780,2846720,72.98169,67.66667,1.0,1.0,0.967219,-0.000306,0.002679,0.000103,0.232744,0.0,0.50691,71.20533,2.284747,71.079384,1.834556,4.0,1.543e-05,15,640,0.08367,0.14836,0.0,0.0,100,0.06667,0.0,,,-0.01,0.01972,0.00025,0.00387,-0.00093,-0.01415,1.08004
2781,2847744,72.82713,68.91667,1.0,1.0,0.940828,-0.000864,0.009659,0.000256,0.298871,0.0,0.622019,70.37442,3.572603,70.009331,3.91607,4.0,1.533e-05,12,648,0.08619,0.1491,0.0,0.0,100,0.16667,0.0,,,-0.01,0.01815,0.00089,0.00371,-0.00424,-0.01319,0.88802
2782,2848768,72.65343,75.0,1.0,1.0,0.947424,-0.000657,0.026863,0.000586,0.221384,0.000977,0.507122,68.775826,7.543293,69.133064,5.843338,4.0,1.523e-05,16,646,0.0921,0.16117,0.0,0.0,100,0.125,0.0,,,-0.01,0.0186,-0.00023,0.00289,-0.00164,-0.01349,1.19736
2783,2849792,73.23084,66.35714,1.0,1.0,0.957815,-0.001188,0.000467,0.000569,0.281683,0.001011,0.876964,71.208977,1.678337,71.198814,1.528535,4.0,1.512e-05,14,640,0.08901,0.15597,0.0,0.0,100,0.0,1.0,,,-0.01,0.02053,-2e-05,0.00323,0.0,-0.01072,1.00062
2784,2850816,73.20354,68.625,1.0,1.0,0.946154,-0.000979,0.002031,0.000898,0.293431,0.004325,0.767532,70.987511,2.169308,70.74118,2.270631,4.0,1.502e-05,16,641,0.08751,0.15265,0.0,0.0,100,0.0,0.0,,,-0.01,0.01939,0.00042,0.00277,-0.00149,-0.01211,1.15953
2785,2851840,67.78841,74.07143,0.92857,0.99,0.944008,-0.000269,0.03856,0.00034,0.401362,0.0,0.78181,68.991501,6.455261,67.715721,10.839874,4.0,1.5e-05,14,654,0.09019,0.15871,0.0,0.0,100,0.14286,0.0,,,-0.01,0.01977,0.00015,0.0034,-0.00206,-0.00933,0.97197
2786,2852864,73.07898,68.375,1.0,0.99,0.986342,-0.000615,0.001617,0.000159,0.329166,0.0,0.824339,69.191299,1.670249,69.556381,2.103119,4.0,1.5e-05,16,634,0.08664,0.14802,0.0,0.0,100,0.0,0.0,,,-0.01,0.01839,-0.00108,0.00307,0.0,-0.0116,1.14251
2787,2853888,72.84273,72.85714,1.0,0.99,1.039172,-0.00174,0.001708,0.001304,0.348072,0.012102,0.706144,69.669022,1.563436,69.761696,1.856338,4.0,1.5e-05,14,640,0.0957,0.16169,0.0,0.0,100,0.0,0.0,,,-0.01,0.01888,-0.00013,0.00185,0.0,-0.01259,0.99766
2788,2854912,67.52553,73.0,0.92857,0.98,0.925369,-0.000119,0.043091,2.6e-05,0.383792,0.0,0.803682,67.374214,7.964164,66.107201,11.740217,4.0,1.5e-05,14,656,0.0887,0.15549,0.0,0.0,100,0.14286,0.0,,,-0.01,0.02004,0.0003,0.00314,-0.00474,-0.01228,0.99563
2789,2855936,66.63432,75.83333,0.91667,0.97,0.874658,-0.000193,0.028865,4.9e-05,0.365244,0.0,0.907794,63.966175,11.158902,62.908154,14.332117,4.0,1.5e-05,12,670,0.08421,0.15022,0.0,0.0,100,0.08333,0.0,,,-0.01,0.0196,0.0007,0.00359,-0.00423,-0.01289,0.86626
2790,2856960,72.88475,70.53846,1.0,0.97,0.888475,-7.9e-05,0.037167,3.3e-05,0.280062,0.0,0.896149,61.265469,14.069195,62.104286,14.63513,4.0,1.5e-05,13,671,0.09387,0.16123,0.0,0.0,100,0.07692,0.0,,,-0.01,0.01924,-0.00062,0.00337,-0.00073,-0.01184,1.03656
2791,2857984,68.38175,78.3125,0.9375,0.96,0.980812,-0.00098,0.011274,0.000399,0.312508,0.000105,0.943479,66.195534,9.131367,66.559685,11.222387,4.0,1.5e-05,16,651,0.09082,0.15442,0.0,0.0,100,0.0625,0.0,,,-0.01,0.01822,-0.0003,0.00343,-0.0004,-0.01085,1.09781
2792,2859008,73.25022,67.86667,1.0,0.97,0.957901,-0.000656,0.026013,0.000863,0.271123,0.000837,0.244101,67.557091,5.407554,68.127007,4.630822,4.0,1.5e-05,15,652,0.09151,0.15624,0.0,0.0,100,0.13333,0.0,,,-0.01,0.01906,0.00018,0.00373,-0.00286,-0.01124,1.09974
2793,2860032,72.83461,68.4,1.0,0.97,0.957614,-0.000359,0.021083,5.7e-05,0.240487,0.0,0.551354,68.213593,5.053008,68.152542,5.371429,4.0,1.5e-05,15,648,0.09243,0.15357,0.0,0.0,100,0.06667,0.0,,,-0.01,0.01871,-0.00121,0.00241,-0.00151,-0.01694,1.0968
2794,2861056,73.08332,70.27273,1.0,0.97,1.008401,-0.000518,0.006163,7.5e-05,0.339782,0.0,0.97493,65.237099,12.070931,64.941948,13.493028,4.0,1.5e-05,11,644,0.09445,0.15499,0.0,0.0,100,0.0,0.0,,,-0.01,0.01748,-0.00125,0.00185,0.0,-0.01336,0.7848
2795,2862080,73.01368,68.75,1.0,0.97,0.985897,-0.000334,0.014478,0.000101,0.304524,0.0,0.968661,61.764202,16.002537,61.304523,17.148758,4.0,1.5e-05,12,649,0.09115,0.14771,0.0,0.0,100,0.0,0.0,,,-0.01,0.01731,-0.00169,0.00195,-0.00218,-0.01595,0.88847
2796,2863104,59.0596,106.07692,0.84615,0.96,0.867818,-0.000175,0.040716,0.000117,0.270074,0.0,0.930338,58.102886,17.578882,57.957195,19.141333,4.0,1.5e-05,13,667,0.08864,0.1505,0.01,0.0,100,0.30769,0.0,,,-0.01,0.0173,-0.00137,0.00218,-0.0047,-0.01839,0.90091
2797,2864128,72.81067,70.69231,1.0,0.97,1.016515,-0.000992,0.012522,0.000448,0.351951,0.000174,0.740583,67.731689,4.539444,67.68145,5.401534,4.0,1.5e-05,13,646,0.09453,0.15361,0.01,0.0,100,0.0,0.0,,,-0.01,0.01706,-0.00093,0.00184,-3e-05,-0.01324,0.93501
2798,2865152,72.28099,79.64286,1.0,0.98,0.998927,-0.000487,0.029486,0.000414,0.333782,3.5e-05,0.769159,66.294701,8.422879,66.364563,8.75172,4.0,1.5e-05,14,501,0.09929,0.16216,0.01,0.0,100,0.0,0.0,,,-0.01,0.01604,-0.00128,0.00261,-0.00203,-0.01237,1.03036
2799,2866176,67.97151,72.6,0.93333,0.97,0.911139,-0.000186,0.020993,0.000137,0.270177,0.0,0.929267,65.787521,10.861752,65.422585,13.492108,4.0,1.5e-05,15,627,0.09138,0.15621,0.01,0.0,100,0.06667,0.0,,,-0.01,0.01904,-0.0002,0.00195,-0.00171,-0.01055,1.06234
2800,2867200,67.79777,71.85714,0.92857,0.96,0.967269,-0.000531,0.022058,8.1e-05,0.335947,0.0,0.907735,65.754341,9.507707,65.225227,12.876977,4.0,1.5e-05,14,644,0.09465,0.15721,0.01,0.0,100,0.07143,0.0,,,-0.01,0.01957,-0.00023,0.00372,-0.00075,-0.01467,0.96923
2801,2868224,72.39861,73.42857,1.0,0.96,1.006344,-0.000431,0.038367,0.000101,0.385009,0.0,0.331933,65.339211,6.904308,66.422272,5.881861,4.0,1.5e-05,14,644,0.09488,0.15964,0.01,0.0,100,0.14286,0.0,,,-0.01,0.01843,-0.00011,0.00268,-0.00207,-0.01428,1.01094
2802,2869248,73.04178,65.9375,1.0,0.96,0.989054,-0.000376,0.010866,0.000111,0.228464,0.0,0.6738,68.458969,4.139946,68.712997,4.533245,4.0,1.5e-05,16,642,0.08747,0.14942,0.01,0.0,100,0.0625,0.0,,,-0.01,0.0179,-0.00032,0.00174,-0.00194,-0.01279,1.16227
2803,2870272,72.88894,68.28571,1.0,0.98,0.916046,-0.000597,0.029214,0.000215,0.25211,0.0,0.898244,64.059868,12.213265,63.78664,13.34829,4.0,1.5e-05,14,665,0.09571,0.1633,0.0,0.0,100,0.21429,0.0,,,-0.01,0.01814,-0.00064,0.00332,-0.00568,-0.01098,1.11345
2804,2871296,72.99452,68.0,1.0,0.98,0.913557,-0.0,0.019001,8e-05,0.213328,0.0,0.960705,61.779629,17.172361,62.429005,17.339882,4.0,1.5e-05,12,667,0.08864,0.15451,0.0,0.0,100,0.08333,0.0,,,-0.01,0.01832,0.00012,0.00399,-0.00115,-0.01444,0.9454
2805,2872320,72.71089,72.36364,1.0,0.98,0.902057,-0.000348,0.01157,0.000106,0.296433,0.0,0.981304,60.588432,18.752121,59.979275,19.352402,4.0,1.5e-05,11,689,0.10306,0.17122,0.0,0.0,100,0.0,0.0,,,-0.01,0.01727,-0.0019,0.00376,-0.0015,-0.01266,0.9297
2806,2873344,61.08641,104.0,0.84615,0.97,0.948143,-0.000645,0.040217,0.000367,0.251919,3.5e-05,0.843705,65.793388,10.490223,65.32373,12.405466,4.0,1.5e-05,13,655,0.09682,0.16742,0.01,0.0,100,0.30769,0.0,,,-0.01,0.01805,-0.00044,0.00302,-0.00444,-0.00923,0.84209
2807,2874368,67.98227,72.5,0.9375,0.97,0.950374,-0.000466,0.046233,0.000469,0.202767,0.00014,0.800826,65.838135,9.242332,65.965256,11.796829,4.0,1.5e-05,16,654,0.09987,0.16874,0.01,0.0,100,0.1875,0.0,,,-0.01,0.01843,-0.00063,0.00359,-0.00336,-0.01081,1.14619
2808,2875392,73.02969,67.86667,1.0,0.97,1.041452,-0.000634,0.014629,0.000411,0.295769,0.0,0.865729,67.613441,6.634942,67.428764,8.295841,4.0,1.5e-05,15,645,0.10109,0.17199,0.01,0.0,100,0.0,0.0,,,-0.01,0.01784,-6e-05,0.00192,-0.00139,-0.01181,1.10432
2809,2876416,67.18696,84.23077,0.92308,0.96,0.953878,-0.000264,0.036418,0.000376,0.257738,0.000349,0.922494,62.799961,15.382434,62.758205,16.88632,4.0,1.5e-05,13,669,0.09547,0.15989,0.01,0.0,100,0.15385,0.0,,,-0.01,0.01857,-0.00081,0.00359,-0.0021,-0.01002,0.94956
2810,2877440,72.84819,71.84615,1.0,0.96,0.95051,-0.00018,0.042287,9.1e-05,0.226738,0.0,0.64411,66.21035,9.213868,66.692703,8.407322,4.0,1.5e-05,13,655,0.08996,0.15465,0.01,0.0,100,0.07692,0.0,,,-0.01,0.01933,-0.00051,0.00306,-0.00232,-0.01061,0.98131
2811,2878464,72.80441,73.15385,1.0,0.96,0.997125,-0.000599,0.016368,0.000116,0.296824,0.0,0.572287,68.206627,5.711022,68.74614,4.814183,4.0,1.5e-05,13,642,0.08666,0.15414,0.01,0.0,100,0.07692,0.0,,,-0.01,0.01836,-6e-05,0.00273,0.00064,-0.0158,0.94324
2812,2879488,72.87361,69.71429,1.0,0.96,1.07889,-0.000375,0.006402,0.0003,0.284129,3.5e-05,0.610031,69.679787,2.739972,69.524788,3.138237,4.0,1.5e-05,14,638,0.09899,0.17152,0.01,0.0,100,0.07143,0.0,,,-0.01,0.01791,-0.00069,0.00368,-0.00083,-0.0149,1.00273
2813,2880512,72.17198,79.66667,1.0,0.98,1.038448,-0.000513,0.037821,8.6e-05,0.372336,0.0,0.780204,66.265396,11.089044,66.771156,10.280606,4.0,1.5e-05,15,648,0.09154,0.15995,0.0,0.0,100,0.06667,0.0,,,-0.01,0.01724,-0.00072,0.00257,-4e-05,-0.01289,1.08404
2814,2881536,73.08626,69.92857,1.0,0.99,1.068085,-0.00032,0.004383,0.000118,0.286084,0.0,0.826335,69.723602,3.341901,69.56012,3.865784,4.0,1.5e-05,14,646,0.10121,0.17462,0.0,0.0,100,0.0,0.0,,,-0.01,0.0176,-0.00029,0.00366,-0.00032,-0.01153,1.00516
2815,2882560,72.76616,71.83333,1.0,0.99,0.976154,-0.000602,0.024567,0.000386,0.279878,7e-05,0.931894,64.799019,13.589822,64.404892,14.783121,4.0,1.5e-05,12,665,0.09533,0.16664,0.0,0.0,100,0.0,0.0,,,-0.01,0.01856,-6e-05,0.0024,-0.00261,-0.01181,0.9384
2816,2883584,72.611,72.14286,1.0,0.99,1.022683,-0.000539,0.002894,0.00037,0.270551,0.0,0.994596,62.784904,17.824997,62.847813,17.980541,4.0,1.5e-05,14,670,0.10731,0.17921,0.0,0.0,100,0.07143,0.0,,,-0.01,0.01649,-0.0001,0.00304,-0.00017,-0.01587,1.10139
2817,2884608,66.77902,88.41667,0.91667,0.99,1.11657,-0.000417,0.017787,0.00018,0.415838,7e-05,0.911378,66.355194,9.285659,65.404625,11.352859,4.0,1.5e-05,12,642,0.09844,0.16988,0.0,0.0,100,0.16667,0.0,,,-0.01,0.01556,-0.00154,0.00172,-0.00108,-0.01246,0.78948
2818,2885632,73.31492,68.7,1.0,0.99,1.156066,-0.00078,0.011037,0.000211,0.378865,0.0,0.981478,58.05447,18.173672,57.713905,19.587502,4.0,1.5e-05,10,640,0.09972,0.16807,0.0,0.0,100,0.0,0.0,,,-0.01,0.01619,-0.00068,0.00087,-0.00039,-0.01547,0.71979
2819,2886656,72.83518,74.44444,1.0,0.99,1.290265,-0.001364,0.017347,0.001302,0.413658,0.007394,0.975757,55.305107,20.228277,54.58445,20.834221,4.0,1.5e-05,9,652,0.11122,0.18406,0.0,0.0,100,0.0,0.0,,,-0.01,0.01354,-0.0009,0.00187,-0.00117,-0.01598,0.64593
2820,2887680,58.3143,145.61538,0.84615,0.97,1.13025,-0.000766,0.0612,0.000793,0.417018,0.003174,0.831895,58.681084,15.713263,59.736431,14.867403,4.0,1.5e-05,13,648,0.10213,0.17793,0.02,0.0,100,0.30769,0.0,,,-0.01,0.01502,-0.00017,0.00287,-0.00256,-0.0119,0.80632
2821,2888704,67.56576,72.07143,0.92857,0.96,0.919957,-0.000354,0.063699,0.000533,0.266665,0.000209,0.789364,64.63237,10.717603,63.963947,13.393909,4.0,1.5e-05,14,663,0.0892,0.16179,0.02,0.0,100,0.28571,0.0,,,-0.01,0.02025,-9e-05,0.00371,-0.00508,-0.01083,1.01253
2822,2889728,73.16689,68.33333,1.0,0.96,1.05639,-0.000831,0.020198,0.000375,0.330935,0.0,0.259244,66.780098,3.962832,67.232246,4.080318,4.0,1.5e-05,15,640,0.09672,0.16563,0.02,0.0,100,0.06667,0.0,,,-0.01,0.01801,-2e-05,0.00325,-0.00235,-0.00967,1.08413
2823,2890752,61.96248,72.0,0.85714,0.95,0.966928,-0.000387,0.061349,0.000153,0.839054,0.0,0.908835,53.699131,17.000631,50.344463,19.321411,4.0,1.5e-05,7,695,0.10359,0.17835,0.02,0.0,100,0.42857,0.0,,,-0.01,0.01518,-0.00021,0.00352,-0.00892,-0.0077,0.52794
2824,2891776,72.58543,79.7,1.0,0.95,0.98351,-0.000267,0.084677,0.000251,0.407418,3.5e-05,0.890437,48.029015,20.618715,49.098488,21.36397,4.0,1.5e-05,10,686,0.10385,0.17655,0.02,0.0,100,0.3,0.0,,,-0.01,0.01721,-0.00042,0.00328,-0.00373,-0.00756,0.85282
2825,2892800,57.88442,134.8,0.8,0.93,0.854931,-0.000483,0.03163,0.000154,0.391771,0.0,0.962992,49.740307,20.869753,48.745247,22.547153,4.0,1.5e-05,10,708,0.10797,0.18362,0.03,0.0,100,0.1,0.0,,,-0.01,0.01751,-0.00175,0.0022,-0.00552,-0.01046,0.74974
2826,2893824,61.16728,78.23077,0.84615,0.92,0.834637,-0.000975,0.053587,0.000579,0.28969,0.001046,0.925057,54.034554,18.921337,54.223389,21.018902,4.0,1.5e-05,13,692,0.09694,0.17131,0.03,0.0,100,0.30769,0.0,,,-0.01,0.01795,0.00034,0.00147,-0.0043,-0.00831,0.95886
2827,2894848,67.79292,93.125,0.9375,0.91,0.901226,-0.000133,0.086377,0.000255,0.451483,3.5e-05,0.657951,59.497246,13.342447,60.846294,12.593196,4.0,1.5e-05,16,665,0.09952,0.17873,0.04,0.0,100,0.375,0.0,,,-0.01,0.01814,-1e-05,0.00331,-0.00914,-0.01394,1.21815
2828,2895872,72.89476,70.14286,1.0,0.93,0.959745,-0.000327,0.028252,0.000106,0.324554,0.0,0.361837,66.40374,6.279921,67.435097,5.355948,4.0,1.5e-05,14,643,0.09911,0.17764,0.02,0.0,100,0.21429,0.0,,,-0.01,0.01976,0.00084,0.00369,-0.0025,-0.01256,1.04511
2829,2896896,72.79703,70.07143,1.0,0.93,1.009207,-0.000561,0.00788,0.000166,0.298862,0.0,0.389094,69.015785,3.828501,69.770744,2.877733,4.0,1.5e-05,14,644,0.09935,0.16832,0.02,0.0,100,0.14286,0.0,,,-0.01,0.01901,-0.00099,0.00359,-0.00081,-0.01487,1.01191
2830,2897920,73.01624,68.75,1.0,0.94,1.026162,-0.000495,0.005882,0.00018,0.298766,3.5e-05,0.420643,70.235313,3.423313,70.556084,2.540981,4.0,1.5e-05,16,642,0.10225,0.17388,0.02,0.0,100,0.0625,0.0,,,-0.01,0.01925,-0.00054,0.00385,-0.00114,-0.01303,1.15002
2831,2898944,73.05808,68.57143,1.0,0.95,0.934948,-0.000192,0.021491,9.4e-05,0.315099,0.0,0.904047,67.867332,10.289998,67.026222,11.717005,4.0,1.5e-05,14,661,0.10427,0.17778,0.02,0.0,100,0.07143,0.0,,,-0.01,0.01949,-0.00079,0.00293,-0.0032,-0.00963,1.08597
2832,2899968,72.46459,78.92308,1.0,0.97,1.009744,-5.4e-05,0.041071,4.4e-05,0.321693,0.0,-0.128256,68.540474,8.431219,69.589241,4.623202,4.0,1.5e-05,13,652,0.10302,0.17928,0.01,0.0,100,0.15385,0.0,,,-0.01,0.01703,-8e-05,0.00375,9e-05,-0.01266,0.94749
2833,2900992,73.06538,68.1875,1.0,0.99,0.987599,-0.000818,0.006405,0.000357,0.279728,3.5e-05,0.651023,70.456184,3.593086,70.417618,3.321942,4.0,1.5e-05,16,638,0.10338,0.18123,0.01,0.0,100,0.0625,0.0,,,-0.01,0.01818,1e-05,0.00337,-0.00235,-0.01303,1.16786
2834,2902016,72.7395,69.25,1.0,1.0,0.992035,-0.000273,0.00701,0.000249,0.273407,0.0,0.184409,70.636879,3.298497,70.799484,2.32217,4.0,1.5e-05,16,643,0.09615,0.16354,0.0,0.0,100,0.125,0.0,,,-0.01,0.01795,-0.00016,0.00328,-0.00048,-0.01439,1.15413
2835,2903040,72.85527,72.66667,1.0,1.0,1.013323,-0.000264,0.010583,0.000147,0.204331,0.0,0.532807,70.622208,4.574564,70.693756,3.751696,4.0,1.5e-05,12,650,0.10389,0.17891,0.0,0.0,100,0.08333,0.0,,,-0.01,0.01815,-0.00077,0.00371,-0.00116,-0.01101,0.87598
2836,2904064,73.124,66.6,1.0,1.0,0.988329,-0.000333,0.003742,0.000276,0.239295,0.0,0.572111,71.243446,2.50667,71.103706,2.302858,4.0,1.5e-05,15,646,0.09525,0.16563,0.0,0.0,100,0.06667,0.0,,,-0.01,0.01963,-7e-05,0.00358,-0.00168,-0.01273,1.08591
2837,2905088,72.97309,69.13333,1.0,1.0,1.034471,-0.000475,0.002913,0.000365,0.251258,0.000105,0.522847,71.097229,2.276946,71.034195,1.927172,4.0,1.5e-05,15,646,0.09816,0.16912,0.0,0.0,100,0.06667,0.0,,,-0.01,0.0176,-0.00015,0.00366,-0.00036,-0.01205,1.07629
2838,2906112,73.12902,70.4375,1.0,1.0,1.00646,-0.000187,0.003009,0.000312,0.240846,0.0,0.539263,70.88913,2.548414,70.919258,2.00801,4.0,1.5e-05,16,646,0.09321,0.16011,0.0,0.0,100,0.0625,0.0,,,-0.01,0.01756,-0.00012,0.00279,-0.00085,-0.01016,1.15726
2839,2907136,73.00504,68.53333,1.0,1.0,1.033586,-0.000934,0.003757,0.00047,0.311896,0.001256,0.650644,71.343224,2.321462,70.966141,2.49988,4.0,1.5e-05,15,645,0.09445,0.16335,0.0,0.0,100,0.0,0.0,,,-0.01,0.01871,7e-05,0.00289,-0.00155,-0.01025,1.08388
2840,2908160,73.00636,70.07143,1.0,1.0,1.033329,-0.00029,0.002566,0.000187,0.288562,0.0,0.567713,71.165604,1.991942,70.909477,1.878041,4.0,1.5e-05,14,643,0.09761,0.17144,0.0,0.0,100,0.07143,0.0,,,-0.01,0.01899,2e-05,0.00363,-0.00083,-0.01405,1.0013
2841,2909184,72.90896,72.72727,1.0,1.0,1.162357,-0.001793,0.007325,0.001064,0.406054,0.008301,0.833116,69.560753,4.177874,68.794334,5.460676,4.0,1.5e-05,11,652,0.10586,0.17886,0.0,0.0,100,0.09091,0.0,,,-0.01,0.01646,-0.00047,0.00329,-0.00036,-0.01472,0.78578
2842,2910208,72.79216,75.36364,1.0,1.0,1.104982,-0.000785,0.006775,0.000775,0.345666,0.000698,0.978325,64.587334,13.324137,64.39537,14.494425,4.0,1.5e-05,11,651,0.10463,0.1748,0.0,0.0,100,0.0,0.0,,,-0.01,0.01694,-0.0018,0.00336,0.0,-0.0146,0.78298
2843,2911232,65.9251,106.69231,0.92308,0.99,1.114926,-0.00031,0.009986,5.2e-05,0.28943,0.0,0.974048,63.575676,14.7708,63.38607,15.125507,4.0,1.5e-05,13,643,0.10367,0.18153,0.01,0.0,100,0.07692,0.0,,,-0.01,0.01787,-0.00111,0.0037,-0.0015,-0.01424,0.86725
2844,2912256,72.94595,73.71429,1.0,0.99,0.975785,-0.000642,0.019233,0.000412,0.279778,0.000279,0.690018,67.936043,7.167438,68.543228,6.109738,4.0,1.5e-05,14,655,0.09557,0.17226,0.01,0.0,100,0.07143,0.0,,,-0.01,0.01912,-0.0003,0.00402,0.0012,-0.0108,1.03047
2845,2913280,73.23861,70.78571,1.0,0.99,0.984224,-0.00088,0.008345,0.000852,0.345956,0.004953,0.753065,69.917587,3.467299,69.476913,4.430136,4.0,1.5e-05,14,643,0.09284,0.16397,0.01,0.0,100,0.0,0.0,,,-0.01,0.01899,-0.00033,0.00265,-0.00147,-0.01094,1.01618
2846,2914304,72.69061,70.92857,1.0,0.99,0.893205,-0.000186,0.020983,0.000101,0.232438,0.0,0.941954,63.947609,13.961676,63.576015,14.818626,4.0,1.5e-05,14,657,0.09976,0.17566,0.01,0.0,100,0.14286,0.0,,,-0.01,0.0171,-0.0001,0.0026,-0.0044,-0.01184,1.13882
2847,2915328,73.40565,68.3,1.0,0.99,0.911367,-0.000243,0.007144,4.3e-05,0.253727,0.0,0.98617,62.031193,17.315716,61.948799,17.72187,4.0,1.5e-05,10,674,0.09782,0.16567,0.01,0.0,100,0.1,0.0,,,-0.01,0.01825,-0.00031,0.00328,2e-05,-0.01032,0.80761
2848,2916352,67.19395,97.0,0.93333,0.98,0.994163,-0.000909,0.029693,0.000295,0.341857,0.00014,0.660444,66.772987,7.894125,67.19635,7.280037,4.0,1.5e-05,15,648,0.09357,0.16636,0.01,0.0,100,0.13333,0.0,,,-0.01,0.01819,6e-05,0.00093,-0.00302,-0.01105,1.01966
2849,2917376,65.8795,82.27273,0.90909,0.97,0.992975,-0.000332,0.024312,0.000356,0.391856,0.000314,0.916701,66.767159,10.568918,65.597755,13.720441,4.0,1.5e-05,11,668,0.10176,0.17346,0.01,0.0,100,0.09091,0.0,,,-0.01,0.01716,-0.00051,0.00399,-0.00113,-0.01629,0.7653
2850,2918400,72.24949,81.92857,1.0,0.97,1.11223,-0.0007,0.009755,0.000298,0.351093,0.000942,0.534186,67.756554,3.546263,68.055901,3.454937,4.0,1.5e-05,14,644,0.11147,0.18164,0.01,0.0,100,0.0,0.0,,,-0.01,0.0176,-0.00176,0.00228,0.0,-0.00803,0.99352
2851,2919424,72.89967,72.38462,1.0,0.98,1.094367,-0.000833,0.026145,0.000234,0.396874,0.0,0.80761,66.079109,7.4697,65.168442,9.050135,4.0,1.5e-05,13,657,0.11075,0.17986,0.0,0.0,100,0.15385,0.0,,,-0.01,0.01592,-0.00072,0.00377,-0.00379,-0.01334,0.98078
2852,2920448,73.2353,70.0,1.0,0.98,1.131987,-0.001326,0.006892,0.000962,0.373187,0.008405,0.980597,62.5495,13.822006,62.790997,14.917285,4.0,1.5e-05,10,653,0.09858,0.16755,0.0,0.0,100,0.1,0.0,,,-0.01,0.01851,-0.00072,0.00397,0.0,-0.01139,0.71414
2853,2921472,66.44534,103.76923,0.92308,0.97,1.138734,-0.000503,0.004231,0.000296,0.312905,0.000105,0.990136,61.679718,15.745096,61.83408,16.286873,4.0,1.5e-05,13,643,0.09195,0.15823,0.01,0.0,100,0.07692,0.0,,,-0.01,0.01598,-0.00114,0.00294,-7e-05,-0.0131,0.85445
2854,2922496,72.83414,72.18182,1.0,0.97,1.117671,-0.000461,0.028952,0.000265,0.396058,0.0,0.860336,63.484043,9.771812,62.485138,11.313119,4.0,1.5e-05,11,654,0.10019,0.17312,0.01,0.0,100,0.18182,0.0,,,-0.01,0.01635,-0.00119,0.00335,-0.00241,-0.01617,0.81492
2855,2923520,71.32157,95.92308,1.0,0.97,1.097352,-0.000747,0.065397,0.000301,0.516992,3.5e-05,0.783031,60.360653,14.922438,62.007477,13.371197,4.0,1.5e-05,13,648,0.09231,0.16182,0.01,0.0,100,0.07692,0.0,,,-0.01,0.01758,-0.00056,0.0037,-0.0015,-0.01115,0.93596
2856,2924544,72.61003,78.0,1.0,0.98,0.99343,-0.000774,0.063603,0.000534,0.355196,0.001988,0.752241,63.384304,12.108974,62.652187,12.379131,4.0,1.5e-05,11,668,0.10503,0.18189,0.01,0.0,100,0.18182,0.0,,,-0.01,0.01728,-0.00048,0.00288,-0.00499,-0.01222,0.89204
2857,2925568,62.57356,87.26667,0.86667,0.97,0.986761,-0.000101,0.028221,0.00031,0.331296,0.0,0.941973,62.277855,14.205168,61.864506,17.576149,4.0,1.5e-05,15,658,0.09817,0.17278,0.01,0.0,100,0.13333,0.0,,,-0.01,0.01731,-0.00029,0.00349,-0.00154,-0.00856,1.01022
2858,2926592,73.35927,71.14286,1.0,0.97,1.11961,-0.000826,0.002908,0.000359,0.349181,3.5e-05,0.728658,67.590607,1.990799,68.401253,2.42218,4.0,1.5e-05,14,643,0.09933,0.17355,0.01,0.0,100,0.0,0.0,,,-0.01,0.0185,0.00028,0.00374,0.00039,-0.00956,0.99844
2859,2927616,73.02574,72.5,1.0,0.97,1.021895,-0.000581,0.016128,0.000351,0.301657,3.5e-05,0.284369,67.518257,4.34533,68.171669,3.717517,4.0,1.5e-05,14,649,0.09021,0.16137,0.01,0.0,100,0.14286,0.0,,,-0.01,0.01969,-0.00026,0.00366,-0.00264,-0.01101,1.02411
2860,2928640,73.0693,71.0,1.0,0.97,1.063263,-0.001242,0.007679,0.001262,0.363501,0.007812,0.624214,69.277321,2.763378,69.158638,3.473082,4.0,1.5e-05,14,647,0.09733,0.16984,0.01,0.0,100,0.0,0.0,,,-0.01,0.01884,0.00026,0.00379,-0.00142,-0.01121,1.00963
2861,2929664,72.65173,77.83333,1.0,0.98,1.173365,-0.001003,0.011247,0.000537,0.301551,0.001535,0.399374,68.528648,3.353428,68.551071,3.343374,4.0,1.5e-05,12,647,0.10644,0.18048,0.0,0.0,100,0.08333,0.0,,,-0.01,0.0168,-0.00047,0.00384,-0.00021,-0.01059,0.85762
2862,2930688,72.99483,74.0,1.0,0.98,1.215899,-0.000677,0.007668,0.000319,0.368303,0.0,0.968366,65.260292,11.686649,64.813675,12.891871,4.0,1.5e-05,11,640,0.11083,0.18579,0.0,0.0,100,0.0,0.0,,,-0.01,0.01752,-0.00109,0.00384,-0.00035,-0.01155,0.7839
2863,2931712,73.06903,73.27273,1.0,0.98,1.152642,-0.000886,0.013179,0.000608,0.351757,0.000977,0.97607,59.055058,17.96726,58.438969,19.125452,4.0,1.5e-05,11,661,0.11525,0.191,0.0,0.0,100,0.0,0.0,,,-0.01,0.01707,-0.00108,0.00389,-0.00179,-0.00893,0.83436
2864,2932736,61.22387,113.61538,0.84615,0.96,1.101251,-0.000849,0.016368,0.000687,0.277704,0.001011,0.969826,60.942417,16.66535,60.680359,18.013765,4.0,1.5e-05,13,662,0.11467,0.19192,0.01,0.0,100,0.15385,0.0,,,-0.01,0.01675,-0.00094,0.00356,-0.00074,-0.01129,0.83997
2865,2933760,72.92628,76.66667,1.0,0.98,1.089585,-0.000267,0.027068,0.000221,0.392073,0.0,0.648972,65.231339,7.754384,66.505356,6.865987,4.0,1.5e-05,15,648,0.09939,0.17401,0.01,0.0,100,0.0,0.0,,,-0.01,0.01918,0.00014,0.0026,-0.00035,-0.00978,1.08292
2866,2934784,72.90114,71.23077,1.0,0.98,1.060223,-0.001111,0.011297,0.000631,0.310938,0.001395,0.795213,68.498817,4.680214,68.346275,5.706728,4.0,1.5e-05,13,649,0.10517,0.18355,0.01,0.0,100,0.0,0.0,,,-0.01,0.01768,-0.00025,0.00133,-0.00159,-0.00896,0.95219
2867,2935808,67.47489,80.42857,0.92857,0.97,1.060965,-0.000403,0.019703,0.000257,0.27459,0.0,0.927467,66.33033,10.338675,66.037697,13.161099,4.0,1.5e-05,14,658,0.11164,0.1898,0.01,0.0,100,0.07143,0.0,,,-0.01,0.0182,-0.00035,0.00278,-0.00058,-0.00956,0.976
2868,2936832,72.69811,79.0,1.0,0.97,1.182567,-0.000582,0.015094,0.000227,0.348099,3.5e-05,0.326341,68.096672,4.266129,68.342445,3.664505,4.0,1.5e-05,13,646,0.10444,0.17697,0.01,0.0,100,0.07692,0.0,,,-0.01,0.01598,-0.00033,0.00397,-0.00049,-0.01039,0.93081
2869,2937856,72.92193,73.64286,1.0,0.97,1.092092,-0.000851,0.002265,0.000525,0.306563,0.000209,0.766871,69.224106,2.426718,69.52459,2.422822,4.0,1.5e-05,14,644,0.10254,0.17425,0.01,0.0,100,0.0,0.0,,,-0.01,0.01619,0.00015,0.0025,-1e-05,-0.01168,0.9973
2870,2938880,72.5413,69.14286,1.0,0.97,1.014472,-0.000542,0.021455,0.000227,0.248459,0.0,0.075489,68.638725,4.477029,68.839516,3.797428,4.0,1.5e-05,14,649,0.10291,0.17907,0.01,0.0,100,0.21429,0.0,,,-0.01,0.01737,-0.00039,0.00276,-0.00451,-0.01231,1.03531
2871,2939904,73.17449,66.13333,1.0,0.99,1.029089,-0.000424,0.002776,0.000193,0.237481,3.5e-05,0.487621,70.147331,2.410906,70.612183,1.818522,4.0,1.5e-05,15,638,0.10134,0.17189,0.0,0.0,100,0.06667,0.0,,,-0.01,0.0204,-0.0008,0.00365,-1e-05,-0.00986,1.0758
2872,2940928,73.13694,69.07143,1.0,0.99,0.996104,-0.000232,0.001535,7.9e-05,0.254105,0.0,0.744384,70.627708,2.19928,70.713158,1.916181,4.0,1.5e-05,14,639,0.10184,0.17522,0.0,0.0,100,0.0,0.0,,,-0.01,0.0185,0.00016,0.00381,0.0,-0.01324,0.99938
2873,2941952,68.24113,71.4375,0.9375,0.98,0.979912,-9.7e-05,0.040908,2.5e-05,0.396058,0.0,0.787291,69.363335,6.779313,67.960869,11.028515,4.0,1.5e-05,16,646,0.10401,0.17914,0.0,0.0,100,0.0625,0.0,,,-0.01,0.01818,-0.00048,0.00375,-0.00238,-0.01116,1.11707
2874,2942976,72.66689,73.38462,1.0,0.99,1.035486,-0.000121,0.022945,6.7e-05,0.269471,0.0,0.335448,68.151405,5.628968,68.641037,4.427079,4.0,1.5e-05,13,645,0.10077,0.17392,0.0,0.0,100,0.07692,0.0,,,-0.01,0.01947,-0.00042,0.00382,-0.00171,-0.01565,0.9503
2875,2944000,72.91891,72.53846,1.0,0.99,1.106346,-0.000654,0.011609,9.9e-05,0.352904,3.5e-05,0.842004,67.664192,5.658293,67.302757,6.815973,4.0,1.5e-05,13,643,0.10826,0.17913,0.0,0.0,100,0.0,0.0,,,-0.01,0.01542,-0.00199,0.00306,-1e-05,-0.00909,0.92653
2876,2945024,72.09004,89.38462,1.0,0.99,1.060254,-0.000774,0.059141,0.000207,0.391781,0.0,0.814476,62.462856,15.140257,63.2435,13.878443,4.0,1.5e-05,13,654,0.10721,0.184,0.0,0.0,100,0.07692,0.0,,,-0.01,0.01733,-0.00043,0.00368,-0.00308,-0.01176,0.96391
2877,2946048,72.85304,71.38462,1.0,0.99,0.978536,-0.00045,0.017118,0.000163,0.328629,0.0,0.940655,65.437088,12.006421,64.906105,13.203115,4.0,1.5e-05,13,656,0.10563,0.17815,0.0,0.01,100,0.0,0.0,,,-0.01,0.01783,-0.00015,0.00347,-0.00122,-0.0125,0.99544
2878,2947072,67.03306,82.30769,0.92308,0.98,0.897319,-0.000535,0.020006,0.000121,0.255942,0.0,0.954119,63.89423,14.519868,63.645199,16.223099,4.0,1.5e-05,13,667,0.09385,0.16477,0.0,0.01,100,0.15385,0.0,,,-0.01,0.01848,0.00037,0.0037,-0.00279,-0.01204,0.94299
2879,2948096,73.11517,67.92857,1.0,0.98,1.029736,-0.000132,0.009364,5.4e-05,0.252326,0.0,0.313995,68.994759,3.060292,69.282906,2.846228,4.0,1.5e-05,14,646,0.09616,0.16867,0.0,0.01,100,0.07143,0.0,,,-0.01,0.01838,-2e-05,0.00261,0.0,-0.0117,1.00326
2880,2949120,72.84927,72.46667,1.0,0.98,1.001547,-0.000374,0.010104,0.000116,0.267966,0.0,0.742272,68.702003,4.563569,68.905029,4.868101,4.0,1.5e-05,15,649,0.09416,0.16688,0.0,0.01,100,0.0,0.0,,,-0.01,0.01858,6e-05,0.0019,-0.00101,-0.01059,1.08839
2881,2950144,73.07125,69.66667,1.0,0.99,1.014136,-0.000561,0.010864,0.000241,0.274254,3.5e-05,0.597937,69.19693,3.808978,69.309273,4.026138,4.0,1.5e-05,15,645,0.09638,0.1687,0.0,0.01,100,0.06667,0.0,,,-0.01,0.01712,0.00019,0.00302,-0.00183,-0.01017,1.08593
2882,2951168,73.0487,67.4,1.0,0.99,1.003675,-0.000366,0.011342,0.000145,0.289618,0.0,-0.373262,69.569344,3.619242,70.095963,2.251458,4.0,1.5e-05,15,648,0.09558,0.16298,0.0,0.01,100,0.13333,0.0,,,-0.01,0.02019,-0.0005,0.00238,-0.00161,-0.00871,1.08767
2883,2952192,73.14807,69.3125,1.0,0.99,1.041727,-0.000223,0.004325,0.000148,0.224806,0.0,0.19659,70.783806,2.427817,70.759445,1.812326,4.0,1.5e-05,16,642,0.09542,0.16524,0.0,0.01,100,0.0625,0.0,,,-0.01,0.01826,-0.00014,0.00349,-0.00091,-0.01182,1.14538
2884,2953216,73.24834,68.78571,1.0,0.99,1.042235,-0.000463,0.006177,0.00027,0.287704,0.0,0.58862,70.407028,2.651214,70.134094,2.986894,4.0,1.5e-05,14,639,0.09625,0.16872,0.0,0.0,100,0.07143,0.0,,,-0.01,0.01847,-0.0001,0.00363,-0.00055,-0.01279,1.00231
2885,2954240,72.98694,68.92308,1.0,1.0,1.057,-0.00043,0.011857,0.00019,0.381762,0.0,0.949489,66.282364,11.144181,65.315651,12.637531,4.0,1.5e-05,13,650,0.10364,0.17754,0.0,0.0,100,0.0,0.0,,,-0.01,0.01634,2e-05,0.0037,-0.0015,-0.01777,0.94186
2886,2955264,66.08655,78.75,0.91667,0.99,0.9873,-0.000452,0.051587,0.000236,0.343264,3.5e-05,0.920296,59.243023,17.795845,58.111385,19.742613,4.0,1.5e-05,12,674,0.10068,0.17049,0.0,0.0,100,0.33333,0.0,,,-0.01,0.01686,-7e-05,0.00384,-0.00558,-0.01855,0.86912
2887,2956288,65.36497,100.16667,0.91667,0.98,1.075204,-0.00172,0.001925,0.001249,0.361355,0.010219,0.994589,63.766521,14.377918,64.162239,14.895552,4.0,1.5e-05,12,650,0.1017,0.17369,0.01,0.0,100,0.0,0.0,,,-0.01,0.01671,-0.00036,0.00365,0.0,-0.01341,0.78548
2888,2957312,72.76128,72.86667,1.0,0.98,1.010529,-0.000469,0.01769,0.00026,0.266857,0.0,0.330732,67.614799,4.61164,68.061195,4.049772,4.0,1.5e-05,15,647,0.10287,0.1716,0.01,0.0,100,0.13333,0.0,,,-0.01,0.01816,-0.00085,0.00371,-0.00234,-0.01226,1.09472
2889,2958336,73.1874,69.85714,1.0,0.98,1.005574,-0.000539,0.002313,7.7e-05,0.286498,0.0,0.662372,69.519676,2.15543,69.78318,2.059194,4.0,1.5e-05,14,646,0.09347,0.15918,0.01,0.0,100,0.0,0.0,,,-0.01,0.02049,-0.00045,0.00237,4e-05,-0.01339,0.99902
2890,2959360,72.28866,70.88889,1.0,0.98,1.155169,-0.000807,0.018863,0.000645,0.564185,0.002616,0.942176,64.409668,12.223203,62.410488,13.774276,4.0,1.5e-05,9,669,0.11256,0.1835,0.01,0.0,100,0.0,0.0,,,-0.01,0.01453,-0.00038,0.00236,-0.00208,-0.02258,0.68148
2891,2960384,65.76409,100.09091,0.90909,0.97,1.049313,-0.0003,0.041811,0.00013,0.38796,0.0,0.941974,54.78022,18.944595,53.974739,21.145227,4.0,1.5e-05,11,665,0.09402,0.16004,0.01,0.0,100,0.18182,0.0,,,-0.01,0.01628,-0.00077,0.00349,-0.00224,-0.02165,0.75438
2892,2961408,72.62642,72.8,1.0,0.97,1.050586,-0.000884,0.004368,0.000159,0.328378,0.0,0.994619,54.052345,22.686043,54.501202,23.472935,4.0,1.5e-05,10,674,0.10003,0.17257,0.01,0.0,100,0.0,0.0,,,-0.01,0.01627,-0.00046,0.00397,-0.00113,-0.01669,0.76722
2893,2962432,65.48039,98.07692,0.92308,0.96,0.957777,-0.000801,0.002108,0.000241,0.29093,0.0,0.997758,55.900059,23.137463,56.470112,23.449821,4.0,1.5e-05,13,671,0.09369,0.16643,0.02,0.0,100,0.07692,0.0,,,-0.01,0.01636,0.0002,0.00289,-0.00026,-0.01306,0.95255
2894,2963456,61.42625,98.78571,0.85714,0.94,0.920508,-0.000374,0.05394,0.000242,0.295096,0.0,0.811752,65.205315,10.146357,64.564003,13.120857,4.0,1.5e-05,14,659,0.09654,0.1628,0.03,0.0,100,0.35714,0.0,,,-0.01,0.01882,-0.00079,0.0028,-0.00492,-0.01065,0.9224
2895,2964480,73.14079,67.26667,1.0,0.96,0.987759,-0.000755,0.00995,0.000901,0.298456,0.006662,0.753253,67.836914,3.675045,68.210335,4.863186,4.0,1.5e-05,15,649,0.09463,0.1681,0.02,0.0,100,0.0,0.0,,,-0.01,0.01917,-5e-05,0.00374,-0.00128,-0.01283,1.08328
2896,2965504,66.35022,76.72727,0.90909,0.95,0.922742,-0.000208,0.037299,3.8e-05,0.569058,0.0,0.932914,60.158119,16.241758,58.210667,18.747576,4.0,1.5e-05,11,685,0.09417,0.16344,0.02,0.0,100,0.09091,0.0,,,-0.01,0.01803,0.00049,0.00281,-0.00261,-0.01483,0.81001
2897,2966528,71.91151,88.28571,1.0,0.95,1.033816,-0.000511,0.07774,0.000196,0.465526,0.0,0.436219,63.098957,10.725141,64.489151,8.923918,4.0,1.5e-05,14,654,0.1016,0.1742,0.02,0.0,100,0.07143,0.0,,,-0.01,0.01917,-0.00028,0.00229,-0.00152,-0.01141,1.0351
2898,2967552,73.06101,71.0,1.0,0.95,1.002024,-0.000534,0.028244,0.000203,0.274312,0.000209,0.68281,66.403084,6.43399,66.872536,7.301241,4.0,1.5e-05,14,648,0.09165,0.16391,0.02,0.0,100,0.07143,0.0,,,-0.01,0.01939,-0.00013,0.00375,-0.00231,-0.01429,1.0282
2899,2968576,72.65945,72.07143,1.0,0.96,1.018841,-0.000105,0.03248,0.000175,0.308525,0.0,0.304626,67.346481,7.9219,68.48674,5.260928,4.0,1.5e-05,14,654,0.09728,0.171,0.02,0.0,100,0.07143,0.0,,,-0.01,0.01953,-0.0002,0.00352,-0.0003,-0.0121,1.02799
2900,2969600,73.03425,75.23077,1.0,0.96,1.102443,-0.000734,0.003191,0.000286,0.303467,7e-05,0.578755,70.064667,2.598087,70.293083,2.152426,4.0,1.5e-05,13,645,0.10393,0.17899,0.02,0.0,100,0.0,0.0,,,-0.01,0.018,-0.00064,0.00401,-1e-05,-0.01074,0.92539
2901,2970624,73.02083,72.33333,1.0,0.98,1.047195,-0.000497,0.005421,0.000109,0.284531,0.0,0.435377,70.532463,2.58139,70.690056,2.403044,4.0,1.5e-05,15,642,0.10592,0.18343,0.0,0.0,100,0.06667,0.0,,,-0.01,0.01906,-0.00024,0.00344,-0.0016,-0.01058,1.07231
2902,2971648,67.48633,76.21429,0.92857,0.98,1.001896,-0.000321,0.023679,0.000119,0.386785,0.0,0.911769,67.825768,9.824645,66.677582,13.115163,4.0,1.5e-05,14,662,0.10318,0.17789,0.0,0.0,100,0.07143,0.0,,,-0.01,0.0178,0.00031,0.00255,-0.00152,-0.01197,0.99846
2903,2972672,73.03873,70.41667,1.0,0.98,0.868756,-0.000738,0.047064,0.000343,0.326867,0.001221,0.917146,61.386528,16.914253,60.488949,18.421471,4.0,1.5e-05,12,677,0.09535,0.1688,0.0,0.0,100,0.08333,0.0,,,-0.01,0.02061,-0.00041,0.00386,-0.00559,-0.01166,0.99504
2904,2973696,62.11935,83.0,0.85714,0.97,0.977131,-0.000504,0.010466,0.000451,0.279222,0.00129,0.973255,64.503067,13.77452,64.513107,15.821131,4.0,1.5e-05,14,660,0.09801,0.17284,0.0,0.0,100,0.14286,0.0,,,-0.01,0.0183,-1e-05,0.00363,-0.00072,-0.01137,0.90261
2905,2974720,73.06892,71.35714,1.0,0.97,1.079611,-0.00075,0.002846,0.000613,0.328765,0.001604,0.721521,68.42675,2.297139,68.906906,2.426383,4.0,1.5e-05,14,646,0.09766,0.1716,0.0,0.0,100,0.0,0.0,,,-0.01,0.01816,-9e-05,0.00112,-1e-05,-0.01094,0.99834
2906,2975744,72.81716,71.0,1.0,0.97,1.09666,-0.000147,0.003095,0.000263,0.280063,0.0,0.650968,69.065277,2.403632,69.518394,2.289171,4.0,1.5e-05,15,644,0.10509,0.17934,0.0,0.0,100,0.06667,0.0,,,-0.01,0.0177,-0.00068,0.00338,-0.0005,-0.01089,1.07027
2907,2976768,73.32735,69.85714,1.0,0.97,1.080741,-0.001425,0.003277,0.001059,0.387046,0.006941,0.634228,69.665596,2.22338,69.852127,2.306514,4.0,1.5e-05,14,648,0.09654,0.17355,0.0,0.0,100,0.0,0.0,,,-0.01,0.01991,-0.00017,0.00388,-1e-05,-0.01014,0.99902
2908,2977792,73.228,69.07692,1.0,0.97,1.132331,-0.000441,0.008293,0.000174,0.392218,0.0,0.953978,66.69072,10.024435,66.237404,11.482236,4.0,1.5e-05,13,649,0.10449,0.17913,0.0,0.0,100,0.0,0.0,,,-0.01,0.01825,-0.0001,0.00377,0.0,-0.01495,0.92799
2909,2978816,73.018,72.69231,1.0,0.97,1.155067,-0.0004,0.006296,0.000145,0.294004,0.0,0.986164,63.220341,15.718015,63.164021,16.316534,4.0,1.5e-05,13,648,0.10816,0.18236,0.0,0.0,100,0.0,0.0,,,-0.01,0.01778,-0.00038,0.00356,-0.00034,-0.01553,0.92802
2910,2979840,66.18929,100.53846,0.92308,0.97,1.1542,-0.000799,0.027387,0.000427,0.290928,0.0015,0.941606,61.712185,16.716326,61.772854,16.815836,4.0,1.5e-05,13,649,0.10741,0.18455,0.01,0.0,100,0.15385,0.0,,,-0.01,0.01488,-0.00013,0.00336,0.00011,-0.01879,0.87611
2911,2980864,72.78377,77.55556,1.0,0.98,1.134805,-0.000883,0.017617,0.000449,0.453677,0.001081,0.949957,64.073837,13.194554,63.023994,14.693538,4.0,1.5e-05,9,652,0.0964,0.16964,0.01,0.0,100,0.0,0.0,,,-0.01,0.01651,-0.00047,0.00373,-1e-05,-0.01848,0.63997
2912,2981888,72.79631,80.30769,1.0,0.99,1.142677,-0.000833,0.017447,0.000706,0.446667,0.000419,0.963067,60.650761,17.254063,61.42627,17.79586,4.0,1.5e-05,13,645,0.10003,0.17508,0.01,0.0,100,0.0,0.0,,,-0.01,0.01704,-0.00036,0.00396,0.0,-0.01871,0.92324
2913,2982912,65.69157,95.14286,0.92857,0.98,1.077646,-0.000166,0.011613,9.3e-05,0.228786,0.0,0.973846,64.151924,16.373058,64.345009,16.740128,4.0,1.5e-05,14,647,0.09692,0.17611,0.02,0.0,100,0.07143,0.0,,,-0.01,0.01804,-0.00042,0.00381,-0.00146,-0.01751,0.93622
2914,2983936,72.74392,77.76923,1.0,0.98,1.125023,-0.000172,0.017533,4.7e-05,0.323915,0.0,0.775716,68.28566,6.023936,67.886589,6.814142,4.0,1.5e-05,13,646,0.10505,0.18541,0.02,0.0,100,0.0,0.0,,,-0.01,0.01572,-0.00014,0.00355,-1e-05,-0.01553,0.92432
2915,2984960,72.63791,70.92857,1.0,0.98,1.032497,-0.000485,0.024261,6.8e-05,0.310422,0.0,0.423169,68.553429,5.85547,68.864746,5.031167,4.0,1.5e-05,14,651,0.08973,0.15861,0.02,0.0,100,0.0,0.0,,,-0.01,0.01861,0.00025,0.00229,-0.00152,-0.01016,1.00824
2916,2985984,72.74607,76.0,1.0,0.98,1.001535,-0.000205,0.04117,6.7e-05,0.286579,0.0,0.904133,62.833599,15.482444,62.582336,15.996011,4.0,1.5e-05,11,671,0.10137,0.17572,0.02,0.0,100,0.09091,0.0,,,-0.01,0.01718,-0.00012,0.00269,-0.00042,-0.00882,0.8514
2917,2987008,73.45716,67.33333,1.0,0.98,1.026823,-0.001177,0.011168,0.000486,0.467577,0.002058,0.978639,60.759857,19.40004,60.067749,20.25897,4.0,1.5e-05,12,663,0.09921,0.17455,0.02,0.0,100,0.0,0.0,,,-0.01,0.01768,-0.00095,0.00389,-0.00103,-0.01548,0.91676
2918,2988032,66.50812,106.81818,0.90909,0.98,1.057045,-0.000626,0.02348,0.000946,0.274378,0.004604,0.973281,54.880341,22.345388,55.171562,22.893446,4.0,1.5e-05,11,680,0.10545,0.18332,0.02,0.0,100,0.18182,0.0,,,-0.01,0.0177,-0.00109,0.00384,-0.00102,-0.0154,0.8053
2919,2989056,73.05375,75.66667,1.0,0.98,1.208231,-0.000583,0.005622,0.000141,0.333499,0.0,0.98915,62.363823,17.752762,62.347492,18.148834,4.0,1.5e-05,12,645,0.10379,0.18178,0.02,0.0,100,0.0,0.0,,,-0.01,0.01785,-0.00106,0.00354,0.0,-0.016,0.85404
2920,2990080,66.6302,95.33333,0.93333,0.97,1.073929,-0.001456,0.000944,0.001643,0.320408,0.010324,0.98827,69.069214,6.642139,69.432907,6.692904,4.0,1.5e-05,15,645,0.09654,0.17271,0.03,0.0,100,0.0,0.0,,,-0.01,0.01964,-0.00044,0.00366,-1e-05,-0.01196,0.99896
2921,2991104,73.21617,69.46154,1.0,0.98,1.048542,-0.001453,0.004066,0.000949,0.30758,0.004708,0.653076,70.039185,2.349565,69.998032,2.62966,4.0,1.5e-05,13,647,0.09877,0.17815,0.02,0.0,100,0.0,0.0,,,-0.01,0.01859,0.00015,0.00242,0.0,-0.01164,0.92783
2922,2992128,73.40157,67.14286,1.0,0.98,1.061943,-0.001186,0.009194,0.001181,0.401296,0.006592,0.957804,66.510597,11.121871,65.99382,12.901996,4.0,1.5e-05,14,647,0.09598,0.1716,0.02,0.0,100,0.0,0.0,,,-0.01,0.01753,-0.00011,0.00266,0.0,-0.01648,1.00026
2923,2993152,73.04866,67.08333,1.0,0.98,1.04456,-0.000345,0.044261,0.000198,0.277221,0.0,0.927121,60.00378,18.321918,59.560547,18.967506,4.0,1.5e-05,12,656,0.09777,0.17328,0.02,0.0,100,0.08333,0.0,,,-0.01,0.01675,0.00011,0.00296,-0.00309,-0.01501,0.90632
2924,2994176,60.41236,103.64286,0.85714,0.96,1.040158,-0.000458,0.035902,0.000197,0.270544,0.0,0.952189,59.096947,19.833557,58.83271,21.21451,4.0,1.5e-05,14,652,0.1012,0.17542,0.03,0.0,100,0.14286,1.0,,,-0.01,0.01575,-0.00042,0.00081,-0.00249,-0.01616,0.89798
2925,2995200,72.77097,72.21429,1.0,0.96,1.029054,-0.000757,0.007426,0.000367,0.321824,0.001081,0.503687,68.299126,2.913616,68.580658,3.03602,4.0,1.5e-05,14,634,0.10059,0.17997,0.03,0.0,100,0.0,0.0,,,-0.01,0.01805,3e-05,0.00282,0.0,-0.0142,0.99795
2926,2996224,73.18199,66.76923,1.0,0.97,0.967511,-0.000336,0.017041,0.000136,0.357725,0.0,0.953868,64.863602,13.614166,64.413551,15.278217,4.0,1.5e-05,13,654,0.09976,0.17697,0.02,0.0,100,0.0,0.0,,,-0.01,0.01908,-0.0001,0.00385,-0.00202,-0.01113,0.99445
2927,2997248,67.58555,75.78571,0.92857,0.97,1.000482,-0.000148,0.0122,0.000196,0.206124,0.0,0.908831,67.158485,7.37568,67.17952,8.893606,4.0,1.5e-05,14,642,0.09117,0.16473,0.01,0.0,100,0.07143,0.0,,,-0.01,0.01859,-8e-05,0.00384,-0.00114,-0.0123,0.94288
2928,2998272,72.99443,67.5,1.0,0.97,1.02012,-0.000876,0.006648,0.000424,0.296714,0.000419,0.442665,68.356773,2.767057,68.881416,2.685451,4.0,1.5e-05,16,639,0.09486,0.16848,0.01,0.0,100,0.0625,0.0,,,-0.01,0.01756,3e-05,0.00353,0.0,-0.01361,1.14457
2929,2999296,73.06708,68.0,1.0,0.97,1.008456,-0.000275,0.009924,0.000159,0.284651,0.0,0.424684,68.884621,3.306134,69.060051,3.264181,4.0,1.5e-05,16,638,0.09841,0.17858,0.01,0.0,100,0.0625,0.0,,,-0.01,0.01936,0.00028,0.00387,-0.00125,-0.01535,1.14993
2930,3000320,72.68586,72.06667,1.0,0.97,1.061769,-0.000255,0.007096,8.9e-05,0.263011,0.0,0.193862,69.278397,3.042316,69.655922,2.352,4.0,1.5e-05,15,642,0.09969,0.17709,0.01,0.0,100,0.06667,0.0,,,-0.01,0.01791,-7e-05,0.00396,-0.00048,-0.01317,1.0747
