iteration,env_steps,ep_return,ep_length,success_rate,success_rate_rolling,entropy,policy_loss,value_loss,approx_kl,grad_norm,clipfrac,explained_variance,value_mean,value_std,return_mean,return_std,epochs_used,lr,n_episodes,sps,tx_per_agent_step,messages_per_agent_step,timeout_rate_rolling,human_death_rate,false_complete_rate,cover_under_threat,objective_dist_under_threat,comp_time,comp_compliance,comp_report,comp_command,comp_combat,comp_terminal
1,1024,nan,nan,0.0,0.0,2.262142,-0.008913,0.332939,0.009003,0.73704,0.120745,-0.113337,0.265397,0.224637,-0.304716,0.996291,4.0,0.0003,0,780,0.26981,0.34347,0.0,0.0,0.0,,,-0.01,0.00396,-0.00936,-0.02063,0.0,0.0
2,2048,nan,nan,0.0,0.0,2.225608,-0.005219,0.117474,0.002882,0.659209,0.026993,0.612629,-0.250409,0.765396,-0.800974,1.739071,4.0,0.00029985,0,806,0.22965,0.30271,0.0,0.0,0.0,,,-0.01,0.00469,-0.01029,-0.01813,-0.00073,0.0
3,3072,-12.7046,375.0,0.0,0.0,2.177789,-0.041591,0.078474,0.00578,1.004213,0.070493,0.844271,-0.780217,1.72925,-1.270584,2.343591,4.0,0.00029969,8,852,0.19535,0.27268,1.0,0.0,1.0,,,-0.01,0.00537,-0.00689,-0.01486,-0.00844,0.0
4,4096,nan,nan,0.0,0.0,2.215144,-0.004697,0.052753,0.006363,0.487409,0.089848,0.877939,-1.443796,2.096432,-1.915591,2.920517,4.0,0.00029954,0,801,0.24696,0.31926,1.0,0.0,0.0,,,-0.01,0.00849,-0.00694,-0.01956,-0.00453,0.0
5,5120,-6.93777,209.85714,0.0,0.0,2.126377,-0.092381,0.110922,0.005936,1.731815,0.070501,0.885851,-2.192041,3.042582,-2.567244,3.280741,4.0,0.00029939,7,1069,0.23033,0.30371,0.53333,1.0,1.0,,,-0.01,0.00833,-0.00804,-0.01636,-0.01889,-0.00297
6,6144,-2.83146,191.75,0.5,0.10526,2.113626,-0.001146,0.804695,0.004257,0.691703,0.032122,0.367416,-2.113398,2.996196,-2.124505,4.607003,4.0,0.00029923,4,1043,0.21709,0.29058,0.42105,1.0,0.95238,,,-0.01,0.01089,-0.00451,-0.01365,-0.02073,0.01346
7,7168,-3.04021,174.5,0.16667,0.12,2.135855,0.007072,0.397652,0.006166,0.650622,0.10314,0.477206,-2.113434,2.537956,-2.159503,4.385594,3.0,0.00029908,6,1010,0.2419,0.31124,0.32,1.0,1.0,,,-0.01,0.00918,-0.00673,-0.01499,-0.00798,0.01074
8,8192,-5.41234,185.0,0.0,0.09091,2.061299,-0.006399,0.072288,0.006684,0.521389,0.113421,0.856203,-2.017997,3.254406,-2.235655,3.312342,4.0,0.00029892,8,979,0.22625,0.29863,0.27273,1.0,1.0,,,-0.01,0.01125,-0.00549,-0.01607,-0.02097,-0.00255
9,9216,-4.55112,140.71429,0.0,0.075,2.080616,-0.058004,0.054774,0.004913,1.757563,0.067668,0.87405,-2.084909,3.013607,-2.275649,2.992198,3.0,0.00029877,7,1018,0.22514,0.28799,0.225,1.0,1.0,,,-0.01,0.00953,-0.00482,-0.01509,-0.02129,-0.00263
10,10240,-2.14829,120.55556,0.11111,0.08163,2.062705,0.03053,0.715384,0.003404,0.805961,0.023723,0.197103,-2.079521,2.751275,-1.793209,5.060614,4.0,0.00029862,9,873,0.20642,0.27393,0.18367,0.88889,0.98,,,-0.01,0.00897,-0.00269,-0.01573,-0.02094,0.02175
11,11264,-3.77813,126.83333,0.16667,0.09091,2.003514,-0.005141,0.040037,0.006875,0.379234,0.065953,0.802598,-2.1094,2.224694,-2.177076,2.195384,4.0,0.00029846,6,1024,0.21817,0.28443,0.16364,1.0,1.0,,,-0.01,0.01191,-0.00307,-0.01273,-0.02365,-0.002
12,12288,-0.68756,124.9,0.1,0.09231,2.045961,0.033535,0.911058,0.008154,1.292181,0.170123,0.158845,-2.365763,2.153105,-1.766101,5.836763,4.0,0.00029831,10,955,0.23492,0.30408,0.13846,0.9,1.0,,,-0.01,0.01423,-0.00277,-0.0152,-0.02253,0.03554
13,13312,2.80364,111.77778,0.44444,0.13514,1.953548,0.031233,1.222665,0.009227,1.785707,0.135489,0.137244,-2.359352,2.441745,-0.933694,7.438343,4.0,0.00029816,9,954,0.23542,0.31053,0.12162,0.88889,1.0,,,-0.01,0.01671,-0.00301,-0.01377,-0.0194,0.06326
14,14336,6.18318,88.85714,0.28571,0.14815,1.961416,-0.210146,2.997089,0.005302,3.216513,0.046415,0.205875,0.041827,3.01666,1.039509,8.251748,4.0,0.000298,7,940,0.25434,0.31973,0.11111,0.85714,1.0,,,-0.01,0.01518,-0.0025,-0.01267,-0.02591,0.07792
15,15360,-3.34963,119.8,0.0,0.13187,1.867014,-0.004645,0.140743,0.005205,0.549332,0.061527,0.24472,1.03157,3.856061,0.562286,3.2016,4.0,0.00029785,10,936,0.27515,0.34704,0.0989,1.0,1.0,,,-0.01,0.01427,-0.00212,-0.01534,-0.02193,-0.00371
16,16384,-1.39894,119.11111,0.11111,0.13,2.013297,0.084235,0.41586,0.006313,1.423714,0.050546,0.190569,0.816957,2.542207,0.634161,4.992827,4.0,0.0002977,9,961,0.24627,0.30633,0.1,0.77778,1.0,,,-0.01,0.01569,-0.00327,-0.01672,-0.02026,0.02372
17,17408,-3.40199,121.66667,0.0,0.13,2.023959,-0.002494,0.067577,0.003924,1.079676,0.026257,0.585082,1.588187,2.201815,0.638865,2.26101,4.0,0.00029754,9,971,0.25254,0.31965,0.03,0.88889,1.0,,,-0.01,0.01579,-0.00253,-0.01239,-0.0276,-0.00296
18,18432,-0.02708,100.11111,0.11111,0.13,1.963168,0.035174,0.517142,0.00268,0.815735,0.014018,0.060135,1.157124,1.852857,1.023744,5.473243,4.0,0.00029739,9,964,0.2324,0.29454,0.03,1.0,1.0,,,-0.01,0.01475,-0.00099,-0.01369,-0.02572,0.03587
19,19456,-3.23562,126.54545,0.0,0.11,1.930374,0.037731,0.046029,0.003585,2.025777,0.020059,0.677891,1.403338,1.871653,0.485379,2.070732,4.0,0.00029724,11,934,0.24735,0.31083,0.04,0.90909,1.0,,,-0.01,0.01599,-0.00114,-0.01265,-0.02524,-0.00402
20,20480,-3.04214,94.77778,0.0,0.11,2.0198,-0.004476,0.048267,0.006913,1.055336,0.066952,0.719935,1.242578,2.123778,0.221965,2.183949,4.0,0.00029708,9,935,0.24377,0.31677,0.03,1.0,1.0,,,-0.01,0.0157,-0.00196,-0.01439,-0.02727,-0.00321
21,21504,-3.34064,98.28571,0.0,0.11,2.08514,0.032439,0.036713,0.00427,1.642878,0.045105,0.71618,0.088443,1.910943,-0.691368,1.945803,4.0,0.00029693,7,970,0.27011,0.32807,0.03,1.0,1.0,,,-0.01,0.01401,-0.00274,-0.01441,-0.02289,-0.0026
22,22528,-4.21661,157.0,0.0,0.09,2.133708,-0.005328,0.020463,0.006393,0.590469,0.087623,0.815206,-0.574261,1.650664,-1.060744,1.860646,4.0,0.00029677,7,1008,0.23888,0.29732,0.04,1.0,1.0,,,-0.01,0.01201,-0.00152,-0.01635,-0.01588,-0.00226
23,23552,-4.27036,165.625,0.0,0.08,2.106894,0.036941,0.022357,0.00739,1.039373,0.102263,0.793801,-1.12512,1.898444,-1.597265,1.96892,4.0,0.00029662,8,942,0.23591,0.29569,0.05,1.0,1.0,,,-0.01,0.00976,-0.00245,-0.01441,-0.01961,-0.00287
24,24576,-4.60133,146.16667,0.0,0.08,2.093205,0.01593,0.01882,0.00621,0.968118,0.076761,0.728239,-1.516962,1.695846,-1.87538,1.661473,4.0,0.00029647,6,907,0.21432,0.28313,0.05,1.0,1.0,,,-0.01,0.00986,-0.00241,-0.0125,-0.02165,-0.00211
25,25600,-5.20369,195.5,0.0,0.05,2.076763,0.010021,0.019604,0.006045,1.239962,0.092208,0.805053,-1.338958,1.687907,-1.720546,1.901332,4.0,0.00029631,4,987,0.25077,0.30954,0.05,1.0,1.0,,,-0.01,0.00778,-0.00175,-0.01554,-0.01303,-0.00144
26,26624,-5.81664,195.75,0.0,0.04,2.056688,-0.006424,0.022602,0.004741,0.424093,0.061641,0.772883,-1.798124,1.724335,-2.181711,1.765738,4.0,0.00029616,4,989,0.25724,0.31476,0.05,1.0,1.0,,,-0.01,0.00662,-0.00236,-0.01359,-0.01579,-0.00145
27,27648,-5.90623,232.83333,0.0,0.02,2.028565,-0.00553,0.018317,0.005237,0.42891,0.06362,0.79662,-2.046206,1.597807,-2.357538,1.683921,4.0,0.00029601,6,1090,0.25273,0.30374,0.05,1.0,1.0,,,-0.01,0.00711,-0.00243,-0.01477,-0.01466,-0.00234
28,28672,-5.68514,208.66667,0.0,0.02,2.015181,-0.006419,0.018886,0.006801,0.371951,0.077641,0.703071,-2.403883,1.400391,-2.711695,1.447211,4.0,0.00029585,3,986,0.2395,0.28596,0.05,1.0,1.0,,,-0.01,0.00781,-0.00227,-0.01586,-0.01145,-0.00103
29,29696,-6.6949,234.33333,0.0,0.02,1.93193,0.114711,0.024462,0.006343,1.338335,0.07285,0.602802,-2.693649,1.347719,-2.938709,1.356378,1.0,0.0002957,3,1314,0.22092,0.26595,0.05,1.0,1.0,,,-0.01,0.00956,-0.00267,-0.01557,-0.0195,-0.00132
30,30720,-5.96265,275.83333,0.0,0.02,1.856919,-0.062475,0.019971,0.008702,2.309484,0.139048,0.724398,-3.378427,1.365687,-3.478128,1.453355,4.0,0.00029555,6,1143,0.21419,0.25119,0.06,1.0,1.0,,,-0.01,0.00977,-0.0011,-0.01495,-0.01493,-0.00216
31,31744,-5.00599,195.57143,0.14286,0.02,1.892203,0.010554,0.021902,0.003858,1.931072,0.057015,0.721078,-3.355383,1.179827,-3.37736,1.358815,4.0,0.00029539,7,1031,0.1927,0.23299,0.06,1.0,1.0,,,-0.01,0.01249,-0.00175,-0.01572,-0.0176,-0.0019
32,32768,-3.7833,140.6,0.0,0.02,1.793532,-0.00736,0.015672,0.007405,0.350892,0.101611,0.700376,-3.538146,1.202745,-3.455302,1.292497,4.0,0.00029524,5,1064,0.19769,0.23626,0.05,1.0,1.0,,,-0.01,0.01151,-0.00179,-0.01127,-0.02186,-0.00193
33,33792,-3.75523,129.5,0.0,0.02,1.715757,0.020841,0.017704,0.008753,1.334517,0.112229,0.733994,-3.54742,1.17437,-3.510482,1.450351,4.0,0.00029508,6,1065,0.19516,0.2207,0.05,1.0,0.0,,,-0.01,0.01154,-0.00183,-0.01403,-0.01867,-0.00232
34,34816,-4.49826,163.4,0.0,0.01,1.771175,-0.181415,0.021327,0.007176,2.3934,0.090483,0.780572,-3.773621,1.262704,-3.659523,1.358572,2.0,0.00029493,10,1088,0.17132,0.21161,0.07,0.9,1.0,,,-0.01,0.01093,-0.00124,-0.01524,-0.02807,-0.00296
35,35840,-3.15589,107.63636,0.09091,0.02,1.578251,-0.001808,0.358997,0.004685,0.488274,0.055488,0.111365,-3.072548,1.19817,-2.789292,3.489094,4.0,0.00029478,11,1012,0.15057,0.18709,0.06,0.90909,1.0,,,-0.01,0.0115,-0.0004,-0.01759,-0.03174,0.00955
36,36864,-3.68397,85.11111,0.11111,0.03,1.622835,0.12982,0.035341,0.007058,2.306601,0.088537,0.538876,-3.022283,1.492734,-2.985934,1.387484,4.0,0.00029462,9,962,0.14431,0.17389,0.06,1.0,0.0,,,-0.01,0.00801,-0.00058,-0.01635,-0.02837,-0.00272
37,37888,0.1786,86.5,0.125,0.04,1.533036,-0.024939,1.029913,0.00485,1.490578,0.062374,0.091044,-2.915787,1.482406,-2.231733,5.696569,4.0,0.00029447,8,1008,0.1536,0.17811,0.05,0.875,0.0,,,-0.01,0.00728,-0.0012,-0.01558,-0.02333,0.03651
38,38912,-4.18192,124.55556,0.0,0.04,1.419622,-0.065122,0.028911,0.006682,1.245167,0.067602,0.422705,-2.144194,1.802659,-2.245209,1.454869,4.0,0.00029432,9,1156,0.13873,0.16295,0.05,0.88889,1.0,,,-0.01,0.00896,-0.00026,-0.01318,-0.02406,-0.0034
39,39936,-3.89995,141.8,0.0,0.04,1.389887,-0.004983,0.017214,0.006348,0.404168,0.072004,0.313814,-1.514247,1.005498,-1.863832,0.917261,4.0,0.00029416,10,1104,0.13055,0.16174,0.07,0.9,1.0,,,-0.01,0.00768,-0.0003,-0.01435,-0.03052,-0.00331
40,40960,-3.69627,79.77778,0.0,0.04,1.448149,-0.003043,0.016006,0.002305,0.425826,0.032514,0.458704,-1.953474,0.711368,-2.296359,0.885856,4.0,0.00029401,9,1045,0.12298,0.15979,0.07,1.0,0.0,,,-0.01,0.00826,-0.00062,-0.01642,-0.03291,-0.00364
41,41984,-3.69976,115.125,0.0,0.04,1.376318,-0.003372,0.017871,0.003594,0.358184,0.053325,0.447962,-2.483952,0.803857,-2.649471,0.935331,4.0,0.00029386,8,1186,0.12716,0.1617,0.08,1.0,1.0,,,-0.01,0.00871,0.0004,-0.01485,-0.02967,-0.00302
42,43008,-3.59594,125.54545,0.09091,0.05,1.350503,-0.083008,0.020409,0.005586,1.297104,0.088929,0.51697,-2.685983,0.742778,-2.72744,1.00295,4.0,0.0002937,11,1174,0.11957,0.15094,0.07,0.90909,1.0,,,-0.01,0.01075,0.00015,-0.01383,-0.03503,-0.00409
43,44032,-2.51857,76.15385,0.15385,0.06,1.28417,0.014503,0.148275,0.00609,0.758756,0.098058,0.141587,-2.736862,0.847427,-2.77893,2.266092,4.0,0.00029355,13,979,0.10541,0.1488,0.07,1.0,0.0,,,-0.01,0.01041,0.00061,-0.01803,-0.03803,0.00885
44,45056,-0.88181,66.71429,0.21429,0.09,1.363746,-0.00247,1.204692,0.002871,0.76805,0.022056,0.05279,-2.876607,0.837174,-2.037167,5.827956,4.0,0.0002934,14,1030,0.10021,0.14098,0.05,0.92857,0.0,,,-0.01,0.01281,0.00104,-0.01715,-0.04008,0.03804
45,46080,2.07352,82.5,0.3125,0.12,1.252309,0.023244,1.80458,0.004809,1.304384,0.035651,0.057915,-1.921353,1.691082,-0.405673,8.198799,4.0,0.00029324,16,939,0.08715,0.1298,0.06,0.875,0.0,,,-0.01,0.01494,-0.00045,-0.01723,-0.03941,0.10367
46,47104,2.1125,67.0,0.42857,0.17,1.306809,-0.002351,1.764082,0.002374,0.894712,0.022419,0.105756,0.028952,2.84947,0.784169,7.787054,4.0,0.00029309,14,947,0.11291,0.15871,0.05,0.85714,1.0,,,-0.01,0.01324,-0.00171,-0.01772,-0.03721,0.08674
47,48128,9.85269,67.53846,0.46154,0.23,1.24686,-0.003275,3.614468,0.003988,2.04775,0.0625,0.127441,1.469099,2.299486,4.634421,12.656356,4.0,0.00029293,13,1048,0.10862,0.15835,0.04,0.92308,1.0,,,-0.01,0.01347,-0.00063,-0.01628,-0.03809,0.22431
48,49152,-0.57685,71.30769,0.15385,0.25,1.246084,-0.003102,1.057716,0.0024,0.850237,0.033583,0.014887,3.437639,4.603489,3.018866,6.698346,4.0,0.00029278,13,1050,0.10457,0.15173,0.03,1.0,0.66667,,,-0.01,0.01447,0.00058,-0.01553,-0.04124,0.03995
49,50176,-2.42163,86.84615,0.07692,0.25,1.207904,-0.004082,0.358646,0.005616,0.716786,0.08765,-0.104717,3.005216,2.310619,2.004844,3.783165,4.0,0.00029263,13,996,0.12875,0.16967,0.02,1.0,1.0,,,-0.01,0.01342,-0.00145,-0.01566,-0.03671,0.00884
50,51200,-3.27189,89.57143,0.0,0.24,1.271299,0.031767,0.055895,0.003338,1.550072,0.043384,-0.344489,2.007649,0.950613,0.567163,1.34053,4.0,0.00029247,14,1018,0.11952,0.16974,0.01,1.0,0.0,,,-0.01,0.01039,-0.00147,-0.0136,-0.0405,-0.00593
51,52224,-2.1815,61.88889,0.11111,0.23,1.306334,-0.00158,0.289262,0.001624,0.615555,0.012829,0.066537,0.412379,0.803803,-0.329827,3.465867,4.0,0.00029232,9,1006,0.16534,0.20833,0.01,1.0,1.0,,,-0.01,0.00873,-0.00244,-0.01729,-0.03135,0.01107
52,53248,-4.03056,105.33333,0.0,0.21,1.430745,-0.003381,0.016611,0.004447,0.555418,0.043787,0.608867,-0.370046,0.949798,-0.927373,1.251761,4.0,0.00029217,3,1273,0.22351,0.24821,0.01,1.0,1.0,,,-0.01,0.00514,-0.00293,-0.0135,-0.01497,-0.00148
53,54272,-4.36246,175.66667,0.0,0.2,1.431646,0.097246,0.017013,0.005543,1.006103,0.107626,0.574078,-1.328708,1.094265,-1.816168,1.219412,3.0,0.00029201,9,1145,0.1743,0.20771,0.03,0.77778,1.0,,,-0.01,0.00852,-0.00185,-0.01353,-0.02509,-0.003
54,55296,-0.09216,121.81818,0.18182,0.18,1.277525,-0.002911,1.016568,0.002508,0.7448,0.040765,0.018034,-2.123103,1.002164,-1.340512,6.453133,4.0,0.00029186,11,1017,0.13582,0.16959,0.04,0.63636,1.0,,,-0.01,0.01104,-0.0009,-0.01743,-0.02743,0.05154
55,56320,-2.48015,86.86667,0.26667,0.16,1.349133,-0.000967,0.296537,0.002794,0.338594,0.036634,0.045765,-1.533151,1.38861,-1.726533,3.443201,4.0,0.00029171,15,1023,0.11148,0.15908,0.04,1.0,1.0,,,-0.01,0.01332,0.00016,-0.01771,-0.04122,0.01044
56,57344,5.72189,66.0,0.45455,0.15,1.352933,-0.00408,2.118055,0.003652,1.762716,0.054575,0.05064,-1.90738,1.115969,0.275531,9.508718,4.0,0.00029155,11,993,0.13752,0.18015,0.04,0.72727,0.0,,,-0.01,0.01444,0.00019,-0.01663,-0.03139,0.1201
57,58368,-2.86215,64.36364,0.27273,0.17,1.341186,-0.002071,0.06778,0.002372,0.863829,0.024633,-0.606293,1.028638,1.539547,0.105059,1.285768,4.0,0.0002914,11,1142,0.12165,0.16746,0.04,1.0,1.0,,,-0.01,0.01587,0.00031,-0.0153,-0.03981,-0.00346
58,59392,-3.24227,129.0,0.1,0.16,1.295418,0.018539,0.022193,0.005115,0.812914,0.064222,0.037209,0.394426,0.951834,-0.289987,1.070784,3.0,0.00029124,10,1063,0.15557,0.18652,0.06,0.9,1.0,,,-0.01,0.01312,-0.00055,-0.01562,-0.03164,-0.00285
59,60416,-1.21406,86.81818,0.18182,0.18,1.245175,-0.104899,0.958834,0.004768,1.527262,0.108208,0.071505,-0.019469,0.732774,-0.12959,5.037077,4.0,0.00029109,11,1156,0.14476,0.18311,0.06,0.90909,0.0,,,-0.01,0.01171,-0.00067,-0.01379,-0.03407,0.02807
60,61440,1.5278,63.57143,0.28571,0.2,1.101368,-0.038301,1.001229,0.00423,1.971482,0.090754,0.056628,-0.207004,1.27009,0.130692,6.482602,2.0,0.00029094,7,1333,0.15142,0.19309,0.06,0.85714,0.0,,,-0.01,0.01218,-0.00075,-0.01608,-0.03254,0.05157
61,62464,-2.86661,133.90909,0.09091,0.2,1.062027,0.014321,0.268206,0.003722,0.673438,0.079275,-0.028554,0.294074,1.594663,-0.082973,3.648693,4.0,0.00029078,11,1091,0.09711,0.13854,0.08,1.0,1.0,,,-0.01,0.00988,0.00055,-0.01468,-0.03776,0.01225
62,63488,-2.38045,91.375,0.1875,0.23,1.087594,0.082848,0.222999,0.004668,1.161962,0.08146,0.008989,-0.269198,1.149195,-0.47768,3.322615,4.0,0.00029063,16,967,0.09577,0.13772,0.06,1.0,1.0,,,-0.01,0.01062,0.00041,-0.01493,-0.03698,0.00873
63,64512,-1.01024,77.11111,0.22222,0.23,1.134001,-0.019001,0.266964,0.005813,0.634697,0.05905,0.065854,-0.359386,0.737334,-0.858259,3.634685,3.0,0.00029048,9,1218,0.14251,0.18891,0.05,1.0,0.0,,,-0.01,0.00933,-0.00088,-0.01551,-0.03785,0.02902
64,65536,-3.66817,95.5,0.0,0.2,1.138761,-0.002299,0.018037,0.001913,0.537344,0.017735,0.078268,-0.633533,0.670718,-1.241612,0.84166,4.0,0.00029032,8,1362,0.1134,0.15269,0.05,1.0,1.0,,,-0.01,0.0107,-0.00016,-0.01502,-0.0353,-0.00422
65,66560,-0.06464,117.0,0.23077,0.18,1.110632,0.020532,0.870258,0.007132,0.768328,0.087626,0.01651,-1.253682,0.633634,-0.676089,6.310501,2.0,0.00029017,13,1228,0.08986,0.12492,0.05,0.92308,1.0,,,-0.01,0.0137,0.00058,-0.01369,-0.03611,0.05964
66,67584,-2.27215,86.07143,0.14286,0.16,1.427696,-0.001944,0.263893,0.011189,0.419964,0.171968,-0.000676,-0.502994,0.645163,-0.807444,3.289347,4.0,0.00029002,14,944,0.12966,0.16772,0.05,0.92857,0.0,,,-0.01,0.01349,0.00058,-0.01543,-0.03521,0.00914
67,68608,3.02305,78.72727,0.45455,0.2,1.468074,0.032224,1.117404,0.005093,0.893169,0.070814,0.023512,-0.628599,0.676809,0.240406,7.675545,4.0,0.00028986,11,996,0.14233,0.18025,0.03,0.81818,0.0,,,-0.01,0.01576,0.00032,-0.01546,-0.03457,0.08345
68,69632,-3.18112,77.0,0.11111,0.19,1.443824,-0.004285,0.035483,0.00265,0.598157,0.029342,-0.651545,-0.020559,1.125686,-0.686241,0.876397,4.0,0.00028971,9,988,0.17166,0.20145,0.03,1.0,1.0,,,-0.01,0.01047,-0.00135,-0.016,-0.02603,-0.00291
69,70656,5.30814,108.58333,0.33333,0.21,1.445327,-0.003337,2.161149,0.00268,1.609156,0.028612,0.0801,-0.426075,1.111724,1.558039,10.036,4.0,0.00028956,12,1025,0.16746,0.19787,0.03,0.75,1.0,,,-0.01,0.01212,-0.00065,-0.01582,-0.02807,0.13561
70,71680,-1.43656,105.6,0.1,0.21,1.337839,-0.028017,0.372488,0.00682,0.875218,0.086703,-0.024484,2.376574,1.31448,1.702395,4.359765,3.0,0.0002894,10,962,0.14229,0.17644,0.03,0.9,1.0,,,-0.01,0.01439,0.00022,-0.01557,-0.02898,0.02234
71,72704,1.92304,84.90909,0.36364,0.24,1.404613,-0.066407,1.790198,0.004925,2.061228,0.052053,0.123887,2.486418,2.035254,2.568509,7.530941,4.0,0.00028925,11,934,0.14441,0.18174,0.02,0.90909,1.0,,,-0.01,0.01529,-0.00027,-0.01549,-0.03478,0.07102
72,73728,-0.07037,84.0,0.18182,0.22,1.3363,-0.002058,0.704018,0.001432,0.517865,0.011187,0.087593,2.802827,2.161092,2.465444,5.951907,4.0,0.00028909,11,1016,0.15274,0.18636,0.02,0.90909,1.0,,,-0.01,0.01699,0.00014,-0.01549,-0.02941,0.0394
73,74752,-1.04909,96.2,0.13333,0.22,1.357677,-0.01075,0.483234,0.006614,0.921451,0.086728,-0.089629,2.214354,2.110619,1.51205,5.059628,2.0,0.00028894,15,1079,0.12013,0.16371,0.03,0.93333,1.0,,,-0.01,0.01378,0.00023,-0.01313,-0.03835,0.03767
74,75776,-1.02801,75.7,0.3,0.24,1.382697,-0.001481,0.425827,0.002684,0.39542,0.029862,0.062798,1.493592,1.467223,1.170432,4.576665,4.0,0.00028879,10,970,0.1293,0.16332,0.03,1.0,0.0,,,-0.01,0.01339,1e-05,-0.01481,-0.03297,0.02336
75,76800,3.95758,102.5,0.33333,0.25,1.395345,-0.004116,1.475149,0.00416,1.420457,0.05435,0.166207,1.336752,1.459071,2.917998,9.680153,4.0,0.00028863,12,1091,0.14141,0.17573,0.03,0.75,0.0,,,-0.01,0.01412,-0.00012,-0.01396,-0.03014,0.12092
76,77824,-0.21795,78.42857,0.14286,0.24,1.453945,0.050054,0.464666,0.004301,1.83082,0.040264,0.237815,3.038375,3.917283,2.537753,5.585012,4.0,0.00028848,7,948,0.15824,0.19031,0.03,0.85714,0.0,,,-0.01,0.01341,-0.0005,-0.01587,-0.03004,0.02496
77,78848,-3.31586,104.58333,0.0,0.21,1.327682,-0.015594,0.043886,0.006198,1.304762,0.077917,-1.383103,1.43587,1.654016,0.421536,1.165337,4.0,0.00028833,12,1124,0.15701,0.19298,0.04,1.0,1.0,,,-0.01,0.0128,-0.00122,-0.01692,-0.03109,-0.00474
78,79872,-0.87402,104.08333,0.16667,0.19,1.399208,0.041407,0.477932,0.005159,0.691167,0.0676,0.127184,0.21832,1.007993,0.294137,5.708544,4.0,0.00028817,12,1002,0.13678,0.17503,0.04,0.91667,1.0,,,-0.01,0.01557,0.00025,-0.01632,-0.03633,0.03667
79,80896,1.5043,78.14286,0.42857,0.21,1.428656,-0.001873,0.541551,0.00328,0.35256,0.040966,0.226662,0.33638,1.784616,0.41796,5.987399,4.0,0.00028802,7,1125,0.16807,0.19853,0.03,0.85714,0.0,,,-0.01,0.01241,-0.00081,-0.0164,-0.02634,0.04378
80,81920,-3.48337,108.85714,0.28571,0.21,1.393365,-0.004438,0.092103,0.004985,0.523205,0.055797,-0.369976,0.063546,2.838894,-0.39385,2.04318,4.0,0.00028787,7,1315,0.15864,0.19067,0.03,1.0,1.0,,,-0.01,0.01049,-0.00108,-0.01317,-0.02947,-0.00298
81,82944,-3.77439,175.6,0.1,0.2,1.328838,-0.00472,0.02906,0.00421,0.453658,0.047008,-0.215823,-0.25807,1.709585,-0.697906,1.285146,4.0,0.00028771,10,1140,0.14924,0.17833,0.06,0.8,1.0,,,-0.01,0.012,-0.00091,-0.01415,-0.02644,-0.00284
82,83968,-3.8002,80.5,0.0,0.19,1.449595,-0.002513,0.012659,0.003198,0.465638,0.023592,-0.043159,-0.858911,0.576378,-1.399786,0.746587,4.0,0.00028756,6,1167,0.14644,0.17977,0.06,1.0,0.0,,,-0.01,0.00943,-0.0009,-0.01736,-0.03046,-0.00282
83,84992,-3.67115,123.6,0.0,0.17,1.32045,-0.079372,0.0086,0.003778,1.962102,0.042393,0.142441,-1.279127,0.471192,-1.704617,0.608741,4.0,0.0002874,5,1501,0.17876,0.20429,0.06,1.0,0.0,,,-0.01,0.01072,-0.00219,-0.01146,-0.03166,-0.0029
84,86016,-3.46709,168.11111,0.0,0.16,1.241681,0.155213,0.010758,0.006862,1.948843,0.088537,0.106839,-1.604369,0.500936,-1.903151,0.69104,4.0,0.00028725,9,1390,0.16285,0.1904,0.06,0.88889,1.0,,,-0.01,0.01101,-0.00213,-0.01082,-0.02969,-0.00436
85,87040,-3.74945,118.42857,0.0,0.16,1.38654,-0.00198,0.009928,0.002323,0.366832,0.015585,0.148475,-1.950222,0.460477,-2.285464,0.714475,4.0,0.0002871,7,1118,0.14532,0.16723,0.07,0.85714,0.0,,,-0.01,0.00776,-0.00196,-0.01407,-0.02534,-0.00255
86,88064,-3.48377,114.8,0.0,0.13,1.364281,0.103478,0.010742,0.005297,0.600843,0.078198,0.263479,-2.268378,0.625407,-2.43041,0.775881,4.0,0.00028694,10,1060,0.14168,0.17257,0.08,1.0,0.0,,,-0.01,0.00945,-0.00101,-0.01313,-0.03197,-0.00389
87,89088,-3.44867,108.6,0.0,0.09,1.196125,-0.075214,0.008982,0.009694,0.468722,0.157807,0.261291,-2.581293,0.512687,-2.655895,0.790404,1.0,0.00028679,10,1258,0.12703,0.15699,0.09,1.0,0.0,,,-0.01,0.0122,2e-05,-0.01354,-0.03441,-0.00418
88,90112,1.75519,128.625,0.125,0.09,1.25253,-0.001746,1.04305,0.005294,0.992987,0.081624,0.046303,-2.751527,0.573273,-1.631145,7.212,4.0,0.00028664,8,1053,0.12025,0.14881,0.1,0.875,0.0,,,-0.01,0.00933,-0.00045,-0.01535,-0.03032,0.06347
89,91136,-3.71264,101.91667,0.0,0.09,1.387738,-0.027883,0.031892,0.004236,1.027845,0.050794,-0.043885,-1.78597,0.980967,-2.069062,0.873615,4.0,0.00028648,12,999,0.14736,0.18009,0.1,1.0,0.0,,,-0.01,0.00815,-0.00078,-0.01521,-0.02985,-0.00476
90,92160,-2.04237,112.0,0.14286,0.09,1.213897,-0.438684,1.416769,0.006599,1.898724,0.085725,0.367878,-1.505383,1.734037,-1.33576,4.145566,3.0,0.00028633,7,1078,0.14313,0.16312,0.09,1.0,0.0,,,-0.01,0.00806,-0.00054,-0.01348,-0.02731,0.01263
91,93184,5.45931,86.66667,0.33333,0.07,1.364988,0.049074,1.411688,0.010837,3.056756,0.146938,0.287638,-0.907204,2.913147,0.860566,10.275239,3.0,0.00028618,12,989,0.11606,0.13677,0.09,0.83333,0.0,,,-0.01,0.00934,-0.00043,-0.01509,-0.0259,0.1373
92,94208,3.95095,111.5,0.28571,0.1,1.298556,-0.002087,1.428804,0.002965,1.368626,0.031121,0.405983,0.971014,5.261462,2.7491,11.092844,4.0,0.00028602,14,806,0.11231,0.14129,0.08,0.78571,1.0,,,-0.01,0.01029,4e-05,-0.0179,-0.0313,0.12154
93,95232,5.08094,77.88889,0.55556,0.15,1.351206,-0.002641,0.989565,0.002561,1.134541,0.026012,0.585091,3.79555,8.445451,4.658787,11.550206,4.0,0.00028587,9,978,0.12791,0.15908,0.08,0.77778,0.0,,,-0.01,0.01221,-0.00079,-0.01762,-0.03235,0.10023
94,96256,1.76032,71.375,0.125,0.16,1.355793,-0.003319,0.83503,0.003446,0.727629,0.052457,0.393539,3.103489,4.994294,4.034794,8.739073,4.0,0.00028572,8,1081,0.12604,0.15445,0.07,1.0,0.0,,,-0.01,0.00824,-0.00047,-0.01369,-0.02369,0.05888
95,97280,3.63182,140.66667,0.33333,0.2,1.251227,-0.159513,2.03004,0.002188,4.195065,0.018215,0.360879,4.367321,7.330231,4.318472,9.474513,4.0,0.00028556,12,983,0.1308,0.16249,0.07,0.75,0.0,,,-0.01,0.01062,0.00018,-0.01373,-0.02673,0.11172
96,98304,-2.66785,83.76923,0.15385,0.22,1.213497,-0.05256,0.476655,0.00603,1.942713,0.075914,0.049549,5.07752,6.71879,3.972451,6.23197,4.0,0.00028541,13,854,0.12177,0.15523,0.06,1.0,1.0,,,-0.01,0.01046,-0.00017,-0.01615,-0.03218,0.00856
97,99328,-3.33703,78.4,0.06667,0.22,1.275453,-0.057777,0.100732,0.003417,1.34548,0.033777,-1.505804,3.512831,3.232008,1.71349,2.023941,4.0,0.00028525,15,835,0.13327,0.16865,0.05,1.0,0.0,,,-0.01,0.01094,0.00026,-0.01381,-0.03634,-0.0049
98,100352,-3.90005,79.42857,0.14286,0.23,1.441018,-0.002852,0.032901,0.004129,0.696804,0.041943,0.017049,1.454227,1.088021,0.314534,1.327535,4.0,0.0002851,7,905,0.15119,0.18484,0.04,1.0,0.0,,,-0.01,0.00841,5e-05,-0.01664,-0.02912,-0.00294
99,101376,-0.73061,88.08333,0.16667,0.23,1.432693,-0.001012,0.565073,0.003664,0.370686,0.038149,0.017833,0.720918,0.832883,0.593068,5.729387,4.0,0.00028495,12,982,0.14509,0.17857,0.04,1.0,0.0,,,-0.01,0.00939,-0.0007,-0.01384,-0.03177,0.03993
100,102400,1.08769,127.125,0.125,0.21,1.497569,0.01355,0.38978,0.005857,0.582163,0.085793,0.159646,0.692133,1.068613,0.991985,6.171134,4.0,0.00028479,8,1112,0.15907,0.1931,0.05,0.875,0.0,,,-0.01,0.01286,0.0,-0.01009,-0.02634,0.04459
101,103424,5.74972,107.33333,0.33333,0.22,1.38786,0.048169,0.399028,0.003903,1.50577,0.044422,0.716003,1.91453,6.068291,2.441991,10.093367,4.0,0.00028464,6,1290,0.16024,0.19209,0.04,0.83333,0.0,,,-0.01,0.01418,-0.00082,-0.01171,-0.02544,0.08558
102,104448,-1.64591,152.75,0.125,0.21,1.504046,-0.002728,0.280988,0.005947,0.354694,0.07927,-0.084386,-0.567193,2.039628,-0.531402,4.019327,4.0,0.00028449,8,1310,0.1739,0.2128,0.05,0.75,1.0,,,-0.01,0.01385,-0.00148,-0.01041,-0.02422,0.01685
103,105472,3.10832,92.33333,0.11111,0.17,1.449846,0.025476,0.737505,0.002961,0.988075,0.046721,0.145707,-0.057576,2.220967,1.018543,7.890438,4.0,0.00028433,9,1101,0.16534,0.19729,0.05,0.88889,0.0,,,-0.01,0.01517,-0.00081,-0.01062,-0.02977,0.07228
104,106496,7.7986,119.38462,0.38462,0.18,1.507284,-0.209209,3.150771,0.008061,3.741772,0.122509,0.092069,1.231107,3.735341,3.683126,10.987751,4.0,0.00028418,13,947,0.15386,0.18753,0.06,0.76923,1.0,,,-0.01,0.01625,0.00021,-0.01409,-0.02429,0.16572
105,107520,8.82461,83.11111,0.33333,0.19,1.499744,0.055561,0.960916,0.006441,1.631079,0.111382,0.375375,3.605064,4.819635,4.719357,10.690833,2.0,0.00028403,9,1168,0.16701,0.19687,0.04,0.88889,1.0,,,-0.01,0.01174,-0.00129,-0.0118,-0.02703,0.14394
106,108544,5.40128,126.66667,0.33333,0.21,1.555246,0.010597,0.718981,0.004908,1.105749,0.05848,0.20294,3.809371,4.522801,4.451925,8.412323,4.0,0.00028387,6,1258,0.20162,0.23395,0.04,0.83333,1.0,,,-0.01,0.01196,-0.0026,-0.00976,-0.02212,0.08527
107,109568,0.29715,153.66667,0.16667,0.2,1.474611,-0.140138,0.691569,0.008605,1.551762,0.133709,0.567381,4.955032,6.369039,5.272211,8.406006,4.0,0.00028372,6,1053,0.18769,0.20658,0.04,1.0,0.0,,,-0.01,0.01331,-0.00159,-0.01438,-0.01777,0.02869
108,110592,3.12878,165.11111,0.22222,0.22,1.576102,-0.001916,0.535891,0.004425,0.754126,0.034367,0.366811,5.474822,5.27889,5.010469,7.672204,4.0,0.00028356,9,1094,0.17988,0.20631,0.06,0.88889,1.0,,,-0.01,0.01255,-0.00111,-0.01451,-0.02423,0.0869
109,111616,0.728,138.25,0.5,0.25,1.494671,0.016721,0.309366,0.006948,1.126194,0.090792,0.649736,4.940144,5.580523,4.579626,8.350414,4.0,0.00028341,8,1080,0.14725,0.18124,0.07,0.875,0.0,,,-0.01,0.0172,2e-05,-0.01158,-0.02637,0.04225
110,112640,0.52665,116.0,0.22222,0.26,1.525922,0.00078,0.50056,0.005247,0.716319,0.070271,0.475075,5.001881,6.919641,5.030795,9.047288,4.0,0.00028326,9,1120,0.15246,0.18681,0.07,0.77778,1.0,,,-0.01,0.01391,-0.00022,-0.01026,-0.02624,0.04058
111,113664,7.736,108.44444,0.33333,0.27,1.535066,0.069572,0.916249,0.005844,1.617625,0.108674,0.218012,5.291323,5.786555,6.181023,9.860284,1.0,0.0002831,9,1213,0.15402,0.18529,0.07,0.77778,1.0,,,-0.01,0.01649,-0.00021,-0.01043,-0.02053,0.1314
112,114688,3.83346,114.09091,0.27273,0.27,1.561228,0.015317,0.641714,0.00457,1.207009,0.065772,0.333987,7.875291,6.935525,6.969314,9.065655,4.0,0.00028295,11,1014,0.14512,0.1787,0.06,0.81818,1.0,,,-0.01,0.0146,-0.0002,-0.01196,-0.02521,0.09284
113,115712,26.49111,126.71429,0.85714,0.32,1.53001,-0.075588,1.567139,0.003988,2.648418,0.042904,0.531884,9.988209,10.739882,13.640197,15.948044,4.0,0.0002828,7,999,0.15718,0.18649,0.05,0.42857,1.0,,,-0.01,0.01317,-0.00058,-0.01091,-0.01587,0.26692
114,116736,31.05318,121.5,1.0,0.36,1.423386,0.034103,0.913642,0.00453,2.701737,0.056077,0.697015,18.897614,14.71382,21.547215,16.932552,4.0,0.00028264,4,1176,0.16401,0.19585,0.04,0.5,1.0,,,-0.01,0.01022,-0.00167,-0.01195,-0.01083,0.19331
115,117760,14.205,197.25,0.5,0.37,1.409262,-0.004643,0.458871,0.005043,0.846102,0.064269,0.840346,27.013824,16.944094,27.887247,17.79808,4.0,0.00028249,4,1399,0.2095,0.23174,0.05,1.0,1.0,,,-0.01,0.01023,-0.00331,-0.01204,-0.00878,0.12248
116,118784,19.38103,213.0,0.6,0.4,1.494154,-0.003454,0.549185,0.003741,0.533683,0.037315,0.788977,22.926905,16.383247,23.52817,17.596489,4.0,0.00028234,5,1275,0.18831,0.21442,0.07,1.0,0.0,,,-0.01,0.01104,-0.00255,-0.00992,-0.01278,0.1814
117,119808,20.9388,194.22222,0.66667,0.43,1.472301,-0.004677,0.723276,0.004998,0.837906,0.064725,0.637498,21.061764,13.685481,23.949825,16.415293,4.0,0.00028218,9,1110,0.16218,0.18625,0.08,0.55556,1.0,,,-0.01,0.01102,-0.00132,-0.01304,-0.00896,0.30023
118,120832,43.71565,114.5,0.83333,0.45,1.44596,-0.004439,0.628759,0.004376,0.830469,0.061277,0.630128,25.707375,12.833866,29.297619,16.6604,4.0,0.00028203,6,976,0.15573,0.18544,0.08,0.5,1.0,,,-0.01,0.01166,-0.0009,-0.01482,-0.00845,0.36038
119,121856,38.50883,119.75,1.0,0.48,1.374795,-0.089658,0.359244,0.003532,1.253166,0.047227,0.754738,34.153858,15.868327,35.819878,17.047194,4.0,0.00028188,4,1157,0.17668,0.19298,0.08,0.5,1.0,,,-0.01,0.00879,-0.00237,-0.01484,-0.00709,0.23929
120,122880,33.46086,210.5,0.66667,0.49,1.431428,-0.003067,0.298895,0.002256,0.480809,0.018405,0.760952,37.336903,16.482645,40.171131,16.432215,4.0,0.00028172,6,1087,0.18597,0.20303,0.1,0.33333,1.0,,,-0.01,0.00626,-0.00286,-0.01486,-0.00086,0.29672
121,123904,38.70071,191.85714,0.71429,0.53,1.449391,-0.003206,0.228016,0.00281,0.524652,0.02647,0.804749,41.303566,16.808661,43.957382,17.137409,4.0,0.00028157,7,992,0.16689,0.18168,0.12,0.42857,1.0,,,-0.01,0.00987,-0.0016,-0.01417,-0.0015,0.34819
122,124928,36.23639,184.71429,0.85714,0.58,1.386665,0.118072,0.420124,0.003679,1.697066,0.03125,0.707092,40.268917,15.349139,42.267776,16.389288,4.0,0.00028141,7,1000,0.16319,0.17635,0.12,0.28571,1.0,,,-0.01,0.00906,-0.00125,-0.01499,-0.0064,0.33914
123,125952,27.08674,124.4,0.8,0.6,1.357942,-0.002633,0.437607,0.00344,1.014949,0.02552,0.494409,46.179222,13.39346,45.097176,16.249502,4.0,0.00028126,5,1041,0.18211,0.19732,0.11,0.4,1.0,,,-0.01,0.00939,-0.00241,-0.01429,-0.01281,0.21019
124,126976,33.25732,165.5,0.75,0.61,1.321965,-0.045695,0.171644,0.003508,1.039466,0.025778,0.657485,46.294174,11.469933,46.170334,13.778409,4.0,0.00028111,4,1115,0.1803,0.1797,0.12,0.75,0.0,,,-0.01,0.00851,-0.00199,-0.01642,-0.00544,0.20006
125,128000,25.65987,248.75,0.75,0.63,1.394287,-0.004095,0.152912,0.003518,0.5974,0.044686,0.68074,47.331131,11.666137,47.263779,13.144857,4.0,0.00028095,4,1195,0.17308,0.18138,0.12,0.25,1.0,,,-0.01,0.0071,-0.00269,-0.01269,-0.0057,0.17364
126,129024,35.24743,235.85714,0.85714,0.68,1.364619,0.112365,0.185811,0.004845,2.089305,0.059289,0.741105,44.729588,11.280834,45.069813,13.687653,4.0,0.0002808,7,1053,0.16846,0.17375,0.13,0.57143,1.0,,,-0.01,0.01103,-0.00132,-0.01582,-0.00461,0.34672
127,130048,38.8493,178.0,0.75,0.68,1.412222,-0.003356,0.186143,0.003909,0.567091,0.037838,0.574218,44.23571,11.286427,44.138947,13.595487,4.0,0.00028065,4,1136,0.16908,0.18066,0.13,0.75,1.0,,,-0.01,0.00577,-0.00183,-0.01596,-0.00542,0.22691
128,131072,46.26572,190.5,1.0,0.69,1.502844,-0.015999,0.046578,0.004129,0.896503,0.051961,0.755535,46.938263,9.645276,47.128574,10.07787,4.0,0.00028049,2,1133,0.17465,0.17274,0.13,0.5,1.0,,,-0.01,0.00619,-0.00183,-0.01488,-0.00032,0.13138
129,132096,33.70923,268.14286,0.85714,0.73,1.40756,-0.003055,0.0674,0.003797,0.328562,0.043831,0.72632,44.06065,9.283494,45.056419,11.00244,4.0,0.00028034,7,1021,0.15657,0.17045,0.14,0.71429,1.0,,,-0.01,0.00969,-0.00142,-0.01649,-0.00106,0.34138
130,133120,34.76802,202.4,0.8,0.76,1.436006,-0.002354,0.136586,0.002579,0.482266,0.023461,0.603944,45.730534,9.986061,45.096157,13.437358,4.0,0.00028019,5,1074,0.14818,0.15783,0.15,0.0,0.0,,,-0.01,0.00976,-0.00072,-0.01212,-0.00471,0.24373
131,134144,44.36936,186.66667,1.0,0.8,1.458795,0.01221,0.079572,0.00405,0.932065,0.065439,0.707364,43.438721,10.689319,44.280384,12.925804,4.0,0.00028003,6,966,0.14657,0.15231,0.15,0.0,1.0,,,-0.01,0.00975,-0.00127,-0.01608,-0.00275,0.33327
132,135168,45.43777,147.88889,0.88889,0.79,1.388373,-0.002175,0.139321,0.003605,0.287677,0.030125,0.57907,42.383457,10.251656,43.661953,13.638414,4.0,0.00027988,9,955,0.13917,0.14833,0.15,0.33333,1.0,,,-0.01,0.01037,-0.00054,-0.01439,-0.00233,0.5009
133,136192,56.82365,124.2,1.0,0.81,1.483458,-0.080553,0.072206,0.004837,1.063579,0.055556,0.67042,44.247139,10.5794,46.604912,12.180924,3.0,0.00027972,5,903,0.13946,0.14667,0.14,0.4,0.0,,,-0.01,0.00887,-0.00033,-0.01408,0.00078,0.31386
134,137216,59.04551,148.125,1.0,0.84,1.51503,-0.002768,0.083194,0.003105,0.332661,0.032943,0.709204,45.714409,10.721821,46.967129,13.23705,4.0,0.00027957,8,847,0.14529,0.16051,0.11,0.0,1.0,,,-0.01,0.00889,-0.0003,-0.01473,-0.00132,0.52
135,138240,44.59032,142.85714,1.0,0.86,1.491969,-0.001364,0.086491,0.00175,0.267075,0.021895,0.675298,47.727573,11.176029,49.108219,13.062589,4.0,0.00027942,7,902,0.14827,0.1577,0.1,0.28571,1.0,,,-0.01,0.00807,-0.00106,-0.01437,-0.00125,0.36184
136,139264,57.61964,163.57143,1.0,0.87,1.560136,-0.002843,0.072701,0.004715,0.331326,0.050153,0.692984,53.267784,11.643561,53.92535,12.705022,4.0,0.00027926,7,909,0.14338,0.14139,0.1,0.14286,1.0,,,-0.01,0.00857,-0.00053,-0.01335,-0.00114,0.4531
137,140288,51.14911,161.0,1.0,0.89,1.540646,-0.002073,0.09297,0.002304,0.377715,0.017481,0.573011,50.052872,9.623679,49.781311,12.498244,4.0,0.00027911,5,922,0.15118,0.15022,0.08,0.2,1.0,,,-0.01,0.00708,-0.00069,-0.01339,-0.00316,0.29976
138,141312,48.34076,155.5,1.0,0.91,1.5032,-0.002221,0.051186,0.002569,0.206948,0.028434,0.727416,49.549618,9.78634,50.936546,11.912419,4.0,0.00027896,8,889,0.15054,0.15577,0.06,0.25,1.0,,,-0.01,0.0088,-0.00095,-0.01443,-0.0,0.45148
139,142336,57.40887,109.5,1.0,0.92,1.532454,-0.002999,0.11961,0.005117,0.360236,0.073485,0.524339,50.401394,9.645777,50.097515,13.862122,4.0,0.0002788,6,938,0.15014,0.1658,0.05,0.16667,1.0,,,-0.01,0.00825,-0.0012,-0.01539,-0.00502,0.41889
140,143360,41.51865,159.375,0.875,0.92,1.586262,0.001736,0.070593,0.004082,1.480158,0.034219,0.674882,47.79158,10.730974,48.504665,12.518146,4.0,0.00027865,8,896,0.1523,0.16381,0.05,0.375,1.0,,,-0.01,0.00809,-0.00177,-0.01606,-0.00101,0.39887
141,144384,47.37062,142.5,1.0,0.95,1.47283,-0.00707,0.055988,0.005646,0.578079,0.121076,0.610061,49.88625,9.520369,50.771561,11.774575,2.0,0.0002785,8,975,0.14821,0.1479,0.02,0.25,1.0,,,-0.01,0.00951,-0.0013,-0.01554,-0.00149,0.44223
142,145408,59.28266,139.71429,1.0,0.95,1.517753,-0.002409,0.051621,0.00397,0.333978,0.04308,0.685095,52.246586,10.146859,53.453938,11.845389,4.0,0.00027834,7,795,0.14673,0.15372,0.02,0.28571,1.0,,,-0.01,0.00906,-0.00142,-0.01497,-0.00039,0.44774
143,146432,53.34565,135.28571,1.0,0.97,1.459665,-0.00195,0.044867,0.002409,0.25429,0.025894,0.67574,51.36161,9.659,53.067989,11.064907,4.0,0.00027819,7,863,0.14433,0.15453,0.01,0.28571,1.0,,,-0.01,0.00721,-0.00123,-0.01497,0.00056,0.40384
144,147456,60.16528,141.25,1.0,0.98,1.469019,0.007897,0.046075,0.00565,1.049395,0.058564,0.702943,53.653934,9.733114,54.194195,11.228256,4.0,0.00027804,8,861,0.14431,0.14975,0.0,0.25,1.0,,,-0.01,0.00759,-0.0014,-0.01371,-0.00071,0.51344
145,148480,62.06571,151.16667,1.0,0.98,1.470249,-0.002122,0.02793,0.004012,0.281473,0.034731,0.74653,55.837238,9.221073,56.851936,10.105651,4.0,0.00027788,6,866,0.14959,0.13755,0.0,0.33333,1.0,,,-0.01,0.00759,-0.00112,-0.01364,0.00167,0.40819
146,149504,51.1572,143.5,1.0,0.98,1.515919,-0.001951,0.070017,0.005466,0.347681,0.080449,0.482325,54.160389,8.015635,53.494888,11.64131,4.0,0.00027773,8,857,0.14495,0.14813,0.0,0.125,1.0,,,-0.01,0.00869,-0.00087,-0.01492,-0.00325,0.45308
147,150528,52.32447,143.25,1.0,0.99,1.53443,-0.001599,0.036586,0.003695,0.248559,0.050939,0.670479,53.189041,8.029597,53.840439,10.521241,4.0,0.00027757,8,862,0.14438,0.14286,0.0,0.25,1.0,,,-0.01,0.00822,-0.00108,-0.01466,-0.00063,0.46888
148,151552,55.87132,140.0,1.0,0.99,1.588085,-0.135935,0.02864,0.006308,1.584068,0.045742,0.733395,54.70084,9.196254,55.480564,10.863472,4.0,0.00027742,6,872,0.14632,0.14425,0.0,0.0,1.0,,,-0.01,0.00852,-0.00114,-0.01535,0.00072,0.36148
149,152576,53.0785,158.0,1.0,0.99,1.672316,-0.002016,0.067202,0.00612,1.347285,0.067078,0.517558,53.765606,8.561632,52.447601,12.461078,4.0,0.00027727,6,908,0.15884,0.16469,0.0,0.33333,1.0,,,-0.01,0.00733,-0.0018,-0.01483,-0.00299,0.3723
150,153600,55.97563,168.0,1.0,0.99,1.709611,-0.002297,0.033581,0.005381,0.547017,0.055046,0.641565,53.688301,8.308569,53.021301,9.520822,4.0,0.00027711,4,898,0.16099,0.15268,0.0,0.25,0.75,,,-0.01,0.00459,-0.00152,-0.01345,-0.00086,0.25903
151,154624,40.6468,227.2,0.8,0.98,1.662938,-0.03672,0.041247,0.007113,1.161014,0.074918,0.530938,52.850903,7.788538,51.778229,10.306851,4.0,0.00027696,5,913,0.16062,0.16374,0.01,0.2,1.0,,,-0.01,0.00679,-0.00226,-0.014,-0.00134,0.25605
152,155648,49.72794,186.8,1.0,0.98,1.750603,-0.049689,0.03716,0.006187,1.378616,0.066098,0.497304,50.045155,6.554387,49.188622,9.112269,4.0,0.00027681,5,862,0.15435,0.1563,0.01,0.4,1.0,,,-0.01,0.00547,-0.00193,-0.01592,-0.00079,0.27739
153,156672,48.48123,214.5,1.0,0.98,1.748848,-0.002516,0.016355,0.005618,0.372385,0.059078,0.719759,51.742062,6.879299,52.454582,7.883374,4.0,0.00027665,6,929,0.16702,0.16422,0.01,0.16667,1.0,,,-0.01,0.00717,-0.00197,-0.01482,6e-05,0.36573
154,157696,-7.71078,375.0,0.0,0.97,1.805202,-0.025362,0.025655,0.00578,0.868773,0.0788,0.504682,51.937943,6.356222,50.619419,8.183348,4.0,0.0002765,1,834,0.15131,0.14765,0.02,1.0,1.0,,,-0.01,0.00468,-0.00218,-0.01312,-0.00101,0.0
155,158720,46.14173,249.85714,1.0,0.97,1.769957,-0.002119,0.034535,0.00431,0.304637,0.034932,0.558445,51.956421,6.858349,51.251457,9.361754,4.0,0.00027635,7,853,0.15901,0.16425,0.02,0.14286,1.0,,,-0.01,0.00657,-0.00209,-0.01679,-0.00126,0.3849
156,159744,nan,nan,0.0,0.97,1.821191,-0.005742,0.020154,0.004715,0.683495,0.06566,0.706906,51.118744,7.223502,49.673233,9.350415,4.0,0.00027619,0,927,0.16014,0.15716,0.02,0.0,0.0,,,-0.01,0.00531,-0.00191,-0.01422,-0.00025,0.0
157,160768,43.09317,290.14286,1.0,0.98,1.711265,0.152405,0.034266,0.004515,0.749062,0.059814,0.720173,51.416912,7.510445,50.98447,8.965974,4.0,0.00027604,7,953,0.16885,0.16139,0.02,0.0,1.0,,,-0.01,0.00692,-0.00169,-0.01476,-0.00019,0.39422
158,161792,19.14267,375.0,1.0,0.98,1.761322,-0.004157,0.028169,0.007497,0.389602,0.108493,0.567792,48.254456,6.640085,46.90062,8.682179,4.0,0.00027588,1,885,0.15814,0.15259,0.02,0.0,1.0,,,-0.01,0.00454,-0.00145,-0.01237,-0.00269,0.0272
159,162816,38.50845,318.5,1.0,0.98,1.851925,-0.062685,0.010821,0.007112,0.792649,0.083593,0.792313,49.149929,7.527548,48.736263,8.455863,4.0,0.00027573,4,901,0.16759,0.15981,0.02,0.25,1.0,,,-0.01,0.00624,-0.00165,-0.01436,-0.00044,0.20373
160,163840,30.13008,315.66667,0.66667,0.97,1.882868,-0.0275,0.011964,0.006421,0.997317,0.094874,0.773004,46.039936,6.804074,45.288963,7.847977,4.0,0.00027558,3,837,0.15444,0.14776,0.03,0.66667,1.0,,,-0.01,0.00397,-0.00091,-0.01595,-0.00079,0.11165
161,164864,-8.11212,375.0,0.0,0.96,1.765763,-0.006523,0.021291,0.005407,0.735077,0.077374,0.647059,46.349178,7.754343,44.448452,9.298951,4.0,0.00027542,1,901,0.16359,0.18355,0.04,0.0,1.0,,,-0.01,0.00411,-0.00163,-0.01376,-0.00192,0.0
162,165888,3.19293,368.0,0.2,0.92,1.777914,-0.063998,0.006803,0.003963,0.932608,0.069663,0.826536,45.540142,7.329489,45.262558,7.401485,2.0,0.00027527,5,977,0.16755,0.17644,0.08,0.8,1.0,,,-0.01,0.00342,-0.00165,-0.01544,0.00033,0.05792
163,166912,-8.81994,375.0,0.0,0.9,1.756032,-0.007458,0.001594,0.006926,0.330339,0.091797,0.947509,44.66761,5.628094,43.960575,5.527666,4.0,0.00027512,2,848,0.16197,0.17648,0.1,0.0,1.0,,,-0.01,0.00438,-0.00103,-0.01661,0.0,0.0
164,167936,-8.92474,375.0,0.0,0.89,1.74541,-0.003981,0.015788,0.00476,0.339631,0.069468,0.666322,45.535572,6.081728,44.547112,7.519172,4.0,0.00027496,1,855,0.15774,0.16047,0.11,0.0,1.0,,,-0.01,0.00502,-0.00127,-0.01197,0.0003,0.0
165,168960,27.7507,340.8,0.6,0.87,1.763351,-0.0246,0.010034,0.004634,0.586082,0.064775,0.780564,44.152843,6.904487,43.696354,8.244428,4.0,0.00027481,5,890,0.16515,0.16742,0.13,0.0,1.0,,,-0.01,0.00474,-0.00132,-0.01364,-0.00024,0.18092
166,169984,15.11992,370.0,0.5,0.86,1.770567,-0.004287,0.001947,0.002656,0.279237,0.02238,0.959735,42.469994,7.316014,41.767731,7.433526,4.0,0.00027466,2,865,0.16919,0.16919,0.14,0.0,1.0,,,-0.01,0.00421,-0.00159,-0.01374,0.0,0.04346
167,171008,-8.80684,375.0,0.0,0.85,1.750883,-0.004558,0.013716,0.005744,0.376426,0.081734,0.757932,41.578842,7.668442,39.925194,8.351984,4.0,0.0002745,1,877,0.181,0.17645,0.15,0.0,1.0,,,-0.01,0.00608,-0.00195,-0.01353,-0.0022,0.0
168,172032,-8.15975,375.0,0.0,0.79,1.719016,-0.004492,0.003909,0.005229,0.309105,0.074803,0.880533,38.78418,6.057337,38.046078,6.18477,4.0,0.00027435,6,842,0.18061,0.172,0.21,0.5,1.0,,,-0.01,0.00291,-0.00128,-0.01441,-0.00066,0.0
169,173056,-8.1819,375.0,0.0,0.78,1.752763,0.028429,0.003318,0.004342,0.840058,0.045681,0.721569,37.535351,3.892144,36.581543,3.992319,4.0,0.0002742,1,893,0.20789,0.18873,0.22,1.0,1.0,,,-0.01,0.00579,-0.00184,-0.01321,-0.001,0.0
170,174080,-7.23575,375.0,0.0,0.77,1.734218,-0.005217,0.001414,0.003636,0.28315,0.042555,0.899184,37.468266,4.105979,36.645794,3.94136,4.0,0.00027404,1,884,0.24043,0.22894,0.23,1.0,0.0,,,-0.01,0.00828,-0.0019,-0.01321,0.0,0.0
171,175104,-7.26965,375.0,0.0,0.71,1.687138,-0.0048,0.001165,0.005745,0.288632,0.067871,0.92156,36.342377,4.14965,35.654064,4.006806,4.0,0.00027389,6,870,0.21889,0.20982,0.29,0.0,1.0,,,-0.01,0.0055,-0.00156,-0.01475,0.0,0.0
172,176128,-6.95998,375.0,0.0,0.7,1.712256,-0.003981,0.00101,0.002594,0.279064,0.033308,0.949812,35.718376,4.656654,34.997646,4.635123,4.0,0.00027373,1,846,0.24205,0.2267,0.3,0.0,0.0,,,-0.01,0.00726,-0.00172,-0.01481,0.0,0.0
173,177152,-6.29007,375.0,0.0,0.68,1.666883,-0.003762,0.001077,0.003948,0.265138,0.052176,0.946941,35.329895,4.801515,34.544796,4.652936,4.0,0.00027358,2,881,0.24651,0.24428,0.32,0.0,1.0,,,-0.01,0.01013,-0.00216,-0.01544,0.0,0.0
174,178176,-7.05878,375.0,0.0,0.63,1.646369,-0.004655,0.000799,0.004378,0.281703,0.045166,0.957657,33.224205,4.478276,32.691952,4.496539,4.0,0.00027343,5,868,0.23605,0.21108,0.37,0.0,1.0,,,-0.01,0.00806,-0.00161,-0.0125,0.0,0.0
175,179200,-6.34679,375.0,0.0,0.62,1.632864,-0.005099,0.002021,0.006458,0.300143,0.096664,0.911003,33.160095,4.944587,32.487064,5.090868,4.0,0.00027327,1,864,0.26113,0.2448,0.38,1.0,0.0,,,-0.01,0.01192,-0.00206,-0.01094,-0.0005,0.0
176,180224,-4.94781,375.0,0.0,0.58,1.627847,0.242581,0.008341,0.005358,4.053786,0.092624,0.891236,32.346188,5.275386,31.62849,5.470529,4.0,0.00027312,4,849,0.24768,0.22671,0.42,0.25,1.0,,,-0.01,0.01278,-0.00204,-0.0087,-0.00087,0.0
177,181248,-4.4736,375.0,0.0,0.55,1.540854,-0.015689,0.000951,0.005018,0.709388,0.057815,0.936659,31.109434,4.23983,30.501024,4.217953,4.0,0.00027297,3,844,0.25315,0.23719,0.45,0.33333,0.0,,,-0.01,0.00869,-0.00182,-0.01407,0.0,0.0
178,182272,-4.43358,375.0,0.0,0.54,1.617079,-0.00571,0.000878,0.005798,0.32306,0.076381,0.939969,31.033796,3.899059,30.378941,3.949017,4.0,0.00027281,1,888,0.27107,0.24163,0.46,0.0,0.0,,,-0.01,0.0121,-0.00182,-0.0124,0.0,0.0
179,183296,-4.24871,375.0,0.0,0.5,1.606054,-0.004862,0.000663,0.005416,0.278456,0.071987,0.962479,30.381926,4.376199,29.856533,4.342858,4.0,0.00027266,4,890,0.26158,0.23465,0.5,0.0,1.0,,,-0.01,0.01267,-0.00168,-0.01126,0.0,0.0
180,184320,-5.98968,375.0,0.0,0.47,1.598928,-0.003404,0.00105,0.00306,0.246879,0.033657,0.941101,29.629538,4.258866,28.964874,4.332729,4.0,0.00027251,3,894,0.25977,0.24289,0.53,0.0,1.0,,,-0.01,0.00784,-0.00202,-0.01373,0.0,0.0
181,185344,-4.62534,375.0,0.0,0.45,1.652785,-0.004456,0.000907,0.003927,0.289162,0.0497,0.956709,29.06366,4.684798,28.554016,4.809834,4.0,0.00027235,2,846,0.27804,0.26325,0.55,0.0,0.0,,,-0.01,0.01316,-0.00254,-0.01075,0.0,0.0
182,186368,-5.02541,375.0,0.0,0.42,1.609189,-0.002711,0.000622,0.00339,0.238676,0.023961,0.967236,28.481838,4.606589,28.142046,4.649027,4.0,0.0002722,3,876,0.26144,0.24289,0.58,0.0,1.0,,,-0.01,0.01322,-0.00253,-0.00642,0.0,0.0
183,187392,-2.36201,375.0,0.0,0.39,1.599236,-0.020722,0.001555,0.008028,0.465983,0.107893,0.91491,27.506094,4.678772,26.766321,4.839586,4.0,0.00027204,3,888,0.29187,0.27882,0.61,0.0,0.0,,,-0.01,0.00797,-0.00268,-0.00936,-0.00051,0.0
184,188416,-5.79838,375.0,0.0,0.38,1.604059,-0.081421,0.000641,0.004645,1.145431,0.065504,0.965169,27.094931,4.486568,26.658064,4.55513,4.0,0.00027189,2,873,0.27065,0.25833,0.62,0.5,0.0,,,-0.01,0.01228,-0.0026,-0.006,0.0,0.0
185,189440,-2.39016,375.0,0.0,0.34,1.517286,-0.004051,0.000757,0.005682,0.251595,0.047363,0.959486,27.243612,4.364839,26.815317,4.457858,4.0,0.00027174,4,844,0.22963,0.22168,0.66,0.0,1.0,,,-0.01,0.0109,-0.00229,-0.00568,0.0,0.0
186,190464,-4.28032,375.0,0.0,0.32,1.515193,-0.003246,0.000779,0.003161,0.26149,0.035156,0.966258,26.168591,4.91958,25.711828,4.969525,4.0,0.00027158,2,887,0.25,0.24777,0.68,0.0,1.0,,,-0.01,0.00984,-0.0023,-0.00672,0.0,0.0
187,191488,-2.54116,375.0,0.0,0.3,1.468816,-0.076111,0.001004,0.005404,0.646338,0.060618,0.949985,25.998447,4.963821,25.555069,5.072696,4.0,0.00027143,2,888,0.23529,0.22533,0.7,0.5,0.0,,,-0.01,0.01312,-0.0022,-0.00476,-0.00051,0.0
188,192512,-2.69452,375.0,0.0,0.26,1.462402,-0.003296,0.001383,0.00325,0.24972,0.032862,0.937609,25.992039,4.676354,25.480324,4.884343,4.0,0.00027128,4,854,0.24145,0.23543,0.74,0.25,0.0,,,-0.01,0.01209,-0.00228,-0.00647,-0.0005,0.0
189,193536,-2.23082,375.0,0.0,0.25,1.509581,-0.005018,0.000766,0.006026,0.276176,0.069475,0.966407,25.381144,4.640137,24.878378,4.881844,4.0,0.00027112,2,867,0.30915,0.30385,0.75,0.0,1.0,,,-0.01,0.01144,-0.00331,-0.00981,0.0,0.0
190,194560,-1.49442,375.0,0.0,0.23,1.521883,-0.003316,0.000577,0.005256,0.273906,0.040806,0.974774,25.049955,4.8342,24.686167,4.909276,4.0,0.00027097,2,879,0.27553,0.26437,0.77,0.0,0.0,,,-0.01,0.01451,-0.00312,-0.00736,0.0,0.0
191,195584,-2.45649,375.0,0.0,0.19,1.451876,-0.00269,0.000625,0.002541,0.245007,0.024902,0.974086,24.732466,4.82402,24.371538,4.993668,4.0,0.00027082,4,888,0.23075,0.21582,0.81,0.0,1.0,,,-0.01,0.01081,-0.00238,-0.00601,0.0,0.0
192,196608,-4.05943,375.0,0.0,0.16,1.398589,-0.003987,0.000835,0.003235,0.252921,0.031145,0.968961,23.912855,5.100523,23.351879,5.239974,4.0,0.00027066,3,892,0.2334,0.22782,0.84,0.0,1.0,,,-0.01,0.00722,-0.00288,-0.01251,0.0,0.0
193,197632,-8.07055,375.0,0.0,0.15,1.368171,-0.004729,0.000527,0.004457,0.281404,0.057408,0.980289,23.310652,5.147896,22.925735,5.135599,4.0,0.00027051,1,881,0.19308,0.19252,0.85,0.0,0.0,,,-0.01,0.00971,-0.0024,-0.00451,0.0,0.0
194,198656,-4.70729,375.0,0.0,0.1,1.395958,-0.003286,0.000621,0.003707,0.255296,0.052665,0.975242,22.89274,5.027923,22.551718,5.057643,4.0,0.00027036,5,829,0.16839,0.16406,0.9,0.0,0.0,,,-0.01,0.00757,-0.00183,-0.00454,0.0,0.0
195,199680,-2.29456,375.0,0.0,0.08,1.406487,-0.004299,0.000608,0.004185,0.283409,0.051374,0.978335,22.350697,5.258752,21.951962,5.291559,4.0,0.0002702,2,886,0.19196,0.18108,0.92,0.0,0.0,,,-0.01,0.00791,-0.00171,-0.00516,0.0,0.0
196,200704,-2.02341,375.0,0.0,0.07,1.448883,-0.004056,0.000597,0.004132,0.297939,0.052665,0.979596,22.310364,5.196048,21.853159,5.289737,4.0,0.00027005,1,896,0.21429,0.20396,0.93,0.0,0.0,,,-0.01,0.00736,-0.00246,-0.00568,0.0,0.0
197,201728,-4.06333,375.0,0.0,0.05,1.416271,-0.003001,0.000666,0.002579,0.244582,0.017892,0.976809,21.736103,5.231786,21.342287,5.355122,4.0,0.00026989,5,888,0.20103,0.20075,0.95,0.0,0.0,,,-0.01,0.0069,-0.00231,-0.00864,0.0,0.0
198,202752,-3.93168,375.0,0.0,0.05,1.441156,-0.003075,0.00053,0.002995,0.235314,0.02839,0.981758,21.031439,5.326775,20.657904,5.34332,4.0,0.00026974,2,867,0.21694,0.20857,0.95,0.0,0.0,,,-0.01,0.00967,-0.00225,-0.00675,0.0,0.0
199,203776,-6.38844,375.0,0.0,0.05,1.456719,-0.002806,0.000511,0.003499,0.276223,0.041364,0.981965,20.913134,5.152177,20.561466,5.191633,4.0,0.00026959,1,898,0.20954,0.20424,0.95,0.0,0.0,,,-0.01,0.00877,-0.00228,-0.00377,0.0,0.0
200,204800,-3.06639,375.0,0.0,0.03,1.407967,-0.003708,0.000769,0.004368,0.256701,0.064837,0.973307,20.42548,5.295084,20.128103,5.365808,4.0,0.00026943,5,862,0.18764,0.18234,0.97,0.0,0.0,,,-0.01,0.00878,-0.00186,-0.00616,0.0,0.0
201,205824,-2.5267,375.0,0.0,0.01,1.434843,-0.003392,0.000543,0.00363,0.259629,0.035261,0.98136,20.052746,5.259274,19.718502,5.283624,4.0,0.00026928,2,891,0.18722,0.17969,0.99,0.0,0.0,,,-0.01,0.00719,-0.00217,-0.0042,0.0,0.0
202,206848,-5.03818,375.0,0.0,0.01,1.421293,-0.00347,0.000471,0.004245,0.268141,0.051723,0.984122,19.914774,5.228947,19.516241,5.233338,4.0,0.00026913,1,850,0.16685,0.16267,0.99,0.0,0.0,,,-0.01,0.00677,-0.00205,-0.00276,0.0,0.0
203,207872,-3.07885,375.0,0.0,0.0,1.377223,-0.004601,0.000558,0.00439,0.25224,0.058698,0.981388,19.177149,5.261401,18.863708,5.35008,4.0,0.00026897,5,881,0.14593,0.1409,1.0,0.0,0.0,,,-0.01,0.00567,-0.0014,-0.00698,0.0,0.0
204,208896,-3.97351,375.0,0.0,0.0,1.419136,-0.002389,0.000606,0.002578,0.263527,0.025565,0.979454,18.665833,5.228666,18.251806,5.332982,4.0,0.00026882,2,899,0.16574,0.15946,1.0,0.0,0.0,,,-0.01,0.00711,-0.0017,-0.01031,0.0,0.0
205,209920,-2.97789,375.0,0.0,0.0,1.469404,-0.004969,0.000488,0.004752,0.283383,0.054234,0.984323,18.649488,5.377781,18.290438,5.487248,4.0,0.00026867,1,889,0.17104,0.15876,1.0,0.0,0.0,,,-0.01,0.00933,-0.0018,-0.00684,0.0,0.0
206,210944,-4.89653,375.0,0.0,0.0,1.43859,-0.003733,0.000574,0.004458,0.243982,0.053537,0.982034,18.116947,5.484771,17.874174,5.576246,4.0,0.00026851,5,840,0.16462,0.15904,1.0,0.0,0.0,,,-0.01,0.00616,-0.00165,-0.00641,0.0,0.0
207,211968,-6.56388,375.0,0.0,0.0,1.429186,-0.004559,0.000356,0.00573,0.28998,0.071429,0.989118,17.997553,5.579527,17.749506,5.581367,4.0,0.00026836,2,877,0.17606,0.16085,1.0,0.0,0.0,,,-0.01,0.00769,-0.00181,-0.00313,0.0,0.0
208,212992,-3.33878,375.0,0.0,0.0,1.403404,-0.004428,0.000345,0.004257,0.272521,0.054025,0.989764,18.212255,5.616553,17.942247,5.633237,4.0,0.0002682,1,894,0.16476,0.15248,1.0,0.0,0.0,,,-0.01,0.00931,-0.0016,-0.00189,0.0,0.0
209,214016,-1.91806,375.0,0.0,0.0,1.375955,-0.003021,0.000571,0.003894,0.31288,0.054827,0.983022,17.400839,5.528633,17.172632,5.665071,4.0,0.00026805,6,888,0.15444,0.1483,1.0,0.0,0.0,,,-0.01,0.00706,-0.00107,-0.00703,0.0,0.0
210,215040,-4.50083,375.0,0.0,0.0,1.405484,-0.003801,0.000524,0.003197,0.268717,0.037772,0.984957,17.149212,5.605567,16.831144,5.753701,4.0,0.0002679,1,898,0.16699,0.15569,1.0,0.0,0.0,,,-0.01,0.00921,-0.00141,-0.00713,0.0,0.0
211,216064,-4.93647,375.0,0.0,0.0,1.443902,-0.003828,0.000564,0.004587,0.285433,0.042585,0.984424,17.224209,5.718428,16.898129,5.802008,4.0,0.00026774,1,879,0.15109,0.14174,1.0,0.0,0.0,,,-0.01,0.00906,-0.00143,-0.00623,0.0,0.0
212,217088,-4.18353,375.0,0.0,0.0,1.377679,-0.004289,0.000845,0.003492,0.233498,0.037912,0.975594,16.37529,5.562126,16.053667,5.723825,4.0,0.00026759,6,885,0.17062,0.16699,1.0,0.0,0.0,,,-0.01,0.00676,-0.0016,-0.01113,0.0,0.0
213,218112,-3.03094,375.0,0.0,0.0,1.383795,-0.00423,0.000416,0.004759,0.273756,0.054687,0.988306,16.501207,5.762809,16.305174,5.782372,4.0,0.00026744,1,889,0.16225,0.14802,1.0,0.0,0.0,,,-0.01,0.01015,-0.00177,-0.00322,0.0,0.0
214,219136,-5.0571,375.0,0.0,0.0,1.324313,-0.003339,0.000337,0.003795,0.238684,0.039132,0.99121,16.873655,5.948585,16.719616,5.973141,4.0,0.00026728,2,892,0.14035,0.12388,1.0,0.0,0.0,,,-0.01,0.01197,-0.00135,-0.00107,0.0,0.0
215,220160,-1.5263,375.0,0.0,0.0,1.250778,-0.002818,0.000674,0.002701,0.235135,0.026855,0.982873,16.177805,5.894206,15.952786,6.050132,4.0,0.00026713,5,840,0.18792,0.17829,1.0,0.0,0.0,,,-0.01,0.00772,-0.00157,-0.00706,0.0,0.0
216,221184,0.58858,375.0,0.0,0.0,1.331831,-0.002891,0.000538,0.003269,0.275995,0.036447,0.985295,15.885442,5.80773,15.648959,5.783916,4.0,0.00026698,1,864,0.16839,0.1529,1.0,0.0,0.0,,,-0.01,0.00759,-0.00164,-0.00337,0.0,0.0
217,222208,-4.48154,375.0,0.0,0.0,1.349024,-0.003769,0.000476,0.003765,0.248797,0.04133,0.987291,16.166594,5.810063,15.904157,5.801239,4.0,0.00026682,4,873,0.14537,0.13253,1.0,0.0,0.0,,,-0.01,0.00684,-0.00144,-0.00321,0.0,0.0
218,223232,-2.73691,375.0,0.0,0.0,1.326668,-0.003401,0.000594,0.002912,0.247738,0.037249,0.984626,15.434016,5.867423,15.205514,5.923149,4.0,0.00026667,3,889,0.19015,0.18234,1.0,0.0,0.0,,,-0.01,0.00531,-0.0018,-0.00523,0.0,0.0
219,224256,-2.51526,375.0,0.0,0.0,1.373943,-0.002896,0.000406,0.003315,0.262669,0.037214,0.989645,15.614869,5.966938,15.460425,5.973279,4.0,0.00026652,1,808,0.16127,0.14788,1.0,0.0,0.0,,,-0.01,0.00894,-0.00153,-0.00183,0.0,0.0
220,225280,-2.42406,375.0,0.0,0.0,1.393569,-0.00388,0.000395,0.005755,0.305631,0.079102,0.990414,15.758479,6.095963,15.595091,6.099254,4.0,0.00026636,4,875,0.15653,0.14774,1.0,0.0,0.0,,,-0.01,0.00928,-0.00145,-0.0014,0.0,0.0
221,226304,-2.24073,375.0,0.0,0.0,1.402141,-0.003796,0.000491,0.003752,0.261138,0.046596,0.986701,14.993854,5.702226,14.782609,5.739527,4.0,0.00026621,3,884,0.17815,0.1695,1.0,0.0,1.0,,,-0.01,0.00719,-0.00164,-0.0042,0.0,0.0
222,227328,-3.10597,375.0,0.0,0.0,1.413292,-0.003911,0.000326,0.004501,0.264072,0.054269,0.991597,15.163162,5.795109,14.97922,5.838722,4.0,0.00026605,1,890,0.14983,0.13909,1.0,0.0,0.0,,,-0.01,0.00899,-0.00134,-0.00188,0.0,0.0
223,228352,-1.80207,375.0,0.0,0.0,1.347669,-0.002854,0.000268,0.003225,0.223763,0.02832,0.992717,15.453642,5.921099,15.351312,5.8538,4.0,0.0002659,4,843,0.13993,0.12374,1.0,0.0,1.0,,,-0.01,0.00889,-0.00102,-0.00044,0.0,0.0
224,229376,-2.24707,375.0,0.0,0.0,1.348271,-0.00237,0.00057,0.004109,0.258579,0.046073,0.985593,14.928372,5.807021,14.656015,5.908845,4.0,0.00026575,3,871,0.19392,0.18304,1.0,0.0,0.0,,,-0.01,0.00736,-0.00169,-0.00727,0.0,0.0
225,230400,-1.57849,375.0,0.0,0.0,1.316581,-0.002645,0.000358,0.002711,0.250099,0.016078,0.99069,15.06297,5.869529,14.859511,5.866411,4.0,0.00026559,2,865,0.16685,0.15513,1.0,0.0,0.0,,,-0.01,0.01016,-0.00162,-0.00393,0.0,0.0
226,231424,-3.18701,375.0,0.0,0.0,1.253041,-0.002883,0.000389,0.003592,0.229079,0.034598,0.990039,15.084361,5.932353,14.991336,5.939596,4.0,0.00026544,3,878,0.15332,0.14342,1.0,0.0,0.0,,,-0.01,0.01027,-0.00151,-0.00214,0.0,0.0
227,232448,-1.4098,375.0,0.0,0.0,1.335715,-0.003885,0.00046,0.00429,0.258371,0.049561,0.98832,14.394023,5.838718,14.17856,5.850265,4.0,0.00026529,3,887,0.18624,0.17955,1.0,0.0,0.0,,,-0.01,0.00741,-0.00167,-0.00362,0.0,0.0
228,233472,-2.28901,375.0,0.0,0.0,1.300416,-0.003079,0.000331,0.003851,0.246774,0.040946,0.991401,14.514607,5.760622,14.330763,5.772113,4.0,0.00026513,2,865,0.17132,0.16127,1.0,0.0,0.0,,,-0.01,0.00919,-0.00166,-0.00145,0.0,0.0
229,234496,-1.77362,375.0,0.0,0.0,1.264772,-0.003425,0.000355,0.00577,0.272824,0.076835,0.990158,14.432189,5.713844,14.301323,5.641573,4.0,0.00026498,4,866,0.13198,0.11942,1.0,0.0,0.0,,,-0.01,0.0076,-0.00107,-0.00049,0.0,0.0
230,235520,-2.967,375.0,0.0,0.0,1.289581,-0.003789,0.000374,0.003429,0.226168,0.036691,0.989283,13.793675,5.673431,13.658503,5.573165,4.0,0.00026483,2,867,0.14523,0.13644,1.0,0.0,0.0,,,-0.01,0.00768,-0.00129,-5e-05,0.0,0.0
231,236544,-1.65305,375.0,0.0,0.0,1.307314,-0.004101,0.000332,0.004408,0.25442,0.048479,0.990281,13.998712,5.601351,13.844745,5.500826,4.0,0.00026467,2,868,0.12333,0.11537,1.0,0.0,0.0,,,-0.01,0.00762,-0.001,0.00076,0.0,0.0
232,237568,-1.74258,375.0,0.0,0.0,1.297791,-0.002557,0.000344,0.003134,0.238633,0.033378,0.989911,14.270739,5.589364,14.117373,5.49664,4.0,0.00026452,4,823,0.11077,0.09849,1.0,0.0,0.0,,,-0.01,0.0055,-0.00075,-0.0009,0.0,0.0
233,238592,-0.71952,375.0,0.0,0.0,1.353386,-0.004503,0.000344,0.004053,0.255639,0.05399,0.989012,13.70462,5.330645,13.514352,5.224157,4.0,0.00026436,2,857,0.13937,0.1317,1.0,0.0,0.0,,,-0.01,0.0057,-0.00136,-0.00089,0.0,0.0
234,239616,-2.45909,375.0,0.0,0.0,1.342641,-0.003682,0.000206,0.004174,0.24441,0.043527,0.992704,13.808831,5.14993,13.648734,5.015415,4.0,0.00026421,2,874,0.13895,0.12863,1.0,0.0,0.0,,,-0.01,0.00651,-0.00133,0.00105,0.0,0.0
235,240640,-2.04436,375.0,0.0,0.0,1.319081,-0.003467,0.00027,0.004053,0.251546,0.041051,0.990925,13.721571,5.101131,13.545599,5.03335,4.0,0.00026406,5,879,0.13797,0.13044,1.0,0.0,0.0,,,-0.01,0.00596,-0.0013,-0.00024,0.0,0.0
236,241664,-1.57851,375.0,0.0,0.0,1.318504,-0.003263,0.000284,0.00376,0.274153,0.040248,0.990008,13.102414,4.932633,12.887902,4.873061,4.0,0.0002639,2,766,0.16755,0.15667,1.0,0.0,0.0,,,-0.01,0.00517,-0.00183,-0.00171,0.0,0.0
237,242688,-1.71337,375.0,0.0,0.0,1.282583,-0.003902,0.000327,0.00404,0.256275,0.049003,0.987587,13.350832,4.848895,13.188147,4.762148,4.0,0.00026375,1,833,0.11872,0.11272,1.0,0.0,0.0,,,-0.01,0.00703,-0.0011,-0.00146,0.0,0.0
238,243712,-2.96627,375.0,0.0,0.0,1.209112,-0.003118,0.000244,0.004539,0.253003,0.047049,0.990643,13.325652,4.836864,13.217575,4.749013,4.0,0.0002636,5,820,0.11579,0.11105,1.0,0.0,0.0,,,-0.01,0.00508,-0.00085,-0.00096,0.0,0.0
239,244736,-2.00443,375.0,0.0,0.0,1.202327,-0.003577,0.000177,0.003882,0.232349,0.04248,0.991943,12.869965,4.718989,12.751597,4.549769,4.0,0.00026344,2,866,0.09738,0.09333,1.0,0.0,0.0,,,-0.01,0.0056,-0.00062,0.00167,0.0,0.0
240,245760,-1.54246,375.0,0.0,0.0,1.179773,-0.003384,0.00016,0.003071,0.259202,0.034668,0.992475,13.135496,4.565163,13.028414,4.413431,4.0,0.00026329,1,839,0.09375,0.09012,1.0,0.0,0.0,,,-0.01,0.00699,-0.00071,0.0024,0.0,0.0
241,246784,-1.42098,375.0,0.0,0.0,1.1564,-0.00327,0.000285,0.002569,0.23559,0.025216,0.987464,13.106328,4.505805,12.961331,4.384604,4.0,0.00026314,5,855,0.11147,0.10938,1.0,0.0,1.0,,,-0.01,0.00556,-0.0009,-0.00049,0.0,0.0
242,247808,-1.21983,375.0,0.0,0.0,1.154095,-0.003549,0.000342,0.004989,0.249318,0.067732,0.984076,12.783212,4.249772,12.616692,4.206548,4.0,0.00026298,2,891,0.13714,0.13337,1.0,0.0,0.0,,,-0.01,0.0058,-0.00122,-0.0018,0.0,0.0
243,248832,-0.99139,375.0,0.0,0.0,1.165242,-0.00188,0.000292,0.002218,0.19991,0.015276,0.986261,13.122171,4.184434,12.926641,4.145811,4.0,0.00026283,1,896,0.11509,0.1123,1.0,0.0,0.0,,,-0.01,0.00716,-0.00101,-0.00152,0.0,0.0
244,249856,-3.54306,375.0,0.0,0.0,1.090866,-0.003755,0.000351,0.003339,0.212907,0.030204,0.983925,12.74302,4.237378,12.55464,4.221387,4.0,0.00026268,5,846,0.12095,0.1183,1.0,0.0,1.0,,,-0.01,0.0051,-0.00091,-0.0038,0.0,0.0
245,250880,-0.19335,375.0,0.0,0.0,1.07852,-0.002595,0.000243,0.004691,0.277942,0.063686,0.987668,12.320742,4.117228,12.164708,4.050656,4.0,0.00026252,2,869,0.08301,0.08022,1.0,0.0,0.0,,,-0.01,0.00659,-0.00044,-0.00117,0.0,0.0
246,251904,-7.21476,375.0,0.0,0.0,1.016664,-0.00274,0.000265,0.002909,0.229586,0.027867,0.986042,12.567968,4.053323,12.442507,3.983643,4.0,0.00026237,1,892,0.05943,0.05804,1.0,0.0,0.0,,,-0.01,0.00721,-0.00017,-0.00054,0.0,0.0
247,252928,-0.90412,375.0,0.0,0.0,1.04202,-0.003413,0.000324,0.003459,0.268154,0.038295,0.983517,12.234475,4.103677,12.096625,4.008705,4.0,0.00026221,5,874,0.06138,0.05929,1.0,0.0,0.0,,,-0.01,0.00508,-0.00019,-0.00099,0.0,0.0
248,253952,-3.5314,375.0,0.0,0.0,1.038852,-0.002882,0.000215,0.003381,0.243249,0.036865,0.986013,12.024137,3.892576,11.947061,3.726945,4.0,0.00026206,2,884,0.06013,0.05301,1.0,0.0,0.0,,,-0.01,0.00646,-0.00011,0.00224,0.0,0.0
249,254976,-1.63123,375.0,0.0,0.0,1.004975,-0.002209,0.000178,0.001992,0.243345,0.023368,0.988037,12.440134,3.64465,12.348261,3.530825,4.0,0.00026191,1,846,0.04897,0.04478,1.0,0.0,0.0,,,-0.01,0.00743,-5e-05,0.00283,0.0,0.0
250,256000,-0.64937,375.0,0.0,0.0,1.020439,-0.004003,0.000287,0.003836,0.273443,0.049491,0.9816,11.854878,3.646109,11.735735,3.56992,4.0,0.00026175,6,862,0.05204,0.05078,1.0,0.0,1.0,,,-0.01,0.00565,0.00015,0.00033,0.0,0.0
251,257024,-0.04214,375.0,0.0,0.0,1.047052,-0.003702,0.000271,0.003834,0.229368,0.043736,0.979616,11.635841,3.385186,11.519211,3.317182,4.0,0.0002616,1,885,0.06041,0.05608,1.0,0.0,0.0,,,-0.01,0.00732,-6e-05,-0.00031,0.0,0.0
252,258048,-0.43732,375.0,0.0,0.0,1.02936,-0.004846,0.000192,0.004438,0.253366,0.054757,0.984277,12.040299,3.33093,11.946226,3.238408,4.0,0.00026145,1,895,0.05273,0.04506,1.0,0.0,0.0,,,-0.01,0.00792,-1e-05,0.00109,0.0,0.0
253,259072,-1.54934,375.0,0.0,0.0,1.058477,-0.003695,0.000249,0.005325,0.272955,0.069336,0.981171,11.620463,3.431194,11.544106,3.293089,4.0,0.00026129,6,844,0.0692,0.06264,1.0,0.0,0.0,,,-0.01,0.00537,-0.00017,0.00078,0.0,0.0
254,260096,0.02928,375.0,0.0,0.0,1.048868,-0.002977,0.000137,0.002859,0.232177,0.018311,0.987772,11.577901,3.153857,11.490071,3.048146,4.0,0.00026114,1,892,0.06027,0.05176,1.0,0.0,0.0,,,-0.01,0.00784,-9e-05,0.0025,0.0,0.0
255,261120,-0.70183,375.0,0.0,0.0,0.998239,-0.003794,0.000174,0.003343,0.23599,0.034842,0.984948,11.842173,3.193517,11.760959,3.094155,4.0,0.00026099,2,892,0.05385,0.04855,1.0,0.0,0.0,,,-0.01,0.00808,-0.00017,0.00204,0.0,0.0
256,262144,-0.19997,375.0,0.0,0.0,1.036463,-0.003822,0.000378,0.002656,0.247609,0.030622,0.971283,11.330161,3.141837,11.143915,3.153545,4.0,0.00026083,5,878,0.08161,0.07506,1.0,0.0,0.0,,,-0.01,0.00493,-0.00029,-0.00342,0.0,0.0
257,263168,-0.14545,375.0,0.0,0.0,1.046564,-0.003076,0.000311,0.002687,0.247901,0.030518,0.972756,11.324705,3.046584,11.188815,3.006869,4.0,0.00026068,1,832,0.06459,0.06041,1.0,0.0,0.0,,,-0.01,0.00653,-0.00015,-0.00064,0.0,0.0
258,264192,-3.83263,375.0,0.0,0.0,0.98145,-0.001929,0.000201,0.00261,0.239855,0.021275,0.981704,11.548305,2.981098,11.446866,2.930895,4.0,0.00026052,3,882,0.04604,0.04297,1.0,0.0,0.0,,,-0.01,0.00725,-0.00012,0.00106,0.0,0.0
259,265216,-0.72981,375.0,0.0,0.0,0.966585,-0.002864,0.000214,0.002964,0.226699,0.022287,0.977347,10.817842,2.939061,10.760056,2.793381,4.0,0.00026037,4,876,0.05511,0.05273,1.0,0.0,0.0,,,-0.01,0.00549,-1e-05,0.00235,0.0,0.0
260,266240,-1.68723,375.0,0.0,0.0,0.936735,-0.002989,0.000115,0.003804,0.263529,0.047398,0.986065,10.960761,2.744686,10.910728,2.63095,4.0,0.00026022,1,895,0.03571,0.0339,1.0,0.0,0.0,,,-0.01,0.00838,0.00018,0.00345,0.0,0.0
261,267264,0.23365,375.0,0.0,0.0,0.963933,-0.003444,0.000123,0.003255,0.267387,0.039376,0.984117,11.095075,2.662528,11.040602,2.538157,4.0,0.00026006,4,843,0.04032,0.04088,1.0,0.0,0.0,,,-0.01,0.00802,0.00026,0.00308,0.0,0.0
262,268288,0.46729,375.0,0.0,0.0,0.980575,-0.003396,0.000145,0.00343,0.224703,0.039167,0.977512,10.527002,2.460588,10.471885,2.334976,4.0,0.00025991,3,871,0.04813,0.04688,1.0,0.0,0.0,,,-0.01,0.00622,8e-05,0.00338,0.0,0.0
263,269312,0.21137,375.0,0.0,0.0,0.945773,-0.003616,0.00014,0.005398,0.243063,0.062186,0.977457,10.677318,2.315744,10.618281,2.23267,4.0,0.00025976,1,836,0.02651,0.02637,1.0,0.0,0.0,,,-0.01,0.00859,0.00012,0.00277,0.0,0.0
264,270336,0.44394,375.0,0.0,0.0,0.929268,-0.004461,0.000192,0.006315,0.33798,0.083601,0.969382,10.775868,2.302168,10.71671,2.213833,4.0,0.0002596,4,862,0.03767,0.03655,1.0,0.0,0.0,,,-0.01,0.00745,-2e-05,0.00276,0.0,0.0
265,271360,0.45703,375.0,0.0,0.0,0.936982,-0.005138,0.000166,0.005529,0.309715,0.077672,0.970071,10.401938,2.216336,10.339922,2.107401,4.0,0.00025945,3,848,0.0406,0.03557,1.0,0.0,0.0,,,-0.01,0.00674,9e-05,0.0027,0.0,0.0
266,272384,-0.50022,375.0,0.0,0.0,0.904637,-0.003321,0.000143,0.003775,0.26748,0.044887,0.971425,10.522271,2.112797,10.458937,2.00781,4.0,0.0002593,2,877,0.02748,0.02916,1.0,0.0,1.0,,,-0.01,0.00832,0.00021,0.00343,0.0,0.0
267,273408,0.06027,375.0,0.0,0.0,0.920018,-0.003097,0.000164,0.005373,0.293222,0.066406,0.96458,10.51652,2.039994,10.475563,1.927258,4.0,0.00025914,3,891,0.02651,0.02748,1.0,0.0,0.0,,,-0.01,0.00722,0.0002,0.00325,0.0,0.0
268,274432,0.47432,375.0,0.0,0.0,0.936288,-0.00187,0.000271,0.004267,0.31551,0.056152,0.939255,10.12358,1.87399,10.008,1.845259,4.0,0.00025899,3,885,0.03655,0.0346,1.0,0.0,0.0,,,-0.01,0.00666,8e-05,-0.00031,0.0,0.0
269,275456,0.43228,375.0,0.0,0.0,0.930655,-0.002252,0.000195,0.003649,0.253249,0.029157,0.951001,10.296453,1.806316,10.220918,1.75638,4.0,0.00025884,2,899,0.02818,0.0286,1.0,0.0,0.0,,,-0.01,0.00849,0.00015,0.0009,0.0,0.0
270,276480,-1.51439,375.0,0.0,0.0,0.934837,-0.003227,0.00018,0.003256,0.24955,0.02703,0.959714,10.319138,1.9082,10.253046,1.84601,4.0,0.00025868,4,852,0.04325,0.0459,1.0,0.0,0.0,,,-0.01,0.0072,-0.0001,0.00239,0.0,0.0
271,277504,0.49705,375.0,0.0,0.0,0.93237,-0.00361,0.000203,0.005384,0.352916,0.082206,0.949538,9.913413,1.797493,9.845571,1.747571,4.0,0.00025853,2,883,0.03878,0.03962,1.0,0.0,0.0,,,-0.01,0.00717,5e-05,0.00148,0.0,0.0
272,278528,0.35457,375.0,0.0,0.0,0.916285,-0.002126,0.000202,0.003722,0.276442,0.039272,0.945944,9.972859,1.761176,9.906738,1.704817,4.0,0.00025837,2,893,0.03139,0.03223,1.0,0.0,1.0,,,-0.01,0.00819,0.00014,0.00185,0.0,0.0
273,279552,-1.04037,375.0,0.0,0.0,0.927698,-0.003127,0.000193,0.002747,0.284182,0.025879,0.942533,10.02168,1.704329,9.962102,1.626318,4.0,0.00025822,4,874,0.03725,0.03697,1.0,0.0,1.0,,,-0.01,0.00743,5e-05,0.00197,0.0,0.0
274,280576,0.55245,375.0,0.0,0.0,0.898093,-0.00407,0.000141,0.006819,0.324358,0.089565,0.951106,9.767264,1.55761,9.717633,1.481564,4.0,0.00025807,2,852,0.03278,0.03027,1.0,0.0,0.0,,,-0.01,0.00766,0.00014,0.0032,0.0,0.0
275,281600,0.76867,375.0,0.0,0.0,0.883833,-0.003288,0.000142,0.004358,0.297586,0.054722,0.943082,9.919885,1.474605,9.893487,1.386941,4.0,0.00025791,2,881,0.02944,0.0293,1.0,0.0,0.0,,,-0.01,0.0085,0.00021,0.0035,0.0,0.0
276,282624,0.57061,375.0,0.0,0.0,0.902137,-0.004282,0.000136,0.004017,0.234437,0.047119,0.947827,9.922677,1.519516,9.901372,1.43282,4.0,0.00025776,4,891,0.04088,0.04185,1.0,0.0,0.0,,,-0.01,0.00728,0.00015,0.0034,0.0,0.0
277,283648,0.20755,375.0,0.0,0.0,0.927407,-0.004452,0.000125,0.005951,0.283436,0.077532,0.94013,9.71572,1.328719,9.690428,1.265537,4.0,0.00025761,3,885,0.04018,0.04185,1.0,0.0,0.0,,,-0.01,0.00797,-2e-05,0.00366,0.0,0.0
278,284672,0.67349,375.0,0.0,0.0,0.895312,-0.003514,0.000137,0.00519,0.333559,0.069336,0.918947,9.794142,1.229521,9.783432,1.142469,4.0,0.00025745,1,858,0.03432,0.03446,1.0,0.0,0.0,,,-0.01,0.00883,9e-05,0.00382,0.0,0.0
279,285696,0.73637,375.0,0.0,0.0,0.921666,-0.004705,0.000159,0.005515,0.244376,0.059361,0.902064,9.944989,1.188365,9.917001,1.10547,4.0,0.0002573,5,862,0.05859,0.06013,1.0,0.0,1.0,,,-0.01,0.00803,-0.0002,0.00337,0.0,0.0
280,286720,0.52124,375.0,0.0,0.0,0.896134,-0.002564,0.000131,0.005425,0.249848,0.064976,0.894866,9.715376,1.014952,9.656734,0.973324,4.0,0.00025715,2,889,0.05036,0.04939,1.0,0.0,1.0,,,-0.01,0.00773,-0.00014,0.00329,0.0,0.0
281,287744,0.70447,375.0,0.0,0.0,0.848096,-0.002875,8.1e-05,0.003071,0.268848,0.038295,0.925633,9.875293,0.960424,9.854601,0.920545,4.0,0.00025699,1,876,0.03753,0.03753,1.0,0.0,0.0,,,-0.01,0.00931,7e-05,0.00391,0.0,0.0
282,288768,0.64632,375.0,0.0,0.0,0.866586,-0.004431,0.000136,0.005271,0.313,0.075649,0.90842,9.775447,1.104315,9.758935,1.045337,4.0,0.00025684,5,862,0.04967,0.05036,1.0,0.0,0.0,,,-0.01,0.00698,9e-05,0.00336,0.0,0.0
283,289792,0.53141,375.0,0.0,0.0,0.851142,-0.004809,9.1e-05,0.005612,0.298175,0.075788,0.883523,9.533495,0.821857,9.492595,0.774753,4.0,0.00025668,2,833,0.04422,0.04325,1.0,0.0,0.0,,,-0.01,0.00767,-8e-05,0.00356,0.0,0.0
284,290816,0.39697,375.0,0.0,0.0,0.848861,-0.003044,8.7e-05,0.004627,0.308172,0.060512,0.867701,9.739248,0.748477,9.691203,0.712076,4.0,0.00025653,1,886,0.03041,0.03055,1.0,0.0,0.0,,,-0.01,0.00869,0.00016,0.00401,0.0,0.0
285,291840,0.49884,375.0,0.0,0.0,0.906491,-0.002007,0.000126,0.00366,0.222658,0.02546,0.857607,9.663682,0.823862,9.620653,0.808984,4.0,0.00025638,5,871,0.0678,0.0671,1.0,0.0,0.0,,,-0.01,0.00609,-0.00019,0.00326,0.0,0.0
286,292864,0.13613,375.0,0.0,0.0,0.887926,-0.002746,0.000204,0.003358,0.261984,0.044887,0.806888,9.481504,0.770213,9.388594,0.879553,4.0,0.00025622,2,881,0.04604,0.04381,1.0,0.0,1.0,,,-0.01,0.00735,-0.0001,0.00191,0.0,0.0
287,293888,0.51875,375.0,0.0,0.0,0.860773,-0.003236,0.000113,0.004925,0.279431,0.058036,0.880079,9.570514,0.78697,9.495278,0.809485,4.0,0.00025607,1,852,0.02818,0.02679,1.0,0.0,0.0,,,-0.01,0.00801,0.0001,0.00283,0.0,0.0
288,294912,0.26871,375.0,0.0,0.0,0.875557,-0.003416,0.000127,0.004037,0.233012,0.035714,0.88103,9.217952,0.889854,9.182031,0.879167,4.0,0.00025592,5,868,0.04939,0.05092,1.0,0.0,0.0,,,-0.01,0.00699,-4e-05,0.00327,0.0,0.0
289,295936,-1.12649,375.0,0.0,0.0,0.813815,-0.003008,0.000122,0.005053,0.281766,0.04977,0.85384,9.050777,0.750378,8.980387,0.787821,4.0,0.00025576,2,862,0.04032,0.03962,1.0,0.0,0.0,,,-0.01,0.00715,4e-05,0.00384,0.0,0.0
290,296960,0.40682,375.0,0.0,0.0,0.815439,-0.002415,9.8e-05,0.00426,0.219196,0.037249,0.882464,9.159265,0.770481,9.108306,0.810527,4.0,0.00025561,1,872,0.03278,0.03292,1.0,0.0,0.0,,,-0.01,0.00767,-0.0001,0.004,0.0,0.0
291,297984,0.30584,375.0,0.0,0.0,0.890309,-0.002331,0.000133,0.004542,0.270588,0.044329,0.891718,8.936528,0.905957,8.867685,0.945402,4.0,0.00025546,6,810,0.05413,0.05329,1.0,0.0,0.0,,,-0.01,0.00649,-0.0001,0.00272,0.0,0.0
292,299008,-0.28888,375.0,0.0,0.0,0.860061,-0.002038,8.3e-05,0.002862,0.26296,0.027448,0.931714,8.86199,0.900791,8.82303,0.962739,4.0,0.0002553,1,875,0.04562,0.04171,1.0,0.0,0.0,,,-0.01,0.00831,-2e-05,0.00354,0.0,0.0
293,300032,0.50748,375.0,0.0,0.0,0.852282,-0.002762,6.5e-05,0.003218,0.218788,0.032157,0.959086,9.007483,1.0292,8.943811,1.10314,4.0,0.00025515,1,881,0.03362,0.03446,1.0,0.0,0.0,,,-0.01,0.0077,3e-05,0.00405,0.0,0.0
294,301056,0.33185,375.0,0.0,0.0,0.882859,-0.003443,0.000147,0.004373,0.286572,0.058071,0.930423,8.692447,1.168905,8.659746,1.226272,4.0,0.000255,6,860,0.06194,0.06445,1.0,0.0,0.0,,,-0.01,0.0063,-5e-05,0.00306,0.0,0.0
295,302080,0.3203,375.0,0.0,0.0,0.843059,-0.004407,0.000106,0.00656,0.413624,0.111468,0.950875,8.659919,1.188101,8.599956,1.254452,4.0,0.00025484,1,818,0.02651,0.02762,1.0,0.0,0.0,,,-0.01,0.00753,0.00012,0.00367,0.0,0.0
296,303104,0.32303,375.0,0.0,0.0,0.883978,-0.002045,8.6e-05,0.005283,0.352842,0.070347,0.964067,8.751063,1.257659,8.704214,1.322742,4.0,0.00025469,2,854,0.02734,0.0272,1.0,0.0,0.0,,,-0.01,0.00779,0.00014,0.00413,0.0,0.0
297,304128,0.29407,375.0,0.0,0.0,0.933948,-0.00331,0.000162,0.004432,0.256364,0.054234,0.943338,8.511197,1.366568,8.455766,1.419861,4.0,0.00025453,5,862,0.05636,0.05315,1.0,0.0,0.0,,,-0.01,0.00645,-0.00013,0.00265,0.0,0.0
298,305152,0.61396,375.0,0.0,0.0,0.911156,-0.00169,7.4e-05,0.003811,0.275879,0.036133,0.974272,8.599307,1.382117,8.53856,1.424046,4.0,0.00025438,1,881,0.02651,0.02734,1.0,0.0,0.0,,,-0.01,0.0078,0.00013,0.00395,0.0,0.0
299,306176,0.44541,375.0,0.0,0.0,0.917093,-0.00164,6.9e-05,0.003089,0.241989,0.034842,0.976609,8.673738,1.391786,8.618215,1.441447,4.0,0.00025423,3,842,0.02958,0.03097,1.0,0.0,0.0,,,-0.01,0.00771,7e-05,0.00415,0.0,0.0
300,307200,0.33649,375.0,0.0,0.0,0.916395,-0.003706,0.00013,0.004112,0.235273,0.048619,0.964578,8.306246,1.545094,8.279318,1.597744,4.0,0.00025407,4,854,0.06194,0.0639,1.0,0.0,0.0,,,-0.01,0.00707,-6e-05,0.00332,0.0,0.0
301,308224,0.68484,375.0,0.0,0.0,0.899714,-0.002368,6.5e-05,0.004369,0.31864,0.045166,0.983189,8.384912,1.610242,8.327326,1.684512,4.0,0.00025392,1,879,0.02958,0.02916,1.0,0.0,0.0,,,-0.01,0.00795,0.0001,0.00389,0.0,0.0
302,309248,0.51298,375.0,0.0,0.0,0.921408,-0.002943,8.2e-05,0.005907,0.349538,0.097447,0.981077,8.408297,1.690114,8.352639,1.753079,4.0,0.00025377,4,857,0.03948,0.04185,1.0,0.0,0.0,,,-0.01,0.00742,-5e-05,0.00394,0.0,0.0
303,310272,0.22122,375.0,0.0,0.0,0.940097,-0.003451,0.000106,0.00423,0.274357,0.053153,0.976438,8.26066,1.70818,8.220511,1.762953,4.0,0.00025361,3,868,0.05636,0.05399,1.0,0.0,0.0,,,-0.01,0.00625,-0.0001,0.00333,0.0,0.0
304,311296,0.12719,375.0,0.0,0.0,0.907521,-0.003465,5.7e-05,0.006811,0.254613,0.086984,0.987881,8.368804,1.77775,8.324102,1.83587,4.0,0.00025346,1,868,0.03055,0.02985,1.0,0.0,0.0,,,-0.01,0.0093,0.00016,0.00383,0.0,0.0
305,312320,0.73606,375.0,0.0,0.0,0.923562,-0.003788,0.000184,0.00704,0.235764,0.091064,0.964596,8.307587,1.825528,8.199877,1.874075,4.0,0.00025331,4,855,0.0639,0.06487,1.0,0.0,0.0,,,-0.01,0.00812,-0.00024,0.00185,0.0,0.0
306,313344,0.92136,375.0,0.0,0.0,0.957831,-0.002522,0.000111,0.003162,0.27565,0.030727,0.978438,8.033238,1.815393,8.014943,1.859436,4.0,0.00025315,3,856,0.04953,0.04576,1.0,0.0,0.0,,,-0.01,0.00635,-2e-05,0.00302,0.0,0.0
307,314368,-0.95881,375.0,0.0,0.0,0.927726,-0.004208,6.2e-05,0.005317,0.317113,0.074707,0.988435,8.189082,1.864869,8.150855,1.9196,4.0,0.000253,2,864,0.03251,0.03348,1.0,0.0,0.0,,,-0.01,0.00932,0.00012,0.0041,0.0,0.0
308,315392,0.22487,375.0,0.0,0.0,0.923452,-0.003519,7.8e-05,0.005213,0.260265,0.059535,0.986931,8.199983,1.951742,8.157719,1.993184,4.0,0.00025284,3,840,0.03795,0.03934,1.0,0.0,0.0,,,-0.01,0.00692,0.00014,0.00386,0.0,0.0
309,316416,0.82797,375.0,0.0,0.0,0.91905,-0.002464,7.3e-05,0.002855,0.222582,0.019252,0.987422,8.062262,1.938438,8.032956,1.970683,4.0,0.00025269,3,862,0.03976,0.03948,1.0,0.0,0.0,,,-0.01,0.00789,-3e-05,0.00362,0.0,0.0
310,317440,1.00602,375.0,0.0,0.0,0.916263,-0.001848,4.7e-05,0.003881,0.246816,0.035575,0.992061,8.125372,1.967427,8.090521,2.004312,4.0,0.00025254,2,867,0.01925,0.02023,1.0,0.0,0.0,,,-0.01,0.0094,0.00019,0.00394,0.0,0.0
311,318464,0.92829,375.0,0.0,0.0,0.899181,-0.00131,9.5e-05,0.003874,0.182467,0.03125,0.984974,8.089735,2.014144,8.060816,2.046893,4.0,0.00025238,4,858,0.03139,0.03334,1.0,0.0,0.0,,,-0.01,0.00761,0.00021,0.00393,0.0,0.0
312,319488,0.78022,375.0,0.0,0.0,0.923226,-0.00315,8.3e-05,0.00304,0.226462,0.026402,0.986981,7.928611,2.037446,7.908178,2.064201,4.0,0.00025223,2,824,0.03195,0.03292,1.0,0.0,0.0,,,-0.01,0.00786,0.00017,0.00403,0.0,0.0
313,320512,0.7118,375.0,0.0,0.0,0.909143,-0.002478,7.5e-05,0.00416,0.266856,0.039516,0.98808,8.063802,1.996835,8.023169,2.027264,4.0,0.00025208,2,859,0.02762,0.02748,1.0,0.0,0.0,,,-0.01,0.00885,0.00019,0.0038,0.0,0.0
314,321536,0.89352,375.0,0.0,0.0,0.897208,-0.004027,9.1e-05,0.004548,0.214495,0.049491,0.986813,8.045343,2.088546,8.019094,2.135849,4.0,0.00025192,4,873,0.04757,0.04883,1.0,0.0,0.0,,,-0.01,0.00765,4e-05,0.00378,0.0,0.0
315,322560,0.91621,375.0,0.0,0.0,0.910207,-0.005106,7.2e-05,0.007709,0.407781,0.121373,0.989948,7.99959,2.114573,7.957526,2.15238,4.0,0.00025177,2,879,0.0353,0.03404,1.0,0.0,0.0,,,-0.01,0.00731,0.0001,0.00388,0.0,0.0
316,323584,0.58257,375.0,0.0,0.0,0.868104,-0.001082,5.1e-05,0.004387,0.200083,0.035435,0.993271,7.990079,2.197029,7.967209,2.226844,4.0,0.00025162,2,834,0.02734,0.02846,1.0,0.0,0.0,,,-0.01,0.00967,9e-05,0.00415,0.0,0.0
317,324608,0.83061,375.0,0.0,0.0,0.834656,-0.002276,8.9e-05,0.002273,0.201896,0.018869,0.989164,7.948312,2.264529,7.918604,2.298945,4.0,0.00025146,4,863,0.03906,0.03795,1.0,0.0,0.0,,,-0.01,0.00702,6e-05,0.00354,0.0,0.0
318,325632,0.85412,375.0,0.0,0.0,0.858689,-0.002675,9.2e-05,0.004255,0.219126,0.037702,0.98836,7.930436,2.229731,7.892396,2.254415,4.0,0.00025131,3,888,0.03599,0.03334,1.0,0.0,0.0,,,-0.01,0.00813,0.00011,0.00326,0.0,0.0
319,326656,0.60609,375.0,0.0,0.0,0.858071,-0.003883,6.5e-05,0.004386,0.24499,0.060163,0.991951,8.038555,2.240282,7.994901,2.26649,4.0,0.00025116,1,907,0.02483,0.02511,1.0,0.0,0.0,,,-0.01,0.00831,0.00016,0.00396,0.0,0.0
320,327680,0.46654,375.0,0.0,0.0,0.852948,-0.003487,9.5e-05,0.005958,0.324355,0.095529,0.988087,7.973238,2.23283,7.948535,2.261504,4.0,0.000251,5,862,0.03948,0.03934,1.0,0.0,0.0,,,-0.01,0.00698,3e-05,0.00333,0.0,0.0
321,328704,0.88868,375.0,0.0,0.0,0.882499,-0.001545,5.6e-05,0.003936,0.220126,0.034598,0.99299,7.931247,2.237416,7.904949,2.27497,4.0,0.00025085,2,841,0.02679,0.02804,1.0,0.0,0.0,,,-0.01,0.00828,9e-05,0.00402,0.0,0.0
322,329728,0.92463,375.0,0.0,0.0,0.828149,-0.003868,3.9e-05,0.003449,0.262443,0.038574,0.995087,8.025618,2.236756,7.998878,2.258253,4.0,0.00025069,1,897,0.02525,0.02553,1.0,0.0,0.0,,,-0.01,0.00878,0.00011,0.00412,0.0,0.0
323,330752,0.61168,375.0,0.0,0.0,0.821392,-0.001692,0.000129,0.002855,0.208726,0.022949,0.98437,7.9389,2.266587,7.92847,2.301132,4.0,0.00025054,5,882,0.03836,0.04157,1.0,0.0,0.0,,,-0.01,0.00678,0.0001,0.00381,0.0,0.0
324,331776,0.82933,375.0,0.0,0.0,0.790771,-0.002814,7.5e-05,0.003489,0.26988,0.047049,0.991043,7.883813,2.330205,7.848605,2.360166,4.0,0.00025039,2,893,0.02455,0.02414,1.0,0.0,0.0,,,-0.01,0.00815,0.00019,0.00383,0.0,0.0
325,332800,0.97874,375.0,0.0,0.0,0.788553,-0.002956,4.3e-05,0.004307,0.282016,0.034319,0.994901,7.941416,2.332739,7.912535,2.346026,4.0,0.00025023,1,859,0.02288,0.02107,1.0,0.0,0.0,,,-0.01,0.0092,0.00016,0.00382,0.0,0.0
326,333824,0.77317,375.0,0.0,0.0,0.791058,-0.002756,9.1e-05,0.004464,0.249239,0.05978,0.99002,7.835799,2.368572,7.833756,2.388662,4.0,0.00025008,5,885,0.04046,0.04395,1.0,0.0,0.0,,,-0.01,0.00676,-6e-05,0.00396,0.0,0.0
327,334848,0.80761,375.0,0.0,0.0,0.729505,-0.002322,5.1e-05,0.003025,0.198099,0.029367,0.994082,7.923151,2.300482,7.903213,2.319987,4.0,0.00024993,2,897,0.0219,0.02246,1.0,0.0,0.0,,,-0.01,0.00826,0.00021,0.00409,0.0,0.0
328,335872,0.35114,375.0,0.0,0.0,0.726665,-0.001322,3.8e-05,0.001867,0.193259,0.013184,0.99562,8.057427,2.291716,8.033792,2.315603,4.0,0.00024977,1,900,0.01869,0.01939,1.0,0.0,0.0,,,-0.01,0.00936,0.0002,0.00422,0.0,0.0
329,336896,0.87854,375.0,0.0,0.0,0.737547,-0.001676,8.5e-05,0.002157,0.193687,0.023333,0.99102,7.885506,2.388484,7.864872,2.418586,4.0,0.00024962,5,822,0.04269,0.0452,1.0,0.0,0.0,,,-0.01,0.00716,-3e-05,0.00381,0.0,0.0
330,337920,0.92105,375.0,0.0,0.0,0.705316,-0.001894,5.2e-05,0.00194,0.204033,0.02131,0.994716,7.776965,2.441197,7.767896,2.464505,4.0,0.00024947,2,891,0.02679,0.02762,1.0,0.0,0.0,,,-0.01,0.00841,0.00018,0.00407,0.0,0.0
331,338944,0.90601,375.0,0.0,0.0,0.686646,-0.002453,3.8e-05,0.002105,0.222156,0.014997,0.996017,7.920052,2.399366,7.895566,2.416669,4.0,0.00024931,1,904,0.02148,0.02107,1.0,0.0,0.0,,,-0.01,0.00958,0.00015,0.00403,0.0,0.0
332,339968,0.8659,375.0,0.0,0.0,0.717754,-0.002494,0.000167,0.002661,0.249975,0.025705,0.982504,7.751961,2.445903,7.724528,2.446565,4.0,0.00024916,5,873,0.05692,0.05608,1.0,0.0,0.0,,,-0.01,0.00694,-4e-05,0.00242,0.0,0.0
333,340992,0.94194,375.0,0.0,0.0,0.706385,-0.002667,0.000105,0.003724,0.246121,0.044573,0.988142,7.671523,2.394872,7.631375,2.414651,4.0,0.000249,2,855,0.03027,0.02902,1.0,0.0,0.0,,,-0.01,0.00818,4e-05,0.0035,0.0,0.0
334,342016,0.80913,375.0,0.0,0.0,0.683959,-0.00317,7e-05,0.003058,0.218665,0.03983,0.992707,7.743772,2.422171,7.711555,2.453429,4.0,0.00024885,1,887,0.02302,0.02274,1.0,0.0,0.0,,,-0.01,0.00911,0.00017,0.00385,0.0,0.0
335,343040,0.40505,375.0,0.0,0.0,0.781862,-0.002918,9.5e-05,0.003386,0.226049,0.03418,0.991035,7.531458,2.516637,7.524782,2.552076,4.0,0.0002487,6,872,0.0406,0.04464,1.0,0.0,1.0,,,-0.01,0.00652,9e-05,0.00361,0.0,0.0
336,344064,0.47523,375.0,0.0,0.0,0.757832,-0.002487,4.5e-05,0.0037,0.280934,0.049909,0.995779,7.64777,2.552069,7.628582,2.571761,4.0,0.00024854,1,881,0.02483,0.02483,1.0,0.0,0.0,,,-0.01,0.00855,0.00016,0.00411,0.0,0.0
337,345088,0.75316,375.0,0.0,0.0,0.739235,-0.00185,4.6e-05,0.003287,0.221362,0.030692,0.995641,7.769859,2.521419,7.753141,2.538224,4.0,0.00024839,1,891,0.02009,0.01953,1.0,0.0,0.0,,,-0.01,0.00967,0.00022,0.00402,0.0,0.0
338,346112,0.83992,375.0,0.0,0.0,0.748273,-0.002627,0.000106,0.003091,0.250831,0.036551,0.990505,7.569625,2.58129,7.561952,2.61134,4.0,0.00024824,6,852,0.03669,0.04129,1.0,0.0,0.0,,,-0.01,0.00589,6e-05,0.00388,0.0,0.0
339,347136,1.02899,375.0,0.0,0.0,0.676159,-0.002879,4.1e-05,0.005271,0.297363,0.074986,0.996133,7.665074,2.531327,7.651084,2.551835,4.0,0.00024808,1,899,0.01911,0.01869,1.0,0.0,0.0,,,-0.01,0.00915,0.00021,0.0041,0.0,0.0
340,348160,0.86286,375.0,0.0,0.0,0.65051,-0.001807,4.3e-05,0.003491,0.208107,0.035156,0.996033,7.774713,2.535156,7.757751,2.549694,4.0,0.00024793,2,895,0.01632,0.018,1.0,0.0,0.0,,,-0.01,0.01011,0.00018,0.00417,0.0,0.0
341,349184,1.00397,375.0,0.0,0.0,0.733335,-0.003043,9.9e-05,0.003323,0.207456,0.037702,0.991856,7.515723,2.69956,7.505327,2.698773,4.0,0.00024778,5,872,0.05064,0.04813,1.0,0.0,0.0,,,-0.01,0.00713,-1e-05,0.00333,0.0,0.0
342,350208,0.98871,375.0,0.0,0.0,0.68986,-0.001683,7.7e-05,0.002012,0.20286,0.013323,0.993184,7.610553,2.647449,7.58006,2.658659,4.0,0.00024762,1,848,0.03097,0.02999,1.0,0.0,0.0,,,-0.01,0.00964,2e-05,0.00374,0.0,0.0
343,351232,0.85767,375.0,0.0,0.0,0.668912,-0.001879,7.7e-05,0.002616,0.202741,0.021694,0.993416,7.631196,2.662441,7.607887,2.686025,4.0,0.00024747,4,889,0.03265,0.03306,1.0,0.0,0.0,,,-0.01,0.00889,-1e-05,0.00383,0.0,0.0
344,352256,0.8544,375.0,0.0,0.0,0.749743,-0.00161,6.7e-05,0.002854,0.222675,0.031599,0.994586,7.456038,2.702686,7.447484,2.732242,4.0,0.00024732,3,870,0.03432,0.03711,1.0,0.0,0.0,,,-0.01,0.00714,0.0001,0.00408,0.0,0.0
345,353280,0.9838,375.0,0.0,0.0,0.682158,-0.003006,4.8e-05,0.004367,0.324044,0.06264,0.996015,7.569803,2.671151,7.548826,2.688316,4.0,0.00024716,1,894,0.02469,0.02581,1.0,0.0,0.0,,,-0.01,0.00925,-4e-05,0.00414,0.0,0.0
346,354304,0.95936,375.0,0.0,0.0,0.625085,-0.002731,5.7e-05,0.003495,0.276329,0.041713,0.995405,7.63182,2.675769,7.608443,2.697706,4.0,0.00024701,4,844,0.02372,0.02595,1.0,0.0,0.0,,,-0.01,0.00863,0.00011,0.00372,0.0,0.0
347,355328,0.98048,375.0,0.0,0.0,0.699621,-0.002257,5.8e-05,0.003018,0.250709,0.036203,0.99564,7.418335,2.782796,7.406005,2.803617,4.0,0.00024685,3,836,0.02609,0.02762,1.0,0.0,0.0,,,-0.01,0.00739,0.00018,0.00385,0.0,0.0
348,356352,0.87511,375.0,0.0,0.0,0.64452,-0.000657,2.8e-05,0.003384,0.318597,0.038121,0.997852,7.571208,2.742928,7.548412,2.757352,4.0,0.0002467,2,898,0.02051,0.02134,1.0,0.0,0.0,,,-0.01,0.00916,0.00021,0.00414,0.0,0.0
349,357376,1.02647,375.0,0.0,0.0,0.637037,-0.004105,8.7e-05,0.003327,0.236036,0.046038,0.993053,7.62313,2.711584,7.575835,2.730283,4.0,0.00024655,3,896,0.04506,0.04408,1.0,0.0,0.0,,,-0.01,0.00755,-2e-05,0.00361,0.0,0.0
350,358400,0.70888,375.0,0.0,0.0,0.652685,-0.003744,5.7e-05,0.004142,0.266515,0.05978,0.995602,7.435716,2.75845,7.415102,2.778254,4.0,0.00024639,3,846,0.03655,0.03599,1.0,0.0,0.0,,,-0.01,0.0077,-4e-05,0.00381,0.0,0.0
351,359424,0.75914,375.0,0.0,0.0,0.624582,-0.000968,4.9e-05,0.00285,0.244903,0.032436,0.99615,7.491984,2.738081,7.484876,2.752796,4.0,0.00024624,2,855,0.02107,0.02232,1.0,0.0,0.0,,,-0.01,0.00953,0.00015,0.00415,0.0,0.0
352,360448,0.92057,375.0,0.0,0.0,0.628485,-0.002483,5.2e-05,0.003086,0.251074,0.03547,0.996065,7.543434,2.759182,7.529929,2.779999,4.0,0.00024609,4,887,0.03767,0.03864,1.0,0.0,0.0,,,-0.01,0.00849,7e-05,0.00377,0.0,0.0
353,361472,1.02305,375.0,0.0,0.0,0.63858,-0.001603,5.6e-05,0.002424,0.252712,0.025739,0.995954,7.340656,2.853848,7.328286,2.884615,4.0,0.00024593,2,842,0.04157,0.04283,1.0,0.0,0.0,,,-0.01,0.00834,-0.00016,0.00408,0.0,0.0
354,362496,1.06757,375.0,0.0,0.0,0.617787,-0.00295,6.2e-05,0.002792,0.20179,0.039132,0.995488,7.395889,2.855954,7.376296,2.88632,4.0,0.00024578,2,865,0.04102,0.0392,1.0,0.0,0.0,,,-0.01,0.0092,-9e-05,0.00371,0.0,0.0
355,363520,0.80073,375.0,0.0,0.0,0.635086,-0.004006,6.2e-05,0.00303,0.243586,0.037807,0.995641,7.429873,2.885997,7.4136,2.908987,4.0,0.00024563,4,859,0.04618,0.04701,1.0,0.0,0.0,,,-0.01,0.00772,-0.00021,0.00356,0.0,0.0
356,364544,0.93307,375.0,0.0,0.0,0.631896,-0.002669,6.9e-05,0.001863,0.223441,0.020368,0.995344,7.315072,2.896389,7.295559,2.90711,4.0,0.00024547,2,877,0.04199,0.04088,1.0,0.0,0.0,,,-0.01,0.00819,1e-05,0.00366,0.0,0.0
357,365568,0.87359,375.0,0.0,0.0,0.593311,-0.002384,5.1e-05,0.003043,0.24872,0.037912,0.996244,7.419347,2.830343,7.415307,2.841927,4.0,0.00024532,2,889,0.02539,0.02693,1.0,0.0,0.0,,,-0.01,0.00903,0.00015,0.00417,0.0,0.0
358,366592,0.86342,375.0,0.0,0.0,0.620358,-0.001219,5.7e-05,0.002021,0.222416,0.020299,0.996093,7.474926,2.892045,7.470632,2.907649,4.0,0.00024516,4,879,0.03892,0.04157,1.0,0.0,0.0,,,-0.01,0.0077,-1e-05,0.00405,0.0,0.0
359,367616,0.64216,375.0,0.0,0.0,0.55886,-0.001307,3.3e-05,0.002342,0.216573,0.028983,0.997694,7.384404,2.867325,7.381302,2.884707,4.0,0.00024501,3,862,0.02693,0.02902,1.0,0.0,0.0,,,-0.01,0.00887,0.00013,0.00415,0.0,0.0
360,368640,1.08585,375.0,0.0,0.0,0.493149,-0.001883,2.4e-05,0.00327,0.224911,0.036482,0.998317,7.429339,2.859601,7.425954,2.877538,4.0,0.00024486,1,891,0.02302,0.02427,1.0,0.0,0.0,,,-0.01,0.00967,0.00016,0.00417,0.0,0.0
361,369664,1.20538,375.0,0.0,0.0,0.514566,-0.002322,5.8e-05,0.002129,0.208767,0.024728,0.996048,7.411096,2.871987,7.414314,2.882963,4.0,0.0002447,5,876,0.03334,0.03753,1.0,0.0,0.0,,,-0.01,0.00829,9e-05,0.00382,0.0,0.0
362,370688,1.19312,375.0,0.0,0.0,0.49661,-0.003397,5.5e-05,0.002881,0.185046,0.032157,0.996198,7.374466,2.85131,7.377062,2.866717,4.0,0.00024455,2,875,0.02427,0.02637,1.0,0.0,0.0,,,-0.01,0.00895,0.00017,0.00397,0.0,0.0
363,371712,1.27054,375.0,0.0,0.0,0.469439,-0.002222,2.9e-05,0.002193,0.166494,0.025216,0.997893,7.51814,2.781585,7.511479,2.798045,4.0,0.0002444,1,853,0.01911,0.01953,1.0,0.0,0.0,,,-0.01,0.00978,0.00022,0.00419,0.0,0.0
364,372736,1.16996,375.0,0.0,0.0,0.51225,-0.00232,6.2e-05,0.00389,0.204589,0.048619,0.995922,7.42379,2.904961,7.421534,2.928097,4.0,0.00024424,5,876,0.04199,0.04632,1.0,0.0,0.0,,,-0.01,0.0081,7e-05,0.00402,0.0,0.0
365,373760,1.14632,375.0,0.0,0.0,0.478724,-0.001009,3.9e-05,0.001636,0.200468,0.012939,0.99758,7.394521,2.934524,7.394109,2.95194,4.0,0.00024409,2,889,0.03195,0.0332,1.0,0.0,0.0,,,-0.01,0.00896,0.00018,0.00417,0.0,0.0
366,374784,1.16121,375.0,0.0,0.0,0.430729,-0.002016,2.5e-05,0.00152,0.204596,0.016113,0.998383,7.508302,2.910936,7.506187,2.928385,4.0,0.00024394,1,900,0.01939,0.02023,1.0,0.0,0.0,,,-0.01,0.00999,0.00018,0.00422,0.0,0.0
367,375808,1.28791,375.0,0.0,0.0,0.469779,-0.000817,4.4e-05,0.001875,0.175141,0.011928,0.997186,7.474151,2.936262,7.474824,2.958523,4.0,0.00024378,5,847,0.03488,0.03878,1.0,0.0,0.0,,,-0.01,0.00787,9e-05,0.00403,0.0,0.0
368,376832,1.15093,375.0,0.0,0.0,0.46204,-0.002319,2.8e-05,0.003331,0.313903,0.050398,0.998198,7.437853,2.944794,7.433889,2.969552,4.0,0.00024363,2,889,0.01939,0.02093,1.0,0.0,0.0,,,-0.01,0.00968,0.00015,0.0042,0.0,0.0
369,377856,1.39276,375.0,0.0,0.0,0.407242,-0.003398,2.1e-05,0.004042,0.253776,0.061419,0.998599,7.570122,2.90584,7.568214,2.921308,4.0,0.00024348,1,904,0.01535,0.01618,1.0,0.0,0.0,,,-0.01,0.01039,0.00017,0.00425,0.0,0.0
370,378880,1.33553,375.0,0.0,0.0,0.476217,-0.00164,4.5e-05,0.001862,0.176622,0.015939,0.997197,7.465211,2.975426,7.463745,2.998464,4.0,0.00024332,5,869,0.02637,0.03069,1.0,0.0,0.0,,,-0.01,0.00793,0.00011,0.00411,0.0,0.0
371,379904,1.32678,375.0,0.0,0.0,0.454703,-0.001236,2.4e-05,0.000728,0.170421,0.003313,0.998451,7.450666,2.955992,7.448078,2.973196,4.0,0.00024317,2,897,0.02232,0.02427,1.0,0.0,0.0,,,-0.01,0.00938,0.00022,0.0042,0.0,0.0
372,380928,1.20592,375.0,0.0,0.0,0.415572,-0.002956,3.1e-05,0.001889,0.20736,0.02131,0.997978,7.554475,2.948605,7.546958,2.975751,4.0,0.00024301,1,885,0.01939,0.02023,1.0,0.0,0.0,,,-0.01,0.01036,0.00015,0.00423,0.0,0.0
373,381952,1.29087,375.0,0.0,0.0,0.468543,-0.001067,5.2e-05,0.001892,0.201471,0.025391,0.996878,7.425985,3.044245,7.417073,3.064807,4.0,0.00024286,5,883,0.02706,0.03111,1.0,0.0,0.0,,,-0.01,0.0075,0.00012,0.00402,0.0,0.0
374,382976,1.43504,375.0,0.0,0.0,0.440551,-0.001498,3.7e-05,0.001218,0.195445,0.012591,0.997753,7.408298,3.046463,7.403217,3.062639,4.0,0.00024271,2,903,0.02274,0.02386,1.0,0.0,0.0,,,-0.01,0.00933,0.00015,0.00411,0.0,0.0
375,384000,1.05297,375.0,0.0,0.0,0.343894,-0.001141,1.7e-05,0.001329,0.181373,0.016462,0.998899,7.572445,2.9855,7.560845,2.997404,4.0,0.00024255,1,908,0.01451,0.01535,1.0,0.0,0.0,,,-0.01,0.01005,0.0002,0.00423,0.0,0.0
376,385024,1.11093,375.0,0.0,0.0,0.448918,-0.002074,6.7e-05,0.002675,0.26931,0.038504,0.996052,7.397999,3.048839,7.389292,3.056056,4.0,0.0002424,6,838,0.02846,0.03237,1.0,0.0,0.0,,,-0.01,0.00709,0.00012,0.00354,0.0,0.0
377,386048,1.21157,375.0,0.0,0.0,0.4026,-0.001101,2.1e-05,0.001678,0.202293,0.02567,0.998685,7.405977,2.984013,7.405388,3.000554,4.0,0.00024225,1,906,0.01772,0.01897,1.0,0.0,0.0,,,-0.01,0.00973,0.00016,0.00425,0.0,0.0
378,387072,1.3949,375.0,0.0,0.0,0.37002,-0.002076,2.3e-05,0.001554,0.233777,0.017683,0.998542,7.518846,2.952259,7.513613,2.968805,4.0,0.00024209,1,900,0.0127,0.01367,1.0,0.0,0.0,,,-0.01,0.0104,0.00022,0.00423,0.0,0.0
379,388096,1.20937,375.0,0.0,0.0,0.469334,-0.001145,6.2e-05,0.00166,0.217697,0.01552,0.99639,7.373372,3.036133,7.373497,3.060123,4.0,0.00024194,6,881,0.03502,0.0399,1.0,0.0,0.0,,,-0.01,0.00731,0.00012,0.00398,0.0,0.0
380,389120,1.43366,375.0,0.0,0.0,0.433039,-0.001294,2.5e-05,0.002059,0.225201,0.028634,0.998457,7.460121,3.003097,7.459514,3.02827,4.0,0.00024179,1,866,0.01674,0.0173,1.0,0.0,0.0,,,-0.01,0.01005,0.00024,0.00422,0.0,0.0
381,390144,1.37581,375.0,0.0,0.0,0.386904,-0.00102,2.2e-05,0.001491,0.201165,0.01859,0.998633,7.582082,2.998972,7.582503,3.017583,4.0,0.00024163,2,893,0.0173,0.01897,1.0,0.0,0.0,,,-0.01,0.0105,0.00023,0.0042,0.0,0.0
382,391168,1.30127,375.0,0.0,0.0,0.468047,-0.002213,5.9e-05,0.001587,0.216655,0.018869,0.996642,7.355855,3.089911,7.357583,3.100782,4.0,0.00024148,5,872,0.0466,0.04869,1.0,0.0,0.0,,,-0.01,0.00705,-5e-05,0.00384,0.0,0.0
383,392192,1.36051,375.0,0.0,0.0,0.432006,-0.002278,2.5e-05,0.004475,0.29204,0.069824,0.998411,7.466373,3.02737,7.459843,3.045079,4.0,0.00024132,1,894,0.01521,0.0159,1.0,0.0,0.0,,,-0.01,0.01021,0.00018,0.00422,0.0,0.0
384,393216,1.38308,375.0,0.0,0.0,0.453898,-0.001612,3.7e-05,0.002627,0.241824,0.029157,0.997767,7.503196,3.008323,7.498604,3.032929,4.0,0.00024117,4,839,0.02483,0.02748,1.0,0.0,0.0,,,-0.01,0.01006,0.00016,0.00413,0.0,0.0
385,394240,1.08412,375.0,0.0,0.0,0.481057,-0.001902,4.4e-05,0.001675,0.203146,0.012486,0.997601,7.343234,3.102266,7.344064,3.112149,4.0,0.00024102,3,777,0.02888,0.03181,1.0,0.0,0.0,,,-0.01,0.00714,0.00018,0.00411,0.0,0.0
386,395264,1.43305,375.0,0.0,0.0,0.423947,-0.001743,1.9e-05,0.002277,0.164187,0.015485,0.99887,7.483347,3.036628,7.480077,3.052424,4.0,0.00024086,1,846,0.01688,0.018,1.0,0.0,0.0,,,-0.01,0.01013,0.00025,0.00423,0.0,0.0
387,396288,1.25522,375.0,0.0,0.0,0.432601,-0.002032,5.5e-05,0.002582,0.177295,0.028146,0.996802,7.534139,3.060921,7.511029,3.076796,4.0,0.00024071,4,833,0.0353,0.03362,1.0,0.0,0.0,,,-0.01,0.00912,0.00014,0.00338,0.0,0.0
388,397312,1.18815,375.0,0.0,0.0,0.544132,-0.005009,4.2e-05,0.002981,0.244622,0.0369,0.997791,7.311707,3.204099,7.299777,3.206008,4.0,0.00024056,3,839,0.04464,0.04381,1.0,0.0,0.0,,,-0.01,0.00763,6e-05,0.00373,0.0,0.0
389,398336,0.39648,375.0,0.0,0.0,0.522706,-0.006626,7.3e-05,0.002231,0.273874,0.027658,0.995585,7.397095,3.184072,7.376708,3.159172,4.0,0.0002404,2,806,0.06362,0.06362,1.0,0.0,0.0,,,-0.01,0.01007,-0.00039,0.00363,0.0,0.0
390,399360,1.32318,375.0,0.0,0.0,0.528177,-0.002084,5.8e-05,0.002781,0.249801,0.038086,0.996553,7.430526,3.140456,7.392858,3.127099,4.0,0.00024025,3,835,0.07506,0.07533,1.0,0.0,0.0,,,-0.01,0.00845,-0.00069,0.00328,0.0,0.0
391,400384,0.46536,375.0,0.0,0.0,0.576305,-0.003402,9.9e-05,0.003282,0.235421,0.037946,0.994155,7.26758,3.095232,7.227847,3.09191,4.0,0.0002401,3,825,0.06836,0.06515,1.0,0.0,1.0,,,-0.01,0.00874,-0.00029,0.00222,0.0,0.0
392,401408,0.50716,375.0,0.0,0.0,0.509782,-0.003679,4.8e-05,0.002397,0.232625,0.025042,0.997202,7.30059,3.039964,7.271992,3.058982,4.0,0.00023994,2,848,0.03934,0.03669,1.0,0.0,0.0,,,-0.01,0.00899,0.0001,0.00352,0.0,0.0
393,402432,1.07411,375.0,0.0,0.0,0.524579,-0.00234,3.8e-05,0.002323,0.238854,0.029367,0.997816,7.329557,3.054998,7.315279,3.07577,4.0,0.00023979,4,797,0.03237,0.03516,1.0,0.0,0.0,,,-0.01,0.00821,0.0001,0.00415,0.0,0.0
394,403456,0.11235,375.0,0.0,0.0,0.594548,-0.001348,4e-05,0.003406,0.316131,0.039202,0.997824,7.233617,3.08968,7.221765,3.106315,4.0,0.00023964,2,831,0.03599,0.03767,1.0,0.0,0.0,,,-0.01,0.00835,0.00014,0.00392,0.0,0.0
395,404480,0.81814,375.0,0.0,0.0,0.525231,-0.00196,3.5e-05,0.00385,0.27561,0.054862,0.998118,7.367753,3.094894,7.352654,3.11739,4.0,0.00023948,2,826,0.02846,0.02999,1.0,0.0,0.0,,,-0.01,0.00966,0.0001,0.00389,0.0,0.0
396,405504,1.15393,375.0,0.0,0.0,0.512854,-0.001236,3.4e-05,0.002182,0.241522,0.020612,0.998154,7.369268,3.112716,7.369362,3.127317,4.0,0.00023933,4,829,0.03195,0.03585,1.0,0.0,0.0,,,-0.01,0.0082,7e-05,0.00408,0.0,0.0
397,406528,1.06648,375.0,0.0,0.0,0.513602,-0.002835,3.6e-05,0.00238,0.203761,0.026367,0.99806,7.214475,3.116296,7.213998,3.134175,4.0,0.00023917,2,813,0.0293,0.03097,1.0,0.0,0.0,,,-0.01,0.00895,0.00016,0.00415,0.0,0.0
398,407552,1.03963,375.0,0.0,0.0,0.460929,-0.002333,3.2e-05,0.004402,0.280221,0.05821,0.998277,7.332043,3.088238,7.323217,3.103814,4.0,0.00023902,2,814,0.0286,0.02804,1.0,0.0,0.0,,,-0.01,0.0094,0.00013,0.00389,0.0,0.0
399,408576,1.22765,375.0,0.0,0.0,0.488939,-0.001385,3.2e-05,0.001467,0.200869,0.01566,0.998304,7.380835,3.134096,7.378911,3.148466,4.0,0.00023887,4,822,0.03237,0.03516,1.0,0.0,0.0,,,-0.01,0.00797,0.00022,0.00407,0.0,0.0
400,409600,1.12191,375.0,0.0,0.0,0.523499,-0.000596,1.9e-05,0.002388,0.230731,0.016497,0.998972,7.312202,3.155547,7.306806,3.169446,4.0,0.00023871,3,836,0.02469,0.02651,1.0,0.0,0.0,,,-0.01,0.00901,0.00012,0.00421,0.0,0.0
401,410624,0.75795,375.0,0.0,0.0,0.463538,-0.002867,2.4e-05,0.003378,0.296431,0.045864,0.99877,7.387621,3.126863,7.383478,3.138845,4.0,0.00023856,1,794,0.02874,0.02902,1.0,0.0,0.0,,,-0.01,0.00939,8e-05,0.00405,0.0,0.0
402,411648,1.24171,375.0,0.0,0.0,0.460514,-0.001637,4.8e-05,0.002242,0.221755,0.02689,0.997483,7.408652,3.140341,7.407009,3.16519,4.0,0.00023841,5,830,0.03446,0.03823,1.0,0.0,0.0,,,-0.01,0.00863,0.00014,0.00408,0.0,0.0
403,412672,0.98073,375.0,0.0,0.0,0.482519,-0.001639,3.7e-05,0.002028,0.191792,0.020229,0.998096,7.256707,3.21639,7.247692,3.232203,4.0,0.00023825,2,834,0.02804,0.03097,1.0,0.0,0.0,,,-0.01,0.00899,7e-05,0.00423,0.0,0.0
404,413696,1.47962,375.0,0.0,0.0,0.466144,-0.002404,2.5e-05,0.002711,0.277389,0.034563,0.998643,7.35855,3.175423,7.361503,3.19243,4.0,0.0002381,1,881,0.02497,0.02595,1.0,0.0,0.0,,,-0.01,0.00973,0.00023,0.0042,0.0,0.0
405,414720,1.2536,375.0,0.0,0.0,0.500516,-0.001071,4.4e-05,0.001104,0.18594,0.00565,0.997815,7.316656,3.21425,7.312907,3.237788,4.0,0.00023795,5,862,0.04464,0.04939,1.0,0.0,0.0,,,-0.01,0.00834,-3e-05,0.00401,0.0,0.0
406,415744,1.36363,375.0,0.0,0.0,0.484818,-0.002382,3.8e-05,0.00212,0.252084,0.02553,0.998013,7.223811,3.262985,7.201393,3.292714,4.0,0.00023779,2,890,0.04241,0.04436,1.0,0.0,0.0,,,-0.01,0.0086,-0.00028,0.00404,0.0,0.0
407,416768,1.17975,375.0,0.0,0.0,0.4491,-0.001711,2.3e-05,0.002171,0.238782,0.024693,0.998843,7.267221,3.286618,7.252289,3.307994,4.0,0.00023764,1,896,0.02679,0.02818,1.0,0.0,0.0,,,-0.01,0.00962,4e-05,0.00425,0.0,0.0
408,417792,0.84747,375.0,0.0,0.0,0.461708,-0.001784,4.3e-05,0.001605,0.210756,0.015939,0.997921,7.198138,3.306419,7.209041,3.31064,4.0,0.00023748,5,883,0.03599,0.03934,1.0,0.0,0.0,,,-0.01,0.00772,0.0001,0.00395,0.0,0.0
409,418816,1.26296,375.0,0.0,0.0,0.471429,-0.001134,1.9e-05,0.001424,0.217247,0.013218,0.999061,7.254241,3.196761,7.252913,3.211449,4.0,0.00023733,2,853,0.01814,0.01967,1.0,0.0,0.0,,,-0.01,0.00933,0.00021,0.00415,0.0,0.0
410,419840,1.3118,375.0,0.0,0.0,0.442621,-0.001754,1.8e-05,0.00285,0.267758,0.033726,0.999069,7.387528,3.169754,7.389317,3.180975,4.0,0.00023718,1,879,0.024,0.02455,1.0,0.0,0.0,,,-0.01,0.01036,0.0002,0.0042,0.0,0.0
411,420864,1.34214,375.0,0.0,0.0,0.499524,-0.002816,3.5e-05,0.003411,0.26068,0.044085,0.998256,7.262212,3.249071,7.262905,3.263319,4.0,0.00023702,5,879,0.03585,0.0406,1.0,0.0,0.0,,,-0.01,0.00788,-0.0,0.004,0.0,0.0
412,421888,1.27922,375.0,0.0,0.0,0.471633,-0.002922,2.7e-05,0.004424,0.235874,0.057687,0.998632,7.266719,3.206326,7.254732,3.21747,4.0,0.00023687,2,880,0.03111,0.03251,1.0,0.0,0.0,,,-0.01,0.00945,-0.00018,0.00415,0.0,0.0
413,422912,0.90053,375.0,0.0,0.0,0.413052,-0.002247,2.3e-05,0.002399,0.25107,0.027902,0.998781,7.366033,3.191759,7.363984,3.212116,4.0,0.00023672,1,861,0.0166,0.01758,1.0,0.0,0.0,,,-0.01,0.01034,0.00021,0.00425,0.0,0.0
414,423936,1.2358,375.0,0.0,0.0,0.45221,-0.002922,0.000148,0.001916,0.185531,0.016183,0.992725,7.203925,3.243984,7.170115,3.247392,4.0,0.00023656,5,850,0.0498,0.05176,1.0,0.0,0.0,,,-0.01,0.00736,-0.00013,0.00257,0.0,0.0
415,424960,1.26274,375.0,0.0,0.0,0.441088,-0.001651,6.3e-05,0.002639,0.191862,0.027972,0.996628,7.2109,3.210197,7.181995,3.226638,4.0,0.00023641,2,879,0.04534,0.04129,1.0,0.0,0.0,,,-0.01,0.00867,-1e-05,0.00282,0.0,0.0
416,425984,1.1826,375.0,0.0,0.0,0.414417,-0.001799,2.3e-05,0.001541,0.180067,0.017718,0.998798,7.323233,3.180741,7.304313,3.193829,4.0,0.00023626,1,888,0.03209,0.03292,1.0,0.0,0.0,,,-0.01,0.00961,-0.00014,0.00423,0.0,0.0
417,427008,0.35233,375.0,0.0,0.0,0.459719,-0.001884,4e-05,0.004645,0.231839,0.065011,0.998015,7.210109,3.236285,7.213093,3.251034,4.0,0.0002361,6,867,0.03376,0.03906,1.0,0.0,1.0,,,-0.01,0.00749,0.0001,0.00405,0.0,0.0
418,428032,1.26219,375.0,0.0,0.0,0.431247,-0.002709,2.6e-05,0.001846,0.20122,0.018101,0.998714,7.25616,3.254147,7.261313,3.266264,4.0,0.00023595,1,860,0.01869,0.02009,1.0,0.0,0.0,,,-0.01,0.0099,0.00028,0.00427,0.0,0.0
419,429056,1.24391,375.0,0.0,0.0,0.401602,-0.002639,2.1e-05,0.003176,0.319587,0.046491,0.998929,7.368933,3.235747,7.373679,3.254257,4.0,0.0002358,1,902,0.01688,0.01772,1.0,0.0,0.0,,,-0.01,0.01063,0.0003,0.00425,0.0,0.0
420,430080,1.46233,375.0,0.0,0.0,0.453502,-0.002724,3.6e-05,0.004456,0.361524,0.060372,0.998332,7.277568,3.290844,7.284586,3.307535,4.0,0.00023564,6,874,0.03823,0.04311,1.0,0.0,0.0,,,-0.01,0.0075,0.0001,0.00401,0.0,0.0
421,431104,1.38033,375.0,0.0,0.0,0.429994,-0.001765,1.8e-05,0.003028,0.24482,0.042934,0.999147,7.353895,3.262853,7.351228,3.283571,4.0,0.00023549,1,891,0.02469,0.02567,1.0,0.0,0.0,,,-0.01,0.01022,5e-05,0.00423,0.0,0.0
422,432128,1.47921,375.0,0.0,0.0,0.421844,-0.00147,1.5e-05,0.003254,0.273846,0.043841,0.999295,7.419682,3.285547,7.417941,3.306671,4.0,0.00023533,2,848,0.02023,0.02176,1.0,0.0,0.0,,,-0.01,0.01061,0.00015,0.00418,0.0,0.0
423,433152,1.40693,375.0,0.0,0.0,0.483068,-0.002233,5.8e-05,0.002265,0.215178,0.018659,0.997455,7.162693,3.395933,7.169112,3.410989,4.0,0.00023518,5,845,0.04492,0.05022,1.0,0.0,0.0,,,-0.01,0.00711,4e-05,0.00369,0.0,0.0
424,434176,0.96358,375.0,0.0,0.0,0.46733,-0.002657,3.3e-05,0.0013,0.230646,0.009208,0.998531,7.228907,3.327614,7.21939,3.335185,4.0,0.00023503,1,879,0.02455,0.0219,1.0,0.0,0.0,,,-0.01,0.00974,0.00011,0.00383,0.0,0.0
425,435200,1.34854,375.0,0.0,0.0,0.451121,-0.002731,2.4e-05,0.002907,0.232261,0.02839,0.998852,7.346714,3.28823,7.335834,3.293439,4.0,0.00023487,3,872,0.02065,0.0226,1.0,0.0,0.0,,,-0.01,0.00944,0.00016,0.00412,0.0,0.0
426,436224,0.92025,375.0,0.0,0.0,0.512065,-0.002125,3.2e-05,0.001734,0.248344,0.010289,0.998602,7.142865,3.357296,7.13235,3.370007,4.0,0.00023472,4,829,0.03237,0.03655,1.0,0.0,0.0,,,-0.01,0.00692,0.00011,0.00404,0.0,0.0
427,437248,0.55766,375.0,0.0,0.0,0.451652,-0.002867,2.7e-05,0.003225,0.287945,0.040074,0.998716,7.177404,3.364084,7.168176,3.360689,4.0,0.00023457,1,880,0.02958,0.02888,1.0,0.0,0.0,,,-0.01,0.00996,9e-05,0.00399,0.0,0.0
428,438272,1.06654,375.0,0.0,0.0,0.389882,-0.002417,3.7e-05,0.002449,0.333403,0.033691,0.998272,7.242244,3.322628,7.229478,3.34088,4.0,0.00023441,4,883,0.02483,0.02846,1.0,0.0,0.0,,,-0.01,0.00916,0.00021,0.00413,0.0,0.0
429,439296,1.19317,375.0,0.0,0.0,0.443571,-0.002592,4.3e-05,0.00253,0.230379,0.035958,0.998053,7.140357,3.336886,7.130939,3.345597,4.0,0.00023426,3,886,0.03013,0.03209,1.0,0.0,0.0,,,-0.01,0.00737,0.00015,0.00412,0.0,0.0
430,440320,0.941,375.0,0.0,0.0,0.389505,-0.002486,2.8e-05,0.0038,0.264097,0.057199,0.998559,7.29024,3.236791,7.286323,3.253062,4.0,0.00023411,1,859,0.01869,0.01953,1.0,0.0,0.0,,,-0.01,0.01018,0.00022,0.00425,0.0,0.0
431,441344,1.2527,375.0,0.0,0.0,0.435806,-0.001092,2.5e-05,0.001863,0.232203,0.021101,0.998762,7.318996,3.299436,7.31145,3.317338,4.0,0.00023395,4,876,0.02344,0.02734,1.0,0.0,0.0,,,-0.01,0.00915,0.0002,0.00411,0.0,0.0
432,442368,1.28721,375.0,0.0,0.0,0.504493,-0.002547,2.6e-05,0.003664,0.27718,0.050572,0.998906,7.156575,3.398353,7.153653,3.4107,4.0,0.0002338,3,879,0.02804,0.03041,1.0,0.0,0.0,,,-0.01,0.00826,0.00011,0.00412,0.0,0.0
433,443392,1.30437,375.0,0.0,0.0,0.444153,-0.000626,1.2e-05,0.002494,0.242086,0.025914,0.999465,7.295304,3.367933,7.288377,3.380699,4.0,0.00023364,2,892,0.01897,0.02079,1.0,0.0,0.0,,,-0.01,0.01002,0.00023,0.0042,0.0,0.0
434,444416,1.31375,375.0,0.0,0.0,0.406822,-0.001525,2.3e-05,0.001823,0.182408,0.014474,0.998998,7.342499,3.359412,7.336745,3.372813,4.0,0.00023349,3,878,0.02679,0.02944,1.0,0.0,0.0,,,-0.01,0.00838,0.00021,0.00418,0.0,0.0
435,445440,1.2934,375.0,0.0,0.0,0.458151,-0.002143,4.1e-05,0.001956,0.202846,0.020159,0.998195,7.234254,3.360054,7.220977,3.372001,4.0,0.00023334,3,762,0.03223,0.03474,1.0,0.0,0.0,,,-0.01,0.00881,0.00015,0.00408,0.0,0.0
436,446464,1.42308,375.0,0.0,0.0,0.429926,-0.002478,3e-05,0.002397,0.201179,0.027065,0.998597,7.322942,3.3211,7.304001,3.322559,4.0,0.00023318,2,842,0.02776,0.02902,1.0,0.0,0.0,,,-0.01,0.00958,3e-05,0.00414,0.0,0.0
437,447488,1.05747,375.0,0.0,0.0,0.442635,-0.001699,2.6e-05,0.002037,0.176217,0.025042,0.998839,7.337941,3.344792,7.332509,3.354905,4.0,0.00023303,4,834,0.03251,0.03627,1.0,0.0,0.0,,,-0.01,0.00828,9e-05,0.00406,0.0,0.0
438,448512,1.19046,375.0,0.0,0.0,0.445968,-0.001148,3e-05,0.003989,0.338479,0.057373,0.998753,7.266549,3.407897,7.251463,3.41031,4.0,0.00023288,2,818,0.01981,0.02176,1.0,0.0,0.0,,,-0.01,0.00885,0.00011,0.00418,0.0,0.0
439,449536,1.29925,375.0,0.0,0.0,0.402997,-0.001989,2.5e-05,0.003006,0.299638,0.039586,0.99899,7.263494,3.404361,7.24562,3.417156,4.0,0.00023272,2,799,0.02037,0.02246,1.0,0.0,0.0,,,-0.01,0.0093,0.00019,0.0042,0.0,0.0
440,450560,1.00447,375.0,0.0,0.0,0.385787,-0.002338,3.6e-05,0.002919,0.170105,0.043806,0.99856,7.210102,3.432667,7.196079,3.443304,4.0,0.00023257,4,832,0.01744,0.02093,1.0,0.0,0.0,,,-0.01,0.00821,0.00022,0.00414,0.0,0.0
441,451584,1.28994,375.0,0.0,0.0,0.428791,-0.002223,1.5e-05,0.002234,0.20573,0.019706,0.999398,7.113759,3.429866,7.109885,3.442693,4.0,0.00023242,2,822,0.01646,0.01897,1.0,0.0,0.0,,,-0.01,0.00941,0.00027,0.00413,0.0,0.0
442,452608,1.40859,375.0,0.0,0.0,0.437344,-0.001865,2.5e-05,0.001267,0.225263,0.012277,0.998942,7.17445,3.382908,7.169207,3.394159,4.0,0.00023226,2,832,0.02107,0.02288,1.0,0.0,0.0,,,-0.01,0.00958,0.00018,0.00415,0.0,0.0
443,453632,1.33827,375.0,0.0,0.0,0.469447,-0.00244,3.1e-05,0.00218,0.219976,0.018764,0.998727,7.123145,3.411452,7.110715,3.422,4.0,0.00023211,5,785,0.0346,0.03823,1.0,0.0,0.0,,,-0.01,0.00829,0.00012,0.00413,0.0,0.0
444,454656,1.20302,375.0,0.0,0.0,0.478855,-0.00232,3e-05,0.002964,0.234886,0.041539,0.998704,7.021051,3.402336,7.011676,3.41557,4.0,0.00023196,2,840,0.02693,0.02958,1.0,0.0,0.0,,,-0.01,0.00864,0.00017,0.00418,0.0,0.0
445,455680,0.64298,375.0,0.0,0.0,0.461378,-0.001926,1.8e-05,0.003589,0.253611,0.049282,0.999272,7.090806,3.439327,7.08092,3.450958,4.0,0.0002318,1,830,0.02372,0.02511,1.0,0.0,0.0,,,-0.01,0.00959,0.00015,0.00425,0.0,0.0
446,456704,1.17166,375.0,0.0,0.0,0.465654,-0.001171,2.6e-05,0.001637,0.22573,0.013497,0.998984,7.071311,3.471612,7.061031,3.481823,4.0,0.00023165,5,819,0.03557,0.0399,1.0,0.0,0.0,,,-0.01,0.00805,5e-05,0.00405,0.0,0.0
447,457728,1.23162,375.0,0.0,0.0,0.436032,-0.003159,2.2e-05,0.00382,0.222095,0.035924,0.99915,6.99517,3.520182,6.990265,3.530501,4.0,0.00023149,2,809,0.01786,0.01967,1.0,0.0,0.0,,,-0.01,0.00902,0.00018,0.00417,0.0,0.0
448,458752,1.09811,375.0,0.0,0.0,0.393761,-0.001105,2.9e-05,0.00106,0.186231,0.005092,0.998645,7.107487,3.480105,7.088795,3.508152,4.0,0.00023134,1,848,0.03571,0.03641,1.0,0.0,0.0,,,-0.01,0.00962,-0.00033,0.00424,0.0,0.0
449,459776,1.25417,375.0,0.0,0.0,0.455452,-0.00457,4.4e-05,0.002906,0.229387,0.034703,0.998154,7.015064,3.560539,6.999633,3.58713,4.0,0.00023119,5,864,0.04576,0.05008,1.0,0.0,0.0,,,-0.01,0.00748,-0.00045,0.00403,0.0,0.0
450,460800,0.14905,375.0,0.0,0.0,0.453074,-0.001929,2.3e-05,0.002728,0.225894,0.02839,0.999068,6.963657,3.553357,6.952725,3.568499,4.0,0.00023103,2,891,0.02762,0.02916,1.0,0.0,0.0,,,-0.01,0.00894,-0.00021,0.00415,0.0,0.0
451,461824,0.94219,375.0,0.0,0.0,0.408519,-0.002429,1.5e-05,0.001902,0.206461,0.018345,0.999405,7.11598,3.447595,7.117133,3.456875,4.0,0.00023088,1,888,0.01088,0.01172,1.0,0.0,0.0,,,-0.01,0.01015,0.00021,0.00422,0.0,0.0
452,462848,1.29418,375.0,0.0,0.0,0.447863,-0.001831,3e-05,0.002819,0.216957,0.029192,0.998848,7.054883,3.49339,7.055923,3.499924,4.0,0.00023073,5,870,0.02274,0.02665,1.0,0.0,0.0,,,-0.01,0.00741,0.0001,0.00406,0.0,0.0
453,463872,1.34134,375.0,0.0,0.0,0.424174,-0.002935,2.1e-05,0.002531,0.279804,0.033203,0.999166,7.105948,3.443912,7.099971,3.454065,4.0,0.00023057,2,893,0.01842,0.02009,1.0,0.0,0.0,,,-0.01,0.00948,0.00011,0.00422,0.0,0.0
454,464896,1.14584,375.0,0.0,0.0,0.376462,-0.001429,1e-05,0.001804,0.21575,0.024135,0.999584,7.213759,3.429292,7.209142,3.442998,4.0,0.00023042,1,902,0.01046,0.0113,1.0,0.0,0.0,,,-0.01,0.01041,0.00021,0.00425,0.0,0.0
455,465920,1.20778,375.0,0.0,0.0,0.463381,-0.002069,2.4e-05,0.00282,0.226427,0.027204,0.999072,7.053185,3.535971,7.047115,3.539423,4.0,0.00023027,5,838,0.02748,0.03251,1.0,0.0,0.0,,,-0.01,0.00749,0.00015,0.00396,0.0,0.0
456,466944,1.37475,375.0,0.0,0.0,0.46042,-0.001645,2.9e-05,0.002644,0.273925,0.026437,0.9989,7.006046,3.51081,6.997025,3.517231,4.0,0.00023011,2,889,0.02121,0.02232,1.0,0.0,0.0,,,-0.01,0.00921,0.00024,0.00406,0.0,0.0
457,467968,1.15977,375.0,0.0,0.0,0.423905,-0.002507,2e-05,0.00234,0.19311,0.025286,0.999283,7.078895,3.477186,7.067403,3.477075,4.0,0.00022996,1,889,0.0219,0.02302,1.0,0.0,0.0,,,-0.01,0.00975,0.00027,0.0042,0.0,0.0
458,468992,1.08995,375.0,0.0,0.0,0.476599,-0.002658,4e-05,0.002277,0.244139,0.023751,0.998542,6.968632,3.588267,6.958634,3.596945,4.0,0.0002298,6,878,0.0353,0.03878,1.0,0.0,0.0,,,-0.01,0.00706,0.00011,0.00382,0.0,0.0
459,470016,1.50302,375.0,0.0,0.0,0.446457,-0.001029,2.7e-05,0.001429,0.191124,0.0128,0.998991,6.973302,3.597999,6.962051,3.592479,4.0,0.00022965,1,853,0.02079,0.02204,1.0,0.0,0.0,,,-0.01,0.00915,0.00019,0.0042,0.0,0.0
460,471040,0.26073,375.0,0.0,0.0,0.418473,-0.001468,2.7e-05,0.001996,0.174948,0.02267,0.999007,7.050505,3.565511,7.041378,3.56929,4.0,0.0002295,1,833,0.01814,0.01911,1.0,0.0,0.0,,,-0.01,0.01032,0.00017,0.00417,0.0,0.0
461,472064,1.20789,375.0,0.0,0.0,0.47797,-0.001398,3.5e-05,0.001327,0.2091,0.010638,0.99877,6.920995,3.604562,6.912895,3.613281,4.0,0.00022934,6,873,0.02553,0.03069,1.0,0.0,0.0,,,-0.01,0.00759,0.00011,0.00402,0.0,0.0
462,473088,1.40544,375.0,0.0,0.0,0.47682,-0.001684,1.3e-05,0.001607,0.240611,0.013358,0.999552,6.950422,3.577668,6.941933,3.587152,4.0,0.00022919,1,896,0.02148,0.02246,1.0,0.0,0.0,,,-0.01,0.00955,0.00019,0.00415,0.0,0.0
463,474112,1.30046,375.0,0.0,0.0,0.435166,-0.001708,1.4e-05,0.001262,0.227908,0.015276,0.999508,7.034511,3.540113,7.029915,3.55005,4.0,0.00022904,2,819,0.01995,0.02065,1.0,0.0,0.0,,,-0.01,0.00999,0.00018,0.00419,0.0,0.0
464,475136,1.21283,375.0,0.0,0.0,0.47354,-0.001655,3.4e-05,0.001541,0.226557,0.017753,0.998837,6.897151,3.631904,6.883438,3.641076,4.0,0.00022888,5,796,0.03153,0.03669,1.0,0.0,0.0,,,-0.01,0.00716,0.00014,0.00391,0.0,0.0
465,476160,1.37123,375.0,0.0,0.0,0.414657,-0.00105,2.1e-05,0.001961,0.248535,0.020996,0.999238,6.908813,3.611507,6.905381,3.618396,4.0,0.00022873,1,840,0.01507,0.01618,1.0,0.0,0.0,,,-0.01,0.01003,0.0002,0.00422,0.0,0.0
466,477184,1.15657,375.0,0.0,0.0,0.408507,-0.002268,4.2e-05,0.001081,0.264645,0.010707,0.998287,6.938392,3.577898,6.926467,3.579388,4.0,0.00022858,3,837,0.02665,0.02916,1.0,0.0,0.0,,,-0.01,0.01,-3e-05,0.00413,0.0,0.0
467,478208,1.39731,375.0,0.0,0.0,0.486115,-0.004608,7.5e-05,0.003111,0.260277,0.029332,0.997205,6.688092,3.604231,6.676187,3.603799,4.0,0.00022842,4,783,0.03418,0.03627,1.0,0.0,0.0,,,-0.01,0.00706,0.0,0.00326,0.0,0.0
468,479232,1.00715,375.0,0.0,0.0,0.430488,-0.002472,4.5e-05,0.002629,0.333239,0.031843,0.998282,6.741371,3.51256,6.729493,3.520665,4.0,0.00022827,1,815,0.01772,0.01855,1.0,0.0,0.0,,,-0.01,0.01,0.00019,0.00395,0.0,0.0
469,480256,0.93472,375.0,0.0,0.0,0.427331,-0.002738,3.5e-05,0.003535,0.234431,0.050781,0.998737,6.833972,3.573966,6.824247,3.579319,4.0,0.00022812,4,839,0.02079,0.02427,1.0,0.0,0.0,,,-0.01,0.00922,0.00025,0.00408,0.0,0.0
470,481280,0.92394,375.0,0.0,0.0,0.508006,-0.003422,4.4e-05,0.00447,0.253131,0.058489,0.998411,6.721398,3.641519,6.697698,3.63651,4.0,0.00022796,3,823,0.03348,0.03669,1.0,0.0,0.0,,,-0.01,0.00703,-0.00031,0.00391,0.0,0.0
471,482304,1.20951,375.0,0.0,0.0,0.407423,-0.002984,3.8e-05,0.002636,0.226095,0.033936,0.998503,6.843843,3.640059,6.821095,3.669564,4.0,0.00022781,1,793,0.03948,0.04046,1.0,0.0,0.0,,,-0.01,0.00949,-0.00041,0.00413,0.0,0.0
472,483328,0.61332,375.0,0.0,0.0,0.395044,-0.003056,4.7e-05,0.002745,0.25028,0.040667,0.998328,6.834997,3.795453,6.814663,3.83002,4.0,0.00022765,4,813,0.04032,0.04395,1.0,0.0,0.0,,,-0.01,0.00792,-0.0004,0.00403,0.0,0.0
473,484352,1.31727,375.0,0.0,0.0,0.448912,-0.002849,4.4e-05,0.00319,0.251267,0.050084,0.998476,6.58565,3.918504,6.575175,3.939068,4.0,0.0002275,3,829,0.03878,0.04102,1.0,0.0,0.0,,,-0.01,0.00771,-0.00035,0.00396,0.0,0.0
474,485376,-0.22523,375.0,0.0,0.0,0.433924,-0.001771,2.7e-05,0.001988,0.264348,0.023996,0.999092,6.792825,3.737083,6.789207,3.746959,4.0,0.00022735,2,820,0.02246,0.02414,1.0,0.0,0.0,,,-0.01,0.00977,0.0001,0.00418,0.0,0.0
475,486400,1.1966,375.0,0.0,0.0,0.436802,-0.002626,4.5e-05,0.001826,0.213954,0.017508,0.998451,6.834636,3.729368,6.835655,3.724931,4.0,0.00022719,3,770,0.02288,0.02679,1.0,0.0,0.0,,,-0.01,0.00844,0.00026,0.00409,0.0,0.0
476,487424,1.25425,375.0,0.0,0.0,0.436802,-0.003077,3.3e-05,0.002344,0.233793,0.028146,0.998868,6.753002,3.76864,6.756816,3.758103,4.0,0.00022704,3,849,0.01925,0.02204,1.0,0.0,0.0,,,-0.01,0.00811,0.00015,0.00415,0.0,0.0
477,488448,1.19001,375.0,0.0,0.0,0.375786,-0.001945,1.1e-05,0.001586,0.204673,0.020926,0.9996,6.907995,3.692227,6.903409,3.700426,4.0,0.00022689,2,898,0.01828,0.02023,1.0,0.0,0.0,,,-0.01,0.00977,0.00027,0.00421,0.0,0.0
478,489472,1.11159,375.0,0.0,0.0,0.409099,-0.003432,4.1e-05,0.003288,0.268105,0.049456,0.998686,6.895244,3.709928,6.883484,3.713501,4.0,0.00022673,4,891,0.03181,0.03585,1.0,0.0,0.0,,,-0.01,0.00844,0.00011,0.00402,0.0,0.0
479,490496,1.29621,375.0,0.0,0.0,0.483601,-0.003527,7.4e-05,0.003154,0.291994,0.038051,0.9975,6.71346,3.734442,6.693292,3.741297,4.0,0.00022658,2,888,0.03083,0.0332,1.0,0.0,0.0,,,-0.01,0.00863,-0.0001,0.0042,0.0,0.0
480,491520,1.22436,375.0,0.0,0.0,0.403988,-0.00299,4.3e-05,0.002474,0.241341,0.030413,0.998511,6.775716,3.721946,6.763429,3.727721,4.0,0.00022643,2,873,0.02469,0.02693,1.0,0.0,0.0,,,-0.01,0.00928,-2e-05,0.00412,0.0,0.0
481,492544,1.03138,375.0,0.0,0.0,0.40789,-0.003176,3.4e-05,0.003199,0.252441,0.045306,0.998874,6.762393,3.733223,6.756826,3.733605,4.0,0.00022627,4,883,0.02539,0.02888,1.0,0.0,0.0,,,-0.01,0.00848,6e-05,0.00405,0.0,0.0
482,493568,1.1993,375.0,0.0,0.0,0.427787,-0.002014,1.6e-05,0.004707,0.308427,0.058105,0.999466,6.736149,3.739887,6.732574,3.749866,4.0,0.00022612,2,861,0.01562,0.01772,1.0,0.0,0.0,,,-0.01,0.00952,0.0002,0.0042,0.0,0.0
483,494592,1.05414,375.0,0.0,0.0,0.422672,-0.00025,1.8e-05,0.002299,0.341245,0.026611,0.999416,6.774898,3.734393,6.767136,3.74885,4.0,0.00022596,2,872,0.01744,0.01953,1.0,0.0,0.0,,,-0.01,0.00992,0.0002,0.0041,0.0,0.0
484,495616,1.4331,375.0,0.0,0.0,0.428746,-0.00362,2.3e-05,0.002083,0.215925,0.027693,0.99929,6.747074,3.74386,6.746975,3.753082,4.0,0.00022581,4,840,0.02539,0.02916,1.0,0.0,0.0,,,-0.01,0.00818,0.00017,0.00403,0.0,0.0
485,496640,1.37147,375.0,0.0,0.0,0.480943,-0.001177,2.5e-05,0.002067,0.235792,0.03139,0.999235,6.674323,3.780623,6.670072,3.784781,4.0,0.00022566,3,864,0.02274,0.02539,1.0,0.0,0.0,,,-0.01,0.00954,0.00017,0.00404,0.0,0.0
486,497664,1.03117,375.0,0.0,0.0,0.403769,-0.00231,2.3e-05,0.001794,0.203964,0.02267,0.999289,6.739022,3.784625,6.728489,3.793589,4.0,0.0002255,1,878,0.02093,0.02246,1.0,0.0,0.0,,,-0.01,0.00952,0.00015,0.00426,0.0,0.0
487,498688,1.23503,375.0,0.0,0.0,0.469989,-0.00192,4.3e-05,0.002776,0.285755,0.035958,0.998682,6.676826,3.842422,6.676871,3.839583,4.0,0.00022535,5,861,0.03013,0.03446,1.0,0.0,0.0,,,-0.01,0.00864,0.00012,0.00408,0.0,0.0
488,499712,1.34108,375.0,0.0,0.0,0.48098,-0.002587,3.8e-05,0.002379,0.213564,0.029227,0.998842,6.6124,3.775953,6.601078,3.788278,4.0,0.0002252,2,843,0.03739,0.03948,1.0,0.0,0.0,,,-0.01,0.00905,-0.00011,0.00415,0.0,0.0
489,500736,1.05807,375.0,0.0,0.0,0.451298,-0.002912,3.5e-05,0.003586,0.274361,0.040458,0.998857,6.694763,3.770016,6.684834,3.771315,4.0,0.00022504,1,873,0.03362,0.03474,1.0,0.0,0.0,,,-0.01,0.01013,-0.00023,0.00408,0.0,0.0
490,501760,1.23182,375.0,0.0,0.0,0.506287,-0.002887,4.4e-05,0.003161,0.247869,0.042864,0.998627,6.650475,3.776015,6.639522,3.773615,4.0,0.00022489,5,866,0.04994,0.05343,1.0,0.0,0.0,,,-0.01,0.0073,-0.0001,0.00378,0.0,0.0
491,502784,0.84018,375.0,0.0,0.0,0.516863,-0.002201,2.3e-05,0.00304,0.21837,0.034075,0.999286,6.609251,3.785266,6.599811,3.796549,4.0,0.00022474,2,873,0.03251,0.03404,1.0,0.0,0.0,,,-0.01,0.00903,2e-05,0.00418,0.0,0.0
492,503808,1.15088,375.0,0.0,0.0,0.433964,-0.001628,1.9e-05,0.003499,0.29501,0.049491,0.999436,6.677845,3.749593,6.676917,3.759232,4.0,0.00022458,1,842,0.01549,0.01646,1.0,0.0,0.0,,,-0.01,0.0098,0.00023,0.00422,0.0,0.0
493,504832,1.08861,375.0,0.0,0.0,0.487073,-0.001961,2.5e-05,0.002797,0.274155,0.037493,0.99926,6.629183,3.824715,6.623221,3.837459,4.0,0.00022443,5,855,0.04395,0.04841,1.0,0.0,0.0,,,-0.01,0.00783,3e-05,0.00406,0.0,0.0
494,505856,1.24248,375.0,0.0,0.0,0.469861,-0.001976,2.3e-05,0.002835,0.237749,0.033447,0.999321,6.564188,3.833477,6.561043,3.843587,4.0,0.00022428,2,861,0.03055,0.03278,1.0,0.0,0.0,,,-0.01,0.00924,0.00014,0.0042,0.0,0.0
495,506880,0.89933,375.0,0.0,0.0,0.448591,-0.003056,1.7e-05,0.003615,0.269699,0.047398,0.999444,6.647048,3.791498,6.636092,3.804686,4.0,0.00022412,1,885,0.02079,0.02176,1.0,0.0,0.0,,,-0.01,0.00974,0.00019,0.0042,0.0,0.0
496,507904,1.27828,375.0,0.0,0.0,0.502543,-0.001557,3.1e-05,0.003776,0.247925,0.049003,0.999058,6.540108,3.843394,6.536773,3.855279,4.0,0.00022397,5,846,0.04757,0.05148,1.0,0.0,0.0,,,-0.01,0.00758,-5e-05,0.00403,0.0,0.0
497,508928,0.78543,375.0,0.0,0.0,0.462548,-0.003322,3.3e-05,0.004063,0.227409,0.042515,0.999149,6.587634,3.834196,6.585658,3.851461,4.0,0.00022381,2,856,0.02804,0.02902,1.0,0.0,0.0,,,-0.01,0.00922,0.00013,0.00396,0.0,0.0
498,509952,1.06134,375.0,0.0,0.0,0.391963,-0.002543,2e-05,0.00148,0.259638,0.01552,0.999451,6.781375,3.814097,6.777896,3.827949,4.0,0.00022366,1,876,0.01632,0.01716,1.0,0.0,0.0,,,-0.01,0.00979,0.00021,0.00423,0.0,0.0
499,510976,1.29724,375.0,0.0,0.0,0.445603,-0.004484,7.2e-05,0.00328,0.328269,0.037354,0.997957,6.720836,3.905767,6.697892,3.912594,4.0,0.00022351,6,863,0.04743,0.05134,1.0,0.0,0.0,,,-0.01,0.00726,6e-05,0.00327,0.0,0.0
500,512000,0.44559,375.0,0.0,0.0,0.407477,-0.002058,2.1e-05,0.001568,0.224661,0.012347,0.999482,6.638474,3.921819,6.636957,3.925943,4.0,0.00022335,1,879,0.02567,0.02748,1.0,0.0,0.0,,,-0.01,0.00956,0.00014,0.0042,0.0,0.0
501,513024,1.53356,375.0,0.0,0.0,0.339007,-0.001071,1.3e-05,0.001368,0.259116,0.017648,0.999624,6.720672,3.891129,6.716446,3.900438,4.0,0.0002232,1,861,0.01688,0.01772,1.0,0.0,0.0,,,-0.01,0.01032,0.00014,0.00423,0.0,0.0
502,514048,1.04204,375.0,0.0,0.0,0.408689,-0.001342,3.2e-05,0.001414,0.220225,0.013986,0.999076,6.565627,3.94009,6.571064,3.949545,4.0,0.00022305,6,861,0.03404,0.03948,1.0,0.0,0.0,,,-0.01,0.00767,0.00015,0.00402,0.0,0.0
503,515072,1.44435,375.0,0.0,0.0,0.424266,-0.003124,1.3e-05,0.004235,0.436595,0.062395,0.999617,6.584371,3.924007,6.585708,3.932623,4.0,0.00022289,1,888,0.02065,0.02148,1.0,0.0,0.0,,,-0.01,0.00953,0.00017,0.00425,0.0,0.0
504,516096,1.51799,375.0,0.0,0.0,0.387239,-0.001037,1.9e-05,0.001263,0.183538,0.009242,0.99944,6.66906,3.89739,6.669986,3.901601,4.0,0.00022274,1,894,0.01381,0.01465,1.0,0.0,0.0,,,-0.01,0.01039,0.00025,0.00425,0.0,0.0
505,517120,1.23998,375.0,0.0,0.0,0.466037,-0.002449,3.6e-05,0.002848,0.209682,0.03139,0.998962,6.58639,3.914055,6.579845,3.91937,4.0,0.00022259,6,830,0.0332,0.03809,1.0,0.0,0.0,,,-0.01,0.00669,8e-05,0.00405,0.0,0.0
506,518144,1.53666,375.0,0.0,0.0,0.459541,-0.002069,2.2e-05,0.002017,0.230988,0.020264,0.999379,6.716058,3.903473,6.708485,3.906087,4.0,0.00022243,1,885,0.02079,0.0226,1.0,0.0,0.0,,,-0.01,0.0099,0.00027,0.00404,0.0,0.0
507,519168,1.1294,375.0,0.0,0.0,0.416795,-0.001021,1.5e-05,0.001369,0.236295,0.012242,0.999584,6.794897,3.911576,6.787979,3.910797,4.0,0.00022228,2,883,0.01758,0.01925,1.0,0.0,0.0,,,-0.01,0.01019,0.00029,0.00422,0.0,0.0
508,520192,1.27753,375.0,0.0,0.0,0.444928,-0.002025,2.6e-05,0.002838,0.286748,0.0369,0.999313,6.6103,3.98063,6.615665,3.99128,4.0,0.00022212,5,877,0.03139,0.0353,1.0,0.0,0.0,,,-0.01,0.00753,0.00019,0.004,0.0,0.0
509,521216,1.30236,375.0,0.0,0.0,0.357529,-0.002172,2.7e-05,0.00127,0.184629,0.006731,0.999176,6.689485,3.914658,6.690909,3.925179,4.0,0.00022197,1,843,0.01883,0.01981,1.0,0.0,0.0,,,-0.01,0.01046,0.00024,0.0042,0.0,0.0
510,522240,1.48608,375.0,0.0,0.0,0.334047,-0.000989,2e-05,0.001434,0.200405,0.015241,0.999434,6.735816,3.927128,6.737957,3.937953,4.0,0.00022182,4,847,0.02637,0.02944,1.0,0.0,0.0,,,-0.01,0.00996,0.00015,0.00412,0.0,0.0
511,523264,1.33718,375.0,0.0,0.0,0.420885,-0.002506,1.5e-05,0.002722,0.216251,0.034284,0.999616,6.651577,3.977881,6.6539,3.98142,4.0,0.00022166,3,829,0.01883,0.02162,1.0,0.0,0.0,,,-0.01,0.00806,0.00017,0.0042,0.0,0.0
512,524288,1.50628,375.0,0.0,0.0,0.401916,-0.001098,1.2e-05,0.001584,0.274195,0.013044,0.999683,6.765622,3.966818,6.770867,3.975078,4.0,0.00022151,1,848,0.012,0.01283,1.0,0.0,0.0,,,-0.01,0.01056,0.0002,0.00425,0.0,0.0
513,525312,1.4099,375.0,0.0,0.0,0.407885,-0.002516,1.6e-05,0.002765,0.239198,0.03397,0.999572,6.829438,3.966835,6.825232,3.980911,4.0,0.00022136,4,835,0.02107,0.02469,1.0,0.0,0.0,,,-0.01,0.00946,0.00018,0.00414,0.0,0.0
514,526336,1.41604,375.0,0.0,0.0,0.446481,-0.000628,2.3e-05,0.004061,0.38336,0.060163,0.999385,6.646061,4.040691,6.646032,4.048043,4.0,0.0002212,3,876,0.02469,0.02776,1.0,0.0,0.0,,,-0.01,0.00804,0.0001,0.00416,0.0,0.0
515,527360,1.52779,375.0,0.0,0.0,0.407409,-0.00082,1.2e-05,0.003448,0.309901,0.046177,0.999689,6.72689,4.002611,6.727751,4.009011,4.0,0.00022105,2,878,0.01604,0.0173,1.0,0.0,0.0,,,-0.01,0.01063,0.00022,0.00419,0.0,0.0
516,528384,1.38972,375.0,0.0,0.0,0.415397,-0.002174,2.7e-05,0.002612,0.249871,0.036377,0.999273,6.760379,4.0199,6.754379,4.030168,4.0,0.0002209,3,890,0.02888,0.03167,1.0,0.0,0.0,,,-0.01,0.00887,0.00017,0.00406,0.0,0.0
517,529408,1.32902,375.0,0.0,0.0,0.466274,-0.002746,2.6e-05,0.002671,0.260734,0.032785,0.999298,6.617935,4.0486,6.611571,4.050823,4.0,0.00022074,3,877,0.0293,0.03251,1.0,0.0,0.0,,,-0.01,0.0086,0.00011,0.00408,0.0,0.0
518,530432,1.40371,375.0,0.0,0.0,0.419613,-0.001969,1.5e-05,0.002667,0.198138,0.034528,0.999593,6.689178,4.000869,6.687607,4.005453,4.0,0.00022059,2,871,0.02567,0.02734,1.0,0.0,0.0,,,-0.01,0.0099,0.00019,0.00422,0.0,0.0
519,531456,1.10682,375.0,0.0,0.0,0.413148,-0.002061,3.2e-05,0.002362,0.216532,0.029436,0.999159,6.694586,4.046192,6.683416,4.046443,4.0,0.00022044,4,891,0.0353,0.03878,1.0,0.0,0.0,,,-0.01,0.00862,4e-05,0.00408,0.0,0.0
520,532480,1.1419,375.0,0.0,0.0,0.461897,-0.002992,3.4e-05,0.001655,0.201286,0.016044,0.999015,6.632922,4.089663,6.623324,4.076857,4.0,0.00022028,2,887,0.04367,0.04674,1.0,0.0,0.0,,,-0.01,0.00852,-0.00039,0.00422,0.0,0.0
521,533504,1.41317,375.0,0.0,0.0,0.439614,-0.006731,2.1e-05,0.003149,0.234232,0.027553,0.999366,6.694089,4.034472,6.681039,4.03292,4.0,0.00022013,2,892,0.03334,0.03516,1.0,0.0,0.0,,,-0.01,0.00982,-0.00017,0.00418,0.0,0.0
522,534528,0.84036,375.0,0.0,0.0,0.451266,-0.001986,2.1e-05,0.00227,0.243495,0.028634,0.999455,6.733685,4.032451,6.723652,4.030386,4.0,0.00021997,4,814,0.03711,0.0399,1.0,0.0,0.0,,,-0.01,0.00898,-9e-05,0.00391,0.0,0.0
523,535552,1.4482,375.0,0.0,0.0,0.454598,-0.002555,1.7e-05,0.003138,0.252227,0.03411,0.999583,6.581757,4.097528,6.579078,4.103946,4.0,0.00021982,2,872,0.02232,0.02386,1.0,0.0,0.0,,,-0.01,0.00906,0.00019,0.00406,0.0,0.0
524,536576,1.28675,375.0,0.0,0.0,0.41049,-0.002623,1.1e-05,0.003486,0.287113,0.047607,0.999765,6.629556,4.097623,6.630184,4.107008,4.0,0.00021967,2,889,0.01576,0.01786,1.0,0.0,0.0,,,-0.01,0.00993,0.00024,0.00415,0.0,0.0
525,537600,1.41325,375.0,0.0,0.0,0.378794,-0.002699,1.9e-05,0.002148,0.253184,0.023577,0.999549,6.627866,4.102913,6.627895,4.103161,4.0,0.00021951,4,878,0.02776,0.03153,1.0,0.0,0.0,,,-0.01,0.00844,0.0001,0.00397,0.0,0.0
526,538624,1.30635,375.0,0.0,0.0,0.413108,-0.002249,2.3e-05,0.002051,0.249508,0.023682,0.999426,6.593201,4.061599,6.585601,4.063876,4.0,0.00021936,3,839,0.02665,0.02832,1.0,0.0,0.0,,,-0.01,0.00916,0.00019,0.00404,0.0,0.0
527,539648,1.49168,375.0,0.0,0.0,0.356301,-0.002547,1.4e-05,0.002344,0.206515,0.034459,0.999671,6.698225,4.048703,6.701068,4.050338,4.0,0.00021921,1,892,0.02065,0.02176,1.0,0.0,0.0,,,-0.01,0.00963,0.00026,0.00423,0.0,0.0
528,540672,1.12089,375.0,0.0,0.0,0.3627,-0.002835,2.3e-05,0.001844,0.241571,0.030518,0.999433,6.690006,4.087536,6.683001,4.096014,4.0,0.00021905,5,881,0.03948,0.04325,1.0,0.0,1.0,,,-0.01,0.00817,4e-05,0.00401,0.0,0.0
529,541696,1.3935,375.0,0.0,0.0,0.398633,-0.002693,1.5e-05,0.002582,0.200141,0.032436,0.999691,6.584257,4.156872,6.583734,4.164618,4.0,0.0002189,2,885,0.02455,0.02651,1.0,0.0,0.0,,,-0.01,0.00961,0.00012,0.0042,0.0,0.0
530,542720,1.31813,375.0,0.0,0.0,0.34531,-0.002102,1.1e-05,0.002253,0.260853,0.025391,0.999737,6.606321,4.187663,6.605562,4.19833,4.0,0.00021875,1,852,0.02065,0.0219,1.0,0.0,0.0,,,-0.01,0.01005,8e-05,0.00425,0.0,0.0
531,543744,1.26662,375.0,0.0,0.0,0.380227,-0.002926,2.5e-05,0.002636,0.246954,0.033098,0.99945,6.622895,4.162225,6.624866,4.171514,4.0,0.00021859,5,793,0.03711,0.04157,1.0,0.0,0.0,,,-0.01,0.00845,-1e-05,0.00387,0.0,0.0
532,544768,1.50368,375.0,0.0,0.0,0.381083,-0.001178,2.5e-05,0.001959,0.276985,0.024309,0.999537,6.621841,4.152065,6.621087,4.154843,4.0,0.00021844,2,793,0.02372,0.02553,1.0,0.0,0.0,,,-0.01,0.00965,8e-05,0.00421,0.0,0.0
533,545792,1.52936,375.0,0.0,0.0,0.34898,-0.002795,4.4e-05,0.001683,0.235576,0.016985,0.998974,6.67923,4.154343,6.671268,4.156688,4.0,0.00021828,1,885,0.01925,0.01479,1.0,0.0,0.0,,,-0.01,0.01048,0.00015,0.00365,0.0,0.0
534,546816,1.22839,375.0,0.0,0.0,0.384987,-0.002224,4.1e-05,0.001239,0.233877,0.011614,0.999092,6.622909,4.157993,6.621464,4.165326,4.0,0.00021813,5,841,0.02553,0.02944,1.0,0.0,0.0,,,-0.01,0.00826,6e-05,0.00397,0.0,0.0
535,547840,1.58348,375.0,0.0,0.0,0.420695,-0.00153,3e-05,0.001784,0.29149,0.016148,0.999309,6.567581,4.151804,6.563909,4.163674,4.0,0.00021798,2,870,0.01465,0.01632,1.0,0.0,0.0,,,-0.01,0.0097,6e-05,0.00422,0.0,0.0
536,548864,0.54104,375.0,0.0,0.0,0.396368,-0.001902,3e-05,0.002124,0.287865,0.023228,0.999413,6.647899,4.124509,6.649667,4.125824,4.0,0.00021782,1,885,0.01116,0.012,1.0,0.0,0.0,,,-0.01,0.01023,0.00019,0.00425,0.0,0.0
537,549888,1.30032,375.0,0.0,0.0,0.42568,-0.002432,5.1e-05,0.003079,0.301423,0.039865,0.998721,6.621213,4.143522,6.61839,4.14882,4.0,0.00021767,5,880,0.03362,0.03781,1.0,0.0,0.0,,,-0.01,0.00759,-0.00016,0.00402,0.0,0.0
538,550912,1.57493,375.0,0.0,0.0,0.4536,-0.001597,3.5e-05,0.003523,0.277573,0.050328,0.999146,6.577279,4.157511,6.566269,4.147394,4.0,0.00021752,2,870,0.03125,0.03334,1.0,0.0,0.0,,,-0.01,0.00952,-0.00018,0.00421,0.0,0.0
539,551936,1.21151,375.0,0.0,0.0,0.431985,-0.000609,2.9e-05,0.001784,0.235586,0.018973,0.999378,6.672112,4.13824,6.661147,4.12974,4.0,0.00021736,1,865,0.02651,0.02762,1.0,0.0,0.0,,,-0.01,0.01024,-0.00015,0.00425,0.0,0.0
540,552960,1.0094,375.0,0.0,0.0,0.489292,-0.002051,3.2e-05,0.002947,0.261644,0.030552,0.999352,6.508992,4.166606,6.503285,4.170913,4.0,0.00021721,5,878,0.03836,0.04297,1.0,0.0,1.0,,,-0.01,0.00782,-8e-05,0.00396,0.0,0.0
541,553984,1.38684,375.0,0.0,0.0,0.453794,-0.001487,2.4e-05,0.003172,0.327423,0.03547,0.999467,6.546389,4.137921,6.537247,4.140241,4.0,0.00021706,2,881,0.02274,0.02441,1.0,0.0,0.0,,,-0.01,0.0094,0.00014,0.00417,0.0,0.0
542,555008,1.47908,375.0,0.0,0.0,0.3871,-0.001056,1e-05,0.001,0.227794,0.006871,0.999761,6.587108,4.140416,6.577448,4.134501,4.0,0.0002169,1,897,0.01465,0.01562,1.0,0.0,0.0,,,-0.01,0.00976,0.00019,0.00425,0.0,0.0
543,556032,1.1101,375.0,0.0,0.0,0.432232,-0.0025,3.1e-05,0.001968,0.229498,0.023472,0.999268,6.505438,4.145317,6.497285,4.136404,4.0,0.00021675,6,824,0.02525,0.02985,1.0,0.0,0.0,,,-0.01,0.00735,0.00019,0.00381,0.0,0.0
544,557056,0.96827,375.0,0.0,0.0,0.399054,-0.001696,1.4e-05,0.002041,0.246441,0.021903,0.99968,6.611417,4.094139,6.609365,4.095402,4.0,0.0002166,1,887,0.01702,0.01786,1.0,0.0,0.0,,,-0.01,0.00947,0.00021,0.00425,0.0,0.0
545,558080,1.48345,375.0,0.0,0.0,0.383113,-0.001943,2.4e-05,0.001888,0.229942,0.016113,0.999471,6.663247,4.066173,6.653126,4.058164,4.0,0.00021644,1,899,0.01549,0.0166,1.0,0.0,0.0,,,-0.01,0.00993,0.00017,0.00423,0.0,0.0
546,559104,1.25282,375.0,0.0,0.0,0.44781,-0.001812,5.1e-05,0.002024,0.23589,0.021031,0.99877,6.533931,4.121242,6.510294,4.131269,4.0,0.00021629,6,868,0.04618,0.0505,1.0,0.0,0.0,,,-0.01,0.0067,-0.00021,0.00389,0.0,0.0
547,560128,1.25327,375.0,0.0,0.0,0.388864,-0.00316,5.2e-05,0.002373,0.213404,0.027309,0.998678,6.517637,4.138602,6.489552,4.147441,4.0,0.00021613,1,854,0.03516,0.03641,1.0,0.0,0.0,,,-0.01,0.0092,-0.0003,0.00404,0.0,0.0
548,561152,0.7364,375.0,0.0,0.0,0.389623,-0.002947,5e-05,0.00355,0.283653,0.039446,0.998904,6.520111,4.095376,6.506683,4.109529,4.0,0.00021598,2,878,0.03125,0.03292,1.0,0.0,0.0,,,-0.01,0.00956,-0.00029,0.00408,0.0,0.0
549,562176,0.66569,375.0,0.0,0.0,0.422479,-0.002552,4.6e-05,0.003319,0.232858,0.044782,0.998939,6.492131,4.088149,6.489181,4.070892,4.0,0.00021583,5,882,0.02832,0.0332,1.0,0.0,0.0,,,-0.01,0.00711,-1e-05,0.00396,0.0,0.0
550,563200,1.51084,375.0,0.0,0.0,0.390765,-0.001618,1.6e-05,0.001839,0.211911,0.020194,0.999611,6.544014,4.009696,6.542853,4.012101,4.0,0.00021567,1,885,0.0127,0.01353,1.0,0.0,0.0,,,-0.01,0.00986,0.00019,0.00423,0.0,0.0
551,564224,1.12768,375.0,0.0,0.0,0.389257,-0.00097,1.6e-05,0.003599,0.303502,0.049735,0.999605,6.612106,4.029361,6.606878,4.031209,4.0,0.00021552,4,848,0.02107,0.02414,1.0,0.0,0.0,,,-0.01,0.0101,-0.0,0.00413,0.0,0.0
552,565248,1.29066,375.0,0.0,0.0,0.427585,-0.0014,2.6e-05,0.001756,0.229182,0.022287,0.999443,6.464589,4.17066,6.458713,4.179567,4.0,0.00021537,3,868,0.02902,0.03237,1.0,0.0,0.0,,,-0.01,0.00765,0.0001,0.00416,0.0,0.0
553,566272,1.36375,375.0,0.0,0.0,0.424696,-0.002486,2e-05,0.002505,0.246147,0.03268,0.999731,6.58798,4.134419,6.591793,4.144469,4.0,0.00021521,1,887,0.01381,0.01465,1.0,0.0,0.0,,,-0.01,0.01035,0.00016,0.00425,0.0,0.0
554,567296,1.22231,375.0,0.0,0.0,0.452628,-0.002881,1.5e-05,0.003291,0.26275,0.033831,0.999761,6.580673,4.148294,6.573915,4.158107,4.0,0.00021506,4,882,0.024,0.02762,1.0,0.0,0.0,,,-0.01,0.00931,0.00024,0.00411,0.0,0.0
555,568320,1.49461,375.0,0.0,0.0,0.459821,-0.002807,1.7e-05,0.002562,0.30897,0.028983,0.999608,6.497215,4.141254,6.4967,4.143999,4.0,0.00021491,3,885,0.024,0.02679,1.0,0.0,0.0,,,-0.01,0.00815,0.0002,0.00416,0.0,0.0
556,569344,1.4081,375.0,0.0,0.0,0.471301,-0.001672,1.3e-05,0.002118,0.25843,0.025844,0.999774,6.493682,4.134156,6.486229,4.138656,4.0,0.00021475,2,873,0.01367,0.01479,1.0,0.0,0.0,,,-0.01,0.01046,0.00018,0.00422,0.0,0.0
557,570368,1.39023,375.0,0.0,0.0,0.46804,-0.002074,1.2e-05,0.003074,0.221694,0.040318,0.999713,6.489477,4.160911,6.484288,4.164132,4.0,0.0002146,3,885,0.02748,0.03083,1.0,0.0,0.0,,,-0.01,0.00841,0.00017,0.00414,0.0,0.0
558,571392,1.11372,375.0,0.0,0.0,0.480864,-0.00191,5.9e-05,0.005068,0.216842,0.080218,0.998397,6.428699,4.179184,6.416442,4.177578,4.0,0.00021444,3,887,0.02762,0.02344,1.0,0.0,0.0,,,-0.01,0.00902,0.00017,0.0034,0.0,0.0
559,572416,1.52391,375.0,0.0,0.0,0.462232,-0.001432,1.1e-05,0.001654,0.239532,0.012172,0.99976,6.493692,4.175234,6.495579,4.185298,4.0,0.00021429,2,893,0.01479,0.01674,1.0,0.0,0.0,,,-0.01,0.01054,0.00019,0.00418,0.0,0.0
560,573440,1.45079,375.0,0.0,0.0,0.477918,-0.002997,2.2e-05,0.002879,0.254463,0.01988,0.99957,6.496968,4.185139,6.497506,4.187826,4.0,0.00021414,4,849,0.02344,0.02637,1.0,0.0,0.0,,,-0.01,0.00871,0.00018,0.00407,0.0,0.0
561,574464,0.92417,375.0,0.0,0.0,0.496293,-0.00169,1.5e-05,0.003764,0.385971,0.054269,0.999708,6.447677,4.209902,6.451755,4.21298,4.0,0.00021398,2,883,0.0219,0.02427,1.0,0.0,0.0,,,-0.01,0.00956,0.00022,0.00419,0.0,0.0
562,575488,1.53286,375.0,0.0,0.0,0.45719,-0.001065,1.9e-05,0.001421,0.257117,0.007987,0.999583,6.422962,4.247405,6.419853,4.260093,4.0,0.00021383,2,895,0.02469,0.02637,1.0,0.0,0.0,,,-0.01,0.01015,0.00017,0.00422,0.0,0.0
563,576512,1.39561,375.0,0.0,0.0,0.423742,-0.001519,2.8e-05,0.002187,0.26806,0.02417,0.999401,6.421813,4.240936,6.425385,4.249235,4.0,0.00021368,4,885,0.024,0.02748,1.0,0.0,0.0,,,-0.01,0.00849,0.00025,0.0041,0.0,0.0
564,577536,1.55202,375.0,0.0,0.0,0.41088,-0.001202,2.4e-05,0.003348,0.288613,0.050642,0.999479,6.399948,4.19863,6.397381,4.198489,4.0,0.00021352,2,844,0.02037,0.02218,1.0,0.0,0.0,,,-0.01,0.00897,0.00016,0.00421,0.0,0.0
565,578560,1.15998,375.0,0.0,0.0,0.383804,-0.001786,1.9e-05,0.003077,0.244064,0.027448,0.999558,6.448294,4.213564,6.443021,4.213845,4.0,0.00021337,2,876,0.01981,0.02051,1.0,0.0,0.0,,,-0.01,0.0095,9e-05,0.00411,0.0,0.0
566,579584,1.24506,375.0,0.0,0.0,0.40189,-0.001844,2.5e-05,0.001498,0.201962,0.017857,0.99945,6.475553,4.234608,6.468944,4.233202,4.0,0.00021322,4,887,0.02079,0.02414,1.0,0.0,0.0,,,-0.01,0.00867,0.00017,0.00415,0.0,0.0
567,580608,1.24895,375.0,0.0,0.0,0.457814,-0.002534,1.1e-05,0.003027,0.245594,0.027658,0.999781,6.380305,4.310985,6.374217,4.312576,4.0,0.00021306,3,883,0.01786,0.01995,1.0,0.0,0.0,,,-0.01,0.00943,0.00024,0.00419,0.0,0.0
568,581632,0.94119,375.0,0.0,0.0,0.449675,-0.0021,1.5e-05,0.002324,0.220285,0.029541,0.9998,6.362426,4.343439,6.353528,4.349213,4.0,0.00021291,1,891,0.01451,0.01646,1.0,0.0,0.0,,,-0.01,0.00942,0.00024,0.00421,0.0,0.0
569,582656,1.31371,375.0,0.0,0.0,0.465257,-0.003374,2.8e-05,0.003033,0.276295,0.032192,0.999709,6.312167,4.353738,6.315858,4.354871,4.0,0.00021276,5,866,0.02065,0.02427,1.0,0.0,0.0,,,-0.01,0.00817,0.00021,0.00407,0.0,0.0
570,583680,1.34494,375.0,0.0,0.0,0.482868,-0.002397,3.3e-05,0.00308,0.30965,0.034249,0.999749,6.251235,4.283391,6.252039,4.287374,4.0,0.0002126,2,891,0.01925,0.02121,1.0,0.0,0.0,,,-0.01,0.00976,0.00024,0.00421,0.0,0.0
571,584704,1.54527,375.0,0.0,0.0,0.473912,-0.001007,1.4e-05,0.002087,0.283116,0.017718,0.999765,6.338238,4.267698,6.341877,4.27038,4.0,0.00021245,1,888,0.01674,0.01744,1.0,0.0,0.0,,,-0.01,0.00994,0.00027,0.00424,0.0,0.0
572,585728,1.38573,375.0,0.0,0.0,0.505257,-0.002361,1.6e-05,0.00429,0.350153,0.05385,0.999668,6.315743,4.263586,6.313888,4.264516,4.0,0.00021229,5,876,0.03013,0.03432,1.0,0.0,0.0,,,-0.01,0.00803,0.00015,0.00411,0.0,0.0
573,586752,1.44867,375.0,0.0,0.0,0.500418,-0.002138,1.4e-05,0.00479,0.386865,0.062151,0.999698,6.276261,4.283066,6.275276,4.289548,4.0,0.00021214,2,841,0.02344,0.02539,1.0,0.0,0.0,,,-0.01,0.01,0.00024,0.00421,0.0,0.0
574,587776,1.1617,375.0,0.0,0.0,0.484917,-0.003523,8e-06,0.003781,0.253752,0.039411,0.999818,6.299824,4.328023,6.297465,4.335771,4.0,0.00021199,1,876,0.01842,0.01897,1.0,0.0,0.0,,,-0.01,0.00993,0.00022,0.00422,0.0,0.0
575,588800,1.36348,375.0,0.0,0.0,0.491998,-0.002885,1.8e-05,0.003496,0.339772,0.042446,0.999645,6.313277,4.325308,6.310083,4.325774,4.0,0.00021183,5,877,0.03655,0.0399,1.0,0.0,0.0,,,-0.01,0.00783,6e-05,0.004,0.0,0.0
576,589824,1.57271,375.0,0.0,0.0,0.485573,-0.001874,2e-05,0.00293,0.277943,0.03976,0.999589,6.229159,4.299364,6.221635,4.310828,4.0,0.00021168,2,884,0.024,0.02511,1.0,0.0,0.0,,,-0.01,0.00974,0.00019,0.00412,0.0,0.0
577,590848,1.34917,375.0,0.0,0.0,0.480522,-0.002412,8e-06,0.003768,0.259948,0.041364,0.999824,6.303885,4.294068,6.302344,4.295351,4.0,0.00021153,1,856,0.01786,0.01883,1.0,0.0,0.0,,,-0.01,0.00963,0.00024,0.00425,0.0,0.0
578,591872,1.24686,375.0,0.0,0.0,0.504869,-0.006452,6.9e-05,0.005267,0.307939,0.042201,0.99867,6.220172,4.290727,6.195901,4.290577,4.0,0.00021137,5,859,0.03362,0.0339,1.0,0.0,0.0,,,-0.01,0.00712,0.00013,0.00317,0.0,0.0
579,592896,1.10146,375.0,0.0,0.0,0.4936,-0.001807,2.8e-05,0.002704,0.295891,0.025042,0.999614,6.296211,4.307543,6.290717,4.302967,4.0,0.00021122,2,886,0.02204,0.024,1.0,0.0,0.0,,,-0.01,0.00935,0.0002,0.00421,0.0,0.0
580,593920,1.01164,375.0,0.0,0.0,0.462686,-0.001865,1.9e-05,0.001789,0.235414,0.01709,0.999593,6.325325,4.31962,6.312343,4.316257,4.0,0.00021107,1,898,0.02009,0.02093,1.0,0.0,0.0,,,-0.01,0.00968,0.00017,0.00425,0.0,0.0
581,594944,0.84063,375.0,0.0,0.0,0.476752,-0.002427,3.8e-05,0.002457,0.241682,0.023786,0.999203,6.261071,4.336517,6.250038,4.332292,4.0,0.00021091,5,844,0.03613,0.0399,1.0,0.0,0.0,,,-0.01,0.00754,0.00015,0.00394,0.0,0.0
582,595968,1.45081,375.0,0.0,0.0,0.438948,-0.001992,3e-05,0.003754,0.294512,0.051549,0.999375,6.275289,4.310762,6.271007,4.309361,4.0,0.00021076,2,878,0.03223,0.03362,1.0,0.0,0.0,,,-0.01,0.00895,2e-05,0.00417,0.0,0.0
583,596992,0.04302,375.0,0.0,0.0,0.406329,-0.000743,3e-05,0.002997,0.240676,0.039795,0.999379,6.441666,4.244453,6.442474,4.243625,4.0,0.0002106,1,895,0.01674,0.01758,1.0,0.0,0.0,,,-0.01,0.00956,0.00027,0.00411,0.0,0.0
584,598016,1.30999,375.0,0.0,0.0,0.438593,-0.001816,0.000161,0.001574,0.136318,0.01001,0.996414,6.310359,4.281505,6.288178,4.275001,4.0,0.00021045,6,880,0.04674,0.04632,1.0,0.0,0.0,,,-0.01,0.00798,7e-05,0.00252,0.0,0.0
585,599040,1.09299,375.0,0.0,0.0,0.38561,-0.006375,5.2e-05,0.002245,0.174658,0.018241,0.998768,6.313492,4.273213,6.306852,4.275365,4.0,0.0002103,1,899,0.02651,0.02483,1.0,0.0,0.0,,,-0.01,0.01004,0.00014,0.00346,0.0,0.0
586,600064,1.10651,375.0,0.0,0.0,0.370667,-0.001846,1.4e-05,0.001893,0.232437,0.024135,0.999766,6.300512,4.289475,6.302052,4.292283,4.0,0.00021014,1,877,0.01911,0.01995,1.0,0.0,0.0,,,-0.01,0.01042,0.00016,0.00423,0.0,0.0
587,601088,1.00827,375.0,0.0,0.0,0.379322,-0.001259,3.1e-05,0.001911,0.186998,0.023577,0.999367,6.283199,4.252059,6.297456,4.262059,4.0,0.00020999,6,873,0.02581,0.03069,1.0,0.0,0.0,,,-0.01,0.00749,0.0001,0.00406,0.0,0.0
588,602112,1.55378,375.0,0.0,0.0,0.357149,-0.000918,1.3e-05,0.00235,0.286956,0.029646,0.999734,6.38797,4.215908,6.395326,4.224243,4.0,0.00020984,1,895,0.01144,0.01228,1.0,0.0,0.0,,,-0.01,0.01066,0.00021,0.00423,0.0,0.0
589,603136,1.4471,375.0,0.0,0.0,0.355085,-0.001582,2.7e-05,0.001573,0.176532,0.01988,0.999441,6.435104,4.214306,6.431767,4.213363,4.0,0.00020968,2,896,0.01828,0.01953,1.0,0.0,0.0,,,-0.01,0.01052,0.00021,0.00416,0.0,0.0
590,604160,1.55814,375.0,0.0,0.0,0.453846,-0.002003,4e-05,0.003089,0.247826,0.037598,0.999193,6.321182,4.243751,6.324619,4.241458,4.0,0.00020953,5,836,0.03655,0.04088,1.0,0.0,0.0,,,-0.01,0.00703,6e-05,0.00398,0.0,0.0
591,605184,1.48293,375.0,0.0,0.0,0.466564,-0.002509,2.9e-05,0.004204,0.339159,0.037528,0.99935,6.367907,4.231379,6.354617,4.225982,4.0,0.00020938,1,884,0.03195,0.03278,1.0,0.0,0.0,,,-0.01,0.01007,5e-05,0.00425,0.0,0.0
592,606208,1.02273,375.0,0.0,0.0,0.437404,-0.00066,3.3e-05,0.00206,0.280039,0.020752,0.999282,6.369944,4.246967,6.345978,4.244391,4.0,0.00020922,4,884,0.03153,0.03404,1.0,0.0,0.0,,,-0.01,0.00916,5e-05,0.00415,0.0,0.0
593,607232,1.25222,375.0,0.0,0.0,0.393856,-0.001418,5.4e-05,0.001776,0.16495,0.022635,0.998971,6.295466,4.247737,6.29403,4.250024,4.0,0.00020907,3,884,0.02483,0.02762,1.0,0.0,0.0,,,-0.01,0.00703,0.00015,0.00378,0.0,0.0
594,608256,-0.14209,375.0,0.0,0.0,0.319569,-0.001811,1.2e-05,0.002515,0.163648,0.023054,0.999719,6.361698,4.240708,6.367382,4.242916,4.0,0.00020892,1,864,0.01088,0.01172,1.0,0.0,0.0,,,-0.01,0.01044,0.0002,0.00423,0.0,0.0
595,609280,1.42352,375.0,0.0,0.0,0.337675,-0.002424,2.4e-05,0.002453,0.204555,0.036168,0.999487,6.373128,4.276606,6.381053,4.281411,4.0,0.00020876,4,881,0.0159,0.01939,1.0,0.0,0.0,,,-0.01,0.00976,0.00026,0.00413,0.0,0.0
596,610304,1.30092,375.0,0.0,0.0,0.385596,-0.001142,1.8e-05,0.002574,0.276146,0.033552,0.999632,6.328092,4.299563,6.32661,4.297986,4.0,0.00020861,3,892,0.02441,0.02693,1.0,0.0,0.0,,,-0.01,0.00819,0.00018,0.00418,0.0,0.0
597,611328,1.49832,375.0,0.0,0.0,0.394628,-0.001998,9e-06,0.002298,0.221204,0.025914,0.999814,6.384717,4.28395,6.387015,4.284615,4.0,0.00020845,1,899,0.01409,0.01493,1.0,0.0,0.0,,,-0.01,0.01042,0.00022,0.00425,0.0,0.0
598,612352,1.45109,375.0,0.0,0.0,0.412658,-0.001257,1.8e-05,0.001316,0.208211,0.01123,0.999644,6.448315,4.262324,6.445115,4.262041,4.0,0.0002083,4,890,0.02148,0.02469,1.0,0.0,0.0,,,-0.01,0.00877,0.00021,0.00413,0.0,0.0
599,613376,1.26684,375.0,0.0,0.0,0.46392,-0.001593,2.5e-05,0.003015,0.271079,0.034459,0.999546,6.326583,4.286457,6.325628,4.281293,4.0,0.00020815,3,869,0.0219,0.02455,1.0,0.0,0.0,,,-0.01,0.00867,0.00016,0.00413,0.0,0.0
600,614400,1.55736,375.0,0.0,0.0,0.450717,-0.001068,1.5e-05,0.002969,0.342287,0.033168,0.999698,6.339105,4.28729,6.331093,4.284021,4.0,0.00020799,2,894,0.01562,0.0173,1.0,0.0,0.0,,,-0.01,0.01021,0.00026,0.00422,0.0,0.0
601,615424,1.16047,375.0,0.0,0.0,0.452899,-0.002994,1.9e-05,0.002546,0.396918,0.032819,0.999588,6.352731,4.305032,6.34702,4.30142,4.0,0.00020784,3,858,0.02218,0.02483,1.0,0.0,0.0,,,-0.01,0.00841,0.00022,0.00418,0.0,0.0
602,616448,1.21958,375.0,0.0,0.0,0.457333,-0.00165,2.4e-05,0.003212,0.349126,0.041643,0.999507,6.278544,4.327865,6.276638,4.322078,4.0,0.00020769,3,878,0.02386,0.02623,1.0,0.0,0.0,,,-0.01,0.00938,0.00015,0.00415,0.0,0.0
603,617472,1.70596,375.0,0.0,0.0,0.4462,-0.002683,2.2e-05,0.003665,0.314157,0.050642,0.999637,6.347114,4.2639,6.343084,4.266063,4.0,0.00020753,2,855,0.01869,0.01967,1.0,0.0,0.0,,,-0.01,0.00969,0.00018,0.00411,0.0,0.0
604,618496,1.37813,375.0,0.0,0.0,0.467333,-0.001613,2.3e-05,0.001575,0.270957,0.017194,0.999591,6.384028,4.252184,6.380094,4.249364,4.0,0.00020738,4,890,0.03139,0.03502,1.0,0.0,0.0,,,-0.01,0.00882,6e-05,0.00414,0.0,0.0
605,619520,1.32173,375.0,0.0,0.0,0.493363,-0.001821,1.5e-05,0.004067,0.277653,0.044992,0.999696,6.351404,4.203939,6.346412,4.197204,4.0,0.00020723,2,888,0.02553,0.02623,1.0,0.0,0.0,,,-0.01,0.00891,0.00018,0.00408,0.0,0.0
606,620544,1.16649,375.0,0.0,0.0,0.487154,-0.001581,1.5e-05,0.002871,0.25887,0.025426,0.999752,6.331966,4.235066,6.320906,4.233482,4.0,0.00020707,2,888,0.02023,0.02218,1.0,0.0,0.0,,,-0.01,0.00992,0.0002,0.00415,0.0,0.0
607,621568,1.11774,375.0,0.0,0.0,0.47942,-0.002642,4.4e-05,0.002578,0.312434,0.027448,0.99919,6.296865,4.26901,6.292016,4.264238,4.0,0.00020692,4,770,0.02427,0.02623,1.0,0.0,0.0,,,-0.01,0.00848,0.00016,0.00369,0.0,0.0
608,622592,1.47905,375.0,0.0,0.0,0.444935,-0.001186,4.5e-05,0.002695,0.205857,0.031355,0.999403,6.385496,4.249275,6.375464,4.25274,4.0,0.00020676,2,849,0.02051,0.02204,1.0,0.0,0.0,,,-0.01,0.00908,0.00021,0.00417,0.0,0.0
609,623616,1.5806,375.0,0.0,0.0,0.447299,-0.001033,2.1e-05,0.002221,0.208433,0.020159,0.999561,6.329548,4.257184,6.328101,4.256149,4.0,0.00020661,2,860,0.0233,0.02455,1.0,0.0,0.0,,,-0.01,0.00976,0.00018,0.00417,0.0,0.0
610,624640,1.09462,375.0,0.0,0.0,0.468113,-0.002704,2.2e-05,0.002578,0.229581,0.028425,0.999569,6.382192,4.23674,6.371629,4.233158,4.0,0.00020646,5,861,0.03027,0.03362,1.0,0.0,0.0,,,-0.01,0.00852,0.0001,0.00406,0.0,0.0
611,625664,1.44997,375.0,0.0,0.0,0.466072,-0.002274,2e-05,0.002819,0.269735,0.031669,0.99959,6.271886,4.288426,6.271861,4.285055,4.0,0.0002063,2,842,0.02441,0.02679,1.0,0.0,0.0,,,-0.01,0.00952,0.00017,0.00421,0.0,0.0
612,626688,1.20606,375.0,0.0,0.0,0.466302,-0.002466,1.7e-05,0.002486,0.26382,0.029402,0.999772,6.390121,4.257861,6.380763,4.255764,4.0,0.00020615,1,881,0.02148,0.0226,1.0,0.0,0.0,,,-0.01,0.00928,0.0002,0.00422,0.0,0.0
613,627712,1.30749,375.0,0.0,0.0,0.479932,-0.002484,1.7e-05,0.00252,0.223727,0.022879,0.999702,6.345458,4.259156,6.341046,4.256996,4.0,0.000206,5,880,0.0332,0.03655,1.0,0.0,0.0,,,-0.01,0.00855,5e-05,0.00397,0.0,0.0
614,628736,1.29652,375.0,0.0,0.0,0.48167,-0.001717,1.3e-05,0.002493,0.236961,0.027134,0.999772,6.371585,4.253554,6.370127,4.251791,4.0,0.00020584,2,884,0.01772,0.01925,1.0,0.0,0.0,,,-0.01,0.01006,0.0002,0.0042,0.0,0.0
615,629760,1.47398,375.0,0.0,0.0,0.485449,-0.001313,1.1e-05,0.003756,0.255064,0.038888,0.999771,6.387157,4.251398,6.388776,4.256527,4.0,0.00020569,1,882,0.01423,0.01507,1.0,0.0,0.0,,,-0.01,0.01004,0.00023,0.00423,0.0,0.0
616,630784,1.37642,375.0,0.0,0.0,0.48021,-0.002918,2.6e-05,0.00325,0.265687,0.041364,0.999562,6.383667,4.275137,6.378333,4.280823,4.0,0.00020554,5,874,0.02985,0.03362,1.0,0.0,0.0,,,-0.01,0.00797,0.00012,0.00402,0.0,0.0
617,631808,1.41314,375.0,0.0,0.0,0.46199,-0.000466,1.3e-05,0.002797,0.328612,0.036656,0.999746,6.289807,4.290202,6.287804,4.291996,4.0,0.00020538,2,894,0.01967,0.02134,1.0,0.0,0.0,,,-0.01,0.00989,0.00012,0.00422,0.0,0.0
618,632832,1.09121,375.0,0.0,0.0,0.452288,-0.0012,1e-05,0.002195,0.246288,0.022252,0.999793,6.344119,4.27906,6.339803,4.282548,4.0,0.00020523,1,900,0.01381,0.01465,1.0,0.0,0.0,,,-0.01,0.01027,0.00017,0.00425,0.0,0.0
619,633856,1.32165,375.0,0.0,0.0,0.475967,-0.002632,1.8e-05,0.001996,0.3377,0.017857,0.999654,6.300097,4.305774,6.296721,4.309995,4.0,0.00020508,5,883,0.02637,0.03055,1.0,0.0,0.0,,,-0.01,0.00812,0.00018,0.00411,0.0,0.0
620,634880,1.54556,375.0,0.0,0.0,0.457452,-0.002134,8e-06,0.002306,0.393479,0.022252,0.999831,6.3223,4.315772,6.321018,4.32126,4.0,0.00020492,2,844,0.02162,0.0233,1.0,0.0,0.0,,,-0.01,0.00965,0.00016,0.00422,0.0,0.0
621,635904,1.09048,375.0,0.0,0.0,0.420302,-0.000808,5e-06,0.003529,0.479905,0.055525,0.9999,6.413486,4.315453,6.415714,4.323583,4.0,0.00020477,1,905,0.01381,0.01465,1.0,0.0,0.0,,,-0.01,0.01033,0.00023,0.00425,0.0,0.0
622,636928,1.41408,375.0,0.0,0.0,0.413587,-0.00219,1.5e-05,0.003313,0.306897,0.047015,0.999716,6.409002,4.307313,6.409625,4.314086,4.0,0.00020461,5,884,0.02344,0.02804,1.0,0.0,0.0,,,-0.01,0.00784,0.00013,0.00408,0.0,0.0
623,637952,1.49275,375.0,0.0,0.0,0.417247,-0.001947,8e-06,0.003506,0.235329,0.037284,0.999837,6.388219,4.29646,6.388943,4.302382,4.0,0.00020446,2,893,0.01925,0.02093,1.0,0.0,0.0,,,-0.01,0.00991,0.00024,0.00422,0.0,0.0
624,638976,1.3255,375.0,0.0,0.0,0.396522,-0.001893,6e-06,0.002424,0.197481,0.025495,0.999881,6.43272,4.28322,6.430612,4.286642,4.0,0.00020431,1,858,0.01395,0.01493,1.0,0.0,0.0,,,-0.01,0.01051,0.00027,0.00425,0.0,0.0
625,640000,1.41635,375.0,0.0,0.0,0.434676,-0.002052,3e-05,0.002731,0.208777,0.032017,0.999361,6.299327,4.296093,6.293938,4.308311,4.0,0.00020415,6,870,0.03836,0.04283,1.0,0.0,0.0,,,-0.01,0.008,-8e-05,0.00403,0.0,0.0
626,641024,1.34945,375.0,0.0,0.0,0.410908,-0.000579,1.6e-05,0.002642,0.245224,0.033726,0.999608,6.303733,4.311121,6.294641,4.325429,4.0,0.000204,1,890,0.03334,0.0346,1.0,0.0,0.0,,,-0.01,0.00949,-0.0,0.00428,0.0,0.0
627,642048,1.61662,375.0,0.0,0.0,0.430643,-0.002302,1.9e-05,0.001896,0.253427,0.009696,0.999554,6.328721,4.340034,6.319327,4.357333,4.0,0.00020385,1,904,0.0353,0.03613,1.0,0.0,0.0,,,-0.01,0.01035,4e-05,0.00425,0.0,0.0
628,643072,1.15591,375.0,0.0,0.0,0.400757,-0.002847,2.6e-05,0.002766,0.284395,0.041155,0.99953,6.315455,4.367704,6.312112,4.36644,4.0,0.00020369,6,838,0.02776,0.03306,1.0,0.0,0.0,,,-0.01,0.00752,0.00016,0.00404,0.0,0.0
629,644096,1.58109,375.0,0.0,0.0,0.399231,-0.000949,1.9e-05,0.001818,0.261214,0.021031,0.9997,6.341245,4.335434,6.333434,4.342696,4.0,0.00020354,1,884,0.01939,0.02037,1.0,0.0,0.0,,,-0.01,0.00961,0.00021,0.00425,0.0,0.0
630,645120,1.41027,375.0,0.0,0.0,0.366396,-0.00264,4.3e-05,0.002203,0.202136,0.020578,0.99972,6.331187,4.340233,6.324766,4.34585,4.0,0.00020339,2,898,0.01702,0.01814,1.0,0.0,0.0,,,-0.01,0.01025,0.00029,0.00418,0.0,0.0
631,646144,1.2802,375.0,0.0,0.0,0.420493,-0.002798,3e-05,0.003233,0.306365,0.044852,0.999482,6.241974,4.441735,6.239237,4.442482,4.0,0.00020323,5,876,0.03557,0.04046,1.0,0.0,0.0,,,-0.01,0.00743,0.0001,0.00413,0.0,0.0
632,647168,1.11974,375.0,0.0,0.0,0.364609,-0.001993,8e-06,0.002552,0.234773,0.036272,0.999911,6.310637,4.40106,6.312946,4.406027,4.0,0.00020308,1,893,0.01451,0.01535,1.0,0.0,0.0,,,-0.01,0.01048,0.0002,0.00425,0.0,0.0
633,648192,1.45158,375.0,0.0,0.0,0.354035,-0.002262,1.1e-05,0.001989,0.2684,0.025739,0.999797,6.371356,4.38712,6.366724,4.394665,4.0,0.00020292,3,869,0.01688,0.01897,1.0,0.0,0.0,,,-0.01,0.01016,0.00014,0.00412,0.0,0.0
634,649216,1.45627,375.0,0.0,0.0,0.420253,-0.002797,2.5e-05,0.002208,0.228127,0.021415,0.999528,6.183753,4.350397,6.183593,4.349699,4.0,0.00020277,4,878,0.02567,0.02972,1.0,0.0,0.0,,,-0.01,0.00713,0.00018,0.00415,0.0,0.0
635,650240,1.52589,375.0,0.0,0.0,0.406603,-0.002476,1.7e-05,0.00299,0.324538,0.033552,0.99968,6.236656,4.310271,6.23634,4.313777,4.0,0.00020262,1,892,0.01535,0.01618,1.0,0.0,0.0,,,-0.01,0.01002,0.00019,0.00425,0.0,0.0
636,651264,1.10786,375.0,0.0,0.0,0.401511,-0.002809,1.6e-05,0.003071,0.254034,0.031459,0.999682,6.312032,4.331429,6.309703,4.329424,4.0,0.00020246,4,890,0.02274,0.02609,1.0,0.0,0.0,,,-0.01,0.0097,0.0001,0.00415,0.0,0.0
637,652288,1.48601,375.0,0.0,0.0,0.409411,-0.001504,2.6e-05,0.002556,0.302128,0.030936,0.999552,6.262969,4.412074,6.259261,4.41187,4.0,0.00020231,3,850,0.02386,0.02651,1.0,0.0,0.0,,,-0.01,0.00801,9e-05,0.00415,0.0,0.0
638,653312,0.93337,375.0,0.0,0.0,0.382325,-0.001128,2.4e-05,0.002293,0.267188,0.027274,0.999711,6.283681,4.420367,6.277439,4.418536,4.0,0.00020216,1,902,0.01214,0.01297,1.0,0.0,0.0,,,-0.01,0.01,0.00017,0.00425,0.0,0.0
639,654336,1.39703,375.0,0.0,0.0,0.367768,-0.001934,2.6e-05,0.001763,0.206491,0.016741,0.999568,6.292992,4.42401,6.281638,4.420442,4.0,0.000202,4,894,0.0226,0.02595,1.0,0.0,0.0,,,-0.01,0.00862,7e-05,0.00408,0.0,0.0
640,655360,1.0261,375.0,0.0,0.0,0.407043,-0.002081,2.3e-05,0.002005,0.269229,0.02403,0.999591,6.195782,4.395857,6.19892,4.395601,4.0,0.00020185,3,888,0.0286,0.03097,1.0,0.0,0.0,,,-0.01,0.00842,0.00012,0.00417,0.0,0.0
641,656384,1.59041,375.0,0.0,0.0,0.412499,-0.0014,1.2e-05,0.002422,0.33598,0.032227,0.999796,6.209788,4.38465,6.203789,4.386242,4.0,0.0002017,2,864,0.01646,0.01814,1.0,0.0,0.0,,,-0.01,0.01042,0.00016,0.0042,0.0,0.0
642,657408,1.10675,375.0,0.0,0.0,0.41714,-0.002781,1.8e-05,0.004638,0.407887,0.066616,0.999662,6.228013,4.406372,6.21892,4.406928,4.0,0.00020154,3,887,0.02246,0.02469,1.0,0.0,0.0,,,-0.01,0.00831,0.00018,0.00415,0.0,0.0
643,658432,1.33826,375.0,0.0,0.0,0.381531,-0.002297,1.4e-05,0.002846,0.241713,0.037005,0.999747,6.218386,4.397623,6.218214,4.399074,4.0,0.00020139,3,892,0.02483,0.02734,1.0,0.0,0.0,,,-0.01,0.00902,0.00015,0.00418,0.0,0.0
644,659456,1.35388,375.0,0.0,0.0,0.373383,-0.001416,1.1e-05,0.001439,0.223441,0.015137,0.99985,6.180871,4.441071,6.177379,4.44516,4.0,0.00020124,2,901,0.01576,0.01744,1.0,0.0,0.0,,,-0.01,0.01025,0.00021,0.00422,0.0,0.0
645,660480,1.38315,375.0,0.0,0.0,0.387878,-0.001345,1.4e-05,0.001292,0.23243,0.013149,0.999776,6.181561,4.473749,6.180013,4.47937,4.0,0.00020108,4,898,0.01772,0.02107,1.0,0.0,0.0,,,-0.01,0.00892,0.00019,0.00415,0.0,0.0
646,661504,1.38905,375.0,0.0,0.0,0.396308,-0.001927,3e-05,0.002962,0.262997,0.033447,0.999456,6.128009,4.460323,6.125749,4.466542,4.0,0.00020093,2,881,0.02525,0.02693,1.0,0.0,0.0,,,-0.01,0.00889,0.00014,0.00422,0.0,0.0
647,662528,1.41391,375.0,0.0,0.0,0.361765,-0.001911,1.7e-05,0.001541,0.248616,0.01559,0.999619,6.209245,4.425991,6.206139,4.431682,4.0,0.00020077,2,904,0.01925,0.02079,1.0,0.0,0.0,,,-0.01,0.00994,0.00018,0.0042,0.0,0.0
648,663552,1.51777,375.0,0.0,0.0,0.373813,-0.002183,2e-05,0.002409,0.26081,0.031355,0.999609,6.190782,4.462725,6.184667,4.46477,4.0,0.00020062,4,896,0.02874,0.03181,1.0,0.0,0.0,,,-0.01,0.0088,0.00013,0.0041,0.0,0.0
649,664576,1.00389,375.0,0.0,0.0,0.406542,-0.000956,0.000117,0.001749,0.441258,0.018032,0.997907,6.076355,4.441674,6.055264,4.42375,4.0,0.00020047,2,902,0.03571,0.03725,1.0,0.0,0.0,,,-0.01,0.00919,-3e-05,0.00301,0.0,0.0
650,665600,1.48492,375.0,0.0,0.0,0.429184,-0.000426,0.000221,0.002734,0.365823,0.026402,0.995978,6.036438,4.411922,5.985847,4.381163,4.0,0.00020031,2,862,0.04422,0.04604,1.0,0.0,0.0,,,-0.01,0.00907,-9e-05,0.00207,0.0,0.0
651,666624,1.27853,375.0,0.0,0.0,0.440636,-0.00136,0.000206,0.002025,0.230629,0.02138,0.995655,6.012661,4.385753,5.976592,4.35891,4.0,0.00020016,4,892,0.05204,0.05539,1.0,0.0,0.0,,,-0.01,0.00841,-0.0001,0.002,0.0,0.0
652,667648,-1.47149,375.0,0.0,0.0,0.423442,-0.001859,7.1e-05,0.003283,0.229209,0.040771,0.998561,6.009086,4.349071,6.014117,4.340955,4.0,0.00020001,3,895,0.02455,0.02706,1.0,0.0,0.0,,,-0.01,0.00902,0.00017,0.00344,0.0,0.0
653,668672,1.03722,375.0,0.0,0.0,0.441716,-0.00126,2e-05,0.001562,0.224827,0.013253,0.999596,6.067022,4.312258,6.067816,4.309603,4.0,0.00019985,1,891,0.02009,0.02093,1.0,0.0,0.0,,,-0.01,0.00948,0.00026,0.00425,0.0,0.0
654,669696,1.45444,375.0,0.0,0.0,0.442142,-0.001341,3.1e-05,0.001176,0.192669,0.011405,0.999366,6.039055,4.324256,6.046021,4.333547,4.0,0.0001997,5,856,0.04534,0.04953,1.0,0.0,0.0,,,-0.01,0.00838,2e-05,0.00411,0.0,0.0
655,670720,0.96836,375.0,0.0,0.0,0.445811,-0.002676,2.6e-05,0.003484,0.304993,0.041609,0.999338,6.036376,4.348208,6.025296,4.362934,4.0,0.00019955,2,879,0.04269,0.04436,1.0,0.0,0.0,,,-0.01,0.00935,-0.00027,0.00422,0.0,0.0
656,671744,1.5711,375.0,0.0,0.0,0.429617,-0.000598,1.7e-05,0.003589,0.332568,0.049072,0.999499,6.058074,4.385447,6.04523,4.410403,4.0,0.00019939,1,903,0.03767,0.0385,1.0,0.0,0.0,,,-0.01,0.00993,-0.00032,0.00425,0.0,0.0
657,672768,0.98524,375.0,0.0,0.0,0.418924,-0.001946,2.3e-05,0.00383,0.280677,0.049421,0.999589,6.03877,4.407895,6.040648,4.413397,4.0,0.00019924,5,881,0.03306,0.03739,1.0,0.0,0.0,,,-0.01,0.00835,-7e-05,0.00408,0.0,0.0
658,673792,1.61612,375.0,0.0,0.0,0.429707,-0.000827,1e-05,0.00278,0.222476,0.027623,0.999823,5.977078,4.449615,5.975075,4.457515,4.0,0.00019908,2,881,0.01981,0.02148,1.0,0.0,0.0,,,-0.01,0.00989,0.00029,0.00422,0.0,0.0
659,674816,1.39494,375.0,0.0,0.0,0.420525,-0.002257,8e-06,0.003042,0.205178,0.031773,0.99986,5.966772,4.497685,5.960408,4.510484,4.0,0.00019893,1,874,0.018,0.01883,1.0,0.0,0.0,,,-0.01,0.0104,0.00027,0.00425,0.0,0.0
660,675840,1.35193,375.0,0.0,0.0,0.429819,-0.002308,1.7e-05,0.0024,0.22368,0.029541,0.999703,5.951149,4.500878,5.951767,4.504347,4.0,0.00019878,5,860,0.02595,0.03013,1.0,0.0,0.0,,,-0.01,0.00802,0.00017,0.00411,0.0,0.0
661,676864,1.66759,375.0,0.0,0.0,0.432786,-0.002628,1.1e-05,0.004762,0.234268,0.069127,0.999811,6.018611,4.454188,6.014014,4.463145,4.0,0.00019862,2,867,0.02065,0.02232,1.0,0.0,0.0,,,-0.01,0.01043,0.00026,0.0042,0.0,0.0
662,677888,1.59114,375.0,0.0,0.0,0.447548,-0.002211,9e-06,0.004528,0.232138,0.066546,0.999858,5.975433,4.495115,5.974576,4.502437,4.0,0.00019847,1,874,0.01465,0.01549,1.0,0.0,0.0,,,-0.01,0.01056,0.0003,0.00424,0.0,0.0
663,678912,1.5578,375.0,0.0,0.0,0.469373,-0.001284,3.7e-05,0.001874,0.199552,0.01008,0.999348,5.870728,4.532005,5.860584,4.539716,4.0,0.00019832,5,838,0.02999,0.03404,1.0,0.0,0.0,,,-0.01,0.00846,0.00017,0.00408,0.0,0.0
664,679936,1.61792,375.0,0.0,0.0,0.446201,-0.001745,2.2e-05,0.003468,0.28382,0.044608,0.999605,5.848136,4.560804,5.825387,4.567718,4.0,0.00019816,2,879,0.02302,0.02455,1.0,0.0,0.0,,,-0.01,0.00871,0.00012,0.0042,0.0,0.0
665,680960,1.17307,375.0,0.0,0.0,0.471516,-0.001226,2.9e-05,0.002989,0.183626,0.027344,0.999584,5.87724,4.576335,5.860767,4.583136,4.0,0.00019801,1,891,0.01744,0.01814,1.0,0.0,0.0,,,-0.01,0.01012,0.0002,0.00424,0.0,0.0
666,681984,1.12194,375.0,0.0,0.0,0.45505,-0.002301,2.5e-05,0.002049,0.237344,0.02417,0.999606,5.890099,4.576325,5.887356,4.586155,4.0,0.00019786,6,870,0.02804,0.03167,1.0,0.0,0.0,,,-0.01,0.00771,0.00011,0.00401,0.0,0.0
667,683008,1.52738,375.0,0.0,0.0,0.429107,-0.002603,1.5e-05,0.002786,0.301919,0.030936,0.999797,6.01074,4.539505,6.005834,4.552822,4.0,0.0001977,1,858,0.02372,0.02525,1.0,0.0,0.0,,,-0.01,0.01033,0.0002,0.00424,0.0,0.0
668,684032,1.48685,375.0,0.0,0.0,0.428611,-0.001027,1.9e-05,0.004543,0.450898,0.072545,0.999807,6.058336,4.56152,6.05397,4.570575,4.0,0.00019755,1,887,0.01981,0.02051,1.0,0.0,0.0,,,-0.01,0.01062,0.0003,0.00424,0.0,0.0
669,685056,1.45782,375.0,0.0,0.0,0.409001,-0.00214,2e-05,0.003086,0.292912,0.027379,0.999669,6.071659,4.554237,6.063416,4.565953,4.0,0.0001974,6,879,0.03167,0.03655,1.0,0.0,0.0,,,-0.01,0.00806,0.00011,0.00406,0.0,0.0
670,686080,1.7323,375.0,0.0,0.0,0.361694,-0.004467,1.4e-05,0.006342,0.290013,0.079764,0.999715,6.085118,4.576351,6.078158,4.595469,4.0,0.00019724,1,899,0.01535,0.01618,1.0,0.0,0.0,,,-0.01,0.01068,0.00018,0.00425,0.0,0.0
671,687104,1.60505,375.0,0.0,0.0,0.360182,-0.003261,7e-06,0.006588,0.418533,0.115339,0.999901,6.07351,4.612575,6.074718,4.618325,4.0,0.00019709,2,854,0.01018,0.01102,1.0,0.0,0.0,,,-0.01,0.01035,0.00017,0.00425,0.0,0.0
672,688128,1.48905,375.0,0.0,0.0,0.340156,-0.001592,1.7e-05,0.001035,0.212825,0.008998,0.99975,6.079494,4.588686,6.075205,4.592275,4.0,0.00019693,5,869,0.02679,0.03181,1.0,0.0,0.0,,,-0.01,0.00764,0.00015,0.00408,0.0,0.0
673,689152,1.54405,375.0,0.0,0.0,0.332707,-0.001996,9e-06,0.002102,0.289191,0.026332,0.999845,6.12202,4.568112,6.119137,4.57148,4.0,0.00019678,1,902,0.01465,0.01549,1.0,0.0,0.0,,,-0.01,0.01067,0.00024,0.00425,0.0,0.0
674,690176,1.41653,375.0,0.0,0.0,0.36303,0.000618,1.5e-05,0.005211,0.572877,0.078753,0.999739,6.120026,4.59068,6.110813,4.600008,4.0,0.00019663,3,894,0.01814,0.01981,1.0,0.0,0.0,,,-0.01,0.01047,0.00027,0.00422,0.0,0.0
675,691200,1.59112,375.0,0.0,0.0,0.364784,-0.001635,1.3e-05,0.001953,0.242792,0.022391,0.9998,6.062976,4.608078,6.067199,4.615101,4.0,0.00019647,4,883,0.02246,0.02665,1.0,0.0,0.0,,,-0.01,0.00787,0.0002,0.00411,0.0,0.0
676,692224,1.68912,375.0,0.0,0.0,0.33717,-0.002078,1.2e-05,0.002878,0.225622,0.035052,0.999878,6.150863,4.584559,6.153013,4.58967,4.0,0.00019632,1,886,0.01674,0.01758,1.0,0.0,0.0,,,-0.01,0.01095,0.00024,0.00425,0.0,0.0
677,693248,1.54936,375.0,0.0,0.0,0.351791,-0.002668,1.7e-05,0.002662,0.219517,0.02546,0.999797,6.167731,4.605582,6.163441,4.613571,4.0,0.00019617,4,890,0.02204,0.02525,1.0,0.0,0.0,,,-0.01,0.0101,0.00023,0.00413,0.0,0.0
678,694272,1.6648,375.0,0.0,0.0,0.328191,-0.001702,2.9e-05,0.001367,0.23878,0.017997,0.999667,6.198237,4.543452,6.194516,4.549747,4.0,0.00019601,3,893,0.01869,0.02134,1.0,0.0,0.0,,,-0.01,0.00822,0.00022,0.00419,0.0,0.0
679,695296,1.32209,375.0,0.0,0.0,0.339877,-0.001253,2.4e-05,0.001626,0.189834,0.009696,0.999844,6.232747,4.58181,6.227329,4.587356,4.0,0.00019586,1,901,0.01702,0.01786,1.0,0.0,0.0,,,-0.01,0.01103,0.00029,0.00425,0.0,0.0
680,696320,1.51615,375.0,0.0,0.0,0.359669,-0.001238,1.6e-05,0.00236,0.259965,0.028006,0.999746,6.196024,4.603574,6.185435,4.602336,4.0,0.00019571,4,854,0.02023,0.02358,1.0,0.0,0.0,,,-0.01,0.0087,0.00019,0.00415,0.0,0.0
681,697344,1.45152,375.0,0.0,0.0,0.375157,-0.002751,1.8e-05,0.002851,0.262317,0.037772,0.9997,6.19514,4.573713,6.185876,4.572339,4.0,0.00019555,3,881,0.02344,0.02567,1.0,0.0,0.0,,,-0.01,0.00879,0.00028,0.00415,0.0,0.0
682,698368,1.40107,375.0,0.0,0.0,0.34886,-0.001583,1e-05,0.003059,0.247263,0.039237,0.999825,6.213354,4.538245,6.203773,4.534194,4.0,0.0001954,2,900,0.01995,0.02134,1.0,0.0,0.0,,,-0.01,0.01032,0.00023,0.00419,0.0,0.0
683,699392,1.4446,375.0,0.0,0.0,0.331253,-0.001995,1.5e-05,0.001378,0.197159,0.018171,0.999763,6.185813,4.554978,6.171793,4.556235,4.0,0.00019524,3,894,0.02051,0.0233,1.0,0.0,0.0,,,-0.01,0.0086,0.00018,0.0042,0.0,0.0
684,700416,1.26011,375.0,0.0,0.0,0.32347,-0.000956,3.2e-05,0.000789,0.176683,0.008336,0.999428,6.176452,4.541229,6.164158,4.52426,4.0,0.00019509,3,861,0.02134,0.02386,1.0,0.0,0.0,,,-0.01,0.00852,0.00023,0.00418,0.0,0.0
685,701440,1.5681,375.0,0.0,0.0,0.270699,-0.001387,3e-05,0.00132,0.189776,0.01988,0.999655,6.175538,4.534291,6.165527,4.531802,4.0,0.00019494,2,886,0.01451,0.01618,1.0,0.0,0.0,,,-0.01,0.00978,0.00015,0.00419,0.0,0.0
686,702464,1.03226,375.0,0.0,0.0,0.270868,-0.000452,2.6e-05,0.001638,0.245294,0.025391,0.999609,6.161484,4.543364,6.153745,4.539944,4.0,0.00019478,4,887,0.018,0.02107,1.0,0.0,0.0,,,-0.01,0.00905,0.00018,0.00409,0.0,0.0
687,703488,1.59573,375.0,0.0,0.0,0.258409,-0.001727,1.1e-05,0.001104,0.193293,0.016078,0.99979,6.179547,4.542327,6.176118,4.544643,4.0,0.00019463,2,892,0.018,0.01995,1.0,0.0,0.0,,,-0.01,0.00959,0.00013,0.00424,0.0,0.0
688,704512,1.46367,375.0,0.0,0.0,0.258204,-0.00177,1e-05,0.001014,0.185805,0.01266,0.999855,6.164909,4.563079,6.1567,4.567385,4.0,0.00019448,2,886,0.01995,0.02162,1.0,0.0,0.0,,,-0.01,0.01045,5e-05,0.0042,0.0,0.0
689,705536,1.53202,375.0,0.0,0.0,0.285375,-0.002105,1.7e-05,0.001509,0.183951,0.018694,0.999747,6.110531,4.586494,6.106841,4.592179,4.0,0.00019432,4,865,0.02595,0.0293,1.0,0.0,0.0,,,-0.01,0.00908,9e-05,0.00415,0.0,0.0
690,706560,1.65319,375.0,0.0,0.0,0.265342,-0.000482,1e-05,0.001385,0.218284,0.023821,0.999875,6.16584,4.540655,6.165547,4.537861,4.0,0.00019417,2,892,0.0166,0.01828,1.0,0.0,0.0,,,-0.01,0.00979,0.00022,0.00422,0.0,0.0
691,707584,1.5546,375.0,0.0,0.0,0.273441,-0.000964,7e-06,0.000895,0.202274,0.007638,0.999892,6.174171,4.548217,6.165919,4.546486,4.0,0.00019402,2,890,0.01855,0.02023,1.0,0.0,0.0,,,-0.01,0.01001,0.00029,0.00422,0.0,0.0
692,708608,1.36695,375.0,0.0,0.0,0.249579,-0.001901,1.2e-05,0.002008,0.20889,0.028495,0.99981,6.134624,4.566043,6.131034,4.562229,4.0,0.00019386,4,884,0.02344,0.02679,1.0,0.0,0.0,,,-0.01,0.00866,0.00019,0.00415,0.0,0.0
693,709632,1.61188,375.0,0.0,0.0,0.27468,-0.000302,1.2e-05,0.001555,0.331845,0.021136,0.999795,6.114583,4.553249,6.110756,4.559136,4.0,0.00019371,3,845,0.02037,0.0226,1.0,0.0,0.0,,,-0.01,0.01042,0.00019,0.00416,0.0,0.0
694,710656,1.64902,375.0,0.0,0.0,0.272074,-0.003339,1e-05,0.003148,0.27621,0.043143,0.999842,6.097038,4.575029,6.093054,4.577559,4.0,0.00019356,1,890,0.01381,0.01493,1.0,0.0,0.0,,,-0.01,0.01001,0.00026,0.00427,0.0,0.0
695,711680,1.54102,375.0,0.0,0.0,0.314387,-0.001912,1.4e-05,0.002359,0.276885,0.037249,0.999766,6.067619,4.581491,6.057831,4.583926,4.0,0.0001934,5,884,0.02595,0.03013,1.0,0.0,0.0,,,-0.01,0.00864,0.0002,0.00411,0.0,0.0
696,712704,1.40427,375.0,0.0,0.0,0.291465,-0.001112,1.4e-05,0.001566,0.245988,0.025356,0.99975,6.053298,4.543002,6.049254,4.540096,4.0,0.00019325,2,895,0.01995,0.02148,1.0,0.0,0.0,,,-0.01,0.00933,0.00023,0.00418,0.0,0.0
697,713728,1.24031,375.0,0.0,0.0,0.298649,-0.00282,1.4e-05,0.002757,0.239528,0.031808,0.999769,6.027613,4.550359,6.021199,4.544784,4.0,0.00019309,1,862,0.02232,0.02344,1.0,0.0,0.0,,,-0.01,0.01048,0.00011,0.0042,0.0,0.0
698,714752,1.4049,375.0,0.0,0.0,0.360337,-0.004189,2.2e-05,0.006166,0.313202,0.065325,0.999671,5.969438,4.543634,5.957695,4.542155,4.0,0.00019294,5,873,0.03251,0.03599,1.0,0.0,0.0,,,-0.01,0.00775,7e-05,0.00402,0.0,0.0
699,715776,1.24103,375.0,0.0,0.0,0.389498,-0.001149,1.7e-05,0.002169,0.232305,0.026123,0.99982,5.94796,4.571277,5.940653,4.567856,4.0,0.00019279,2,890,0.02079,0.02246,1.0,0.0,0.0,,,-0.01,0.00987,0.00014,0.00417,0.0,0.0
700,716800,1.20901,375.0,0.0,0.0,0.352623,-0.000908,2.6e-05,0.001413,0.244479,0.015695,0.999763,5.982001,4.602525,5.973834,4.599822,4.0,0.00019263,1,888,0.01562,0.01646,1.0,0.0,0.0,,,-0.01,0.01031,0.00024,0.00425,0.0,0.0
701,717824,1.35393,375.0,0.0,0.0,0.379881,-0.001945,6.6e-05,0.002131,0.255478,0.031948,0.999423,5.899684,4.639639,5.880688,4.647169,4.0,0.00019248,5,869,0.03725,0.04157,1.0,0.0,0.0,,,-0.01,0.0072,-4e-05,0.00411,0.0,0.0
702,718848,1.4153,375.0,0.0,0.0,0.299041,-0.002627,5.4e-05,0.002004,0.253464,0.02832,0.999733,5.903142,4.599223,5.896602,4.605923,4.0,0.00019233,2,875,0.02581,0.02748,1.0,0.0,0.0,,,-0.01,0.00964,-9e-05,0.00422,0.0,0.0
703,719872,0.8045,375.0,0.0,0.0,0.23453,-0.001295,3.7e-05,0.000556,0.211084,0.006243,0.999749,6.01382,4.60183,6.013484,4.605473,4.0,0.00019217,1,893,0.01842,0.01925,1.0,0.0,0.0,,,-0.01,0.01064,4e-05,0.00424,0.0,0.0
704,720896,1.26879,375.0,0.0,0.0,0.287891,-0.001344,2.4e-05,0.001054,0.240277,0.01266,0.999765,5.997247,4.569909,5.999066,4.568415,4.0,0.00019202,5,878,0.02748,0.03167,1.0,0.0,0.0,,,-0.01,0.00834,9e-05,0.00412,0.0,0.0
705,721920,1.62913,375.0,0.0,0.0,0.296039,-0.001215,7e-06,0.000926,0.202805,0.009173,0.999913,6.056237,4.512374,6.052701,4.517069,4.0,0.00019187,2,881,0.01758,0.01925,1.0,0.0,0.0,,,-0.01,0.01015,0.00015,0.00422,0.0,0.0
706,722944,1.71775,375.0,0.0,0.0,0.249671,-0.00087,7e-06,0.000704,0.19373,0.007568,0.999886,6.047439,4.516851,6.043478,4.519876,4.0,0.00019171,1,853,0.01632,0.01702,1.0,0.0,0.0,,,-0.01,0.01076,0.00021,0.00422,0.0,0.0
707,723968,1.46439,375.0,0.0,0.0,0.330875,-0.001773,2.2e-05,0.001191,0.300117,0.010428,0.999667,6.007886,4.563325,5.996787,4.566804,4.0,0.00019156,5,869,0.03906,0.04143,1.0,0.0,0.0,,,-0.01,0.00794,2e-05,0.00391,0.0,0.0
708,724992,1.59549,375.0,0.0,0.0,0.339937,-0.001477,2.1e-05,0.001776,0.278538,0.025251,0.999682,6.002327,4.558801,5.990364,4.560798,4.0,0.0001914,2,875,0.02176,0.0233,1.0,0.0,0.0,,,-0.01,0.00973,0.00018,0.00415,0.0,0.0
709,726016,1.06441,375.0,0.0,0.0,0.301256,-0.00217,2e-05,0.001666,0.187599,0.015102,0.999643,5.95489,4.589151,5.952541,4.581462,4.0,0.00019125,1,887,0.01967,0.02051,1.0,0.0,0.0,,,-0.01,0.01039,0.0002,0.00425,0.0,0.0
710,727040,1.31371,375.0,0.0,0.0,0.387971,-0.002643,2.3e-05,0.002379,0.268366,0.03704,0.999622,5.883482,4.557552,5.876488,4.551723,4.0,0.0001911,6,831,0.03362,0.03836,1.0,0.0,0.0,,,-0.01,0.00757,4e-05,0.00403,0.0,0.0
711,728064,1.25203,375.0,0.0,0.0,0.361893,-0.002166,3e-05,0.003806,0.292295,0.048619,0.999529,5.893399,4.516682,5.8828,4.511075,4.0,0.00019094,1,884,0.02218,0.01995,1.0,0.0,0.0,,,-0.01,0.00993,0.00012,0.0039,0.0,0.0
712,729088,1.17022,375.0,0.0,0.0,0.318328,-0.003597,1.4e-05,0.004267,0.3244,0.062953,0.999831,5.90826,4.527398,5.904579,4.524586,4.0,0.00019079,1,885,0.01674,0.01758,1.0,0.0,0.0,,,-0.01,0.01059,0.00019,0.00425,0.0,0.0
713,730112,1.43095,375.0,0.0,0.0,0.390588,-0.001626,1.8e-05,0.001139,0.223525,0.009556,0.999723,5.937294,4.534301,5.936572,4.534504,4.0,0.00019064,6,865,0.02999,0.03502,1.0,0.0,0.0,,,-0.01,0.00761,7e-05,0.00408,0.0,0.0
714,731136,0.63771,375.0,0.0,0.0,0.337233,-0.001009,2e-05,0.001953,0.240582,0.03111,0.999677,5.960969,4.517954,5.956026,4.525286,4.0,0.00019048,1,856,0.02204,0.02274,1.0,0.0,0.0,,,-0.01,0.01043,0.0002,0.00424,0.0,0.0
715,732160,1.49797,375.0,0.0,0.0,0.266883,-0.001077,1.1e-05,0.000811,0.179644,0.00844,0.999812,5.948363,4.575222,5.949401,4.575165,4.0,0.00019033,2,877,0.01646,0.01814,1.0,0.0,0.0,,,-0.01,0.01041,0.00022,0.00422,0.0,0.0
716,733184,1.41539,375.0,0.0,0.0,0.383474,-0.002424,2.9e-05,0.001511,0.270353,0.016462,0.99959,5.839847,4.6483,5.829257,4.653935,4.0,0.00019018,5,873,0.03767,0.04185,1.0,0.0,0.0,,,-0.01,0.00757,-0.00012,0.00411,0.0,0.0
717,734208,1.57245,375.0,0.0,0.0,0.343171,-0.001364,1.8e-05,0.002165,0.20727,0.023891,0.999716,5.921157,4.592446,5.917512,4.588578,4.0,0.00019002,1,889,0.01911,0.01995,1.0,0.0,0.0,,,-0.01,0.01015,0.00021,0.00425,0.0,0.0
718,735232,1.21942,375.0,0.0,0.0,0.298315,-0.001532,1.6e-05,0.000774,0.193214,0.008301,0.999744,5.876423,4.626034,5.86652,4.628328,4.0,0.00018987,4,885,0.02427,0.0272,1.0,0.0,0.0,,,-0.01,0.01017,0.00012,0.0041,0.0,0.0
719,736256,1.37935,375.0,0.0,0.0,0.368487,-0.002225,2.2e-05,0.002618,0.275348,0.0369,0.999658,5.843781,4.612957,5.844205,4.619622,4.0,0.00018972,3,869,0.02888,0.03181,1.0,0.0,0.0,,,-0.01,0.00757,0.0001,0.00421,0.0,0.0
720,737280,1.63898,375.0,0.0,0.0,0.325621,-0.001646,1e-05,0.002596,0.231326,0.03704,0.999824,5.92722,4.597163,5.926883,4.604409,4.0,0.00018956,1,887,0.01395,0.01479,1.0,0.0,0.0,,,-0.01,0.01069,0.00028,0.00425,0.0,0.0
721,738304,1.49107,375.0,0.0,0.0,0.283422,-0.001774,1.1e-05,0.001036,0.218628,0.015485,0.999819,5.899315,4.642331,5.898036,4.643148,4.0,0.00018941,4,882,0.02316,0.02665,1.0,0.0,0.0,,,-0.01,0.00964,0.00016,0.00413,0.0,0.0
722,739328,1.41026,375.0,0.0,0.0,0.34989,-0.002017,1.5e-05,0.001836,0.273205,0.023158,0.999765,5.865582,4.613675,5.864151,4.61717,4.0,0.00018925,3,886,0.02623,0.02888,1.0,0.0,0.0,,,-0.01,0.00853,0.00014,0.00416,0.0,0.0
723,740352,1.54346,375.0,0.0,0.0,0.30058,-0.00348,8e-06,0.00425,0.338855,0.059466,0.999863,5.920383,4.587362,5.925574,4.587973,4.0,0.0001891,2,853,0.01353,0.01465,1.0,0.0,0.0,,,-0.01,0.01064,0.00016,0.0042,0.0,0.0
724,741376,1.48315,375.0,0.0,0.0,0.282933,-0.002232,1.3e-05,0.002111,0.261697,0.030169,0.999795,5.942947,4.600371,5.938832,4.606253,4.0,0.00018895,3,886,0.0219,0.02497,1.0,0.0,0.0,,,-0.01,0.00937,0.00017,0.00418,0.0,0.0
725,742400,1.36968,375.0,0.0,0.0,0.335528,-0.001281,1.4e-05,0.001463,0.249907,0.014683,0.99977,5.87803,4.648362,5.870141,4.649689,4.0,0.00018879,3,885,0.02595,0.02846,1.0,0.0,0.0,,,-0.01,0.0087,0.00017,0.00418,0.0,0.0
726,743424,1.58126,375.0,0.0,0.0,0.26667,-0.001186,1e-05,0.001375,0.187244,0.017892,0.99984,5.887137,4.645278,5.886829,4.647532,4.0,0.00018864,2,886,0.01786,0.01953,1.0,0.0,0.0,,,-0.01,0.01016,0.00019,0.00422,0.0,0.0
727,744448,1.31956,375.0,0.0,0.0,0.28848,-0.002464,2.1e-05,0.001138,0.248974,0.012521,0.999694,5.868003,4.641845,5.859176,4.640993,4.0,0.00018849,4,847,0.02274,0.02567,1.0,0.0,0.0,,,-0.01,0.00877,0.00012,0.00407,0.0,0.0
728,745472,1.46381,375.0,0.0,0.0,0.373442,-0.002284,2.4e-05,0.002053,0.261825,0.02553,0.999644,5.834685,4.630228,5.830256,4.626532,4.0,0.00018833,2,864,0.024,0.02609,1.0,0.0,0.0,,,-0.01,0.009,3e-05,0.00422,0.0,0.0
729,746496,1.18602,375.0,0.0,0.0,0.348411,-0.001612,3.2e-05,0.002362,0.236035,0.028251,0.999578,5.833802,4.613077,5.818957,4.605648,4.0,0.00018818,2,891,0.02344,0.02455,1.0,0.0,0.0,,,-0.01,0.0093,0.00013,0.00415,0.0,0.0
730,747520,1.28784,375.0,0.0,0.0,0.323746,-0.001941,3.7e-05,0.000883,0.210841,0.010393,0.999529,5.835496,4.612602,5.832832,4.595457,4.0,0.00018803,4,885,0.02148,0.02483,1.0,0.0,0.0,,,-0.01,0.00789,0.00013,0.0041,0.0,0.0
731,748544,1.2062,375.0,0.0,0.0,0.397153,-0.000295,3.3e-05,0.001545,0.22317,0.017055,0.999635,5.821471,4.528066,5.812897,4.517608,4.0,0.00018787,2,855,0.01925,0.02093,1.0,0.0,0.0,,,-0.01,0.00876,0.00025,0.00422,0.0,0.0
732,749568,0.63641,375.0,0.0,0.0,0.369903,-0.001811,1.5e-05,0.00138,0.33209,0.019008,0.999879,5.857971,4.533582,5.857746,4.531068,4.0,0.00018772,2,883,0.01507,0.01674,1.0,0.0,0.0,,,-0.01,0.01019,0.00023,0.00422,0.0,0.0
733,750592,1.41615,375.0,0.0,0.0,0.350385,-0.001264,2.8e-05,0.001873,0.238497,0.027204,0.999725,5.781799,4.589633,5.772202,4.588871,4.0,0.00018756,4,879,0.02553,0.02874,1.0,0.0,0.0,,,-0.01,0.00885,9e-05,0.00411,0.0,0.0
734,751616,1.36533,375.0,0.0,0.0,0.330825,-0.001599,2e-05,0.003202,0.184968,0.034912,0.999729,5.786441,4.538046,5.791629,4.541392,4.0,0.00018741,3,885,0.01967,0.02162,1.0,0.0,0.0,,,-0.01,0.00971,0.00024,0.00416,0.0,0.0
735,752640,1.63036,375.0,0.0,0.0,0.274357,-0.002275,1.4e-05,0.00181,0.16437,0.015555,0.99979,5.871294,4.515627,5.876489,4.517351,4.0,0.00018726,1,892,0.01381,0.01507,1.0,0.0,0.0,,,-0.01,0.00979,0.00024,0.00425,0.0,0.0
736,753664,1.43799,375.0,0.0,0.0,0.290158,-0.001197,2.1e-05,0.000566,0.166884,0.004464,0.999628,5.8796,4.507656,5.880051,4.503636,4.0,0.0001871,5,869,0.01842,0.02246,1.0,0.0,0.0,,,-0.01,0.00877,0.00014,0.00406,0.0,0.0
737,754688,1.36953,375.0,0.0,0.0,0.346032,-0.002084,0.000212,0.003193,0.250869,0.039202,0.996197,5.886517,4.479658,5.834203,4.439383,4.0,0.00018695,2,892,0.0353,0.03669,1.0,0.0,0.0,,,-0.01,0.00926,4e-05,0.0019,0.0,0.0
738,755712,1.52472,375.0,0.0,0.0,0.367832,-0.000754,0.0002,0.00111,0.193672,0.014718,0.996127,5.783078,4.462499,5.73983,4.433165,4.0,0.0001868,1,896,0.02832,0.02916,1.0,0.0,0.0,,,-0.01,0.00965,0.00017,0.00209,0.0,0.0
739,756736,-0.20768,375.0,0.0,0.0,0.41134,-0.002904,0.000195,0.003684,0.230722,0.04677,0.996272,5.607181,4.475347,5.578656,4.457305,4.0,0.00018664,5,877,0.04018,0.04464,1.0,0.0,0.0,,,-0.01,0.00775,5e-05,0.00212,0.0,0.0
740,757760,1.46969,375.0,0.0,0.0,0.424275,-0.003245,5e-05,0.003559,0.297843,0.051479,0.999152,5.635701,4.488894,5.636703,4.488802,4.0,0.00018649,2,842,0.02232,0.02386,1.0,0.0,0.0,,,-0.01,0.00893,0.00014,0.00417,0.0,0.0
741,758784,1.05126,375.0,0.0,0.0,0.400589,-0.001521,2.4e-05,0.001481,0.229065,0.015939,0.999586,5.634743,4.490052,5.638333,4.490701,4.0,0.00018634,1,889,0.02344,0.02441,1.0,0.0,0.0,,,-0.01,0.01001,0.00016,0.00425,0.0,0.0
742,759808,1.13457,375.0,0.0,0.0,0.41254,-0.00138,3.1e-05,0.002342,0.222291,0.031459,0.999459,5.631023,4.456505,5.644695,4.4665,4.0,0.00018618,5,877,0.03041,0.03488,1.0,0.0,0.0,,,-0.01,0.00801,0.00011,0.00408,0.0,0.0
743,760832,1.48512,375.0,0.0,0.0,0.406712,-0.002205,2.7e-05,0.002777,0.226074,0.035924,0.99954,5.666946,4.43483,5.659993,4.430917,4.0,0.00018603,2,887,0.02679,0.02902,1.0,0.0,0.0,,,-0.01,0.00969,-3e-05,0.00421,0.0,0.0
744,761856,1.66778,375.0,0.0,0.0,0.373479,-0.000776,1.1e-05,0.001564,0.296159,0.020926,0.99981,5.660035,4.448899,5.654611,4.451462,4.0,0.00018588,1,859,0.01325,0.01423,1.0,0.0,0.0,,,-0.01,0.01048,0.00018,0.00423,0.0,0.0
745,762880,1.2742,375.0,0.0,0.0,0.402833,-0.001322,3e-05,0.001657,0.267855,0.020543,0.999526,5.637359,4.431877,5.64132,4.435845,4.0,0.00018572,5,877,0.02497,0.02888,1.0,0.0,0.0,,,-0.01,0.00756,0.00017,0.00408,0.0,0.0
746,763904,1.38237,375.0,0.0,0.0,0.433515,-0.001913,2.1e-05,0.00148,0.209888,0.015032,0.99965,5.695109,4.393672,5.689949,4.394612,4.0,0.00018557,2,887,0.01618,0.01814,1.0,0.0,0.0,,,-0.01,0.0097,0.00026,0.00418,0.0,0.0
747,764928,1.5602,375.0,0.0,0.0,0.425413,-0.001404,2.1e-05,0.003134,0.258556,0.037493,0.999609,5.679778,4.392593,5.663281,4.380961,4.0,0.00018541,1,894,0.01814,0.01911,1.0,0.0,0.0,,,-0.01,0.00988,0.00019,0.00425,0.0,0.0
748,765952,1.25186,375.0,0.0,0.0,0.462874,-0.002991,4.5e-05,0.00315,0.296294,0.039551,0.999254,5.658198,4.375537,5.643287,4.371534,4.0,0.00018526,5,876,0.03069,0.03502,1.0,0.0,0.0,,,-0.01,0.00744,0.0001,0.00385,0.0,0.0
749,766976,1.00517,375.0,0.0,0.0,0.40632,-0.001841,2.1e-05,0.001468,0.280436,0.015346,0.99962,5.665268,4.366507,5.661144,4.376351,4.0,0.00018511,2,884,0.02065,0.0226,1.0,0.0,0.0,,,-0.01,0.00983,0.0002,0.0042,0.0,0.0
750,768000,1.23619,375.0,0.0,0.0,0.360797,-0.000853,2.2e-05,0.001514,0.24443,0.018415,0.999599,5.636615,4.431841,5.633939,4.443866,4.0,0.00018495,1,892,0.02427,0.02511,1.0,0.0,0.0,,,-0.01,0.01041,-4e-05,0.00425,0.0,0.0
751,769024,1.37651,375.0,0.0,0.0,0.430336,-0.003185,4.1e-05,0.00392,0.260245,0.054862,0.999294,5.584791,4.485509,5.580269,4.505813,4.0,0.0001848,6,878,0.04353,0.04869,1.0,0.0,0.0,,,-0.01,0.00817,-0.00021,0.00381,0.0,0.0
752,770048,0.45663,375.0,0.0,0.0,0.374527,-0.001578,2e-05,0.001621,0.260589,0.018834,0.999698,5.591451,4.521586,5.598022,4.530579,4.0,0.00018465,1,885,0.01702,0.018,1.0,0.0,0.0,,,-0.01,0.01015,0.00022,0.00427,0.0,0.0
753,771072,1.5558,375.0,0.0,0.0,0.33987,-0.001798,1.9e-05,0.00302,0.463409,0.039028,0.9997,5.656008,4.532397,5.656785,4.540228,4.0,0.00018449,1,847,0.0166,0.01744,1.0,0.0,0.0,,,-0.01,0.01074,0.0002,0.00425,0.0,0.0
754,772096,1.47724,375.0,0.0,0.0,0.435762,-0.002312,2.6e-05,0.00248,0.261846,0.030622,0.999598,5.59513,4.531216,5.599493,4.535707,4.0,0.00018434,6,868,0.03446,0.03948,1.0,0.0,0.0,,,-0.01,0.00795,2e-05,0.004,0.0,0.0
755,773120,1.6017,375.0,0.0,0.0,0.40515,-0.002311,1.2e-05,0.00248,0.28679,0.025391,0.999824,5.674655,4.49392,5.677218,4.497736,4.0,0.00018419,1,885,0.01535,0.01632,1.0,0.0,0.0,,,-0.01,0.0103,0.00027,0.00423,0.0,0.0
756,774144,1.29785,375.0,0.0,0.0,0.352947,-0.001271,2.7e-05,0.002515,0.355508,0.035435,0.999595,5.630393,4.531357,5.621145,4.538753,4.0,0.00018403,2,855,0.02148,0.02316,1.0,0.0,0.0,,,-0.01,0.01052,8e-05,0.00408,0.0,0.0
757,775168,1.48599,375.0,0.0,0.0,0.43748,-0.002425,1.8e-05,0.002405,0.313126,0.029192,0.999723,5.623435,4.560708,5.624305,4.568126,4.0,0.00018388,5,830,0.04883,0.05246,1.0,0.0,0.0,,,-0.01,0.00745,-4e-05,0.00405,0.0,0.0
758,776192,1.52669,375.0,0.0,0.0,0.378503,-0.002468,9e-06,0.001807,0.355369,0.024275,0.999886,5.753174,4.509764,5.759799,4.518043,4.0,0.00018372,1,878,0.0173,0.01716,1.0,0.0,0.0,,,-0.01,0.01064,0.00023,0.00414,0.0,0.0
759,777216,1.43275,375.0,0.0,0.0,0.335917,-0.001308,1.4e-05,0.001599,0.274358,0.018764,0.999784,5.748491,4.512476,5.751687,4.519977,4.0,0.00018357,4,871,0.0272,0.02902,1.0,0.0,0.0,,,-0.01,0.0107,9e-05,0.00402,0.0,0.0
760,778240,1.5375,375.0,0.0,0.0,0.425429,-0.001597,1.8e-05,0.002857,0.372932,0.036028,0.999719,5.674039,4.513593,5.675304,4.522436,4.0,0.00018342,3,864,0.04269,0.04548,1.0,0.0,0.0,,,-0.01,0.00781,6e-05,0.0041,0.0,0.0
761,779264,1.13476,375.0,0.0,0.0,0.36432,-0.000931,1e-05,0.00396,0.43917,0.054722,0.999847,5.739121,4.504934,5.741757,4.511724,4.0,0.00018326,1,837,0.01744,0.01828,1.0,0.0,0.0,,,-0.01,0.01054,0.0002,0.00425,0.0,0.0
762,780288,1.50372,375.0,0.0,0.0,0.355415,-0.001375,1.5e-05,0.001658,0.379376,0.020996,0.999784,5.704811,4.56023,5.700643,4.56645,4.0,0.00018311,4,856,0.03195,0.0353,1.0,0.0,0.0,,,-0.01,0.00986,0.00012,0.00415,0.0,0.0
763,781312,1.29836,375.0,0.0,0.0,0.391649,-0.00229,3e-05,0.005161,0.325985,0.080532,0.99954,5.698265,4.540156,5.690524,4.533528,4.0,0.00018296,3,854,0.04478,0.04743,1.0,0.0,0.0,,,-0.01,0.00789,-0.00015,0.00408,0.0,0.0
764,782336,1.49128,375.0,0.0,0.0,0.326065,-0.002882,3.3e-05,0.001341,0.199598,0.012765,0.999396,5.759884,4.507358,5.745472,4.500091,4.0,0.0001828,2,870,0.03139,0.03237,1.0,0.0,0.0,,,-0.01,0.01019,-0.00021,0.00414,0.0,0.0
765,783360,0.92709,375.0,0.0,0.0,0.300803,-0.001075,1.6e-05,0.001724,0.233888,0.02696,0.999751,5.688016,4.558019,5.685623,4.56488,4.0,0.00018265,3,841,0.03237,0.03571,1.0,0.0,0.0,,,-0.01,0.00919,-2e-05,0.00414,0.0,0.0
766,784384,1.34827,375.0,0.0,0.0,0.326777,-0.002909,1.4e-05,0.007082,0.318433,0.067313,0.999807,5.732116,4.565705,5.74047,4.566064,4.0,0.0001825,3,858,0.02748,0.02999,1.0,0.0,0.0,,,-0.01,0.00915,8e-05,0.00418,0.0,0.0
767,785408,1.55647,375.0,0.0,0.0,0.28041,-0.001057,6e-06,0.001689,0.162357,0.020787,0.999925,5.777908,4.564573,5.783202,4.568995,4.0,0.00018234,2,877,0.01632,0.01786,1.0,0.0,0.0,,,-0.01,0.01091,0.00015,0.0042,0.0,0.0
768,786432,1.556,375.0,0.0,0.0,0.275148,-0.001575,1.1e-05,0.001494,0.219542,0.015311,0.999842,5.795437,4.549848,5.799866,4.558813,4.0,0.00018219,4,870,0.02204,0.02455,1.0,0.0,0.0,,,-0.01,0.00931,0.00012,0.00418,0.0,0.0
769,787456,1.52604,375.0,0.0,0.0,0.317564,-0.001533,9e-06,0.001148,0.235563,0.011056,0.999875,5.80756,4.530304,5.808148,4.535004,4.0,0.00018204,2,884,0.02525,0.02762,1.0,0.0,0.0,,,-0.01,0.00931,0.00013,0.00417,0.0,0.0
770,788480,1.61107,375.0,0.0,0.0,0.322987,-0.002789,1.2e-05,0.001303,0.24992,0.013986,0.999818,5.803569,4.543657,5.798621,4.545763,4.0,0.00018188,2,872,0.02358,0.02525,1.0,0.0,0.0,,,-0.01,0.01033,0.00018,0.0042,0.0,0.0
771,789504,1.49161,375.0,0.0,0.0,0.326622,-0.001741,1.4e-05,0.00131,0.302931,0.016811,0.999806,5.738961,4.582577,5.737948,4.585576,4.0,0.00018173,4,883,0.0279,0.03111,1.0,0.0,0.0,,,-0.01,0.00937,0.00014,0.00413,0.0,0.0
772,790528,1.45849,375.0,0.0,0.0,0.383089,-0.001341,1.8e-05,0.001661,0.281414,0.019217,0.999774,5.66432,4.617442,5.669283,4.618601,4.0,0.00018157,2,884,0.02148,0.02316,1.0,0.0,0.0,,,-0.01,0.0097,0.00016,0.00422,0.0,0.0
773,791552,1.35068,375.0,0.0,0.0,0.372772,-0.002461,1.4e-05,0.003741,0.241842,0.039516,0.999802,5.678878,4.644549,5.681717,4.654342,4.0,0.00018142,2,882,0.01897,0.02051,1.0,0.0,0.0,,,-0.01,0.01035,0.00015,0.0042,0.0,0.0
774,792576,1.51543,375.0,0.0,0.0,0.354078,-0.001026,2.1e-05,0.001019,0.266385,0.012416,0.999792,5.704051,4.672942,5.713634,4.675806,4.0,0.00018127,4,847,0.02232,0.02567,1.0,0.0,0.0,,,-0.01,0.00907,9e-05,0.00415,0.0,0.0
775,793600,1.63987,375.0,0.0,0.0,0.326534,-0.001003,2.4e-05,0.003338,0.235414,0.040771,0.999766,5.750418,4.64975,5.757851,4.654369,4.0,0.00018111,3,879,0.03209,0.03376,1.0,0.0,0.0,,,-0.01,0.01106,-0.00023,0.00422,0.0,0.0
776,794624,1.61604,375.0,0.0,0.0,0.292094,-0.001498,2.4e-05,0.002213,0.205896,0.019113,0.999675,5.759717,4.649375,5.77241,4.650325,4.0,0.00018096,1,888,0.03292,0.03404,1.0,0.0,0.0,,,-0.01,0.01141,-0.0004,0.00412,0.0,0.0
777,795648,1.90595,375.0,0.0,0.0,0.332881,-0.001294,3.4e-05,0.002135,0.268838,0.023856,0.999466,5.717134,4.65642,5.722515,4.649644,4.0,0.00018081,5,875,0.03976,0.04102,1.0,0.0,0.0,,,-0.01,0.01024,-0.00044,0.00379,0.0,0.0
778,796672,1.64276,375.0,0.0,0.0,0.395932,-0.002119,2.9e-05,0.002403,0.266941,0.024554,0.999743,5.735921,4.638363,5.736758,4.639915,4.0,0.00018065,2,843,0.02595,0.02832,1.0,0.0,0.0,,,-0.01,0.00978,0.00013,0.0042,0.0,0.0
779,797696,1.20683,375.0,0.0,0.0,0.346254,-0.001542,1.9e-05,0.002738,0.251172,0.036342,0.999786,5.69516,4.638866,5.701531,4.636876,4.0,0.0001805,1,881,0.01869,0.01604,1.0,0.0,0.0,,,-0.01,0.01013,0.00027,0.00387,0.0,0.0
780,798720,1.40687,375.0,0.0,0.0,0.387967,-0.00161,1.4e-05,0.000725,0.220752,0.009347,0.999862,5.738563,4.64841,5.747884,4.649773,4.0,0.00018035,5,876,0.02148,0.02567,1.0,0.0,1.0,,,-0.01,0.00877,0.00014,0.00411,0.0,0.0
781,799744,1.33982,375.0,0.0,0.0,0.363397,-0.001715,1.3e-05,0.002329,0.27395,0.029994,0.99988,5.790339,4.603582,5.796402,4.606658,4.0,0.00018019,2,882,0.0219,0.02358,1.0,0.0,0.0,,,-0.01,0.01003,0.00017,0.00422,0.0,0.0
782,800768,1.61789,375.0,0.0,0.0,0.345584,-0.001667,1.2e-05,0.002494,0.19469,0.031948,0.999886,5.862785,4.619159,5.865695,4.619347,4.0,0.00018004,1,870,0.01367,0.01451,1.0,0.0,0.0,,,-0.01,0.01086,0.00015,0.00425,0.0,0.0
783,801792,1.6304,375.0,0.0,0.0,0.395504,-0.001111,3.8e-05,0.001805,0.266648,0.013114,0.999518,5.736881,4.657056,5.732387,4.656332,4.0,0.00017988,5,863,0.02539,0.02846,1.0,0.0,0.0,,,-0.01,0.00857,0.00011,0.00375,0.0,0.0
784,802816,1.34953,375.0,0.0,0.0,0.453697,-0.002514,3.3e-05,0.003822,0.296591,0.057443,0.999627,5.675986,4.655486,5.681293,4.662877,4.0,0.00017973,2,887,0.02037,0.02148,1.0,0.0,0.0,,,-0.01,0.00973,0.00014,0.00395,0.0,0.0
785,803840,1.49281,375.0,0.0,0.0,0.447504,-0.001147,2e-05,0.003584,0.324001,0.043039,0.999814,5.609666,4.667717,5.613112,4.670783,4.0,0.00017958,1,886,0.01549,0.01604,1.0,0.0,0.0,,,-0.01,0.0106,0.00021,0.00396,0.0,0.0
786,804864,1.48545,375.0,0.0,0.0,0.448855,-0.001354,2.7e-05,0.003131,0.293134,0.035017,0.999718,5.612171,4.685498,5.617183,4.68767,4.0,0.00017942,5,874,0.02776,0.03195,1.0,0.0,0.0,,,-0.01,0.00836,0.00017,0.00409,0.0,0.0
787,805888,0.90358,375.0,0.0,0.0,0.416311,-0.001486,1.8e-05,0.002572,0.345699,0.037354,0.999769,5.629352,4.704082,5.629158,4.709201,4.0,0.00017927,2,864,0.02176,0.02344,1.0,0.0,0.0,,,-0.01,0.00988,0.00014,0.00422,0.0,0.0
788,806912,1.55991,375.0,0.0,0.0,0.381983,-0.002392,1.8e-05,0.001021,0.233338,0.010742,0.999737,5.685585,4.71953,5.683097,4.722886,4.0,0.00017912,1,876,0.02525,0.02427,1.0,0.0,0.0,,,-0.01,0.01042,0.00013,0.00405,0.0,0.0
789,807936,1.35532,375.0,0.0,0.0,0.416688,-0.002089,2.7e-05,0.002261,0.278574,0.021729,0.999631,5.6872,4.724594,5.684257,4.718442,4.0,0.00017896,5,868,0.03013,0.03404,1.0,0.0,0.0,,,-0.01,0.00846,0.0001,0.00381,0.0,0.0
790,808960,1.62076,375.0,0.0,0.0,0.399926,-0.001768,9e-06,0.002169,0.252474,0.020926,0.999872,5.710845,4.706075,5.7113,4.710371,4.0,0.00017881,2,883,0.02581,0.02762,1.0,0.0,0.0,,,-0.01,0.00973,7e-05,0.00421,0.0,0.0
791,809984,0.91175,375.0,0.0,0.0,0.372409,-0.001387,7e-06,0.002229,0.257481,0.028704,0.999922,5.758139,4.712528,5.761436,4.713725,4.0,0.00017866,1,848,0.01395,0.01479,1.0,0.0,0.0,,,-0.01,0.01062,0.00028,0.00425,0.0,0.0
792,811008,1.45647,375.0,0.0,0.0,0.429696,-0.003126,2e-05,0.003264,0.343641,0.043108,0.999733,5.710419,4.700756,5.71188,4.694892,4.0,0.0001785,6,871,0.03223,0.03627,1.0,0.0,0.0,,,-0.01,0.00827,0.00017,0.00396,0.0,0.0
793,812032,1.66037,375.0,0.0,0.0,0.427532,-0.002329,1.1e-05,0.004983,0.326587,0.067592,0.999869,5.813545,4.656907,5.812321,4.661254,4.0,0.00017835,1,889,0.02288,0.02414,1.0,0.0,0.0,,,-0.01,0.00995,4e-05,0.00424,0.0,0.0
794,813056,1.30675,375.0,0.0,0.0,0.388191,-0.000614,6e-06,0.00216,0.260181,0.021554,0.999916,5.838992,4.659204,5.83624,4.65366,4.0,0.0001782,1,889,0.01465,0.01562,1.0,0.0,0.0,,,-0.01,0.01048,8e-05,0.00425,0.0,0.0
795,814080,1.4296,375.0,0.0,0.0,0.373936,-0.001412,1.3e-05,0.00175,0.270272,0.0113,0.99982,5.767102,4.669275,5.765919,4.669938,4.0,0.00017804,6,848,0.03181,0.03697,1.0,0.0,0.0,,,-0.01,0.00792,0.00015,0.00408,0.0,0.0
796,815104,1.32454,375.0,0.0,0.0,0.364624,-0.001717,8e-06,0.001939,0.226253,0.025112,0.99989,5.758214,4.699914,5.755642,4.698909,4.0,0.00017789,1,813,0.01995,0.02009,1.0,0.0,0.0,,,-0.01,0.00994,0.00022,0.00417,0.0,0.0
797,816128,1.46463,375.0,0.0,0.0,0.338912,-0.002507,8e-06,0.001852,0.233175,0.022984,0.99989,5.808875,4.696388,5.808239,4.694502,4.0,0.00017773,2,894,0.02093,0.02218,1.0,0.0,0.0,,,-0.01,0.01026,0.00022,0.00419,0.0,0.0
798,817152,1.41238,375.0,0.0,0.0,0.340042,-0.001677,1.4e-05,0.001487,0.247035,0.010219,0.999827,5.757068,4.66252,5.762875,4.660439,4.0,0.00017758,5,871,0.03195,0.03655,1.0,0.0,0.0,,,-0.01,0.0078,3e-05,0.00411,0.0,0.0
799,818176,1.11373,375.0,0.0,0.0,0.263988,-0.000879,6e-06,0.001611,0.189244,0.021763,0.99992,5.817402,4.614781,5.820497,4.617157,4.0,0.00017743,1,874,0.01297,0.01395,1.0,0.0,0.0,,,-0.01,0.01071,0.00023,0.00425,0.0,0.0
800,819200,1.46219,375.0,0.0,0.0,0.238516,-0.002422,5e-06,0.00137,0.219887,0.020194,0.999942,5.834654,4.641215,5.840771,4.640604,4.0,0.00017727,3,876,0.018,0.02009,1.0,0.0,0.0,,,-0.01,0.01102,0.00013,0.00415,0.0,0.0
801,820224,1.64134,375.0,0.0,0.0,0.329029,-0.002413,7.6e-05,0.002617,0.250495,0.029088,0.998657,5.738339,4.685697,5.716483,4.689725,4.0,0.00017712,4,875,0.0452,0.04116,1.0,0.0,0.0,,,-0.01,0.008,5e-05,0.00324,0.0,0.0
802,821248,1.68921,375.0,0.0,0.0,0.314181,-0.003278,4.4e-05,0.002804,0.44635,0.0271,0.999335,5.740112,4.689519,5.724856,4.69842,4.0,0.00017697,1,886,0.02804,0.02386,1.0,0.0,0.0,,,-0.01,0.01022,-1e-05,0.0037,0.0,0.0
803,822272,1.67162,375.0,0.0,0.0,0.324296,-0.002393,2.5e-05,0.002296,0.24804,0.02832,0.999671,5.728753,4.697191,5.725198,4.697558,4.0,0.00017681,4,876,0.02944,0.03195,1.0,0.0,0.0,,,-0.01,0.00963,0.00016,0.00402,0.0,0.0
804,823296,0.46433,375.0,0.0,0.0,0.354302,-0.001731,7.6e-05,0.00146,0.348687,0.014893,0.998854,5.641429,4.742511,5.6241,4.743482,4.0,0.00017666,3,866,0.03878,0.03237,1.0,0.0,0.0,,,-0.01,0.00859,3e-05,0.00318,0.0,0.0
805,824320,1.25305,375.0,0.0,0.0,0.289818,-0.001223,2.4e-05,0.00086,0.163027,0.010812,0.999749,5.714889,4.780085,5.713656,4.780639,4.0,0.00017651,1,885,0.02134,0.02218,1.0,0.0,0.0,,,-0.01,0.01067,0.00011,0.00423,0.0,0.0
806,825344,1.12205,375.0,0.0,0.0,0.343793,-0.002572,2.9e-05,0.002975,0.289731,0.043178,0.999638,5.629653,4.773277,5.633386,4.762524,4.0,0.00017635,4,878,0.03027,0.03111,1.0,0.0,0.0,,,-0.01,0.00903,0.00012,0.00385,0.0,0.0
807,826368,1.70093,375.0,0.0,0.0,0.436487,-0.001879,3.1e-05,0.004304,0.373575,0.060965,0.99983,5.796292,4.648013,5.795941,4.643829,4.0,0.0001762,3,880,0.03139,0.03376,1.0,0.0,0.0,,,-0.01,0.00913,6e-05,0.00417,0.0,0.0
808,827392,1.16777,375.0,0.0,0.0,0.377449,-0.001241,2.6e-05,0.003183,0.29204,0.046422,0.999821,5.776413,4.66078,5.774956,4.664294,4.0,0.00017604,2,842,0.01883,0.02079,1.0,0.0,0.0,,,-0.01,0.01066,0.00027,0.00421,0.0,0.0
809,828416,1.45501,375.0,0.0,0.0,0.339617,-0.001619,1.8e-05,0.001677,0.242909,0.023193,0.99979,5.791593,4.68928,5.794888,4.693528,4.0,0.00017589,3,881,0.02344,0.02623,1.0,0.0,0.0,,,-0.01,0.00944,0.00026,0.00416,0.0,0.0
810,829440,1.67843,375.0,0.0,0.0,0.405919,-0.005154,9.6e-05,0.004073,0.21822,0.046282,0.998531,5.701318,4.705306,5.698562,4.703948,4.0,0.00017574,3,878,0.03823,0.03376,1.0,0.0,0.0,,,-0.01,0.00906,8e-05,0.0033,0.0,0.0
811,830464,1.64347,375.0,0.0,0.0,0.438604,-0.003447,2e-05,0.004803,0.282001,0.072475,0.999728,5.708131,4.730801,5.711213,4.728415,4.0,0.00017558,2,885,0.02804,0.02985,1.0,0.0,0.0,,,-0.01,0.0101,0.00024,0.00421,0.0,0.0
812,831488,1.45143,375.0,0.0,0.0,0.421587,-0.002056,3.4e-05,0.001816,0.209496,0.025984,0.999506,5.717433,4.722986,5.720585,4.727618,4.0,0.00017543,4,845,0.03669,0.04032,1.0,0.0,0.0,,,-0.01,0.00923,4e-05,0.00411,0.0,0.0
813,832512,0.56882,375.0,0.0,0.0,0.457099,-0.005636,3.4e-05,0.004875,0.336831,0.050677,0.999571,5.753913,4.678915,5.755433,4.67233,4.0,0.00017528,2,877,0.03237,0.0339,1.0,0.0,0.0,,,-0.01,0.00953,-7e-05,0.0042,0.0,0.0
814,833536,1.57175,375.0,0.0,0.0,0.412025,-0.001597,2.1e-05,0.004122,0.321352,0.054548,0.999699,5.815881,4.669202,5.817325,4.666797,4.0,0.00017512,2,887,0.02274,0.02427,1.0,0.0,0.0,,,-0.01,0.00977,-0.0,0.0042,0.0,0.0
815,834560,1.27178,375.0,0.0,0.0,0.463319,-0.00101,2e-05,0.001999,0.321697,0.025391,0.999706,5.80349,4.649787,5.801509,4.647612,4.0,0.00017497,4,878,0.02623,0.02958,1.0,0.0,0.0,,,-0.01,0.0089,7e-05,0.00413,0.0,0.0
816,835584,1.57679,375.0,0.0,0.0,0.46247,-0.000519,8e-06,0.001687,0.286882,0.010219,0.999892,5.870183,4.614006,5.86575,4.610194,4.0,0.00017482,2,885,0.01744,0.01911,1.0,0.0,0.0,,,-0.01,0.00959,0.00019,0.00422,0.0,0.0
817,836608,1.45514,375.0,0.0,0.0,0.384964,-0.00357,1.1e-05,0.007857,0.287963,0.09661,0.999836,5.878436,4.6095,5.873485,4.600113,4.0,0.00017466,2,879,0.02134,0.02302,1.0,0.0,0.0,,,-0.01,0.00967,0.00016,0.00422,0.0,0.0
818,837632,1.33922,375.0,0.0,0.0,0.379276,-0.002319,1.4e-05,0.002473,0.310807,0.034877,0.999796,5.847598,4.628291,5.840856,4.626552,4.0,0.00017451,5,873,0.02623,0.02944,1.0,0.0,0.0,,,-0.01,0.00871,9e-05,0.00413,0.0,0.0
819,838656,1.33276,375.0,0.0,0.0,0.449175,-0.002675,1.2e-05,0.00414,0.327391,0.056466,0.999831,5.839159,4.596024,5.835669,4.596599,4.0,0.00017436,2,880,0.01911,0.02204,1.0,0.0,0.0,,,-0.01,0.01001,0.00017,0.00415,0.0,0.0
820,839680,1.74426,375.0,0.0,0.0,0.431682,-0.002296,1e-05,0.001276,0.289155,0.008405,0.999857,5.794952,4.626194,5.796877,4.628149,4.0,0.0001742,1,887,0.01632,0.01702,1.0,0.0,0.0,,,-0.01,0.01014,0.00023,0.00424,0.0,0.0
821,840704,1.4795,375.0,0.0,0.0,0.403264,-0.00231,3.3e-05,0.001939,0.261965,0.015032,0.999533,5.736592,4.654126,5.739978,4.644342,4.0,0.00017405,5,846,0.03655,0.04074,1.0,0.0,0.0,,,-0.01,0.00893,-2e-05,0.00407,0.0,0.0
822,841728,1.56884,375.0,0.0,0.0,0.384097,-0.001664,2.7e-05,0.002024,0.266579,0.026297,0.999631,5.799296,4.582471,5.80545,4.583346,4.0,0.00017389,2,885,0.02525,0.02651,1.0,0.0,0.0,,,-0.01,0.01001,-4e-05,0.00417,0.0,0.0
823,842752,1.49814,375.0,0.0,0.0,0.391948,-0.002126,3.2e-05,0.004174,0.232989,0.056815,0.999553,5.861175,4.5993,5.851627,4.592981,4.0,0.00017374,1,893,0.01995,0.02079,1.0,0.0,0.0,,,-0.01,0.00985,4e-05,0.00425,0.0,0.0
824,843776,1.30357,375.0,0.0,0.0,0.449355,-0.001689,2e-05,0.002067,0.287151,0.025635,0.999699,5.769086,4.643826,5.760161,4.638165,4.0,0.00017359,5,876,0.0385,0.04269,1.0,0.0,0.0,,,-0.01,0.00803,-7e-05,0.00411,0.0,0.0
825,844800,1.3888,375.0,0.0,0.0,0.406039,-0.00206,1.1e-05,0.004214,0.305488,0.051514,0.999829,5.771821,4.655445,5.765408,4.657867,4.0,0.00017343,2,847,0.02776,0.02944,1.0,0.0,0.0,,,-0.01,0.00949,0.00016,0.0042,0.0,0.0
826,845824,0.20549,375.0,0.0,0.0,0.372907,-0.001332,1.2e-05,0.002893,0.243631,0.03404,0.99985,5.795384,4.649542,5.79509,4.653974,4.0,0.00017328,1,884,0.01758,0.01842,1.0,0.0,0.0,,,-0.01,0.01015,0.00027,0.00425,0.0,0.0
827,846848,1.47569,375.0,0.0,0.0,0.352604,-0.001624,8.4e-05,0.003585,0.347194,0.040283,0.998788,5.748649,4.660671,5.738231,4.641644,4.0,0.00017313,5,876,0.0406,0.04464,1.0,0.0,0.0,,,-0.01,0.0085,-0.00014,0.00326,0.0,0.0
828,847872,1.60473,375.0,0.0,0.0,0.410462,-0.001489,0.000202,0.003442,0.355641,0.036307,0.996741,5.71684,4.579332,5.672987,4.546295,4.0,0.00017297,2,890,0.04116,0.04283,1.0,0.0,0.0,,,-0.01,0.00966,-0.00032,0.00203,0.0,0.0
829,848896,1.11644,375.0,0.0,0.0,0.383106,-0.000652,0.000242,0.002567,0.415356,0.02553,0.996392,5.636375,4.537031,5.594549,4.505274,4.0,0.00017282,1,840,0.03948,0.04046,1.0,0.0,0.0,,,-0.01,0.01005,-0.00034,0.00211,0.0,0.0
830,849920,-0.1887,375.0,0.0,0.0,0.414094,-0.002637,0.000124,0.004943,0.359686,0.042201,0.998058,5.513294,4.47,5.511296,4.462667,4.0,0.00017267,5,859,0.04688,0.0498,1.0,0.0,0.0,,,-0.01,0.00795,-0.00019,0.00279,0.0,0.0
831,850944,1.368,375.0,0.0,0.0,0.398985,-0.001251,1.6e-05,0.005368,0.223403,0.071708,0.999761,5.621578,4.442079,5.634605,4.448609,4.0,0.00017251,2,884,0.02176,0.02386,1.0,0.0,0.0,,,-0.01,0.01028,0.0002,0.0042,0.0,0.0
832,851968,1.37398,375.0,0.0,0.0,0.347072,-0.002034,1.5e-05,0.002593,0.177032,0.01995,0.999781,5.630639,4.482112,5.631702,4.488314,4.0,0.00017236,1,882,0.02162,0.02274,1.0,0.0,0.0,,,-0.01,0.01078,0.00024,0.0042,0.0,0.0
833,852992,1.49405,375.0,0.0,0.0,0.415288,-0.001207,3.2e-05,0.001282,0.202542,0.016881,0.999534,5.531781,4.52258,5.540373,4.532909,4.0,0.0001722,6,852,0.04674,0.05134,1.0,0.0,0.0,,,-0.01,0.00844,-9e-05,0.00392,0.0,0.0
834,854016,1.57554,375.0,0.0,0.0,0.397237,-0.001201,1.9e-05,0.002196,0.212381,0.030866,0.999735,5.602654,4.514334,5.604145,4.522033,4.0,0.00017205,1,874,0.02037,0.02204,1.0,0.0,0.0,,,-0.01,0.01017,0.00017,0.00425,0.0,0.0
835,855040,1.56953,375.0,0.0,0.0,0.374523,-0.00218,1.4e-05,0.00247,0.20091,0.038609,0.999796,5.605506,4.530555,5.604759,4.533399,4.0,0.0001719,1,882,0.018,0.01883,1.0,0.0,0.0,,,-0.01,0.01067,0.0002,0.00423,0.0,0.0
836,856064,1.4088,375.0,0.0,0.0,0.473552,-0.001892,5.2e-05,0.003217,0.328035,0.042027,0.999232,5.469237,4.520074,5.462078,4.522184,4.0,0.00017174,6,858,0.05329,0.05748,1.0,0.0,0.0,,,-0.01,0.00794,-3e-05,0.00385,0.0,0.0
837,857088,1.54214,375.0,0.0,0.0,0.490396,-0.003519,1.8e-05,0.002527,0.30247,0.027134,0.99968,5.505729,4.48658,5.497151,4.473718,4.0,0.00017159,1,881,0.02581,0.02511,1.0,0.0,0.0,,,-0.01,0.00937,0.00017,0.00408,0.0,0.0
838,858112,1.32851,375.0,0.0,0.0,0.449887,0.00017,1.8e-05,0.003784,0.531638,0.044992,0.999722,5.528492,4.482319,5.519582,4.474061,4.0,0.00017144,2,848,0.01576,0.0166,1.0,0.0,0.0,,,-0.01,0.00999,0.00019,0.00419,0.0,0.0
839,859136,1.07256,375.0,0.0,0.0,0.428649,-0.002095,2.6e-05,0.003636,0.295489,0.053013,0.999664,5.574684,4.507161,5.572925,4.50767,4.0,0.00017128,5,869,0.03767,0.04269,1.0,0.0,0.0,,,-0.01,0.00748,0.00011,0.00409,0.0,0.0
840,860160,1.59444,375.0,0.0,0.0,0.399481,-0.001274,9e-06,0.001201,0.275087,0.012835,0.999907,5.645543,4.527504,5.64773,4.528887,4.0,0.00017113,1,887,0.02232,0.0233,1.0,0.0,0.0,,,-0.01,0.0104,0.00023,0.00425,0.0,0.0
841,861184,1.28606,375.0,0.0,0.0,0.38793,-0.001139,9e-06,0.002164,0.25765,0.028425,0.999883,5.65396,4.535206,5.657199,4.537027,4.0,0.00017098,3,881,0.01744,0.01925,1.0,0.0,0.0,,,-0.01,0.01023,0.0002,0.00419,0.0,0.0
842,862208,1.47804,375.0,0.0,0.0,0.453322,-0.002128,1.3e-05,0.001862,0.355416,0.026158,0.999815,5.656273,4.539477,5.652683,4.540157,4.0,0.00017082,4,840,0.03237,0.03641,1.0,0.0,0.0,,,-0.01,0.00779,0.00011,0.00412,0.0,0.0
843,863232,1.6649,375.0,0.0,0.0,0.417532,-0.001681,1.1e-05,0.004677,0.312603,0.070696,0.999859,5.695324,4.524449,5.691556,4.530755,4.0,0.00017067,1,891,0.01981,0.02107,1.0,0.0,0.0,,,-0.01,0.01074,0.00032,0.00425,0.0,0.0
844,864256,1.50327,375.0,0.0,0.0,0.397108,-0.001495,1.1e-05,0.001399,0.221959,0.010324,0.999854,5.629566,4.56683,5.634525,4.57107,4.0,0.00017052,4,881,0.02706,0.03027,1.0,0.0,0.0,,,-0.01,0.01035,0.00024,0.00413,0.0,0.0
845,865280,1.51425,375.0,0.0,0.0,0.483486,-0.004315,0.00023,0.002118,0.393544,0.023961,0.996403,5.525365,4.527378,5.47239,4.510903,4.0,0.00017036,3,878,0.04994,0.05162,1.0,0.0,0.0,,,-0.01,0.00781,-0.00014,0.0023,0.0,0.0
846,866304,1.56682,375.0,0.0,0.0,0.453368,-0.004045,0.000211,0.003025,0.365967,0.023298,0.996249,5.47982,4.509957,5.433956,4.492182,4.0,0.00017021,1,857,0.04074,0.04157,1.0,0.0,0.0,,,-0.01,0.00982,-9e-05,0.00209,0.0,0.0
847,867328,1.326,375.0,0.0,0.0,0.403391,-0.002038,5.2e-05,0.002079,0.245093,0.024833,0.999311,5.41775,4.568662,5.412695,4.591569,4.0,0.00017005,4,870,0.03474,0.03795,1.0,0.0,0.0,,,-0.01,0.00884,0.00011,0.0038,0.0,0.0
848,868352,-0.60844,375.0,0.0,0.0,0.4342,-0.001132,7.6e-05,0.003389,0.334503,0.042236,0.999072,5.37828,4.637061,5.385053,4.657959,4.0,0.0001699,3,873,0.03613,0.03878,1.0,0.0,1.0,,,-0.01,0.00805,-1e-05,0.00402,0.0,0.0
849,869376,1.1423,375.0,0.0,0.0,0.382441,-0.001594,2.6e-05,0.001421,0.238135,0.015172,0.999608,5.42055,4.673044,5.415197,4.688232,4.0,0.00016975,2,880,0.02037,0.02218,1.0,0.0,0.0,,,-0.01,0.00939,0.00023,0.00419,0.0,0.0
850,870400,0.92202,375.0,0.0,0.0,0.383661,-0.001873,2.8e-05,0.002061,0.306497,0.025042,0.999604,5.490639,4.6286,5.491521,4.638666,4.0,0.00016959,3,869,0.02665,0.02944,1.0,0.0,0.0,,,-0.01,0.00838,0.0001,0.00407,0.0,0.0
851,871424,1.08917,375.0,0.0,0.0,0.408347,-0.001981,3.9e-05,0.001937,0.266059,0.024344,0.999421,5.5001,4.557726,5.506052,4.567984,4.0,0.00016944,3,861,0.02832,0.03111,1.0,0.0,0.0,,,-0.01,0.00904,8e-05,0.00411,0.0,0.0
852,872448,1.64148,375.0,0.0,0.0,0.420161,-0.000197,2.2e-05,0.002272,0.360524,0.031494,0.999701,5.57137,4.562243,5.582009,4.569409,4.0,0.00016929,2,875,0.02107,0.02274,1.0,0.0,0.0,,,-0.01,0.01076,0.00018,0.00422,0.0,0.0
853,873472,1.42758,375.0,0.0,0.0,0.402486,-0.001881,2.6e-05,0.002259,0.224217,0.027483,0.999662,5.595656,4.594808,5.602139,4.593383,4.0,0.00016913,4,865,0.02455,0.02734,1.0,0.0,0.0,,,-0.01,0.00886,0.00013,0.00408,0.0,0.0
854,874496,1.43143,375.0,0.0,0.0,0.436518,-0.003131,3.6e-05,0.003696,0.350884,0.047956,0.999558,5.728379,4.534717,5.716571,4.538125,4.0,0.00016898,2,867,0.02651,0.0279,1.0,0.0,0.0,,,-0.01,0.00944,0.00017,0.00386,0.0,0.0
855,875520,1.64266,375.0,0.0,0.0,0.393821,-0.001258,2.6e-05,0.003219,0.289236,0.046491,0.99966,5.71442,4.57032,5.711005,4.574356,4.0,0.00016883,2,843,0.02009,0.02204,1.0,0.0,0.0,,,-0.01,0.01,0.00017,0.00416,0.0,0.0
856,876544,1.33762,375.0,0.0,0.0,0.386703,-0.002528,1.9e-05,0.0025,0.237209,0.029297,0.999751,5.652114,4.610991,5.649104,4.610878,4.0,0.00016867,4,858,0.02916,0.03195,1.0,0.0,0.0,,,-0.01,0.00906,0.00023,0.00403,0.0,0.0
857,877568,1.29091,375.0,0.0,0.0,0.361374,-0.001206,3.1e-05,0.001151,0.226691,0.010498,0.999571,5.775526,4.523229,5.77092,4.523958,4.0,0.00016852,2,865,0.02525,0.02288,1.0,0.0,0.0,,,-0.01,0.00952,0.00021,0.00375,0.0,0.0
858,878592,1.51151,375.0,0.0,0.0,0.327631,-0.00166,9e-06,0.001176,0.149086,0.008963,0.999868,5.778542,4.518068,5.779314,4.52269,4.0,0.00016836,2,866,0.01604,0.01744,1.0,0.0,0.0,,,-0.01,0.01009,0.00022,0.00419,0.0,0.0
859,879616,1.40928,375.0,0.0,0.0,0.339015,-0.002962,3e-05,0.003203,0.24675,0.046491,0.999586,5.800706,4.529159,5.788476,4.5271,4.0,0.00016821,4,812,0.02902,0.03278,1.0,0.0,0.0,,,-0.01,0.00851,0.00031,0.00397,0.0,0.0
860,880640,1.41372,375.0,0.0,0.0,0.356036,-0.002175,2.7e-05,0.002679,0.25694,0.027658,0.999676,5.705042,4.503325,5.693967,4.501411,4.0,0.00016806,3,872,0.03027,0.03306,1.0,0.0,0.0,,,-0.01,0.00945,0.00015,0.0041,0.0,0.0
861,881664,1.14455,375.0,0.0,0.0,0.350391,-0.002472,1.3e-05,0.001747,0.234746,0.025949,0.999854,5.670045,4.523626,5.667465,4.523446,4.0,0.0001679,1,880,0.02148,0.02218,1.0,0.0,0.0,,,-0.01,0.00979,0.00031,0.00423,0.0,0.0
862,882688,1.31247,375.0,0.0,0.0,0.317968,-0.001811,2.2e-05,0.001396,0.218539,0.016776,0.999707,5.653267,4.537233,5.650776,4.539068,4.0,0.00016775,5,821,0.03488,0.03934,1.0,0.0,0.0,,,-0.01,0.00866,3e-05,0.00409,0.0,0.0
863,883712,1.35618,375.0,0.0,0.0,0.264031,-0.001742,1.4e-05,0.001,0.201189,0.010882,0.9998,5.731034,4.491629,5.728462,4.49363,4.0,0.0001676,2,618,0.01786,0.01939,1.0,0.0,0.0,,,-0.01,0.00968,0.00016,0.00417,0.0,0.0
864,884736,1.60543,375.0,0.0,0.0,0.25809,-0.001868,1e-05,0.000712,0.228072,0.010149,0.999875,5.751659,4.511616,5.75634,4.514552,4.0,0.00016744,1,874,0.0127,0.01339,1.0,0.0,0.0,,,-0.01,0.01066,0.00026,0.00424,0.0,0.0
865,885760,1.44106,375.0,0.0,0.0,0.309572,-0.001654,2.6e-05,0.00099,0.23088,0.013358,0.999633,5.705163,4.547264,5.701418,4.540212,4.0,0.00016729,5,887,0.02734,0.03167,1.0,0.0,0.0,,,-0.01,0.00852,0.00018,0.00403,0.0,0.0
866,886784,1.69469,375.0,0.0,0.0,0.331636,-0.001989,1.9e-05,0.001638,0.345284,0.020612,0.999705,5.707885,4.492953,5.702611,4.496234,4.0,0.00016714,2,894,0.02525,0.02734,1.0,0.0,0.0,,,-0.01,0.00977,0.00012,0.00416,0.0,0.0
867,887808,1.64873,375.0,0.0,0.0,0.348459,-0.002438,2.6e-05,0.00174,0.302021,0.023891,0.999643,5.675294,4.521013,5.668751,4.51518,4.0,0.00016698,1,838,0.02037,0.02079,1.0,0.0,0.0,,,-0.01,0.01033,0.00011,0.00396,0.0,0.0
868,888832,1.31821,375.0,0.0,0.0,0.397788,-0.00253,4e-05,0.00296,0.294963,0.040806,0.999505,5.565982,4.570217,5.545042,4.5684,4.0,0.00016683,5,866,0.03013,0.03432,1.0,0.0,0.0,,,-0.01,0.00817,6e-05,0.00399,0.0,0.0
869,889856,1.23542,375.0,0.0,0.0,0.39602,-0.002432,1.9e-05,0.003188,0.35462,0.045968,0.999731,5.468981,4.604505,5.474917,4.599732,4.0,0.00016668,2,873,0.01604,0.01758,1.0,0.0,0.0,,,-0.01,0.0097,0.00022,0.00412,0.0,0.0
870,890880,1.18772,375.0,0.0,0.0,0.367511,-0.001733,1.1e-05,0.002271,0.334838,0.033657,0.999854,5.538747,4.591592,5.537192,4.590095,4.0,0.00016652,1,888,0.01172,0.01228,1.0,0.0,0.0,,,-0.01,0.01035,0.00019,0.0042,0.0,0.0
871,891904,1.41458,375.0,0.0,0.0,0.372738,-0.001234,1.8e-05,0.001285,0.257689,0.0143,0.999786,5.571777,4.582187,5.575526,4.58274,4.0,0.00016637,5,841,0.02595,0.03027,1.0,0.0,0.0,,,-0.01,0.0079,0.00011,0.00411,0.0,0.0
872,892928,1.22232,375.0,0.0,0.0,0.330844,-0.001331,9e-06,0.003104,0.267261,0.038504,0.999882,5.664626,4.575394,5.667512,4.57828,4.0,0.00016621,2,873,0.0166,0.01828,1.0,0.0,0.0,,,-0.01,0.0103,0.00022,0.00422,0.0,0.0
873,893952,1.63574,375.0,0.0,0.0,0.324737,-0.001152,1.1e-05,0.000869,0.217825,0.008615,0.999862,5.66394,4.614127,5.662464,4.617071,4.0,0.00016606,1,891,0.01297,0.01409,1.0,0.0,0.0,,,-0.01,0.01086,0.00024,0.0042,0.0,0.0
874,894976,1.50491,375.0,0.0,0.0,0.373949,-0.003005,2.3e-05,0.002509,0.215813,0.030064,0.999711,5.547019,4.61599,5.553919,4.620253,4.0,0.00016591,6,872,0.02274,0.02679,1.0,0.0,0.0,,,-0.01,0.00801,0.0002,0.00403,0.0,0.0
875,896000,1.56152,375.0,0.0,0.0,0.369611,-0.003348,2.2e-05,0.002171,0.29926,0.027169,0.999699,5.611076,4.528284,5.609806,4.522531,4.0,0.00016575,1,877,0.02651,0.02804,1.0,0.0,0.0,,,-0.01,0.00993,0.00023,0.00417,0.0,0.0
876,897024,1.64197,375.0,0.0,0.0,0.348225,-0.002352,9e-06,0.00213,0.303171,0.035191,0.999878,5.648943,4.525063,5.653432,4.523067,4.0,0.0001656,1,848,0.01883,0.01967,1.0,0.0,0.0,,,-0.01,0.01074,0.00024,0.00423,0.0,0.0
877,898048,1.4055,375.0,0.0,0.0,0.373207,-0.00094,2.2e-05,0.001365,0.256537,0.018659,0.999696,5.667226,4.529999,5.668137,4.531733,4.0,0.00016545,6,782,0.03348,0.03864,1.0,0.0,0.0,,,-0.01,0.00793,0.0,0.00403,0.0,0.0
878,899072,1.57091,375.0,0.0,0.0,0.343674,-0.001371,6e-06,0.002673,0.234589,0.03976,0.999926,5.779347,4.550272,5.784123,4.555192,4.0,0.00016529,1,880,0.01772,0.01855,1.0,0.0,0.0,,,-0.01,0.01051,0.00015,0.00425,0.0,0.0
879,900096,1.63171,375.0,0.0,0.0,0.329203,-0.000293,4e-06,0.001185,0.215872,0.007394,0.999952,5.785263,4.574354,5.789825,4.577552,4.0,0.00016514,1,889,0.01507,0.0159,1.0,0.0,0.0,,,-0.01,0.01116,0.00019,0.00425,0.0,0.0
880,901120,1.55559,375.0,0.0,0.0,0.351915,-0.001475,1.6e-05,0.001407,0.223979,0.015451,0.999787,5.736557,4.57876,5.73811,4.582994,4.0,0.00016499,6,856,0.02525,0.03069,1.0,0.0,0.0,,,-0.01,0.0079,0.00014,0.00403,0.0,0.0
881,902144,1.61845,375.0,0.0,0.0,0.303916,-0.0011,8e-06,0.000652,0.196014,0.003906,0.999885,5.727788,4.58686,5.728117,4.585114,4.0,0.00016483,1,897,0.01632,0.01702,1.0,0.0,0.0,,,-0.01,0.01041,0.00014,0.00424,0.0,0.0
882,903168,1.5354,375.0,0.0,0.0,0.314791,-0.001501,8e-06,0.001648,0.24819,0.020403,0.999887,5.724799,4.572748,5.724289,4.566979,4.0,0.00016468,2,886,0.01325,0.01507,1.0,0.0,0.0,,,-0.01,0.01027,0.00025,0.00421,0.0,0.0
883,904192,1.40607,375.0,0.0,0.0,0.353707,-0.001327,1e-05,0.001062,0.204057,0.010149,0.999864,5.726218,4.559042,5.729748,4.55747,4.0,0.00016452,5,877,0.02107,0.02539,1.0,0.0,0.0,,,-0.01,0.0075,0.00017,0.00408,0.0,0.0
884,905216,1.24923,375.0,0.0,0.0,0.308487,-0.000665,5e-06,0.000684,0.207932,0.005371,0.999933,5.829266,4.532592,5.834653,4.534943,4.0,0.00016437,1,854,0.01674,0.01758,1.0,0.0,0.0,,,-0.01,0.01087,0.00028,0.00425,0.0,0.0
885,906240,1.58554,375.0,0.0,0.0,0.302303,-0.002083,1.6e-05,0.001476,0.227221,0.021066,0.9998,5.79941,4.579405,5.800803,4.581679,4.0,0.00016422,4,882,0.02065,0.02344,1.0,0.0,0.0,,,-0.01,0.01062,0.00019,0.00406,0.0,0.0
886,907264,1.63524,375.0,0.0,0.0,0.381515,-0.002407,2.8e-05,0.001351,0.235166,0.011754,0.999672,5.666407,4.552303,5.66124,4.549342,4.0,0.00016406,3,873,0.0279,0.02958,1.0,0.0,0.0,,,-0.01,0.00855,7e-05,0.00407,0.0,0.0
887,908288,1.53661,375.0,0.0,0.0,0.346302,-0.003634,2.4e-05,0.003379,0.284523,0.040771,0.999674,5.611218,4.616752,5.601835,4.616842,4.0,0.00016391,1,890,0.02232,0.0233,1.0,0.0,0.0,,,-0.01,0.01004,3e-05,0.00425,0.0,0.0
888,909312,1.4024,375.0,0.0,0.0,0.300893,-0.002529,1.7e-05,0.00134,0.241223,0.014439,0.999766,5.630899,4.579056,5.63491,4.570625,4.0,0.00016376,4,851,0.01828,0.02162,1.0,0.0,0.0,,,-0.01,0.00858,0.00013,0.00415,0.0,0.0
889,910336,1.02317,375.0,0.0,0.0,0.319678,-0.001138,2.5e-05,0.00255,0.249759,0.035679,0.999647,5.673535,4.540529,5.661167,4.534859,4.0,0.0001636,3,875,0.01828,0.02107,1.0,0.0,0.0,,,-0.01,0.00861,0.0002,0.00406,0.0,0.0
890,911360,1.64837,375.0,0.0,0.0,0.32093,-0.001698,1.6e-05,0.002755,0.419088,0.037005,0.99977,5.661435,4.568275,5.655516,4.569184,4.0,0.00016345,2,883,0.0166,0.01786,1.0,0.0,0.0,,,-0.01,0.0105,0.00021,0.00417,0.0,0.0
891,912384,1.26032,375.0,0.0,0.0,0.297464,-0.002093,2.1e-05,0.000928,0.25264,0.009033,0.999724,5.651292,4.580156,5.657183,4.583488,4.0,0.0001633,3,879,0.01995,0.0233,1.0,0.0,0.0,,,-0.01,0.0089,0.0002,0.00417,0.0,0.0
892,913408,1.42942,375.0,0.0,0.0,0.325538,-0.003233,1.8e-05,0.002886,0.301325,0.043318,0.999776,5.691991,4.615829,5.691028,4.621284,4.0,0.00016314,3,859,0.0166,0.01925,1.0,0.0,0.0,,,-0.01,0.00935,0.0002,0.00418,0.0,0.0
893,914432,1.54963,375.0,0.0,0.0,0.285939,-0.000432,1.1e-05,0.00181,0.247157,0.021519,0.999837,5.70567,4.629598,5.708306,4.632929,4.0,0.00016299,2,877,0.01214,0.01367,1.0,0.0,0.0,,,-0.01,0.01045,0.00027,0.0042,0.0,0.0
894,915456,1.45185,375.0,0.0,0.0,0.299357,-0.002613,1e-05,0.00205,0.295548,0.030169,0.999881,5.707689,4.636184,5.714065,4.639966,4.0,0.00016284,4,872,0.01883,0.02176,1.0,0.0,0.0,,,-0.01,0.00905,0.00023,0.0041,0.0,0.0
895,916480,1.58401,375.0,0.0,0.0,0.322261,-0.001604,1.6e-05,0.002864,0.26316,0.031529,0.999807,5.727389,4.601628,5.72534,4.608815,4.0,0.00016268,2,886,0.02246,0.02469,1.0,0.0,0.0,,,-0.01,0.00947,0.00015,0.00423,0.0,0.0
896,917504,1.64238,375.0,0.0,0.0,0.267803,-0.002557,1.5e-05,0.001176,0.273218,0.017997,0.999802,5.736395,4.610037,5.735837,4.613714,4.0,0.00016253,2,888,0.02023,0.02093,1.0,0.0,0.0,,,-0.01,0.00993,0.00026,0.00409,0.0,0.0
897,918528,1.39809,375.0,0.0,0.0,0.274113,-0.001231,2.2e-05,0.001181,0.215711,0.010707,0.999714,5.652229,4.648157,5.647888,4.651027,4.0,0.00016237,4,864,0.01688,0.02037,1.0,0.0,0.0,,,-0.01,0.00934,0.0002,0.00407,0.0,0.0
898,919552,1.6352,375.0,0.0,0.0,0.332475,-0.001692,2.1e-05,0.0019,0.269723,0.030762,0.999724,5.588876,4.623198,5.589719,4.619975,4.0,0.00016222,2,890,0.01535,0.0173,1.0,0.0,0.0,,,-0.01,0.00938,0.00019,0.00418,0.0,0.0
899,920576,1.18251,375.0,0.0,0.0,0.333415,-0.002094,1.1e-05,0.001499,0.244099,0.01981,0.999863,5.585431,4.642282,5.594798,4.640479,4.0,0.00016207,2,890,0.01688,0.01855,1.0,0.0,0.0,,,-0.01,0.01018,0.0002,0.00422,0.0,0.0
900,921600,1.53354,375.0,0.0,0.0,0.323421,-0.001272,1e-05,0.001008,0.252687,0.010463,0.999874,5.648599,4.632358,5.653893,4.634867,4.0,0.00016191,4,883,0.018,0.02148,1.0,0.0,0.0,,,-0.01,0.00906,0.00016,0.00414,0.0,0.0
901,922624,1.60512,375.0,0.0,0.0,0.348047,-0.001565,8e-06,0.001583,0.267784,0.022287,0.999912,5.755044,4.592908,5.763118,4.591353,4.0,0.00016176,3,852,0.01702,0.01911,1.0,0.0,0.0,,,-0.01,0.01005,0.00027,0.00415,0.0,0.0
902,923648,1.54281,375.0,0.0,0.0,0.32312,-0.000623,1.2e-05,0.001465,0.264634,0.019566,0.999863,5.765502,4.623701,5.764308,4.625213,4.0,0.00016161,1,877,0.01562,0.01702,1.0,0.0,0.0,,,-0.01,0.01009,0.00028,0.00428,0.0,0.0
903,924672,1.46489,375.0,0.0,0.0,0.297644,-0.00141,1.7e-05,0.001257,0.21923,0.016009,0.999774,5.69753,4.633009,5.689587,4.628644,4.0,0.00016145,5,878,0.02065,0.02511,1.0,0.0,0.0,,,-0.01,0.00852,0.00022,0.00402,0.0,0.0
904,925696,1.54996,375.0,0.0,0.0,0.316284,-0.002468,1.6e-05,0.002193,0.243519,0.024588,0.999843,5.630454,4.609092,5.629848,4.601323,4.0,0.0001613,2,886,0.01842,0.02009,1.0,0.0,0.0,,,-0.01,0.00957,0.00012,0.00419,0.0,0.0
905,926720,1.3348,375.0,0.0,0.0,0.293224,-0.000864,1.6e-05,0.002945,0.208127,0.035226,0.999853,5.598851,4.620241,5.602319,4.616139,4.0,0.00016115,1,861,0.01228,0.01311,1.0,0.0,0.0,,,-0.01,0.0101,0.00023,0.00424,0.0,0.0
906,927744,1.37763,375.0,0.0,0.0,0.324008,-0.001712,5e-05,0.001316,0.157109,0.015904,0.999479,5.599482,4.639894,5.599095,4.633615,4.0,0.00016099,5,860,0.02218,0.02706,1.0,0.0,0.0,,,-0.01,0.00822,0.00022,0.00392,0.0,0.0
907,928768,1.57469,375.0,0.0,0.0,0.329191,-0.000668,9e-06,0.00091,0.182929,0.008475,0.999888,5.656447,4.578171,5.669435,4.580516,4.0,0.00016084,2,886,0.01702,0.01855,1.0,0.0,0.0,,,-0.01,0.00998,0.0002,0.0042,0.0,0.0
908,929792,0.99195,375.0,0.0,0.0,0.300905,-0.001225,5e-06,0.000845,0.197363,0.009835,0.999931,5.711188,4.58098,5.719266,4.583925,4.0,0.00016068,1,892,0.01855,0.01953,1.0,0.0,1.0,,,-0.01,0.01085,0.0003,0.00422,0.0,0.0
909,930816,1.48842,375.0,0.0,0.0,0.331415,-0.002577,2e-05,0.001865,0.271513,0.021624,0.999749,5.649968,4.599116,5.653318,4.595405,4.0,0.00016053,5,871,0.02693,0.03153,1.0,0.0,0.0,,,-0.01,0.00816,0.00018,0.00411,0.0,0.0
910,931840,1.67164,375.0,0.0,0.0,0.305348,-0.001614,1.8e-05,0.001635,0.251756,0.017578,0.999772,5.637187,4.550224,5.637244,4.547809,4.0,0.00016038,2,838,0.02288,0.02372,1.0,0.0,0.0,,,-0.01,0.00976,0.00021,0.00411,0.0,0.0
911,932864,1.5624,375.0,0.0,0.0,0.260673,-0.002125,2.1e-05,0.003174,0.310075,0.040458,0.99976,5.634334,4.55232,5.635568,4.545567,4.0,0.00016022,1,892,0.01451,0.01521,1.0,0.0,0.0,,,-0.01,0.01048,0.00023,0.00424,0.0,0.0
912,933888,1.40144,375.0,0.0,0.0,0.320386,-0.001953,2.1e-05,0.002432,0.368907,0.034947,0.999745,5.590264,4.580696,5.591463,4.577888,4.0,0.00016007,5,876,0.024,0.02846,1.0,0.0,0.0,,,-0.01,0.00829,0.00025,0.00411,0.0,0.0
913,934912,1.33521,375.0,0.0,0.0,0.310694,-0.000713,1.9e-05,0.002407,0.273968,0.032087,0.999828,5.59399,4.644636,5.599874,4.645123,4.0,0.00015992,2,879,0.01772,0.01925,1.0,0.0,0.0,,,-0.01,0.01006,0.00031,0.00418,0.0,0.0
914,935936,1.37047,375.0,0.0,0.0,0.30776,-0.000838,1.1e-05,0.000946,0.239376,0.012451,0.999859,5.568827,4.680442,5.572625,4.682019,4.0,0.00015976,1,852,0.01744,0.01828,1.0,0.0,0.0,,,-0.01,0.01056,0.00024,0.00425,0.0,0.0
915,936960,1.53164,375.0,0.0,0.0,0.379597,-0.001769,2.2e-05,0.001315,0.247145,0.01409,0.999742,5.475656,4.702211,5.47353,4.698704,4.0,0.00015961,5,860,0.0293,0.03376,1.0,0.0,0.0,,,-0.01,0.00787,9e-05,0.00408,0.0,0.0
916,937984,1.39668,375.0,0.0,0.0,0.342204,-0.001638,2.2e-05,0.001149,0.230852,0.014579,0.99968,5.531506,4.604596,5.533488,4.599679,4.0,0.00015946,2,879,0.02079,0.02246,1.0,0.0,0.0,,,-0.01,0.00905,0.00018,0.00422,0.0,0.0
917,939008,1.23449,375.0,0.0,0.0,0.321214,-0.00221,1.7e-05,0.001511,0.273791,0.019113,0.999786,5.552028,4.594296,5.550148,4.59256,4.0,0.0001593,1,878,0.01883,0.01981,1.0,0.0,0.0,,,-0.01,0.01007,0.0002,0.00422,0.0,0.0
918,940032,1.22201,375.0,0.0,0.0,0.337135,-0.00142,2.8e-05,0.001275,0.230376,0.017125,0.999691,5.617065,4.552121,5.620511,4.551463,4.0,0.00015915,6,837,0.02051,0.02567,1.0,0.0,0.0,,,-0.01,0.0076,0.00015,0.00401,0.0,0.0
919,941056,1.33967,375.0,0.0,0.0,0.32409,-0.002119,3.2e-05,0.002014,0.237057,0.023996,0.999621,5.635055,4.519504,5.637956,4.504874,4.0,0.000159,1,863,0.01088,0.01172,1.0,0.0,0.0,,,-0.01,0.00958,0.00023,0.00425,0.0,0.0
920,942080,1.65254,375.0,0.0,0.0,0.329254,-0.001011,2.8e-05,0.001819,0.217179,0.022879,0.999641,5.707458,4.528781,5.700648,4.514575,4.0,0.00015884,1,881,0.01256,0.01353,1.0,0.0,0.0,,,-0.01,0.01042,0.0002,0.00425,0.0,0.0
921,943104,1.17334,375.0,0.0,0.0,0.407632,-0.001529,2.1e-05,0.002855,0.278343,0.039028,0.999713,5.619297,4.526956,5.624529,4.517806,4.0,0.00015869,6,864,0.02107,0.02609,1.0,0.0,0.0,,,-0.01,0.00712,0.0002,0.00406,0.0,0.0
922,944128,1.54129,375.0,0.0,0.0,0.407206,-0.001942,1e-05,0.003527,0.382155,0.052665,0.999879,5.70721,4.483472,5.71131,4.479957,4.0,0.00015853,1,858,0.01214,0.01297,1.0,0.0,0.0,,,-0.01,0.01039,0.00021,0.00422,0.0,0.0
923,945152,1.61966,375.0,0.0,0.0,0.348019,-0.002045,1.2e-05,0.004853,0.346762,0.055036,0.999846,5.713295,4.457374,5.710037,4.449448,4.0,0.00015838,2,869,0.01297,0.01479,1.0,0.0,0.0,,,-0.01,0.01034,0.00022,0.00421,0.0,0.0
924,946176,1.45106,375.0,0.0,0.0,0.354021,-0.001223,3.4e-05,0.001509,0.268039,0.020961,0.999596,5.550821,4.497013,5.547021,4.493598,4.0,0.00015823,5,865,0.02023,0.02441,1.0,0.0,0.0,,,-0.01,0.00721,0.00019,0.00409,0.0,0.0
925,947200,0.50838,375.0,0.0,0.0,0.358457,-0.003649,2.6e-05,0.002351,0.278579,0.028146,0.999759,5.558029,4.47734,5.558506,4.47869,4.0,0.00015807,1,882,0.01339,0.01423,1.0,0.0,0.0,,,-0.01,0.00991,0.00019,0.00425,0.0,0.0
926,948224,1.32377,375.0,0.0,0.0,0.3343,-0.001157,2.3e-05,0.001207,0.275548,0.014927,0.999734,5.662819,4.459382,5.663297,4.458723,4.0,0.00015792,4,863,0.01632,0.01925,1.0,0.0,0.0,,,-0.01,0.00945,0.00017,0.0041,0.0,0.0
927,949248,1.27122,375.0,0.0,0.0,0.331131,-0.001833,1.7e-05,0.001116,0.236879,0.012939,0.999776,5.677548,4.458333,5.682877,4.455462,4.0,0.00015777,3,863,0.01576,0.01869,1.0,0.0,0.0,,,-0.01,0.00759,0.00022,0.00415,0.0,0.0
928,950272,1.38241,375.0,0.0,0.0,0.308686,-0.000899,2.8e-05,0.001134,0.212939,0.014683,0.999656,5.750187,4.451083,5.752564,4.443342,4.0,0.00015761,1,889,0.00893,0.00977,1.0,0.0,0.0,,,-0.01,0.01036,0.00025,0.00425,0.0,0.0
929,951296,1.33891,375.0,0.0,0.0,0.340002,-0.00137,1.7e-05,0.001393,0.222024,0.018136,0.999764,5.724035,4.467624,5.731605,4.468517,4.0,0.00015746,4,866,0.01465,0.01814,1.0,0.0,0.0,,,-0.01,0.00983,0.00029,0.00414,0.0,0.0
930,952320,1.47539,375.0,0.0,0.0,0.385639,-0.001958,3.2e-05,0.001475,0.405618,0.019217,0.999559,5.690943,4.461647,5.682683,4.460213,4.0,0.00015731,3,873,0.024,0.02665,1.0,0.0,0.0,,,-0.01,0.00779,0.00017,0.00418,0.0,0.0
931,953344,1.57263,375.0,0.0,0.0,0.351454,-0.00241,2e-05,0.00168,0.520926,0.022531,0.999729,5.707332,4.441441,5.699119,4.43587,4.0,0.00015715,2,859,0.01604,0.0173,1.0,0.0,0.0,,,-0.01,0.01001,0.00018,0.00422,0.0,0.0
932,954368,0.91722,375.0,0.0,0.0,0.34653,-0.001978,4.2e-05,0.001583,0.348264,0.020368,0.999514,5.669833,4.473751,5.668131,4.468623,4.0,0.000157,3,871,0.01981,0.0233,1.0,0.0,0.0,,,-0.01,0.00891,0.00021,0.00398,0.0,0.0
933,955392,1.50145,375.0,0.0,0.0,0.416659,-0.002395,3.2e-05,0.003815,0.456864,0.049351,0.999702,5.564087,4.500334,5.556126,4.499047,4.0,0.00015684,3,869,0.01521,0.01786,1.0,0.0,0.0,,,-0.01,0.00887,0.00021,0.00418,0.0,0.0
934,956416,1.4494,375.0,0.0,0.0,0.390319,-0.000363,2.9e-05,0.002366,0.272712,0.027518,0.99971,5.596513,4.522133,5.596012,4.521177,4.0,0.00015669,2,870,0.01367,0.01576,1.0,0.0,0.0,,,-0.01,0.00991,0.00021,0.00421,0.0,0.0
935,957440,1.07969,375.0,0.0,0.0,0.356164,-0.00186,2.5e-05,0.002602,0.205535,0.022287,0.999648,5.652935,4.50335,5.653432,4.495099,4.0,0.00015654,4,841,0.01339,0.01604,1.0,0.0,0.0,,,-0.01,0.00857,0.0002,0.00415,0.0,0.0
936,958464,1.64083,375.0,0.0,0.0,0.355162,-0.000901,2.4e-05,0.001389,0.184727,0.010428,0.999597,5.690907,4.416542,5.688914,4.412822,4.0,0.00015638,2,875,0.01702,0.01953,1.0,0.0,0.0,,,-0.01,0.00872,0.00024,0.00421,0.0,0.0
937,959488,1.65204,375.0,0.0,0.0,0.320562,-0.001633,1.8e-05,0.000718,0.259077,0.00715,0.999761,5.732069,4.443264,5.736575,4.445755,4.0,0.00015623,2,876,0.01395,0.01562,1.0,0.0,0.0,,,-0.01,0.0102,0.00023,0.0042,0.0,0.0
938,960512,1.0901,375.0,0.0,0.0,0.331536,-0.001666,1.5e-05,0.001543,0.28088,0.020578,0.999807,5.690528,4.53735,5.68932,4.539442,4.0,0.00015608,4,861,0.01479,0.01828,1.0,0.0,0.0,,,-0.01,0.00917,0.00022,0.00414,0.0,0.0
939,961536,1.69039,375.0,0.0,0.0,0.323674,-0.001176,8e-06,0.002708,0.277354,0.03397,0.999895,5.689836,4.534388,5.704285,4.537202,4.0,0.00015592,2,850,0.01297,0.01465,1.0,0.0,0.0,,,-0.01,0.00968,0.00027,0.00422,0.0,0.0
940,962560,1.57062,375.0,0.0,0.0,0.351116,-0.001803,2.1e-05,0.003351,0.313106,0.052909,0.999722,5.717796,4.512248,5.719121,4.511269,4.0,0.00015577,2,866,0.0166,0.01828,1.0,0.0,0.0,,,-0.01,0.01018,-2e-05,0.0042,0.0,0.0
941,963584,1.58722,375.0,0.0,0.0,0.378091,-0.001793,3e-05,0.003259,0.231597,0.033796,0.999579,5.716148,4.498188,5.71385,4.493013,4.0,0.00015562,4,875,0.01995,0.02344,1.0,0.0,0.0,,,-0.01,0.00904,-1e-05,0.00411,0.0,0.0
942,964608,1.31782,375.0,0.0,0.0,0.3693,-0.002857,3e-05,0.004778,0.193108,0.02424,0.999561,5.701711,4.440994,5.703358,4.437639,4.0,0.00015546,3,879,0.01814,0.01981,1.0,0.0,0.0,,,-0.01,0.00988,-3e-05,0.00417,0.0,0.0
943,965632,1.32193,375.0,0.0,0.0,0.340324,-0.001066,1.7e-05,0.000865,0.174621,0.00722,0.999793,5.734493,4.462543,5.738126,4.462636,4.0,0.00015531,1,853,0.01144,0.01325,1.0,0.0,0.0,,,-0.01,0.01006,0.00022,0.00424,0.0,0.0
944,966656,1.45935,375.0,0.0,0.0,0.323299,-0.001882,1.9e-05,0.002693,0.194149,0.030413,0.99974,5.714616,4.448852,5.719546,4.446111,4.0,0.00015516,5,858,0.01576,0.01967,1.0,0.0,0.0,,,-0.01,0.00849,0.00026,0.00408,0.0,0.0
945,967680,1.62896,375.0,0.0,0.0,0.339071,-0.000901,1.6e-05,0.001118,0.198339,0.014893,0.999779,5.765186,4.378306,5.766659,4.381854,4.0,0.000155,2,885,0.01437,0.0166,1.0,0.0,0.0,,,-0.01,0.00982,0.00025,0.00424,0.0,0.0
946,968704,1.58801,375.0,0.0,0.0,0.345587,-0.002237,1.7e-05,0.001598,0.339247,0.018311,0.999764,5.730662,4.447536,5.730309,4.447892,4.0,0.00015485,1,871,0.01144,0.01228,1.0,0.0,0.0,,,-0.01,0.01017,0.00022,0.00425,0.0,0.0
947,969728,1.4146,375.0,0.0,0.0,0.368133,-0.00211,2.8e-05,0.001539,0.290338,0.01988,0.999624,5.715642,4.469006,5.711269,4.464396,4.0,0.00015469,5,866,0.01562,0.01981,1.0,0.0,0.0,,,-0.01,0.00802,0.00021,0.0041,0.0,0.0
948,970752,0.76067,375.0,0.0,0.0,0.445431,-0.001972,2.8e-05,0.002234,0.309359,0.027344,0.999602,5.74131,4.433442,5.732458,4.435579,4.0,0.00015454,2,870,0.01367,0.01535,1.0,0.0,0.0,,,-0.01,0.00854,0.00027,0.00422,0.0,0.0
949,971776,1.57705,375.0,0.0,0.0,0.422402,-0.001683,1.2e-05,0.003827,0.419751,0.060442,0.999832,5.807811,4.425826,5.811021,4.42588,4.0,0.00015439,1,890,0.01367,0.01451,1.0,0.0,0.0,,,-0.01,0.01025,0.00027,0.00425,0.0,0.0
950,972800,1.32922,375.0,0.0,0.0,0.388939,-0.001196,2.9e-05,0.002164,0.274022,0.028913,0.9996,5.769983,4.407602,5.769311,4.405673,4.0,0.00015423,5,885,0.02121,0.02539,1.0,0.0,0.0,,,-0.01,0.00814,0.00021,0.00411,0.0,0.0
951,973824,1.5235,375.0,0.0,0.0,0.368182,-0.002377,3.8e-05,0.001755,0.255054,0.025146,0.999458,5.729127,4.378888,5.719467,4.380863,4.0,0.00015408,2,887,0.02762,0.0293,1.0,0.0,0.0,,,-0.01,0.00992,-9e-05,0.00422,0.0,0.0
952,974848,1.5485,375.0,0.0,0.0,0.353254,-0.003694,4.3e-05,0.003672,0.244081,0.043597,0.999367,5.698064,4.414315,5.685214,4.416715,4.0,0.00015393,1,850,0.03055,0.03139,1.0,0.0,0.0,,,-0.01,0.01034,-0.00012,0.00423,0.0,0.0
953,975872,1.37535,375.0,0.0,0.0,0.392192,-0.002108,5.2e-05,0.002335,0.267227,0.029471,0.999312,5.606297,4.470867,5.604848,4.461298,4.0,0.00015377,5,874,0.03278,0.03711,1.0,0.0,0.0,,,-0.01,0.00764,-0.00018,0.00411,0.0,0.0
954,976896,0.75709,375.0,0.0,0.0,0.331173,-0.001003,3.1e-05,0.002776,0.178239,0.035924,0.999704,5.79636,4.39911,5.800761,4.406318,4.0,0.00015362,2,895,0.01311,0.01479,1.0,0.0,0.0,,,-0.01,0.00998,0.00012,0.00422,0.0,0.0
955,977920,1.57032,375.0,0.0,0.0,0.321615,-0.001414,9e-06,0.002598,0.238054,0.039062,0.999855,5.855635,4.420398,5.858851,4.42436,4.0,0.00015347,1,890,0.012,0.01283,1.0,0.0,0.0,,,-0.01,0.01084,0.00026,0.00425,0.0,0.0
956,978944,1.44,375.0,0.0,0.0,0.312956,-0.001308,1.1e-05,0.001166,0.213714,0.015137,0.999855,5.835057,4.439538,5.836639,4.446929,4.0,0.00015331,5,853,0.0173,0.02148,1.0,0.0,0.0,,,-0.01,0.00838,0.0002,0.00411,0.0,0.0
957,979968,1.7214,375.0,0.0,0.0,0.313647,-0.001292,5e-06,0.002556,0.284929,0.030622,0.999923,5.873597,4.448977,5.875939,4.457058,4.0,0.00015316,2,888,0.01381,0.01549,1.0,0.0,0.0,,,-0.01,0.01024,0.00021,0.00422,0.0,0.0
958,980992,1.40041,375.0,0.0,0.0,0.298832,-0.001322,7e-06,0.001209,0.224746,0.010638,0.999914,5.84594,4.479677,5.848083,4.48588,4.0,0.000153,1,894,0.01242,0.01325,1.0,0.0,0.0,,,-0.01,0.011,0.00029,0.00425,0.0,0.0
959,982016,1.60675,375.0,0.0,0.0,0.32671,-0.002434,2.9e-05,0.002267,0.258727,0.029367,0.999646,5.821994,4.432833,5.822193,4.432484,4.0,0.00015285,6,881,0.01869,0.02358,1.0,0.0,0.0,,,-0.01,0.00766,0.0002,0.00406,0.0,0.0
960,983040,1.62173,375.0,0.0,0.0,0.348247,-0.001164,1.6e-05,0.001309,0.217623,0.012102,0.999797,5.842722,4.382368,5.837871,4.387883,4.0,0.0001527,1,876,0.01646,0.01744,1.0,0.0,0.0,,,-0.01,0.00998,0.00026,0.00427,0.0,0.0
961,984064,1.09267,375.0,0.0,0.0,0.306565,-0.002176,1e-05,0.001791,0.255642,0.026507,0.99986,5.806853,4.452369,5.803323,4.456289,4.0,0.00015254,1,855,0.01395,0.01493,1.0,0.0,0.0,,,-0.01,0.01035,0.00022,0.00425,0.0,0.0
962,985088,1.35915,375.0,0.0,0.0,0.327025,-0.001231,1.2e-05,0.002244,0.201146,0.018973,0.999837,5.779655,4.492489,5.781087,4.497179,4.0,0.00015239,6,869,0.02204,0.02706,1.0,0.0,0.0,,,-0.01,0.00769,0.00017,0.00408,0.0,0.0
963,986112,1.32687,375.0,0.0,0.0,0.280627,-0.000603,6e-06,0.000554,0.177202,0.005545,0.999918,5.882119,4.485508,5.884082,4.490758,4.0,0.00015224,1,857,0.01674,0.01758,1.0,0.0,0.0,,,-0.01,0.01043,0.00027,0.00425,0.0,0.0
964,987136,1.71268,375.0,0.0,0.0,0.268363,-0.000394,6e-06,0.000402,0.213745,0.002511,0.99994,5.884173,4.496238,5.886086,4.498138,4.0,0.00015208,2,873,0.01618,0.01744,1.0,0.0,0.0,,,-0.01,0.01071,0.0003,0.00418,0.0,0.0
965,988160,1.55007,375.0,0.0,0.0,0.312951,-0.002511,4.2e-05,0.00208,0.189481,0.016602,0.999465,5.794197,4.5155,5.776226,4.507779,4.0,0.00015193,5,848,0.02567,0.02888,1.0,0.0,0.0,,,-0.01,0.00704,0.00012,0.00398,0.0,0.0
966,989184,1.39894,375.0,0.0,0.0,0.298114,-0.000884,3.3e-05,0.001153,0.209256,0.016183,0.999589,5.759122,4.482611,5.748336,4.476576,4.0,0.00015178,1,888,0.01507,0.01618,1.0,0.0,0.0,,,-0.01,0.01,0.00025,0.00425,0.0,0.0
967,990208,1.024,375.0,0.0,0.0,0.294821,-0.000512,2.4e-05,0.001695,0.141353,0.02567,0.999689,5.729156,4.49122,5.722463,4.4869,4.0,0.00015162,4,875,0.01353,0.01562,1.0,0.0,0.0,,,-0.01,0.00987,0.0002,0.00414,0.0,0.0
968,991232,1.34271,375.0,0.0,0.0,0.305088,-0.001044,2.5e-05,0.001023,0.201689,0.011684,0.999644,5.732935,4.432312,5.73624,4.437128,4.0,0.00015147,3,881,0.01911,0.02288,1.0,0.0,0.0,,,-0.01,0.00799,0.00025,0.00408,0.0,0.0
969,992256,1.64765,375.0,0.0,0.0,0.29704,-0.001642,1.3e-05,0.002109,0.211063,0.028146,0.999808,5.791473,4.430332,5.791389,4.431062,4.0,0.00015132,1,856,0.01576,0.0166,1.0,0.0,0.0,,,-0.01,0.0106,0.00026,0.00425,0.0,0.0
970,993280,1.62128,375.0,0.0,0.0,0.324109,-0.00166,1.5e-05,0.001407,0.192231,0.021903,0.999815,5.763637,4.443286,5.760853,4.446891,4.0,0.00015116,4,878,0.02121,0.02455,1.0,0.0,0.0,,,-0.01,0.00945,0.00019,0.00414,0.0,0.0
971,994304,1.33466,375.0,0.0,0.0,0.363746,-0.001308,1.8e-05,0.001583,0.241673,0.020438,0.99974,5.776232,4.417184,5.77422,4.409848,4.0,0.00015101,3,884,0.02162,0.02427,1.0,0.0,0.0,,,-0.01,0.00796,0.00024,0.00418,0.0,0.0
972,995328,1.18678,375.0,0.0,0.0,0.372735,-0.001722,1.3e-05,0.001065,0.271196,0.009696,0.999831,5.795559,4.401758,5.791345,4.401141,4.0,0.00015085,1,871,0.01381,0.01465,1.0,0.0,0.0,,,-0.01,0.01029,0.00024,0.00424,0.0,0.0
973,996352,1.34607,375.0,0.0,0.0,0.357036,-0.001805,2e-05,0.001586,0.216409,0.018694,0.999731,5.76168,4.435416,5.751921,4.433339,4.0,0.0001507,4,848,0.02107,0.02455,1.0,0.0,0.0,,,-0.01,0.00878,0.00024,0.00413,0.0,0.0
974,997376,1.37183,375.0,0.0,0.0,0.325204,-0.002775,3.5e-05,0.003282,0.4736,0.046701,0.999513,5.684152,4.421109,5.672006,4.431572,4.0,0.00015055,3,882,0.02051,0.02302,1.0,0.0,0.0,,,-0.01,0.00809,0.00013,0.00417,0.0,0.0
975,998400,1.3556,375.0,0.0,0.0,0.263734,-0.000468,2.2e-05,0.001348,0.345257,0.018136,0.99973,5.716457,4.453528,5.709682,4.46452,4.0,0.00015039,2,890,0.0127,0.01437,1.0,0.0,0.0,,,-0.01,0.01003,0.00021,0.0042,0.0,0.0
976,999424,0.82833,375.0,0.0,0.0,0.25808,-0.002084,5e-05,0.00079,0.192384,0.01008,0.999337,5.684947,4.474535,5.665879,4.488041,4.0,0.00015024,3,866,0.02734,0.02985,1.0,0.0,0.0,,,-0.01,0.00788,-0.00026,0.00417,0.0,0.0
977,1000448,1.49271,375.0,0.0,0.0,0.267942,-0.000623,3.9e-05,0.001814,0.233519,0.02989,0.999508,5.710347,4.505598,5.699465,4.509665,4.0,0.00015009,3,854,0.02693,0.02944,1.0,0.0,0.0,,,-0.01,0.00936,-0.00017,0.00418,0.0,0.0
978,1001472,0.33257,375.0,0.0,0.0,0.288936,-0.004505,4.1e-05,0.002835,0.289369,0.041748,0.999454,5.67372,4.527093,5.660076,4.530394,4.0,0.00014993,2,862,0.02483,0.02651,1.0,0.0,0.0,,,-0.01,0.0099,-0.00022,0.0042,0.0,0.0
979,1002496,1.51909,375.0,0.0,0.0,0.315239,-0.000624,2.3e-05,0.001277,0.23906,0.019775,0.999717,5.705779,4.526583,5.708694,4.523614,4.0,0.00014978,4,864,0.0159,0.01911,1.0,0.0,0.0,,,-0.01,0.00924,0.00021,0.00413,0.0,0.0
980,1003520,1.62723,375.0,0.0,0.0,0.29448,-0.002801,1.2e-05,0.002099,0.265458,0.03118,0.999865,5.79205,4.468532,5.792679,4.477842,4.0,0.00014963,2,869,0.01325,0.01493,1.0,0.0,0.0,,,-0.01,0.00976,0.00021,0.00422,0.0,0.0
981,1004544,1.43338,375.0,0.0,0.0,0.306788,-0.001541,1.8e-05,0.002017,0.207685,0.027239,0.999787,5.805197,4.480737,5.80875,4.486619,4.0,0.00014947,2,879,0.01409,0.01576,1.0,0.0,0.0,,,-0.01,0.0103,0.00026,0.00422,0.0,0.0
982,1005568,1.57087,375.0,0.0,0.0,0.330964,-0.00192,2.3e-05,0.001418,0.216961,0.018485,0.999715,5.811882,4.516437,5.807893,4.521798,4.0,0.00014932,4,859,0.01716,0.02051,1.0,0.0,0.0,,,-0.01,0.00915,0.00023,0.00413,0.0,0.0
983,1006592,1.63174,375.0,0.0,0.0,0.333538,-0.001211,2.8e-05,0.00137,0.236549,0.021868,0.999601,5.845994,4.484083,5.851997,4.484615,4.0,0.00014916,2,876,0.01451,0.01618,1.0,0.0,0.0,,,-0.01,0.00991,0.00023,0.0042,0.0,0.0
984,1007616,1.50094,375.0,0.0,0.0,0.268773,-0.002192,1.4e-05,0.001856,0.209107,0.027344,0.999796,5.88778,4.507302,5.890937,4.508422,4.0,0.00014901,2,874,0.01618,0.018,1.0,0.0,0.0,,,-0.01,0.01017,0.00021,0.00421,0.0,0.0
985,1008640,1.52486,375.0,0.0,0.0,0.289325,-0.001662,1.3e-05,0.001193,0.204163,0.019636,0.99985,5.888078,4.510487,5.888748,4.515314,4.0,0.00014886,5,868,0.01549,0.01911,1.0,0.0,0.0,,,-0.01,0.00896,0.00022,0.00409,0.0,0.0
986,1009664,1.61498,375.0,0.0,0.0,0.278874,-0.000518,1e-05,0.000962,0.276088,0.012556,0.999883,5.85238,4.539765,5.85656,4.54779,4.0,0.0001487,2,829,0.01883,0.02121,1.0,0.0,0.0,,,-0.01,0.01005,0.00017,0.00421,0.0,0.0
987,1010688,1.59768,375.0,0.0,0.0,0.291597,-0.001618,1e-05,0.001411,0.23768,0.018206,0.999864,5.886523,4.559706,5.888935,4.570997,4.0,0.00014855,1,871,0.01855,0.01939,1.0,0.0,0.0,,,-0.01,0.01028,0.00019,0.00425,0.0,0.0
988,1011712,1.44788,375.0,0.0,0.0,0.326382,-0.001905,1.8e-05,0.001235,0.22057,0.018311,0.999767,5.858874,4.589478,5.858668,4.596144,4.0,0.0001484,5,841,0.02511,0.0293,1.0,0.0,0.0,,,-0.01,0.00861,6e-05,0.00411,0.0,0.0
989,1012736,1.69938,375.0,0.0,0.0,0.309997,-0.001706,1.5e-05,0.00236,0.308306,0.023717,0.999786,5.892419,4.539191,5.895916,4.542539,4.0,0.00014824,2,872,0.01451,0.01618,1.0,0.0,0.0,,,-0.01,0.00976,0.00023,0.00422,0.0,0.0
990,1013760,1.34388,375.0,0.0,0.0,0.273057,-0.001158,9e-06,0.001217,0.276428,0.017508,0.999902,5.965682,4.542115,5.967299,4.544828,4.0,0.00014809,1,835,0.01144,0.01228,1.0,0.0,0.0,,,-0.01,0.01056,0.00023,0.00425,0.0,0.0
991,1014784,1.47147,375.0,0.0,0.0,0.302413,-0.00162,2.9e-05,0.000878,0.251155,0.00858,0.999633,5.902776,4.579103,5.897619,4.57477,4.0,0.00014794,5,847,0.02176,0.02623,1.0,0.0,0.0,,,-0.01,0.00825,0.00026,0.00405,0.0,0.0
992,1015808,1.60474,375.0,0.0,0.0,0.268061,-0.001624,1.3e-05,0.002333,0.182946,0.024135,0.999825,5.883065,4.56189,5.88701,4.562603,4.0,0.00014778,2,866,0.01716,0.01869,1.0,0.0,0.0,,,-0.01,0.0098,0.00026,0.0042,0.0,0.0
993,1016832,1.63591,375.0,0.0,0.0,0.274103,-0.00175,1e-05,0.001681,0.224743,0.018345,0.999867,5.909544,4.568145,5.912744,4.568622,4.0,0.00014763,1,875,0.0166,0.01744,1.0,0.0,0.0,,,-0.01,0.01051,0.00027,0.00425,0.0,0.0
994,1017856,1.37006,375.0,0.0,0.0,0.309729,-0.0027,2.3e-05,0.001094,0.287085,0.015276,0.999733,5.846615,4.584841,5.850784,4.587898,4.0,0.00014748,5,827,0.01981,0.02386,1.0,0.0,0.0,,,-0.01,0.00833,0.00026,0.00401,0.0,0.0
995,1018880,1.63217,375.0,0.0,0.0,0.295251,-0.001771,1.7e-05,0.000994,0.257634,0.012626,0.999799,5.881039,4.55189,5.885292,4.555702,4.0,0.00014732,2,853,0.01939,0.02107,1.0,0.0,0.0,,,-0.01,0.00997,0.00025,0.00422,0.0,0.0
996,1019904,1.68009,375.0,0.0,0.0,0.300483,-0.002041,1.1e-05,0.001987,0.243968,0.026611,0.999852,5.91458,4.531486,5.91722,4.531485,4.0,0.00014717,1,850,0.01521,0.01604,1.0,0.0,0.0,,,-0.01,0.0107,0.00023,0.00425,0.0,0.0
997,1020928,1.49716,375.0,0.0,0.0,0.344349,-0.002257,1.9e-05,0.002584,0.226642,0.033308,0.999763,5.851991,4.567132,5.857354,4.560015,4.0,0.00014701,5,859,0.01339,0.01772,1.0,0.0,0.0,,,-0.01,0.00834,0.00016,0.00406,0.0,0.0
998,1021952,1.43483,375.0,0.0,0.0,0.33975,-0.001756,2.4e-05,0.001712,0.196827,0.019706,0.999713,5.909119,4.526716,5.905374,4.517348,4.0,0.00014686,2,840,0.01256,0.01423,1.0,0.0,0.0,,,-0.01,0.00938,0.00019,0.00422,0.0,0.0
999,1022976,1.35336,375.0,0.0,0.0,0.353679,-0.000545,1.9e-05,0.000903,0.148079,0.011649,0.99977,5.940073,4.529767,5.93121,4.524935,4.0,0.00014671,1,862,0.0127,0.01339,1.0,0.0,0.0,,,-0.01,0.01034,0.00025,0.00424,0.0,0.0
1000,1024000,1.34638,375.0,0.0,0.0,0.372374,-0.001297,2.1e-05,0.001103,0.226359,0.012033,0.999741,5.832098,4.59246,5.834496,4.590007,4.0,0.00014655,6,866,0.01911,0.02386,1.0,0.0,0.0,,,-0.01,0.00845,0.00023,0.00405,0.0,0.0
1001,1025024,1.21987,375.0,0.0,0.0,0.324864,-0.001774,1.5e-05,0.002093,0.268307,0.029192,0.999834,5.870168,4.590966,5.874918,4.590047,4.0,0.0001464,1,877,0.01242,0.01367,1.0,0.0,0.0,,,-0.01,0.01031,0.00028,0.00428,0.0,0.0
1002,1026048,1.61924,375.0,0.0,0.0,0.342385,-0.002322,1.1e-05,0.003124,0.24283,0.049874,0.999872,5.894851,4.591956,5.896821,4.597937,4.0,0.00014625,1,887,0.01311,0.01395,1.0,0.0,0.0,,,-0.01,0.01061,0.00029,0.00425,0.0,0.0
1003,1027072,1.59543,375.0,0.0,0.0,0.397784,-0.002297,1e-05,0.002701,0.218971,0.039376,0.99988,5.881562,4.584093,5.881942,4.591156,4.0,0.00014609,6,848,0.02148,0.02651,1.0,0.0,0.0,,,-0.01,0.00804,0.00029,0.00408,0.0,0.0
1004,1028096,1.52544,375.0,0.0,0.0,0.394943,-0.003366,8e-06,0.002543,0.361373,0.039307,0.999895,5.931866,4.567965,5.931271,4.579903,4.0,0.00014594,1,877,0.02274,0.02358,1.0,0.0,0.0,,,-0.01,0.01007,0.00023,0.00425,0.0,0.0
1005,1029120,1.5785,375.0,0.0,0.0,0.37599,-0.002154,9e-06,0.003369,0.370642,0.05242,0.999891,5.969722,4.582404,5.965984,4.589911,4.0,0.00014579,2,873,0.0173,0.01842,1.0,0.0,0.0,,,-0.01,0.01056,0.00021,0.0042,0.0,0.0
1006,1030144,1.53827,375.0,0.0,0.0,0.410075,-0.001627,2.6e-05,0.002236,0.271982,0.033133,0.999686,5.87518,4.595148,5.869002,4.603621,4.0,0.00014563,5,869,0.02832,0.03334,1.0,0.0,0.0,,,-0.01,0.00708,0.00018,0.00413,0.0,0.0
1007,1031168,0.82829,375.0,0.0,0.0,0.356277,-0.001303,1.5e-05,0.001058,0.230833,0.009975,0.999792,5.92649,4.590012,5.91737,4.598747,4.0,0.00014548,1,841,0.02162,0.0226,1.0,0.0,0.0,,,-0.01,0.01,0.0002,0.00425,0.0,0.0
1008,1032192,1.23635,375.0,0.0,0.0,0.366679,-0.002026,1.6e-05,0.000983,0.254636,0.00844,0.999791,5.905698,4.632428,5.898952,4.636193,4.0,0.00014532,3,878,0.01618,0.01828,1.0,0.0,0.0,,,-0.01,0.00997,0.00021,0.00416,0.0,0.0
1009,1033216,1.36195,375.0,0.0,0.0,0.412662,-0.001148,1.5e-05,0.001076,0.273668,0.009835,0.99981,5.905455,4.571853,5.90663,4.568633,4.0,0.00014517,4,876,0.01786,0.02176,1.0,0.0,0.0,,,-0.01,0.00748,0.00021,0.00416,0.0,0.0
1010,1034240,1.19348,375.0,0.0,0.0,0.388357,-0.000497,1.6e-05,0.00124,0.262378,0.013218,0.999776,5.971101,4.574931,5.965684,4.582037,4.0,0.00014502,1,891,0.0173,0.01814,1.0,0.0,0.0,,,-0.01,0.01022,0.00033,0.00425,0.0,0.0
1011,1035264,1.3695,375.0,0.0,0.0,0.381473,-0.001953,1.3e-05,0.003105,0.198035,0.047817,0.999847,5.97795,4.597178,5.973913,4.603205,4.0,0.00014486,4,841,0.01562,0.01911,1.0,0.0,0.0,,,-0.01,0.00944,0.00023,0.0041,0.0,0.0
1012,1036288,1.47316,375.0,0.0,0.0,0.37922,-0.003839,2.9e-05,0.001436,0.32784,0.015555,0.99967,5.903713,4.573483,5.90218,4.57152,4.0,0.00014471,3,826,0.02162,0.0219,1.0,0.0,0.0,,,-0.01,0.00807,0.0002,0.00389,0.0,0.0
1013,1037312,1.37034,375.0,0.0,0.0,0.369139,-0.001913,1.8e-05,0.003023,0.266325,0.040144,0.999794,5.860082,4.576272,5.850656,4.578078,4.0,0.00014456,1,863,0.01772,0.01883,1.0,0.0,0.0,,,-0.01,0.01053,0.00028,0.00423,0.0,0.0
1014,1038336,1.37513,375.0,0.0,0.0,0.391125,-0.002205,2e-05,0.001605,0.240829,0.020368,0.999751,5.793831,4.601446,5.793284,4.604425,4.0,0.0001444,4,866,0.02148,0.02441,1.0,0.0,0.0,,,-0.01,0.00859,0.00024,0.00407,0.0,0.0
1015,1039360,1.29283,375.0,0.0,0.0,0.488776,-0.002586,2.5e-05,0.001582,0.23868,0.012347,0.999683,5.815045,4.561381,5.806528,4.5579,4.0,0.00014425,3,832,0.02274,0.02414,1.0,0.0,0.0,,,-0.01,0.00852,0.00017,0.00404,0.0,0.0
1016,1040384,1.24375,375.0,0.0,0.0,0.43459,-0.002089,2.4e-05,0.002224,0.180348,0.026646,0.999652,5.847142,4.590803,5.841543,4.583885,4.0,0.0001441,2,849,0.02218,0.02386,1.0,0.0,0.0,,,-0.01,0.01026,0.00017,0.00418,0.0,0.0
1017,1041408,1.22336,375.0,0.0,0.0,0.421653,-0.000887,2e-05,0.003005,0.210906,0.043666,0.999683,5.847917,4.60349,5.84558,4.592204,4.0,0.00014394,3,870,0.01688,0.01883,1.0,0.0,0.0,,,-0.01,0.00869,0.00029,0.00412,0.0,0.0
1018,1042432,1.52404,375.0,0.0,0.0,0.434566,-0.001365,1.9e-05,0.002542,0.270163,0.037144,0.999749,5.864409,4.57259,5.859869,4.570281,4.0,0.00014379,3,868,0.01883,0.02148,1.0,0.0,0.0,,,-0.01,0.0092,0.00027,0.00418,0.0,0.0
1019,1043456,1.40346,375.0,0.0,0.0,0.399599,-0.002175,1e-05,0.000628,0.240944,0.002511,0.999895,5.925065,4.60046,5.921237,4.600292,4.0,0.00014364,2,848,0.01172,0.01339,1.0,0.0,0.0,,,-0.01,0.01013,0.00017,0.00422,0.0,0.0
1020,1044480,1.21037,375.0,0.0,0.0,0.416885,-0.001727,2.3e-05,0.002427,0.287655,0.02839,0.999751,5.878051,4.613778,5.878798,4.615602,4.0,0.00014348,4,860,0.01995,0.02358,1.0,0.0,0.0,,,-0.01,0.00929,0.00028,0.00414,0.0,0.0
1021,1045504,1.61173,375.0,0.0,0.0,0.439459,-0.001763,4.1e-05,0.003551,0.258382,0.047049,0.999564,5.85802,4.586215,5.859277,4.591758,4.0,0.00014333,2,854,0.02888,0.03041,1.0,0.0,0.0,,,-0.01,0.00921,-0.00015,0.0042,0.0,0.0
1022,1046528,1.71624,375.0,0.0,0.0,0.44625,-0.001268,3.6e-05,0.001967,0.219203,0.012381,0.999637,5.829529,4.569702,5.819397,4.571827,4.0,0.00014317,2,876,0.02734,0.02902,1.0,0.0,0.0,,,-0.01,0.00994,-0.0002,0.0042,0.0,0.0
1023,1047552,1.12595,375.0,0.0,0.0,0.440714,-0.000542,4.2e-05,0.001265,0.215286,0.010114,0.999515,5.819789,4.576432,5.803964,4.568409,4.0,0.00014302,4,869,0.02358,0.02651,1.0,0.0,0.0,,,-0.01,0.00857,6e-05,0.00408,0.0,0.0
1024,1048576,1.61078,375.0,0.0,0.0,0.417561,-0.000732,4e-05,0.001167,0.190766,0.007882,0.99958,5.8009,4.577825,5.787736,4.576462,4.0,0.00014287,2,847,0.01939,0.02134,1.0,0.0,0.0,,,-0.01,0.00895,0.00019,0.00421,0.0,0.0
1025,1049600,0.634,375.0,0.0,0.0,0.380167,-0.002004,3e-05,0.001897,0.183456,0.01838,0.999645,5.774718,4.623371,5.76656,4.621198,4.0,0.00014271,2,876,0.01618,0.01716,1.0,0.0,0.0,,,-0.01,0.00931,0.00019,0.00395,0.0,0.0
1026,1050624,1.28959,375.0,0.0,0.0,0.435278,-0.001608,2.2e-05,0.001418,0.276884,0.015765,0.999744,5.757877,4.638967,5.759549,4.636132,4.0,0.00014256,4,872,0.02176,0.02525,1.0,0.0,0.0,,,-0.01,0.00867,0.00025,0.00413,0.0,0.0
1027,1051648,1.48086,375.0,0.0,0.0,0.531941,-0.003056,8.3e-05,0.003214,0.287829,0.028704,0.998958,5.79589,4.570689,5.767727,4.546416,4.0,0.00014241,3,868,0.02818,0.03153,1.0,0.0,1.0,,,-0.01,0.00897,0.00011,0.0036,0.0,0.0
1028,1052672,1.15271,375.0,0.0,0.0,0.498557,-0.00215,4.7e-05,0.003186,0.375768,0.022949,0.999361,5.819424,4.547414,5.800231,4.533185,4.0,0.00014225,1,829,0.02204,0.02358,1.0,0.0,0.0,,,-0.01,0.0089,0.00021,0.00381,0.0,0.0
1029,1053696,0.83778,375.0,0.0,0.0,0.525455,-0.000959,4.4e-05,0.0029,0.386241,0.033552,0.999489,5.76799,4.530212,5.759663,4.523204,4.0,0.0001421,5,862,0.02441,0.02874,1.0,0.0,0.0,,,-0.01,0.00833,0.00019,0.00366,0.0,0.0
1030,1054720,1.35746,375.0,0.0,0.0,0.461228,-0.000849,5.1e-05,0.004315,0.413122,0.040597,0.9994,5.826446,4.493765,5.822324,4.495286,4.0,0.00014195,2,878,0.02344,0.02344,1.0,0.0,0.0,,,-0.01,0.00967,0.00025,0.00376,0.0,0.0
1031,1055744,1.24427,375.0,0.0,0.0,0.435939,-0.001753,2.2e-05,0.001538,0.255422,0.018555,0.999734,5.824639,4.516904,5.827337,4.522015,4.0,0.00014179,1,885,0.02065,0.02148,1.0,0.0,0.0,,,-0.01,0.01026,0.00023,0.00423,0.0,0.0
1032,1056768,1.28749,375.0,0.0,0.0,0.442541,-0.002295,3.4e-05,0.003712,0.302502,0.057129,0.999595,5.78981,4.545674,5.793183,4.547144,4.0,0.00014164,5,814,0.02009,0.02358,1.0,0.0,0.0,,,-0.01,0.0081,0.00025,0.00402,0.0,0.0
1033,1057792,1.47829,375.0,0.0,0.0,0.467131,-0.003132,2.4e-05,0.004222,0.24997,0.053153,0.99971,5.828291,4.517046,5.826425,4.51848,4.0,0.00014148,2,877,0.02204,0.02372,1.0,0.0,0.0,,,-0.01,0.00957,0.00014,0.00422,0.0,0.0
1034,1058816,1.46055,375.0,0.0,0.0,0.469072,-0.000508,2.2e-05,0.001974,0.194512,0.011335,0.999746,5.89539,4.537134,5.889813,4.535903,4.0,0.00014133,1,881,0.01423,0.01507,1.0,0.0,0.0,,,-0.01,0.0105,0.00027,0.00425,0.0,0.0
1035,1059840,1.25124,375.0,0.0,0.0,0.464954,-0.001665,2.8e-05,0.004046,0.207247,0.056955,0.999656,5.849308,4.562588,5.849353,4.568365,4.0,0.00014118,5,865,0.01423,0.01842,1.0,0.0,0.0,,,-0.01,0.00827,0.00017,0.00411,0.0,0.0
1036,1060864,1.68534,375.0,0.0,0.0,0.4357,-0.004285,2.6e-05,0.004769,0.217866,0.042585,0.999734,5.88074,4.549139,5.881961,4.554155,4.0,0.00014102,2,809,0.01381,0.01437,1.0,0.0,0.0,,,-0.01,0.01021,0.00022,0.00409,0.0,0.0
1037,1061888,1.7054,375.0,0.0,0.0,0.413016,-0.000932,2.8e-05,0.000856,0.224569,0.006452,0.999774,5.849101,4.542608,5.849873,4.549359,4.0,0.00014087,1,876,0.01228,0.01339,1.0,0.0,0.0,,,-0.01,0.01051,0.00028,0.00425,0.0,0.0
1038,1062912,1.60569,375.0,0.0,0.0,0.456266,-0.001651,1.9e-05,0.00192,0.259584,0.022845,0.999756,5.760073,4.519285,5.762882,4.521983,4.0,0.00014072,5,872,0.01549,0.01967,1.0,0.0,0.0,,,-0.01,0.00785,0.00021,0.00411,0.0,0.0
1039,1063936,1.14038,375.0,0.0,0.0,0.437104,-0.002892,3.1e-05,0.002529,0.280663,0.020682,0.999619,5.825442,4.485577,5.818259,4.483025,4.0,0.00014056,2,880,0.01688,0.01758,1.0,0.0,0.0,,,-0.01,0.00963,0.00022,0.00393,0.0,0.0
1040,1064960,1.66124,375.0,0.0,0.0,0.426319,-0.001616,1.1e-05,0.002752,0.29669,0.035993,0.999861,5.853262,4.514966,5.848043,4.515559,4.0,0.00014041,1,864,0.01409,0.01493,1.0,0.0,0.0,,,-0.01,0.01053,0.00021,0.00425,0.0,0.0
1041,1065984,1.25691,375.0,0.0,0.0,0.428928,-0.003189,3.4e-05,0.002958,0.284023,0.031041,0.999583,5.758216,4.529438,5.75197,4.53515,4.0,0.00014026,6,861,0.0226,0.02623,1.0,0.0,0.0,,,-0.01,0.00794,0.00022,0.00397,0.0,0.0
1042,1067008,1.61124,375.0,0.0,0.0,0.400934,-0.001806,1.5e-05,0.002515,0.304484,0.031494,0.999807,5.779061,4.50386,5.787824,4.514056,4.0,0.0001401,1,888,0.0173,0.01883,1.0,0.0,0.0,,,-0.01,0.00994,0.00024,0.00424,0.0,0.0
1043,1068032,1.54102,375.0,0.0,0.0,0.356761,-0.002414,1.2e-05,0.001789,0.279198,0.01995,0.999862,5.805195,4.545238,5.809515,4.558401,4.0,0.00013995,1,893,0.0166,0.01744,1.0,0.0,0.0,,,-0.01,0.01083,0.0002,0.00425,0.0,0.0
1044,1069056,1.48134,375.0,0.0,0.0,0.412081,-0.002222,3.4e-05,0.001737,0.222982,0.024763,0.999564,5.757489,4.577568,5.75095,4.57604,4.0,0.0001398,6,854,0.01814,0.02344,1.0,0.0,0.0,,,-0.01,0.00738,0.0002,0.00406,0.0,0.0
1045,1070080,1.74934,375.0,0.0,0.0,0.400297,-0.0023,1.8e-05,0.002126,0.262265,0.030901,0.999788,5.843617,4.563778,5.845417,4.569026,4.0,0.00013964,1,867,0.01535,0.01632,1.0,0.0,0.0,,,-0.01,0.01008,0.00031,0.00425,0.0,0.0
1046,1071104,1.25811,375.0,0.0,0.0,0.371938,-0.001868,1.3e-05,0.001363,0.266146,0.014753,0.999833,5.858185,4.60114,5.857994,4.607972,4.0,0.00013949,2,893,0.01967,0.02051,1.0,0.0,0.0,,,-0.01,0.01069,0.00027,0.00425,0.0,0.0
1047,1072128,1.46202,375.0,0.0,0.0,0.408025,-0.001993,3.1e-05,0.003023,0.241539,0.035854,0.999606,5.802331,4.57587,5.807015,4.580754,4.0,0.00013933,5,884,0.02316,0.02804,1.0,0.0,0.0,,,-0.01,0.00751,0.00015,0.00406,0.0,0.0
1048,1073152,1.15211,375.0,0.0,0.0,0.427221,-0.003399,1.8e-05,0.005217,0.343909,0.068813,0.999773,5.783356,4.588281,5.777343,4.591501,4.0,0.00013918,1,869,0.01772,0.01855,1.0,0.0,0.0,,,-0.01,0.01023,0.00019,0.00425,0.0,0.0
1049,1074176,1.19324,375.0,0.0,0.0,0.419045,-0.002162,2.6e-05,0.002462,0.259417,0.026437,0.999685,5.736934,4.591361,5.7278,4.590366,4.0,0.00013903,3,734,0.01883,0.01981,1.0,0.0,0.0,,,-0.01,0.00978,8e-05,0.00408,0.0,0.0
1050,1075200,1.54583,375.0,0.0,0.0,0.388748,-0.001909,2.6e-05,0.002219,0.269989,0.035226,0.999686,5.77765,4.557099,5.773777,4.553887,4.0,0.00013887,4,847,0.01953,0.02372,1.0,0.0,0.0,,,-0.01,0.00762,0.00028,0.00411,0.0,0.0
1051,1076224,0.74477,375.0,0.0,0.0,0.310177,-0.002232,1.4e-05,0.000819,0.256156,0.008475,0.999819,5.870472,4.543528,5.868464,4.545705,4.0,0.00013872,1,833,0.01632,0.0173,1.0,0.0,0.0,,,-0.01,0.01048,0.00023,0.00425,0.0,0.0
1052,1077248,1.39883,375.0,0.0,0.0,0.298957,-0.001611,1.4e-05,0.0017,0.265389,0.024728,0.999831,5.882649,4.590995,5.8862,4.597932,4.0,0.00013857,4,842,0.01562,0.01897,1.0,0.0,0.0,,,-0.01,0.01045,0.00021,0.00413,0.0,0.0
1053,1078272,1.60722,375.0,0.0,0.0,0.333965,-0.001856,3.9e-05,0.002422,0.218079,0.032227,0.999474,5.740167,4.617046,5.741216,4.605283,4.0,0.00013841,3,763,0.01842,0.02093,1.0,0.0,0.0,,,-0.01,0.00847,0.00021,0.00419,0.0,0.0
1054,1079296,1.59393,375.0,0.0,0.0,0.326056,-0.002925,3.9e-05,0.002387,0.218527,0.023263,0.999355,5.723423,4.623441,5.731193,4.599213,4.0,0.00013826,1,848,0.01521,0.01604,1.0,0.0,0.0,,,-0.01,0.01126,0.00021,0.00425,0.0,0.0
1055,1080320,1.6669,375.0,0.0,0.0,0.354953,-0.001396,5.8e-05,0.001665,0.194162,0.015241,0.99911,5.734121,4.615239,5.745019,4.587677,4.0,0.00013811,4,845,0.01925,0.0226,1.0,0.0,0.0,,,-0.01,0.00974,0.00018,0.00415,0.0,0.0
1056,1081344,1.36619,375.0,0.0,0.0,0.415127,-0.001186,4.4e-05,0.001048,0.202471,0.013463,0.999344,5.821633,4.548895,5.826682,4.545546,4.0,0.00013795,3,841,0.01744,0.01981,1.0,0.0,0.0,,,-0.01,0.00971,0.00018,0.00417,0.0,0.0
1057,1082368,2.51112,375.0,0.0,0.0,0.385539,-0.002198,1.4e-05,0.00132,0.284596,0.017613,0.999823,5.852821,4.558707,5.856501,4.559949,4.0,0.0001378,2,759,0.01549,0.01688,1.0,0.0,0.0,,,-0.01,0.01052,0.00028,0.00419,0.0,0.0
1058,1083392,1.4902,375.0,0.0,0.0,0.398624,-0.001382,2.4e-05,0.002388,0.264366,0.033901,0.999682,5.857793,4.591382,5.854217,4.604894,4.0,0.00013764,3,838,0.01883,0.02162,1.0,0.0,0.0,,,-0.01,0.00886,0.00028,0.0042,0.0,0.0
1059,1084416,1.40645,375.0,0.0,0.0,0.346034,-0.002165,2.7e-05,0.001191,0.22166,0.013218,0.999715,5.823937,4.663266,5.838259,4.65905,4.0,0.00013749,3,831,0.02093,0.02344,1.0,0.0,0.0,,,-0.01,0.00969,0.00027,0.00418,0.0,0.0
1060,1085440,1.68996,375.0,0.0,0.0,0.310185,-0.002427,1.9e-05,0.004058,0.211361,0.049177,0.999783,5.866113,4.631463,5.87324,4.629848,4.0,0.00013734,2,866,0.01716,0.01883,1.0,0.0,0.0,,,-0.01,0.01057,0.00025,0.00422,0.0,0.0
1061,1086464,1.62757,375.0,0.0,0.0,0.343434,-0.002843,3.4e-05,0.003568,0.267937,0.045515,0.999643,5.82327,4.62079,5.825898,4.627792,4.0,0.00013718,4,837,0.02009,0.02316,1.0,0.0,0.0,,,-0.01,0.00934,0.0002,0.00412,0.0,0.0
1062,1087488,1.37284,375.0,0.0,0.0,0.384834,-0.001041,4.6e-05,0.002339,0.194453,0.027588,0.999384,5.73285,4.622093,5.728806,4.607765,4.0,0.00013703,2,842,0.0293,0.03125,1.0,0.0,0.0,,,-0.01,0.0094,-0.00012,0.00424,0.0,0.0
1063,1088512,1.54345,375.0,0.0,0.0,0.359875,-0.001171,3.3e-05,0.002421,0.157294,0.032994,0.999407,5.712596,4.613336,5.698462,4.603386,4.0,0.00013688,2,861,0.0346,0.03669,1.0,0.0,0.0,,,-0.01,0.00983,-0.00022,0.0042,0.0,0.0
1064,1089536,1.1881,375.0,0.0,0.0,0.362513,-0.002409,4.9e-05,0.00245,0.285526,0.033936,0.999416,5.749684,4.631076,5.751525,4.619013,4.0,0.00013672,4,862,0.02999,0.03306,1.0,0.0,0.0,,,-0.01,0.00915,3e-05,0.00379,0.0,0.0
1065,1090560,1.53897,375.0,0.0,0.0,0.406466,-0.001983,1.8e-05,0.002263,0.282819,0.03111,0.999772,5.89513,4.581884,5.904391,4.582872,4.0,0.00013657,2,851,0.01953,0.02134,1.0,0.0,0.0,,,-0.01,0.00951,0.00029,0.00421,0.0,0.0
1066,1091584,1.26204,375.0,0.0,0.0,0.389283,-0.002244,1.1e-05,0.001797,0.264139,0.023124,0.999869,5.932114,4.585286,5.935393,4.586628,4.0,0.00013642,2,861,0.02107,0.0226,1.0,0.0,0.0,,,-0.01,0.01003,0.00022,0.0042,0.0,0.0
1067,1092608,1.59859,375.0,0.0,0.0,0.369836,-0.001577,1.9e-05,0.002083,0.255331,0.029715,0.999821,5.935138,4.541301,5.940575,4.539711,4.0,0.00013626,4,867,0.02134,0.02455,1.0,0.0,0.0,,,-0.01,0.00932,0.00026,0.00413,0.0,0.0
1068,1093632,1.60212,375.0,0.0,0.0,0.391145,-0.002668,1.5e-05,0.004512,0.288573,0.047468,0.999824,5.904645,4.493338,5.899932,4.488938,4.0,0.00013611,3,861,0.01897,0.02121,1.0,0.0,0.0,,,-0.01,0.00989,0.00022,0.00416,0.0,0.0
1069,1094656,1.1667,375.0,0.0,0.0,0.408335,-0.000852,1.7e-05,0.001464,0.248047,0.016846,0.999804,5.884602,4.532578,5.879291,4.536599,4.0,0.00013596,1,847,0.01702,0.01814,1.0,0.0,0.0,,,-0.01,0.01004,0.00029,0.00427,0.0,0.0
1070,1095680,1.50038,375.0,0.0,0.0,0.410681,-0.001763,2.5e-05,0.001094,0.256734,0.011858,0.999714,5.81936,4.594306,5.807382,4.597034,4.0,0.0001358,5,855,0.01939,0.02358,1.0,0.0,0.0,,,-0.01,0.00828,0.00017,0.00411,0.0,0.0
1071,1096704,1.42796,375.0,0.0,0.0,0.382412,-0.002265,1.6e-05,0.003003,0.377444,0.046108,0.999814,5.775837,4.608504,5.770823,4.615285,4.0,0.00013565,2,874,0.0173,0.01897,1.0,0.0,0.0,,,-0.01,0.00966,0.00026,0.00422,0.0,0.0
1072,1097728,1.12228,375.0,0.0,0.0,0.34808,-0.001332,1.9e-05,0.001517,0.170927,0.016427,0.99971,5.727795,4.642342,5.719743,4.647552,4.0,0.00013549,1,878,0.01744,0.01828,1.0,0.0,0.0,,,-0.01,0.0099,0.00018,0.00425,0.0,0.0
1073,1098752,1.44551,375.0,0.0,0.0,0.388258,-0.003322,1.9e-05,0.002609,0.255667,0.027065,0.99979,5.714166,4.638697,5.709927,4.640127,4.0,0.00013534,5,860,0.0226,0.02679,1.0,0.0,0.0,,,-0.01,0.00831,0.0002,0.00411,0.0,0.0
1074,1099776,1.12077,375.0,0.0,0.0,0.436377,-0.001302,1.1e-05,0.002258,0.252065,0.012835,0.999865,5.83047,4.52746,5.83159,4.525495,4.0,0.00013519,2,866,0.01604,0.01772,1.0,0.0,0.0,,,-0.01,0.00981,0.00026,0.00422,0.0,0.0
1075,1100800,1.53946,375.0,0.0,0.0,0.43986,-0.002348,9e-06,0.001763,0.265608,0.011509,0.999898,5.901475,4.518317,5.900416,4.516002,4.0,0.00013503,1,886,0.01562,0.01646,1.0,0.0,0.0,,,-0.01,0.01056,0.00026,0.00424,0.0,0.0
1076,1101824,1.53566,375.0,0.0,0.0,0.463466,-0.002108,3.1e-05,0.003627,0.310596,0.054339,0.999649,5.838765,4.54746,5.829322,4.548279,4.0,0.00013488,5,865,0.02162,0.02595,1.0,0.0,0.0,,,-0.01,0.00831,0.00022,0.00409,0.0,0.0
1077,1102848,1.63524,375.0,0.0,0.0,0.405486,-0.001512,3.3e-05,0.003919,0.210358,0.051479,0.999579,5.802489,4.561828,5.789086,4.557614,4.0,0.00013473,2,886,0.01618,0.01786,1.0,0.0,0.0,,,-0.01,0.0095,0.00025,0.0042,0.0,0.0
1078,1103872,1.60951,375.0,0.0,0.0,0.368535,-0.001355,1.3e-05,0.002606,0.197232,0.035261,0.999845,5.823393,4.580217,5.821479,4.577547,4.0,0.00013457,1,810,0.01423,0.01507,1.0,0.0,0.0,,,-0.01,0.01013,0.00023,0.00425,0.0,0.0
1079,1104896,1.25499,375.0,0.0,0.0,0.400864,-0.002157,2.4e-05,0.003417,0.340925,0.050537,0.999734,5.782939,4.571608,5.786474,4.570746,4.0,0.00013442,5,828,0.0233,0.02693,1.0,0.0,0.0,,,-0.01,0.00847,0.00021,0.00405,0.0,0.0
1080,1105920,1.63783,375.0,0.0,0.0,0.376837,-0.00289,2.3e-05,0.002795,0.286619,0.033761,0.999705,5.744959,4.540714,5.750355,4.547998,4.0,0.00013427,2,843,0.01702,0.01869,1.0,0.0,0.0,,,-0.01,0.01009,0.00028,0.00422,0.0,0.0
1081,1106944,1.48074,375.0,0.0,0.0,0.366646,-0.002069,1.8e-05,0.002413,0.260556,0.030273,0.999783,5.729622,4.574327,5.726292,4.580961,4.0,0.00013411,1,844,0.01549,0.01632,1.0,0.0,0.0,,,-0.01,0.01045,0.00027,0.00425,0.0,0.0
1082,1107968,1.58313,375.0,0.0,0.0,0.405402,-0.001077,1.9e-05,0.001642,0.19186,0.017125,0.999776,5.673748,4.575788,5.675054,4.571903,4.0,0.00013396,5,753,0.02511,0.0293,1.0,0.0,0.0,,,-0.01,0.0077,0.00022,0.00411,0.0,0.0
1083,1108992,1.11764,375.0,0.0,0.0,0.36439,-0.001986,1.9e-05,0.001371,0.211504,0.014404,0.999775,5.751338,4.551048,5.744229,4.559833,4.0,0.0001338,2,832,0.02539,0.02706,1.0,0.0,0.0,,,-0.01,0.01004,-9e-05,0.00422,0.0,0.0
1084,1110016,1.49083,375.0,0.0,0.0,0.359808,-0.002628,1.2e-05,0.006947,0.283048,0.094866,0.999856,5.794662,4.5695,5.79331,4.573609,4.0,0.00013365,1,837,0.01618,0.01702,1.0,0.0,0.0,,,-0.01,0.01073,3e-05,0.00425,0.0,0.0
1085,1111040,1.39814,375.0,0.0,0.0,0.422034,-0.001097,2.4e-05,0.002712,0.25981,0.025774,0.999727,5.72903,4.584278,5.731296,4.581054,4.0,0.0001335,6,829,0.01688,0.0219,1.0,0.0,0.0,,,-0.01,0.0084,0.00019,0.00403,0.0,0.0
1086,1112064,1.69022,375.0,0.0,0.0,0.423394,-0.000545,1.5e-05,0.001806,0.24672,0.012416,0.999825,5.786692,4.53274,5.789083,4.541166,4.0,0.00013334,1,772,0.01283,0.01367,1.0,0.0,0.0,,,-0.01,0.01021,0.00024,0.00425,0.0,0.0
1087,1113088,1.70733,375.0,0.0,0.0,0.418553,-0.000357,8e-06,0.001944,0.227996,0.024205,0.99991,5.767437,4.580721,5.770717,4.584666,4.0,0.00013319,1,838,0.01032,0.01116,1.0,0.0,0.0,,,-0.01,0.01081,0.00021,0.00425,0.0,0.0
1088,1114112,1.50571,375.0,0.0,0.0,0.453843,-0.003195,1.3e-05,0.00501,0.40538,0.073312,0.999875,5.744471,4.648205,5.746607,4.648187,4.0,0.00013304,6,820,0.018,0.02302,1.0,0.0,0.0,,,-0.01,0.00833,0.00023,0.00405,0.0,0.0
1089,1115136,1.75948,375.0,0.0,0.0,0.438227,-0.001895,8e-06,0.002457,0.330324,0.015102,0.999931,5.786668,4.623903,5.791148,4.629148,4.0,0.00013288,1,833,0.01186,0.0127,1.0,0.0,0.0,,,-0.01,0.01076,0.00026,0.00425,0.0,0.0
1090,1116160,1.74152,375.0,0.0,0.0,0.454465,-0.001154,8e-06,0.001917,0.240036,0.010045,0.999921,5.767343,4.63584,5.76994,4.637169,4.0,0.00013273,2,838,0.01186,0.01353,1.0,0.0,0.0,,,-0.01,0.01074,0.00019,0.0042,0.0,0.0
1091,1117184,1.54318,375.0,0.0,0.0,0.389198,-0.002524,2.8e-05,0.002387,0.315784,0.033029,0.999684,5.70142,4.592377,5.698741,4.587842,4.0,0.00013258,5,871,0.01493,0.01911,1.0,0.0,0.0,,,-0.01,0.00728,0.00023,0.00411,0.0,0.0
1092,1118208,1.71476,375.0,0.0,0.0,0.334504,-0.001102,2.5e-05,0.001841,0.301814,0.027623,0.999715,5.754535,4.549038,5.74884,4.544317,4.0,0.00013242,1,876,0.01507,0.01604,1.0,0.0,0.0,,,-0.01,0.01033,0.00027,0.00425,0.0,0.0
1093,1119232,1.53023,375.0,0.0,0.0,0.352913,-0.001246,2e-05,0.002808,0.364754,0.035645,0.999771,5.703778,4.595094,5.701125,4.591991,4.0,0.00013227,4,878,0.01842,0.02134,1.0,0.0,0.0,,,-0.01,0.01024,0.00015,0.00412,0.0,0.0
1094,1120256,1.12228,375.0,0.0,0.0,0.399816,-0.001707,1.6e-05,0.003324,0.301239,0.036307,0.999818,5.697622,4.561265,5.699153,4.560527,4.0,0.00013212,3,838,0.02288,0.02581,1.0,0.0,0.0,,,-0.01,0.00777,0.00012,0.00421,0.0,0.0
1095,1121280,1.54534,375.0,0.0,0.0,0.402879,-0.001573,8e-06,0.002172,0.309394,0.02281,0.999931,5.768205,4.539262,5.772124,4.541682,4.0,0.00013196,1,891,0.01521,0.01604,1.0,0.0,0.0,,,-0.01,0.01087,0.0002,0.00425,0.0,0.0
1096,1122304,1.43176,375.0,0.0,0.0,0.444572,-0.000772,1.3e-05,0.002727,0.286026,0.018799,0.999854,5.752946,4.580707,5.753408,4.582561,4.0,0.00013181,4,869,0.01367,0.01716,1.0,0.0,0.0,,,-0.01,0.0096,0.00022,0.00414,0.0,0.0
1097,1123328,1.59875,375.0,0.0,0.0,0.421859,-0.001512,2.3e-05,0.002269,0.172837,0.015276,0.999721,5.681913,4.594252,5.680012,4.595325,4.0,0.00013165,3,882,0.01437,0.01716,1.0,0.0,0.0,,,-0.01,0.00893,0.00024,0.00416,0.0,0.0
1098,1124352,1.70165,375.0,0.0,0.0,0.378385,-0.001229,1.1e-05,0.002278,0.213818,0.013009,0.999858,5.695205,4.609889,5.69631,4.611853,4.0,0.0001315,2,854,0.01437,0.01562,1.0,0.0,0.0,,,-0.01,0.01046,0.00025,0.0042,0.0,0.0
1099,1125376,1.64092,375.0,0.0,0.0,0.375622,-0.002475,1.6e-05,0.003111,0.417,0.034842,0.999815,5.665954,4.600708,5.668143,4.598837,4.0,0.00013135,3,872,0.0166,0.01967,1.0,0.0,0.0,,,-0.01,0.0089,0.00025,0.00418,0.0,0.0
1100,1126400,1.3442,375.0,0.0,0.0,0.432055,-0.002613,1.2e-05,0.00359,0.322277,0.038156,0.99987,5.726127,4.586046,5.733074,4.590155,4.0,0.00013119,3,869,0.02246,0.02497,1.0,0.0,0.0,,,-0.01,0.00963,0.00024,0.00418,0.0,0.0
1101,1127424,1.42153,375.0,0.0,0.0,0.399073,-0.003204,1.6e-05,0.004241,0.247523,0.050711,0.999822,5.771928,4.61814,5.778217,4.621274,4.0,0.00013104,2,892,0.01688,0.01855,1.0,0.0,0.0,,,-0.01,0.01069,0.00022,0.00422,0.0,0.0
1102,1128448,1.68613,375.0,0.0,0.0,0.381545,-0.002167,1.5e-05,0.002724,0.283338,0.036761,0.999877,5.817249,4.66178,5.828015,4.66247,4.0,0.00013089,4,863,0.01381,0.0166,1.0,0.0,0.0,,,-0.01,0.00922,0.00017,0.00413,0.0,0.0
1103,1129472,1.6431,375.0,0.0,0.0,0.424644,-0.002105,1.6e-05,0.003374,0.296166,0.041888,0.999897,5.7984,4.597808,5.80569,4.600161,4.0,0.00013073,2,872,0.01604,0.01814,1.0,0.0,0.0,,,-0.01,0.00973,0.00025,0.00422,0.0,0.0
1104,1130496,1.51063,375.0,0.0,0.0,0.403363,-0.001608,1.9e-05,0.003698,0.346491,0.050816,0.999904,5.885218,4.606903,5.891725,4.612224,4.0,0.00013058,2,878,0.01325,0.01493,1.0,0.0,0.0,,,-0.01,0.01041,0.00029,0.0042,0.0,0.0
1105,1131520,1.59106,375.0,0.0,0.0,0.375319,-0.00248,1.1e-05,0.002332,0.2762,0.024763,0.999927,5.862499,4.627391,5.865462,4.62969,4.0,0.00013043,4,889,0.0166,0.01995,1.0,0.0,0.0,,,-0.01,0.00949,0.00023,0.00415,0.0,0.0
1106,1132544,1.66218,375.0,0.0,0.0,0.35847,-0.000808,1.1e-05,0.001733,0.242692,0.014404,0.999937,5.889997,4.614092,5.899243,4.621873,4.0,0.00013027,2,887,0.01842,0.02009,1.0,0.0,0.0,,,-0.01,0.01005,0.00033,0.00422,0.0,0.0
1107,1133568,1.57924,375.0,0.0,0.0,0.365776,-0.001846,1.2e-05,0.001465,0.206272,0.017125,0.999869,5.908391,4.654363,5.914776,4.660092,4.0,0.00013012,2,858,0.01367,0.01507,1.0,0.0,0.0,,,-0.01,0.0107,0.00023,0.00414,0.0,0.0
1108,1134592,1.765,375.0,0.0,0.0,0.398928,-0.002413,1.7e-05,0.001176,0.191136,0.013672,0.99981,5.792569,4.70329,5.795878,4.70616,4.0,0.00012996,4,869,0.01702,0.02037,1.0,0.0,0.0,,,-0.01,0.00941,0.00023,0.00413,0.0,0.0
1109,1135616,1.74272,375.0,0.0,0.0,0.362667,-0.00258,1.5e-05,0.002287,0.311093,0.031982,0.999836,5.770923,4.686002,5.768426,4.690271,4.0,0.00012981,3,886,0.01521,0.01674,1.0,0.0,0.0,,,-0.01,0.0092,0.00027,0.0041,0.0,0.0
1110,1136640,0.62381,375.0,0.0,0.0,0.344263,-0.001135,1.2e-05,0.0009,0.269233,0.008196,0.999869,5.807209,4.701889,5.812658,4.705089,4.0,0.00012966,1,891,0.01409,0.01549,1.0,0.0,0.0,,,-0.01,0.00982,0.0002,0.00425,0.0,0.0
1111,1137664,1.38899,375.0,0.0,0.0,0.389811,-0.001841,1.7e-05,0.001823,0.308404,0.022879,0.999817,5.864187,4.702234,5.856532,4.696974,4.0,0.0001295,5,842,0.02539,0.02916,1.0,0.0,0.0,,,-0.01,0.0088,0.00015,0.00406,0.0,0.0
1112,1138688,1.62311,375.0,0.0,0.0,0.405714,-0.001199,2.8e-05,0.001904,0.210697,0.022252,0.999698,5.792073,4.694436,5.782926,4.692037,4.0,0.00012935,2,878,0.01925,0.02121,1.0,0.0,0.0,,,-0.01,0.00959,0.00018,0.00424,0.0,0.0
1113,1139712,1.10437,375.0,0.0,0.0,0.383135,-0.000311,2.9e-05,0.000789,0.235028,0.006627,0.999701,5.751119,4.752876,5.740928,4.755473,4.0,0.0001292,1,864,0.01632,0.01716,1.0,0.0,0.0,,,-0.01,0.00987,0.00021,0.00425,0.0,0.0
1114,1140736,1.24058,375.0,0.0,0.0,0.411431,-0.001834,3.1e-05,0.001199,0.255083,0.011823,0.999658,5.660996,4.816295,5.651554,4.821746,4.0,0.00012904,5,831,0.02246,0.02595,1.0,0.0,0.0,,,-0.01,0.00737,0.00016,0.004,0.0,0.0
1115,1141760,1.57734,375.0,0.0,0.0,0.390244,-0.002458,3.2e-05,0.002769,0.383726,0.034738,0.999646,5.734501,4.680539,5.722701,4.691983,4.0,0.00012889,2,855,0.02148,0.02232,1.0,0.0,0.0,,,-0.01,0.00879,0.0002,0.00406,0.0,0.0
1116,1142784,-0.20878,375.0,0.0,0.0,0.373781,-0.001747,2.2e-05,0.002882,0.401095,0.044747,0.999762,5.740494,4.637154,5.736542,4.638539,4.0,0.00012874,1,882,0.01646,0.01716,1.0,0.0,0.0,,,-0.01,0.00983,0.00018,0.00424,0.0,0.0
1117,1143808,1.40895,375.0,0.0,0.0,0.391534,-0.001687,1.3e-05,0.00244,0.276849,0.018869,0.99987,5.732314,4.681836,5.733787,4.677875,4.0,0.00012858,5,875,0.02121,0.02525,1.0,0.0,0.0,,,-0.01,0.00862,0.00015,0.0041,0.0,0.0
1118,1144832,1.16239,375.0,0.0,0.0,0.342634,-0.002547,9e-06,0.002861,0.292951,0.044713,0.999907,5.785918,4.67828,5.789849,4.682209,4.0,0.00012843,2,877,0.01214,0.01395,1.0,0.0,0.0,,,-0.01,0.01055,0.0002,0.00421,0.0,0.0
1119,1145856,1.77568,375.0,0.0,0.0,0.334416,-0.001529,6e-06,0.002319,0.26571,0.026332,0.999943,5.817402,4.696113,5.819776,4.699342,4.0,0.00012828,1,863,0.01186,0.0127,1.0,0.0,0.0,,,-0.01,0.01105,0.00024,0.00425,0.0,0.0
1120,1146880,1.73632,375.0,0.0,0.0,0.37092,-0.001146,1.8e-05,0.001866,0.251933,0.031006,0.999815,5.767685,4.683422,5.768577,4.68888,4.0,0.00012812,5,865,0.01828,0.02246,1.0,0.0,0.0,,,-0.01,0.0087,0.00022,0.00411,0.0,0.0
1121,1147904,1.55593,375.0,0.0,0.0,0.366477,-0.001504,1.8e-05,0.001629,0.241575,0.019915,0.999808,5.74541,4.693442,5.741131,4.704308,4.0,0.00012797,2,875,0.01395,0.01576,1.0,0.0,0.0,,,-0.01,0.01025,0.00025,0.00421,0.0,0.0
1122,1148928,1.63878,375.0,0.0,0.0,0.378656,-0.001171,2.8e-05,0.002051,0.213084,0.026193,0.999729,5.728333,4.731306,5.722163,4.729222,4.0,0.00012781,1,885,0.01186,0.0127,1.0,0.0,0.0,,,-0.01,0.01039,0.00028,0.00425,0.0,0.0
1123,1149952,1.60119,375.0,0.0,0.0,0.388078,-0.001605,4.1e-05,0.001794,0.275531,0.023368,0.999748,5.747551,4.706441,5.751774,4.707872,4.0,0.00012766,5,876,0.02176,0.02567,1.0,0.0,0.0,,,-0.01,0.0086,0.00018,0.00408,0.0,0.0
1124,1150976,1.26319,375.0,0.0,0.0,0.377664,-0.001997,2.9e-05,0.002758,0.278694,0.038818,0.999696,5.829381,4.630977,5.819757,4.628007,4.0,0.00012751,2,870,0.02762,0.0293,1.0,0.0,0.0,,,-0.01,0.01027,5e-05,0.00422,0.0,0.0
1125,1152000,1.74467,375.0,0.0,0.0,0.368519,-0.001947,3.1e-05,0.000987,0.264928,0.007882,0.999629,5.820612,4.675671,5.812009,4.675152,4.0,0.00012735,1,890,0.02595,0.02679,1.0,0.0,0.0,,,-0.01,0.01031,-6e-05,0.00425,0.0,0.0
1126,1153024,1.42545,375.0,0.0,0.0,0.387635,-0.00174,3.2e-05,0.001071,0.20633,0.009068,0.999667,5.813208,4.716834,5.810426,4.714286,4.0,0.0001272,6,872,0.02679,0.03181,1.0,0.0,0.0,,,-0.01,0.00865,9e-05,0.00406,0.0,0.0
1127,1154048,1.61259,375.0,0.0,0.0,0.310077,-0.000941,1.5e-05,0.001433,0.206216,0.013811,0.999866,5.856596,4.726717,5.862462,4.735567,4.0,0.00012705,1,886,0.01772,0.01855,1.0,0.0,0.0,,,-0.01,0.01027,0.00022,0.00425,0.0,0.0
1128,1155072,1.52343,375.0,0.0,0.0,0.310337,-0.002802,1.1e-05,0.001855,0.279869,0.026681,0.999897,5.903619,4.75544,5.904129,4.765958,4.0,0.00012689,1,825,0.01409,0.01465,1.0,0.0,0.0,,,-0.01,0.01102,0.00022,0.00422,0.0,0.0
1129,1156096,1.63348,375.0,0.0,0.0,0.379992,-0.000506,1.5e-05,0.001982,0.326821,0.027274,0.999845,5.920143,4.740036,5.922251,4.739407,4.0,0.00012674,6,850,0.01758,0.02218,1.0,0.0,0.0,,,-0.01,0.00783,0.00024,0.00403,0.0,0.0
1130,1157120,1.7595,375.0,0.0,0.0,0.383552,-0.000823,1.5e-05,0.001792,0.251078,0.01995,0.999836,5.95653,4.667764,5.946553,4.665274,4.0,0.00012659,1,882,0.01144,0.01242,1.0,0.0,0.0,,,-0.01,0.01043,0.00022,0.00425,0.0,0.0
1131,1158144,1.55937,375.0,0.0,0.0,0.418803,-0.00192,1.5e-05,0.002168,0.27942,0.024902,0.999842,5.909271,4.70888,5.901443,4.703324,4.0,0.00012643,2,877,0.01395,0.01535,1.0,0.0,0.0,,,-0.01,0.01017,0.00022,0.00418,0.0,0.0
1132,1159168,1.31343,375.0,0.0,0.0,0.456454,-0.001473,1.9e-05,0.003628,0.375384,0.0482,0.999806,5.780449,4.750947,5.771996,4.748917,4.0,0.00012628,5,836,0.01632,0.02065,1.0,0.0,0.0,,,-0.01,0.00775,0.00024,0.00413,0.0,0.0
1133,1160192,1.83247,375.0,0.0,0.0,0.435903,-0.001239,1.1e-05,0.003227,0.286714,0.042794,0.999887,5.80922,4.798778,5.803554,4.801518,4.0,0.00012612,1,805,0.01395,0.01479,1.0,0.0,0.0,,,-0.01,0.01048,0.00022,0.00423,0.0,0.0
1134,1161216,1.45367,375.0,0.0,0.0,0.422951,-0.002574,1e-05,0.002559,0.268238,0.03125,0.999905,5.80573,4.835148,5.80605,4.837504,4.0,0.00012597,4,860,0.01562,0.018,1.0,0.0,0.0,,,-0.01,0.01034,0.00028,0.00412,0.0,0.0
1135,1162240,1.56249,375.0,0.0,0.0,0.450635,-0.001712,1.8e-05,0.001473,0.260482,0.011021,0.999815,5.879857,4.747056,5.87386,4.746907,4.0,0.00012582,3,827,0.0233,0.02665,1.0,0.0,0.0,,,-0.01,0.00808,0.00022,0.00419,0.0,0.0
1136,1163264,1.69622,375.0,0.0,0.0,0.373906,-0.001842,1.1e-05,0.001788,0.235511,0.013079,0.999877,5.920517,4.705359,5.916636,4.705273,4.0,0.00012566,1,784,0.012,0.01283,1.0,0.0,0.0,,,-0.01,0.01072,0.00021,0.00425,0.0,0.0
1137,1164288,1.56496,375.0,0.0,0.0,0.389251,-0.002406,2.1e-05,0.002086,0.261263,0.029157,0.999772,5.830688,4.78316,5.819695,4.792719,4.0,0.00012551,4,798,0.01953,0.02288,1.0,0.0,0.0,,,-0.01,0.00991,3e-05,0.00415,0.0,0.0
1138,1165312,1.39625,375.0,0.0,0.0,0.369173,-0.001019,3.9e-05,0.000738,0.162391,0.007847,0.999487,5.848176,4.769049,5.839025,4.783322,4.0,0.00012536,3,825,0.03111,0.03348,1.0,0.0,0.0,,,-0.01,0.00839,-0.00024,0.00417,0.0,0.0
1139,1166336,0.88363,375.0,0.0,0.0,0.318648,-0.001289,2.5e-05,0.002593,0.21201,0.039446,0.999652,5.860698,4.768441,5.849019,4.785578,4.0,0.0001252,2,832,0.02079,0.02162,1.0,0.0,0.0,,,-0.01,0.01069,-0.00021,0.00425,0.0,0.0
1140,1167360,1.48547,375.0,0.0,0.0,0.279796,-0.00171,1.6e-05,0.001551,0.227135,0.019008,0.99983,5.883612,4.727206,5.885723,4.721628,4.0,0.00012505,3,764,0.01144,0.01493,1.0,0.0,0.0,,,-0.01,0.0092,0.00025,0.00411,0.0,0.0
1141,1168384,1.75687,375.0,0.0,0.0,0.355879,-0.002121,1e-05,0.001469,0.250518,0.018624,0.999893,5.897096,4.702436,5.893443,4.703046,4.0,0.0001249,3,802,0.01423,0.01646,1.0,0.0,0.0,,,-0.01,0.00938,0.00023,0.00415,0.0,0.0
1142,1169408,1.46827,375.0,0.0,0.0,0.335802,-0.003317,1.5e-05,0.004004,0.256715,0.0384,0.999828,5.897852,4.722662,5.900415,4.72163,4.0,0.00012474,2,815,0.01144,0.01311,1.0,0.0,0.0,,,-0.01,0.0108,0.00016,0.00422,0.0,0.0
1143,1170432,1.48893,375.0,0.0,0.0,0.320961,-0.001559,1.6e-05,0.00159,0.257866,0.020612,0.999835,5.876585,4.708204,5.86911,4.705186,4.0,0.00012459,4,826,0.01562,0.018,1.0,0.0,0.0,,,-0.01,0.00888,0.00022,0.00415,0.0,0.0
1144,1171456,1.69837,375.0,0.0,0.0,0.33588,-0.001621,2.3e-05,0.000853,0.312059,0.010812,0.99974,5.800159,4.634143,5.802025,4.639186,4.0,0.00012444,2,757,0.01521,0.01772,1.0,0.0,0.0,,,-0.01,0.00999,0.00023,0.00418,0.0,0.0
1145,1172480,1.53476,375.0,0.0,0.0,0.346118,-0.001381,1.6e-05,0.00128,0.349116,0.013253,0.999846,5.782185,4.720694,5.779018,4.724121,4.0,0.00012428,2,845,0.01674,0.01842,1.0,0.0,0.0,,,-0.01,0.01022,0.00023,0.00422,0.0,0.0
1146,1173504,1.50697,375.0,0.0,0.0,0.34204,-0.001551,2.3e-05,0.001813,0.277871,0.020891,0.999765,5.792015,4.75626,5.789375,4.763257,4.0,0.00012413,4,862,0.01814,0.02148,1.0,0.0,0.0,,,-0.01,0.00911,0.00027,0.00415,0.0,0.0
1147,1174528,1.46725,375.0,0.0,0.0,0.329071,-0.000841,2.2e-05,0.00125,0.251698,0.011998,0.999746,5.877635,4.695483,5.879111,4.693483,4.0,0.00012397,2,875,0.01897,0.02051,1.0,0.0,0.0,,,-0.01,0.00978,0.00024,0.0042,0.0,0.0
1148,1175552,1.7536,375.0,0.0,0.0,0.326404,-0.001392,1.5e-05,0.001351,0.301089,0.0128,0.99983,5.906168,4.68811,5.905489,4.691845,4.0,0.00012382,2,848,0.01674,0.01842,1.0,0.0,0.0,,,-0.01,0.0105,0.00018,0.00422,0.0,0.0
1149,1176576,1.39649,375.0,0.0,0.0,0.344217,-0.002787,2.2e-05,0.003463,0.301734,0.049561,0.999766,5.891688,4.727212,5.891758,4.725299,4.0,0.00012367,4,869,0.01828,0.02162,1.0,0.0,0.0,,,-0.01,0.00908,0.00026,0.00415,0.0,0.0
1150,1177600,1.79538,375.0,0.0,0.0,0.359154,-0.001886,2.7e-05,0.003119,0.30031,0.048654,0.999703,5.860404,4.720234,5.846729,4.718184,4.0,0.00012351,3,881,0.0166,0.01828,1.0,0.0,0.0,,,-0.01,0.00988,0.00028,0.00422,0.0,0.0
1151,1178624,1.77016,375.0,0.0,0.0,0.325416,-0.001744,2.3e-05,0.002979,0.285239,0.042376,0.999762,5.82653,4.764245,5.815982,4.755441,4.0,0.00012336,1,890,0.018,0.01967,1.0,0.0,0.0,,,-0.01,0.00954,0.0002,0.00422,0.0,0.0
1152,1179648,1.31834,375.0,0.0,0.0,0.345607,-0.002247,2.1e-05,0.002658,0.257622,0.032436,0.999785,5.776452,4.778131,5.774707,4.776005,4.0,0.00012321,5,835,0.02107,0.02469,1.0,0.0,0.0,,,-0.01,0.00881,0.00024,0.00409,0.0,0.0
1153,1180672,1.54849,375.0,0.0,0.0,0.361652,-0.001254,1.4e-05,0.002339,0.248349,0.028913,0.999851,5.859907,4.736574,5.861256,4.741404,4.0,0.00012305,2,877,0.01953,0.02148,1.0,0.0,0.0,,,-0.01,0.00985,0.00021,0.0042,0.0,0.0
1154,1181696,1.72044,375.0,0.0,0.0,0.360896,-0.001692,2e-05,0.001822,0.28281,0.023786,0.999802,5.875626,4.755916,5.867321,4.752283,4.0,0.0001229,1,873,0.01702,0.01786,1.0,0.0,0.0,,,-0.01,0.01,0.00027,0.00425,0.0,0.0
1155,1182720,1.48658,375.0,0.0,0.0,0.380887,-0.000432,1.9e-05,0.001153,0.263191,0.011509,0.999801,5.830462,4.739372,5.828959,4.73813,4.0,0.00012275,5,877,0.02441,0.0286,1.0,0.0,0.0,,,-0.01,0.00855,0.00022,0.00411,0.0,0.0
1156,1183744,1.52124,375.0,0.0,0.0,0.342161,-0.000808,1e-05,0.000755,0.224927,0.007743,0.999896,5.882713,4.667402,5.884627,4.668187,4.0,0.00012259,2,884,0.0166,0.01828,1.0,0.0,0.0,,,-0.01,0.01,0.00028,0.00422,0.0,0.0
1157,1184768,1.39547,375.0,0.0,0.0,0.325999,-0.001993,2.7e-05,0.001051,0.199815,0.009277,0.999715,5.874484,4.665152,5.868308,4.66104,4.0,0.00012244,1,876,0.0173,0.01618,1.0,0.0,0.0,,,-0.01,0.01035,0.00029,0.00404,0.0,0.0
1158,1185792,1.53558,375.0,0.0,0.0,0.348685,-0.002682,2.4e-05,0.00176,0.262771,0.025356,0.999769,5.771872,4.701016,5.768656,4.699827,4.0,0.00012228,5,864,0.02232,0.02665,1.0,0.0,0.0,,,-0.01,0.0085,0.00018,0.00409,0.0,0.0
1159,1186816,1.52185,375.0,0.0,0.0,0.339601,-0.001228,2.2e-05,0.001431,0.230492,0.017997,0.99977,5.749537,4.669018,5.751116,4.671619,4.0,0.00012213,2,882,0.01618,0.018,1.0,0.0,0.0,,,-0.01,0.00977,0.00024,0.00421,0.0,0.0
1160,1187840,1.12683,375.0,0.0,0.0,0.335077,-0.001677,1.4e-05,0.001512,0.222329,0.017404,0.999845,5.73795,4.678775,5.737694,4.678133,4.0,0.00012198,1,880,0.01842,0.01925,1.0,0.0,0.0,,,-0.01,0.01092,0.00018,0.00425,0.0,0.0
1161,1188864,1.57084,375.0,0.0,0.0,0.392568,-0.002227,2e-05,0.002014,0.301014,0.022531,0.999779,5.712414,4.683639,5.708705,4.677147,4.0,0.00012182,5,806,0.02609,0.02985,1.0,0.0,0.0,,,-0.01,0.00861,0.00012,0.00407,0.0,0.0
1162,1189888,1.58923,375.0,0.0,0.0,0.346589,-0.010241,0.001059,0.00243,0.358278,0.04042,0.987314,5.743089,4.640278,5.715364,4.610516,4.0,0.00012167,2,883,0.01792,0.01792,1.0,0.0,0.0,,,-0.01,0.01005,0.00017,0.004,-0.0005,0.0
1163,1190912,0.90066,375.0,0.0,0.0,0.379242,-0.001813,3e-05,0.002746,0.430805,0.032635,0.999862,5.930377,4.654263,5.934004,4.654552,4.0,0.00012152,1,889,0.01534,0.01605,1.0,0.0,0.0,,,-0.01,0.01066,0.0002,0.00431,0.0,0.0
1164,1191936,1.48897,375.0,0.0,0.0,0.380728,0.008925,4.4e-05,0.002489,0.818487,0.029377,0.99978,5.897457,4.70828,5.901449,4.70675,4.0,0.00012136,5,871,0.01753,0.02118,1.0,0.2,0.0,,,-0.01,0.00802,0.00021,0.00406,0.0,0.0
1165,1192960,1.3918,375.0,0.0,0.0,0.39859,-0.001411,4.1e-05,0.001663,0.236387,0.028495,0.99956,5.941289,4.751251,5.952049,4.739663,4.0,0.00012121,2,845,0.01981,0.02148,1.0,0.0,0.0,,,-0.01,0.01102,0.00021,0.00404,0.0,0.0
1166,1193984,1.36517,375.0,0.0,0.0,0.399909,-0.001838,1.4e-05,0.00149,0.255839,0.017753,0.999841,6.009209,4.768293,6.009939,4.763488,4.0,0.00012106,1,878,0.01897,0.01981,1.0,0.0,0.0,,,-0.01,0.01029,0.00022,0.00425,0.0,0.0
1167,1195008,1.55784,375.0,0.0,0.0,0.408496,-0.001839,2.3e-05,0.00173,0.269817,0.015904,0.999773,5.97013,4.792155,5.965306,4.794445,4.0,0.0001209,6,870,0.02497,0.02958,1.0,0.0,0.0,,,-0.01,0.00821,0.00016,0.00404,0.0,0.0
1168,1196032,1.36104,375.0,0.0,0.0,0.369466,-0.00152,1.8e-05,0.002446,0.266844,0.028146,0.999775,6.046813,4.764799,6.052901,4.766288,4.0,0.00012075,1,889,0.01828,0.01939,1.0,0.0,0.0,,,-0.01,0.0104,0.00028,0.00427,0.0,0.0
1169,1197056,1.85223,375.0,0.0,0.0,0.354851,-0.001619,9e-06,0.00157,0.254283,0.014753,0.999907,6.059326,4.772752,6.062935,4.771109,4.0,0.0001206,1,852,0.012,0.01283,1.0,0.0,0.0,,,-0.01,0.01083,0.00018,0.00425,0.0,0.0
1170,1198080,1.60371,375.0,0.0,0.0,0.405553,-0.002528,3.3e-05,0.002109,0.246542,0.033343,0.999679,5.944396,4.807647,5.941264,4.807621,4.0,0.00012044,6,864,0.02065,0.02567,1.0,0.0,0.0,,,-0.01,0.00823,0.00012,0.00408,0.0,0.0
1171,1199104,1.44772,375.0,0.0,0.0,0.382072,-0.001234,1.6e-05,0.002354,0.226249,0.035679,0.999845,5.975283,4.815305,5.973835,4.808513,4.0,0.00012029,1,883,0.01242,0.01325,1.0,0.0,0.0,,,-0.01,0.01013,0.00024,0.00425,0.0,0.0
1172,1200128,1.46696,375.0,0.0,0.0,0.405486,-0.002237,1e-05,0.003896,0.304018,0.049595,0.999897,6.004287,4.839864,6.003834,4.835962,4.0,0.00012013,2,887,0.01158,0.0127,1.0,0.0,0.0,,,-0.01,0.01051,0.0002,0.00417,0.0,0.0
1173,1201152,1.45356,375.0,0.0,0.0,0.431988,-0.001919,2.5e-05,0.001789,0.24908,0.016113,0.999748,5.934951,4.811635,5.94104,4.815788,4.0,0.00011998,5,873,0.01953,0.024,1.0,0.0,0.0,,,-0.01,0.00832,0.0002,0.00412,0.0,0.0
1174,1202176,1.58438,375.0,0.0,0.0,0.406138,-0.001751,1e-05,0.002066,0.300896,0.026542,0.999898,5.978316,4.825798,5.97729,4.826472,4.0,0.00011983,1,867,0.01479,0.01562,1.0,0.0,0.0,,,-0.01,0.01014,0.00033,0.00425,0.0,0.0
1175,1203200,1.48224,375.0,0.0,0.0,0.384144,-0.001049,1.1e-05,0.001194,0.209138,0.009208,0.999886,5.968299,4.885135,5.961471,4.889596,4.0,0.00011967,3,881,0.0166,0.01869,1.0,0.0,0.0,,,-0.01,0.0106,0.00021,0.00415,0.0,0.0
1176,1204224,1.42965,375.0,0.0,0.0,0.409003,-0.002647,1.7e-05,0.003094,0.288907,0.049944,0.999833,5.939101,4.853974,5.938965,4.853782,4.0,0.00011952,4,878,0.02511,0.02832,1.0,0.0,0.0,,,-0.01,0.00764,0.00019,0.00411,0.0,0.0
1177,1205248,1.73648,375.0,0.0,0.0,0.399536,-0.00225,1e-05,0.002154,0.31852,0.025705,0.999897,6.008687,4.818081,6.003702,4.820654,4.0,0.00011937,1,889,0.02121,0.02218,1.0,0.0,0.0,,,-0.01,0.01047,0.00015,0.00425,0.0,0.0
1178,1206272,1.51239,375.0,0.0,0.0,0.396412,-0.001186,1.7e-05,0.002507,0.322953,0.037005,0.999835,6.034073,4.801544,6.034846,4.797573,4.0,0.00011921,4,846,0.01953,0.02274,1.0,0.0,0.0,,,-0.01,0.01017,0.00024,0.00413,0.0,0.0
1179,1207296,1.49212,375.0,0.0,0.0,0.416479,-0.001339,2.6e-05,0.001689,0.27312,0.01859,0.999751,5.989549,4.767144,5.985528,4.765853,4.0,0.00011906,3,868,0.02023,0.02232,1.0,0.0,0.0,,,-0.01,0.00827,0.00023,0.00412,0.0,0.0
1180,1208320,1.64967,375.0,0.0,0.0,0.345271,-0.002979,2.3e-05,0.00204,0.337335,0.029785,0.999729,5.978759,4.803821,5.971105,4.811606,4.0,0.00011891,1,891,0.02246,0.0233,1.0,0.0,0.0,,,-0.01,0.01058,4e-05,0.00425,0.0,0.0
1181,1209344,1.46197,375.0,0.0,0.0,0.3531,-0.002159,2.4e-05,0.002042,0.290576,0.02546,0.999738,5.929721,4.861232,5.925111,4.861353,4.0,0.00011875,4,881,0.02441,0.0272,1.0,0.0,0.0,,,-0.01,0.00934,1e-05,0.00408,0.0,0.0
1182,1210368,1.18777,375.0,0.0,0.0,0.34296,-0.001311,2.9e-05,0.001058,0.274084,0.009382,0.999683,5.869076,4.837157,5.866526,4.842438,4.0,0.0001186,3,846,0.02581,0.0279,1.0,0.0,0.0,,,-0.01,0.00867,6e-05,0.00414,0.0,0.0
1183,1211392,1.55274,375.0,0.0,0.0,0.309403,-0.000749,1.3e-05,0.00131,0.382347,0.015485,0.99986,5.956982,4.798745,5.955125,4.794207,4.0,0.00011844,2,888,0.01716,0.01883,1.0,0.0,0.0,,,-0.01,0.01057,0.00019,0.00422,0.0,0.0
1184,1212416,1.31752,375.0,0.0,0.0,0.309578,-0.002137,1.5e-05,0.00173,0.277148,0.025112,0.999842,5.982659,4.807458,5.982938,4.803324,4.0,0.00011829,3,886,0.01339,0.0159,1.0,0.0,0.0,,,-0.01,0.00891,0.00018,0.00418,0.0,0.0
1185,1213440,1.45252,375.0,0.0,0.0,0.319876,-0.000917,2.2e-05,0.001419,0.241968,0.016532,0.999759,6.044272,4.708823,6.042141,4.700043,4.0,0.00011814,3,885,0.02246,0.02497,1.0,0.0,0.0,,,-0.01,0.0095,0.00021,0.00418,0.0,0.0
1186,1214464,1.77235,375.0,0.0,0.0,0.297651,-0.001003,2.3e-05,0.001119,0.226794,0.012312,0.99975,6.062587,4.718086,6.055324,4.710869,4.0,0.00011798,2,852,0.01674,0.01772,1.0,0.0,0.0,,,-0.01,0.0101,0.00025,0.00414,0.0,0.0
1187,1215488,1.29645,375.0,0.0,0.0,0.31649,-0.002438,2.6e-05,0.001364,0.253875,0.019113,0.99974,6.001505,4.739736,5.996483,4.742276,4.0,0.00011783,4,856,0.01995,0.02288,1.0,0.0,0.0,,,-0.01,0.00939,0.00019,0.0041,0.0,0.0
1188,1216512,1.69869,375.0,0.0,0.0,0.267647,-0.001564,2.2e-05,0.001713,0.222324,0.01981,0.999763,5.985883,4.709867,5.988139,4.716246,4.0,0.00011768,2,891,0.018,0.01953,1.0,0.0,0.0,,,-0.01,0.00969,0.00026,0.00418,0.0,0.0
1189,1217536,1.57635,375.0,0.0,0.0,0.264083,-0.00145,1.5e-05,0.001056,0.209435,0.014683,0.99984,5.982177,4.736979,5.982069,4.740539,4.0,0.00011752,2,898,0.01507,0.01674,1.0,0.0,0.0,,,-0.01,0.01043,0.00024,0.00422,0.0,0.0
1190,1218560,1.69289,375.0,0.0,0.0,0.300308,-0.00276,1.5e-05,0.002374,0.31841,0.034284,0.999852,5.956188,4.773871,5.948941,4.766478,4.0,0.00011737,4,883,0.01897,0.02176,1.0,0.0,0.0,,,-0.01,0.00909,0.00017,0.00408,0.0,0.0
1191,1219584,1.41697,375.0,0.0,0.0,0.34076,-0.002531,1e-05,0.002053,0.297968,0.030971,0.999901,5.942216,4.749022,5.933987,4.748477,4.0,0.00011722,2,852,0.02121,0.02288,1.0,0.0,0.0,,,-0.01,0.00941,0.00012,0.00422,0.0,0.0
1192,1220608,1.62851,375.0,0.0,0.0,0.3594,-0.002037,1.5e-05,0.002609,0.25794,0.038295,0.999814,5.906853,4.837746,5.900726,4.835566,4.0,0.00011706,2,884,0.01549,0.01716,1.0,0.0,0.0,,,-0.01,0.01009,0.00017,0.00422,0.0,0.0
1193,1221632,1.35232,375.0,0.0,0.0,0.368257,-0.002753,1.7e-05,0.002102,0.310378,0.02546,0.999847,5.865873,4.865591,5.862866,4.861655,4.0,0.00011691,5,880,0.01507,0.01842,1.0,0.0,0.0,,,-0.01,0.00886,0.00021,0.00413,0.0,0.0
1194,1222656,1.61768,375.0,0.0,0.0,0.366164,-0.002151,1.4e-05,0.002266,0.320383,0.039586,0.999853,5.83061,4.81578,5.824702,4.815261,4.0,0.00011676,2,868,0.01772,0.02023,1.0,0.0,0.0,,,-0.01,0.00955,0.0002,0.00418,0.0,0.0
1195,1223680,1.44033,375.0,0.0,0.0,0.333959,-0.001201,1.4e-05,0.001071,0.211477,0.012347,0.999844,5.912467,4.784916,5.91241,4.785074,4.0,0.0001166,1,784,0.01242,0.01325,1.0,0.0,0.0,,,-0.01,0.01003,0.00019,0.00425,0.0,0.0
1196,1224704,1.28027,375.0,0.0,0.0,0.350822,-0.00222,2.5e-05,0.001617,0.329758,0.024972,0.999752,5.879887,4.798173,5.867922,4.792426,4.0,0.00011645,5,862,0.02134,0.02469,1.0,0.0,0.0,,,-0.01,0.00865,0.00021,0.00397,0.0,0.0
1197,1225728,1.77857,375.0,0.0,0.0,0.346832,-0.001577,1.9e-05,0.001636,0.273682,0.021729,0.999791,5.887258,4.744661,5.888151,4.743852,4.0,0.00011629,2,878,0.01618,0.01786,1.0,0.0,0.0,,,-0.01,0.00966,0.00032,0.00422,0.0,0.0
1198,1226752,1.64608,375.0,0.0,0.0,0.350342,-0.001219,1.1e-05,0.001721,0.289381,0.020229,0.999881,5.909364,4.752669,5.902516,4.7511,4.0,0.00011614,1,891,0.01716,0.018,1.0,0.0,0.0,,,-0.01,0.00992,0.00026,0.00425,0.0,0.0
1199,1227776,1.25359,375.0,0.0,0.0,0.330998,-0.002755,2.6e-05,0.002211,0.262493,0.030657,0.999746,5.933645,4.752398,5.93512,4.749998,4.0,0.00011599,5,831,0.02107,0.02441,1.0,0.0,0.0,,,-0.01,0.00865,0.00021,0.00386,0.0,0.0
1200,1228800,1.61288,375.0,0.0,0.0,0.294934,-0.002262,1.4e-05,0.00211,0.253719,0.029994,0.999854,5.962068,4.749127,5.954099,4.755515,4.0,0.00011583,2,867,0.02176,0.02344,1.0,0.0,0.0,,,-0.01,0.01021,0.00017,0.00422,0.0,0.0
1201,1229824,1.74547,375.0,0.0,0.0,0.270016,-0.001125,1.2e-05,0.001077,0.274297,0.01409,0.999883,5.945515,4.806863,5.941575,4.815271,4.0,0.00011568,1,877,0.01409,0.01493,1.0,0.0,0.0,,,-0.01,0.01059,0.00025,0.00425,0.0,0.0
1202,1230848,1.54973,375.0,0.0,0.0,0.348789,-0.002465,3.1e-05,0.001918,0.349796,0.029611,0.999714,5.800445,4.871372,5.782166,4.881781,4.0,0.00011553,5,853,0.0226,0.02679,1.0,0.0,0.0,,,-0.01,0.00854,0.00015,0.00411,0.0,0.0
1203,1231872,1.36364,375.0,0.0,0.0,0.34898,-0.001233,1.8e-05,0.000907,0.241289,0.008161,0.999808,5.756416,4.858531,5.746915,4.869757,4.0,0.00011537,2,845,0.01953,0.02121,1.0,0.0,0.0,,,-0.01,0.00952,0.00025,0.00422,0.0,0.0
1204,1232896,1.88413,375.0,0.0,0.0,0.348287,-0.000947,2.4e-05,0.001921,0.265537,0.01838,0.999765,5.737535,4.900055,5.717173,4.906078,4.0,0.00011522,1,871,0.01521,0.01604,1.0,0.0,0.0,,,-0.01,0.00979,0.00016,0.0042,0.0,0.0
1205,1233920,1.16477,375.0,0.0,0.0,0.330039,-0.002109,3.8e-05,0.002657,0.25906,0.036342,0.999616,5.765779,4.829361,5.754838,4.81584,4.0,0.00011507,5,867,0.02623,0.03055,1.0,0.0,0.0,,,-0.01,0.00732,0.00021,0.00411,0.0,0.0
1206,1234944,1.25509,375.0,0.0,0.0,0.292075,-2.2e-05,2.3e-05,0.000735,0.339047,0.006662,0.99976,5.839406,4.711398,5.827405,4.703706,4.0,0.00011491,2,887,0.0219,0.02358,1.0,0.0,0.0,,,-0.01,0.00961,0.00013,0.00422,0.0,0.0
1207,1235968,1.26791,375.0,0.0,0.0,0.267896,-0.002393,1.7e-05,0.001753,0.32273,0.02424,0.999844,5.853742,4.731209,5.851241,4.732531,4.0,0.00011476,1,884,0.01576,0.0166,1.0,0.0,0.0,,,-0.01,0.01075,0.0001,0.00425,0.0,0.0
1208,1236992,1.42927,375.0,0.0,0.0,0.35848,-0.001705,3.7e-05,0.001245,0.299611,0.016113,0.999661,5.792014,4.804524,5.784089,4.817544,4.0,0.0001146,6,865,0.02832,0.03278,1.0,0.0,0.0,,,-0.01,0.0092,9e-05,0.00404,0.0,0.0
1209,1238016,1.57453,375.0,0.0,0.0,0.318238,-0.001886,2.1e-05,0.001197,0.276883,0.015137,0.999797,5.755679,4.838433,5.755518,4.846275,4.0,0.00011445,1,892,0.02232,0.02358,1.0,0.0,0.0,,,-0.01,0.01036,0.00018,0.00425,0.0,0.0
1210,1239040,1.39919,375.0,0.0,0.0,0.299211,-0.002038,6.2e-05,0.001371,0.369245,0.015346,0.999428,5.745222,4.90451,5.741215,4.903145,4.0,0.0001143,1,875,0.02567,0.02497,1.0,0.0,0.0,,,-0.01,0.01099,0.00016,0.00384,0.0,0.0
1211,1240064,1.69476,375.0,0.0,0.0,0.360781,-0.006443,0.000149,0.002169,0.32308,0.025565,0.9985,5.7384,4.815131,5.725204,4.80506,4.0,0.00011414,6,875,0.04199,0.04604,1.0,0.0,0.0,,,-0.01,0.00882,-0.00017,0.00289,0.0,0.0
1212,1241088,1.69958,375.0,0.0,0.0,0.352663,-0.004883,2.4e-05,0.00431,0.319947,0.041957,0.999733,5.769545,4.734662,5.770442,4.733434,4.0,0.00011399,1,854,0.03237,0.03069,1.0,0.0,0.0,,,-0.01,0.01058,-0.00012,0.00397,0.0,0.0
1213,1242112,1.38801,375.0,0.0,0.0,0.3028,-0.000483,2.1e-05,0.001416,0.319711,0.011649,0.999785,5.832932,4.755867,5.83503,4.757349,4.0,0.00011384,2,889,0.01967,0.01828,1.0,0.0,0.0,,,-0.01,0.0109,0.00015,0.00396,0.0,0.0
1214,1243136,1.28992,375.0,0.0,0.0,0.31011,-0.00174,4.2e-05,0.000644,0.199399,0.008196,0.999562,5.769075,4.728786,5.774816,4.741293,4.0,0.00011368,5,873,0.03181,0.03697,1.0,0.0,0.0,,,-0.01,0.0085,0.00014,0.00405,0.0,0.0
1215,1244160,1.78756,375.0,0.0,0.0,0.288296,-0.002147,1.8e-05,0.00103,0.251135,0.013916,0.999804,5.762775,4.794637,5.757964,4.801461,4.0,0.00011353,1,884,0.02051,0.02134,1.0,0.0,0.0,,,-0.01,0.01029,0.00027,0.00425,0.0,0.0
1216,1245184,1.31912,375.0,0.0,0.0,0.274768,-0.001528,1.6e-05,0.000626,0.262732,0.006801,0.999845,5.761398,4.860906,5.763371,4.867383,4.0,0.00011338,3,848,0.02302,0.02483,1.0,0.0,0.0,,,-0.01,0.01045,0.00031,0.00419,0.0,0.0
1217,1246208,1.50961,375.0,0.0,0.0,0.338271,-0.00124,3.8e-05,0.001015,0.258697,0.014544,0.99965,5.681535,4.935113,5.679414,4.950373,4.0,0.00011322,4,865,0.02916,0.03251,1.0,0.0,0.0,,,-0.01,0.00817,0.00023,0.00406,0.0,0.0
1218,1247232,1.86163,375.0,0.0,0.0,0.27366,-0.001753,1.9e-05,0.002433,0.30184,0.035331,0.999786,5.785447,4.898795,5.778556,4.913584,4.0,0.00011307,1,874,0.01562,0.01674,1.0,0.0,0.0,,,-0.01,0.01022,0.00027,0.00425,0.0,0.0
1219,1248256,1.25574,375.0,0.0,0.0,0.292849,-0.002465,2.1e-05,0.002673,0.234192,0.036447,0.99977,5.728946,4.960703,5.730618,4.970213,4.0,0.00011292,4,856,0.02386,0.0272,1.0,0.0,0.0,,,-0.01,0.00981,0.0002,0.00415,0.0,0.0
1220,1249280,1.78698,375.0,0.0,0.0,0.334904,-0.001683,2.1e-05,0.001635,0.270291,0.022008,0.999797,5.798944,4.805414,5.797301,4.797069,4.0,0.00011276,3,835,0.02344,0.02497,1.0,0.0,0.0,,,-0.01,0.00838,0.00029,0.00407,0.0,0.0
1221,1250304,1.3614,375.0,0.0,0.0,0.281302,-0.001524,1.3e-05,0.00236,0.255684,0.031076,0.999876,5.824982,4.774526,5.82421,4.769524,4.0,0.00011261,1,868,0.01939,0.02023,1.0,0.0,0.0,,,-0.01,0.01044,0.00028,0.00425,0.0,0.0
1222,1251328,1.46592,375.0,0.0,0.0,0.300018,-0.001351,4.6e-05,0.000995,0.29344,0.012381,0.999557,5.760608,4.829647,5.748662,4.81572,4.0,0.00011245,4,871,0.02637,0.02888,1.0,0.0,0.0,,,-0.01,0.00917,0.00015,0.00393,0.0,0.0
1223,1252352,1.38075,375.0,0.0,0.0,0.337569,-0.001704,4.9e-05,0.001115,0.278384,0.011858,0.999498,5.739979,4.788116,5.72213,4.778195,4.0,0.0001123,3,874,0.03265,0.03348,1.0,0.0,0.0,,,-0.01,0.0086,6e-05,0.00395,0.0,0.0
1224,1253376,0.73494,375.0,0.0,0.0,0.282516,-0.002113,4.4e-05,0.002515,0.294872,0.032052,0.999551,5.730872,4.785297,5.721363,4.77185,4.0,0.00011215,2,863,0.02246,0.02386,1.0,0.0,0.0,,,-0.01,0.01003,0.00011,0.00418,0.0,0.0
1225,1254400,1.46034,375.0,0.0,0.0,0.258524,-0.002522,2.7e-05,0.0017,0.250448,0.023263,0.999748,5.735931,4.808605,5.73907,4.813166,4.0,0.00011199,3,867,0.0166,0.01897,1.0,0.0,0.0,,,-0.01,0.00924,0.00026,0.00415,0.0,0.0
1226,1255424,1.70473,375.0,0.0,0.0,0.277616,-0.00223,3.8e-05,0.001497,0.3059,0.019741,0.999628,5.744293,4.824987,5.729244,4.829515,4.0,0.00011184,3,885,0.01772,0.02023,1.0,0.0,0.0,,,-0.01,0.0096,0.0002,0.00406,0.0,0.0
1227,1256448,1.86851,375.0,0.0,0.0,0.265752,-0.001277,2.8e-05,0.001696,0.239024,0.021868,0.999726,5.696414,4.897828,5.684545,4.904513,4.0,0.00011169,2,885,0.01576,0.01744,1.0,0.0,0.0,,,-0.01,0.00941,0.00024,0.00422,0.0,0.0
1228,1257472,1.14561,375.0,0.0,0.0,0.322881,-0.001471,5.3e-05,0.001662,0.2346,0.021101,0.999494,5.71264,4.8719,5.686573,4.863311,4.0,0.00011153,4,868,0.01786,0.02107,1.0,0.0,0.0,,,-0.01,0.00793,0.00015,0.00413,0.0,0.0
1229,1258496,0.53653,375.0,0.0,0.0,0.263979,-0.000796,2.9e-05,0.000863,0.305183,0.011754,0.999722,5.832985,4.740057,5.826963,4.735281,4.0,0.00011138,2,866,0.01437,0.01618,1.0,0.0,0.0,,,-0.01,0.00932,0.00019,0.00424,0.0,0.0
1230,1259520,1.26733,375.0,0.0,0.0,0.253661,-0.002108,1.5e-05,0.001839,0.288311,0.028983,0.999855,5.884439,4.747365,5.884887,4.748533,4.0,0.00011123,2,855,0.0173,0.01897,1.0,0.0,0.0,,,-0.01,0.01045,0.00023,0.00422,0.0,0.0
1231,1260544,1.67041,375.0,0.0,0.0,0.296426,-0.002545,3.6e-05,0.000594,0.221664,0.007917,0.999656,5.859058,4.797176,5.84117,4.794331,4.0,0.00011107,4,835,0.01981,0.02274,1.0,0.0,0.0,,,-0.01,0.00898,0.00028,0.00405,0.0,0.0
1232,1261568,1.72769,375.0,0.0,0.0,0.336395,-0.001236,3.4e-05,0.001566,0.277608,0.020822,0.999659,5.747529,4.804799,5.739033,4.808911,4.0,0.00011092,2,849,0.02218,0.02372,1.0,0.0,0.0,,,-0.01,0.00985,0.00019,0.0042,0.0,0.0
1233,1262592,1.65348,375.0,0.0,0.0,0.341312,-0.001567,3.7e-05,0.001577,0.244957,0.020333,0.999636,5.711498,4.839135,5.709539,4.837725,4.0,0.00011076,2,748,0.02134,0.02121,1.0,0.0,0.0,,,-0.01,0.01018,0.00017,0.00402,0.0,0.0
1234,1263616,1.32643,375.0,0.0,0.0,0.343252,-0.002529,5.7e-05,0.003057,0.255924,0.041399,0.999386,5.70803,4.870703,5.7029,4.872998,4.0,0.00011061,4,840,0.03418,0.03641,1.0,0.0,0.0,,,-0.01,0.00859,-0.00015,0.00402,0.0,0.0
1235,1264640,1.56413,375.0,0.0,0.0,0.302694,-0.00109,3.6e-05,0.001808,0.252078,0.01852,0.999569,5.778239,4.760547,5.765839,4.761526,4.0,0.00011046,3,831,0.02483,0.02679,1.0,0.0,0.0,,,-0.01,0.00985,1e-05,0.00412,0.0,0.0
1236,1265664,0.48376,375.0,0.0,0.0,0.291076,-0.00131,2.2e-05,0.001016,0.259235,0.014125,0.999738,5.792346,4.751333,5.787019,4.755392,4.0,0.0001103,1,835,0.02051,0.02134,1.0,0.0,0.0,,,-0.01,0.01019,6e-05,0.00426,0.0,0.0
1237,1266688,1.52872,375.0,0.0,0.0,0.329455,-0.001403,3.5e-05,0.001631,0.262646,0.025705,0.999679,5.762828,4.788785,5.752992,4.784889,4.0,0.00011015,5,755,0.0226,0.02581,1.0,0.0,0.0,,,-0.01,0.0093,0.00024,0.00397,0.0,0.0
1238,1267712,1.53823,375.0,0.0,0.0,0.367763,-0.000638,2.2e-05,0.001344,0.256683,0.017369,0.9998,5.766065,4.824203,5.768174,4.824379,4.0,0.00011,2,847,0.01786,0.01953,1.0,0.0,0.0,,,-0.01,0.01016,0.00021,0.00422,0.0,0.0
1239,1268736,1.53251,375.0,0.0,0.0,0.35072,-0.001477,3.4e-05,0.001632,0.242796,0.025391,0.999671,5.766969,4.84926,5.763682,4.850874,4.0,0.00010984,1,840,0.01646,0.0173,1.0,0.0,0.0,,,-0.01,0.01035,0.00025,0.00423,0.0,0.0
1240,1269760,1.54015,375.0,0.0,0.0,0.365518,-0.001776,3.8e-05,0.002413,0.255959,0.035679,0.999642,5.746854,4.862767,5.743975,4.863672,4.0,0.00010969,5,820,0.02372,0.02804,1.0,0.0,0.0,,,-0.01,0.00921,0.00012,0.00411,0.0,0.0
1241,1270784,1.54619,375.0,0.0,0.0,0.342378,-0.001083,2.3e-05,0.000817,0.203457,0.008719,0.999777,5.689631,4.863768,5.679503,4.874917,4.0,0.00010954,2,785,0.01897,0.02051,1.0,0.0,0.0,,,-0.01,0.00963,0.00025,0.0042,0.0,0.0
1242,1271808,1.64541,375.0,0.0,0.0,0.357566,-0.001347,2.2e-05,0.001028,0.290383,0.013846,0.999781,5.625978,4.91579,5.615359,4.918035,4.0,0.00010938,1,866,0.01576,0.01632,1.0,0.0,0.0,,,-0.01,0.00975,0.00032,0.00419,0.0,0.0
1243,1272832,1.39459,375.0,0.0,0.0,0.39783,-0.001556,6.2e-05,0.001547,0.281221,0.016497,0.999406,5.647574,4.893459,5.650105,4.87885,4.0,0.00010923,5,870,0.03167,0.03544,1.0,0.0,0.0,,,-0.01,0.00875,0.00011,0.00375,0.0,0.0
1244,1273856,1.56699,375.0,0.0,0.0,0.361422,-0.001384,2.3e-05,0.001873,0.334653,0.023996,0.999777,5.780336,4.742941,5.770679,4.742619,4.0,0.00010908,2,872,0.02469,0.02637,1.0,0.0,0.0,,,-0.01,0.01015,0.00022,0.0042,0.0,0.0
1245,1274880,1.27582,375.0,0.0,0.0,0.34455,-0.001028,3.5e-05,0.000958,0.273448,0.011684,0.999704,5.755885,4.79335,5.746539,4.788648,4.0,0.00010892,1,840,0.01855,0.01897,1.0,0.0,0.0,,,-0.01,0.01053,0.00018,0.00405,0.0,0.0
1246,1275904,1.50754,375.0,0.0,0.0,0.381325,-0.001927,4.8e-05,0.001029,0.226342,0.012556,0.999582,5.718066,4.854879,5.706539,4.850407,4.0,0.00010877,5,872,0.02762,0.03181,1.0,0.0,0.0,,,-0.01,0.0083,0.00022,0.00408,0.0,0.0
1247,1276928,1.29207,375.0,0.0,0.0,0.380785,-0.002217,2.1e-05,0.001702,0.293893,0.023786,0.999807,5.716739,4.830352,5.713495,4.829809,4.0,0.00010861,2,886,0.02497,0.02623,1.0,0.0,0.0,,,-0.01,0.01011,0.00018,0.00417,0.0,0.0
1248,1277952,1.67972,375.0,0.0,0.0,0.337485,-0.001581,1e-05,0.00119,0.320269,0.012905,0.999907,5.743237,4.829738,5.741917,4.825017,4.0,0.00010846,1,884,0.0159,0.01674,1.0,0.0,0.0,,,-0.01,0.01079,0.00026,0.00425,0.0,0.0
1249,1278976,1.60775,375.0,0.0,0.0,0.351214,-0.001629,2.7e-05,0.001508,0.261881,0.016567,0.999746,5.74222,4.762294,5.73901,4.761918,4.0,0.00010831,6,840,0.02539,0.02832,1.0,0.0,0.0,,,-0.01,0.00892,0.00024,0.00396,0.0,0.0
1250,1280000,1.57629,375.0,0.0,0.0,0.320246,-0.000737,1.6e-05,0.001401,0.290562,0.014683,0.99985,5.763575,4.72083,5.764919,4.721392,4.0,0.00010815,1,879,0.01535,0.01702,1.0,0.0,0.0,,,-0.01,0.01036,0.00026,0.00422,0.0,0.0
1251,1281024,1.4241,375.0,0.0,0.0,0.333479,-0.000792,1.7e-05,0.002821,0.28146,0.026367,0.999864,5.756672,4.764809,5.745892,4.756418,4.0,0.000108,1,892,0.01716,0.01814,1.0,0.0,0.0,,,-0.01,0.01033,0.00022,0.00425,0.0,0.0
1252,1282048,1.58739,375.0,0.0,0.0,0.345318,-0.001472,5e-05,0.001069,0.222783,0.013881,0.999519,5.716125,4.758723,5.709057,4.754018,4.0,0.00010785,6,863,0.02134,0.02595,1.0,0.0,0.0,,,-0.01,0.00781,0.00021,0.00403,0.0,0.0
1253,1283072,1.20147,375.0,0.0,0.0,0.357162,-0.001036,3e-05,0.001826,0.336222,0.025007,0.999712,5.720279,4.728524,5.71198,4.719694,4.0,0.00010769,1,860,0.01869,0.01953,1.0,0.0,0.0,,,-0.01,0.01014,0.00023,0.00425,0.0,0.0
1254,1284096,1.83386,375.0,0.0,0.0,0.35489,-0.001678,2.6e-05,0.002666,0.260795,0.02989,0.99973,5.697249,4.733407,5.686277,4.720932,4.0,0.00010754,1,868,0.01576,0.0166,1.0,0.0,0.0,,,-0.01,0.00996,0.00024,0.00425,0.0,0.0
1255,1285120,1.24787,375.0,0.0,0.0,0.380432,-0.001147,4.5e-05,0.00174,0.1952,0.019845,0.999571,5.588519,4.772504,5.579884,4.772974,4.0,0.00010739,6,839,0.02679,0.03181,1.0,0.0,0.0,,,-0.01,0.00814,0.0002,0.00406,0.0,0.0
1256,1286144,1.66544,375.0,0.0,0.0,0.338312,-0.001162,3.4e-05,0.001152,0.231823,0.013951,0.9996,5.55555,4.83375,5.546968,4.839942,4.0,0.00010723,1,883,0.0173,0.01772,1.0,0.0,0.0,,,-0.01,0.01002,0.00017,0.00419,0.0,0.0
1257,1287168,1.49612,375.0,0.0,0.0,0.305919,-0.000512,2.4e-05,0.001172,0.227026,0.015276,0.999767,5.56919,4.864099,5.561051,4.872951,4.0,0.00010708,2,886,0.02302,0.02469,1.0,0.0,0.0,,,-0.01,0.01023,0.00016,0.00422,0.0,0.0
1258,1288192,1.38851,375.0,0.0,0.0,0.380038,-0.001228,4.4e-05,0.000912,0.221454,0.01008,0.999562,5.580735,4.824077,5.573853,4.837386,4.0,0.00010692,5,859,0.02665,0.03083,1.0,0.0,0.0,,,-0.01,0.00817,0.00021,0.00411,0.0,0.0
1259,1289216,1.23105,375.0,0.0,0.0,0.331734,-0.002794,1.6e-05,0.001971,0.31009,0.031041,0.999862,5.67194,4.761104,5.672722,4.763921,4.0,0.00010677,1,894,0.01409,0.01493,1.0,0.0,0.0,,,-0.01,0.01054,0.00023,0.00425,0.0,0.0
1260,1290240,1.52507,375.0,0.0,0.0,0.326367,-0.001331,1.7e-05,0.001333,0.233868,0.016532,0.999845,5.691064,4.771591,5.690358,4.769315,4.0,0.00010662,4,883,0.01842,0.02148,1.0,0.0,0.0,,,-0.01,0.01025,0.0002,0.00412,0.0,0.0
1261,1291264,1.70599,375.0,0.0,0.0,0.311256,-0.00135,2.1e-05,0.000716,0.245972,0.007813,0.999803,5.712255,4.689252,5.708195,4.690067,4.0,0.00010646,3,867,0.01855,0.02134,1.0,0.0,0.0,,,-0.01,0.00875,0.00025,0.00419,0.0,0.0
1262,1292288,1.68969,375.0,0.0,0.0,0.276643,-0.000942,1e-05,0.000679,0.203337,0.010324,0.999916,5.695874,4.696527,5.702403,4.699461,4.0,0.00010631,1,850,0.01367,0.01451,1.0,0.0,0.0,,,-0.01,0.01094,0.00028,0.00425,0.0,0.0
1263,1293312,1.68302,375.0,0.0,0.0,0.279614,-0.001211,1.7e-05,0.001021,0.271637,0.012102,0.999843,5.647658,4.735839,5.653899,4.738438,4.0,0.00010616,4,879,0.02023,0.02358,1.0,0.0,0.0,,,-0.01,0.01045,0.00023,0.00413,0.0,0.0
1264,1294336,1.75113,375.0,0.0,0.0,0.323023,-0.000967,2.1e-05,0.000799,0.287546,0.009975,0.999793,5.682916,4.705101,5.684772,4.709079,4.0,0.000106,3,848,0.01842,0.02093,1.0,0.0,0.0,,,-0.01,0.0095,0.00026,0.00418,0.0,0.0
1265,1295360,1.90325,375.0,0.0,0.0,0.308371,-0.002186,9e-06,0.001939,0.250199,0.021449,0.999909,5.691478,4.714509,5.69296,4.712859,4.0,0.00010585,2,882,0.01339,0.01465,1.0,0.0,0.0,,,-0.01,0.01074,0.00031,0.00417,0.0,0.0
1266,1296384,1.67271,375.0,0.0,0.0,0.312647,-0.001163,1.5e-05,0.001323,0.247387,0.014439,0.99986,5.70378,4.725056,5.703802,4.725805,4.0,0.0001057,3,846,0.01828,0.02121,1.0,0.0,0.0,,,-0.01,0.00964,0.00023,0.00421,0.0,0.0
1267,1297408,1.74976,375.0,0.0,0.0,0.382618,-0.001297,2.8e-05,0.001171,0.320486,0.013567,0.999733,5.647507,4.746811,5.634867,4.747149,4.0,0.00010554,3,869,0.02469,0.0272,1.0,0.0,0.0,,,-0.01,0.0095,0.00011,0.00418,0.0,0.0
1268,1298432,1.40049,375.0,0.0,0.0,0.337292,-0.001553,3.3e-05,0.001794,0.271474,0.020299,0.999709,5.622604,4.785939,5.616223,4.779143,4.0,0.00010539,2,855,0.01855,0.02023,1.0,0.0,0.0,,,-0.01,0.00972,0.00021,0.00418,0.0,0.0
1269,1299456,1.5331,375.0,0.0,0.0,0.355524,-0.001432,4.6e-05,0.001637,0.278017,0.020926,0.99961,5.61578,4.81461,5.600518,4.804539,4.0,0.00010524,4,802,0.01967,0.02218,1.0,0.0,0.0,,,-0.01,0.00872,0.00017,0.00387,0.0,0.0
1270,1300480,1.08408,375.0,0.0,0.0,0.36179,-0.001453,2.1e-05,0.001345,0.280098,0.014683,0.999809,5.555286,4.793686,5.552282,4.789153,4.0,0.00010508,2,751,0.01562,0.01772,1.0,0.0,0.0,,,-0.01,0.00903,0.00018,0.00419,0.0,0.0
1271,1301504,1.42954,375.0,0.0,0.0,0.359161,-0.001302,1.3e-05,0.002564,0.367961,0.029611,0.99988,5.601181,4.754675,5.603324,4.754761,4.0,0.00010493,2,810,0.01646,0.01814,1.0,0.0,0.0,,,-0.01,0.00989,0.00022,0.00422,0.0,0.0
1272,1302528,1.31218,375.0,0.0,0.0,0.359519,-0.001401,1.7e-05,0.002178,0.355054,0.032296,0.999841,5.628992,4.742641,5.629611,4.740012,4.0,0.00010477,4,829,0.01632,0.01953,1.0,0.0,0.0,,,-0.01,0.00927,0.00018,0.00408,0.0,0.0
1273,1303552,1.44921,375.0,0.0,0.0,0.358449,-0.000304,1.8e-05,0.001615,0.268164,0.021868,0.999827,5.709254,4.672019,5.710486,4.670584,4.0,0.00010462,2,837,0.01855,0.02023,1.0,0.0,0.0,,,-0.01,0.00999,0.00019,0.00422,0.0,0.0
1274,1304576,1.45914,375.0,0.0,0.0,0.369513,-0.002369,1.8e-05,0.002295,0.321754,0.028843,0.999816,5.705611,4.700004,5.707196,4.698074,4.0,0.00010447,2,773,0.01646,0.01814,1.0,0.0,0.0,,,-0.01,0.01017,0.00026,0.0042,0.0,0.0
1275,1305600,1.5758,375.0,0.0,0.0,0.404518,-0.001989,2.2e-05,0.001908,0.228491,0.020264,0.999779,5.650776,4.743734,5.652116,4.748109,4.0,0.00010431,4,798,0.02009,0.02344,1.0,0.0,0.0,,,-0.01,0.00939,0.00023,0.00415,0.0,0.0
1276,1306624,1.72622,375.0,0.0,0.0,0.437282,-0.001559,1.8e-05,0.002409,0.322134,0.032575,0.99982,5.63099,4.719575,5.630946,4.719195,4.0,0.00010416,3,829,0.02246,0.02414,1.0,0.0,0.0,,,-0.01,0.00971,0.00017,0.00411,0.0,0.0
1277,1307648,1.27822,375.0,0.0,0.0,0.429769,-0.002234,1.8e-05,0.003027,0.369812,0.044434,0.999824,5.647462,4.709164,5.647279,4.704544,4.0,0.00010401,1,837,0.01911,0.02009,1.0,0.0,0.0,,,-0.01,0.00986,0.00028,0.00423,0.0,0.0
1278,1308672,1.61872,375.0,0.0,0.0,0.402441,-0.002776,2.9e-05,0.002262,0.270292,0.030901,0.999713,5.637685,4.674961,5.637332,4.664459,4.0,0.00010385,5,750,0.02302,0.02693,1.0,0.0,0.0,,,-0.01,0.00829,0.00021,0.00403,0.0,0.0
1279,1309696,1.20588,375.0,0.0,0.0,0.337993,-0.003323,2.5e-05,0.002585,0.26612,0.02567,0.999747,5.654487,4.585589,5.655502,4.586272,4.0,0.0001037,2,828,0.02065,0.02023,1.0,0.0,0.0,,,-0.01,0.00993,0.00018,0.00399,0.0,0.0
1280,1310720,1.00442,375.0,0.0,0.0,0.329518,-0.002567,3.5e-05,0.002244,0.390683,0.023751,0.999669,5.685554,4.634466,5.678554,4.63215,4.0,0.00010355,1,825,0.01353,0.01451,1.0,0.0,0.0,,,-0.01,0.01027,9e-05,0.00425,0.0,0.0
1281,1311744,1.42599,375.0,0.0,0.0,0.348708,-0.002118,8.2e-05,0.001842,0.228863,0.022008,0.999189,5.605042,4.726611,5.599292,4.729403,4.0,0.00010339,5,827,0.02958,0.03181,1.0,0.0,0.0,,,-0.01,0.00871,-9e-05,0.0038,0.0,0.0
1282,1312768,1.3573,375.0,0.0,0.0,0.34106,-0.001553,4.8e-05,0.001329,0.214843,0.014579,0.999457,5.527143,4.713453,5.529327,4.727667,4.0,0.00010324,2,738,0.03041,0.03209,1.0,0.0,0.0,,,-0.01,0.01042,-0.00031,0.00422,0.0,0.0
1283,1313792,0.46624,375.0,0.0,0.0,0.356695,-0.002004,3.1e-05,0.002326,0.228755,0.037109,0.999658,5.564608,4.74599,5.57062,4.754091,4.0,0.00010308,1,833,0.02204,0.0233,1.0,0.0,0.0,,,-0.01,0.01099,-0.0001,0.00425,0.0,0.0
1284,1314816,1.74264,375.0,0.0,0.0,0.367494,-0.001723,2.9e-05,0.002283,0.258374,0.03404,0.999719,5.542012,4.768204,5.556506,4.772637,4.0,0.00010293,5,823,0.018,0.02218,1.0,0.0,0.0,,,-0.01,0.00903,0.0001,0.00409,0.0,0.0
1285,1315840,1.57446,375.0,0.0,0.0,0.348598,-0.001035,2.3e-05,0.001802,0.266551,0.024798,0.999779,5.596405,4.777594,5.597129,4.781659,4.0,0.00010278,2,829,0.00781,0.00935,1.0,0.0,0.0,,,-0.01,0.0102,0.00019,0.0042,0.0,0.0
1286,1316864,1.63167,375.0,0.0,0.0,0.340608,-0.000612,2.5e-05,0.001003,0.237169,0.004987,0.999757,5.554913,4.83956,5.551795,4.846811,4.0,0.00010262,1,745,0.00865,0.00949,1.0,0.0,0.0,,,-0.01,0.01044,0.00015,0.00425,0.0,0.0
1287,1317888,1.45592,375.0,0.0,0.0,0.377932,-0.001478,7.7e-05,0.001401,0.218583,0.016462,0.999255,5.439748,4.878824,5.431722,4.885256,4.0,0.00010247,5,822,0.01925,0.02344,1.0,0.0,0.0,,,-0.01,0.00771,9e-05,0.00409,0.0,0.0
1288,1318912,1.29279,375.0,0.0,0.0,0.385758,-0.002682,7.3e-05,0.003405,0.349366,0.053153,0.999171,5.393743,4.817003,5.378825,4.836755,4.0,0.00010232,2,820,0.02679,0.02846,1.0,0.0,0.0,,,-0.01,0.00866,-0.00029,0.0042,0.0,0.0
1289,1319936,1.61165,375.0,0.0,0.0,0.382703,-0.000816,5.7e-05,0.000957,0.224974,0.006662,0.99933,5.424001,4.786254,5.40712,4.800286,4.0,0.00010216,1,832,0.02483,0.02567,1.0,0.0,0.0,,,-0.01,0.00971,-0.00026,0.00425,0.0,0.0
1290,1320960,0.75182,375.0,0.0,0.0,0.443123,-0.002582,6.2e-05,0.002344,0.270265,0.033936,0.999419,5.39142,4.806229,5.39247,4.80777,4.0,0.00010201,5,750,0.0346,0.03892,1.0,0.0,0.0,,,-0.01,0.00948,-0.00021,0.00411,0.0,0.0
1291,1321984,1.18415,375.0,0.0,0.0,0.434695,-0.001812,3.7e-05,0.002373,0.314629,0.03254,0.999609,5.452538,4.849343,5.460532,4.840962,4.0,0.00010186,2,835,0.02762,0.0293,1.0,0.0,0.0,,,-0.01,0.01067,-0.00021,0.00422,0.0,0.0
1292,1323008,1.81721,375.0,0.0,0.0,0.419655,-0.001816,2.9e-05,0.00171,0.351381,0.018345,0.99968,5.473231,4.905374,5.473686,4.905897,4.0,0.0001017,1,840,0.0286,0.02972,1.0,0.0,0.0,,,-0.01,0.01123,-0.00019,0.00425,0.0,0.0
1293,1324032,1.72431,375.0,0.0,0.0,0.428453,-0.002192,5.5e-05,0.001299,0.299008,0.016985,0.999513,5.568302,4.796316,5.562336,4.790706,4.0,0.00010155,6,819,0.02302,0.02567,1.0,0.0,0.0,,,-0.01,0.00868,0.00015,0.0038,0.0,0.0
1294,1325056,1.69656,375.0,0.0,0.0,0.40692,-0.000869,1.9e-05,0.001588,0.260875,0.020403,0.999811,5.633012,4.706385,5.631861,4.700303,4.0,0.0001014,1,767,0.0127,0.01353,1.0,0.0,0.0,,,-0.01,0.00981,0.00027,0.00425,0.0,0.0
1295,1326080,1.50358,375.0,0.0,0.0,0.401438,-0.001992,1.5e-05,0.002993,0.310662,0.034773,0.999845,5.671646,4.677575,5.664628,4.672984,4.0,0.00010124,1,850,0.01158,0.01256,1.0,0.0,0.0,,,-0.01,0.01023,0.00019,0.00425,0.0,0.0
1296,1327104,1.47974,375.0,0.0,0.0,0.416976,-0.002309,5.8e-05,0.002328,0.289516,0.028006,0.999446,5.545934,4.746465,5.536841,4.742326,4.0,0.00010109,6,828,0.02581,0.03027,1.0,0.0,0.0,,,-0.01,0.00782,0.00011,0.00398,0.0,0.0
1297,1328128,1.56616,375.0,0.0,0.0,0.389636,-0.000823,3.7e-05,0.001034,0.199652,0.008615,0.999615,5.62644,4.673602,5.625137,4.671264,4.0,0.00010093,1,846,0.01242,0.01311,1.0,0.0,0.0,,,-0.01,0.00981,0.00018,0.00424,0.0,0.0
1298,1329152,1.21093,375.0,0.0,0.0,0.38637,-0.001084,2.7e-05,0.001252,0.224365,0.012102,0.999708,5.642816,4.620821,5.642506,4.615839,4.0,0.00010078,2,775,0.01102,0.0127,1.0,0.0,0.0,,,-0.01,0.0103,0.00022,0.0042,0.0,0.0
1299,1330176,1.40618,375.0,0.0,0.0,0.394278,-0.001454,4.3e-05,0.001465,0.27592,0.017404,0.999589,5.654412,4.667019,5.653594,4.674276,4.0,0.00010063,5,828,0.01883,0.02288,1.0,0.0,0.0,,,-0.01,0.00819,0.00026,0.0041,0.0,0.0
1300,1331200,1.35757,375.0,0.0,0.0,0.367639,-0.001225,1.6e-05,0.001605,0.283474,0.022112,0.999855,5.699353,4.674933,5.696785,4.678892,4.0,0.00010047,1,846,0.01465,0.01535,1.0,0.0,0.0,,,-0.01,0.01044,0.00029,0.00424,0.0,0.0
1301,1332224,1.64218,375.0,0.0,0.0,0.350348,-0.001306,1.4e-05,0.002195,0.203698,0.030239,0.999869,5.700341,4.705101,5.697625,4.708391,4.0,0.00010032,4,815,0.01897,0.02176,1.0,0.0,0.0,,,-0.01,0.01025,0.00028,0.00413,0.0,0.0
1302,1333248,1.40522,375.0,0.0,0.0,0.347752,-0.000632,2.1e-05,0.001013,0.226406,0.005441,0.999801,5.739513,4.630788,5.728882,4.628257,4.0,0.00010017,3,778,0.01702,0.02009,1.0,0.0,0.0,,,-0.01,0.00771,0.00029,0.0042,0.0,0.0
1303,1334272,1.28115,375.0,0.0,0.0,0.336401,-0.002145,1.2e-05,0.001959,0.305019,0.021205,0.999877,5.755694,4.612298,5.75098,4.607683,4.0,0.00010001,1,832,0.01423,0.01465,1.0,0.0,0.0,,,-0.01,0.01028,0.00022,0.0042,0.0,0.0
1304,1335296,1.47842,375.0,0.0,0.0,0.360379,-0.001299,1.5e-05,0.001392,0.286585,0.014858,0.999851,5.717643,4.626315,5.712634,4.619771,4.0,9.986e-05,4,830,0.01883,0.02218,1.0,0.0,0.0,,,-0.01,0.00979,0.00018,0.00413,0.0,0.0
1305,1336320,1.49245,375.0,0.0,0.0,0.399342,-0.003253,3.9e-05,0.002681,0.243858,0.020578,0.999598,5.664207,4.598194,5.665484,4.604094,4.0,9.971e-05,3,833,0.02302,0.02525,1.0,0.0,0.0,,,-0.01,0.00957,0.0002,0.00413,0.0,0.0
1306,1337344,1.40284,375.0,0.0,0.0,0.378434,-0.001454,3.1e-05,0.003677,0.369811,0.046003,0.999666,5.706635,4.634961,5.712338,4.636921,4.0,9.955e-05,2,776,0.01939,0.02037,1.0,0.0,0.0,,,-0.01,0.01114,0.0002,0.00422,0.0,0.0
1307,1338368,1.88599,375.0,0.0,0.0,0.423082,-0.00236,3.7e-05,0.003532,0.282312,0.036761,0.999643,5.65957,4.665545,5.668132,4.668736,4.0,9.94e-05,3,814,0.02246,0.02581,1.0,0.0,0.0,,,-0.01,0.01008,0.00012,0.00414,0.0,0.0
1308,1339392,1.71117,375.0,0.0,0.0,0.473038,-0.001019,2.1e-05,0.002088,0.451537,0.025181,0.999793,5.693207,4.590923,5.689345,4.591141,4.0,9.924e-05,3,831,0.02009,0.0226,1.0,0.0,0.0,,,-0.01,0.00968,0.00015,0.00418,0.0,0.0
1309,1340416,1.62149,375.0,0.0,0.0,0.451357,-0.001263,1.2e-05,0.001402,0.301707,0.008963,0.999883,5.681199,4.600686,5.675938,4.597023,4.0,9.909e-05,2,839,0.01646,0.01855,1.0,0.0,0.0,,,-0.01,0.01035,0.00024,0.00421,0.0,0.0
1310,1341440,1.55153,375.0,0.0,0.0,0.473754,-0.002284,2e-05,0.002566,0.31527,0.032052,0.999809,5.673722,4.63326,5.669613,4.624277,4.0,9.894e-05,4,779,0.0173,0.01925,1.0,0.0,0.0,,,-0.01,0.00882,0.00032,0.00406,0.0,0.0
1311,1342464,1.69695,375.0,0.0,0.0,0.465242,-0.002415,2.2e-05,0.002099,0.314289,0.027832,0.999769,5.654062,4.567141,5.646973,4.56075,4.0,9.878e-05,2,835,0.01688,0.01897,1.0,0.0,0.0,,,-0.01,0.00917,0.00018,0.00416,0.0,0.0
1312,1343488,1.37373,375.0,0.0,0.0,0.430549,-0.001688,1.7e-05,0.001251,0.266322,0.010882,0.999835,5.688911,4.578075,5.690539,4.573842,4.0,9.863e-05,2,775,0.01549,0.0173,1.0,0.0,0.0,,,-0.01,0.01,0.00025,0.00415,0.0,0.0
1313,1344512,1.53664,375.0,0.0,0.0,0.436058,-0.001381,1.8e-05,0.001818,0.244893,0.0256,0.99982,5.68911,4.609984,5.691794,4.610242,4.0,9.848e-05,4,826,0.01925,0.02302,1.0,0.0,0.0,,,-0.01,0.00975,0.00024,0.00414,0.0,0.0
1314,1345536,1.25742,375.0,0.0,0.0,0.500314,-0.001952,1.5e-05,0.002442,0.383935,0.029122,0.999847,5.672709,4.569447,5.670157,4.568844,4.0,9.832e-05,2,776,0.02232,0.02358,1.0,0.0,0.0,,,-0.01,0.00951,0.00023,0.00415,0.0,0.0
1315,1346560,1.54535,375.0,0.0,0.0,0.503366,-0.000203,1.1e-05,0.00184,0.452514,0.020578,0.999899,5.68539,4.571565,5.686284,4.57145,4.0,9.817e-05,2,832,0.01716,0.01869,1.0,0.0,0.0,,,-0.01,0.01037,0.0003,0.0042,0.0,0.0
1316,1347584,1.66901,375.0,0.0,0.0,0.518044,-0.001518,1.9e-05,0.003823,0.490396,0.060372,0.999815,5.664853,4.631291,5.66475,4.625468,4.0,9.802e-05,4,823,0.02051,0.02414,1.0,0.0,0.0,,,-0.01,0.00966,0.00016,0.00414,0.0,0.0
1317,1348608,1.44883,375.0,0.0,0.0,0.498652,-0.001352,2.3e-05,0.002458,0.228663,0.03254,0.999774,5.670371,4.589478,5.667924,4.586779,4.0,9.786e-05,3,819,0.01674,0.01814,1.0,0.0,0.0,,,-0.01,0.00991,0.00019,0.00413,0.0,0.0
1318,1349632,1.63727,375.0,0.0,0.0,0.477733,-0.003457,2e-05,0.004238,0.374874,0.043771,0.999786,5.629634,4.585881,5.62577,4.57921,4.0,9.771e-05,1,771,0.01632,0.01688,1.0,0.0,0.0,,,-0.01,0.01011,0.00024,0.0041,0.0,0.0
1319,1350656,1.69305,375.0,0.0,0.0,0.46992,-0.001509,3.3e-05,0.001638,0.289706,0.019706,0.99967,5.575471,4.593883,5.574704,4.583013,4.0,9.756e-05,5,832,0.01869,0.02316,1.0,0.0,0.0,,,-0.01,0.00912,9e-05,0.00401,0.0,0.0
1320,1351680,1.4815,375.0,0.0,0.0,0.461715,-0.002857,3.7e-05,0.003445,0.344607,0.046038,0.999602,5.552258,4.577841,5.548495,4.563162,4.0,9.74e-05,2,840,0.01897,0.02121,1.0,0.0,0.0,,,-0.01,0.00985,0.0001,0.00421,0.0,0.0
1321,1352704,1.06638,375.0,0.0,0.0,0.470625,-0.002291,2.8e-05,0.003049,0.307176,0.041051,0.999688,5.597036,4.577465,5.598685,4.565109,4.0,9.725e-05,1,828,0.01576,0.01688,1.0,0.0,0.0,,,-0.01,0.01006,0.00014,0.00423,0.0,0.0
1322,1353728,1.34228,375.0,0.0,0.0,0.495899,-0.003193,4.1e-05,0.002482,0.28036,0.031145,0.999578,5.610307,4.547242,5.608242,4.539647,4.0,9.709e-05,5,759,0.02232,0.02469,1.0,0.0,0.0,,,-0.01,0.00883,0.00024,0.00384,0.0,0.0
1323,1354752,1.70875,375.0,0.0,0.0,0.476978,-0.00296,2e-05,0.004306,0.329365,0.049735,0.999788,5.653068,4.497592,5.656931,4.495056,4.0,9.694e-05,2,889,0.02121,0.02274,1.0,0.0,0.0,,,-0.01,0.01011,0.00016,0.0042,0.0,0.0
1324,1355776,1.668,375.0,0.0,0.0,0.437531,-0.002142,1.4e-05,0.003062,0.344803,0.047119,0.99986,5.672198,4.516807,5.671225,4.517467,4.0,9.679e-05,1,895,0.01493,0.0159,1.0,0.0,0.0,,,-0.01,0.01093,0.00024,0.00425,0.0,0.0
1325,1356800,1.51361,375.0,0.0,0.0,0.431094,-0.001382,2.6e-05,0.002046,0.256296,0.027239,0.99975,5.600566,4.568265,5.607444,4.569292,4.0,9.663e-05,5,875,0.02023,0.02441,1.0,0.0,0.0,,,-0.01,0.00931,0.00021,0.00408,0.0,0.0
1326,1357824,1.72349,375.0,0.0,0.0,0.449192,-0.002025,2.6e-05,0.00204,0.277176,0.020124,0.999731,5.590273,4.542525,5.590984,4.537782,4.0,9.648e-05,2,857,0.01995,0.02148,1.0,0.0,0.0,,,-0.01,0.00966,0.00027,0.00417,0.0,0.0
1327,1358848,1.71864,375.0,0.0,0.0,0.414164,-0.001428,1.5e-05,0.001751,0.338335,0.022879,0.999847,5.61931,4.529397,5.620296,4.529591,4.0,9.633e-05,1,890,0.018,0.01883,1.0,0.0,0.0,,,-0.01,0.01093,0.00032,0.00425,0.0,0.0
1328,1359872,1.7457,375.0,0.0,0.0,0.430148,-0.001787,3.7e-05,0.001467,0.343375,0.016811,0.999644,5.554047,4.582488,5.541283,4.581315,4.0,9.617e-05,5,864,0.02232,0.02679,1.0,0.0,0.0,,,-0.01,0.00842,0.00021,0.004,0.0,0.0
1329,1360896,1.15516,375.0,0.0,0.0,0.466983,-0.002481,2.9e-05,0.002585,0.338671,0.03826,0.999716,5.50854,4.569001,5.503416,4.571267,4.0,9.602e-05,2,869,0.01939,0.02134,1.0,0.0,0.0,,,-0.01,0.00978,0.00029,0.0042,0.0,0.0
1330,1361920,1.5655,375.0,0.0,0.0,0.483084,-0.003676,2.3e-05,0.003204,0.478285,0.052386,0.999758,5.55405,4.545331,5.551506,4.541721,4.0,9.587e-05,1,843,0.01995,0.02093,1.0,0.0,0.0,,,-0.01,0.01022,0.00024,0.00425,0.0,0.0
1331,1362944,1.39501,375.0,0.0,0.0,0.440414,-0.001759,3.1e-05,0.001249,0.286618,0.013672,0.999686,5.583045,4.529364,5.574636,4.52924,4.0,9.571e-05,5,848,0.02776,0.03153,1.0,0.0,0.0,,,-0.01,0.00871,0.00016,0.004,0.0,0.0
1332,1363968,1.55668,375.0,0.0,0.0,0.405619,-0.001173,1.4e-05,0.001348,0.260146,0.013393,0.999855,5.608002,4.527214,5.617282,4.526052,4.0,9.556e-05,2,860,0.01786,0.01953,1.0,0.0,0.0,,,-0.01,0.00999,0.00028,0.00422,0.0,0.0
1333,1364992,1.83153,375.0,0.0,0.0,0.40422,-0.001685,1.1e-05,0.002034,0.307677,0.020054,0.999893,5.628858,4.513732,5.636256,4.509878,4.0,9.54e-05,1,871,0.01311,0.01409,1.0,0.0,0.0,,,-0.01,0.01094,0.00027,0.00425,0.0,0.0
1334,1366016,1.57234,375.0,0.0,0.0,0.436357,-0.002953,3.1e-05,0.002235,0.345217,0.031703,0.999673,5.565739,4.503364,5.574004,4.498061,4.0,9.525e-05,6,831,0.02455,0.02944,1.0,0.0,0.0,,,-0.01,0.00919,0.00024,0.00402,0.0,0.0
1335,1367040,1.76192,375.0,0.0,0.0,0.469982,-0.000803,1.9e-05,0.001714,0.360541,0.014474,0.999809,5.608845,4.420513,5.612832,4.421806,4.0,9.51e-05,1,865,0.02065,0.02176,1.0,0.0,0.0,,,-0.01,0.01015,0.00022,0.00424,0.0,0.0
1336,1368064,1.78057,375.0,0.0,0.0,0.411046,-0.001169,1.4e-05,0.001066,0.276056,0.009835,0.999855,5.635868,4.422073,5.643251,4.421582,4.0,9.494e-05,1,875,0.01562,0.01646,1.0,0.0,0.0,,,-0.01,0.01079,0.00025,0.00425,0.0,0.0
1337,1369088,1.66609,375.0,0.0,0.0,0.43349,-0.002236,2.7e-05,0.002521,0.294979,0.037074,0.999731,5.584817,4.515454,5.589913,4.523567,4.0,9.479e-05,6,855,0.02386,0.02888,1.0,0.0,0.0,,,-0.01,0.00913,0.00018,0.00408,0.0,0.0
1338,1370112,1.58729,375.0,0.0,0.0,0.433897,-0.001647,1.2e-05,0.003624,0.283964,0.050502,0.999897,5.655877,4.488475,5.664374,4.490924,4.0,9.464e-05,1,843,0.01451,0.01535,1.0,0.0,0.0,,,-0.01,0.0106,0.00028,0.00425,0.0,0.0
1339,1371136,1.74196,375.0,0.0,0.0,0.416407,-0.00182,1e-05,0.003055,0.340675,0.042236,0.999905,5.700318,4.506362,5.704361,4.50737,4.0,9.448e-05,2,816,0.01353,0.01493,1.0,0.0,0.0,,,-0.01,0.0107,0.00021,0.00419,0.0,0.0
1340,1372160,1.68432,375.0,0.0,0.0,0.438217,-0.001742,2.2e-05,0.001929,0.24831,0.021554,0.999783,5.636746,4.473206,5.640437,4.477247,4.0,9.433e-05,5,820,0.0226,0.02679,1.0,0.0,0.0,,,-0.01,0.00851,0.00024,0.0041,0.0,0.0
1341,1373184,1.88145,375.0,0.0,0.0,0.395263,-0.001644,1.1e-05,0.002233,0.256118,0.034668,0.999881,5.663006,4.422119,5.667806,4.419956,4.0,9.418e-05,1,838,0.01353,0.01437,1.0,0.0,0.0,,,-0.01,0.01053,0.00026,0.00425,0.0,0.0
1342,1374208,1.59898,375.0,0.0,0.0,0.378432,-0.001187,1.6e-05,0.002002,0.225371,0.027867,0.999849,5.681182,4.474729,5.687926,4.47797,4.0,9.402e-05,4,799,0.01562,0.01786,1.0,0.0,0.0,,,-0.01,0.01063,0.00025,0.00416,0.0,0.0
1343,1375232,1.58859,375.0,0.0,0.0,0.422357,-0.001234,2e-05,0.001382,0.262243,0.016636,0.999804,5.651303,4.517639,5.65048,4.514989,4.0,9.387e-05,3,819,0.01688,0.02051,1.0,0.0,0.0,,,-0.01,0.00858,0.00016,0.00417,0.0,0.0
1344,1376256,1.39027,375.0,0.0,0.0,0.429704,-0.002329,1.1e-05,0.003365,0.457383,0.049665,0.999883,5.65298,4.461715,5.654522,4.458963,4.0,9.372e-05,1,880,0.01423,0.01507,1.0,0.0,0.0,,,-0.01,0.01058,0.00025,0.00425,0.0,0.0
1345,1377280,1.59449,375.0,0.0,0.0,0.437456,-0.000478,1.8e-05,0.001896,0.315612,0.018973,0.999813,5.653152,4.494949,5.656799,4.498776,4.0,9.356e-05,4,877,0.01716,0.02051,1.0,0.0,0.0,,,-0.01,0.01006,0.00024,0.00415,0.0,0.0
1346,1378304,1.61924,375.0,0.0,0.0,0.470177,-0.002668,1.8e-05,0.002914,0.349754,0.030448,0.999815,5.608352,4.483387,5.606713,4.478678,4.0,9.341e-05,3,875,0.01897,0.02009,1.0,0.0,0.0,,,-0.01,0.00911,0.00033,0.00403,0.0,0.0
1347,1379328,1.3871,375.0,0.0,0.0,0.433901,-0.001124,0.001168,0.006737,0.185986,0.081633,0.987139,5.594565,4.426339,5.576795,4.403142,4.0,9.325e-05,1,864,0.01252,0.01365,1.0,0.0,0.0,,,-0.01,0.01103,0.00028,0.00427,-0.00051,0.0
1348,1380352,1.59687,375.0,0.0,0.0,0.41391,-0.000717,2.5e-05,0.001159,0.26774,0.013104,0.999785,5.564267,4.377799,5.577758,4.383862,4.0,9.31e-05,4,892,0.01804,0.02159,1.0,0.0,0.0,,,-0.01,0.00936,0.00025,0.00422,0.0,0.0
1349,1381376,1.61912,375.0,0.0,0.0,0.421541,0.037125,3.5e-05,0.006347,0.470026,0.087698,0.999653,5.522749,4.388718,5.530466,4.403191,2.0,9.295e-05,3,943,0.01989,0.02158,1.0,0.33333,0.0,,,-0.01,0.00979,0.00019,0.00413,0.0,0.0
1350,1382400,1.75686,375.0,0.0,0.0,0.39554,-0.003471,3.8e-05,0.002724,0.255333,0.035993,0.999497,5.487702,4.486807,5.490661,4.502442,4.0,9.279e-05,2,886,0.03055,0.03223,1.0,0.0,0.0,,,-0.01,0.01029,-0.00022,0.00422,0.0,0.0
1351,1383424,1.70486,375.0,0.0,0.0,0.397313,-0.005965,4.7e-05,0.004103,0.280996,0.056885,0.999504,5.538543,4.504847,5.548058,4.518654,4.0,9.264e-05,3,847,0.02776,0.03027,1.0,0.0,0.0,,,-0.01,0.00955,-0.00022,0.00418,0.0,0.0
1352,1384448,1.05594,375.0,0.0,0.0,0.393064,-0.002501,2.8e-05,0.005235,0.300386,0.057617,0.999728,5.556607,4.430594,5.575905,4.433206,4.0,9.249e-05,3,883,0.01214,0.01465,1.0,0.0,0.0,,,-0.01,0.01018,0.00022,0.00415,0.0,0.0
1353,1385472,1.70984,375.0,0.0,0.0,0.371431,-0.001837,1.6e-05,0.00264,0.337489,0.035191,0.999834,5.583158,4.423641,5.600692,4.429679,4.0,9.233e-05,2,888,0.01032,0.012,1.0,0.0,0.0,,,-0.01,0.0105,0.00021,0.0042,0.0,0.0
1354,1386496,1.77176,375.0,0.0,0.0,0.385424,-0.002757,1.6e-05,0.003124,0.317398,0.043143,0.999835,5.620244,4.471923,5.625717,4.468809,4.0,9.218e-05,4,878,0.01088,0.01409,1.0,0.0,0.0,,,-0.01,0.00903,0.00016,0.00413,0.0,0.0
1355,1387520,1.69263,375.0,0.0,0.0,0.370391,-0.001777,1.5e-05,0.001725,0.283026,0.027169,0.999857,5.623759,4.449239,5.638607,4.45393,4.0,9.203e-05,2,842,0.012,0.01367,1.0,0.0,0.0,,,-0.01,0.01014,0.00023,0.00422,0.0,0.0
1356,1388544,1.25602,375.0,0.0,0.0,0.364258,-0.000718,1.3e-05,0.00109,0.244362,0.008196,0.999869,5.659789,4.475714,5.671222,4.481421,4.0,9.187e-05,2,869,0.01381,0.01562,1.0,0.0,0.0,,,-0.01,0.01069,0.00024,0.00421,0.0,0.0
1357,1389568,1.77192,375.0,0.0,0.0,0.382649,-0.000669,2.1e-05,0.00204,0.307434,0.027414,0.999785,5.612055,4.549304,5.627991,4.552298,4.0,9.172e-05,4,868,0.01772,0.02121,1.0,0.0,0.0,,,-0.01,0.01031,0.00027,0.00414,0.0,0.0
1358,1390592,1.74527,375.0,0.0,0.0,0.396787,-0.001431,2.4e-05,0.00226,0.236214,0.026542,0.999727,5.48268,4.554888,5.491429,4.564112,4.0,9.156e-05,2,868,0.0127,0.01437,1.0,0.0,0.0,,,-0.01,0.01048,0.00021,0.00422,0.0,0.0
1359,1391616,1.65481,375.0,0.0,0.0,0.382341,-0.001537,1.6e-05,0.001668,0.267168,0.023507,0.999863,5.550465,4.582109,5.562843,4.58532,4.0,9.141e-05,2,849,0.01381,0.01549,1.0,0.0,0.0,,,-0.01,0.01001,0.00023,0.00422,0.0,0.0
1360,1392640,1.75506,375.0,0.0,0.0,0.371137,-0.001284,1.8e-05,0.001727,0.22121,0.024728,0.999826,5.625488,4.556456,5.634526,4.560529,4.0,9.126e-05,5,863,0.0173,0.02079,1.0,0.0,0.0,,,-0.01,0.00988,0.00023,0.00412,0.0,0.0
1361,1393664,1.68361,375.0,0.0,0.0,0.373114,-0.001165,1.9e-05,0.001286,0.238168,0.01273,0.999805,5.629512,4.51168,5.645528,4.516275,4.0,9.11e-05,2,873,0.012,0.01437,1.0,0.0,0.0,,,-0.01,0.01083,0.00018,0.00421,0.0,0.0
1362,1394688,1.83024,375.0,0.0,0.0,0.360197,-0.001643,1.4e-05,0.00144,0.263378,0.018206,0.999867,5.681537,4.525869,5.701547,4.53189,4.0,9.095e-05,1,854,0.0127,0.01353,1.0,0.0,0.0,,,-0.01,0.01101,0.00023,0.00425,0.0,0.0
1363,1395712,1.89109,375.0,0.0,0.0,0.359227,-0.00212,3.4e-05,0.00247,0.302786,0.037737,0.999663,5.679358,4.545482,5.691254,4.552144,4.0,9.08e-05,5,828,0.0159,0.01967,1.0,0.0,0.0,,,-0.01,0.00957,0.00025,0.00407,0.0,0.0
1364,1396736,1.99423,375.0,0.0,0.0,0.358958,-0.000523,3.2e-05,0.000596,0.150028,0.006104,0.999598,5.658167,4.528221,5.659443,4.527035,4.0,9.064e-05,2,853,0.01535,0.01702,1.0,0.0,0.0,,,-0.01,0.0102,0.00023,0.0042,0.0,0.0
1365,1397760,1.84154,375.0,0.0,0.0,0.357041,-0.000886,2.7e-05,0.001288,0.157346,0.022426,0.999624,5.680576,4.525679,5.679954,4.524367,4.0,9.049e-05,1,862,0.01632,0.01716,1.0,0.0,0.0,,,-0.01,0.01028,0.00021,0.00425,0.0,0.0
1366,1398784,1.43766,375.0,0.0,0.0,0.389131,-0.001269,2.7e-05,0.001233,0.234894,0.016636,0.999745,5.705382,4.559723,5.719089,4.56363,4.0,9.034e-05,5,868,0.02441,0.0286,1.0,0.0,0.0,,,-0.01,0.00944,0.00027,0.00411,0.0,0.0
1367,1399808,1.78453,375.0,0.0,0.0,0.404345,-0.0017,3.1e-05,0.001363,0.316119,0.020124,0.999717,5.738765,4.533443,5.745376,4.537367,4.0,9.018e-05,2,889,0.01814,0.01995,1.0,0.0,0.0,,,-0.01,0.01068,0.0002,0.00418,0.0,0.0
1368,1400832,1.92784,375.0,0.0,0.0,0.398383,-0.001195,2.8e-05,0.001296,0.308522,0.0143,0.999736,5.718691,4.599324,5.721534,4.60947,4.0,9.003e-05,1,853,0.01702,0.01786,1.0,0.0,0.0,,,-0.01,0.01098,0.00023,0.00425,0.0,0.0
1369,1401856,1.80005,375.0,0.0,0.0,0.393911,-0.001231,3.8e-05,0.001439,0.218309,0.012068,0.999631,5.647879,4.672825,5.659352,4.682703,4.0,8.988e-05,5,842,0.01828,0.0226,1.0,0.0,0.0,,,-0.01,0.00901,0.00017,0.00411,0.0,0.0
1370,1402880,1.50788,375.0,0.0,0.0,0.405971,-0.001034,2.9e-05,0.001391,0.321878,0.01423,0.99972,5.728432,4.588662,5.733624,4.589088,4.0,8.972e-05,2,883,0.01493,0.01535,1.0,0.0,0.0,,,-0.01,0.00986,0.00026,0.00408,0.0,0.0
1371,1403904,1.38212,375.0,0.0,0.0,0.365108,-0.001078,1.7e-05,0.001782,0.263198,0.012033,0.999833,5.76303,4.590286,5.771385,4.594305,4.0,8.957e-05,1,896,0.01311,0.01395,1.0,0.0,0.0,,,-0.01,0.01086,0.00026,0.00424,0.0,0.0
1372,1404928,1.8398,375.0,0.0,0.0,0.377165,-0.001434,2.5e-05,0.001161,0.280251,0.016776,0.999769,5.753082,4.62299,5.758797,4.621636,4.0,8.941e-05,5,819,0.01562,0.01981,1.0,0.0,0.0,,,-0.01,0.00906,0.00023,0.00408,0.0,0.0
1373,1405952,1.42372,375.0,0.0,0.0,0.393233,-0.001626,1.8e-05,0.001541,0.287111,0.021694,0.999832,5.82737,4.584459,5.837059,4.589385,4.0,8.926e-05,2,885,0.01004,0.01172,1.0,0.0,0.0,,,-0.01,0.01085,0.00024,0.00422,0.0,0.0
1374,1406976,1.72157,375.0,0.0,0.0,0.393182,-0.002391,2.1e-05,0.000904,0.295291,0.008929,0.999797,5.860269,4.58849,5.865523,4.583611,4.0,8.911e-05,1,879,0.01228,0.01311,1.0,0.0,0.0,,,-0.01,0.01078,0.00027,0.00424,0.0,0.0
1375,1408000,1.74388,375.0,0.0,0.0,0.403142,-0.002444,3.8e-05,0.002527,0.239762,0.03833,0.999628,5.798721,4.586701,5.798717,4.587828,4.0,8.895e-05,6,874,0.02455,0.02874,1.0,0.0,0.0,,,-0.01,0.0091,0.00027,0.00394,0.0,0.0
1376,1409024,1.61781,375.0,0.0,0.0,0.410766,-0.00197,2.6e-05,0.002881,0.250523,0.035679,0.999759,5.810814,4.560488,5.815511,4.557825,4.0,8.88e-05,1,837,0.01493,0.01604,1.0,0.0,0.0,,,-0.01,0.0102,0.00014,0.00426,0.0,0.0
1377,1410048,1.13286,375.0,0.0,0.0,0.394847,-0.001634,2.7e-05,0.001945,0.348321,0.025042,0.999745,5.846802,4.583299,5.851972,4.583222,4.0,8.865e-05,1,843,0.01786,0.01786,1.0,0.0,0.0,,,-0.01,0.01057,0.00017,0.00416,0.0,0.0
1378,1411072,1.76866,375.0,0.0,0.0,0.418483,-0.001756,2.9e-05,0.001158,0.323812,0.013497,0.999723,5.800145,4.646555,5.791678,4.647529,4.0,8.849e-05,6,858,0.02525,0.02888,1.0,0.0,0.0,,,-0.01,0.00871,0.00018,0.00389,0.0,0.0
1379,1412096,1.34241,375.0,0.0,0.0,0.404934,-0.001604,1.8e-05,0.00186,0.270655,0.021415,0.999831,5.819382,4.62977,5.822083,4.631828,4.0,8.834e-05,1,882,0.01925,0.02023,1.0,0.0,0.0,,,-0.01,0.00994,0.00028,0.00422,0.0,0.0
1380,1413120,1.35441,375.0,0.0,0.0,0.407538,-0.001236,1.3e-05,0.001341,0.206544,0.011475,0.999882,5.854293,4.633411,5.854907,4.630332,4.0,8.819e-05,2,873,0.02107,0.02218,1.0,0.0,0.0,,,-0.01,0.01075,0.00022,0.0042,0.0,0.0
1381,1414144,1.49531,375.0,0.0,0.0,0.432,-0.001812,4.2e-05,0.002179,0.292847,0.032227,0.999581,5.757456,4.626734,5.762527,4.633406,4.0,8.803e-05,5,867,0.02134,0.02525,1.0,0.0,0.0,,,-0.01,0.00817,0.0001,0.00402,0.0,0.0
1382,1415168,1.58322,375.0,0.0,0.0,0.411752,-0.001561,1.9e-05,0.000792,0.251021,0.007568,0.999811,5.810653,4.574093,5.815453,4.573662,4.0,8.788e-05,1,894,0.01646,0.01674,1.0,0.0,0.0,,,-0.01,0.01033,0.00027,0.00419,0.0,0.0
1383,1416192,1.50953,375.0,0.0,0.0,0.4068,-0.001922,2e-05,0.003212,0.220939,0.043876,0.999803,5.818159,4.60044,5.821138,4.601084,4.0,8.772e-05,3,890,0.01465,0.0166,1.0,0.0,0.0,,,-0.01,0.01082,0.00026,0.00416,0.0,0.0
1384,1417216,1.64857,375.0,0.0,0.0,0.424142,-0.001517,3.7e-05,0.001904,0.281478,0.02274,0.999642,5.744481,4.613619,5.748571,4.608183,4.0,8.757e-05,4,883,0.01758,0.02121,1.0,0.0,0.0,,,-0.01,0.00884,0.00022,0.00408,0.0,0.0
1385,1418240,1.46981,375.0,0.0,0.0,0.434845,-0.002402,1.9e-05,0.002402,0.334963,0.029402,0.9998,5.760568,4.534263,5.759995,4.531656,4.0,8.742e-05,1,868,0.01576,0.01646,1.0,0.0,0.0,,,-0.01,0.01013,0.00031,0.00424,0.0,0.0
1386,1419264,1.53939,375.0,0.0,0.0,0.443725,-0.00241,2.4e-05,0.003335,0.344795,0.045585,0.999776,5.784011,4.568707,5.787422,4.570663,4.0,8.726e-05,4,886,0.01883,0.02134,1.0,0.0,0.0,,,-0.01,0.01024,0.00028,0.00401,0.0,0.0
1387,1420288,1.69119,375.0,0.0,0.0,0.414182,-0.002736,4.8e-05,0.00171,0.332071,0.016706,0.999535,5.724793,4.588783,5.728181,4.594178,4.0,8.711e-05,3,873,0.02148,0.0226,1.0,0.0,0.0,,,-0.01,0.00924,0.00021,0.00403,0.0,0.0
1388,1421312,1.53304,375.0,0.0,0.0,0.419041,-0.00143,4.7e-05,0.001518,0.307353,0.016636,0.999509,5.712095,4.655427,5.719803,4.650277,4.0,8.696e-05,1,891,0.02553,0.02665,1.0,0.0,0.0,,,-0.01,0.01136,8e-05,0.00422,0.0,0.0
1389,1422336,1.71418,375.0,0.0,0.0,0.415917,-0.000648,3.6e-05,0.000475,0.256558,0.00429,0.999648,5.723839,4.667418,5.732407,4.659857,4.0,8.68e-05,4,840,0.024,0.02734,1.0,0.0,0.0,,,-0.01,0.01,0.00015,0.00415,0.0,0.0
1390,1423360,1.64261,375.0,0.0,0.0,0.435046,0.000917,3.5e-05,0.000867,0.427162,0.005859,0.999668,5.830971,4.604434,5.832366,4.600223,4.0,8.665e-05,3,881,0.0272,0.02846,1.0,0.0,0.0,,,-0.01,0.00969,0.00013,0.00404,0.0,0.0
1391,1424384,1.87253,375.0,0.0,0.0,0.379459,-0.002208,0.001274,0.000523,0.408684,0.005858,0.986872,5.928602,4.51606,5.90743,4.496511,4.0,8.65e-05,2,899,0.0175,0.01905,1.0,0.0,0.0,,,-0.01,0.01074,0.0001,0.00405,-0.00051,0.0
1392,1425408,1.8251,375.0,0.0,0.0,0.399084,0.000403,0.001216,0.000632,0.29176,0.007473,0.986699,5.874053,4.42127,5.843249,4.397142,4.0,8.634e-05,3,852,0.02846,0.02932,1.0,0.0,0.0,,,-0.01,0.00944,3e-05,0.004,-0.00051,0.0
1393,1426432,1.26288,375.0,0.0,0.0,0.432823,-0.002222,5.7e-05,0.002415,0.265619,0.033407,0.999379,5.789994,4.292643,5.800449,4.301644,4.0,8.619e-05,3,858,0.0261,0.02881,1.0,0.33333,0.0,,,-0.01,0.00976,9e-05,0.00422,0.0,0.0
1394,1427456,0.63604,375.0,0.0,0.0,0.476685,0.077331,6.7e-05,0.002633,2.417196,0.013774,0.999661,5.86339,4.363429,5.873993,4.365861,4.0,8.604e-05,2,846,0.01973,0.02127,1.0,0.5,0.0,,,-0.01,0.01049,0.00023,0.00421,0.0,0.0
1395,1428480,1.67987,375.0,0.0,0.0,0.470679,-0.002463,0.0001,0.002804,0.431805,0.035854,0.999587,5.724007,4.365345,5.731339,4.384169,4.0,8.588e-05,4,868,0.024,0.0272,1.0,0.0,0.0,,,-0.01,0.01005,0.00017,0.00407,0.0,0.0
1396,1429504,1.7012,375.0,0.0,0.0,0.495579,-0.001491,6.2e-05,0.002635,0.322548,0.018241,0.999381,5.703839,4.328669,5.713105,4.331325,4.0,8.573e-05,2,891,0.01925,0.01967,1.0,0.0,0.0,,,-0.01,0.0089,0.00026,0.00408,0.0,0.0
1397,1430528,1.6742,375.0,0.0,0.0,0.473313,-0.001104,3.9e-05,0.001489,0.279196,0.015206,0.999586,5.82281,4.383717,5.82884,4.384632,4.0,8.557e-05,2,857,0.01925,0.02093,1.0,0.0,0.0,,,-0.01,0.00971,0.00031,0.00422,0.0,0.0
1398,1431552,1.18946,375.0,0.0,0.0,0.495314,-0.001206,3.3e-05,0.001707,0.30067,0.014858,0.999667,5.866279,4.409313,5.876691,4.410621,4.0,8.542e-05,4,862,0.02637,0.0286,1.0,0.0,0.0,,,-0.01,0.0098,0.00023,0.00402,0.0,0.0
1399,1432576,1.60947,375.0,0.0,0.0,0.473404,-0.002099,3e-05,0.003771,0.354248,0.059082,0.999673,5.931175,4.365663,5.944556,4.374933,4.0,8.527e-05,2,876,0.02525,0.02595,1.0,0.0,0.0,,,-0.01,0.01009,0.00031,0.00409,0.0,0.0
1400,1433600,1.77713,375.0,0.0,0.0,0.447796,-0.003512,1.7e-05,0.002574,0.338771,0.035924,0.999825,5.986337,4.412556,5.992414,4.416982,4.0,8.511e-05,2,856,0.02288,0.02455,1.0,0.0,0.0,,,-0.01,0.01025,5e-05,0.00419,0.0,0.0
1401,1434624,1.64435,375.0,0.0,0.0,0.425936,-0.002812,2e-05,0.004025,0.360921,0.053013,0.999806,6.007451,4.48369,6.020923,4.488164,4.0,8.496e-05,4,842,0.02176,0.02386,1.0,0.0,0.0,,,-0.01,0.01,0.00025,0.00401,0.0,0.0
1402,1435648,1.809,375.0,0.0,0.0,0.475012,-0.003047,2.9e-05,0.002133,0.400367,0.026297,0.999704,5.963,4.436662,5.97253,4.441677,4.0,8.481e-05,3,835,0.02009,0.02093,1.0,0.0,1.0,,,-0.01,0.01041,0.00031,0.00398,0.0,0.0
1403,1436672,1.5985,375.0,0.0,0.0,0.447878,-0.002813,1.9e-05,0.003546,0.264018,0.040004,0.999813,5.992005,4.463839,6.002858,4.468195,4.0,8.465e-05,1,884,0.01702,0.01786,1.0,0.0,0.0,,,-0.01,0.01059,0.00017,0.00425,0.0,0.0
1404,1437696,1.66683,375.0,0.0,0.0,0.460813,-0.001355,2.5e-05,0.001856,0.317827,0.023961,0.99976,5.956517,4.545142,5.962926,4.550435,4.0,8.45e-05,5,848,0.02051,0.02441,1.0,0.0,0.0,,,-0.01,0.01027,0.00017,0.00406,0.0,0.0
1405,1438720,1.76577,375.0,0.0,0.0,0.466143,-0.000879,2.1e-05,0.002256,0.341702,0.028355,0.999797,5.938699,4.503456,5.940536,4.498845,4.0,8.435e-05,2,875,0.01535,0.01632,1.0,0.0,0.0,,,-0.01,0.00989,0.00024,0.00414,0.0,0.0
1406,1439744,1.70653,375.0,0.0,0.0,0.466973,-0.000838,1.8e-05,0.002052,0.280925,0.022147,0.999824,5.985241,4.511107,5.990189,4.513677,4.0,8.419e-05,1,841,0.0166,0.01744,1.0,0.0,0.0,,,-0.01,0.0105,0.00031,0.00425,0.0,0.0
1407,1440768,1.75218,375.0,0.0,0.0,0.450487,-0.001427,2.3e-05,0.001417,0.266768,0.012591,0.999777,5.996411,4.5162,6.00087,4.523274,4.0,8.404e-05,5,832,0.02079,0.02511,1.0,0.0,0.0,,,-0.01,0.00919,0.00022,0.00411,0.0,0.0
1408,1441792,1.51919,375.0,0.0,0.0,0.448883,-0.002565,2e-05,0.002293,0.314593,0.026925,0.999796,6.028571,4.53404,6.030764,4.537116,4.0,8.388e-05,2,821,0.018,0.01925,1.0,0.0,0.0,,,-0.01,0.01004,0.00024,0.00417,0.0,0.0
1409,1442816,1.92745,375.0,0.0,0.0,0.394596,-0.00202,1.7e-05,0.00393,0.240774,0.03833,0.999835,6.053758,4.541718,6.057222,4.543359,4.0,8.373e-05,1,889,0.01437,0.01423,1.0,0.0,0.0,,,-0.01,0.01065,0.00027,0.00414,0.0,0.0
1410,1443840,1.69062,375.0,0.0,0.0,0.407926,-0.000899,2.8e-05,0.001469,0.231865,0.018834,0.999713,6.017405,4.550216,6.027923,4.557962,4.0,8.358e-05,5,855,0.01967,0.02372,1.0,0.0,0.0,,,-0.01,0.00968,0.00023,0.0041,0.0,0.0
1411,1444864,1.5942,375.0,0.0,0.0,0.447686,-0.001504,2.2e-05,0.001071,0.281483,0.013009,0.99978,5.985124,4.538498,5.979968,4.537498,4.0,8.342e-05,2,886,0.01869,0.02037,1.0,0.0,0.0,,,-0.01,0.00989,0.00018,0.00422,0.0,0.0
1412,1445888,1.23884,375.0,0.0,0.0,0.43129,-0.000976,2e-05,0.000992,0.297013,0.011265,0.999796,6.013988,4.543977,6.010587,4.539829,4.0,8.327e-05,1,872,0.01493,0.01576,1.0,0.0,0.0,,,-0.01,0.01067,0.00022,0.00425,0.0,0.0
1413,1446912,1.62589,375.0,0.0,0.0,0.444942,-0.001457,2.8e-05,0.001022,0.279545,0.014056,0.999747,5.99475,4.579797,5.994663,4.585659,4.0,8.312e-05,5,793,0.02246,0.02623,1.0,0.0,0.0,,,-0.01,0.00914,0.0002,0.00405,0.0,0.0
1414,1447936,1.54197,375.0,0.0,0.0,0.414722,-0.001727,1.6e-05,0.001302,0.300098,0.01552,0.999853,6.050561,4.569605,6.053886,4.569283,4.0,8.296e-05,2,834,0.01814,0.01981,1.0,0.0,0.0,,,-0.01,0.01012,0.00022,0.00422,0.0,0.0
1415,1448960,1.96099,375.0,0.0,0.0,0.402571,-0.000875,8e-06,0.001526,0.293529,0.017892,0.999919,6.095668,4.558814,6.096917,4.560472,4.0,8.281e-05,1,879,0.01549,0.01632,1.0,0.0,0.0,,,-0.01,0.01096,0.00035,0.00424,0.0,0.0
1416,1449984,1.67344,375.0,0.0,0.0,0.437685,-0.001676,2.4e-05,0.00157,0.264928,0.018624,0.999778,6.011443,4.619673,6.015517,4.623311,4.0,8.266e-05,6,867,0.02121,0.02539,1.0,0.0,0.0,,,-0.01,0.00959,0.00026,0.00407,0.0,0.0
1417,1451008,1.91342,375.0,0.0,0.0,0.435734,-0.001553,1.6e-05,0.002769,0.256933,0.025146,0.999857,6.012233,4.605059,6.012846,4.608688,4.0,8.25e-05,1,884,0.01995,0.02162,1.0,0.0,0.0,,,-0.01,0.01053,0.00016,0.00424,0.0,0.0
1418,1452032,1.69002,375.0,0.0,0.0,0.433753,-0.001224,1.2e-05,0.002122,0.313659,0.015032,0.99988,6.007565,4.613843,6.00884,4.617695,4.0,8.235e-05,1,842,0.01562,0.0166,1.0,0.0,0.0,,,-0.01,0.01118,0.00028,0.00425,0.0,0.0
1419,1453056,1.77452,375.0,0.0,0.0,0.44135,-0.000863,2.4e-05,0.001951,0.281721,0.021729,0.999781,5.971985,4.623595,5.975886,4.631435,4.0,8.22e-05,6,858,0.02232,0.02748,1.0,0.0,0.0,,,-0.01,0.00945,0.00025,0.00406,0.0,0.0
1420,1454080,1.9248,375.0,0.0,0.0,0.432031,-0.001176,1e-05,0.001393,0.313168,0.011056,0.999908,6.059882,4.578286,6.063067,4.579118,4.0,8.204e-05,1,882,0.01883,0.01967,1.0,0.0,0.0,,,-0.01,0.01035,0.00029,0.00425,0.0,0.0
1421,1455104,1.74286,375.0,0.0,0.0,0.421373,-0.00202,1e-05,0.002968,0.25722,0.026297,0.999908,6.105961,4.585047,6.108174,4.580909,4.0,8.189e-05,2,874,0.018,0.01883,1.0,0.0,0.0,,,-0.01,0.01087,0.00029,0.00425,0.0,0.0
1422,1456128,1.7883,375.0,0.0,0.0,0.472446,-0.000586,2.7e-05,0.001904,0.245642,0.016811,0.999746,6.048905,4.576477,6.046985,4.581084,4.0,8.173e-05,5,867,0.0286,0.03362,1.0,0.0,0.0,,,-0.01,0.00894,0.00025,0.00408,0.0,0.0
1423,1457152,1.84452,375.0,0.0,0.0,0.456795,-0.001588,1.3e-05,0.001657,0.30073,0.009452,0.999871,6.086944,4.55866,6.089628,4.555296,4.0,8.158e-05,1,862,0.018,0.01883,1.0,0.0,0.0,,,-0.01,0.01089,0.00023,0.00425,0.0,0.0
1424,1458176,1.69265,375.0,0.0,0.0,0.465998,-0.001587,1.6e-05,0.003707,0.289745,0.03125,0.999848,6.073592,4.546344,6.069407,4.543659,4.0,8.143e-05,3,889,0.01981,0.02148,1.0,0.0,0.0,,,-0.01,0.0106,0.00028,0.0042,0.0,0.0
1425,1459200,1.70847,375.0,0.0,0.0,0.445645,-0.001706,3.3e-05,0.001448,0.323033,0.019915,0.999695,5.97108,4.573302,5.968467,4.574611,4.0,8.127e-05,4,868,0.02386,0.02748,1.0,0.0,0.0,,,-0.01,0.00861,0.00025,0.00403,0.0,0.0
1426,1460224,1.88595,375.0,0.0,0.0,0.451514,-0.001726,1.4e-05,0.000935,0.389835,0.011161,0.999862,5.997581,4.529899,5.994454,4.522834,4.0,8.112e-05,1,875,0.02023,0.02009,1.0,0.0,0.0,,,-0.01,0.01078,0.00023,0.00414,0.0,0.0
1427,1461248,1.50676,375.0,0.0,0.0,0.400215,-0.002289,1.2e-05,0.003066,0.275494,0.03561,0.999893,5.992806,4.564201,5.994348,4.565781,4.0,8.097e-05,4,829,0.02148,0.02469,1.0,0.0,0.0,,,-0.01,0.01064,0.00021,0.00409,0.0,0.0
1428,1462272,1.89196,375.0,0.0,0.0,0.41799,-0.00115,2.2e-05,0.002187,0.306154,0.02424,0.999811,5.98829,4.597322,5.994094,4.601083,4.0,8.081e-05,3,858,0.02009,0.02176,1.0,0.0,0.0,,,-0.01,0.00947,0.00027,0.00409,0.0,0.0
1429,1463296,1.5995,375.0,0.0,0.0,0.424526,-0.001089,1.4e-05,0.001634,0.257155,0.018241,0.999873,6.036051,4.573759,6.04329,4.575674,4.0,8.066e-05,1,872,0.01395,0.01479,1.0,0.0,0.0,,,-0.01,0.0112,0.00026,0.00425,0.0,0.0
1430,1464320,1.81262,375.0,0.0,0.0,0.434008,-0.001564,1.4e-05,0.002163,0.238144,0.02417,0.999871,6.075654,4.587144,6.079856,4.592202,4.0,8.051e-05,4,871,0.01953,0.02246,1.0,0.0,0.0,,,-0.01,0.01031,0.00023,0.0041,0.0,0.0
1431,1465344,1.78086,375.0,0.0,0.0,0.478223,-0.002063,2.3e-05,0.001964,0.313435,0.023926,0.999791,6.0246,4.565109,6.021875,4.56672,4.0,8.035e-05,3,836,0.02455,0.02693,1.0,0.0,0.0,,,-0.01,0.00944,0.00027,0.00412,0.0,0.0
1432,1466368,1.8684,375.0,0.0,0.0,0.468803,-0.000608,8e-06,0.001539,0.295995,0.011719,0.999923,6.069418,4.559368,6.06917,4.55799,4.0,8.02e-05,2,882,0.02037,0.02176,1.0,0.0,0.0,,,-0.01,0.01069,0.00029,0.00419,0.0,0.0
1433,1467392,1.70869,375.0,0.0,0.0,0.463757,-0.002032,2.3e-05,0.001036,0.244838,0.012626,0.999779,6.025081,4.550226,6.020681,4.542533,4.0,8.004e-05,3,880,0.02093,0.02246,1.0,0.0,0.0,,,-0.01,0.009,0.0002,0.00407,0.0,0.0
1434,1468416,1.48532,375.0,0.0,0.0,0.469293,-0.00183,3.8e-05,0.000879,0.259141,0.008231,0.999626,5.994614,4.486036,5.987295,4.486468,4.0,7.989e-05,3,872,0.0219,0.02302,1.0,0.0,0.0,,,-0.01,0.00927,0.00013,0.00401,0.0,0.0
1435,1469440,1.60878,375.0,0.0,0.0,0.48163,-0.000869,2.2e-05,0.000907,0.382934,0.009312,0.999774,6.010581,4.488924,6.006468,4.48222,4.0,7.974e-05,2,839,0.01618,0.01688,1.0,0.0,0.0,,,-0.01,0.01046,0.00023,0.00409,0.0,0.0
1436,1470464,1.37871,375.0,0.0,0.0,0.456428,-0.001275,1.9e-05,0.000907,0.252013,0.01123,0.999821,6.020749,4.531702,6.025134,4.53579,4.0,7.958e-05,4,862,0.02232,0.02539,1.0,0.0,0.0,,,-0.01,0.00999,0.00014,0.00412,0.0,0.0
1437,1471488,1.64397,375.0,0.0,0.0,0.430745,-0.002417,2.9e-05,0.003957,0.301335,0.048689,0.999717,5.964114,4.50886,5.958474,4.507642,4.0,7.943e-05,2,861,0.01758,0.01925,1.0,0.0,0.0,,,-0.01,0.00965,0.00014,0.00419,0.0,0.0
1438,1472512,1.58143,375.0,0.0,0.0,0.414197,-0.001045,1.7e-05,0.001285,0.280923,0.011684,0.999831,6.01165,4.535182,6.00807,4.531074,4.0,7.928e-05,2,878,0.01465,0.01632,1.0,0.0,0.0,,,-0.01,0.01019,0.00016,0.00422,0.0,0.0
1439,1473536,1.57073,375.0,0.0,0.0,0.431946,-0.001588,1.5e-05,0.002697,0.260829,0.025914,0.999859,5.990253,4.576428,5.988946,4.578536,4.0,7.912e-05,4,837,0.01535,0.01828,1.0,0.0,0.0,,,-0.01,0.01,0.00017,0.0041,0.0,0.0
1440,1474560,1.51234,375.0,0.0,0.0,0.467979,-0.000911,3.1e-05,0.001094,0.30317,0.008719,0.999705,5.926148,4.591692,5.921142,4.589784,4.0,7.897e-05,2,856,0.01381,0.01576,1.0,0.0,0.0,,,-0.01,0.00994,0.00023,0.0042,0.0,0.0
1441,1475584,1.65949,375.0,0.0,0.0,0.480021,-0.001032,1.5e-05,0.001509,0.323584,0.017439,0.999859,5.938029,4.578642,5.936491,4.57671,4.0,7.882e-05,2,873,0.01451,0.01618,1.0,0.0,0.0,,,-0.01,0.01025,0.00024,0.00422,0.0,0.0
1442,1476608,1.67109,375.0,0.0,0.0,0.483958,-0.00135,3e-05,0.001899,0.254875,0.024972,0.999722,5.922265,4.554339,5.916165,4.549009,4.0,7.866e-05,4,859,0.02414,0.02693,1.0,0.0,0.0,,,-0.01,0.00927,0.00014,0.00405,0.0,0.0
1443,1477632,1.6107,375.0,0.0,0.0,0.481879,-0.003912,7.2e-05,0.002584,0.257004,0.028076,0.999158,5.946085,4.477272,5.938,4.464787,4.0,7.851e-05,3,869,0.03139,0.03278,1.0,0.0,0.0,,,-0.01,0.01015,-0.00021,0.00402,0.0,0.0
1444,1478656,1.83288,375.0,0.0,0.0,0.458133,-0.002507,4.2e-05,0.001258,0.273586,0.017857,0.999596,5.959284,4.503253,5.951805,4.502273,4.0,7.836e-05,1,823,0.02065,0.02121,1.0,0.0,0.0,,,-0.01,0.01006,8e-05,0.00406,0.0,0.0
1445,1479680,1.33043,375.0,0.0,0.0,0.456683,-0.001836,3.9e-05,0.002332,0.348637,0.018659,0.999626,5.904984,4.561172,5.893359,4.551406,4.0,7.82e-05,5,856,0.02065,0.02372,1.0,0.0,0.0,,,-0.01,0.00933,0.00015,0.00397,0.0,0.0
1446,1480704,1.29994,375.0,0.0,0.0,0.434051,-0.000745,2.4e-05,0.001306,0.244332,0.015311,0.999758,5.930065,4.49307,5.92704,4.496309,4.0,7.805e-05,2,865,0.0159,0.01744,1.0,0.0,0.0,,,-0.01,0.01003,0.00024,0.0042,0.0,0.0
1447,1481728,1.38797,375.0,0.0,0.0,0.410187,-0.001516,1.3e-05,0.002365,0.283563,0.023124,0.999875,5.967247,4.488591,5.971143,4.485834,4.0,7.789e-05,1,872,0.01604,0.01688,1.0,0.0,0.0,,,-0.01,0.01057,0.00021,0.00425,0.0,0.0
1448,1482752,1.7311,375.0,0.0,0.0,0.408376,-0.00232,2.9e-05,0.001366,0.381882,0.019566,0.999727,5.959647,4.514599,5.958596,4.511424,4.0,7.774e-05,5,835,0.02344,0.02776,1.0,0.0,0.0,,,-0.01,0.00953,0.00015,0.00411,0.0,0.0
1449,1483776,1.79911,375.0,0.0,0.0,0.433938,-0.001058,2.6e-05,0.000972,0.299912,0.011056,0.999754,5.973464,4.497539,5.970539,4.496678,4.0,7.759e-05,2,864,0.01897,0.02051,1.0,0.0,0.0,,,-0.01,0.00992,0.00024,0.0042,0.0,0.0
1450,1484800,1.22677,375.0,0.0,0.0,0.44192,-0.001218,3.1e-05,0.002098,0.270631,0.029541,0.999714,5.943246,4.533129,5.933679,4.52931,4.0,7.743e-05,1,868,0.01828,0.01925,1.0,0.0,0.0,,,-0.01,0.01035,0.00012,0.00414,0.0,0.0
1451,1485824,1.70061,375.0,0.0,0.0,0.42872,-0.001189,2.2e-05,0.001504,0.229896,0.017125,0.999795,5.938689,4.535824,5.941681,4.532168,4.0,7.728e-05,5,864,0.02148,0.02567,1.0,0.0,0.0,,,-0.01,0.00906,0.0002,0.00411,0.0,0.0
1452,1486848,1.15159,375.0,0.0,0.0,0.397812,-0.000742,1.8e-05,0.001089,0.328375,0.015695,0.999817,5.949508,4.505299,5.951883,4.500126,4.0,7.713e-05,2,833,0.01814,0.01981,1.0,0.0,0.0,,,-0.01,0.01041,0.0002,0.00422,0.0,0.0
1453,1487872,1.63122,375.0,0.0,0.0,0.407154,-0.002191,9e-06,0.003837,0.294433,0.043352,0.999913,6.014945,4.480516,6.016267,4.477387,4.0,7.697e-05,1,866,0.0173,0.01814,1.0,0.0,0.0,,,-0.01,0.01088,0.00023,0.00425,0.0,0.0
1454,1488896,1.73834,375.0,0.0,0.0,0.412273,-0.001598,1.9e-05,0.003133,0.238561,0.045306,0.999828,5.942014,4.523562,5.947468,4.528541,4.0,7.682e-05,5,865,0.01814,0.02246,1.0,0.0,0.0,,,-0.01,0.00993,0.00018,0.00408,0.0,0.0
1455,1489920,1.9727,375.0,0.0,0.0,0.429204,-0.000845,1.2e-05,0.000611,0.336712,0.005859,0.999896,5.959542,4.500396,5.964337,4.504199,4.0,7.667e-05,2,878,0.01688,0.01855,1.0,0.0,0.0,,,-0.01,0.01076,0.00019,0.00422,0.0,0.0
1456,1490944,1.72051,375.0,0.0,0.0,0.40617,-0.001094,9e-06,0.001233,0.255184,0.012277,0.999926,5.980994,4.508699,5.984468,4.507272,4.0,7.651e-05,1,843,0.01158,0.01242,1.0,0.0,0.0,,,-0.01,0.01118,0.00027,0.00425,0.0,0.0
1457,1491968,1.84336,375.0,0.0,0.0,0.436615,-0.000733,3.4e-05,0.001075,0.250989,0.009452,0.999683,5.900731,4.578806,5.891667,4.581982,4.0,7.636e-05,5,856,0.01897,0.0233,1.0,0.0,0.0,,,-0.01,0.00951,0.00016,0.00402,0.0,0.0
1458,1492992,1.75467,375.0,0.0,0.0,0.43022,-0.002419,2.4e-05,0.001053,0.29756,0.011544,0.999761,5.898837,4.554926,5.903812,4.555727,4.0,7.62e-05,2,878,0.01353,0.01479,1.0,0.0,0.0,,,-0.01,0.01009,0.00019,0.00417,0.0,0.0
1459,1494016,2.0045,375.0,0.0,0.0,0.412967,-0.001708,1.1e-05,0.00113,0.275089,0.013149,0.999896,5.923843,4.54296,5.929032,4.544353,4.0,7.605e-05,1,874,0.01283,0.01353,1.0,0.0,0.0,,,-0.01,0.01107,0.00022,0.00424,0.0,0.0
1460,1495040,1.67988,375.0,0.0,0.0,0.416852,-0.001273,3.5e-05,0.000571,0.256395,0.004464,0.999676,5.911661,4.534306,5.911621,4.535415,4.0,7.59e-05,6,816,0.02218,0.02693,1.0,0.0,0.0,,,-0.01,0.00906,0.00011,0.00405,0.0,0.0
1461,1496064,1.61187,375.0,0.0,0.0,0.422372,-0.000808,2.2e-05,0.000452,0.207617,0.005022,0.99979,5.962497,4.493925,5.960418,4.493813,4.0,7.574e-05,1,854,0.01772,0.01842,1.0,0.0,0.0,,,-0.01,0.01001,0.00019,0.00422,0.0,0.0
1462,1497088,1.93508,375.0,0.0,0.0,0.409834,-0.002753,4e-05,0.003975,0.240463,0.044399,0.999611,5.970722,4.511148,5.964589,4.507148,4.0,7.559e-05,1,835,0.01465,0.01549,1.0,0.0,0.0,,,-0.01,0.01075,0.00022,0.00404,0.0,0.0
1463,1498112,1.58981,375.0,0.0,0.0,0.438864,-0.001338,2e-05,0.00184,0.241368,0.023996,0.999814,5.940342,4.566157,5.944664,4.566835,4.0,7.544e-05,6,842,0.01869,0.02386,1.0,0.0,0.0,,,-0.01,0.0089,0.00024,0.00408,0.0,0.0
1464,1499136,1.18813,375.0,0.0,0.0,0.424071,-0.000785,2.1e-05,0.00106,0.319713,0.014125,0.999804,6.00023,4.521796,6.005798,4.522275,4.0,7.528e-05,1,818,0.01674,0.01758,1.0,0.0,0.0,,,-0.01,0.0109,0.00025,0.00425,0.0,0.0
1465,1500160,1.6459,375.0,0.0,0.0,0.403871,-0.000967,1e-05,0.001606,0.302901,0.017229,0.999904,6.036369,4.504299,6.035361,4.503919,4.0,7.513e-05,2,844,0.01618,0.01786,1.0,0.0,0.0,,,-0.01,0.0108,0.00022,0.00422,0.0,0.0
1466,1501184,1.72771,375.0,0.0,0.0,0.449244,-0.001556,3.3e-05,0.001584,0.249898,0.019113,0.999694,5.916809,4.596034,5.913798,4.603927,4.0,7.498e-05,5,846,0.02134,0.02525,1.0,0.0,0.0,,,-0.01,0.00912,0.00028,0.00408,0.0,0.0
1467,1502208,1.73961,375.0,0.0,0.0,0.452404,-0.002207,1.2e-05,0.00283,0.296013,0.040074,0.999886,5.947784,4.578312,5.946599,4.577272,4.0,7.482e-05,1,869,0.01423,0.01507,1.0,0.0,0.0,,,-0.01,0.01068,0.00022,0.00425,0.0,0.0
1468,1503232,1.68815,375.0,0.0,0.0,0.450561,-0.000968,1.6e-05,0.001199,0.211253,0.013184,0.999859,5.956583,4.575482,5.955503,4.579689,4.0,7.467e-05,4,858,0.0173,0.02023,1.0,0.0,0.0,,,-0.01,0.01035,0.00022,0.00412,0.0,0.0
1469,1504256,1.62777,375.0,0.0,0.0,0.462066,-0.001201,8.1e-05,0.002324,0.325957,0.024693,0.999156,5.915755,4.511663,5.897439,4.501491,4.0,7.452e-05,3,831,0.02093,0.02358,1.0,0.0,0.0,,,-0.01,0.00836,0.00027,0.00416,0.0,0.0
1470,1505280,1.9732,375.0,0.0,0.0,0.415221,-0.000822,4.9e-05,0.001206,0.177938,0.009591,0.999362,5.899298,4.435596,5.879871,4.427454,4.0,7.436e-05,1,859,0.01576,0.0166,1.0,0.0,0.0,,,-0.01,0.0098,0.00028,0.00425,0.0,0.0
1471,1506304,1.26311,375.0,0.0,0.0,0.379997,-0.002076,4e-05,0.000908,0.212125,0.008161,0.999597,5.871636,4.472851,5.869462,4.466138,4.0,7.421e-05,4,849,0.0173,0.02065,1.0,0.0,0.0,,,-0.01,0.00946,0.00025,0.00413,0.0,0.0
1472,1507328,1.57226,375.0,0.0,0.0,0.401859,-0.001084,2.6e-05,0.00069,0.219166,0.010324,0.999748,5.967906,4.473139,5.965423,4.468384,4.0,7.405e-05,3,868,0.01855,0.02079,1.0,0.0,0.0,,,-0.01,0.00903,0.00025,0.00415,0.0,0.0
1473,1508352,1.85268,375.0,0.0,0.0,0.418623,-0.001431,1.2e-05,0.000703,0.234526,0.005057,0.99988,6.006411,4.459011,6.002865,4.459502,4.0,7.39e-05,2,858,0.01562,0.01674,1.0,0.0,0.0,,,-0.01,0.01078,0.00024,0.0042,0.0,0.0
1474,1509376,1.56998,375.0,0.0,0.0,0.434255,-0.000971,1.3e-05,0.000689,0.280098,0.009138,0.999872,5.985414,4.499799,5.977393,4.493749,4.0,7.375e-05,3,858,0.01814,0.02107,1.0,0.0,0.0,,,-0.01,0.00982,0.00024,0.00418,0.0,0.0
1475,1510400,1.55178,375.0,0.0,0.0,0.429516,-0.001358,1.8e-05,0.001381,0.255851,0.015067,0.999833,5.906857,4.535335,5.912336,4.540618,4.0,7.359e-05,3,870,0.02079,0.02344,1.0,0.0,0.0,,,-0.01,0.01023,0.00026,0.00413,0.0,0.0
1476,1511424,1.48762,375.0,0.0,0.0,0.415564,-0.001128,1.5e-05,0.00131,0.198112,0.015799,0.999858,5.953842,4.528276,5.959241,4.531112,4.0,7.344e-05,2,875,0.01758,0.01925,1.0,0.0,0.0,,,-0.01,0.01082,0.00019,0.00422,0.0,0.0
1477,1512448,1.77206,375.0,0.0,0.0,0.413613,-0.002146,2.1e-05,0.003654,0.290604,0.046108,0.999803,5.95505,4.548257,5.958202,4.549503,4.0,7.329e-05,4,822,0.01576,0.01855,1.0,0.0,0.0,,,-0.01,0.00974,0.00027,0.00413,0.0,0.0
1478,1513472,1.89147,375.0,0.0,0.0,0.445024,-0.001274,2.4e-05,0.002657,0.273454,0.033308,0.999771,5.955714,4.487305,5.959959,4.489289,4.0,7.313e-05,2,867,0.0173,0.01967,1.0,0.0,0.0,,,-0.01,0.01032,0.00027,0.00423,0.0,0.0
1479,1514496,1.78249,375.0,0.0,0.0,0.449815,-0.001488,2.7e-05,0.002149,0.337271,0.028181,0.999734,5.946514,4.464617,5.949809,4.469292,4.0,7.298e-05,2,859,0.01674,0.01855,1.0,0.0,0.0,,,-0.01,0.01103,0.00022,0.00421,0.0,0.0
1480,1515520,1.89736,375.0,0.0,0.0,0.420286,-0.00224,2.2e-05,0.003139,0.286471,0.037144,0.9998,5.85781,4.562329,5.857593,4.567598,4.0,7.283e-05,4,858,0.01646,0.01981,1.0,0.0,0.0,,,-0.01,0.01073,0.00021,0.00413,0.0,0.0
1481,1516544,1.65116,375.0,0.0,0.0,0.428717,-0.000906,3.1e-05,0.002491,0.384402,0.026053,0.999719,5.886147,4.549464,5.888603,4.551157,4.0,7.267e-05,2,829,0.01716,0.01897,1.0,0.0,0.0,,,-0.01,0.00996,0.00021,0.00421,0.0,0.0
1482,1517568,1.79345,375.0,0.0,0.0,0.396222,-0.000518,1.5e-05,0.001515,0.305212,0.011823,0.999862,5.969261,4.521199,5.971988,4.520973,4.0,7.252e-05,2,856,0.01256,0.01423,1.0,0.0,0.0,,,-0.01,0.01029,0.00019,0.00422,0.0,0.0
1483,1518592,1.75987,375.0,0.0,0.0,0.41508,-0.000788,1.9e-05,0.001095,0.241055,0.013742,0.999818,5.970371,4.519475,5.967129,4.518629,4.0,7.236e-05,4,864,0.01995,0.02302,1.0,0.0,0.0,,,-0.01,0.00965,0.00027,0.0041,0.0,0.0
1484,1519616,1.83064,375.0,0.0,0.0,0.471786,-0.001323,3e-05,0.00134,0.276167,0.009766,0.999714,5.938012,4.467946,5.931041,4.463739,4.0,7.221e-05,3,875,0.01688,0.01897,1.0,0.0,0.0,,,-0.01,0.00964,0.00027,0.00413,0.0,0.0
1485,1520640,1.97365,375.0,0.0,0.0,0.473531,-0.002738,1.7e-05,0.002305,0.389775,0.023124,0.999832,5.913099,4.476795,5.913706,4.471323,4.0,7.206e-05,1,845,0.01479,0.01618,1.0,0.0,0.0,,,-0.01,0.01016,0.00023,0.00427,0.0,0.0
1486,1521664,1.45403,375.0,0.0,0.0,0.478932,-0.000372,2.2e-05,0.001488,0.382336,0.013358,0.999796,5.898044,4.492312,5.897918,4.490266,4.0,7.19e-05,5,852,0.0219,0.02581,1.0,0.0,0.0,,,-0.01,0.00921,0.00023,0.00409,0.0,0.0
1487,1522688,1.48319,375.0,0.0,0.0,0.493925,-0.00215,1.8e-05,0.002539,0.375488,0.028495,0.99982,5.943593,4.45811,5.943659,4.451274,4.0,7.175e-05,2,855,0.0226,0.02455,1.0,0.0,0.0,,,-0.01,0.01017,0.0002,0.00424,0.0,0.0
1488,1523712,1.4201,375.0,0.0,0.0,0.476799,-0.001441,1.8e-05,0.00225,0.319371,0.029262,0.999824,5.981681,4.441478,5.987444,4.442148,4.0,7.16e-05,1,875,0.0159,0.01674,1.0,0.0,0.0,,,-0.01,0.01068,0.00025,0.00425,0.0,0.0
1489,1524736,1.72664,375.0,0.0,0.0,0.459896,-0.001619,2.2e-05,0.002494,0.272286,0.030134,0.999797,5.965881,4.485019,5.971415,4.482401,4.0,7.144e-05,5,823,0.02358,0.0272,1.0,0.0,0.0,,,-0.01,0.00964,0.0003,0.00405,0.0,0.0
1490,1525760,1.92206,375.0,0.0,0.0,0.489169,-0.001786,1.7e-05,0.002399,0.369345,0.025809,0.999842,5.942176,4.4859,5.941498,4.482516,4.0,7.129e-05,2,855,0.01925,0.02107,1.0,0.0,0.0,,,-0.01,0.01044,0.00026,0.00421,0.0,0.0
1491,1526784,1.72249,375.0,0.0,0.0,0.45937,-0.001456,1.4e-05,0.002643,0.3265,0.026995,0.999874,5.919909,4.473162,5.918026,4.46933,4.0,7.114e-05,1,867,0.0173,0.01814,1.0,0.0,0.0,,,-0.01,0.01098,0.00026,0.00425,0.0,0.0
1492,1527808,1.70194,375.0,0.0,0.0,0.437301,-0.000999,2.7e-05,0.001551,0.312189,0.024554,0.999755,5.864518,4.534338,5.870923,4.534148,4.0,7.098e-05,5,854,0.02009,0.02455,1.0,0.0,0.0,,,-0.01,0.00952,0.00016,0.00411,0.0,0.0
1493,1528832,1.84672,375.0,0.0,0.0,0.432405,-0.001654,1.6e-05,0.002393,0.37635,0.036516,0.99984,5.957908,4.451687,5.965315,4.453321,4.0,7.083e-05,2,872,0.01437,0.01604,1.0,0.0,0.0,,,-0.01,0.01022,0.00025,0.00422,0.0,0.0
1494,1529856,1.48899,375.0,0.0,0.0,0.394616,-0.001123,1.3e-05,0.000797,0.217056,0.004848,0.999873,5.998863,4.433029,6.003993,4.433789,4.0,7.068e-05,1,854,0.01256,0.01325,1.0,0.0,0.0,,,-0.01,0.01105,0.00025,0.00424,0.0,0.0
1495,1530880,1.90513,375.0,0.0,0.0,0.401499,-0.00134,2e-05,0.0012,0.244736,0.014648,0.999819,5.966042,4.456953,5.972001,4.455041,4.0,7.052e-05,5,844,0.01758,0.02176,1.0,0.0,0.0,,,-0.01,0.00933,0.00023,0.00408,0.0,0.0
1496,1531904,1.7082,375.0,0.0,0.0,0.444332,-0.001286,1e-05,0.000744,0.275245,0.006417,0.999903,6.011798,4.415352,6.019794,4.418181,4.0,7.037e-05,2,863,0.01814,0.01981,1.0,0.0,0.0,,,-0.01,0.01085,0.00027,0.00422,0.0,0.0
1497,1532928,1.50613,375.0,0.0,0.0,0.427819,-0.001928,1.1e-05,0.002337,0.407271,0.02853,0.999894,6.062735,4.427043,6.066728,4.426402,4.0,7.021e-05,1,873,0.01786,0.01869,1.0,0.0,0.0,,,-0.01,0.01123,0.00025,0.00425,0.0,0.0
1498,1533952,1.81341,375.0,0.0,0.0,0.426644,-0.001938,2.4e-05,0.001995,0.289109,0.020996,0.99978,6.039753,4.49039,6.039367,4.491639,4.0,7.006e-05,5,824,0.01897,0.0233,1.0,0.0,0.0,,,-0.01,0.00943,0.00019,0.00401,0.0,0.0
1499,1534976,1.99348,375.0,0.0,0.0,0.406376,-0.001062,1.3e-05,0.002619,0.249082,0.036516,0.999879,6.050793,4.485461,6.054133,4.487556,4.0,6.991e-05,2,872,0.0166,0.01828,1.0,0.0,0.0,,,-0.01,0.01049,0.0003,0.00422,0.0,0.0
1500,1536000,1.36569,375.0,0.0,0.0,0.405137,-0.000784,9e-06,0.001245,0.288834,0.006208,0.999918,6.076008,4.490224,6.078476,4.493705,4.0,6.975e-05,1,882,0.01353,0.01437,1.0,0.0,0.0,,,-0.01,0.01112,0.00017,0.00425,0.0,0.0
1501,1537024,1.85301,375.0,0.0,0.0,0.445494,-0.000997,6.1e-05,0.001332,0.2665,0.017404,0.999389,5.945425,4.5413,5.945812,4.526346,4.0,6.96e-05,6,851,0.02246,0.02637,1.0,0.0,0.0,,,-0.01,0.00993,9e-05,0.0038,0.0,0.0
1502,1538048,1.31376,375.0,0.0,0.0,0.474028,-0.001516,4e-05,0.002064,0.326933,0.022531,0.999521,5.937553,4.471039,5.951131,4.451959,4.0,6.945e-05,1,833,0.02246,0.0233,1.0,0.0,0.0,,,-0.01,0.01131,-1e-05,0.00425,0.0,0.0
1503,1539072,1.82231,375.0,0.0,0.0,0.489057,-0.000977,3.6e-05,0.002534,0.308665,0.039446,0.999566,6.013664,4.423049,6.020022,4.404249,4.0,6.929e-05,1,864,0.02148,0.02218,1.0,0.0,0.0,,,-0.01,0.01131,-0.0001,0.00422,0.0,0.0
1504,1540096,1.85828,375.0,0.0,0.0,0.483495,-0.001253,4.3e-05,0.001536,0.305858,0.013707,0.999521,5.934921,4.460642,5.914818,4.467055,4.0,6.914e-05,6,850,0.02037,0.02427,1.0,0.0,0.0,,,-0.01,0.00849,0.00015,0.00392,0.0,0.0
1505,1541120,1.99958,375.0,0.0,0.0,0.487777,-0.003478,2.7e-05,0.007519,0.35506,0.107875,0.99973,5.927364,4.473597,5.92604,4.477488,4.0,6.899e-05,1,874,0.0127,0.01353,1.0,0.0,0.0,,,-0.01,0.01043,0.00014,0.0042,0.0,0.0
1506,1542144,1.02037,375.0,0.0,0.0,0.45093,-0.001345,5.3e-05,0.000711,0.338306,0.006592,0.999457,5.884032,4.492728,5.870331,4.49286,4.0,6.883e-05,2,830,0.02162,0.02288,1.0,0.0,0.0,,,-0.01,0.0099,6e-05,0.00413,0.0,0.0
1507,1543168,1.63578,375.0,0.0,0.0,0.482147,-0.001389,9.4e-05,0.001457,0.256497,0.016915,0.998967,5.753744,4.46597,5.759054,4.471677,4.0,6.868e-05,5,856,0.03641,0.0406,1.0,0.0,0.0,,,-0.01,0.00932,-0.00035,0.00407,0.0,0.0
1508,1544192,0.77989,375.0,0.0,0.0,0.512588,-0.001158,5.7e-05,0.000725,0.333713,0.006417,0.999325,5.793465,4.445529,5.793405,4.451323,4.0,6.852e-05,1,876,0.03013,0.03097,1.0,0.0,0.0,,,-0.01,0.0113,-0.00027,0.00425,0.0,0.0
1509,1545216,1.73245,375.0,0.0,0.0,0.483152,-0.002256,3.4e-05,0.001734,0.296474,0.024449,0.99967,5.849811,4.446153,5.854831,4.439214,4.0,6.837e-05,4,870,0.02427,0.02679,1.0,0.0,0.0,,,-0.01,0.01105,3e-05,0.00414,0.0,0.0
1510,1546240,1.6416,375.0,0.0,0.0,0.494362,-0.001434,5.4e-05,0.002466,0.357243,0.026821,0.999485,5.866567,4.419302,5.871533,4.423018,4.0,6.822e-05,3,822,0.01842,0.02176,1.0,0.0,0.0,,,-0.01,0.00986,0.00025,0.00419,0.0,0.0
1511,1547264,1.93886,375.0,0.0,0.0,0.466414,-0.00082,1.7e-05,0.001597,0.301932,0.018415,0.999829,5.990796,4.317816,5.994502,4.319773,4.0,6.806e-05,1,860,0.01507,0.0159,1.0,0.0,0.0,,,-0.01,0.01101,0.00018,0.00425,0.0,0.0
1512,1548288,1.78122,375.0,0.0,0.0,0.433806,-0.002715,2.1e-05,0.002946,0.322689,0.029681,0.999797,6.005025,4.327286,6.008904,4.329429,4.0,6.791e-05,4,866,0.01451,0.01786,1.0,0.0,0.0,,,-0.01,0.01104,0.00022,0.00415,0.0,0.0
1513,1549312,2.06389,375.0,0.0,0.0,0.43787,-0.001107,3.5e-05,0.00158,0.258949,0.023507,0.999639,6.01182,4.363566,6.019636,4.369714,4.0,6.776e-05,3,871,0.01702,0.01953,1.0,0.0,0.0,,,-0.01,0.00983,0.00018,0.00418,0.0,0.0
1514,1550336,1.92555,375.0,0.0,0.0,0.435271,-0.000942,1.5e-05,0.001122,0.222971,0.015834,0.999849,6.058719,4.342603,6.064124,4.348391,4.0,6.76e-05,2,793,0.01172,0.01256,1.0,0.0,0.0,,,-0.01,0.01133,0.00028,0.00425,0.0,0.0
1515,1551360,2.00408,375.0,0.0,0.0,0.444763,-0.001883,2.9e-05,0.002681,0.279401,0.025286,0.999728,6.058972,4.420557,6.053971,4.423644,4.0,6.745e-05,3,824,0.01576,0.01925,1.0,0.0,0.0,,,-0.01,0.01023,0.00028,0.00404,0.0,0.0
1516,1552384,1.81792,375.0,0.0,0.0,0.474235,-0.001256,3.2e-05,0.001092,0.2607,0.009696,0.999692,6.040975,4.472502,6.037711,4.482375,4.0,6.73e-05,3,683,0.01925,0.02176,1.0,0.0,0.0,,,-0.01,0.00985,0.00025,0.00417,0.0,0.0
1517,1553408,1.4562,375.0,0.0,0.0,0.442721,-0.001679,2.1e-05,0.000978,0.221794,0.011649,0.999798,6.058015,4.448418,6.060473,4.452381,4.0,6.714e-05,2,736,0.01953,0.02121,1.0,0.0,0.0,,,-0.01,0.01099,0.00014,0.0042,0.0,0.0
1518,1554432,1.98439,375.0,0.0,0.0,0.409741,-0.001922,2.1e-05,0.003375,0.294444,0.041574,0.999818,6.063398,4.465178,6.066065,4.466108,4.0,6.699e-05,4,857,0.01618,0.01855,1.0,0.0,0.0,,,-0.01,0.00993,0.00024,0.00417,0.0,0.0
1519,1555456,1.22587,375.0,0.0,0.0,0.446059,-0.000879,1.9e-05,0.001687,0.239756,0.010393,0.999838,6.065993,4.449526,6.072879,4.453065,4.0,6.684e-05,2,809,0.01437,0.01688,1.0,0.0,0.0,,,-0.01,0.01101,0.00018,0.00418,0.0,0.0
1520,1556480,2.08576,375.0,0.0,0.0,0.431079,-0.001714,1.7e-05,0.002108,0.268505,0.017125,0.999837,6.119699,4.435196,6.125519,4.442741,4.0,6.668e-05,2,868,0.01409,0.01576,1.0,0.0,0.0,,,-0.01,0.01127,0.00024,0.00423,0.0,0.0
1521,1557504,1.95656,375.0,0.0,0.0,0.438549,-0.001696,3.1e-05,0.000657,0.278444,0.003871,0.999712,6.077699,4.463529,6.084995,4.4631,4.0,6.653e-05,4,848,0.01702,0.02023,1.0,0.0,0.0,,,-0.01,0.01033,0.00032,0.00413,0.0,0.0
1522,1558528,2.18322,375.0,0.0,0.0,0.440211,-0.001934,2.5e-05,0.003138,0.283306,0.038923,0.999758,6.045995,4.393569,6.051361,4.397377,4.0,6.637e-05,2,848,0.01409,0.0159,1.0,0.0,0.0,,,-0.01,0.01045,0.00027,0.00421,0.0,0.0
1523,1559552,2.03925,375.0,0.0,0.0,0.45374,-0.001389,2e-05,0.000625,0.243399,0.004883,0.999806,6.066505,4.428232,6.06853,4.429691,4.0,6.622e-05,2,844,0.01772,0.01939,1.0,0.0,0.0,,,-0.01,0.01106,0.00027,0.00422,0.0,0.0
1524,1560576,1.80047,375.0,0.0,0.0,0.442083,-0.000814,2.9e-05,0.000627,0.262009,0.003278,0.999729,6.094144,4.457963,6.099871,4.455748,4.0,6.607e-05,4,815,0.01562,0.01897,1.0,0.0,0.0,,,-0.01,0.00991,0.00022,0.00415,0.0,0.0
1525,1561600,1.86362,375.0,0.0,0.0,0.465196,-0.001711,2.1e-05,0.004364,0.252823,0.048514,0.999799,6.166358,4.461453,6.176832,4.468668,4.0,6.591e-05,3,854,0.01674,0.01842,1.0,0.0,0.0,,,-0.01,0.01075,0.00029,0.00422,0.0,0.0
1526,1562624,1.48698,375.0,0.0,0.0,0.458314,-0.001317,1.4e-05,0.000668,0.295607,0.006487,0.999874,6.204492,4.497388,6.204292,4.4994,4.0,6.576e-05,1,852,0.01702,0.01855,1.0,0.0,0.0,,,-0.01,0.01121,0.00016,0.0042,0.0,0.0
1527,1563648,1.94059,375.0,0.0,0.0,0.463305,-0.001582,1.8e-05,0.001235,0.337611,0.016183,0.999835,6.146515,4.5352,6.150753,4.534488,4.0,6.561e-05,5,816,0.01981,0.02344,1.0,0.0,0.0,,,-0.01,0.01091,0.00011,0.00409,0.0,0.0
1528,1564672,1.9042,375.0,0.0,0.0,0.499376,-0.001166,1.8e-05,0.002087,0.29205,0.020473,0.999842,6.148875,4.493832,6.150185,4.496776,4.0,6.545e-05,2,706,0.01618,0.01842,1.0,0.0,0.0,,,-0.01,0.01046,0.00023,0.0042,0.0,0.0
1529,1565696,1.78322,375.0,0.0,0.0,0.475526,-0.000811,1.6e-05,0.001846,0.245955,0.0113,0.999862,6.163536,4.486902,6.164325,4.485416,4.0,6.53e-05,1,691,0.01297,0.01381,1.0,0.0,0.0,,,-0.01,0.01161,0.00022,0.00425,0.0,0.0
1530,1566720,2.11025,375.0,0.0,0.0,0.470605,-0.001765,3.4e-05,0.002351,0.341653,0.032261,0.999707,6.075662,4.577651,6.073586,4.587241,4.0,6.515e-05,5,738,0.02037,0.02455,1.0,0.0,0.0,,,-0.01,0.01124,0.00019,0.0041,0.0,0.0
1531,1567744,1.82555,375.0,0.0,0.0,0.462609,-0.001799,2.2e-05,0.002201,0.296432,0.026995,0.999793,6.032439,4.509303,6.026145,4.517971,4.0,6.499e-05,2,757,0.01883,0.02051,1.0,0.0,0.0,,,-0.01,0.01008,0.00027,0.00422,0.0,0.0
1532,1568768,1.29153,375.0,0.0,0.0,0.420167,-0.001257,1.8e-05,0.001639,0.31216,0.015904,0.999816,6.090604,4.452146,6.084633,4.461947,4.0,6.484e-05,1,805,0.01451,0.01535,1.0,0.0,0.0,,,-0.01,0.01066,0.00024,0.00425,0.0,0.0
1533,1569792,1.93382,375.0,0.0,0.0,0.406546,-0.00072,4.5e-05,0.001321,0.202889,0.014683,0.999581,6.088939,4.52071,6.09756,4.513894,4.0,6.468e-05,5,813,0.0226,0.02693,1.0,0.0,0.0,,,-0.01,0.01193,0.00015,0.00409,0.0,0.0
1534,1570816,2.04845,375.0,0.0,0.0,0.441569,-0.001094,7.7e-05,0.001106,0.189475,0.006487,0.999275,6.000056,4.620146,5.996709,4.616052,4.0,6.453e-05,2,813,0.02037,0.02176,1.0,0.0,0.0,,,-0.01,0.01093,0.0002,0.00414,0.0,0.0
1535,1571840,2.16122,375.0,0.0,0.0,0.429281,-0.001199,8.9e-05,0.000332,0.197819,0.002476,0.999138,6.027375,4.55792,6.024217,4.544984,4.0,6.438e-05,1,831,0.02246,0.0226,1.0,0.0,0.0,,,-0.01,0.01083,5e-05,0.00414,0.0,0.0
1536,1572864,2.22632,375.0,0.0,0.0,0.426541,-0.001253,3.9e-05,0.002106,0.214143,0.021415,0.999635,5.964649,4.620652,5.984634,4.612158,4.0,6.422e-05,5,802,0.01897,0.02302,1.0,0.0,0.0,,,-0.01,0.01206,0.00018,0.0041,0.0,0.0
1537,1573888,1.7927,375.0,0.0,0.0,0.496032,-0.000824,6e-05,0.001143,0.259863,0.010917,0.999349,6.007877,4.500269,6.008239,4.486358,4.0,6.407e-05,2,818,0.01786,0.01953,1.0,0.0,0.0,,,-0.01,0.01121,0.00022,0.0042,0.0,0.0
1538,1574912,1.10912,375.0,0.0,0.0,0.462305,-0.000911,3.3e-05,0.000478,0.25255,0.003174,0.999647,6.026656,4.451592,6.028295,4.440072,4.0,6.392e-05,1,828,0.01716,0.018,1.0,0.0,0.0,,,-0.01,0.0114,9e-05,0.00425,0.0,0.0
1539,1575936,2.53056,375.0,0.0,0.0,0.434023,-0.003032,5.4e-05,0.002355,0.308178,0.019636,0.999497,6.025336,4.463473,6.024043,4.46287,4.0,6.376e-05,5,836,0.01981,0.02358,1.0,0.0,0.0,,,-0.01,0.01136,6e-05,0.00385,0.0,0.0
1540,1576960,1.62993,375.0,0.0,0.0,0.41925,-0.001094,3.8e-05,0.001522,0.310389,0.011614,0.999593,6.120056,4.417791,6.134666,4.416446,4.0,6.361e-05,2,838,0.01339,0.01521,1.0,0.0,0.0,,,-0.01,0.01198,0.00014,0.00421,0.0,0.0
1541,1577984,2.32863,375.0,0.0,0.0,0.41797,-0.001929,6.7e-05,0.001903,0.467193,0.025391,0.999295,6.131414,4.404978,6.134382,4.391232,4.0,6.346e-05,1,861,0.01283,0.01381,1.0,0.0,0.0,,,-0.01,0.01206,0.00023,0.00423,0.0,0.0
1542,1579008,2.25174,375.0,0.0,0.0,0.463692,-0.016907,0.000736,0.004419,0.485944,0.044438,0.991653,6.083712,4.435139,6.062655,4.44683,4.0,6.33e-05,6,834,0.01629,0.02134,1.0,0.16667,0.0,,,-0.01,0.01101,0.00018,0.00406,-0.00051,0.0
1543,1580032,2.30415,375.0,0.0,0.0,0.4814,-0.001514,7.6e-05,0.001787,0.319165,0.018834,0.999675,6.15204,4.425753,6.145594,4.429261,4.0,6.315e-05,1,858,0.01409,0.01493,1.0,0.0,0.0,,,-0.01,0.01043,0.00021,0.00424,0.0,0.0
1544,1581056,2.49696,375.0,0.0,0.0,0.465105,-0.001243,4.1e-05,0.001467,0.355198,0.01559,0.999705,6.195488,4.457812,6.190221,4.45769,4.0,6.3e-05,1,822,0.01493,0.0159,1.0,0.0,0.0,,,-0.01,0.01053,0.0002,0.00414,0.0,0.0
1545,1582080,1.62819,375.0,0.0,0.0,0.453057,-0.00125,4.6e-05,0.001458,0.308576,0.016183,0.999597,6.115159,4.544039,6.114782,4.553005,4.0,6.284e-05,6,834,0.01786,0.02288,1.0,0.0,0.0,,,-0.01,0.01163,0.0002,0.00401,0.0,0.0
1546,1583104,1.68329,375.0,0.0,0.0,0.483573,-0.001729,2e-05,0.001523,0.293913,0.015869,0.999809,6.143115,4.504056,6.143287,4.514874,4.0,6.269e-05,1,856,0.01186,0.01256,1.0,0.0,0.0,,,-0.01,0.01088,0.00023,0.00424,0.0,0.0
1547,1584128,2.10404,375.0,0.0,0.0,0.494336,-0.00109,2.2e-05,0.000907,0.329694,0.009696,0.999802,6.216751,4.492003,6.220534,4.498352,4.0,6.253e-05,2,865,0.0127,0.01395,1.0,0.0,0.0,,,-0.01,0.01088,0.00029,0.00419,0.0,0.0
1548,1585152,2.18137,375.0,0.0,0.0,0.459629,-0.001305,6.5e-05,0.000643,0.285633,0.006138,0.999407,6.156862,4.516695,6.14643,4.518561,4.0,6.238e-05,5,804,0.01911,0.02288,1.0,0.0,0.0,,,-0.01,0.01019,0.00019,0.00403,0.0,0.0
1549,1586176,1.96932,375.0,0.0,0.0,0.50089,-0.001613,3.9e-05,0.002654,0.296155,0.028878,0.999628,6.179649,4.419813,6.169623,4.420934,4.0,6.223e-05,1,859,0.01423,0.01479,1.0,0.0,0.0,,,-0.01,0.00998,0.00022,0.0042,0.0,0.0
1550,1587200,1.68875,375.0,0.0,0.0,0.495804,-0.000936,2.1e-05,0.002106,0.288594,0.026297,0.999802,6.176155,4.507526,6.178066,4.509274,4.0,6.207e-05,3,862,0.01772,0.01981,1.0,0.0,0.0,,,-0.01,0.01146,0.00026,0.00415,0.0,0.0
1551,1588224,1.95944,375.0,0.0,0.0,0.441287,-0.001355,5.4e-05,0.001807,0.275392,0.020612,0.999538,6.005639,4.623545,6.019234,4.621959,4.0,6.192e-05,4,836,0.01562,0.01939,1.0,0.0,0.0,,,-0.01,0.01162,0.00019,0.00417,0.0,0.0
1552,1589248,1.55786,375.0,0.0,0.0,0.441134,-0.001869,3e-05,0.002551,0.295421,0.025739,0.99972,6.157903,4.500299,6.16969,4.500769,4.0,6.177e-05,1,824,0.01409,0.01493,1.0,0.0,0.0,,,-0.01,0.01145,0.00028,0.00425,0.0,0.0
1553,1590272,2.23384,375.0,0.0,0.0,0.438091,-0.001737,5.8e-05,0.001353,0.261131,0.011823,0.999429,6.234312,4.43712,6.231402,4.438041,4.0,6.161e-05,4,842,0.01702,0.02037,1.0,0.0,0.0,,,-0.01,0.01126,0.00015,0.00413,0.0,0.0
1554,1591296,2.29136,375.0,0.0,0.0,0.470235,-0.001651,7.5e-05,0.002331,0.221129,0.015276,0.999256,6.083642,4.538517,6.085269,4.536656,4.0,6.146e-05,3,831,0.01883,0.02148,1.0,0.0,0.0,,,-0.01,0.01143,0.00019,0.00418,0.0,0.0
1555,1592320,2.65111,375.0,0.0,0.0,0.507956,-0.001911,5.4e-05,0.002265,0.268469,0.024902,0.999513,6.153786,4.478821,6.163596,4.473116,4.0,6.131e-05,1,844,0.018,0.01883,1.0,0.0,0.0,,,-0.01,0.01128,0.00021,0.00425,0.0,0.0
1556,1593344,1.69934,375.0,0.0,0.0,0.478375,-0.001591,2.5e-05,0.001729,0.293394,0.020822,0.99977,6.217415,4.460396,6.221362,4.465716,4.0,6.115e-05,4,806,0.01995,0.02344,1.0,0.0,0.0,,,-0.01,0.01189,0.0003,0.00414,0.0,0.0
1557,1594368,2.28964,375.0,0.0,0.0,0.433622,-0.000832,0.000112,0.001612,0.263753,0.008929,0.999012,6.1085,4.588792,6.127071,4.585572,4.0,6.1e-05,3,818,0.02051,0.02302,1.0,0.0,0.0,,,-0.01,0.014,0.00012,0.00417,0.0,0.0
1558,1595392,2.71658,375.0,0.0,0.0,0.478232,-0.00113,5.9e-05,0.002104,0.289593,0.020996,0.99943,6.118575,4.4959,6.104213,4.491738,4.0,6.084e-05,2,847,0.01953,0.02121,1.0,0.0,0.0,,,-0.01,0.01125,0.00019,0.00422,0.0,0.0
1559,1596416,2.49281,375.0,0.0,0.0,0.444442,-0.000793,6e-05,0.001352,0.21373,0.00708,0.999406,6.118707,4.509246,6.130695,4.496479,4.0,6.069e-05,3,838,0.02037,0.02288,1.0,0.0,0.0,,,-0.01,0.01274,0.00021,0.00417,0.0,0.0
1560,1597440,2.27575,375.0,0.0,0.0,0.472415,-0.00119,0.000127,0.00146,0.315453,0.01416,0.998902,6.053872,4.602444,6.059382,4.596395,4.0,6.054e-05,3,797,0.01883,0.02148,1.0,0.0,0.0,,,-0.01,0.01394,0.00013,0.00408,0.0,0.0
1561,1598464,2.81483,375.0,0.0,0.0,0.512922,-0.001964,5.7e-05,0.001942,0.381697,0.013428,0.999515,6.098211,4.587378,6.083367,4.597353,4.0,6.038e-05,2,828,0.02065,0.02246,1.0,0.0,0.0,,,-0.01,0.01068,0.00012,0.00421,0.0,0.0
1562,1599488,2.39569,375.0,0.0,0.0,0.471148,-0.001028,8.2e-05,0.001347,0.28487,0.017892,0.99928,6.059555,4.569364,6.052217,4.568285,4.0,6.023e-05,4,807,0.02037,0.02316,1.0,0.0,0.0,,,-0.01,0.01327,0.00012,0.00408,0.0,0.0
1563,1600512,2.71803,375.0,0.0,0.0,0.44981,-0.002289,0.000212,0.004127,0.369055,0.054688,0.998072,5.974772,4.53886,5.988245,4.530561,4.0,6.008e-05,2,824,0.02093,0.0226,1.0,0.0,0.0,,,-0.01,0.01334,0.00012,0.0042,0.0,0.0
1564,1601536,1.7848,375.0,0.0,0.0,0.564441,-0.001108,8.2e-05,0.002489,0.279344,0.015555,0.999222,6.066487,4.464787,6.047031,4.455587,4.0,5.992e-05,2,812,0.02107,0.02218,1.0,0.0,0.0,,,-0.01,0.01059,0.00018,0.00415,0.0,0.0
1565,1602560,3.08108,375.0,0.0,0.0,0.515013,-0.00102,5.9e-05,0.00054,0.297347,0.004534,0.999486,6.043007,4.543343,6.037365,4.542834,4.0,5.977e-05,4,819,0.02344,0.02665,1.0,0.0,0.0,,,-0.01,0.01367,8e-05,0.00412,0.0,0.0
1566,1603584,2.24426,375.0,0.0,0.0,0.428598,-0.001402,0.003135,0.00256,0.361792,0.035699,0.970223,5.952846,4.536866,5.919736,4.471934,4.0,5.962e-05,2,828,0.01666,0.01907,1.0,0.0,0.0,,,-0.01,0.01455,5e-05,0.00425,-0.00102,0.0
1567,1604608,2.19009,375.0,0.0,0.0,0.44458,-0.003055,0.000259,0.006035,0.33981,0.086191,0.997538,5.877558,4.407962,5.86198,4.403197,4.0,5.946e-05,2,852,0.02619,0.02054,1.0,0.0,0.0,,,-0.01,0.0121,9e-05,0.00356,0.0,0.0
1568,1605632,2.27162,375.0,0.0,0.0,0.450957,-0.2186,0.005191,0.001666,0.863323,0.014438,0.983819,5.886312,4.379516,5.881678,4.351523,4.0,5.931e-05,5,808,0.01973,0.02334,1.0,0.6,0.0,,,-0.01,0.01458,0.00012,0.00425,-0.00052,0.0
1569,1606656,3.79236,375.0,0.0,0.0,0.432683,-0.001603,0.000396,0.001186,0.376615,0.013253,0.997112,6.112291,4.634445,6.085096,4.634702,4.0,5.916e-05,2,823,0.01883,0.02162,1.0,0.0,0.0,,,-0.01,0.01304,0.00011,0.00418,0.0,0.0
1570,1607680,2.2806,375.0,0.0,0.0,0.463061,-0.000698,0.001497,0.001208,0.294974,0.00967,0.986925,6.052041,4.549058,6.017645,4.526838,4.0,5.9e-05,1,855,0.01637,0.01765,1.0,0.0,0.0,,,-0.01,0.01172,0.00015,0.00429,-0.00051,0.0
1571,1608704,2.61589,375.0,0.0,0.0,0.432175,-0.001617,0.000158,0.002171,0.282418,0.029545,0.99847,6.098254,4.405662,6.12915,4.387486,4.0,5.885e-05,5,840,0.02472,0.02898,1.0,0.0,0.0,,,-0.01,0.01543,6e-05,0.00417,0.0,0.0
1572,1609728,2.40952,375.0,0.0,0.0,0.378555,-0.001345,0.000355,0.001242,0.253231,0.017255,0.99649,6.15328,4.359015,6.219493,4.318994,4.0,5.869e-05,2,811,0.02268,0.02438,1.0,0.5,0.0,,,-0.01,0.01777,1e-05,0.00428,0.0,0.0
1573,1610752,3.56205,375.0,0.0,0.0,0.453984,-0.002097,0.000369,0.001281,0.320419,0.0143,0.996684,6.08807,4.426893,6.0752,4.438348,4.0,5.854e-05,1,837,0.01786,0.01869,1.0,0.0,0.0,,,-0.01,0.01304,0.00011,0.00425,0.00015,0.0
1574,1611776,3.43212,375.0,0.0,0.0,0.425566,-0.001144,0.000272,0.002735,0.268291,0.038156,0.997391,6.168702,4.424723,6.190041,4.415089,4.0,5.839e-05,5,822,0.02804,0.03223,1.0,0.0,0.0,,,-0.01,0.01623,7e-05,0.00409,0.0,0.0
1575,1612800,4.06206,375.0,0.0,0.0,0.37055,-0.001296,0.000372,0.000437,0.211552,0.005545,0.996039,6.256014,4.243328,6.346771,4.181931,4.0,5.823e-05,2,818,0.02748,0.02916,1.0,0.0,0.0,,,-0.01,0.01884,3e-05,0.00422,0.0,0.0
1576,1613824,3.8936,375.0,0.0,0.0,0.388825,-0.001739,0.000533,0.000789,0.267528,0.007499,0.99468,6.274242,4.275627,6.281484,4.265533,4.0,5.808e-05,1,801,0.02776,0.0286,1.0,0.0,0.0,,,-0.01,0.01618,-6e-05,0.00424,0.0,0.0
1577,1614848,4.17843,375.0,0.0,0.0,0.379357,-0.000991,0.00037,0.000981,0.305935,0.008057,0.996293,6.361527,4.271775,6.410473,4.257325,4.0,5.793e-05,5,809,0.03627,0.04046,1.0,0.0,0.0,,,-0.01,0.01843,-0.00011,0.00403,0.0,0.0
1578,1615872,4.86538,375.0,0.0,0.0,0.342295,-0.001106,0.000435,0.000933,0.310018,0.010393,0.99509,6.478823,4.15264,6.597453,4.059073,4.0,5.777e-05,2,828,0.03739,0.03906,1.0,0.0,0.0,,,-0.01,0.02194,-0.00015,0.00409,0.0,0.0
1579,1616896,7.43138,375.0,0.0,0.0,0.38804,-0.00118,0.000501,0.001151,0.313153,0.014369,0.994338,6.450691,4.085504,6.463363,4.069058,4.0,5.762e-05,1,837,0.03237,0.03306,1.0,0.0,0.0,,,-0.01,0.01619,-9e-05,0.00424,0.0,0.0
1580,1617920,4.43854,375.0,0.0,0.0,0.414869,-0.002117,0.00045,0.001715,0.350472,0.02117,0.994629,6.431409,4.032162,6.468754,4.018665,4.0,5.747e-05,5,785,0.04799,0.05232,1.0,0.0,0.0,,,-0.01,0.01881,-0.00022,0.00406,0.0,0.0
1581,1618944,5.19294,375.0,0.0,0.0,0.384767,-0.001314,0.000555,0.001025,0.298487,0.011789,0.992306,6.582844,3.837524,6.726836,3.704405,4.0,5.731e-05,2,819,0.05134,0.05287,1.0,0.0,0.0,,,-0.01,0.02294,-0.00027,0.0042,0.00031,0.0
1582,1619968,6.86235,375.0,0.0,0.0,0.418742,-0.001349,0.000405,0.00127,0.306929,0.015834,0.994568,6.598155,3.754499,6.672726,3.681944,4.0,5.716e-05,1,833,0.05566,0.05664,1.0,0.0,0.0,,,-0.01,0.01966,-0.0004,0.00425,0.0,0.0
1583,1620992,5.05516,375.0,0.0,0.0,0.408622,-0.001655,0.000355,0.000967,0.27181,0.010672,0.994898,6.760142,3.60697,6.833188,3.568913,4.0,5.7e-05,6,803,0.08315,0.0851,1.0,0.0,0.0,,,-0.01,0.02043,-0.00061,0.00354,0.0,0.0
1584,1622016,6.24645,375.0,0.0,0.0,0.384826,-0.000921,0.000364,0.0007,0.275758,0.004499,0.994006,6.859231,3.515908,7.006145,3.406095,4.0,5.685e-05,1,787,0.07296,0.07478,1.0,0.0,0.0,,,-0.01,0.02424,-0.00055,0.00395,0.0,0.0
1585,1623040,7.9256,375.0,0.0,0.0,0.387235,-0.001953,0.000385,0.001559,0.369792,0.023542,0.993692,6.840725,3.415216,6.980433,3.326177,4.0,5.67e-05,1,813,0.05776,0.05859,1.0,0.0,0.0,,,-0.01,0.02348,-0.00039,0.00425,0.0,0.0
1586,1624064,6.19673,375.0,0.0,0.0,0.418142,-0.001336,0.000404,0.001875,0.323498,0.02138,0.993313,6.90205,3.338239,6.955749,3.324655,4.0,5.654e-05,6,812,0.06961,0.07492,1.0,0.0,0.0,,,-0.01,0.02062,-0.00045,0.00404,0.0,0.0
1587,1625088,3.42314,375.0,0.0,0.0,0.385998,-0.000719,0.001594,0.000749,0.280883,0.007983,0.969575,6.934142,3.200557,6.996869,3.119167,4.0,5.639e-05,1,832,0.06611,0.06317,1.0,0.0,0.0,,,-0.01,0.02129,-0.00042,0.00356,-0.0005,0.0
1588,1626112,5.28679,375.0,0.0,0.0,0.408512,-6.3e-05,0.000449,0.001301,0.39549,0.015696,0.990149,6.924806,3.015049,6.969767,2.969936,4.0,5.624e-05,2,800,0.05412,0.04929,1.0,0.0,0.0,,,-0.01,0.01776,-0.00028,0.00366,0.0,0.0
1589,1627136,5.58133,375.0,0.0,0.0,0.393563,-0.001366,0.000284,0.000879,0.248761,0.008659,0.993708,7.170005,2.944783,7.291725,2.89648,4.0,5.608e-05,5,793,0.07137,0.07626,1.0,0.2,0.0,,,-0.01,0.02386,-0.00055,0.00404,0.0,0.0
1590,1628160,3.58255,375.0,0.0,0.0,0.353984,-0.000382,0.00037,0.000798,0.191506,0.008301,0.991346,7.255456,2.86962,7.360804,2.823182,4.0,5.593e-05,1,816,0.04548,0.04632,1.0,0.0,0.0,,,-0.01,0.02152,-0.00033,0.00424,0.0,0.0
1591,1629184,4.88852,375.0,0.0,0.0,0.366105,-0.001223,0.000485,0.001487,0.273336,0.021415,0.987242,7.118329,2.784958,7.183259,2.729459,4.0,5.578e-05,3,808,0.04297,0.04464,1.0,0.0,0.0,,,-0.01,0.02019,-0.00025,0.00417,0.00014,0.0
1592,1630208,6.73436,375.0,0.0,0.0,0.351066,-0.040194,0.001133,0.002399,0.433293,0.052116,0.960529,7.206761,2.55794,7.313727,2.47708,4.0,5.562e-05,4,774,0.05728,0.06093,1.0,0.0,0.0,,,-0.01,0.02468,-0.00031,0.0039,-0.00051,0.0
1593,1631232,6.98548,375.0,0.0,0.0,0.354814,-0.000969,0.000271,0.000989,0.254045,0.006747,0.990128,7.398885,2.437489,7.548985,2.314872,4.0,5.547e-05,1,810,0.03864,0.03892,1.0,0.0,0.0,,,-0.01,0.02424,-0.00026,0.00427,0.0,0.0
1594,1632256,6.98406,375.0,0.0,0.0,0.352225,-0.000735,0.000305,0.000656,0.308937,0.008026,0.987693,7.403768,2.316958,7.557664,2.215351,4.0,5.532e-05,4,814,0.0446,0.04801,1.0,0.0,0.0,,,-0.01,0.02469,-0.00022,0.00416,0.0,0.0
1595,1633280,6.60824,375.0,0.0,0.0,0.353121,-0.051587,0.000251,0.001266,0.476322,0.031579,0.989275,7.664616,2.032743,7.850346,1.942378,4.0,5.516e-05,3,801,0.0501,0.05276,1.0,0.33333,0.0,,,-0.01,0.0279,-0.00032,0.00407,0.0,0.0
1596,1634304,7.66667,375.0,0.0,0.0,0.385493,-0.000848,0.000304,0.001161,0.338013,0.010951,0.982368,7.553097,1.944322,7.70674,1.833406,4.0,5.501e-05,1,784,0.0452,0.0459,1.0,0.0,0.0,,,-0.01,0.02458,-0.00034,0.00424,0.0,0.0
1597,1635328,7.33005,375.0,0.0,0.0,0.400539,-0.000767,0.000284,0.001316,0.354682,0.014858,0.97824,7.749123,1.782472,7.895509,1.649363,4.0,5.485e-05,4,810,0.04911,0.05246,1.0,0.0,0.0,,,-0.01,0.02396,-0.00032,0.00399,0.0,0.0
1598,1636352,7.14472,375.0,0.0,0.0,0.346261,-0.000894,0.000338,0.000643,0.272368,0.005301,0.97603,8.119665,1.683738,8.251609,1.606978,4.0,5.47e-05,3,802,0.0498,0.0505,1.0,0.0,0.0,,,-0.01,0.02502,-0.0003,0.00372,0.0,0.0
1599,1637376,5.71703,375.0,0.0,0.0,0.344592,-0.001168,0.00036,0.000772,0.203856,0.003627,0.970967,8.171944,1.563059,8.255193,1.518641,4.0,5.455e-05,2,827,0.0445,0.04604,1.0,0.0,0.0,,,-0.01,0.02137,-0.00033,0.0042,0.0,0.0
1600,1638400,7.75426,375.0,0.0,0.0,0.310044,-0.000676,0.000404,0.001278,0.210356,0.018345,0.964498,8.225943,1.494304,8.289651,1.46628,4.0,5.439e-05,3,783,0.03809,0.04074,1.0,0.0,0.0,,,-0.01,0.02007,-0.00021,0.0042,0.0,0.0
1601,1639424,3.61431,375.0,0.0,0.0,0.342245,-0.000925,0.000281,0.000765,0.261076,0.005092,0.971018,8.288177,1.365713,8.425863,1.305133,4.0,5.424e-05,3,822,0.04478,0.04743,1.0,0.0,0.0,,,-0.01,0.02502,-0.00028,0.00418,0.0,0.0
1602,1640448,6.61318,375.0,0.0,0.0,0.395478,-0.0011,0.000271,0.003429,0.353665,0.042446,0.956969,8.376373,1.206992,8.503824,1.118054,4.0,5.409e-05,2,817,0.03948,0.04129,1.0,0.0,0.0,,,-0.01,0.02398,-0.00024,0.00409,0.0,0.0
1603,1641472,7.24236,375.0,0.0,0.0,0.345144,-0.041299,0.001802,0.001659,0.343164,0.024815,0.692541,8.504888,1.065797,8.563339,1.142477,4.0,5.393e-05,4,824,0.04699,0.05126,1.0,0.25,0.0,,,-0.01,0.02395,-0.00034,0.00407,-0.00103,0.0
1604,1642496,5.86058,375.0,0.0,0.0,0.345819,0.001957,0.000975,0.001168,0.601786,0.015905,0.729145,8.829823,0.841807,8.949613,0.872317,4.0,5.378e-05,2,788,0.04313,0.0451,1.0,0.5,0.0,,,-0.01,0.02647,-0.0003,0.0042,-0.00051,0.0
1605,1643520,7.46397,375.0,0.0,0.0,0.367204,-0.000343,0.000258,0.001069,0.347743,0.012322,0.880971,8.972589,0.697721,9.113101,0.624531,4.0,5.363e-05,2,820,0.04503,0.04673,1.0,0.0,0.0,,,-0.01,0.02495,-0.00038,0.00429,0.0,0.0
1606,1644544,7.10949,375.0,0.0,0.0,0.414891,-0.028038,0.000284,0.0016,1.043835,0.018701,0.866331,9.017304,0.642303,9.166422,0.581586,4.0,5.347e-05,4,765,0.05719,0.06043,1.0,0.25,0.0,,,-0.01,0.02667,-0.00038,0.0041,0.0,0.0
1607,1645568,6.90859,375.0,0.0,0.0,0.402841,-0.056531,0.002539,0.001873,0.323922,0.018768,0.449712,9.225367,0.630384,9.224204,1.021206,4.0,5.332e-05,2,796,0.06701,0.06245,1.0,0.0,0.0,,,-0.01,0.02581,-0.0005,0.00346,-0.00127,0.0
1608,1646592,7.86099,375.0,0.0,0.0,0.359354,-0.071996,0.000561,0.001352,0.65408,0.013982,0.7915,9.226325,0.569246,9.272797,0.743345,4.0,5.316e-05,2,836,0.05205,0.04851,1.0,0.5,0.0,,,-0.01,0.02173,-0.00047,0.00353,-0.00052,0.0
1609,1647616,4.44699,375.0,0.0,0.0,0.36663,-0.020175,0.001659,0.00182,0.450475,0.026776,0.657062,9.259231,0.647809,9.266543,0.996122,4.0,5.301e-05,4,857,0.04593,0.04916,1.0,0.5,0.0,,,-0.01,0.02203,-0.00031,0.00416,-0.00101,0.0
1610,1648640,6.35877,375.0,0.0,0.0,0.355825,0.035634,0.000251,0.001192,1.387964,0.008812,0.840396,9.371553,0.455273,9.531611,0.54719,4.0,5.286e-05,3,792,0.04135,0.04334,1.0,0.33333,0.0,,,-0.01,0.02655,-0.00022,0.00419,0.0,0.0
1611,1649664,8.09884,375.0,0.0,0.0,0.402668,-0.002461,0.00031,0.001814,0.4518,0.025604,0.822766,9.303967,0.519264,9.423803,0.607002,4.0,5.27e-05,1,836,0.04332,0.04432,1.0,0.0,0.0,,,-0.01,0.02462,-0.00036,0.00435,0.00014,0.0
1612,1650688,6.98649,375.0,0.0,0.0,0.396939,-0.001618,0.000276,0.001528,0.326446,0.016329,0.908318,9.526354,0.679065,9.605919,0.766493,4.0,5.255e-05,5,809,0.04814,0.05208,1.0,0.2,0.0,,,-0.01,0.02318,-0.0004,0.0041,0.0,0.0
1613,1651712,6.34752,375.0,0.0,0.0,0.383382,-0.00127,0.000347,0.001501,0.299611,0.019636,0.921998,9.751229,0.788089,9.838821,0.898422,4.0,5.24e-05,2,831,0.03585,0.03781,1.0,0.0,0.0,,,-0.01,0.02322,-0.00023,0.00411,0.0,0.0
1614,1652736,3.28976,375.0,0.0,0.0,0.400643,-0.000433,0.000335,0.000771,0.266634,0.004429,0.928628,9.798552,0.826479,9.904826,0.90203,4.0,5.224e-05,1,799,0.0385,0.03948,1.0,0.0,0.0,,,-0.01,0.02382,-0.00034,0.00423,0.0,0.0
1615,1653760,6.82106,375.0,0.0,0.0,0.41958,-0.002166,0.000291,0.002322,0.377217,0.022845,0.933382,9.931161,0.827935,10.044458,0.893708,4.0,5.209e-05,5,807,0.05497,0.05887,1.0,0.0,0.0,,,-0.01,0.02537,-0.00042,0.00403,0.0,0.0
1616,1654784,7.95231,375.0,0.0,0.0,0.440324,-0.00062,0.00028,0.001022,0.331727,0.009068,0.944377,10.088922,0.858941,10.203481,0.988368,4.0,5.194e-05,2,813,0.05441,0.0558,1.0,0.0,0.0,,,-0.01,0.02513,-0.00045,0.00419,0.0,0.0
1617,1655808,8.08157,375.0,0.0,0.0,0.462428,-0.001064,0.000279,0.001739,0.395033,0.019287,0.958667,10.136802,1.017589,10.213198,1.138947,4.0,5.178e-05,1,830,0.04994,0.05078,1.0,0.0,0.0,,,-0.01,0.02348,-0.00045,0.00423,0.0,0.0
1618,1656832,6.69898,375.0,0.0,0.0,0.434266,-0.00149,0.000312,0.00162,0.268507,0.023786,0.963226,10.201873,1.143835,10.286779,1.231747,4.0,5.163e-05,5,824,0.06738,0.07171,1.0,0.0,0.0,,,-0.01,0.02347,-0.00073,0.00408,0.0,0.0
1619,1657856,5.79307,375.0,0.0,0.0,0.454536,-0.000872,0.000233,0.001715,0.477201,0.019148,0.971878,10.34907,1.171069,10.453713,1.31124,4.0,5.148e-05,2,828,0.07478,0.07659,1.0,0.0,0.0,,,-0.01,0.0256,-0.00093,0.00421,0.0,0.0
1620,1658880,7.87311,375.0,0.0,0.0,0.488124,-0.00187,0.000266,0.002103,0.407094,0.027972,0.975317,10.370336,1.32043,10.469002,1.447931,4.0,5.132e-05,1,815,0.07143,0.07227,1.0,0.0,0.0,,,-0.01,0.02503,-0.001,0.00423,0.0,0.0
1621,1659904,6.49895,375.0,0.0,0.0,0.426673,-0.002019,0.000258,0.002548,0.455179,0.029157,0.979177,10.596689,1.396319,10.701444,1.482149,4.0,5.117e-05,5,823,0.06682,0.07115,1.0,0.0,1.0,,,-0.01,0.0258,-0.00073,0.00406,0.0,0.0
1622,1660928,7.83283,375.0,0.0,0.0,0.430348,-0.000917,0.000188,0.001474,0.377306,0.017404,0.984745,10.769454,1.427778,10.883204,1.542586,4.0,5.101e-05,2,822,0.05622,0.0579,1.0,0.0,0.0,,,-0.01,0.02601,-0.00046,0.00422,0.0,0.0
1623,1661952,7.44263,375.0,0.0,0.0,0.428411,-0.00042,0.00018,0.001115,0.430465,0.014335,0.987424,10.731064,1.567723,10.840241,1.679219,4.0,5.086e-05,1,785,0.04492,0.04576,1.0,0.0,0.0,,,-0.01,0.02524,-0.0003,0.00425,0.0,0.0
1624,1662976,7.12196,375.0,0.0,0.0,0.414003,-0.00097,0.000254,0.000754,0.297961,0.009975,0.985635,10.951747,1.705709,11.040145,1.781894,4.0,5.071e-05,6,684,0.05594,0.06027,1.0,0.0,0.0,,,-0.01,0.02508,-0.00044,0.00383,0.0,0.0
1625,1664000,7.5036,375.0,0.0,0.0,0.389705,-0.001473,0.00022,0.001853,0.350339,0.027309,0.987921,11.065033,1.744554,11.173952,1.857323,4.0,5.055e-05,1,683,0.05259,0.05427,1.0,0.0,0.0,,,-0.01,0.02602,-0.00048,0.0042,0.0,0.0
1626,1665024,7.51658,375.0,0.0,0.0,0.385284,-0.001359,0.000372,0.001293,0.368051,0.017229,0.982839,10.951982,1.898201,11.014552,2.000673,4.0,5.04e-05,1,701,0.0385,0.03934,1.0,0.0,0.0,,,-0.01,0.02353,-0.00032,0.00425,0.0,0.0
1627,1666048,7.11943,375.0,0.0,0.0,0.391595,-0.001844,0.000347,0.001001,0.301516,0.012033,0.985792,11.130598,2.022566,11.197145,2.096385,4.0,5.025e-05,6,648,0.06194,0.06613,1.0,0.0,0.0,,,-0.01,0.02415,-0.00034,0.00368,0.0,0.0
1628,1667072,5.08882,375.0,0.0,0.0,0.378143,-0.001166,0.000322,0.001167,0.318987,0.014021,0.987657,11.272824,2.088498,11.35782,2.155069,4.0,5.009e-05,1,692,0.05036,0.05176,1.0,0.0,0.0,,,-0.01,0.02513,-0.00043,0.00379,0.0,0.0
1629,1668096,6.86501,375.0,0.0,0.0,0.355699,-0.001287,0.000542,0.000654,0.295665,0.00715,0.980177,11.181868,2.124645,11.248435,2.195052,4.0,4.994e-05,1,708,0.03836,0.03948,1.0,0.0,0.0,,,-0.01,0.02457,-0.00025,0.00404,0.0,0.0
1630,1669120,6.64856,375.0,0.0,0.0,0.369298,-0.001439,0.000352,0.001224,0.335433,0.015625,0.986761,11.347249,2.105453,11.423059,2.196589,4.0,4.979e-05,6,705,0.05036,0.05483,1.0,0.0,0.0,,,-0.01,0.02441,-0.00025,0.00393,0.0,0.0
1631,1670144,7.99813,375.0,0.0,0.0,0.349876,-0.000154,0.000274,0.00047,0.402365,0.003209,0.990713,11.435309,2.207257,11.544881,2.276797,4.0,4.963e-05,1,658,0.0406,0.04157,1.0,0.0,0.0,,,-0.01,0.02593,-0.0003,0.00425,0.0,0.0
1632,1671168,7.139,375.0,0.0,0.0,0.35594,-0.001051,0.000276,0.00094,0.330745,0.011509,0.991031,11.473594,2.304655,11.543303,2.407822,4.0,4.948e-05,2,696,0.04102,0.04311,1.0,0.0,0.0,,,-0.01,0.02405,-0.00022,0.00409,0.0,0.0
1633,1672192,7.10787,375.0,0.0,0.0,0.38625,-0.00321,0.000507,0.001135,0.329651,0.016288,0.984256,11.758707,2.377094,11.803759,2.459569,4.0,4.932e-05,5,698,0.06278,0.06724,1.0,0.0,0.0,,,-0.01,0.02359,-0.00058,0.00366,0.0,0.0
1634,1673216,5.55534,375.0,0.0,0.0,0.356082,-0.001481,0.000432,0.001028,0.276768,0.010428,0.987644,11.848345,2.476576,11.905287,2.576145,4.0,4.917e-05,1,648,0.05232,0.05232,1.0,0.0,0.0,,,-0.01,0.02382,-0.00041,0.00397,0.0,0.0
1635,1674240,6.17205,375.0,0.0,0.0,0.347899,-0.001229,0.000279,0.001023,0.33358,0.014718,0.992744,11.835958,2.596847,11.919455,2.697464,4.0,4.902e-05,4,696,0.04018,0.04325,1.0,0.0,0.0,,,-0.01,0.02483,-0.00022,0.00412,0.0,0.0
1636,1675264,7.31552,375.0,0.0,0.0,0.347758,-0.00131,0.000246,0.000816,0.283398,0.008615,0.994849,12.00607,2.734371,12.123522,2.778118,4.0,4.886e-05,3,706,0.05148,0.05427,1.0,0.0,0.0,,,-0.01,0.02747,-0.00034,0.00419,0.0,0.0
1637,1676288,8.07211,375.0,0.0,0.0,0.420385,-0.000342,0.000199,0.000392,0.377973,0.001814,0.995689,11.957973,2.841762,12.042871,2.9382,4.0,4.871e-05,1,663,0.05594,0.05664,1.0,0.0,0.0,,,-0.01,0.0258,-0.00046,0.00408,0.0,0.0
1638,1677312,7.54526,375.0,0.0,0.0,0.449441,-0.001025,0.000253,0.001323,0.370486,0.014195,0.994944,11.880496,2.949784,11.951499,3.036356,4.0,4.856e-05,4,655,0.05594,0.05957,1.0,0.0,0.0,,,-0.01,0.02476,-0.00034,0.00402,0.0,0.0
1639,1678336,7.07705,375.0,0.0,0.0,0.373045,-0.001306,0.000274,0.000587,0.337055,0.00722,0.99529,12.073832,3.01485,12.202703,3.042835,4.0,4.84e-05,3,687,0.05287,0.05566,1.0,0.0,0.0,,,-0.01,0.02813,-0.00036,0.00416,0.0,0.0
1640,1679360,7.6239,375.0,0.0,0.0,0.393807,-0.001057,0.000259,0.001122,0.421547,0.012835,0.995246,12.07841,3.01465,12.175934,3.072598,4.0,4.825e-05,2,701,0.05176,0.05315,1.0,0.0,0.0,,,-0.01,0.02619,-0.00032,0.00417,0.0,0.0
1641,1680384,7.63229,375.0,0.0,0.0,0.385179,-0.001099,0.000319,0.000799,0.313488,0.010114,0.994305,12.079897,3.090697,12.121528,3.163163,4.0,4.81e-05,3,640,0.04897,0.05176,1.0,0.0,0.0,,,-0.01,0.02343,-0.0003,0.00419,0.0,0.0
1642,1681408,6.82365,375.0,0.0,0.0,0.314476,-0.000699,0.000345,0.000772,0.25747,0.011509,0.994525,12.252318,3.183087,12.370264,3.205164,4.0,4.794e-05,3,706,0.04994,0.05232,1.0,0.0,0.0,,,-0.01,0.0273,-0.00034,0.00415,0.0,0.0
1643,1682432,7.33904,375.0,0.0,0.0,0.3853,-0.000748,0.000222,0.000804,0.348096,0.008405,0.996324,12.270546,3.195755,12.342149,3.2823,4.0,4.779e-05,2,699,0.04911,0.0505,1.0,0.0,0.0,,,-0.01,0.02495,-0.00033,0.00419,0.0,0.0
1644,1683456,7.45751,375.0,0.0,0.0,0.447673,-0.001311,0.000254,0.001089,0.376731,0.013602,0.995874,12.226303,3.291454,12.265841,3.370514,4.0,4.764e-05,4,651,0.06124,0.06431,1.0,0.0,0.0,,,-0.01,0.02392,-0.00038,0.00409,0.0,0.0
1645,1684480,7.30214,375.0,0.0,0.0,0.366708,-0.000989,0.000282,0.00113,0.266038,0.013637,0.99599,12.606402,3.377451,12.70015,3.435644,4.0,4.748e-05,2,698,0.05776,0.05873,1.0,0.0,0.0,,,-0.01,0.02668,-0.00038,0.00412,0.0,0.0
1646,1685504,6.6473,375.0,0.0,0.0,0.345456,-0.00043,0.000275,0.000444,0.357983,0.003069,0.996012,12.635934,3.454712,12.708032,3.508482,4.0,4.733e-05,2,720,0.03418,0.03585,1.0,0.0,0.0,,,-0.01,0.0253,-0.00023,0.00419,0.0,0.0
1647,1686528,7.33115,375.0,0.0,0.0,0.328018,-0.00163,0.000352,0.001297,0.336342,0.018276,0.994988,12.669119,3.461755,12.734225,3.5272,4.0,4.717e-05,4,661,0.05022,0.05329,1.0,0.0,0.0,,,-0.01,0.02535,-0.00038,0.00402,0.0,0.0
1648,1687552,7.75189,375.0,0.0,0.0,0.309627,-0.001392,0.00036,0.000428,0.355816,0.004743,0.994868,12.705491,3.428524,12.79037,3.476333,4.0,4.702e-05,2,679,0.04255,0.04339,1.0,0.0,0.0,,,-0.01,0.02762,-0.00028,0.00409,0.0,0.0
1649,1688576,7.48606,375.0,0.0,0.0,0.344152,-0.001316,0.000385,0.000883,0.25909,0.013044,0.995316,12.657003,3.68172,12.709654,3.715328,4.0,4.687e-05,2,706,0.04408,0.04576,1.0,0.0,0.0,,,-0.01,0.02481,-0.0003,0.00422,0.0,0.0
1650,1689600,6.62666,375.0,0.0,0.0,0.349356,-0.000477,0.000434,0.000399,0.222415,0.004639,0.994725,12.720424,3.727651,12.748149,3.762774,4.0,4.671e-05,4,698,0.04297,0.04618,1.0,0.0,0.0,,,-0.01,0.02357,-0.00023,0.00401,0.0,0.0
1651,1690624,7.35606,375.0,0.0,0.0,0.319594,-0.001037,0.000251,0.000798,0.268948,0.012347,0.996916,13.110549,3.668999,13.244523,3.665837,4.0,4.656e-05,3,643,0.04018,0.04213,1.0,0.0,0.0,,,-0.01,0.02944,-0.00029,0.00414,0.0,0.0
1652,1691648,8.35568,375.0,0.0,0.0,0.384779,-0.000518,0.000201,0.001006,0.341618,0.014021,0.997555,13.013336,3.666774,13.08665,3.726296,4.0,4.641e-05,1,648,0.04869,0.05008,1.0,0.0,0.0,,,-0.01,0.02701,-0.00036,0.00428,0.0,0.0
1653,1692672,8.04916,375.0,0.0,0.0,0.404709,-0.000394,0.000252,0.000815,0.280085,0.009975,0.996869,12.956258,3.735751,13.012904,3.786366,4.0,4.625e-05,5,657,0.06208,0.06571,1.0,0.0,0.0,,,-0.01,0.02568,-0.00051,0.00397,0.0,0.0
1654,1693696,7.71169,375.0,0.0,0.0,0.377528,-0.000553,0.000306,0.000263,0.332849,0.001883,0.996433,12.97741,3.793882,13.055847,3.845902,4.0,4.61e-05,2,650,0.05692,0.05915,1.0,0.0,0.0,,,-0.01,0.02685,-0.00043,0.00414,0.0,0.0
1655,1694720,7.91994,375.0,0.0,0.0,0.401418,-0.000597,0.000227,0.000634,0.275666,0.007778,0.997341,12.866373,3.860045,12.9206,3.911858,4.0,4.595e-05,1,707,0.04883,0.0498,1.0,0.0,0.0,,,-0.01,0.02466,-0.00037,0.00425,0.0,0.0
1656,1695744,7.2845,375.0,0.0,0.0,0.351277,-0.001598,0.000398,0.001331,0.259769,0.019741,0.995531,12.896805,3.892377,12.946608,3.910486,4.0,4.579e-05,5,689,0.06334,0.06738,1.0,0.0,0.0,,,-0.01,0.02607,-0.00045,0.00389,0.0,0.0
1657,1696768,7.09068,375.0,0.0,0.0,0.288997,-0.000537,0.000263,0.000488,0.281943,0.003732,0.997098,13.083959,3.899801,13.197584,3.903466,4.0,4.564e-05,2,658,0.04925,0.05036,1.0,0.0,0.0,,,-0.01,0.02871,-0.00036,0.00415,0.0,0.0
1658,1697792,7.891,375.0,0.0,0.0,0.328613,-0.000796,0.000303,0.000492,0.284548,0.004639,0.996736,13.070246,3.91402,13.152742,3.932669,4.0,4.548e-05,1,683,0.03962,0.04046,1.0,0.0,0.0,,,-0.01,0.02693,-0.00021,0.00425,0.0,0.0
1659,1698816,8.0827,375.0,0.0,0.0,0.336355,-0.000596,0.000306,0.00043,0.276389,0.002476,0.996797,13.228197,3.975215,13.305709,3.999402,4.0,4.533e-05,5,690,0.04953,0.05357,1.0,0.0,0.0,,,-0.01,0.02647,-0.00029,0.00403,0.0,0.0
1660,1699840,7.2582,375.0,0.0,0.0,0.318219,-0.000341,0.000285,0.000526,0.442171,0.005755,0.997097,13.438275,4.031033,13.557639,4.029133,4.0,4.518e-05,2,672,0.04618,0.04785,1.0,0.0,0.0,,,-0.01,0.02927,-0.00031,0.00422,0.0,0.0
1661,1700864,7.83836,375.0,0.0,0.0,0.336509,-0.001401,0.000259,0.001225,0.393693,0.016183,0.997302,13.342128,4.007423,13.419466,4.056228,4.0,4.502e-05,1,661,0.03795,0.03892,1.0,0.0,0.0,,,-0.01,0.02778,-0.00028,0.00425,0.0,0.0
1662,1701888,8.46006,375.0,0.0,0.0,0.321033,-0.001025,0.000295,0.000711,0.276248,0.010638,0.996945,13.405843,4.018258,13.4704,4.071963,4.0,4.487e-05,5,697,0.04171,0.0459,1.0,0.0,0.0,,,-0.01,0.02712,-0.00027,0.00405,0.0,0.0
1663,1702912,8.3022,375.0,0.0,0.0,0.275381,-0.000321,0.000295,0.000365,0.26557,0.003836,0.997074,13.511178,4.101797,13.613133,4.117568,4.0,4.472e-05,2,698,0.0353,0.03697,1.0,0.0,0.0,,,-0.01,0.02803,-0.00021,0.00422,0.0,0.0
1664,1703936,6.51812,375.0,0.0,0.0,0.31685,-0.00057,0.000233,0.000454,0.282902,0.004011,0.997701,13.457765,4.065009,13.5439,4.102831,4.0,4.456e-05,1,651,0.03711,0.03809,1.0,0.0,0.0,,,-0.01,0.02768,-0.00021,0.00402,0.0,0.0
1665,1704960,8.24974,375.0,0.0,0.0,0.338585,-0.000821,0.00025,0.000655,0.31943,0.006557,0.997411,13.688059,4.016894,13.763964,4.057739,4.0,4.441e-05,5,683,0.05301,0.05692,1.0,0.0,0.0,,,-0.01,0.02738,-0.00041,0.00397,0.0,0.0
1666,1705984,8.27589,375.0,0.0,0.0,0.241309,-0.000322,0.000249,0.000317,0.22792,0.000872,0.997437,13.836884,4.020969,13.940888,4.046267,4.0,4.426e-05,2,698,0.03404,0.03571,1.0,0.0,0.0,,,-0.01,0.02908,-0.00023,0.00422,0.0,0.0
1667,1707008,8.00789,375.0,0.0,0.0,0.240387,-0.001522,0.000244,0.001117,0.254064,0.013951,0.997589,13.835837,4.124924,13.929415,4.162998,4.0,4.41e-05,1,638,0.0293,0.03013,1.0,0.0,0.0,,,-0.01,0.02814,-0.00017,0.00425,0.0,0.0
1668,1708032,8.32897,375.0,0.0,0.0,0.252399,-0.000895,0.000463,0.000248,0.254669,0.003209,0.995257,14.205943,4.108994,14.274523,4.142621,4.0,4.395e-05,6,673,0.03892,0.04339,1.0,0.0,0.0,,,-0.01,0.02833,-0.00026,0.00324,0.0,0.0
1669,1709056,9.43428,375.0,0.0,0.0,0.220126,-0.000279,0.000728,8.7e-05,0.20836,0.000488,0.992334,14.18686,4.144659,14.194579,4.210178,4.0,4.38e-05,1,712,0.03906,0.04004,1.0,0.0,0.0,,,-0.01,0.0264,-0.00028,0.00197,0.0,0.0
1670,1710080,8.57609,375.0,0.0,0.0,0.276441,-0.000787,0.000713,0.000576,0.231705,0.00708,0.993062,13.862267,4.29181,13.842019,4.396205,4.0,4.364e-05,1,665,0.03864,0.03948,1.0,0.0,0.0,,,-0.01,0.02453,-0.00026,0.00208,0.0,0.0
1671,1711104,5.95752,375.0,0.0,0.0,0.269376,-0.000673,0.000517,0.000198,0.197738,0.000244,0.995431,13.989606,4.444349,14.045516,4.485111,4.0,4.349e-05,6,673,0.04116,0.04618,1.0,0.0,0.0,,,-0.01,0.02637,-0.00017,0.00289,0.0,0.0
1672,1712128,8.2138,375.0,0.0,0.0,0.249837,-0.000645,0.000265,0.000442,0.292867,0.004534,0.997876,14.071046,4.546469,14.163596,4.564305,4.0,4.333e-05,1,691,0.03306,0.03404,1.0,0.0,0.0,,,-0.01,0.02893,-0.00029,0.00411,0.0,0.0
1673,1713152,7.39459,375.0,0.0,0.0,0.318517,-0.001143,0.000228,0.000603,0.325468,0.006104,0.998049,13.98342,4.570342,14.047608,4.635149,4.0,4.318e-05,2,683,0.03013,0.03167,1.0,0.0,0.0,,,-0.01,0.027,-0.00018,0.0042,0.0,0.0
1674,1714176,8.55944,375.0,0.0,0.0,0.260562,-0.000447,0.000346,9e-05,0.240998,0.000349,0.997342,14.244231,4.637409,14.320345,4.656295,4.0,4.303e-05,5,643,0.04325,0.04674,1.0,0.0,0.0,,,-0.01,0.02749,-0.00027,0.0038,0.0,0.0
1675,1715200,6.65117,375.0,0.0,0.0,0.236774,-0.00197,0.000299,0.000247,0.308989,0.002441,0.99756,14.280009,4.647608,14.333895,4.685265,4.0,4.287e-05,1,678,0.03167,0.03223,1.0,0.0,0.0,,,-0.01,0.02729,-0.00015,0.0041,0.0,0.0
1676,1716224,8.14746,375.0,0.0,0.0,0.296986,-0.000561,0.000187,0.000498,0.335711,0.003557,0.998424,14.109917,4.653824,14.174613,4.708354,4.0,4.272e-05,4,670,0.03655,0.03934,1.0,0.0,0.0,,,-0.01,0.02659,-0.0003,0.00413,0.0,0.0
1677,1717248,7.98285,375.0,0.0,0.0,0.234837,-0.000595,0.000204,0.000302,0.23178,0.002372,0.998446,14.393427,4.631557,14.502007,4.627261,4.0,4.257e-05,3,629,0.03934,0.04227,1.0,0.0,0.0,,,-0.01,0.02935,-0.00026,0.00418,0.0,0.0
1678,1718272,7.15208,375.0,0.0,0.0,0.24636,-0.000797,0.000235,0.000387,0.2733,0.004569,0.998207,14.333397,4.675709,14.40329,4.700332,4.0,4.241e-05,1,687,0.03167,0.03251,1.0,0.0,0.0,,,-0.01,0.02765,-0.00016,0.00425,0.0,0.0
1679,1719296,8.15991,375.0,0.0,0.0,0.346687,-0.002475,0.00036,0.001708,0.324686,0.016636,0.99725,14.104302,4.711287,14.122084,4.766432,4.0,4.226e-05,4,673,0.03683,0.04032,1.0,0.0,0.0,,,-0.01,0.02516,-0.00019,0.00413,0.0,0.0
1680,1720320,7.62011,375.0,0.0,0.0,0.277645,-0.000735,0.000287,0.000641,0.372631,0.009103,0.997947,14.365046,4.825254,14.422485,4.859774,4.0,4.211e-05,3,645,0.02958,0.03251,1.0,0.0,0.0,,,-0.01,0.02763,-0.0001,0.00418,0.0,0.0
1681,1721344,8.16669,375.0,0.0,0.0,0.33622,-0.000574,0.000237,0.000517,0.272298,0.004185,0.998356,14.235366,4.942555,14.267264,4.992253,4.0,4.195e-05,2,614,0.02888,0.02999,1.0,0.0,0.0,,,-0.01,0.0257,-0.0001,0.00421,0.0,0.0
1682,1722368,7.4502,375.0,0.0,0.0,0.35915,-0.000913,0.00031,0.000905,0.397746,0.010498,0.99789,14.191096,5.0177,14.21736,5.070472,4.0,4.18e-05,3,616,0.02734,0.03069,1.0,0.0,0.0,,,-0.01,0.02484,-0.00013,0.00417,0.0,0.0
1683,1723392,7.28585,375.0,0.0,0.0,0.302177,-0.00107,0.000319,0.000413,0.363632,0.004743,0.997841,14.553551,4.968174,14.625676,4.986347,4.0,4.164e-05,3,542,0.03083,0.0332,1.0,0.0,0.0,,,-0.01,0.02832,-0.00016,0.00392,0.0,0.0
1684,1724416,7.96434,375.0,0.0,0.0,0.324182,-0.000832,0.000203,0.000545,0.367465,0.005476,0.998654,14.450416,5.008343,14.505432,5.044507,4.0,4.149e-05,2,585,0.03809,0.0399,1.0,0.0,0.0,,,-0.01,0.02704,-0.00017,0.00421,0.0,0.0
1685,1725440,8.04722,375.0,0.0,0.0,0.384704,-0.001149,0.000206,0.000968,0.389919,0.011196,0.998601,14.366895,5.024293,14.411787,5.074572,4.0,4.134e-05,4,592,0.04674,0.0498,1.0,0.0,0.0,,,-0.01,0.02639,-0.00038,0.00406,0.0,0.0
1686,1726464,7.64006,375.0,0.0,0.0,0.283281,-0.000797,0.000244,0.000476,0.267545,0.006836,0.998356,14.835157,5.034807,14.936299,5.0224,4.0,4.118e-05,2,563,0.0392,0.04157,1.0,0.0,0.0,,,-0.01,0.03007,-0.00024,0.00421,0.0,0.0
1687,1727488,8.49466,375.0,0.0,0.0,0.27281,-0.000919,0.000266,0.000576,0.296511,0.009103,0.998196,14.804613,4.955644,14.885497,4.964419,4.0,4.103e-05,2,598,0.03613,0.03767,1.0,0.0,0.0,,,-0.01,0.02939,-0.00019,0.00417,0.0,0.0
1688,1728512,8.87289,375.0,0.0,0.0,0.298781,-0.00136,0.000288,0.000687,0.302062,0.008371,0.998068,14.666647,5.012284,14.734365,5.028862,4.0,4.088e-05,4,604,0.04102,0.0445,1.0,0.0,0.0,,,-0.01,0.02821,-0.00029,0.00414,0.0,0.0
1689,1729536,8.00509,375.0,0.0,0.0,0.241422,-0.001124,0.000304,0.000494,0.267322,0.007289,0.997987,14.842063,5.047658,14.902589,5.070196,4.0,4.072e-05,2,607,0.0332,0.03502,1.0,0.0,0.0,,,-0.01,0.02855,-0.00015,0.0042,0.0,0.0
1690,1730560,8.99539,375.0,0.0,0.0,0.333894,-0.000392,0.00068,0.00032,0.262451,0.001744,0.995366,14.596431,5.038292,14.579086,5.092235,4.0,4.057e-05,2,634,0.04827,0.0498,1.0,0.0,0.0,,,-0.01,0.02554,-0.00043,0.00215,0.0,0.0
1691,1731584,7.73684,375.0,0.0,0.0,0.35128,-0.001013,0.000752,0.000565,0.219146,0.004743,0.994625,14.570268,4.988418,14.542892,5.054936,4.0,4.042e-05,4,613,0.05413,0.05776,1.0,0.0,0.0,,,-0.01,0.02452,-0.00044,0.00189,0.0,0.0
1692,1732608,3.94751,375.0,0.0,0.0,0.255802,-0.000255,0.000651,0.000145,0.186813,0.000523,0.994977,14.980384,4.97509,15.032832,5.00383,4.0,4.026e-05,3,586,0.04562,0.04743,1.0,0.0,1.0,,,-0.01,0.02941,-0.00027,0.00205,0.0,0.0
1693,1733632,9.79145,375.0,0.0,0.0,0.27186,-0.001508,0.000296,0.001188,0.242437,0.013184,0.998009,14.822723,5.097088,14.913057,5.075236,4.0,4.011e-05,1,624,0.04478,0.04632,1.0,0.0,0.0,,,-0.01,0.02993,-0.00028,0.00423,0.0,0.0
1694,1734656,8.68973,375.0,0.0,0.0,0.364149,-0.001323,0.000267,0.001303,0.316993,0.018485,0.99836,14.750608,5.217004,14.808756,5.231833,4.0,3.996e-05,5,624,0.05371,0.05762,1.0,0.0,0.0,,,-0.01,0.02836,-0.00048,0.00397,0.0,0.0
1695,1735680,8.77517,375.0,0.0,0.0,0.30223,-0.000513,0.000288,0.000485,0.310739,0.006383,0.998268,15.20081,5.215958,15.28673,5.21905,4.0,3.98e-05,2,608,0.0519,0.05427,1.0,0.0,0.0,,,-0.01,0.0291,-0.00036,0.00414,0.0,0.0
1696,1736704,8.1562,375.0,0.0,0.0,0.297987,-0.000797,0.000234,0.000201,0.271862,0.002197,0.998567,15.132115,5.252591,15.195441,5.264841,4.0,3.965e-05,1,642,0.04311,0.04395,1.0,0.0,0.0,,,-0.01,0.02943,-0.00037,0.00425,0.0,0.0
1697,1737728,8.569,375.0,0.0,0.0,0.337846,-0.001572,0.000371,0.000152,0.34797,0.001186,0.997604,15.143801,5.17679,15.205297,5.193912,4.0,3.949e-05,5,609,0.06027,0.06264,1.0,0.0,0.0,,,-0.01,0.02919,-0.00041,0.00377,0.0,0.0
1698,1738752,9.74768,375.0,0.0,0.0,0.275603,-0.000797,0.000403,0.000222,0.21658,0.001465,0.997224,15.447268,5.154179,15.517812,5.134907,4.0,3.934e-05,2,588,0.0618,0.06334,1.0,0.0,0.0,,,-0.01,0.03018,-0.00053,0.00377,0.0,0.0
1699,1739776,7.12718,375.0,0.0,0.0,0.254716,-0.00107,0.000481,0.000626,0.223412,0.005964,0.996767,15.251149,5.126839,15.308016,5.135967,4.0,3.919e-05,1,635,0.05148,0.05246,1.0,0.0,0.0,,,-0.01,0.02926,-0.0004,0.00379,0.0,0.0
1700,1740800,8.61433,375.0,0.0,0.0,0.318345,-0.001712,0.000568,0.000552,0.351302,0.007464,0.996085,15.286345,5.065714,15.32533,5.090836,4.0,3.903e-05,5,620,0.04939,0.05371,1.0,0.0,0.0,,,-0.01,0.02767,-0.00027,0.00316,0.0,0.0
1701,1741824,9.0309,375.0,0.0,0.0,0.247908,-0.001461,0.000768,0.000281,0.255756,0.002302,0.993889,15.501191,4.88584,15.523458,4.933586,4.0,3.888e-05,2,562,0.04171,0.04408,1.0,0.0,0.0,,,-0.01,0.02871,-0.00032,0.0027,0.0,0.0
1702,1742848,0.96027,375.0,0.0,0.0,0.257918,-0.001322,0.000602,0.000502,0.316732,0.004743,0.995482,15.37312,4.906237,15.443449,4.919246,4.0,3.873e-05,1,622,0.03348,0.03474,1.0,0.0,0.0,,,-0.01,0.02945,-0.0003,0.00401,0.0,0.0
1703,1743872,9.42414,375.0,0.0,0.0,0.27018,-0.001144,0.000547,0.000319,0.23613,0.00272,0.996137,15.171569,5.04778,15.243659,5.045128,4.0,3.857e-05,5,598,0.04813,0.05287,1.0,0.0,0.0,,,-0.01,0.02946,-0.00032,0.00403,0.0,0.0
1704,1744896,7.99265,375.0,0.0,0.0,0.282826,-0.001671,0.000404,0.00022,0.251566,0.002651,0.997452,15.146859,5.15349,15.23111,5.149483,4.0,3.842e-05,2,602,0.05455,0.05455,1.0,0.0,1.0,,,-0.01,0.02951,-0.00034,0.00357,0.0,0.0
1705,1745920,9.04525,375.0,0.0,0.0,0.310181,-0.001153,0.000317,0.000983,0.320806,0.012207,0.997813,15.076411,5.137742,15.090828,5.207747,4.0,3.827e-05,1,609,0.04422,0.04492,1.0,0.0,0.0,,,-0.01,0.02702,-0.00036,0.00422,0.0,0.0
1706,1746944,7.97009,375.0,0.0,0.0,0.296854,-0.001176,0.000565,0.000359,0.233919,0.004674,0.996287,15.419511,5.20817,15.456912,5.226243,4.0,3.811e-05,5,621,0.04883,0.05273,1.0,0.0,0.0,,,-0.01,0.02838,-0.00042,0.00245,0.0,0.0
1707,1747968,8.25228,375.0,0.0,0.0,0.227494,-0.000362,0.000607,0.000179,0.177713,0.002302,0.99585,15.591997,5.166326,15.646129,5.179994,4.0,3.796e-05,2,574,0.04004,0.04171,1.0,0.0,0.0,,,-0.01,0.03074,-0.00029,0.00225,0.0,0.0
1708,1748992,10.08507,375.0,0.0,0.0,0.302299,-0.0003,0.000461,0.000167,0.192124,0.002267,0.996762,15.278758,5.26704,15.291448,5.32735,4.0,3.78e-05,1,633,0.04213,0.04297,1.0,0.0,0.0,,,-0.01,0.02834,-0.00024,0.00229,0.0,0.0
1709,1750016,7.34156,375.0,0.0,0.0,0.291138,-0.001751,0.000353,0.000714,0.34067,0.009661,0.997875,15.558626,5.366068,15.617423,5.388594,4.0,3.765e-05,6,624,0.04967,0.05441,1.0,0.0,0.0,,,-0.01,0.02896,-0.00032,0.00359,0.0,0.0
1710,1751040,10.04853,375.0,0.0,0.0,0.243508,-0.002072,0.000917,0.000521,0.289045,0.007464,0.993938,15.843657,5.189008,15.899885,5.18492,4.0,3.75e-05,1,596,0.04646,0.04674,1.0,0.0,0.0,,,-0.01,0.03049,-0.00034,0.00371,0.0,0.0
1711,1752064,10.10415,375.0,0.0,0.0,0.313193,-0.000526,0.000311,0.000389,0.312616,0.00286,0.998029,15.384222,5.226707,15.431254,5.245457,4.0,3.734e-05,1,634,0.0459,0.0466,1.0,0.0,0.0,,,-0.01,0.02826,-0.0003,0.00422,0.0,0.0
1712,1753088,8.16491,375.0,0.0,0.0,0.294225,-0.001378,0.000638,0.00056,0.231503,0.008057,0.995872,15.599446,5.117946,15.641648,5.152007,4.0,3.719e-05,6,663,0.0625,0.0671,1.0,0.0,0.0,,,-0.01,0.0286,-0.00048,0.00367,0.0,0.0
1713,1754112,10.0098,375.0,0.0,0.0,0.254477,-0.001179,0.000457,0.000337,0.324622,0.005022,0.996916,15.504412,5.176443,15.543612,5.189788,4.0,3.704e-05,1,637,0.04534,0.04534,1.0,0.0,0.0,,,-0.01,0.02894,-0.00041,0.00407,0.0,0.0
1714,1755136,5.91932,375.0,0.0,0.0,0.314008,-0.00096,0.000482,0.000183,0.270385,0.000977,0.997096,15.050271,5.34341,15.047531,5.380829,4.0,3.688e-05,2,681,0.04771,0.04911,1.0,0.0,1.0,,,-0.01,0.02639,-0.00034,0.00395,0.0,0.0
1715,1756160,8.54989,375.0,0.0,0.0,0.293562,-0.000781,0.00044,0.000894,0.241919,0.014404,0.997225,15.494064,5.326265,15.495147,5.355563,4.0,3.673e-05,5,674,0.04883,0.05301,1.0,0.0,0.0,,,-0.01,0.02552,-0.00032,0.00386,0.0,0.0
1716,1757184,6.57589,375.0,0.0,0.0,0.286334,-0.000444,0.000294,0.000494,0.327804,0.005999,0.998168,15.365026,5.353868,15.395906,5.36219,4.0,3.658e-05,1,629,0.04548,0.04618,1.0,0.0,0.0,,,-0.01,0.02789,-0.0003,0.00411,0.0,0.0
1717,1758208,7.69557,375.0,0.0,0.0,0.330139,-0.00051,0.000315,0.000669,0.302039,0.005127,0.998214,15.119629,5.487727,15.149108,5.522994,4.0,3.642e-05,4,669,0.04618,0.04855,1.0,0.0,0.0,,,-0.01,0.02744,-0.00036,0.00405,0.0,0.0
1718,1759232,8.12114,375.0,0.0,0.0,0.272257,-0.00101,0.000484,0.000378,0.271897,0.003976,0.997054,15.595695,5.313402,15.656138,5.285883,4.0,3.627e-05,3,668,0.04576,0.04953,1.0,0.0,0.0,,,-0.01,0.02871,-0.00032,0.00403,0.0,0.0
1719,1760256,8.20631,375.0,0.0,0.0,0.281154,-0.000728,0.000244,0.000281,0.277191,0.003069,0.998428,15.575667,5.21739,15.622068,5.218542,4.0,3.612e-05,1,631,0.03669,0.03767,1.0,0.0,0.0,,,-0.01,0.03034,-0.00023,0.0042,0.0,0.0
1720,1761280,8.29345,375.0,0.0,0.0,0.356615,-0.001162,0.000486,0.000861,0.33716,0.012207,0.997041,15.225641,5.291738,15.222929,5.326831,4.0,3.596e-05,4,685,0.04422,0.04771,1.0,0.0,0.0,,,-0.01,0.02692,-0.00028,0.00402,0.0,0.0
1721,1762304,8.5733,375.0,0.0,0.0,0.27522,-0.001128,0.000259,0.000411,0.343687,0.003976,0.998413,16.067591,5.332083,16.125212,5.323617,4.0,3.581e-05,3,686,0.04199,0.04464,1.0,0.0,0.0,,,-0.01,0.02983,-0.0003,0.00418,0.0,0.0
1722,1763328,8.34727,375.0,0.0,0.0,0.231288,-0.00087,0.000197,0.000474,0.30143,0.006487,0.998716,16.081749,5.301289,16.125111,5.310034,4.0,3.565e-05,1,665,0.03739,0.03823,1.0,0.0,0.0,,,-0.01,0.03076,-0.0003,0.00425,0.0,0.0
1723,1764352,9.25963,375.0,0.0,0.0,0.262829,-0.001264,0.000345,0.000344,0.281122,0.003732,0.997908,15.808866,5.3025,15.835656,5.323377,4.0,3.55e-05,4,647,0.04255,0.0459,1.0,0.0,0.0,,,-0.01,0.02874,-0.00024,0.00407,0.0,0.0
1724,1765376,9.26297,375.0,0.0,0.0,0.232878,-0.000834,0.000303,0.000297,0.248956,0.005057,0.998149,16.30797,5.295156,16.346237,5.304599,4.0,3.535e-05,3,638,0.03502,0.03725,1.0,0.0,0.0,,,-0.01,0.03012,-0.00024,0.00407,0.0,0.0
1725,1766400,7.72908,375.0,0.0,0.0,0.247464,-0.000273,0.000174,3.8e-05,0.230983,3.5e-05,0.998917,16.116011,5.334872,16.155521,5.35457,4.0,3.519e-05,2,639,0.03432,0.03599,1.0,0.0,0.0,,,-0.01,0.03009,-0.00022,0.0042,0.0,0.0
1726,1767424,9.05791,375.0,0.0,0.0,0.260648,-0.000772,0.000176,0.000236,0.262328,0.00279,0.998866,16.018156,5.331449,16.05652,5.346923,4.0,3.504e-05,3,626,0.04129,0.04381,1.0,0.0,0.0,,,-0.01,0.02954,-0.00025,0.00415,0.0,0.0
1727,1768448,8.96896,375.0,0.0,0.0,0.220802,-0.000552,0.000195,0.000141,0.234639,0.001395,0.998709,16.166767,5.219095,16.227898,5.184655,4.0,3.489e-05,3,668,0.03795,0.04046,1.0,0.0,0.0,,,-0.01,0.03183,-0.00028,0.0041,0.0,0.0
1728,1769472,9.97421,375.0,0.0,0.0,0.237052,-0.000581,0.0007,0.000198,0.210217,0.002302,0.995453,15.856329,5.160401,15.90099,5.165644,4.0,3.473e-05,2,622,0.03781,0.03836,1.0,0.0,0.0,,,-0.01,0.03051,-0.0002,0.00376,0.0,0.0
1729,1770496,8.90068,375.0,0.0,0.0,0.268546,-0.00043,0.00029,0.000229,0.247446,0.001639,0.998127,15.783839,5.227927,15.806603,5.252174,4.0,3.458e-05,4,629,0.04381,0.04674,1.0,0.0,0.0,,,-0.01,0.02909,-0.00028,0.00405,0.0,0.0
1730,1771520,9.69459,375.0,0.0,0.0,0.205726,-0.000663,0.000205,0.000107,0.266762,0.000942,0.998579,16.399857,5.191313,16.458725,5.182499,4.0,3.443e-05,2,679,0.03544,0.03697,1.0,0.0,0.0,,,-0.01,0.03155,-0.00027,0.00418,0.0,0.0
1731,1772544,8.56178,375.0,0.0,0.0,0.239746,-0.00085,0.000702,8.2e-05,0.20957,0.000558,0.995788,16.098249,5.335932,16.110273,5.36618,4.0,3.427e-05,2,684,0.03864,0.04018,1.0,0.0,0.0,,,-0.01,0.02961,-0.0003,0.00367,0.0,0.0
1732,1773568,8.85083,375.0,0.0,0.0,0.258452,-0.000846,0.00037,0.000298,0.299518,0.003278,0.997838,15.877535,5.456284,15.882599,5.497711,4.0,3.412e-05,4,584,0.0445,0.04771,1.0,0.0,0.0,,,-0.01,0.02769,-0.00031,0.0041,0.0,0.0
1733,1774592,8.70398,375.0,0.0,0.0,0.239452,-0.000883,0.000467,0.000175,0.276315,0.001465,0.997367,16.140972,5.458044,16.160275,5.482213,4.0,3.396e-05,2,681,0.04367,0.04534,1.0,0.0,0.0,,,-0.01,0.02967,-0.00026,0.0042,0.0,0.0
1734,1775616,7.9697,375.0,0.0,0.0,0.229763,-0.001906,0.000236,0.000255,0.287176,0.00272,0.998644,15.711241,5.417271,15.74854,5.417255,4.0,3.381e-05,2,657,0.04381,0.04534,1.0,0.0,1.0,,,-0.01,0.02953,-0.00035,0.0042,0.0,0.0
1735,1776640,8.82382,375.0,0.0,0.0,0.258306,-0.001097,0.000316,0.00034,0.282594,0.003278,0.998104,15.570086,5.320294,15.602731,5.328384,4.0,3.366e-05,5,609,0.05078,0.05455,1.0,0.0,0.0,,,-0.01,0.02973,-0.00033,0.00407,0.0,0.0
1736,1777664,8.83776,375.0,0.0,0.0,0.231468,-0.000354,0.00032,0.000148,0.202229,0.001883,0.997967,15.83812,5.293118,15.888876,5.264577,4.0,3.35e-05,2,664,0.03906,0.04157,1.0,0.0,0.0,,,-0.01,0.03081,-0.0003,0.0041,0.0,0.0
1737,1778688,9.39876,375.0,0.0,0.0,0.256211,-0.001643,0.000208,0.001158,0.293882,0.009801,0.998651,15.550417,5.240822,15.585379,5.231578,4.0,3.335e-05,1,667,0.03683,0.03767,1.0,0.0,0.0,,,-0.01,0.02941,-0.00021,0.00425,0.0,0.0
1738,1779712,8.52245,375.0,0.0,0.0,0.317298,-0.000177,0.000967,0.000226,0.233477,0.003557,0.994141,15.39014,5.254475,15.383825,5.261033,4.0,3.32e-05,5,600,0.0639,0.06822,1.0,0.0,0.0,,,-0.01,0.02773,-0.0005,0.00351,0.0,0.0
1739,1780736,8.86288,375.0,0.0,0.0,0.287,-0.001482,0.000679,0.000511,0.280658,0.006069,0.995838,15.658015,5.282684,15.659346,5.327257,4.0,3.304e-05,2,647,0.05287,0.05483,1.0,0.0,0.0,,,-0.01,0.02767,-0.00043,0.00384,0.0,0.0
1740,1781760,9.42968,375.0,0.0,0.0,0.291635,-0.000687,0.00072,0.000265,0.23671,0.000942,0.99584,15.318129,5.441783,15.310141,5.47118,4.0,3.289e-05,1,553,0.04743,0.04841,1.0,0.0,0.0,,,-0.01,0.02761,-0.00043,0.00389,0.0,0.0
1741,1782784,7.13208,375.0,0.0,0.0,0.316187,-0.001322,0.00067,0.000321,0.275293,0.002581,0.996274,15.571008,5.50015,15.591193,5.500396,4.0,3.274e-05,5,538,0.05873,0.0639,1.0,0.0,1.0,,,-0.01,0.0286,-0.00042,0.00374,0.0,0.0
1742,1783808,8.63199,375.0,0.0,0.0,0.292602,-0.001284,0.000305,0.000556,0.278376,0.006592,0.997967,16.04641,5.217212,16.100374,5.200763,4.0,3.258e-05,2,573,0.05552,0.05706,1.0,0.0,0.0,,,-0.01,0.03073,-0.00046,0.0042,0.0,0.0
1743,1784832,9.87322,375.0,0.0,0.0,0.314201,-0.000604,0.000384,0.000238,0.293984,0.001604,0.997494,15.636561,5.178769,15.656787,5.19393,4.0,3.243e-05,1,575,0.0692,0.06989,1.0,0.0,0.0,,,-0.01,0.02977,-0.00058,0.0041,0.0,0.0
1744,1785856,8.77207,375.0,0.0,0.0,0.374655,-0.000973,0.000453,0.00019,0.279871,0.001674,0.99717,15.747896,5.21595,15.761525,5.229154,4.0,3.228e-05,5,537,0.08259,0.08468,1.0,0.0,0.0,,,-0.01,0.02851,-0.00068,0.00344,0.0,0.0
1745,1786880,8.16142,375.0,0.0,0.0,0.315414,-0.000705,0.000269,9e-05,0.259569,0.000314,0.998048,16.125246,5.129496,16.166531,5.137108,4.0,3.212e-05,2,572,0.07799,0.0791,1.0,0.0,0.0,,,-0.01,0.03031,-0.00065,0.00414,0.0,0.0
1746,1787904,8.63816,375.0,0.0,0.0,0.292197,-0.000738,0.000168,0.000308,0.189583,0.001465,0.998918,15.783332,5.184387,15.828066,5.172769,4.0,3.197e-05,1,584,0.0738,0.07464,1.0,0.0,0.0,,,-0.01,0.03081,-0.00064,0.00425,0.0,0.0
1747,1788928,8.86854,375.0,0.0,0.0,0.306066,-0.000575,0.00026,0.000208,0.207529,0.001953,0.998396,16.10536,5.249043,16.167723,5.222769,4.0,3.181e-05,5,598,0.06515,0.06906,1.0,0.0,0.0,,,-0.01,0.03034,-0.00049,0.00405,0.0,0.0
1748,1789952,8.98382,375.0,0.0,0.0,0.288577,-0.000687,0.000331,7.9e-05,0.205455,0.000384,0.997731,16.272985,5.204068,16.328489,5.197641,4.0,3.166e-05,2,657,0.05873,0.06166,1.0,0.0,0.0,,,-0.01,0.03198,-0.00047,0.004,0.0,0.0
1749,1790976,9.18895,375.0,0.0,0.0,0.258099,-0.001193,0.000333,0.000296,0.236921,0.003418,0.997881,15.882621,5.296311,15.92288,5.299772,4.0,3.151e-05,1,669,0.06599,0.0671,1.0,0.0,0.0,,,-0.01,0.03113,-0.00078,0.0042,0.0,0.0
1750,1792000,9.33651,375.0,0.0,0.0,0.292893,-0.000782,0.000261,0.000318,0.249312,0.00014,0.998351,15.956691,5.252357,16.009703,5.231916,4.0,3.135e-05,6,613,0.06473,0.06878,1.0,0.0,0.0,,,-0.01,0.03026,-0.00054,0.00391,0.0,0.0
1751,1793024,8.96688,375.0,0.0,0.0,0.219556,-0.000821,0.000545,0.000105,0.223084,0.001256,0.996324,16.190098,5.134527,16.242596,5.130036,4.0,3.12e-05,1,662,0.04185,0.04325,1.0,0.0,0.0,,,-0.01,0.03122,-0.00035,0.0038,0.0,0.0
1752,1794048,9.33909,375.0,0.0,0.0,0.203702,-0.000298,0.000279,0.000101,0.160634,0.000384,0.998199,16.105062,5.203115,16.140467,5.211671,4.0,3.105e-05,1,650,0.03683,0.03739,1.0,0.0,0.0,,,-0.01,0.03052,-0.00027,0.00422,0.0,0.0
1753,1795072,8.94621,375.0,0.0,0.0,0.269202,-0.000454,0.001175,9.3e-05,0.207003,0.000453,0.992573,16.053989,5.154949,16.046909,5.180288,4.0,3.089e-05,6,581,0.05678,0.06138,1.0,0.0,1.0,,,-0.01,0.02955,-0.00048,0.00307,0.0,0.0
1754,1796096,10.05078,375.0,0.0,0.0,0.263044,-0.000251,0.000379,0.000103,0.229214,0.000419,0.997435,15.649179,5.070877,15.663191,5.077742,4.0,3.074e-05,1,657,0.04911,0.04994,1.0,0.0,0.0,,,-0.01,0.02893,-0.00041,0.00411,0.0,0.0
1755,1797120,10.02007,375.0,0.0,0.0,0.27286,-0.00042,0.000272,8.9e-05,0.258846,3.5e-05,0.998145,14.939852,5.05808,14.941327,5.079879,4.0,3.059e-05,2,668,0.04855,0.04925,1.0,0.0,0.0,,,-0.01,0.02801,-0.00031,0.00415,0.0,0.0
1756,1798144,7.17671,375.0,0.0,0.0,0.284382,-0.001274,0.001465,0.000359,0.352301,0.005336,0.99083,16.054232,5.183194,16.031271,5.233379,4.0,3.043e-05,5,614,0.05804,0.06138,1.0,0.0,1.0,,,-0.01,0.02703,-0.00037,0.00223,0.0,0.0
1757,1799168,8.71443,375.0,0.0,0.0,0.230716,-0.001688,0.000448,0.000424,0.321183,0.005127,0.997305,16.224102,5.337301,16.264585,5.342749,4.0,3.028e-05,1,657,0.0385,0.03864,1.0,0.0,0.0,,,-0.01,0.02982,-0.00023,0.00398,0.0,0.0
1758,1800192,7.67676,375.0,0.0,0.0,0.234641,-0.00106,0.000197,0.000478,0.239185,0.006801,0.998799,15.904175,5.30406,15.930788,5.316722,4.0,3.012e-05,3,670,0.03669,0.03864,1.0,0.0,0.0,,,-0.01,0.02921,-0.00019,0.00416,0.0,0.0
1759,1801216,8.62593,375.0,0.0,0.0,0.205495,-0.000463,0.0002,0.000156,0.295368,0.001081,0.998665,16.551369,5.1918,16.599476,5.190696,4.0,2.997e-05,4,622,0.0332,0.03669,1.0,0.0,1.0,,,-0.01,0.03039,-0.00024,0.00407,0.0,0.0
1760,1802240,10.06578,375.0,0.0,0.0,0.166025,-0.00111,0.000106,0.00028,0.249348,0.003069,0.999246,16.240427,5.160978,16.294605,5.150229,4.0,2.982e-05,1,660,0.02902,0.02944,1.0,0.0,0.0,,,-0.01,0.03188,-0.00022,0.0042,0.0,0.0
1761,1803264,9.02062,375.0,0.0,0.0,0.208733,-0.000578,0.00023,0.000329,0.301356,0.00415,0.998565,15.854698,5.235322,15.87559,5.256342,4.0,2.966e-05,4,668,0.02985,0.03306,1.0,0.0,0.0,,,-0.01,0.02951,-0.00013,0.00397,0.0,0.0
1762,1804288,9.27533,375.0,0.0,0.0,0.214012,-0.000601,0.00043,0.000132,0.211562,0.000872,0.997201,16.356831,5.181822,16.402784,5.189638,4.0,2.951e-05,3,668,0.03111,0.03237,1.0,0.0,0.0,,,-0.01,0.03008,-0.00014,0.00335,0.0,0.0
1763,1805312,9.19318,375.0,0.0,0.0,0.18496,-0.000642,0.000273,8.1e-05,0.257553,0.000384,0.99809,16.237539,5.103549,16.286955,5.11085,4.0,2.936e-05,1,646,0.02246,0.0233,1.0,0.0,0.0,,,-0.01,0.03078,-0.00012,0.00425,0.0,0.0
1764,1806336,9.17828,375.0,0.0,0.0,0.223148,-0.000533,0.0009,0.00042,0.196885,0.005894,0.994123,15.93957,5.105451,15.897985,5.126369,4.0,2.92e-05,4,645,0.03265,0.03599,1.0,0.0,0.0,,,-0.01,0.02802,-0.00026,0.00317,0.0,0.0
1765,1807360,8.72708,375.0,0.0,0.0,0.207873,-0.001143,0.000912,0.000396,0.222059,0.003976,0.994228,16.357822,5.247218,16.357187,5.260504,4.0,2.905e-05,3,630,0.0353,0.03711,1.0,0.0,0.0,,,-0.01,0.02911,-0.00021,0.00321,0.0,0.0
1766,1808384,6.15237,375.0,0.0,0.0,0.187376,-0.025883,0.001318,0.000436,0.360926,0.002552,0.992217,16.241249,5.243807,16.241987,5.305644,4.0,2.89e-05,2,614,0.03112,0.03364,1.0,0.0,1.0,,,-0.01,0.02944,-0.00011,0.0036,-0.00043,0.0
1767,1809408,9.07911,375.0,0.0,0.0,0.237938,-0.000424,0.000412,0.000416,0.250489,0.004987,0.997639,15.897304,5.190004,15.907146,5.199749,4.0,2.874e-05,3,669,0.03376,0.03655,1.0,0.0,0.0,,,-0.01,0.0292,-0.00014,0.004,0.0,0.0
1768,1810432,8.75395,375.0,0.0,0.0,0.281359,-0.000366,0.000834,0.000174,0.267314,0.001465,0.994512,16.286224,5.108757,16.279934,5.129016,4.0,2.859e-05,3,674,0.05441,0.05483,1.0,0.0,0.0,,,-0.01,0.02924,-0.00037,0.00316,0.0,0.0
1769,1811456,7.87608,375.0,0.0,0.0,0.276204,-0.000226,0.00049,7.7e-05,0.19379,0.000174,0.996864,15.830086,5.177813,15.840581,5.207105,4.0,2.844e-05,2,611,0.0505,0.0512,1.0,0.0,0.0,,,-0.01,0.02865,-0.00031,0.00394,0.0,0.0
1770,1812480,8.3078,375.0,0.0,0.0,0.292583,-0.001334,0.000578,0.000476,0.354681,0.005127,0.996447,15.803212,5.246861,15.803563,5.285185,4.0,2.828e-05,4,650,0.0505,0.05218,1.0,0.0,0.0,,,-0.01,0.02722,-0.00037,0.00351,0.0,0.0
1771,1813504,8.5008,375.0,0.0,0.0,0.261482,-0.000379,0.001125,0.0001,0.234478,7e-05,0.992915,16.113247,5.150458,16.101315,5.155856,4.0,2.813e-05,2,668,0.04994,0.05092,1.0,0.0,0.0,,,-0.01,0.02955,-0.00034,0.00324,0.0,0.0
1772,1814528,7.93921,375.0,0.0,0.0,0.240541,-0.000279,0.000905,7.5e-05,0.208878,0.000419,0.994431,15.824251,5.185233,15.829176,5.210818,4.0,2.797e-05,2,620,0.04715,0.04855,1.0,0.0,0.0,,,-0.01,0.02876,-0.00034,0.00382,0.0,0.0
1773,1815552,8.69743,375.0,0.0,0.0,0.258774,-0.00049,0.000222,0.000197,0.222202,0.001116,0.998722,15.59414,5.405305,15.614199,5.41656,4.0,2.782e-05,4,664,0.04674,0.04967,1.0,0.0,1.0,,,-0.01,0.02922,-0.0003,0.00405,0.0,0.0
1774,1816576,7.78505,375.0,0.0,0.0,0.205096,-0.000715,0.000244,0.000112,0.225017,0.001046,0.998399,16.221148,5.155728,16.27471,5.128184,4.0,2.767e-05,2,680,0.04129,0.04339,1.0,0.0,0.0,,,-0.01,0.03144,-0.00026,0.00416,0.0,0.0
1775,1817600,9.20158,375.0,0.0,0.0,0.225727,-0.000717,0.000165,0.000184,0.245632,0.002651,0.998905,15.827264,5.068599,15.861518,5.066967,4.0,2.751e-05,2,622,0.04283,0.04464,1.0,0.0,0.0,,,-0.01,0.03051,-0.00028,0.00414,0.0,0.0
1776,1818624,9.04581,375.0,0.0,0.0,0.27423,-0.00049,0.000671,0.000299,0.239807,0.004255,0.995567,15.843394,5.155064,15.85175,5.163621,4.0,2.736e-05,4,616,0.05148,0.05148,1.0,0.0,0.0,,,-0.01,0.03006,-0.00035,0.00326,0.0,0.0
1777,1819648,9.09519,375.0,0.0,0.0,0.207245,-0.000973,0.000114,0.000383,0.31622,0.005406,0.999175,16.424341,5.126401,16.485821,5.11728,4.0,2.721e-05,3,653,0.04283,0.0452,1.0,0.0,0.0,,,-0.01,0.03149,-0.00033,0.00415,0.0,0.0
1778,1820672,9.94427,375.0,0.0,0.0,0.199274,-0.00115,0.000198,0.000434,0.314741,0.005406,0.998725,16.277128,5.197181,16.316854,5.204524,4.0,2.705e-05,1,628,0.03404,0.03502,1.0,0.0,0.0,,,-0.01,0.03092,-0.00018,0.00422,0.0,0.0
1779,1821696,8.97261,375.0,0.0,0.0,0.237787,-0.001017,0.000571,0.000176,0.284069,0.001953,0.996401,16.300234,5.167797,16.328218,5.180205,4.0,2.69e-05,5,637,0.04436,0.0466,1.0,0.0,0.0,,,-0.01,0.02925,-0.00026,0.00339,0.0,0.0
1780,1822720,8.93192,375.0,0.0,0.0,0.207488,-0.000845,0.000469,0.000127,0.261105,0.000977,0.996818,16.725883,5.004195,16.771019,5.009961,4.0,2.675e-05,2,659,0.03627,0.03683,1.0,0.0,0.0,,,-0.01,0.0312,-0.00024,0.0037,0.0,0.0
1781,1823744,9.34003,375.0,0.0,0.0,0.208051,-0.001028,0.00024,0.000274,0.263773,0.003662,0.998368,16.439852,5.111314,16.466022,5.125184,4.0,2.659e-05,1,640,0.0353,0.03641,1.0,0.0,0.0,,,-0.01,0.03084,-0.00023,0.00422,0.0,0.0
1782,1824768,8.86181,375.0,0.0,0.0,0.248754,-0.000861,0.001186,0.000207,0.206745,0.002128,0.992799,16.38521,5.269155,16.362066,5.294416,4.0,2.644e-05,5,628,0.04381,0.04785,1.0,0.0,0.0,,,-0.01,0.02789,-0.00025,0.00343,0.0,0.0
1783,1825792,8.31992,375.0,0.0,0.0,0.228819,-0.000937,0.001219,0.000177,0.301361,0.001186,0.992527,16.496264,5.232616,16.517023,5.235475,4.0,2.628e-05,2,646,0.03711,0.0392,1.0,0.0,0.0,,,-0.01,0.02981,-0.00032,0.00295,0.0,0.0
1784,1826816,10.08895,375.0,0.0,0.0,0.299169,-0.000881,0.00085,0.00035,0.23486,0.001953,0.99474,15.750397,5.20456,15.732513,5.232956,4.0,2.613e-05,1,655,0.04311,0.04353,1.0,0.0,0.0,,,-0.01,0.02944,-0.00034,0.00381,0.0,0.0
1785,1827840,8.00485,375.0,0.0,0.0,0.321645,-0.000645,0.001581,0.000487,0.258534,0.007359,0.990714,15.661763,5.330621,15.649706,5.365018,4.0,2.598e-05,5,594,0.05901,0.06236,1.0,0.0,1.0,,,-0.01,0.02844,-0.00045,0.0023,0.0,0.0
1786,1828864,8.31787,375.0,0.0,0.0,0.236204,-0.000107,0.000659,3.7e-05,0.119566,0.0,0.995431,16.195728,5.149919,16.215971,5.129919,4.0,2.582e-05,2,661,0.04883,0.05134,1.0,0.0,1.0,,,-0.01,0.03033,-0.00051,0.00397,0.0,0.0
1787,1829888,9.36776,375.0,0.0,0.0,0.208664,-0.00105,0.000252,0.000392,0.280214,0.005022,0.997881,15.953818,4.909395,15.986089,4.898358,4.0,2.567e-05,1,678,0.04032,0.04129,1.0,0.0,0.0,,,-0.01,0.0302,-0.00028,0.00414,0.0,0.0
1788,1830912,8.12452,375.0,0.0,0.0,0.226834,-0.001697,0.000648,0.000383,0.261771,0.00293,0.995554,16.170965,4.985235,16.210827,4.978676,4.0,2.552e-05,5,639,0.04869,0.05218,1.0,0.0,1.0,,,-0.01,0.03027,-0.00031,0.00336,0.0,0.0
1789,1831936,10.00542,375.0,0.0,0.0,0.174114,-0.000408,0.00012,0.000135,0.178827,0.000593,0.999049,16.497059,4.96069,16.562386,4.936197,4.0,2.536e-05,2,669,0.03516,0.03697,1.0,0.0,0.0,,,-0.01,0.03272,-0.00026,0.00421,0.0,0.0
1790,1832960,9.92294,375.0,0.0,0.0,0.183727,-0.000384,0.000364,3.8e-05,0.303066,0.000349,0.997424,16.266865,5.021492,16.283054,5.00451,4.0,2.521e-05,1,669,0.03041,0.03097,1.0,0.0,0.0,,,-0.01,0.03152,-0.00018,0.00302,0.0,0.0
1791,1833984,9.46197,375.0,0.0,0.0,0.23664,-0.000371,0.001335,7.5e-05,0.149582,7e-05,0.99144,16.827566,5.213487,16.795103,5.231582,4.0,2.506e-05,6,614,0.04339,0.04506,1.0,0.0,0.0,,,-0.01,0.02816,-0.00023,0.0011,0.0,0.0
1792,1835008,7.30323,375.0,0.0,0.0,0.22153,-0.000579,0.000997,7.7e-05,0.184666,0.000314,0.993533,17.120031,5.202283,17.105869,5.268764,4.0,2.49e-05,1,657,0.03892,0.03739,1.0,0.0,0.0,,,-0.01,0.03017,-0.00025,0.00125,0.0,0.0
1793,1836032,2.20013,375.0,0.0,0.0,0.219322,-0.001318,0.000182,0.00056,0.226115,0.008719,0.998737,16.640066,5.238443,16.692846,5.26482,4.0,2.475e-05,1,678,0.03488,0.03585,1.0,0.0,0.0,,,-0.01,0.03141,-0.00028,0.00359,0.0,0.0
1794,1837056,9.14634,375.0,0.0,0.0,0.228697,-0.00132,0.001235,0.00026,0.250394,0.002581,0.992077,16.805204,5.114436,16.862684,5.123649,4.0,2.46e-05,6,602,0.04353,0.04883,1.0,0.0,0.0,,,-0.01,0.03054,-0.00037,0.00288,0.0,0.0
1795,1838080,7.57658,375.0,0.0,0.0,0.182733,-0.000175,0.0005,3.6e-05,0.166338,0.0,0.996346,17.001816,4.935762,17.051529,4.932054,4.0,2.444e-05,1,641,0.03055,0.03125,1.0,0.0,1.0,,,-0.01,0.03235,-0.00022,0.00398,0.0,0.0
1796,1839104,10.0796,375.0,0.0,0.0,0.172197,-0.000388,0.000258,5.3e-05,0.209151,0.000523,0.997969,16.748165,4.83352,16.822868,4.836194,4.0,2.429e-05,2,619,0.02846,0.02888,1.0,0.0,0.0,,,-0.01,0.0329,-0.00016,0.00398,0.0,0.0
1797,1840128,9.5757,375.0,0.0,0.0,0.238459,-0.000265,0.001233,0.000104,0.178054,0.000174,0.991212,16.938391,4.885969,16.972385,4.8881,4.0,2.413e-05,5,547,0.04395,0.04939,1.0,0.0,0.0,,,-0.01,0.03121,-0.00027,0.00356,0.0,0.0
1798,1841152,9.369,375.0,0.0,0.0,0.256832,-0.001128,0.001567,0.000538,0.276959,0.005441,0.988937,16.565199,4.892314,16.600773,4.886289,4.0,2.398e-05,1,580,0.04283,0.04311,1.0,0.0,0.0,,,-0.01,0.02944,-0.00044,0.00341,0.0,0.0
1799,1842176,9.01479,375.0,0.0,0.0,0.286153,-0.000354,0.000796,0.000434,0.233549,0.002546,0.994211,16.107388,4.803862,16.076691,4.850089,4.0,2.383e-05,3,592,0.04618,0.04813,1.0,0.0,0.0,,,-0.01,0.02761,-0.00041,0.00376,0.0,0.0
1800,1843200,8.07851,375.0,0.0,0.0,0.28532,-0.025262,0.002473,0.000344,0.245037,0.000172,0.980577,16.61553,5.043553,16.573629,5.164422,4.0,2.367e-05,4,560,0.05038,0.05482,1.0,0.0,1.0,,,-0.01,0.02838,-0.00031,0.00361,-0.00087,0.0
1801,1844224,6.62217,375.0,0.0,0.0,0.311713,0.043008,0.000964,0.000791,0.348994,0.008443,0.992083,16.59075,4.970096,16.60161,5.014322,4.0,2.352e-05,1,582,0.04592,0.04578,1.0,0.0,1.0,,,-0.01,0.0303,-0.00041,0.00369,-3e-05,0.0
1802,1845248,8.02875,375.0,0.0,0.0,0.263891,-0.000233,0.000265,0.000238,0.20229,0.00098,0.998073,16.514565,4.827591,16.56789,4.832093,4.0,2.337e-05,4,567,0.04285,0.04621,1.0,0.0,1.0,,,-0.01,0.03088,-0.00029,0.00406,-0.00036,0.0
1803,1846272,8.72429,375.0,0.0,0.0,0.286087,-0.000628,0.00043,0.000144,0.216276,0.0,0.997014,17.048521,4.950669,17.092642,4.962922,4.0,2.321e-05,3,527,0.0466,0.04785,1.0,0.0,0.0,,,-0.01,0.03107,-0.00032,0.00381,0.0,0.0
1804,1847296,9.44573,375.0,0.0,0.0,0.257234,-0.001804,0.002237,0.00158,0.214209,0.030828,0.985212,16.916346,5.035981,16.897646,5.095664,4.0,2.306e-05,1,629,0.0418,0.0411,1.0,0.0,0.0,,,-0.01,0.03173,-0.00031,0.00352,-0.00051,0.0
1805,1848320,9.46638,375.0,0.0,0.0,0.253008,-0.00073,0.000377,6.7e-05,0.211237,0.000533,0.997481,16.641611,4.998263,16.675501,5.006721,4.0,2.291e-05,4,583,0.0429,0.04673,1.0,0.0,0.0,,,-0.01,0.03022,-0.0003,0.00395,0.0,0.0
1806,1849344,8.51202,375.0,0.0,0.0,0.209896,-0.001586,0.00048,0.000296,0.211202,0.000842,0.996578,17.192675,4.922279,17.257965,4.919452,4.0,2.275e-05,3,562,0.04138,0.04391,1.0,0.33333,0.0,,,-0.01,0.03209,-0.00034,0.00363,0.0,0.0
1807,1850368,9.91751,375.0,0.0,0.0,0.17479,-0.000276,0.000107,6.4e-05,0.152819,0.0,0.999068,17.109324,4.812656,17.190538,4.798026,4.0,2.26e-05,2,658,0.02734,0.02874,1.0,0.0,0.0,,,-0.01,0.03338,-0.00019,0.00416,0.0,0.0
1808,1851392,9.95434,375.0,0.0,0.0,0.181067,-0.000713,0.000198,0.000222,0.240587,0.000802,0.998498,17.11348,4.883488,17.16843,4.874483,4.0,2.244e-05,3,637,0.03111,0.0339,1.0,0.0,0.0,,,-0.01,0.03211,-0.00019,0.00409,0.0,0.0
1809,1852416,9.66836,375.0,0.0,0.0,0.194956,-0.001311,0.000325,0.000537,0.31084,0.00715,0.997715,17.61544,4.949786,17.670162,4.976819,4.0,2.229e-05,3,633,0.04004,0.04297,1.0,0.0,1.0,,,-0.01,0.03169,-0.0005,0.00401,0.0,0.0
1810,1853440,9.35429,375.0,0.0,0.0,0.186641,-0.002114,0.000229,0.000491,0.302997,0.006975,0.998268,17.37388,4.903949,17.420103,4.944387,4.0,2.214e-05,2,656,0.04157,0.04325,1.0,0.0,0.0,,,-0.01,0.03165,-0.00062,0.00414,0.0,0.0
1811,1854464,9.63773,375.0,0.0,0.0,0.200986,1e-06,0.000461,0.000145,0.186198,0.000174,0.996715,17.174164,4.903111,17.216812,4.935276,4.0,2.198e-05,4,666,0.04199,0.04464,1.0,0.0,0.0,,,-0.01,0.03123,-0.00052,0.00356,0.0,0.0
1812,1855488,8.90236,375.0,0.0,0.0,0.20791,-0.000216,0.000411,5.4e-05,0.171754,0.000105,0.996958,17.399244,4.857252,17.436131,4.858348,4.0,2.183e-05,2,618,0.03348,0.03557,1.0,0.0,0.0,,,-0.01,0.0311,-0.00033,0.00399,0.0,0.0
1813,1856512,10.05508,375.0,0.0,0.0,0.20614,-0.000568,0.001204,5.9e-05,0.401771,0.000421,0.99131,17.232485,4.854726,17.238853,4.924829,4.0,2.168e-05,2,671,0.02902,0.03169,1.0,0.0,0.0,,,-0.01,0.03129,-0.00027,0.00397,-0.00043,0.0
1814,1857536,8.30441,375.0,0.0,0.0,0.218717,-0.000164,0.000775,2.2e-05,0.192138,7.1e-05,0.994305,17.019581,4.752312,17.034044,4.760498,4.0,2.152e-05,4,670,0.03446,0.03813,1.0,0.0,1.0,,,-0.01,0.02977,-0.0002,0.00386,0.0,0.0
1815,1858560,9.2969,375.0,0.0,0.0,0.204153,-0.000312,0.000136,8e-05,0.216398,0.0,0.998943,17.365019,4.760019,17.432869,4.743521,4.0,2.137e-05,2,624,0.03446,0.03613,1.0,0.0,0.0,,,-0.01,0.03186,-0.00027,0.00418,0.0,0.0
1816,1859584,10.07329,375.0,0.0,0.0,0.193413,-0.001788,0.00022,0.000903,0.312207,0.01144,0.998204,17.186665,4.715542,17.246311,4.697106,4.0,2.122e-05,2,661,0.02985,0.03167,1.0,0.0,0.0,,,-0.01,0.03206,-0.0002,0.0042,0.0,0.0
1817,1860608,9.58995,375.0,0.0,0.0,0.222467,-0.000448,0.000935,9e-05,0.237932,0.000663,0.992635,17.078108,4.738847,17.100138,4.747369,4.0,2.106e-05,4,658,0.03404,0.03571,1.0,0.0,0.0,,,-0.01,0.031,-0.00023,0.00352,0.0,0.0
1818,1861632,9.44616,375.0,0.0,0.0,0.213362,-0.000216,0.000474,4.7e-05,0.180314,0.000174,0.996666,17.65007,4.866264,17.702709,4.877991,4.0,2.091e-05,3,623,0.03069,0.03223,1.0,0.0,0.0,,,-0.01,0.03045,-0.00022,0.00399,0.0,0.0
1819,1862656,9.01109,375.0,0.0,0.0,0.227675,-0.000477,0.000689,0.000259,0.298076,0.000593,0.995148,17.543728,4.926702,17.478558,5.017048,4.0,2.076e-05,1,671,0.03767,0.0385,1.0,0.0,0.0,,,-0.01,0.02724,-0.0003,0.00153,0.0,0.0
1820,1863680,8.44999,375.0,0.0,0.0,0.257479,-0.001125,0.001077,0.000724,0.276814,0.009975,0.992579,17.456696,5.033989,17.375546,5.102161,4.0,2.06e-05,5,664,0.04395,0.04757,1.0,0.0,1.0,,,-0.01,0.02678,-0.00032,-9e-05,0.0,0.0
1821,1864704,3.00129,375.0,0.0,0.0,0.226595,-1.1e-05,0.000794,2e-05,0.157853,0.0,0.993817,17.560694,4.905159,17.515568,5.008442,4.0,2.045e-05,2,629,0.03334,0.03488,1.0,0.0,0.0,,,-0.01,0.02929,-0.00024,0.00023,0.0,0.0
1822,1865728,0.66625,375.0,0.0,0.0,0.20933,-0.000451,0.000341,4.4e-05,0.207496,3.5e-05,0.997292,17.224045,4.831891,17.248316,4.844194,4.0,2.029e-05,1,673,0.02804,0.02874,1.0,0.0,0.0,,,-0.01,0.03152,-0.00019,0.00301,0.0,0.0
1823,1866752,9.62723,375.0,0.0,0.0,0.236616,-0.000154,0.001301,8.1e-05,0.160653,0.000279,0.990862,17.121677,4.881456,17.144253,4.874469,4.0,2.014e-05,5,671,0.04129,0.04534,1.0,0.0,0.0,,,-0.01,0.03052,-0.00022,0.00315,0.0,0.0
1824,1867776,10.01094,375.0,0.0,0.0,0.255134,-0.000417,0.002336,0.000124,0.203847,0.000872,0.985271,17.153473,5.103993,17.080524,5.162902,4.0,1.999e-05,2,650,0.04506,0.04729,1.0,0.0,0.0,,,-0.01,0.02961,-0.00037,0.003,0.0,0.0
1825,1868800,9.42414,375.0,0.0,0.0,0.330233,-0.002122,0.002002,0.000705,0.360803,0.005964,0.988164,16.380671,5.360008,16.337528,5.421333,4.0,1.983e-05,1,654,0.04994,0.04883,1.0,0.0,0.0,,,-0.01,0.02747,-0.00051,0.00329,-3e-05,0.0
1826,1869824,8.21001,375.0,0.0,0.0,0.292644,-0.000541,0.001791,0.000215,0.231712,7.1e-05,0.990018,16.852177,5.489894,16.793554,5.549814,4.0,1.968e-05,5,676,0.04869,0.05153,1.0,0.0,0.0,,,-0.01,0.02609,-0.00041,0.00352,-0.0004,0.0
1827,1870848,4.59571,375.0,0.0,0.0,0.200115,-0.000664,0.000429,0.000168,0.232685,0.002203,0.997299,17.441114,5.28828,17.478138,5.311496,4.0,1.953e-05,2,670,0.02756,0.02993,1.0,0.0,1.0,,,-0.01,0.02899,-0.00032,0.00406,0.0,0.0
1828,1871872,7.74688,375.0,0.0,0.0,0.184521,-0.000505,0.00074,0.000122,0.294078,0.001883,0.994791,17.349607,5.021487,17.356228,5.048831,4.0,1.937e-05,1,644,0.02372,0.02386,1.0,0.0,0.0,,,-0.01,0.03092,-0.00015,0.00371,0.0,0.0
1829,1872896,8.77457,375.0,0.0,0.0,0.20964,-0.000101,0.001008,2.7e-05,0.180495,0.0,0.992908,17.352558,4.990761,17.35754,4.994416,4.0,1.922e-05,5,657,0.03195,0.03544,1.0,0.0,1.0,,,-0.01,0.02903,-0.00024,0.00176,0.0,0.0
1830,1873920,9.90901,375.0,0.0,0.0,0.199452,-0.000138,0.000709,2.8e-05,0.134388,0.0,0.994272,17.470663,4.989951,17.477491,4.987672,4.0,1.907e-05,2,671,0.03153,0.03348,1.0,0.0,0.0,,,-0.01,0.02983,-0.00023,0.00199,0.0,0.0
1831,1874944,6.97097,375.0,0.0,0.0,0.202064,-0.000583,0.00034,0.000102,0.167931,0.001186,0.996355,17.232479,4.877577,17.241077,4.876729,4.0,1.891e-05,1,638,0.02776,0.02874,1.0,0.0,0.0,,,-0.01,0.03157,-0.00013,0.00225,0.0,0.0
1832,1875968,7.51058,375.0,0.0,0.0,0.22741,-0.00065,0.000278,6.4e-05,0.253157,3.5e-05,0.997908,17.479692,4.911859,17.539297,4.910227,4.0,1.876e-05,5,674,0.03334,0.03725,1.0,0.0,1.0,,,-0.01,0.03102,-0.00016,0.00343,0.0,0.0
1833,1876992,9.97733,375.0,0.0,0.0,0.18137,-0.000565,0.000108,0.00026,0.190725,0.001186,0.999142,17.859411,4.789847,17.915155,4.788373,4.0,1.86e-05,2,669,0.02679,0.02846,1.0,0.0,0.0,,,-0.01,0.03248,-0.0002,0.0042,0.0,0.0
1834,1878016,10.07888,375.0,0.0,0.0,0.162802,-0.000856,0.000102,0.000399,0.179985,0.004325,0.999134,17.483625,4.68177,17.532352,4.679969,4.0,1.845e-05,1,602,0.0272,0.02818,1.0,0.0,0.0,,,-0.01,0.03273,-0.00017,0.00425,0.0,0.0
1835,1879040,9.81056,375.0,0.0,0.0,0.185569,-0.000347,0.002477,0.0001,0.150953,0.001256,0.983151,17.634386,4.95317,17.636265,4.964142,4.0,1.83e-05,6,578,0.0293,0.03474,1.0,0.0,0.0,,,-0.01,0.03051,-0.00015,0.00315,0.0,0.0
1836,1880064,9.64432,375.0,0.0,0.0,0.175376,-0.000121,0.000816,1.1e-05,0.143088,0.0,0.994354,17.431721,4.993267,17.433374,5.01411,4.0,1.814e-05,1,642,0.02414,0.02539,1.0,0.0,0.0,,,-0.01,0.03025,-0.00029,0.00422,0.0,0.0
1837,1881088,10.09611,375.0,0.0,0.0,0.180843,-9.3e-05,0.000767,4.4e-05,0.111026,0.000105,0.994594,17.021343,4.979111,17.043715,5.00462,4.0,1.799e-05,1,618,0.02386,0.02469,1.0,0.0,0.0,,,-0.01,0.03018,-0.00015,0.00413,0.0,0.0
1838,1882112,8.53661,375.0,0.0,0.0,0.206517,-6.5e-05,0.001005,9e-06,0.144827,0.0,0.99296,17.512785,4.888959,17.55304,4.897947,4.0,1.784e-05,6,642,0.03195,0.03669,1.0,0.0,1.0,,,-0.01,0.031,-0.00017,0.0034,0.0,0.0
1839,1883136,10.0581,375.0,0.0,0.0,0.193856,-0.00045,0.00026,8.5e-05,0.185158,0.000105,0.998037,17.704462,4.887378,17.738033,4.893902,4.0,1.768e-05,1,661,0.02483,0.02511,1.0,0.0,0.0,,,-0.01,0.03246,-0.00017,0.00314,0.0,0.0
1840,1884160,10.12858,375.0,0.0,0.0,0.192177,-0.000173,0.000445,3.4e-05,0.121713,0.0,0.996376,17.349682,4.898999,17.346127,4.906299,4.0,1.753e-05,2,578,0.02441,0.02595,1.0,0.0,0.0,,,-0.01,0.03104,-0.00018,0.00224,0.0,0.0
1841,1885184,9.38271,375.0,0.0,0.0,0.185109,-0.000361,0.000438,9e-05,0.182887,0.0,0.996042,18.061014,4.819535,18.097864,4.822509,4.0,1.738e-05,5,655,0.03167,0.03627,1.0,0.0,0.0,,,-0.01,0.03095,-0.00019,0.00202,0.0,0.0
1842,1886208,2.2744,375.0,0.0,0.0,0.166152,-5.2e-05,0.000164,3.5e-05,0.137164,0.0,0.998436,17.965441,4.628521,18.016409,4.622014,4.0,1.722e-05,1,666,0.02121,0.02246,1.0,0.0,0.0,,,-0.01,0.03303,-0.0001,0.00345,0.0,0.0
1843,1887232,9.78134,375.0,0.0,0.0,0.168033,-0.000201,0.000205,2.5e-05,0.178697,3.5e-05,0.998287,17.541941,4.495473,17.567923,4.504088,4.0,1.707e-05,4,619,0.02902,0.03251,1.0,0.0,0.0,,,-0.01,0.03104,-0.00015,0.00405,0.0,0.0
1844,1888256,9.62366,375.0,0.0,0.0,0.189957,-0.000409,0.001322,1.7e-05,0.20851,3.5e-05,0.990407,18.00482,4.834573,18.022936,4.866721,4.0,1.692e-05,3,651,0.03125,0.03265,1.0,0.0,0.0,,,-0.01,0.03052,-0.0002,0.00352,0.0,0.0
1845,1889280,10.11358,375.0,0.0,0.0,0.158237,-1.3e-05,0.000421,1.9e-05,0.108771,0.0,0.9967,17.881794,4.854894,17.909363,4.8897,4.0,1.676e-05,1,666,0.02204,0.0233,1.0,0.0,0.0,,,-0.01,0.03161,-0.00021,0.00423,0.0,0.0
1846,1890304,8.60362,375.0,0.0,0.0,0.170512,-7.8e-05,0.000914,3e-06,0.137849,0.0,0.993457,17.693245,4.913243,17.718193,4.948057,4.0,1.661e-05,4,621,0.03404,0.03557,1.0,0.0,1.0,,,-0.01,0.03033,-0.00019,0.0036,0.0,0.0
1847,1891328,10.1151,375.0,0.0,0.0,0.198772,-0.000951,0.000225,0.000302,0.234435,0.002372,0.998234,18.279139,4.728696,18.340759,4.736249,4.0,1.645e-05,3,653,0.0339,0.03627,1.0,0.0,0.0,,,-0.01,0.03175,-0.00023,0.00405,0.0,0.0
1848,1892352,8.52585,375.0,0.0,0.0,0.178229,-0.000138,0.000947,8.3e-05,0.130905,0.0,0.992681,17.953255,4.738667,17.94459,4.780717,4.0,1.63e-05,2,670,0.02846,0.02985,1.0,0.0,0.0,,,-0.01,0.03136,-0.0002,0.00399,0.0,0.0
1849,1893376,10.02034,375.0,0.0,0.0,0.181035,-0.000115,0.000214,2.8e-05,0.158936,0.0,0.998201,17.738312,4.660946,17.767569,4.6927,4.0,1.615e-05,3,633,0.03376,0.03683,1.0,0.0,0.0,,,-0.01,0.03072,-0.00022,0.00398,0.0,0.0
1850,1894400,8.6213,375.0,0.0,0.0,0.192304,-0.000138,0.001593,7e-06,0.168192,0.0,0.988223,18.327623,4.798279,18.366192,4.799458,4.0,1.599e-05,3,612,0.03823,0.03683,1.0,0.0,0.0,,,-0.01,0.03074,-0.00024,0.00161,0.0,0.0
1851,1895424,9.99326,375.0,0.0,0.0,0.161278,-0.00028,0.000434,2.2e-05,0.179856,0.0,0.996013,18.355122,4.658825,18.372396,4.661499,4.0,1.584e-05,2,653,0.02776,0.02944,1.0,0.0,0.0,,,-0.01,0.03245,-0.00014,0.00222,0.0,0.0
1852,1896448,9.61305,375.0,0.0,0.0,0.185044,-0.000109,0.000429,5.9e-05,0.139128,7e-05,0.995938,18.094521,4.620837,18.095417,4.637654,4.0,1.569e-05,4,628,0.03181,0.03446,1.0,0.0,0.0,,,-0.01,0.03111,-0.00023,0.00211,0.0,0.0
1853,1897472,5.5681,375.0,0.0,0.0,0.211427,-0.000255,0.00102,3.1e-05,0.175301,0.0,0.992438,18.234507,4.729935,18.254185,4.755848,4.0,1.553e-05,2,623,0.03697,0.03948,1.0,0.0,0.0,,,-0.01,0.03121,-0.00028,0.00342,0.0,0.0
1854,1898496,9.98761,375.0,0.0,0.0,0.212956,-0.000618,0.000119,0.000237,0.230094,0.001046,0.999062,17.932066,4.750535,17.986355,4.769659,4.0,1.538e-05,2,651,0.03097,0.03027,1.0,0.0,0.0,,,-0.01,0.03227,-0.00015,0.00396,0.0,0.0
1855,1899520,9.57131,375.0,0.0,0.0,0.216733,-0.00149,0.000662,0.000836,0.283644,0.012137,0.995298,17.837063,4.917807,17.853695,4.962744,4.0,1.523e-05,4,644,0.0339,0.03753,1.0,0.0,0.0,,,-0.01,0.03087,-0.00023,0.00396,0.0,0.0
1856,1900544,8.88715,375.0,0.0,0.0,0.16004,-0.000252,0.000167,2.9e-05,0.172697,3.5e-05,0.99872,18.922718,4.73297,18.955851,4.736776,4.0,1.507e-05,2,608,0.02693,0.02818,1.0,0.0,0.0,,,-0.01,0.03142,-0.00015,0.00415,0.0,0.0
1857,1901568,9.22775,375.0,0.0,0.0,0.152639,-0.000621,0.000166,6.8e-05,0.186212,0.000767,0.998674,18.731443,4.674438,18.7637,4.680999,4.0,1.5e-05,2,659,0.02414,0.02581,1.0,0.0,0.0,,,-0.01,0.03194,-0.00015,0.00415,0.0,0.0
1858,1902592,9.57185,375.0,0.0,0.0,0.171755,-0.000115,0.000223,4.4e-05,0.193587,0.0,0.998295,18.671158,4.769097,18.696547,4.789462,4.0,1.5e-05,4,665,0.02651,0.02958,1.0,0.0,0.0,,,-0.01,0.0309,-0.00014,0.00401,0.0,0.0
1859,1903616,9.67457,375.0,0.0,0.0,0.170164,-0.000932,0.00011,0.000184,0.243214,0.002058,0.99912,19.19227,4.865148,19.238203,4.888048,4.0,1.5e-05,3,619,0.02525,0.02706,1.0,0.0,0.0,,,-0.01,0.03275,-0.00015,0.00387,0.0,0.0
1860,1904640,10.10866,375.0,0.0,0.0,0.173152,-0.000373,0.001296,0.000276,0.290762,0.003139,0.990176,18.82222,4.729381,18.836975,4.737702,4.0,1.5e-05,1,664,0.02553,0.02595,1.0,0.0,0.0,,,-0.01,0.03239,-0.00016,0.00383,0.0,0.0
1861,1905664,9.67228,375.0,0.0,0.0,0.215524,-0.00022,0.002457,2.4e-05,0.184503,0.0,0.98188,18.159275,4.803253,18.141993,4.811609,4.0,1.5e-05,5,649,0.03027,0.03502,1.0,0.0,0.0,,,-0.01,0.03012,-0.00016,0.00328,0.0,0.0
1862,1906688,9.97519,375.0,0.0,0.0,0.200845,-0.000471,0.00025,5.4e-05,0.258733,0.000349,0.998229,18.215536,4.987828,18.24283,5.015087,4.0,1.5e-05,2,606,0.02553,0.0272,1.0,0.0,0.0,,,-0.01,0.0308,-0.00011,0.00418,0.0,0.0
1863,1907712,8.06081,375.0,0.0,0.0,0.197088,-0.000305,0.001487,9.6e-05,0.159115,0.001221,0.990071,17.848749,5.044424,17.813385,5.092363,4.0,1.5e-05,1,667,0.02553,0.02567,1.0,0.0,0.0,,,-0.01,0.02987,-0.00022,0.00384,0.0,0.0
1864,1908736,8.6955,375.0,0.0,0.0,0.192422,-0.000114,0.000379,9e-06,0.140151,0.0,0.997257,18.111057,4.955399,18.145908,4.987694,4.0,1.5e-05,5,657,0.03167,0.03613,1.0,0.0,1.0,,,-0.01,0.02996,-0.00012,0.004,0.0,0.0
1865,1909760,8.33319,375.0,0.0,0.0,0.191176,-0.000257,0.000182,3.2e-05,0.200408,0.0,0.998546,18.792494,4.822445,18.819529,4.844188,4.0,1.5e-05,2,625,0.02846,0.03013,1.0,0.0,1.0,,,-0.01,0.03126,-0.00024,0.0042,0.0,0.0
1866,1910784,10.15299,375.0,0.0,0.0,0.177287,-0.000356,0.000155,3.1e-05,0.227002,0.000209,0.998733,18.655094,4.591635,18.666325,4.585888,4.0,1.5e-05,1,652,0.02441,0.02539,1.0,0.0,0.0,,,-0.01,0.03138,-0.00015,0.00419,0.0,0.0
1867,1911808,9.10589,375.0,0.0,0.0,0.178846,-0.000193,0.000478,6e-05,0.222191,0.0,0.99615,18.595186,4.626025,18.600645,4.616064,4.0,1.5e-05,5,659,0.02888,0.03362,1.0,0.0,0.0,,,-0.01,0.02967,-0.00017,0.00281,0.0,0.0
1868,1912832,9.98931,375.0,0.0,0.0,0.163671,-0.000124,0.002245,1.8e-05,0.124547,0.0,0.982386,18.665771,4.664798,18.645691,4.670292,4.0,1.5e-05,2,631,0.03097,0.03278,1.0,0.0,0.0,,,-0.01,0.03144,-0.00022,0.00162,0.0,0.0
1869,1913856,10.07116,375.0,0.0,0.0,0.179996,-0.000196,0.002081,1.2e-05,0.184546,0.0,0.984297,18.04377,4.70951,17.993164,4.81058,4.0,1.5e-05,1,642,0.03306,0.02972,1.0,0.0,0.0,,,-0.01,0.03073,-0.00017,0.00061,0.0,0.0
1870,1914880,7.77918,375.0,0.0,0.0,0.204727,-0.000891,0.001777,7.1e-05,0.23881,0.000558,0.98738,18.219883,4.981215,18.219995,5.070229,4.0,1.5e-05,5,647,0.04464,0.04088,1.0,0.0,0.0,,,-0.01,0.03039,-0.00026,0.00199,0.0,0.0
1871,1915904,6.67035,375.0,0.0,0.0,0.181109,-0.000731,0.00069,8.1e-05,0.191696,0.000628,0.995023,18.752954,4.913823,18.777136,4.981645,4.0,1.5e-05,2,626,0.03474,0.03027,1.0,0.0,0.0,,,-0.01,0.03215,-0.00019,0.0029,0.0,0.0
1872,1916928,10.11287,375.0,0.0,0.0,0.158578,-0.000333,0.000151,2.5e-05,0.248909,0.000174,0.998785,18.617233,4.615897,18.642496,4.623558,4.0,1.5e-05,1,639,0.01953,0.02037,1.0,0.0,0.0,,,-0.01,0.03209,-0.00013,0.00425,0.0,0.0
1873,1917952,9.68964,375.0,0.0,0.0,0.170986,-0.000467,0.000233,8.2e-05,0.216596,0.000942,0.998164,18.825836,4.72093,18.860229,4.72065,4.0,1.5e-05,5,653,0.02874,0.03265,1.0,0.0,0.0,,,-0.01,0.03047,-0.00015,0.00403,0.0,0.0
1874,1918976,9.07917,375.0,0.0,0.0,0.149904,-0.000795,0.000195,0.000101,0.224183,0.00143,0.998513,19.032339,4.77186,19.064123,4.792851,4.0,1.5e-05,2,634,0.02148,0.02316,1.0,0.0,0.0,,,-0.01,0.03204,-0.00012,0.00415,0.0,0.0
1875,1920000,10.17601,375.0,0.0,0.0,0.144642,-0.000231,0.000214,1.4e-05,0.225269,0.0,0.998365,18.58552,4.753513,18.611376,4.759781,4.0,1.5e-05,1,648,0.01883,0.01981,1.0,0.0,0.0,,,-0.01,0.03226,-0.0001,0.00423,0.0,0.0
1876,1921024,9.6437,375.0,0.0,0.0,0.174638,-0.000319,0.000961,3.5e-05,0.183805,0.000174,0.993234,18.73814,4.894501,18.754087,4.916201,4.0,1.5e-05,6,654,0.03265,0.03697,1.0,0.0,0.0,,,-0.01,0.03111,-0.0002,0.00379,0.0,0.0
1877,1922048,10.13161,375.0,0.0,0.0,0.146945,-0.000274,0.000182,6.7e-05,0.19101,0.0,0.998667,18.929066,4.862267,18.957581,4.887352,4.0,1.5e-05,1,670,0.02218,0.02288,1.0,0.0,0.0,,,-0.01,0.03248,-0.00015,0.00424,0.0,0.0
1878,1923072,9.73124,375.0,0.0,0.0,0.146234,-0.000297,0.000128,3.8e-05,0.222134,3.5e-05,0.999,18.599417,4.910392,18.631693,4.953328,4.0,1.5e-05,1,601,0.01646,0.01716,1.0,0.0,0.0,,,-0.01,0.03261,-0.00011,0.00424,0.0,0.0
1879,1924096,9.62583,375.0,0.0,0.0,0.174897,-0.000613,0.00027,0.000189,0.246805,0.001046,0.997969,19.087193,4.863468,19.127726,4.866969,4.0,1.5e-05,6,668,0.02762,0.03278,1.0,0.0,0.0,,,-0.01,0.03073,-0.00016,0.00384,0.0,0.0
1880,1925120,10.15114,375.0,0.0,0.0,0.157826,-0.000151,0.000137,2.3e-05,0.220399,0.000105,0.998869,19.098372,4.714808,19.143076,4.740273,4.0,1.5e-05,1,672,0.0226,0.02358,1.0,0.0,0.0,,,-0.01,0.03256,-0.00014,0.004,0.0,0.0
1881,1926144,9.90767,375.0,0.0,0.0,0.159414,-3.2e-05,0.001011,7e-06,0.128957,0.0,0.992331,18.53063,4.760307,18.533428,4.788362,4.0,1.5e-05,2,623,0.02274,0.02497,1.0,0.0,0.0,,,-0.01,0.03163,-0.00011,0.00405,0.0,0.0
1882,1927168,9.5637,375.0,0.0,0.0,0.198929,-0.000602,0.00035,0.000176,0.267938,0.002162,0.997565,18.740709,4.983063,18.775349,5.033306,4.0,1.5e-05,5,648,0.0332,0.03753,1.0,0.0,0.0,,,-0.01,0.03059,-0.00017,0.00397,0.0,0.0
1883,1928192,9.8284,375.0,0.0,0.0,0.174852,-0.000141,0.000999,6.8e-05,0.123817,0.0,0.99367,18.721121,5.134222,18.763216,5.174861,4.0,1.5e-05,1,661,0.02274,0.02358,1.0,0.0,0.0,,,-0.01,0.03202,-0.00011,0.00384,0.0,0.0
1884,1929216,9.45012,375.0,0.0,0.0,0.173472,-0.000462,0.000159,3.4e-05,0.307354,0.00014,0.998883,18.774088,4.970128,18.810656,4.99668,4.0,1.5e-05,4,621,0.02302,0.02553,1.0,0.0,0.0,,,-0.01,0.03232,-9e-05,0.00403,0.0,0.0
1885,1930240,9.10474,375.0,0.0,0.0,0.173397,-0.000203,0.0002,5.5e-05,0.213264,7e-05,0.998545,19.495594,4.958246,19.52672,4.977124,4.0,1.5e-05,3,682,0.02706,0.03097,1.0,0.0,0.0,,,-0.01,0.03115,-0.00014,0.00419,0.0,0.0
1886,1931264,10.14791,375.0,0.0,0.0,0.162312,-0.000475,0.00011,0.000186,0.241069,0.000977,0.999173,19.352045,4.876399,19.384586,4.892201,4.0,1.5e-05,1,691,0.02274,0.02344,1.0,0.0,0.0,,,-0.01,0.033,-0.00015,0.00424,0.0,0.0
1887,1932288,9.82122,375.0,0.0,0.0,0.172366,-0.000255,0.00022,0.000102,0.199764,0.0,0.998388,18.993374,4.908852,19.010824,4.916535,4.0,1.5e-05,4,622,0.02637,0.02985,1.0,0.0,0.0,,,-0.01,0.03092,-0.00011,0.004,0.0,0.0
1888,1933312,9.87453,375.0,0.0,0.0,0.197883,-0.000277,0.001671,6.2e-05,0.156849,0.000523,0.988961,19.146261,5.088769,19.116903,5.156971,4.0,1.5e-05,3,652,0.02302,0.02665,1.0,0.0,0.0,,,-0.01,0.0298,-0.00022,0.00342,0.0,0.0
1889,1934336,8.92657,375.0,0.0,0.0,0.176022,-0.000681,0.000154,5.5e-05,0.257961,0.000419,0.998847,18.842724,5.278381,18.864563,5.33737,4.0,1.5e-05,2,656,0.018,0.01883,1.0,0.0,0.0,,,-0.01,0.03125,-0.00011,0.00424,0.0,0.0
1890,1935360,10.08265,375.0,0.0,0.0,0.188435,-0.000146,0.00024,6.8e-05,0.215167,0.000453,0.99847,18.439632,5.300467,18.439604,5.345278,4.0,1.5e-05,3,613,0.02637,0.02972,1.0,0.0,0.0,,,-0.01,0.02979,-9e-05,0.00402,0.0,0.0
1891,1936384,7.65285,375.0,0.0,0.0,0.185897,-0.000271,0.000419,5e-05,0.120681,0.0,0.996869,19.326809,4.899656,19.329973,4.905127,4.0,1.5e-05,3,632,0.02469,0.02706,1.0,0.0,1.0,,,-0.01,0.03179,-0.00014,0.0024,0.0,0.0
1892,1937408,9.98207,375.0,0.0,0.0,0.175115,-0.000148,0.000421,0.000128,0.123404,0.0,0.996426,19.064144,4.761047,19.054478,4.775806,4.0,1.5e-05,2,691,0.02288,0.02455,1.0,0.0,0.0,,,-0.01,0.0319,-0.00013,0.00225,0.0,0.0
1893,1938432,7.80353,375.0,0.0,0.0,0.186112,-0.000177,0.000471,0.000121,0.136691,7e-05,0.996143,18.967972,4.867539,18.96834,4.886078,4.0,1.5e-05,4,726,0.02581,0.02804,1.0,0.0,0.0,,,-0.01,0.03135,-0.00016,0.00219,0.0,0.0
1894,1939456,10.10777,375.0,0.0,0.0,0.172542,-0.000409,0.00016,7e-05,0.260844,0.000384,0.998857,19.69968,4.933483,19.731594,4.949867,4.0,1.5e-05,2,717,0.02372,0.02623,1.0,0.0,0.0,,,-0.01,0.03216,-0.00014,0.00416,0.0,0.0
1895,1940480,9.74693,375.0,0.0,0.0,0.164477,-0.000864,9.9e-05,0.000344,0.226393,0.003906,0.999244,19.376669,4.887267,19.41004,4.906147,4.0,1.5e-05,2,762,0.02162,0.02358,1.0,0.0,0.0,,,-0.01,0.03322,-0.00014,0.00418,0.0,0.0
1896,1941504,10.13248,375.0,0.0,0.0,0.170265,-0.000174,0.000167,5e-05,0.207602,0.0,0.998693,18.867802,4.748638,18.908407,4.768855,4.0,1.5e-05,4,760,0.02288,0.02637,1.0,0.0,0.0,,,-0.01,0.03256,-0.00013,0.00406,0.0,0.0
1897,1942528,10.04803,375.0,0.0,0.0,0.159638,-0.000207,0.000171,1.5e-05,0.213151,0.0,0.998745,19.387966,4.864951,19.404057,4.869545,4.0,1.5e-05,2,694,0.02609,0.02748,1.0,0.0,0.0,,,-0.01,0.03179,-0.00014,0.00415,0.0,0.0
1898,1943552,9.95504,375.0,0.0,0.0,0.149551,-0.000195,0.000191,6.2e-05,0.165558,0.0,0.998535,19.138357,4.771122,19.148573,4.771849,4.0,1.5e-05,2,739,0.0226,0.02427,1.0,0.0,0.0,,,-0.01,0.03146,-0.00015,0.00418,0.0,0.0
1899,1944576,9.32987,375.0,0.0,0.0,0.152633,-0.000151,0.000324,1.4e-05,0.188082,0.0,0.997523,18.931471,4.76253,18.933298,4.756063,4.0,1.5e-05,4,747,0.02623,0.02985,1.0,0.0,0.0,,,-0.01,0.03087,-0.00018,0.00326,0.0,0.0
1900,1945600,9.3375,375.0,0.0,0.0,0.157765,-0.000583,0.000916,7.7e-05,0.161606,0.000314,0.993063,19.244202,4.780489,19.195421,4.794606,4.0,1.5e-05,3,749,0.02302,0.02414,1.0,0.0,0.0,,,-0.01,0.03077,-0.00015,0.00203,0.0,0.0
1901,1946624,10.10907,375.0,0.0,0.0,0.151319,-0.000332,0.000436,0.000108,0.127356,0.000558,0.996469,18.863552,4.801136,18.843561,4.830262,4.0,1.5e-05,1,719,0.0226,0.02483,1.0,0.0,0.0,,,-0.01,0.03186,-0.00013,0.00223,0.0,0.0
1902,1947648,8.19529,375.0,0.0,0.0,0.176213,-0.000238,0.001407,0.000101,0.153842,0.0,0.990101,18.703993,4.917852,18.704405,4.960199,4.0,1.5e-05,5,751,0.02776,0.02972,1.0,0.0,0.0,,,-0.01,0.03147,-0.00011,0.00249,0.0,0.0
1903,1948672,9.96944,375.0,0.0,0.0,0.152036,-0.000225,0.000774,1e-05,0.177418,0.0,0.995004,19.092417,5.121155,19.080616,5.166843,4.0,1.5e-05,2,759,0.02246,0.02455,1.0,0.0,0.0,,,-0.01,0.03183,-0.00016,0.00403,0.0,0.0
1904,1949696,10.12612,375.0,0.0,0.0,0.155568,-0.000369,0.00076,5.7e-05,0.136749,0.0,0.995372,18.68329,5.290932,18.679243,5.336757,4.0,1.5e-05,1,683,0.02065,0.02176,1.0,0.0,0.0,,,-0.01,0.03171,-0.00013,0.00408,0.0,0.0
1905,1950720,9.16897,375.0,0.0,0.0,0.175509,-0.000825,0.001418,0.000165,0.22919,0.000314,0.991452,18.577789,5.315878,18.583897,5.340734,4.0,1.5e-05,5,724,0.03055,0.03585,1.0,0.0,0.0,,,-0.01,0.02994,-0.00035,0.00387,0.0,0.0
1906,1951744,9.97384,375.0,0.0,0.0,0.118546,-0.000542,0.000667,3.2e-05,0.276757,0.000105,0.995778,19.492798,5.186645,19.533169,5.203027,4.0,1.5e-05,2,748,0.01814,0.02009,1.0,0.0,0.0,,,-0.01,0.03167,-8e-05,0.00408,0.0,0.0
1907,1952768,6.15004,375.0,0.0,0.0,0.112225,-0.000354,0.00018,2.6e-05,0.235128,0.000244,0.99877,19.271244,5.104962,19.310911,5.138,4.0,1.5e-05,1,754,0.01521,0.01618,1.0,0.0,1.0,,,-0.01,0.03262,-8e-05,0.00422,0.0,0.0
1908,1953792,10.02362,375.0,0.0,0.0,0.124482,-0.00053,0.000182,6.8e-05,0.221001,0.000732,0.998773,19.429708,5.081335,19.463123,5.100368,4.0,1.5e-05,5,710,0.0226,0.0272,1.0,0.0,0.0,,,-0.01,0.0319,-9e-05,0.00395,0.0,0.0
1909,1954816,10.12468,375.0,0.0,0.0,0.112192,-0.000295,0.000106,3e-05,0.175075,0.000244,0.999234,19.63711,4.962679,19.672777,4.974358,4.0,1.5e-05,2,752,0.01632,0.018,1.0,0.0,0.0,,,-0.01,0.03306,-9e-05,0.0042,0.0,0.0
1910,1955840,10.05727,375.0,0.0,0.0,0.117161,-0.000155,0.000138,3.7e-05,0.172561,0.000209,0.998978,19.209896,4.852918,19.217133,4.862194,4.0,1.5e-05,1,756,0.0159,0.01674,1.0,0.0,0.0,,,-0.01,0.03223,-9e-05,0.00424,0.0,0.0
1911,1956864,9.70235,375.0,0.0,0.0,0.139753,-0.000293,0.000261,4.1e-05,0.190993,0.000419,0.998099,19.225912,4.872262,19.236361,4.879776,4.0,1.5e-05,5,701,0.02051,0.02469,1.0,0.0,0.0,,,-0.01,0.03067,-8e-05,0.00403,0.0,0.0
1912,1957888,9.62516,375.0,0.0,0.0,0.136852,-0.000747,0.000107,0.000226,0.223984,0.003592,0.999209,19.43577,4.886885,19.455809,4.901879,4.0,1.5e-05,2,739,0.01786,0.01981,1.0,0.0,0.0,,,-0.01,0.03307,-7e-05,0.00417,0.0,0.0
1913,1958912,10.15054,375.0,0.0,0.0,0.144536,-0.000912,6.5e-05,0.000472,0.240005,0.007324,0.999501,19.002115,4.853371,19.035461,4.867415,4.0,1.5e-05,1,753,0.01535,0.01618,1.0,0.0,0.0,,,-0.01,0.03359,-6e-05,0.00425,0.0,0.0
1914,1959936,10.1089,375.0,0.0,0.0,0.177173,-0.000369,0.001665,9.6e-05,0.181218,0.000593,0.98858,19.145245,4.9579,19.128452,4.973096,4.0,1.5e-05,5,751,0.02623,0.03139,1.0,0.0,0.0,,,-0.01,0.03092,-0.0001,0.00349,0.0,0.0
1915,1960960,10.12782,375.0,0.0,0.0,0.16778,-0.000253,0.000126,2.6e-05,0.180343,7e-05,0.999154,19.32922,5.026608,19.345201,5.053478,4.0,1.5e-05,2,680,0.01953,0.02121,1.0,0.0,0.0,,,-0.01,0.03194,-9e-05,0.00422,0.0,0.0
1916,1961984,8.49843,375.0,0.0,0.0,0.161248,-0.000348,0.00013,0.000169,0.330749,0.0,0.99905,18.872358,4.995996,18.878172,5.032231,4.0,1.5e-05,1,745,0.01869,0.01967,1.0,0.0,0.0,,,-0.01,0.03246,-8e-05,0.00425,0.0,0.0
1917,1963008,9.66978,375.0,0.0,0.0,0.165342,-0.000183,0.000871,0.000111,0.095595,0.0,0.994116,19.305161,5.121998,19.298412,5.14543,4.0,1.5e-05,6,747,0.02734,0.03223,1.0,0.0,0.0,,,-0.01,0.03185,-0.00016,0.0039,0.0,0.0
1918,1964032,10.12694,375.0,0.0,0.0,0.140993,-0.0004,9.6e-05,4.6e-05,0.253208,7e-05,0.999358,19.396149,5.07501,19.420053,5.09563,4.0,1.5e-05,1,740,0.01953,0.01981,1.0,0.0,0.0,,,-0.01,0.0322,-0.00018,0.00407,0.0,0.0
1919,1965056,10.14194,375.0,0.0,0.0,0.13081,-2.5e-05,0.000515,1.5e-05,0.095258,0.0,0.996414,19.26441,4.988547,19.300022,5.011891,4.0,1.5e-05,1,707,0.01814,0.01842,1.0,0.0,0.0,,,-0.01,0.03303,-8e-05,0.004,0.0,0.0
1920,1966080,9.76224,375.0,0.0,0.0,0.154457,-0.000574,0.00021,0.000108,0.207529,0.000663,0.998572,19.718527,5.089825,19.755514,5.108403,4.0,1.5e-05,6,727,0.02469,0.02985,1.0,0.0,1.0,,,-0.01,0.0317,-0.00011,0.00404,0.0,0.0
1921,1967104,9.84325,375.0,0.0,0.0,0.138189,-0.000263,0.000136,2.9e-05,0.220817,0.0,0.999058,19.593807,5.01811,19.609936,5.042324,4.0,1.5e-05,1,757,0.01939,0.02037,1.0,0.0,0.0,,,-0.01,0.03243,-0.00013,0.00425,0.0,0.0
1922,1968128,10.15045,375.0,0.0,0.0,0.121317,-0.000233,0.000157,6.4e-05,0.182853,0.00014,0.998855,18.966131,4.877226,18.984472,4.879398,4.0,1.5e-05,2,686,0.01674,0.01786,1.0,0.0,0.0,,,-0.01,0.03236,-8e-05,0.00416,0.0,0.0
1923,1969152,9.53744,375.0,0.0,0.0,0.16667,-0.000728,0.000371,0.000118,0.274438,0.000488,0.997454,19.354412,5.011309,19.373983,5.027253,4.0,1.5e-05,5,729,0.03069,0.03446,1.0,0.0,0.0,,,-0.01,0.03008,-0.00017,0.00388,0.0,0.0
1924,1970176,10.12138,375.0,0.0,0.0,0.138305,-0.000113,0.000155,1.9e-05,0.213299,0.0,0.998923,19.277866,5.084026,19.284719,5.101866,4.0,1.5e-05,1,734,0.02511,0.02553,1.0,0.0,0.0,,,-0.01,0.0315,-0.00014,0.0042,0.0,0.0
1925,1971200,8.71534,375.0,0.0,0.0,0.144083,-0.000848,0.000284,5.6e-05,0.29576,0.000453,0.998104,18.955469,5.113402,18.966412,5.12335,4.0,1.5e-05,3,748,0.02302,0.02511,1.0,0.0,0.0,,,-0.01,0.03135,-0.00013,0.00415,0.0,0.0
1926,1972224,9.59558,375.0,0.0,0.0,0.154136,-0.000526,0.000234,0.000105,0.171927,0.000488,0.998413,19.499329,5.041318,19.497635,5.048176,4.0,1.5e-05,4,680,0.02455,0.02874,1.0,0.0,0.0,,,-0.01,0.03124,-0.00011,0.00415,0.0,0.0
1927,1973248,10.09734,375.0,0.0,0.0,0.127747,-0.00054,0.000117,2.3e-05,0.236341,0.000105,0.999121,19.219151,4.923584,19.249729,4.955308,4.0,1.5e-05,1,764,0.0166,0.01772,1.0,0.0,0.0,,,-0.01,0.03342,-9e-05,0.00423,0.0,0.0
1928,1974272,10.0913,375.0,0.0,0.0,0.122765,-0.000702,0.000175,9.5e-05,0.226366,0.001151,0.998778,19.00532,5.020002,19.033773,5.031837,4.0,1.5e-05,4,760,0.01967,0.02302,1.0,0.0,0.0,,,-0.01,0.03224,-0.00013,0.00413,0.0,0.0
1929,1975296,9.628,375.0,0.0,0.0,0.139462,-0.000234,0.000823,5.5e-05,0.154828,0.000593,0.99456,19.745008,5.076631,19.729862,5.089799,4.0,1.5e-05,3,657,0.01967,0.02246,1.0,0.0,0.0,,,-0.01,0.03133,-0.00018,0.00396,0.0,0.0
1930,1976320,10.0629,375.0,0.0,0.0,0.124456,-0.000173,0.001338,2.8e-05,0.160384,0.000314,0.991178,19.258728,5.086981,19.257956,5.110926,4.0,1.5e-05,1,733,0.01772,0.01925,1.0,0.0,0.0,,,-0.01,0.03179,-9e-05,0.00419,0.0,0.0
1931,1977344,10.01156,375.0,0.0,0.0,0.14407,-0.000178,0.000239,6e-06,0.276733,0.0,0.998436,18.924484,5.195662,18.920336,5.238075,4.0,1.5e-05,4,751,0.0219,0.02483,1.0,0.0,0.0,,,-0.01,0.03051,-0.0001,0.00398,0.0,0.0
1932,1978368,8.4197,375.0,0.0,0.0,0.134102,-0.000267,0.00014,2.3e-05,0.200469,0.00014,0.999131,20.111328,5.415645,20.123129,5.451745,4.0,1.5e-05,3,752,0.02162,0.024,1.0,0.0,1.0,,,-0.01,0.03185,-0.00013,0.00415,0.0,0.0
1933,1979392,10.13172,375.0,0.0,0.0,0.105593,-0.000164,7.3e-05,1.5e-05,0.151569,0.0,0.999523,19.967741,5.313957,19.988153,5.340125,4.0,1.5e-05,2,722,0.01897,0.02065,1.0,0.0,0.0,,,-0.01,0.03342,-0.0001,0.0042,0.0,0.0
1934,1980416,10.13967,375.0,0.0,0.0,0.116201,-0.00053,9.4e-05,3.5e-05,0.204229,7e-05,0.999386,19.526041,5.222989,19.546535,5.241169,4.0,1.5e-05,3,739,0.01758,0.02009,1.0,0.0,0.0,,,-0.01,0.03272,-8e-05,0.00416,0.0,0.0
1935,1981440,10.13551,375.0,0.0,0.0,0.113511,-0.000254,0.000138,2.9e-05,0.167785,7e-05,0.999078,19.945597,5.163602,19.968386,5.194926,4.0,1.5e-05,3,755,0.01911,0.02148,1.0,0.0,0.0,,,-0.01,0.03279,-8e-05,0.00412,0.0,0.0
1936,1982464,10.13408,375.0,0.0,0.0,0.097703,-0.000167,9.1e-05,2.7e-05,0.142426,0.0,0.999409,19.700594,5.174554,19.71422,5.195526,4.0,1.5e-05,2,707,0.0166,0.01828,1.0,0.0,0.0,,,-0.01,0.03289,-8e-05,0.00422,0.0,0.0
1937,1983488,9.90469,375.0,0.0,0.0,0.106018,-0.000486,0.00013,4.1e-05,0.180032,0.000174,0.999162,19.475582,5.171248,19.488224,5.191013,4.0,1.5e-05,4,732,0.01618,0.01953,1.0,0.0,0.0,,,-0.01,0.03221,-9e-05,0.00409,0.0,0.0
1938,1984512,10.15409,375.0,0.0,0.0,0.119486,-0.000245,0.001789,2.2e-05,0.200456,7e-05,0.988697,19.609379,5.18365,19.614742,5.200137,4.0,1.5e-05,2,762,0.01953,0.0219,1.0,0.0,0.0,,,-0.01,0.0326,-9e-05,0.00388,0.0,0.0
1939,1985536,10.15945,375.0,0.0,0.0,0.114218,-4.2e-05,0.000142,1.2e-05,0.186997,0.0,0.999053,19.229771,5.172529,19.236496,5.194428,4.0,1.5e-05,2,762,0.01716,0.01883,1.0,0.0,0.0,,,-0.01,0.0319,-6e-05,0.00422,0.0,0.0
1940,1986560,10.01176,375.0,0.0,0.0,0.128037,-0.000177,0.001118,2.1e-05,0.124787,0.000174,0.992856,19.074081,5.278299,19.029423,5.272287,4.0,1.5e-05,4,686,0.01855,0.02176,1.0,0.0,0.0,,,-0.01,0.03048,-7e-05,0.00386,0.0,0.0
1941,1987584,8.14676,375.0,0.0,0.0,0.11924,-0.000551,0.000116,5.1e-05,0.273884,0.000279,0.999266,19.567932,5.348887,19.579588,5.387428,4.0,1.5e-05,2,760,0.01646,0.01786,1.0,0.0,0.0,,,-0.01,0.0322,-9e-05,0.00417,0.0,0.0
1942,1988608,10.17272,375.0,0.0,0.0,0.115705,-0.000145,0.000102,2.1e-05,0.225542,0.0,0.999351,19.272343,5.320473,19.295345,5.353223,4.0,1.5e-05,2,754,0.01535,0.01716,1.0,0.0,0.0,,,-0.01,0.03283,-4e-05,0.00421,0.0,0.0
1943,1989632,9.78863,375.0,0.0,0.0,0.117202,-0.000245,0.000163,2.9e-05,0.250771,0.0,0.999002,19.167965,5.32369,19.198359,5.34415,4.0,1.5e-05,5,721,0.0166,0.01967,1.0,0.0,0.0,,,-0.01,0.03202,-8e-05,0.0041,0.0,0.0
1944,1990656,10.17176,375.0,0.0,0.0,0.102214,-3e-05,0.00015,6e-06,0.186459,0.0,0.999068,19.735323,5.285294,19.751621,5.292449,4.0,1.5e-05,2,724,0.01353,0.01604,1.0,0.0,0.0,,,-0.01,0.03182,-8e-05,0.00417,0.0,0.0
1945,1991680,8.77155,375.0,0.0,0.0,0.100795,-0.000232,0.000177,1.8e-05,0.190019,0.0,0.998897,19.457127,5.277513,19.451488,5.304196,4.0,1.5e-05,1,763,0.0173,0.018,1.0,0.0,0.0,,,-0.01,0.03216,-0.0001,0.00422,0.0,0.0
1946,1992704,9.77614,375.0,0.0,0.0,0.12047,-0.000613,0.001002,4.2e-05,0.24212,0.000314,0.993718,19.400448,5.328483,19.39332,5.334872,4.0,1.5e-05,5,751,0.01953,0.02246,1.0,0.0,0.0,,,-0.01,0.03167,-6e-05,0.00374,0.0,0.0
1947,1993728,10.11548,375.0,0.0,0.0,0.121893,-0.000303,0.002269,6.7e-05,0.085246,0.000663,0.986895,20.019228,5.511127,20.033234,5.546407,4.0,1.5e-05,2,690,0.0173,0.01674,1.0,0.0,0.0,,,-0.01,0.03202,-4e-05,0.00328,0.0,0.0
1948,1994752,10.03218,375.0,0.0,0.0,0.112607,-5.3e-05,0.000809,4e-06,0.108608,0.0,0.995262,19.843815,5.576939,19.884586,5.589475,4.0,1.5e-05,1,759,0.01228,0.01297,1.0,0.0,0.0,,,-0.01,0.03212,-3e-05,0.00406,0.0,0.0
1949,1995776,9.54374,375.0,0.0,0.0,0.114146,-0.000376,0.000188,4.6e-05,0.187037,0.00014,0.998911,19.876707,5.499143,19.895168,5.51599,4.0,1.5e-05,5,748,0.01632,0.02065,1.0,0.0,0.0,,,-0.01,0.0318,-5e-05,0.00409,0.0,0.0
1950,1996800,9.19417,375.0,0.0,0.0,0.113476,-0.000152,0.000771,2e-05,0.117986,0.0,0.995295,19.760794,5.36898,19.74634,5.369833,4.0,1.5e-05,2,758,0.01437,0.01562,1.0,0.0,0.0,,,-0.01,0.03147,-6e-05,0.00401,0.0,0.0
1951,1997824,10.07725,375.0,0.0,0.0,0.108347,-0.000143,0.000396,2.1e-05,0.10104,0.0,0.99767,19.506796,5.40727,19.510805,5.415523,4.0,1.5e-05,1,675,0.01339,0.01395,1.0,0.0,0.0,,,-0.01,0.03162,-5e-05,0.00406,0.0,0.0
1952,1998848,9.28816,375.0,0.0,0.0,0.131431,-4.6e-05,0.000608,7e-06,0.109462,0.0,0.996345,19.695196,5.400317,19.678831,5.407956,4.0,1.5e-05,5,727,0.01925,0.02358,1.0,0.0,0.0,,,-0.01,0.03068,-7e-05,0.00401,0.0,0.0
1953,1999872,9.82572,375.0,0.0,0.0,0.106694,-0.000291,8.6e-05,1.3e-05,0.156189,0.0,0.999421,19.775242,5.404956,19.787535,5.446751,4.0,1.5e-05,2,732,0.01451,0.01618,1.0,0.0,0.0,,,-0.01,0.03252,-7e-05,0.00422,0.0,0.0
1954,2000896,10.11543,375.0,0.0,0.0,0.107778,-0.000179,7.5e-05,3e-06,0.194833,0.0,0.999469,19.122715,5.332108,19.139862,5.371939,4.0,1.5e-05,1,704,0.01395,0.01479,1.0,0.0,0.0,,,-0.01,0.03271,-7e-05,0.00425,0.0,0.0
