iteration,env_steps,ep_return,ep_length,success_rate,success_rate_rolling,entropy,policy_loss,value_loss,approx_kl,grad_norm,clipfrac,explained_variance,value_mean,value_std,return_mean,return_std,epochs_used,lr,n_episodes,sps,tx_per_agent_step,messages_per_agent_step,timeout_rate_rolling,root_report_close_rolling,root_report_close_n,human_death_rate,false_complete_rate,cover_under_threat,objective_dist_under_threat,comp_time,comp_compliance,comp_report,comp_command,comp_combat,comp_bunching,comp_terminal
1,1024,nan,nan,0.0,0.0,2.50363,-0.009054,0.289126,0.006224,0.83361,0.06393,0.022789,-0.243932,0.164646,-1.056098,1.289443,4.0,0.0003,0,656,0.25642,0.36789,0.0,nan,0,0.0,0.0,,,-0.01,0.00486,-0.01419,-0.0234,0.0,-0.01242,0.0
2,2048,nan,nan,0.0,0.0,2.457841,-0.005168,0.093609,0.002862,0.855471,0.022984,0.671857,-0.841505,1.063798,-1.482496,2.16466,4.0,0.0002999,0,670,0.27038,0.37783,0.0,nan,0,0.0,0.0,,,-0.01,0.00512,-0.01277,-0.0208,-0.00032,-0.00187,0.0
3,3072,nan,nan,0.0,0.0,2.407636,-0.005327,0.046022,0.003549,0.693219,0.041539,0.843835,-1.204517,2.139705,-1.841477,3.307059,4.0,0.0002998,0,675,0.24289,0.34684,0.0,nan,0,0.0,0.0,,,-0.01,0.00479,-0.0099,-0.02317,-0.00036,-0.00201,0.0
4,4096,-19.73919,450.0,0.0,0.0,2.383523,-0.003836,0.038864,0.002868,0.406131,0.028251,0.919349,-1.739717,3.281742,-2.295978,4.187046,4.0,0.00029969,8,662,0.25104,0.34841,1.0,nan,0,0.0,0.99235,,,-0.01,0.00493,-0.00664,-0.02308,-0.00179,-0.01157,0.0
5,5120,nan,nan,0.0,0.0,2.420784,-0.004523,0.018813,0.004205,0.29244,0.041818,0.942896,-2.43953,4.099326,-3.032011,5.136953,4.0,0.00029959,0,669,0.2433,0.33347,1.0,nan,0,0.0,0.0,,,-0.01,0.00527,-0.00798,-0.02057,-0.00035,-0.00463,0.0
6,6144,nan,nan,0.0,0.0,2.314715,-0.004422,0.014515,0.004333,0.230862,0.024972,0.958314,-2.993445,5.092427,-3.514616,6.137606,4.0,0.00029949,0,682,0.23488,0.32384,1.0,nan,0,0.0,0.0,,,-0.01,0.00429,-0.00547,-0.02231,-0.00196,-0.00137,0.0
7,7168,nan,nan,0.0,0.0,1.757981,-0.004738,0.030897,0.00285,0.230046,0.030936,0.959142,-3.426751,6.072399,-3.977002,6.813756,4.0,0.00029939,0,758,0.26047,0.35878,1.0,nan,0,0.0,0.0,,,-0.01,0.00438,-0.00758,-0.02298,-0.00711,-0.00078,0.0
8,8192,-17.23408,450.0,0.0,0.0,2.399813,-0.004707,0.011296,0.005988,0.262539,0.06665,0.972704,-4.473952,6.774145,-5.038379,7.821173,4.0,0.00029928,8,656,0.25333,0.34098,1.0,nan,0,0.25,0.98507,,,-0.01,0.00608,-0.00536,-0.02605,-0.00027,-0.01457,0.0
9,9216,nan,nan,0.0,0.0,2.312607,-0.004481,0.009975,0.003601,0.224181,0.024414,0.980884,-4.658719,7.841089,-5.095172,8.694814,4.0,0.00029918,0,679,0.2314,0.313,1.0,nan,0,0.0,0.0,,,-0.01,0.00603,-0.0037,-0.02087,-0.00358,-0.00061,0.0
10,10240,nan,nan,0.0,0.0,1.615711,-0.004557,0.012325,0.002188,0.191855,0.024344,0.981239,-4.936279,8.804296,-5.407066,9.653182,4.0,0.00029908,0,774,0.26557,0.37336,1.0,nan,0,0.0,0.0,,,-0.01,0.00411,-0.00749,-0.02887,-0.00465,-0.00032,0.0
11,11264,-16.07965,450.0,0.0,0.0,1.718324,-0.004203,0.014278,0.002491,0.241716,0.035121,0.980339,-5.875415,9.328197,-6.29525,10.074334,4.0,0.00029898,8,748,0.27408,0.37384,1.0,nan,0,0.125,0.99412,,,-0.01,0.00435,-0.00425,-0.02998,-0.00091,-0.01548,0.0
12,12288,nan,nan,0.0,0.0,2.312806,-0.003879,0.005987,0.002276,0.250147,0.006941,0.98758,-5.925277,9.908981,-6.195334,10.829988,4.0,0.00029887,0,678,0.25323,0.34206,1.0,nan,0,0.0,0.0,,,-0.01,0.00565,-0.00248,-0.02057,-0.00302,-0.00091,0.0
13,13312,nan,nan,0.0,0.0,1.708026,-0.004075,0.00465,0.001686,0.205882,0.012277,0.989224,-5.26226,10.777147,-5.500562,11.697942,4.0,0.00029877,0,761,0.27527,0.38157,1.0,nan,0,0.0,0.0,,,-0.01,0.00489,-0.00309,-0.02951,-0.00206,0.0,0.0
14,14336,nan,nan,0.0,0.0,1.450562,-0.004181,0.00316,0.002986,0.253855,0.041853,0.991747,-4.614212,11.610958,-4.970321,12.540587,4.0,0.00029867,0,780,0.25355,0.37005,1.0,nan,0,0.0,0.0,,,-0.01,0.00386,-0.00279,-0.03878,-0.00042,-1e-05,0.0
15,15360,-15.02882,450.0,0.0,0.0,2.324178,-0.005875,0.004317,0.004395,0.275787,0.056083,0.99203,-7.229038,12.601743,-7.5206,13.503959,4.0,0.00029857,8,662,0.25029,0.34241,1.0,nan,0,0.0,0.98824,,,-0.01,0.00454,-0.00246,-0.02405,-0.00194,-0.00682,0.0
16,16384,nan,nan,0.0,0.0,1.774229,-0.006044,0.003432,0.002776,0.251171,0.03983,0.994443,-6.079074,13.407513,-6.216151,14.144725,4.0,0.00029846,0,743,0.22731,0.34125,1.0,nan,0,0.0,0.0,,,-0.01,0.00415,-0.00165,-0.02385,-0.00192,-5e-05,0.0
17,17408,nan,nan,0.0,0.0,1.563178,-0.005345,0.002755,0.004466,0.24428,0.070487,0.993665,-4.833382,13.834853,-5.095852,14.759974,4.0,0.00029836,0,789,0.23954,0.35362,1.0,nan,0,0.0,0.0,,,-0.01,0.00272,-0.00149,-0.03411,-0.00079,0.0,0.0
18,18432,-14.43113,450.0,0.0,0.0,1.826915,-0.005004,0.002734,0.002538,0.227782,0.026995,0.995185,-5.917715,14.830343,-6.156681,15.58813,4.0,0.00029826,8,725,0.2416,0.34955,1.0,nan,0,0.0,0.94828,,,-0.01,0.00431,-0.00192,-0.03034,0.0,-0.00752,0.0
19,19456,nan,nan,0.0,0.0,1.809942,-0.003402,0.004327,0.002084,0.182854,0.01695,0.995041,-6.844343,16.111881,-7.117801,16.694704,4.0,0.00029816,0,735,0.2437,0.35843,1.0,nan,0,0.0,0.0,,,-0.01,0.00353,-0.00287,-0.02253,-0.00364,-0.00594,0.0
20,20480,nan,nan,0.0,0.0,1.600585,-0.005809,0.002074,0.003944,0.260661,0.046596,0.996336,-6.161047,15.845988,-6.596746,16.539074,4.0,0.00029805,0,776,0.25502,0.3817,1.0,nan,0,0.0,0.0,,,-0.01,0.0035,-0.00386,-0.02945,0.0,-0.01178,0.0
21,21504,nan,nan,0.0,0.0,1.540956,-0.004137,0.003945,0.004176,0.252862,0.033831,0.994513,-5.562484,16.027115,-6.183765,16.617605,4.0,0.00029795,0,800,0.26201,0.38985,1.0,nan,0,0.0,0.0,,,-0.01,0.00404,-0.00286,-0.028,-0.00188,-0.02482,0.0
22,22528,-18.169,450.0,0.0,0.0,2.127365,-0.006735,0.003412,0.004877,0.273037,0.06958,0.995344,-8.442307,17.402534,-8.514845,18.126579,4.0,0.00029785,8,675,0.22671,0.32846,1.0,nan,0,0.0,0.9863,,,-0.01,0.00449,-0.00287,-0.02127,-0.00253,-0.00745,0.0
23,23552,nan,nan,0.0,0.0,1.657043,-0.003241,0.001657,0.00288,0.229486,0.02996,0.996372,-7.137088,18.1448,-7.448775,19.051888,4.0,0.00029775,0,777,0.22629,0.3527,1.0,nan,0,0.0,0.0,,,-0.01,0.00335,-0.00537,-0.02913,-9e-05,-0.00187,0.0
24,24576,nan,nan,0.0,0.0,1.611598,-0.005097,0.001442,0.003806,0.252289,0.044957,0.996593,-6.673607,18.729191,-7.093023,19.664427,4.0,0.00029764,0,783,0.2407,0.37147,1.0,nan,0,0.0,0.0,,,-0.01,0.00442,-0.00586,-0.03146,0.0,-0.00673,0.0
25,25600,-15.49498,450.0,0.0,0.0,1.880193,-0.004286,0.0017,0.0033,0.245285,0.024833,0.997174,-7.716561,19.60256,-7.88651,20.377764,4.0,0.00029754,8,711,0.237,0.35434,1.0,nan,0,0.0,0.98256,,,-0.01,0.00523,-0.00377,-0.02722,5e-05,-0.00649,0.0
26,26624,nan,nan,0.0,0.0,1.863901,-0.006005,0.001291,0.003031,0.240472,0.036621,0.99769,-8.418818,20.958607,-8.598804,21.731552,4.0,0.00029744,0,716,0.21967,0.33246,1.0,nan,0,0.0,0.0,,,-0.01,0.00368,-0.004,-0.02357,-0.00175,-0.00022,0.0
27,27648,nan,nan,0.0,0.0,1.722185,-0.005665,0.001094,0.004391,0.248405,0.055734,0.99795,-7.476419,21.411411,-7.765874,22.144165,4.0,0.00029734,0,766,0.25391,0.3766,1.0,nan,0,0.0,0.0,,,-0.01,0.00382,-0.00475,-0.02591,-0.00071,-0.00012,0.0
28,28672,nan,nan,0.0,0.0,1.624461,-0.004581,0.00123,0.003762,0.233716,0.029088,0.997968,-7.022073,21.760859,-7.308473,22.455091,4.0,0.00029724,0,782,0.25915,0.37957,1.0,nan,0,0.0,0.0,,,-0.01,0.00306,-0.00466,-0.02633,-0.00019,-0.00119,0.0
29,29696,-14.06181,450.0,0.0,0.0,2.066228,-0.007665,0.002022,0.005233,0.2559,0.073207,0.99706,-9.293508,22.800718,-9.472338,23.587187,4.0,0.00029713,8,682,0.23433,0.3351,1.0,nan,0,0.0,0.97857,,,-0.01,0.00455,-0.00256,-0.02237,-0.00021,-0.00418,0.0
30,30720,nan,nan,0.0,0.0,1.869494,-0.004661,0.000922,0.004156,0.274329,0.042655,0.998459,-8.968573,23.784317,-9.161784,24.466045,4.0,0.00029703,0,739,0.2313,0.33301,1.0,nan,0,0.0,0.0,,,-0.01,0.00399,-0.00315,-0.02342,-0.00074,-0.00021,0.0
31,31744,nan,nan,0.0,0.0,1.60552,-0.005324,0.000877,0.003816,0.254304,0.042655,0.998509,-8.240034,24.060488,-8.441675,24.723238,4.0,0.00029693,0,776,0.23926,0.36306,1.0,nan,0,0.0,0.0,,,-0.01,0.00396,-0.00309,-0.02628,-0.00132,-0.00031,0.0
32,32768,-13.15774,450.0,0.0,0.0,1.649136,-0.007513,0.001261,0.004007,0.255627,0.062326,0.99842,-8.30553,24.24741,-8.53817,24.760649,4.0,0.00029683,8,745,0.26399,0.39828,1.0,nan,0,0.0,1.0,,,-0.01,0.00537,-0.00226,-0.02861,-0.00132,-0.00747,0.0
33,33792,nan,nan,0.0,0.0,1.91965,-0.007168,0.001574,0.005495,0.290115,0.062047,0.998409,-9.592477,25.309946,-9.683722,25.68092,4.0,0.00029672,0,696,0.22044,0.33483,1.0,nan,0,0.0,0.0,,,-0.01,0.00487,-0.0016,-0.01967,-0.0017,-9e-05,0.0
34,34816,nan,nan,0.0,0.0,1.132266,-0.006588,0.000918,0.003822,0.29498,0.054967,0.998831,-8.339713,25.103731,-8.432137,25.554884,4.0,0.00029662,0,830,0.25512,0.42995,1.0,nan,0,0.0,0.0,,,-0.01,0.00302,-0.0023,-0.03301,-0.00094,0.0,0.0
35,35840,nan,nan,0.0,0.0,0.910471,-0.001405,0.004712,0.002135,0.194526,0.022287,0.995132,-7.144047,24.882631,-7.529565,25.352976,4.0,0.00029652,0,896,0.29916,0.53682,1.0,nan,0,0.0,0.0,,,-0.01,0.00299,-0.00289,-0.04522,-0.00025,0.0,0.0
36,36864,-12.43139,450.0,0.0,0.0,1.957678,-0.004895,0.006921,0.004544,0.320291,0.055141,0.994185,-10.211404,26.527227,-10.178198,26.820673,4.0,0.00029642,8,674,0.21566,0.32113,1.0,nan,0,0.125,1.0,,,-0.01,0.00688,-0.00059,-0.02163,-0.00305,-0.00629,0.0
37,37888,63.50877,198.0,1.0,0.03614,1.192372,-0.002492,0.316551,0.002113,0.987907,0.022042,0.737798,-10.145571,26.247892,-6.680383,28.182766,4.0,0.00029631,3,807,0.25654,0.40988,0.96386,0.0,3,0.33333,1.0,,,-0.01,0.00594,-0.00234,-0.02913,-0.00321,-0.00406,0.35
38,38912,-7.68208,268.0,0.0,0.03571,1.132652,-0.004285,0.031895,0.004074,0.516207,0.065325,0.964301,-12.853978,23.637581,-12.529251,23.37129,4.0,0.00029621,1,838,0.25926,0.38709,0.95238,0.0,3,1.0,1.0,,,-0.01,0.00699,-0.00209,-0.02538,-0.00477,-0.00148,-0.0036
39,39936,-9.2007,429.0,0.0,0.03371,1.017493,-0.002741,0.01983,0.002005,0.298087,0.025774,0.972388,-11.29814,23.255264,-10.836209,22.963169,4.0,0.00029611,5,866,0.26484,0.39166,0.94382,0.0,3,0.6,0.95455,,,-0.01,0.00542,-0.00255,-0.02728,-0.00178,-0.00612,-0.00392
40,40960,nan,nan,0.0,0.03371,1.43581,-0.003523,0.010809,0.003421,0.292003,0.044085,0.985882,-8.118274,25.249725,-7.976776,24.977865,4.0,0.00029601,0,772,0.2447,0.34128,0.94382,0.0,3,0.0,0.0,,,-0.01,0.00623,-0.00172,-0.02054,-0.00089,-0.01132,0.0
41,41984,-9.73359,382.5,0.0,0.03226,1.471319,-0.003503,0.007927,0.00276,0.247548,0.03268,0.98916,-5.077605,24.474112,-4.673718,24.801975,4.0,0.0002959,4,766,0.23575,0.34587,0.93548,0.0,3,0.75,0.92857,,,-0.01,0.00495,-0.00146,-0.02704,0.00087,-0.00986,-0.00271
42,43008,-10.47775,288.0,0.0,0.03191,1.411819,-0.004156,0.009698,0.003941,0.23342,0.046352,0.988139,-2.078707,26.059715,-2.13933,25.853085,4.0,0.0002958,1,785,0.2246,0.32462,0.92553,0.0,3,1.0,1.0,,,-0.01,0.00406,-0.00048,-0.02468,-0.00122,-0.00693,-0.00275
43,44032,-16.9798,450.0,0.0,0.03093,1.36217,-0.00542,0.002993,0.003458,0.239578,0.040702,0.995556,-2.673397,24.309418,-2.757963,24.53216,4.0,0.0002957,3,795,0.24813,0.3528,0.92784,0.0,3,0.0,0.6875,,,-0.01,0.00451,-0.00108,-0.02826,0.0,-0.01036,0.0
44,45056,-12.39567,450.0,0.0,0.03,1.120598,-0.002696,0.003268,0.002594,0.2196,0.030901,0.995404,-2.488287,23.704205,-2.952811,23.915766,4.0,0.0002956,3,854,0.29511,0.42966,0.93,0.0,3,0.0,0.77778,,,-0.01,0.00489,-0.0033,-0.03647,-0.00254,-0.01056,0.0
45,46080,-13.24153,416.0,0.0,0.03,1.289957,-0.002517,0.009007,0.002636,0.183801,0.035121,0.987029,-5.026196,24.286951,-5.307228,24.066057,4.0,0.00029549,3,804,0.26273,0.36008,0.92,0.0,3,0.33333,1.0,,,-0.01,0.00627,-0.00225,-0.02631,-0.00167,-0.00661,-0.003
46,47104,-8.69882,450.0,0.0,0.03,1.084859,-0.004798,0.00222,0.003195,0.252284,0.043876,0.996792,-4.975252,24.342197,-5.182028,24.428741,4.0,0.00029539,2,848,0.25848,0.3767,0.92,0.0,3,0.0,1.0,,,-0.01,0.00566,-0.00164,-0.02689,-0.00351,-0.00477,0.0
47,48128,nan,nan,0.0,0.03,1.135603,-0.004119,0.002298,0.003268,0.246348,0.042236,0.99686,-4.075055,24.259863,-4.455283,24.619986,4.0,0.00029529,0,849,0.26777,0.38725,0.92,0.0,3,0.0,0.0,,,-0.01,0.00432,-0.00199,-0.03981,-0.00014,-0.00107,0.0
48,49152,-13.3499,433.6,0.0,0.03,1.234405,-0.002477,0.009458,0.004048,0.218061,0.051618,0.985862,-5.27748,23.890753,-5.184556,23.73793,4.0,0.00029519,5,812,0.23606,0.33619,0.9,0.0,3,0.4,1.0,,,-0.01,0.00513,-0.00173,-0.02804,0.00068,-0.00626,-0.00615
49,50176,-10.58048,450.0,0.0,0.03,1.626938,-0.004614,0.002224,0.003516,0.28435,0.043492,0.997272,-5.024789,24.892067,-5.393198,25.13858,4.0,0.00029508,1,737,0.21177,0.30765,0.9,0.0,3,0.0,1.0,,,-0.01,0.00479,-0.00049,-0.02251,0.00113,-0.01187,0.0
50,51200,-13.88382,450.0,0.0,0.03,1.576796,-0.005058,0.001735,0.004075,0.272947,0.049561,0.997496,-5.565822,25.45145,-5.907782,25.672941,4.0,0.00029498,2,750,0.22964,0.32047,0.9,0.0,3,0.0,0.75,,,-0.01,0.00376,-0.00023,-0.02229,-0.00104,-0.01362,0.0
51,52224,-11.66337,450.0,0.0,0.03,1.328116,-0.003452,0.001417,0.002926,0.229709,0.032819,0.997907,-5.465784,24.452862,-5.606764,24.703382,4.0,0.00029488,3,806,0.24725,0.34135,0.9,0.0,3,0.0,0.5,,,-0.01,0.00516,-0.0011,-0.02634,0.0016,-0.00659,0.0
52,53248,-16.25755,450.0,0.0,0.03,1.481204,-0.004575,0.00113,0.00394,0.30177,0.049944,0.998422,-5.840333,25.683187,-5.940638,25.755388,4.0,0.00029478,3,765,0.21661,0.3062,0.9,0.0,3,0.0,1.0,,,-0.01,0.00551,-0.00089,-0.02223,0.00043,-0.00257,0.0
53,54272,-10.19278,450.0,0.0,0.03,1.461651,-0.003538,0.001232,0.003247,0.28023,0.037633,0.998344,-5.598293,26.098534,-5.814532,26.213209,4.0,0.00029468,2,781,0.2274,0.32032,0.9,0.0,3,0.0,0.0,,,-0.01,0.00436,-0.00042,-0.02396,-0.0016,-0.00334,0.0
54,55296,nan,nan,0.0,0.03,1.199539,-0.003521,0.006008,0.004124,0.246044,0.049979,0.991278,-6.119522,25.050842,-6.437133,24.854244,4.0,0.00029457,0,855,0.24201,0.34415,0.9,0.0,3,0.0,0.0,,,-0.01,0.00427,-0.00143,-0.02461,-0.00051,-0.00347,0.0
55,56320,-10.83008,433.2,0.0,0.03,1.378201,-0.001349,0.004797,0.001211,0.144955,0.007499,0.992276,-6.643887,25.052622,-6.642998,25.001291,4.0,0.00029447,5,787,0.2174,0.31296,0.89,0.0,3,0.2,1.0,,,-0.01,0.006,-0.00102,-0.02509,0.00055,-0.00676,-0.00279
56,57344,-11.01838,450.0,0.0,0.03,1.348956,-0.004601,0.002043,0.002911,0.253484,0.028739,0.996924,-6.495519,24.841045,-6.683625,24.782715,4.0,0.00029437,1,808,0.2198,0.31717,0.89,0.0,3,0.0,1.0,,,-0.01,0.00401,-0.00074,-0.02258,0.00028,-0.00659,0.0
57,58368,-9.37682,450.0,0.0,0.03,1.434285,-0.003509,0.003543,0.004174,0.269189,0.052979,0.99382,-7.306612,23.498194,-7.72889,23.320904,4.0,0.00029427,2,798,0.21227,0.28625,0.89,0.0,3,0.0,0.75,,,-0.01,0.00521,-0.00097,-0.02144,0.002,-0.0196,0.0
58,59392,-17.39033,450.0,0.0,0.03,1.514066,-0.005219,0.001508,0.003291,0.241749,0.047817,0.997167,-8.191147,22.890472,-8.461889,23.009382,4.0,0.00029416,3,782,0.22172,0.30267,0.89,0.0,3,0.0,0.66667,,,-0.01,0.00466,-0.00139,-0.01815,7e-05,-0.0263,0.0
59,60416,14.0098,410.33333,0.33333,0.04,1.770413,-0.002515,0.027536,0.004044,0.243068,0.057687,0.964365,-7.882862,25.808414,-7.790187,26.134245,4.0,0.00029406,3,700,0.19832,0.27772,0.88,0.0,4,0.33333,1.0,,,-0.01,0.00596,-0.00039,-0.0148,0.00111,-0.01589,0.07271
60,61440,3.57789,376.33333,0.33333,0.05,1.546628,-0.00258,0.066828,0.003029,0.298768,0.030866,0.894923,-7.009425,24.166912,-6.002158,24.744617,4.0,0.00029396,3,761,0.21579,0.29789,0.87,0.0,5,0.0,0.85714,,,-0.01,0.0059,-0.00071,-0.01996,-0.00052,-0.01918,0.08772
61,62464,-6.3966,215.0,0.0,0.05,1.640649,-0.005386,0.008913,0.005848,0.313338,0.083845,0.984382,-5.684374,23.756176,-5.615291,23.345566,4.0,0.00029386,1,754,0.2197,0.30726,0.86,0.0,5,1.0,1.0,,,-0.01,0.00458,-0.00039,-0.01865,-0.00031,-0.01017,-0.00247
62,63488,-11.78627,397.2,0.0,0.05,1.578957,-0.003728,0.004706,0.004107,0.240537,0.056327,0.991406,-5.533134,23.892195,-5.506431,23.947384,4.0,0.00029375,5,746,0.20385,0.28528,0.85,0.0,5,0.4,0.71429,,,-0.01,0.00487,-0.00075,-0.02051,0.00158,-0.00898,-0.00252
63,64512,-10.38879,450.0,0.0,0.05,1.6699,-0.004924,0.011544,0.003916,0.245332,0.032052,0.978181,-3.981414,24.564108,-4.182493,24.217813,4.0,0.00029365,1,756,0.19417,0.28172,0.85,0.0,5,0.0,0.0,,,-0.01,0.00455,-0.00049,-0.01955,-0.00167,-0.00236,0.0
64,65536,-9.17779,450.0,0.0,0.05,1.212951,-0.004156,0.005442,0.003496,0.232094,0.049072,0.990313,-3.705107,23.117332,-3.577445,23.007156,4.0,0.00029355,2,831,0.20182,0.30851,0.85,0.0,5,0.0,1.0,,,-0.01,0.0057,-0.00044,-0.02161,-0.00126,-0.00172,0.0
65,66560,-8.77186,450.0,0.0,0.05,1.190019,-0.005104,0.007306,0.004976,0.254154,0.064662,0.986545,-2.950094,22.767681,-3.190042,22.739704,4.0,0.00029345,3,855,0.22322,0.33218,0.85,0.0,5,1.0,1.0,,,-0.01,0.00361,-0.00102,-0.02447,-0.00044,-0.00124,0.0
66,67584,-9.44984,450.0,0.0,0.05,1.674423,-0.007717,0.001985,0.00604,0.348604,0.10369,0.996284,-5.971889,24.386244,-5.84024,24.352722,4.0,0.00029334,2,737,0.18791,0.268,0.85,0.0,5,0.0,0.8,,,-0.01,0.00361,-0.00091,-0.01975,0.00114,-0.00276,0.0
67,68608,-9.58865,450.0,0.0,0.05,1.734292,-0.005048,0.006495,0.004327,0.262052,0.049874,0.988884,-5.171957,23.938013,-5.563668,24.022648,4.0,0.00029324,3,741,0.19971,0.26182,0.85,0.0,5,0.66667,1.0,,,-0.01,0.00331,-0.00088,-0.02046,-0.00011,-0.01385,0.0
68,69632,nan,nan,0.0,0.05,1.934355,-0.006075,0.001713,0.005004,0.286588,0.065116,0.997297,-5.259316,24.888853,-5.844733,24.671877,4.0,0.00029314,0,710,0.19951,0.26519,0.85,0.0,5,0.0,0.0,,,-0.01,0.00406,-0.00098,-0.01824,0.00072,-0.02371,0.0
69,70656,-18.30174,450.0,0.0,0.05,1.895754,-0.00659,0.001821,0.007514,0.299642,0.105818,0.996701,-5.899102,23.914297,-6.511018,23.70612,4.0,0.00029304,5,695,0.18892,0.26403,0.85,0.0,5,0.0,0.80952,,,-0.01,0.00338,-0.00131,-0.01936,0.0006,-0.02899,0.0
70,71680,-24.30277,450.0,0.0,0.05,1.900024,-0.006385,0.001145,0.006812,0.344639,0.093157,0.997923,-6.05028,22.848204,-6.750298,22.518526,4.0,0.00029293,1,724,0.20195,0.2758,0.85,0.0,5,0.0,1.0,,,-0.01,0.00577,-0.00119,-0.01487,0.0,-0.03081,0.0
71,72704,-25.21713,450.0,0.0,0.05,1.827125,-0.003291,0.004758,0.005688,0.269645,0.083984,0.990151,-6.563324,23.15291,-7.031631,22.769018,4.0,0.00029283,2,719,0.19005,0.26536,0.85,0.0,5,0.0,1.0,,,-0.01,0.00433,-0.00065,-0.01791,0.00078,-0.01466,0.0
72,73728,-19.96722,450.0,0.0,0.05,1.853477,-0.007527,0.001036,0.006909,0.313828,0.100342,0.997745,-6.881454,21.357695,-7.179434,21.246885,4.0,0.00029273,2,719,0.19471,0.27374,0.85,0.0,5,0.0,0.73333,,,-0.01,0.00559,-0.00076,-0.01422,0.0,-0.01514,0.0
73,74752,-13.63627,450.0,0.0,0.05,1.741496,-0.004868,0.009004,0.00407,0.278673,0.043004,0.979509,-6.653766,22.396318,-6.818165,21.734064,4.0,0.00029263,3,714,0.17766,0.25233,0.85,0.0,5,0.33333,1.0,,,-0.01,0.00602,-0.00054,-0.01501,-0.00201,-0.00347,0.0
74,75776,-12.13878,450.0,0.0,0.05,1.273141,-0.003715,0.009256,0.003383,0.252098,0.040423,0.970381,-5.082076,19.308226,-4.973583,18.462997,4.0,0.00029252,3,809,0.2139,0.31814,0.85,0.0,5,0.66667,0.66667,,,-0.01,0.00608,-0.00054,-0.01429,-0.00333,-0.00126,0.0
75,76800,-7.528,362.0,0.0,0.05,1.073598,-0.003109,0.003544,0.003305,0.255398,0.046422,0.989163,-4.257193,18.267309,-4.28853,18.028303,4.0,0.00029242,1,863,0.24653,0.38946,0.84,0.0,5,1.0,1.0,,,-0.01,0.007,-0.00215,-0.01668,0.00189,-0.00299,-0.00318
76,77824,-8.3869,440.25,0.0,0.05,1.305686,-0.002713,0.00202,0.004745,0.237744,0.046003,0.994658,-4.516509,20.398624,-4.630311,20.097507,4.0,0.00029232,4,801,0.20636,0.30186,0.83,0.0,5,0.5,0.77778,,,-0.01,0.00373,-0.00123,-0.0193,0.00259,-0.00546,-0.00256
77,78848,nan,nan,0.0,0.05,1.223659,-0.005638,0.001014,0.003683,0.297355,0.045166,0.997578,-3.797283,20.569618,-3.9338,20.524677,4.0,0.00029222,0,842,0.23069,0.34004,0.83,0.0,5,0.0,0.0,,,-0.01,0.00472,-0.00076,-0.01506,-0.00287,-0.00558,0.0
78,79872,-9.08856,404.75,0.0,0.05,1.18199,-0.004365,0.004421,0.003281,0.325752,0.040702,0.987286,-3.858185,19.508156,-3.917132,19.12434,4.0,0.00029212,4,811,0.2071,0.3049,0.82,0.0,5,0.25,0.76923,,,-0.01,0.00441,-0.00044,-0.0173,0.0006,-0.00349,-0.00278
79,80896,-7.95514,363.5,0.0,0.02,1.19522,-0.002621,0.003283,0.001836,0.241402,0.014474,0.990936,-3.754816,18.715635,-4.009023,18.655487,4.0,0.00029201,4,824,0.21668,0.31321,0.85,0.0,5,0.25,0.5,,,-0.01,0.00365,-0.00102,-0.01903,-0.00182,-0.00949,-0.00283
80,81920,-7.0781,317.0,0.0,0.02,1.287395,-0.004277,0.003903,0.004216,0.281338,0.051862,0.986802,-4.392903,17.905519,-4.53773,17.296488,4.0,0.00029191,2,804,0.20139,0.29803,0.84,0.0,5,0.5,1.0,,,-0.01,0.00675,-0.00101,-0.01236,-0.00203,-0.01122,-0.0027
81,82944,-12.72906,450.0,0.0,0.02,1.194697,-0.002939,0.003533,0.002588,0.254436,0.026018,0.988471,-5.078034,17.015989,-5.276587,16.783722,4.0,0.00029181,3,827,0.22104,0.32477,0.85,0.0,5,0.0,0.72727,,,-0.01,0.00462,-0.00108,-0.01446,0.00148,-0.00898,0.0
82,83968,-5.72861,450.0,0.0,0.02,1.054555,-0.005819,0.0011,0.004108,0.315086,0.055246,0.995205,-5.048134,15.878839,-5.068352,15.583825,4.0,0.00029171,1,855,0.22656,0.35187,0.86,0.0,5,0.0,0.0,,,-0.01,0.00276,-0.00178,-0.0159,-0.00053,-0.00154,0.0
83,84992,13.24588,360.25,0.25,0.03,1.187367,-0.002067,0.062449,0.001545,0.308966,0.00851,0.771303,-5.059288,15.384953,-3.71487,16.451494,4.0,0.0002916,4,807,0.20159,0.30954,0.86,0.0,6,0.25,0.58333,,,-0.01,0.00456,-0.00115,-0.01132,-0.0004,-0.00953,0.10071
84,86016,49.33916,187.5,0.75,0.06,1.003358,-0.001893,0.154079,0.002389,0.479861,0.028983,0.517419,-3.585927,13.950396,-0.076289,17.961611,4.0,0.0002915,4,846,0.20472,0.3405,0.83,0.0,9,0.5,1.0,,,-0.01,0.00326,-0.00118,-0.01373,-0.00488,-0.01297,0.35008
85,87040,6.52459,309.4,0.2,0.07,1.038419,-0.00248,0.065466,0.003285,0.393422,0.036447,0.756107,0.318124,14.727901,1.930099,15.611962,4.0,0.0002914,5,813,0.19168,0.3062,0.82,0.0,10,0.2,0.83333,,,-0.01,0.00548,-0.00093,-0.01751,-0.00351,-0.00682,0.10875
86,88064,54.4022,190.0,0.8,0.11,0.776577,-0.002501,0.144713,0.00225,0.531115,0.024135,0.588982,4.05092,13.536926,7.987753,18.119015,4.0,0.0002913,5,888,0.22091,0.36621,0.79,0.0,14,0.2,1.0,,,-0.01,0.00713,-0.00151,-0.01006,0.00312,-0.00319,0.58905
87,89088,32.40553,231.0,0.5,0.13,0.950602,-0.003724,0.082913,0.002517,0.352966,0.030169,0.711866,8.89874,15.450367,11.060496,16.807116,4.0,0.00029119,4,846,0.2207,0.35567,0.77,0.0,16,0.25,1.0,,,-0.01,0.00434,-0.00177,-0.01472,0.00144,-0.00783,0.23838
88,90112,19.97965,328.0,0.33333,0.14,1.018516,-0.003216,0.040577,0.00373,0.330998,0.0399,0.844303,9.429186,14.888884,10.325845,16.122583,4.0,0.00029109,3,836,0.21281,0.33643,0.76,0.0,17,0.0,1.0,,,-0.01,0.00343,-0.00117,-0.01602,0.00077,-0.0072,0.11506
89,91136,35.61034,247.0,0.57143,0.18,1.194834,-0.003243,0.119703,0.004298,0.521539,0.064244,0.655981,12.360991,15.355045,15.330503,18.172432,4.0,0.00029099,7,786,0.1871,0.3006,0.7,0.0,21,0.42857,0.83333,,,-0.01,0.00291,-0.00105,-0.01538,0.00081,-0.01361,0.38389
90,92160,51.92656,175.8,0.8,0.22,1.307394,-0.003492,0.102888,0.002669,0.560475,0.033657,0.68863,16.520273,14.300705,20.152451,17.73835,4.0,0.00029089,5,767,0.17537,0.27233,0.67,0.0,25,0.0,0.57143,,,-0.01,0.00382,-0.00091,-0.02037,0.002,-0.0111,0.36585
91,93184,50.9821,114.0,0.75,0.25,1.145617,-0.003625,0.071181,0.003762,0.30056,0.037946,0.758557,20.959146,15.50434,22.734751,17.63102,4.0,0.00029078,4,795,0.17956,0.27931,0.63,0.0,28,0.25,1.0,,,-0.01,0.00399,-0.00077,-0.02118,0.00409,-0.00428,0.30854
92,94208,9.47116,295.5,0.25,0.25,1.087261,-0.003065,0.040826,0.002567,0.362093,0.032261,0.82976,21.435146,15.866542,20.274641,15.742201,4.0,0.00029068,4,821,0.19034,0.29987,0.62,0.0,29,0.5,0.5,,,-0.01,0.00476,-0.00067,-0.01345,-0.00501,-0.00354,0.10934
93,95232,38.06054,227.4,0.6,0.27,0.976866,-0.001806,0.087197,0.002732,0.328433,0.033412,0.655455,18.732113,13.529851,20.39146,15.862589,4.0,0.00029058,5,853,0.20114,0.31608,0.6,0.0,32,0.6,1.0,,,-0.01,0.00458,-0.00214,-0.0175,0.00035,-0.0057,0.35997
94,96256,17.75558,350.33333,0.33333,0.28,1.257635,-0.002613,0.030813,0.002278,0.288941,0.020438,0.822454,23.741272,12.843946,23.256468,13.299072,4.0,0.00029048,3,786,0.19551,0.2894,0.6,0.0,33,0.33333,1.0,,,-0.01,0.00445,-0.00184,-0.0164,0.00165,-0.00704,0.09777
95,97280,28.5064,336.5,0.5,0.29,1.428149,-0.003688,0.034719,0.004083,0.28365,0.056362,0.644245,26.520771,9.988651,25.83143,10.201011,4.0,0.00029037,2,765,0.17946,0.26284,0.59,0.0,34,0.0,1.0,,,-0.01,0.00552,-0.00123,-0.01731,0.0031,-0.00869,0.08513
96,98304,22.11854,353.0,0.5,0.3,1.380428,-0.004807,0.032176,0.005208,0.272567,0.080427,0.768456,21.738577,11.144088,20.956425,12.067578,4.0,0.00029027,2,794,0.19491,0.28806,0.58,0.0,35,0.5,1.0,,,-0.01,0.00406,-0.00128,-0.01422,-0.00015,-0.0085,0.0916
97,99328,12.63527,399.33333,0.33333,0.31,1.305934,-0.003409,0.033914,0.002857,0.265771,0.026193,0.630419,21.984344,10.400386,21.97154,10.115485,4.0,0.00029017,3,781,0.17779,0.26925,0.57,0.0,36,0.66667,1.0,,,-0.01,0.00543,-0.00068,-0.01581,0.00058,-0.00579,0.08714
98,100352,10.7467,398.25,0.25,0.32,1.120077,-0.003108,0.024642,0.003582,0.230274,0.044503,0.716224,22.061344,8.375632,22.154079,9.362289,4.0,0.00029007,4,831,0.20192,0.31963,0.56,0.0,37,0.25,0.5,,,-0.01,0.00455,-0.00088,-0.01246,0.0017,-0.00361,0.10523
99,101376,63.42078,262.0,1.0,0.34,1.335424,-0.00267,0.037559,0.004666,0.207973,0.065011,0.506346,23.462826,6.88433,23.805721,8.799233,4.0,0.00028996,2,780,0.17811,0.27422,0.54,0.0,39,0.0,1.0,,,-0.01,0.00685,-0.00074,-0.01165,-0.00036,-0.00293,0.18049
100,102400,25.21466,413.5,0.5,0.35,1.375363,-0.003564,0.018911,0.003932,0.223309,0.052176,0.608901,23.665621,6.531593,23.445332,7.134703,4.0,0.00028986,2,778,0.17569,0.28168,0.53,0.0,40,0.5,0.25,,,-0.01,0.00547,-0.00072,-0.01254,8e-05,-0.00327,0.08445
101,103424,27.02514,366.25,0.5,0.37,1.131956,-0.002129,0.037032,0.001702,0.220239,0.010672,0.478025,22.389174,5.722257,23.108807,8.50758,4.0,0.00028976,4,837,0.19531,0.30944,0.51,0.0,42,0.75,0.66667,,,-0.01,0.00457,-0.0016,-0.01547,-0.00092,-0.00377,0.21428
102,104448,-7.46759,450.0,0.0,0.37,1.339771,-0.003211,0.002706,0.003848,0.299376,0.053013,0.946526,23.635775,6.91602,22.90941,6.892597,4.0,0.00028966,2,782,0.18269,0.28421,0.51,0.0,42,1.0,1.0,,,-0.01,0.0045,-0.001,-0.01578,0.00136,-0.0032,0.0
103,105472,9.75539,301.0,0.25,0.38,1.289895,-0.003062,0.034653,0.004314,0.303704,0.055246,0.44357,24.019115,6.53913,22.991171,8.022085,4.0,0.00028956,4,776,0.18789,0.30605,0.48,0.0,43,1.0,0.0,,,-0.01,0.00534,-0.00095,-0.01814,-0.0044,-0.00334,0.08053
104,106496,-7.40677,450.0,0.0,0.38,1.061337,-0.003203,0.002242,0.001922,0.262378,0.017962,0.942396,21.744883,6.15048,21.046692,5.952542,4.0,0.00028945,1,849,0.20802,0.3614,0.48,0.0,43,1.0,0.0,,,-0.01,0.00543,-0.00147,-0.01041,-0.00291,-0.00072,0.0
105,107520,-6.12049,450.0,0.0,0.38,0.990909,-0.003806,0.001528,0.002151,0.270055,0.024623,0.94213,20.960512,4.973078,20.405764,4.84585,4.0,0.00028935,2,856,0.19535,0.33201,0.48,0.0,43,1.0,1.0,,,-0.01,0.00506,-0.00113,-0.01147,-0.00046,-0.00087,0.0
106,108544,20.39214,397.4,0.4,0.4,1.114883,-0.003305,0.037775,0.003834,0.264349,0.048479,0.297881,20.847219,4.628633,22.048786,7.389933,4.0,0.00028925,5,815,0.17663,0.30033,0.48,0.0,45,0.8,0.8,,,-0.01,0.00693,-0.00074,-0.01574,0.00052,-0.00174,0.19999
107,109568,31.82826,289.5,0.5,0.41,1.205785,-0.001805,0.023143,0.001686,0.223565,0.013463,0.428259,22.860229,4.410238,23.252596,6.428328,4.0,0.00028915,2,792,0.17846,0.29536,0.47,0.0,46,0.0,0.0,,,-0.01,0.00581,-0.0009,-0.01178,0.0042,-0.00175,0.09946
108,110592,41.43242,299.33333,0.66667,0.43,1.125707,-0.003889,0.034889,0.003882,0.288539,0.06665,0.342829,23.204084,4.123927,24.219248,7.397679,4.0,0.00028904,3,830,0.18306,0.29983,0.47,0.0,48,0.33333,0.0,,,-0.01,0.00319,-0.00104,-0.01099,-2e-05,-0.0031,0.20604
109,111616,44.52027,225.16667,0.66667,0.47,1.39362,-0.002775,0.065013,0.003493,0.485482,0.037423,0.319741,24.820328,4.43612,27.854052,10.015461,4.0,0.00028894,6,750,0.17379,0.29285,0.44,0.0,52,0.16667,0.5,,,-0.01,0.00314,-0.00092,-0.01747,0.00355,-0.00412,0.34414
110,112640,48.13876,294.2,0.8,0.51,1.241197,-0.003449,0.04997,0.004186,0.463975,0.043771,0.389154,30.23526,6.465496,32.700066,9.051751,4.0,0.00028884,5,760,0.16927,0.29702,0.4,0.0,56,0.0,0.5,,,-0.01,0.00424,-0.00086,-0.01807,0.00328,-0.00266,0.34878
111,113664,54.40635,181.16667,0.83333,0.52,1.151332,-0.001726,0.050282,0.002516,0.258482,0.016567,0.493155,34.008663,6.811152,35.537788,10.336621,4.0,0.00028874,6,789,0.18043,0.30289,0.38,0.0,61,0.16667,1.0,,,-0.01,0.00608,-0.00089,-0.01618,-0.00399,-0.00559,0.49401
112,114688,66.67492,178.4,1.0,0.56,1.098359,-0.001884,0.041442,0.003289,0.355999,0.033238,0.536459,36.435101,7.516243,39.223656,9.824022,4.0,0.00028863,5,789,0.18709,0.31229,0.35,0.0,66,0.0,1.0,,,-0.01,0.00507,-0.00146,-0.01702,0.00249,-0.00394,0.50142
113,115712,68.71411,120.5,1.0,0.56,0.884971,-0.002957,0.01723,0.003034,0.235376,0.036656,0.713263,40.169956,7.405303,40.318733,8.397168,4.0,0.00028853,2,877,0.21311,0.36795,0.35,0.0,68,0.0,1.0,,,-0.01,0.00658,-0.00132,-0.01014,-0.00039,-0.00152,0.26959
114,116736,28.16988,387.5,0.5,0.56,0.930817,-0.002568,0.009932,0.002617,0.255086,0.033657,0.809126,40.540066,7.320507,40.338692,7.566724,4.0,0.00028843,2,875,0.2078,0.3508,0.35,0.0,69,0.0,0.0,,,-0.01,0.00634,-0.00117,-0.01268,0.00079,-0.00211,0.11903
115,117760,-5.92368,447.33333,0.0,0.55,0.896294,-0.001158,0.012079,0.001691,0.307656,0.009312,0.834145,40.105396,7.828601,38.693016,8.8925,4.0,0.00028833,3,897,0.21075,0.34993,0.36,0.0,69,0.66667,0.8,,,-0.01,0.00648,-0.00093,-0.01414,-0.00112,-0.00372,-0.00396
116,118784,16.56535,399.0,0.33333,0.54,1.13688,-0.003713,0.006541,0.00353,0.360269,0.039655,0.87045,40.481758,7.296128,39.485065,7.196022,4.0,0.00028822,3,822,0.18584,0.29259,0.37,0.0,70,0.0,0.0,,,-0.01,0.00551,-0.00118,-0.02061,-0.00245,-0.00352,0.09989
117,119808,16.50761,348.66667,0.33333,0.53,0.997955,-0.001396,0.016398,0.002164,0.279346,0.022461,0.735624,38.255684,6.770842,37.505924,8.497223,4.0,0.00028812,3,857,0.19809,0.31041,0.37,0.0,71,0.66667,0.0,,,-0.01,0.00795,-0.00128,-0.01241,-0.00084,-0.00344,0.12099
118,120832,52.20146,231.5,0.83333,0.55,1.131559,-0.002652,0.037203,0.002425,0.27395,0.026402,0.431266,37.631042,6.031871,38.765259,8.837501,4.0,0.00028802,6,800,0.17797,0.28943,0.36,0.0,76,0.16667,0.33333,,,-0.01,0.00649,-0.00065,-0.01634,-0.00455,-0.00335,0.51462
119,121856,13.41572,243.25,0.25,0.53,1.153393,-0.001608,0.025753,0.004132,0.212098,0.028704,0.69259,37.805454,7.619959,37.119209,10.196589,4.0,0.00028792,4,800,0.16304,0.25767,0.36,0.0,77,0.5,1.0,,,-0.01,0.00623,-0.00088,-0.01564,0.00305,-0.00302,0.1011
120,122880,43.87302,223.33333,0.66667,0.53,0.978606,-0.002603,0.015798,0.003254,0.30615,0.030692,0.767615,38.0853,7.466581,37.058514,8.853862,4.0,0.00028781,3,853,0.17586,0.28597,0.36,0.0,79,0.33333,0.0,,,-0.01,0.0063,-0.00119,-0.01284,-0.00311,-0.00122,0.24727
121,123904,34.874,300.8,0.6,0.53,0.818861,-0.00159,0.025738,0.001137,0.216685,0.004674,0.667308,34.416382,7.090919,34.470097,10.027745,4.0,0.00028771,5,897,0.16938,0.27993,0.36,0.0,82,0.4,1.0,,,-0.01,0.00448,-0.00162,-0.01295,-0.00409,-0.00272,0.40514
122,124928,41.90113,312.66667,0.66667,0.54,1.161034,-0.001327,0.021359,0.002807,0.174326,0.02281,0.55539,40.048519,7.849051,39.917629,7.751138,4.0,0.00028761,3,801,0.1679,0.26948,0.36,0.0,84,0.66667,1.0,,,-0.01,0.00663,-0.00099,-0.01135,0.00136,-0.00112,0.19889
123,125952,67.94882,155.5,1.0,0.54,1.091953,-0.003511,0.009871,0.004142,0.228863,0.059954,0.798053,40.16061,7.07548,39.979725,7.678905,4.0,0.00028751,2,836,0.16968,0.29449,0.36,0.0,86,0.0,0.0,,,-0.01,0.00337,-0.00097,-0.0104,0.00161,-0.00248,0.21948
124,126976,-3.77945,450.0,0.0,0.54,0.992524,-0.003992,0.002449,0.003888,0.296057,0.052769,0.947985,39.360073,7.194838,38.494411,6.948445,4.0,0.0002874,1,883,0.18783,0.33845,0.36,0.0,86,0.0,1.0,,,-0.01,0.00596,-0.00119,-0.00281,-0.00062,-0.0009,0.0
125,128000,-3.58659,450.0,0.0,0.53,1.128016,-0.003735,0.002733,0.003368,0.288425,0.044887,0.920268,38.330898,6.409671,37.792175,6.285078,4.0,0.0002873,4,824,0.15959,0.26092,0.37,0.0,86,0.0,1.0,,,-0.01,0.00279,-0.00076,-0.01262,0.00314,-0.0028,0.0
126,129024,14.05472,360.5,0.25,0.52,1.316952,-0.002011,0.008116,0.00335,0.244331,0.034703,0.786679,40.536213,6.28301,40.602947,7.041276,4.0,0.0002872,4,788,0.15506,0.25909,0.38,0.0,87,0.0,0.5,,,-0.01,0.00216,-0.00067,-0.0175,0.00682,-0.00247,0.09161
127,130048,70.79474,87.0,1.0,0.52,1.349026,-0.003368,0.007879,0.004156,0.30049,0.055385,0.747533,41.40229,5.567121,40.675816,6.117565,4.0,0.0002871,1,799,0.17905,0.28362,0.38,0.0,88,0.0,0.0,,,-0.01,0.00365,-0.00156,-0.01223,-0.0025,-0.00322,0.09667
128,131072,-8.12223,450.0,0.0,0.51,1.297038,-0.004754,0.002209,0.004255,0.31471,0.057722,0.930361,39.482662,5.669822,38.466969,5.473716,4.0,0.000287,3,805,0.16445,0.26303,0.39,0.0,88,0.0,1.0,,,-0.01,0.00457,-0.00073,-0.01198,-0.00167,-0.00673,0.0
129,132096,15.93636,330.66667,0.33333,0.51,1.07591,-0.001872,0.010097,0.002495,0.261362,0.032122,0.733473,37.242622,5.785524,36.784721,6.900022,4.0,0.00028689,3,832,0.13861,0.2418,0.39,0.0,89,0.0,0.8,,,-0.01,0.00341,-0.00108,-0.0109,0.00131,-0.00181,0.1107
130,133120,13.86715,362.5,0.25,0.49,1.008102,-0.002829,0.009644,0.003292,0.264952,0.03561,0.794931,36.329609,6.671752,35.966805,7.672629,4.0,0.00028679,4,851,0.12662,0.20626,0.41,0.0,90,0.25,1.0,,,-0.01,0.00277,-0.00045,-0.01726,-0.00079,-0.00268,0.11447
131,134144,32.34678,267.5,0.5,0.49,0.811829,-0.002539,0.011731,0.003497,0.237589,0.050293,0.719501,34.479378,6.395484,34.039936,7.29086,4.0,0.00028669,2,913,0.13273,0.21639,0.41,0.0,91,0.0,0.0,,,-0.01,0.00365,-0.00089,-0.01798,-0.00128,-0.00102,0.14406
132,135168,-7.26819,450.0,0.0,0.49,0.87344,-0.003706,0.002801,0.003256,0.27762,0.041399,0.930481,34.414787,6.545237,33.386051,6.457135,4.0,0.00028659,3,890,0.13424,0.21106,0.41,0.0,91,0.0,1.0,,,-0.01,0.00515,-0.00105,-0.01621,0.00121,-0.00239,0.0
133,136192,-4.68116,450.0,0.0,0.48,0.783645,-0.002211,0.002952,0.001663,0.281816,0.018276,0.920981,32.32214,6.663395,31.257994,6.367764,4.0,0.00028648,2,928,0.12326,0.20919,0.42,0.0,91,0.0,1.0,,,-0.01,0.00642,-0.00052,-0.0112,-0.00247,-0.00124,0.0
134,137216,15.73974,432.66667,0.33333,0.49,0.885007,-0.003744,0.008549,0.002904,0.230122,0.048968,0.691607,32.093166,5.447441,31.806412,6.027679,4.0,0.00028638,3,899,0.1345,0.2278,0.43,0.0,92,0.0,0.66667,,,-0.01,0.00468,-0.00101,-0.00844,0.00021,-0.00237,0.11561
135,138240,-5.48683,450.0,0.0,0.49,0.92995,-0.002208,0.002249,0.001763,0.262037,0.017718,0.923182,31.543453,5.959022,30.432131,5.697468,4.0,0.00028628,1,905,0.13745,0.22342,0.43,0.0,92,0.0,0.0,,,-0.01,0.00364,-0.00081,-0.01554,0.00062,-0.001,0.0
136,139264,17.45743,441.0,0.33333,0.49,1.010443,-0.001434,0.010126,0.001665,0.166102,0.014335,0.53335,31.430256,5.095134,31.222279,5.377846,4.0,0.00028618,3,885,0.1472,0.23287,0.43,0.0,93,0.0,1.0,,,-0.01,0.00558,-0.00126,-0.01369,-0.00065,-0.00145,0.10355
137,140288,13.71594,409.0,0.33333,0.49,1.117449,-0.002273,0.01378,0.003285,0.236336,0.03976,0.563485,32.219673,4.325884,31.417959,6.358206,4.0,0.00028607,3,824,0.14044,0.2236,0.42,0.0,94,0.33333,0.5,,,-0.01,0.00553,-0.00053,-0.01055,3e-05,-0.00289,0.08988
138,141312,-8.82989,450.0,0.0,0.48,0.987212,-0.004737,0.001414,0.003296,0.26671,0.046422,0.936331,31.6467,4.99884,30.835409,4.881756,4.0,0.00028597,1,890,0.15208,0.23581,0.43,0.0,94,0.0,1.0,,,-0.01,0.00586,-0.00125,-0.01135,-0.00062,-0.0012,0.0
139,142336,-3.61562,450.0,0.0,0.46,1.078942,-0.004778,0.000883,0.002185,0.248347,0.027937,0.966798,30.906301,5.430782,30.200422,5.36757,4.0,0.00028587,3,858,0.14947,0.22985,0.45,0.0,94,0.0,0.81818,,,-0.01,0.00504,-0.00099,-0.00972,0.00253,-0.00216,0.0
140,143360,-4.55165,450.0,0.0,0.45,1.161515,-0.004204,0.001075,0.003567,0.249486,0.046596,0.958282,31.108271,5.381946,30.439356,5.386307,4.0,0.00028577,3,831,0.16297,0.24571,0.46,0.0,94,0.0,0.75,,,-0.01,0.00535,-0.00139,-0.01093,0.00271,-0.00361,0.0
141,144384,23.99059,442.0,0.5,0.45,1.405296,-0.004128,0.007342,0.004137,0.266222,0.054095,0.685593,32.44775,4.820599,32.090359,5.496315,4.0,0.00028566,2,781,0.16755,0.247,0.46,0.0,95,0.0,0.71429,,,-0.01,0.00529,-0.00093,-0.01278,0.00102,-0.01023,0.07531
142,145408,-7.03835,450.0,0.0,0.44,1.300649,-0.004511,0.000813,0.004777,0.331169,0.055559,0.956631,32.240307,4.349702,31.400923,4.277016,4.0,0.00028556,1,794,0.15361,0.22736,0.47,0.0,95,0.0,0.85714,,,-0.01,0.00602,-0.00112,-0.00893,0.00243,-0.01001,0.0
143,146432,27.79482,360.5,0.5,0.43,1.399888,-0.002081,0.018047,0.003483,0.231458,0.033936,0.395073,31.972355,4.014874,32.39819,6.228197,4.0,0.00028546,4,760,0.14696,0.21791,0.48,0.0,97,0.0,0.81818,,,-0.01,0.00504,-0.00108,-0.01337,0.00216,-0.00512,0.16159
144,147456,23.74448,288.85714,0.42857,0.4,1.257878,-0.002668,0.03767,0.00485,0.270328,0.060303,0.341585,31.282207,4.283674,31.986938,8.612631,4.0,0.00028536,7,773,0.15931,0.23266,0.51,0.0,100,0.14286,0.5625,,,-0.01,0.00579,-0.00093,-0.01534,0.00112,-0.00381,0.27692
145,148480,68.71146,136.66667,1.0,0.4,1.38088,-0.002229,0.04968,0.004166,0.461599,0.03976,0.288636,32.007076,4.764637,35.327717,9.384614,4.0,0.00028525,6,741,0.17867,0.25465,0.51,0.0,100,0.0,1.0,,,-0.01,0.00585,-0.00151,-0.01443,0.00299,-0.00307,0.51266
146,149504,41.89463,273.66667,0.66667,0.39,1.346446,-0.001729,0.022787,0.003678,0.2082,0.037946,0.432665,34.497944,6.041961,35.17934,7.332303,4.0,0.00028515,3,777,0.17454,0.25107,0.52,0.0,100,0.0,1.0,,,-0.01,0.00565,-0.00168,-0.01706,0.00372,-0.00441,0.17955
147,150528,61.90212,257.0,1.0,0.42,1.435964,-0.003684,0.023534,0.003989,0.265859,0.040144,0.368112,34.916332,5.199963,36.077015,6.972209,4.0,0.00028505,3,762,0.17503,0.26066,0.49,0.0,100,0.66667,0.0,,,-0.01,0.00593,-0.00128,-0.01655,-9e-05,-0.00581,0.25143
148,151552,64.14654,203.66667,1.0,0.46,1.235089,-0.002302,0.034025,0.001594,0.355935,0.008998,0.384093,35.53289,4.549851,38.158203,8.309902,4.0,0.00028495,6,786,0.16378,0.25252,0.47,0.0,100,0.0,0.625,,,-0.01,0.00512,-0.00068,-0.01268,0.00021,-0.00569,0.58122
149,152576,47.21307,215.28571,0.71429,0.46,1.170332,-0.00354,0.02832,0.003111,0.328341,0.027379,0.545983,36.527897,5.823584,38.806923,8.915359,4.0,0.00028484,7,765,0.15005,0.21697,0.48,0.0,100,0.14286,0.8,,,-0.01,0.00567,-0.00093,-0.01543,-0.00176,-0.00556,0.47076
150,153600,68.11802,142.6,1.0,0.49,1.260006,-0.002474,0.022533,0.002695,0.344516,0.027065,0.565663,40.438354,6.211738,42.471516,8.088181,4.0,0.00028474,5,782,0.13978,0.20512,0.47,0.0,100,0.0,0.33333,,,-0.01,0.0047,-0.0003,-0.01635,0.00849,-0.00578,0.459
151,154624,69.95781,93.33333,1.0,0.5,1.309874,-0.004257,0.018457,0.004383,0.312061,0.062186,0.424548,43.477608,5.568954,44.519737,6.636284,4.0,0.00028464,3,776,0.15604,0.22092,0.47,0.0,100,0.0,1.0,,,-0.01,0.00642,-0.00125,-0.01392,-0.00052,-0.00617,0.28301
152,155648,25.37354,305.0,0.4,0.49,1.220693,-0.004584,0.011984,0.004243,0.277063,0.058245,0.46743,44.794643,4.550458,44.962864,5.639338,4.0,0.00028454,5,804,0.16585,0.22386,0.49,0.0,100,0.0,0.90909,,,-0.01,0.00508,-0.00126,-0.01101,0.00203,-0.00969,0.20803
153,156672,37.06347,295.0,0.66667,0.49,1.156983,-0.003404,0.00915,0.002728,0.21107,0.02996,0.478905,45.640961,4.245294,45.801876,4.913843,4.0,0.00028444,3,787,0.154,0.22213,0.49,0.0,100,0.0,0.66667,,,-0.01,0.00652,-0.00172,-0.01515,0.00375,-0.00644,0.19232
154,157696,32.43374,280.0,0.5,0.5,1.16218,-0.003475,0.008988,0.002556,0.233914,0.027344,0.566603,45.698147,3.993176,45.470448,5.34621,4.0,0.00028433,4,800,0.14488,0.21907,0.48,0.0,100,0.0,0.75,,,-0.01,0.00546,-0.00081,-0.0151,0.00253,-0.01066,0.20638
155,158720,31.972,289.5,0.5,0.51,1.223385,-0.003265,0.005315,0.003327,0.235949,0.04133,0.734574,46.352226,4.540034,45.814457,5.185841,4.0,0.00028423,2,789,0.14098,0.20717,0.47,0.0,100,0.5,1.0,,,-0.01,0.00527,-0.00175,-0.01259,0.00118,-0.00493,0.09745
156,159744,9.41024,375.0,0.25,0.51,1.14145,-0.002971,0.00616,0.004207,0.273357,0.058594,0.584416,46.60601,4.240744,45.841282,4.442266,4.0,0.00028413,4,785,0.12824,0.18882,0.47,0.0,100,0.0,0.72222,,,-0.01,0.00512,-0.0014,-0.01274,-0.0041,-0.00422,0.09663
157,160768,55.1564,201.71429,0.85714,0.55,0.915463,-0.00103,0.031861,0.002571,0.174293,0.033866,0.343711,46.219177,3.437931,46.834953,8.303714,4.0,0.00028403,7,835,0.13441,0.19546,0.42,0.0,100,0.14286,0.83333,,,-0.01,0.00626,-0.00097,-0.01672,0.00513,-0.0046,0.68029
158,161792,64.03334,225.5,1.0,0.57,0.991633,-0.00353,0.008763,0.002968,0.235341,0.040806,0.593232,46.689911,4.701025,46.380928,5.390938,4.0,0.00028392,2,830,0.15085,0.21948,0.4,0.0,100,0.0,0.625,,,-0.01,0.00635,-0.00113,-0.01695,8e-05,-0.00155,0.21526
159,162816,52.84312,234.2,0.8,0.59,1.091513,-0.002452,0.012986,0.002989,0.169975,0.022949,0.575936,46.872616,5.209248,47.388393,6.524591,4.0,0.00028382,5,800,0.12482,0.19896,0.38,0.0,100,0.0,0.0,,,-0.01,0.00481,-0.00021,-0.01926,0.00571,-0.00452,0.40352
160,163840,48.11365,254.5,0.75,0.62,1.179053,-0.002844,0.009193,0.002422,0.185505,0.012381,0.683562,47.646179,5.289068,47.998787,6.395169,4.0,0.00028372,4,796,0.13782,0.21076,0.35,0.0,100,0.0,0.375,,,-0.01,0.00525,-0.00036,-0.01609,0.00461,-0.00533,0.28605
161,164864,37.94952,275.8,0.6,0.64,1.181201,-0.00267,0.011237,0.003154,0.214167,0.026053,0.554024,48.971672,4.792339,48.870232,5.979214,4.0,0.00028362,5,767,0.11465,0.17316,0.33,0.0,100,0.0,0.69231,,,-0.01,0.00458,-0.00095,-0.0183,-0.00069,-0.00746,0.26909
162,165888,11.85717,186.75,0.25,0.63,0.865916,-0.001591,0.045992,0.003985,0.435131,0.062151,0.285218,48.348083,4.036173,44.545574,9.462475,4.0,0.00028351,4,869,0.12072,0.18107,0.31,0.0,100,0.75,0.0,,,-0.01,0.00705,-8e-05,-0.01758,-0.00357,-0.00917,0.11362
163,166912,55.61509,192.57143,0.85714,0.69,1.262389,-0.003626,0.018941,0.004032,0.283191,0.049037,0.460256,48.224182,5.220388,50.063084,6.965828,4.0,0.00028341,7,739,0.12557,0.19163,0.26,0.0,100,0.0,1.0,,,-0.01,0.00453,-0.00059,-0.0148,0.0053,-0.00767,0.4971
164,167936,54.49222,160.4,0.8,0.72,1.255554,-0.00395,0.010524,0.004005,0.243691,0.04548,0.574166,49.962311,4.361207,50.436916,5.970221,4.0,0.00028331,5,739,0.124,0.17783,0.23,0.0,100,0.0,0.25,,,-0.01,0.00486,-0.00044,-0.01933,0.00465,-0.00542,0.33818
165,168960,50.92177,194.25,0.75,0.73,1.055422,-0.002875,0.008345,0.004,0.232738,0.0512,0.591329,51.049465,4.073002,51.207096,5.426347,4.0,0.00028321,4,801,0.12757,0.18976,0.22,0.0,100,0.0,0.0,,,-0.01,0.00396,-0.0005,-0.02109,0.00271,-0.00502,0.30136
166,169984,69.25289,96.0,1.0,0.74,0.951719,-0.002762,0.004412,0.003307,0.253187,0.040144,0.784615,49.957523,4.659248,49.295132,5.328571,4.0,0.0002831,2,854,0.12333,0.1993,0.21,0.0,100,0.0,0.0,,,-0.01,0.00697,-0.00022,-0.01524,0.00052,-0.00368,0.237
167,171008,33.52849,318.14286,0.57143,0.73,1.050143,-0.002282,0.00891,0.003241,0.207583,0.033168,0.647964,50.237644,5.071033,50.552776,6.146156,4.0,0.000283,7,801,0.10925,0.16841,0.23,0.0,100,0.0,0.42857,,,-0.01,0.00453,-0.00027,-0.01603,0.00363,-0.00758,0.37597
168,172032,39.47503,315.0,0.66667,0.72,0.94164,-0.001445,0.015451,0.002568,0.287227,0.019601,0.594179,50.755302,4.704263,49.219196,7.588487,4.0,0.0002829,3,832,0.13015,0.19262,0.23,0.0,100,0.33333,1.0,,,-0.01,0.00551,-0.00119,-0.01997,-0.00152,-0.00406,0.20914
169,173056,68.12924,136.66667,1.0,0.73,0.915183,-0.003219,0.010178,0.002188,0.23946,0.021589,0.581772,48.550495,4.714503,48.439659,6.054781,4.0,0.0002828,3,836,0.13081,0.20684,0.22,0.0,100,0.0,1.0,,,-0.01,0.00671,-0.00152,-0.01924,0.00176,-0.00781,0.34383
170,174080,29.66577,269.0,0.5,0.72,0.852453,-0.00396,0.004207,0.002657,0.312902,0.032645,0.859959,46.075207,5.968992,45.231312,6.521066,4.0,0.00028269,2,872,0.13404,0.22231,0.23,0.0,100,0.0,0.0,,,-0.01,0.00383,-0.00214,-0.01114,0.00381,-0.00723,0.12829
171,175104,33.89987,368.0,0.6,0.7,1.023635,-0.001899,0.013115,0.003429,0.187512,0.034877,0.593528,46.208832,6.957726,46.226982,7.051517,4.0,0.00028259,5,804,0.12225,0.20457,0.25,0.0,100,0.0,0.93333,,,-0.01,0.00462,-0.00071,-0.01562,0.0009,-0.00902,0.28359
172,176128,35.65249,276.6,0.6,0.69,1.024356,-0.002412,0.009192,0.002738,0.233126,0.020996,0.758281,45.956322,6.029351,46.026398,7.512903,4.0,0.00028249,5,819,0.13163,0.21421,0.26,0.0,100,0.0,0.58333,,,-0.01,0.00465,-0.00088,-0.01509,0.00472,-0.00646,0.30826
173,177152,32.09018,275.5,0.5,0.69,0.98967,-0.003343,0.004677,0.005089,0.313089,0.072893,0.880834,47.476002,6.979249,46.70118,7.39276,4.0,0.00028239,2,816,0.11818,0.19802,0.26,0.0,100,0.0,1.0,,,-0.01,0.00318,-0.00056,-0.01778,0.00413,-0.00213,0.10622
174,178176,38.18934,275.4,0.6,0.67,0.89748,-0.001744,0.010352,0.002531,0.22003,0.026751,0.745672,45.144722,6.927402,45.118988,7.846361,4.0,0.00028228,5,838,0.12177,0.2114,0.28,0.0,100,0.0,0.5,,,-0.01,0.00387,-0.00106,-0.00987,-8e-05,-0.00453,0.3454
175,179200,56.7069,414.5,1.0,0.67,1.07934,-0.002243,0.006598,0.003579,0.178353,0.040492,0.362926,47.085499,4.499084,46.679058,4.100821,4.0,0.00028218,2,818,0.13013,0.21819,0.28,0.0,100,0.0,0.55556,,,-0.01,0.00348,-0.0005,-0.01943,0.00271,-0.00094,0.17696
176,180224,43.30902,252.66667,0.66667,0.66,1.125318,-0.003983,0.007961,0.003778,0.22464,0.055664,0.432802,46.098259,2.948205,45.85017,4.587954,4.0,0.00028208,3,788,0.14277,0.24396,0.29,0.0,100,0.0,1.0,,,-0.01,0.00545,-0.00254,-0.01247,0.00298,-0.00262,0.2015
177,181248,49.90057,317.33333,0.83333,0.68,1.176554,-0.003007,0.014386,0.004746,0.26494,0.070801,0.209381,46.162724,4.194003,47.272449,5.328915,4.0,0.00028198,6,779,0.12502,0.22808,0.27,0.0,100,0.0,0.90909,,,-0.01,0.00451,-0.00083,-0.01293,0.00218,-0.00534,0.43171
178,182272,69.68582,103.16667,1.0,0.71,1.127992,-0.002742,0.018841,0.002448,0.255008,0.019182,0.357724,47.693424,3.486889,49.280914,6.668088,4.0,0.00028188,6,772,0.11351,0.20951,0.24,0.0,100,0.0,1.0,,,-0.01,0.00415,-0.00086,-0.01429,0.00299,-0.00402,0.56335
179,183296,58.88633,163.14286,0.85714,0.74,1.105549,-0.004782,0.015382,0.004332,0.27877,0.050851,0.559054,47.901279,4.624098,49.270229,7.329306,4.0,0.00028177,7,768,0.12502,0.226,0.21,0.0,100,0.0,0.75,,,-0.01,0.00503,-0.00119,-0.01725,0.00311,-0.0057,0.57365
180,184320,42.87518,222.66667,0.66667,0.73,1.013452,-0.002399,0.006637,0.002879,0.243681,0.023193,0.751659,49.400215,5.686464,49.069897,6.23985,4.0,0.00028167,3,807,0.11207,0.21207,0.22,0.0,100,0.0,0.9,,,-0.01,0.00409,-0.00077,-0.01797,0.00278,-0.00363,0.20547
181,185344,58.45942,189.875,0.875,0.74,1.042791,-0.002724,0.014466,0.002789,0.292529,0.033552,0.514968,50.005711,4.650269,51.531132,6.660824,4.0,0.00028157,8,796,0.1086,0.21202,0.22,0.0,100,0.0,1.0,,,-0.01,0.003,-0.00063,-0.01612,0.00172,-0.00421,0.6878
182,186368,66.5506,172.42857,1.0,0.75,1.070917,-0.002305,0.011887,0.00331,0.285792,0.029297,0.51374,51.476307,4.317135,52.962177,6.134647,4.0,0.00028147,7,780,0.11077,0.21113,0.21,0.0,100,0.0,0.33333,,,-0.01,0.0026,-0.00026,-0.01871,0.00456,-0.00416,0.64627
183,187392,69.05738,102.5,1.0,0.77,0.816097,-0.002375,0.008183,0.00241,0.20576,0.025949,0.671489,51.702087,4.682819,52.03677,6.212015,4.0,0.00028136,4,842,0.11074,0.19972,0.19,0.0,100,0.0,0.0,,,-0.01,0.00341,-0.00039,-0.01783,-0.00167,-0.00363,0.47694
184,188416,52.74568,232.0,0.8,0.79,0.647729,-0.001371,0.00699,0.0019,0.209894,0.013358,0.74482,50.467232,5.521281,50.394348,6.589654,4.0,0.00028126,5,895,0.10367,0.18773,0.2,0.0,100,0.0,0.8,,,-0.01,0.00509,-0.00031,-0.01417,0.00255,-0.00336,0.60571
185,189440,55.17264,176.4,0.8,0.79,0.734915,-0.003261,0.005257,0.00203,0.198421,0.019706,0.879016,49.667717,7.172319,49.907745,8.57384,4.0,0.00028116,5,873,0.08594,0.16056,0.2,0.0,100,0.0,0.5,,,-0.01,0.00277,-0.00029,-0.01771,0.00618,-0.004,0.54159
186,190464,38.87104,242.71429,0.57143,0.78,0.803294,-0.001757,0.004979,0.001443,0.225665,0.011335,0.907342,50.702641,8.451418,50.854214,9.601079,4.0,0.00028106,7,834,0.09478,0.17577,0.21,0.0,100,0.0,0.75,,,-0.01,0.00312,-0.00038,-0.01753,0.00699,-0.00521,0.49076
187,191488,70.23287,90.25,1.0,0.78,1.051227,-0.003032,0.008549,0.005016,0.239894,0.06257,0.809166,55.285706,7.727499,55.430759,8.362098,4.0,0.00028095,4,791,0.10341,0.18906,0.21,0.0,100,0.0,0.0,,,-0.01,0.00252,2e-05,-0.01608,0.00584,-0.00374,0.40466
188,192512,60.99877,177.27273,0.90909,0.81,1.169196,-0.003087,0.009007,0.003683,0.291829,0.040562,0.743,56.32169,6.43275,58.0676,7.233125,4.0,0.00028085,11,756,0.10952,0.18672,0.19,0.0,100,0.0,0.66667,,,-0.01,0.00297,-0.00043,-0.01784,0.00689,-0.00495,0.87052
189,193536,69.53469,109.375,1.0,0.84,1.215525,-0.002679,0.007279,0.003235,0.229787,0.032296,0.649229,60.073143,4.599617,60.26012,5.633888,4.0,0.00028075,8,752,0.11569,0.20134,0.16,0.0,100,0.0,0.25,,,-0.01,0.00289,0.00015,-0.0202,0.00257,-0.00402,0.68971
190,194560,69.69059,114.0,1.0,0.86,0.957838,-0.001432,0.00543,0.001408,0.222939,0.009417,0.884261,56.393681,7.834952,56.35141,8.670276,4.0,0.00028065,5,829,0.11947,0.20902,0.14,0.0,100,0.0,0.66667,,,-0.01,0.00382,-0.00064,-0.01764,0.00444,-0.00362,0.56813
191,195584,67.69203,140.0,1.0,0.86,0.883255,-0.002689,0.003598,0.002518,0.221006,0.021938,0.944782,54.245502,9.537903,53.405758,9.727968,4.0,0.00028054,2,880,0.14255,0.22261,0.14,0.0,100,0.0,0.0,,,-0.01,0.0044,-0.00181,-0.01595,0.00343,-0.00108,0.26337
192,196608,12.44914,404.25,0.25,0.84,0.847108,-0.003335,0.002724,0.002692,0.241028,0.022949,0.95984,51.756809,9.887639,50.674664,9.682064,4.0,0.00028044,4,886,0.14957,0.24155,0.16,0.0,100,0.0,0.75,,,-0.01,0.00534,0.00036,-0.01387,-0.00129,-0.00487,0.13338
193,197632,65.21589,215.0,1.0,0.86,1.191292,-0.002178,0.007752,0.002007,0.205532,0.017543,0.655425,55.112915,5.230602,54.927155,6.184625,4.0,0.00028034,5,774,0.16428,0.24716,0.14,0.0,100,0.0,0.68421,,,-0.01,0.0035,-0.00265,-0.01825,0.00186,-0.02188,0.44481
194,198656,29.61817,304.5,0.5,0.86,0.964786,-0.00298,0.005927,0.003379,0.274782,0.038609,0.787202,52.846096,6.398275,51.431789,6.509685,4.0,0.00028024,2,841,0.19534,0.29388,0.14,0.0,100,0.0,0.90476,,,-0.01,0.00464,-0.00382,-0.01829,-0.00224,-0.01537,0.12304
195,199680,42.75046,265.0,0.66667,0.85,0.917572,-0.00408,0.003952,0.003077,0.254432,0.03275,0.905166,49.394512,7.186475,48.689228,7.766809,4.0,0.00028013,3,863,0.17342,0.27476,0.15,0.0,100,0.0,1.0,,,-0.01,0.00472,-0.00465,-0.01323,-0.00031,-0.0039,0.25015
196,200704,4.36242,363.5,0.25,0.83,0.958207,-0.002887,0.003283,0.002749,0.232785,0.03411,0.899067,50.04427,6.560312,49.315952,7.021355,4.0,0.00028003,4,847,0.14512,0.24162,0.17,0.0,100,0.0,0.9,,,-0.01,0.00332,-0.00034,-0.0189,0.00166,-0.00418,0.11881
197,201728,40.49824,310.33333,0.66667,0.82,0.954328,-0.003517,0.00483,0.002794,0.293762,0.033029,0.807928,51.126255,5.604672,50.326023,6.136574,4.0,0.00027993,3,834,0.15675,0.26025,0.18,0.0,100,0.0,0.57143,,,-0.01,0.0034,-0.00189,-0.01388,-0.00289,-0.00307,0.21842
198,202752,53.99182,194.2,0.8,0.81,0.802593,-0.002726,0.008464,0.001596,0.217771,0.014683,0.784405,48.096928,6.453912,48.181736,8.05978,4.0,0.00027983,5,871,0.1589,0.26575,0.19,0.0,100,0.0,0.63636,,,-0.01,0.00433,-0.00068,-0.01196,0.0024,-0.00384,0.54511
199,203776,-5.04287,450.0,0.0,0.81,0.824344,-0.003023,0.002339,0.001985,0.265849,0.025984,0.941964,48.052265,7.256958,46.933567,7.188745,4.0,0.00027972,1,879,0.12718,0.21404,0.19,0.0,100,0.0,1.0,,,-0.01,0.0035,-0.00185,-0.01446,0.00121,-0.00304,0.0
200,204800,30.24502,322.0,0.5,0.79,0.978427,-0.002403,0.005809,0.002678,0.23186,0.037354,0.837777,48.920082,6.797902,48.595592,7.461147,4.0,0.00027962,6,823,0.12019,0.20887,0.21,0.0,100,0.0,0.79167,,,-0.01,0.00324,-0.00196,-0.0213,0.00515,-0.00319,0.31463
201,205824,63.40498,213.8,1.0,0.8,1.152999,-0.00213,0.009267,0.002178,0.203044,0.016915,0.705739,49.902195,6.005468,50.512745,7.195059,4.0,0.00027952,5,795,0.12524,0.21583,0.2,0.0,100,0.0,0.86667,,,-0.01,0.00389,-0.00161,-0.02335,0.00273,-0.00487,0.46256
202,206848,52.39709,214.4,0.8,0.79,1.100932,-0.003408,0.007891,0.002879,0.222996,0.025495,0.707311,50.913265,5.569445,51.160156,6.623745,4.0,0.00027942,5,800,0.11916,0.2206,0.21,0.0,100,0.0,0.72727,,,-0.01,0.00455,0.00015,-0.01675,0.00059,-0.00278,0.38725
203,207872,62.58391,239.66667,1.0,0.79,0.821003,-0.001893,0.006804,0.002447,0.179056,0.028948,0.677157,50.034023,4.90469,49.650845,5.857408,4.0,0.00027932,3,888,0.12913,0.23366,0.21,0.0,100,0.0,0.41176,,,-0.01,0.00562,-0.00102,-0.0205,0.00095,-0.00144,0.37461
204,208896,65.36755,201.66667,1.0,0.79,0.991065,-0.002686,0.009695,0.003504,0.273227,0.045619,0.784375,47.935783,6.859284,49.184132,8.663254,4.0,0.00027921,6,817,0.11895,0.21432,0.21,0.01,100,0.0,0.74194,,,-0.01,0.00413,-0.00105,-0.01896,0.00611,-0.00473,0.618
205,209920,57.74347,152.83333,0.83333,0.79,0.895574,-0.002207,0.007982,0.002554,0.205022,0.027902,0.843596,49.129482,7.948087,49.501148,9.18097,4.0,0.00027911,6,836,0.12543,0.21622,0.21,0.01,100,0.0,0.91667,,,-0.01,0.00593,-0.00125,-0.01778,0.00341,-0.00313,0.58444
206,210944,57.20011,174.33333,0.83333,0.79,1.155991,-0.004723,0.010515,0.00485,0.242254,0.066895,0.616903,54.032715,5.604049,54.670124,6.734236,4.0,0.00027901,6,772,0.13205,0.23312,0.21,0.02,100,0.0,0.78571,,,-0.01,0.00509,0.00013,-0.02081,0.00517,-0.00383,0.46121
207,211968,54.8878,172.0,0.8,0.8,1.058945,-0.002693,0.005968,0.00292,0.236326,0.03125,0.854441,52.648159,7.503876,52.616791,8.308851,4.0,0.00027891,5,802,0.13302,0.2306,0.2,0.02,100,0.0,0.5,,,-0.01,0.005,-0.00035,-0.01768,0.00186,-0.00277,0.41058
208,212992,38.35084,246.8,0.6,0.79,1.028784,-0.00216,0.008263,0.003057,0.210596,0.039551,0.842495,52.240471,8.755857,51.98101,9.350929,4.0,0.0002788,5,800,0.12854,0.21563,0.21,0.02,100,0.0,0.47619,,,-0.01,0.00404,-0.00225,-0.01657,0.00115,-0.0027,0.31364
209,214016,57.90294,161.66667,0.83333,0.79,1.098889,-0.00265,0.005635,0.002477,0.226836,0.025042,0.899597,52.099995,8.709871,52.651775,9.846052,4.0,0.0002787,6,800,0.1257,0.20356,0.21,0.02,100,0.0,0.83333,,,-0.01,0.00371,-0.00169,-0.01608,0.00786,-0.00389,0.50394
210,215040,47.76416,251.25,0.75,0.78,1.231107,-0.003237,0.004734,0.004158,0.242283,0.044468,0.908634,55.134682,8.901533,54.57827,9.193021,4.0,0.0002786,4,773,0.13459,0.2227,0.22,0.02,100,0.0,0.68,,,-0.01,0.00566,0.0006,-0.01773,0.00196,-0.00431,0.2714
211,216064,44.95934,225.66667,0.66667,0.77,1.307925,-0.003899,0.005819,0.005383,0.250127,0.070243,0.843168,54.664639,7.534887,53.748596,7.817115,4.0,0.0002785,3,779,0.14139,0.23969,0.23,0.02,100,0.0,0.8,,,-0.01,0.0052,-0.0002,-0.01313,0.00204,-0.00553,0.18702
212,217088,48.40635,264.2,0.8,0.76,1.228534,-0.004032,0.005954,0.004025,0.250961,0.03969,0.810422,52.385616,6.423287,51.752712,7.142086,4.0,0.00027839,5,799,0.14785,0.24742,0.24,0.02,100,0.0,0.56098,,,-0.01,0.00447,-0.00019,-0.01606,-0.0001,-0.00571,0.37917
213,218112,-7.33384,450.0,0.0,0.74,0.84664,-0.002473,0.002926,0.002328,0.239268,0.020926,0.938473,47.957851,8.271826,46.584251,8.196422,4.0,0.00027829,2,874,0.1529,0.25306,0.26,0.02,100,0.0,0.70588,,,-0.01,0.00701,-0.00094,-0.0115,-0.00052,-0.00265,0.0
214,219136,49.0704,259.0,0.75,0.73,0.954312,-0.002091,0.005236,0.002325,0.201201,0.027727,0.913088,45.555542,9.066466,45.548267,10.093839,4.0,0.00027819,4,857,0.14534,0.22672,0.27,0.02,100,0.0,0.6,,,-0.01,0.00547,-0.00056,-0.01259,0.00647,-0.00357,0.35458
215,220160,18.57756,370.33333,0.33333,0.71,1.179132,-0.004492,0.002555,0.004373,0.255306,0.061593,0.961359,48.535393,9.936006,47.713142,10.096318,4.0,0.00027809,3,806,0.14678,0.2322,0.29,0.02,100,0.0,0.25,,,-0.01,0.00427,0.00084,-0.01555,0.00277,-0.00418,0.09596
216,221184,31.79383,313.0,0.5,0.72,1.43635,-0.002024,0.00595,0.003265,0.193121,0.038818,0.774583,50.651421,6.634288,49.665569,6.64741,4.0,0.00027798,2,764,0.15716,0.25676,0.28,0.02,100,0.0,0.5,,,-0.01,0.0057,0.00103,-0.01655,0.00248,-0.00759,0.08388
217,222208,61.25575,292.5,1.0,0.73,1.389566,-0.003142,0.007941,0.003356,0.227837,0.031285,0.655145,48.461906,5.233727,48.480869,6.185783,4.0,0.00027788,4,776,0.15861,0.25759,0.27,0.02,100,0.0,0.43902,,,-0.01,0.00479,8e-05,-0.01583,0.00057,-0.00601,0.3302
218,223232,30.00811,273.5,0.5,0.72,1.18126,-0.002649,0.006789,0.003179,0.228408,0.037493,0.778235,46.896137,5.939163,46.445194,7.190878,4.0,0.00027778,4,787,0.15258,0.25082,0.28,0.02,100,0.0,0.62963,,,-0.01,0.00658,-0.00059,-0.01569,0.00161,-0.0065,0.19538
219,224256,44.27942,260.14286,0.71429,0.74,1.181455,-0.002499,0.011652,0.003518,0.219925,0.038365,0.706901,46.863098,6.645296,47.512943,8.269327,4.0,0.00027768,7,770,0.14139,0.23109,0.26,0.02,100,0.0,0.51724,,,-0.01,0.00597,-0.00039,-0.01802,0.00297,-0.00461,0.46068
220,225280,69.89444,108.66667,1.0,0.75,1.083178,-0.002619,0.008049,0.002727,0.225315,0.028285,0.835547,46.939587,7.747815,46.937946,9.056647,4.0,0.00027757,3,805,0.16516,0.25824,0.25,0.02,100,0.0,0.33333,,,-0.01,0.00662,-0.00108,-0.015,0.00276,-0.00393,0.31041
221,226304,58.11955,203.625,0.875,0.76,1.062493,-0.002212,0.01715,0.002728,0.28147,0.022112,0.669934,47.139988,7.41215,49.173164,9.156095,4.0,0.00027747,8,790,0.14794,0.24319,0.24,0.02,100,0.0,0.61765,,,-0.01,0.00585,-0.0017,-0.01679,0.00462,-0.00419,0.67996
222,227328,67.98347,158.2,1.0,0.79,1.058897,-0.002449,0.010678,0.003034,0.241521,0.036377,0.785529,48.831448,7.554498,49.725018,9.177691,4.0,0.00027737,5,777,0.15521,0.24619,0.21,0.02,100,0.0,0.68,,,-0.01,0.00789,-0.00233,-0.01518,0.00261,-0.00541,0.47919
223,228352,57.72118,147.66667,0.83333,0.78,0.936698,-0.003564,0.008299,0.003364,0.242069,0.040144,0.851957,50.168571,8.591721,50.281048,9.949577,4.0,0.00027727,6,790,0.14682,0.23581,0.22,0.02,100,0.0,0.75,,,-0.01,0.00627,-0.00115,-0.01565,0.00222,-0.007,0.53756
224,229376,71.01991,91.5,1.0,0.79,0.840056,-0.002742,0.006432,0.003109,0.228005,0.029332,0.926623,48.645412,11.269763,49.57444,13.094197,4.0,0.00027716,6,806,0.12225,0.19872,0.21,0.02,100,0.0,0.6,,,-0.01,0.00768,0.00083,-0.01383,0.0087,-0.00535,0.69567
225,230400,42.67825,223.25,0.625,0.76,0.991047,-0.002413,0.006069,0.002134,0.221855,0.019566,0.93342,52.757633,11.752662,53.574471,12.614684,4.0,0.00027706,8,763,0.12461,0.20234,0.24,0.02,100,0.0,0.75676,,,-0.01,0.00746,0.00116,-0.01625,0.00531,-0.00713,0.49556
226,231424,58.41128,184.85714,0.85714,0.77,1.166848,-0.003481,0.007011,0.003525,0.223259,0.043771,0.684879,60.561272,6.344017,60.751423,6.324784,4.0,0.00027696,7,739,0.13449,0.22022,0.23,0.02,100,0.0,0.43396,,,-0.01,0.00684,-7e-05,-0.01421,0.00323,-0.00358,0.53043
227,232448,70.24221,107.8,1.0,0.77,1.244008,-0.004269,0.005424,0.004029,0.233071,0.051304,0.647228,61.323017,5.711647,61.600044,5.439525,4.0,0.00027686,5,745,0.12653,0.22073,0.23,0.02,100,0.0,0.66667,,,-0.01,0.00449,0.0019,-0.01847,0.00637,-0.00511,0.41679
228,233472,39.29725,306.0,0.66667,0.77,1.073773,-0.002925,0.004627,0.003552,0.304091,0.047119,0.85388,57.74157,6.930197,56.155144,6.976453,4.0,0.00027676,3,810,0.13148,0.23179,0.23,0.02,100,0.0,0.47059,,,-0.01,0.00512,0.0038,-0.01532,-0.00231,-0.0081,0.19534
229,234496,65.75762,191.33333,1.0,0.77,0.982754,-0.003251,0.003559,0.002955,0.296745,0.0354,0.916577,53.967125,8.111506,53.253563,8.600212,4.0,0.00027665,3,817,0.12489,0.22467,0.23,0.02,100,0.0,0.46429,,,-0.01,0.00427,0.00185,-0.01564,0.0036,-0.00499,0.31648
230,235520,57.35872,146.0,0.83333,0.79,0.838792,-0.002352,0.004336,0.001958,0.217371,0.019252,0.940787,52.395622,10.627953,52.289299,11.77178,4.0,0.00027655,6,816,0.10567,0.19155,0.21,0.01,100,0.0,0.34146,,,-0.01,0.00791,-0.00062,-0.01632,0.00721,-0.00958,0.57095
231,236544,33.3836,265.25,0.5,0.76,0.850092,-0.002847,0.005176,0.001962,0.243269,0.015311,0.9168,55.464844,9.420068,54.807014,10.114964,4.0,0.00027645,8,793,0.10632,0.18797,0.24,0.01,100,0.0,0.6,,,-0.01,0.00829,-0.00047,-0.01777,0.00302,-0.00587,0.43293
232,237568,70.37842,84.33333,1.0,0.77,0.651762,-0.001845,0.004896,0.002052,0.246502,0.014544,0.905085,54.018215,8.50469,52.816006,9.194916,4.0,0.00027635,3,869,0.1409,0.23755,0.23,0.0,100,0.0,0.90909,,,-0.01,0.0082,-0.00355,-0.01389,-0.0002,-0.00227,0.44377
233,238592,41.03292,209.6,0.6,0.78,0.682475,-0.00073,0.012648,0.001215,0.175656,0.008894,0.841709,49.911724,10.130422,48.658562,12.35083,4.0,0.00027624,5,877,0.14806,0.23946,0.21,0.0,100,0.2,0.69231,,,-0.01,0.00677,0.00079,-0.01492,0.00225,-0.00548,0.42826
234,239616,44.42162,226.33333,0.66667,0.78,0.88039,-0.002694,0.005313,0.002975,0.229062,0.028878,0.954776,52.226746,13.868227,52.008175,14.717605,4.0,0.00027614,6,801,0.11015,0.18647,0.21,0.0,100,0.0,0.65,,,-0.01,0.00656,0.00156,-0.01899,0.00383,-0.00786,0.43459
235,240640,52.32973,182.75,0.75,0.79,1.104609,-0.002672,0.00652,0.004048,0.25162,0.041783,0.888826,60.110485,9.720457,60.050495,10.188714,4.0,0.00027604,8,748,0.107,0.19547,0.2,0.0,100,0.0,0.43243,,,-0.01,0.00815,-0.00048,-0.01516,0.00546,-0.0058,0.52052
236,241664,70.95524,104.0,1.0,0.8,1.133948,-0.002856,0.005421,0.002999,0.305919,0.033308,0.898548,59.571037,9.013809,58.093365,9.139357,4.0,0.00027594,3,787,0.12252,0.21212,0.19,0.0,100,0.0,0.25,,,-0.01,0.00634,0.00016,-0.01498,0.00129,-0.0043,0.28257
237,242688,47.46556,295.8,0.8,0.81,1.158674,-0.002676,0.006614,0.003278,0.198013,0.031459,0.811126,57.205116,8.708956,56.680981,8.3063,4.0,0.00027583,5,776,0.11988,0.2116,0.18,0.01,100,0.0,0.65753,,,-0.01,0.00625,0.00126,-0.01411,0.00123,-0.00566,0.34653
238,243712,55.40668,197.33333,0.83333,0.81,0.991342,-0.00198,0.012409,0.00277,0.247169,0.028809,0.8334,56.780704,9.070721,55.340359,11.536601,4.0,0.00027573,6,804,0.11231,0.1991,0.17,0.01,100,0.16667,0.43902,,,-0.01,0.00421,0.00181,-0.01887,0.00348,-0.00587,0.49673
239,244736,68.01636,140.66667,1.0,0.81,1.067364,-0.003932,0.005367,0.003488,0.227783,0.03697,0.886063,58.41333,8.54474,58.292336,9.152041,4.0,0.00027563,6,780,0.11312,0.21236,0.17,0.01,100,0.0,0.2,,,-0.01,0.00536,0.00332,-0.01817,0.00565,-0.00281,0.56461
240,245760,53.62569,210.6,0.8,0.8,1.039369,-0.002208,0.004982,0.002374,0.248996,0.022252,0.934805,54.584385,10.66187,53.949066,11.186345,4.0,0.00027553,5,803,0.12508,0.22218,0.18,0.01,100,0.0,0.45455,,,-0.01,0.00737,0.0012,-0.0139,0.00262,-0.00458,0.40537
241,246784,68.32556,155.33333,1.0,0.81,1.126194,-0.003553,0.005012,0.003165,0.249408,0.033378,0.897551,58.198643,8.870831,58.193768,9.387736,4.0,0.00027542,6,754,0.11111,0.20579,0.17,0.01,100,0.0,0.40541,,,-0.01,0.00661,0.00229,-0.01893,0.00707,-0.00558,0.52685
242,247808,67.01337,159.66667,1.0,0.81,1.107755,-0.002505,0.00594,0.002808,0.213849,0.02117,0.913801,57.09446,10.482064,56.579563,10.86117,4.0,0.00027532,6,772,0.1137,0.21093,0.17,0.02,100,0.0,0.28571,,,-0.01,0.00358,0.00412,-0.01776,0.00233,-0.00959,0.54519
243,248832,31.31045,333.5,0.5,0.8,1.011507,-0.002619,0.004453,0.001666,0.225197,0.017997,0.861085,57.315468,7.537625,55.802921,7.360268,4.0,0.00027522,2,806,0.13526,0.23998,0.18,0.02,100,0.0,0.35294,,,-0.01,0.00518,0.00524,-0.01724,1e-05,-0.00439,0.10116
244,249856,59.18016,304.66667,1.0,0.82,0.994809,-0.002258,0.005226,0.002474,0.187351,0.023926,0.844499,54.358631,7.830406,53.741245,7.759219,4.0,0.00027512,3,817,0.14907,0.25463,0.16,0.02,100,0.0,0.23404,,,-0.01,0.0059,0.00206,-0.0147,0.0021,-0.00238,0.30577
245,250880,38.42105,371.66667,0.66667,0.81,1.183489,-0.004452,0.002635,0.004919,0.2501,0.074568,0.936361,54.992779,8.120819,54.232044,8.28073,4.0,0.00027501,3,782,0.13422,0.23127,0.17,0.02,100,0.0,0.38,,,-0.01,0.00601,0.0032,-0.01447,0.00451,-0.00367,0.16903
246,251904,58.65164,211.875,0.875,0.82,1.253222,-0.002844,0.006319,0.004099,0.23943,0.041888,0.755427,56.005714,5.7253,56.55114,6.662313,4.0,0.00027491,8,733,0.12793,0.21043,0.16,0.02,100,0.0,0.41441,,,-0.01,0.00776,0.0058,-0.01681,0.00597,-0.00486,0.57077
247,252928,61.35713,139.75,0.875,0.82,1.306204,-0.003898,0.007118,0.003977,0.271013,0.053258,0.648339,57.641636,4.477545,58.131832,5.933674,4.0,0.00027481,8,713,0.12048,0.20545,0.16,0.02,100,0.0,0.53509,,,-0.01,0.00675,0.00478,-0.0194,0.00447,-0.00546,0.56099
248,253952,71.26629,95.2,1.0,0.83,1.184673,-0.002167,0.003947,0.003651,0.24455,0.031808,0.865737,56.841515,6.200161,56.907978,7.561474,4.0,0.00027471,5,752,0.13294,0.23003,0.15,0.02,100,0.0,0.62745,,,-0.01,0.00779,0.00382,-0.01873,0.0088,-0.00453,0.44869
249,254976,53.70217,175.88889,0.77778,0.84,1.125199,-0.002792,0.004441,0.003345,0.224927,0.032924,0.921353,55.126369,9.072782,55.518818,10.387095,4.0,0.0002746,9,749,0.12977,0.23054,0.14,0.02,100,0.0,0.35461,,,-0.01,0.00606,0.0049,-0.01643,0.00477,-0.00593,0.6489
250,256000,60.78885,147.42857,0.85714,0.84,0.997195,-0.002554,0.005436,0.002554,0.241942,0.021589,0.923122,56.321777,10.425089,56.060455,11.311297,4.0,0.0002745,7,770,0.13012,0.22335,0.14,0.02,100,0.0,0.60317,,,-0.01,0.00814,0.00194,-0.01326,0.00405,-0.00457,0.61431
251,257024,69.89303,106.66667,1.0,0.86,0.819204,-0.001659,0.00655,0.001903,0.184758,0.020089,0.874875,54.558716,9.269468,53.773499,9.695109,4.0,0.0002744,3,847,0.15222,0.26658,0.13,0.02,100,0.0,0.72222,,,-0.01,0.00724,-0.00093,-0.01599,0.00058,-0.00653,0.38341
252,258048,69.78699,100.33333,1.0,0.86,0.754451,-0.002421,0.00384,0.002081,0.209075,0.017404,0.952391,49.977932,11.132835,49.384773,12.058996,4.0,0.0002743,3,881,0.1585,0.27219,0.13,0.02,100,0.0,0.58824,,,-0.01,0.0045,0.00881,-0.01564,0.00224,-0.00237,0.42374
253,259072,32.30264,317.0,0.5,0.86,1.070508,-0.002757,0.006786,0.003448,0.200147,0.041155,0.907382,55.12973,11.286904,55.000008,11.471916,4.0,0.0002742,6,779,0.14069,0.22114,0.13,0.02,100,0.0,0.39815,,,-0.01,0.00731,0.00499,-0.01693,0.00798,-0.00326,0.28267
254,260096,68.33636,162.81818,1.0,0.87,1.251879,-0.003089,0.012264,0.004727,0.23413,0.050816,0.379825,60.603508,6.83919,61.168083,6.349281,4.0,0.00027409,11,714,0.12946,0.21631,0.12,0.02,100,0.0,0.5,,,-0.01,0.00819,0.00318,-0.01439,0.0014,-0.00588,0.88968
255,261120,61.57403,112.125,0.875,0.87,0.967696,-0.000809,0.023548,0.001323,0.156364,0.010986,0.663207,57.651398,7.876465,56.821064,10.945699,4.0,0.00027399,8,777,0.12332,0.20973,0.11,0.02,100,0.125,0.64912,,,-0.01,0.00956,0.00109,-0.01396,0.00352,-0.00519,0.72319
256,262144,71.54204,84.4,1.0,0.88,0.829945,-0.002407,0.004443,0.00188,0.185037,0.018241,0.944844,54.793449,11.241616,54.623631,12.24554,4.0,0.00027389,5,833,0.11959,0.20597,0.11,0.01,100,0.0,0.45455,,,-0.01,0.01001,0.00317,-0.01466,0.00642,-0.00648,0.61129
257,263168,56.08882,122.2,0.8,0.87,0.870649,-0.001432,0.013101,0.002028,0.259484,0.012102,0.907234,52.606533,14.236967,51.082703,16.051394,4.0,0.00027379,5,835,0.12834,0.22131,0.11,0.01,100,0.2,0.61111,,,-0.01,0.00527,0.00471,-0.01838,0.00552,-0.00619,0.47186
258,264192,49.88134,189.57143,0.71429,0.86,0.933277,-0.003028,0.003746,0.003594,0.24157,0.035924,0.960451,55.21291,12.303198,54.590557,13.037509,4.0,0.00027368,7,802,0.13259,0.2212,0.12,0.01,100,0.0,0.51852,,,-0.01,0.00721,0.00294,-0.01779,0.00516,-0.00694,0.54481
259,265216,40.61624,239.2,0.6,0.84,0.924858,-0.002308,0.00588,0.00289,0.218868,0.026018,0.944714,56.301128,12.923786,55.636013,13.613062,4.0,0.00027358,5,807,0.12122,0.19124,0.14,0.01,100,0.0,0.35065,,,-0.01,0.00621,0.00323,-0.01706,0.00498,-0.00527,0.32036
260,266240,52.20669,185.25,0.75,0.84,1.019276,-0.003415,0.003597,0.003706,0.297663,0.042167,0.978243,54.498325,15.822618,53.123356,15.835102,4.0,0.00027348,4,812,0.12877,0.21644,0.14,0.01,100,0.0,0.48276,,,-0.01,0.00558,0.00742,-0.01709,0.00302,-0.00861,0.31939
261,267264,34.32592,268.5,0.5,0.83,1.101089,-0.003018,0.003329,0.003651,0.298099,0.038609,0.971913,54.608311,13.212646,52.900078,13.238482,4.0,0.00027338,2,783,0.13801,0.23074,0.15,0.01,100,0.0,0.46667,,,-0.01,0.00579,0.00829,-0.01787,0.00187,-0.01053,0.09949
262,268288,43.05308,240.16667,0.66667,0.82,1.208844,-0.003178,0.006146,0.004517,0.241861,0.050363,0.92604,55.647289,11.486226,54.638813,11.814367,4.0,0.00027327,6,745,0.13407,0.22818,0.16,0.01,100,0.0,0.28409,,,-0.01,0.00687,0.00645,-0.01659,0.00451,-0.0091,0.34787
263,269312,47.5868,254.75,0.75,0.82,1.169696,-0.00327,0.003831,0.003631,0.275743,0.038191,0.960635,56.049458,12.587064,55.255184,12.950845,4.0,0.00027317,4,755,0.13581,0.23855,0.16,0.02,100,0.0,0.26667,,,-0.01,0.00517,0.01452,-0.01512,0.0045,-0.00861,0.25653
264,270336,48.47196,256.0,0.75,0.81,1.150098,-0.00303,0.007257,0.003619,0.314576,0.037179,0.913879,54.809258,11.661988,52.911316,11.754388,4.0,0.00027307,4,764,0.11753,0.21574,0.17,0.01,100,0.0,0.21795,,,-0.01,0.00681,0.01138,-0.02205,-0.0003,-0.01269,0.2593
265,271360,41.28086,231.2,0.6,0.8,0.948853,-0.003858,0.004063,0.003948,0.257074,0.050084,0.966055,51.06665,13.772733,50.258942,14.356869,4.0,0.00027297,5,798,0.11604,0.21112,0.18,0.01,100,0.0,0.14286,,,-0.01,0.00878,0.00678,-0.01703,0.007,-0.01365,0.31019
266,272384,49.4311,205.125,0.75,0.78,0.994143,-0.002373,0.010477,0.0032,0.206012,0.034982,0.928906,51.649006,14.575331,51.015575,16.332748,4.0,0.00027286,8,781,0.11438,0.20684,0.19,0.01,100,0.125,0.27559,,,-0.01,0.00798,0.00611,-0.01543,0.00554,-0.01095,0.57055
267,273408,54.81882,192.6,0.8,0.78,1.022388,-0.00244,0.008334,0.002715,0.23979,0.013532,0.89938,56.759777,11.62001,55.58543,12.1107,4.0,0.00027276,5,763,0.12834,0.22519,0.19,0.01,100,0.0,0.32609,,,-0.01,0.00836,0.00267,-0.0168,0.00085,-0.00709,0.36461
268,274432,69.81003,116.2,1.0,0.79,0.615832,-0.002434,0.01144,0.002303,0.289425,0.025705,0.895104,48.252491,13.221804,46.648914,13.90149,4.0,0.00027266,5,880,0.12489,0.22415,0.18,0.01,100,0.0,0.53659,,,-0.01,0.01118,0.00266,-0.01427,-0.00328,-0.00554,0.73739
269,275456,51.80058,101.25,0.75,0.79,0.570353,-0.002987,0.007511,0.002421,0.265622,0.027483,0.947083,41.701942,14.396255,40.559246,15.249785,4.0,0.00027256,4,911,0.12951,0.24256,0.17,0.01,100,0.25,0.5,,,-0.01,0.00638,-0.00259,-0.01346,0.00236,-0.00663,0.47627
270,276480,34.48477,264.83333,0.5,0.76,0.673307,-0.002439,0.005649,0.001214,0.2118,0.010847,0.9686,40.749565,17.242929,40.240997,18.107218,4.0,0.00027245,6,874,0.1326,0.24268,0.2,0.01,100,0.0,0.90625,,,-0.01,0.00816,-0.00044,-0.01188,0.00329,-0.0059,0.43008
271,277504,46.6931,204.5,0.66667,0.77,0.893293,-0.002466,0.005748,0.003203,0.224234,0.027588,0.957983,49.857452,15.254307,49.582844,16.425243,4.0,0.00027235,6,777,0.12419,0.23777,0.19,0.01,100,0.0,0.57895,,,-0.01,0.00662,0.0006,-0.01531,0.00535,-0.00847,0.39986
272,278528,47.097,192.0,0.71429,0.75,1.183464,-0.000977,0.011176,0.001941,0.174099,0.016497,0.87651,58.267704,11.455074,58.222843,12.901316,4.0,0.00027225,7,718,0.12851,0.23257,0.2,0.01,100,0.14286,0.64286,,,-0.01,0.00919,0.00322,-0.01397,0.00832,-0.00913,0.39176
273,279552,70.08042,127.25,1.0,0.75,1.205732,-0.003469,0.007954,0.004095,0.286964,0.052909,0.771515,58.415771,7.287097,57.324379,7.841392,4.0,0.00027215,4,746,0.13259,0.24767,0.2,0.01,100,0.0,0.56,,,-0.01,0.00624,0.00264,-0.01574,0.00304,-0.00444,0.33229
274,280576,69.47804,118.0,1.0,0.75,1.334195,-0.003678,0.00658,0.003172,0.324889,0.037877,0.888034,54.638672,9.670618,53.162102,9.965565,4.0,0.00027204,2,738,0.13778,0.26079,0.2,0.01,100,0.0,0.57143,,,-0.01,0.0051,0.0094,-0.02291,0.00458,-0.00576,0.16237
275,281600,41.1854,278.66667,0.66667,0.74,1.247738,-0.003254,0.007534,0.003492,0.292838,0.041539,0.862506,53.603661,9.332005,52.486691,9.677699,4.0,0.00027194,6,748,0.12221,0.2356,0.22,0.01,100,0.0,0.40828,,,-0.01,0.00513,0.0088,-0.02147,0.002,-0.00606,0.31507
276,282624,51.04022,287.16667,0.83333,0.73,1.029449,-0.003314,0.01171,0.003367,0.203725,0.03683,0.841498,50.593601,11.133054,50.272984,11.431786,4.0,0.00027184,6,796,0.12631,0.23475,0.23,0.01,100,0.0,0.17931,,,-0.01,0.00606,0.00771,-0.01811,0.00147,-0.00498,0.45492
277,283648,69.37805,145.5,1.0,0.75,0.961663,-0.002747,0.011883,0.003116,0.221855,0.038504,0.876594,52.768902,12.351134,52.898323,13.081949,4.0,0.00027174,6,789,0.1417,0.24687,0.22,0.01,100,0.0,0.33333,,,-0.01,0.00857,0.0064,-0.01493,0.00248,-0.00369,0.59812
278,284672,46.35205,220.0,0.66667,0.75,0.814282,-0.002351,0.006769,0.001945,0.28308,0.020194,0.941338,49.699734,13.3295,48.536648,13.802398,4.0,0.00027164,3,848,0.15047,0.26233,0.22,0.01,100,0.0,0.72727,,,-0.01,0.0105,0.0072,-0.01553,0.00106,-0.0031,0.25077
279,285696,68.09062,191.5,1.0,0.76,0.798352,-0.002088,0.007809,0.001642,0.223306,0.014265,0.933477,46.694141,13.170182,47.264935,14.554077,4.0,0.00027153,6,855,0.13657,0.25127,0.21,0.01,100,0.0,0.25,,,-0.01,0.00727,0.0065,-0.01414,0.00468,-0.00568,0.73721
280,286720,46.0942,218.66667,0.66667,0.76,0.899886,-0.004204,0.004111,0.003372,0.249372,0.038993,0.976922,49.2696,16.983578,48.457336,17.464233,4.0,0.00027143,3,818,0.13397,0.24261,0.21,0.01,100,0.0,0.35294,,,-0.01,0.00826,0.00781,-0.01341,0.0039,-0.00394,0.22385
281,287744,44.27708,267.33333,0.66667,0.76,0.909165,-0.002415,0.007986,0.00236,0.224209,0.027483,0.944783,50.381905,15.163523,49.522625,15.686852,4.0,0.00027133,6,792,0.13764,0.24499,0.21,0.01,100,0.0,0.26984,,,-0.01,0.00995,0.00936,-0.01616,0.00117,-0.00562,0.41548
282,288768,71.23967,109.66667,1.0,0.79,0.929066,-0.00197,0.01377,0.003338,0.216242,0.036307,0.860049,51.398872,12.392167,50.806171,13.405289,4.0,0.00027123,6,782,0.13092,0.23424,0.18,0.01,100,0.0,0.27273,,,-0.01,0.00807,0.0058,-0.01522,0.0001,-0.02953,0.6069
283,289792,44.81036,242.33333,0.66667,0.79,0.86387,-0.004159,0.004222,0.003322,0.299694,0.044259,0.969631,45.944981,15.104092,44.6604,16.011599,4.0,0.00027112,3,823,0.14714,0.23707,0.18,0.01,100,0.0,0.16049,,,-0.01,0.00538,0.00396,-0.01674,0.00186,-0.03838,0.22677
284,290816,30.78325,370.5,0.5,0.78,0.924012,-0.003489,0.007336,0.00332,0.342177,0.040597,0.957361,44.898121,15.871573,42.889362,16.351187,4.0,0.00027102,2,818,0.16373,0.25732,0.19,0.01,100,0.0,0.25714,,,-0.01,0.00599,0.005,-0.01755,0.0014,-0.03895,0.10273
285,291840,-7.2958,382.0,0.25,0.76,0.928093,-0.003505,0.004659,0.003028,0.324965,0.040458,0.974144,43.248505,15.981146,41.712879,16.689068,4.0,0.00027092,4,802,0.16384,0.26423,0.21,0.01,100,0.0,0.6988,,,-0.01,0.00729,0.00393,-0.0139,0.00092,-0.02975,0.10566
286,292864,40.17309,284.4,0.6,0.75,0.849394,-0.003365,0.007596,0.00377,0.275316,0.049351,0.945938,45.693329,14.812866,44.603962,15.340085,4.0,0.00027082,5,828,0.16706,0.30287,0.22,0.01,100,0.0,0.34426,,,-0.01,0.00636,0.00997,-0.01796,-0.00022,-0.00757,0.34342
287,293888,23.21828,391.0,0.5,0.75,0.972657,-0.003418,0.007353,0.003768,0.30434,0.051479,0.943645,48.981289,14.757351,47.565186,14.769103,4.0,0.00027071,2,796,0.16296,0.26921,0.22,0.01,100,0.0,0.23438,,,-0.01,0.00669,0.00792,-0.01653,0.00334,-0.00869,0.09457
288,294912,64.96545,234.0,1.0,0.75,0.826342,-0.003682,0.004415,0.003349,0.255918,0.042271,0.962877,45.908833,14.045034,44.684101,14.197485,4.0,0.00027061,1,866,0.18545,0.32361,0.22,0.01,100,0.0,0.6087,,,-0.01,0.00569,0.01553,-0.02062,0.00068,-0.00806,0.1243
289,295936,20.64187,345.33333,0.33333,0.74,0.956498,-0.002055,0.006367,0.002304,0.207811,0.024554,0.932727,46.359158,12.710041,44.937099,12.714436,4.0,0.00027051,3,829,0.17878,0.30304,0.24,0.01,100,0.0,0.52941,,,-0.01,0.00703,0.01346,-0.01892,-0.00059,-0.01346,0.11269
290,296960,21.66419,370.4,0.4,0.72,1.081817,-0.001436,0.01162,0.002505,0.180565,0.0256,0.737793,49.882359,9.583461,49.211956,9.127827,4.0,0.00027041,5,769,0.15752,0.25081,0.26,0.01,100,0.0,0.28111,,,-0.01,0.00903,0.00443,-0.01311,0.00344,-0.01005,0.1794
291,297984,39.99129,277.33333,0.66667,0.71,1.068081,-0.003029,0.006425,0.002865,0.251045,0.029262,0.816818,49.453728,6.726467,48.617729,7.554015,4.0,0.0002703,3,804,0.1698,0.29429,0.27,0.01,100,0.0,0.38583,,,-0.01,0.00484,0.01356,-0.02131,0.0015,-0.00662,0.19724
292,299008,68.75329,159.5,1.0,0.72,1.016721,-0.001765,0.006622,0.002496,0.216944,0.027693,0.865824,46.449177,8.358109,45.548939,8.946357,4.0,0.0002702,2,823,0.17043,0.28894,0.27,0.01,100,0.0,0.2381,,,-0.01,0.00654,0.01547,-0.02079,0.00223,-0.00414,0.20876
293,300032,40.49896,359.66667,0.66667,0.72,0.99898,-0.003429,0.014481,0.003007,0.223861,0.033622,0.535029,45.937752,7.036411,45.770542,7.359177,4.0,0.0002701,6,797,0.16218,0.27428,0.27,0.01,100,0.0,0.24051,,,-0.01,0.00643,0.00695,-0.02052,0.00201,-0.00516,0.37316
294,301056,70.50343,136.0,1.0,0.73,0.969607,-0.002785,0.004484,0.002962,0.268735,0.035331,0.883891,44.53949,7.097393,43.74522,8.017821,4.0,0.00027,1,833,0.17785,0.29151,0.26,0.0,100,0.0,0.42105,,,-0.01,0.00618,0.0161,-0.01897,0.00133,-0.00495,0.11056
295,302080,23.51131,325.4,0.4,0.71,1.02386,-0.001933,0.013792,0.004018,0.211238,0.04963,0.771783,42.61396,7.986915,41.842068,10.176562,4.0,0.00026989,5,785,0.16597,0.27255,0.27,0.0,100,0.2,0.40945,,,-0.01,0.00868,0.0076,-0.01712,0.00169,-0.00743,0.18906
296,303104,53.41439,245.2,0.8,0.72,1.092566,-0.00414,0.012101,0.00381,0.251689,0.042341,0.744553,44.851555,7.460372,45.614399,8.966374,4.0,0.00026979,5,759,0.16487,0.26525,0.27,0.0,100,0.0,0.20321,,,-0.01,0.01019,0.01255,-0.01552,0.00402,-0.00584,0.35357
297,304128,70.27606,136.1,1.0,0.73,1.026299,-0.003089,0.023248,0.0039,0.454726,0.043806,0.665871,46.271015,8.072798,49.563061,10.69127,4.0,0.00026969,10,750,0.15975,0.25899,0.26,0.0,100,0.0,0.36025,,,-0.01,0.01026,0.00979,-0.01867,0.0065,-0.00686,0.91504
298,305152,69.15471,154.28571,1.0,0.75,1.098668,-0.002518,0.013968,0.002329,0.368586,0.023333,0.6145,52.69025,7.703517,54.905457,7.709775,4.0,0.00026959,7,722,0.14484,0.20932,0.24,0.0,100,0.0,0.37113,,,-0.01,0.01228,0.00465,-0.0137,0.00395,-0.00506,0.57503
299,306176,71.24929,117.44444,1.0,0.76,1.187134,-0.002768,0.009921,0.002361,0.271557,0.017055,0.679088,56.922398,6.392694,58.483421,7.115773,4.0,0.00026948,9,715,0.1482,0.22375,0.23,0.0,100,0.0,0.32323,,,-0.01,0.01102,0.00617,-0.01319,0.00433,-0.0044,0.72861
300,307200,71.14826,103.33333,1.0,0.76,0.839461,-0.003271,0.005716,0.002442,0.250017,0.028076,0.835013,56.368286,7.10583,56.162468,7.715606,4.0,0.00026938,3,814,0.19462,0.2787,0.23,0.0,100,0.0,0.56522,,,-0.01,0.0085,0.00479,-0.01576,0.0018,-0.00183,0.3388
301,308224,45.0735,155.33333,0.66667,0.76,0.743965,-0.001629,0.015853,0.00139,0.233585,0.011614,0.739241,54.116993,7.719285,52.65324,10.35012,4.0,0.00026928,3,846,0.20529,0.30145,0.22,0.0,100,0.33333,0.76923,,,-0.01,0.00871,0.00663,-0.01596,-0.00172,-0.00413,0.2515
302,309248,29.79053,270.33333,0.44444,0.72,0.934011,-0.001809,0.014401,0.00133,0.242432,0.009731,0.827166,54.147423,9.770994,53.473606,12.567485,4.0,0.00026918,9,767,0.17071,0.25236,0.25,0.0,100,0.11111,0.42128,,,-0.01,0.01088,0.00523,-0.01461,0.00519,-0.00608,0.40385
303,310272,64.61002,105.45455,0.90909,0.73,1.20052,-0.002176,0.017151,0.003689,0.192366,0.047642,0.764401,59.456402,9.007762,59.872814,11.951788,4.0,0.00026908,11,697,0.13856,0.21122,0.23,0.0,100,0.09091,0.42857,,,-0.01,0.01296,0.00661,-0.01505,0.00704,-0.00577,0.79177
304,311296,71.93804,106.375,1.0,0.76,1.028765,-0.00202,0.021592,0.003242,0.194214,0.030308,0.786923,58.163815,12.922303,58.737385,13.272575,4.0,0.00026897,8,730,0.14123,0.20132,0.2,0.0,100,0.0,0.30303,,,-0.01,0.0141,0.00634,-0.01379,0.0052,-0.00681,0.71752
305,312320,72.06913,86.375,1.0,0.81,1.134806,-0.003153,0.011498,0.003737,0.197948,0.027379,0.906755,58.713936,13.813949,58.877068,14.454893,4.0,0.00026887,8,709,0.14155,0.1978,0.15,0.0,100,0.0,0.44444,,,-0.01,0.01632,0.00294,-0.01363,0.00832,-0.00656,0.66609
306,313344,71.50514,112.75,1.0,0.85,0.981532,-0.00244,0.009149,0.002189,0.210987,0.027832,0.950365,53.813023,17.218815,54.57774,17.825571,4.0,0.00026877,8,767,0.14862,0.20925,0.11,0.0,100,0.0,0.38542,,,-0.01,0.01378,0.00684,-0.01436,0.0081,-0.00618,0.78975
307,314368,64.55474,127.33333,0.88889,0.87,1.024061,-0.003486,0.008409,0.005277,0.290582,0.071603,0.946985,57.114952,15.696036,56.872337,16.478014,4.0,0.00026867,9,743,0.14876,0.19426,0.09,0.0,100,0.0,0.31507,,,-0.01,0.01411,0.00726,-0.01303,0.00718,-0.0071,0.74196
308,315392,60.49926,148.83333,0.83333,0.87,0.90792,-0.001855,0.010002,0.002793,0.250457,0.02839,0.9431,54.078106,16.410028,53.245857,17.119541,4.0,0.00026856,6,788,0.16624,0.20196,0.09,0.0,100,0.0,0.35556,,,-0.01,0.01574,0.0077,-0.01268,0.00503,-0.00455,0.53904
309,316416,72.64984,89.75,1.0,0.9,0.831246,-0.003737,0.00361,0.002937,0.226495,0.031982,0.977658,51.658028,16.820036,51.294323,17.344099,4.0,0.00026846,4,826,0.1801,0.26637,0.07,0.0,100,0.0,0.28571,,,-0.01,0.01198,0.02002,-0.01491,0.00903,-0.00319,0.47919
310,317440,62.58695,189.33333,0.88889,0.9,1.000707,-0.002253,0.005736,0.002031,0.17577,0.01981,0.962756,55.456856,15.609915,55.92382,16.306553,4.0,0.00026836,9,763,0.15723,0.22431,0.07,0.0,100,0.0,0.28571,,,-0.01,0.01303,0.01139,-0.01366,0.00931,-0.00575,0.76188
311,318464,63.30964,139.625,0.875,0.89,1.045419,-0.002567,0.00695,0.003119,0.20022,0.041574,0.951036,58.397308,15.129541,58.431141,15.567668,4.0,0.00026826,8,738,0.15492,0.19848,0.08,0.0,100,0.0,0.4186,,,-0.01,0.01517,0.00849,-0.01276,0.00532,-0.00627,0.62659
312,319488,62.62646,135.28571,0.85714,0.88,1.02579,-0.003147,0.009756,0.00322,0.217478,0.032959,0.862225,61.099251,10.022733,60.371307,10.994974,4.0,0.00026815,7,745,0.15432,0.21007,0.09,0.0,100,0.0,0.15625,,,-0.01,0.0145,0.00729,-0.01322,0.00734,-0.00522,0.54871
313,320512,70.88566,139.5,1.0,0.88,0.974185,-0.002501,0.009348,0.004401,0.206543,0.048061,0.928188,57.490513,14.446826,58.41143,14.837896,4.0,0.00026805,10,751,0.15464,0.20662,0.09,0.0,100,0.0,0.28402,,,-0.01,0.01538,0.01021,-0.0132,0.00599,-0.00845,0.92605
314,321536,59.23072,143.5,0.83333,0.88,1.105872,-0.002835,0.009825,0.002323,0.234733,0.021066,0.90123,62.365215,11.237295,61.151768,13.123215,4.0,0.00026795,6,722,0.15472,0.19352,0.09,0.0,100,0.16667,0.34694,,,-0.01,0.01384,0.00814,-0.01456,0.00639,-0.0053,0.42246
315,322560,71.71524,119.85714,1.0,0.93,1.020087,-0.003106,0.007295,0.00375,0.204723,0.034738,0.928215,59.886047,12.992874,59.660347,13.397387,4.0,0.00026785,7,735,0.15573,0.20179,0.05,0.0,100,0.0,0.29204,,,-0.01,0.01466,0.00842,-0.01091,0.00493,-0.00465,0.62703
316,323584,71.80798,117.0,1.0,0.93,0.917327,-0.003216,0.011166,0.002819,0.208498,0.030099,0.932189,57.517673,16.298288,56.702339,16.810089,4.0,0.00026774,6,762,0.17119,0.2559,0.05,0.0,100,0.0,0.26761,,,-0.01,0.01198,0.01618,-0.01119,0.00291,-0.00646,0.59021
317,324608,57.65086,198.83333,0.83333,0.93,0.972225,-0.003068,0.004748,0.002283,0.206559,0.01981,0.969915,55.880825,16.104998,55.259579,16.5145,4.0,0.00026764,6,775,0.16825,0.25314,0.06,0.0,100,0.0,0.43307,,,-0.01,0.00815,0.00856,-0.01671,0.00406,-0.01166,0.47682
318,325632,56.93224,192.6,0.8,0.92,0.945318,-0.002039,0.00565,0.001971,0.206014,0.017264,0.966385,54.343113,16.575054,53.55909,17.280508,4.0,0.00026754,5,792,0.1904,0.27211,0.07,0.0,100,0.0,0.13889,,,-0.01,0.00894,0.02034,-0.01413,0.00389,-0.00372,0.40684
319,326656,62.80007,159.875,0.875,0.91,1.005282,-0.003345,0.007059,0.003292,0.203088,0.037702,0.964481,55.152302,17.696793,54.805077,18.535652,4.0,0.00026744,8,743,0.16141,0.21862,0.08,0.0,100,0.0,0.29167,,,-0.01,0.0105,0.00828,-0.01567,0.00662,-0.0063,0.6279
320,327680,68.11156,162.0,1.0,0.91,1.030257,-0.001598,0.014659,0.001777,0.149311,0.018136,0.856915,57.245457,14.935482,57.455517,14.169273,4.0,0.00026733,5,747,0.16954,0.23981,0.08,0.0,100,0.0,0.48571,,,-0.01,0.01078,0.01116,-0.01524,0.00654,-0.00724,0.43043
321,328704,59.99696,179.57143,0.85714,0.91,1.021946,-0.002007,0.013346,0.002699,0.282628,0.025356,0.928299,53.7771,16.981781,52.205803,17.564222,4.0,0.00026723,7,771,0.14498,0.23117,0.08,0.0,100,0.0,0.27742,,,-0.01,0.00874,0.0113,-0.0151,0.0004,-0.00945,0.54732
322,329728,72.41498,90.0,1.0,0.91,0.939569,-0.002598,0.005884,0.002313,0.206043,0.020543,0.96466,50.537144,16.381237,49.451687,16.969963,4.0,0.00026713,2,790,0.14755,0.21649,0.08,0.0,100,0.0,0.35714,,,-0.01,0.00935,0.00424,-0.01512,0.00374,-0.01328,0.19575
323,330752,58.48176,180.875,0.875,0.9,0.915784,-0.002305,0.008286,0.002758,0.230311,0.027867,0.966052,47.875751,20.158089,48.175964,21.197254,4.0,0.00026703,8,764,0.14502,0.22216,0.09,0.0,100,0.0,0.50903,,,-0.01,0.01005,0.00703,-0.01239,0.00497,-0.01416,0.65456
324,331776,59.66176,146.63636,0.81818,0.9,1.080886,-0.003447,0.004453,0.003557,0.250928,0.037109,0.977618,55.005058,18.609133,55.866638,19.603546,4.0,0.00026692,11,705,0.13401,0.20417,0.09,0.0,100,0.0,0.35354,,,-0.01,0.01276,0.01028,-0.01417,0.01192,-0.0118,0.72437
325,332800,64.83257,115.63636,0.90909,0.9,1.061364,-0.003364,0.009314,0.004773,0.230919,0.053746,0.682281,62.017887,6.736945,63.09763,7.15352,4.0,0.00026682,11,700,0.14228,0.20225,0.09,0.0,100,0.0,0.26111,,,-0.01,0.01283,0.00959,-0.015,0.00818,-0.00793,0.79435
326,333824,72.07725,90.85714,1.0,0.91,0.899743,-0.002799,0.010676,0.003582,0.191568,0.029994,0.7622,62.063148,7.52946,61.638561,8.75265,4.0,0.00026672,7,749,0.16476,0.22754,0.08,0.0,100,0.0,0.37097,,,-0.01,0.01491,0.01112,-0.01421,0.00553,-0.0069,0.64348
327,334848,73.04748,80.57143,1.0,0.91,0.786066,-0.002388,0.004807,0.002184,0.204717,0.022321,0.956219,55.453091,12.929144,55.194542,14.035431,4.0,0.00026662,7,803,0.17279,0.26795,0.08,0.0,100,0.0,0.26761,,,-0.01,0.01123,0.01958,-0.01645,0.00816,-0.00611,0.74353
328,335872,46.16807,261.33333,0.66667,0.9,0.661947,-0.002873,0.01139,0.002215,0.303636,0.028041,0.940041,49.124611,17.42816,47.404278,17.828093,4.0,0.00026652,3,857,0.17892,0.26156,0.09,0.0,100,0.0,0.20588,,,-0.01,0.01294,0.01583,-0.0134,0.00099,-0.00345,0.24707
329,336896,26.28056,338.66667,0.33333,0.89,0.733128,-0.003992,0.003018,0.002427,0.287394,0.020612,0.989478,48.091438,19.786146,46.511158,19.881554,4.0,0.00026641,3,856,0.15949,0.24753,0.11,0.0,100,0.0,0.08654,,,-0.01,0.00864,0.01628,-0.01493,0.00286,-0.00392,0.12046
330,337920,45.79127,267.0,0.66667,0.88,0.745209,-0.003479,0.003881,0.002726,0.271928,0.032052,0.983683,46.30965,19.048782,44.875095,19.248535,4.0,0.00026631,3,853,0.15599,0.2576,0.12,0.0,100,0.0,0.15827,,,-0.01,0.00523,0.01871,-0.01527,0.00112,-0.01045,0.22435
331,338944,18.2211,438.0,0.33333,0.86,0.810124,-0.004165,0.008554,0.0035,0.298143,0.039865,0.951517,50.482613,17.004288,48.587009,16.8902,4.0,0.00026621,3,812,0.16622,0.26311,0.14,0.0,100,0.0,0.45349,,,-0.01,0.00638,0.01733,-0.01231,-8e-05,-0.0076,0.08871
332,339968,45.5175,262.33333,0.66667,0.85,0.693324,-0.002963,0.006559,0.002894,0.283884,0.034982,0.958899,43.640163,15.722565,42.046379,16.00102,4.0,0.00026611,3,877,0.19313,0.32239,0.15,0.0,100,0.0,0.34921,,,-0.01,0.00622,0.01516,-0.01476,0.0,-0.00749,0.24859
333,340992,34.97271,310.25,0.5,0.83,0.767091,-0.001503,0.009206,0.002503,0.189867,0.024275,0.947054,43.867207,16.382725,43.359505,16.964319,4.0,0.000266,4,828,0.17573,0.27468,0.17,0.0,100,0.0,0.17241,,,-0.01,0.00996,0.01049,-0.01477,0.00412,-0.00705,0.2185
334,342016,38.89486,258.57143,0.57143,0.81,0.810872,-0.002297,0.01591,0.001698,0.21019,0.017718,0.916379,45.834351,17.013515,44.97205,17.838299,4.0,0.0002659,7,785,0.17065,0.23944,0.19,0.0,100,0.0,0.57209,,,-0.01,0.012,0.00888,-0.01469,-0.00101,-0.00622,0.40904
335,343040,72.18755,111.8,1.0,0.81,0.727478,-0.002741,0.011955,0.00303,0.22881,0.035993,0.905521,47.246498,13.375333,47.535126,14.842973,4.0,0.0002658,5,803,0.15611,0.22581,0.19,0.0,100,0.0,0.32184,,,-0.01,0.01526,0.01576,-0.01539,0.00856,-0.00417,0.55158
336,344064,57.74534,121.4,0.8,0.81,0.746933,-0.001968,0.009039,0.001681,0.184435,0.014125,0.946562,45.615955,16.313801,45.341152,18.323957,4.0,0.0002657,5,823,0.16795,0.27569,0.18,0.0,100,0.2,0.18367,,,-0.01,0.01229,0.02406,-0.01861,0.00693,-0.00381,0.45542
337,345088,48.50598,214.33333,0.66667,0.8,0.904288,-0.002998,0.006597,0.002851,0.212575,0.028495,0.966618,48.884052,18.297985,48.692974,19.31525,4.0,0.00026559,6,785,0.16156,0.28026,0.19,0.0,100,0.0,0.15217,,,-0.01,0.00676,0.02947,-0.0201,0.0038,-0.00808,0.392
338,346112,49.04337,204.33333,0.66667,0.79,1.073715,-0.004362,0.008173,0.004433,0.284242,0.057234,0.950395,52.859703,16.175245,51.92149,17.006018,4.0,0.00026549,3,757,0.14709,0.24454,0.2,0.0,100,0.0,0.13953,,,-0.01,0.00988,0.02074,-0.01588,0.00431,-0.01004,0.16836
339,347136,45.9637,245.66667,0.66667,0.77,0.986021,-0.002678,0.009384,0.0032,0.258455,0.034982,0.921184,51.425259,14.24187,50.506195,15.056271,4.0,0.00026539,6,770,0.1469,0.2423,0.22,0.0,100,0.0,0.18107,,,-0.01,0.00899,0.01621,-0.01657,0.00196,-0.01146,0.34996
340,348160,61.50383,186.5,0.875,0.78,0.925421,-0.001818,0.014903,0.002828,0.208067,0.032017,0.894373,53.1898,14.788244,53.750683,15.300752,4.0,0.00026529,8,757,0.15464,0.2261,0.21,0.0,100,0.0,0.20567,,,-0.01,0.01255,0.0193,-0.01646,0.00762,-0.00697,0.61207
341,349184,72.75128,104.375,1.0,0.79,0.864115,-0.003571,0.018753,0.004914,0.284138,0.066895,0.8802,54.845268,15.755088,54.446812,16.531338,4.0,0.00026518,8,755,0.14928,0.21439,0.2,0.0,100,0.0,0.29464,,,-0.01,0.01635,0.0114,-0.01234,0.00746,-0.0053,0.74502
342,350208,47.63622,187.5,0.66667,0.78,0.809747,-0.001536,0.013714,0.002359,0.224525,0.026611,0.930898,51.446674,16.861731,50.955807,18.585722,4.0,0.00026508,6,819,0.15074,0.23981,0.2,0.0,100,0.16667,0.26667,,,-0.01,0.01182,0.01351,-0.01234,0.00823,-0.00452,0.43049
343,351232,71.92645,118.75,1.0,0.78,0.878396,-0.002696,0.010064,0.002183,0.299388,0.02281,0.943795,51.324776,15.98033,49.681683,16.619696,4.0,0.00026498,4,807,0.15182,0.23579,0.2,0.0,100,0.0,0.375,,,-0.01,0.01066,0.01008,-0.01462,-0.00017,-0.01241,0.40766
344,352256,-0.43444,450.0,0.0,0.76,0.694303,-0.002976,0.005985,0.002502,0.318266,0.035889,0.973622,42.731079,19.003942,40.90863,19.025431,4.0,0.00026488,2,886,0.17722,0.29217,0.22,0.0,100,0.0,0.3,,,-0.01,0.00644,0.01753,-0.02096,0.00242,-0.00598,0.0
345,353280,52.13604,251.8,0.8,0.76,0.841918,-0.002155,0.015339,0.003307,0.258338,0.040423,0.919433,47.362049,17.814566,46.199718,17.888918,4.0,0.00026477,5,801,0.13985,0.22234,0.22,0.0,100,0.0,0.31288,,,-0.01,0.01061,0.0042,-0.01322,2e-05,-0.00831,0.39249
346,354304,-0.92902,450.0,0.0,0.74,0.609844,-0.002224,0.006732,0.001667,0.296369,0.017753,0.970579,41.242634,18.694725,39.306118,18.742447,4.0,0.00026467,2,900,0.15735,0.2485,0.24,0.0,100,0.0,0.14815,,,-0.01,0.00919,0.0069,-0.01534,0.00119,-0.00403,0.0
347,355328,62.47878,315.0,1.0,0.74,0.682191,-0.00133,0.006013,0.001796,0.224965,0.018311,0.9748,38.527859,19.763823,37.331856,19.835794,4.0,0.00026457,1,902,0.15841,0.26864,0.24,0.0,100,0.0,0.54386,,,-0.01,0.00647,0.00566,-0.0129,0.00223,-0.00442,0.12365
348,356352,34.61529,381.0,0.6,0.72,0.867678,-0.001082,0.010379,0.001768,0.201211,0.01423,0.962122,39.431248,21.473932,39.120476,21.880116,4.0,0.00026447,5,828,0.1382,0.24593,0.26,0.0,100,0.0,0.44586,,,-0.01,0.00539,0.00083,-0.01204,0.00377,-0.01463,0.28548
349,357376,53.45239,250.8,0.8,0.71,1.183043,-0.001545,0.013464,0.002407,0.193239,0.019915,0.714918,51.288979,9.192402,51.296459,9.337083,4.0,0.00026436,5,726,0.14487,0.24092,0.27,0.0,100,0.0,0.51282,,,-0.01,0.00866,-0.00419,-0.01133,0.00479,-0.01523,0.30792
350,358400,31.60293,301.33333,0.66667,0.7,1.119809,-0.003373,0.007011,0.002632,0.274516,0.032296,0.883166,50.844124,8.931167,49.956875,9.955543,4.0,0.00026426,3,758,0.15898,0.2584,0.28,0.0,100,0.0,0.85768,,,-0.01,0.00703,0.00481,-0.01213,0.00286,-0.01061,0.16536
351,359424,69.55545,153.57143,1.0,0.73,1.019932,-0.003075,0.014766,0.003672,0.273549,0.036412,0.828514,48.572056,10.405392,49.615517,11.89457,4.0,0.00026416,7,746,0.14492,0.23654,0.25,0.0,100,0.0,0.49342,,,-0.01,0.00999,0.00757,-0.01438,0.00482,-0.0121,0.59985
352,360448,54.52659,209.6,0.8,0.75,0.918338,-0.001973,0.010583,0.002729,0.204266,0.026158,0.891841,49.445393,11.924036,50.046082,12.92547,4.0,0.00026406,5,777,0.16123,0.26489,0.23,0.0,100,0.0,0.38889,,,-0.01,0.01163,0.0043,-0.01275,0.0044,-0.00538,0.39004
353,361472,46.6609,222.0,0.66667,0.75,0.95946,-0.002843,0.009523,0.003915,0.33277,0.050084,0.916733,51.033058,12.614712,49.788982,13.633446,4.0,0.00026396,3,785,0.15742,0.27344,0.23,0.0,100,0.0,0.35714,,,-0.01,0.00894,0.00523,-0.01512,0.00028,-0.00795,0.19633
354,362496,40.96277,296.66667,0.66667,0.76,0.917305,-0.003281,0.005217,0.003248,0.244452,0.044294,0.966327,45.922871,15.615767,44.85844,15.755299,4.0,0.00026385,3,814,0.15666,0.25325,0.22,0.0,100,0.0,0.63725,,,-0.01,0.00624,0.00648,-0.01448,0.00318,-0.01331,0.19668
355,363520,29.58224,338.5,0.5,0.75,0.960092,-0.002393,0.004909,0.002146,0.247244,0.023647,0.962452,44.362759,14.150622,43.014736,14.547319,4.0,0.00026375,2,823,0.16908,0.29008,0.23,0.0,100,0.0,0.30476,,,-0.01,0.00367,0.01566,-0.01831,0.0009,-0.01632,0.09673
356,364544,27.66935,352.33333,0.5,0.75,0.982208,-0.00248,0.020576,0.003482,0.231192,0.047119,0.858937,44.044983,15.276049,44.078564,15.621707,4.0,0.00026365,6,765,0.15754,0.23299,0.23,0.0,100,0.0,0.45228,,,-0.01,0.01063,0.01565,-0.01485,0.00389,-0.00937,0.26638
357,365568,71.95543,139.4,1.0,0.75,1.013427,-0.002183,0.014241,0.002242,0.234026,0.019915,0.851139,47.843975,11.202143,48.316868,12.628221,4.0,0.00026355,5,772,0.16077,0.22867,0.23,0.0,100,0.0,0.16505,,,-0.01,0.01177,0.01332,-0.01223,0.00387,-0.00713,0.46839
358,366592,61.74429,160.0,0.875,0.76,0.983776,-0.002475,0.016171,0.002558,0.328235,0.022635,0.888024,47.800167,14.068401,49.743217,15.435384,4.0,0.00026344,8,753,0.15726,0.22182,0.23,0.0,100,0.0,0.3,,,-0.01,0.01379,0.00523,-0.01162,0.00625,-0.00667,0.66093
359,367616,52.6522,188.5,0.75,0.77,0.853377,-0.002518,0.017397,0.001727,0.342625,0.019461,0.898283,49.023533,15.014214,47.629456,16.347443,4.0,0.00026334,4,801,0.16044,0.23841,0.21,0.0,100,0.25,0.53448,,,-0.01,0.01281,0.01487,-0.01418,0.00061,-0.00535,0.31847
360,368640,71.64221,121.0,1.0,0.78,0.708694,-0.002231,0.007754,0.002114,0.233025,0.022391,0.960488,43.087219,17.276356,43.106659,18.767727,4.0,0.00026324,5,865,0.17756,0.28667,0.2,0.0,100,0.0,0.28736,,,-0.01,0.00972,0.01804,-0.01763,0.00623,-0.00461,0.64278
361,369664,49.54974,210.66667,0.66667,0.78,0.685707,-0.002618,0.00946,0.002047,0.270681,0.024693,0.970505,37.68531,22.059771,36.450619,22.561855,4.0,0.00026314,3,876,0.19034,0.2867,0.2,0.0,100,0.0,0.17347,,,-0.01,0.00929,0.02464,-0.01611,0.00123,-0.00678,0.26895
362,370688,14.48209,390.6,0.2,0.75,0.701121,-0.002098,0.012836,0.001938,0.189341,0.018206,0.951885,38.489475,20.698519,37.64188,21.320486,4.0,0.00026303,5,857,0.17557,0.25191,0.23,0.0,100,0.0,0.09396,,,-0.01,0.01139,0.01738,-0.0138,0.0026,-0.01178,0.12522
363,371712,52.08722,179.5,0.75,0.74,0.998473,-0.002303,0.008338,0.002675,0.218512,0.025146,0.9669,47.805157,19.44519,47.368187,20.588484,4.0,0.00026293,4,785,0.15879,0.23399,0.23,0.0,100,0.25,0.41429,,,-0.01,0.00912,0.0211,-0.01387,0.00303,-0.01244,0.27473
364,372736,55.17586,206.6,0.8,0.73,0.923695,-0.001811,0.010732,0.00293,0.212039,0.027239,0.960617,46.346493,20.687731,45.886971,21.626776,4.0,0.00026283,5,791,0.16001,0.23081,0.24,0.0,100,0.0,0.13904,,,-0.01,0.01252,0.01074,-0.01366,0.0031,-0.01287,0.39066
365,373760,49.13914,212.14286,0.71429,0.72,0.826997,-0.002569,0.01585,0.002927,0.255069,0.034563,0.930076,45.991081,18.455,45.206211,19.991467,4.0,0.00026273,7,811,0.15049,0.22892,0.24,0.0,100,0.14286,0.28125,,,-0.01,0.01362,0.01418,-0.01308,0.0035,-0.00528,0.537
366,374784,58.76422,148.33333,0.83333,0.73,0.996674,-0.002556,0.019241,0.003054,0.270471,0.030936,0.919648,48.611073,18.46834,48.035309,19.9946,4.0,0.00026262,6,770,0.1492,0.21464,0.23,0.0,100,0.16667,0.36559,,,-0.01,0.01368,0.00857,-0.0135,0.00454,-0.00678,0.45709
367,375808,55.15626,222.0,0.8,0.74,0.961605,-0.003843,0.008324,0.00355,0.235044,0.045166,0.973814,44.64677,22.594862,44.116024,23.313538,4.0,0.00026252,5,813,0.15568,0.25315,0.22,0.0,100,0.0,0.368,,,-0.01,0.00831,0.01358,-0.01496,0.00346,-0.01018,0.39829
368,376832,51.62405,206.75,0.75,0.75,0.911182,-0.003251,0.006568,0.003511,0.243235,0.052176,0.964881,48.256809,17.308361,47.982571,18.241318,4.0,0.00026242,4,797,0.16947,0.26611,0.21,0.0,100,0.0,0.48503,,,-0.01,0.01036,0.00771,-0.01307,0.00401,-0.00402,0.30682
369,377856,52.99622,200.75,0.75,0.76,0.910025,-0.002296,0.015274,0.002705,0.221158,0.027902,0.944794,44.097832,21.161974,43.238678,21.741903,4.0,0.00026232,4,818,0.17542,0.28631,0.2,0.0,100,0.0,0.52727,,,-0.01,0.00807,0.01566,-0.01553,0.00192,-0.00367,0.32831
370,378880,34.22335,320.25,0.5,0.75,0.800417,-0.003186,0.01702,0.002366,0.309257,0.028774,0.890729,43.984917,14.852272,42.489922,15.519945,4.0,0.00026221,4,841,0.18024,0.30286,0.21,0.0,100,0.0,0.24378,,,-0.01,0.01027,0.01928,-0.01755,-0.00192,-0.00354,0.23017
371,379904,35.95505,290.0,0.5,0.74,0.722628,-0.002778,0.00569,0.002149,0.281984,0.024833,0.974109,40.195271,17.999962,39.258572,18.842472,4.0,0.00026211,2,866,0.18718,0.30714,0.22,0.0,100,0.0,0.075,,,-0.01,0.01022,0.02708,-0.01721,0.00259,-0.00322,0.12861
372,380928,36.88134,293.0,0.5,0.73,0.733025,-0.002935,0.007603,0.002967,0.310445,0.044503,0.975307,33.74979,21.250978,32.33744,21.867304,4.0,0.00026201,2,876,0.19933,0.3354,0.23,0.0,100,0.0,0.19565,,,-0.01,0.00826,0.03025,-0.01726,6e-05,-0.00501,0.12808
373,381952,41.93599,304.2,0.6,0.72,0.845847,-0.002046,0.030681,0.003387,0.200856,0.043876,0.859786,36.251019,18.691957,36.225681,19.115955,4.0,0.00026191,5,809,0.17927,0.28928,0.24,0.0,100,0.0,0.19231,,,-0.01,0.01202,0.01788,-0.01617,0.00273,-0.00442,0.31525
374,382976,52.09903,192.85714,0.71429,0.71,0.842707,-0.002808,0.010869,0.003322,0.270299,0.03976,0.953277,38.048702,18.598284,38.354015,20.608204,4.0,0.0002618,7,781,0.16802,0.24681,0.25,0.0,100,0.0,0.16738,,,-0.01,0.01033,0.01002,-0.01521,0.00353,-0.00552,0.53961
375,384000,47.38905,206.33333,0.66667,0.71,0.795,-0.003392,0.011725,0.002278,0.307277,0.020159,0.964876,35.539299,22.966085,34.56142,24.145264,4.0,0.0002617,3,827,0.19004,0.25346,0.25,0.0,100,0.0,0.625,,,-0.01,0.01038,0.00561,-0.01578,0.0043,-0.00506,0.2387
376,385024,44.25922,193.5,0.625,0.71,0.821244,-0.00257,0.014541,0.002278,0.247133,0.016427,0.957024,36.747829,22.710623,36.135937,24.127163,4.0,0.0002616,8,798,0.17201,0.24798,0.24,0.0,100,0.125,0.6044,,,-0.01,0.01171,0.00833,-0.01516,0.00372,-0.00612,0.55254
377,386048,62.10867,162.33333,0.88889,0.72,0.877727,-0.002523,0.021995,0.002351,0.276039,0.020926,0.927098,41.813774,21.009182,43.009998,22.854233,4.0,0.0002615,9,761,0.15002,0.20114,0.23,0.0,100,0.0,0.31447,,,-0.01,0.01306,0.00552,-0.01714,0.00445,-0.00596,0.78691
378,387072,72.24429,90.5,1.0,0.73,0.690977,-0.003062,0.023059,0.002086,0.248842,0.022984,0.931849,42.637489,21.983206,41.639492,23.261398,4.0,0.0002614,4,830,0.14885,0.21285,0.22,0.0,100,0.0,0.21429,,,-0.01,0.01554,0.00858,-0.01525,-0.00074,-0.0042,0.50279
379,388096,50.21332,175.0,0.71429,0.71,0.770804,-0.001865,0.009756,0.002081,0.231297,0.019113,0.973734,39.379475,25.166922,39.382668,26.584471,4.0,0.00026129,7,831,0.15146,0.2337,0.22,0.0,100,0.28571,0.26136,,,-0.01,0.00927,0.01558,-0.01544,0.00383,-0.00346,0.58673
380,389120,58.15326,220.83333,0.83333,0.71,0.97278,-0.002415,0.013055,0.003044,0.255895,0.038783,0.964332,46.694996,23.973957,47.84676,24.809456,4.0,0.00026119,6,781,0.1568,0.22969,0.23,0.0,100,0.0,0.13139,,,-0.01,0.00808,0.01896,-0.01704,0.00915,-0.00483,0.46219
381,390144,62.6914,125.25,0.875,0.75,0.957839,-0.001995,0.020259,0.002622,0.222544,0.021694,0.950245,46.004322,24.471653,45.724819,25.742435,4.0,0.00026109,8,762,0.14259,0.19316,0.19,0.0,100,0.0,0.225,,,-0.01,0.00958,0.00889,-0.01903,0.00435,-0.0097,0.66291
382,391168,71.89567,92.0,1.0,0.76,0.952831,-0.002429,0.016395,0.002336,0.290396,0.023891,0.942725,45.81773,20.40984,44.859489,21.616091,4.0,0.00026099,5,780,0.15073,0.2324,0.19,0.0,100,0.0,0.275,,,-0.01,0.00994,0.01141,-0.01652,0.00361,-0.00614,0.49111
383,392192,70.37826,131.42857,1.0,0.78,0.827232,-0.003175,0.007407,0.002806,0.247829,0.034982,0.981988,36.997108,26.620102,37.373264,28.617012,4.0,0.00026088,7,807,0.16721,0.25967,0.17,0.0,100,0.0,0.27419,,,-0.01,0.00987,0.00826,-0.01398,0.00758,-0.00404,0.76064
384,393216,42.45477,242.4,0.6,0.77,0.80232,-0.00309,0.008107,0.002603,0.232304,0.033273,0.984809,40.569477,29.410196,40.109707,30.533012,4.0,0.00026078,5,814,0.17511,0.27626,0.19,0.0,100,0.0,0.23077,,,-0.01,0.0096,0.01212,-0.01639,0.00432,-0.00555,0.34489
385,394240,56.50399,168.0,0.8,0.77,0.91177,-0.002754,0.019171,0.003139,0.235939,0.03554,0.959647,47.295513,26.670008,47.463223,27.943588,4.0,0.00026068,10,762,0.14766,0.24154,0.2,0.0,100,0.0,0.46457,,,-0.01,0.0099,0.00902,-0.01822,0.00567,-0.0062,0.76784
386,395264,72.64736,80.85714,1.0,0.78,0.983338,-0.001773,0.010067,0.002182,0.219738,0.018624,0.962789,52.261127,20.260511,52.714718,21.647614,4.0,0.00026058,7,743,0.13627,0.21562,0.19,0.0,100,0.0,0.23214,,,-0.01,0.01271,0.0106,-0.01636,0.01039,-0.00619,0.63379
387,396288,57.68413,146.8,0.8,0.81,0.936793,-0.003214,0.028678,0.003311,0.208794,0.030064,0.928599,49.268127,24.881929,48.455574,25.767117,4.0,0.00026047,10,753,0.1431,0.22078,0.15,0.0,100,0.1,0.152,,,-0.01,0.01321,0.00596,-0.01533,0.00222,-0.00617,0.77522
388,397312,72.13699,84.66667,1.0,0.83,0.801614,-0.003254,0.020897,0.003327,0.287236,0.034773,0.951771,44.448833,25.55612,42.993408,26.35309,4.0,0.00026037,6,811,0.14084,0.23854,0.13,0.0,100,0.0,0.4375,,,-0.01,0.01181,0.00933,-0.01652,0.00317,-0.00592,0.6847
389,398336,59.24165,151.5,0.83333,0.85,0.748094,-0.002447,0.017182,0.002665,0.208122,0.031843,0.972498,32.721607,31.552961,33.064369,33.058628,4.0,0.00026027,6,831,0.14805,0.24216,0.11,0.0,100,0.0,0.47143,,,-0.01,0.01153,0.01241,-0.01586,0.01015,-0.00861,0.60169
390,399360,62.79245,161.33333,0.88889,0.86,0.928315,-0.001661,0.019401,0.002094,0.242799,0.018136,0.969771,44.555386,32.225349,45.162663,33.068447,4.0,0.00026017,9,760,0.13764,0.21545,0.11,0.0,100,0.0,0.21898,,,-0.01,0.01256,0.00892,-0.01447,0.00595,-0.00725,0.75513
391,400384,57.69887,170.6,0.8,0.86,0.873377,-0.002545,0.026593,0.002565,0.352307,0.030064,0.908856,51.423344,20.845728,49.470554,21.494024,4.0,0.00026006,5,794,0.14933,0.22513,0.11,0.0,100,0.0,0.22222,,,-0.01,0.01388,0.01162,-0.01498,0.00222,-0.00558,0.41893
392,401408,71.65705,97.66667,1.0,0.87,0.756582,-0.001787,0.012827,0.001088,0.277185,0.008336,0.968729,39.94598,24.1043,39.484898,25.702244,4.0,0.00025996,6,841,0.15423,0.26016,0.1,0.0,100,0.0,0.30159,,,-0.01,0.00875,0.0176,-0.01682,0.00649,-0.00813,0.72455
393,402432,57.87907,172.6,0.8,0.87,0.682574,-0.001947,0.013578,0.001501,0.329272,0.009835,0.979336,30.094074,32.508381,28.368341,33.185463,4.0,0.00025986,5,859,0.16922,0.26338,0.11,0.0,100,0.0,0.12687,,,-0.01,0.01228,0.01308,-0.01313,0.00237,-0.00595,0.54206
394,403456,29.1713,265.28571,0.42857,0.85,0.90179,-0.002714,0.007103,0.002697,0.245964,0.026716,0.989548,37.264736,33.332764,36.725063,34.374508,4.0,0.00025976,7,777,0.1622,0.25783,0.13,0.0,100,0.14286,0.37838,,,-0.01,0.01374,0.01133,-0.01432,0.00823,-0.00524,0.30721
395,404480,71.67668,134.33333,1.0,0.85,1.005973,-0.003109,0.014097,0.003201,0.199712,0.030971,0.945003,51.357265,20.546762,51.592899,21.251701,4.0,0.00025965,6,776,0.17187,0.27062,0.13,0.0,100,0.0,0.18018,,,-0.01,0.01147,0.02653,-0.01759,0.00499,-0.00381,0.55708
396,405504,57.39008,216.6,0.8,0.84,0.95809,-0.002129,0.031904,0.002932,0.311159,0.028704,0.765643,50.406139,14.724251,47.894924,15.26901,4.0,0.00025955,5,792,0.15603,0.27114,0.14,0.0,100,0.0,0.10857,,,-0.01,0.00798,0.01979,-0.01909,-0.00493,-0.00595,0.3844
397,406528,49.89184,231.0,0.75,0.84,0.914659,-0.002505,0.015254,0.003227,0.216394,0.039621,0.946266,41.25816,21.051332,40.626228,22.547466,4.0,0.00025945,4,808,0.14836,0.24149,0.13,0.0,100,0.25,0.1634,,,-0.01,0.01073,0.01404,-0.01509,0.00629,-0.00527,0.30112
398,407552,70.65826,189.0,1.0,0.84,1.098891,-0.004087,0.006203,0.003774,0.296204,0.043318,0.986085,40.309223,27.335207,39.002811,27.847967,4.0,0.00025935,1,796,0.15864,0.27559,0.13,0.0,100,0.0,0.05405,,,-0.01,0.00568,0.02574,-0.01748,0.00455,-0.00882,0.09168
399,408576,43.38506,329.5,0.66667,0.82,1.084006,-0.003622,0.012642,0.004089,0.29158,0.048689,0.96994,42.051823,25.98217,42.063931,26.484386,4.0,0.00025924,6,754,0.15167,0.24477,0.15,0.0,100,0.0,0.20482,,,-0.01,0.00812,0.01269,-0.01722,0.00237,-0.00805,0.32425
400,409600,66.89257,208.0,1.0,0.84,1.023647,-0.003568,0.014977,0.003716,0.246422,0.050816,0.714943,52.000286,8.611861,52.31992,9.289929,4.0,0.00025914,5,775,0.16553,0.2678,0.13,0.0,100,0.0,0.32571,,,-0.01,0.00871,0.01006,-0.0146,0.00423,-0.00578,0.45385
401,410624,66.70009,226.33333,1.0,0.84,1.015049,-0.002352,0.023297,0.003285,0.215244,0.035645,0.836783,48.254856,14.859284,47.529171,15.368526,4.0,0.00025904,3,795,0.16447,0.28516,0.13,0.0,100,0.0,0.34737,,,-0.01,0.01079,0.015,-0.01454,0.00091,-0.0083,0.27605
402,411648,69.32042,187.0,1.0,0.84,0.892549,-0.003455,0.005234,0.002972,0.290561,0.037912,0.980864,42.625835,19.882603,41.744495,20.796432,4.0,0.00025894,2,839,0.17596,0.31003,0.13,0.0,100,0.0,0.30986,,,-0.01,0.00678,0.0186,-0.01718,0.00465,-0.00621,0.21352
403,412672,38.00802,278.85714,0.57143,0.83,0.726781,-0.002646,0.020357,0.002287,0.291454,0.028704,0.93846,36.478367,22.367378,34.651878,23.038918,4.0,0.00025884,7,840,0.16679,0.29229,0.14,0.0,100,0.0,0.44727,,,-0.01,0.01014,0.00929,-0.01807,-0.00357,-0.00787,0.47023
404,413696,-0.03317,450.0,0.0,0.82,0.709461,-0.003457,0.008387,0.002503,0.302457,0.029681,0.963963,34.006832,18.18848,32.335781,18.516726,4.0,0.00025873,1,875,0.19197,0.30613,0.15,0.0,100,0.0,0.21429,,,-0.01,0.01326,0.00795,-0.01126,0.00193,-0.00243,0.0
405,414720,68.73272,186.5,1.0,0.82,0.634898,-0.001894,0.02201,0.001496,0.207051,0.013777,0.941854,25.455191,23.741938,23.987244,24.414694,4.0,0.00025863,2,921,0.18828,0.32888,0.15,0.0,100,0.0,0.54688,,,-0.01,0.0077,0.00786,-0.01357,-3e-05,-0.00698,0.29413
406,415744,35.49101,333.57143,0.57143,0.79,0.807792,-0.0014,0.034409,0.001952,0.203806,0.022042,0.899265,29.953394,25.194614,30.213989,24.688606,4.0,0.00025853,7,820,0.16327,0.25006,0.17,0.0,100,0.14286,0.37288,,,-0.01,0.01132,0.00508,-0.01509,-0.00117,-0.00887,0.42424
407,416768,45.19293,181.0,0.66667,0.79,0.659663,-0.002061,0.021046,0.001946,0.248824,0.021903,0.939583,32.529541,22.275167,31.31838,23.46521,4.0,0.00025843,3,891,0.18295,0.29346,0.16,0.0,100,0.33333,0.29412,,,-0.01,0.01204,0.01765,-0.01345,-0.00184,-0.00347,0.29307
408,417792,33.11455,317.5,0.5,0.78,0.829189,-0.003918,0.008287,0.002678,0.258069,0.023647,0.970024,32.939816,20.377028,32.179928,21.460634,4.0,0.00025832,2,837,0.18084,0.28189,0.17,0.0,100,0.0,0.54762,,,-0.01,0.01111,0.0085,-0.01305,0.00469,-0.00296,0.11577
409,418816,41.21361,294.8,0.6,0.77,0.765709,-0.00293,0.012231,0.002942,0.206679,0.038225,0.973447,28.060339,27.001045,27.904537,28.340584,4.0,0.00025822,5,852,0.17092,0.28957,0.19,0.0,100,0.0,0.25466,,,-0.01,0.00742,0.01366,-0.01647,0.00301,-0.00507,0.35241
410,419840,48.97954,234.14286,0.71429,0.75,0.958306,-0.003272,0.017264,0.003475,0.31069,0.037109,0.948817,39.5476,22.153921,41.15094,23.709944,4.0,0.00025812,7,759,0.1587,0.24519,0.21,0.0,100,0.0,0.5034,,,-0.01,0.01336,0.00695,-0.012,0.00522,-0.00683,0.46991
411,420864,70.65231,130.66667,1.0,0.76,0.850301,-0.003344,0.025769,0.002554,0.307646,0.024309,0.910745,39.939495,20.303003,38.540436,21.986063,4.0,0.00025802,3,811,0.14533,0.2274,0.2,0.0,100,0.0,0.18868,,,-0.01,0.01197,0.01085,-0.01266,0.00035,-0.00954,0.31886
412,421888,54.98115,171.0,0.8,0.76,0.795553,-0.003202,0.010272,0.002568,0.226728,0.020438,0.980135,30.037457,28.733183,30.36318,30.416317,4.0,0.00025791,5,831,0.14315,0.24417,0.19,0.0,100,0.2,0.32584,,,-0.01,0.01102,0.01393,-0.01828,0.00514,-0.00473,0.44119
413,422912,43.4484,236.875,0.625,0.74,0.941348,-0.003065,0.020811,0.003213,0.32584,0.0384,0.918789,44.589085,20.201557,46.544369,20.350969,4.0,0.00025781,8,761,0.15246,0.23399,0.2,0.0,100,0.125,0.39785,,,-0.01,0.01375,0.0083,-0.01367,0.00464,-0.00534,0.46072
414,423936,70.77872,127.83333,1.0,0.74,0.902083,-0.002092,0.021659,0.002263,0.22789,0.016776,0.713893,51.690609,10.253791,52.886528,11.062217,4.0,0.00025771,6,778,0.1444,0.23457,0.2,0.0,100,0.0,0.34146,,,-0.01,0.01344,0.0143,-0.01464,0.00191,-0.00554,0.57447
415,424960,52.87062,122.5,0.75,0.74,0.799004,-0.001782,0.016266,0.001678,0.264657,0.0113,0.910681,48.907085,15.643483,47.487507,17.460768,4.0,0.00025761,4,841,0.16256,0.29913,0.19,0.0,100,0.25,0.275,,,-0.01,0.00813,0.02238,-0.0185,0.00074,-0.00646,0.33979
416,425984,41.98124,201.2,0.6,0.75,0.883427,-0.001223,0.015368,0.001946,0.175195,0.016253,0.932148,46.690411,18.134655,46.676556,19.650808,4.0,0.0002575,5,808,0.16168,0.27725,0.18,0.0,100,0.2,0.2,,,-0.01,0.01059,0.02035,-0.01564,0.00179,-0.01043,0.30214
417,427008,41.77381,260.6,0.6,0.74,1.047875,-0.002561,0.01021,0.002521,0.232209,0.030064,0.950063,48.797642,17.475559,48.478371,18.409418,4.0,0.0002574,5,747,0.15469,0.24736,0.19,0.0,100,0.0,0.16949,,,-0.01,0.01145,0.01815,-0.01473,0.00428,-0.01242,0.25799
418,428032,60.55236,180.85714,0.85714,0.74,1.109463,-0.001827,0.015688,0.002913,0.260427,0.02124,0.845534,52.672432,12.337868,53.559467,12.903257,4.0,0.0002573,7,734,0.15983,0.25277,0.19,0.0,100,0.0,0.29577,,,-0.01,0.01044,0.01313,-0.01358,0.00277,-0.00577,0.50662
419,429056,71.25793,126.75,1.0,0.74,1.008495,-0.002348,0.016195,0.002806,0.215723,0.023298,0.907829,50.435833,15.962322,50.155491,17.118559,4.0,0.0002572,4,762,0.16344,0.26819,0.19,0.0,100,0.0,0.38636,,,-0.01,0.0121,0.01379,-0.0153,0.0034,-0.00894,0.36433
420,430080,59.96739,220.875,0.875,0.76,1.012051,-0.003321,0.011921,0.003344,0.237644,0.038644,0.946271,49.204685,17.822765,50.089752,19.110136,4.0,0.00025709,8,752,0.16056,0.25889,0.18,0.0,100,0.0,0.24324,,,-0.01,0.01316,0.01188,-0.01248,0.00456,-0.00839,0.61453
421,431104,72.2359,116.66667,1.0,0.76,0.831658,-0.00261,0.011399,0.002749,0.288934,0.03418,0.96623,44.57885,23.002888,44.506817,24.662683,4.0,0.00025699,6,804,0.1659,0.25979,0.18,0.0,100,0.0,0.14118,,,-0.01,0.01472,0.01103,-0.01201,0.00375,-0.0065,0.65736
422,432128,34.54397,240.75,0.5,0.74,0.751499,-0.003082,0.010681,0.002876,0.307999,0.039446,0.979633,37.780323,27.796602,36.835579,28.84264,4.0,0.00025689,4,847,0.17521,0.30576,0.19,0.0,100,0.25,0.48649,,,-0.01,0.01181,0.01187,-0.01207,0.00728,-0.00748,0.2413
423,433152,63.9205,153.0,0.9,0.77,1.010704,-0.00475,0.005699,0.003638,0.2751,0.039411,0.987906,44.80851,27.979961,45.764015,29.600527,4.0,0.00025679,10,734,0.1465,0.23483,0.16,0.0,100,0.0,0.2303,,,-0.01,0.01294,0.01122,-0.01404,0.00925,-0.01194,0.80758
424,434176,73.09892,86.83333,1.0,0.8,0.918617,-0.00232,0.013091,0.002289,0.211195,0.025391,0.968777,48.210857,25.59215,47.94059,26.672007,4.0,0.00025668,6,758,0.13738,0.20438,0.14,0.0,100,0.0,0.13953,,,-0.01,0.01534,0.00651,-0.01343,0.00599,-0.00855,0.56995
425,435200,49.66623,167.57143,0.71429,0.8,0.728192,-0.002511,0.019853,0.001621,0.25347,0.01423,0.938962,47.505627,21.48086,46.835411,23.573391,4.0,0.00025658,7,817,0.16239,0.26195,0.14,0.0,100,0.14286,0.36,,,-0.01,0.01386,0.01471,-0.01606,0.00127,-0.00899,0.57474
426,436224,72.8115,81.77778,1.0,0.83,0.91859,-0.002795,0.006739,0.003421,0.303898,0.046456,0.984799,47.903522,26.491226,48.692822,28.050449,4.0,0.00025648,9,751,0.15544,0.23692,0.11,0.0,100,0.0,0.28814,,,-0.01,0.0176,0.00957,-0.01243,0.00979,-0.00725,0.86159
427,437248,60.66417,147.08333,0.83333,0.84,1.00591,-0.002162,0.012828,0.002815,0.231975,0.015555,0.952859,55.71703,19.90818,56.545341,20.949913,4.0,0.00025638,12,708,0.14188,0.22328,0.12,0.0,100,0.0,0.14754,,,-0.01,0.01682,0.00641,-0.01381,0.00704,-0.00827,0.85028
428,438272,72.40315,95.44444,1.0,0.86,1.002918,-0.002457,0.011967,0.003364,0.199707,0.028495,0.924913,58.426842,15.150052,59.162178,16.355356,4.0,0.00025628,9,731,0.14779,0.21367,0.1,0.0,100,0.0,0.375,,,-0.01,0.01736,0.00659,-0.0125,0.0063,-0.00552,0.80144
429,439296,72.0613,99.42857,1.0,0.86,0.943606,-0.002271,0.010796,0.002492,0.165613,0.020996,0.961312,55.996975,21.452084,56.144764,22.008564,4.0,0.00025617,7,756,0.1588,0.24307,0.1,0.0,100,0.0,0.24528,,,-0.01,0.01304,0.0109,-0.01562,0.00475,-0.01003,0.66146
430,440320,60.99516,160.42857,0.85714,0.88,0.863727,-0.003862,0.009653,0.002225,0.283267,0.020264,0.978038,51.987659,25.916866,50.784695,26.554298,4.0,0.00025607,7,788,0.18097,0.27779,0.1,0.0,100,0.0,0.22917,,,-0.01,0.01175,0.01397,-0.01175,0.00365,-0.0081,0.63484
431,441344,59.76209,108.66667,0.83333,0.9,0.862436,-0.001599,0.006558,0.002122,0.276098,0.014335,0.962648,53.333317,17.109644,52.54948,19.074955,4.0,0.00025597,6,779,0.17983,0.27578,0.07,0.0,100,0.16667,0.23256,,,-0.01,0.01242,0.01471,-0.01708,0.00554,-0.00794,0.51521
432,442368,47.62203,219.16667,0.66667,0.88,0.98592,-0.004262,0.004862,0.00303,0.223476,0.033622,0.977827,54.595772,18.819693,54.387226,19.980377,4.0,0.00025587,6,749,0.16946,0.27312,0.09,0.0,100,0.0,0.06667,,,-0.01,0.01041,0.01443,-0.01725,0.00878,-0.00504,0.36315
433,443392,63.81472,134.77778,0.88889,0.88,1.165972,-0.00421,0.006601,0.004377,0.23006,0.04841,0.921951,62.3969,11.078138,62.155804,11.80998,4.0,0.00025576,9,704,0.14737,0.23535,0.09,0.0,100,0.0,0.23932,,,-0.01,0.0104,0.01063,-0.0168,0.00639,-0.01174,0.63541
434,444416,69.72073,138.85714,1.0,0.88,1.046879,-0.002867,0.013262,0.002725,0.245633,0.025495,0.894693,59.030861,12.970836,58.070927,14.405996,4.0,0.00025566,7,727,0.16202,0.23369,0.09,0.0,100,0.0,0.27273,,,-0.01,0.01324,0.01122,-0.01484,0.00334,-0.00818,0.60478
435,445440,72.60926,86.8,1.0,0.9,0.779124,-0.002693,0.012229,0.002319,0.280285,0.027169,0.968361,46.342876,24.078421,45.227161,25.381952,4.0,0.00025556,5,811,0.18846,0.29038,0.08,0.0,100,0.0,0.41379,,,-0.01,0.0161,0.00955,-0.01313,0.00683,-0.00615,0.60008
436,446464,61.08547,152.0,0.85714,0.89,0.688873,-0.002071,0.019722,0.001984,0.300642,0.019601,0.974971,34.257195,35.048958,32.517536,36.311905,4.0,0.00025546,7,845,0.19114,0.3051,0.09,0.0,100,0.14286,0.31579,,,-0.01,0.01233,0.0159,-0.01569,-0.00082,-0.00545,0.7831
437,447488,28.83761,305.4,0.4,0.87,0.788529,-0.002712,0.01389,0.00203,0.24183,0.01838,0.978296,42.66943,32.979507,41.679424,32.619255,4.0,0.00025535,5,815,0.17352,0.26109,0.1,0.0,100,0.4,0.22464,,,-0.01,0.01485,0.01454,-0.01561,0.00513,-0.00631,0.22958
438,448512,59.96722,110.83333,0.83333,0.87,0.916861,-0.00242,0.008709,0.001433,0.24444,0.012242,0.9751,49.413177,24.733692,48.410069,26.311171,4.0,0.00025525,6,786,0.16105,0.24469,0.09,0.0,100,0.16667,0.05263,,,-0.01,0.01362,0.01807,-0.01511,0.00921,-0.01691,0.50181
439,449536,56.42532,175.6,0.8,0.87,0.907011,-0.004167,0.012999,0.003105,0.314077,0.03826,0.974247,44.503559,28.042561,42.934528,28.814137,4.0,0.00025515,5,787,0.16653,0.26224,0.1,0.0,100,0.0,0.40426,,,-0.01,0.01318,0.01145,-0.01674,0.00383,-0.01157,0.41048
440,450560,46.91232,218.33333,0.66667,0.85,0.966173,-0.004343,0.020189,0.004523,0.320799,0.061698,0.946193,47.82822,23.791376,46.486469,24.522703,4.0,0.00025505,6,776,0.15505,0.24902,0.12,0.0,100,0.0,0.19512,,,-0.01,0.01163,0.01635,-0.01356,0.0017,-0.01183,0.39458
441,451584,69.03669,173.5,1.0,0.86,0.841185,-0.002346,0.026485,0.003291,0.204024,0.043387,0.945022,37.81358,28.422903,37.70166,29.042397,4.0,0.00025494,4,824,0.17302,0.27597,0.11,0.0,100,0.0,0.17778,,,-0.01,0.01164,0.0198,-0.01618,0.00396,-0.0085,0.4479
442,452608,48.14895,216.33333,0.66667,0.84,0.996464,-0.003103,0.007531,0.00204,0.238828,0.019357,0.986988,40.805336,30.582697,40.784626,31.601967,4.0,0.00025484,6,768,0.15475,0.25177,0.13,0.0,100,0.0,0.11304,,,-0.01,0.01239,0.01331,-0.01477,0.00652,-0.00749,0.38702
443,453632,60.13207,164.83333,0.83333,0.84,1.052773,-0.00353,0.00666,0.002139,0.217957,0.021694,0.986918,46.302601,29.911633,46.002628,30.736416,4.0,0.00025474,6,765,0.15258,0.26337,0.13,0.0,100,0.0,0.22807,,,-0.01,0.01066,0.02168,-0.017,0.0065,-0.01325,0.4587
444,454656,54.86601,207.0,0.8,0.83,1.060801,-0.003282,0.014459,0.003441,0.340197,0.041085,0.880667,54.735455,12.948922,53.925144,13.907606,4.0,0.00025464,5,747,0.16145,0.25205,0.14,0.0,100,0.0,0.13408,,,-0.01,0.01159,0.01643,-0.0163,0.00182,-0.01343,0.3515
445,455680,60.20194,167.5,0.83333,0.82,0.868848,-0.002201,0.014276,0.002937,0.216098,0.033831,0.93495,47.497803,17.696833,47.366009,19.097773,4.0,0.00025453,6,795,0.17848,0.28224,0.15,0.0,100,0.0,0.11215,,,-0.01,0.01093,0.01699,-0.01358,0.00443,-0.00971,0.53576
446,456704,56.98014,198.33333,0.83333,0.81,1.069148,-0.002736,0.011767,0.004039,0.209951,0.048026,0.956379,50.650547,20.730009,50.681938,21.871466,4.0,0.00025443,6,754,0.15975,0.25182,0.16,0.0,100,0.0,0.19549,,,-0.01,0.00962,0.01549,-0.01546,0.00348,-0.0054,0.44875
447,457728,2.80823,450.0,0.0,0.8,0.936017,-0.003651,0.008115,0.003727,0.398957,0.04684,0.963566,52.927792,17.856115,50.246304,18.133482,4.0,0.00025433,1,826,0.15947,0.28393,0.17,0.0,100,0.0,0.01639,,,-0.01,0.0079,0.02466,-0.01785,0.00176,-0.00811,0.0
448,458752,71.34785,105.0,1.0,0.8,0.924672,-0.002571,0.009511,0.00319,0.325807,0.030727,0.939794,41.975395,15.06052,39.92614,16.214487,4.0,0.00025423,1,847,0.17498,0.32923,0.17,0.0,100,0.0,0.2,,,-0.01,0.00483,0.02833,-0.01995,0.00188,-0.00903,0.10873
449,459776,15.61672,364.5,0.25,0.78,0.989282,-0.005265,0.006331,0.003556,0.434395,0.044678,0.983894,34.844498,22.517836,33.068737,23.512302,4.0,0.00025412,4,811,0.15658,0.28884,0.19,0.0,100,0.0,0.32154,,,-0.01,0.00697,0.01889,-0.01714,0.00127,-0.00503,0.10274
450,460800,23.1663,349.66667,0.33333,0.75,1.057979,-0.002398,0.015334,0.003755,0.245326,0.045515,0.924953,49.144226,18.289639,48.135765,18.394846,4.0,0.00025402,6,764,0.14727,0.24858,0.23,0.0,100,0.0,0.13074,,,-0.01,0.01159,0.01118,-0.01355,0.00411,-0.00738,0.1813
451,461824,73.00105,97.0,1.0,0.75,0.961074,-0.005095,0.004208,0.003669,0.391348,0.051932,0.974719,46.712414,14.364252,44.536289,15.20571,4.0,0.00025392,1,838,0.1667,0.30776,0.23,0.0,100,0.0,0.2,,,-0.01,0.00603,0.02229,-0.01991,0.00139,-0.00266,0.10619
452,462848,30.13731,407.0,0.5,0.75,0.916315,-0.002069,0.013742,0.002511,0.315245,0.029122,0.940677,33.475304,18.616945,31.788889,19.151928,4.0,0.00025382,2,864,0.1795,0.344,0.23,0.0,100,0.0,0.13445,,,-0.01,0.00416,0.02405,-0.02351,0.0006,-0.00489,0.09912
453,463872,12.70604,383.6,0.2,0.72,0.951043,-0.002586,0.006083,0.002031,0.277955,0.026646,0.981614,35.186707,21.758099,33.678722,22.659739,4.0,0.00025372,5,800,0.16798,0.30455,0.26,0.0,100,0.0,0.28679,,,-0.01,0.00612,0.01758,-0.01711,0.00016,-0.0079,0.09887
454,464896,-2.35353,450.0,0.0,0.71,1.034204,-0.004722,0.002502,0.004473,0.411088,0.061698,0.988156,43.486389,16.237471,41.365704,16.67206,4.0,0.00025361,2,782,0.16657,0.2803,0.27,0.0,100,0.0,0.06542,,,-0.01,0.00758,0.01233,-0.01427,0.00375,-0.02244,0.0
455,465920,nan,nan,0.0,0.71,0.996947,-0.003469,0.003733,0.003516,0.409782,0.042759,0.985212,34.516022,16.039579,31.785534,16.407469,4.0,0.00025351,0,829,0.1661,0.29631,0.27,0.0,100,0.0,0.0,,,-0.01,0.0042,0.01445,-0.02033,0.00016,-0.01904,0.0
456,466944,-3.51282,450.0,0.0,0.69,0.970725,-0.004,0.002331,0.002597,0.393623,0.032401,0.992698,23.178288,19.390629,21.016039,19.943644,4.0,0.00025341,2,815,0.16657,0.28591,0.29,0.0,100,0.0,0.20325,,,-0.01,0.00548,0.01424,-0.02175,0.00122,-0.01998,0.0
457,467968,-12.85427,450.0,0.0,0.64,0.992808,-0.004221,0.002462,0.003222,0.312591,0.031529,0.993216,29.002701,21.921204,27.319241,22.358566,4.0,0.00025331,5,769,0.1559,0.27124,0.34,0.0,100,0.0,0.26512,,,-0.01,0.00698,0.00896,-0.01628,0.00182,-0.01023,0.0
458,468992,32.28463,347.5,0.5,0.63,0.960417,-0.00205,0.014656,0.001891,0.268222,0.017334,0.910074,32.450153,16.344343,31.112444,16.725447,4.0,0.0002532,2,807,0.16693,0.29938,0.35,0.0,100,0.0,0.15873,,,-0.01,0.00541,0.00924,-0.018,0.00171,-0.01483,0.09167
459,470016,-1.54329,450.0,0.0,0.62,0.946062,-0.004541,0.003084,0.003299,0.336459,0.043318,0.98914,23.520069,18.2122,21.330311,18.481182,4.0,0.0002531,1,824,0.16909,0.30915,0.36,0.0,100,0.0,0.11111,,,-0.01,0.00429,0.01098,-0.01923,7e-05,-0.01751,0.0
460,471040,-7.18255,450.0,0.0,0.58,0.939675,-0.004248,0.003744,0.00354,0.359238,0.046805,0.98811,15.366099,20.028042,13.453847,20.332975,4.0,0.000253,4,798,0.17521,0.31717,0.4,0.0,100,0.0,0.31579,,,-0.01,0.00601,0.00889,-0.01821,0.00147,-0.01999,0.0
461,472064,-17.7059,450.0,0.0,0.56,1.078576,-0.003831,0.002467,0.004148,0.327873,0.054304,0.993207,20.865248,21.131704,19.2316,21.624554,4.0,0.0002529,2,774,0.15937,0.28265,0.42,0.0,100,0.0,0.40299,,,-0.01,0.00678,0.00619,-0.01377,0.00327,-0.00717,0.0
462,473088,-3.48639,450.0,0.0,0.55,1.021068,-0.003553,0.002115,0.004133,0.397985,0.049874,0.994065,19.369444,19.626312,17.597746,19.93947,4.0,0.00025279,1,806,0.16777,0.30427,0.43,0.0,100,0.0,0.41304,,,-0.01,0.00371,0.01467,-0.01993,0.0008,-0.00386,0.0
463,474112,28.42024,422.5,0.5,0.54,0.993701,-0.001094,0.029828,0.002902,0.221266,0.032889,0.888281,13.071894,20.321325,12.805572,20.589865,4.0,0.00025269,2,798,0.17101,0.31634,0.44,0.0,100,0.0,0.16,,,-0.01,0.00426,0.01551,-0.0172,0.00127,-0.00588,0.08287
464,475136,-6.02858,450.0,0.0,0.51,0.996905,-0.003797,0.004625,0.002704,0.284318,0.02996,0.983371,13.259169,19.66502,11.528901,19.92272,4.0,0.00025259,4,770,0.16701,0.30365,0.47,0.0,100,0.0,0.24638,,,-0.01,0.0071,0.00498,-0.0147,0.00058,-0.01404,0.0
465,476160,-6.93684,450.0,0.0,0.51,0.983554,-0.003489,0.002599,0.003404,0.327127,0.043841,0.991365,12.919069,18.985229,11.394842,19.042816,4.0,0.00025249,2,781,0.17603,0.32598,0.47,0.0,100,0.0,0.55769,,,-0.01,0.0065,0.00051,-0.0136,0.00141,-0.00338,0.0
466,477184,-5.1994,450.0,0.0,0.5,0.874103,-0.002672,0.004547,0.002572,0.335045,0.026123,0.984542,4.305073,20.054913,2.28264,19.989353,4.0,0.00025238,1,833,0.18114,0.3345,0.48,0.0,100,0.0,1.0,,,-0.01,0.00615,0.00231,-0.01515,-0.00068,-0.00526,0.0
467,478208,-7.72436,450.0,0.0,0.47,0.915784,-0.003872,0.001774,0.002506,0.321855,0.025635,0.995923,-0.594552,21.488398,-2.035702,21.387383,4.0,0.00025228,4,808,0.17472,0.31505,0.52,0.0,100,0.0,0.52976,,,-0.01,0.00572,1e-05,-0.01515,4e-05,-0.01277,0.0
468,479232,-6.7803,450.0,0.0,0.46,1.020773,-0.004443,0.004504,0.003318,0.33006,0.03983,0.986777,3.541761,21.347282,1.764442,21.243473,4.0,0.00025218,2,779,0.15309,0.2778,0.54,0.0,100,0.0,0.41667,,,-0.01,0.00827,-0.00256,-0.01157,-0.00149,-0.00652,0.0
469,480256,-5.36754,450.0,0.0,0.45,0.960985,-0.002567,0.003465,0.002056,0.299205,0.013881,0.987972,0.691801,19.633402,-0.610931,19.570553,4.0,0.00025208,1,807,0.16903,0.29273,0.55,0.0,100,0.0,0.55556,,,-0.01,0.0068,-0.00177,-0.0108,0.00214,-0.00856,0.0
470,481280,-8.508,450.0,0.0,0.43,1.023016,-0.003491,0.001395,0.004367,0.39133,0.063372,0.99667,-4.262905,21.585152,-5.510576,21.472565,4.0,0.00025197,2,797,0.1569,0.27973,0.57,0.0,100,0.0,0.98387,,,-0.01,0.00377,-0.00149,-0.01307,0.00053,-0.00826,0.0
471,482304,-8.18838,450.0,0.0,0.4,1.263069,-0.004699,0.001656,0.005985,0.355218,0.07666,0.994938,0.954279,19.889242,-0.366548,19.758551,4.0,0.00025187,4,711,0.13717,0.24601,0.6,0.0,100,0.0,0.67105,,,-0.01,0.00441,-0.00591,-0.00937,0.00167,-0.00937,0.0
472,483328,-9.37324,450.0,0.0,0.4,1.336074,-0.002888,0.001977,0.00563,0.376956,0.067697,0.990549,3.828399,16.623472,2.27792,16.223383,4.0,0.00025177,2,696,0.14193,0.24609,0.6,0.0,100,0.0,0.77778,,,-0.01,0.00572,-0.00811,-0.00845,0.00163,-0.02611,0.0
473,484352,-28.55059,450.0,0.0,0.39,1.235717,-0.005024,0.002003,0.004327,0.371801,0.045236,0.989709,-0.755603,16.307076,-2.428571,16.080353,4.0,0.00025167,1,720,0.15629,0.28426,0.61,0.0,100,0.0,0.98,,,-0.01,0.00391,-0.01036,-0.00687,0.00046,-0.0367,0.0
474,485376,-18.68834,450.0,0.0,0.35,1.162643,-0.00366,0.002042,0.002507,0.299482,0.0271,0.9901,-3.927426,16.833668,-5.410441,16.628378,4.0,0.00025156,4,721,0.15789,0.27688,0.65,0.0,100,0.0,0.79845,,,-0.01,0.00403,-0.00881,-0.01272,0.00058,-0.02055,0.0
475,486400,-17.76397,450.0,0.0,0.33,1.12438,-0.004406,0.001198,0.003357,0.295493,0.03826,0.994373,-1.443351,16.38648,-2.748674,16.186214,4.0,0.00025146,2,723,0.14835,0.26394,0.67,0.0,100,0.0,0.99225,,,-0.01,0.00534,-0.00697,-0.00744,0.00097,-0.01929,0.0
476,487424,-27.94781,450.0,0.0,0.32,1.144905,-0.003067,0.001137,0.002065,0.317499,0.020473,0.993888,-3.21624,15.93255,-4.582165,15.538676,4.0,0.00025136,1,730,0.15076,0.2759,0.68,0.0,100,0.0,1.0,,,-0.01,0.0052,-0.00749,-0.00647,-0.00098,-0.01977,0.0
477,488448,-10.69032,450.0,0.0,0.3,1.112237,-0.003876,0.001387,0.003789,0.300003,0.052141,0.991024,-6.66842,15.354246,-7.800246,15.037594,4.0,0.00025126,2,723,0.15872,0.29271,0.7,0.0,100,0.0,0.68817,,,-0.01,0.00448,-0.01351,-0.00388,0.00067,-0.00931,0.0
478,489472,-14.44247,450.0,0.0,0.28,1.077662,-0.00556,0.001854,0.004018,0.286042,0.053606,0.988247,-6.202079,15.822673,-7.332778,15.547595,4.0,0.00025116,4,719,0.1602,0.29178,0.72,0.0,100,0.0,0.98298,,,-0.01,0.00568,-0.01008,-0.00723,-0.0,-0.00763,0.0
479,490496,-8.62315,450.0,0.0,0.26,1.074894,-0.003937,0.000697,0.002744,0.300267,0.034075,0.99542,-4.671369,14.76432,-5.778256,14.444194,4.0,0.00025105,2,729,0.16086,0.29005,0.74,0.0,100,0.0,0.96212,,,-0.01,0.0042,-0.00908,-0.00483,0.00138,-0.00787,0.0
480,491520,-7.95026,450.0,0.0,0.25,1.11897,-0.003742,0.00121,0.002934,0.28228,0.029436,0.989485,-7.734367,13.667505,-8.771991,13.365223,4.0,0.00025095,1,722,0.15783,0.28381,0.75,0.0,100,0.0,1.0,,,-0.01,0.00556,-0.00801,-0.00403,9e-05,-0.00795,0.0
481,492544,-12.08929,450.0,0.0,0.23,1.118783,-0.002908,0.002371,0.002864,0.288652,0.027134,0.982947,-10.384169,14.785783,-11.525526,14.807987,4.0,0.00025085,3,724,0.15141,0.29101,0.77,0.0,100,0.0,0.99329,,,-0.01,0.00599,-0.00633,-0.0074,0.00023,-0.01015,0.0
482,493568,-8.21986,450.0,0.0,0.21,1.131738,-0.004904,0.000942,0.003753,0.283252,0.04255,0.992764,-6.139183,13.612124,-7.297156,13.405987,4.0,0.00025075,3,714,0.14288,0.28421,0.79,0.0,100,0.0,0.84034,,,-0.01,0.00467,-0.00754,-0.01005,0.00081,-0.01357,0.0
483,494592,-16.08527,450.0,0.0,0.2,1.11556,-0.005498,0.003076,0.00406,0.261399,0.0482,0.966353,-8.256991,12.493333,-9.429031,12.189432,4.0,0.00025064,1,729,0.15928,0.31564,0.8,0.0,100,0.0,0.97959,,,-0.01,0.00503,-0.00928,-0.00631,0.0005,-0.00976,0.0
484,495616,-15.53373,450.0,0.0,0.18,1.02563,-0.005217,0.001721,0.004199,0.274642,0.047224,0.983059,-12.399851,12.747825,-13.570285,12.694209,4.0,0.00025054,2,754,0.16854,0.32844,0.82,0.0,100,0.0,0.9823,,,-0.01,0.00439,-0.00772,-0.0077,-0.00033,-0.01157,0.0
485,496640,-9.41679,450.0,0.0,0.15,1.095306,-0.00335,0.001665,0.003632,0.314411,0.04119,0.982519,-11.359311,13.90146,-12.659631,13.46343,4.0,0.00025044,3,723,0.1509,0.29051,0.85,0.0,100,0.0,0.87978,,,-0.01,0.00497,-0.00437,-0.01202,0.00124,-0.03231,0.0
486,497664,-10.89357,450.0,0.0,0.13,1.306937,-0.004408,0.001345,0.003561,0.320471,0.042236,0.980196,-9.309289,11.495347,-10.669963,11.42814,4.0,0.00025034,3,686,0.13922,0.27002,0.87,0.0,100,0.0,0.77465,,,-0.01,0.00392,-0.0044,-0.01264,0.00114,-0.03565,0.0
487,498688,-27.76715,450.0,0.0,0.12,1.265877,-0.004448,0.002333,0.003748,0.300368,0.049351,0.969686,-12.936927,11.676433,-14.51748,11.754827,4.0,0.00025023,1,693,0.15169,0.28584,0.88,0.0,100,0.0,1.0,,,-0.01,0.00508,-0.0051,-0.01175,-0.00083,-0.04147,0.0
488,499712,-38.46785,450.0,0.0,0.1,1.18501,-0.005075,0.001136,0.003861,0.2947,0.049526,0.98744,-15.20641,12.089019,-16.237272,12.129823,4.0,0.00025013,3,711,0.1491,0.28915,0.9,0.0,100,0.0,1.0,,,-0.01,0.00614,-0.00442,-0.0083,0.00071,-0.0279,0.0
489,500736,-13.30987,450.0,0.0,0.08,1.119285,-0.004149,0.000909,0.004021,0.296219,0.050398,0.987417,-11.64218,11.076272,-12.514436,10.906468,4.0,0.00025003,3,712,0.14153,0.27396,0.92,0.0,100,0.0,0.88235,,,-0.01,0.00512,-0.00287,-0.0119,0.00159,-0.01876,0.0
490,501760,-27.76291,450.0,0.0,0.07,1.323089,-0.004089,0.000682,0.002702,0.286004,0.02403,0.985763,-12.131205,9.005902,-12.98286,8.82093,4.0,0.00024993,1,694,0.14523,0.28602,0.93,0.0,100,0.0,1.0,,,-0.01,0.00515,-0.00326,-0.0088,0.00039,-0.01097,0.0
491,502784,-10.56116,450.0,0.0,0.07,1.219438,-0.005348,0.000663,0.004591,0.343294,0.059396,0.987049,-15.377597,9.352494,-16.197832,9.154479,4.0,0.00024982,2,696,0.14688,0.29158,0.93,0.0,100,0.0,0.875,,,-0.01,0.00418,-0.0043,-0.00812,0.00039,-0.01128,0.0
492,503808,-12.53723,450.0,0.0,0.06,1.17268,-0.003932,0.001406,0.002868,0.30429,0.033901,0.977673,-14.88072,9.9704,-15.983211,9.965915,4.0,0.00024972,3,700,0.11955,0.24989,0.94,0.0,100,0.0,0.97778,,,-0.01,0.00412,-0.0022,-0.00729,0.00077,-0.02505,0.0
493,504832,-15.20112,450.0,0.0,0.06,1.152236,-0.00337,0.000721,0.004376,0.331342,0.052595,0.987771,-14.66754,9.954356,-15.556824,9.81049,4.0,0.00024962,3,710,0.12456,0.25711,0.94,0.0,100,0.0,0.93103,,,-0.01,0.00408,-0.00315,-0.01591,0.00078,-0.01187,0.0
494,505856,-12.9248,450.0,0.0,0.05,1.279276,-0.004116,0.000434,0.003693,0.276373,0.031041,0.988846,-16.299168,7.798147,-16.996593,7.853151,4.0,0.00024952,1,677,0.13309,0.27121,0.95,0.0,100,0.0,0.91667,,,-0.01,0.00248,-0.00216,-0.00734,0.00036,-0.00942,0.0
495,506880,-15.07107,450.0,0.0,0.04,1.229369,-0.003691,0.000475,0.003657,0.338153,0.048026,0.989664,-18.059305,8.976004,-18.715044,8.906126,4.0,0.00024941,2,698,0.12193,0.25042,0.96,0.0,100,0.0,0.94737,,,-0.01,0.00264,-0.00124,-0.00586,0.00074,-0.01053,0.0
496,507904,-11.42523,450.0,0.0,0.03,1.184113,-0.002188,0.000573,0.002568,0.264349,0.022147,0.986818,-15.883315,8.514447,-16.70509,8.356295,4.0,0.00024931,4,699,0.12514,0.26339,0.97,0.0,100,0.0,0.95,,,-0.01,0.0028,-0.00114,-0.01048,0.00187,-0.01315,0.0
497,508928,-10.55156,450.0,0.0,0.02,1.2627,-0.004503,0.000728,0.003993,0.272694,0.043666,0.979885,-17.41148,7.76685,-18.16177,7.767328,4.0,0.00024921,1,705,0.13193,0.26909,0.98,0.0,100,0.0,1.0,,,-0.01,0.00227,-0.00161,-0.01336,-5e-05,-0.01071,0.0
498,509952,-13.64625,450.0,0.0,0.02,1.217631,-0.003993,0.000418,0.004152,0.310449,0.050119,0.99043,-20.367153,8.554214,-20.976315,8.611841,4.0,0.00024911,2,707,0.12707,0.26127,0.98,0.0,100,0.0,0.8,,,-0.01,0.00331,-0.00162,-0.00792,-5e-05,-0.00997,0.0
499,510976,-13.73424,450.0,0.0,0.02,1.139232,-0.002696,0.000497,0.001991,0.245774,0.019461,0.989752,-20.075819,9.03477,-20.758335,8.981465,4.0,0.000249,3,706,0.12304,0.24884,0.98,0.0,100,0.0,0.92857,,,-0.01,0.0038,-0.00161,-0.0081,0.00079,-0.01783,0.0
500,512000,-15.65024,450.0,0.0,0.02,1.107534,-0.004561,0.001007,0.004573,0.260875,0.058908,0.967624,-19.58749,7.650741,-20.541151,7.476734,4.0,0.0002489,3,718,0.15274,0.29128,0.98,0.0,100,0.0,1.0,,,-0.01,0.004,-0.0022,-0.01064,-0.00044,-0.01779,0.0
501,513024,-7.21354,450.0,0.0,0.02,1.060916,-0.004064,0.000548,0.003139,0.261849,0.028425,0.981435,-22.974089,7.699752,-23.57786,7.7272,4.0,0.0002488,1,725,0.16661,0.30341,0.98,0.0,100,0.0,0.0,,,-0.01,0.00333,-0.00164,-0.00701,0.00043,-0.01581,0.0
502,514048,-11.81499,450.0,0.0,0.02,1.024643,-0.003713,0.00058,0.003433,0.232097,0.031982,0.986707,-25.058558,9.537304,-25.603228,9.613495,4.0,0.0002487,2,722,0.17287,0.30569,0.98,0.0,100,0.0,1.0,,,-0.01,0.00213,-0.00188,-0.00674,0.00083,-0.01932,0.0
503,515072,-16.66709,450.0,0.0,0.01,1.180476,-0.003934,0.00068,0.003679,0.253542,0.0399,0.9873,-21.641226,9.906964,-22.29089,10.039906,4.0,0.0002486,4,700,0.13928,0.24374,0.99,0.0,100,0.0,1.0,,,-0.01,0.00278,-0.00158,-0.01119,0.00147,-0.01813,0.0
504,516096,-11.4087,450.0,0.0,0.01,1.248893,-0.004224,0.00035,0.005111,0.323822,0.071219,0.985599,-20.787802,6.614469,-21.313486,6.573454,4.0,0.00024849,1,707,0.12528,0.25085,0.99,0.0,100,0.0,1.0,,,-0.01,0.00364,-0.00175,-0.00901,0.0004,-0.0095,0.0
505,517120,-12.41611,450.0,0.0,0.01,1.189788,-0.003329,0.000355,0.003984,0.342361,0.043841,0.986199,-23.42807,6.90961,-23.848795,6.850928,4.0,0.00024839,2,706,0.14126,0.28737,0.99,0.0,100,0.0,1.0,,,-0.01,0.00342,-0.00213,-0.00553,-7e-05,-0.01038,0.0
506,518144,-12.78519,450.0,0.0,0.01,1.146314,-0.002518,0.000418,0.003755,0.296609,0.041609,0.985835,-22.984224,7.35107,-23.414005,7.321954,4.0,0.00024829,3,709,0.12072,0.24811,0.99,0.0,100,0.0,1.0,,,-0.01,0.00301,-0.00236,-0.00781,0.00151,-0.01072,0.0
507,519168,-9.95463,450.0,0.0,0.0,1.233788,-0.004609,0.000635,0.004593,0.248353,0.054792,0.974139,-21.969498,6.755968,-22.536312,6.831696,4.0,0.00024819,3,719,0.10922,0.23127,1.0,0.0,100,0.0,1.0,,,-0.01,0.00245,-0.00096,-0.01295,0.00035,-0.01269,0.0
508,520192,-8.7443,332.5,0.0,0.0,1.270022,-0.001262,0.003699,0.004087,0.123374,0.041155,0.846022,-23.115097,6.773877,-23.414621,7.016994,4.0,0.00024808,2,720,0.10504,0.21902,0.99,0.0,100,0.5,0.5,,,-0.01,0.00251,-0.00116,-0.01518,-0.00117,-0.014,-0.00202
509,521216,-17.22271,450.0,0.0,0.0,1.29433,-0.00432,0.000452,0.004051,0.298865,0.047363,0.983444,-24.228655,6.917589,-24.651096,7.092201,4.0,0.00024798,2,716,0.10966,0.22528,0.99,0.0,100,0.0,1.0,,,-0.01,0.00231,-0.0014,-0.01331,0.00182,-0.00888,0.0
510,522240,-16.56521,450.0,0.0,0.0,1.21563,-0.003827,0.000484,0.003483,0.270741,0.036586,0.983283,-23.477219,7.30295,-23.918207,7.465789,4.0,0.00024788,3,723,0.09062,0.18537,0.99,0.0,100,0.0,1.0,,,-0.01,0.00269,-0.00157,-0.01426,0.00119,-0.00751,0.0
511,523264,-14.45907,450.0,0.0,0.0,1.259812,-0.005846,0.000489,0.004556,0.286321,0.061628,0.983649,-23.928097,7.539798,-24.418947,7.617728,4.0,0.00024778,2,738,0.08312,0.17268,0.99,0.0,100,0.0,1.0,,,-0.01,0.00248,-0.00099,-0.01293,-0.00055,-0.00931,0.0
512,524288,-13.19961,450.0,0.0,0.0,1.18628,-0.003548,0.000475,0.003448,0.269164,0.04691,0.983612,-25.148716,7.505931,-25.630276,7.418625,4.0,0.00024767,1,756,0.11556,0.23635,0.99,0.0,100,0.0,1.0,,,-0.01,0.00245,-0.00133,-0.00849,-0.0009,-0.0076,0.0
513,525312,-9.43134,450.0,0.0,0.0,1.187342,-0.002879,0.000381,0.003456,0.262585,0.038016,0.987018,-25.322788,7.618724,-25.642988,7.603086,4.0,0.00024757,3,745,0.11485,0.23964,0.99,0.0,100,0.0,1.0,,,-0.01,0.00312,-0.00147,-0.01093,0.00154,-0.00686,0.0
514,526336,-13.3647,450.0,0.0,0.0,1.302587,-0.004972,0.000388,0.004424,0.336171,0.063128,0.986274,-25.004416,7.380081,-25.344107,7.466295,4.0,0.00024747,3,732,0.11004,0.23266,0.99,0.0,100,0.0,1.0,,,-0.01,0.00293,-0.0014,-0.00954,-0.00091,-0.00984,0.0
515,527360,-9.09124,450.0,0.0,0.0,1.140781,-0.003819,0.00041,0.004363,0.291134,0.055594,0.985398,-25.529432,7.370005,-25.821568,7.399784,4.0,0.00024737,2,764,0.12771,0.26208,0.99,0.0,100,0.0,1.0,,,-0.01,0.0052,-0.00085,-0.01125,0.00113,-0.00629,0.0
516,528384,-10.69811,450.0,0.0,0.0,0.967184,-0.003943,0.000452,0.003406,0.286341,0.048026,0.985512,-26.692051,7.651524,-26.917377,7.768442,4.0,0.00024726,2,805,0.13126,0.26312,0.99,0.0,100,0.0,0.5,,,-0.01,0.00478,-0.00115,-0.00989,-0.00223,-0.00527,0.0
517,529408,9.16,403.25,0.25,0.01,0.936719,-0.002933,0.042687,0.005022,0.277514,0.06121,0.473784,-26.770559,8.09666,-25.521235,12.53481,4.0,0.00024716,4,800,0.15866,0.2876,0.98,0.0,100,0.0,0.5625,,,-0.01,0.00392,-0.00115,-0.01539,0.00112,-0.02177,0.09182
518,530432,16.94136,361.0,0.33333,0.02,0.841985,-0.001941,0.043989,0.002001,0.304188,0.020961,0.539748,-25.553547,9.202331,-24.02593,13.563845,4.0,0.00024706,3,808,0.17937,0.30442,0.97,0.0,100,0.0,0.78571,,,-0.01,0.00752,-0.00111,-0.0133,-0.00272,-0.02435,0.10213
519,531456,39.23751,274.33333,0.66667,0.04,0.859392,-0.002833,0.077619,0.003061,0.370634,0.04398,0.428832,-24.513327,10.368233,-21.325512,16.317728,4.0,0.00024696,3,813,0.16084,0.28673,0.94,0.0,100,0.33333,0.28571,,,-0.01,0.00627,-0.00065,-0.01516,-0.00213,-0.01865,0.19385
520,532480,-53.73973,450.0,0.0,0.04,0.86084,-0.005064,0.00254,0.002954,0.236834,0.044468,0.95779,-22.508667,10.018911,-22.410727,10.085052,4.0,0.00024685,1,833,0.16869,0.31289,0.94,0.0,100,0.0,1.0,,,-0.01,0.00786,-0.00163,-0.00554,0.00219,-0.00886,0.0
521,533504,17.75911,408.0,0.33333,0.05,0.782238,-0.002621,0.039468,0.003607,0.300495,0.05256,0.525887,-22.641018,9.612297,-20.994858,12.821914,4.0,0.00024675,3,853,0.16946,0.32338,0.93,0.0,100,0.0,0.3,,,-0.01,0.00721,0.00031,-0.00878,-0.00102,-0.00257,0.11154
522,534528,15.33341,428.0,0.33333,0.06,0.850772,-0.00295,0.033723,0.002359,0.288376,0.025112,0.507436,-19.420786,8.520648,-17.929617,11.627037,4.0,0.00024665,3,828,0.15509,0.30473,0.92,0.0,100,0.0,0.53846,,,-0.01,0.00733,0.00054,-0.01351,-0.0016,-0.00313,0.09545
523,535552,26.84474,439.5,0.5,0.07,0.777497,-0.002607,0.029463,0.004155,0.219907,0.056989,0.561237,-19.739603,8.778826,-19.054279,11.427562,4.0,0.00024655,2,852,0.18573,0.35803,0.91,0.0,100,0.0,0.54545,,,-0.01,0.00655,-0.00038,-0.01028,-0.00242,-0.00535,0.10634
524,536576,-3.11042,450.0,0.0,0.07,0.773652,-0.005924,0.001065,0.00376,0.276781,0.055664,0.976504,-19.915842,9.587891,-19.935547,9.637545,4.0,0.00024644,2,864,0.16547,0.31903,0.91,0.0,100,0.0,0.26923,,,-0.01,0.00437,0.00193,-0.0096,0.00067,-0.00202,0.0
525,537600,-7.67867,450.0,0.0,0.07,0.91838,-0.00501,0.000928,0.005056,0.269261,0.068883,0.978285,-19.83256,9.731203,-19.744724,9.817308,4.0,0.00024634,2,796,0.1462,0.28189,0.91,0.0,100,0.0,0.28571,,,-0.01,0.00538,-0.00181,-0.00897,-6e-05,-0.00437,0.0
526,538624,-4.43806,450.0,0.0,0.07,1.043693,-0.004806,0.002403,0.002995,0.24463,0.030692,0.929905,-16.604296,8.320529,-16.587543,8.350459,4.0,0.00024624,3,751,0.15147,0.29567,0.91,0.0,100,0.0,0.85185,,,-0.01,0.00561,-0.00197,-0.00855,-0.0008,-0.00659,0.0
527,539648,32.68322,284.0,0.5,0.08,0.831817,-0.001478,0.034783,0.002417,0.251977,0.032471,0.520164,-16.722479,8.337092,-15.214438,12.31094,4.0,0.00024614,2,812,0.17347,0.3461,0.9,0.0,100,0.0,0.8,,,-0.01,0.00677,-0.00337,-0.00819,-0.00029,-0.00353,0.10583
528,540672,-7.25654,450.0,0.0,0.08,0.74768,-0.003195,0.002174,0.002573,0.24299,0.032994,0.972028,-16.561966,11.739206,-16.834234,11.878073,4.0,0.00024604,3,844,0.1698,0.34189,0.9,0.0,100,0.0,0.79167,,,-0.01,0.00549,0.00098,-0.01475,0.00049,-0.00511,0.0
529,541696,-6.5069,450.0,0.0,0.08,0.79349,-0.003358,0.00166,0.002227,0.262084,0.025216,0.977424,-15.854331,12.264787,-15.847554,12.598977,4.0,0.00024593,3,824,0.16627,0.33554,0.9,0.0,100,0.0,0.66667,,,-0.01,0.00491,0.00276,-0.01693,0.00123,-0.00713,0.0
530,542720,28.53603,354.0,0.5,0.09,0.845283,-0.001177,0.031907,0.002009,0.235611,0.011475,0.696888,-14.582219,11.67916,-13.165497,14.4199,4.0,0.00024583,2,829,0.18803,0.37563,0.89,0.0,100,0.0,0.40741,,,-0.01,0.00705,0.0018,-0.01411,0.00121,-0.00276,0.0989
531,543744,-7.90763,450.0,0.0,0.09,0.95293,-0.003082,0.001718,0.002163,0.263995,0.024658,0.980203,-11.783048,13.055484,-11.898367,13.412727,4.0,0.00024573,2,815,0.15699,0.30324,0.89,0.0,100,0.0,0.32609,,,-0.01,0.00281,0.00592,-0.02092,0.00353,-0.00547,0.0
532,544768,-6.13448,450.0,0.0,0.09,1.019721,-0.004072,0.001723,0.002699,0.248517,0.030204,0.981251,-12.362721,13.863143,-12.885558,14.334464,4.0,0.00024563,2,802,0.14252,0.25363,0.89,0.0,100,0.0,0.35556,,,-0.01,0.00431,0.00571,-0.01987,0.00195,-0.01906,0.0
533,545792,21.79227,330.0,0.4,0.11,1.041282,-0.002683,0.057338,0.003401,0.348885,0.043597,0.613732,-12.563599,12.618816,-10.002387,17.598188,4.0,0.00024552,5,764,0.1357,0.23356,0.87,0.0,100,0.0,0.13559,,,-0.01,0.00471,0.00323,-0.02013,0.00341,-0.02432,0.16573
534,546816,36.9065,254.8,0.6,0.14,0.92011,-0.002655,0.079165,0.002711,0.394026,0.024833,0.600993,-12.300781,14.320927,-8.962867,20.412252,4.0,0.00024542,5,764,0.12617,0.23504,0.84,0.0,100,0.0,0.23404,,,-0.01,0.00642,0.00085,-0.01771,-0.00299,-0.02393,0.26967
535,547840,7.33061,312.5,0.5,0.15,0.636099,-0.002505,0.025401,0.001562,0.234681,0.018555,0.855563,-9.692666,17.071043,-8.894952,19.259972,4.0,0.00024532,2,904,0.16417,0.28172,0.83,0.0,100,0.0,0.64286,,,-0.01,0.00619,0.00549,-0.01997,-0.00114,-0.0127,0.1376
536,548864,66.10094,185.0,1.0,0.17,0.579985,-0.001665,0.045265,0.001483,0.284162,0.013672,0.813947,-13.938422,18.821699,-11.999852,22.724838,4.0,0.00024522,2,950,0.16641,0.29578,0.81,0.0,100,0.0,0.34783,,,-0.01,0.00505,0.00189,-0.02097,0.00131,-0.00225,0.29434
537,549888,-5.69258,444.4,0.0,0.17,0.728797,-0.001155,0.013794,0.001392,0.214974,0.00579,0.9468,-13.899425,23.708685,-13.277873,23.53923,4.0,0.00024511,5,863,0.15374,0.26962,0.8,0.0,100,0.2,0.44928,,,-0.01,0.00454,0.00364,-0.02021,0.0027,-0.0057,-0.00321
538,550912,31.33433,302.5,0.5,0.18,0.807762,-0.002695,0.019524,0.002787,0.202888,0.040039,0.882677,1.919469,17.12314,2.557467,19.116545,4.0,0.00024501,2,841,0.1431,0.26994,0.79,0.0,100,0.0,0.16,,,-0.01,0.00495,0.00865,-0.02217,-0.00105,-0.00434,0.1024
539,551936,-7.64561,450.0,0.0,0.18,0.777784,-0.0042,0.00455,0.002669,0.311578,0.036621,0.967711,-1.154666,16.907864,-2.227009,17.160858,4.0,0.00024491,2,854,0.14909,0.28385,0.79,0.0,100,0.0,0.33766,,,-0.01,0.00342,0.00437,-0.01891,-0.00036,-0.0059,0.0
540,552960,-7.30591,450.0,0.0,0.18,0.709642,-0.003708,0.003956,0.001737,0.257824,0.019775,0.981287,-7.341856,21.721478,-8.445672,22.012894,4.0,0.00024481,1,907,0.13674,0.2575,0.79,0.0,100,0.0,0.14815,,,-0.01,0.00343,0.00278,-0.01962,0.00309,-0.00858,0.0
541,553984,-7.13394,408.75,0.0,0.18,0.899391,-0.002164,0.008395,0.002264,0.197425,0.024065,0.940114,0.510433,18.768888,0.137678,18.588453,4.0,0.0002447,4,813,0.10438,0.1917,0.78,0.0,100,0.25,0.52874,,,-0.01,0.00281,0.00214,-0.01953,0.00172,-0.01719,-0.00252
542,555008,-12.01622,450.0,0.0,0.18,0.9886,-0.003309,0.001648,0.002888,0.288947,0.035366,0.990913,0.153981,18.621164,-1.303205,18.702072,4.0,0.0002446,1,865,0.11395,0.19675,0.78,0.0,100,0.0,0.2,,,-0.01,0.0014,0.00504,-0.01846,0.00151,-0.01789,0.0
543,556032,-14.27794,450.0,0.0,0.18,0.978002,-0.002788,0.001896,0.002655,0.276004,0.026263,0.988844,-6.78002,19.112141,-8.024334,19.222281,4.0,0.0002445,2,852,0.11832,0.21329,0.78,0.0,100,0.0,0.09524,,,-0.01,0.00267,0.00682,-0.01858,0.00078,-0.01362,0.0
544,557056,-11.74079,450.0,0.0,0.18,0.931034,-0.003206,0.002329,0.002492,0.278814,0.023612,0.987465,-7.900716,19.907784,-9.047205,20.092258,4.0,0.0002444,5,821,0.14645,0.27376,0.78,0.0,100,0.0,0.36054,,,-0.01,0.0035,0.00589,-0.02068,0.00336,-0.01354,0.0
545,558080,-9.59041,450.0,0.0,0.18,0.924193,-0.003459,0.004527,0.002835,0.291525,0.028809,0.971983,-2.386636,17.503061,-4.136942,17.527822,4.0,0.00024429,1,832,0.13583,0.25396,0.78,0.0,100,0.0,0.52,,,-0.01,0.0048,0.00194,-0.01898,-0.00019,-0.00762,0.0
546,559104,-11.22752,450.0,0.0,0.18,0.851561,-0.004045,0.001948,0.002059,0.288521,0.02553,0.987094,-10.379904,16.682074,-11.587824,16.764158,4.0,0.00024419,2,885,0.14065,0.25806,0.78,0.0,100,0.0,0.43182,,,-0.01,0.00293,0.00651,-0.02068,0.00153,-0.01553,0.0
547,560128,nan,nan,0.0,0.18,0.80865,-0.003758,0.002312,0.002803,0.271553,0.032715,0.987882,-14.408033,19.259035,-15.881167,19.01263,4.0,0.00024409,0,895,0.14739,0.28607,0.78,0.0,100,0.0,0.0,,,-0.01,0.00267,0.00877,-0.02217,-0.00057,-0.01393,0.0
548,561152,-8.8829,450.0,0.0,0.18,0.857802,-0.004547,0.00221,0.002309,0.273916,0.027274,0.986633,-9.761624,17.958529,-10.66561,18.07811,4.0,0.00024399,5,823,0.12507,0.22596,0.79,0.0,100,0.0,0.3865,,,-0.01,0.00583,0.00027,-0.01823,0.00259,-0.01296,0.0
549,562176,26.73079,294.0,0.5,0.19,0.808791,-0.002152,0.027817,0.004956,0.26112,0.060791,0.838536,-10.88159,17.132254,-10.517312,19.154732,4.0,0.00024388,2,879,0.1474,0.27835,0.78,0.0,100,0.0,0.54545,,,-0.01,0.00386,0.0089,-0.02012,0.00119,-0.0078,0.11018
550,563200,-9.41364,443.5,0.0,0.19,0.910723,-0.002471,0.007043,0.003088,0.166634,0.038993,0.946246,-11.736932,18.57239,-12.518168,18.111584,4.0,0.00024378,2,846,0.14756,0.27816,0.77,0.0,100,0.5,0.25,,,-0.01,0.00302,0.00561,-0.02071,0.00233,-0.01896,-0.00276
551,564224,6.82064,389.4,0.2,0.2,0.804769,-0.002075,0.028631,0.002027,0.173259,0.023856,0.824682,-14.778299,17.78735,-14.411572,19.698359,4.0,0.00024368,5,854,0.12704,0.24189,0.76,0.0,100,0.0,0.44149,,,-0.01,0.00383,0.0058,-0.02009,-0.0002,-0.02121,0.10194
552,565248,-24.15873,450.0,0.0,0.2,0.864014,-0.004226,0.004275,0.003229,0.279864,0.042341,0.973315,-9.517474,17.993483,-10.63431,18.093246,4.0,0.00024358,1,863,0.12238,0.23375,0.76,0.0,100,0.0,0.64151,,,-0.01,0.0042,0.00436,-0.0183,0.00116,-0.01707,0.0
553,566272,-9.73203,450.0,0.0,0.2,0.708861,-0.003588,0.001886,0.002418,0.246869,0.030483,0.987367,-12.246875,18.344843,-13.148015,18.504854,4.0,0.00024348,2,895,0.14149,0.26456,0.76,0.0,100,0.0,0.13889,,,-0.01,0.0041,0.00902,-0.02046,0.0023,-0.0061,0.0
554,567296,nan,nan,0.0,0.2,0.815216,-0.005401,0.001281,0.002758,0.292228,0.033343,0.992126,-16.880667,17.599012,-18.186565,17.571943,4.0,0.00024337,0,905,0.15343,0.2921,0.76,0.0,100,0.0,0.0,,,-0.01,0.00168,0.00458,-0.02224,0.00234,-0.00729,0.0
555,568320,-7.84969,450.0,0.0,0.2,0.868454,-0.00295,0.002052,0.002738,0.267393,0.027937,0.987749,-12.567123,17.879177,-13.773431,17.998035,4.0,0.00024327,5,794,0.11661,0.22881,0.76,0.0,100,0.0,0.33146,,,-0.01,0.00563,0.00112,-0.01979,0.00422,-0.01797,0.0
556,569344,-12.26117,450.0,0.0,0.2,0.916852,-0.003618,0.001089,0.002675,0.283733,0.030657,0.994347,-15.599411,17.412008,-16.867903,17.421734,4.0,0.00024317,2,839,0.11665,0.24022,0.76,0.0,100,0.0,0.68182,,,-0.01,0.00162,0.00322,-0.01684,0.00154,-0.01855,0.0
557,570368,-17.8366,450.0,0.0,0.19,0.944799,-0.002649,0.001002,0.002495,0.254009,0.021973,0.994411,-19.467165,17.319492,-20.48638,17.324524,4.0,0.00024307,1,849,0.11455,0.23519,0.77,0.0,100,0.0,0.14286,,,-0.01,0.00314,0.00632,-0.01594,0.00088,-0.00969,0.0
558,571392,0.98082,447.0,0.2,0.17,0.814744,-0.001159,0.041363,0.002995,0.31448,0.036656,0.75489,-22.41687,17.606434,-21.670528,18.859711,4.0,0.00024296,5,857,0.09261,0.19518,0.79,0.0,100,0.0,0.39735,,,-0.01,0.00228,0.00528,-0.01792,0.00095,-0.01708,0.08157
559,572416,-7.38765,450.0,0.0,0.17,0.849493,-0.003649,0.00145,0.003105,0.250798,0.034354,0.989425,-18.721251,16.344749,-19.3701,16.416607,4.0,0.00024286,1,863,0.11773,0.23286,0.8,0.0,100,0.0,0.41667,,,-0.01,0.00662,0.00814,-0.01671,0.00275,-0.00622,0.0
560,573440,-6.08028,450.0,0.0,0.17,0.808156,-0.00381,0.00084,0.001765,0.239587,0.016532,0.993667,-19.769855,16.51886,-20.554556,16.465508,4.0,0.00024276,2,885,0.10365,0.21077,0.8,0.0,100,0.0,0.23077,,,-0.01,0.00367,0.00833,-0.01927,0.00162,-0.01697,0.0
561,574464,nan,nan,0.0,0.17,0.918288,-0.004275,0.000685,0.002238,0.247452,0.024867,0.994205,-22.519461,16.06469,-23.135508,16.303114,4.0,0.00024266,0,885,0.12012,0.24395,0.8,0.0,100,0.0,0.0,,,-0.01,0.0022,0.01752,-0.02062,0.00211,-0.01388,0.0
562,575488,-8.79955,450.0,0.0,0.15,0.975235,-0.003889,0.001313,0.002433,0.251405,0.021449,0.989754,-19.222652,16.592392,-19.832823,16.708569,4.0,0.00024255,5,779,0.12417,0.24019,0.82,0.0,100,0.0,0.1658,,,-0.01,0.00782,0.0118,-0.017,0.00489,-0.01628,0.0
563,576512,13.73381,407.33333,0.33333,0.15,0.981584,-0.002549,0.036465,0.002899,0.280548,0.03847,0.774148,-19.3522,16.929859,-18.344839,18.771099,4.0,0.00024245,3,821,0.11546,0.21845,0.82,0.0,100,0.0,0.21019,,,-0.01,0.00417,0.01339,-0.0186,0.00177,-0.01639,0.07848
564,577536,nan,nan,0.0,0.15,1.027827,-0.005838,0.001047,0.005501,0.298574,0.067592,0.992671,-19.882092,16.892439,-20.128788,17.244678,4.0,0.00024235,0,847,0.12864,0.24799,0.82,0.0,100,0.0,0.0,,,-0.01,0.00418,0.02312,-0.01671,0.00178,-0.01096,0.0
565,578560,6.54026,413.0,0.2,0.16,0.999531,-0.00203,0.035005,0.002603,0.290679,0.029646,0.79093,-21.517532,16.592663,-20.196865,18.79093,4.0,0.00024225,5,808,0.11896,0.23776,0.81,0.0,100,0.0,0.16797,,,-0.01,0.00489,0.01679,-0.01752,0.00092,-0.01042,0.08093
566,579584,20.134,348.33333,0.33333,0.16,0.903784,-0.001947,0.039192,0.001997,0.265376,0.022008,0.741357,-18.749296,16.137255,-17.011515,18.172943,4.0,0.00024214,3,827,0.12894,0.2351,0.81,0.0,100,0.0,0.25,,,-0.01,0.01129,0.01266,-0.01261,0.00026,-0.00583,0.09783
567,580608,-0.76918,450.0,0.0,0.16,0.90132,-0.005452,0.002274,0.003672,0.290588,0.04698,0.981911,-16.057798,15.822639,-16.244268,15.879984,4.0,0.00024204,1,851,0.12646,0.24325,0.81,0.0,100,0.0,0.11111,,,-0.01,0.00826,0.01088,-0.01512,0.00475,-0.01303,0.0
568,581632,nan,nan,0.0,0.16,0.895572,-0.003713,0.000971,0.002442,0.248612,0.030657,0.99084,-19.50543,15.75094,-20.097019,16.075594,4.0,0.00024194,0,888,0.15667,0.32348,0.81,0.0,100,0.0,0.0,,,-0.01,0.00374,0.01914,-0.01854,0.0,-0.0092,0.0
569,582656,-3.39182,450.0,0.0,0.16,1.013864,-0.004627,0.001961,0.003481,0.291252,0.045759,0.981144,-16.645525,15.497484,-16.591391,15.613345,4.0,0.00024184,5,776,0.12826,0.24399,0.81,0.0,100,0.0,0.26522,,,-0.01,0.00891,0.01174,-0.01535,0.00271,-0.00695,0.0
570,583680,-4.29309,450.0,0.0,0.15,1.0016,-0.004438,0.001341,0.0032,0.284854,0.042515,0.984567,-13.535059,14.772678,-13.874421,15.124673,4.0,0.00024173,3,819,0.12475,0.24197,0.82,0.0,100,0.0,0.32599,,,-0.01,0.00651,0.0166,-0.01641,0.00377,-0.01098,0.0
571,584704,63.80691,216.0,1.0,0.17,1.007732,-0.001924,0.059448,0.003094,0.327119,0.032157,0.653274,-15.067622,15.048767,-12.690038,19.256844,4.0,0.00024163,2,837,0.13355,0.25997,0.8,0.0,100,0.0,0.28333,,,-0.01,0.00374,0.01474,-0.01906,0.00386,-0.01497,0.17468
572,585728,28.21195,316.6,0.4,0.18,1.039287,-0.001964,0.057984,0.002387,0.37456,0.019322,0.693623,-16.77223,16.046919,-14.270708,20.63077,4.0,0.00024153,5,787,0.12449,0.23429,0.79,0.0,100,0.0,0.20098,,,-0.01,0.00684,0.017,-0.01843,-0.00073,-0.01301,0.17098
573,586752,27.70725,329.75,0.5,0.16,0.904814,-0.002576,0.034473,0.003275,0.305918,0.039028,0.745969,-5.329934,16.032576,-3.68915,17.513639,4.0,0.00024143,4,816,0.11548,0.21515,0.81,0.0,100,0.0,0.30332,,,-0.01,0.0106,0.01146,-0.01268,0.00274,-0.00651,0.18466
574,587776,65.55658,213.5,1.0,0.18,0.866392,-0.00238,0.041815,0.002103,0.219307,0.021136,0.743682,-6.351722,16.497608,-5.279722,19.050058,4.0,0.00024132,2,881,0.12495,0.24261,0.79,0.0,100,0.0,0.35294,,,-0.01,0.00552,0.01596,-0.01464,0.00351,-0.01191,0.20488
575,588800,-2.96286,450.0,0.0,0.17,0.957222,-0.00491,0.001912,0.00347,0.295617,0.048165,0.988476,-12.024852,19.360519,-13.068953,19.624531,4.0,0.00024122,1,873,0.11821,0.23442,0.8,0.0,100,0.0,0.75,,,-0.01,0.00376,0.01647,-0.01692,0.00216,-0.01031,0.0
576,589824,-3.69538,450.0,0.0,0.15,1.118027,-0.003789,0.003346,0.004804,0.315644,0.067906,0.978408,-9.977059,19.007137,-10.315104,19.465509,4.0,0.00024112,4,787,0.11325,0.22301,0.82,0.0,100,0.0,0.2,,,-0.01,0.00727,0.01242,-0.01499,0.00271,-0.00571,0.0
577,590848,39.47871,281.2,0.6,0.17,1.133274,-0.00226,0.046192,0.003862,0.352812,0.044608,0.735057,-2.7355,15.816074,-0.392201,19.860609,4.0,0.00024102,5,765,0.11373,0.22052,0.81,0.0,100,0.0,0.18824,,,-0.01,0.00828,0.01168,-0.01382,0.00496,-0.00867,0.23638
578,591872,nan,nan,0.0,0.17,1.186645,-0.003809,0.004707,0.003257,0.282101,0.030308,0.970505,-5.421952,17.586826,-6.724592,18.087414,4.0,0.00024092,0,802,0.13705,0.27186,0.81,0.0,100,0.0,0.0,,,-0.01,0.00474,0.01862,-0.01604,0.00011,-0.00489,0.0
579,592896,-1.04668,450.0,0.0,0.17,1.082654,-0.005727,0.002588,0.005614,0.376672,0.088728,0.983269,-13.197621,19.018679,-14.145078,19.41959,4.0,0.00024081,3,812,0.12582,0.24598,0.81,0.0,100,0.0,0.18462,,,-0.01,0.00587,0.01818,-0.01688,0.00104,-0.00795,0.0
580,593920,13.53144,376.75,0.25,0.18,0.983667,-0.001579,0.022139,0.002177,0.218841,0.024309,0.900544,-13.284587,20.529684,-13.023614,22.647963,4.0,0.00024071,4,829,0.11219,0.21627,0.81,0.0,100,0.0,0.18617,,,-0.01,0.00568,0.01672,-0.01611,-0.00094,-0.00379,0.09701
581,594944,-0.79,450.0,0.0,0.18,0.987535,-0.002943,0.004597,0.003047,0.282266,0.031843,0.974448,-3.346961,19.40485,-4.32996,19.768129,4.0,0.00024061,2,815,0.11169,0.18667,0.81,0.0,100,0.0,0.09091,,,-0.01,0.00962,0.00587,-0.01373,0.00214,-0.00675,0.0
582,595968,44.81661,272.66667,0.66667,0.2,0.858791,-0.00309,0.043488,0.00328,0.282098,0.031564,0.827414,-10.17829,20.370655,-8.658568,23.901093,4.0,0.00024051,3,874,0.1415,0.25818,0.79,0.0,100,0.0,0.08065,,,-0.01,0.00713,0.01767,-0.01565,0.00146,-0.00485,0.21885
583,596992,30.29561,393.5,0.5,0.21,0.885555,-0.002279,0.030599,0.003017,0.258385,0.037249,0.880675,-6.613061,23.089828,-6.70349,24.1357,4.0,0.0002404,2,844,0.12581,0.23075,0.78,0.0,100,0.0,0.08,,,-0.01,0.00773,0.01542,-0.01974,0.00294,-0.00346,0.09659
584,598016,-1.7052,450.0,0.0,0.21,0.968117,-0.003507,0.002296,0.00322,0.306233,0.033308,0.988846,-8.182117,22.568773,-9.308742,23.116116,4.0,0.0002403,3,852,0.12616,0.23071,0.78,0.0,100,0.0,0.1295,,,-0.01,0.00636,0.01576,-0.01786,0.00123,-0.00594,0.0
585,599040,34.30536,313.0,0.5,0.22,1.0099,-0.003221,0.018857,0.004538,0.258643,0.058384,0.939646,-10.2603,25.142101,-10.213514,27.054863,4.0,0.0002402,2,852,0.14114,0.27293,0.77,0.0,100,0.0,0.09091,,,-0.01,0.00651,0.0208,-0.015,0.00184,-0.00381,0.09899
586,600064,11.0893,423.4,0.2,0.23,1.129927,-0.002835,0.029771,0.00339,0.284393,0.044294,0.891377,-7.345654,23.846251,-7.222217,24.928314,4.0,0.0002401,5,766,0.13345,0.22862,0.76,0.0,100,0.0,0.12745,,,-0.01,0.00748,0.01538,-0.01909,0.00202,-0.00885,0.07686
587,601088,65.79502,235.5,1.0,0.26,0.987172,-0.002116,0.098945,0.003285,0.514211,0.040946,0.586014,-1.334044,21.185251,3.86091,23.149921,4.0,0.00023999,4,816,0.13967,0.23949,0.74,0.0,100,0.0,0.07229,,,-0.01,0.01071,0.01444,-0.01343,0.00206,-0.00571,0.37685
588,602112,69.00784,129.0,1.0,0.27,0.91939,-0.003416,0.022068,0.003219,0.242855,0.046735,0.86212,0.117818,17.566648,0.310054,19.447933,4.0,0.00023989,1,858,0.13614,0.25931,0.73,0.0,100,0.0,0.14286,,,-0.01,0.0095,0.01955,-0.02019,0.00101,-0.00436,0.10587
589,603136,16.44749,368.75,0.25,0.27,0.839291,-0.002962,0.019156,0.003492,0.288864,0.040737,0.904646,-5.835078,19.703297,-5.551719,21.817469,4.0,0.00023979,4,885,0.13349,0.25843,0.73,0.0,100,0.0,0.13497,,,-0.01,0.00626,0.02262,-0.01973,0.00293,-0.00576,0.11516
590,604160,-0.86126,450.0,0.0,0.27,1.088778,-0.003842,0.00374,0.002997,0.319958,0.030657,0.98358,-1.715148,21.510475,-2.818775,22.035633,4.0,0.00023969,1,818,0.11551,0.20176,0.73,0.0,100,0.0,0.1831,,,-0.01,0.0071,0.01521,-0.01654,0.00461,-0.00517,0.0
591,605184,26.18149,363.2,0.4,0.29,1.137521,-0.00296,0.03852,0.003933,0.334573,0.050467,0.841637,0.173112,21.165268,1.679338,23.319654,4.0,0.00023958,5,783,0.11683,0.20793,0.71,0.0,100,0.0,0.06395,,,-0.01,0.00639,0.01521,-0.01608,0.00262,-0.00849,0.16244
592,606208,nan,nan,0.0,0.29,1.184543,-0.004683,0.006547,0.004751,0.326006,0.071463,0.971433,-2.206616,22.039259,-3.69219,22.606691,4.0,0.00023948,0,825,0.13063,0.21342,0.71,0.0,100,0.0,0.0,,,-0.01,0.00742,0.01331,-0.01514,0.00221,-0.00606,0.0
593,607232,23.02084,374.0,0.4,0.31,1.090114,-0.002197,0.041561,0.002793,0.319238,0.020159,0.865652,-6.689914,24.092268,-4.854801,26.614946,4.0,0.00023938,5,796,0.11699,0.19814,0.69,0.0,100,0.0,0.09249,,,-0.01,0.0059,0.01723,-0.01813,0.00211,-0.00779,0.16999
594,608256,49.71964,296.25,0.75,0.33,1.089229,-0.002471,0.055199,0.002306,0.411649,0.027274,0.842368,0.34939,25.517933,3.660384,28.002785,4.0,0.00023928,4,789,0.12736,0.21617,0.67,0.0,100,0.0,0.13131,,,-0.01,0.00995,0.01497,-0.01454,0.00433,-0.00478,0.26175
595,609280,45.03724,279.33333,0.66667,0.35,1.226696,-0.002942,0.027107,0.003277,0.29894,0.037354,0.846448,9.797227,18.231436,10.78106,19.794716,4.0,0.00023917,3,759,0.11685,0.17676,0.65,0.0,100,0.0,0.0396,,,-0.01,0.01142,0.01091,-0.01202,0.00623,-0.01142,0.15973
596,610304,70.13195,152.0,1.0,0.36,1.302085,-0.003916,0.012329,0.00412,0.276022,0.049316,0.947616,9.287155,21.786909,9.077922,23.265217,4.0,0.00023907,1,793,0.12872,0.24696,0.64,0.0,100,0.0,0.14286,,,-0.01,0.00417,0.02994,-0.01449,0.00166,-0.00924,0.08328
597,611328,22.97445,341.66667,0.33333,0.37,1.296757,-0.003322,0.012612,0.003775,0.315827,0.047154,0.957415,3.846965,24.831064,3.577827,26.32229,4.0,0.00023897,3,775,0.12469,0.24165,0.63,0.0,100,0.0,0.16456,,,-0.01,0.00466,0.02436,-0.01388,0.00132,-0.01263,0.08203
598,612352,18.34553,362.85714,0.28571,0.38,1.272909,-0.003264,0.026527,0.003906,0.30677,0.047817,0.837449,14.944961,17.669361,16.824966,19.592489,4.0,0.00023887,7,714,0.11671,0.18974,0.62,0.0,100,0.0,0.05176,,,-0.01,0.01172,0.01044,-0.01402,0.00459,-0.00741,0.14783
599,613376,71.28413,130.5,1.0,0.41,1.186953,-0.003213,0.038599,0.003887,0.395211,0.051409,0.76881,26.863146,17.821432,29.708025,19.427101,4.0,0.00023876,4,769,0.13777,0.24576,0.59,0.0,100,0.0,0.09375,,,-0.01,0.00887,0.01954,-0.0157,0.00418,-0.00442,0.34048
600,614400,67.26177,234.0,1.0,0.45,1.112296,-0.003123,0.051132,0.003444,0.391731,0.046945,0.72562,24.955044,19.411678,27.999317,20.412233,4.0,0.00023866,5,778,0.14426,0.26403,0.55,0.0,100,0.2,0.12879,,,-0.01,0.0083,0.02094,-0.01506,-8e-05,-0.00509,0.42295
601,615424,37.12768,281.5,0.5,0.47,0.990266,-0.003109,0.015559,0.002852,0.296949,0.032052,0.919051,23.866732,19.089911,24.966038,20.819878,4.0,0.00023856,4,786,0.1352,0.22316,0.53,0.0,100,0.0,0.12575,,,-0.01,0.01077,0.00954,-0.013,0.00483,-0.0093,0.1926
602,616448,67.87277,208.33333,1.0,0.49,1.01637,-0.00318,0.02859,0.003094,0.265923,0.03554,0.881537,25.207739,22.248753,26.901415,23.41415,4.0,0.00023846,3,793,0.14237,0.23216,0.51,0.0,100,0.0,0.20755,,,-0.01,0.00827,0.01105,-0.01684,0.00171,-0.01148,0.27002
603,617472,32.86381,291.0,0.5,0.48,1.002774,-0.002646,0.007201,0.002164,0.260934,0.022112,0.966346,29.452999,21.739895,29.140291,22.70853,4.0,0.00023836,2,803,0.15673,0.25464,0.52,0.0,100,0.5,0.11111,,,-0.01,0.00898,0.01443,-0.01338,0.00155,-0.00591,0.09811
604,618496,64.17959,309.5,1.0,0.5,0.927765,-0.003185,0.01888,0.002856,0.298273,0.02975,0.935019,24.334875,24.441202,23.863718,25.58503,4.0,0.00023825,2,831,0.17411,0.31468,0.5,0.0,100,0.0,0.06849,,,-0.01,0.00761,0.02035,-0.01698,-0.00017,-0.00241,0.20235
605,619520,10.82299,388.4,0.2,0.48,1.009812,-0.003711,0.007878,0.003332,0.27285,0.034842,0.959725,26.382595,20.742973,26.435879,21.994715,4.0,0.00023815,5,774,0.14678,0.24743,0.52,0.0,100,0.0,0.10714,,,-0.01,0.00826,0.0121,-0.01764,0.00354,-0.01126,0.09237
606,620544,52.46497,283.4,0.8,0.5,1.023855,-0.003121,0.025305,0.002044,0.253216,0.022042,0.874756,31.733667,20.270683,33.158409,21.550522,4.0,0.00023805,5,785,0.15543,0.27357,0.5,0.0,100,0.0,0.19481,,,-0.01,0.00818,0.01212,-0.01463,0.00091,-0.01346,0.35676
607,621568,68.06271,179.0,1.0,0.53,1.054796,-0.003592,0.013733,0.003379,0.269394,0.034807,0.924704,33.619808,19.315674,34.448799,20.732191,4.0,0.00023795,3,762,0.14639,0.23703,0.47,0.0,100,0.0,0.21053,,,-0.01,0.00939,0.00783,-0.01856,0.00538,-0.01333,0.25563
608,622592,11.8456,372.66667,0.33333,0.52,1.158834,-0.00362,0.007499,0.003495,0.305568,0.03411,0.966554,31.099457,22.06901,30.044615,22.833082,4.0,0.00023784,3,777,0.149,0.26088,0.48,0.0,100,0.0,0.13415,,,-0.01,0.0047,0.01227,-0.01689,0.0018,-0.01275,0.08234
609,623616,nan,nan,0.0,0.52,1.224342,-0.004175,0.003863,0.00376,0.331016,0.043666,0.970508,34.218819,17.050915,33.111591,17.759056,4.0,0.00023774,0,779,0.15391,0.28724,0.48,0.0,100,0.0,0.0,,,-0.01,0.00673,0.01712,-0.01655,0.0031,-0.00326,0.0
610,624640,19.25348,393.83333,0.33333,0.53,1.11285,-0.003283,0.018255,0.003579,0.269849,0.050432,0.867399,32.426037,17.30401,32.294712,17.947721,4.0,0.00023764,6,757,0.14011,0.25447,0.47,0.0,100,0.0,0.12782,,,-0.01,0.00702,0.02052,-0.01816,0.00025,-0.009,0.15453
611,625664,61.11743,406.0,1.0,0.54,0.886722,-0.003606,0.012473,0.002866,0.276518,0.038574,0.930334,31.598707,19.146751,30.61026,19.977743,4.0,0.00023754,1,880,0.17161,0.31056,0.46,0.0,100,0.0,0.13636,,,-0.01,0.0067,0.02515,-0.01862,0.00035,-0.00284,0.09962
612,626688,50.12219,265.5,0.75,0.56,0.891009,-0.002305,0.022059,0.002421,0.208145,0.031076,0.922345,26.362085,23.744694,26.787485,25.011009,4.0,0.00023743,4,828,0.13814,0.23179,0.44,0.0,100,0.0,0.12403,,,-0.01,0.00965,0.01263,-0.01687,0.00472,-0.00774,0.29394
613,627712,-2.23615,450.0,0.0,0.54,1.002255,-0.004633,0.004169,0.003626,0.354747,0.049177,0.988057,23.668589,26.596952,21.913416,27.052225,4.0,0.00023733,3,836,0.156,0.29569,0.46,0.0,100,0.0,0.08491,,,-0.01,0.00564,0.02592,-0.01601,0.00075,-0.01764,0.0
614,628736,65.5836,290.33333,1.0,0.56,1.033445,-0.004295,0.022946,0.003427,0.319036,0.047189,0.894556,27.355143,20.997032,27.671774,22.20582,4.0,0.00023723,3,775,0.14144,0.21288,0.44,0.0,100,0.0,0.09286,,,-0.01,0.00947,0.01193,-0.0157,0.0017,-0.01791,0.24899
615,629760,43.69477,308.25,0.75,0.58,0.854743,-0.002232,0.030373,0.002458,0.254821,0.028948,0.885786,25.747971,24.229811,26.179834,24.84314,4.0,0.00023713,4,834,0.13156,0.23466,0.42,0.0,100,0.0,0.10959,,,-0.01,0.00693,0.01235,-0.01686,0.00186,-0.00919,0.29532
616,630784,63.57393,294.5,1.0,0.6,0.868936,-0.002399,0.013793,0.002741,0.232716,0.034738,0.946183,26.184896,22.692871,26.232635,23.906511,4.0,0.00023702,2,838,0.1392,0.2537,0.4,0.0,100,0.0,0.03333,,,-0.01,0.01008,0.01262,-0.0136,0.00431,-0.00846,0.20255
617,631808,30.83608,328.5,0.5,0.61,0.892428,-0.00216,0.006055,0.002578,0.289648,0.024693,0.98267,23.94693,27.090805,23.222439,27.921787,4.0,0.00023692,2,855,0.14639,0.26474,0.39,0.0,100,0.0,0.1875,,,-0.01,0.00545,0.02012,-0.01897,0.00172,-0.00787,0.10587
618,632832,38.3544,336.2,0.6,0.59,1.018409,-0.002812,0.013252,0.003513,0.299815,0.048514,0.957952,26.396606,25.315926,27.173443,26.565817,4.0,0.00023682,5,778,0.13514,0.23732,0.41,0.0,100,0.0,0.05333,,,-0.01,0.01021,0.01448,-0.01465,0.00551,-0.01523,0.25383
619,633856,56.24471,240.33333,0.83333,0.62,1.068442,-0.003451,0.023743,0.002979,0.3545,0.037319,0.835529,36.310081,16.078472,38.098198,17.718922,4.0,0.00023672,6,762,0.13961,0.24553,0.38,0.0,100,0.0,0.08844,,,-0.01,0.00933,0.01916,-0.01567,0.00141,-0.00665,0.41805
620,634880,70.01872,166.66667,1.0,0.65,0.857891,-0.002133,0.017959,0.001633,0.23867,0.012556,0.895591,31.352861,18.28791,31.761412,19.976868,4.0,0.00023661,3,824,0.1442,0.2535,0.35,0.0,100,0.0,0.06122,,,-0.01,0.00925,0.01744,-0.01527,0.00404,-0.00732,0.30653
621,635904,56.51788,187.0,0.8,0.67,0.730298,-0.002336,0.021781,0.001978,0.23491,0.023961,0.932575,25.447025,25.101559,26.569202,27.270849,4.0,0.00023651,5,847,0.15027,0.27126,0.33,0.0,100,0.0,0.0404,,,-0.01,0.01006,0.01614,-0.01571,0.00198,-0.00922,0.47584
622,636928,41.29651,248.2,0.6,0.66,0.718436,-0.002128,0.015094,0.002356,0.224265,0.028878,0.958798,22.129757,27.818619,23.003052,30.086296,4.0,0.00023641,5,839,0.12506,0.22459,0.34,0.0,100,0.2,0.05357,,,-0.01,0.00955,0.01301,-0.01674,0.00316,-0.01268,0.34892
623,637952,46.35871,221.33333,0.66667,0.66,0.997881,-0.00271,0.009748,0.00238,0.345384,0.024658,0.962595,37.024788,23.321421,38.863861,25.05773,4.0,0.00023631,6,753,0.12345,0.20487,0.34,0.0,100,0.0,0.1,,,-0.01,0.0109,0.00895,-0.01663,0.00828,-0.00874,0.35523
624,638976,45.7535,253.0,0.66667,0.67,0.978424,-0.002919,0.009752,0.003668,0.315858,0.043318,0.974068,38.520298,28.482035,37.363831,29.026506,4.0,0.0002362,3,801,0.14972,0.26416,0.33,0.0,100,0.0,0.09091,,,-0.01,0.0079,0.02089,-0.01587,0.00193,-0.00765,0.19273
625,640000,67.29975,234.66667,1.0,0.71,0.881968,-0.002929,0.024616,0.002702,0.280223,0.03132,0.873992,37.027435,20.169939,38.322296,21.710438,4.0,0.0002361,6,772,0.12826,0.20057,0.29,0.0,100,0.0,0.07179,,,-0.01,0.01063,0.01416,-0.01789,0.00304,-0.00896,0.54011
626,641024,70.77087,122.75,1.0,0.71,0.701702,-0.00217,0.016008,0.001379,0.23837,0.013567,0.958779,32.315613,27.982437,32.560158,29.67728,4.0,0.000236,4,851,0.15345,0.24152,0.29,0.0,100,0.0,0.05882,,,-0.01,0.01099,0.02088,-0.01577,0.00192,-0.00761,0.4871
627,642048,57.74332,239.83333,0.83333,0.7,0.741694,-0.001411,0.015863,0.002087,0.212485,0.022042,0.967055,32.301746,31.234322,34.167271,32.980701,4.0,0.0002359,6,826,0.16072,0.23409,0.3,0.0,100,0.0,0.04459,,,-0.01,0.01213,0.02979,-0.01567,0.00808,-0.00784,0.54362
628,643072,47.67453,237.0,0.66667,0.71,0.802309,-0.00284,0.014391,0.002166,0.269792,0.02839,0.966251,36.343861,29.590569,35.194637,30.484116,4.0,0.0002358,3,820,0.17142,0.21459,0.29,0.0,100,0.0,0.0,,,-0.01,0.01328,0.02521,-0.01478,-0.00147,-0.00456,0.21475
629,644096,63.14605,168.25,0.875,0.72,0.764542,-0.002029,0.008925,0.002119,0.234038,0.01988,0.968436,37.323174,24.208191,38.165154,26.255098,4.0,0.00023569,8,799,0.16867,0.19966,0.28,0.0,100,0.0,0.03352,,,-0.01,0.01247,0.01217,-0.01977,0.00306,-0.00854,0.7499
630,645120,72.1676,109.5,1.0,0.75,0.690619,-0.002086,0.011841,0.001362,0.214254,0.011091,0.975888,30.333355,32.964935,30.207228,34.640141,4.0,0.00023559,4,845,0.17018,0.22228,0.25,0.0,100,0.0,0.075,,,-0.01,0.01135,0.01657,-0.01964,0.00541,-0.00439,0.49839
631,646144,49.37041,216.71429,0.71429,0.74,0.657666,-0.002191,0.011842,0.001164,0.205526,0.008126,0.974969,31.232584,32.007633,31.3829,33.988411,4.0,0.00023549,7,839,0.15549,0.21027,0.26,0.0,100,0.0,0.30303,,,-0.01,0.01301,0.02164,-0.01777,0.0034,-0.0092,0.61288
632,647168,52.2146,191.57143,0.71429,0.76,0.826795,-0.003506,0.015582,0.002165,0.259588,0.025635,0.969705,33.303959,32.769661,33.261822,34.594452,4.0,0.00023539,7,782,0.13056,0.14471,0.24,0.0,100,0.0,0.04615,,,-0.01,0.01187,0.00941,-0.02027,0.00687,-0.01285,0.5055
633,648192,73.11486,89.0,1.0,0.77,0.747818,-0.003038,0.015314,0.002727,0.31277,0.032715,0.972389,30.25333,34.29044,28.371508,35.0881,4.0,0.00023528,2,839,0.15649,0.20421,0.23,0.0,100,0.0,0.18182,,,-0.01,0.01152,0.01243,-0.01488,0.00218,-0.01137,0.23721
634,649216,55.60961,233.4,0.8,0.78,0.709698,-0.002519,0.013703,0.001781,0.254124,0.015555,0.975905,22.156118,34.192863,21.634579,35.662155,4.0,0.00023518,5,837,0.16494,0.20382,0.22,0.0,100,0.0,0.04032,,,-0.01,0.01046,0.01504,-0.0177,0.00552,-0.01399,0.46943
635,650240,39.47203,232.0,0.6,0.79,0.654246,-0.002506,0.00612,0.001328,0.241573,0.013951,0.989972,18.643143,38.410931,18.713724,40.047352,4.0,0.00023508,5,849,0.14607,0.17773,0.21,0.0,100,0.0,0.31034,,,-0.01,0.01583,0.00749,-0.01519,0.00825,-0.00896,0.38885
636,651264,57.86803,204.16667,0.83333,0.79,0.722571,-0.001176,0.039283,0.001428,0.281179,0.010638,0.924408,34.749454,33.019398,33.388092,33.956692,4.0,0.00023498,6,820,0.13635,0.21345,0.21,0.0,100,0.0,0.23881,,,-0.01,0.01412,0.02003,-0.01631,0.00225,-0.00994,0.56238
637,652288,57.0853,165.4,0.8,0.79,0.608389,-0.001768,0.009742,0.00176,0.273177,0.018869,0.98282,25.825609,35.608795,25.857775,37.163612,4.0,0.00023487,5,875,0.14864,0.22612,0.21,0.0,100,0.0,0.19048,,,-0.01,0.01336,0.02722,-0.01591,0.00701,-0.00756,0.55386
638,653312,51.57473,205.0,0.66667,0.8,0.576101,-0.002736,0.029703,0.001522,0.368195,0.015067,0.947235,22.585295,35.038666,19.30164,35.016167,4.0,0.00023477,3,875,0.15108,0.20382,0.2,0.0,100,0.0,0.01724,,,-0.01,0.01629,0.01906,-0.0139,-0.00064,-0.00651,0.28994
639,654336,42.1451,245.0,0.57143,0.78,0.570595,-0.00267,0.006923,0.001777,0.266169,0.019741,0.987511,18.011618,35.599438,17.778452,37.119045,4.0,0.00023467,7,869,0.1144,0.1679,0.22,0.0,100,0.0,0.0292,,,-0.01,0.01448,0.01119,-0.01451,0.0087,-0.01092,0.55584
640,655360,72.69337,85.7,1.0,0.8,0.723591,-0.001944,0.010951,0.002975,0.301217,0.031982,0.982978,26.793207,41.604813,28.776093,44.114395,4.0,0.00023457,10,804,0.11036,0.16488,0.2,0.0,100,0.0,0.21154,,,-0.01,0.01828,0.00887,-0.01373,0.01514,-0.01441,1.1119
641,656384,43.90445,225.375,0.625,0.8,0.904294,-0.002872,0.009707,0.003593,0.325541,0.045236,0.983724,43.506844,37.315098,45.431965,38.289963,4.0,0.00023446,8,734,0.11138,0.17134,0.2,0.0,100,0.0,0.37838,,,-0.01,0.01426,0.00603,-0.01718,0.01108,-0.01445,0.43275
642,657408,71.75987,108.44444,1.0,0.81,1.041934,-0.003682,0.020904,0.004632,0.26,0.051967,0.755507,60.59787,12.931798,61.380333,13.902037,4.0,0.00023436,9,720,0.1305,0.2024,0.19,0.0,100,0.0,0.1087,,,-0.01,0.01525,0.01315,-0.01416,0.00857,-0.01717,0.72417
643,658432,70.98474,103.875,1.0,0.82,0.862018,-0.001553,0.030288,0.002609,0.252352,0.026507,0.87209,55.270344,22.444447,54.815899,23.289263,4.0,0.00023426,8,763,0.14343,0.21088,0.18,0.0,100,0.0,0.34884,,,-0.01,0.01674,0.01282,-0.01422,0.00237,-0.01071,0.76326
644,659456,51.04678,134.75,0.75,0.81,0.854933,-0.001115,0.046048,0.001792,0.251058,0.021938,0.789851,51.787331,22.812895,50.206078,22.617664,4.0,0.00023416,4,792,0.14496,0.2249,0.18,0.0,100,0.5,0.13636,,,-0.01,0.01288,0.01727,-0.01326,-0.00057,-0.00993,0.29922
645,660480,72.56751,95.0,1.0,0.82,0.940744,-0.003306,0.005137,0.003523,0.274441,0.046387,0.985195,45.157139,26.145815,44.601429,27.26449,4.0,0.00023405,5,784,0.14099,0.22485,0.17,0.0,100,0.0,0.30769,,,-0.01,0.00877,0.01624,-0.01584,0.00662,-0.00564,0.48628
646,661504,30.21823,361.2,0.4,0.8,0.946728,-0.001162,0.011533,0.001847,0.179581,0.014439,0.971551,42.908546,30.866243,42.564602,30.825432,4.0,0.00023395,5,769,0.14965,0.21339,0.19,0.0,100,0.2,0.02448,,,-0.01,0.01236,0.02085,-0.01333,0.00477,-0.00717,0.17845
647,662528,63.97374,138.4,0.9,0.81,0.997029,-0.00206,0.013919,0.002809,0.232882,0.032366,0.898553,55.679085,15.813098,56.260933,17.309401,4.0,0.00023385,10,722,0.12525,0.16656,0.18,0.0,100,0.0,0.48077,,,-0.01,0.01748,0.00787,-0.01236,0.00913,-0.01056,0.75187
648,663552,73.29298,95.4,1.0,0.82,0.774812,-0.002974,0.021755,0.002244,0.315793,0.021554,0.929781,46.25341,25.087637,44.020046,26.046223,4.0,0.00023375,5,804,0.1315,0.18006,0.17,0.0,100,0.0,0.18182,,,-0.01,0.01839,0.01377,-0.01246,-0.00028,-0.0043,0.55034
649,664576,71.10559,166.33333,1.0,0.83,0.634249,-0.003242,0.006681,0.002255,0.2954,0.029297,0.98725,31.652477,32.701012,30.777706,33.729267,4.0,0.00023364,3,894,0.12518,0.19806,0.16,0.0,100,0.0,0.07609,,,-0.01,0.01189,0.01852,-0.01421,0.00667,-0.00353,0.41925
650,665600,63.37929,151.75,0.875,0.83,0.673862,-0.00161,0.012566,0.001759,0.235163,0.021205,0.980085,30.404926,36.931217,30.436184,38.189693,4.0,0.00023354,8,826,0.12301,0.15065,0.16,0.0,100,0.0,0.11842,,,-0.01,0.01925,0.0077,-0.01267,0.00763,-0.00836,0.85995
651,666624,50.47929,200.8,0.7,0.83,0.93617,-0.001326,0.017239,0.003356,0.226976,0.036377,0.958855,47.370991,31.467072,48.920715,32.03804,4.0,0.00023344,10,749,0.12984,0.16239,0.16,0.0,100,0.1,0.11429,,,-0.01,0.0176,0.01239,-0.01162,0.00852,-0.00785,0.64395
652,667648,72.53433,109.625,1.0,0.85,1.026919,-0.002523,0.011827,0.003239,0.253508,0.043422,0.80931,59.838814,10.471147,60.325146,11.788522,4.0,0.00023334,8,726,0.13671,0.16255,0.14,0.0,100,0.0,0.11881,,,-0.01,0.01863,0.01185,-0.01422,0.00692,-0.00785,0.66985
653,668672,71.87855,106.42857,1.0,0.88,0.815264,-0.001592,0.013009,0.002021,0.235167,0.017683,0.94599,51.267582,21.476814,50.434185,23.015238,4.0,0.00023324,7,792,0.14119,0.20161,0.11,0.0,100,0.0,0.10606,,,-0.01,0.0149,0.01799,-0.01527,0.00024,-0.0127,0.7464
654,669696,72.06444,104.5,1.0,0.88,0.723229,-0.001488,0.014063,0.002272,0.214722,0.028634,0.971302,39.141781,32.070034,38.54987,33.341938,4.0,0.00023313,4,837,0.14096,0.20527,0.11,0.0,100,0.0,0.18421,,,-0.01,0.01708,0.0226,-0.01116,0.00453,-0.00828,0.48686
655,670720,52.5896,200.57143,0.71429,0.87,0.884311,-0.00179,0.003682,0.00183,0.230338,0.015974,0.991873,40.127972,34.819889,40.233173,36.387711,4.0,0.00023303,7,790,0.13117,0.19225,0.12,0.0,100,0.0,0.12057,,,-0.01,0.01623,0.01642,-0.01183,0.00716,-0.00817,0.51679
656,671744,52.32228,200.28571,0.71429,0.87,0.951851,-0.002288,0.003631,0.001507,0.236722,0.014753,0.988621,54.16346,27.797993,53.771503,28.335293,4.0,0.00023293,7,773,0.13073,0.20962,0.12,0.0,100,0.0,0.07317,,,-0.01,0.01341,0.01876,-0.01575,0.0038,-0.01347,0.47032
657,672768,71.87561,112.0,1.0,0.87,0.813172,-0.002793,0.010181,0.002852,0.286799,0.031738,0.906817,55.67886,14.40049,54.413433,15.79885,4.0,0.00023283,4,818,0.14323,0.23914,0.12,0.0,100,0.0,0.15789,,,-0.01,0.01321,0.02725,-0.01589,0.00278,-0.01088,0.43154
658,673792,52.30187,185.25,0.75,0.86,0.737591,-0.001329,0.009687,0.000898,0.282522,0.006662,0.966348,43.496315,24.373215,42.03479,25.59297,4.0,0.00023272,4,834,0.13714,0.24006,0.13,0.0,100,0.0,0.01835,,,-0.01,0.01206,0.02288,-0.01757,0.00196,-0.00944,0.36527
659,674816,49.60537,210.0,0.66667,0.84,0.805814,-0.002269,0.006035,0.001559,0.238394,0.010742,0.983504,44.236469,28.313633,43.063732,29.477276,4.0,0.00023262,6,817,0.13564,0.22446,0.15,0.0,100,0.0,0.08543,,,-0.01,0.01206,0.0183,-0.01713,0.00499,-0.00599,0.44349
660,675840,59.81142,159.16667,0.83333,0.84,0.751394,-0.002837,0.013597,0.003234,0.264141,0.034459,0.959395,43.512676,25.765478,42.220787,26.940384,4.0,0.00023252,6,817,0.14206,0.22734,0.16,0.0,100,0.0,0.15909,,,-0.01,0.01355,0.01774,-0.01712,3e-05,-0.00538,0.56138
661,676864,50.64893,246.0,0.71429,0.82,0.789912,-0.002943,0.014975,0.003439,0.265373,0.043666,0.962649,42.419819,28.626526,41.477936,29.620785,4.0,0.00023242,7,784,0.13709,0.19761,0.18,0.0,100,0.14286,0.18884,,,-0.01,0.01259,0.01547,-0.01738,0.00532,-0.00813,0.50375
662,677888,71.5233,112.5,1.0,0.85,0.771626,-0.002535,0.006576,0.00131,0.232523,0.009103,0.983848,41.532417,29.568953,40.720318,30.895189,4.0,0.00023231,4,799,0.14007,0.22412,0.15,0.0,100,0.0,0.10909,,,-0.01,0.01252,0.02341,-0.01434,0.00146,-0.01065,0.43909
663,678912,61.07871,195.57143,0.85714,0.85,0.792462,-0.002279,0.017535,0.002236,0.177879,0.0256,0.968899,36.463879,35.57452,36.39275,36.677109,4.0,0.00023221,7,785,0.13968,0.18214,0.15,0.0,100,0.0,0.07006,,,-0.01,0.01453,0.01282,-0.01514,0.00487,-0.0115,0.61456
664,679936,62.73939,141.125,0.875,0.84,0.85334,-0.002033,0.016244,0.002818,0.222683,0.029367,0.970375,41.464561,33.838985,42.083691,35.295952,4.0,0.00023211,8,767,0.1287,0.18783,0.16,0.0,100,0.0,0.22581,,,-0.01,0.01549,0.01153,-0.01643,0.00631,-0.00903,0.68332
665,680960,59.30049,159.5,0.83333,0.83,0.865526,-0.003125,0.011292,0.003082,0.221735,0.038714,0.969349,46.471157,27.915012,46.14246,29.324694,4.0,0.00023201,6,776,0.1353,0.20304,0.17,0.0,100,0.0,0.28,,,-0.01,0.0143,0.01685,-0.01727,0.00357,-0.01095,0.49787
666,681984,71.66359,94.625,1.0,0.85,0.849188,-0.002521,0.011803,0.002572,0.232225,0.023228,0.970196,42.420345,28.965925,42.170166,30.976543,4.0,0.0002319,8,792,0.12729,0.21001,0.15,0.0,100,0.0,0.19643,,,-0.01,0.00973,0.02007,-0.01545,0.00249,-0.00683,0.81617
667,683008,48.00637,211.16667,0.66667,0.85,0.854999,-0.002015,0.003319,0.001772,0.228896,0.016357,0.993505,33.173744,38.962482,32.876541,40.648327,4.0,0.0002318,6,795,0.12022,0.19577,0.15,0.0,100,0.0,0.21374,,,-0.01,0.01278,0.0141,-0.01624,0.00439,-0.00817,0.40382
668,684032,64.42438,127.66667,0.88889,0.84,0.864542,-0.00342,0.00761,0.00305,0.226623,0.0226,0.988238,43.801613,37.725735,43.995735,38.789635,4.0,0.0002317,9,763,0.13105,0.1943,0.16,0.0,100,0.0,0.10191,,,-0.01,0.01014,0.01633,-0.01884,0.00698,-0.00579,0.74197
669,685056,61.62795,151.42857,0.85714,0.83,0.925322,-0.002113,0.005968,0.002767,0.23486,0.030169,0.968701,56.189251,21.231215,56.630642,22.660816,4.0,0.0002316,7,744,0.13753,0.18857,0.17,0.0,100,0.0,0.18987,,,-0.01,0.013,0.01871,-0.02041,0.01003,-0.01328,0.51288
670,686080,69.44541,127.5,1.0,0.83,0.756033,-0.002059,0.030791,0.002197,0.344328,0.023577,0.922042,44.46357,29.046177,41.385609,29.890738,4.0,0.00023149,4,819,0.16879,0.26635,0.17,0.0,100,0.0,0.15385,,,-0.01,0.01151,0.03175,-0.01863,-0.0021,-0.00928,0.43
671,687104,40.81617,276.0,0.5,0.82,0.680775,-0.001818,0.014461,0.002037,0.339923,0.023333,0.976558,22.368471,36.853458,19.256559,37.408669,4.0,0.00023139,2,889,0.17765,0.28605,0.18,0.0,100,0.0,0.03937,,,-0.01,0.00877,0.04443,-0.01258,-0.00209,-0.01289,0.13071
672,688128,45.52491,277.8,0.6,0.82,0.675206,-0.00357,0.007323,0.002412,0.268799,0.02839,0.989189,6.578381,39.919685,5.980302,41.472744,4.0,0.00023129,5,880,0.15358,0.21554,0.18,0.0,100,0.0,0.017,,,-0.01,0.00925,0.02771,-0.01502,0.00502,-0.01486,0.39244
673,689152,39.24068,245.85714,0.57143,0.81,0.707791,-0.002358,0.00991,0.002333,0.234225,0.02853,0.988909,22.969423,45.426651,22.863346,46.76989,4.0,0.00023119,7,816,0.14237,0.18227,0.19,0.0,100,0.0,0.48077,,,-0.01,0.01252,0.01184,-0.01895,0.00457,-0.00738,0.459
674,690176,58.74256,160.33333,0.83333,0.8,0.80559,-0.002201,0.019011,0.002799,0.189992,0.02696,0.970149,37.440166,38.087502,37.554462,39.034622,4.0,0.00023108,6,792,0.16991,0.22165,0.2,0.0,100,0.0,0.2766,,,-0.01,0.01128,0.02337,-0.01921,0.00666,-0.01624,0.52143
675,691200,72.2887,98.2,1.0,0.82,0.902339,-0.003011,0.007417,0.002414,0.216262,0.028355,0.977468,42.79007,28.454292,42.991943,30.534657,4.0,0.00023098,5,766,0.17456,0.24228,0.18,0.0,100,0.0,0.11475,,,-0.01,0.01261,0.02516,-0.01978,0.00584,-0.01812,0.4723
676,692224,65.52459,132.11111,0.88889,0.83,0.976399,-0.002621,0.009963,0.002196,0.248834,0.021973,0.973217,44.754585,29.381351,45.43417,31.55434,4.0,0.00023088,9,728,0.16345,0.21523,0.17,0.0,100,0.0,0.06103,,,-0.01,0.01132,0.01755,-0.02024,0.00546,-0.02247,0.68527
677,693248,37.73046,228.6,0.6,0.83,0.819005,-0.002444,0.011199,0.002136,0.260051,0.018555,0.963742,49.361874,27.26442,48.736931,28.704386,4.0,0.00023078,5,784,0.1665,0.23587,0.17,0.0,100,0.0,0.11258,,,-0.01,0.01343,0.02373,-0.01707,0.00421,-0.01382,0.307
678,694272,72.1105,87.4,1.0,0.83,0.776804,-0.002018,0.005078,0.002127,0.321761,0.023821,0.987163,41.92292,33.473869,40.53896,35.229839,4.0,0.00023068,5,820,0.17171,0.3011,0.17,0.0,100,0.0,0.29268,,,-0.01,0.00785,0.04437,-0.01797,0.00513,-0.01096,0.55637
679,695296,37.5439,265.33333,0.5,0.8,0.740715,-0.002888,0.009024,0.002345,0.378679,0.02832,0.989621,26.165859,42.48122,24.052637,43.300079,4.0,0.00023057,6,820,0.17096,0.28933,0.2,0.0,100,0.0,0.04348,,,-0.01,0.00959,0.03947,-0.01778,0.0037,-0.01349,0.34167
680,696320,56.42195,177.875,0.75,0.79,0.868013,-0.002693,0.007247,0.002943,0.260852,0.033936,0.984003,45.783081,31.992481,44.643105,33.606861,4.0,0.00023047,8,757,0.16322,0.22235,0.21,0.0,100,0.0,0.06485,,,-0.01,0.01166,0.02254,-0.02116,0.00646,-0.01323,0.56795
681,697344,71.0929,83.2,1.0,0.8,0.746669,-0.003563,0.020234,0.003671,0.339469,0.045131,0.968677,36.228004,37.725376,33.810806,39.046505,4.0,0.00023037,5,802,0.15025,0.20267,0.2,0.0,100,0.0,0.22581,,,-0.01,0.01075,0.01806,-0.02254,0.00951,-0.00832,0.53946
682,698368,64.78166,148.0,0.9,0.8,0.810622,-0.002226,0.022215,0.004172,0.239618,0.064069,0.971253,33.487202,44.518387,34.243656,45.447315,4.0,0.00023027,10,778,0.11861,0.16578,0.2,0.0,100,0.0,0.12371,,,-0.01,0.01093,0.00986,-0.01933,0.01007,-0.00936,0.89005
683,699392,71.10284,83.2,1.0,0.8,0.740532,-0.002311,0.0201,0.002353,0.268825,0.030762,0.981511,29.804249,48.789066,28.184902,49.665226,4.0,0.00023016,5,815,0.12575,0.18517,0.2,0.0,100,0.0,0.31707,,,-0.01,0.01124,0.01416,-0.02086,0.00742,-0.00907,0.56778
684,700416,50.10368,189.71429,0.71429,0.81,0.711557,-0.002526,0.033082,0.002716,0.311341,0.034005,0.955761,32.251026,41.180927,30.150137,41.650677,4.0,0.00023006,7,830,0.12999,0.20117,0.19,0.0,100,0.0,0.24324,,,-0.01,0.01076,0.02088,-0.01995,-0.00012,-0.01176,0.59256
685,701440,72.07869,89.66667,1.0,0.81,0.763303,-0.002707,0.007933,0.002504,0.271729,0.028669,0.991527,22.30541,46.968258,20.899294,47.669167,4.0,0.00022996,3,842,0.14331,0.2431,0.19,0.0,100,0.0,0.21739,,,-0.01,0.01078,0.02853,-0.01672,0.00664,-0.01619,0.34103
686,702464,48.35122,205.83333,0.66667,0.8,0.809348,-0.002233,0.007875,0.001436,0.251418,0.014439,0.991018,26.031111,46.057426,25.113993,47.075821,4.0,0.00022986,6,814,0.15096,0.2658,0.2,0.0,100,0.0,0.08642,,,-0.01,0.0076,0.03433,-0.0186,0.00374,-0.01321,0.42684
687,703488,53.4135,181.25,0.75,0.79,0.95751,-0.00234,0.023296,0.002502,0.253836,0.024275,0.96128,38.508038,35.960922,37.410042,37.417404,4.0,0.00022975,8,744,0.14158,0.20604,0.21,0.0,100,0.0,0.13661,,,-0.01,0.01324,0.0201,-0.01696,0.00638,-0.01245,0.53372
688,704512,53.58772,201.71429,0.71429,0.8,0.892518,-0.002071,0.020952,0.002815,0.221259,0.030413,0.964084,36.917233,35.610767,36.348637,37.057552,4.0,0.00022965,7,777,0.13606,0.1885,0.2,0.0,100,0.0,0.09639,,,-0.01,0.01132,0.01859,-0.01407,0.00525,-0.01068,0.49114
689,705536,73.01044,92.0,1.0,0.82,0.911276,-0.002622,0.015171,0.002194,0.235455,0.025356,0.980368,32.942604,41.760098,32.3125,43.037697,4.0,0.00022955,5,796,0.13537,0.19676,0.18,0.0,100,0.0,0.125,,,-0.01,0.01205,0.02041,-0.01477,0.00635,-0.00893,0.50623
690,706560,52.76047,192.75,0.75,0.81,0.832649,-0.002648,0.023865,0.003024,0.303769,0.037144,0.974025,22.536987,45.103985,20.191687,45.676605,4.0,0.00022945,4,822,0.14671,0.2431,0.19,0.0,100,0.0,0.20588,,,-0.01,0.0084,0.03094,-0.01855,0.00142,-0.01031,0.32028
691,707584,42.12769,305.0,0.6,0.8,0.876635,-0.001405,0.033092,0.002011,0.19042,0.023717,0.947826,23.850063,39.579575,23.84856,40.348965,4.0,0.00022934,5,811,0.1562,0.28631,0.2,0.0,100,0.0,0.0292,,,-0.01,0.00586,0.0402,-0.01794,0.00087,-0.00866,0.29767
692,708608,61.02433,155.83333,0.83333,0.8,0.926632,-0.003439,0.007876,0.002819,0.259025,0.028669,0.990502,25.737991,44.716297,25.760557,46.331924,4.0,0.00022924,6,781,0.1531,0.24429,0.2,0.0,100,0.0,0.08,,,-0.01,0.01229,0.02767,-0.01343,0.00654,-0.00906,0.49323
693,709632,46.73933,226.875,0.625,0.79,1.020715,-0.003856,0.009841,0.003363,0.260258,0.039028,0.988081,31.119232,45.059597,31.426483,46.25079,4.0,0.00022914,8,749,0.14442,0.21787,0.21,0.0,100,0.0,0.05,,,-0.01,0.01124,0.02326,-0.01367,0.00525,-0.01124,0.44677
694,710656,72.52642,93.85714,1.0,0.79,1.112493,-0.002188,0.015208,0.002191,0.199556,0.022147,0.84892,55.477669,14.128736,56.129238,15.794413,4.0,0.00022904,7,710,0.13934,0.18708,0.21,0.0,100,0.0,0.18033,,,-0.01,0.01311,0.01553,-0.01728,0.00753,-0.01273,0.55255
695,711680,72.14246,102.125,1.0,0.83,1.064671,-0.002731,0.029257,0.004627,0.269423,0.053467,0.880103,50.481499,24.974903,51.458607,24.70797,4.0,0.00022893,8,736,0.15247,0.24442,0.17,0.0,100,0.0,0.13095,,,-0.01,0.01081,0.03177,-0.01507,0.00604,-0.01264,0.66674
696,712704,63.21364,147.0,0.875,0.83,1.071398,-0.00232,0.01793,0.004054,0.229225,0.044085,0.882414,53.891888,18.393404,54.295555,19.487309,4.0,0.00022883,8,723,0.15115,0.21797,0.17,0.0,100,0.0,0.07009,,,-0.01,0.01203,0.02524,-0.01782,0.00437,-0.01036,0.57172
697,713728,71.52402,123.125,1.0,0.84,0.98512,-0.001953,0.026867,0.003098,0.274062,0.026821,0.870891,51.534576,21.786512,51.808163,22.126944,4.0,0.00022873,8,745,0.15847,0.21896,0.16,0.0,100,0.0,0.06135,,,-0.01,0.01282,0.02388,-0.0193,0.00537,-0.00669,0.70615
698,714752,65.96077,139.3,0.9,0.83,0.923831,-0.00194,0.013883,0.002042,0.242526,0.021275,0.934978,53.359837,21.529943,54.756985,22.313086,4.0,0.00022863,10,741,0.16112,0.22118,0.17,0.0,100,0.0,0.07663,,,-0.01,0.01418,0.02233,-0.0175,0.00861,-0.01036,0.81463
699,715776,72.43104,88.33333,1.0,0.85,0.994337,-0.00336,0.0071,0.003745,0.271397,0.041225,0.977554,55.609001,26.469568,56.068237,27.686642,4.0,0.00022852,9,723,0.15573,0.20719,0.15,0.0,100,0.0,0.22667,,,-0.01,0.014,0.01583,-0.01686,0.00878,-0.00775,0.77015
700,716800,63.49347,156.28571,0.85714,0.86,0.942237,-0.001341,0.011365,0.001742,0.225121,0.013602,0.931541,58.753639,18.920509,58.020088,20.140972,4.0,0.00022842,7,747,0.15725,0.23644,0.14,0.0,100,0.0,0.05314,,,-0.01,0.01269,0.02547,-0.01654,0.0042,-0.00743,0.56606
701,717824,71.61316,105.57143,1.0,0.88,0.746331,-0.002072,0.011141,0.002406,0.209589,0.025635,0.969402,48.254284,27.75149,47.607677,29.266184,4.0,0.00022832,7,807,0.17024,0.23323,0.12,0.0,100,0.0,0.17241,,,-0.01,0.01102,0.02056,-0.02021,0.00286,-0.00579,0.80378
702,718848,61.81602,153.33333,0.83333,0.89,0.708368,-0.003347,0.014828,0.00352,0.312235,0.048723,0.979362,34.500328,39.670216,32.482796,40.845383,4.0,0.00022822,6,832,0.15964,0.21849,0.11,0.0,100,0.0,0.08824,,,-0.01,0.00925,0.02049,-0.01925,0.00251,-0.00514,0.62024
703,719872,53.27401,180.25,0.75,0.88,0.794524,-0.00247,0.01728,0.002381,0.303127,0.026611,0.976548,33.333515,40.08305,31.839203,40.663513,4.0,0.00022812,4,816,0.13644,0.20292,0.12,0.0,100,0.0,0.21739,,,-0.01,0.01075,0.01864,-0.01783,0.00691,-0.00798,0.35213
704,720896,59.49431,146.33333,0.83333,0.87,0.758458,-0.003038,0.01597,0.002125,0.320727,0.01995,0.973056,31.158705,35.453247,29.351851,36.493462,4.0,0.00022801,6,812,0.15104,0.24924,0.13,0.0,100,0.0,0.13514,,,-0.01,0.01282,0.02246,-0.01584,0.00189,-0.00547,0.59091
705,721920,49.10286,205.66667,0.66667,0.88,0.81093,-0.003651,0.006847,0.002212,0.244991,0.025426,0.988582,26.643185,38.917629,26.13471,40.588627,4.0,0.00022791,6,792,0.16851,0.23915,0.12,0.0,100,0.0,0.04138,,,-0.01,0.01376,0.0231,-0.0144,0.00805,-0.00779,0.43261
706,722944,39.26812,267.0,0.5,0.86,0.67377,-0.002534,0.030108,0.001347,0.412083,0.013009,0.949935,27.868387,37.42799,24.241211,36.964882,4.0,0.00022781,4,832,0.174,0.2518,0.14,0.0,100,0.0,0.06711,,,-0.01,0.01334,0.02448,-0.01737,-0.00025,-0.00853,0.25265
707,723968,70.12716,161.2,1.0,0.87,0.685063,-0.002026,0.046303,0.00185,0.199044,0.019392,0.918953,21.083128,36.161572,22.238239,37.122799,4.0,0.00022771,5,836,0.16708,0.26046,0.13,0.0,100,0.0,0.22772,,,-0.01,0.00872,0.03158,-0.01872,0.0075,-0.0051,0.61029
708,724992,60.10413,168.0,0.8,0.89,0.755232,-0.002482,0.008576,0.001876,0.223955,0.020857,0.988799,15.249435,42.705505,14.790429,44.008739,4.0,0.0002276,5,820,0.15853,0.24589,0.11,0.0,100,0.0,0.04615,,,-0.01,0.01037,0.02838,-0.01556,0.00627,-0.00672,0.46081
709,726016,43.73598,235.6,0.6,0.85,1.049554,-0.002798,0.008948,0.002453,0.23709,0.023403,0.982308,43.842098,34.788994,44.692326,35.708405,4.0,0.0002275,10,712,0.14467,0.21099,0.15,0.0,100,0.0,0.24254,,,-0.01,0.01525,0.01685,-0.01484,0.00751,-0.00906,0.501
710,727040,72.92454,102.57143,1.0,0.86,1.071145,-0.002633,0.013559,0.004271,0.242257,0.053676,0.669447,57.985695,9.819946,58.588528,10.075778,4.0,0.0002274,7,713,0.1581,0.21214,0.14,0.0,100,0.0,0.14286,,,-0.01,0.01641,0.01886,-0.01489,0.00896,-0.00713,0.58638
711,728064,72.57913,125.0,1.0,0.86,1.041989,-0.002705,0.026063,0.003176,0.225608,0.042341,0.742756,54.956886,14.102002,54.655212,15.774025,4.0,0.0002273,9,730,0.15567,0.20745,0.14,0.0,100,0.0,0.14689,,,-0.01,0.01603,0.01592,-0.01431,0.00208,-0.00756,0.77709
712,729088,71.92958,122.0,1.0,0.86,0.673199,-0.003464,0.014848,0.002674,0.272595,0.03683,0.961919,36.084866,28.85874,34.740742,30.032385,4.0,0.00022719,3,849,0.16432,0.23362,0.14,0.0,100,0.0,0.21429,,,-0.01,0.01465,0.01369,-0.01138,-0.0015,-0.00502,0.40552
713,730112,72.91806,108.33333,1.0,0.86,0.632606,-0.003343,0.013163,0.002532,0.323187,0.029332,0.977614,19.444386,35.937328,17.991358,36.790405,4.0,0.00022709,3,872,0.1619,0.25007,0.14,0.0,100,0.0,0.14583,,,-0.01,0.01171,0.02529,-0.01308,0.00613,-0.00388,0.44458
714,731136,43.66209,233.4,0.6,0.85,0.655391,-0.003416,0.00362,0.002264,0.304747,0.030099,0.993818,11.004973,40.244823,10.37003,41.54826,4.0,0.00022699,5,853,0.14522,0.24079,0.15,0.0,100,0.0,0.2,,,-0.01,0.01093,0.02678,-0.01241,0.00665,-0.00698,0.40606
715,732160,41.47484,266.57143,0.57143,0.82,0.996336,-0.002896,0.014785,0.00447,0.272131,0.06107,0.959135,45.536655,29.817097,45.852993,30.258263,4.0,0.00022689,7,755,0.15172,0.2244,0.18,0.0,100,0.0,0.21739,,,-0.01,0.01275,0.0139,-0.01238,0.00515,-0.00632,0.37197
716,733184,63.4777,153.375,0.875,0.82,1.037182,-0.001844,0.021153,0.002889,0.19156,0.021624,0.891307,51.825253,21.019073,52.040924,21.582237,4.0,0.00022678,8,731,0.15491,0.24604,0.18,0.0,100,0.0,0.19588,,,-0.01,0.01641,0.01599,-0.01155,0.00711,-0.00675,0.61218
717,734208,71.85265,115.77778,1.0,0.82,1.082537,-0.002208,0.015408,0.003223,0.283622,0.032715,0.893156,51.551178,18.247145,53.280613,19.137478,4.0,0.00022668,9,725,0.15267,0.25191,0.18,0.0,100,0.0,0.28467,,,-0.01,0.01304,0.01839,-0.01584,0.00798,-0.01047,0.76456
718,735232,62.26498,148.66667,0.83333,0.81,1.021676,-0.003318,0.007162,0.002629,0.233802,0.022531,0.96167,51.154724,20.074253,51.023029,21.310467,4.0,0.00022658,6,742,0.16208,0.23774,0.19,0.0,100,0.0,0.11613,,,-0.01,0.01332,0.01562,-0.01624,0.00587,-0.00561,0.46233
719,736256,70.52202,130.28571,1.0,0.83,0.979668,-0.00198,0.018806,0.002661,0.211232,0.026228,0.904584,50.9533,19.870584,50.605503,21.459568,4.0,0.00022648,7,761,0.16195,0.27219,0.17,0.0,100,0.0,0.26596,,,-0.01,0.01106,0.01848,-0.01818,0.00218,-0.0058,0.66181
720,737280,70.28341,152.75,1.0,0.84,0.835273,-0.002081,0.011782,0.003151,0.213477,0.03125,0.96727,43.393959,29.249441,43.11261,30.153809,4.0,0.00022637,4,822,0.17896,0.29683,0.16,0.0,100,0.0,0.16239,,,-0.01,0.00927,0.0299,-0.02068,0.00466,-0.00494,0.44539
721,738304,58.91046,158.4,0.8,0.84,0.94007,-0.002678,0.00592,0.002468,0.280405,0.020822,0.981018,42.39394,29.13648,41.689087,30.764128,4.0,0.00022627,5,781,0.16935,0.28325,0.16,0.0,100,0.0,0.06024,,,-0.01,0.01126,0.0329,-0.01618,0.00533,-0.00364,0.40808
722,739328,51.90311,243.0,0.71429,0.85,0.925452,-0.002617,0.01496,0.003458,0.206629,0.051583,0.969421,39.911446,32.567436,39.677437,33.596889,4.0,0.00022617,7,770,0.17197,0.27269,0.15,0.0,100,0.0,0.08955,,,-0.01,0.0116,0.02984,-0.01437,0.00165,-0.00868,0.48808
723,740352,62.01135,151.33333,0.83333,0.84,1.109081,-0.004144,0.005827,0.003551,0.265284,0.040981,0.961875,52.834831,18.376318,52.875828,19.967896,4.0,0.00022607,6,723,0.1659,0.22736,0.16,0.0,100,0.0,0.08917,,,-0.01,0.01501,0.01607,-0.01133,0.00822,-0.00752,0.43351
724,741376,72.91335,155.0,1.0,0.86,0.908199,-0.00149,0.030197,0.002218,0.239385,0.022531,0.905265,42.911419,27.79084,41.876415,28.498741,4.0,0.00022596,5,784,0.17985,0.27248,0.14,0.0,100,0.0,0.07914,,,-0.01,0.01235,0.02551,-0.01597,0.00236,-0.00419,0.51287
725,742400,59.13928,172.0,0.83333,0.87,0.858737,-0.003705,0.015032,0.002163,0.295427,0.021275,0.969786,35.632416,32.747227,34.059258,33.661732,4.0,0.00022586,6,796,0.15294,0.25976,0.13,0.0,100,0.0,0.26471,,,-0.01,0.01147,0.02675,-0.01397,0.00233,-0.00505,0.53694
726,743424,45.22808,239.0,0.6,0.86,0.889483,-0.003039,0.005675,0.002085,0.238433,0.024658,0.989239,32.731236,35.265789,32.431923,36.474171,4.0,0.00022576,5,797,0.15816,0.25085,0.14,0.0,100,0.0,0.07229,,,-0.01,0.01183,0.02957,-0.01446,0.0075,-0.00812,0.32197
727,744448,63.56147,148.85714,0.85714,0.85,1.018753,-0.002604,0.018075,0.003042,0.253225,0.035086,0.960678,41.916302,31.675285,40.927814,32.785614,4.0,0.00022566,7,751,0.15174,0.23273,0.15,0.0,100,0.0,0.09645,,,-0.01,0.01482,0.02186,-0.01212,0.00116,-0.01004,0.56389
728,745472,57.79896,166.4,0.8,0.84,0.931252,-0.00264,0.006578,0.002512,0.259808,0.0226,0.983633,38.472073,31.528675,37.759209,32.960987,4.0,0.00022556,5,793,0.15511,0.25025,0.16,0.0,100,0.0,0.13889,,,-0.01,0.01229,0.02909,-0.01505,0.00758,-0.00948,0.41107
729,746496,71.5207,173.2,1.0,0.84,0.943008,-0.004096,0.028804,0.004223,0.347314,0.063198,0.938422,37.980083,31.548876,36.602013,32.391369,4.0,0.00022545,5,785,0.16754,0.26925,0.16,0.0,100,0.0,0.03409,,,-0.01,0.01277,0.02907,-0.01444,0.0042,-0.00522,0.49333
730,747520,52.69815,214.0,0.71429,0.84,0.808967,-0.002897,0.021959,0.002941,0.223308,0.041085,0.958039,23.799191,35.676594,23.582737,36.941296,4.0,0.00022535,7,813,0.17379,0.26975,0.16,0.0,100,0.0,0.08374,,,-0.01,0.01113,0.0308,-0.01379,0.0011,-0.00681,0.58073
731,748544,59.60422,198.6,0.8,0.86,1.049566,-0.001427,0.027269,0.002895,0.206474,0.03275,0.941094,40.150551,32.534008,40.915932,32.796211,4.0,0.00022525,5,756,0.15113,0.21683,0.14,0.0,100,0.0,0.04839,,,-0.01,0.01261,0.01956,-0.01464,0.00581,-0.00543,0.36621
732,749568,61.42325,170.0,0.85714,0.86,1.028828,-0.002666,0.018052,0.003049,0.261056,0.035261,0.961861,40.21862,32.248379,39.560894,33.477608,4.0,0.00022515,7,755,0.14756,0.21245,0.14,0.0,100,0.0,0.18293,,,-0.01,0.01358,0.01551,-0.01216,0.00156,-0.00552,0.56643
733,750592,61.25935,166.33333,0.83333,0.85,0.925452,-0.002984,0.015727,0.002751,0.21466,0.031808,0.959534,37.91441,29.374411,37.761311,31.207644,4.0,0.00022504,6,774,0.16238,0.21482,0.15,0.0,100,0.0,0.07263,,,-0.01,0.01273,0.01574,-0.01745,0.00387,-0.00619,0.50843
734,751616,71.1962,119.0,1.0,0.85,0.922206,-0.00246,0.01359,0.00215,0.211421,0.022287,0.977217,35.219288,36.834805,35.059788,37.976677,4.0,0.00022494,6,782,0.15242,0.17786,0.15,0.0,100,0.0,0.15493,,,-0.01,0.01386,0.01016,-0.01249,0.0033,-0.00683,0.62556
735,752640,56.72434,193.8,0.8,0.84,0.948282,-0.002315,0.018926,0.001906,0.208674,0.01838,0.967309,34.582977,37.176506,34.90831,38.116844,4.0,0.00022484,5,781,0.16595,0.20419,0.16,0.0,100,0.0,0.26786,,,-0.01,0.01272,0.00619,-0.01136,0.00585,-0.00594,0.40923
736,753664,57.02243,222.4,0.8,0.84,1.002633,-0.003022,0.011903,0.002693,0.255883,0.02832,0.970143,44.734379,30.297079,44.780754,31.318861,4.0,0.00022474,5,767,0.17951,0.27438,0.16,0.0,100,0.0,0.15625,,,-0.01,0.00818,0.03298,-0.0129,0.00546,-0.0038,0.37052
737,754688,48.07073,230.5,0.66667,0.82,1.058628,-0.002604,0.008228,0.003119,0.235079,0.037005,0.981862,40.527534,34.747234,40.548012,36.031876,4.0,0.00022463,6,746,0.17451,0.27528,0.18,0.0,100,0.0,0.21348,,,-0.01,0.01034,0.02973,-0.01543,0.00673,-0.00582,0.35771
738,755712,65.22821,146.66667,0.88889,0.82,1.08187,-0.002844,0.01818,0.003116,0.265174,0.032157,0.919862,49.384224,21.000963,48.741478,22.979214,4.0,0.00022453,9,724,0.15313,0.22953,0.18,0.0,100,0.0,0.1097,,,-0.01,0.013,0.01331,-0.01564,0.00288,-0.0068,0.69003
739,756736,71.50315,125.66667,1.0,0.83,0.814023,-0.002126,0.0328,0.00203,0.324779,0.020961,0.909922,39.91721,28.576113,38.339294,29.302782,4.0,0.00022443,3,821,0.18018,0.27359,0.17,0.0,100,0.0,0.15,,,-0.01,0.0121,0.01929,-0.01424,-0.00172,-0.0028,0.35454
740,757760,71.04673,114.0,1.0,0.84,0.674405,-0.003089,0.016301,0.00175,0.373593,0.017892,0.973631,19.279547,37.36903,16.266602,37.883156,4.0,0.00022433,2,877,0.18553,0.2833,0.16,0.0,100,0.0,0.28,,,-0.01,0.01045,0.0193,-0.01152,0.0016,-0.00267,0.28656
741,758784,41.5995,252.0,0.57143,0.82,0.697744,-0.003979,0.006272,0.001979,0.276133,0.025391,0.990389,4.205889,42.63731,3.718352,44.534893,4.0,0.00022422,7,850,0.17592,0.28206,0.18,0.0,100,0.0,0.21719,,,-0.01,0.00945,0.02359,-0.01471,0.00501,-0.0069,0.54273
742,759808,48.52171,220.5,0.66667,0.8,0.941257,-0.002316,0.018812,0.003321,0.246773,0.032645,0.977155,30.744701,43.3153,30.291553,44.166824,4.0,0.00022412,6,768,0.15808,0.21639,0.2,0.0,100,0.0,0.16667,,,-0.01,0.01309,0.01494,-0.01652,0.0026,-0.00572,0.40323
743,760832,59.32654,159.83333,0.83333,0.8,1.034025,-0.002496,0.022768,0.003557,0.292739,0.035679,0.927436,47.820686,25.118259,46.828449,26.996578,4.0,0.00022402,6,749,0.16551,0.25027,0.2,0.0,100,0.0,0.2,,,-0.01,0.01118,0.02584,-0.01718,0.00487,-0.00561,0.46141
744,761856,72.25131,165.4,1.0,0.82,0.874493,-0.001756,0.033722,0.001933,0.200106,0.01859,0.935678,29.587147,35.091248,29.039911,36.233105,4.0,0.00022392,5,790,0.16473,0.25712,0.18,0.0,100,0.0,0.04268,,,-0.01,0.0112,0.02848,-0.01681,0.00206,-0.01046,0.51593
745,762880,57.32492,182.4,0.8,0.82,0.798213,-0.002789,0.019737,0.001842,0.256671,0.020124,0.974893,18.156664,41.99836,17.095814,43.115376,4.0,0.00022381,5,811,0.1635,0.25639,0.18,0.0,100,0.0,0.17323,,,-0.01,0.01113,0.02022,-0.01776,0.0009,-0.00603,0.46995
746,763904,48.42642,219.83333,0.66667,0.81,0.794221,-0.003507,0.018286,0.002327,0.224416,0.023472,0.97927,16.095896,45.123466,15.432488,46.292782,4.0,0.00022371,6,818,0.13776,0.21227,0.19,0.0,100,0.0,0.06395,,,-0.01,0.01229,0.01084,-0.01288,0.00286,-0.00676,0.48238
747,764928,56.66342,177.6,0.8,0.8,0.838416,-0.001612,0.025761,0.002167,0.214134,0.022635,0.966738,23.483149,42.279152,22.739002,43.277317,4.0,0.00022361,5,808,0.14562,0.19923,0.2,0.0,100,0.0,0.19231,,,-0.01,0.01348,0.00796,-0.01511,0.00378,-0.00919,0.45638
748,765952,47.30231,222.0,0.66667,0.8,0.847328,-0.003415,0.012602,0.00304,0.279453,0.033901,0.984441,22.080765,43.860786,20.825346,44.278931,4.0,0.00022351,3,819,0.15662,0.22292,0.2,0.0,100,0.0,0.21429,,,-0.01,0.01139,0.01476,-0.01541,0.00221,-0.00692,0.2322
749,766976,52.62125,237.25,0.75,0.81,0.82303,-0.002939,0.018923,0.002323,0.24738,0.028355,0.971911,24.728275,40.538727,24.215008,41.518867,4.0,0.0002234,4,817,0.18634,0.30441,0.19,0.0,100,0.0,0.19048,,,-0.01,0.00829,0.0348,-0.01535,0.0009,-0.00287,0.335
750,768000,49.62189,253.28571,0.71429,0.79,1.080169,-0.001468,0.030317,0.002847,0.296414,0.026088,0.928372,40.279053,33.393799,42.334042,32.966236,4.0,0.0002233,7,730,0.16113,0.2583,0.21,0.0,100,0.0,0.18852,,,-0.01,0.0089,0.01836,-0.01653,0.00645,-0.00478,0.42104
751,769024,72.28295,116.0,1.0,0.8,1.192183,-0.002282,0.01737,0.003341,0.317917,0.038086,0.801636,54.184135,12.392355,53.048,14.43721,4.0,0.0002232,5,728,0.15638,0.26252,0.2,0.0,100,0.0,0.15385,,,-0.01,0.00825,0.03158,-0.01591,0.00405,-0.00375,0.40571
752,770048,70.4116,173.0,1.0,0.8,1.049027,-0.002001,0.026601,0.002976,0.313248,0.034389,0.905806,37.678074,25.441135,36.014832,26.542519,4.0,0.0002231,3,782,0.17488,0.31415,0.2,0.0,100,0.0,0.18803,,,-0.01,0.00553,0.04275,-0.01543,0.00128,-0.00249,0.26975
753,771072,44.17562,296.42857,0.57143,0.78,1.011374,-0.002976,0.04092,0.004248,0.254409,0.054548,0.890863,32.918926,28.787546,32.400341,29.702017,4.0,0.000223,7,763,0.14738,0.24563,0.22,0.0,100,0.0,0.10826,,,-0.01,0.00761,0.02421,-0.01729,0.00082,-0.00914,0.36138
754,772096,71.03037,116.0,1.0,0.8,0.909531,-0.002384,0.020327,0.002246,0.241128,0.025495,0.962684,31.545319,34.419003,31.822758,36.635361,4.0,0.00022289,7,797,0.13357,0.2113,0.2,0.0,100,0.0,0.28283,,,-0.01,0.01248,0.00866,-0.0144,0.00502,-0.00738,0.74435
755,773120,56.39264,185.6,0.8,0.79,0.920552,-0.003215,0.006412,0.0028,0.234051,0.029367,0.991302,24.992777,43.258617,25.758257,44.957672,4.0,0.00022279,5,800,0.13874,0.21733,0.21,0.0,100,0.0,0.41176,,,-0.01,0.01226,0.01192,-0.01262,0.00966,-0.00235,0.42357
756,774144,34.33653,270.0,0.5,0.78,0.871797,-0.003398,0.010912,0.002877,0.270618,0.033866,0.985608,28.793365,43.887772,27.623518,44.36385,4.0,0.00022269,2,829,0.15827,0.26112,0.22,0.0,100,0.0,0.5,,,-0.01,0.00843,0.02537,-0.0139,0.00225,-0.00179,0.11558
757,775168,60.93596,190.71429,0.85714,0.79,0.991708,-0.002681,0.012292,0.003466,0.2273,0.038225,0.97606,36.222404,34.198692,37.003513,35.612679,4.0,0.00022259,7,766,0.14647,0.24259,0.21,0.0,100,0.0,0.26966,,,-0.01,0.0123,0.01474,-0.01457,0.00511,-0.00458,0.56237
758,776192,59.88205,193.8,0.8,0.79,0.934414,-0.002633,0.017461,0.00207,0.24783,0.020124,0.96992,40.849854,36.407475,40.069008,37.257519,4.0,0.00022248,5,798,0.16825,0.28097,0.21,0.0,100,0.0,0.125,,,-0.01,0.00898,0.02201,-0.01603,0.00325,-0.00644,0.41084
759,777216,50.86536,270.25,0.75,0.78,0.900414,-0.003384,0.041193,0.00371,0.346647,0.044782,0.899161,39.922058,30.250643,37.231136,31.046265,4.0,0.00022238,4,808,0.1592,0.26953,0.22,0.0,100,0.0,0.28333,,,-0.01,0.00887,0.02714,-0.01428,0.00063,-0.00321,0.30648
760,778240,70.73003,196.5,1.0,0.79,0.761337,-0.00184,0.029017,0.002418,0.204225,0.029576,0.947588,17.149271,36.000137,16.318914,36.758381,4.0,0.00022228,4,858,0.16314,0.28763,0.21,0.0,100,0.0,0.17436,,,-0.01,0.00694,0.02589,-0.01228,-0.00071,-0.00437,0.49686
761,779264,52.32882,251.0,0.75,0.8,0.752252,-0.002524,0.013106,0.002187,0.250477,0.025426,0.982894,9.425951,43.396915,9.731881,44.762047,4.0,0.00022218,4,850,0.16922,0.27287,0.2,0.0,100,0.0,0.16239,,,-0.01,0.00943,0.01286,-0.01205,0.00448,-0.00471,0.38449
762,780288,-4.15416,450.0,0.0,0.78,0.882783,-0.002801,0.009923,0.003004,0.258122,0.039446,0.986274,20.539078,41.934547,19.109449,42.268341,4.0,0.00022207,3,815,0.17523,0.29509,0.22,0.0,100,0.0,0.8254,,,-0.01,0.00994,0.02078,-0.0119,0.00074,-0.00408,0.0
763,781312,70.98665,211.33333,1.0,0.79,1.018532,-0.002251,0.027611,0.002114,0.253626,0.02267,0.932501,31.798923,30.507887,31.429541,31.660448,4.0,0.00022197,3,791,0.15748,0.27832,0.21,0.0,100,0.0,0.16667,,,-0.01,0.00954,0.01955,-0.01297,0.00116,-0.00556,0.28578
764,782336,50.18902,227.33333,0.66667,0.79,0.900273,-0.003085,0.016009,0.002819,0.298258,0.031634,0.974706,19.758884,38.129471,18.224016,38.701756,4.0,0.00022187,3,828,0.14951,0.28025,0.21,0.0,100,0.0,0.15942,,,-0.01,0.00968,0.02292,-0.01252,0.00144,-0.0028,0.22652
765,783360,40.83651,263.28571,0.57143,0.76,0.943239,-0.004073,0.02183,0.004475,0.308464,0.057338,0.961934,21.878763,36.493553,21.122738,37.88427,4.0,0.00022177,7,795,0.14349,0.25,0.24,0.0,100,0.0,0.26804,,,-0.01,0.01121,0.01483,-0.01097,0.00234,-0.00557,0.42436
766,784384,55.30248,187.25,0.75,0.75,0.994484,-0.004523,0.020958,0.002488,0.282396,0.021694,0.961935,23.191038,35.029152,22.571398,36.522339,4.0,0.00022166,4,781,0.16525,0.25588,0.25,0.0,100,0.0,0.2,,,-0.01,0.00964,0.00815,-0.01395,0.00206,-0.01375,0.3069
767,785408,53.12854,200.75,0.75,0.75,0.852378,-0.002287,0.020741,0.003453,0.314006,0.044085,0.965157,22.740999,36.342064,21.761723,37.709061,4.0,0.00022156,4,817,0.20717,0.31568,0.25,0.0,100,0.0,0.42623,,,-0.01,0.00845,0.01809,-0.0188,0.00165,-0.0156,0.35178
768,786432,55.01463,242.4,0.8,0.76,0.847602,-0.002344,0.044089,0.00283,0.25609,0.039516,0.933529,14.559588,39.916836,14.754251,41.14452,4.0,0.00022146,5,808,0.20615,0.32211,0.24,0.0,100,0.0,0.23846,,,-0.01,0.00844,0.01563,-0.02044,0.00035,-0.02003,0.43703
769,787456,40.16418,220.66667,0.66667,0.75,0.907311,-0.002885,0.030601,0.002771,0.259777,0.029122,0.95263,19.90353,37.161648,20.407749,39.215305,4.0,0.00022136,6,802,0.16612,0.2781,0.25,0.0,100,0.0,0.52727,,,-0.01,0.00959,0.00873,-0.0177,0.00562,-0.00919,0.43754
770,788480,61.73407,154.85714,0.85714,0.76,0.912784,-0.002242,0.029135,0.003013,0.323975,0.031285,0.942098,28.025999,34.054947,29.99629,36.080463,4.0,0.00022125,7,792,0.13551,0.25085,0.24,0.0,100,0.0,0.22941,,,-0.01,0.01245,0.00911,-0.01649,0.00393,-0.00887,0.64122
771,789504,61.93032,151.625,0.875,0.77,1.001738,-0.001993,0.012864,0.001957,0.290273,0.017753,0.982868,30.917936,42.805805,32.746403,44.521355,4.0,0.00022115,8,774,0.13789,0.25092,0.23,0.0,100,0.0,0.48454,,,-0.01,0.01043,0.00561,-0.01354,0.00676,-0.00787,0.68296
772,790528,58.91727,176.83333,0.83333,0.76,0.991386,-0.002443,0.012766,0.001563,0.246157,0.012068,0.977721,40.364429,38.01284,40.863544,38.894722,4.0,0.00022105,6,777,0.143,0.26481,0.24,0.0,100,0.0,0.4,,,-0.01,0.01004,0.01257,-0.0146,0.00351,-0.00687,0.48503
773,791552,70.89537,113.0,1.0,0.79,0.939034,-0.001956,0.016979,0.00134,0.311145,0.009417,0.93783,44.366283,26.064499,43.070004,27.843012,4.0,0.00022095,4,799,0.14647,0.25905,0.21,0.0,100,0.0,0.41667,,,-0.01,0.01056,0.01208,-0.01404,0.00181,-0.00785,0.4197
774,792576,52.31914,194.0,0.75,0.78,0.73733,-0.002013,0.017126,0.002153,0.294103,0.023054,0.971423,30.725153,36.611828,29.913101,38.144894,4.0,0.00022084,4,850,0.16905,0.28836,0.22,0.0,100,0.0,0.24779,,,-0.01,0.01225,0.0118,-0.01455,0.00163,-0.00636,0.39264
775,793600,42.43454,235.4,0.6,0.76,0.79697,-0.003439,0.005658,0.003093,0.331424,0.044329,0.989,27.760864,40.521416,26.646875,41.740875,4.0,0.00022074,5,843,0.16647,0.28606,0.24,0.0,100,0.0,0.25893,,,-0.01,0.00918,0.01267,-0.01867,0.00653,-0.00634,0.36325
776,794624,52.09894,210.25,0.75,0.76,0.864229,-0.002869,0.018135,0.002169,0.326546,0.028216,0.968757,29.6138,36.62579,27.919994,37.916828,4.0,0.00022064,4,825,0.17379,0.31626,0.24,0.0,100,0.0,0.45588,,,-0.01,0.00914,0.02321,-0.01652,0.00334,-0.00606,0.33374
777,795648,40.5329,213.85714,0.57143,0.75,1.004246,-0.002854,0.01824,0.002392,0.279662,0.026542,0.956351,35.135651,31.826952,34.512001,33.037945,4.0,0.00022054,7,760,0.14235,0.24192,0.24,0.0,100,0.14286,0.23125,,,-0.01,0.0131,0.01313,-0.01556,0.00255,-0.00692,0.37474
778,796672,50.01341,194.71429,0.71429,0.74,0.879818,-0.002266,0.055926,0.002305,0.256312,0.022496,0.781123,39.381916,26.71974,38.548611,25.570518,4.0,0.00022044,7,781,0.14944,0.25341,0.24,0.0,100,0.14286,0.21348,,,-0.01,0.01327,0.01274,-0.01365,-0.00085,-0.00649,0.51592
779,797696,58.13624,148.83333,0.83333,0.74,0.790629,-0.003004,0.044853,0.002359,0.321074,0.027623,0.8587,31.650042,25.91382,29.449371,27.554922,4.0,0.00022033,6,817,0.14845,0.24081,0.23,0.0,100,0.16667,0.39706,,,-0.01,0.01435,0.00415,-0.01079,-0.00397,-0.00464,0.58606
780,798720,72.93019,95.0,1.0,0.74,0.645606,-0.003148,0.012109,0.00219,0.307772,0.02567,0.977863,13.161286,35.433239,11.781032,37.008823,4.0,0.00022023,2,886,0.17409,0.26827,0.23,0.0,100,0.0,0.3913,,,-0.01,0.01333,0.00496,-0.01029,0.00217,-0.00498,0.30044
781,799744,32.7711,313.5,0.5,0.73,0.566952,-0.002736,0.007223,0.001797,0.283536,0.020264,0.990972,6.027183,43.490578,5.054737,43.820889,4.0,0.00022013,2,934,0.18126,0.31432,0.24,0.0,100,0.0,0.32468,,,-0.01,0.0075,0.02428,-0.01995,0.00407,-0.00362,0.16514
782,800768,28.96926,303.42857,0.42857,0.73,0.848999,-0.002959,0.011504,0.002668,0.252802,0.031913,0.979532,25.680815,37.692188,26.17436,39.058811,4.0,0.00022003,7,797,0.16218,0.27475,0.24,0.0,100,0.0,0.57407,,,-0.01,0.01113,0.02502,-0.01623,0.00778,-0.00788,0.31965
783,801792,62.90171,149.0,0.85714,0.74,1.094081,-0.003099,0.012527,0.002294,0.235771,0.021624,0.953427,41.108677,24.744728,41.54425,26.67416,4.0,0.00021992,7,742,0.15676,0.2612,0.23,0.0,100,0.0,0.18889,,,-0.01,0.00973,0.02312,-0.0174,0.00578,-0.00536,0.52806
784,802816,60.2741,182.0,0.83333,0.75,1.088703,-0.003055,0.010272,0.002237,0.273482,0.025321,0.917011,47.934841,16.512657,48.344517,18.230772,4.0,0.00021982,6,745,0.14872,0.23865,0.22,0.0,100,0.0,0.12903,,,-0.01,0.01093,0.01589,-0.01512,0.00384,-0.01258,0.43809
785,803840,70.04835,164.75,1.0,0.77,1.011893,-0.002873,0.015694,0.002989,0.229784,0.031494,0.935043,44.914253,23.899509,44.924629,24.871658,4.0,0.00021972,4,764,0.16752,0.2713,0.2,0.0,100,0.0,0.11818,,,-0.01,0.01026,0.02557,-0.0159,0.0051,-0.00493,0.37136
786,804864,70.26072,171.16667,1.0,0.77,1.008815,-0.002513,0.039089,0.003398,0.240997,0.044887,0.847322,38.427006,27.338537,39.35046,27.242744,4.0,0.00021962,6,749,0.17022,0.29024,0.2,0.0,100,0.0,0.04237,,,-0.01,0.00916,0.02713,-0.0154,0.00597,-0.01003,0.5524
787,805888,59.70416,210.0,0.83333,0.78,1.041821,-0.002598,0.020068,0.001743,0.248459,0.019148,0.946319,37.382698,29.254263,37.877262,29.753363,4.0,0.00021951,6,749,0.14773,0.24139,0.19,0.0,100,0.0,0.16327,,,-0.01,0.01107,0.01868,-0.01313,0.00277,-0.00965,0.44905
788,806912,58.35745,208.5,0.83333,0.79,1.134923,-0.002399,0.022289,0.003347,0.220741,0.042306,0.91205,46.681293,26.427525,47.569702,26.162464,4.0,0.00021941,6,741,0.14247,0.23381,0.18,0.0,100,0.0,0.34225,,,-0.01,0.01021,0.02119,-0.0141,0.00477,-0.01305,0.41246
789,807936,68.2933,153.0,1.0,0.79,1.195141,-0.003216,0.013332,0.003597,0.289368,0.047189,0.902545,45.936333,18.566631,43.955326,18.971455,4.0,0.00021931,1,765,0.16086,0.28499,0.18,0.0,100,0.0,0.33333,,,-0.01,0.00526,0.02487,-0.01463,0.00286,-0.01696,0.08289
790,808960,31.44838,320.75,0.5,0.77,1.306101,-0.004544,0.009389,0.004679,0.342791,0.066232,0.954213,43.956264,20.80125,42.487545,22.054846,4.0,0.00021921,4,728,0.14413,0.25662,0.2,0.0,100,0.0,0.13725,,,-0.01,0.00569,0.02365,-0.01405,0.00313,-0.0179,0.14629
791,809984,53.80622,235.75,0.75,0.77,1.230218,-0.004759,0.011673,0.005032,0.308266,0.075126,0.941348,42.882683,21.058638,42.162769,21.863144,4.0,0.0002191,4,738,0.15507,0.26423,0.2,0.0,100,0.0,0.08602,,,-0.01,0.0076,0.02087,-0.01504,0.00367,-0.01601,0.23818
792,811008,45.09483,214.66667,0.66667,0.75,1.204413,-0.003233,0.009097,0.003374,0.289231,0.035924,0.939283,47.415344,18.151217,47.076382,19.341925,4.0,0.000219,6,726,0.15411,0.25664,0.22,0.0,100,0.16667,0.26333,,,-0.01,0.00935,0.02348,-0.01424,0.00557,-0.00775,0.33521
793,812032,59.50246,207.33333,0.83333,0.75,1.248076,-0.002994,0.016495,0.003075,0.219348,0.025112,0.895437,46.411808,18.222424,45.970753,19.379852,4.0,0.0002189,6,726,0.16615,0.27346,0.22,0.0,100,0.0,0.22174,,,-0.01,0.00725,0.01994,-0.01624,0.0033,-0.02044,0.39775
794,813056,65.87515,247.5,1.0,0.76,1.121982,-0.004239,0.017004,0.003301,0.314268,0.037912,0.91546,39.143719,21.27037,36.867413,21.900116,4.0,0.0002188,2,766,0.1673,0.25513,0.21,0.0,100,0.0,0.23853,,,-0.01,0.00842,0.01962,-0.01792,0.00087,-0.03593,0.17059
795,814080,32.93985,273.0,0.5,0.75,0.952353,-0.00531,0.006362,0.002428,0.345038,0.029506,0.978097,27.932932,24.683107,25.73933,25.408899,4.0,0.00021869,2,815,0.18264,0.27909,0.22,0.0,100,0.0,0.1028,,,-0.01,0.00541,0.01971,-0.02055,0.00107,-0.02648,0.10598
796,815104,0.68172,364.0,0.25,0.74,0.817459,-0.004694,0.006863,0.002334,0.313834,0.025181,0.97728,22.582779,25.946032,20.571808,26.817142,4.0,0.00021859,4,838,0.19142,0.29724,0.23,0.0,100,0.0,0.1746,,,-0.01,0.0068,0.02253,-0.01803,0.00106,-0.02399,0.12267
797,816128,41.32607,252.57143,0.57143,0.73,0.962017,-0.002976,0.007885,0.003059,0.28276,0.035191,0.970053,36.405041,25.325239,36.510082,26.762756,4.0,0.00021849,7,775,0.15706,0.2473,0.24,0.0,100,0.0,0.15,,,-0.01,0.01158,0.01706,-0.01463,0.00354,-0.01046,0.4102
798,817152,52.91393,205.0,0.75,0.74,0.951026,-0.003502,0.006393,0.003295,0.269711,0.041748,0.97978,40.572498,26.676579,40.180149,27.609463,4.0,0.00021839,4,782,0.17593,0.26698,0.24,0.0,100,0.0,0.36957,,,-0.01,0.01214,0.02115,-0.01331,0.00456,-0.0089,0.31771
799,818176,59.81811,207.5,0.83333,0.74,1.122286,-0.002618,0.013916,0.003287,0.234569,0.027867,0.878183,50.194206,15.74437,50.91967,16.399389,4.0,0.00021828,6,731,0.16139,0.25376,0.24,0.0,100,0.0,0.18776,,,-0.01,0.01089,0.01614,-0.01352,0.00494,-0.00787,0.43417
800,819200,62.00809,149.71429,0.85714,0.75,1.109435,-0.002853,0.009167,0.002568,0.228826,0.025426,0.960177,45.19231,22.409138,45.335426,24.342133,4.0,0.00021818,7,740,0.14546,0.22224,0.25,0.0,100,0.0,0.2994,,,-0.01,0.01143,0.01077,-0.01254,0.0063,-0.00679,0.54565
801,820224,61.34042,142.625,0.875,0.77,1.053337,-0.003155,0.021006,0.003523,0.310352,0.045689,0.884231,47.973736,20.405954,47.327129,21.50293,4.0,0.00021808,8,743,0.14139,0.19866,0.22,0.0,100,0.125,0.40278,,,-0.01,0.01467,0.00368,-0.0091,0.00296,-0.01074,0.64712
802,821248,71.63737,118.5,1.0,0.78,0.920696,-0.002703,0.010461,0.002184,0.29684,0.023368,0.970519,36.9743,28.737373,35.181919,29.750603,4.0,0.00021798,2,810,0.15357,0.22836,0.21,0.0,100,0.0,0.47619,,,-0.01,0.01073,0.00593,-0.01233,0.00525,-0.00453,0.22264
803,822272,30.92281,342.0,0.5,0.78,0.845084,-0.004883,0.00521,0.003996,0.360612,0.053816,0.991225,23.24152,36.473267,21.459253,36.502766,4.0,0.00021788,2,870,0.15463,0.2643,0.21,0.0,100,0.0,0.49275,,,-0.01,0.00394,0.02155,-0.01314,0.00085,-0.00794,0.11821
804,823296,39.49448,271.85714,0.57143,0.76,1.055936,-0.002936,0.017017,0.003399,0.239968,0.04391,0.957689,36.244534,31.321543,35.883854,31.88835,4.0,0.00021777,7,763,0.1438,0.22256,0.23,0.0,100,0.0,0.33333,,,-0.01,0.00977,0.01441,-0.01498,0.00211,-0.01071,0.37259
805,824320,32.95259,290.5,0.5,0.75,1.239959,-0.004008,0.016008,0.002506,0.318193,0.020299,0.885669,48.152405,17.270947,46.029243,18.004421,4.0,0.00021767,4,733,0.1484,0.21496,0.24,0.0,100,0.0,0.22979,,,-0.01,0.01142,0.00964,-0.01267,0.00252,-0.01065,0.16714
806,825344,69.40771,179.5,1.0,0.75,1.011129,-0.003083,0.008008,0.001954,0.311183,0.017787,0.96033,43.082695,21.04133,41.928089,22.045893,4.0,0.00021757,2,798,0.18437,0.28954,0.24,0.0,100,0.0,0.27778,,,-0.01,0.00884,0.01846,-0.01413,0.00367,-0.00616,0.20042
807,826368,68.28651,243.5,1.0,0.75,1.001394,-0.003034,0.013909,0.002957,0.278915,0.03561,0.959723,30.638338,28.345213,29.01749,28.539526,4.0,0.00021747,2,805,0.18592,0.31155,0.24,0.0,100,0.0,0.26263,,,-0.01,0.00764,0.01499,-0.01398,0.00186,-0.00703,0.19789
808,827392,24.31721,381.8,0.4,0.72,1.070045,-0.003165,0.02119,0.004608,0.313684,0.056222,0.928572,30.27479,26.068884,28.841444,26.468081,4.0,0.00021736,5,780,0.17208,0.27004,0.27,0.0,100,0.0,0.42541,,,-0.01,0.00834,0.01577,-0.01632,-0.00038,-0.01003,0.18091
809,828416,32.9031,266.5,0.5,0.7,1.15288,-0.003129,0.013143,0.00325,0.248622,0.036203,0.946509,33.951332,22.883348,33.321602,23.857552,4.0,0.00021726,6,753,0.158,0.24425,0.28,0.0,100,0.16667,0.33813,,,-0.01,0.00857,0.00855,-0.01361,0.00198,-0.01086,0.26656
810,829440,70.00638,150.8,1.0,0.7,1.163765,-0.003767,0.022083,0.004193,0.286087,0.049316,0.867118,40.685749,18.944098,40.962349,20.410578,4.0,0.00021716,5,746,0.16034,0.24387,0.28,0.0,100,0.0,0.36522,,,-0.01,0.01152,0.00697,-0.01233,0.0039,-0.00404,0.44726
811,830464,45.22336,224.66667,0.66667,0.7,0.961545,-0.002894,0.015505,0.003872,0.392355,0.047294,0.954849,29.844738,27.080446,27.833282,28.474428,4.0,0.00021706,3,813,0.17395,0.28334,0.28,0.0,100,0.0,0.74286,,,-0.01,0.00713,0.01447,-0.0141,0.00058,-0.00446,0.22491
812,831488,69.64138,156.0,1.0,0.7,0.81541,-0.004389,0.005779,0.002967,0.350514,0.037772,0.982734,21.429655,27.263281,19.812994,27.784025,4.0,0.00021695,1,866,0.18134,0.30584,0.28,0.0,100,0.0,0.2,,,-0.01,0.00639,0.02826,-0.01261,0.00263,-0.00196,0.1299
813,832512,22.67904,369.33333,0.33333,0.68,0.860235,-0.002513,0.01568,0.00296,0.271154,0.038993,0.955619,15.777006,28.632839,14.589011,29.179876,4.0,0.00021685,3,834,0.16504,0.27563,0.3,0.0,100,0.0,0.30075,,,-0.01,0.00873,0.01613,-0.01398,0.00106,-0.00398,0.11701
814,833536,20.06471,319.85714,0.28571,0.67,1.174221,-0.003024,0.01024,0.002535,0.303422,0.028006,0.963213,34.61055,24.631031,33.95829,25.428793,4.0,0.00021675,7,737,0.14063,0.2143,0.3,0.0,100,0.14286,0.26644,,,-0.01,0.0124,0.00709,-0.01264,0.00208,-0.01181,0.17821
815,834560,69.81141,127.2,1.0,0.68,1.137017,-0.001424,0.026405,0.003283,0.228357,0.034215,0.786209,39.165447,14.805178,39.404774,17.095919,4.0,0.00021665,5,750,0.16602,0.25556,0.29,0.0,100,0.0,0.42529,,,-0.01,0.00953,0.01833,-0.01511,0.00103,-0.00819,0.45792
816,835584,70.26201,128.0,1.0,0.68,0.890398,-0.003946,0.012722,0.003711,0.282521,0.037074,0.952517,23.634672,23.773127,22.43096,25.44521,4.0,0.00021654,2,818,0.1897,0.30453,0.29,0.0,100,0.0,0.30769,,,-0.01,0.00745,0.01961,-0.01646,0.00149,-0.00902,0.2301
817,836608,35.67377,286.16667,0.5,0.66,0.906605,-0.003358,0.011769,0.002186,0.236645,0.018659,0.973517,17.400795,31.789808,16.936239,33.396984,4.0,0.00021644,6,804,0.18825,0.28655,0.31,0.0,100,0.0,0.16176,,,-0.01,0.00844,0.01253,-0.01661,0.00249,-0.01668,0.33848
818,837632,38.24254,253.0,0.6,0.67,1.027545,-0.002864,0.020718,0.002686,0.226106,0.032575,0.953514,23.86141,32.076954,23.833202,33.488831,4.0,0.00021634,5,769,0.1721,0.25836,0.3,0.0,100,0.0,0.65909,,,-0.01,0.00923,0.0113,-0.01503,0.00175,-0.01887,0.29983
819,838656,37.3119,284.5,0.5,0.68,1.185458,-0.004356,0.0095,0.003403,0.34104,0.038714,0.965493,35.421516,24.793743,34.248009,26.070829,4.0,0.00021624,2,738,0.16476,0.25242,0.29,0.0,100,0.0,0.125,,,-0.01,0.00952,0.00972,-0.01274,0.00238,-0.01014,0.08945
820,839680,50.22828,230.6,0.8,0.69,1.107123,-0.0025,0.019471,0.003121,0.293777,0.030204,0.946486,29.895277,27.92543,30.062656,30.244974,4.0,0.00021613,5,751,0.1621,0.24799,0.28,0.0,100,0.0,0.52217,,,-0.01,0.01084,0.0188,-0.01389,0.00611,-0.01251,0.35584
821,840704,70.23011,126.25,1.0,0.69,1.158531,-0.005178,0.009555,0.004047,0.299199,0.045864,0.98011,28.550245,33.576302,28.399248,35.076275,4.0,0.00021603,4,752,0.1603,0.27101,0.28,0.0,100,0.0,0.35294,,,-0.01,0.00797,0.02471,-0.01514,0.0038,-0.01322,0.35942
822,841728,45.11845,245.375,0.625,0.68,1.194459,-0.004366,0.014388,0.003404,0.311784,0.038156,0.952907,39.160336,25.840181,39.897575,27.514711,4.0,0.00021593,8,685,0.14964,0.24476,0.29,0.0,100,0.0,0.19277,,,-0.01,0.01116,0.01156,-0.01232,0.00279,-0.01197,0.41872
823,842752,46.86356,171.33333,0.66667,0.67,1.122279,-0.003836,0.025549,0.002779,0.24843,0.027832,0.88819,38.693298,22.261679,37.801331,23.691442,4.0,0.00021583,6,662,0.15087,0.24888,0.29,0.0,100,0.16667,0.2349,,,-0.01,0.0109,0.01507,-0.01424,0.00209,-0.00756,0.35971
824,843776,54.25101,208.0,0.8,0.67,1.126651,-0.002618,0.027747,0.002913,0.232372,0.033901,0.874036,42.008209,23.034388,42.367683,23.630499,4.0,0.00021572,5,670,0.15159,0.25829,0.3,0.0,100,0.0,0.43713,,,-0.01,0.01081,0.01484,-0.01444,0.00205,-0.01197,0.35572
825,844800,50.7229,145.25,0.75,0.66,1.000291,-0.001849,0.030948,0.002378,0.210017,0.018555,0.800427,39.069725,19.967726,38.5065,20.213398,4.0,0.00021562,4,704,0.15643,0.28194,0.3,0.0,100,0.25,0.5814,,,-0.01,0.00939,0.02078,-0.0166,8e-05,-0.00725,0.29964
826,845824,57.98835,211.83333,0.83333,0.68,1.163321,-0.002115,0.025493,0.002484,0.214918,0.014265,0.851844,41.631977,19.547472,42.79797,20.563688,4.0,0.00021552,6,661,0.1528,0.27673,0.28,0.0,100,0.16667,0.15349,,,-0.01,0.00941,0.02307,-0.01643,0.0068,-0.00922,0.42067
827,846848,61.93407,142.85714,0.85714,0.69,1.278978,-0.004798,0.007885,0.002776,0.282541,0.021484,0.950843,47.045269,18.923996,47.601555,20.728958,4.0,0.00021542,7,627,0.14106,0.24492,0.27,0.0,100,0.0,0.30464,,,-0.01,0.01191,0.01422,-0.01448,0.00643,-0.00939,0.47101
828,847872,60.97892,188.14286,0.85714,0.71,1.176732,-0.004324,0.020911,0.004372,0.276312,0.056571,0.826936,50.12307,18.020679,50.289341,17.708002,4.0,0.00021532,7,649,0.14046,0.24093,0.25,0.0,100,0.0,0.2008,,,-0.01,0.0138,0.01364,-0.01248,0.00276,-0.01368,0.49807
829,848896,64.55185,95.3,0.9,0.74,1.195886,-0.00199,0.01206,0.001684,0.272588,0.012242,0.901823,50.790447,15.977189,51.715435,18.34152,4.0,0.00021521,10,644,0.13893,0.23975,0.22,0.0,100,0.1,0.39823,,,-0.01,0.01251,0.01475,-0.01473,0.00691,-0.0179,0.73024
830,849920,49.39871,155.71429,0.71429,0.73,1.05349,-0.001798,0.019204,0.00191,0.226101,0.016497,0.909324,45.879917,21.507282,44.774467,23.228403,4.0,0.00021511,7,667,0.15832,0.24367,0.22,0.0,100,0.14286,0.30058,,,-0.01,0.01616,0.00927,-0.01499,0.00169,-0.01144,0.46257
831,850944,62.56427,149.0,0.85714,0.76,1.147835,-0.003666,0.00891,0.003668,0.294628,0.044259,0.951,52.459709,20.161385,52.645386,21.141037,4.0,0.00021501,7,649,0.15397,0.24724,0.19,0.0,100,0.0,0.17857,,,-0.01,0.01275,0.01281,-0.01241,0.0056,-0.01035,0.52214
832,851968,69.54312,177.33333,1.0,0.78,1.146257,-0.002459,0.014812,0.002816,0.287179,0.024414,0.921575,48.303707,21.759428,47.242916,21.637136,4.0,0.00021491,3,673,0.15585,0.27265,0.18,0.0,100,0.0,0.23864,,,-0.01,0.00887,0.02248,-0.01415,0.00399,-0.00626,0.25326
833,852992,55.90041,208.8,0.8,0.78,1.080879,-0.003464,0.023987,0.003519,0.277958,0.03261,0.884118,40.23666,21.07902,39.090919,21.966173,4.0,0.0002148,5,665,0.14482,0.2427,0.18,0.0,100,0.2,0.2037,,,-0.01,0.01138,0.01132,-0.01439,0.0013,-0.00966,0.34294
834,854016,56.19546,147.0,0.81818,0.8,1.15025,-0.002652,0.02203,0.002364,0.255347,0.023403,0.919095,43.533161,23.630751,44.21983,25.699909,4.0,0.0002147,11,631,0.13466,0.21903,0.15,0.0,100,0.09091,0.65915,,,-0.01,0.01479,0.00334,-0.01286,0.00589,-0.01626,0.72283
835,855040,63.42983,145.125,0.875,0.81,1.198051,-0.002551,0.027046,0.00418,0.260432,0.0369,0.786617,50.244213,18.409405,50.660664,18.876913,4.0,0.0002146,8,629,0.13623,0.19209,0.14,0.0,100,0.375,0.29121,,,-0.01,0.01649,0.00776,-0.01412,0.00472,-0.03971,0.55834
836,856064,72.21828,96.0,1.0,0.82,1.178781,-0.003753,0.010833,0.003798,0.28017,0.04119,0.914887,52.680122,17.218279,52.770527,19.98959,4.0,0.0002145,7,641,0.14307,0.21909,0.13,0.0,100,0.14286,0.35789,,,-0.01,0.01147,0.01882,-0.0158,0.0056,-0.04827,0.57713
837,857088,70.80432,109.0,1.0,0.85,1.265027,-0.005242,0.007968,0.004067,0.317071,0.048131,0.970743,45.65995,25.839277,45.555599,28.720839,4.0,0.00021439,6,625,0.13729,0.20205,0.1,0.0,100,0.0,0.33663,,,-0.01,0.01168,0.0153,-0.015,0.00774,-0.04366,0.46032
838,858112,34.39083,168.6,0.8,0.85,1.12674,-0.003926,0.008186,0.004023,0.387644,0.051549,0.975519,44.036953,27.704334,42.521084,29.065458,4.0,0.00021429,5,665,0.13843,0.23467,0.1,0.0,100,0.0,0.58242,,,-0.01,0.00988,0.02043,-0.01354,0.00239,-0.02295,0.34217
839,859136,30.60892,267.6,0.4,0.83,0.96922,-0.002902,0.009389,0.003195,0.357189,0.037807,0.947591,47.995907,19.535109,45.983635,20.849867,4.0,0.00021419,5,692,0.1411,0.24454,0.12,0.0,100,0.2,0.1791,,,-0.01,0.01077,0.02456,-0.01577,-0.00035,-0.01152,0.1923
840,860160,54.5961,171.33333,0.77778,0.84,1.092455,-0.001571,0.02182,0.001563,0.273818,0.010219,0.888894,46.633171,21.013275,47.292759,22.207781,4.0,0.00021409,9,659,0.14233,0.23146,0.11,0.0,100,0.11111,0.24896,,,-0.01,0.01343,0.0188,-0.01351,0.00643,-0.01212,0.61188
841,861184,72.51073,97.625,1.0,0.85,1.186077,-0.00546,0.007057,0.00439,0.313178,0.05814,0.940788,55.725285,16.845825,55.947491,17.841297,4.0,0.00021398,8,639,0.14958,0.23494,0.1,0.0,100,0.0,0.28125,,,-0.01,0.014,0.02136,-0.01337,0.00551,-0.00878,0.67224
842,862208,59.07819,174.8,0.8,0.84,1.148554,-0.002733,0.013395,0.003161,0.254526,0.040213,0.893564,54.021999,16.824511,53.215126,17.551575,4.0,0.00021388,5,663,0.14768,0.24905,0.11,0.0,100,0.0,0.18182,,,-0.01,0.0129,0.02097,-0.01448,0.00474,-0.0042,0.34635
843,863232,48.93576,152.66667,0.66667,0.84,1.082884,-0.002076,0.010954,0.002646,0.354271,0.026542,0.939498,46.424252,19.609894,44.44519,21.410065,4.0,0.00021378,6,681,0.15106,0.25951,0.11,0.0,100,0.16667,0.17308,,,-0.01,0.01147,0.02779,-0.01543,0.00177,-0.01054,0.36788
844,864256,71.46766,100.0,1.0,0.84,1.116012,-0.003947,0.005492,0.003066,0.327831,0.029785,0.98153,37.762459,25.178894,35.828697,26.114403,4.0,0.00021368,2,693,0.14688,0.2521,0.11,0.0,100,0.0,0.58333,,,-0.01,0.00994,0.02313,-0.01415,0.00341,-0.00842,0.18431
845,865280,41.8649,268.57143,0.57143,0.81,1.170955,-0.00323,0.009753,0.002917,0.282957,0.02546,0.975917,40.381744,29.971077,39.215443,30.527054,4.0,0.00021357,7,663,0.13659,0.2347,0.14,0.0,100,0.0,0.14081,,,-0.01,0.01124,0.01365,-0.01471,0.00404,-0.00805,0.34759
846,866304,62.7376,163.55556,0.88889,0.82,1.151892,-0.003309,0.016155,0.004483,0.301263,0.056676,0.840372,52.714626,14.537742,52.889839,15.609713,4.0,0.00021347,9,658,0.14276,0.23947,0.14,0.0,100,0.0,0.29252,,,-0.01,0.01084,0.01984,-0.01635,0.00326,-0.01099,0.70825
847,867328,70.8228,119.66667,1.0,0.83,1.273006,-0.003372,0.014808,0.004748,0.284768,0.063058,0.882683,51.433796,16.764013,51.034519,17.893345,4.0,0.00021337,6,639,0.13857,0.21642,0.13,0.0,100,0.0,0.29114,,,-0.01,0.013,0.0129,-0.01258,0.00269,-0.01251,0.48952
848,868352,61.43079,170.14286,0.85714,0.83,1.078437,-0.00215,0.00736,0.001805,0.268362,0.017299,0.95706,45.17416,20.685278,45.517857,22.623726,4.0,0.00021327,7,685,0.12536,0.19902,0.13,0.0,100,0.0,0.19,,,-0.01,0.01415,0.01088,-0.0116,0.00651,-0.00964,0.56692
849,869376,69.88796,139.4,1.0,0.84,1.208085,-0.002171,0.017686,0.002534,0.200248,0.030552,0.90789,50.381683,22.832745,51.16906,22.819901,4.0,0.00021316,5,664,0.13462,0.20514,0.13,0.0,100,0.0,0.26667,,,-0.01,0.01191,0.01495,-0.01323,0.00512,-0.00601,0.43015
850,870400,69.10596,174.0,1.0,0.85,1.19831,-0.001345,0.023933,0.002382,0.283472,0.023228,0.722174,52.091434,18.965857,54.143101,16.454208,4.0,0.00021306,7,657,0.14098,0.23906,0.12,0.0,100,0.0,0.25234,,,-0.01,0.01362,0.01763,-0.01457,0.00446,-0.011,0.58069
851,871424,55.26125,191.0,0.75,0.85,1.055844,-0.002873,0.004587,0.00257,0.28345,0.020996,0.97355,52.095234,18.894579,50.640408,19.549839,4.0,0.00021296,4,700,0.16252,0.28849,0.12,0.0,100,0.0,0.1,,,-0.01,0.01037,0.02473,-0.01645,-0.00146,-0.00432,0.29357
852,872448,54.54335,131.6,0.8,0.84,0.980601,-0.001676,0.014761,0.002446,0.291912,0.02124,0.886054,47.948433,17.068726,46.119049,18.349457,4.0,0.00021286,5,707,0.1581,0.26052,0.12,0.0,100,0.2,0.44828,,,-0.01,0.01047,0.02182,-0.01761,-0.00172,-0.00596,0.41862
853,873472,36.52728,241.33333,0.5,0.81,1.053949,-0.002071,0.01229,0.001643,0.250501,0.011649,0.915579,47.835545,16.891769,46.716621,18.487028,4.0,0.00021276,6,703,0.15957,0.25655,0.14,0.0,100,0.16667,0.09955,,,-0.01,0.01239,0.02041,-0.0156,0.00286,-0.00588,0.29585
854,874496,60.09541,174.5,0.83333,0.8,1.261083,-0.002625,0.008615,0.002895,0.256828,0.023682,0.926618,51.213196,15.400973,50.766808,16.67873,4.0,0.00021265,6,688,0.138,0.22717,0.15,0.0,100,0.0,0.09375,,,-0.01,0.00983,0.01544,-0.01535,0.00314,-0.00813,0.41662
855,875520,57.18052,182.0,0.8,0.82,1.151856,-0.002596,0.006081,0.002444,0.286888,0.023298,0.966245,44.806358,19.745527,43.921886,21.041908,4.0,0.00021255,5,688,0.14674,0.22924,0.14,0.0,100,0.0,0.14173,,,-0.01,0.01011,0.01217,-0.01394,0.00325,-0.00922,0.37316
856,876544,34.29526,228.5,0.5,0.81,1.178295,-0.003752,0.008516,0.00375,0.374683,0.034319,0.955948,45.823399,19.83983,43.692936,21.02129,4.0,0.00021245,4,703,0.15259,0.23742,0.14,0.0,100,0.25,0.23894,,,-0.01,0.00968,0.01158,-0.01255,0.00077,-0.00772,0.18383
857,877568,53.48963,217.6,0.8,0.81,1.215208,-0.002596,0.011523,0.002691,0.260786,0.029122,0.952581,40.547737,23.983204,40.323139,25.187887,4.0,0.00021235,5,650,0.15224,0.2319,0.15,0.0,100,0.2,0.42742,,,-0.01,0.00994,0.0121,-0.01163,0.00461,-0.0115,0.35608
858,878592,70.51723,172.16667,1.0,0.82,1.177149,-0.003802,0.02054,0.004024,0.309529,0.055315,0.909899,42.410503,24.475864,43.028103,24.109734,4.0,0.00021224,6,750,0.15395,0.24885,0.14,0.0,100,0.0,0.08571,,,-0.01,0.00862,0.02049,-0.01555,0.00397,-0.00691,0.53808
859,879616,43.23177,275.33333,0.66667,0.81,1.080291,-0.003107,0.012654,0.00251,0.259739,0.028878,0.918688,44.534294,18.81329,43.136963,19.04781,4.0,0.00021214,3,410,0.17613,0.29403,0.15,0.0,100,0.0,0.33962,,,-0.01,0.00927,0.02565,-0.01526,-0.00135,-0.00333,0.19777
860,880640,57.91755,242.83333,0.83333,0.81,1.153709,-0.002059,0.01786,0.002811,0.204782,0.031564,0.855798,44.768879,16.473766,45.34906,17.178125,4.0,0.00021204,6,651,0.15296,0.24823,0.15,0.0,100,0.0,0.15721,,,-0.01,0.012,0.01571,-0.01521,0.0038,-0.00912,0.44735
861,881664,70.2256,169.0,1.0,0.82,1.170035,-0.003114,0.019263,0.004009,0.256769,0.041085,0.847337,46.131184,17.021875,46.872562,17.162886,4.0,0.00021194,6,656,0.16482,0.26758,0.15,0.0,100,0.0,0.09848,,,-0.01,0.01132,0.02288,-0.0152,0.00097,-0.00577,0.54945
862,882688,58.08888,220.5,0.83333,0.83,1.167337,-0.003171,0.017979,0.003032,0.233733,0.032924,0.816947,46.900093,15.099381,47.672695,15.30527,4.0,0.00021183,6,646,0.15437,0.24293,0.14,0.0,100,0.0,0.15934,,,-0.01,0.01401,0.01182,-0.01344,0.00243,-0.00749,0.45023
863,883712,58.85502,130.16667,0.83333,0.85,1.126277,-0.002564,0.013375,0.00258,0.284852,0.032052,0.819926,47.249359,10.649444,46.077068,13.710599,4.0,0.00021173,6,660,0.15102,0.2304,0.11,0.0,100,0.16667,0.32075,,,-0.01,0.01368,0.00558,-0.01183,0.00194,-0.0081,0.48172
864,884736,51.71494,171.0,0.75,0.84,0.979226,-0.001975,0.008928,0.002234,0.246896,0.020194,0.952976,39.232471,19.758402,38.193447,21.414034,4.0,0.00021163,4,734,0.17482,0.28932,0.11,0.0,100,0.25,0.125,,,-0.01,0.00911,0.01654,-0.01115,0.00353,-0.00571,0.33308
865,885760,43.7457,328.33333,0.66667,0.83,0.971827,-0.004028,0.016391,0.003146,0.273935,0.037946,0.91939,37.748352,21.944958,36.617279,21.944151,4.0,0.00021153,3,559,0.16881,0.25175,0.12,0.0,100,0.0,0.25664,,,-0.01,0.01225,0.00761,-0.01431,-6e-05,-0.00941,0.21034
866,886784,58.92866,182.0,0.83333,0.82,1.033307,-0.001866,0.013666,0.002852,0.201304,0.030657,0.924524,40.696819,19.539003,41.145535,21.01284,4.0,0.00021142,6,771,0.16992,0.25929,0.13,0.0,100,0.0,0.22222,,,-0.01,0.00994,0.01088,-0.01476,0.0035,-0.00789,0.53474
867,887808,48.7119,219.5,0.75,0.82,1.178999,-0.002112,0.005966,0.002612,0.253045,0.024658,0.976648,38.620361,23.633495,38.179348,24.744207,4.0,0.00021132,4,751,0.15782,0.23067,0.13,0.0,100,0.0,0.68908,,,-0.01,0.01035,0.01109,-0.01209,0.00365,-0.01143,0.27642
868,888832,43.55751,252.0,0.6,0.8,1.17742,-0.003662,0.008366,0.002475,0.305823,0.028181,0.941701,46.088703,17.334383,45.031666,18.578161,4.0,0.00021122,5,748,0.15849,0.24551,0.15,0.0,100,0.0,0.09028,,,-0.01,0.01226,0.01534,-0.01518,0.00219,-0.00615,0.27762
869,889856,68.00781,184.5,1.0,0.8,1.213822,-0.00137,0.026552,0.00158,0.240653,0.007254,0.783651,46.700176,18.09284,48.287743,17.456844,4.0,0.00021112,6,739,0.15456,0.23356,0.15,0.0,100,0.0,0.16,,,-0.01,0.0114,0.01838,-0.01413,0.00512,-0.00766,0.527
870,890880,71.09721,151.66667,1.0,0.8,1.196742,-0.003452,0.014618,0.002732,0.259607,0.029436,0.911432,43.89529,18.577232,44.505154,19.639593,4.0,0.00021101,6,752,0.15682,0.25766,0.15,0.0,100,0.0,0.088,,,-0.01,0.0082,0.02885,-0.01432,0.00337,-0.00542,0.53874
871,891904,54.05468,193.625,0.75,0.81,1.240494,-0.002914,0.005072,0.003901,0.250033,0.044678,0.96308,48.366997,17.929901,49.162006,19.561064,4.0,0.00021091,8,722,0.1471,0.22894,0.14,0.0,100,0.125,0.10714,,,-0.01,0.01282,0.02158,-0.01676,0.00246,-0.00801,0.51191
872,892928,58.39441,175.8,0.8,0.82,1.223318,-0.003214,0.005154,0.003698,0.27002,0.039934,0.94358,56.191216,13.896173,55.639957,14.556356,4.0,0.00021081,5,727,0.14861,0.2299,0.14,0.0,100,0.0,0.13816,,,-0.01,0.01493,0.01473,-0.01247,0.00258,-0.00695,0.35079
873,893952,70.60277,144.16667,1.0,0.83,1.090179,-0.002352,0.012797,0.002252,0.212013,0.029367,0.862969,51.901279,13.318284,51.906284,14.688915,4.0,0.00021071,6,759,0.16561,0.26887,0.13,0.0,100,0.0,0.18018,,,-0.01,0.01254,0.02333,-0.01566,0.00157,-0.00472,0.57228
874,894976,61.2083,104.85714,0.85714,0.84,1.160245,-0.002883,0.007139,0.003292,0.225496,0.034912,0.960033,45.810741,20.301359,45.557613,22.638927,4.0,0.0002106,7,738,0.15158,0.23766,0.12,0.0,100,0.14286,0.37736,,,-0.01,0.01255,0.01577,-0.01456,0.00624,-0.00574,0.53583
875,896000,60.52149,212.0,0.83333,0.84,1.162347,-0.003168,0.02011,0.004577,0.267912,0.065116,0.912148,50.124165,22.985519,49.911388,23.354784,4.0,0.0002105,6,741,0.14163,0.19667,0.12,0.0,100,0.0,0.10798,,,-0.01,0.01442,0.01114,-0.01359,0.00352,-0.01084,0.43872
876,897024,50.52991,164.14286,0.71429,0.83,1.142847,-0.002603,0.005362,0.002123,0.258333,0.018834,0.976344,49.302948,23.367479,48.518101,24.668428,4.0,0.0002104,7,732,0.14629,0.22487,0.12,0.0,100,0.14286,0.43478,,,-0.01,0.01224,0.01502,-0.01525,0.00549,-0.01242,0.44064
877,898048,63.20342,154.33333,0.88889,0.84,1.216931,-0.00184,0.007981,0.002285,0.221947,0.018624,0.951384,54.870186,18.786116,54.968315,20.173967,4.0,0.0002103,9,724,0.13172,0.19993,0.11,0.0,100,0.0,0.06161,,,-0.01,0.01474,0.01567,-0.01257,0.0054,-0.01225,0.6743
878,899072,62.12394,126.375,0.875,0.83,1.160414,-0.002283,0.014145,0.00283,0.235161,0.025321,0.725172,61.321136,10.581779,61.773785,11.04539,4.0,0.0002102,8,716,0.13577,0.20813,0.11,0.0,100,0.125,0.25352,,,-0.01,0.01607,0.01003,-0.01572,0.00341,-0.00557,0.60167
879,900096,72.3495,93.11111,1.0,0.85,1.158339,-0.00334,0.002947,0.003673,0.276767,0.039237,0.964319,60.223331,13.367276,60.512775,14.507115,4.0,0.00021009,9,720,0.13881,0.2024,0.1,0.0,100,0.0,0.25926,,,-0.01,0.01635,0.01148,-0.01358,0.00602,-0.0087,0.7682
880,901120,71.53119,117.6,1.0,0.88,1.125743,-0.001799,0.016012,0.00359,0.194252,0.038365,0.845083,58.196308,15.193933,58.319763,15.823223,4.0,0.00020999,10,730,0.1325,0.2066,0.08,0.0,100,0.0,0.23438,,,-0.01,0.01366,0.00951,-0.01308,0.00639,-0.0121,0.88278
881,902144,72.14376,96.0,1.0,0.88,1.036846,-0.003738,0.007558,0.003155,0.342102,0.041748,0.964839,52.177509,22.070473,50.995617,22.805679,4.0,0.00020989,3,773,0.14936,0.23916,0.08,0.0,100,0.0,0.46875,,,-0.01,0.01178,0.00953,-0.01311,0.00459,-0.00545,0.29602
882,903168,66.48006,225.5,1.0,0.9,1.09836,-0.001854,0.028521,0.002441,0.256376,0.026332,0.792821,51.67054,22.425911,53.754814,19.529125,4.0,0.00020979,6,758,0.14593,0.24609,0.06,0.0,100,0.0,0.43548,,,-0.01,0.01238,0.01804,-0.01498,0.00713,-0.00833,0.524
883,904192,71.46851,130.5,1.0,0.91,1.308706,-0.002399,0.011052,0.00262,0.261965,0.021554,0.832545,60.38662,13.132697,60.664349,12.561487,4.0,0.00020968,10,706,0.13367,0.22924,0.05,0.0,100,0.0,0.14024,,,-0.01,0.00977,0.01659,-0.01522,0.00861,-0.01187,0.77037
884,905216,71.62333,91.5,1.0,0.91,1.179657,-0.003189,0.006901,0.003334,0.295849,0.037214,0.92901,55.233398,13.911537,53.583408,14.616596,4.0,0.00020958,4,736,0.14235,0.24962,0.05,0.0,100,0.0,0.34483,,,-0.01,0.01011,0.01725,-0.01688,0.00268,-0.01118,0.34493
885,906240,49.92493,177.28571,0.71429,0.9,1.126836,-0.002898,0.01043,0.002999,0.249028,0.035435,0.917789,51.614849,16.000639,50.220665,17.699303,4.0,0.00020948,7,745,0.14364,0.2519,0.06,0.0,100,0.14286,0.11511,,,-0.01,0.0096,0.01299,-0.01433,0.00431,-0.0068,0.44236
886,907264,47.76753,213.66667,0.66667,0.9,1.012501,-0.002536,0.003002,0.00186,0.267289,0.014439,0.973615,53.851429,15.984307,52.835537,16.812807,4.0,0.00020938,6,779,0.15366,0.26271,0.06,0.0,100,0.0,0.06283,,,-0.01,0.01037,0.01798,-0.01811,0.00306,-0.00877,0.40458
887,908288,70.56984,129.14286,1.0,0.9,1.061127,-0.001638,0.008641,0.002106,0.228228,0.019148,0.926591,55.453457,16.075916,55.231594,16.681616,4.0,0.00020927,7,761,0.14842,0.24768,0.06,0.0,100,0.0,0.14458,,,-0.01,0.01097,0.01318,-0.01364,0.00628,-0.01178,0.66116
888,909312,57.57458,167.0,0.8,0.9,1.088058,-0.004676,0.004524,0.003709,0.313289,0.049421,0.969234,50.933075,18.653341,49.780064,19.565073,4.0,0.00020917,5,760,0.15986,0.26285,0.07,0.0,100,0.0,0.46512,,,-0.01,0.00994,0.00716,-0.01625,0.00567,-0.02074,0.38197
889,910336,63.99252,134.75,0.875,0.9,1.236602,-0.003703,0.003175,0.004424,0.338409,0.056431,0.977069,52.632664,19.360891,51.968872,21.097708,4.0,0.00020907,8,710,0.14901,0.22901,0.07,0.0,100,0.0,0.14184,,,-0.01,0.0104,0.00428,-0.01494,0.00961,-0.01764,0.58289
890,911360,63.03239,134.375,0.875,0.91,1.21673,-0.003781,0.002392,0.003804,0.284764,0.040771,0.990834,50.361214,24.895849,50.08427,26.032221,4.0,0.00020897,8,709,0.14811,0.2477,0.07,0.0,100,0.0,0.34211,,,-0.01,0.01137,0.00248,-0.01466,0.00689,-0.01321,0.57192
891,912384,58.34812,155.6,0.9,0.92,1.087419,-0.001888,0.015429,0.001885,0.202972,0.012347,0.851895,60.684917,17.491018,60.469074,16.480259,4.0,0.00020886,10,729,0.13515,0.25009,0.07,0.0,100,0.0,0.73039,,,-0.01,0.01252,0.00702,-0.01542,0.00785,-0.01129,0.77638
892,913408,71.80447,88.33333,1.0,0.92,0.943231,-0.002156,0.006967,0.003399,0.297426,0.033168,0.942384,57.291557,15.961473,55.943184,16.516539,4.0,0.00020876,6,778,0.14544,0.25112,0.07,0.0,100,0.0,0.42308,,,-0.01,0.01438,0.00609,-0.01513,0.00145,-0.00728,0.61727
893,914432,21.16165,235.0,0.33333,0.88,0.805127,-0.001753,0.016523,0.002035,0.313801,0.019287,0.893364,51.400112,16.573442,48.379395,18.997719,4.0,0.00020866,6,840,0.17603,0.31469,0.08,0.0,100,0.5,0.38583,,,-0.01,0.00987,0.01969,-0.01636,-0.00271,-0.00367,0.23983
894,915456,71.37842,118.0,1.0,0.88,1.215833,-0.00303,0.006149,0.003329,0.283955,0.03268,0.894678,60.456322,10.91439,60.339092,11.517598,4.0,0.00020856,7,728,0.14213,0.25124,0.08,0.0,100,0.0,0.19588,,,-0.01,0.01166,0.01122,-0.01711,0.00545,-0.00533,0.57806
895,916480,62.58062,154.375,0.875,0.87,1.183151,-0.002542,0.007504,0.002117,0.224394,0.02138,0.880117,61.003872,11.268398,60.609554,12.001614,4.0,0.00020845,8,728,0.14441,0.24118,0.09,0.0,100,0.0,0.22561,,,-0.01,0.01309,0.01212,-0.01568,0.00608,-0.00606,0.5869
896,917504,71.61281,111.7,1.0,0.87,1.080011,-0.003124,0.004065,0.002328,0.209157,0.023961,0.942201,59.648594,12.685944,59.995171,13.527417,4.0,0.00020835,10,746,0.14964,0.25142,0.09,0.0,100,0.0,0.34459,,,-0.01,0.01289,0.00921,-0.0141,0.004,-0.00676,0.92011
897,918528,71.3866,102.16667,1.0,0.87,1.138654,-0.003909,0.004954,0.003871,0.242277,0.051793,0.967162,56.284634,18.453793,55.720833,19.307623,4.0,0.00020825,6,739,0.14002,0.22167,0.09,0.0,100,0.0,0.45312,,,-0.01,0.01511,0.00589,-0.01351,0.00783,-0.00834,0.54141
898,919552,59.43799,194.42857,0.85714,0.87,0.935312,-0.002454,0.012307,0.003107,0.232843,0.03411,0.937599,49.964703,21.469215,49.728008,21.585768,4.0,0.00020815,7,803,0.15815,0.28361,0.09,0.0,100,0.0,0.29752,,,-0.01,0.01018,0.01651,-0.01447,0.00239,-0.00813,0.648
899,920576,71.76438,99.0,1.0,0.88,1.139992,-0.002808,0.005156,0.003443,0.243564,0.041434,0.967047,54.543457,18.532921,54.657562,19.196697,4.0,0.00020804,6,740,0.14938,0.2479,0.09,0.0,100,0.0,0.42424,,,-0.01,0.01173,0.0106,-0.01558,0.00627,-0.00618,0.5424
900,921600,62.09122,142.125,0.875,0.89,1.346212,-0.004647,0.003076,0.005272,0.293214,0.056641,0.965389,57.943665,14.370853,57.695618,15.45033,4.0,0.00020794,8,707,0.14879,0.25294,0.08,0.0,100,0.0,0.44286,,,-0.01,0.01036,0.00995,-0.01512,0.00467,-0.00697,0.55353
901,922624,59.76107,168.83333,0.83333,0.88,1.304609,-0.002614,0.006362,0.003222,0.226886,0.031529,0.923291,58.006985,13.329721,57.494175,14.063277,4.0,0.00020784,6,706,0.1559,0.23696,0.09,0.0,100,0.0,0.22901,,,-0.01,0.01238,0.00978,-0.01492,0.00359,-0.01046,0.40013
902,923648,61.35065,150.71429,0.85714,0.89,1.197597,-0.003054,0.008758,0.002456,0.275744,0.021694,0.905239,56.184196,13.270638,54.945656,14.392163,4.0,0.00020774,7,720,0.15982,0.27187,0.08,0.0,100,0.0,0.15333,,,-0.01,0.01002,0.00527,-0.01603,0.00176,-0.01283,0.51606
903,924672,70.22932,125.16667,1.0,0.89,1.110008,-0.003968,0.006227,0.002751,0.259221,0.030204,0.954899,50.192871,18.131098,49.536865,19.694054,4.0,0.00020764,6,745,0.18454,0.2823,0.08,0.0,100,0.0,0.25641,,,-0.01,0.01132,0.00157,-0.01668,0.00243,-0.01858,0.5668
904,925696,53.86829,179.4,0.8,0.89,1.13703,-0.006081,0.003228,0.006542,0.322324,0.060477,0.987643,47.296795,24.918724,46.602634,25.889343,4.0,0.00020753,5,753,0.18034,0.2741,0.08,0.0,100,0.0,0.7907,,,-0.01,0.01045,0.00633,-0.01802,0.00211,-0.00693,0.37859
905,926720,48.2984,182.875,0.75,0.88,1.100405,-0.0032,0.00788,0.003469,0.321429,0.038993,0.972759,46.9958,24.729771,45.252277,25.931412,4.0,0.00020743,8,758,0.21888,0.31582,0.08,0.0,100,0.125,0.42553,,,-0.01,0.01069,0.01041,-0.01912,0.00243,-0.01247,0.58333
906,927744,69.89175,165.4,1.0,0.88,1.029664,-0.002484,0.011082,0.002797,0.217064,0.023856,0.951024,48.327629,23.186199,48.238094,23.30114,4.0,0.00020733,5,777,0.20488,0.29026,0.08,0.0,100,0.0,0.19328,,,-0.01,0.0123,0.00585,-0.01905,0.00518,-0.00368,0.5054
907,928768,70.5067,118.5,1.0,0.89,0.897091,-0.003333,0.008196,0.002467,0.213009,0.030448,0.972209,45.43972,25.473396,45.023731,26.12863,4.0,0.00020723,6,805,0.19596,0.29727,0.08,0.0,100,0.0,0.42029,,,-0.01,0.01169,0.00638,-0.01494,0.00613,-0.00693,0.68939
908,929792,51.73708,197.125,0.75,0.9,1.049687,-0.003541,0.002918,0.002613,0.257214,0.027239,0.986597,54.571026,22.574203,54.290249,22.94659,4.0,0.00020712,8,761,0.17225,0.27882,0.09,0.0,100,0.0,0.6375,,,-0.01,0.01229,0.00596,-0.01542,0.00417,-0.00867,0.58299
909,930816,62.41084,147.125,0.875,0.89,1.260653,-0.004071,0.002533,0.003617,0.291494,0.034389,0.979826,59.113659,17.570312,59.33551,18.288719,4.0,0.00020702,8,708,0.15292,0.24948,0.1,0.0,100,0.0,0.43956,,,-0.01,0.0114,0.00796,-0.01546,0.00762,-0.00604,0.56445
910,931840,69.86018,136.14286,1.0,0.9,1.206249,-0.003071,0.012971,0.004745,0.29419,0.060128,0.854829,59.930027,14.410178,59.153835,14.558947,4.0,0.00020692,7,725,0.15622,0.26352,0.09,0.0,100,0.0,0.34307,,,-0.01,0.01195,0.01016,-0.01349,0.00152,-0.00803,0.59609
911,932864,70.48245,129.5,1.0,0.9,1.041303,-0.003405,0.014378,0.003919,0.322399,0.05835,0.918195,52.962132,19.370852,51.950294,19.813944,4.0,0.00020682,6,777,0.17193,0.27407,0.09,0.0,100,0.0,0.31579,,,-0.01,0.01173,0.00776,-0.01461,0.00235,-0.00467,0.60386
912,933888,72.52179,94.25,1.0,0.9,1.068089,-0.003771,0.002758,0.003848,0.268953,0.046735,0.987772,48.447853,22.394333,48.621464,23.395567,4.0,0.00020671,8,757,0.16705,0.26291,0.09,0.0,100,0.0,0.31707,,,-0.01,0.01196,0.01235,-0.01436,0.00693,-0.00673,0.76812
913,934912,47.32572,218.5,0.66667,0.89,1.119539,-0.002194,0.005649,0.001987,0.198366,0.014858,0.972599,52.759876,22.253548,52.728107,22.650169,4.0,0.00020661,6,745,0.16361,0.25459,0.1,0.0,100,0.0,0.33766,,,-0.01,0.01448,0.01015,-0.01256,0.00865,-0.00654,0.36964
914,935936,63.68606,154.55556,0.88889,0.89,1.259747,-0.004405,0.00536,0.004106,0.270937,0.056362,0.85241,63.570469,9.092006,63.891438,9.098224,4.0,0.00020651,9,710,0.1683,0.2633,0.1,0.0,100,0.0,0.28244,,,-0.01,0.01302,0.01024,-0.01451,0.00553,-0.00844,0.65342
915,936960,71.72369,102.0,1.0,0.9,1.35182,-0.003663,0.002913,0.003298,0.26908,0.03125,0.864918,64.048119,6.315298,63.784706,7.533432,4.0,0.00020641,8,702,0.16011,0.25914,0.09,0.0,100,0.0,0.34118,,,-0.01,0.01209,0.01518,-0.0156,0.00677,-0.00577,0.62492
916,937984,72.23374,92.6,1.0,0.9,1.315034,-0.003804,0.004329,0.0034,0.342351,0.039376,0.954604,57.735893,13.648894,55.975803,14.582549,4.0,0.0002063,5,723,0.16821,0.27444,0.09,0.0,100,0.0,0.31111,,,-0.01,0.0121,0.01796,-0.01471,0.00168,-0.0069,0.41174
917,939008,63.27557,189.6,0.9,0.9,1.209654,-0.003874,0.010562,0.004179,0.281735,0.052281,0.902565,56.59771,15.68905,57.176479,15.81314,4.0,0.0002062,10,734,0.17557,0.28053,0.09,0.0,100,0.0,0.24377,,,-0.01,0.01044,0.01435,-0.01671,0.00638,-0.00546,0.76558
918,940032,72.36187,94.625,1.0,0.91,1.204027,-0.005406,0.002371,0.005025,0.312138,0.064209,0.972062,61.138927,14.046718,61.319283,14.653946,4.0,0.0002061,8,711,0.17153,0.25982,0.08,0.0,100,0.0,0.30488,,,-0.01,0.01334,0.00959,-0.01505,0.00611,-0.00646,0.67905
919,941056,63.89464,141.77778,0.88889,0.92,1.226595,-0.003928,0.001835,0.003192,0.309824,0.04248,0.974411,63.784462,12.691482,64.067268,13.003505,4.0,0.000206,9,705,0.17059,0.26176,0.08,0.0,100,0.0,0.32927,,,-0.01,0.01346,0.01231,-0.01496,0.00765,-0.00687,0.65844
920,942080,72.4489,92.45455,1.0,0.93,1.186756,-0.002235,0.003527,0.002843,0.235872,0.02403,0.922379,63.599739,9.845646,63.054413,11.244407,4.0,0.00020589,11,720,0.16866,0.26096,0.07,0.0,100,0.0,0.33858,,,-0.01,0.01266,0.01415,-0.01435,0.00828,-0.00695,0.95351
921,943104,72.03305,106.0,1.0,0.94,1.10303,-0.003021,0.002245,0.002735,0.278876,0.032017,0.984833,57.837971,17.908134,57.199352,18.693214,4.0,0.00020579,5,754,0.17138,0.26791,0.06,0.0,100,0.0,0.37333,,,-0.01,0.01272,0.0143,-0.01502,0.00535,-0.00646,0.4706
922,944128,63.79898,168.5,0.9,0.94,1.225073,-0.002349,0.015623,0.003017,0.178997,0.033691,0.829612,60.378487,15.606278,60.307961,15.127645,4.0,0.00020569,10,717,0.17699,0.26404,0.06,0.0,100,0.0,0.21569,,,-0.01,0.01127,0.01159,-0.01585,0.00579,-0.00497,0.76157
923,945152,72.25001,102.85714,1.0,0.94,1.137159,-0.002927,0.002344,0.002817,0.249177,0.026646,0.971633,62.799889,13.209486,62.632477,13.771993,4.0,0.00020559,7,738,0.15268,0.24295,0.06,0.0,100,0.0,0.32222,,,-0.01,0.01405,0.01427,-0.01215,0.00823,-0.00726,0.62176
924,946176,72.7874,84.875,1.0,0.94,1.08429,-0.003131,0.002825,0.002882,0.259927,0.028495,0.976778,59.413403,16.548609,58.788025,17.138319,4.0,0.00020548,8,746,0.15751,0.23782,0.06,0.0,100,0.0,0.29167,,,-0.01,0.01457,0.01317,-0.01524,0.00893,-0.00809,0.74174
925,947200,63.29988,131.125,0.875,0.94,1.036045,-0.004262,0.004228,0.003705,0.282814,0.039028,0.968794,57.55534,16.714985,56.582111,17.510099,4.0,0.00020538,8,748,0.16836,0.26062,0.06,0.0,100,0.0,0.34146,,,-0.01,0.01518,0.0164,-0.01552,0.00619,-0.00708,0.66795
926,948224,65.25556,147.7,0.9,0.95,1.126654,-0.002414,0.00729,0.001754,0.193232,0.015869,0.923006,60.818439,14.650584,61.06242,14.839433,4.0,0.00020528,10,726,0.15693,0.24626,0.05,0.0,100,0.0,0.1831,,,-0.01,0.01337,0.011,-0.01403,0.00495,-0.00618,0.7839
927,949248,71.92316,96.85714,1.0,0.95,1.139653,-0.003163,0.002024,0.003118,0.264185,0.033273,0.976072,62.659641,13.759194,62.58007,14.10211,4.0,0.00020518,7,735,0.16282,0.25245,0.05,0.0,100,0.0,0.36111,,,-0.01,0.01402,0.01639,-0.0138,0.00715,-0.00552,0.61782
928,950272,71.25132,140.57143,1.0,0.95,1.278374,-0.00272,0.006846,0.004602,0.239748,0.053502,0.832387,62.764004,12.224682,62.550114,11.315891,4.0,0.00020508,7,719,0.16428,0.25559,0.05,0.0,100,0.0,0.24786,,,-0.01,0.01145,0.01717,-0.01321,0.00936,-0.00628,0.5568
929,951296,71.94707,124.85714,1.0,0.96,1.28134,-0.002675,0.00597,0.001798,0.265,0.017997,0.926249,59.836731,13.276135,58.935059,13.748503,4.0,0.00020497,7,722,0.15544,0.25621,0.04,0.0,100,0.0,0.17273,,,-0.01,0.01046,0.01554,-0.01331,0.00199,-0.00639,0.56639
930,952320,61.39278,151.57143,0.85714,0.95,1.22805,-0.003043,0.0073,0.004004,0.286545,0.050467,0.923558,58.546413,14.290442,57.680264,14.878775,4.0,0.00020487,7,711,0.15684,0.25691,0.05,0.0,100,0.0,0.26846,,,-0.01,0.01175,0.01638,-0.01381,0.00418,-0.00447,0.50354
931,953344,56.43553,143.33333,0.77778,0.93,0.993977,-0.001555,0.009851,0.002487,0.217959,0.020403,0.906212,56.059124,15.060758,54.645489,16.955542,4.0,0.00020477,9,761,0.16226,0.2547,0.06,0.0,100,0.11111,0.24607,,,-0.01,0.01156,0.01442,-0.01336,0.00105,-0.00641,0.70565
932,954368,51.71191,169.0,0.71429,0.92,1.043446,-0.002142,0.013796,0.001787,0.239943,0.018973,0.832577,61.481976,12.130799,59.572571,13.686318,4.0,0.00020467,7,746,0.15385,0.22433,0.06,0.0,100,0.14286,0.18065,,,-0.01,0.01664,0.00837,-0.01286,7e-05,-0.00526,0.47511
933,955392,62.7523,95.25,0.875,0.91,0.858365,-0.002008,0.008269,0.002056,0.252669,0.021554,0.936586,54.398212,15.821234,52.754742,17.890953,4.0,0.00020456,8,793,0.15285,0.22418,0.06,0.0,100,0.125,0.27869,,,-0.01,0.01414,0.00681,-0.01439,0.00411,-0.00876,0.80182
934,956416,70.9795,127.5,1.0,0.91,0.812521,-0.002723,0.005124,0.002333,0.226534,0.024519,0.974036,49.112297,20.937246,48.428219,21.284082,4.0,0.00020446,4,824,0.18081,0.27232,0.06,0.0,100,0.0,0.36923,,,-0.01,0.01158,0.01428,-0.01271,0.00199,-0.00673,0.49142
935,957440,49.78719,289.75,0.75,0.9,0.68403,-0.001385,0.014002,0.001583,0.205072,0.017787,0.918591,44.261974,21.423758,43.042324,20.824991,4.0,0.00020436,4,868,0.19172,0.31627,0.07,0.0,100,0.0,0.32143,,,-0.01,0.01151,0.02171,-0.0124,-0.00658,-0.00704,0.41952
936,958464,42.47882,193.8,0.6,0.89,0.873873,-0.002205,0.007943,0.001222,0.287154,0.009766,0.948448,47.6455,17.526541,45.825489,19.03266,4.0,0.00020426,5,800,0.19608,0.26873,0.07,0.0,100,0.2,0.30952,,,-0.01,0.01258,0.01109,-0.01246,0.00151,-0.00959,0.34301
937,959488,63.83801,133.125,0.875,0.88,0.945562,-0.00281,0.002582,0.002023,0.228928,0.022356,0.98594,49.313713,20.997604,49.263298,22.134785,4.0,0.00020415,8,775,0.18993,0.24889,0.08,0.0,100,0.0,0.19689,,,-0.01,0.01262,0.00587,-0.01188,0.00708,-0.0085,0.74776
938,960512,50.85538,200.14286,0.71429,0.86,1.05888,-0.003931,0.002521,0.003531,0.261097,0.040492,0.987203,52.530781,22.224302,52.085171,22.739744,4.0,0.00020405,7,764,0.19664,0.29163,0.1,0.0,100,0.0,0.34831,,,-0.01,0.00996,0.01457,-0.01303,0.00289,-0.00641,0.49298
939,961536,58.37375,167.0,0.83333,0.86,1.208116,-0.003209,0.006239,0.003143,0.275361,0.029576,0.930418,60.125401,13.819496,59.066109,14.993516,4.0,0.00020395,6,726,0.1724,0.26327,0.1,0.0,100,0.0,0.59574,,,-0.01,0.01305,0.01729,-0.0152,0.00639,-0.00517,0.4272
940,962560,61.66355,108.28571,0.85714,0.85,1.223132,-0.003036,0.00373,0.002557,0.271908,0.026367,0.970757,54.374084,17.269024,53.308838,19.308876,4.0,0.00020385,7,734,0.16565,0.26962,0.1,0.0,100,0.14286,0.35385,,,-0.01,0.01081,0.02178,-0.01478,0.00622,-0.00807,0.51432
941,963584,63.35349,141.42857,0.85714,0.85,1.263745,-0.004219,0.002104,0.002734,0.276406,0.030099,0.985086,57.770069,18.010485,57.546082,18.916071,4.0,0.00020374,7,714,0.15709,0.26102,0.1,0.0,100,0.0,0.19289,,,-0.01,0.01077,0.02121,-0.01392,0.00864,-0.0037,0.48544
942,964608,58.96102,173.6,0.8,0.83,1.243031,-0.003103,0.008404,0.00343,0.258153,0.033552,0.912238,62.155708,14.488717,61.309521,15.036202,4.0,0.00020364,10,703,0.1565,0.24093,0.12,0.0,100,0.0,0.21316,,,-0.01,0.01354,0.01111,-0.01503,0.00214,-0.00613,0.65517
943,965632,72.44685,91.44444,1.0,0.83,1.085076,-0.002443,0.008255,0.0036,0.278472,0.036865,0.9489,57.410522,18.073198,56.268303,19.313229,4.0,0.00020354,9,738,0.16781,0.23445,0.12,0.0,100,0.0,0.2987,,,-0.01,0.01518,0.00566,-0.0116,0.00643,-0.01086,0.84614
944,966656,63.03961,111.5,0.875,0.83,1.069632,-0.001862,0.009043,0.001968,0.24231,0.012277,0.954839,54.606689,20.478714,53.564358,21.580502,4.0,0.00020344,8,742,0.16397,0.23257,0.11,0.0,100,0.125,0.31579,,,-0.01,0.01448,0.00735,-0.01365,0.00404,-0.00806,0.6571
945,967680,70.86328,116.57143,1.0,0.85,0.978947,-0.001104,0.009369,0.000917,0.184153,0.00572,0.965158,49.106785,24.662527,48.649223,25.623819,4.0,0.00020333,7,780,0.16214,0.23072,0.1,0.0,100,0.0,0.47253,,,-0.01,0.01463,0.00829,-0.00987,0.00971,-0.00561,0.7486
946,968704,46.88259,188.66667,0.66667,0.85,1.115036,-0.004528,0.005979,0.003961,0.297512,0.048444,0.979873,53.220699,24.861202,51.884209,25.199099,4.0,0.00020323,6,754,0.16038,0.23849,0.1,0.0,100,0.16667,0.35849,,,-0.01,0.01161,0.00845,-0.01342,0.00499,-0.00644,0.37765
947,969728,71.2092,130.33333,1.0,0.85,0.949203,-0.003254,0.005604,0.002455,0.317271,0.027937,0.97449,49.459656,22.929081,47.549236,23.059912,4.0,0.00020313,3,813,0.1863,0.29926,0.1,0.0,100,0.0,0.32812,,,-0.01,0.00733,0.02603,-0.01414,0.00044,-0.00483,0.32666
948,970752,32.76273,366.5,0.5,0.84,0.936624,-0.002061,0.010417,0.002172,0.344665,0.024275,0.940499,43.445415,20.161686,41.441692,20.141863,4.0,0.00020303,2,824,0.20449,0.32207,0.11,0.0,100,0.0,0.16901,,,-0.01,0.00644,0.02378,-0.0148,0.00161,-0.0022,0.10264
949,971776,55.14681,320.0,0.83333,0.84,0.988543,-0.003696,0.029336,0.003901,0.303598,0.047363,0.846444,37.726002,21.57045,39.356289,21.163649,4.0,0.00020292,6,809,0.19514,0.31243,0.12,0.0,100,0.0,0.1748,,,-0.01,0.00583,0.02453,-0.01727,0.00205,-0.0054,0.48966
950,972800,61.48505,175.0,0.85714,0.83,1.208659,-0.002971,0.011737,0.002928,0.266713,0.034215,0.790703,53.973804,10.80967,54.680058,11.513844,4.0,0.00020282,7,735,0.16782,0.25884,0.13,0.0,100,0.0,0.20814,,,-0.01,0.01078,0.02096,-0.01414,0.00398,-0.00563,0.51768
951,973824,58.41161,197.4,0.8,0.85,1.12502,-0.002157,0.010221,0.002943,0.259922,0.031599,0.905063,51.871357,14.594052,51.287197,15.865017,4.0,0.00020272,5,761,0.17373,0.27523,0.12,0.0,100,0.0,0.09091,,,-0.01,0.0095,0.02365,-0.01372,0.00539,-0.00211,0.37259
952,974848,71.81002,128.16667,1.0,0.86,1.208831,-0.003123,0.008332,0.003537,0.272805,0.041643,0.946497,49.736794,18.384874,50.006523,19.313929,4.0,0.00020262,6,736,0.16299,0.24816,0.11,0.0,100,0.0,0.17117,,,-0.01,0.00989,0.01699,-0.01166,0.00522,-0.00318,0.52355
953,975872,72.28214,110.4,1.0,0.86,1.043604,-0.003728,0.006003,0.00316,0.273618,0.036482,0.972624,45.082111,21.977247,44.792366,23.07456,4.0,0.00020252,5,783,0.18795,0.28412,0.11,0.0,100,0.0,0.21918,,,-0.01,0.0085,0.01857,-0.01614,0.00416,-0.00565,0.50084
954,976896,53.77408,212.5,0.75,0.87,1.09038,-0.00206,0.01234,0.002879,0.235709,0.029541,0.89045,52.800537,15.67345,53.325928,16.175735,4.0,0.00020241,8,749,0.17635,0.25315,0.1,0.0,100,0.0,0.25,,,-0.01,0.01243,0.013,-0.01699,0.0033,-0.00669,0.55147
955,977920,72.32263,100.33333,1.0,0.87,1.028477,-0.002356,0.008579,0.001925,0.251053,0.016602,0.95064,48.895893,19.356392,48.632744,20.670988,4.0,0.00020231,6,772,0.18552,0.26113,0.1,0.0,100,0.0,0.23944,,,-0.01,0.01359,0.01342,-0.01674,0.00705,-0.00606,0.60697
956,978944,63.21144,142.25,0.875,0.88,0.973976,-0.004682,0.005607,0.003347,0.258382,0.038714,0.972056,48.996185,21.045944,49.35342,21.971291,4.0,0.00020221,8,775,0.18754,0.27543,0.1,0.0,100,0.0,0.12821,,,-0.01,0.0111,0.02292,-0.01607,0.0071,-0.0042,0.72912
957,979968,51.06574,182.28571,0.71429,0.87,1.114939,-0.004094,0.007568,0.003236,0.267173,0.039446,0.907299,56.533592,12.796814,56.576099,14.100044,4.0,0.00020211,7,729,0.17493,0.25901,0.1,0.0,100,0.14286,0.20792,,,-0.01,0.01175,0.01923,-0.01648,0.00601,-0.00531,0.43746
958,980992,71.63489,157.14286,1.0,0.88,1.151423,-0.003118,0.011616,0.002454,0.245511,0.025146,0.886091,53.559685,15.579142,54.532909,16.052135,4.0,0.000202,7,731,0.17725,0.27766,0.09,0.0,100,0.0,0.14,,,-0.01,0.01321,0.02555,-0.01491,0.00656,-0.00887,0.59624
959,982016,72.44412,117.625,1.0,0.88,1.22776,-0.002126,0.014016,0.003527,0.203123,0.032506,0.837822,56.692932,15.634906,57.135532,14.775992,4.0,0.0002019,8,706,0.16992,0.25212,0.09,0.0,100,0.0,0.16667,,,-0.01,0.01337,0.01501,-0.01504,0.00529,-0.00829,0.6515
960,983040,62.73726,154.625,0.875,0.88,1.069755,-0.002594,0.010295,0.003166,0.210501,0.040179,0.908715,53.24691,15.363942,54.054379,16.342289,4.0,0.0002018,8,754,0.17154,0.27247,0.1,0.0,100,0.0,0.2,,,-0.01,0.00994,0.0196,-0.01568,0.00584,-0.00727,0.65748
961,984064,72.38292,96.33333,1.0,0.88,1.193659,-0.004077,0.003537,0.003359,0.2785,0.036482,0.971595,54.576721,16.957544,55.365383,17.87892,4.0,0.0002017,9,731,0.15365,0.23839,0.1,0.0,100,0.0,0.26531,,,-0.01,0.01025,0.01764,-0.01445,0.00912,-0.00487,0.77385
962,985088,54.88883,193.0,0.75,0.88,1.212439,-0.003321,0.002993,0.00283,0.301839,0.028355,0.979443,55.923157,18.072245,56.6105,18.729132,4.0,0.00020159,8,719,0.16429,0.24429,0.11,0.0,100,0.0,0.13699,,,-0.01,0.01317,0.01693,-0.01367,0.00489,-0.00652,0.49959
963,986112,72.67321,93.25,1.0,0.9,1.254111,-0.004363,0.00225,0.003492,0.27834,0.035121,0.795173,65.593895,5.127694,66.691696,4.942391,4.0,0.00020149,8,694,0.16112,0.22009,0.09,0.0,100,0.0,0.27711,,,-0.01,0.01675,0.01071,-0.01345,0.00847,-0.00747,0.63824
964,987136,72.95827,102.0,1.0,0.91,1.146262,-0.004051,0.003549,0.003256,0.304795,0.033308,0.85007,65.141747,6.659395,64.257896,7.759176,4.0,0.00020139,6,729,0.16924,0.27747,0.08,0.0,100,0.0,0.15116,,,-0.01,0.01088,0.03069,-0.01286,0.00525,-0.00489,0.50274
965,988160,71.90885,190.33333,1.0,0.92,0.968002,-0.002571,0.01409,0.002997,0.236882,0.035017,0.809866,55.793461,14.067043,55.911835,13.455419,4.0,0.00020129,6,769,0.19973,0.3358,0.07,0.0,100,0.0,0.09489,,,-0.01,0.00704,0.04323,-0.01636,0.00139,-0.00655,0.5646
966,989184,63.64687,168.57143,0.85714,0.91,0.988868,-0.003179,0.007705,0.004226,0.242828,0.044399,0.887403,58.415257,12.156444,58.088921,12.946507,4.0,0.00020118,7,757,0.19324,0.30039,0.08,0.0,100,0.0,0.07004,,,-0.01,0.01274,0.03222,-0.01731,-0.00057,-0.00358,0.57847
967,990208,62.00376,164.16667,0.83333,0.92,0.891077,-0.003489,0.002825,0.002652,0.219726,0.029088,0.969384,58.428413,13.974941,58.169842,14.754196,4.0,0.00020108,6,777,0.19506,0.31687,0.07,0.0,100,0.0,0.16355,,,-0.01,0.01254,0.03369,-0.01549,0.00401,-0.00667,0.53075
968,991232,71.44834,117.28571,1.0,0.92,0.994207,-0.002475,0.004947,0.003332,0.231569,0.037493,0.95397,57.732452,15.775019,57.649921,16.255438,4.0,0.00020098,7,758,0.18365,0.28555,0.07,0.0,100,0.0,0.31159,,,-0.01,0.01211,0.02197,-0.0154,0.00222,-0.00493,0.68512
969,992256,53.47289,194.85714,0.71429,0.91,1.098471,-0.003655,0.002312,0.002414,0.286901,0.024658,0.979169,59.131798,16.678431,58.771137,17.116055,4.0,0.00020088,7,736,0.16719,0.28054,0.08,0.0,100,0.0,0.09852,,,-0.01,0.01164,0.03235,-0.01542,0.00883,-0.00707,0.44539
970,993280,72.81753,86.5,1.0,0.91,1.375293,-0.005582,0.002628,0.004249,0.331302,0.053188,0.957663,59.627399,11.842443,58.460804,13.502153,4.0,0.00020077,4,697,0.16976,0.26897,0.08,0.0,100,0.0,0.25581,,,-0.01,0.01111,0.0199,-0.01487,0.00365,-0.01156,0.30157
971,994304,71.38968,181.4,1.0,0.93,1.321017,-0.003383,0.009351,0.004003,0.320793,0.050851,0.936691,53.19455,17.60043,52.026508,18.328499,4.0,0.00020067,5,715,0.18577,0.31203,0.07,0.0,100,0.0,0.20426,,,-0.01,0.00985,0.03023,-0.01384,0.00331,-0.01272,0.38118
972,995328,53.89101,206.42857,0.71429,0.91,1.17227,-0.003878,0.005723,0.002346,0.286858,0.025077,0.959878,54.776142,17.582146,53.734104,18.586708,4.0,0.00020057,7,723,0.18065,0.25868,0.09,0.0,100,0.0,0.13564,,,-0.01,0.01296,0.01035,-0.01497,0.00346,-0.01121,0.43173
973,996352,50.20854,177.25,0.75,0.89,1.070913,-0.001942,0.012759,0.001488,0.220081,0.008824,0.911443,54.684425,16.970036,53.77705,18.651495,4.0,0.00020047,8,753,0.17125,0.24967,0.1,0.0,100,0.125,0.57754,,,-0.01,0.01266,0.01275,-0.01503,0.00833,-0.0081,0.56719
974,997376,71.76499,105.8,1.0,0.89,0.966073,-0.002885,0.009121,0.002909,0.230917,0.032575,0.93058,52.927036,17.230932,52.172085,17.891293,4.0,0.00020036,5,785,0.16635,0.25498,0.1,0.0,100,0.0,0.37681,,,-0.01,0.01353,0.01482,-0.01263,0.00096,-0.00554,0.52704
975,998400,60.76863,174.14286,0.85714,0.89,1.031878,-0.003638,0.011422,0.00249,0.225923,0.021031,0.927895,54.133759,18.972445,54.024998,19.901184,4.0,0.00020026,7,762,0.16683,0.25516,0.09,0.0,100,0.14286,0.17259,,,-0.01,0.01276,0.01889,-0.01253,0.0065,-0.00406,0.56396
976,999424,61.40749,174.14286,0.85714,0.88,1.122794,-0.00283,0.010081,0.003378,0.237826,0.039621,0.857495,59.820835,12.515832,59.300449,12.918648,4.0,0.00020016,7,740,0.1715,0.25898,0.1,0.0,100,0.0,0.20863,,,-0.01,0.01254,0.0138,-0.0161,-0.00056,-0.00585,0.54444
977,1000448,72.0854,115.0,1.0,0.89,1.157187,-0.0036,0.003243,0.002614,0.231264,0.026263,0.967817,58.723774,14.726643,58.944115,15.52782,4.0,0.00020006,7,732,0.17855,0.26889,0.09,0.0,100,0.0,0.29412,,,-0.01,0.01186,0.02073,-0.01352,0.00872,-0.00619,0.6175
978,1001472,63.5238,156.0,0.9,0.89,1.15733,-0.002095,0.008435,0.001698,0.205491,0.014683,0.858202,60.908749,10.980103,61.402363,12.010285,4.0,0.00019996,10,722,0.17903,0.27435,0.08,0.0,100,0.1,0.20773,,,-0.01,0.01043,0.01676,-0.01787,0.00238,-0.00467,0.76882
979,1002496,71.70435,106.0,1.0,0.89,1.118624,-0.00214,0.007514,0.002711,0.208245,0.02832,0.866843,61.315258,10.379865,61.424004,11.56598,4.0,0.00019985,9,719,0.16713,0.24467,0.08,0.0,100,0.0,0.41538,,,-0.01,0.01542,0.0087,-0.01486,0.00464,-0.00695,0.79071
980,1003520,72.78671,97.8,1.0,0.89,1.177864,-0.003436,0.008433,0.002698,0.245914,0.028843,0.94297,57.339512,17.601036,56.671162,18.386852,4.0,0.00019975,5,731,0.17121,0.24943,0.08,0.0,100,0.0,0.19672,,,-0.01,0.01222,0.01185,-0.01352,0.00516,-0.00705,0.44382
981,1004544,58.67969,125.33333,0.83333,0.89,0.985693,-0.002312,0.011357,0.002206,0.240084,0.025949,0.944602,51.76931,21.919239,50.437439,23.355148,4.0,0.00019965,6,780,0.20042,0.29325,0.07,0.0,100,0.16667,0.26549,,,-0.01,0.01204,0.01896,-0.01507,0.00452,-0.00444,0.51387
982,1005568,63.27869,144.25,0.875,0.89,1.100942,-0.003181,0.005938,0.002429,0.255273,0.023333,0.974213,53.282261,22.246721,52.709206,22.847044,4.0,0.00019955,8,742,0.19326,0.27022,0.07,0.0,100,0.0,0.35088,,,-0.01,0.01237,0.01421,-0.01329,0.00293,-0.00592,0.66111
983,1006592,51.95872,196.28571,0.71429,0.87,1.166234,-0.00278,0.00485,0.003094,0.280942,0.031424,0.959622,58.941982,16.281687,58.506725,16.692307,4.0,0.00019944,7,730,0.17299,0.24687,0.09,0.0,100,0.0,0.28241,,,-0.01,0.01467,0.01207,-0.01231,0.00735,-0.00548,0.44585
984,1007616,61.68763,118.14286,0.85714,0.88,0.848411,-0.001832,0.007474,0.001839,0.233506,0.018066,0.960665,50.999084,19.756235,49.66613,21.306211,4.0,0.00019934,7,827,0.17327,0.27023,0.07,0.0,100,0.14286,0.29032,,,-0.01,0.01051,0.02275,-0.01286,0.00233,-0.00463,0.73045
985,1008640,61.88892,183.0,0.85714,0.87,1.124905,-0.002005,0.005581,0.001977,0.238292,0.018136,0.967869,55.08606,19.474714,55.018036,19.787893,4.0,0.00019924,7,747,0.20287,0.27124,0.08,0.0,100,0.0,0.17262,,,-0.01,0.01204,0.01284,-0.01492,0.00587,-0.00633,0.55382
986,1009664,62.2759,153.25,0.875,0.88,1.156182,-0.003055,0.004648,0.003421,0.276918,0.039062,0.95597,59.975254,15.628358,59.892849,15.946301,4.0,0.00019914,8,722,0.19816,0.2648,0.07,0.0,100,0.0,0.39516,,,-0.01,0.01421,0.00684,-0.01396,0.00398,-0.00643,0.62109
987,1010688,70.67555,131.25,1.0,0.9,1.136149,-0.003044,0.007093,0.002436,0.209282,0.026507,0.676773,62.780396,7.026152,62.976719,7.237561,4.0,0.00019903,8,729,0.22011,0.30214,0.06,0.0,100,0.0,0.41958,,,-0.01,0.01214,0.01621,-0.01424,0.00362,-0.00621,0.70772
988,1011712,72.03233,117.75,1.0,0.9,1.247841,-0.003418,0.003426,0.003893,0.224737,0.046666,0.903021,62.872826,8.480199,63.506741,9.000888,4.0,0.00019893,8,708,0.19147,0.27175,0.06,0.0,100,0.0,0.3375,,,-0.01,0.01372,0.0122,-0.01253,0.00816,-0.00373,0.65445
989,1012736,73.0175,98.33333,1.0,0.92,1.202755,-0.003317,0.006363,0.002965,0.24952,0.031564,0.945043,59.408836,15.618905,58.371559,16.819513,4.0,0.00019883,6,732,0.16797,0.24433,0.05,0.0,100,0.0,0.2561,,,-0.01,0.01532,0.01584,-0.0124,0.00589,-0.00629,0.52453
990,1013760,46.06473,198.66667,0.66667,0.91,0.901434,-0.003535,0.006959,0.002449,0.302055,0.027867,0.962061,48.112797,19.494041,46.274231,20.521441,4.0,0.00019873,3,835,0.17094,0.26632,0.05,0.0,100,0.33333,0.66667,,,-0.01,0.01256,0.0233,-0.01174,0.00264,-0.00483,0.23273
991,1014784,46.99988,218.66667,0.66667,0.89,0.944012,-0.002469,0.008487,0.002011,0.27882,0.022426,0.961402,48.832794,21.222288,46.972454,22.670855,4.0,0.00019862,6,817,0.17042,0.2742,0.05,0.0,100,0.33333,0.14035,,,-0.01,0.00878,0.02588,-0.01325,0.00403,-0.0071,0.41737
992,1015808,51.25219,242.71429,0.71429,0.88,1.157767,-0.003174,0.007293,0.002598,0.226179,0.029994,0.94031,57.213001,16.503826,57.018105,16.921673,4.0,0.00019852,7,742,0.18091,0.25982,0.07,0.0,100,0.0,0.12549,,,-0.01,0.01357,0.01465,-0.0155,0.0042,-0.00572,0.43202
993,1016832,72.67909,113.42857,1.0,0.88,1.223516,-0.002806,0.002538,0.002693,0.245128,0.029332,0.948199,62.696175,10.063591,62.743557,11.037778,4.0,0.00019842,7,721,0.16228,0.24251,0.07,0.0,100,0.0,0.2735,,,-0.01,0.01366,0.02176,-0.01527,0.00937,-0.00672,0.58411
994,1017856,72.50143,104.75,1.0,0.88,1.212878,-0.003231,0.003104,0.003556,0.303029,0.041957,0.971305,59.273296,15.599467,58.228333,16.413219,4.0,0.00019832,4,732,0.16119,0.25864,0.07,0.0,100,0.0,0.29412,,,-0.01,0.01346,0.02356,-0.01457,0.0079,-0.0062,0.33596
995,1018880,56.39759,249.6,0.8,0.87,1.155525,-0.003896,0.010622,0.004354,0.264256,0.062605,0.897626,56.401203,15.900494,55.957615,15.818461,4.0,0.00019821,5,754,0.17668,0.29095,0.08,0.0,100,0.0,0.13488,,,-0.01,0.01093,0.0301,-0.01504,0.00064,-0.00763,0.34424
996,1019904,71.39111,145.2,1.0,0.87,1.148492,-0.003889,0.004633,0.003458,0.250096,0.040004,0.942217,58.350746,13.329646,57.7654,13.954512,4.0,0.00019811,5,751,0.16238,0.276,0.08,0.0,100,0.0,0.26923,,,-0.01,0.01071,0.02402,-0.01427,0.00353,-0.00665,0.43167
997,1020928,56.11572,205.875,0.75,0.87,1.147384,-0.003591,0.003025,0.003345,0.25306,0.030797,0.92991,62.156189,9.319826,62.055866,10.01356,4.0,0.00019801,8,726,0.16247,0.25176,0.09,0.0,100,0.0,0.11989,,,-0.01,0.01339,0.01682,-0.01349,0.00672,-0.0047,0.51285
998,1021952,71.63636,130.83333,1.0,0.88,1.025631,-0.001541,0.00567,0.001703,0.257861,0.01845,0.914066,59.837994,11.15231,58.798115,12.470161,4.0,0.00019791,6,774,0.1702,0.27532,0.08,0.0,100,0.0,0.33094,,,-0.01,0.00934,0.02757,-0.01464,0.00376,-0.00348,0.57444
999,1022976,71.61971,175.5,1.0,0.89,0.999796,-0.003793,0.006156,0.00304,0.292233,0.038644,0.961035,54.346924,18.142006,53.42683,19.037603,4.0,0.0001978,4,787,0.17431,0.28271,0.07,0.0,100,0.0,0.15862,,,-0.01,0.00979,0.02776,-0.0144,0.00479,-0.00363,0.38662
1000,1024000,59.28716,221.0,0.83333,0.88,0.947991,-0.002969,0.0089,0.002632,0.224955,0.028355,0.963118,48.452374,23.042774,48.36039,23.652163,4.0,0.0001977,6,810,0.17502,0.28663,0.08,0.0,100,0.0,0.14894,,,-0.01,0.00805,0.02916,-0.01727,0.00358,-0.00415,0.52155
1001,1025024,60.81288,165.66667,0.83333,0.89,1.24162,-0.002604,0.0029,0.001855,0.252246,0.014579,0.962521,59.664845,12.773862,59.34185,13.905451,4.0,0.0001976,6,721,0.15985,0.24938,0.08,0.0,100,0.0,0.18367,,,-0.01,0.01176,0.0212,-0.01353,0.0072,-0.00623,0.4157
1002,1026048,63.859,187.75,0.875,0.88,1.28703,-0.002092,0.005735,0.00283,0.281648,0.024344,0.899943,61.402256,11.469772,62.019581,11.382593,4.0,0.0001975,8,717,0.1525,0.2508,0.09,0.0,100,0.0,0.15974,,,-0.01,0.01261,0.02211,-0.01289,0.00783,-0.00703,0.5531
1003,1027072,72.16249,119.55556,1.0,0.89,1.317937,-0.00396,0.004985,0.003798,0.270327,0.036237,0.729019,64.752724,5.939555,64.767784,6.413211,4.0,0.0001974,9,699,0.14984,0.24033,0.08,0.0,100,0.0,0.28161,,,-0.01,0.01322,0.0127,-0.01169,0.00565,-0.00643,0.70442
1004,1028096,72.55633,120.0,1.0,0.89,1.139188,-0.003945,0.004084,0.002768,0.255918,0.03561,0.916599,61.758232,9.661243,61.063427,11.139423,4.0,0.00019729,6,751,0.16403,0.27374,0.08,0.0,100,0.0,0.20339,,,-0.01,0.01073,0.02081,-0.01355,0.00489,-0.00529,0.53935
1005,1029120,63.18482,145.88889,0.88889,0.88,1.211019,-0.002769,0.008404,0.002355,0.206259,0.021659,0.722375,63.539917,7.988698,63.681347,8.37753,4.0,0.00019719,9,707,0.15472,0.23118,0.08,0.0,100,0.11111,0.33488,,,-0.01,0.01645,0.01252,-0.01298,0.00722,-0.00869,0.65261
1006,1030144,55.0011,114.33333,0.77778,0.89,1.0581,-0.001203,0.019401,0.001182,0.317468,0.006592,0.732483,62.309917,9.29359,59.822903,14.192904,4.0,0.00019709,9,740,0.15052,0.22327,0.08,0.0,100,0.22222,0.41489,,,-0.01,0.01625,0.0088,-0.01143,0.00161,-0.00661,0.64769
1007,1031168,72.03832,121.83333,1.0,0.91,1.0506,-0.002592,0.005027,0.002974,0.249324,0.028076,0.96301,59.215488,16.048977,58.200264,17.321627,4.0,0.00019699,6,763,0.1557,0.23912,0.06,0.0,100,0.0,0.1875,,,-0.01,0.0141,0.0132,-0.01439,0.00802,-0.00641,0.57454
1008,1032192,71.47885,123.25,1.0,0.91,0.853259,-0.003383,0.017721,0.00234,0.359462,0.026158,0.943539,49.334473,25.580816,46.755642,26.330198,4.0,0.00019688,8,813,0.15313,0.23338,0.06,0.0,100,0.0,0.2521,,,-0.01,0.01372,0.00734,-0.01267,-0.0019,-0.00825,0.94785
1009,1033216,50.43785,152.28571,0.71429,0.89,0.958581,-0.001982,0.003882,0.002761,0.270014,0.023786,0.990812,41.546814,31.18655,41.243336,32.311008,4.0,0.00019678,7,791,0.14025,0.21338,0.07,0.0,100,0.14286,0.28889,,,-0.01,0.01182,0.00578,-0.0155,0.0077,-0.00599,0.5404
1010,1034240,61.47043,157.71429,0.85714,0.89,1.066301,-0.003134,0.008935,0.00312,0.273893,0.033901,0.980379,44.724445,31.644617,44.008263,32.269005,4.0,0.00019668,7,772,0.15765,0.24235,0.07,0.0,100,0.0,0.31944,,,-0.01,0.01193,0.00905,-0.0126,0.00834,-0.00595,0.61078
1011,1035264,50.61668,160.71429,0.71429,0.89,1.216323,-0.001965,0.007008,0.002697,0.249228,0.02703,0.95733,58.842041,18.833666,58.406441,19.421839,4.0,0.00019658,7,730,0.16307,0.24539,0.06,0.0,100,0.14286,0.34722,,,-0.01,0.01263,0.01184,-0.01528,0.00474,-0.00479,0.43576
1012,1036288,70.32012,132.25,1.0,0.89,1.159871,-0.003189,0.018867,0.003025,0.237088,0.039376,0.775851,59.356564,13.06411,58.456768,13.951584,4.0,0.00019647,8,743,0.16664,0.24763,0.06,0.0,100,0.0,0.25472,,,-0.01,0.01105,0.00472,-0.01559,0.00151,-0.00545,0.74018
1013,1037312,58.90076,109.83333,0.83333,0.88,1.063588,-0.002452,0.018162,0.001613,0.424634,0.01266,0.922039,49.213612,21.304207,46.677437,23.320745,4.0,0.00019637,6,769,0.18206,0.25971,0.06,0.0,100,0.16667,0.55932,,,-0.01,0.0113,-0.0013,-0.01456,0.00227,-0.00496,0.51248
1014,1038336,43.81849,182.83333,0.66667,0.88,1.125295,-0.002989,0.025847,0.003669,0.441294,0.040458,0.896399,48.188824,22.470621,44.968628,23.175358,4.0,0.00019627,6,758,0.18417,0.26644,0.04,0.0,100,0.33333,0.69748,,,-0.01,0.01136,-0.00234,-0.01092,-0.00017,-0.0061,0.37916
1015,1039360,54.24829,133.8,0.8,0.87,1.027197,-0.003632,0.011996,0.002505,0.236726,0.024519,0.966459,38.978428,27.669762,38.188511,28.641186,4.0,0.00019617,5,788,0.18454,0.27451,0.04,0.0,100,0.2,0.69136,,,-0.01,0.01153,0.00106,-0.01254,0.00586,-0.00627,0.43059
1016,1040384,57.98871,184.5,0.83333,0.87,1.005925,-0.002758,0.005623,0.002553,0.227174,0.026123,0.984363,40.18298,29.601952,40.139046,30.030645,4.0,0.00019606,6,809,0.17928,0.27943,0.04,0.0,100,0.0,0.54386,,,-0.01,0.00829,0.01221,-0.01595,0.00444,-0.00506,0.53307
1017,1041408,46.2695,239.33333,0.66667,0.85,1.103421,-0.00249,0.010882,0.002319,0.210408,0.022879,0.940762,49.73114,19.96752,49.261669,20.529053,4.0,0.00019596,6,761,0.19183,0.28736,0.06,0.0,100,0.0,0.5,,,-0.01,0.01238,0.00763,-0.01565,0.00541,-0.00451,0.381
1018,1042432,51.8268,120.25,0.75,0.84,1.06871,-0.002869,0.01457,0.003107,0.357046,0.041957,0.921824,49.605503,18.844805,47.557838,20.438192,4.0,0.00019586,4,784,0.18814,0.30191,0.06,0.0,100,0.25,0.50877,,,-0.01,0.00916,0.01545,-0.01506,0.00059,-0.00404,0.29745
1019,1043456,65.82241,273.66667,1.0,0.84,1.051243,-0.001915,0.03704,0.003081,0.260822,0.030239,0.797144,42.0312,22.677441,43.963108,21.311285,4.0,0.00019576,6,799,0.17681,0.29502,0.06,0.0,100,0.0,0.25097,,,-0.01,0.00708,0.02246,-0.01581,0.00348,-0.00764,0.56833
1020,1044480,71.44027,117.25,1.0,0.85,1.307427,-0.005509,0.008011,0.004975,0.292943,0.073172,0.948539,49.027073,17.85685,48.906849,18.434433,4.0,0.00019565,4,744,0.16231,0.24727,0.06,0.0,100,0.0,0.34545,,,-0.01,0.00947,0.00529,-0.0145,0.00395,-0.00253,0.34639
1021,1045504,54.59936,237.6,0.8,0.84,1.142125,-0.00237,0.013228,0.002091,0.255286,0.023193,0.909987,46.516438,17.38928,45.662144,18.365545,4.0,0.00019555,5,761,0.16789,0.26446,0.07,0.0,100,0.2,0.39516,,,-0.01,0.00887,0.00577,-0.0137,0.00329,-0.00319,0.37375
1022,1046528,67.46126,203.2,1.0,0.84,1.077615,-0.002735,0.014609,0.003109,0.253003,0.035331,0.897533,46.402672,18.020189,47.204464,18.131706,4.0,0.00019545,5,772,0.1668,0.26168,0.07,0.0,100,0.0,0.43716,,,-0.01,0.00895,0.01109,-0.01415,0.00401,-0.00405,0.48387
1023,1047552,57.67805,193.5,0.83333,0.85,1.065614,-0.002672,0.011186,0.002675,0.187607,0.023437,0.913138,46.690826,17.010782,47.240181,17.351107,4.0,0.00019535,6,769,0.17659,0.26925,0.08,0.0,100,0.0,0.56667,,,-0.01,0.00961,0.01495,-0.01365,0.00413,-0.00378,0.50256
1024,1048576,69.4197,195.0,1.0,0.85,1.173711,-0.003698,0.012919,0.002954,0.246094,0.034912,0.726193,51.251305,10.01401,51.523956,10.420623,4.0,0.00019524,5,746,0.17202,0.27456,0.08,0.0,100,0.0,0.25,,,-0.01,0.0088,0.01854,-0.01722,0.00204,-0.00346,0.45041
1025,1049600,37.8147,301.5,0.5,0.84,0.895563,-0.003237,0.005052,0.002273,0.259078,0.022705,0.93828,46.152325,12.89139,45.125568,13.407971,4.0,0.00019514,2,833,0.19603,0.32743,0.09,0.0,100,0.0,0.16279,,,-0.01,0.00843,0.02893,-0.01485,0.00166,-0.00191,0.11778
1026,1050624,57.83407,243.5,0.83333,0.84,0.97822,-0.003054,0.013198,0.003116,0.250502,0.028669,0.868613,44.217274,14.88612,44.043446,15.890599,4.0,0.00019504,6,808,0.16938,0.26365,0.1,0.0,100,0.0,0.26277,,,-0.01,0.00957,0.01054,-0.01673,0.00027,-0.00494,0.53557
1027,1051648,52.39334,208.0,0.75,0.83,0.804486,-0.002537,0.005284,0.001995,0.224726,0.023856,0.966437,39.24432,17.948042,39.240795,19.067379,4.0,0.00019494,4,862,0.1794,0.26067,0.11,0.0,100,0.0,0.36207,,,-0.01,0.0107,0.00799,-0.01411,0.00299,-0.00275,0.40616
1028,1052672,32.21674,263.83333,0.5,0.81,1.032962,-0.002506,0.008901,0.002998,0.203381,0.03683,0.939431,46.2313,17.421894,45.951481,19.191582,4.0,0.00019484,6,787,0.17843,0.26891,0.11,0.0,100,0.33333,0.61654,,,-0.01,0.00941,0.00981,-0.01596,0.00229,-0.00343,0.30612
1029,1053696,70.71305,161.0,1.0,0.83,1.334314,-0.0028,0.008538,0.003085,0.216865,0.029402,0.915243,53.258217,14.425547,53.614021,15.428336,4.0,0.00019473,4,725,0.16185,0.2394,0.1,0.0,100,0.0,0.25472,,,-0.01,0.01068,0.00802,-0.01284,0.00492,-0.00375,0.33944
1030,1054720,57.48624,174.0,0.83333,0.83,1.211405,-0.004598,0.010204,0.003613,0.304295,0.042167,0.922991,50.881496,16.266891,50.652596,17.556173,4.0,0.00019463,6,746,0.16929,0.2592,0.09,0.0,100,0.16667,0.55085,,,-0.01,0.00731,0.00584,-0.01415,0.00491,-0.00528,0.45743
1031,1055744,52.69471,288.0,0.8,0.82,1.286187,-0.002948,0.008049,0.002366,0.232905,0.021763,0.919451,53.892647,14.541367,53.924648,14.87816,4.0,0.00019453,5,744,0.17366,0.2751,0.1,0.0,100,0.0,0.34146,,,-0.01,0.00828,0.02004,-0.01615,0.00436,-0.00227,0.32716
1032,1056768,69.26499,171.5,1.0,0.82,1.132164,-0.002579,0.011114,0.00337,0.288538,0.035679,0.881827,54.543354,13.362502,52.862568,14.287774,4.0,0.00019443,2,772,0.17753,0.26717,0.1,0.0,100,0.0,0.32609,,,-0.01,0.00922,0.015,-0.01577,6e-05,-0.00244,0.18765
1033,1057792,69.55862,173.0,1.0,0.82,1.024057,-0.003574,0.003235,0.002282,0.2528,0.022077,0.980833,45.161694,19.509977,44.220791,19.94964,4.0,0.00019432,2,820,0.179,0.27446,0.1,0.0,100,0.0,0.30769,,,-0.01,0.00676,0.01866,-0.01352,0.00429,-0.00405,0.21101
1034,1058816,44.12655,302.66667,0.66667,0.81,1.034064,-0.002729,0.014072,0.001834,0.269814,0.018694,0.913367,43.045589,18.759571,41.855652,18.991518,4.0,0.00019422,6,785,0.17737,0.26698,0.11,0.0,100,0.16667,0.13364,,,-0.01,0.00569,0.01196,-0.01409,0.00049,-0.00359,0.38414
1035,1059840,44.87611,230.66667,0.66667,0.82,0.888636,-0.003145,0.016438,0.002528,0.275255,0.027762,0.894232,43.398273,17.82935,41.541546,18.489265,4.0,0.00019412,3,831,0.19539,0.27476,0.11,0.0,100,0.33333,0.42308,,,-0.01,0.01072,0.00583,-0.014,-0.00303,-0.00478,0.23633
1036,1060864,0.32872,450.0,0.0,0.81,0.629939,-0.002548,0.004909,0.001526,0.253081,0.01566,0.972051,38.398445,20.33725,37.089172,20.409121,4.0,0.00019402,1,920,0.26145,0.40328,0.12,0.0,100,0.0,0.39552,,,-0.01,0.00743,0.01766,-0.01815,0.00108,-0.00106,0.0
1037,1061888,20.61176,318.33333,0.33333,0.79,0.808237,-0.003227,0.002865,0.002229,0.271761,0.024554,0.984568,39.537388,19.905603,38.806465,20.379766,4.0,0.00019391,3,872,0.2076,0.33001,0.13,0.0,100,0.33333,0.42466,,,-0.01,0.00435,0.02427,-0.02301,0.00307,-0.0024,0.13066
1038,1062912,13.87316,443.5,0.25,0.77,1.192029,-0.004054,0.003428,0.003832,0.297732,0.043771,0.976403,46.77103,18.497011,46.234882,18.733358,4.0,0.00019381,4,776,0.17462,0.28937,0.16,0.0,100,0.0,0.26108,,,-0.01,0.00689,0.01804,-0.01521,0.00266,-0.00425,0.08257
1039,1063936,35.51887,320.5,0.5,0.77,1.185039,-0.004993,0.006007,0.003779,0.329261,0.046038,0.920319,51.766357,12.326109,50.392178,12.762568,4.0,0.00019371,2,778,0.19042,0.3043,0.16,0.0,100,0.0,0.21739,,,-0.01,0.00747,0.00897,-0.0151,0.00149,-0.00241,0.09111
1040,1064960,62.28927,293.0,1.0,0.77,1.099358,-0.001787,0.012136,0.002337,0.242495,0.023507,0.88375,48.367085,15.210097,48.017303,15.781183,4.0,0.00019361,4,793,0.17571,0.28892,0.16,0.0,100,0.0,0.43627,,,-0.01,0.00652,0.02052,-0.02091,0.00276,-0.00333,0.36119
1041,1065984,65.73042,277.6,1.0,0.79,1.097811,-0.004046,0.012441,0.003053,0.272606,0.03547,0.898023,45.694546,16.642704,45.910667,16.854889,4.0,0.0001935,5,794,0.17827,0.28233,0.14,0.0,100,0.0,0.15566,,,-0.01,0.0064,0.01853,-0.01955,0.0019,-0.00702,0.46063
1042,1067008,35.08927,285.75,0.5,0.78,1.138025,-0.00255,0.005498,0.002261,0.242171,0.027239,0.960931,45.775181,17.175983,45.413391,17.988682,4.0,0.0001934,4,778,0.16644,0.24814,0.16,0.0,100,0.0,0.29231,,,-0.01,0.00797,0.00972,-0.01337,0.00603,-0.00374,0.19023
1043,1068032,68.14636,144.0,1.0,0.78,1.066259,-0.002466,0.011293,0.002838,0.280576,0.035924,0.921265,43.950314,17.663492,42.749268,17.803957,4.0,0.0001933,2,812,0.18419,0.29161,0.16,0.0,100,0.0,0.4,,,-0.01,0.00658,0.01946,-0.01305,-0.00082,-0.0034,0.20617
1044,1069056,20.60599,395.0,0.33333,0.76,0.976298,-0.00151,0.009423,0.001899,0.202927,0.022008,0.920319,40.516838,16.744928,40.057686,16.638214,4.0,0.0001932,3,833,0.1891,0.29565,0.18,0.0,100,0.0,0.3254,,,-0.01,0.00765,0.01851,-0.01431,0.00119,-0.00869,0.10348
1045,1070080,14.14481,404.25,0.25,0.73,1.17951,-0.003301,0.006979,0.003492,0.273403,0.041818,0.916649,45.854588,12.394622,44.491604,13.474375,4.0,0.00019309,4,765,0.17491,0.26218,0.2,0.0,100,0.25,0.09398,,,-0.01,0.00813,0.01601,-0.01577,0.00074,-0.00541,0.07807
1046,1071104,71.21307,155.33333,1.0,0.73,0.860088,-0.003154,0.015645,0.002737,0.219186,0.032192,0.867478,41.342449,15.051949,40.887371,16.102251,4.0,0.00019299,3,848,0.19727,0.31927,0.2,0.0,100,0.0,0.15873,,,-0.01,0.00834,0.02083,-0.01912,0.00049,-0.00202,0.37248
1047,1072128,46.13462,294.66667,0.66667,0.73,0.771078,-0.003672,0.006898,0.001905,0.235187,0.021589,0.952958,36.725384,17.608084,36.158699,17.99292,4.0,0.00019289,3,879,0.19661,0.30395,0.2,0.0,100,0.0,0.25175,,,-0.01,0.00941,0.02135,-0.01795,0.00435,-0.00336,0.26539
1048,1073152,16.0655,365.0,0.25,0.7,0.858126,-0.001975,0.006549,0.00114,0.190422,0.00701,0.956274,38.339092,17.961014,38.223423,18.307055,4.0,0.00019279,4,864,0.20077,0.31245,0.23,0.0,100,0.0,0.29927,,,-0.01,0.00621,0.02534,-0.01615,-0.00081,-0.0027,0.12892
1049,1074176,54.55197,253.0,0.8,0.69,1.033667,-0.003317,0.01559,0.004325,0.273476,0.063546,0.865143,42.876087,15.318751,43.609875,16.069914,4.0,0.00019268,5,764,0.18529,0.28217,0.24,0.0,100,0.0,0.21168,,,-0.01,0.01048,0.02192,-0.01568,0.00243,-0.00439,0.39683
1050,1075200,69.32152,201.75,1.0,0.7,1.086825,-0.00334,0.009795,0.002374,0.259466,0.027309,0.894704,46.348747,13.485545,47.035442,14.406615,4.0,0.00019258,4,778,0.17039,0.26468,0.23,0.0,100,0.0,0.248,,,-0.01,0.00947,0.02087,-0.01712,0.00406,-0.00449,0.38009
1051,1076224,48.8017,229.33333,0.66667,0.69,0.888841,-0.003023,0.007738,0.002704,0.245678,0.028251,0.931741,43.084839,15.153428,42.734795,16.025229,4.0,0.00019248,3,829,0.18076,0.28795,0.24,0.0,100,0.0,0.10169,,,-0.01,0.00618,0.02422,-0.01919,0.00022,-0.00327,0.23355
1052,1077248,23.15459,353.33333,0.33333,0.68,0.896331,-0.003168,0.005579,0.002876,0.217034,0.035958,0.954243,42.067207,15.964522,41.677082,16.591944,4.0,0.00019238,3,822,0.18876,0.27569,0.25,0.0,100,0.0,0.09489,,,-0.01,0.0086,0.01592,-0.01541,0.00163,-0.0022,0.11249
1053,1078272,60.37391,197.85714,0.85714,0.68,1.001617,-0.004481,0.008935,0.003534,0.332919,0.044259,0.93631,43.589233,16.677492,44.980145,18.018766,4.0,0.00019228,7,786,0.18083,0.26765,0.25,0.0,100,0.0,0.15976,,,-0.01,0.00939,0.01651,-0.01714,0.00706,-0.00445,0.60522
1054,1079296,58.10204,210.16667,0.83333,0.7,1.103074,-0.002285,0.008315,0.002695,0.256315,0.027448,0.921958,48.599033,14.519675,49.938057,15.222771,4.0,0.00019217,6,756,0.15465,0.22731,0.24,0.0,100,0.0,0.18349,,,-0.01,0.00941,0.01124,-0.01743,0.00349,-0.00401,0.45756
1055,1080320,52.99249,192.25,0.75,0.7,1.300633,-0.005467,0.004982,0.004794,0.312989,0.055908,0.915715,52.977139,11.338507,53.207153,12.080592,4.0,0.00019207,4,730,0.15371,0.22478,0.25,0.0,100,0.0,0.28205,,,-0.01,0.00807,0.01175,-0.01423,0.00406,-0.00521,0.24596
1056,1081344,46.29962,259.66667,0.66667,0.69,1.133313,-0.003631,0.006654,0.003767,0.245454,0.038888,0.942505,46.923912,15.774805,46.219982,16.734659,4.0,0.00019197,3,767,0.1664,0.24063,0.26,0.0,100,0.0,0.23276,,,-0.01,0.00753,0.0128,-0.0159,0.00205,-0.0078,0.17551
1057,1082368,41.41118,246.6,0.6,0.68,1.126943,-0.002466,0.00525,0.002343,0.266876,0.021938,0.967586,45.666626,18.89459,45.618774,19.670519,4.0,0.00019187,5,752,0.17178,0.24525,0.28,0.0,100,0.0,0.2067,,,-0.01,0.00992,0.00897,-0.01579,0.00486,-0.01579,0.2672
1058,1083392,51.8615,183.125,0.75,0.67,1.187989,-0.00266,0.005421,0.003029,0.246134,0.023089,0.958893,49.790413,17.199703,50.635262,18.369705,4.0,0.00019176,8,738,0.14529,0.21927,0.29,0.0,100,0.0,0.59504,,,-0.01,0.00953,0.01267,-0.01437,0.00848,-0.00921,0.50684
1059,1084416,58.36162,154.5,0.83333,0.67,1.276735,-0.003781,0.008233,0.003284,0.248097,0.034459,0.86813,55.415722,11.421526,55.335999,12.582028,4.0,0.00019166,6,722,0.13057,0.20423,0.29,0.0,100,0.0,0.19417,,,-0.01,0.00689,0.01002,-0.01603,0.00328,-0.01321,0.38468
1060,1085440,53.98776,186.0,0.75,0.68,1.068088,-0.002692,0.010289,0.003373,0.282259,0.04112,0.922989,47.880589,16.293859,46.465611,17.107626,4.0,0.00019156,4,783,0.13985,0.2176,0.3,0.0,100,0.0,0.10345,,,-0.01,0.00908,0.00784,-0.01458,0.00011,-0.01756,0.28245
1061,1086464,21.27135,267.6,0.4,0.68,1.009952,-0.002801,0.005039,0.003251,0.277591,0.034842,0.963683,46.811699,16.860188,45.510242,18.228258,4.0,0.00019146,5,784,0.15742,0.23563,0.3,0.0,100,0.2,0.45128,,,-0.01,0.00883,0.00813,-0.01554,0.00208,-0.0128,0.19693
1062,1087488,70.717,117.0,1.0,0.7,0.724436,-0.002736,0.009211,0.001639,0.259054,0.014021,0.942613,44.959988,18.498409,43.344097,19.021452,4.0,0.00019135,2,869,0.20465,0.29352,0.28,0.0,100,0.0,0.55556,,,-0.01,0.00765,0.01996,-0.01857,0.00133,-0.00221,0.26163
1063,1088512,22.87652,337.0,0.33333,0.7,0.667622,-0.002731,0.006181,0.001888,0.257138,0.023368,0.967601,37.572643,20.613684,35.881359,20.742167,4.0,0.00019125,3,893,0.17911,0.2585,0.28,0.0,100,0.0,0.15663,,,-0.01,0.00756,0.01512,-0.02161,0.00185,-0.00327,0.13981
1064,1089536,34.52613,274.16667,0.5,0.67,0.846986,-0.003406,0.00358,0.002337,0.263931,0.024693,0.983354,38.60841,22.42407,38.522881,23.519222,4.0,0.00019115,6,830,0.1649,0.23002,0.31,0.0,100,0.0,0.23563,,,-0.01,0.00798,0.00747,-0.01733,0.00594,-0.00778,0.34978
1065,1090560,51.39496,198.875,0.75,0.67,1.130732,-0.002621,0.010528,0.003358,0.255333,0.034424,0.905966,52.882366,15.160853,53.664562,15.792996,4.0,0.00019105,8,734,0.18166,0.24457,0.3,0.0,100,0.125,0.2605,,,-0.01,0.00987,0.00905,-0.01456,0.00646,-0.00511,0.50946
1066,1091584,70.88464,120.0,1.0,0.7,1.020338,-0.002437,0.020769,0.001988,0.274101,0.013777,0.839844,50.804543,15.70857,49.343464,17.269619,4.0,0.00019094,5,777,0.1843,0.25102,0.28,0.0,100,0.0,0.38235,,,-0.01,0.00962,0.00829,-0.01466,0.00113,-0.00371,0.48327
1067,1092608,59.44014,114.5,0.83333,0.71,0.828953,-0.002898,0.009202,0.002038,0.243087,0.020299,0.960034,38.937126,21.932985,38.121487,23.465384,4.0,0.00019084,6,828,0.16329,0.22331,0.26,0.0,100,0.16667,0.375,,,-0.01,0.0102,0.00625,-0.01562,0.00311,-0.00869,0.58455
1068,1093632,-3.39013,450.0,0.0,0.69,0.637872,-0.002454,0.014953,0.001543,0.338777,0.012939,0.940213,32.782112,24.559547,29.903135,23.745262,4.0,0.00019074,2,894,0.1714,0.23931,0.27,0.0,100,0.5,0.19481,,,-0.01,0.00964,0.00484,-0.01465,-0.00351,-0.00153,-0.00419
1069,1094656,40.81112,234.2,0.6,0.71,0.678746,-0.002864,0.005618,0.001093,0.220319,0.009766,0.978026,32.319824,23.579607,32.183624,24.520863,4.0,0.00019064,5,877,0.16643,0.24282,0.24,0.0,100,0.2,0.27083,,,-0.01,0.00956,0.0114,-0.01538,0.00714,-0.00519,0.41957
1070,1095680,52.67218,155.75,0.75,0.71,0.816555,-0.003857,0.009478,0.002299,0.236057,0.023577,0.95934,39.537464,21.968704,38.892002,22.779308,4.0,0.00019053,4,834,0.18639,0.26986,0.23,0.0,100,0.25,0.75,,,-0.01,0.01116,0.0129,-0.01376,0.00139,-0.00365,0.35705
1071,1096704,27.06302,325.8,0.4,0.68,0.876991,-0.002843,0.016001,0.001849,0.274112,0.019043,0.90011,47.792641,18.18671,46.071194,18.617535,4.0,0.00019043,5,818,0.19058,0.29781,0.26,0.0,100,0.0,0.2381,,,-0.01,0.01081,0.0246,-0.01643,-0.00187,-0.00609,0.215
1072,1097728,46.39122,167.66667,0.66667,0.68,0.615147,-0.001912,0.011199,0.000951,0.255337,0.007324,0.945196,34.389198,20.373798,32.837517,21.45133,4.0,0.00019033,3,913,0.19006,0.30639,0.25,0.0,100,0.33333,0.2069,,,-0.01,0.00866,0.0288,-0.019,-0.00134,-0.00495,0.2995
1073,1098752,20.62774,286.42857,0.28571,0.66,0.869215,-0.003496,0.018615,0.001875,0.284344,0.017369,0.910437,38.283062,19.986967,36.22678,21.014278,4.0,0.00019023,7,796,0.16995,0.24205,0.25,0.0,100,0.28571,0.14961,,,-0.01,0.01461,0.01003,-0.01384,-0.00216,-0.00421,0.22053
1074,1099776,62.13509,134.75,0.875,0.66,0.978277,-0.002142,0.0311,0.003567,0.292012,0.034494,0.829549,39.716084,19.795326,41.581913,20.501167,4.0,0.00019012,8,781,0.17851,0.24624,0.24,0.0,100,0.125,0.3012,,,-0.01,0.01478,0.0055,-0.01103,0.00285,-0.00282,0.71537
1075,1100800,59.65407,117.66667,0.83333,0.66,1.077664,-0.002788,0.01684,0.0022,0.258233,0.027797,0.779618,49.881008,11.475832,50.573059,13.62445,4.0,0.00019002,6,754,0.20317,0.27398,0.23,0.0,100,0.16667,0.53125,,,-0.01,0.01379,0.01554,-0.01496,0.00457,-0.00417,0.47477
1076,1101824,72.50399,136.66667,1.0,0.67,0.870632,-0.003566,0.010935,0.003082,0.314989,0.041399,0.934359,46.485142,17.843374,45.169731,18.824961,4.0,0.00018992,3,833,0.22972,0.35415,0.22,0.0,100,0.0,0.11111,,,-0.01,0.00812,0.0373,-0.01693,-0.00126,-0.00149,0.3428
1077,1102848,50.728,236.0,0.66667,0.68,0.783853,-0.003578,0.006073,0.002529,0.241468,0.030239,0.964859,37.696438,19.699921,38.0438,20.588779,4.0,0.00018982,3,865,0.20797,0.33059,0.21,0.0,100,0.0,0.15484,,,-0.01,0.00839,0.03912,-0.01734,0.00422,-0.00351,0.25589
1078,1103872,49.22078,283.28571,0.71429,0.67,0.994694,-0.002196,0.025436,0.001612,0.212654,0.011021,0.778559,45.655651,16.973267,47.074406,16.716188,4.0,0.00018972,7,762,0.1829,0.25487,0.22,0.0,100,0.0,0.24242,,,-0.01,0.01113,0.01429,-0.01465,0.00209,-0.00344,0.4893
1079,1104896,60.78278,159.16667,0.83333,0.68,0.961196,-0.00324,0.009044,0.002412,0.264477,0.030901,0.931093,46.23925,16.190342,46.503437,17.434353,4.0,0.00018961,6,792,0.19157,0.26756,0.21,0.0,100,0.0,0.22819,,,-0.01,0.01121,0.01285,-0.01374,0.00359,-0.006,0.53665
1080,1105920,71.18054,112.0,1.0,0.68,0.963566,-0.004145,0.003693,0.002956,0.238656,0.033168,0.969283,47.988667,17.099623,48.198486,17.283079,4.0,0.00018951,2,820,0.18053,0.2657,0.21,0.0,100,0.0,0.27273,,,-0.01,0.00775,0.01943,-0.01449,0.00458,-0.00403,0.21797
1081,1106944,46.82511,269.33333,0.66667,0.68,1.182265,-0.00225,0.009369,0.003066,0.240632,0.023717,0.876112,52.487206,13.270672,53.308239,13.421732,4.0,0.00018941,6,758,0.16583,0.24568,0.22,0.0,100,0.0,0.08421,,,-0.01,0.00881,0.02253,-0.01202,0.00551,-0.00298,0.34966
1082,1107968,62.03894,151.0,0.85714,0.7,1.307436,-0.002825,0.011719,0.003905,0.294932,0.04548,0.86014,53.848419,12.030127,53.13813,13.607781,4.0,0.00018931,7,728,0.17058,0.24771,0.2,0.0,100,0.0,0.36364,,,-0.01,0.00986,0.01509,-0.01293,0.00135,-0.00757,0.50394
1083,1108992,57.60456,189.8,0.8,0.72,1.215783,-0.002782,0.015253,0.002002,0.209482,0.021275,0.854754,49.15955,15.122413,48.640251,15.478226,4.0,0.0001892,5,751,0.16448,0.2302,0.18,0.0,100,0.0,0.20779,,,-0.01,0.01277,0.00803,-0.01189,0.00055,-0.00525,0.35819
1084,1110016,56.24168,169.6,0.8,0.73,1.183194,-0.00208,0.011564,0.001861,0.218681,0.015311,0.900409,50.681957,15.580523,51.688225,17.204107,4.0,0.0001891,10,740,0.16017,0.23538,0.17,0.0,100,0.1,0.26147,,,-0.01,0.01139,0.01243,-0.01509,0.00326,-0.00527,0.73244
1085,1111040,56.16774,152.8,0.8,0.72,1.155369,-0.003106,0.00891,0.00376,0.235143,0.047294,0.94993,48.659321,18.540009,48.355171,20.109438,4.0,0.000189,5,772,0.15483,0.20683,0.17,0.0,100,0.2,0.32203,,,-0.01,0.0124,0.00774,-0.01287,0.00309,-0.0064,0.39025
1086,1112064,70.50714,126.71429,1.0,0.74,1.179293,-0.003697,0.004241,0.003315,0.248396,0.040074,0.977383,47.45779,20.345491,48.189232,21.390324,4.0,0.0001889,7,762,0.17313,0.22802,0.16,0.0,100,0.0,0.28261,,,-0.01,0.01037,0.00667,-0.01183,0.00459,-0.00869,0.66941
1087,1113088,60.23869,193.0,0.875,0.76,1.158822,-0.002358,0.01889,0.002988,0.203586,0.024798,0.904813,48.395134,20.971104,49.459412,21.194401,4.0,0.00018879,8,761,0.16651,0.21104,0.15,0.0,100,0.125,0.375,,,-0.01,0.01349,0.00808,-0.01142,0.00185,-0.00592,0.66061
1088,1114112,72.20523,109.0,1.0,0.8,1.278644,-0.003203,0.00642,0.003093,0.254805,0.030064,0.95373,56.80711,17.103146,57.246738,17.665176,4.0,0.00018869,6,732,0.1524,0.20099,0.12,0.0,100,0.0,0.24194,,,-0.01,0.01424,0.01119,-0.0124,0.00558,-0.00493,0.51384
1089,1115136,61.7747,164.5,0.875,0.83,1.248543,-0.00209,0.015102,0.002881,0.195896,0.027972,0.860832,58.284939,14.768675,58.628887,15.68292,4.0,0.00018859,8,728,0.15006,0.21029,0.1,0.0,100,0.125,0.23944,,,-0.01,0.01216,0.00958,-0.01348,0.0028,-0.00461,0.58446
1090,1116160,71.85838,108.0,1.0,0.86,1.276978,-0.003035,0.005259,0.004151,0.253231,0.044468,0.955836,59.162407,15.422854,59.049839,16.651974,4.0,0.00018849,6,729,0.15588,0.21688,0.09,0.0,100,0.0,0.39241,,,-0.01,0.01347,0.01188,-0.01206,0.00653,-0.00614,0.51095
1091,1117184,60.71966,164.42857,0.85714,0.86,0.985261,-0.002435,0.01103,0.001282,0.242719,0.01287,0.957428,48.141804,23.394842,46.971882,24.482378,4.0,0.00018838,7,793,0.1686,0.24203,0.09,0.0,100,0.14286,0.27451,,,-0.01,0.01294,0.01015,-0.01101,0.00038,-0.00559,0.63755
1092,1118208,72.10995,106.875,1.0,0.86,1.119335,-0.002538,0.001943,0.001522,0.23946,0.007987,0.99322,51.298443,24.330452,51.9221,24.902248,4.0,0.00018828,8,754,0.15617,0.19846,0.09,0.0,100,0.0,0.32692,,,-0.01,0.01271,0.01027,-0.01418,0.00859,-0.00628,0.75604
1093,1119232,53.34229,190.75,0.75,0.87,1.145645,-0.003886,0.002096,0.002907,0.241843,0.027762,0.991186,54.223518,23.167746,54.782001,23.330936,4.0,0.00018818,8,735,0.16729,0.20858,0.08,0.0,100,0.0,0.34343,,,-0.01,0.01348,0.00965,-0.01389,0.00641,-0.00606,0.54222
1094,1120256,71.99727,109.875,1.0,0.88,1.189395,-0.003887,0.007236,0.003616,0.237471,0.041434,0.59276,67.354843,5.473633,67.103691,6.2205,4.0,0.00018808,8,719,0.17002,0.24412,0.07,0.0,100,0.0,0.24265,,,-0.01,0.01218,0.01897,-0.01374,0.00414,-0.00388,0.67963
1095,1121280,72.53179,108.0,1.0,0.9,0.884205,-0.003968,0.012767,0.002575,0.337718,0.030029,0.923163,53.059963,18.489136,51.147186,19.536016,4.0,0.00018797,4,805,0.18061,0.25602,0.05,0.0,100,0.0,0.21053,,,-0.01,0.01261,0.02017,-0.01176,-0.00127,-0.00445,0.46078
1096,1122304,52.43514,183.14286,0.71429,0.89,0.881973,-0.002422,0.005796,0.002119,0.225205,0.023403,0.978331,47.861084,22.982597,47.055218,24.178709,4.0,0.00018787,7,803,0.1804,0.25086,0.05,0.0,100,0.14286,0.131,,,-0.01,0.01194,0.02129,-0.0136,0.00457,-0.00324,0.57142
1097,1123328,61.84363,149.85714,0.85714,0.89,0.969264,-0.002901,0.004407,0.002014,0.213047,0.018206,0.985847,47.339653,25.658548,46.85075,26.062948,4.0,0.00018777,7,785,0.17648,0.22429,0.05,0.0,100,0.0,0.32292,,,-0.01,0.01393,0.00965,-0.01336,0.00496,-0.0052,0.64597
1098,1124352,53.40336,196.5,0.75,0.89,0.976166,-0.002365,0.009032,0.001918,0.272604,0.017439,0.954493,54.463219,20.087423,53.139927,20.458269,4.0,0.00018767,4,778,0.18417,0.24576,0.06,0.0,100,0.0,0.29787,,,-0.01,0.016,0.01662,-0.01168,0.00193,-0.0044,0.31108
1099,1125376,53.05817,215.25,0.75,0.89,0.825516,-0.001817,0.013664,0.001858,0.22568,0.018903,0.942975,42.499065,22.747206,41.536205,23.363064,4.0,0.00018756,4,838,0.19134,0.28637,0.06,0.0,100,0.0,0.23881,,,-0.01,0.01013,0.02742,-0.01126,0.00315,-0.00515,0.38102
1100,1126400,72.5421,159.0,1.0,0.89,0.885076,-0.003751,0.009428,0.002665,0.236322,0.031285,0.965219,43.384998,24.521923,43.197304,24.930168,4.0,0.00018746,5,820,0.19018,0.27041,0.06,0.0,100,0.0,0.11561,,,-0.01,0.01357,0.01867,-0.01082,0.00467,-0.00422,0.57392
1101,1127424,52.6049,203.57143,0.71429,0.88,0.92118,-0.00282,0.00405,0.00169,0.242141,0.013986,0.985419,43.988274,25.093678,43.980255,25.58728,4.0,0.00018736,7,802,0.19541,0.27426,0.08,0.0,100,0.0,0.18824,,,-0.01,0.01161,0.01672,-0.01385,0.00516,-0.00571,0.5718
1102,1128448,62.90195,151.25,0.875,0.87,1.267736,-0.00287,0.002917,0.002572,0.241474,0.026088,0.977121,58.159203,16.737213,58.900032,17.308775,4.0,0.00018726,8,715,0.18304,0.23732,0.09,0.0,100,0.0,0.28125,,,-0.01,0.0135,0.0171,-0.01413,0.00819,-0.00591,0.59283
1103,1129472,62.60057,187.0,0.85714,0.87,1.221971,-0.002512,0.00304,0.003058,0.249921,0.03132,0.954411,62.949104,12.34526,63.005856,12.354109,4.0,0.00018716,7,728,0.18698,0.26106,0.1,0.0,100,0.0,0.11618,,,-0.01,0.01223,0.02406,-0.0136,0.00286,-0.00487,0.50286
1104,1130496,71.61796,133.71429,1.0,0.88,1.248717,-0.002753,0.008947,0.001611,0.198863,0.015032,0.79495,63.461792,9.730264,63.732464,9.986693,4.0,0.00018705,7,722,0.16558,0.24476,0.1,0.0,100,0.0,0.18354,,,-0.01,0.01167,0.01686,-0.011,0.00592,-0.00463,0.58316
1105,1131520,71.40667,149.2,1.0,0.88,1.288114,-0.0032,0.002053,0.002316,0.266902,0.020229,0.976401,61.913399,13.895429,61.470356,14.574382,4.0,0.00018695,5,729,0.16357,0.24285,0.1,0.0,100,0.0,0.30612,,,-0.01,0.01056,0.01923,-0.01246,0.00487,-0.00563,0.41227
1106,1132544,72.17627,127.875,1.0,0.88,1.229094,-0.003436,0.002544,0.003914,0.294736,0.051723,0.98068,59.565731,17.208441,59.718983,17.663446,4.0,0.00018685,8,727,0.16717,0.24738,0.1,0.0,100,0.0,0.20809,,,-0.01,0.01113,0.0157,-0.01119,0.00601,-0.0039,0.67406
1107,1133568,57.14547,188.2,0.8,0.88,1.193809,-0.00319,0.005773,0.003007,0.25791,0.034284,0.936239,60.86393,13.976987,59.815613,15.016997,4.0,0.00018675,5,738,0.17723,0.26176,0.11,0.0,100,0.0,0.30476,,,-0.01,0.01133,0.01375,-0.01012,0.00499,-0.00671,0.34658
1108,1134592,56.41923,192.75,0.75,0.87,0.942311,-0.002747,0.002299,0.00151,0.217805,0.011161,0.985373,56.999245,18.913797,56.242306,19.470961,4.0,0.00018664,4,800,0.19198,0.30456,0.12,0.0,100,0.0,0.07453,,,-0.01,0.01126,0.0286,-0.01361,0.00374,-0.00548,0.31685
1109,1135616,62.71368,149.0,0.875,0.87,0.92315,-0.002714,0.002009,0.001872,0.249481,0.01838,0.986369,53.216942,19.916061,52.52951,20.596193,4.0,0.00018654,8,803,0.19683,0.30573,0.12,0.0,100,0.0,0.42373,,,-0.01,0.00976,0.0301,-0.01493,0.00522,-0.00584,0.75342
1110,1136640,59.25684,173.8,0.8,0.87,0.999227,-0.002297,0.007523,0.001646,0.300102,0.013079,0.9496,54.03759,17.234472,52.659996,18.359602,4.0,0.00018644,5,778,0.18467,0.27223,0.12,0.0,100,0.0,0.14557,,,-0.01,0.01251,0.01963,-0.01466,0.00334,-0.00513,0.39179
1111,1137664,57.63839,176.88889,0.77778,0.85,1.009498,-0.003343,0.004213,0.003376,0.229894,0.041853,0.984199,50.880268,23.588758,50.675365,24.471836,4.0,0.00018634,9,765,0.16259,0.22892,0.14,0.0,100,0.0,0.09028,,,-0.01,0.01252,0.0107,-0.01302,0.00731,-0.01059,0.69128
1112,1138688,72.02668,112.0,1.0,0.86,0.797782,-0.002055,0.011269,0.002458,0.208531,0.027902,0.967676,42.412136,27.320013,41.649628,27.723209,4.0,0.00018623,4,838,0.16857,0.2495,0.14,0.0,100,0.0,0.24138,,,-0.01,0.01265,0.01481,-0.01438,0.0031,-0.00379,0.49818
1113,1139712,47.3745,219.16667,0.66667,0.85,0.83712,-0.002601,0.002511,0.002762,0.233545,0.040283,0.992438,44.375423,28.219547,44.084209,28.734739,4.0,0.00018613,6,835,0.18331,0.28871,0.15,0.0,100,0.0,0.35385,,,-0.01,0.0114,0.02296,-0.01171,0.00839,-0.00492,0.48586
1114,1140736,73.27033,94.2,1.0,0.87,0.947532,-0.002827,0.003115,0.002463,0.245694,0.025426,0.98801,49.682312,24.85684,49.162781,25.227497,4.0,0.00018603,5,791,0.18146,0.26712,0.13,0.0,100,0.0,0.11364,,,-0.01,0.01133,0.01531,-0.01391,0.00608,-0.00639,0.5233
1115,1141760,48.39857,227.55556,0.66667,0.85,1.104435,-0.002593,0.002566,0.003721,0.231661,0.046212,0.981709,57.251789,17.579901,57.094826,18.204088,4.0,0.00018593,9,740,0.17202,0.25214,0.15,0.0,100,0.0,0.13439,,,-0.01,0.01132,0.01648,-0.0157,0.00723,-0.00719,0.53603
1116,1142784,72.24194,101.71429,1.0,0.86,1.20046,-0.003715,0.004082,0.003464,0.267253,0.036307,0.937841,61.525127,11.015999,61.214176,11.97182,4.0,0.00018582,7,718,0.16369,0.2312,0.14,0.0,100,0.0,0.33871,,,-0.01,0.01547,0.01246,-0.012,0.00888,-0.00599,0.57815
1117,1143808,61.48503,168.16667,0.83333,0.87,0.936272,-0.002417,0.012518,0.001641,0.253299,0.010289,0.927896,53.737953,18.609444,52.243984,19.621675,4.0,0.00018572,6,781,0.18228,0.27476,0.13,0.0,100,0.0,0.18617,,,-0.01,0.01229,0.02119,-0.01353,0.00192,-0.00551,0.51437
1118,1144832,72.12107,109.33333,1.0,0.87,0.860351,-0.002265,0.0098,0.002254,0.223355,0.024205,0.961822,46.441765,23.673244,45.756531,24.276022,4.0,0.00018562,3,839,0.19073,0.30198,0.13,0.0,100,0.0,0.37778,,,-0.01,0.00981,0.03065,-0.01247,0.0087,-0.00593,0.35439
1119,1145856,52.69065,230.14286,0.71429,0.86,0.916994,-0.002515,0.006836,0.001528,0.249016,0.013532,0.978935,43.555637,26.490696,43.250759,26.717695,4.0,0.00018552,7,806,0.17401,0.25927,0.14,0.0,100,0.0,0.09244,,,-0.01,0.01043,0.0244,-0.01453,0.00419,-0.00877,0.53927
1120,1146880,60.89131,192.85714,0.85714,0.85,1.084251,-0.002555,0.015386,0.002264,0.222714,0.023961,0.890613,57.626095,17.984976,56.944084,18.159548,4.0,0.00018541,7,737,0.1636,0.22527,0.15,0.0,100,0.0,0.15686,,,-0.01,0.01409,0.0116,-0.01217,0.00504,-0.00957,0.5224
1121,1147904,72.28733,97.0,1.0,0.85,0.874537,-0.002782,0.008135,0.002712,0.263283,0.029925,0.957704,50.58382,19.779646,49.404415,20.907675,4.0,0.00018531,4,814,0.17985,0.28038,0.15,0.0,100,0.0,0.18919,,,-0.01,0.01244,0.0256,-0.011,0.00468,-0.00836,0.44646
1122,1148928,72.95894,96.75,1.0,0.85,0.839681,-0.003208,0.003353,0.001993,0.235847,0.01702,0.986503,42.072029,24.254072,41.526436,25.090885,4.0,0.00018521,4,834,0.17212,0.28107,0.15,0.0,100,0.0,0.22727,,,-0.01,0.00871,0.03014,-0.01318,0.0043,-0.00629,0.46255
1123,1149952,31.64366,300.28571,0.42857,0.81,0.884099,-0.003585,0.002217,0.002847,0.253484,0.032122,0.991646,45.71059,25.163971,45.191624,25.588072,4.0,0.00018511,7,813,0.16926,0.27663,0.19,0.0,100,0.0,0.15658,,,-0.01,0.00862,0.02428,-0.01597,0.00344,-0.00748,0.32293
1124,1150976,60.20813,161.16667,0.83333,0.81,0.973265,-0.003253,0.015084,0.002916,0.326703,0.036168,0.916918,53.330196,18.74184,51.357079,20.11935,4.0,0.000185,6,775,0.1612,0.23707,0.19,0.0,100,0.0,0.15132,,,-0.01,0.01313,0.00994,-0.01487,0.00036,-0.01339,0.50682
1125,1152000,59.15071,166.83333,0.83333,0.81,0.956698,-0.002505,0.0043,0.002283,0.247646,0.023507,0.985504,45.964977,25.881012,45.84005,26.613472,4.0,0.0001849,6,793,0.14989,0.23189,0.19,0.0,100,0.0,0.26061,,,-0.01,0.01112,0.00949,-0.01474,0.00625,-0.00835,0.52116
1126,1153024,71.56048,104.4,1.0,0.82,0.874711,-0.002241,0.004245,0.002198,0.221223,0.023403,0.987513,46.12962,28.550779,45.535908,28.759472,4.0,0.0001848,5,803,0.1578,0.2132,0.18,0.0,100,0.0,0.41071,,,-0.01,0.01237,0.00694,-0.01263,0.00526,-0.00534,0.55555
1127,1154048,45.75581,240.33333,0.66667,0.82,0.920937,-0.002346,0.021087,0.001381,0.287726,0.007952,0.909867,50.904301,22.031317,48.542503,22.423971,4.0,0.0001847,6,795,0.15945,0.2423,0.18,0.0,100,0.0,0.45161,,,-0.01,0.0085,0.01133,-0.01719,-0.00266,-0.00783,0.41314
1128,1155072,61.78616,148.75,0.875,0.82,0.99158,-0.001697,0.009093,0.002141,0.191099,0.018799,0.962351,46.979393,21.998087,47.207394,23.143942,4.0,0.0001846,8,777,0.1492,0.21967,0.18,0.0,100,0.0,0.29167,,,-0.01,0.01116,0.00794,-0.01483,0.00614,-0.00688,0.69139
1129,1156096,59.93915,164.0,0.85714,0.82,1.014667,-0.002454,0.005209,0.002968,0.231901,0.037598,0.971797,52.24358,20.974567,52.530365,21.580626,4.0,0.00018449,7,763,0.14693,0.20472,0.18,0.0,100,0.0,0.32394,,,-0.01,0.01097,0.00669,-0.01236,0.00449,-0.01213,0.56732
1130,1157120,61.16752,160.75,0.875,0.82,1.215158,-0.003103,0.002699,0.002849,0.253666,0.0271,0.983403,56.700798,19.496332,57.297215,19.78393,4.0,0.00018439,8,717,0.14921,0.20835,0.18,0.0,100,0.0,0.53608,,,-0.01,0.01237,0.00376,-0.01222,0.00691,-0.00743,0.59134
1131,1158144,70.88771,116.0,1.0,0.84,1.286897,-0.004044,0.00206,0.004273,0.324401,0.046491,0.773466,63.41885,4.101636,64.216057,4.46356,4.0,0.00018429,8,698,0.14706,0.2082,0.16,0.0,100,0.0,0.32967,,,-0.01,0.01148,0.00732,-0.01436,0.005,-0.00813,0.6201
1132,1159168,70.69726,114.8,1.0,0.85,1.09373,-0.003648,0.002124,0.003665,0.25696,0.036342,0.773076,64.703735,4.776221,65.624275,4.672191,4.0,0.00018419,10,724,0.15234,0.21906,0.15,0.0,100,0.0,0.344,,,-0.01,0.01271,0.01132,-0.01533,0.00231,-0.00844,0.85279
1133,1160192,71.97262,106.85714,1.0,0.86,1.108631,-0.003261,0.001525,0.002538,0.242975,0.024379,0.82619,66.458534,4.848754,66.779991,4.784151,4.0,0.00018408,7,734,0.15458,0.23119,0.14,0.0,100,0.0,0.15714,,,-0.01,0.01021,0.01446,-0.01517,0.00583,-0.00324,0.59794
1134,1161216,72.11521,99.375,1.0,0.88,1.154737,-0.003793,0.001858,0.004369,0.272123,0.045096,0.939479,63.872593,9.004519,63.512032,10.566611,4.0,0.00018398,8,724,0.15864,0.24119,0.12,0.0,100,0.0,0.27711,,,-0.01,0.01034,0.02112,-0.0164,0.00864,-0.00706,0.66781
1135,1162240,62.71095,151.28571,0.85714,0.88,0.876928,-0.003646,0.005817,0.002981,0.308139,0.035296,0.962926,56.407078,18.233021,54.856083,19.252743,4.0,0.00018388,7,783,0.17127,0.25833,0.12,0.0,100,0.0,0.13441,,,-0.01,0.01336,0.02578,-0.014,-0.00181,-0.00712,0.61817
1136,1163264,61.3128,148.33333,0.83333,0.87,0.873754,-0.001274,0.00208,0.001008,0.277438,0.00558,0.984296,49.099754,22.390245,47.932915,24.341036,4.0,0.00018378,6,802,0.14286,0.19199,0.13,0.0,100,0.0,0.14103,,,-0.01,0.01336,0.00944,-0.01221,0.01032,-0.00906,0.54899
1137,1164288,49.53975,160.4,0.7,0.89,0.846261,-0.00314,0.006882,0.002549,0.283323,0.018345,0.976497,50.450691,24.465809,48.86969,25.78738,4.0,0.00018367,10,789,0.15986,0.21764,0.08,0.0,100,0.3,0.30303,,,-0.01,0.01393,0.01028,-0.01257,-0.00165,-0.00697,0.7595
1138,1165312,61.72097,110.14286,0.85714,0.88,1.072794,-0.00156,0.006003,0.002504,0.178961,0.021624,0.942236,60.181458,14.919947,60.208988,16.742516,4.0,0.00018357,7,728,0.14359,0.20103,0.08,0.0,100,0.14286,0.36508,,,-0.01,0.01541,0.01543,-0.01056,0.01032,-0.0084,0.5168
1139,1166336,72.54801,94.75,1.0,0.89,1.186167,-0.003609,0.002035,0.003211,0.276395,0.034947,0.983173,58.757679,18.687599,58.597229,19.666191,4.0,0.00018347,8,725,0.14976,0.23128,0.07,0.0,100,0.0,0.25926,,,-0.01,0.01225,0.0182,-0.01264,0.00663,-0.01188,0.65568
1140,1167360,55.16936,179.5,0.75,0.9,1.160524,-0.004039,0.007322,0.002445,0.298511,0.025495,0.965931,53.249947,21.622698,51.688416,22.688244,4.0,0.00018337,4,748,0.15858,0.25261,0.06,0.0,100,0.0,0.10526,,,-0.01,0.01052,0.02354,-0.01322,0.00308,-0.00698,0.2563
1141,1168384,62.73178,135.71429,0.85714,0.89,1.146519,-0.004004,0.003729,0.003023,0.302742,0.036272,0.984125,50.900291,24.028475,50.012974,25.385406,4.0,0.00018326,7,740,0.1503,0.25191,0.07,0.0,100,0.0,0.1677,,,-0.01,0.00945,0.02223,-0.01278,0.00484,-0.01219,0.51741
1142,1169408,45.04925,231.8,0.6,0.88,1.12877,-0.002177,0.007169,0.002014,0.33915,0.015451,0.979485,45.144169,27.973778,43.254265,28.455868,4.0,0.00018316,5,762,0.15577,0.25045,0.08,0.0,100,0.0,0.17288,,,-0.01,0.00996,0.01856,-0.01398,0.00403,-0.01067,0.27206
1143,1170432,60.90302,155.85714,0.85714,0.88,1.087299,-0.002796,0.006517,0.002169,0.259124,0.020229,0.978707,50.618359,25.573442,50.269356,26.142969,4.0,0.00018306,7,751,0.14541,0.23329,0.08,0.0,100,0.0,0.27273,,,-0.01,0.00921,0.0164,-0.01488,0.00553,-0.00557,0.52925
1144,1171456,64.16339,137.375,0.875,0.88,1.009122,-0.001651,0.013229,0.001819,0.324702,0.019113,0.958904,49.899048,25.49206,48.427517,26.263922,4.0,0.00018296,8,757,0.14518,0.2175,0.08,0.0,100,0.0,0.19792,,,-0.01,0.01237,0.01599,-0.01457,0.00326,-0.00847,0.65529
1145,1172480,46.62028,204.66667,0.66667,0.87,0.882757,-0.002498,0.007651,0.002175,0.3334,0.019775,0.978188,42.093845,27.377462,40.020054,27.884771,4.0,0.00018285,3,812,0.18003,0.27835,0.09,0.0,100,0.0,0.42857,,,-0.01,0.01103,0.02398,-0.01616,0.00409,-0.00986,0.21935
1146,1173504,47.93619,225.66667,0.66667,0.86,0.801023,-0.001768,0.004857,0.002395,0.252274,0.025705,0.986234,36.996155,28.338209,35.677921,28.832119,4.0,0.00018275,3,850,0.20507,0.34021,0.1,0.0,100,0.0,0.15436,,,-0.01,0.00841,0.03799,-0.01705,0.0033,-0.00734,0.2377
1147,1174528,47.68696,259.83333,0.66667,0.84,0.938662,-0.002676,0.022696,0.0022,0.224915,0.027937,0.935575,37.830231,29.088676,37.347637,28.52667,4.0,0.00018265,6,784,0.1779,0.29322,0.12,0.0,100,0.0,0.1561,,,-0.01,0.0087,0.02988,-0.01549,0.00232,-0.01124,0.39393
1148,1175552,45.71283,236.2,0.6,0.82,0.88824,-0.003301,0.012414,0.0031,0.310964,0.043178,0.954306,41.117432,23.709686,39.166443,24.679281,4.0,0.00018255,5,792,0.17499,0.25582,0.14,0.0,100,0.0,0.08108,,,-0.01,0.01064,0.01981,-0.01434,0.00322,-0.00742,0.32117
1149,1176576,54.25341,207.0,0.75,0.81,0.898893,-0.003106,0.010542,0.002886,0.228013,0.034075,0.96832,37.226997,26.682377,36.787029,27.207777,4.0,0.00018244,4,782,0.18452,0.24538,0.15,0.0,100,0.0,0.07027,,,-0.01,0.00843,0.01915,-0.01414,0.00463,-0.00775,0.32155
1150,1177600,60.40447,173.0,0.83333,0.8,0.761511,-0.002276,0.016231,0.00219,0.230408,0.02553,0.954547,34.770893,27.967609,34.389263,28.591803,4.0,0.00018234,6,818,0.20351,0.28289,0.16,0.0,100,0.0,0.14679,,,-0.01,0.01196,0.02651,-0.01253,0.00158,-0.00548,0.61864
1151,1178624,41.99576,250.2,0.6,0.78,1.106991,-0.003411,0.012265,0.004141,0.258864,0.050467,0.944708,47.980267,22.294165,47.634087,22.832663,4.0,0.00018224,5,741,0.18072,0.27514,0.18,0.0,100,0.0,0.44697,,,-0.01,0.00988,0.03373,-0.01231,0.00505,-0.00646,0.27108
1152,1179648,72.27237,150.25,1.0,0.78,1.084663,-0.002514,0.016536,0.002854,0.251535,0.030657,0.936705,44.80843,22.938854,44.174946,23.754868,4.0,0.00018214,4,757,0.17917,0.28675,0.18,0.0,100,0.0,0.12195,,,-0.01,0.00915,0.03675,-0.01534,0.0027,-0.00683,0.35635
1153,1180672,50.79111,256.16667,0.66667,0.78,1.001762,-0.002083,0.01156,0.002483,0.208679,0.022879,0.956685,41.798462,23.266157,41.563313,24.644045,4.0,0.00018204,6,775,0.17836,0.303,0.18,0.0,100,0.0,0.06702,,,-0.01,0.00555,0.04527,-0.01453,0.00159,-0.0079,0.37924
1154,1181696,59.59119,181.8,0.8,0.77,1.072226,-0.003155,0.006599,0.002362,0.235582,0.018869,0.978794,42.536671,25.545643,42.786469,26.76405,4.0,0.00018193,5,753,0.16966,0.24936,0.19,0.0,100,0.0,0.12017,,,-0.01,0.01062,0.02601,-0.01313,0.00274,-0.00416,0.36719
1155,1182720,49.19084,223.33333,0.66667,0.78,1.018321,-0.003225,0.010719,0.002579,0.23408,0.024484,0.952312,47.417717,22.01483,47.100918,23.11726,4.0,0.00018183,6,758,0.16813,0.23205,0.2,0.0,100,0.16667,0.15415,,,-0.01,0.01095,0.02313,-0.01475,0.0056,-0.00473,0.3711
1156,1183744,72.41501,118.83333,1.0,0.79,1.062741,-0.002736,0.006175,0.002549,0.25126,0.019566,0.977825,46.888531,24.092268,47.821682,25.383009,4.0,0.00018173,6,741,0.17354,0.2495,0.2,0.0,100,0.0,0.18705,,,-0.01,0.01088,0.02408,-0.01211,0.00713,-0.00764,0.54013
1157,1184768,53.28157,208.71429,0.71429,0.77,1.091576,-0.003183,0.005045,0.002625,0.231187,0.030936,0.981492,50.192348,24.384985,50.54882,25.052748,4.0,0.00018163,7,734,0.16661,0.23364,0.22,0.0,100,0.0,0.14815,,,-0.01,0.01244,0.0245,-0.01378,0.00363,-0.00501,0.43665
1158,1185792,72.7789,111.16667,1.0,0.78,1.077318,-0.002006,0.021322,0.00197,0.259726,0.019287,0.857979,52.711475,17.707134,52.129395,18.723307,4.0,0.00018152,6,729,0.17519,0.25167,0.21,0.0,100,0.0,0.20183,,,-0.01,0.0118,0.0207,-0.01396,0.00341,-0.00409,0.5307
1159,1186816,62.7843,195.0,0.85714,0.78,0.986668,-0.001366,0.030042,0.002091,0.199332,0.016427,0.896013,44.96386,26.4338,45.677891,26.248501,4.0,0.00018142,7,752,0.18629,0.28083,0.21,0.0,100,0.14286,0.17868,,,-0.01,0.00971,0.03376,-0.01506,0.00164,-0.00486,0.55181
1160,1187840,63.05186,160.0,0.85714,0.8,1.014583,-0.002589,0.01052,0.002289,0.251564,0.023577,0.962859,47.705292,24.028259,47.167377,25.144341,4.0,0.00018132,7,755,0.16689,0.23158,0.19,0.0,100,0.0,0.20492,,,-0.01,0.01239,0.02443,-0.01385,0.00557,-0.00774,0.5645
1161,1188864,71.56519,108.25,1.0,0.8,0.83126,-0.002234,0.009024,0.001964,0.245119,0.020508,0.969474,43.63583,25.302149,43.252388,26.49848,4.0,0.00018122,4,808,0.17833,0.24675,0.19,0.0,100,0.0,0.28571,,,-0.01,0.01279,0.01601,-0.0106,0.00589,-0.00644,0.45091
1162,1189888,62.97605,152.5,0.875,0.8,0.838644,-0.001745,0.012258,0.002171,0.221713,0.026193,0.965044,40.387058,28.873144,40.883152,29.481602,4.0,0.00018111,8,805,0.17197,0.25177,0.19,0.0,100,0.0,0.29508,,,-0.01,0.01305,0.01972,-0.01261,0.00379,-0.00765,0.77695
1163,1190912,60.09828,159.0,0.83333,0.81,0.811298,-0.003999,0.017668,0.002329,0.331566,0.02689,0.947591,39.938419,26.522615,38.466595,26.8559,4.0,0.00018101,6,813,0.17502,0.25469,0.18,0.0,100,0.0,0.28736,,,-0.01,0.0152,0.0168,-0.01111,0.00016,-0.00933,0.59077
1164,1191936,62.17251,158.16667,0.83333,0.82,0.860159,-0.002355,0.007743,0.001679,0.227165,0.008719,0.977089,41.270996,26.576178,41.500359,27.677483,4.0,0.00018091,6,789,0.1614,0.22134,0.17,0.0,100,0.0,0.17582,,,-0.01,0.01657,0.00411,-0.00939,0.00913,-0.00472,0.55392
1165,1192960,53.53941,176.625,0.75,0.82,0.925757,-0.002917,0.004752,0.003192,0.237558,0.03847,0.982387,44.732689,27.371534,45.889488,28.189869,4.0,0.00018081,8,767,0.1676,0.24109,0.16,0.0,100,0.125,0.2973,,,-0.01,0.0137,0.00998,-0.01112,0.00829,-0.00891,0.60263
1166,1193984,64.21984,131.88889,0.88889,0.83,1.142353,-0.005289,0.004715,0.003626,0.304416,0.039481,0.966033,60.302258,17.397285,61.114132,17.643187,4.0,0.0001807,9,702,0.14628,0.21965,0.15,0.0,100,0.0,0.33684,,,-0.01,0.01424,0.01086,-0.01077,0.00717,-0.01093,0.64191
1167,1195008,72.20611,103.44444,1.0,0.85,1.034673,-0.002434,0.005566,0.002821,0.226517,0.02274,0.925701,61.459759,13.541865,61.264668,14.659871,4.0,0.0001806,9,736,0.15038,0.23468,0.13,0.0,100,0.0,0.23,,,-0.01,0.01354,0.01272,-0.01074,0.0043,-0.00788,0.8096
1168,1196032,72.97834,97.33333,1.0,0.87,0.838252,-0.002656,0.009081,0.001882,0.343876,0.020403,0.963338,48.513233,22.63061,46.115837,23.630688,4.0,0.0001805,3,812,0.18044,0.26357,0.11,0.0,100,0.0,0.26316,,,-0.01,0.01335,0.01113,-0.00962,0.0015,-0.00609,0.34698
1169,1197056,40.51629,233.57143,0.57143,0.85,0.720633,-0.00189,0.002518,0.001852,0.264411,0.016811,0.991418,39.627083,27.410986,38.724483,28.599483,4.0,0.0001804,7,833,0.19995,0.27779,0.12,0.0,100,0.14286,0.37156,,,-0.01,0.01302,0.00824,-0.01016,0.00491,-0.00749,0.50745
1170,1198080,59.33927,140.0,0.83333,0.86,0.916317,-0.003245,0.006651,0.002461,0.295128,0.029506,0.974712,53.629482,22.962788,52.282391,23.544222,4.0,0.00018029,6,772,0.17831,0.24634,0.11,0.0,100,0.16667,0.2625,,,-0.01,0.01307,0.0102,-0.01188,0.00166,-0.00629,0.5077
1171,1199104,53.37778,194.0,0.75,0.85,0.772684,-0.003123,0.005921,0.001693,0.280504,0.017648,0.975363,47.528347,22.704741,45.672039,23.543524,4.0,0.00018019,4,802,0.22759,0.29806,0.12,0.0,100,0.0,0.36207,,,-0.01,0.01065,0.00813,-0.01236,0.00163,-0.00749,0.34375
1172,1200128,53.03725,160.25,0.75,0.84,0.845569,-0.003833,0.005435,0.002745,0.312206,0.035714,0.981417,41.364136,26.575281,39.96545,27.716551,4.0,0.00018009,4,794,0.22149,0.29191,0.12,0.0,100,0.25,0.34426,,,-0.01,0.00836,0.01933,-0.01917,0.00446,-0.01377,0.31748
1173,1201152,55.87931,248.6,0.8,0.84,0.874468,-0.003423,0.01216,0.00199,0.270581,0.022077,0.963498,45.016834,26.229784,43.382481,26.835081,4.0,0.00017999,5,783,0.20465,0.30065,0.12,0.0,100,0.0,0.25806,,,-0.01,0.01104,0.02556,-0.01435,-6e-05,-0.01582,0.39261
1174,1202176,39.04874,242.6,0.6,0.83,0.874854,-0.002451,0.003414,0.001813,0.281252,0.01702,0.985831,45.809875,26.061024,45.125084,27.569693,4.0,0.00017988,5,784,0.18582,0.2843,0.13,0.0,100,0.0,0.41546,,,-0.01,0.01135,0.03035,-0.01335,0.00829,-0.00811,0.30605
1175,1203200,59.99522,163.8,0.8,0.82,0.806694,-0.002207,0.006304,0.002346,0.306543,0.022949,0.982222,42.542439,29.179241,40.748699,29.431206,4.0,0.00017978,5,810,0.20798,0.34118,0.14,0.0,100,0.0,0.15169,,,-0.01,0.00685,0.04168,-0.01391,0.00088,-0.00439,0.44149
1176,1204224,38.40184,287.0,0.5,0.81,0.789285,-0.002694,0.009496,0.002444,0.317827,0.024344,0.972179,39.735039,27.257425,37.354588,27.49564,4.0,0.00017968,4,814,0.2093,0.33852,0.15,0.0,100,0.0,0.11765,,,-0.01,0.00977,0.04098,-0.01231,-0.0024,-0.00666,0.22192
1177,1205248,30.46781,334.66667,0.33333,0.79,0.69117,-0.001937,0.005301,0.001596,0.269236,0.01566,0.984432,30.732046,27.421133,29.147493,27.833843,4.0,0.00017958,3,862,0.22499,0.37127,0.17,0.0,100,0.0,0.06574,,,-0.01,0.01046,0.0453,-0.01375,0.00165,-0.00656,0.13082
1178,1206272,29.69377,237.8,0.4,0.77,0.855832,-0.003419,0.010647,0.002087,0.291049,0.026576,0.96729,43.762287,25.662922,42.048805,26.40881,4.0,0.00017948,5,796,0.19222,0.29094,0.17,0.0,100,0.4,0.15957,,,-0.01,0.01235,0.0258,-0.01529,0.00284,-0.00576,0.20469
1179,1207296,58.08232,188.8,0.8,0.76,0.883513,-0.002587,0.020009,0.00301,0.228945,0.03697,0.935116,40.133308,25.354393,39.893177,26.104258,4.0,0.00017937,5,796,0.19093,0.30395,0.18,0.0,100,0.0,0.16585,,,-0.01,0.01188,0.02916,-0.01322,0.004,-0.01403,0.41695
1180,1208320,63.09249,164.57143,0.85714,0.76,0.994071,-0.003832,0.010455,0.002168,0.259047,0.023682,0.964236,42.674767,26.312109,42.635616,27.072834,4.0,0.00017927,7,761,0.18356,0.276,0.18,0.0,100,0.0,0.15021,,,-0.01,0.00914,0.02132,-0.01123,0.00532,-0.00959,0.56886
1181,1209344,54.30451,197.375,0.75,0.76,1.025991,-0.002679,0.012752,0.003326,0.240749,0.042934,0.937717,49.292114,21.57626,50.497845,22.361927,4.0,0.00017917,8,737,0.1752,0.26129,0.18,0.0,100,0.0,0.26939,,,-0.01,0.0135,0.01973,-0.01216,0.00393,-0.00655,0.53511
1182,1210368,72.09938,112.66667,1.0,0.77,1.196292,-0.003767,0.010049,0.003058,0.258211,0.036482,0.909995,55.899345,15.041074,56.856503,16.226591,4.0,0.00017907,9,697,0.16494,0.24956,0.18,0.0,100,0.0,0.21918,,,-0.01,0.01114,0.01893,-0.01177,0.00638,-0.01044,0.72068
1183,1211392,72.16782,115.0,1.0,0.78,1.036993,-0.003027,0.003978,0.002093,0.277656,0.023333,0.979455,51.812214,22.071104,51.1175,23.298683,4.0,0.00017896,3,749,0.19587,0.28795,0.17,0.0,100,0.0,0.25455,,,-0.01,0.01118,0.01748,-0.01234,0.00318,-0.01191,0.27956
1184,1212416,50.29687,228.0,0.66667,0.77,0.942451,-0.003816,0.006032,0.002507,0.349862,0.030692,0.969918,47.614952,22.274618,45.77887,23.218946,4.0,0.00017886,3,782,0.19964,0.28482,0.18,0.0,100,0.0,0.16667,,,-0.01,0.01088,0.01658,-0.01091,0.00699,-0.01116,0.20206
1185,1213440,60.08223,167.5,0.83333,0.77,0.8673,-0.003592,0.004897,0.001984,0.302903,0.018938,0.985504,32.775352,28.636511,32.003082,30.129766,4.0,0.00017876,6,793,0.19321,0.29325,0.18,0.0,100,0.0,0.25843,,,-0.01,0.00946,0.02039,-0.01775,0.0045,-0.01512,0.52303
1186,1214464,46.50184,216.66667,0.66667,0.74,1.056072,-0.003275,0.00532,0.002765,0.279202,0.027902,0.98603,45.940746,28.399477,46.208195,29.186016,4.0,0.00017866,9,732,0.16722,0.25416,0.21,0.0,100,0.0,0.31053,,,-0.01,0.01405,0.01989,-0.01297,0.00587,-0.01125,0.53055
1187,1215488,60.71754,156.5,0.83333,0.74,0.907313,-0.002874,0.011681,0.002572,0.297127,0.02689,0.934883,54.506756,18.975666,53.096291,20.249552,4.0,0.00017855,6,771,0.16673,0.22543,0.21,0.0,100,0.0,0.29371,,,-0.01,0.01627,0.00832,-0.01261,0.00169,-0.00498,0.51277
1188,1216512,40.32683,150.71429,0.57143,0.74,1.00327,-0.001859,0.007976,0.001963,0.241166,0.015276,0.958174,53.01218,21.35503,52.062462,23.768127,4.0,0.00017845,7,746,0.16865,0.24328,0.2,0.0,100,0.42857,0.24638,,,-0.01,0.01498,0.02185,-0.01106,0.00764,-0.00551,0.3618
1189,1217536,73.00441,107.22222,1.0,0.76,1.172644,-0.002686,0.004317,0.004174,0.272039,0.048828,0.970784,59.450569,17.848141,60.249928,18.462616,4.0,0.00017835,9,701,0.16263,0.24561,0.19,0.0,100,0.0,0.25949,,,-0.01,0.01443,0.02265,-0.01282,0.00608,-0.00473,0.71655
1190,1218560,66.76858,132.33333,0.88889,0.77,1.200661,-0.003551,0.002821,0.004006,0.279209,0.049282,0.973761,62.463264,15.525747,62.888874,16.097713,4.0,0.00017825,9,695,0.1581,0.22406,0.18,0.0,100,0.0,0.0819,,,-0.01,0.0152,0.01954,-0.01205,0.00828,-0.0043,0.62705
1191,1219584,73.1849,95.2,1.0,0.81,1.222795,-0.002092,0.006572,0.004457,0.23742,0.051304,0.930239,62.451702,13.848539,62.553989,14.959229,4.0,0.00017814,10,698,0.16458,0.24168,0.14,0.0,100,0.0,0.2377,,,-0.01,0.01469,0.01768,-0.01161,0.00545,-0.00886,0.78276
1192,1220608,73.02364,133.75,1.0,0.86,1.205155,-0.002904,0.020452,0.003568,0.243166,0.037144,0.881421,58.858021,21.524675,59.492954,20.447712,4.0,0.00017804,8,687,0.15748,0.2197,0.11,0.0,100,0.0,0.16372,,,-0.01,0.01431,0.01761,-0.01237,0.00939,-0.00934,0.61336
1193,1221632,72.90548,96.11111,1.0,0.87,1.009436,-0.002526,0.014083,0.003245,0.306864,0.034075,0.929518,58.269756,20.129128,57.089081,20.78907,4.0,0.00017794,9,721,0.15942,0.22646,0.1,0.0,100,0.0,0.14961,,,-0.01,0.01472,0.01585,-0.0158,0.00236,-0.00588,0.81105
1194,1222656,54.08959,150.875,0.75,0.87,0.918742,-0.002106,0.008268,0.002499,0.201721,0.019287,0.969128,51.205791,23.792831,50.808868,24.987782,4.0,0.00017784,8,765,0.17145,0.23849,0.09,0.0,100,0.125,0.27143,,,-0.01,0.01671,0.0124,-0.01084,0.00784,-0.00396,0.60939
1195,1223680,72.85296,92.25,1.0,0.88,0.957272,-0.002438,0.006044,0.002319,0.227666,0.021763,0.969141,54.437866,20.781588,53.988396,21.757805,4.0,0.00017773,8,763,0.20635,0.29986,0.08,0.0,100,0.0,0.26,,,-0.01,0.01114,0.02357,-0.01285,0.00465,-0.00913,0.79901
1196,1224704,54.63987,182.75,0.75,0.87,0.992589,-0.004798,0.006341,0.002969,0.302738,0.0369,0.976814,48.766941,24.678492,47.278381,24.847569,4.0,0.00017763,4,769,0.21821,0.32057,0.09,0.0,100,0.0,0.2,,,-0.01,0.01181,0.02294,-0.01367,0.00239,-0.00912,0.29651
1197,1225728,45.98889,210.0,0.625,0.85,0.963376,-0.002626,0.014304,0.002949,0.239562,0.030901,0.954793,44.099651,26.064915,43.079521,27.179306,4.0,0.00017753,8,759,0.21994,0.3246,0.1,0.0,100,0.125,0.19006,,,-0.01,0.01217,0.01668,-0.01278,0.00482,-0.00832,0.48975
1198,1226752,72.94069,98.11111,1.0,0.88,1.218515,-0.003851,0.005014,0.003511,0.282881,0.034738,0.966779,59.782677,18.561914,60.224682,19.072762,4.0,0.00017743,9,698,0.1599,0.23445,0.07,0.0,100,0.0,0.216,,,-0.01,0.01449,0.01853,-0.01216,0.00711,-0.00907,0.72084
1199,1227776,61.93985,143.57143,0.85714,0.89,1.192531,-0.003414,0.003819,0.003043,0.273378,0.039063,0.974295,59.545662,18.362112,59.207817,19.400442,4.0,0.00017732,7,715,0.16514,0.24214,0.06,0.0,100,0.0,0.34848,,,-0.01,0.01551,0.01698,-0.01075,0.01009,-0.00758,0.50512
1200,1228800,72.79326,105.16667,1.0,0.9,1.023963,-0.003255,0.006008,0.003159,0.259331,0.034284,0.966989,56.852978,20.140961,56.584194,20.773178,4.0,0.00017722,6,761,0.19151,0.30224,0.06,0.0,100,0.0,0.25,,,-0.01,0.01414,0.03167,-0.01137,0.00638,-0.00615,0.57254
1201,1229824,67.69703,129.33333,0.91667,0.91,1.110991,-0.002863,0.002254,0.002597,0.266126,0.024344,0.990584,54.52356,23.413507,55.191677,24.227516,4.0,0.00017712,12,720,0.17399,0.27011,0.07,0.0,100,0.0,0.19343,,,-0.01,0.01348,0.0236,-0.01188,0.00751,-0.00969,0.95584
1202,1230848,64.9884,142.0,0.875,0.91,1.147924,-0.002096,0.007497,0.002738,0.225032,0.024867,0.9072,63.038265,12.988985,62.919239,13.504879,4.0,0.00017702,8,710,0.16477,0.24265,0.07,0.0,100,0.0,0.08531,,,-0.01,0.01674,0.01246,-0.01055,0.00568,-0.00944,0.59066
1203,1231872,72.85998,103.71429,1.0,0.91,1.102682,-0.002397,0.003264,0.00258,0.21082,0.034668,0.973113,61.492672,16.278996,61.286469,17.595919,4.0,0.00017692,7,726,0.16268,0.24602,0.07,0.0,100,0.0,0.24691,,,-0.01,0.01547,0.01152,-0.00866,0.00788,-0.00741,0.61597
1204,1232896,72.69511,107.0,1.0,0.91,1.036439,-0.002793,0.003429,0.00225,0.26972,0.023158,0.98214,58.039898,22.348753,57.342159,22.602272,4.0,0.00017681,6,761,0.17753,0.29694,0.07,0.0,100,0.0,0.13793,,,-0.01,0.01138,0.02294,-0.0126,0.00933,-0.00957,0.56203
1205,1233920,53.48922,199.25,0.75,0.9,0.954128,-0.002728,0.005777,0.002317,0.350068,0.026193,0.97854,48.087063,24.860153,45.70681,25.450989,4.0,0.00017671,4,813,0.19897,0.35413,0.08,0.0,100,0.0,0.21569,,,-0.01,0.00562,0.03864,-0.01721,0.00185,-0.01331,0.31042
1206,1234944,38.39543,276.5,0.5,0.89,0.994569,-0.003455,0.003983,0.002248,0.364649,0.020647,0.986696,40.467522,26.622293,38.279697,27.108807,4.0,0.00017661,2,807,0.21055,0.36031,0.09,0.0,100,0.0,0.05,,,-0.01,0.00565,0.03905,-0.0183,0.00264,-0.01329,0.1014
1207,1235968,46.24497,312.66667,0.66667,0.87,1.037052,-0.003074,0.026864,0.002078,0.260907,0.022321,0.904216,43.38081,26.484587,43.454872,25.869734,4.0,0.00017651,6,772,0.18837,0.3165,0.11,0.0,100,0.0,0.15645,,,-0.01,0.00949,0.02896,-0.01277,0.00265,-0.00686,0.35966
1208,1236992,51.28909,204.42857,0.71429,0.85,0.963223,-0.003083,0.013712,0.002134,0.234547,0.022112,0.939335,52.124371,22.791533,51.836262,23.473383,4.0,0.0001764,7,767,0.16938,0.27726,0.12,0.0,100,0.14286,0.09179,,,-0.01,0.01412,0.01488,-0.01056,0.00604,-0.00851,0.48015
1209,1238016,72.15166,119.6,1.0,0.86,1.129643,-0.002258,0.00631,0.002493,0.234089,0.022426,0.958602,57.420586,18.113144,56.846611,18.74522,4.0,0.0001763,5,747,0.16265,0.26736,0.12,0.0,100,0.0,0.25974,,,-0.01,0.01052,0.01668,-0.01237,0.00496,-0.0095,0.43621
1210,1239040,70.44323,138.5,1.0,0.87,1.071955,-0.003819,0.006083,0.00326,0.286699,0.037563,0.973517,50.735359,22.578369,49.483727,23.159691,4.0,0.0001762,4,775,0.17598,0.29275,0.11,0.0,100,0.0,0.35789,,,-0.01,0.00779,0.023,-0.01423,0.00432,-0.02119,0.36446
1211,1240064,49.99355,260.375,0.75,0.85,1.19243,-0.001656,0.022921,0.002425,0.250522,0.020961,0.871295,51.340611,20.598957,51.404114,20.286633,4.0,0.0001761,8,730,0.16336,0.26776,0.13,0.0,100,0.0,0.16267,,,-0.01,0.00979,0.01938,-0.01158,0.00232,-0.01961,0.4775
1212,1241088,70.9241,138.0,1.0,0.86,1.079167,-0.003609,0.008017,0.002976,0.291996,0.033378,0.948903,54.910259,17.180605,53.789425,18.398685,4.0,0.00017599,3,772,0.16485,0.24488,0.12,0.0,100,0.0,0.35294,,,-0.01,0.01384,0.00937,-0.00886,0.00479,-0.00404,0.28466
1213,1242112,71.15954,141.5,1.0,0.89,0.924833,-0.00334,0.011436,0.002582,0.265112,0.036656,0.959214,45.486057,24.007246,44.478275,24.60817,4.0,0.00017589,6,805,0.16979,0.24889,0.1,0.0,100,0.0,0.37594,,,-0.01,0.01212,0.00734,-0.00994,0.00214,-0.00563,0.66148
1214,1243136,52.92143,214.5,0.75,0.88,0.661268,-0.003542,0.008457,0.001798,0.260464,0.019148,0.97063,33.109234,25.867382,31.41893,26.097263,4.0,0.00017579,4,896,0.19909,0.30956,0.11,0.0,100,0.0,0.27692,,,-0.01,0.01119,0.00747,-0.01173,-0.00088,-0.00496,0.45165
1215,1244160,35.69738,283.5,0.5,0.87,0.532399,-0.003861,0.014677,0.001354,0.309016,0.012312,0.936846,25.033443,23.627815,23.057131,22.807178,4.0,0.00017569,2,953,0.21173,0.32012,0.12,0.0,100,0.0,0.38462,,,-0.01,0.01341,0.0056,-0.00918,-0.00289,-0.00509,0.19444
1216,1245184,18.13766,306.28571,0.28571,0.83,0.738365,-0.001679,0.004345,0.002623,0.213229,0.036935,0.983599,28.83983,25.015179,28.487062,26.027506,4.0,0.00017558,7,861,0.18926,0.28388,0.14,0.0,100,0.28571,0.5,,,-0.01,0.01212,0.00295,-0.00625,0.00856,-0.00761,0.26636
1217,1246208,71.95109,118.4,1.0,0.83,1.192064,-0.002985,0.005519,0.00144,0.290488,0.008754,0.967341,49.853649,19.575127,50.773762,20.228432,4.0,0.00017548,5,740,0.15535,0.25004,0.14,0.0,100,0.0,0.40476,,,-0.01,0.00979,0.01894,-0.01141,0.00878,-0.00709,0.42138
1218,1247232,60.04403,198.0,0.85714,0.82,1.237216,-0.002305,0.011571,0.003784,0.258161,0.036307,0.847506,54.072117,12.33151,54.562061,13.338778,4.0,0.00017538,7,724,0.16107,0.27175,0.14,0.0,100,0.14286,0.22396,,,-0.01,0.00871,0.02254,-0.01282,0.00267,-0.01387,0.46853
1219,1248256,69.09598,185.16667,1.0,0.82,1.120822,-0.002048,0.027542,0.001792,0.26136,0.015555,0.583237,54.938622,13.418437,55.761475,12.61834,4.0,0.00017528,6,740,0.16341,0.25462,0.14,0.0,100,0.0,0.26047,,,-0.01,0.01,0.01195,-0.0131,0.00441,-0.00474,0.50707
1220,1249280,71.35967,125.0,1.0,0.83,1.088907,-0.003044,0.004842,0.003472,0.25809,0.040841,0.966096,52.53101,16.604353,52.754494,17.66202,4.0,0.00017517,5,748,0.16814,0.25563,0.13,0.0,100,0.0,0.37815,,,-0.01,0.00984,0.01846,-0.01405,0.00603,-0.00742,0.44881
1221,1250304,58.81253,160.0,0.83333,0.83,1.140203,-0.002685,0.004535,0.003068,0.252359,0.027204,0.965823,53.076862,17.463709,53.191555,19.017138,4.0,0.00017507,6,750,0.16175,0.27516,0.12,0.0,100,0.16667,0.37634,,,-0.01,0.01107,0.02185,-0.01201,0.00589,-0.01155,0.4284
1222,1251328,62.92755,155.875,0.875,0.82,1.113744,-0.002915,0.013172,0.002325,0.26127,0.025774,0.876481,55.298576,13.603265,55.054413,14.994517,4.0,0.00017497,8,734,0.16078,0.27148,0.13,0.0,100,0.0,0.20816,,,-0.01,0.01258,0.01768,-0.0115,0.00145,-0.00823,0.60787
1223,1252352,54.61658,181.25,0.75,0.81,0.995015,-0.002395,0.007172,0.00202,0.219062,0.017578,0.964229,50.274231,20.281202,50.055656,22.069059,4.0,0.00017487,8,776,0.16199,0.2686,0.13,0.0,100,0.125,0.17606,,,-0.01,0.01034,0.02025,-0.01162,0.00255,-0.00831,0.58368
1224,1253376,71.20941,126.66667,1.0,0.83,1.015304,-0.002216,0.010389,0.001804,0.211879,0.01423,0.931626,54.030212,18.981401,54.659153,19.180311,4.0,0.00017476,6,769,0.18375,0.27221,0.11,0.0,100,0.0,0.33898,,,-0.01,0.0115,0.01117,-0.0115,0.00303,-0.00423,0.58377
1225,1254400,63.01702,160.625,0.875,0.84,1.180062,-0.003025,0.002435,0.003123,0.268753,0.035366,0.986561,55.546497,19.395792,56.684593,19.871344,4.0,0.00017466,8,733,0.15298,0.23847,0.11,0.0,100,0.0,0.35,,,-0.01,0.01283,0.01285,-0.01029,0.01091,-0.00635,0.58899
1226,1255424,71.54773,111.77778,1.0,0.85,1.272248,-0.004718,0.001497,0.003873,0.31674,0.046038,0.884159,63.844425,5.142709,64.907433,5.130867,4.0,0.00017456,9,697,0.14678,0.24144,0.1,0.0,100,0.0,0.42405,,,-0.01,0.01174,0.00981,-0.01229,0.00717,-0.00764,0.69619
1227,1256448,72.26562,107.45455,1.0,0.87,1.256028,-0.002416,0.004446,0.00364,0.239329,0.034807,0.819508,64.298653,6.698776,64.751564,7.284904,4.0,0.00017446,11,700,0.14625,0.23055,0.08,0.0,100,0.0,0.31138,,,-0.01,0.01177,0.01101,-0.01331,0.00566,-0.00681,0.87625
1228,1257472,71.40271,112.6,1.0,0.87,0.987676,-0.00223,0.004998,0.002014,0.211306,0.016671,0.955508,60.576893,14.950724,59.962727,15.990748,4.0,0.00017436,5,774,0.17594,0.27611,0.08,0.0,100,0.0,0.34247,,,-0.01,0.01322,0.01299,-0.01278,0.00155,-0.00543,0.50947
1229,1258496,55.6925,168.2,0.8,0.86,0.915803,-0.001879,0.007365,0.001216,0.291233,0.008405,0.945561,57.037006,16.211512,55.416054,17.613327,4.0,0.00017425,5,805,0.1878,0.29667,0.08,0.0,100,0.2,0.36792,,,-0.01,0.01332,0.01561,-0.01265,0.00171,-0.00482,0.43681
1230,1259520,71.51686,117.33333,1.0,0.89,0.968659,-0.002173,0.004437,0.001798,0.232158,0.016811,0.980202,49.513153,22.702919,49.332672,24.182175,4.0,0.00017415,6,794,0.18083,0.29531,0.05,0.0,100,0.0,0.38947,,,-0.01,0.01164,0.02278,-0.01511,0.00785,-0.00328,0.62841
1231,1260544,53.26067,212.0,0.71429,0.91,1.044952,-0.002909,0.001349,0.001676,0.279947,0.013986,0.995782,48.798973,27.194399,48.901787,27.782015,4.0,0.00017405,7,776,0.17133,0.27635,0.05,0.0,100,0.0,0.18773,,,-0.01,0.01104,0.01986,-0.01477,0.00958,-0.0051,0.48948
1232,1261568,63.09321,160.25,0.875,0.91,1.239688,-0.002908,0.004491,0.002213,0.23301,0.021903,0.924261,63.103882,11.287433,62.808285,11.860631,4.0,0.00017395,8,722,0.15385,0.25338,0.06,0.0,100,0.0,0.2875,,,-0.01,0.01147,0.01705,-0.01086,0.00658,-0.00964,0.57783
1233,1262592,72.91111,112.28571,1.0,0.91,1.174784,-0.002169,0.002922,0.001719,0.24309,0.010638,0.979877,55.794277,19.403824,55.469296,20.871357,4.0,0.00017384,7,743,0.15206,0.24503,0.06,0.0,100,0.0,0.30303,,,-0.01,0.01294,0.01593,-0.00996,0.00997,-0.01012,0.60674
1234,1263616,62.45129,155.14286,0.85714,0.9,1.132928,-0.005013,0.001339,0.00323,0.270038,0.044817,0.994883,53.536049,24.000017,53.925713,24.677145,4.0,0.00017374,7,749,0.15426,0.25111,0.07,0.0,100,0.0,0.24651,,,-0.01,0.01399,0.01472,-0.00968,0.00716,-0.00791,0.53641
1235,1264640,63.68723,146.75,0.875,0.91,1.243402,-0.002859,0.002355,0.001793,0.233988,0.014683,0.971091,63.449436,13.377277,63.499329,13.552185,4.0,0.00017364,8,715,0.14835,0.24784,0.07,0.0,100,0.0,0.33333,,,-0.01,0.01239,0.01161,-0.0117,0.00892,-0.00572,0.56483
1236,1265664,72.50349,99.0,1.0,0.92,1.200988,-0.002792,0.004402,0.002597,0.284381,0.026332,0.932841,61.83717,11.178686,60.709057,12.703259,4.0,0.00017354,7,727,0.15704,0.25481,0.06,0.0,100,0.0,0.40278,,,-0.01,0.01113,0.01242,-0.01261,0.00547,-0.00818,0.58647
1237,1266688,72.35772,105.66667,1.0,0.93,1.125203,-0.004288,0.006261,0.003272,0.270646,0.037563,0.970938,51.981987,21.757936,51.423584,23.126509,4.0,0.00017343,6,743,0.17301,0.28571,0.06,0.0,100,0.0,0.27273,,,-0.01,0.00928,0.01766,-0.01328,0.00543,-0.00791,0.52916
1238,1267712,47.57972,217.33333,0.66667,0.9,1.134712,-0.00375,0.0037,0.003102,0.271663,0.034563,0.987358,53.252258,24.524845,52.92358,25.27249,4.0,0.00017333,9,724,0.15491,0.24198,0.09,0.0,100,0.0,0.30169,,,-0.01,0.01251,0.01042,-0.01065,0.00947,-0.00642,0.50558
1239,1268736,72.55544,110.16667,1.0,0.91,1.054868,-0.002947,0.008267,0.002402,0.287565,0.023961,0.932589,59.522858,15.272695,57.957115,16.886433,4.0,0.00017323,6,751,0.16164,0.26824,0.08,0.0,100,0.0,0.26087,,,-0.01,0.01363,0.01542,-0.01189,0.00257,-0.00689,0.55084
1240,1269760,73.07104,106.25,1.0,0.91,0.900377,-0.001965,0.006493,0.001726,0.291953,0.015765,0.977907,43.9869,26.421696,42.388927,27.271589,4.0,0.00017313,4,811,0.17391,0.28898,0.08,0.0,100,0.0,0.18367,,,-0.01,0.01304,0.01877,-0.01181,0.00666,-0.00818,0.44182
1241,1270784,55.03559,199.25,0.75,0.9,0.675611,-0.002478,0.015321,0.001946,0.206811,0.022077,0.950806,33.173897,26.734241,32.172421,26.773581,4.0,0.00017302,4,877,0.2115,0.35411,0.09,0.0,100,0.0,0.18182,,,-0.01,0.01004,0.02345,-0.01469,-0.00137,-0.01045,0.42768
1242,1271808,41.0756,250.42857,0.57143,0.87,0.858531,-0.002352,0.004157,0.001656,0.250721,0.021205,0.987721,39.016754,28.440393,38.864941,29.650467,4.0,0.00017292,7,801,0.17072,0.25652,0.12,0.0,100,0.0,0.23684,,,-0.01,0.01527,0.0096,-0.00867,0.01278,-0.00537,0.44956
1243,1272832,59.92691,138.33333,0.83333,0.86,0.95338,-0.00277,0.008835,0.002637,0.22985,0.024658,0.9698,48.795418,25.610556,48.401569,26.064186,4.0,0.00017282,6,773,0.1721,0.28873,0.12,0.0,100,0.16667,0.37333,,,-0.01,0.01368,0.02651,-0.01203,0.00223,-0.0044,0.48987
1244,1273856,64.34655,168.25,0.875,0.86,1.169678,-0.002572,0.022653,0.00209,0.231941,0.020299,0.634849,59.5546,11.234339,59.05304,11.654485,4.0,0.00017272,8,716,0.15249,0.25157,0.13,0.0,100,0.0,0.15612,,,-0.01,0.0126,0.01632,-0.01221,0.00511,-0.00872,0.56065
1245,1274880,53.30665,110.0,0.75,0.85,1.087738,-0.003683,0.006458,0.003191,0.335505,0.032959,0.963165,49.105186,19.539362,47.5508,21.638807,4.0,0.00017261,4,769,0.1658,0.28785,0.13,0.0,100,0.25,0.4375,,,-0.01,0.01108,0.02484,-0.0129,0.00488,-0.01092,0.27139
1246,1275904,69.58994,192.0,1.0,0.85,1.119961,-0.003418,0.011714,0.003539,0.301851,0.040039,0.955564,43.968243,24.070683,43.167389,24.303648,4.0,0.00017251,3,774,0.17577,0.31799,0.13,0.0,100,0.0,0.19355,,,-0.01,0.00722,0.03818,-0.01708,0.0012,-0.00964,0.25857
1247,1276928,41.29454,360.0,0.6,0.84,1.050066,-0.002174,0.017689,0.002342,0.263601,0.024693,0.921935,43.785984,23.042599,43.833439,23.111607,4.0,0.00017241,5,774,0.17786,0.32654,0.14,0.0,100,0.0,0.19658,,,-0.01,0.00768,0.03964,-0.01514,0.0038,-0.00821,0.25209
1248,1277952,61.07731,202.83333,0.83333,0.85,1.097603,-0.003156,0.027684,0.00241,0.248485,0.021554,0.853992,46.901455,20.266592,46.644199,20.622845,4.0,0.00017231,6,750,0.16468,0.2826,0.13,0.0,100,0.0,0.09278,,,-0.01,0.01196,0.0335,-0.01369,0.0009,-0.01807,0.42598
1249,1278976,70.34801,141.8,1.0,0.85,0.94459,-0.003865,0.025312,0.003647,0.317537,0.049561,0.869008,45.633537,20.340956,44.056866,20.848387,4.0,0.0001722,5,774,0.16933,0.28722,0.13,0.0,100,0.0,0.2236,,,-0.01,0.0124,0.02533,-0.01371,-0.00079,-0.01208,0.48199
1250,1280000,49.878,164.0,0.66667,0.83,0.79522,-0.002821,0.006635,0.001217,0.23446,0.011475,0.971573,37.965168,22.865768,37.649437,24.138231,4.0,0.0001721,6,816,0.18462,0.26657,0.14,0.0,100,0.16667,0.07143,,,-0.01,0.01321,0.01497,-0.01263,0.00674,-0.00767,0.46307
1251,1281024,48.89676,151.5,0.66667,0.82,0.777442,-0.003034,0.016107,0.002847,0.28398,0.033064,0.932371,35.329655,22.563354,33.549892,23.515186,4.0,0.000172,6,814,0.23518,0.31247,0.14,0.0,100,0.16667,0.17544,,,-0.01,0.01132,0.01029,-0.01408,0.0004,-0.01057,0.47856
1252,1282048,48.92967,209.83333,0.66667,0.81,0.769102,-0.002072,0.013647,0.003485,0.229899,0.030064,0.953237,34.343575,23.899288,33.94231,25.122314,4.0,0.0001719,6,814,0.21518,0.29602,0.15,0.0,100,0.0,0.21818,,,-0.01,0.01447,0.00583,-0.01223,0.00403,-0.01215,0.47783
1253,1283072,55.03131,143.7,0.8,0.79,0.902223,-0.001474,0.022172,0.002331,0.246197,0.015974,0.925681,42.769184,24.383944,43.637825,25.902254,4.0,0.0001718,10,761,0.17849,0.26824,0.16,0.0,100,0.1,0.66225,,,-0.01,0.01352,0.00442,-0.01181,0.00244,-0.00944,0.8061
1254,1284096,53.68816,158.625,0.75,0.78,0.997934,-0.002282,0.009383,0.002605,0.269715,0.021798,0.966861,46.37962,24.449589,47.680511,25.484358,4.0,0.00017169,8,753,0.1424,0.23032,0.16,0.0,100,0.125,0.48889,,,-0.01,0.01521,0.00781,-0.01069,0.00818,-0.00552,0.56828
1255,1285120,72.4144,93.18182,1.0,0.8,1.205934,-0.002374,0.014554,0.002132,0.247795,0.016915,0.735001,59.806301,9.824992,61.094307,10.754295,4.0,0.00017159,11,700,0.1544,0.23659,0.14,0.0,100,0.0,0.36752,,,-0.01,0.01411,0.00922,-0.01137,0.00401,-0.0044,0.88331
1256,1286144,63.04992,120.25,0.875,0.79,1.035426,-0.002778,0.007226,0.001534,0.218231,0.011823,0.951931,56.251534,17.945263,56.391811,19.496462,4.0,0.00017149,8,746,0.1522,0.25403,0.14,0.0,100,0.125,0.27027,,,-0.01,0.014,0.01344,-0.01141,0.0074,-0.00616,0.63472
1257,1287168,72.96798,93.75,1.0,0.83,1.120918,-0.003411,0.003423,0.003774,0.271891,0.045724,0.973893,58.702168,17.380789,59.615654,18.445282,4.0,0.00017139,8,722,0.15474,0.24529,0.1,0.0,100,0.0,0.36585,,,-0.01,0.01384,0.01177,-0.01184,0.00922,-0.00368,0.6749
1258,1288192,72.5414,96.1,1.0,0.85,0.996396,-0.002088,0.011844,0.001443,0.192195,0.007359,0.955208,55.330421,23.368841,55.345619,24.286356,4.0,0.00017128,10,745,0.15309,0.25241,0.09,0.0,100,0.0,0.33871,,,-0.01,0.01289,0.01371,-0.01267,0.00427,-0.00656,0.92104
1259,1289216,57.86188,147.1,0.8,0.84,1.07579,-0.002475,0.011322,0.00374,0.242082,0.049491,0.927384,60.145977,18.097595,60.145031,18.715374,4.0,0.00017118,10,719,0.13831,0.20897,0.1,0.0,100,0.1,0.18831,,,-0.01,0.01553,0.00913,-0.0137,0.00647,-0.00927,0.67092
1260,1290240,62.61839,106.0,0.875,0.85,1.098079,-0.001681,0.011983,0.003378,0.175603,0.036516,0.861096,62.347439,12.2719,62.194965,14.186572,4.0,0.00017108,8,730,0.15006,0.22534,0.08,0.0,100,0.125,0.33333,,,-0.01,0.01582,0.01176,-0.01095,0.00546,-0.00697,0.59504
1261,1291264,66.05736,100.63636,0.90909,0.86,1.152115,-0.002623,0.01102,0.003655,0.217618,0.033412,0.837755,64.012077,10.248412,63.677498,13.174732,4.0,0.00017098,11,710,0.14627,0.22812,0.06,0.0,100,0.09091,0.23881,,,-0.01,0.0143,0.01383,-0.01302,0.00785,-0.00572,0.81377
1262,1292288,73.0277,89.1,1.0,0.89,1.194213,-0.002404,0.003035,0.001804,0.225729,0.012312,0.879878,65.634567,6.856299,65.847923,7.839341,4.0,0.00017087,10,709,0.15251,0.24189,0.05,0.0,100,0.0,0.26042,,,-0.01,0.01425,0.0145,-0.01332,0.00848,-0.0076,0.80631
1263,1293312,72.25675,91.75,1.0,0.92,1.055407,-0.002177,0.0136,0.002925,0.297766,0.020822,0.915594,59.504486,17.083525,58.056618,18.890465,4.0,0.00017077,8,737,0.16243,0.26614,0.03,0.0,100,0.0,0.35227,,,-0.01,0.01288,0.01328,-0.01345,0.0061,-0.00623,0.71449
1264,1294336,56.88969,133.88889,0.77778,0.91,1.00735,-0.002007,0.010034,0.001978,0.266199,0.019287,0.973365,50.508614,27.022526,49.243435,27.851601,4.0,0.00017067,9,749,0.14716,0.24093,0.03,0.0,100,0.11111,0.12903,,,-0.01,0.0122,0.00728,-0.01329,0.00225,-0.00543,0.65793
1265,1295360,62.44708,145.375,0.875,0.92,0.929255,-0.001928,0.027754,0.001938,0.20427,0.011893,0.916376,47.826988,27.407837,47.678673,27.744743,4.0,0.00017057,8,770,0.15155,0.23291,0.02,0.0,100,0.125,0.44167,,,-0.01,0.01472,0.00827,-0.01137,0.00349,-0.00294,0.71056
1266,1296384,58.85351,144.33333,0.83333,0.91,0.908904,-0.002653,0.037374,0.002515,0.284108,0.030692,0.862966,48.678577,24.490873,46.218437,24.28956,4.0,0.00017046,6,778,0.16642,0.25675,0.02,0.0,100,0.16667,0.43243,,,-0.01,0.0153,0.00433,-0.00955,-0.0038,-0.00519,0.52891
1267,1297408,71.99392,111.33333,1.0,0.91,0.666038,-0.001261,0.013424,0.001075,0.223636,0.006173,0.962875,36.724293,27.767235,35.872047,28.462955,4.0,0.00017036,3,889,0.18514,0.2881,0.02,0.0,100,0.0,0.21212,,,-0.01,0.01204,0.01597,-0.01359,0.00699,-0.00272,0.44032
1268,1298432,72.83075,104.0,1.0,0.91,0.637585,-0.003342,0.004696,0.001857,0.242664,0.01838,0.985502,29.584738,29.46139,29.00882,29.404816,4.0,0.00017026,2,912,0.20204,0.32542,0.02,0.0,100,0.0,0.2381,,,-0.01,0.00993,0.0234,-0.01166,0.00543,-0.00329,0.31063
1269,1299456,35.88976,291.3,0.5,0.87,0.877813,-0.002289,0.005059,0.002891,0.209427,0.033308,0.985289,40.096287,27.965513,41.004765,28.622217,4.0,0.00017016,10,803,0.17843,0.26172,0.07,0.0,100,0.1,0.19753,,,-0.01,0.01432,0.01836,-0.01163,0.00715,-0.00593,0.55478
1270,1300480,73.17869,101.5,1.0,0.87,1.056367,-0.00216,0.033185,0.001967,0.392591,0.023682,0.844702,53.375614,19.677879,49.885746,21.315355,4.0,0.00017005,6,757,0.14838,0.21286,0.07,0.0,100,0.0,0.11765,,,-0.01,0.01585,0.01127,-0.01067,-0.00249,-0.00431,0.57027
1271,1301504,52.6537,149.25,0.75,0.86,0.871463,-0.002891,0.00659,0.002666,0.245422,0.031773,0.981733,39.62719,26.58614,39.168587,26.911165,4.0,0.00016995,4,831,0.15913,0.25233,0.07,0.0,100,0.25,0.23188,,,-0.01,0.00901,0.01911,-0.01158,0.00466,-0.00403,0.3419
1272,1302528,53.95082,135.5,0.75,0.85,0.899921,-0.002331,0.004593,0.001779,0.233933,0.015904,0.978513,42.06366,23.282507,41.928123,23.898563,4.0,0.00016985,4,813,0.17105,0.27445,0.07,0.0,100,0.25,0.2069,,,-0.01,0.01132,0.02512,-0.01227,0.00508,-0.00717,0.32276
1273,1303552,49.37361,262.71429,0.71429,0.84,0.98618,-0.002857,0.016987,0.00298,0.226275,0.029471,0.917811,46.184139,21.347031,46.684551,21.64632,4.0,0.00016975,7,766,0.16721,0.24995,0.08,0.0,100,0.0,0.15,,,-0.01,0.01446,0.01625,-0.01078,0.00395,-0.00621,0.46671
1274,1304576,66.24647,149.63636,0.90909,0.85,1.140622,-0.002245,0.01523,0.003308,0.302023,0.027379,0.763927,56.70612,13.283032,58.689991,12.530079,4.0,0.00016964,11,721,0.14932,0.24007,0.09,0.0,100,0.0,0.18293,,,-0.01,0.01214,0.01295,-0.01294,0.00692,-0.00645,0.83399
1275,1305600,72.1982,102.71429,1.0,0.85,1.292266,-0.002938,0.004345,0.003609,0.285697,0.031459,0.838663,62.00864,6.826056,62.732056,7.488115,4.0,0.00016954,7,693,0.13375,0.19858,0.09,0.0,100,0.0,0.4127,,,-0.01,0.01465,0.00427,-0.01095,0.00791,-0.00526,0.53421
1276,1306624,72.07713,113.83333,1.0,0.86,1.013032,-0.002013,0.007697,0.001873,0.21756,0.012347,0.92353,59.705235,13.972596,59.492031,14.969301,4.0,0.00016944,6,754,0.15404,0.24058,0.09,0.0,100,0.0,0.19718,,,-0.01,0.01467,0.01746,-0.01121,0.00332,-0.00223,0.55021
1277,1307648,57.73581,109.2,0.8,0.85,0.888912,-0.001787,0.006885,0.002138,0.246208,0.022042,0.940988,57.308102,16.867443,56.595158,18.351484,4.0,0.00016934,5,795,0.16993,0.28009,0.09,0.0,100,0.2,0.19355,,,-0.01,0.01338,0.02686,-0.01397,0.00432,-0.0049,0.40921
1278,1308672,63.32942,153.42857,0.85714,0.84,0.938029,-0.00247,0.022386,0.002052,0.361256,0.017787,0.871518,51.372551,18.608006,48.538155,19.345371,4.0,0.00016924,7,778,0.16485,0.26254,0.1,0.0,100,0.0,0.11111,,,-0.01,0.01323,0.02126,-0.01263,-0.00263,-0.00634,0.61108
1279,1309696,14.44487,274.8,0.2,0.8,0.713694,-0.001647,0.011014,0.000961,0.229849,0.006662,0.957484,35.713818,22.493456,34.033855,23.062363,4.0,0.00016913,5,857,0.16356,0.25106,0.12,0.0,100,0.4,0.09633,,,-0.01,0.01298,0.00912,-0.01108,-0.00114,-0.00391,0.12666
1280,1310720,60.42555,165.0,0.85714,0.81,0.90515,-0.001743,0.023009,0.001725,0.267839,0.016148,0.840955,44.630825,20.035254,45.445683,20.01478,4.0,0.00016903,7,792,0.16136,0.24065,0.11,0.0,100,0.14286,0.37234,,,-0.01,0.01358,0.00794,-0.01158,0.00192,-0.00417,0.63223
1281,1311744,41.42065,213.4,0.6,0.79,0.851983,-0.00153,0.016659,0.001528,0.185594,0.018624,0.873404,50.603512,15.718298,50.178188,17.209955,4.0,0.00016893,5,821,0.18425,0.29366,0.12,0.0,100,0.2,0.34328,,,-0.01,0.0103,0.02168,-0.01536,0.00442,-0.00405,0.33545
1282,1312768,71.35272,142.0,1.0,0.8,1.133118,-0.004029,0.00582,0.004202,0.286774,0.055838,0.899652,55.292053,10.285776,55.654419,11.802853,4.0,0.00016883,5,742,0.16826,0.2696,0.12,0.0,100,0.0,0.21,,,-0.01,0.01034,0.02551,-0.0138,0.00598,-0.00568,0.42992
1283,1313792,58.74255,189.0,0.8,0.8,1.039023,-0.003604,0.005505,0.003282,0.256573,0.030762,0.948312,51.837505,14.088076,51.892231,15.370004,4.0,0.00016872,5,763,0.16874,0.26859,0.13,0.0,100,0.0,0.18713,,,-0.01,0.01109,0.01994,-0.01435,0.00277,-0.00451,0.37669
1284,1314816,63.73281,172.44444,0.88889,0.8,1.046498,-0.001943,0.014199,0.002222,0.200334,0.015625,0.883894,50.127033,15.172605,50.798157,16.38579,4.0,0.00016862,9,752,0.15338,0.22932,0.13,0.0,100,0.0,0.20463,,,-0.01,0.01167,0.00983,-0.0121,0.00171,-0.00612,0.74718
1285,1315840,56.6514,128.4,0.8,0.81,0.977683,-0.001569,0.009298,0.001659,0.193473,0.015311,0.940399,51.093384,17.79282,51.497509,19.317963,4.0,0.00016852,5,776,0.15554,0.23732,0.11,0.0,100,0.2,0.33333,,,-0.01,0.01416,0.01222,-0.01071,0.00541,-0.00328,0.39904
1286,1316864,61.031,171.14286,0.85714,0.82,0.957486,-0.002586,0.015289,0.001713,0.201851,0.015451,0.908571,50.510101,17.651487,51.182045,18.839516,4.0,0.00016842,7,782,0.15801,0.24781,0.1,0.0,100,0.0,0.34483,,,-0.01,0.01173,0.01525,-0.01146,0.00654,-0.00604,0.6093
1287,1317888,61.39283,117.0,0.85714,0.83,1.141259,-0.003957,0.013473,0.003838,0.323558,0.043248,0.895438,56.098396,15.347543,55.440258,16.68149,4.0,0.00016831,7,749,0.15081,0.24313,0.1,0.0,100,0.14286,0.39344,,,-0.01,0.01126,0.01484,-0.01273,0.00482,-0.00684,0.53262
1288,1318912,47.47332,209.5,0.66667,0.83,1.050446,-0.001896,0.01504,0.002091,0.213432,0.019671,0.898208,52.518089,17.083944,52.387417,18.225235,4.0,0.00016821,6,758,0.17576,0.26393,0.09,0.0,100,0.16667,0.19024,,,-0.01,0.01177,0.0123,-0.01298,0.00454,-0.00622,0.37258
1289,1319936,70.58687,128.0,1.0,0.83,0.925867,-0.002198,0.024953,0.002763,0.217295,0.026053,0.890025,46.949429,21.318869,46.230904,21.937788,4.0,0.00016811,5,794,0.18578,0.27509,0.09,0.0,100,0.0,0.44595,,,-0.01,0.01094,0.01302,-0.01454,0.00062,-0.00477,0.53971
1290,1320960,61.31876,167.0,0.85714,0.83,1.048892,-0.003946,0.006608,0.004211,0.217471,0.057268,0.97549,45.969799,23.648499,46.928593,24.511192,4.0,0.00016801,7,768,0.164,0.23635,0.09,0.0,100,0.0,0.19708,,,-0.01,0.01033,0.01535,-0.0146,0.00794,-0.00497,0.58483
1291,1321984,47.21217,207.5,0.66667,0.81,1.172621,-0.004354,0.018584,0.003343,0.329872,0.033029,0.908933,53.657688,19.572956,51.427979,20.318686,4.0,0.0001679,6,751,0.15601,0.23852,0.1,0.0,100,0.16667,0.19863,,,-0.01,0.01069,0.01133,-0.01322,-0.0006,-0.00895,0.3554
1292,1323008,61.21186,127.875,0.875,0.8,1.053866,-0.001664,0.007655,0.001286,0.218296,0.009033,0.960633,46.508015,20.493919,46.892933,22.284674,4.0,0.0001678,8,762,0.16237,0.22535,0.1,0.0,100,0.125,0.38947,,,-0.01,0.01194,0.00942,-0.01216,0.00484,-0.00683,0.68489
1293,1324032,60.90467,126.14286,0.85714,0.8,1.259337,-0.002982,0.007973,0.002641,0.245408,0.021449,0.949416,54.435242,17.317783,54.841022,18.000502,4.0,0.0001677,7,709,0.15572,0.22138,0.1,0.0,100,0.14286,0.25424,,,-0.01,0.01266,0.01135,-0.0123,0.00618,-0.0097,0.48221
1294,1325056,63.31949,150.75,0.875,0.81,1.076119,-0.002427,0.009269,0.003371,0.245446,0.038853,0.939762,54.169476,17.451851,54.106384,18.641266,4.0,0.0001676,8,747,0.17846,0.24833,0.09,0.0,100,0.0,0.2284,,,-0.01,0.01092,0.00861,-0.0144,0.00558,-0.006,0.63357
1295,1326080,59.15978,161.85714,0.85714,0.83,1.083788,-0.003155,0.015115,0.003583,0.218262,0.039725,0.884299,55.605137,16.286127,56.058384,16.933977,4.0,0.00016749,7,733,0.18888,0.25412,0.08,0.0,100,0.14286,0.38679,,,-0.01,0.01368,0.00551,-0.01369,0.0033,-0.00486,0.51806
1296,1327104,71.86808,100.0,1.0,0.86,1.088566,-0.003204,0.00752,0.002383,0.226796,0.022356,0.949209,56.899593,17.148144,57.407368,18.458748,4.0,0.00016739,9,730,0.17877,0.25241,0.07,0.0,100,0.0,0.34444,,,-0.01,0.01189,0.00937,-0.01333,0.00557,-0.00561,0.79416
1297,1328128,49.48435,153.57143,0.71429,0.84,1.010467,-0.002289,0.015758,0.001533,0.300423,0.014997,0.932671,52.063557,21.935629,50.453518,23.672264,4.0,0.00016729,7,752,0.17674,0.25713,0.08,0.0,100,0.14286,0.68243,,,-0.01,0.01383,0.01157,-0.01264,-0.0023,-0.00505,0.47682
1298,1329152,46.97645,134.0,0.66667,0.84,0.861035,-0.00209,0.016362,0.001385,0.25989,0.010951,0.945943,45.796745,24.108429,44.394402,25.458216,4.0,0.00016719,6,801,0.17699,0.26514,0.06,0.0,100,0.33333,0.4,,,-0.01,0.01365,0.01679,-0.01136,0.00431,-0.00455,0.44505
1299,1330176,65.27467,139.55556,0.88889,0.84,1.142077,-0.002994,0.00681,0.002319,0.278818,0.021415,0.959829,55.997597,18.693069,56.874748,19.527494,4.0,0.00016708,9,734,0.16603,0.24791,0.07,0.0,100,0.0,0.11798,,,-0.01,0.01387,0.01683,-0.0114,0.00763,-0.00525,0.70285
1300,1331200,72.33441,99.28571,1.0,0.85,1.053762,-0.002241,0.011163,0.001711,0.228001,0.011893,0.951971,53.70406,21.869085,52.991467,22.815649,4.0,0.00016698,7,753,0.15638,0.23996,0.06,0.0,100,0.0,0.33871,,,-0.01,0.01135,0.01112,-0.01325,0.00519,-0.01045,0.63351
1301,1332224,63.65462,139.875,0.875,0.85,1.135724,-0.002986,0.003718,0.002548,0.217245,0.024414,0.984501,52.374794,23.173002,52.853718,24.083448,4.0,0.00016688,8,742,0.14768,0.22247,0.07,0.0,100,0.0,0.21538,,,-0.01,0.01388,0.01006,-0.01213,0.00716,-0.01248,0.6155
1302,1333248,52.96563,173.375,0.75,0.85,1.125389,-0.002669,0.004066,0.002946,0.239548,0.030762,0.975219,58.156734,19.910627,58.276836,20.263422,4.0,0.00016678,8,730,0.16964,0.23678,0.07,0.0,100,0.125,0.30409,,,-0.01,0.01347,0.0128,-0.01098,0.00579,-0.00587,0.51739
1303,1334272,72.39448,102.5,1.0,0.86,1.127008,-0.003326,0.005166,0.002487,0.236191,0.022984,0.942487,60.133457,12.974473,59.474758,14.064921,4.0,0.00016668,8,729,0.19749,0.26882,0.06,0.0,100,0.0,0.31579,,,-0.01,0.01176,0.00705,-0.01222,0.00194,-0.00751,0.69286
1304,1335296,59.18187,168.2,0.8,0.86,0.981056,-0.002846,0.007425,0.002104,0.318577,0.016985,0.959438,51.326015,20.985413,49.880749,22.659407,4.0,0.00016657,5,761,0.24009,0.30755,0.07,0.0,100,0.0,0.06923,,,-0.01,0.01198,0.01113,-0.01382,0.00448,-0.01284,0.3849
1305,1336320,68.25254,171.6,1.0,0.87,1.002729,-0.002455,0.024148,0.003172,0.237708,0.041085,0.920288,47.137226,26.746529,46.061882,26.729834,4.0,0.00016647,5,771,0.2078,0.27516,0.06,0.0,100,0.0,0.42017,,,-0.01,0.01078,0.01013,-0.01284,0.0008,-0.01639,0.48036
1306,1337344,52.45169,183.77778,0.77778,0.87,0.982978,-0.00229,0.013897,0.001937,0.226998,0.019392,0.962705,43.694275,27.911814,43.099628,28.635164,4.0,0.00016637,9,759,0.20303,0.27003,0.08,0.0,100,0.0,0.46288,,,-0.01,0.01135,0.01224,-0.01323,0.00243,-0.01476,0.71012
1307,1338368,61.74769,124.28571,0.85714,0.87,1.058528,-0.001789,0.00444,0.002386,0.218521,0.011928,0.984927,49.24157,25.293804,49.620869,26.060299,4.0,0.00016627,7,759,0.15702,0.22122,0.07,0.0,100,0.14286,0.2375,,,-0.01,0.01639,0.00958,-0.00936,0.0059,-0.00534,0.57685
1308,1339392,61.10941,160.57143,0.85714,0.86,1.182982,-0.001965,0.012055,0.002233,0.184772,0.023961,0.862551,59.538429,13.88934,59.433807,14.305226,4.0,0.00016616,7,722,0.17247,0.23656,0.08,0.0,100,0.0,0.39189,,,-0.01,0.0157,0.00457,-0.01236,0.00268,-0.00727,0.51853
1309,1340416,70.79916,118.44444,1.0,0.87,1.316628,-0.00215,0.005581,0.00324,0.224957,0.032296,0.507777,63.61478,5.93325,64.515182,5.210052,4.0,0.00016606,9,694,0.15811,0.22823,0.08,0.0,100,0.0,0.50467,,,-0.01,0.01355,0.0045,-0.01316,0.00461,-0.00441,0.69371
1310,1341440,71.09742,104.16667,1.0,0.87,1.073307,-0.003872,0.008256,0.003937,0.268233,0.052037,0.90586,61.463379,12.883342,61.038189,14.219474,4.0,0.00016596,6,754,0.1792,0.26533,0.08,0.0,100,0.0,0.5,,,-0.01,0.01435,0.01067,-0.01267,0.00149,-0.00428,0.56806
1311,1342464,72.09367,111.0,1.0,0.89,1.001176,-0.00255,0.009938,0.002742,0.225419,0.024275,0.957418,53.519585,21.272701,52.658813,22.15995,4.0,0.00016586,8,767,0.17305,0.26934,0.07,0.0,100,0.0,0.33333,,,-0.01,0.0132,0.01973,-0.01122,-0.00038,-0.00697,0.80886
1312,1343488,58.0928,155.2,0.8,0.9,1.192759,-0.001753,0.003941,0.001835,0.186017,0.015172,0.980114,53.844006,20.207603,54.379974,21.492207,4.0,0.00016575,10,710,0.16091,0.23407,0.07,0.0,100,0.1,0.19617,,,-0.01,0.01457,0.01022,-0.01263,0.00548,-0.00863,0.69086
1313,1344512,60.94852,123.14286,0.85714,0.89,1.16884,-0.00424,0.004499,0.00312,0.248219,0.035331,0.956988,60.938301,15.065383,61.096138,16.112717,4.0,0.00016565,7,711,0.16332,0.23189,0.07,0.0,100,0.14286,0.40625,,,-0.01,0.01501,0.0097,-0.01115,0.00724,-0.00539,0.50919
1314,1345536,72.72505,95.83333,1.0,0.9,1.007059,-0.00212,0.011039,0.001865,0.298915,0.014997,0.95301,52.41486,23.835123,50.846073,25.180445,4.0,0.00016555,6,781,0.18276,0.28334,0.06,0.0,100,0.0,0.18182,,,-0.01,0.01149,0.01574,-0.01222,0.00652,-0.00604,0.61377
1315,1346560,69.66404,169.0,1.0,0.9,0.947124,-0.003264,0.013581,0.002371,0.289973,0.029994,0.957046,40.955296,27.923658,39.419743,27.516653,4.0,0.00016545,3,827,0.16379,0.27056,0.06,0.0,100,0.0,0.10811,,,-0.01,0.00829,0.02181,-0.01323,0.00132,-0.01622,0.32385
1316,1347584,33.99938,323.66667,0.5,0.88,0.937432,-0.002739,0.016356,0.002476,0.293365,0.02846,0.945112,36.13142,26.329588,34.921841,26.240471,4.0,0.00016534,6,814,0.17842,0.27675,0.08,0.0,100,0.0,0.19903,,,-0.01,0.01193,0.01614,-0.01317,-0.00163,-0.01581,0.32974
1317,1348608,69.57715,156.2,1.0,0.89,0.969587,-0.001562,0.034629,0.001245,0.227187,0.007464,0.885171,39.87653,26.173506,39.646114,25.931723,4.0,0.00016524,5,786,0.16739,0.25065,0.08,0.0,100,0.0,0.30233,,,-0.01,0.01434,0.00519,-0.0095,0.00093,-0.00822,0.52993
1318,1349632,57.07001,179.8,0.8,0.88,0.951409,-0.002729,0.008044,0.001759,0.237951,0.016881,0.975775,39.998371,26.641333,40.1451,27.162577,4.0,0.00016514,5,805,0.18277,0.26915,0.09,0.0,100,0.0,0.3662,,,-0.01,0.01289,0.01682,-0.01059,0.00354,-0.00445,0.44667
1319,1350656,62.51043,167.125,0.875,0.88,1.105716,-0.00353,0.015688,0.003691,0.26872,0.040841,0.936711,46.056973,23.002886,46.315895,23.651598,4.0,0.00016504,8,752,0.1693,0.24967,0.09,0.0,100,0.0,0.27273,,,-0.01,0.01491,0.01125,-0.01034,0.00376,-0.00579,0.66418
1320,1351680,59.29601,169.83333,0.83333,0.87,1.121278,-0.002529,0.014008,0.002244,0.213281,0.025007,0.926006,48.599907,19.730293,48.999477,20.450401,4.0,0.00016493,6,750,0.181,0.28015,0.1,0.0,100,0.0,0.53704,,,-0.01,0.01317,0.01452,-0.01308,0.00317,-0.0056,0.47154
1321,1352704,70.2087,130.4,1.0,0.88,1.024638,-0.002502,0.015786,0.003057,0.224168,0.034633,0.90818,49.457676,20.111206,50.341511,20.494665,4.0,0.00016483,5,766,0.1969,0.31603,0.09,0.0,100,0.0,0.45714,,,-0.01,0.01173,0.02137,-0.01245,0.00221,-0.00553,0.48724
1322,1353728,55.82263,194.75,0.75,0.87,1.152188,-0.003153,0.005168,0.003113,0.253133,0.036377,0.970001,51.484165,19.092676,52.04591,19.987993,4.0,0.00016473,8,738,0.17239,0.27699,0.1,0.0,100,0.0,0.11494,,,-0.01,0.01232,0.01912,-0.01225,0.00531,-0.00384,0.5306
1323,1354752,72.2659,96.66667,1.0,0.89,1.124618,-0.003359,0.003434,0.003838,0.245876,0.044259,0.958824,56.704098,13.561117,57.496799,15.026061,4.0,0.00016463,6,747,0.17191,0.28124,0.09,0.0,100,0.0,0.32692,,,-0.01,0.01319,0.01818,-0.01336,0.00656,-0.00406,0.53286
1324,1355776,64.52039,139.5,0.875,0.88,1.064434,-0.002671,0.007279,0.002704,0.249296,0.022531,0.953653,54.989697,18.680153,55.003864,19.983297,4.0,0.00016452,8,755,0.17574,0.28704,0.1,0.0,100,0.0,0.19075,,,-0.01,0.01257,0.01719,-0.01295,0.00616,-0.01363,0.65541
1325,1356800,63.63937,139.375,0.875,0.87,1.031049,-0.0028,0.002565,0.001979,0.225571,0.022182,0.986605,50.856861,22.473978,51.050854,23.559814,4.0,0.00016442,8,727,0.16944,0.26709,0.11,0.0,100,0.0,0.20149,,,-0.01,0.01055,0.01322,-0.01548,0.00624,-0.01331,0.67766
1326,1357824,50.06045,186.85714,0.71429,0.85,0.957067,-0.002,0.008844,0.001692,0.250987,0.013881,0.960689,55.375908,21.439602,54.701965,22.894018,4.0,0.00016432,7,769,0.16381,0.25724,0.12,0.0,100,0.14286,0.18966,,,-0.01,0.01195,0.01571,-0.01266,0.00224,-0.00762,0.49592
1327,1358848,72.12175,91.83333,1.0,0.86,0.930954,-0.002642,0.008235,0.002394,0.287386,0.025146,0.967881,52.165745,24.08193,50.827358,24.821453,4.0,0.00016422,6,787,0.17231,0.26558,0.12,0.0,100,0.0,0.42373,,,-0.01,0.0117,0.01689,-0.0161,0.00366,-0.00703,0.62696
1328,1359872,46.59651,155.0,0.66667,0.85,1.066528,-0.00164,0.004698,0.001561,0.256192,0.011649,0.980555,51.930939,23.568806,51.035313,24.4604,4.0,0.00016412,6,761,0.17591,0.27984,0.11,0.0,100,0.33333,0.40385,,,-0.01,0.00947,0.0295,-0.0146,0.00542,-0.01365,0.36705
1329,1360896,56.34516,204.25,0.75,0.85,1.106122,-0.003028,0.012454,0.002819,0.349096,0.033936,0.936541,53.014778,19.784851,50.811008,20.793415,4.0,0.00016401,4,770,0.17459,0.28,0.12,0.0,100,0.0,0.07263,,,-0.01,0.0084,0.02639,-0.01353,0.00334,-0.0196,0.26987
1330,1361920,30.20308,271.0,0.5,0.84,1.027474,-0.003591,0.005041,0.003268,0.372143,0.050816,0.98183,42.34454,24.165108,40.461845,24.491926,4.0,0.00016391,2,815,0.18993,0.31975,0.13,0.0,100,0.0,0.22069,,,-0.01,0.00538,0.03993,-0.01453,0.00194,-0.02589,0.10113
1331,1362944,40.15481,262.5,0.5,0.83,1.093692,-0.005584,0.002831,0.004091,0.318731,0.055385,0.98986,36.816132,25.111425,35.514595,25.527889,4.0,0.00016381,2,813,0.18267,0.31962,0.14,0.0,100,0.0,0.05224,,,-0.01,0.00553,0.03998,-0.01463,0.00312,-0.03738,0.0972
1332,1363968,10.00669,377.2,0.2,0.79,1.120952,-0.002913,0.010328,0.002686,0.301795,0.024623,0.960173,43.488518,22.905617,41.382504,22.947567,4.0,0.00016371,5,768,0.1728,0.28875,0.18,0.0,100,0.0,0.16825,,,-0.01,0.00875,0.02598,-0.0161,0.00144,-0.02597,0.08853
1333,1364992,23.40329,326.66667,0.33333,0.77,1.035398,-0.003789,0.007075,0.003004,0.336626,0.030169,0.973984,37.17165,22.978165,35.081753,23.710915,4.0,0.0001636,3,819,0.18661,0.31759,0.2,0.0,100,0.0,0.13284,,,-0.01,0.0049,0.03099,-0.0164,0.00158,-0.02077,0.09938
1334,1366016,34.41442,283.0,0.5,0.77,0.984411,-0.003131,0.009384,0.002844,0.268652,0.037633,0.971552,27.345211,25.743269,26.130465,26.161863,4.0,0.0001635,2,847,0.19144,0.31757,0.2,0.0,100,0.0,0.13178,,,-0.01,0.0036,0.01943,-0.01889,0.00304,-0.03144,0.10616
1335,1367040,-6.14232,450.0,0.0,0.75,0.958954,-0.003185,0.005183,0.003248,0.293661,0.040771,0.978397,24.598345,25.680008,22.457651,25.142719,4.0,0.0001634,4,850,0.18275,0.31204,0.22,0.0,100,0.0,0.32249,,,-0.01,0.00306,0.02288,-0.01592,-0.00121,-0.03762,0.0
1336,1368064,44.56466,206.16667,0.66667,0.73,1.108054,-0.002019,0.021254,0.001731,0.286944,0.010289,0.932115,32.684616,25.877407,32.710606,26.778625,4.0,0.0001633,6,767,0.14183,0.22779,0.24,0.0,100,0.0,0.19872,,,-0.01,0.00928,0.01384,-0.01508,0.00848,-0.02382,0.364
1337,1369088,53.30121,162.0,0.8,0.73,1.062716,-0.003574,0.024438,0.003336,0.271846,0.031913,0.92207,29.665171,24.549156,28.522474,25.968477,4.0,0.00016319,5,787,0.17572,0.27343,0.24,0.0,100,0.0,0.16312,,,-0.01,0.00702,0.0156,-0.0168,0.00065,-0.02043,0.38387
1338,1370112,53.9212,175.75,0.75,0.73,0.988174,-0.003733,0.011142,0.003235,0.265523,0.040213,0.966512,26.835968,26.014236,27.20484,27.342737,4.0,0.00016309,4,800,0.19162,0.30042,0.24,0.0,100,0.0,0.44,,,-0.01,0.00849,0.01306,-0.01444,0.00534,-0.00955,0.30715
1339,1371136,40.66034,231.8,0.6,0.71,0.923728,-0.003023,0.011897,0.001492,0.255382,0.013463,0.966414,29.050562,26.712708,29.357922,27.78742,4.0,0.00016299,5,800,0.19581,0.31384,0.26,0.0,100,0.0,0.40203,,,-0.01,0.00782,0.01848,-0.01613,0.00589,-0.00923,0.3159
1340,1372160,54.54196,171.44444,0.77778,0.7,0.996881,-0.00237,0.032357,0.002629,0.29045,0.03118,0.884062,37.198616,23.630659,38.94006,24.815685,4.0,0.00016289,9,769,0.16553,0.27184,0.27,0.0,100,0.0,0.47967,,,-0.01,0.00862,0.01508,-0.01596,0.00523,-0.01101,0.65193
1341,1373184,64.62761,132.875,0.875,0.71,1.056221,-0.002273,0.02441,0.001485,0.22758,0.015102,0.878923,46.096478,18.811682,46.238899,20.704399,4.0,0.00016278,8,734,0.14902,0.2387,0.26,0.0,100,0.0,0.10458,,,-0.01,0.01326,0.01199,-0.01424,0.00262,-0.00847,0.60555
1342,1374208,59.78019,143.5,0.83333,0.7,0.722064,-0.004306,0.01564,0.002437,0.288325,0.033447,0.950902,29.764025,25.141594,29.171946,27.157959,4.0,0.00016268,6,845,0.15622,0.26182,0.27,0.0,100,0.0,0.12245,,,-0.01,0.01108,0.00948,-0.01607,0.00229,-0.00805,0.65342
1343,1375232,52.82724,143.25,0.75,0.7,0.571062,-0.003042,0.013692,0.002517,0.22308,0.033064,0.960796,22.583292,27.13356,22.310751,27.545967,4.0,0.00016258,4,902,0.14678,0.23293,0.26,0.0,100,0.25,0.41667,,,-0.01,0.013,0.00272,-0.01357,0.00364,-0.00254,0.48178
1344,1376256,43.02747,268.66667,0.66667,0.68,0.862015,-0.002753,0.024513,0.001765,0.27934,0.014962,0.929433,35.278801,26.911232,34.018646,27.475822,4.0,0.00016248,6,819,0.15208,0.24752,0.27,0.0,100,0.16667,0.63636,,,-0.01,0.0083,0.0098,-0.01614,0.00188,-0.01073,0.41534
1345,1377280,53.21855,119.25,0.75,0.68,1.173171,-0.004588,0.007373,0.003817,0.327846,0.042934,0.969126,45.051334,23.112309,46.098911,24.694963,4.0,0.00016237,8,725,0.14076,0.227,0.25,0.0,100,0.25,0.34615,,,-0.01,0.01046,0.01576,-0.01623,0.00732,-0.01889,0.48169
1346,1378304,53.32202,165.4,0.8,0.68,1.120972,-0.003605,0.021883,0.004798,0.316476,0.070103,0.926334,43.295078,23.692789,41.410339,24.970245,4.0,0.00016227,5,758,0.16954,0.2886,0.26,0.0,100,0.0,0.11429,,,-0.01,0.00854,0.03229,-0.01469,0.00057,-0.01853,0.35217
1347,1379328,59.16422,160.0,0.8,0.67,1.085872,-0.003209,0.007122,0.002722,0.269529,0.029332,0.979403,38.141895,27.216311,37.909363,28.819118,4.0,0.00016217,5,773,0.16795,0.2896,0.27,0.0,100,0.0,0.14894,,,-0.01,0.00791,0.03073,-0.01569,0.00559,-0.01807,0.37294
1348,1380352,28.89608,263.4,0.4,0.66,1.113019,-0.005,0.015608,0.003602,0.370785,0.038365,0.955342,35.939209,27.993198,33.80476,28.284254,4.0,0.00016207,5,773,0.17548,0.29351,0.29,0.0,100,0.2,0.04215,,,-0.01,0.00724,0.03018,-0.01887,0.00095,-0.01801,0.18264
1349,1381376,68.79588,158.0,1.0,0.68,1.075827,-0.002297,0.050012,0.002085,0.351154,0.018764,0.80699,40.745308,25.210415,42.817085,24.295063,4.0,0.00016196,7,754,0.1613,0.26531,0.27,0.0,100,0.0,0.13253,,,-0.01,0.01085,0.02318,-0.01668,0.00431,-0.01096,0.6152
1350,1382400,70.79335,140.0,1.0,0.72,1.137559,-0.002699,0.033784,0.003853,0.255059,0.046073,0.825613,45.624565,20.091959,46.116951,20.616653,4.0,0.00016186,7,738,0.17243,0.27824,0.23,0.0,100,0.0,0.16766,,,-0.01,0.01064,0.01846,-0.01747,0.00194,-0.01022,0.59055
1351,1383424,24.79386,234.33333,0.33333,0.73,0.910005,-0.002624,0.013792,0.002524,0.323087,0.027623,0.938,37.149937,20.919157,35.189228,21.8748,4.0,0.00016176,3,812,0.20936,0.31634,0.21,0.0,100,0.33333,0.13846,,,-0.01,0.01176,0.01426,-0.01432,0.00246,-0.00751,0.10811
1352,1384448,58.58045,204.28571,0.85714,0.77,1.014276,-0.001774,0.032428,0.002311,0.314097,0.020299,0.847474,39.375359,21.612183,42.02581,21.325136,4.0,0.00016166,7,771,0.17257,0.28194,0.17,0.0,100,0.0,0.28646,,,-0.01,0.01011,0.0185,-0.01568,0.0078,-0.00789,0.56275
1353,1385472,72.07781,118.0,1.0,0.79,1.057746,-0.002279,0.012344,0.001403,0.260705,0.010882,0.891812,47.872662,16.126062,48.399475,16.680468,4.0,0.00016156,6,754,0.17224,0.30079,0.15,0.0,100,0.0,0.16092,,,-0.01,0.0102,0.02607,-0.01433,0.00277,-0.00746,0.54884
1354,1386496,49.1303,222.33333,0.66667,0.79,0.974939,-0.002701,0.010727,0.002788,0.248383,0.024763,0.885918,50.380989,13.216193,50.475574,14.330292,4.0,0.00016145,6,772,0.17796,0.29841,0.15,0.0,100,0.0,0.13306,,,-0.01,0.01055,0.02518,-0.01637,0.0047,-0.0046,0.38922
1355,1387520,71.89608,129.6,1.0,0.79,0.994029,-0.002461,0.013185,0.002477,0.246321,0.02274,0.916259,46.882946,17.148386,46.885704,18.360449,4.0,0.00016135,5,788,0.195,0.33545,0.15,0.0,100,0.0,0.17593,,,-0.01,0.00779,0.04241,-0.01881,0.00134,-0.00531,0.49351
1356,1388544,40.72603,272.5,0.5,0.79,0.91717,-0.003267,0.004673,0.003034,0.270611,0.030622,0.971519,41.764408,19.318729,41.506233,20.653629,4.0,0.00016125,4,814,0.21053,0.34698,0.15,0.0,100,0.0,0.07554,,,-0.01,0.00783,0.0473,-0.01904,0.00512,-0.00856,0.21903
1357,1389568,19.3224,297.75,0.25,0.78,0.829348,-0.002359,0.012649,0.002657,0.295179,0.030971,0.932964,37.798409,19.346289,35.892651,20.10391,4.0,0.00016115,4,849,0.21885,0.37553,0.15,0.0,100,0.25,0.07224,,,-0.01,0.00757,0.04397,-0.0166,-0.00368,-0.00739,0.12122
1358,1390592,54.37924,213.5,0.75,0.77,0.959491,-0.001354,0.015139,0.001041,0.196381,0.004569,0.910352,41.597073,18.795719,42.706413,19.393309,4.0,0.00016104,4,804,0.17718,0.29791,0.16,0.0,100,0.0,0.16667,,,-0.01,0.00916,0.03459,-0.01632,0.00527,-0.00796,0.30786
1359,1391616,55.22582,198.75,0.75,0.76,1.115513,-0.003787,0.014749,0.003715,0.265948,0.053362,0.906482,48.756069,17.434053,49.12162,18.36002,4.0,0.00016094,8,754,0.17305,0.28577,0.17,0.0,100,0.0,0.08589,,,-0.01,0.00879,0.02789,-0.01703,0.00536,-0.01156,0.54296
1360,1392640,72.09273,104.5,1.0,0.77,1.050389,-0.003084,0.008255,0.003392,0.274873,0.036761,0.956253,47.382172,18.5833,47.787014,20.097046,4.0,0.00016084,4,779,0.1891,0.31408,0.16,0.0,100,0.0,0.31111,,,-0.01,0.01046,0.03253,-0.01454,0.00576,-0.00413,0.38777
1361,1393664,59.18227,208.4,0.8,0.76,0.916627,-0.002292,0.020887,0.001321,0.249586,0.012521,0.884829,44.958893,19.539906,44.666355,19.977816,4.0,0.00016074,5,801,0.18825,0.30272,0.17,0.0,100,0.0,0.0917,,,-0.01,0.01087,0.01731,-0.01423,0.0005,-0.00298,0.42939
1362,1394688,56.21186,163.88889,0.77778,0.77,1.032939,-0.001963,0.017883,0.003452,0.204592,0.035261,0.896255,48.777382,17.474535,49.651455,19.412222,4.0,0.00016063,9,770,0.16321,0.2589,0.17,0.0,100,0.11111,0.1701,,,-0.01,0.01304,0.02115,-0.01587,0.00873,-0.00574,0.68543
1363,1395712,63.68001,143.57143,0.85714,0.78,1.154455,-0.004963,0.010642,0.004109,0.301139,0.048723,0.930015,52.083035,17.094692,51.969627,18.379158,4.0,0.00016053,7,743,0.15624,0.2284,0.18,0.0,100,0.0,0.08333,,,-0.01,0.01396,0.01331,-0.01494,0.00473,-0.00591,0.54112
1364,1396736,47.98565,173.66667,0.66667,0.78,0.8869,-0.001947,0.012885,0.001472,0.226524,0.009801,0.940037,43.189938,20.100773,42.493782,21.582314,4.0,0.00016043,6,820,0.17037,0.28617,0.17,0.0,100,0.16667,0.09278,,,-0.01,0.01195,0.02139,-0.01458,0.00128,-0.00775,0.46019
1365,1397760,44.38101,164.625,0.625,0.78,1.218945,-0.002395,0.015085,0.0036,0.229074,0.031145,0.870941,55.831699,14.19986,55.255962,16.048382,4.0,0.00016033,8,712,0.15905,0.22856,0.16,0.0,100,0.25,0.14894,,,-0.01,0.01587,0.00984,-0.01155,0.00104,-0.009,0.41042
1366,1398784,72.15305,106.66667,1.0,0.78,0.933621,-0.002231,0.022027,0.002178,0.227714,0.020089,0.89002,47.320583,20.366997,47.271366,21.402798,4.0,0.00016022,6,803,0.19682,0.32615,0.16,0.0,100,0.0,0.25424,,,-0.01,0.01193,0.03663,-0.01361,0.00648,-0.00393,0.65697
1367,1399808,61.45048,153.28571,0.85714,0.77,1.169282,-0.001911,0.021009,0.002489,0.200487,0.01845,0.908837,49.164787,20.85067,48.96656,21.980907,4.0,0.00016012,7,745,0.16585,0.26775,0.16,0.0,100,0.14286,0.15789,,,-0.01,0.01143,0.02074,-0.01514,0.00268,-0.00797,0.53757
1368,1400832,56.08032,179.75,0.75,0.78,1.000631,-0.003213,0.006252,0.001959,0.270915,0.017299,0.974977,46.243336,22.512924,45.699097,23.28425,4.0,0.00016002,4,788,0.1785,0.29157,0.16,0.0,100,0.0,0.06294,,,-0.01,0.0129,0.02296,-0.01319,0.00523,-0.00445,0.3149
1369,1401856,63.6435,153.42857,0.85714,0.78,0.849011,-0.003219,0.016474,0.003117,0.241481,0.033378,0.937437,41.751682,22.665245,41.489338,23.626839,4.0,0.00015992,7,817,0.17444,0.28699,0.16,0.0,100,0.0,0.07254,,,-0.01,0.01133,0.01357,-0.01311,-0.00152,-0.00455,0.70837
1370,1402880,55.7156,211.6,0.8,0.77,0.871879,-0.001432,0.016104,0.002218,0.189521,0.019706,0.936742,39.945007,23.857258,40.86768,24.000429,4.0,0.00015981,5,821,0.18211,0.2868,0.17,0.0,100,0.0,0.34146,,,-0.01,0.01146,0.01435,-0.01322,0.00677,-0.00662,0.45513
1371,1403904,63.32413,142.25,0.875,0.78,1.135047,-0.003107,0.006465,0.003229,0.262126,0.032819,0.97007,52.262722,21.291588,52.727177,21.927921,4.0,0.00015971,8,726,0.16334,0.25786,0.16,0.0,100,0.0,0.14953,,,-0.01,0.01319,0.01062,-0.01254,0.00586,-0.00687,0.61409
1372,1404928,51.89752,195.57143,0.71429,0.77,1.095943,-0.002163,0.012882,0.001231,0.237225,0.006522,0.938793,54.25824,20.161123,53.840786,21.132648,4.0,0.00015961,7,742,0.1655,0.2732,0.17,0.0,100,0.0,0.25405,,,-0.01,0.01145,0.01776,-0.01485,0.0055,-0.00644,0.45406
1373,1405952,61.2229,101.28571,0.85714,0.8,1.153082,-0.003175,0.009969,0.002081,0.246496,0.026611,0.94605,54.540791,18.888531,54.051609,20.728434,4.0,0.00015951,7,736,0.15169,0.25185,0.14,0.0,100,0.14286,0.275,,,-0.01,0.01248,0.01448,-0.0127,0.00416,-0.01173,0.51962
1374,1406976,71.09019,135.25,1.0,0.82,1.209425,-0.003151,0.023874,0.003338,0.233366,0.037005,0.883188,52.234608,21.253223,52.38007,21.05966,4.0,0.0001594,8,728,0.16098,0.25803,0.12,0.0,100,0.0,0.17483,,,-0.01,0.00969,0.01574,-0.01577,0.0012,-0.01138,0.66778
1375,1408000,59.03801,171.42857,0.85714,0.83,1.064849,-0.002343,0.026506,0.001948,0.29955,0.020124,0.779657,51.529633,18.078531,53.235954,17.611712,4.0,0.0001593,7,759,0.16648,0.27532,0.11,0.0,100,0.0,0.23529,,,-0.01,0.01312,0.01185,-0.01331,0.0013,-0.01256,0.56534
1376,1409024,50.88756,159.71429,0.71429,0.82,1.199385,-0.001519,0.010841,0.002204,0.26335,0.014788,0.921269,56.487671,15.422738,55.321014,17.719967,4.0,0.0001592,7,735,0.15528,0.25738,0.11,0.0,100,0.14286,0.09934,,,-0.01,0.01243,0.0172,-0.01261,0.0037,-0.01126,0.43031
1377,1410048,63.50115,107.66667,0.88889,0.83,1.113496,-0.001652,0.01193,0.001131,0.263645,0.008684,0.932819,50.821125,17.81002,49.706123,20.230152,4.0,0.0001591,9,753,0.16101,0.26935,0.1,0.0,100,0.11111,0.275,,,-0.01,0.01273,0.01249,-0.01343,0.00092,-0.00714,0.75388
1378,1411072,35.03432,185.33333,0.5,0.81,1.226255,-0.003513,0.010409,0.003041,0.299587,0.026821,0.948239,50.550972,19.774298,49.147305,21.72188,4.0,0.000159,6,730,0.15003,0.22803,0.11,0.0,100,0.33333,0.176,,,-0.01,0.01269,0.00544,-0.0131,0.00483,-0.00708,0.25476
1379,1412096,71.5688,116.625,1.0,0.84,1.256292,-0.003002,0.020255,0.002707,0.24262,0.029681,0.788045,55.732342,13.856384,56.189716,14.41452,4.0,0.00015889,8,713,0.16305,0.26773,0.1,0.0,100,0.0,0.23864,,,-0.01,0.01184,0.01503,-0.01135,0.0053,-0.00542,0.64395
1380,1413120,71.04332,142.25,1.0,0.85,1.123554,-0.002532,0.028462,0.002804,0.266547,0.035121,0.756754,54.201088,16.088091,54.777287,16.023493,4.0,0.00015879,8,743,0.15534,0.25969,0.09,0.0,100,0.0,0.26506,,,-0.01,0.01332,0.01374,-0.01241,0.00357,-0.00526,0.71308
1381,1414144,71.89417,115.0,1.0,0.86,1.142245,-0.001175,0.015794,0.001654,0.217516,0.010184,0.721647,56.713696,10.235332,57.969879,11.085461,4.0,0.00015869,10,724,0.16549,0.27042,0.09,0.0,100,0.0,0.30392,,,-0.01,0.01463,0.01056,-0.0114,0.00563,-0.00486,0.88198
1382,1415168,72.47852,96.625,1.0,0.88,1.224856,-0.00335,0.003775,0.003265,0.273145,0.03118,0.959481,56.38274,13.727161,57.110516,14.624974,4.0,0.00015859,8,720,0.16554,0.25219,0.07,0.0,100,0.0,0.28,,,-0.01,0.01064,0.00709,-0.01353,0.00482,-0.00609,0.68139
1383,1416192,60.95318,155.28571,0.85714,0.88,1.165188,-0.004364,0.00393,0.002308,0.250121,0.022845,0.970496,56.033283,17.071211,56.491985,18.032637,4.0,0.00015848,7,722,0.17498,0.27512,0.07,0.0,100,0.0,0.19811,,,-0.01,0.01188,0.0086,-0.01261,0.00719,-0.00463,0.5193
1384,1417216,60.7314,151.71429,0.85714,0.88,1.116635,-0.003371,0.017455,0.00223,0.266368,0.018311,0.880348,57.033733,16.95215,55.301449,17.341366,4.0,0.00015838,7,727,0.19905,0.32031,0.07,0.0,100,0.0,0.57778,,,-0.01,0.01334,0.0058,-0.01226,-0.00224,-0.00339,0.53221
1385,1418240,52.69586,129.75,0.75,0.87,0.817255,-0.0014,0.01184,0.001217,0.265388,0.010289,0.93597,49.909016,18.495008,48.278389,20.178862,4.0,0.00015828,4,831,0.20618,0.36939,0.07,0.0,100,0.25,0.38095,,,-0.01,0.01159,0.02323,-0.01655,0.00209,-0.00332,0.36059
1386,1419264,71.80184,111.0,1.0,0.89,0.828104,-0.00116,0.008568,0.00101,0.190803,0.007673,0.959978,46.806011,21.623123,47.210674,22.282738,4.0,0.00015818,4,834,0.20331,0.36757,0.05,0.0,100,0.0,0.41176,,,-0.01,0.00906,0.03238,-0.01772,0.00596,-0.00572,0.47517
1387,1420288,31.13998,308.4,0.4,0.87,0.94292,-0.002413,0.004071,0.001593,0.293636,0.016706,0.977494,49.917236,21.491486,48.97665,22.115213,4.0,0.00015807,5,803,0.19609,0.35627,0.08,0.0,100,0.0,0.10177,,,-0.01,0.00931,0.02955,-0.01506,0.00267,-0.00369,0.21733
1388,1421312,55.9271,195.0,0.75,0.86,0.971538,-0.002908,0.008919,0.002255,0.252064,0.022635,0.961325,49.745937,20.875977,48.74033,21.822788,4.0,0.00015797,4,798,0.19672,0.35113,0.09,0.0,100,0.0,0.11111,,,-0.01,0.01156,0.02716,-0.01353,0.00122,-0.0054,0.32037
1389,1422336,49.04037,223.33333,0.66667,0.84,0.880381,-0.001529,0.009909,0.001676,0.168346,0.009801,0.961166,45.716373,22.830732,45.688175,23.578581,4.0,0.00015787,6,815,0.20896,0.37102,0.11,0.0,100,0.0,0.08108,,,-0.01,0.00879,0.02899,-0.01559,-0.00021,-0.00428,0.46634
1390,1423360,54.34239,191.0,0.75,0.83,1.115217,-0.002074,0.006573,0.001843,0.213703,0.01001,0.961564,51.380581,20.063656,51.94125,21.489288,4.0,0.00015777,8,757,0.17515,0.29472,0.11,0.0,100,0.125,0.16949,,,-0.01,0.01437,0.01898,-0.01133,0.00539,-0.00436,0.55824
1391,1424384,64.01715,156.625,0.875,0.84,1.225638,-0.003213,0.003767,0.001836,0.236944,0.015939,0.964319,58.452827,14.595591,59.268665,15.142423,4.0,0.00015766,8,719,0.16811,0.26851,0.11,0.0,100,0.0,0.19681,,,-0.01,0.01449,0.01509,-0.01131,0.00294,-0.00379,0.58493
1392,1425408,73.02638,102.5,1.0,0.84,1.012835,-0.002277,0.008209,0.00221,0.292957,0.018903,0.893191,60.251049,11.660874,59.183132,13.362489,4.0,0.00015756,4,775,0.19331,0.32212,0.11,0.0,100,0.0,0.28205,,,-0.01,0.0155,0.02152,-0.01061,0.00328,-0.00386,0.40126
1393,1426432,72.21466,123.33333,1.0,0.85,0.823197,-0.003668,0.004043,0.001784,0.272296,0.017473,0.983559,47.051216,24.1483,46.130005,25.464792,4.0,0.00015746,3,838,0.20855,0.38086,0.11,0.0,100,0.0,0.21622,,,-0.01,0.00936,0.03923,-0.01596,0.00246,-0.0006,0.36179
1394,1427456,43.72656,244.42857,0.57143,0.85,0.813331,-0.001662,0.011645,0.001426,0.229358,0.011614,0.950966,47.215221,23.131031,46.245258,23.59968,4.0,0.00015736,7,815,0.20623,0.37614,0.12,0.0,100,0.14286,0.06587,,,-0.01,0.01036,0.03479,-0.01499,-0.00125,-0.00531,0.46202
1395,1428480,48.01923,180.66667,0.66667,0.83,0.980776,-0.001773,0.004944,0.001883,0.240289,0.020194,0.971071,49.629322,20.008657,49.333134,22.011259,4.0,0.00015725,6,771,0.17487,0.28853,0.13,0.0,100,0.16667,0.18254,,,-0.01,0.01361,0.0163,-0.01222,0.00374,-0.00415,0.40622
1396,1429504,70.93054,140.28571,1.0,0.83,1.105477,-0.001509,0.014798,0.002646,0.238729,0.021833,0.903728,53.365475,19.411087,55.129463,18.669922,4.0,0.00015715,7,744,0.16811,0.2844,0.13,0.0,100,0.0,0.32967,,,-0.01,0.01313,0.01137,-0.01224,0.00399,-0.00297,0.62576
1397,1430528,62.73661,182.0,0.85714,0.82,1.054111,-0.003382,0.00701,0.002546,0.237043,0.02853,0.940591,58.867954,15.019572,58.852444,15.941561,4.0,0.00015705,7,759,0.16442,0.28137,0.14,0.0,100,0.0,0.13,,,-0.01,0.01319,0.01627,-0.01369,0.00274,-0.00456,0.56475
1398,1431552,56.41303,128.4,0.8,0.81,1.068964,-0.002637,0.004428,0.004373,0.256102,0.059082,0.941757,61.251831,13.198202,61.03043,15.145479,4.0,0.00015695,5,756,0.17377,0.31494,0.14,0.0,100,0.2,0.30233,,,-0.01,0.01167,0.02482,-0.01417,0.00557,-0.00264,0.36394
1399,1432576,72.82952,101.0,1.0,0.81,0.91479,-0.0026,0.009403,0.002021,0.381169,0.016671,0.959777,52.43504,21.94626,50.22332,23.285671,4.0,0.00015684,4,826,0.18799,0.35733,0.14,0.0,100,0.0,0.08333,,,-0.01,0.00716,0.03464,-0.0184,0.00138,-0.00645,0.43732
1400,1433600,29.80824,272.4,0.4,0.78,0.907004,-0.003546,0.003381,0.003429,0.285269,0.040876,0.989924,43.175442,27.840631,42.617126,29.388765,4.0,0.00015674,5,818,0.17869,0.33398,0.16,0.0,100,0.2,0.08225,,,-0.01,0.00975,0.03317,-0.01627,0.00282,-0.00628,0.21372
1401,1434624,51.89402,204.0,0.7,0.76,1.118557,-0.002879,0.003191,0.002553,0.23099,0.020473,0.985142,56.474941,21.813072,56.949345,22.295265,4.0,0.00015664,10,729,0.15437,0.2687,0.18,0.0,100,0.0,0.09496,,,-0.01,0.01302,0.01412,-0.01146,0.00485,-0.00663,0.59679
1402,1435648,72.53588,92.55556,1.0,0.78,1.144828,-0.003026,0.012207,0.002635,0.253937,0.031669,0.778381,63.357197,9.243002,62.880424,10.498138,4.0,0.00015654,9,717,0.1411,0.24282,0.17,0.0,100,0.0,0.39344,,,-0.01,0.01544,0.00454,-0.01333,0.00338,-0.00527,0.74747
1403,1436672,56.87498,108.4,0.8,0.78,0.731046,-0.001884,0.014762,0.001768,0.419615,0.016218,0.94246,44.809303,21.940039,41.293743,23.369081,4.0,0.00015644,5,854,0.1582,0.28429,0.16,0.0,100,0.2,0.42857,,,-0.01,0.01397,0.00888,-0.01196,-0.00403,-0.00592,0.52981
1404,1437696,34.36459,155.66667,0.5,0.78,0.904382,-0.001566,0.005937,0.002082,0.242025,0.014893,0.981988,46.747253,24.750153,46.040215,26.454008,4.0,0.00015633,6,798,0.14887,0.26436,0.13,0.0,100,0.5,0.5,,,-0.01,0.0161,0.01006,-0.0087,0.00587,-0.00588,0.31402
1405,1438720,51.75646,177.71429,0.71429,0.78,1.066397,-0.00374,0.00604,0.003043,0.307075,0.03125,0.968422,55.358051,20.418812,54.306519,21.927719,4.0,0.00015623,7,762,0.21095,0.33131,0.12,0.0,100,0.14286,0.15079,,,-0.01,0.00961,0.01715,-0.01241,0.0057,-0.00472,0.46041
1406,1439744,72.34016,93.75,1.0,0.8,1.015035,-0.003402,0.015881,0.002519,0.378135,0.033691,0.945526,48.080837,23.976789,45.141846,25.027498,4.0,0.00015613,4,786,0.22335,0.34185,0.11,0.0,100,0.0,0.29412,,,-0.01,0.00891,0.01515,-0.01567,-0.00108,-0.00611,0.38865
1407,1440768,16.71336,303.5,0.25,0.77,0.880121,-0.003816,0.003527,0.002332,0.293459,0.025705,0.991458,33.490993,30.23037,32.150749,30.91485,4.0,0.00015603,4,820,0.23496,0.35635,0.13,0.0,100,0.25,0.14189,,,-0.01,0.00778,0.01261,-0.02001,0.00295,-0.01283,0.10646
1408,1441792,24.58457,308.4,0.4,0.74,1.106796,-0.003793,0.006471,0.003079,0.318599,0.036482,0.983995,42.025433,29.252819,40.508362,29.664349,4.0,0.00015592,5,761,0.19462,0.30779,0.16,0.0,100,0.0,0.1049,,,-0.01,0.00794,0.01035,-0.01612,0.00487,-0.01404,0.18015
1409,1442816,67.92899,157.66667,1.0,0.75,1.080299,-0.004183,0.02684,0.0035,0.294992,0.047956,0.915386,41.974541,25.771935,40.999531,26.165253,4.0,0.00015582,3,794,0.17599,0.3131,0.15,0.0,100,0.0,0.30769,,,-0.01,0.00732,0.01302,-0.01678,0.0008,-0.00818,0.28208
1410,1443840,47.15511,226.66667,0.66667,0.74,1.090625,-0.00369,0.012449,0.003572,0.266866,0.046143,0.966071,38.118145,27.688084,36.861912,28.26955,4.0,0.00015572,3,787,0.17272,0.31372,0.16,0.0,100,0.0,0.41975,,,-0.01,0.00713,0.01655,-0.01474,0.00257,-0.01325,0.19143
1411,1444864,33.40218,302.0,0.5,0.73,1.082922,-0.003491,0.01461,0.003162,0.281611,0.032959,0.961325,33.713093,28.817137,32.763111,28.896919,4.0,0.00015562,4,797,0.17012,0.31676,0.18,0.0,100,0.0,0.1,,,-0.01,0.00521,0.02041,-0.01757,0.00091,-0.022,0.19415
1412,1445888,39.00063,247.0,0.6,0.73,1.150577,-0.002763,0.010354,0.002718,0.267618,0.023856,0.960975,39.000038,22.887249,39.197151,23.793629,4.0,0.00015551,5,765,0.16269,0.27478,0.18,0.0,100,0.0,0.20667,,,-0.01,0.01088,0.00935,-0.0133,0.00546,-0.01063,0.2831
1413,1446912,48.83082,220.71429,0.71429,0.73,1.241111,-0.004008,0.011288,0.003371,0.313129,0.037493,0.930633,42.54047,21.020998,43.410358,21.767529,4.0,0.00015541,7,738,0.16023,0.27027,0.19,0.0,100,0.0,0.125,,,-0.01,0.01055,0.00907,-0.01439,0.00439,-0.01232,0.43673
1414,1447936,55.83453,193.2,0.8,0.72,1.180473,-0.002417,0.008789,0.002565,0.265068,0.022531,0.950785,48.880817,18.767927,48.922554,19.604095,4.0,0.00015531,5,757,0.16311,0.27988,0.2,0.0,100,0.0,0.13235,,,-0.01,0.01092,0.01469,-0.01436,0.00366,-0.00672,0.36322
1415,1448960,70.63757,119.33333,1.0,0.73,1.160809,-0.004,0.008722,0.003101,0.351051,0.02832,0.956664,43.230934,21.402205,42.142467,23.451975,4.0,0.00015521,3,770,0.17333,0.2944,0.19,0.0,100,0.0,0.06667,,,-0.01,0.00843,0.02051,-0.01513,0.00312,-0.01492,0.27894
1416,1449984,36.82077,298.5,0.5,0.72,1.048272,-0.0034,0.007981,0.002581,0.290818,0.027448,0.979303,35.04023,27.988844,33.651928,28.651173,4.0,0.0001551,2,800,0.18709,0.33427,0.2,0.0,100,0.0,0.07143,,,-0.01,0.0069,0.03003,-0.01554,0.00057,-0.01188,0.09896
1417,1451008,14.73509,366.25,0.25,0.69,1.028282,-0.003635,0.01227,0.002651,0.327667,0.030204,0.964711,31.701063,26.936811,29.900867,27.506561,4.0,0.000155,4,797,0.18922,0.32243,0.23,0.0,100,0.0,0.07018,,,-0.01,0.01036,0.02752,-0.01381,-0.00203,-0.01086,0.10509
1418,1452032,35.7794,303.5,0.5,0.69,0.807354,-0.003043,0.009926,0.001505,0.240529,0.015032,0.970207,26.091665,26.769945,25.287918,27.151529,4.0,0.0001549,2,866,0.20485,0.34316,0.24,0.0,100,0.0,0.17094,,,-0.01,0.00952,0.0312,-0.01399,-0.00013,-0.0128,0.12818
1419,1453056,39.13427,356.0,0.6,0.67,1.095491,-0.001124,0.035486,0.001781,0.266996,0.010777,0.855264,32.814377,25.701262,34.715733,24.928864,4.0,0.0001548,5,788,0.17627,0.2903,0.26,0.0,100,0.0,0.09783,,,-0.01,0.00976,0.02376,-0.01468,0.0051,-0.00503,0.27666
1420,1454080,55.17262,240.25,0.75,0.67,1.16231,-0.003011,0.022643,0.002681,0.295307,0.023577,0.920304,39.548763,23.619946,39.729748,24.297815,4.0,0.00015469,4,758,0.19062,0.31923,0.26,0.0,100,0.0,0.06358,,,-0.01,0.00942,0.03223,-0.01289,0.00266,-0.00754,0.26709
1421,1455104,49.24645,268.66667,0.66667,0.68,1.189613,-0.003539,0.018498,0.00326,0.285576,0.041574,0.928381,39.595856,22.468897,38.994274,23.572887,4.0,0.00015459,3,746,0.17701,0.29003,0.26,0.0,100,0.0,0.09143,,,-0.01,0.00927,0.0206,-0.01464,0.00331,-0.00693,0.17095
1422,1456128,55.31213,194.0,0.75,0.68,1.110897,-0.002752,0.009151,0.002043,0.270192,0.021519,0.974482,32.603363,26.535133,32.404888,27.751692,4.0,0.00015449,4,766,0.18151,0.33712,0.26,0.0,100,0.0,0.09028,,,-0.01,0.00605,0.03765,-0.01637,0.00203,-0.01399,0.2809
1423,1457152,0.04124,450.0,0.0,0.67,1.10766,-0.004274,0.008369,0.001307,0.295956,0.010254,0.973264,31.160814,26.504845,29.539049,26.813515,4.0,0.00015439,2,776,0.18311,0.32519,0.27,0.0,100,0.0,0.08911,,,-0.01,0.00739,0.03822,-0.01394,0.00048,-0.02014,0.0
1424,1458176,44.29228,283.16667,0.66667,0.66,1.190466,-0.002504,0.036722,0.002296,0.256471,0.025495,0.850415,36.318134,23.163689,36.741787,23.265684,4.0,0.00015428,6,736,0.15926,0.25739,0.27,0.0,100,0.16667,0.14041,,,-0.01,0.01055,0.02249,-0.01309,0.00193,-0.02134,0.31258
1425,1459200,55.86465,185.8,0.8,0.65,1.187819,-0.002318,0.027002,0.001765,0.229509,0.015939,0.891196,36.000435,21.724121,35.983482,22.91548,4.0,0.00015418,5,746,0.16639,0.28276,0.28,0.0,100,0.0,0.08,,,-0.01,0.0081,0.02462,-0.01146,0.00253,-0.03126,0.33672
1426,1460224,18.58603,322.33333,0.33333,0.63,1.171712,-0.003832,0.02339,0.004338,0.301838,0.059814,0.910008,32.457294,22.714563,31.248705,23.145359,4.0,0.00015408,3,749,0.16443,0.27696,0.29,0.0,100,0.33333,0.16292,,,-0.01,0.01053,0.02454,-0.01252,0.00175,-0.02173,0.07942
1427,1461248,12.44673,305.25,0.25,0.61,1.307366,-0.004863,0.015366,0.004119,0.323697,0.045585,0.937373,31.670702,21.922457,30.040874,22.515606,4.0,0.00015398,4,727,0.16888,0.29628,0.31,0.0,100,0.25,0.02439,,,-0.01,0.00787,0.02554,-0.01277,-0.00076,-0.02144,0.07912
1428,1462272,45.18943,158.66667,0.66667,0.62,1.190824,-0.002721,0.02688,0.002827,0.232067,0.025565,0.876152,29.489761,20.7278,30.07527,21.320066,4.0,0.00015388,3,758,0.17832,0.28224,0.31,0.0,100,0.33333,0.37778,,,-0.01,0.00933,0.02629,-0.01447,0.00113,-0.00923,0.17374
1429,1463296,29.73645,317.8,0.4,0.6,1.191369,-0.002379,0.012131,0.002725,0.297765,0.020543,0.943256,33.376442,19.769218,33.941746,21.261784,4.0,0.00015377,5,751,0.18774,0.30696,0.34,0.0,100,0.0,0.07521,,,-0.01,0.01008,0.034,-0.01485,0.00284,-0.01208,0.17659
1430,1464320,71.01333,122.0,1.0,0.6,0.892159,-0.00307,0.018105,0.002578,0.224234,0.030518,0.927605,29.972364,21.630562,30.362722,22.880302,4.0,0.00015367,2,835,0.21352,0.37179,0.34,0.0,100,0.0,0.33333,,,-0.01,0.00749,0.04546,-0.01615,0.00166,-0.00392,0.23279
1431,1465344,32.15982,337.2,0.4,0.59,1.062612,-0.002036,0.019748,0.001562,0.21367,0.012347,0.906819,33.198505,21.251589,34.214321,21.997355,4.0,0.00015357,5,767,0.18061,0.31493,0.36,0.0,100,0.0,0.10789,,,-0.01,0.00817,0.03837,-0.01602,0.00237,-0.01017,0.18539
1432,1466368,57.55544,186.6,0.8,0.6,0.892253,-0.002337,0.032264,0.002277,0.222913,0.020822,0.81802,29.385376,19.910666,28.778364,20.010185,4.0,0.00015347,5,821,0.17356,0.29024,0.36,0.0,100,0.0,0.17391,,,-0.01,0.00936,0.02822,-0.01681,-0.00564,-0.02597,0.4493
1433,1467392,9.33987,251.16667,0.16667,0.59,1.177933,-0.002244,0.016243,0.002319,0.247827,0.01552,0.901737,34.516571,16.9151,33.994987,19.077978,4.0,0.00015336,6,735,0.16042,0.23506,0.34,0.0,100,0.5,0.04317,,,-0.01,0.01277,0.01843,-0.01346,0.00397,-0.01494,0.07946
1434,1468416,72.05409,119.25,1.0,0.6,1.254318,-0.002349,0.023489,0.002426,0.308935,0.022496,0.905133,35.605526,20.895382,36.89917,22.833332,4.0,0.00015326,4,743,0.17476,0.28084,0.33,0.0,100,0.0,0.19231,,,-0.01,0.00955,0.03505,-0.0122,0.00496,-0.01564,0.33254
1435,1469440,46.99637,236.0,0.66667,0.6,1.195992,-0.003493,0.015129,0.003894,0.275938,0.05242,0.944619,33.526218,22.9048,33.363636,23.748455,4.0,0.00015316,3,761,0.18677,0.31652,0.33,0.0,100,0.0,0.05488,,,-0.01,0.00682,0.04099,-0.01389,0.00225,-0.01932,0.17198
1436,1470464,45.6585,331.4,0.6,0.61,1.063955,-0.003923,0.037374,0.003591,0.285157,0.043597,0.829254,32.980129,21.059826,33.865314,21.29912,4.0,0.00015306,5,773,0.19415,0.30681,0.32,0.0,100,0.0,0.04516,,,-0.01,0.00957,0.0342,-0.01646,0.00261,-0.01125,0.26908
1437,1471488,52.8029,184.75,0.75,0.6,1.094325,-0.003292,0.025778,0.002562,0.397395,0.023856,0.866015,36.775757,18.419857,39.797546,20.106079,4.0,0.00015295,8,748,0.17405,0.27341,0.32,0.0,100,0.25,0.14419,,,-0.01,0.01188,0.02783,-0.01302,0.00475,-0.007,0.52692
1438,1472512,72.25151,108.33333,1.0,0.61,1.156659,-0.002875,0.013461,0.002364,0.387235,0.021659,0.894533,46.5219,14.910426,49.599903,15.694413,4.0,0.00015285,6,714,0.16526,0.23202,0.31,0.0,100,0.0,0.32895,,,-0.01,0.01493,0.01908,-0.01317,0.00935,-0.00599,0.48852
1439,1473536,49.45514,166.0,0.66667,0.61,1.0339,-0.002536,0.018768,0.002301,0.240591,0.024972,0.876746,47.860401,16.244959,47.967552,18.254536,4.0,0.00015275,6,741,0.18208,0.28136,0.3,0.0,100,0.16667,0.12366,,,-0.01,0.01437,0.02996,-0.01327,0.00287,-0.00977,0.3582
1440,1474560,71.8714,119.25,1.0,0.64,0.888389,-0.002433,0.032145,0.002361,0.267602,0.023368,0.799902,41.167316,18.584637,40.395836,18.764402,4.0,0.00015265,4,811,0.2073,0.36949,0.27,0.0,100,0.0,0.25,,,-0.01,0.0099,0.0514,-0.01577,-0.00049,-0.01693,0.41962
1441,1475584,29.1966,334.66667,0.33333,0.64,0.98294,-0.003435,0.004637,0.001427,0.245631,0.010707,0.968563,38.863892,16.936106,38.977165,17.938534,4.0,0.00015254,3,784,0.20685,0.33294,0.27,0.0,100,0.33333,0.06536,,,-0.01,0.00847,0.03841,-0.01578,0.00483,-0.01795,0.09798
1442,1476608,40.42091,290.0,0.5,0.62,0.964825,-0.004721,0.014923,0.003312,0.272851,0.041469,0.885262,40.507965,16.732843,40.32571,17.194304,4.0,0.00015244,6,770,0.19248,0.29891,0.29,0.0,100,0.16667,0.03074,,,-0.01,0.0124,0.02809,-0.0152,-0.00107,-0.00945,0.29523
1443,1477632,54.93955,215.0,0.8,0.63,0.89421,-0.002037,0.020731,0.00112,0.207909,0.009801,0.842954,44.888645,15.997223,45.536449,16.673086,4.0,0.00015234,5,787,0.20382,0.29424,0.28,0.0,100,0.0,0.55618,,,-0.01,0.01343,0.02925,-0.0164,0.00268,-0.00476,0.42211
1444,1478656,72.28536,115.2,1.0,0.65,1.002657,-0.002953,0.006439,0.002627,0.315572,0.027658,0.950093,46.48856,15.316444,48.027561,16.900118,4.0,0.00015224,5,770,0.17865,0.26203,0.26,0.0,100,0.0,0.25373,,,-0.01,0.01315,0.02726,-0.01178,0.00853,-0.00631,0.48794
1445,1479680,61.2801,172.6,0.8,0.66,0.910313,-0.003494,0.009435,0.002676,0.27359,0.023507,0.941205,46.434029,17.269953,46.347439,18.49262,4.0,0.00015213,5,798,0.1926,0.30405,0.26,0.0,100,0.0,0.08205,,,-0.01,0.01213,0.03175,-0.01274,0.00393,-0.00546,0.43602
1446,1480704,48.52418,190.33333,0.66667,0.67,1.138142,-0.001338,0.017597,0.000945,0.235773,0.005057,0.886248,51.35569,16.11182,51.021236,17.774118,4.0,0.00015203,9,723,0.17105,0.26062,0.25,0.0,100,0.11111,0.20601,,,-0.01,0.01403,0.01814,-0.00991,0.00222,-0.00756,0.52863
1447,1481728,59.03376,132.66667,0.83333,0.7,1.165394,-0.001502,0.019183,0.001242,0.223591,0.012068,0.828988,51.73138,14.270487,52.732494,15.379082,4.0,0.00015193,6,731,0.1727,0.25379,0.23,0.0,100,0.16667,0.31579,,,-0.01,0.01383,0.01361,-0.01176,0.00374,-0.00563,0.44034
1448,1482752,61.87849,176.83333,0.83333,0.71,1.25883,-0.004279,0.013721,0.003537,0.257651,0.041085,0.813177,56.716221,11.164557,56.554913,12.212467,4.0,0.00015183,6,690,0.17266,0.25332,0.22,0.0,100,0.0,0.17672,,,-0.01,0.01314,0.01603,-0.01358,0.00314,-0.00592,0.40435
1449,1483776,70.16664,147.5,1.0,0.75,1.225933,-0.002532,0.034646,0.002933,0.235614,0.027309,0.569606,53.164066,13.056738,52.836143,13.542622,4.0,0.00015172,8,709,0.16937,0.2211,0.18,0.0,100,0.0,0.3125,,,-0.01,0.01495,0.00726,-0.01266,-0.00321,-0.00784,0.67391
1450,1484800,45.53575,145.33333,0.66667,0.75,1.133146,-0.001665,0.020052,0.003047,0.162621,0.025216,0.811575,50.886417,12.905339,50.692902,15.110319,4.0,0.00015162,6,732,0.19121,0.2623,0.17,0.0,100,0.33333,0.28736,,,-0.01,0.01543,0.00882,-0.01201,0.00367,-0.00675,0.35387
1451,1485824,70.45074,162.33333,1.0,0.78,0.991264,-0.003338,0.009954,0.003276,0.239521,0.042585,0.905548,52.93734,14.867784,52.031731,14.984449,4.0,0.00015152,3,788,0.20143,0.32027,0.16,0.0,100,0.0,0.22857,,,-0.01,0.0099,0.02696,-0.01353,-0.00121,-0.00353,0.30969
1452,1486848,67.33755,254.33333,1.0,0.79,1.113116,-0.001536,0.022897,0.001967,0.232317,0.018938,0.639738,50.17474,12.902946,51.581463,12.102274,4.0,0.00015142,6,746,0.19113,0.32001,0.15,0.0,100,0.33333,0.21327,,,-0.01,0.0116,0.02359,-0.01269,0.00163,-0.00498,0.53507
1453,1487872,59.84406,208.16667,0.83333,0.8,1.177701,-0.002369,0.009253,0.001856,0.233813,0.014404,0.829088,53.76593,10.058111,54.946476,10.54543,4.0,0.00015132,6,731,0.18989,0.28844,0.14,0.0,100,0.0,0.26582,,,-0.01,0.01214,0.01823,-0.01183,0.00249,-0.00777,0.44103
1454,1488896,70.49714,142.5,1.0,0.81,1.232753,-0.003203,0.006323,0.002162,0.237517,0.015485,0.870789,57.072868,9.619269,57.738716,10.205743,4.0,0.00015121,4,718,0.17954,0.29292,0.13,0.0,100,0.0,0.36471,,,-0.01,0.01226,0.02119,-0.01469,0.00291,-0.00465,0.33729
1455,1489920,69.29946,189.16667,1.0,0.83,1.23101,-0.003245,0.006828,0.002579,0.240936,0.026158,0.865614,57.688198,9.788376,58.581356,10.310488,4.0,0.00015111,6,723,0.17401,0.29388,0.12,0.0,100,0.0,0.25116,,,-0.01,0.00912,0.02701,-0.0167,0.0048,-0.00527,0.48789
1456,1490944,42.52905,229.0,0.6,0.81,1.165729,-0.001546,0.01594,0.0019,0.220385,0.01559,0.756687,56.410793,9.542994,55.226723,11.972132,4.0,0.00015101,5,745,0.17341,0.29537,0.13,0.0,100,0.2,0.10989,,,-0.01,0.012,0.01657,-0.01285,-0.00184,-0.00715,0.26491
1457,1491968,53.95907,215.0,0.75,0.81,1.226391,-0.002583,0.005175,0.002751,0.24115,0.016323,0.915418,57.434177,10.504614,57.628674,11.352528,4.0,0.00015091,4,732,0.17326,0.2724,0.13,0.0,100,0.0,0.15723,,,-0.01,0.01132,0.02069,-0.01485,0.00319,-0.00515,0.25829
1458,1492992,69.23996,183.75,1.0,0.83,1.228343,-0.002332,0.013995,0.003185,0.267855,0.035052,0.444071,58.537136,8.92641,60.033337,7.663328,4.0,0.0001508,8,710,0.17417,0.2641,0.12,0.0,100,0.0,0.25871,,,-0.01,0.01497,0.0079,-0.01307,0.00106,-0.00625,0.66702
1459,1494016,71.11737,145.0,1.0,0.84,1.171751,-0.002379,0.004904,0.002825,0.245948,0.02403,0.858586,61.701771,7.955508,61.744057,8.298233,4.0,0.0001507,5,741,0.17641,0.29657,0.11,0.0,100,0.0,0.23585,,,-0.01,0.01262,0.01585,-0.01365,-2e-05,-0.0053,0.45243
1460,1495040,68.03596,213.0,1.0,0.87,1.151207,-0.003008,0.005598,0.003041,0.231611,0.024763,0.863626,61.394676,8.892551,61.162842,9.094261,4.0,0.0001506,5,751,0.18151,0.30504,0.08,0.0,100,0.0,0.28387,,,-0.01,0.01269,0.02425,-0.0144,-0.00113,-0.0044,0.45292
1461,1496064,54.90443,203.2,0.8,0.87,1.033721,-0.001238,0.01724,0.002765,0.188806,0.022391,0.680009,58.99667,7.877513,57.989979,10.443233,4.0,0.0001505,5,776,0.17387,0.27948,0.07,0.0,100,0.2,0.15541,,,-0.01,0.01474,0.01061,-0.01463,0.00059,-0.00599,0.39576
1462,1497088,70.70099,149.16667,1.0,0.87,1.088755,-0.002371,0.003823,0.002122,0.238613,0.017578,0.865297,59.833866,7.11174,60.350586,7.51076,4.0,0.00015039,6,756,0.17323,0.28989,0.07,0.0,100,0.0,0.27737,,,-0.01,0.0127,0.01909,-0.01484,0.00451,-0.00631,0.57705
1463,1498112,59.18053,183.0,0.83333,0.9,1.187069,-0.002581,0.003671,0.002268,0.220156,0.025181,0.834609,61.380169,6.625122,61.85667,6.886502,4.0,0.00015029,6,736,0.15999,0.25216,0.05,0.0,100,0.0,0.19266,,,-0.01,0.01491,0.00979,-0.01386,0.00488,-0.00775,0.44874
1464,1499136,60.91307,163.42857,0.85714,0.9,1.217804,-0.002922,0.002453,0.002563,0.262164,0.01716,0.919772,63.01165,7.621498,63.496403,8.042372,4.0,0.00015019,7,717,0.16647,0.27166,0.06,0.0,100,0.0,0.38947,,,-0.01,0.01416,0.01507,-0.01274,0.00417,-0.00902,0.51147
1465,1500160,71.656,117.875,1.0,0.91,1.197025,-0.004033,0.002743,0.002992,0.276219,0.03139,0.918156,63.753998,8.057356,64.198891,8.410875,4.0,0.00015009,8,714,0.17282,0.28714,0.05,0.0,100,0.0,0.27826,,,-0.01,0.01475,0.0206,-0.01293,0.00458,-0.00867,0.67482
1466,1501184,70.74619,177.625,1.0,0.91,1.318366,-0.003015,0.005281,0.00369,0.261297,0.033901,0.776746,64.588272,7.578074,64.962364,7.060966,4.0,0.00014998,8,689,0.16267,0.26075,0.05,0.0,100,0.0,0.18561,,,-0.01,0.01539,0.01193,-0.01221,0.00406,-0.00764,0.61749
1467,1502208,72.04883,113.0,1.0,0.93,1.079446,-0.0029,0.004382,0.003199,0.274901,0.031669,0.83918,63.420509,7.205434,63.061348,7.422043,4.0,0.00014988,7,747,0.15941,0.26631,0.05,0.0,100,0.0,0.2125,,,-0.01,0.01759,0.01116,-0.01137,0.00322,-0.00841,0.66769
1468,1503232,71.59051,101.66667,1.0,0.93,0.908155,-0.002645,0.001764,0.001226,0.25778,0.008022,0.940292,61.313381,7.450417,60.747589,7.898689,4.0,0.00014978,3,815,0.16375,0.27186,0.05,0.0,100,0.0,0.33333,,,-0.01,0.0108,0.01549,-0.01338,0.00279,-0.00546,0.34346
1469,1504256,46.60369,223.66667,0.66667,0.92,0.778604,-0.003103,0.002727,0.002368,0.243656,0.028843,0.921241,59.187702,7.845994,58.433464,8.314088,4.0,0.00014968,3,873,0.17812,0.31897,0.06,0.0,100,0.0,0.3913,,,-0.01,0.01013,0.02472,-0.01682,-0.00015,-0.00953,0.26534
1470,1505280,27.70313,369.0,0.4,0.89,0.977349,-0.003516,0.003178,0.002948,0.269902,0.031355,0.902723,60.019096,7.633436,59.323101,8.004665,4.0,0.00014957,5,795,0.17575,0.28699,0.09,0.0,100,0.0,0.13546,,,-0.01,0.01264,0.02013,-0.01486,0.00326,-0.00746,0.20424
1471,1506304,53.63496,202.75,0.75,0.89,0.978545,-0.001924,0.003171,0.001771,0.216537,0.016462,0.917323,59.205986,8.229255,58.843311,9.113564,4.0,0.00014947,4,796,0.198,0.33326,0.09,0.0,100,0.0,0.19767,,,-0.01,0.01097,0.03614,-0.01599,0.00255,-0.01298,0.31884
1472,1507328,35.28001,293.5,0.5,0.88,0.863551,-0.002222,0.004414,0.002273,0.274736,0.026402,0.920089,57.499756,9.610575,56.366859,10.45579,4.0,0.00014937,2,832,0.19441,0.35212,0.1,0.0,100,0.0,0.11864,,,-0.01,0.00955,0.04216,-0.01639,-0.0027,-0.01487,0.11741
1473,1508352,43.79704,295.8,0.6,0.86,0.929696,-0.003046,0.003841,0.001945,0.25986,0.019008,0.932573,56.703972,9.998882,56.391918,10.73561,4.0,0.00014927,5,794,0.19038,0.32389,0.12,0.0,100,0.0,0.06319,,,-0.01,0.01255,0.0316,-0.01614,0.00511,-0.01417,0.32553
1474,1509376,71.03006,163.0,1.0,0.86,1.074396,-0.002902,0.004154,0.001826,0.259205,0.020333,0.914247,56.612186,9.316192,55.778278,9.888151,4.0,0.00014916,2,774,0.17958,0.28352,0.12,0.0,100,0.0,0.23214,,,-0.01,0.01321,0.02098,-0.01105,0.00496,-0.00801,0.20081
1475,1510400,41.16165,292.14286,0.57143,0.85,1.27682,-0.002917,0.008024,0.003717,0.278488,0.043318,0.800273,57.711102,9.149784,57.377972,9.446833,4.0,0.00014906,7,720,0.15735,0.24573,0.14,0.0,100,0.0,0.16287,,,-0.01,0.01125,0.01614,-0.016,0.00259,-0.00667,0.32625
1476,1511424,59.91538,117.85714,0.85714,0.85,1.303755,-0.00187,0.014178,0.002131,0.180087,0.016811,0.744072,58.669331,8.957915,58.906651,10.780909,4.0,0.00014896,7,716,0.16769,0.26916,0.13,0.0,100,0.28571,0.26582,,,-0.01,0.01131,0.0254,-0.0131,0.00478,-0.00889,0.49351
1477,1512448,63.34114,168.25,0.875,0.84,1.373246,-0.002972,0.004814,0.003728,0.25969,0.034284,0.886144,58.940319,9.155405,59.632271,9.801195,4.0,0.00014886,8,698,0.17113,0.25541,0.14,0.0,100,0.0,0.16872,,,-0.01,0.01424,0.02312,-0.01375,0.00293,-0.00901,0.56273
1478,1513472,61.59479,176.5,0.83333,0.83,1.330264,-0.0026,0.003112,0.001878,0.256182,0.015555,0.922285,60.166443,8.715541,60.42868,9.149968,4.0,0.00014876,6,693,0.16747,0.22857,0.15,0.0,100,0.0,0.09589,,,-0.01,0.01166,0.01754,-0.0166,0.00389,-0.00561,0.39938
1479,1514496,58.17154,125.66667,0.83333,0.83,1.133669,-0.001156,0.018803,0.001456,0.228255,0.010672,0.731737,58.663727,9.588225,57.346615,12.102757,4.0,0.00014865,6,732,0.17501,0.24328,0.15,0.0,100,0.16667,0.32353,,,-0.01,0.01444,0.01801,-0.01436,-0.00129,-0.0082,0.45722
1480,1515520,50.26153,178.57143,0.71429,0.81,1.214859,-0.001764,0.019339,0.002766,0.20993,0.02424,0.768673,56.298336,11.210362,55.610298,13.349583,4.0,0.00014855,7,732,0.17245,0.22726,0.16,0.0,100,0.14286,0.25701,,,-0.01,0.01149,0.01381,-0.01922,0.00116,-0.00917,0.43801
1481,1516544,56.64124,179.33333,0.83333,0.81,1.369229,-0.002325,0.012383,0.003771,0.195374,0.048793,0.817047,58.280087,10.461929,58.532787,11.965637,4.0,0.00014845,6,705,0.1741,0.21364,0.15,0.0,100,0.33333,0.25,,,-0.01,0.01655,0.01103,-0.01244,0.00491,-0.00532,0.40313
1482,1517568,71.51344,140.66667,1.0,0.82,1.330927,-0.002279,0.004992,0.001294,0.217018,0.008545,0.873566,59.991615,9.146044,60.775002,9.534944,4.0,0.00014835,6,710,0.1777,0.23108,0.14,0.0,100,0.0,0.25253,,,-0.01,0.01464,0.0199,-0.01487,0.00475,-0.00397,0.50167
1483,1518592,71.21636,181.25,1.0,0.82,1.344492,-0.002386,0.005531,0.002316,0.228073,0.027065,0.851653,61.170616,9.487024,61.602356,9.06102,4.0,0.00014824,8,708,0.17574,0.23531,0.14,0.0,100,0.0,0.11066,,,-0.01,0.01165,0.0224,-0.01788,0.00353,-0.0046,0.64455
1484,1519616,70.12483,138.2,1.0,0.82,1.278532,-0.001893,0.007514,0.001367,0.219682,0.010045,0.786831,61.085579,7.62389,60.85025,8.389298,4.0,0.00014814,5,727,0.17709,0.22862,0.14,0.0,100,0.0,0.32353,,,-0.01,0.01467,0.01171,-0.01372,0.00171,-0.00821,0.43878
1485,1520640,69.95783,175.75,1.0,0.82,1.179217,-0.001855,0.00644,0.003374,0.188177,0.042201,0.875708,59.536194,10.799783,59.521793,10.602465,4.0,0.00014804,4,762,0.17352,0.26305,0.14,0.0,100,0.0,0.21053,,,-0.01,0.01058,0.01852,-0.01381,0.00494,-0.00486,0.37089
1486,1521664,54.25255,254.5,0.83333,0.81,1.282146,-0.00218,0.017714,0.00225,0.241189,0.019008,0.743316,57.648365,10.217346,56.780697,12.149812,4.0,0.00014794,6,739,0.17366,0.25412,0.14,0.0,100,0.16667,0.17553,,,-0.01,0.01404,0.01176,-0.01243,0.00048,-0.00638,0.41339
1487,1522688,69.76199,168.66667,1.0,0.81,1.386658,-0.002644,0.011834,0.004331,0.26736,0.035819,0.732623,59.800316,9.158208,58.60273,9.616543,4.0,0.00014783,3,720,0.17862,0.22446,0.14,0.0,100,0.0,0.34694,,,-0.01,0.01411,0.00857,-0.01264,0.00109,-0.00752,0.24786
1488,1523712,44.18388,170.66667,0.66667,0.81,1.124646,-0.001413,0.016594,0.000966,0.220781,0.00722,0.727497,57.779903,9.067426,56.574978,11.041167,4.0,0.00014773,3,795,0.19509,0.30947,0.13,0.0,100,0.33333,0.60606,,,-0.01,0.01125,0.0248,-0.01583,4e-05,-0.00635,0.19576
1489,1524736,53.46906,309.5,0.83333,0.83,1.287716,-0.001932,0.011868,0.002589,0.226776,0.026123,0.757945,54.591953,7.763563,53.289616,10.129302,4.0,0.00014763,6,744,0.18786,0.26279,0.1,0.0,100,0.16667,0.16835,,,-0.01,0.01361,0.01181,-0.01264,-0.00015,-0.0086,0.40258
1490,1525760,68.70642,196.2,1.0,0.85,1.37372,-0.002666,0.012707,0.003226,0.256145,0.025984,0.726446,51.870605,9.419973,52.518185,10.173672,4.0,0.00014753,5,719,0.19065,0.26095,0.08,0.0,100,0.0,0.39362,,,-0.01,0.01532,0.01124,-0.01012,0.00342,-0.00585,0.41733
1491,1526784,33.47576,184.5,0.5,0.85,1.408852,-0.002993,0.015509,0.003374,0.239988,0.041364,0.743823,55.452019,9.163517,54.271599,11.331527,4.0,0.00014742,2,726,0.18982,0.26955,0.07,0.0,100,0.5,0.51613,,,-0.01,0.01164,0.01846,-0.01156,0.00099,-0.00706,0.08048
1492,1527808,67.01364,261.25,1.0,0.86,1.279786,-0.002847,0.00779,0.002377,0.228143,0.023577,0.869442,53.882904,10.731073,54.124763,10.971752,4.0,0.00014732,4,744,0.20666,0.29939,0.06,0.0,100,0.0,0.30178,,,-0.01,0.01159,0.02502,-0.01205,0.00207,-0.00406,0.33239
1493,1528832,69.30095,287.5,1.0,0.87,1.176299,-0.002505,0.007521,0.002129,0.209192,0.020333,0.858145,53.159084,10.009493,53.396542,10.39463,4.0,0.00014722,4,777,0.22657,0.31119,0.05,0.0,100,0.0,0.1323,,,-0.01,0.01326,0.02146,-0.01106,0.00053,-0.00435,0.36435
1494,1529856,3.36141,450.0,0.0,0.87,1.016436,-0.002736,0.003975,0.002554,0.25052,0.032471,0.920935,55.761787,9.698378,55.668743,10.205262,4.0,0.00014712,2,813,0.19284,0.30042,0.05,0.0,100,0.0,0.17188,,,-0.01,0.01176,0.02632,-0.01067,-0.00051,-0.00292,0.0
1495,1530880,68.72157,201.33333,1.0,0.87,1.032798,-0.002253,0.005191,0.001575,0.249293,0.012905,0.890808,56.496922,9.70994,57.327141,9.99947,4.0,0.00014701,3,811,0.19527,0.2985,0.05,0.0,100,0.0,0.37736,,,-0.01,0.01337,0.03125,-0.01213,0.00482,-0.00708,0.30451
1496,1531904,47.4721,331.0,0.66667,0.86,1.276087,-0.003131,0.006755,0.002122,0.235787,0.018555,0.849029,55.062176,8.857258,54.775871,9.364124,4.0,0.00014691,6,725,0.20246,0.26439,0.07,0.0,100,0.0,0.10876,,,-0.01,0.015,0.01365,-0.01204,-0.00157,-0.00743,0.32593
1497,1532928,33.6557,185.5,0.5,0.85,0.808224,-0.000915,0.018406,0.000938,0.187963,0.003209,0.793252,55.866386,11.412684,54.865093,13.621392,4.0,0.00014681,2,836,0.21675,0.36842,0.07,0.0,100,0.5,0.33333,,,-0.01,0.01015,0.04992,-0.01678,0.00049,-0.00307,0.12184
1498,1533952,56.00659,296.8,0.8,0.85,1.059452,-0.003337,0.005686,0.003071,0.234505,0.040458,0.911461,55.775818,11.155819,56.464298,11.496195,4.0,0.00014671,5,786,0.20103,0.33518,0.07,0.0,100,0.0,0.16105,,,-0.01,0.00893,0.03999,-0.01619,0.00273,-0.00396,0.38358
1499,1534976,31.72116,344.0,0.33333,0.83,1.242277,-0.003178,0.005298,0.00292,0.261221,0.02403,0.916944,54.982582,10.37914,54.919563,11.363149,4.0,0.0001466,3,747,0.18366,0.26465,0.09,0.0,100,0.0,0.12795,,,-0.01,0.01276,0.02346,-0.01168,0.00203,-0.00253,0.08905
1500,1536000,39.60718,173.2,0.6,0.82,1.305889,-0.001694,0.022035,0.001805,0.163861,0.00994,0.710295,56.080929,10.673491,55.879204,12.749447,4.0,0.0001465,5,728,0.17142,0.26326,0.08,0.0,100,0.4,0.52083,,,-0.01,0.01324,0.02388,-0.01146,0.00217,-0.00875,0.23866
1501,1537024,38.18606,254.16667,0.5,0.81,1.313675,-0.002171,0.017408,0.001943,0.204256,0.014893,0.742903,55.582912,9.918412,54.492188,12.078433,4.0,0.0001464,6,717,0.17248,0.2676,0.1,0.0,100,0.16667,0.1453,,,-0.01,0.01229,0.01989,-0.01382,-3e-05,-0.01093,0.24178
1502,1538048,56.66851,126.6,0.8,0.81,1.246327,-0.002269,0.016653,0.002638,0.228992,0.029192,0.781468,52.634499,10.514561,52.79126,12.852109,4.0,0.0001463,5,726,0.16593,0.24245,0.09,0.0,100,0.2,0.37736,,,-0.01,0.01428,0.01699,-0.0139,0.00559,-0.01095,0.33729
1503,1539072,56.03646,222.2,0.8,0.81,1.023808,-0.00218,0.016436,0.00233,0.216217,0.019775,0.847104,52.622944,13.738015,52.50079,14.698956,4.0,0.0001462,5,780,0.19641,0.32333,0.1,0.0,100,0.0,0.16532,,,-0.01,0.0105,0.03674,-0.01472,0.00094,-0.00784,0.39423
1504,1540096,56.34982,200.0,0.75,0.8,0.965108,-0.00376,0.006155,0.002765,0.266835,0.029192,0.952299,49.004631,15.214776,49.403904,16.271164,4.0,0.00014609,4,806,0.18727,0.28681,0.11,0.0,100,0.0,0.15029,,,-0.01,0.01142,0.0296,-0.01307,0.00566,-0.00608,0.32853
1505,1541120,43.89137,225.0,0.6,0.78,0.805174,-0.001388,0.016811,0.000883,0.218732,0.003941,0.882566,49.046963,15.683734,48.836254,17.086756,4.0,0.00014599,5,859,0.20083,0.32927,0.12,0.0,100,0.2,0.0913,,,-0.01,0.00988,0.0393,-0.01428,0.00096,-0.00586,0.37712
1506,1542144,22.8701,344.0,0.33333,0.76,1.169975,-0.003995,0.008703,0.003189,0.263802,0.035714,0.860094,55.91164,10.449557,55.73661,11.175755,4.0,0.00014589,3,762,0.18718,0.27506,0.14,0.0,100,0.0,0.47222,,,-0.01,0.0122,0.02335,-0.01564,0.00229,-0.0034,0.09454
1507,1543168,59.28877,226.2,0.8,0.75,1.084894,-0.002278,0.011807,0.002621,0.23158,0.02403,0.860976,51.882755,13.007195,51.58387,13.15348,4.0,0.00014579,5,783,0.19197,0.26516,0.15,0.0,100,0.0,0.12214,,,-0.01,0.01321,0.0116,-0.0157,0.00065,-0.00342,0.40826
1508,1544192,67.54528,204.25,1.0,0.75,0.880626,-0.001796,0.01495,0.001294,0.209975,0.009382,0.830752,50.580009,13.607066,51.462456,13.489146,4.0,0.00014568,4,858,0.2049,0.30339,0.15,0.0,100,0.0,0.31884,,,-0.01,0.01143,0.02191,-0.0196,0.00186,-0.00438,0.49007
1509,1545216,35.04212,327.0,0.5,0.73,1.071714,-0.003081,0.007669,0.002806,0.209715,0.027693,0.895088,53.412884,11.658611,53.565205,12.329665,4.0,0.00014558,4,791,0.1918,0.27295,0.17,0.0,100,0.0,0.25731,,,-0.01,0.01313,0.02077,-0.01633,0.0021,-0.00412,0.1968
1510,1546240,69.64039,155.0,1.0,0.73,1.169827,-0.003271,0.008074,0.003647,0.248874,0.041922,0.88938,56.145378,12.546453,56.863091,13.007349,4.0,0.00014548,4,764,0.19302,0.30214,0.17,0.0,100,0.0,0.26415,,,-0.01,0.01055,0.02848,-0.01521,0.00647,-0.00693,0.35945
1511,1547264,59.2622,193.4,0.8,0.73,1.230414,-0.002805,0.006997,0.002655,0.226223,0.028878,0.896742,56.102268,11.834309,56.501595,12.26369,4.0,0.00014538,5,737,0.19215,0.27222,0.18,0.0,100,0.0,0.14208,,,-0.01,0.01154,0.01916,-0.01286,0.00265,-0.00803,0.34427
1512,1548288,23.1796,301.5,0.33333,0.71,1.095551,-0.00128,0.015395,0.001105,0.187463,0.006975,0.798189,56.769985,10.624,55.73753,13.250444,4.0,0.00014527,6,767,0.1998,0.26916,0.21,0.0,100,0.16667,0.33333,,,-0.01,0.01201,0.01883,-0.01417,0.00243,-0.00902,0.19384
1513,1549312,32.97802,155.5,0.5,0.7,1.021605,-0.002091,0.016799,0.00197,0.270761,0.010533,0.871647,53.317924,14.63016,51.573025,16.509483,4.0,0.00014517,2,799,0.21598,0.31987,0.21,0.0,100,0.5,0.42308,,,-0.01,0.0126,0.02656,-0.01589,-0.00402,-0.0043,0.10311
1514,1550336,3.65689,326.5,0.0,0.66,0.901474,-0.001075,0.017954,0.000953,0.246399,0.003906,0.891009,53.086056,16.051117,51.173393,18.693375,4.0,0.00014507,4,838,0.2165,0.35167,0.23,0.0,100,0.5,0.08681,,,-0.01,0.00885,0.03417,-0.01555,-0.00013,-0.00401,-0.00664
1515,1551360,-3.93518,311.0,0.0,0.64,1.028151,-0.002721,0.008976,0.001811,0.231016,0.01409,0.946868,51.841644,17.176418,50.819775,18.975224,4.0,0.00014497,2,804,0.20343,0.32472,0.24,0.0,100,0.5,0.4902,,,-0.01,0.01055,0.02917,-0.01411,0.00178,-0.00311,-0.00296
1516,1552384,11.47681,450.0,0.0,0.63,1.020659,-0.002267,0.005174,0.002354,0.237052,0.025739,0.973639,54.401752,20.415443,53.612103,21.260269,4.0,0.00014486,1,820,0.20703,0.36481,0.25,0.0,100,0.0,0.04651,,,-0.01,0.00728,0.03849,-0.015,0.00072,-0.00702,0.0
1517,1553408,27.92055,349.0,0.33333,0.62,1.121245,-0.004204,0.004745,0.003215,0.268588,0.04119,0.971645,53.230068,18.989689,53.432137,19.114279,4.0,0.00014476,3,797,0.20656,0.34098,0.27,0.0,100,0.0,0.15267,,,-0.01,0.00842,0.03624,-0.01588,0.00289,-0.01583,0.09518
1518,1554432,29.47935,342.8,0.4,0.59,1.22185,-0.003205,0.012402,0.002093,0.230011,0.023786,0.896232,53.672016,14.993967,53.539303,15.474655,4.0,0.00014466,5,753,0.20153,0.29677,0.3,0.0,100,0.0,0.18204,,,-0.01,0.00923,0.02513,-0.01483,0.00156,-0.01446,0.17312
1519,1555456,15.91466,314.75,0.25,0.58,1.191485,-0.003076,0.010749,0.002778,0.284869,0.038225,0.93891,50.850742,17.186251,49.979588,19.117491,4.0,0.00014456,4,762,0.18892,0.28042,0.3,0.0,100,0.25,0.2514,,,-0.01,0.01214,0.02085,-0.0144,0.00094,-0.00695,0.08816
1520,1556480,66.6772,190.0,1.0,0.58,1.016533,-0.00292,0.016788,0.001918,0.244198,0.015381,0.928139,51.303394,21.119717,50.928555,22.092779,4.0,0.00014445,2,807,0.21845,0.36574,0.3,0.0,100,0.0,0.51429,,,-0.01,0.0079,0.04145,-0.01563,0.00011,-0.00912,0.20003
1521,1557504,5.53265,450.0,0.0,0.56,0.907988,-0.003731,0.005577,0.001895,0.24313,0.021659,0.977631,47.913383,22.441223,47.922947,22.524752,4.0,0.00014435,3,850,0.22958,0.40105,0.32,0.0,100,0.0,0.11509,,,-0.01,0.00697,0.05204,-0.01633,0.00117,-0.00887,0.0
1522,1558528,38.03777,314.5,0.5,0.56,1.015762,-0.004288,0.007124,0.003031,0.247358,0.035191,0.955542,48.243256,17.882376,48.562946,18.088396,4.0,0.00014425,2,823,0.23214,0.35204,0.32,0.0,100,0.0,0.15789,,,-0.01,0.01164,0.0314,-0.0157,0.0022,-0.00337,0.10954
1523,1559552,20.858,379.0,0.25,0.54,1.200774,-0.003392,0.00954,0.002126,0.236469,0.023961,0.930073,48.931816,16.334087,48.637989,16.568754,4.0,0.00014415,4,767,0.22524,0.31443,0.35,0.0,100,0.0,0.11789,,,-0.01,0.01602,0.01487,-0.01259,-0.00143,-0.00936,0.09629
1524,1560576,55.41606,293.4,0.8,0.55,1.179453,-0.002601,0.02206,0.002443,0.249247,0.019671,0.822877,47.291039,17.001902,48.193966,16.351244,4.0,0.00014404,5,774,0.21581,0.31047,0.34,0.0,100,0.0,0.16078,,,-0.01,0.01258,0.0165,-0.01403,0.00139,-0.00673,0.37034
1525,1561600,69.38797,252.5,1.0,0.56,1.22024,-0.002974,0.008754,0.00216,0.225165,0.015555,0.919946,50.238155,14.68225,50.183281,14.896628,4.0,0.00014394,2,766,0.1984,0.30067,0.33,0.0,100,0.0,0.2,,,-0.01,0.01347,0.01489,-0.00973,0.00401,-0.00541,0.1747
1526,1562624,47.25983,295.75,0.75,0.57,1.320861,-0.002909,0.008874,0.003169,0.254327,0.03554,0.890254,50.851727,13.739015,52.013805,13.52005,4.0,0.00014384,4,746,0.18269,0.28055,0.34,0.0,100,0.0,0.60952,,,-0.01,0.01356,0.01506,-0.01452,0.00303,-0.00795,0.24205
1527,1563648,54.79515,235.5,0.75,0.58,1.285935,-0.003282,0.008536,0.003046,0.289161,0.031006,0.909706,53.230019,13.728625,53.690186,14.085372,4.0,0.00014374,4,740,0.19259,0.32178,0.34,0.0,100,0.0,0.05369,,,-0.01,0.01156,0.02847,-0.01199,0.00279,-0.0135,0.24833
1528,1564672,55.21002,298.4,0.8,0.59,1.07078,-0.003051,0.011534,0.00309,0.251516,0.035575,0.890844,53.030342,14.496847,53.181553,14.618749,4.0,0.00014364,5,788,0.21733,0.37012,0.34,0.0,100,0.0,0.15663,,,-0.01,0.00988,0.03945,-0.01494,-0.00021,-0.01511,0.37212
1529,1565696,41.40172,251.6,0.6,0.57,1.313291,-0.002037,0.009744,0.002984,0.220369,0.043073,0.886647,52.129692,12.628643,52.406647,12.967748,4.0,0.00014353,5,736,0.22267,0.31526,0.35,0.0,100,0.2,0.10317,,,-0.01,0.01405,0.0138,-0.01349,-3e-05,-0.00804,0.24894
1530,1566720,50.24339,175.0,0.75,0.57,1.146085,-0.001111,0.016492,0.001874,0.157726,0.015137,0.812409,51.562344,12.11702,51.327602,13.698263,4.0,0.00014343,4,768,0.24522,0.34733,0.34,0.0,100,0.25,0.40625,,,-0.01,0.01467,0.01603,-0.01535,0.0001,-0.00633,0.28517
1531,1567744,70.34753,187.75,1.0,0.58,1.399519,-0.003857,0.007417,0.003547,0.275187,0.032052,0.883408,53.466503,11.212014,54.228817,11.362163,4.0,0.00014333,4,726,0.21806,0.31599,0.33,0.0,100,0.0,0.16814,,,-0.01,0.01419,0.01542,-0.01327,0.0049,-0.00873,0.32079
1532,1568768,44.60714,213.33333,0.66667,0.6,1.299785,-0.002271,0.014878,0.002759,0.18999,0.028669,0.835224,53.801643,12.206581,53.909763,13.718284,4.0,0.00014323,6,738,0.22075,0.33011,0.31,0.0,100,0.16667,0.21212,,,-0.01,0.01301,0.02403,-0.01168,0.00275,-0.01182,0.32891
1533,1569792,59.68355,210.66667,0.83333,0.6,1.427241,-0.003541,0.008461,0.003119,0.280652,0.034703,0.863431,56.351143,10.672399,57.461407,10.896027,4.0,0.00014312,6,704,0.22322,0.32157,0.31,0.0,100,0.0,0.10698,,,-0.01,0.01622,0.01899,-0.01308,0.00437,-0.01032,0.38417
1534,1570816,70.7877,141.0,1.0,0.6,1.264869,-0.002041,0.009007,0.003805,0.231555,0.041922,0.827782,56.320873,11.412607,57.192204,11.056973,4.0,0.00014302,3,744,0.19536,0.31396,0.31,0.0,100,0.0,0.18182,,,-0.01,0.0111,0.02672,-0.01642,0.00414,-0.00875,0.2494
1535,1571840,69.56509,266.66667,1.0,0.62,1.288367,-0.003002,0.006353,0.001703,0.270517,0.012451,0.881288,58.5476,10.74751,59.211239,10.5178,4.0,0.00014292,6,733,0.21136,0.33818,0.29,0.0,100,0.0,0.05202,,,-0.01,0.00978,0.02974,-0.01518,0.00206,-0.00987,0.46127
1536,1572864,59.25031,125.5,0.83333,0.61,1.267487,-0.001746,0.01794,0.002067,0.213418,0.018694,0.713617,59.531559,9.861124,58.745613,11.99743,4.0,0.00014282,6,733,0.20625,0.32425,0.29,0.0,100,0.16667,0.30986,,,-0.01,0.01257,0.02562,-0.01584,0.00382,-0.01713,0.41546
1537,1573888,50.08222,213.85714,0.71429,0.63,1.388414,-0.002798,0.007448,0.003204,0.261356,0.029262,0.819467,58.71637,9.344689,59.448097,9.348612,4.0,0.00014271,7,700,0.20095,0.30917,0.27,0.0,100,0.0,0.12245,,,-0.01,0.01236,0.0169,-0.01611,0.00473,-0.01197,0.38315
1538,1574912,58.89063,170.33333,0.83333,0.67,1.351284,-0.002984,0.01098,0.003631,0.23045,0.041853,0.833437,59.125946,11.08698,58.933643,11.549612,4.0,0.00014261,6,712,0.19407,0.30157,0.27,0.0,100,0.0,0.12644,,,-0.01,0.01293,0.01507,-0.01249,0.00428,-0.01531,0.39726
1539,1575936,61.47267,139.75,0.875,0.73,1.317467,-0.00227,0.008876,0.002891,0.215219,0.02846,0.68217,61.335537,7.404724,61.844158,7.510767,4.0,0.00014251,8,710,0.23632,0.34064,0.21,0.0,100,0.125,0.20714,,,-0.01,0.01314,0.01496,-0.01528,0.00289,-0.01295,0.56995
1540,1576960,70.061,164.5,1.0,0.77,1.109027,-0.002883,0.010136,0.003142,0.219344,0.037633,0.560725,61.111118,7.605053,61.174522,7.090516,4.0,0.00014241,6,761,0.25345,0.37145,0.17,0.0,100,0.16667,0.19858,,,-0.01,0.01269,0.01891,-0.01479,0.00202,-0.00981,0.56341
1541,1577984,69.05134,204.75,1.0,0.78,1.225789,-0.003312,0.004207,0.003875,0.252286,0.040492,0.870229,60.14217,7.738023,59.881065,8.140802,4.0,0.0001423,4,741,0.24201,0.34929,0.17,0.0,100,0.0,0.13386,,,-0.01,0.01519,0.01243,-0.01261,0.00512,-0.00501,0.34678
1542,1579008,69.07324,163.5,1.0,0.83,1.361199,-0.002996,0.01015,0.004583,0.279771,0.052769,0.555796,60.33865,5.946497,59.947788,6.879759,4.0,0.0001422,6,707,0.24921,0.34462,0.12,0.0,100,0.0,0.41111,,,-0.01,0.01508,0.00877,-0.01191,0.00262,-0.00472,0.49006
1543,1580032,56.18736,172.6,0.8,0.85,1.368318,-0.001763,0.011165,0.0019,0.17486,0.016915,0.741466,58.901039,6.955679,58.213543,9.406419,4.0,0.0001421,5,724,0.26637,0.35608,0.09,0.0,100,0.2,0.22656,,,-0.01,0.01544,0.00778,-0.01302,0.0002,-0.00615,0.33375
1544,1581056,67.98696,210.66667,1.0,0.85,1.140259,-0.002291,0.004963,0.001824,0.21151,0.013742,0.812411,60.338711,7.304895,60.467274,7.425138,4.0,0.000142,6,773,0.25574,0.36847,0.09,0.0,100,0.0,0.32886,,,-0.01,0.00872,0.02151,-0.01622,0.00371,-0.00476,0.56801
1545,1582080,nan,nan,0.0,0.85,1.175588,-0.003746,0.00425,0.003358,0.23157,0.04405,0.872824,61.157299,7.553963,60.520695,8.445514,4.0,0.00014189,0,764,0.23728,0.36732,0.09,0.0,100,0.0,0.0,,,-0.01,0.0124,0.02511,-0.00991,0.00178,-0.00145,0.0
1546,1583104,37.9373,329.5,0.5,0.84,1.130802,-0.001501,0.002778,0.001498,0.247118,0.011893,0.919176,60.119595,8.233342,60.101318,8.509856,4.0,0.00014179,4,789,0.21318,0.36261,0.1,0.0,100,0.0,0.10108,,,-0.01,0.0078,0.03858,-0.01361,0.0015,-0.004,0.18618
1547,1584128,67.91832,250.75,1.0,0.86,1.277611,-0.003857,0.006501,0.003254,0.263792,0.042167,0.827986,58.453884,8.333075,57.897732,8.638113,4.0,0.00014169,4,743,0.22616,0.33149,0.08,0.0,100,0.0,0.08772,,,-0.01,0.01141,0.01188,-0.01219,0.00091,-0.00339,0.33455
1548,1585152,32.95496,330.75,0.5,0.84,1.093763,-0.00172,0.018039,0.001291,0.199011,0.013044,0.691573,57.213406,8.448324,55.896553,10.732073,4.0,0.00014159,4,779,0.23573,0.33901,0.09,0.0,100,0.25,0.21304,,,-0.01,0.01164,0.01398,-0.01168,-0.00162,-0.00454,0.18255
1549,1586176,49.15915,220.5,0.75,0.85,1.228506,-0.001857,0.016057,0.002208,0.220198,0.023751,0.719093,57.150993,8.159286,56.002129,10.602292,4.0,0.00014148,4,759,0.24813,0.36154,0.08,0.0,100,0.25,0.28099,,,-0.01,0.01178,0.01511,-0.01191,0.00178,-0.0088,0.26898
1550,1587200,17.20162,315.75,0.25,0.83,1.2029,-0.001605,0.012715,0.002392,0.217216,0.028146,0.808833,54.571796,9.53823,53.350613,11.653076,4.0,0.00014138,4,783,0.24137,0.35371,0.1,0.0,100,0.25,0.26087,,,-0.01,0.00897,0.01553,-0.01439,-0.00046,-0.00451,0.09518
1551,1588224,64.57887,265.0,1.0,0.83,1.455735,-0.003052,0.005569,0.002871,0.260116,0.03268,0.832201,54.263668,7.636579,54.212917,8.274787,4.0,0.00014128,3,707,0.25196,0.36332,0.1,0.0,100,0.33333,0.40323,,,-0.01,0.01247,0.01149,-0.01095,0.00187,-0.00359,0.23372
1552,1589248,38.20618,298.0,0.5,0.82,1.536751,-0.003062,0.002172,0.003975,0.265655,0.035226,0.948035,53.826607,8.798737,53.273712,9.395241,4.0,0.00014118,2,707,0.2754,0.37331,0.11,0.0,100,0.0,0.14035,,,-0.01,0.01172,0.01202,-0.01196,0.0028,-0.0068,0.07938
1553,1590272,49.46353,356.25,0.75,0.83,1.469119,-0.00396,0.005755,0.003157,0.25167,0.033273,0.883862,53.71228,10.006987,53.540936,10.105631,4.0,0.00014108,4,719,0.243,0.35179,0.11,0.0,100,0.0,0.14146,,,-0.01,0.0088,0.01595,-0.01324,0.00087,-0.00432,0.22083
1554,1591296,46.72575,295.33333,0.66667,0.82,1.637608,-0.00384,0.004363,0.004664,0.27077,0.060931,0.905577,52.434517,9.119974,52.092602,9.60057,4.0,0.00014097,3,693,0.26688,0.35068,0.12,0.0,100,0.0,0.17986,,,-0.01,0.01211,0.00817,-0.01039,0.00091,-0.00562,0.14639
1555,1592320,38.23286,331.6,0.6,0.81,1.488758,-0.003793,0.011352,0.002968,0.228376,0.037423,0.752715,49.661823,10.023853,49.801216,10.068149,4.0,0.00014087,5,708,0.25814,0.33593,0.13,0.0,100,0.0,0.45455,,,-0.01,0.01228,0.00767,-0.01119,-0.00069,-0.00525,0.2384
1556,1593344,-5.44047,261.0,0.0,0.8,1.608273,-0.001545,0.009658,0.002603,0.218794,0.015939,0.768793,48.679146,7.487328,46.912815,9.252004,4.0,0.00014077,1,703,0.26594,0.31615,0.13,0.0,100,1.0,1.0,,,-0.01,0.01222,-0.00421,-0.01037,0.00088,-0.00743,-0.00231
1557,1594368,51.49533,450.0,1.0,0.8,1.600808,-0.004144,0.00294,0.00451,0.27429,0.055455,0.913805,47.468952,7.906203,46.851753,7.992785,4.0,0.00014067,1,696,0.24976,0.30939,0.13,0.0,100,0.0,0.625,,,-0.01,0.01043,-0.00331,-0.00976,0.0019,-0.00586,0.06733
1558,1595392,-7.42761,450.0,0.0,0.79,1.453813,-0.003773,0.004165,0.003459,0.253508,0.033168,0.933284,48.603493,10.846297,48.771118,11.518843,4.0,0.00014056,1,705,0.24522,0.34473,0.14,0.0,100,0.0,0.94286,,,-0.01,0.00977,0.00945,-0.0094,0.0014,-0.00276,0.0
1559,1596416,-4.19883,450.0,0.0,0.74,1.614492,-0.005069,0.001161,0.003663,0.297519,0.049735,0.980583,48.423664,10.546352,47.86097,10.878449,4.0,0.00014046,5,662,0.25641,0.32822,0.19,0.0,100,0.0,0.49379,,,-0.01,0.01021,0.00314,-0.0118,0.00021,-0.00569,0.0
1560,1597440,16.71899,410.33333,0.33333,0.72,1.529973,-0.004075,0.005108,0.004451,0.29465,0.05406,0.903569,47.16642,10.029715,47.304161,10.39962,4.0,0.00014036,3,718,0.23724,0.31849,0.21,0.0,100,0.0,0.57778,,,-0.01,0.01145,0.0067,-0.00868,0.00265,-0.00435,0.07517
1561,1598464,63.47323,294.0,1.0,0.72,1.383464,-0.00518,0.002997,0.00377,0.304366,0.03983,0.961843,50.162239,12.018687,50.613323,12.777011,4.0,0.00014026,1,750,0.2145,0.33397,0.21,0.0,100,0.0,0.7,,,-0.01,0.00921,0.0206,-0.01199,-0.00062,-0.00163,0.08021
1562,1599488,22.77296,356.5,0.33333,0.7,1.216835,-0.002128,0.011604,0.002445,0.203729,0.020508,0.89805,50.573601,13.679847,50.149342,15.384706,4.0,0.00014015,6,767,0.2136,0.32002,0.23,0.0,100,0.16667,0.15015,,,-0.01,0.00947,0.01899,-0.01577,-0.00053,-0.00447,0.1707
1563,1600512,45.76082,260.0,0.66667,0.7,1.312164,-0.003924,0.006232,0.003328,0.320007,0.043178,0.917605,49.63636,12.104905,50.874107,12.391122,4.0,0.00014005,3,753,0.18341,0.27869,0.23,0.0,100,0.0,0.35,,,-0.01,0.01304,0.01448,-0.01426,0.00405,-0.00429,0.17494
1564,1601536,54.26561,224.6,0.8,0.69,1.435861,-0.003215,0.010052,0.002824,0.302352,0.031843,0.868751,48.717186,12.745432,50.312862,13.032489,4.0,0.00013995,5,728,0.19493,0.29206,0.24,0.0,100,0.0,0.4,,,-0.01,0.01166,0.01582,-0.01266,0.00128,-0.00522,0.3301
1565,1602560,68.28991,266.25,1.0,0.71,1.344999,-0.003713,0.006171,0.002691,0.291349,0.03275,0.91212,49.913532,11.936865,51.042316,11.677508,4.0,0.00013985,4,748,0.18423,0.27104,0.23,0.0,100,0.0,0.13855,,,-0.01,0.01201,0.0105,-0.01462,0.00377,-0.00409,0.32933
1566,1603584,67.94223,196.57143,1.0,0.71,1.452471,-0.003175,0.006767,0.003788,0.327463,0.038225,0.881594,50.268887,10.659629,52.072041,10.739293,4.0,0.00013974,7,720,0.17953,0.25952,0.23,0.0,100,0.0,0.21649,,,-0.01,0.01218,0.00557,-0.01382,0.00228,-0.00476,0.55872
1567,1604608,66.57632,200.0,1.0,0.71,1.33402,-0.004374,0.003501,0.003282,0.300452,0.038086,0.923983,54.981518,9.717139,56.110756,9.449805,4.0,0.00013964,4,741,0.17441,0.25216,0.23,0.0,100,0.0,0.64815,,,-0.01,0.01017,0.00266,-0.01527,0.00317,-0.00324,0.34008
1568,1605632,58.21393,171.85714,0.85714,0.7,1.40027,-0.001843,0.017953,0.003138,0.196084,0.030762,0.71133,53.972176,10.192053,54.380619,11.69029,4.0,0.00013954,7,722,0.16921,0.24618,0.23,0.0,100,0.14286,0.40541,,,-0.01,0.01189,0.00956,-0.0124,0.00053,-0.00323,0.4869
1569,1606656,56.54305,201.16667,0.83333,0.7,1.255468,-0.001801,0.015931,0.002648,0.193813,0.028251,0.733821,55.182095,9.733974,55.119045,11.555971,4.0,0.00013944,6,752,0.17348,0.25903,0.23,0.0,100,0.16667,0.11382,,,-0.01,0.01168,0.01004,-0.0126,0.00198,-0.00547,0.43394
1570,1607680,69.1581,160.0,1.0,0.7,1.357146,-0.002548,0.005648,0.003005,0.308453,0.040702,0.866741,57.173592,9.340444,59.021626,8.704975,4.0,0.00013933,6,731,0.16247,0.25985,0.23,0.0,100,0.0,0.37681,,,-0.01,0.01249,0.01119,-0.01228,0.00598,-0.0038,0.49751
1571,1608704,69.42402,201.25,1.0,0.7,1.356346,-0.002359,0.005444,0.001379,0.256473,0.007289,0.826387,57.955379,8.529668,58.097652,8.40943,4.0,0.00013923,4,728,0.16172,0.24013,0.23,0.0,100,0.0,0.1875,,,-0.01,0.01251,0.00781,-0.01025,0.00185,-0.00394,0.32435
1572,1609728,45.39501,164.0,0.66667,0.7,1.419446,-0.000859,0.020598,0.001408,0.154954,0.004848,0.538911,58.421211,7.159732,57.816399,10.684136,4.0,0.00013913,6,711,0.14814,0.23062,0.21,0.0,100,0.33333,0.53623,,,-0.01,0.01405,0.00556,-0.00995,0.00434,-0.00226,0.31129
1573,1610752,68.63803,204.33333,1.0,0.71,1.194447,-0.001782,0.011202,0.001479,0.197266,0.006034,0.753009,56.80489,9.204819,56.42548,9.185863,4.0,0.00013903,3,764,0.17984,0.31851,0.2,0.0,100,0.0,0.36066,,,-0.01,0.00789,0.02258,-0.01286,-0.00038,-0.00424,0.26351
1574,1611776,36.59621,342.0,0.5,0.71,1.111149,-0.003836,0.0044,0.00321,0.292687,0.040911,0.91571,53.254841,9.628369,51.94561,10.232526,4.0,0.00013892,2,770,0.19051,0.30781,0.21,0.0,100,0.0,0.09302,,,-0.01,0.01111,0.01411,-0.01232,-0.00121,-0.00275,0.09313
1575,1612800,57.90538,292.28571,0.85714,0.73,1.076072,-0.00175,0.009742,0.002564,0.244495,0.027065,0.835282,49.821735,10.881016,51.075386,10.893513,4.0,0.00013882,7,792,0.17073,0.27809,0.2,0.0,100,0.14286,0.27187,,,-0.01,0.00842,0.01781,-0.01463,0.00229,-0.00555,0.58253
1576,1613824,67.90309,173.33333,1.0,0.74,1.2378,-0.002039,0.005644,0.003446,0.214806,0.035505,0.805103,54.522533,7.456393,54.543335,7.770382,4.0,0.00013872,3,756,0.15971,0.23345,0.2,0.0,100,0.0,0.26471,,,-0.01,0.0124,0.00219,-0.00923,0.00365,-0.00268,0.27503
1577,1614848,53.35347,256.0,0.8,0.75,1.198572,-0.001832,0.005516,0.001251,0.209282,0.00715,0.754491,54.353893,6.892192,54.434406,6.94577,4.0,0.00013862,5,763,0.15139,0.23247,0.19,0.0,100,0.0,0.56311,,,-0.01,0.01271,0.00259,-0.01077,0.00054,-0.00435,0.3684
1578,1615872,70.76925,166.33333,1.0,0.75,1.078722,-0.00283,0.002942,0.001735,0.246888,0.017264,0.896758,56.378689,7.011658,56.4576,7.851711,4.0,0.00013852,3,784,0.18076,0.28483,0.19,0.0,100,0.0,0.39344,,,-0.01,0.00953,0.01192,-0.01391,0.00352,-0.00172,0.3041
1579,1616896,63.8142,271.5,1.0,0.76,1.013758,-0.002203,0.003612,0.001642,0.25445,0.01552,0.900125,54.936455,8.077786,54.229527,8.407423,4.0,0.00013841,2,812,0.18208,0.29677,0.18,0.0,100,0.0,0.57647,,,-0.01,0.00901,0.02186,-0.0153,-0.00176,-0.00144,0.20255
1580,1617920,9.97523,331.33333,0.16667,0.74,1.178576,-0.000815,0.021313,0.002134,0.283681,0.014927,0.636216,54.270817,7.392215,52.009975,11.411701,4.0,0.00013831,6,773,0.17214,0.27346,0.19,0.0,100,0.33333,0.23176,,,-0.01,0.01064,0.0133,-0.01288,0.00054,-0.00417,0.08625
1581,1618944,70.11082,230.0,1.0,0.75,1.271048,-0.00312,0.005655,0.002919,0.27537,0.035121,0.85262,53.767036,7.554886,53.543182,8.214339,4.0,0.00013821,2,755,0.16748,0.26104,0.18,0.0,100,0.0,0.15476,,,-0.01,0.00898,0.01308,-0.01057,0.00342,-0.00173,0.17095
1582,1619968,53.63178,257.6,0.8,0.79,1.301876,-0.0024,0.010895,0.001967,0.247081,0.013637,0.734992,52.202446,8.094437,51.49929,9.051785,4.0,0.00013811,5,743,0.16283,0.25296,0.14,0.0,100,0.0,0.39552,,,-0.01,0.01129,0.01128,-0.01198,-0.00152,-0.00389,0.33397
1583,1620992,40.98524,228.5,0.625,0.8,1.057858,-0.001049,0.026189,0.001761,0.245745,0.014265,0.719025,46.547661,9.772596,44.996513,14.057491,4.0,0.000138,8,790,0.16793,0.26842,0.1,0.0,100,0.375,0.35185,,,-0.01,0.01185,0.00947,-0.01088,-0.00175,-0.00486,0.50116
1584,1622016,69.39629,184.66667,1.0,0.82,1.307058,-0.002681,0.010741,0.003049,0.239989,0.031913,0.636437,50.534756,7.180652,51.472496,7.842559,4.0,0.0001379,3,732,0.17564,0.23672,0.09,0.0,100,0.0,0.38596,,,-0.01,0.01306,0.00951,-0.01176,0.00222,-0.00181,0.25669
1585,1623040,50.32625,222.25,0.75,0.83,1.306268,-0.002061,0.009057,0.001747,0.195876,0.013916,0.877678,52.138645,10.609229,51.512356,12.588275,4.0,0.0001378,4,744,0.16383,0.25426,0.07,0.0,100,0.25,0.2451,,,-0.01,0.0113,0.01178,-0.01166,0.00185,-0.00282,0.2541
1586,1624064,50.42025,195.75,0.75,0.82,1.245337,-0.001282,0.011653,0.002219,0.191556,0.013811,0.849131,51.324261,10.457136,50.77689,12.375882,4.0,0.0001377,4,758,0.17149,0.26701,0.07,0.0,100,0.25,0.37931,,,-0.01,0.00976,0.01553,-0.01253,0.00037,-0.00206,0.26285
1587,1625088,66.82813,249.75,1.0,0.82,1.366913,-0.001853,0.010099,0.003226,0.196144,0.039132,0.618538,50.703583,8.448056,51.629616,7.812885,4.0,0.00013759,4,731,0.16655,0.23146,0.07,0.0,100,0.0,0.38922,,,-0.01,0.00933,0.0042,-0.01347,0.00066,-0.00303,0.31613
1588,1626112,56.24187,249.0,0.83333,0.81,1.242789,-0.002216,0.009363,0.002333,0.232869,0.029436,0.793044,52.730793,9.055153,53.690666,9.374723,4.0,0.00013749,6,750,0.17309,0.25935,0.08,0.0,100,0.0,0.452,,,-0.01,0.01118,0.01012,-0.01181,0.00249,-0.00488,0.44155
1589,1627136,65.82057,253.25,1.0,0.81,1.336412,-0.002665,0.003658,0.003144,0.257172,0.027658,0.876582,54.917881,7.653121,56.138519,7.496748,4.0,0.00013739,4,733,0.15918,0.24629,0.08,0.0,100,0.0,0.44295,,,-0.01,0.01195,0.00715,-0.01038,0.00422,-0.00267,0.32021
1590,1628160,69.63763,168.4,1.0,0.82,1.430146,-0.003675,0.003228,0.003328,0.282511,0.029471,0.879152,54.74633,6.847163,55.354683,7.122817,4.0,0.00013729,5,704,0.15968,0.23449,0.08,0.0,100,0.0,0.47541,,,-0.01,0.01332,0.00593,-0.01128,0.00192,-0.00428,0.39555
1591,1629184,68.09566,192.25,1.0,0.83,1.086025,-0.00235,0.005656,0.002358,0.239371,0.029122,0.809406,54.940796,7.674335,56.349133,7.753966,4.0,0.00013718,8,775,0.18687,0.28319,0.08,0.0,100,0.0,0.5,,,-0.01,0.01245,0.00714,-0.01487,0.00239,-0.00381,0.79513
1592,1630208,71.48152,137.42857,1.0,0.83,1.468141,-0.003744,0.003223,0.003426,0.331211,0.03969,0.896314,58.370079,7.22163,59.947502,7.292402,4.0,0.00013708,7,693,0.16227,0.24092,0.08,0.0,100,0.0,0.25243,,,-0.01,0.01432,0.00858,-0.01103,0.00562,-0.00435,0.53834
1593,1631232,59.75416,152.14286,0.85714,0.84,1.329246,-0.001767,0.018251,0.003654,0.183782,0.049805,0.569378,59.600971,6.887865,59.672913,9.501101,4.0,0.00013698,7,713,0.15678,0.24255,0.08,0.0,100,0.14286,0.39474,,,-0.01,0.01498,0.0089,-0.01157,0.00454,-0.00284,0.49055
1594,1632256,71.36827,132.875,1.0,0.85,1.37121,-0.003316,0.004515,0.002616,0.28223,0.022077,0.825976,60.300213,6.272196,61.518559,6.547174,4.0,0.00013688,8,692,0.15887,0.23545,0.07,0.0,100,0.0,0.41007,,,-0.01,0.01625,0.0091,-0.00976,0.00427,-0.00583,0.63015
1595,1633280,56.47673,136.8,0.8,0.85,1.046307,-0.001501,0.022859,0.002738,0.171547,0.029506,0.551716,61.553955,7.481511,61.328701,10.079772,4.0,0.00013677,5,748,0.17281,0.27599,0.06,0.0,100,0.4,0.43182,,,-0.01,0.01547,0.0157,-0.00947,0.00235,-0.00201,0.38443
1596,1634304,62.76925,154.5,0.875,0.85,1.272586,-0.001228,0.019505,0.000988,0.20277,0.003278,0.620563,62.055889,7.232676,61.029663,10.231917,4.0,0.00013667,8,709,0.16166,0.25826,0.05,0.0,100,0.125,0.22751,,,-0.01,0.01515,0.01506,-0.01001,0.00071,-0.00326,0.56848
1597,1635328,71.88484,132.375,1.0,0.87,1.300192,-0.002223,0.007613,0.001715,0.246192,0.009452,0.625067,61.406517,6.386699,62.141266,6.441359,4.0,0.00013657,8,705,0.15187,0.23691,0.03,0.0,100,0.0,0.28226,,,-0.01,0.01409,0.00899,-0.01213,0.00621,-0.00388,0.64639
1598,1636352,71.14313,131.0,1.0,0.9,1.2169,-0.001897,0.005994,0.001254,0.224343,0.007638,0.748689,61.595654,7.525487,62.353146,7.091881,4.0,0.00013647,6,726,0.16602,0.26419,0.02,0.0,100,0.0,0.38462,,,-0.01,0.01313,0.01533,-0.01128,0.00407,-0.00448,0.5258
1599,1637376,70.78936,155.5,1.0,0.92,1.28687,-0.002513,0.005995,0.002332,0.198457,0.024449,0.66603,62.445465,5.974569,62.519676,5.9648,4.0,0.00013636,8,707,0.16756,0.24308,0.01,0.0,100,0.0,0.31401,,,-0.01,0.01234,0.00959,-0.01138,0.00148,-0.00373,0.65557
1600,1638400,69.41189,161.0,1.0,0.94,1.27252,-0.003687,0.00403,0.003296,0.24494,0.026542,0.751054,62.645947,6.009284,63.204281,5.796383,4.0,0.00013626,6,720,0.16807,0.24054,0.01,0.0,100,0.0,0.59028,,,-0.01,0.01244,0.00953,-0.01018,0.00619,-0.00315,0.49686
1601,1639424,71.12565,159.0,1.0,0.95,1.361047,-0.003997,0.002409,0.003707,0.294859,0.039272,0.81118,64.844078,5.110868,65.117073,5.204741,4.0,0.00013616,5,711,0.15381,0.2587,0.01,0.0,100,0.0,0.36986,,,-0.01,0.00988,0.01828,-0.01085,0.00492,-0.00298,0.38468
1602,1640448,61.86996,187.75,0.875,0.95,1.30862,-0.001396,0.01538,0.002393,0.184258,0.015869,0.638835,63.961102,6.684327,62.799091,9.909095,4.0,0.00013606,8,717,0.14875,0.25,0.01,0.0,100,0.125,0.25767,,,-0.01,0.01255,0.01968,-0.01124,0.00231,-0.00436,0.539
1603,1641472,71.74015,145.66667,1.0,0.96,1.142723,-0.003621,0.003992,0.002308,0.257221,0.026228,0.8383,63.629982,6.051049,63.23658,6.715903,4.0,0.00013596,3,754,0.17518,0.28923,0.0,0.0,100,0.0,0.30263,,,-0.01,0.00956,0.0216,-0.01388,0.00255,-0.00286,0.27033
1604,1642496,71.21913,177.0,1.0,0.96,1.119058,-0.003132,0.00435,0.002088,0.303935,0.015799,0.889174,62.918903,8.196401,62.455814,8.60811,4.0,0.00013585,3,782,0.1624,0.2851,0.0,0.0,100,0.0,0.0989,,,-0.01,0.00929,0.03154,-0.01366,0.00409,-0.00576,0.27465
1605,1643520,71.11961,285.0,1.0,0.96,0.874274,-0.002812,0.005799,0.002603,0.262242,0.024449,0.895592,58.448772,9.91278,57.356224,10.337677,4.0,0.00013575,2,837,0.1743,0.30047,0.0,0.0,100,0.0,0.06383,,,-0.01,0.01007,0.03189,-0.01564,0.00022,-0.00197,0.21556
1606,1644544,35.33269,291.625,0.5,0.92,1.151602,-0.00254,0.012125,0.001497,0.187778,0.013253,0.672871,58.530231,7.03016,58.026131,8.46032,4.0,0.00013565,8,742,0.15866,0.24429,0.03,0.0,100,0.25,0.20413,,,-0.01,0.0122,0.01672,-0.01472,-0.00195,-0.0052,0.34759
1607,1645568,-5.6051,173.0,0.0,0.91,0.798131,-0.001215,0.015747,0.000818,0.219259,0.007499,0.813236,58.032043,10.721537,56.678364,12.997098,4.0,0.00013555,1,850,0.20195,0.35341,0.03,0.0,100,1.0,1.0,,,-0.01,0.00891,0.0423,-0.01405,0.00091,-0.0004,-0.0035
1608,1646592,72.56814,211.0,1.0,0.91,0.94202,-0.003322,0.003124,0.002142,0.265814,0.027658,0.930851,57.593685,8.989787,57.686192,9.243345,4.0,0.00013544,3,820,0.18362,0.32173,0.03,0.0,100,0.0,0.17284,,,-0.01,0.0099,0.03828,-0.01232,0.00562,-0.00223,0.32033
1609,1647616,61.99391,257.85714,0.85714,0.9,1.097168,-0.00304,0.008104,0.002127,0.26141,0.013044,0.777231,57.458797,7.199382,56.823418,8.405101,4.0,0.00013534,7,770,0.17449,0.26381,0.04,0.0,100,0.0,0.14286,,,-0.01,0.0143,0.02016,-0.01201,9e-05,-0.00347,0.56459
1610,1648640,47.30554,194.33333,0.66667,0.88,1.160373,-0.000785,0.01336,0.002246,0.160922,0.017787,0.788136,54.234863,8.992765,53.871899,11.013291,4.0,0.00013524,6,757,0.16783,0.21659,0.05,0.0,100,0.16667,0.28571,,,-0.01,0.01502,0.00957,-0.0111,0.00441,-0.00501,0.3715
1611,1649664,70.24049,168.5,1.0,0.89,1.13483,-0.002433,0.006753,0.001273,0.226279,0.009208,0.811807,57.428684,7.821836,57.757057,8.35796,4.0,0.00013514,4,771,0.17793,0.26557,0.05,0.0,100,0.0,0.39496,,,-0.01,0.01277,0.01978,-0.0118,0.00264,-0.00214,0.36985
1612,1650688,67.38695,239.33333,1.0,0.89,0.995045,-0.003083,0.004446,0.002419,0.223705,0.030831,0.914166,58.140984,9.697987,58.299141,10.402173,4.0,0.00013503,3,804,0.19137,0.31302,0.05,0.0,100,0.0,0.45455,,,-0.01,0.00807,0.0322,-0.01461,0.00314,-0.00565,0.28948
1613,1651712,27.46849,376.0,0.33333,0.87,1.130772,-0.003135,0.004782,0.002937,0.232208,0.038818,0.9209,59.416199,10.502358,59.289944,11.096585,4.0,0.00013493,3,775,0.18541,0.31934,0.07,0.0,100,0.0,0.16096,,,-0.01,0.00895,0.03219,-0.01403,0.00077,-0.00486,0.08853
1614,1652736,37.74784,337.0,0.5,0.85,1.044096,-0.003661,0.004555,0.002442,0.27068,0.025635,0.924467,58.797997,10.168083,58.686584,10.842464,4.0,0.00013483,4,799,0.2029,0.3394,0.09,0.0,100,0.0,0.25513,,,-0.01,0.00982,0.03674,-0.01483,-6e-05,-0.00445,0.1967
1615,1653760,7.27048,450.0,0.0,0.84,1.004438,-0.002878,0.005452,0.001639,0.294871,0.019496,0.935334,59.562073,11.94988,58.850883,13.066282,4.0,0.00013473,1,804,0.21197,0.36747,0.1,0.0,100,0.0,0.14062,,,-0.01,0.00906,0.04353,-0.01475,-0.00023,-0.00225,0.0
1616,1654784,36.99238,291.0,0.5,0.83,1.150436,-0.001317,0.012069,0.003095,0.208941,0.034807,0.824667,57.531773,10.512947,56.384296,11.920067,4.0,0.00013462,4,765,0.19285,0.29612,0.11,0.0,100,0.25,0.16901,,,-0.01,0.01203,0.02179,-0.01365,0.0005,-0.00341,0.17396
1617,1655808,29.99271,351.33333,0.33333,0.81,1.248189,-0.003136,0.006454,0.002346,0.276301,0.018066,0.894939,54.499077,10.226246,53.561974,10.630672,4.0,0.00013452,3,750,0.1779,0.27932,0.13,0.0,100,0.0,0.13281,,,-0.01,0.01111,0.0168,-0.01259,0.00088,-0.00439,0.08768
1618,1656832,26.8735,321.0,0.5,0.8,0.915592,-0.002884,0.009008,0.002931,0.239979,0.035191,0.873982,49.953064,11.618007,49.484497,11.782359,4.0,0.00013442,2,831,0.17995,0.28405,0.14,0.0,100,0.0,0.824,,,-0.01,0.01028,0.0116,-0.01471,0.00164,-0.00531,0.11002
1619,1657856,38.92919,356.8,0.6,0.79,1.132725,-0.003655,0.005624,0.002629,0.231337,0.03254,0.853329,52.624493,8.530687,53.01313,8.70444,4.0,0.00013432,5,778,0.17503,0.25215,0.16,0.0,100,0.2,0.37798,,,-0.01,0.01269,0.01457,-0.01295,0.00414,-0.00432,0.26286
1620,1658880,46.71262,322.66667,0.66667,0.78,1.142634,-0.002692,0.009669,0.003332,0.220042,0.033447,0.854204,55.38092,10.727259,55.110523,11.675612,4.0,0.00013421,3,757,0.17045,0.29094,0.17,0.0,100,0.0,0.2518,,,-0.01,0.00899,0.03313,-0.01285,0.00114,-0.00501,0.16442
1621,1659904,nan,nan,0.0,0.78,0.963479,-0.003293,0.004408,0.00303,0.221044,0.029332,0.957427,54.771309,13.728349,53.991524,14.529429,4.0,0.00013411,0,791,0.17821,0.3156,0.17,0.0,100,0.0,0.0,,,-0.01,0.00938,0.04483,-0.01509,-0.00185,-0.00187,0.0
1622,1660928,27.114,396.0,0.33333,0.74,0.968873,-0.001476,0.013009,0.001568,0.208044,0.011021,0.833888,50.969337,11.191738,49.780731,12.599802,4.0,0.00013401,6,802,0.17868,0.28878,0.2,0.0,100,0.16667,0.17188,,,-0.01,0.0118,0.02964,-0.01253,-0.00099,-0.00426,0.17651
1623,1661952,33.18469,295.5,0.5,0.73,0.959736,-0.003145,0.008771,0.001929,0.226859,0.017892,0.86802,48.373444,10.228004,48.233463,11.328706,4.0,0.00013391,2,811,0.18207,0.2947,0.21,0.0,100,0.0,0.27083,,,-0.01,0.01035,0.02162,-0.01488,0.00038,-0.00333,0.1074
1624,1662976,53.33457,315.25,0.75,0.72,1.051726,-0.001544,0.009495,0.00206,0.220077,0.022287,0.84274,48.718315,10.679123,48.874943,11.015306,4.0,0.0001338,4,778,0.18084,0.26487,0.22,0.0,100,0.0,0.20085,,,-0.01,0.01155,0.01612,-0.01258,0.00091,-0.00306,0.27374
1625,1664000,65.18107,333.0,1.0,0.72,0.915852,-0.002766,0.007117,0.002351,0.244634,0.028355,0.873411,46.687309,11.058729,46.026577,10.846692,4.0,0.0001337,1,825,0.19025,0.28824,0.22,0.0,100,0.0,0.45679,,,-0.01,0.01178,0.01244,-0.01309,-0.00361,-0.00909,0.10354
1626,1665024,20.05549,326.33333,0.33333,0.7,0.909004,-0.004849,0.005167,0.003405,0.255481,0.045201,0.879351,47.334553,8.419299,46.779392,9.022429,4.0,0.0001336,3,836,0.1869,0.27833,0.23,0.0,100,0.33333,0.38961,,,-0.01,0.00977,0.00759,-0.01827,0.00074,-0.00981,0.10594
1627,1666048,11.93055,340.25,0.25,0.67,0.79172,-0.001766,0.015076,0.001791,0.212511,0.016009,0.748499,47.47168,9.121358,46.488701,10.731553,4.0,0.0001335,4,866,0.19233,0.32659,0.25,0.0,100,0.5,0.50679,,,-0.01,0.01084,0.02239,-0.0146,-0.00511,-0.00805,0.11961
1628,1667072,10.49047,303.0,0.2,0.63,1.116066,-0.001717,0.018065,0.001259,0.244531,0.006662,0.690315,43.560574,7.955406,41.993572,11.028938,4.0,0.0001334,5,780,0.16732,0.24022,0.27,0.0,100,0.4,0.47712,,,-0.01,0.01428,0.00515,-0.01224,0.00221,-0.00256,0.09026
1629,1668096,52.62361,235.75,0.75,0.62,1.160009,-0.002556,0.014884,0.002429,0.292126,0.020891,0.758135,43.24976,9.855368,43.267853,10.773259,4.0,0.00013329,4,778,0.16516,0.25325,0.28,0.0,100,0.0,0.19753,,,-0.01,0.01187,0.0109,-0.01209,-0.00083,-0.00345,0.28939
1630,1669120,-4.16168,450.0,0.0,0.61,0.819848,-0.001898,0.005645,0.000894,0.212571,0.00722,0.872787,41.436096,9.703696,41.305828,9.419791,4.0,0.00013319,1,880,0.16486,0.27398,0.29,0.0,100,0.0,0.5,,,-0.01,0.01045,0.01304,-0.01543,0.00079,-0.00219,0.0
1631,1670144,8.47748,450.0,0.0,0.6,0.707529,-0.004836,0.001811,0.002289,0.264901,0.028285,0.95951,44.706036,9.110569,44.787807,9.419593,4.0,0.00013309,1,929,0.17268,0.29845,0.3,0.0,100,0.0,0.07071,,,-0.01,0.00673,0.02546,-0.0209,0.00147,-0.00215,0.0
1632,1671168,12.06735,422.2,0.2,0.57,1.064094,-0.002057,0.003874,0.00205,0.231935,0.015032,0.920233,46.709026,9.484495,47.134037,9.91332,4.0,0.00013299,5,806,0.16152,0.26498,0.34,0.0,100,0.0,0.25641,,,-0.01,0.00995,0.02218,-0.01512,0.00397,-0.0025,0.09308
1633,1672192,60.26198,203.0,0.85714,0.56,1.381883,-0.003309,0.016353,0.002868,0.364012,0.023891,0.745584,46.564751,10.548662,49.048641,11.404305,4.0,0.00013288,7,701,0.16307,0.25762,0.35,0.0,100,0.0,0.28079,,,-0.01,0.01422,0.0198,-0.01565,0.00504,-0.00848,0.45276
1634,1673216,58.27839,212.4,0.8,0.59,1.200714,-0.003136,0.014292,0.002837,0.365021,0.029227,0.804385,48.791447,10.831596,51.483669,11.316564,4.0,0.00013278,5,726,0.17072,0.24289,0.33,0.0,100,0.0,0.18777,,,-0.01,0.01576,0.02107,-0.01234,0.00603,-0.00406,0.33505
1635,1674240,73.22647,118.0,1.0,0.59,1.111081,-0.003694,0.006952,0.002687,0.281158,0.02853,0.886018,56.69173,11.039983,57.669888,11.251856,4.0,0.00013268,3,752,0.17907,0.30546,0.33,0.0,100,0.0,0.14634,,,-0.01,0.01124,0.04408,-0.01337,0.00438,-0.003,0.2653
1636,1675264,72.05632,180.66667,1.0,0.6,1.102781,-0.004927,0.00685,0.004966,0.282222,0.064,0.860156,55.4646,9.588626,56.044212,10.020513,4.0,0.00013258,3,764,0.17625,0.31296,0.33,0.0,100,0.0,0.21805,,,-0.01,0.01031,0.04195,-0.01574,0.00399,-0.00358,0.26418
1637,1676288,36.14745,312.4,0.4,0.57,1.055662,-0.003071,0.006885,0.002454,0.273565,0.015451,0.872422,55.454975,9.669582,55.709759,10.446713,4.0,0.00013247,5,762,0.16372,0.28293,0.36,0.0,100,0.0,0.09307,,,-0.01,0.0101,0.03521,-0.01553,0.0005,-0.00636,0.18509
1638,1677312,63.67363,189.57143,0.85714,0.59,1.042625,-0.002408,0.006623,0.00191,0.240454,0.016636,0.897528,55.089233,10.464083,56.092712,11.183107,4.0,0.00013237,7,764,0.15287,0.23355,0.35,0.0,100,0.0,0.16389,,,-0.01,0.0122,0.021,-0.01392,0.00598,-0.00847,0.57174
1639,1678336,42.11039,197.8,0.6,0.57,0.994928,-0.001534,0.018424,0.002104,0.247023,0.021554,0.800941,57.740166,11.621848,56.696098,13.821695,4.0,0.00013227,5,786,0.16352,0.26244,0.36,0.0,100,0.2,0.21374,,,-0.01,0.00987,0.03596,-0.01393,0.00096,-0.00373,0.29708
1640,1679360,56.7145,201.6,0.8,0.56,0.956795,-0.002556,0.012384,0.001339,0.236208,0.009521,0.808987,55.460857,10.673152,55.557892,11.026833,4.0,0.00013217,5,792,0.17537,0.27918,0.37,0.0,100,0.0,0.24242,,,-0.01,0.01062,0.03377,-0.01355,-0.00028,-0.00796,0.41211
1641,1680384,73.03126,265.66667,1.0,0.59,1.008554,-0.00158,0.010434,0.001194,0.235241,0.009033,0.855558,57.022259,11.189822,57.322796,11.710945,4.0,0.00013206,3,790,0.18236,0.29674,0.34,0.0,100,0.0,0.03478,,,-0.01,0.00936,0.0457,-0.01237,0.00439,-0.0029,0.27943
1642,1681408,45.24975,220.4,0.6,0.6,1.089836,-0.003147,0.018781,0.001823,0.262587,0.022949,0.800154,55.716072,11.302882,54.01239,13.451038,4.0,0.00013196,5,770,0.16367,0.27431,0.32,0.0,100,0.2,0.1838,,,-0.01,0.00789,0.03539,-0.01379,1e-05,-0.00381,0.27786
1643,1682432,53.31165,274.75,0.75,0.61,1.271724,-0.002964,0.009831,0.003587,0.230035,0.042132,0.810628,54.819736,9.947489,55.148537,9.938266,4.0,0.00013186,4,738,0.1553,0.218,0.32,0.0,100,0.0,0.07639,,,-0.01,0.01373,0.01576,-0.01333,0.00549,-0.00489,0.246
1644,1683456,12.01073,450.0,0.0,0.6,1.2232,-0.002474,0.004301,0.002593,0.261479,0.024554,0.929904,58.588947,10.215135,57.952412,11.185766,4.0,0.00013176,1,756,0.1774,0.30978,0.33,0.0,100,0.0,0.05921,,,-0.01,0.00645,0.04972,-0.01392,0.00427,-0.00605,0.0
1645,1684480,70.85551,315.0,1.0,0.62,1.225253,-0.003482,0.007438,0.003066,0.249071,0.030831,0.882649,55.849358,10.38799,55.848293,11.098013,4.0,0.00013165,4,755,0.17569,0.31091,0.31,0.0,100,0.0,0.17876,,,-0.01,0.00801,0.04252,-0.01344,0.00038,-0.0029,0.30639
1646,1685504,49.55842,427.33333,0.66667,0.62,1.154427,-0.002967,0.005338,0.002239,0.270229,0.01566,0.927772,55.181084,11.254227,54.843159,11.794278,4.0,0.00013155,3,766,0.1724,0.2931,0.31,0.0,100,0.0,0.13869,,,-0.01,0.00993,0.03438,-0.01364,0.00232,-0.00277,0.15632
1647,1686528,72.81695,318.5,1.0,0.64,1.192605,-0.00338,0.005579,0.002524,0.270708,0.027832,0.930683,55.103325,12.048618,54.743015,12.338807,4.0,0.00013145,2,764,0.18084,0.29404,0.29,0.0,100,0.0,0.09945,,,-0.01,0.00881,0.02811,-0.01693,0.00412,-0.0033,0.16271
1648,1687552,46.56634,356.66667,0.66667,0.63,1.045809,-0.003223,0.00859,0.001873,0.228437,0.017787,0.879482,54.730633,11.305589,54.516766,11.542301,4.0,0.00013135,3,776,0.19468,0.33813,0.3,0.0,100,0.0,0.21659,,,-0.01,0.00812,0.04533,-0.01735,-0.00073,-0.00439,0.17949
1649,1688576,46.8493,275.16667,0.66667,0.66,1.205485,-0.002018,0.016484,0.00159,0.213057,0.014648,0.787009,52.762199,10.687349,51.612705,12.535061,4.0,0.00013124,6,759,0.17788,0.27594,0.27,0.0,100,0.16667,0.19802,,,-0.01,0.01048,0.01399,-0.01593,7e-05,-0.00511,0.34082
1650,1689600,49.02883,276.75,0.75,0.66,1.275142,-0.002442,0.009771,0.001066,0.241921,0.005929,0.853174,51.76086,11.146881,51.990631,11.367105,4.0,0.00013114,4,743,0.16795,0.27221,0.27,0.0,100,0.25,0.43956,,,-0.01,0.01367,0.01372,-0.01443,0.0038,-0.00377,0.25661
1651,1690624,68.63517,216.0,1.0,0.67,1.169265,-0.003165,0.006168,0.002512,0.258586,0.020926,0.891157,50.553764,10.139951,51.227669,10.459164,4.0,0.00013104,3,763,0.16903,0.25959,0.27,0.0,100,0.0,0.25714,,,-0.01,0.01275,0.00955,-0.01298,0.0046,-0.00197,0.27479
1652,1691648,68.76047,218.75,1.0,0.69,1.176837,-0.004122,0.004348,0.00301,0.261104,0.034075,0.926185,54.961983,10.440252,55.063061,10.611375,4.0,0.00013094,4,772,0.16883,0.28603,0.25,0.0,100,0.0,0.22222,,,-0.01,0.00934,0.02177,-0.014,0.00297,-0.00193,0.3542
1653,1692672,51.43548,265.0,0.75,0.71,1.236954,-0.003143,0.004043,0.002778,0.261879,0.024344,0.92264,54.665318,10.039602,54.900337,10.148575,4.0,0.00013084,4,748,0.16555,0.2829,0.24,0.0,100,0.0,0.49167,,,-0.01,0.0096,0.01981,-0.01516,0.00316,-0.00259,0.25353
1654,1693696,48.63266,345.33333,0.66667,0.73,1.274687,-0.002873,0.003943,0.001752,0.251129,0.015241,0.925384,55.192719,10.063654,55.18401,10.036371,4.0,0.00013073,3,731,0.17325,0.29412,0.24,0.0,100,0.0,0.2043,,,-0.01,0.00941,0.01895,-0.01353,0.00268,-0.00237,0.15577
1655,1694720,66.55405,238.0,1.0,0.74,1.269148,-0.002713,0.005958,0.002229,0.229817,0.016148,0.86663,54.31345,9.087276,54.535374,9.175123,4.0,0.00013063,4,742,0.16114,0.26619,0.23,0.0,100,0.0,0.44186,,,-0.01,0.01004,0.01831,-0.01458,-3e-05,-0.00468,0.32802
1656,1695744,51.99503,287.0,0.75,0.76,1.119464,-0.002104,0.007013,0.002501,0.210869,0.028948,0.819733,55.097584,8.764594,55.516552,8.746054,4.0,0.00013053,4,788,0.16407,0.28371,0.21,0.0,100,0.0,0.28862,,,-0.01,0.0092,0.02562,-0.01401,0.00058,-0.00605,0.2768
1657,1696768,44.11778,349.66667,0.66667,0.78,1.167031,-0.002561,0.003126,0.000957,0.249269,0.00579,0.91872,55.967693,8.320672,56.313595,8.618488,4.0,0.00013043,3,766,0.1623,0.28241,0.19,0.0,100,0.0,0.24224,,,-0.01,0.01051,0.02417,-0.01305,0.00368,-0.00308,0.16442
1658,1697792,68.18968,316.0,1.0,0.79,1.245142,-0.002164,0.002931,0.001353,0.265025,0.009801,0.932499,58.006767,8.915833,58.381355,9.34166,4.0,0.00013032,3,754,0.15798,0.28596,0.18,0.0,100,0.0,0.18552,,,-0.01,0.01026,0.03108,-0.01234,0.00402,-0.00287,0.23214
1659,1698816,69.88166,253.5,1.0,0.79,1.348939,-0.003912,0.004357,0.003253,0.286077,0.034982,0.907313,56.541897,9.376498,57.489677,9.408955,4.0,0.00013022,6,722,0.14495,0.24662,0.18,0.0,100,0.0,0.23333,,,-0.01,0.01324,0.02074,-0.01234,0.00454,-0.00327,0.44254
1660,1699840,71.68344,189.8,1.0,0.8,1.170597,-0.003152,0.005976,0.003367,0.274134,0.026018,0.863622,59.193798,8.923225,59.732788,8.979681,4.0,0.00013012,5,765,0.14817,0.26699,0.17,0.0,100,0.0,0.23952,,,-0.01,0.01004,0.02998,-0.01227,0.00048,-0.00326,0.43002
1661,1700864,70.01789,240.25,1.0,0.8,1.03806,-0.002991,0.00446,0.00239,0.230509,0.016148,0.877479,57.620441,8.868361,57.591545,8.561223,4.0,0.00013002,4,772,0.14596,0.23623,0.17,0.0,100,0.0,0.16019,,,-0.01,0.01373,0.01391,-0.01268,0.00077,-0.00345,0.36869
1662,1701888,69.06931,183.25,1.0,0.82,1.063374,-0.002801,0.002874,0.002534,0.238919,0.023089,0.89812,58.665886,7.643353,58.885597,7.456062,4.0,0.00012991,4,782,0.15327,0.22772,0.15,0.0,100,0.0,0.21212,,,-0.01,0.00962,0.01246,-0.01617,0.00271,-0.00514,0.38419
1663,1702912,66.46451,257.0,1.0,0.83,1.084778,-0.003645,0.002488,0.002063,0.270469,0.020543,0.907333,59.904316,7.022512,59.918129,7.043884,4.0,0.00012981,4,773,0.16968,0.27031,0.14,0.0,100,0.0,0.30723,,,-0.01,0.01042,0.01648,-0.01584,0.00124,-0.00572,0.35597
1664,1703936,64.15887,295.75,1.0,0.84,1.182976,-0.003908,0.002166,0.002889,0.260943,0.029227,0.918553,59.482552,7.186423,59.547241,7.094399,4.0,0.00012971,4,737,0.15537,0.2391,0.13,0.01,100,0.0,0.45982,,,-0.01,0.01308,0.01964,-0.01281,0.00281,-0.00416,0.32154
1665,1704960,69.94139,176.8,1.0,0.86,1.105084,-0.003316,0.003583,0.002139,0.273114,0.021484,0.856627,59.315083,6.836951,59.440121,7.063753,4.0,0.00012961,5,769,0.16635,0.25058,0.12,0.01,100,0.0,0.24138,,,-0.01,0.01135,0.0191,-0.01747,0.00143,-0.00449,0.46892
1666,1705984,52.33164,277.75,0.75,0.85,1.075556,-0.002905,0.003265,0.002329,0.229994,0.01845,0.87525,60.109768,6.765421,60.337929,7.232434,4.0,0.0001295,4,773,0.1731,0.28651,0.13,0.01,100,0.25,0.22034,,,-0.01,0.01004,0.03378,-0.01519,0.00114,-0.00434,0.27426
1667,1707008,50.42101,317.33333,0.66667,0.85,1.110712,-0.002066,0.002219,0.001824,0.246704,0.013358,0.909204,61.247456,6.678669,61.153049,7.151576,4.0,0.0001294,3,764,0.1803,0.29211,0.13,0.01,100,0.0,0.08163,,,-0.01,0.00833,0.03626,-0.01429,0.00459,-0.00339,0.17373
1668,1708032,53.94977,269.25,0.75,0.86,1.409214,-0.002983,0.003206,0.004033,0.284575,0.037109,0.876684,59.235382,6.510333,59.471119,7.027563,4.0,0.0001293,4,708,0.14444,0.22969,0.13,0.01,100,0.0,0.12108,,,-0.01,0.01028,0.02411,-0.00919,0.0027,-0.00476,0.22154
1669,1709056,70.48947,240.0,1.0,0.86,1.235707,-0.003211,0.00335,0.003179,0.26468,0.028111,0.895061,61.57877,7.363283,61.377911,7.892388,4.0,0.0001292,3,748,0.17477,0.276,0.13,0.01,100,0.33333,0.16783,,,-0.01,0.0086,0.03388,-0.01252,0.00132,-0.00196,0.24492
1670,1710080,57.38585,324.2,0.8,0.87,1.162056,-0.004943,0.003298,0.003667,0.291925,0.041818,0.868968,59.066067,7.183593,58.81403,6.972479,4.0,0.00012909,5,750,0.16225,0.23004,0.12,0.01,100,0.2,0.15135,,,-0.01,0.01171,0.01419,-0.01301,-0.00065,-0.00376,0.34043
1671,1711104,69.42221,241.0,1.0,0.87,1.163896,-0.002119,0.002468,0.001781,0.289697,0.019392,0.881664,59.754341,5.784747,59.293171,6.212791,4.0,0.00012899,2,783,0.16504,0.23954,0.12,0.01,100,0.0,0.24419,,,-0.01,0.00939,0.01257,-0.013,0.00321,-0.00488,0.18442
1672,1712128,43.5147,303.66667,0.66667,0.86,1.181585,-0.00277,0.002214,0.003086,0.285688,0.030413,0.898672,58.287533,6.037171,57.744625,6.381865,4.0,0.00012889,3,778,0.16338,0.24861,0.13,0.01,100,0.66667,0.42708,,,-0.01,0.00895,0.01445,-0.01629,0.00224,-0.00574,0.18158
1673,1713152,30.65693,386.75,0.5,0.85,1.394175,-0.004401,0.002677,0.00366,0.288191,0.040492,0.888759,57.90789,6.298245,57.471706,6.655634,4.0,0.00012879,4,728,0.16376,0.24433,0.14,0.01,100,0.75,0.28788,,,-0.01,0.00899,0.01361,-0.01241,0.00304,-0.00853,0.14874
1674,1714176,64.11188,244.0,1.0,0.85,1.509745,-0.003828,0.002228,0.00183,0.295744,0.013637,0.883926,58.137077,5.809287,57.520161,5.874377,4.0,0.00012868,1,720,0.14077,0.20912,0.14,0.01,100,1.0,0.47826,,,-0.01,0.00922,0.00254,-0.00912,0.0024,-0.00531,0.07382
1675,1715200,28.35859,378.5,0.5,0.85,1.439032,-0.003685,0.002347,0.004063,0.326303,0.053885,0.891703,58.041119,6.044614,57.321083,6.295115,4.0,0.00012858,4,727,0.15387,0.24347,0.14,0.01,100,0.75,0.32941,,,-0.01,0.00785,0.01144,-0.01116,0.00039,-0.00906,0.14808
1676,1716224,64.12583,320.5,1.0,0.85,1.339431,-0.003142,0.002419,0.00199,0.259926,0.009452,0.84808,57.344696,5.493032,56.668999,5.377641,4.0,0.00012848,2,734,0.15749,0.23057,0.14,0.01,100,0.5,0.27473,,,-0.01,0.00995,-0.00129,-0.01014,-4e-05,-0.00521,0.15544
1677,1717248,19.88196,356.6,0.4,0.84,1.343319,-0.000745,0.018618,0.002371,0.236282,0.008231,0.405569,56.842194,5.03822,55.072479,7.726727,4.0,0.00012838,5,740,0.15302,0.22245,0.15,0.01,100,0.8,0.80682,,,-0.01,0.00859,-0.00112,-0.01242,0.00225,-0.00809,0.1537
1678,1718272,61.76871,303.66667,1.0,0.84,1.503956,-0.003763,0.002846,0.002962,0.304038,0.02002,0.74974,54.885494,4.528363,54.455891,4.817343,4.0,0.00012828,3,708,0.15118,0.21415,0.15,0.01,100,0.66667,0.61856,,,-0.01,0.01053,-0.00155,-0.00956,0.00121,-0.00789,0.21366
1679,1719296,37.52746,280.33333,0.66667,0.83,1.316547,-0.000513,0.017694,0.000904,0.194827,0.000802,0.365358,54.669643,4.719467,53.175236,7.454301,4.0,0.00012817,3,746,0.15643,0.23864,0.15,0.01,100,0.33333,0.69748,,,-0.01,0.00967,0.00359,-0.01119,-0.00131,-0.00388,0.15726
1680,1720320,66.49159,243.33333,1.0,0.84,1.194822,-0.002276,0.004522,0.002129,0.283543,0.023228,0.683807,53.887173,4.70379,53.923733,5.119826,4.0,0.00012807,3,788,0.15425,0.25631,0.14,0.01,100,1.0,0.36364,,,-0.01,0.00908,0.00984,-0.01325,0.00246,-0.0056,0.27211
1681,1721344,16.08993,428.0,0.33333,0.82,1.338425,-0.004051,0.001641,0.003506,0.256922,0.04548,0.887609,52.877739,4.944369,52.454521,5.325825,4.0,0.00012797,3,750,0.15074,0.2282,0.16,0.01,100,1.0,0.59055,,,-0.01,0.00987,0.00375,-0.01443,0.00204,-0.00388,0.07628
1682,1722368,64.01681,237.0,1.0,0.82,1.219213,-0.0026,0.002998,0.00274,0.26493,0.024449,0.843194,55.021954,5.725752,54.817329,6.10347,4.0,0.00012787,1,789,0.1793,0.27757,0.16,0.01,100,1.0,0.83333,,,-0.01,0.00725,0.01385,-0.01352,0.00028,-0.0022,0.09159
1683,1723392,31.53743,343.5,0.5,0.81,1.308803,-0.002854,0.002421,0.002232,0.254694,0.024379,0.911452,53.724724,6.802235,53.499722,7.379573,4.0,0.00012776,4,760,0.17611,0.25954,0.17,0.01,100,0.25,0.25,,,-0.01,0.00817,0.01532,-0.01437,0.00046,-0.0034,0.16845
1684,1724416,31.74242,400.0,0.5,0.8,1.27264,-0.002394,0.002176,0.003695,0.218456,0.038435,0.887912,52.638329,5.926627,52.341316,6.105268,4.0,0.00012766,4,751,0.18552,0.246,0.18,0.01,100,0.0,0.21577,,,-0.01,0.00941,0.00432,-0.01205,0.00174,-0.00338,0.16603
1685,1725440,61.17874,329.5,1.0,0.8,1.190248,-0.002386,0.002296,0.00219,0.260957,0.021449,0.88354,52.421448,5.755447,52.270721,6.027387,4.0,0.00012756,2,779,0.16592,0.25377,0.18,0.01,100,0.5,0.72,,,-0.01,0.00932,0.00043,-0.01415,-0.00027,-0.0017,0.17645
1686,1726464,36.80377,401.0,0.66667,0.8,1.115387,-0.002052,0.001927,0.002162,0.240942,0.016532,0.909299,52.819965,6.167468,52.531891,6.267588,4.0,0.00012746,3,799,0.18528,0.28461,0.18,0.01,100,0.66667,0.61856,,,-0.01,0.007,0.00505,-0.01692,-0.00064,-0.00251,0.184
1687,1727488,60.46436,368.0,1.0,0.8,1.259714,-0.002561,0.00195,0.00123,0.238489,0.008754,0.897811,51.565437,5.828119,51.052479,5.922683,4.0,0.00012735,2,765,0.18014,0.29122,0.18,0.01,100,0.5,0.3871,,,-0.01,0.00845,0.0026,-0.01113,2e-05,-0.00237,0.17047
1688,1728512,60.08076,354.0,1.0,0.8,1.111347,-0.002698,0.00173,0.00211,0.258337,0.023333,0.878475,50.893879,5.041952,50.674782,5.15418,4.0,0.00012725,2,804,0.18904,0.28301,0.18,0.01,100,0.5,0.44048,,,-0.01,0.00996,-0.00087,-0.01155,0.00159,-0.0019,0.19369
1689,1729536,43.2616,370.0,0.75,0.79,1.229496,-0.003337,0.002197,0.001998,0.227427,0.020752,0.896627,50.799946,5.993206,50.86697,6.396235,4.0,0.00012715,4,770,0.18023,0.27006,0.19,0.01,100,0.75,0.8875,,,-0.01,0.00898,0.00379,-0.01371,0.00062,-0.00202,0.25293
1690,1730560,52.67652,299.16667,0.83333,0.78,1.166817,-0.000862,0.004532,0.001104,0.21653,0.007813,0.815015,49.991234,6.236487,50.719208,7.049456,4.0,0.00012705,6,779,0.18911,0.28517,0.2,0.01,100,0.5,0.45455,,,-0.01,0.01135,0.00498,-0.01142,-0.00274,-0.00313,0.46728
1691,1731584,63.74305,297.5,1.0,0.78,1.118589,-0.003557,0.002296,0.001937,0.277689,0.017683,0.864355,50.347076,5.098456,50.893154,5.526087,4.0,0.00012694,2,790,0.17017,0.25627,0.2,0.01,100,1.0,0.62963,,,-0.01,0.01062,0.00534,-0.01165,0.00242,-0.00155,0.18706
1692,1732608,66.43624,235.4,1.0,0.78,1.245924,-0.002753,0.003457,0.002533,0.279343,0.024309,0.886618,51.248997,6.706386,52.128143,7.546653,4.0,0.00012684,5,761,0.17705,0.26953,0.2,0.01,100,0.6,0.42105,,,-0.01,0.00999,0.00802,-0.01517,0.00288,-0.00569,0.43471
1693,1733632,70.53322,136.0,1.0,0.78,1.124445,-0.0034,0.002812,0.002887,0.29607,0.038783,0.871892,54.867218,6.55872,55.071594,6.539431,4.0,0.00012674,1,809,0.18002,0.30281,0.2,0.01,100,1.0,0.57143,,,-0.01,0.00803,0.00773,-0.01383,5e-05,-0.00387,0.10324
1694,1734656,54.06522,278.0,0.83333,0.77,1.224818,-0.002005,0.002567,0.002025,0.272749,0.009208,0.916882,53.304619,7.307477,53.634895,7.509543,4.0,0.00012664,6,769,0.1793,0.27507,0.21,0.01,100,0.33333,0.28966,,,-0.01,0.01,0.00257,-0.01739,0.00293,-0.00511,0.44305
1695,1735680,63.42767,256.0,1.0,0.77,1.182451,-0.003917,0.002305,0.002848,0.304409,0.029715,0.892527,54.70417,6.30194,55.044735,6.373632,4.0,0.00012653,3,777,0.1752,0.27114,0.21,0.01,100,0.66667,0.55,,,-0.01,0.01149,0.00823,-0.01327,0.00284,-0.0031,0.2755
1696,1736704,57.45575,239.85714,0.85714,0.77,1.333426,-0.003365,0.004142,0.002963,0.283925,0.027867,0.803738,51.760654,5.496794,52.807117,6.09555,4.0,0.00012643,7,725,0.16622,0.23453,0.21,0.01,100,0.57143,0.34211,,,-0.01,0.01264,-0.00022,-0.01322,0.00208,-0.00361,0.48699
1697,1737728,67.66057,184.16667,1.0,0.78,1.267078,-0.00317,0.003168,0.002872,0.304262,0.037354,0.876897,53.91526,5.937988,55.105312,6.6931,4.0,0.00012633,6,746,0.16866,0.25677,0.2,0.02,100,0.66667,0.46377,,,-0.01,0.01211,0.00412,-0.01498,0.00547,-0.00366,0.51137
1698,1738752,50.97431,162.25,0.75,0.78,1.34524,-0.001636,0.021744,0.002771,0.21306,0.029332,0.375376,55.052799,6.086752,54.724102,8.257797,4.0,0.00012623,4,736,0.18098,0.26408,0.19,0.02,100,0.25,0.55556,,,-0.01,0.01117,-0.00138,-0.00975,-0.00102,-0.00284,0.25268
1699,1739776,55.99472,212.57143,0.85714,0.78,1.122862,-0.001197,0.021473,0.002342,0.165219,0.019252,0.302623,55.54845,4.603319,55.352627,7.53213,4.0,0.00012612,7,766,0.17426,0.27671,0.18,0.01,100,0.71429,0.7037,,,-0.01,0.01074,0.00061,-0.01207,0.00011,-0.00783,0.56869
1700,1740800,51.18692,199.6,0.8,0.8,1.056935,-0.00147,0.020059,0.003062,0.206002,0.040318,0.40492,55.58688,4.808393,54.655254,7.88602,4.0,0.00012602,5,803,0.17436,0.27449,0.15,0.01,100,0.6,0.55072,,,-0.01,0.00911,0.00387,-0.01389,-0.00204,-0.00564,0.40861
1701,1741824,66.76842,200.0,1.0,0.8,1.155566,-0.003042,0.004186,0.003053,0.236151,0.036935,0.71505,53.398434,4.631279,53.336304,5.228563,4.0,0.00012592,3,776,0.18382,0.27038,0.15,0.01,100,0.66667,0.36364,,,-0.01,0.01329,0.00235,-0.01309,-0.00068,-0.00256,0.29124
1702,1742848,52.97774,243.8,0.8,0.81,1.109909,-0.003091,0.004001,0.002592,0.2607,0.031285,0.737546,53.712105,4.826353,54.39838,5.464281,4.0,0.00012582,5,790,0.18252,0.28885,0.14,0.01,100,0.8,0.59524,,,-0.01,0.01272,-0.0002,-0.01131,0.00349,-0.0033,0.41579
1703,1743872,68.28891,193.6,1.0,0.84,1.021015,-0.003082,0.002989,0.002014,0.267566,0.013567,0.828403,56.284702,5.653833,57.079685,5.78225,4.0,0.00012572,5,818,0.16767,0.2419,0.12,0.01,100,0.2,0.44898,,,-0.01,0.00973,0.00276,-0.01608,0.00626,-0.00281,0.53949
1704,1744896,50.90621,241.0,0.75,0.83,1.143393,-0.003765,0.001714,0.002882,0.283331,0.028006,0.882044,56.245605,5.113766,56.736511,5.273578,4.0,0.00012561,4,777,0.14021,0.21556,0.13,0.01,100,0.25,0.50909,,,-0.01,0.00992,0.00204,-0.01546,0.00543,-0.00584,0.27431
1705,1745920,59.29835,180.71429,0.85714,0.84,1.344569,-0.002603,0.004212,0.002102,0.277612,0.01266,0.76215,55.973965,4.990002,57.164822,5.586516,4.0,0.00012551,7,717,0.13842,0.21641,0.13,0.01,100,0.42857,0.40909,,,-0.01,0.01164,0.00191,-0.01347,0.00513,-0.00443,0.48361
1706,1746944,69.76418,138.5,1.0,0.85,1.10568,-0.002571,0.003087,0.003066,0.259468,0.032366,0.754151,58.041618,4.752486,58.56601,4.842714,4.0,0.00012541,4,770,0.13503,0.20623,0.12,0.01,100,0.0,0.42857,,,-0.01,0.00994,0.00196,-0.01552,0.00311,-0.00398,0.3743
1707,1747968,66.01589,206.33333,1.0,0.88,1.119278,-0.003133,0.002882,0.002819,0.30386,0.020717,0.778947,59.087196,4.866773,59.346813,4.931163,4.0,0.00012531,6,773,0.15081,0.22843,0.09,0.01,100,0.66667,0.47561,,,-0.01,0.01165,0.00403,-0.01556,0.003,-0.00544,0.5543
1708,1748992,31.88963,198.83333,0.5,0.87,1.044886,-0.000901,0.035822,0.001995,0.248111,0.01552,0.201599,58.778477,4.212972,57.023499,9.338564,4.0,0.0001252,6,769,0.15508,0.22042,0.08,0.01,100,0.66667,0.51351,,,-0.01,0.01304,0.00151,-0.01457,-0.00311,-0.00544,0.28612
1709,1750016,47.25748,155.85714,0.71429,0.86,1.169422,-0.000799,0.026497,0.002205,0.189813,0.014997,0.439847,57.206463,5.266643,56.297386,9.299316,4.0,0.0001251,7,764,0.15238,0.24079,0.07,0.01,100,0.85714,0.625,,,-0.01,0.01263,0.00359,-0.0155,0.00242,-0.00513,0.46105
1710,1751040,67.02781,194.0,1.0,0.87,1.178289,-0.003063,0.007772,0.002333,0.235889,0.030587,0.564127,55.030762,5.469641,55.414349,5.873199,4.0,0.000125,6,754,0.1558,0.24341,0.06,0.01,100,0.33333,0.54167,,,-0.01,0.01287,0.00133,-0.01345,0.00206,-0.00522,0.54544
1711,1752064,68.69604,182.66667,1.0,0.87,1.127217,-0.001879,0.003268,0.001043,0.234715,0.006313,0.793649,55.798256,4.979463,55.798496,5.405605,4.0,0.0001249,3,801,0.15856,0.23936,0.06,0.01,100,0.0,0.28571,,,-0.01,0.01134,0.00222,-0.01587,0.00287,-0.00435,0.29626
1712,1753088,68.12432,174.25,1.0,0.87,0.976475,-0.00216,0.003782,0.00154,0.225576,0.01416,0.752721,57.432564,5.39275,57.712742,5.492809,4.0,0.00012479,4,845,0.18444,0.27382,0.06,0.01,100,0.5,0.47727,,,-0.01,0.00855,0.00394,-0.02044,0.00132,-0.00428,0.46076
1713,1754112,34.10216,289.0,0.57143,0.85,1.066002,-0.001041,0.019603,0.001128,0.187623,0.010986,0.447003,56.108253,5.170739,55.041534,8.052294,4.0,0.00012469,7,790,0.16906,0.24821,0.07,0.01,100,0.71429,0.59302,,,-0.01,0.01121,-0.00035,-0.01656,-0.00423,-0.00411,0.39408
1714,1755136,50.80035,148.25,0.75,0.84,1.273954,-0.00096,0.020134,0.001256,0.139724,0.003732,0.290068,53.755795,4.122449,53.549683,7.195868,4.0,0.00012459,4,728,0.16189,0.23524,0.07,0.01,100,1.0,0.63636,,,-0.01,0.01367,0.00037,-0.01059,0.00176,-0.00578,0.25538
1715,1756160,68.50326,160.16667,1.0,0.85,1.242711,-0.002721,0.0053,0.003294,0.252897,0.034389,0.701287,53.630627,4.597508,54.197781,5.993342,4.0,0.00012449,6,738,0.17184,0.24289,0.06,0.01,100,0.83333,0.62745,,,-0.01,0.0128,0.00035,-0.01217,0.00104,-0.00417,0.54022
1716,1757184,33.10012,139.0,0.5,0.84,0.979939,-0.001983,0.014745,0.002859,0.224914,0.032506,0.571753,56.490528,5.306142,55.478394,7.890131,4.0,0.00012438,2,834,0.18423,0.2767,0.06,0.01,100,1.0,0.13333,,,-0.01,0.00965,0.00161,-0.01516,-0.00205,-0.00216,0.11133
1717,1758208,41.48047,318.66667,0.66667,0.83,1.033528,-0.002692,0.002552,0.001176,0.232479,0.007324,0.838221,55.63311,5.275517,55.43512,5.375585,4.0,0.00012428,3,810,0.17445,0.27876,0.07,0.01,100,0.66667,0.6,,,-0.01,0.00925,0.00376,-0.01879,0.00128,-0.00561,0.20546
1718,1759232,39.41311,265.8,0.6,0.82,0.928012,-0.002991,0.004023,0.002039,0.229499,0.01859,0.766327,55.255108,5.74284,55.269234,5.811333,4.0,0.00012418,5,835,0.1791,0.25181,0.09,0.01,100,0.6,0.66667,,,-0.01,0.01112,0.0022,-0.01641,0.00206,-0.00397,0.35708
1719,1760256,62.53513,284.2,1.0,0.83,1.129514,-0.002966,0.004037,0.002035,0.258395,0.016497,0.762431,53.831326,5.368892,54.179527,5.601737,4.0,0.00012408,5,766,0.17661,0.24951,0.09,0.01,100,0.6,0.5102,,,-0.01,0.0164,0.00037,-0.0108,-0.00042,-0.00492,0.44979
1720,1761280,50.56295,200.0,0.75,0.82,0.998052,-0.000903,0.020951,0.001391,0.159773,0.008266,0.509645,55.498486,5.729919,55.480358,8.782113,4.0,0.00012397,8,799,0.16494,0.23759,0.1,0.01,100,0.625,0.47692,,,-0.01,0.01121,0.0051,-0.01724,0.00222,-0.00685,0.61534
1721,1762304,56.46107,159.66667,0.83333,0.81,1.153668,-0.00183,0.020172,0.00286,0.186884,0.029402,0.479366,54.854084,4.968729,54.685894,8.492365,4.0,0.00012387,6,758,0.15181,0.22763,0.1,0.0,100,0.5,0.43396,,,-0.01,0.01399,0.00398,-0.01268,0.00306,-0.00356,0.44842
1722,1763328,51.66841,159.0,0.75,0.81,1.170805,-0.001155,0.018209,0.000897,0.183978,0.005266,0.516675,54.912476,5.45344,54.409389,8.506337,4.0,0.00012377,4,753,0.16855,0.23157,0.09,0.0,100,0.25,0.37143,,,-0.01,0.01328,0.00429,-0.01101,0.00176,-0.00369,0.26848
1723,1764352,59.84407,205.28571,0.85714,0.81,1.200011,-0.002295,0.004584,0.002596,0.285541,0.02553,0.803173,56.837078,6.065665,57.850037,6.400239,4.0,0.00012367,7,762,0.16589,0.24472,0.09,0.0,100,0.57143,0.50505,,,-0.01,0.01132,0.00852,-0.01399,0.00654,-0.00555,0.54857
1724,1765376,67.50564,205.0,1.0,0.82,1.332514,-0.002482,0.003595,0.002217,0.249313,0.015381,0.796219,56.195026,5.641428,56.771187,5.801466,4.0,0.00012356,3,712,0.16988,0.22569,0.08,0.0,100,0.66667,0.30667,,,-0.01,0.01387,0.00515,-0.01269,0.00529,-0.0029,0.23296
1725,1766400,68.25042,186.25,1.0,0.82,1.126576,-0.00274,0.002688,0.002084,0.239032,0.02689,0.849711,59.769348,6.443774,60.331951,6.074421,4.0,0.00012346,4,773,0.18145,0.2778,0.08,0.0,100,0.5,0.31343,,,-0.01,0.01021,0.01702,-0.0164,0.00461,-0.00377,0.36888
1726,1767424,68.87804,178.8,1.0,0.82,1.140324,-0.003413,0.002155,0.003069,0.293671,0.027693,0.876966,60.753334,6.204853,61.160278,6.120575,4.0,0.00012336,5,776,0.17254,0.2778,0.08,0.0,100,0.2,0.36082,,,-0.01,0.01039,0.0198,-0.01515,0.00333,-0.00236,0.45041
1727,1768448,52.0542,231.42857,0.71429,0.81,1.153148,-0.003328,0.00263,0.003316,0.255694,0.037667,0.849056,59.715267,5.659259,60.288464,5.670101,4.0,0.00012326,7,743,0.16604,0.25814,0.1,0.0,100,0.42857,0.16102,,,-0.01,0.01334,0.01203,-0.01208,0.00164,-0.00375,0.4445
1728,1769472,70.35818,146.33333,1.0,0.84,1.146025,-0.00323,0.003067,0.002563,0.261549,0.024798,0.776012,61.027515,5.196319,61.974663,5.028507,4.0,0.00012316,6,743,0.15378,0.25277,0.09,0.0,100,0.33333,0.45763,,,-0.01,0.0142,0.00872,-0.0119,0.00445,-0.00547,0.53024
1729,1770496,59.261,150.28571,0.85714,0.84,1.119743,-0.000596,0.024037,0.000876,0.155049,0.007254,0.357988,62.782349,5.143701,62.353268,8.349219,4.0,0.00012305,7,740,0.14855,0.23909,0.09,0.0,100,0.57143,0.31461,,,-0.01,0.01354,0.00997,-0.0135,0.005,-0.00402,0.50751
1730,1771520,69.93067,180.83333,1.0,0.84,1.131845,-0.003172,0.004232,0.003478,0.244236,0.03847,0.695995,61.910851,4.850866,62.007988,4.927156,4.0,0.00012295,6,746,0.15293,0.25369,0.09,0.0,100,0.16667,0.1626,,,-0.01,0.01265,0.01345,-0.01344,0.00432,-0.00624,0.51872
1731,1772544,70.54733,136.66667,1.0,0.84,1.173041,-0.00251,0.004151,0.002211,0.234496,0.017264,0.775766,62.251522,5.52054,62.189907,5.879467,4.0,0.00012285,6,751,0.14676,0.23731,0.09,0.0,100,0.16667,0.19643,,,-0.01,0.01018,0.0127,-0.0156,0.00455,-0.01076,0.50837
1732,1773568,68.25605,170.75,1.0,0.86,1.090136,-0.002773,0.003812,0.002125,0.222424,0.023926,0.809925,60.664612,5.774995,60.125973,6.045125,4.0,0.00012275,4,780,0.15625,0.24605,0.08,0.0,100,0.25,0.12048,,,-0.01,0.00995,0.01589,-0.01334,-0.00047,-0.01281,0.36744
1733,1774592,57.94814,213.66667,0.83333,0.87,0.948187,-0.003283,0.003304,0.001571,0.254051,0.015974,0.79217,59.961548,4.848666,59.929829,5.400117,4.0,0.00012264,6,795,0.15631,0.24001,0.08,0.0,100,0.16667,0.15432,,,-0.01,0.01431,0.00738,-0.01518,0.00431,-0.00494,0.51159
1734,1775616,55.94735,198.4,0.8,0.86,0.856367,-0.002371,0.002814,0.001611,0.20812,0.013288,0.825462,60.448437,4.942502,60.390377,5.440054,4.0,0.00012254,5,822,0.16047,0.25612,0.09,0.0,100,0.2,0.36066,,,-0.01,0.01152,0.00601,-0.01507,0.00406,-0.00537,0.44985
1735,1776640,45.89406,196.85714,0.71429,0.86,0.791118,-0.000635,0.035641,0.00125,0.307456,0.007359,0.35846,59.609192,5.09179,56.948673,10.373809,4.0,0.00012244,7,843,0.15496,0.26291,0.08,0.0,100,0.71429,0.68605,,,-0.01,0.00964,0.00764,-0.01429,2e-05,-0.00671,0.57445
1736,1777664,68.41669,188.66667,1.0,0.88,1.122187,-0.002617,0.008015,0.001882,0.246448,0.019845,0.514661,58.130688,4.965705,58.084541,5.639651,4.0,0.00012234,6,748,0.14059,0.22921,0.06,0.0,100,0.16667,0.2093,,,-0.01,0.01214,0.00765,-0.01367,0.00367,-0.00571,0.51139
1737,1778688,59.33026,133.85714,0.85714,0.88,1.044099,-0.002322,0.025381,0.0017,0.213664,0.013428,0.471737,55.878845,6.543964,54.913975,9.287662,4.0,0.00012223,7,756,0.15709,0.24192,0.06,0.0,100,0.71429,0.36905,,,-0.01,0.01298,0.0034,-0.01099,-0.00122,-0.00415,0.56283
1738,1779712,56.65666,125.3,0.8,0.88,1.261014,-0.001101,0.028774,0.001347,0.171736,0.006069,0.340891,56.128513,4.402293,56.211208,9.880358,4.0,0.00012213,10,707,0.17846,0.22844,0.05,0.0,100,0.3,0.53571,,,-0.01,0.01171,0.00398,-0.01323,0.00912,-0.0196,0.64395
1739,1780736,59.43008,133.57143,0.85714,0.88,1.25554,-0.002019,0.021003,0.001642,0.209251,0.015555,0.62024,55.825325,6.682647,55.209202,10.363229,4.0,0.00012203,7,720,0.19656,0.26219,0.05,0.0,100,0.28571,0.40506,,,-0.01,0.0105,0.00497,-0.01424,0.00331,-0.02575,0.49336
1740,1781760,71.78046,113.14286,1.0,0.89,1.319601,-0.004265,0.005992,0.003029,0.264606,0.033901,0.883765,55.721684,8.574095,56.544209,10.62883,4.0,0.00012193,7,702,0.19876,0.25861,0.04,0.0,100,0.0,0.34328,,,-0.01,0.01197,0.00416,-0.01298,0.00531,-0.02669,0.5572
1741,1782784,43.26738,162.625,0.75,0.87,1.249551,-0.001718,0.019235,0.003681,0.169454,0.032924,0.780431,55.53083,10.367992,55.647591,13.108665,4.0,0.00012182,8,715,0.18769,0.25192,0.05,0.0,100,0.25,0.58824,,,-0.01,0.01373,0.00265,-0.01127,0.00329,-0.01749,0.49938
1742,1783808,70.82219,124.85714,1.0,0.89,1.228973,-0.002317,0.007142,0.003106,0.250972,0.031948,0.598503,62.105869,6.531357,63.106098,5.763086,4.0,0.00012172,7,730,0.16207,0.24244,0.03,0.0,100,0.28571,0.43548,,,-0.01,0.01328,0.00903,-0.01141,0.00648,-0.00454,0.58324
1743,1784832,70.94528,152.875,1.0,0.89,1.238646,-0.001815,0.010811,0.001949,0.205925,0.0113,0.624765,60.94857,6.95271,60.728355,7.310437,4.0,0.00012162,8,719,0.16318,0.24378,0.03,0.0,100,0.125,0.22047,,,-0.01,0.01341,0.00829,-0.01496,0.00133,-0.00436,0.65291
1744,1785856,61.20684,117.85714,0.85714,0.89,1.115774,-0.000785,0.013155,0.002375,0.15563,0.017055,0.773862,59.634521,8.206916,60.139534,10.205673,4.0,0.00012152,7,736,0.15506,0.20573,0.03,0.0,100,0.14286,0.42424,,,-0.01,0.01652,0.00631,-0.00999,0.00679,-0.00449,0.53577
1745,1786880,69.52771,157.16667,1.0,0.89,1.04956,-0.00135,0.005352,0.000926,0.195623,0.001779,0.785808,61.152805,7.030531,61.601841,6.758537,4.0,0.00012141,6,762,0.15868,0.2331,0.03,0.0,100,0.0,0.425,,,-0.01,0.0112,0.0097,-0.01404,0.0052,-0.00588,0.55799
1746,1787904,70.00767,146.28571,1.0,0.89,1.036348,-0.002807,0.015263,0.001753,0.248236,0.010917,0.609069,59.82539,8.146852,59.023418,8.590983,4.0,0.00012131,7,739,0.14508,0.20598,0.03,0.0,100,0.0,0.29808,,,-0.01,0.01327,0.00312,-0.01232,-0.00017,-0.00637,0.63383
1747,1788928,61.65818,118.75,0.875,0.89,0.990451,-0.001838,0.009771,0.001929,0.188227,0.015451,0.682707,59.370857,6.452991,59.700924,7.505877,4.0,0.00012121,8,766,0.14236,0.22089,0.02,0.0,100,0.125,0.5,,,-0.01,0.01385,0.00617,-0.01267,0.0063,-0.00678,0.67414
1748,1789952,59.77985,158.5,0.875,0.9,1.084087,-0.00128,0.02049,0.002338,0.169827,0.018834,0.623584,59.400944,6.926357,58.87991,9.987453,4.0,0.00012111,8,736,0.14617,0.2139,0.01,0.0,100,0.125,0.53012,,,-0.01,0.01344,0.00448,-0.01245,0.00378,-0.00701,0.60821
1749,1790976,60.22369,129.42857,0.85714,0.9,1.172344,-0.002589,0.020144,0.002794,0.282467,0.028285,0.624332,59.726223,6.74744,58.774151,9.936802,4.0,0.000121,7,716,0.14467,0.21658,0.01,0.0,100,0.14286,0.36559,,,-0.01,0.01654,0.00725,-0.01381,0.00496,-0.00664,0.50283
1750,1792000,69.79875,152.75,1.0,0.91,1.186707,-0.002796,0.009037,0.003026,0.243326,0.034145,0.564497,59.802517,6.375837,60.461262,6.432248,4.0,0.0001209,8,717,0.14173,0.21954,0.01,0.0,100,0.0,0.4359,,,-0.01,0.01456,0.00326,-0.01083,0.00551,-0.00708,0.65885
1751,1793024,63.17839,111.0,0.88889,0.92,1.126462,-0.000971,0.01981,0.00262,0.192736,0.024205,0.505535,60.760624,5.636934,61.226048,8.497443,4.0,0.0001208,9,719,0.14204,0.18749,0.01,0.0,100,0.11111,0.6,,,-0.01,0.01361,0.00454,-0.01487,0.00584,-0.00517,0.66983
1752,1794048,61.05409,113.25,0.875,0.92,1.135043,-0.001268,0.02358,0.00191,0.178101,0.012207,0.532424,61.270161,6.838263,61.021702,9.674068,4.0,0.0001207,8,729,0.1462,0.21972,0.01,0.0,100,0.25,0.57692,,,-0.01,0.01059,0.00675,-0.01585,0.00414,-0.00455,0.59543
1753,1795072,71.08616,115.14286,1.0,0.92,1.282179,-0.003172,0.005893,0.002879,0.272598,0.024867,0.640779,61.577389,5.733322,62.35561,5.563839,4.0,0.0001206,7,706,0.14508,0.24117,0.01,0.0,100,0.0,0.46269,,,-0.01,0.01496,0.00666,-0.01244,0.00623,-0.00505,0.55783
1754,1796096,62.33748,163.375,0.875,0.91,1.103324,-0.00297,0.009607,0.003592,0.278527,0.045236,0.693641,60.355312,7.65202,60.573303,7.716149,4.0,0.00012049,8,741,0.14049,0.22616,0.02,0.0,100,0.0,0.36806,,,-0.01,0.01293,0.00794,-0.01153,0.0015,-0.00505,0.61601
1755,1797120,63.34553,142.5,0.9,0.92,1.072887,-0.001416,0.021662,0.001351,0.155988,0.009591,0.421026,61.97274,5.863112,62.059235,8.341771,4.0,0.00012039,10,738,0.1434,0.22803,0.01,0.0,100,0.1,0.40244,,,-0.01,0.01367,0.00669,-0.0113,0.00519,-0.00797,0.79711
1756,1798144,70.68142,125.28571,1.0,0.92,1.050408,-0.002828,0.004643,0.002937,0.266639,0.027762,0.660976,62.387051,4.782415,62.81781,5.097438,4.0,0.00012029,7,741,0.15933,0.25586,0.01,0.0,100,0.0,0.51786,,,-0.01,0.01238,0.00371,-0.01438,0.00267,-0.00558,0.61923
1757,1799168,60.23172,121.14286,0.85714,0.92,1.096567,-0.000766,0.011904,0.001332,0.15271,0.011754,0.621234,64.075661,5.624063,63.7113,7.834648,4.0,0.00012019,7,733,0.15751,0.25581,0.01,0.0,100,0.14286,0.34066,,,-0.01,0.0125,0.00883,-0.01498,0.0051,-0.0053,0.5119
1758,1800192,71.00315,118.33333,1.0,0.92,0.942501,-0.003559,0.003546,0.002708,0.244043,0.032924,0.866111,61.123962,6.593748,60.772381,6.827543,4.0,0.00012008,3,793,0.16907,0.27461,0.01,0.0,100,0.0,0.40541,,,-0.01,0.01219,0.00372,-0.01409,0.00431,-0.00628,0.3136
1759,1801216,64.72073,240.85714,1.0,0.92,0.921519,-0.001924,0.006662,0.002032,0.200007,0.017334,0.598529,61.271442,5.919827,61.066074,5.673554,4.0,0.00011998,7,788,0.16094,0.27829,0.01,0.0,100,0.0,0.59259,,,-0.01,0.0109,0.00161,-0.01538,0.00017,-0.00699,0.69179
1760,1802240,58.25241,143.71429,0.85714,0.92,1.094437,-0.001639,0.021293,0.003247,0.226486,0.047015,0.522034,59.827671,5.627635,59.044395,9.134345,4.0,0.00011988,7,753,0.15788,0.25768,0.01,0.0,100,0.14286,0.58824,,,-0.01,0.01288,0.00244,-0.0134,0.00213,-0.00395,0.5473
1761,1803264,69.24161,148.75,1.0,0.92,1.179643,-0.002364,0.004925,0.002092,0.208946,0.015485,0.786305,58.342064,6.304336,58.303398,6.614571,4.0,0.00011978,4,733,0.18022,0.30192,0.01,0.0,100,0.0,0.52459,,,-0.01,0.01448,0.00784,-0.01131,0.00118,-0.00567,0.35404
1762,1804288,69.83885,164.14286,1.0,0.93,1.132554,-0.001848,0.005352,0.002274,0.22295,0.017683,0.820394,58.093548,6.684385,58.519863,7.43322,4.0,0.00011967,7,743,0.16949,0.27914,0.01,0.0,100,0.0,0.4359,,,-0.01,0.01029,0.00875,-0.0139,0.00266,-0.00445,0.62311
1763,1805312,60.90828,183.875,0.875,0.93,1.167938,-0.002645,0.003262,0.001957,0.251364,0.014683,0.842233,57.96051,5.737617,58.81876,6.380795,4.0,0.00011957,8,735,0.16776,0.2647,0.02,0.0,100,0.125,0.33571,,,-0.01,0.01068,0.01162,-0.01327,0.00675,-0.00434,0.61034
1764,1806336,70.82607,150.4,1.0,0.93,1.0806,-0.003454,0.004525,0.002755,0.246307,0.030692,0.804431,60.147987,6.524063,60.717838,6.533609,4.0,0.00011947,5,751,0.1645,0.26672,0.02,0.0,100,0.0,0.42857,,,-0.01,0.01396,0.00758,-0.0125,0.00115,-0.00307,0.47068
1765,1807360,69.76978,161.85714,1.0,0.94,1.13119,-0.003243,0.003196,0.003455,0.227478,0.038818,0.821504,60.743076,5.67751,61.229961,5.669254,4.0,0.00011937,7,725,0.16119,0.26441,0.02,0.0,100,0.0,0.35644,,,-0.01,0.01578,0.00758,-0.01538,0.00271,-0.00434,0.5901
1766,1808384,59.53525,149.0,0.85714,0.93,1.045333,-0.000169,0.021277,0.001172,0.120518,0.00987,0.492486,62.463295,6.57171,62.254986,8.895049,4.0,0.00011926,7,758,0.15704,0.27381,0.02,0.0,100,0.14286,0.52206,,,-0.01,0.01275,0.01068,-0.01484,0.00563,-0.00346,0.54658
1767,1809408,70.78243,148.0,1.0,0.94,1.298702,-0.003759,0.002222,0.003564,0.310569,0.039132,0.829402,62.823589,4.711266,63.601997,4.691176,4.0,0.00011916,7,695,0.14067,0.24666,0.02,0.0,100,0.0,0.33113,,,-0.01,0.01357,0.00865,-0.01299,0.00746,-0.00387,0.52966
1768,1810432,71.49971,145.14286,1.0,0.94,1.153023,-0.002933,0.002157,0.002152,0.230516,0.020578,0.77465,64.239296,4.381577,64.618088,4.249877,4.0,0.00011906,7,723,0.15207,0.25872,0.02,0.0,100,0.0,0.35556,,,-0.01,0.01316,0.01238,-0.01393,0.00509,-0.00624,0.58812
1769,1811456,69.5915,158.0,1.0,0.95,0.983923,-0.002571,0.002832,0.002512,0.251264,0.023228,0.697188,64.285019,4.101621,63.957806,4.144507,4.0,0.00011896,5,767,0.16489,0.28549,0.01,0.0,100,0.0,0.46457,,,-0.01,0.014,0.01336,-0.01322,0.00181,-0.0028,0.4853
1770,1812480,70.58479,170.6,1.0,0.96,1.170136,-0.002361,0.002773,0.002666,0.258405,0.023926,0.790917,63.616215,4.368639,63.210728,4.856769,4.0,0.00011885,5,731,0.14052,0.24453,0.01,0.0,100,0.0,0.44366,,,-0.01,0.01291,0.00786,-0.01091,0.00672,-0.0035,0.42018
1771,1813504,57.575,190.14286,0.85714,0.95,1.142328,-0.001852,0.003719,0.001767,0.197795,0.019427,0.562879,63.50013,3.339889,63.395893,3.947836,4.0,0.00011875,7,715,0.15655,0.27525,0.01,0.0,100,0.14286,0.42697,,,-0.01,0.01257,0.00898,-0.01294,0.0027,-0.00557,0.49368
1772,1814528,56.56786,135.0,0.8,0.94,1.022148,-0.000702,0.02096,0.001579,0.195862,0.010777,0.440999,62.65163,4.542221,61.2229,8.397478,4.0,0.00011865,5,752,0.15682,0.28266,0.01,0.0,100,0.2,0.47826,,,-0.01,0.01204,0.00611,-0.01199,0.00329,-0.00446,0.38042
1773,1815552,67.93952,213.8,1.0,0.95,1.105874,-0.002902,0.003672,0.002036,0.224778,0.020333,0.707063,62.27647,4.726326,61.990627,4.694376,4.0,0.00011855,5,749,0.15276,0.26651,0.01,0.0,100,0.0,0.48925,,,-0.01,0.01263,0.01538,-0.01334,0.00467,-0.00356,0.43352
1774,1816576,61.17768,147.25,0.875,0.94,1.010418,-0.001376,0.022224,0.002754,0.21364,0.031773,0.42295,60.561657,5.236825,59.45578,8.659497,4.0,0.00011844,8,760,0.15527,0.27858,0.01,0.0,100,0.125,0.42442,,,-0.01,0.01193,0.015,-0.01367,0.00029,-0.00335,0.6576
1775,1817600,69.2717,249.25,1.0,0.94,1.064793,-0.003069,0.003878,0.002089,0.271009,0.015974,0.761226,60.346157,4.736765,60.18829,5.239183,4.0,0.00011834,4,758,0.16187,0.27585,0.01,0.0,100,0.0,0.25822,,,-0.01,0.01169,0.02264,-0.0156,0.00538,-0.00246,0.34859
1776,1818624,71.62606,173.0,1.0,0.94,1.054048,-0.003316,0.005376,0.002287,0.254256,0.023472,0.726702,58.769352,5.478381,58.254597,5.973958,4.0,0.00011824,4,769,0.1606,0.27441,0.01,0.0,100,0.0,0.24503,,,-0.01,0.01213,0.01387,-0.01581,0.00081,-0.00323,0.37545
1777,1819648,49.5969,193.5,0.75,0.93,1.12584,-0.000477,0.034278,0.000534,0.245137,0.001256,0.39169,57.710136,4.688023,55.741276,10.290094,4.0,0.00011814,8,734,0.15146,0.24325,0.01,0.0,100,0.375,0.51152,,,-0.01,0.01303,0.00509,-0.01474,0.00126,-0.00395,0.50491
1778,1820672,59.09787,156.57143,0.85714,0.92,1.019383,-0.000962,0.024305,0.000629,0.144429,0.003836,0.555959,54.551716,7.172162,54.41885,9.965763,4.0,0.00011804,7,753,0.15952,0.26746,0.01,0.0,100,0.14286,0.51479,,,-0.01,0.01312,0.00945,-0.01614,0.00131,-0.00372,0.56598
1779,1821696,45.97756,165.66667,0.66667,0.91,1.163662,-0.001231,0.014867,0.001494,0.266053,0.010742,0.685365,54.378231,6.460528,52.580193,9.339109,4.0,0.00011793,3,738,0.16699,0.27367,0.01,0.0,100,0.33333,0.54118,,,-0.01,0.01351,0.00564,-0.01219,0.00086,-0.00258,0.1724
1780,1822720,67.43071,214.42857,1.0,0.92,0.913149,-0.001197,0.016238,0.00109,0.21378,0.007952,0.701019,48.682331,10.583729,49.794136,10.475668,4.0,0.00011783,7,801,0.15633,0.25655,0.0,0.0,100,0.0,0.49416,,,-0.01,0.01165,0.01148,-0.01696,0.00347,-0.00338,0.73021
1781,1823744,69.89436,175.75,1.0,0.92,1.313727,-0.002123,0.00877,0.002824,0.228403,0.026855,0.600794,54.040367,6.21501,54.816998,6.598126,4.0,0.00011773,4,707,0.15158,0.2548,0.0,0.0,100,0.0,0.47945,,,-0.01,0.01268,0.00802,-0.01339,0.00658,-0.00262,0.30873
1782,1824768,69.30236,167.5,1.0,0.92,1.247187,-0.002391,0.006702,0.001916,0.270962,0.021519,0.75807,55.488647,7.078341,56.312084,7.346674,4.0,0.00011763,6,719,0.14349,0.2426,0.0,0.0,100,0.0,0.47872,,,-0.01,0.01147,0.00807,-0.01502,0.00265,-0.00348,0.48197
1783,1825792,67.91629,221.5,1.0,0.93,0.98538,-0.002633,0.005408,0.002253,0.219401,0.026542,0.805749,58.985264,7.509565,58.929058,7.323819,4.0,0.00011752,4,790,0.1705,0.30128,0.0,0.0,100,0.0,0.42105,,,-0.01,0.00847,0.02029,-0.01613,-0.00144,-0.00241,0.38795
1784,1826816,65.42392,259.75,1.0,0.93,1.069752,-0.002805,0.00425,0.002194,0.204947,0.024484,0.815851,54.845821,6.515358,55.09848,6.659488,4.0,0.00011742,4,763,0.17181,0.29494,0.0,0.0,100,0.0,0.46479,,,-0.01,0.01253,0.00691,-0.01355,0.00089,-0.00282,0.36237
1785,1827840,65.39107,265.0,1.0,0.93,1.018843,-0.002964,0.002516,0.002649,0.233926,0.032506,0.870219,60.269096,6.110196,60.105083,6.063807,4.0,0.00011732,3,805,0.1687,0.28151,0.0,0.0,100,0.0,0.46575,,,-0.01,0.00528,0.01449,-0.02004,0.00146,-0.00328,0.29368
1786,1828864,61.97997,329.33333,1.0,0.93,1.274687,-0.003264,0.002309,0.002678,0.264744,0.0271,0.885298,57.851032,6.365906,57.494514,6.14718,4.0,0.00011722,3,730,0.15888,0.27641,0.0,0.01,100,0.0,0.50476,,,-0.01,0.01011,0.00866,-0.01164,0.00069,-0.00452,0.22623
1787,1829888,50.57381,310.0,0.8,0.92,1.17653,-0.003216,0.002103,0.002367,0.279383,0.028913,0.881098,59.4981,5.651299,59.221447,5.590905,4.0,0.00011711,5,756,0.14928,0.25715,0.01,0.01,100,0.0,0.48843,,,-0.01,0.00852,0.00226,-0.01779,0.00477,-0.00702,0.32958
1788,1830912,63.58601,303.5,1.0,0.92,1.168834,-0.004052,0.001938,0.003818,0.255295,0.049874,0.926721,57.818245,6.748665,57.667603,6.880178,4.0,0.00011701,2,757,0.16067,0.27476,0.01,0.01,100,0.0,0.59542,,,-0.01,0.01063,0.0131,-0.01344,0.00111,-0.00387,0.16371
1789,1831936,47.93343,250.5,0.75,0.91,1.187516,-0.000442,0.016577,0.000663,0.143523,0.000767,0.579053,55.886456,6.309551,55.102322,8.524218,4.0,0.00011691,4,740,0.16056,0.27748,0.01,0.01,100,0.25,0.44792,,,-0.01,0.00975,0.00671,-0.01047,0.00011,-0.00351,0.24041
1790,1832960,65.68047,259.0,1.0,0.91,1.106904,-0.002378,0.003588,0.001497,0.221066,0.011056,0.82232,56.163788,5.714522,56.022808,6.018216,4.0,0.00011681,3,768,0.18212,0.31085,0.01,0.01,100,0.0,0.52766,,,-0.01,0.00896,0.01721,-0.0157,0.00119,-0.00616,0.26271
1791,1833984,62.12898,323.5,1.0,0.91,1.154639,-0.003298,0.002672,0.002951,0.282942,0.034494,0.855807,54.430447,5.751273,54.024406,5.945172,4.0,0.0001167,4,750,0.16111,0.25032,0.01,0.01,100,0.0,0.52397,,,-0.01,0.01149,-0.00095,-0.0144,-0.00029,-0.00635,0.33312
1792,1835008,31.43825,353.5,0.5,0.91,0.95641,-0.00253,0.002832,0.002145,0.233429,0.027483,0.841404,54.451416,5.622514,54.348248,5.781831,4.0,0.0001166,2,809,0.17653,0.28519,0.02,0.01,100,0.5,0.54545,,,-0.01,0.01007,0.00535,-0.01378,-5e-05,-0.00147,0.10146
1793,1836032,62.24874,286.16667,1.0,0.91,1.161366,-0.002505,0.002935,0.002069,0.227866,0.016811,0.85218,53.345783,5.671796,53.640266,6.433849,4.0,0.0001165,6,743,0.15424,0.23268,0.02,0.01,100,0.33333,0.61515,,,-0.01,0.01016,0.00034,-0.01508,0.00111,-0.00356,0.48649
1794,1837056,41.94122,207.33333,0.66667,0.9,1.058531,-0.000755,0.016989,0.001288,0.17671,0.009208,0.596034,54.100315,6.163491,53.104771,8.691945,4.0,0.0001164,3,768,0.17181,0.28446,0.02,0.01,100,0.33333,0.69919,,,-0.01,0.00972,-0.00152,-0.01247,-0.00033,-0.00413,0.18322
1795,1838080,64.62944,237.5,1.0,0.91,1.184834,-0.002656,0.002926,0.002914,0.262683,0.037458,0.820245,54.383751,5.064412,54.538921,5.510179,4.0,0.00011629,4,738,0.16065,0.27074,0.02,0.01,100,0.0,0.66258,,,-0.01,0.0108,0.00274,-0.01332,0.00404,-0.00633,0.33284
1796,1839104,28.24638,354.5,0.5,0.89,1.311927,-0.003204,0.002442,0.003286,0.275065,0.034528,0.851224,55.409893,4.975888,55.260174,5.458025,4.0,0.00011619,4,722,0.16027,0.28832,0.04,0.01,100,0.0,0.62664,,,-0.01,0.00773,0.00485,-0.01246,0.00246,-0.00857,0.15209
1797,1840128,65.41658,240.5,1.0,0.89,1.287523,-0.003343,0.003065,0.002882,0.292697,0.024309,0.843594,52.029396,5.42682,52.235268,6.043857,4.0,0.00011609,4,713,0.15503,0.23222,0.04,0.01,100,0.0,0.57589,,,-0.01,0.01303,0.00285,-0.00958,0.001,-0.00518,0.30854
1798,1841152,46.71102,200.57143,0.71429,0.88,1.131652,-0.000891,0.030224,0.00236,0.214653,0.017369,0.503004,53.037941,6.732536,51.901768,10.749728,4.0,0.00011599,7,745,0.15137,0.24009,0.04,0.01,100,0.28571,0.57724,,,-0.01,0.01382,0.00534,-0.01271,-0.00026,-0.00478,0.42135
1799,1842176,68.6506,170.6,1.0,0.88,1.241832,-0.002423,0.007575,0.003133,0.321645,0.029646,0.70915,50.925396,5.634013,52.194675,6.989595,4.0,0.00011588,5,729,0.15522,0.25943,0.04,0.02,100,0.0,0.52756,,,-0.01,0.01424,0.00528,-0.01152,0.0038,-0.00647,0.4107
1800,1843200,53.88845,194.8,0.8,0.89,1.310259,-0.001096,0.019984,0.002537,0.189585,0.020054,0.591718,51.620136,6.712939,51.555721,9.385193,4.0,0.00011578,5,713,0.15722,0.26761,0.04,0.02,100,0.4,0.60294,,,-0.01,0.01392,0.00563,-0.01032,0.00283,-0.00394,0.31167
1801,1844224,68.85608,183.66667,1.0,0.89,1.315921,-0.003172,0.004116,0.003709,0.347981,0.041574,0.884941,51.940266,7.311711,53.531696,7.870662,4.0,0.00011568,6,713,0.14707,0.2336,0.04,0.02,100,0.0,0.56379,,,-0.01,0.01347,0.00678,-0.01257,0.00832,-0.00391,0.46112
1802,1845248,70.04925,169.83333,1.0,0.91,1.363627,-0.004264,0.003144,0.004089,0.367722,0.051862,0.922169,54.842831,8.098303,56.205845,8.279629,4.0,0.00011558,6,703,0.1401,0.23237,0.04,0.02,100,0.0,0.47449,,,-0.01,0.0132,0.00652,-0.01372,0.00425,-0.00313,0.45194
1803,1846272,68.84115,173.0,1.0,0.91,1.20473,-0.002344,0.00423,0.00267,0.25365,0.023612,0.872633,56.003323,7.511499,56.983131,7.661088,4.0,0.00011548,6,727,0.15928,0.25682,0.04,0.02,100,0.16667,0.59574,,,-0.01,0.01258,0.00541,-0.0138,0.00112,-0.00523,0.49874
1804,1847296,68.68926,174.16667,1.0,0.91,1.062125,-0.004003,0.003952,0.003226,0.269308,0.043945,0.908621,55.921864,8.347063,56.906467,8.707459,4.0,0.00011537,6,747,0.16856,0.26999,0.04,0.02,100,0.33333,0.58403,,,-0.01,0.01636,0.00572,-0.01013,0.00095,-0.005,0.53613
1805,1848320,57.11724,175.66667,0.83333,0.9,1.010727,-0.000774,0.02333,0.001357,0.130963,0.009801,0.607197,58.677937,9.345734,58.775295,10.837767,4.0,0.00011527,6,775,0.16081,0.2585,0.04,0.02,100,0.5,0.58824,,,-0.01,0.01452,0.00991,-0.0128,0.00331,-0.00707,0.4762
1806,1849344,69.00257,157.6,1.0,0.9,1.142277,-0.003871,0.004023,0.002453,0.271828,0.030483,0.885176,60.739468,8.574454,61.512768,7.982071,4.0,0.00011517,5,742,0.15831,0.26017,0.04,0.02,100,0.0,0.62573,,,-0.01,0.0132,0.00597,-0.01193,0.00514,-0.00756,0.43042
1807,1850368,60.47045,192.0,0.85714,0.89,1.157576,-0.002348,0.001646,0.00164,0.265686,0.016985,0.909361,61.088867,6.520666,61.823933,6.036969,4.0,0.00011507,7,738,0.13747,0.23394,0.05,0.02,100,0.0,0.436,,,-0.01,0.01649,0.00069,-0.00975,0.00626,-0.01238,0.5096
1808,1851392,57.65551,139.5,0.83333,0.89,0.995365,-0.001856,0.025006,0.002774,0.209501,0.023821,0.401214,61.911396,5.87463,61.115437,8.691215,4.0,0.00011496,6,759,0.14122,0.23431,0.04,0.02,100,0.16667,0.56757,,,-0.01,0.01496,0.00746,-0.01297,0.00341,-0.01054,0.45419
1809,1852416,32.7079,180.0,0.5,0.87,1.119866,-0.000939,0.040315,0.002112,0.266918,0.013707,0.230897,60.928711,4.652586,58.921272,10.11351,4.0,0.00011486,6,725,0.13541,0.22658,0.05,0.02,100,0.66667,0.65517,,,-0.01,0.01497,0.00209,-0.01152,0.00111,-0.01215,0.24514
1810,1853440,67.91578,158.0,1.0,0.87,1.134845,-0.00271,0.005852,0.002806,0.250519,0.028704,0.661374,59.908691,5.252558,59.839653,5.454515,4.0,0.00011476,5,753,0.14839,0.25491,0.05,0.01,100,0.2,0.61905,,,-0.01,0.01248,0.00807,-0.01754,0.00354,-0.01208,0.42653
1811,1854464,68.54795,151.8,1.0,0.88,1.070777,-0.001693,0.007623,0.001978,0.202012,0.012765,0.471205,59.141518,5.592488,59.536579,5.368336,4.0,0.00011466,5,766,0.15368,0.26785,0.04,0.01,100,0.2,0.5,,,-0.01,0.01234,0.01341,-0.01581,0.00472,-0.00994,0.44616
1812,1855488,46.06381,246.0,0.66667,0.86,1.096928,-0.002973,0.003978,0.002197,0.234633,0.020473,0.659743,59.312805,4.470221,59.278454,4.761469,4.0,0.00011455,6,752,0.15185,0.25031,0.06,0.01,100,0.0,0.38516,,,-0.01,0.01315,0.0098,-0.01728,0.00382,-0.00895,0.35068
1813,1856512,69.44895,137.4,1.0,0.87,1.080303,-0.002359,0.003904,0.001858,0.237064,0.017055,0.731615,59.497803,4.647936,59.777409,5.193912,4.0,0.00011445,5,762,0.16289,0.26635,0.06,0.01,100,0.0,0.58333,,,-0.01,0.01487,0.00733,-0.01512,0.00609,-0.00736,0.46461
1814,1857536,56.80681,212.16667,0.83333,0.88,1.03477,-0.002021,0.003462,0.00173,0.204317,0.014369,0.754017,59.770199,4.795415,59.949303,5.276371,4.0,0.00011435,6,789,0.1685,0.27919,0.05,0.01,100,0.16667,0.46835,,,-0.01,0.01257,0.01644,-0.01548,0.001,-0.01491,0.47942
1815,1858560,52.65154,213.0,0.75,0.89,1.12724,-0.003898,0.002704,0.003043,0.275063,0.036168,0.808302,60.523968,4.734963,60.510796,5.068639,4.0,0.00011425,4,756,0.16516,0.27686,0.06,0.01,100,0.0,0.42208,,,-0.01,0.01304,0.00863,-0.01476,0.00555,-0.0094,0.26454
1816,1859584,40.48579,194.6,0.6,0.87,1.110643,-0.000596,0.024733,0.002486,0.222013,0.029122,0.38986,60.217632,5.392117,58.849373,8.453765,4.0,0.00011414,5,768,0.16513,0.27982,0.07,0.01,100,0.2,0.42945,,,-0.01,0.01248,0.01227,-0.017,0.00016,-0.00974,0.27131
1817,1860608,55.53209,253.5,0.83333,0.86,1.115351,-0.002455,0.005382,0.001802,0.233029,0.017927,0.726841,58.346088,5.333932,58.534214,5.808542,4.0,0.00011404,6,751,0.16137,0.25804,0.08,0.01,100,0.0,0.41667,,,-0.01,0.01604,0.00531,-0.01388,0.00411,-0.00615,0.43415
1818,1861632,71.35971,124.2,1.0,0.87,1.161358,-0.001751,0.006315,0.002645,0.235551,0.019741,0.649473,59.016941,5.379186,59.189178,5.764469,4.0,0.00011394,5,742,0.15886,0.25881,0.08,0.01,100,0.2,0.6383,,,-0.01,0.01643,0.00447,-0.01359,0.00446,-0.00554,0.43733
1819,1862656,51.32895,216.0,0.75,0.86,1.108353,-0.001952,0.003878,0.002696,0.242331,0.030064,0.784912,59.239647,5.538295,58.914577,6.027104,4.0,0.00011384,4,789,0.16741,0.27798,0.09,0.01,100,0.25,0.55118,,,-0.01,0.01009,0.0094,-0.01888,0.00362,-0.00372,0.28642
1820,1863680,65.54225,239.6,1.0,0.86,1.310254,-0.002238,0.004426,0.001479,0.260223,0.006836,0.75001,58.236538,5.125838,58.330502,5.577569,4.0,0.00011373,5,717,0.15935,0.23982,0.09,0.0,100,0.0,0.48421,,,-0.01,0.01304,0.00434,-0.01334,0.00441,-0.00378,0.37824
1821,1864704,46.84679,185.33333,0.66667,0.84,1.284695,-0.00118,0.023397,0.001543,0.219446,0.01123,0.350221,60.065716,4.552417,58.87281,8.027495,4.0,0.00011363,6,714,0.15051,0.23153,0.1,0.0,100,0.33333,0.48555,,,-0.01,0.01503,0.00499,-0.01111,0.00619,-0.00969,0.32047
1822,1865728,70.22966,139.5,1.0,0.84,1.265349,-0.002254,0.006542,0.001557,0.23568,0.01123,0.658345,58.283897,5.050215,58.389801,5.782258,4.0,0.00011353,6,730,0.153,0.23516,0.1,0.0,100,0.16667,0.53378,,,-0.01,0.01354,0.00655,-0.01429,0.00491,-0.00645,0.49418
1823,1866752,66.99632,180.0,1.0,0.84,1.31104,-0.002714,0.005737,0.003192,0.252944,0.035575,0.757962,57.211784,5.923494,57.26144,6.613029,4.0,0.00011343,6,735,0.15263,0.23422,0.1,0.0,100,0.16667,0.62658,,,-0.01,0.01179,0.00789,-0.01527,0.00485,-0.01023,0.48044
1824,1867776,57.88555,210.16667,0.83333,0.84,1.286838,-0.00221,0.004593,0.002626,0.267752,0.023298,0.653235,57.981121,4.312667,58.507618,4.945019,4.0,0.00011332,6,712,0.16639,0.2401,0.11,0.0,100,0.16667,0.37615,,,-0.01,0.01683,0.0043,-0.01104,0.00473,-0.00994,0.40762
1825,1868800,69.29397,158.16667,1.0,0.85,1.361816,-0.004188,0.003323,0.003044,0.31158,0.032645,0.778491,59.499249,4.551135,59.596943,5.227718,4.0,0.00011322,6,727,0.16683,0.25506,0.1,0.0,100,0.0,0.62745,,,-0.01,0.01239,0.00103,-0.01319,0.00695,-0.00609,0.48845
1826,1869824,68.57786,176.16667,1.0,0.85,1.179712,-0.0026,0.00448,0.003004,0.268518,0.030204,0.736268,58.527409,5.236912,58.872837,5.721565,4.0,0.00011312,6,749,0.17151,0.26023,0.1,0.0,100,0.0,0.68794,,,-0.01,0.01754,-0.00355,-0.01067,0.00143,-0.00455,0.54087
1827,1870848,48.045,200.57143,0.71429,0.87,1.339657,-0.001434,0.021527,0.002513,0.179693,0.02846,0.442816,59.590008,4.690729,58.929974,8.287273,4.0,0.00011302,7,705,0.16903,0.24494,0.1,0.0,100,0.42857,0.64,,,-0.01,0.01563,0.00148,-0.01184,0.00619,-0.00509,0.38756
1828,1871872,62.17256,130.625,0.875,0.86,1.382413,-0.00169,0.022431,0.001126,0.206582,0.008684,0.400185,58.956734,4.326567,58.826435,8.358377,4.0,0.00011292,8,687,0.15403,0.23457,0.1,0.0,100,0.125,0.59333,,,-0.01,0.01935,0.00213,-0.00895,0.00645,-0.00335,0.53105
1829,1872896,71.68022,123.0,1.0,0.87,1.373643,-0.002662,0.004132,0.001954,0.288929,0.017997,0.641746,59.452393,3.805039,60.658993,4.65636,4.0,0.00011281,8,687,0.15299,0.21829,0.09,0.0,100,0.0,0.61486,,,-0.01,0.0158,0.00312,-0.01275,0.0079,-0.00367,0.6036
1830,1873920,57.73049,132.66667,0.83333,0.87,1.279722,-0.002395,0.018394,0.005332,0.223895,0.074289,0.621686,61.49543,6.301877,61.045101,9.441208,4.0,0.00011271,6,708,0.1526,0.24563,0.08,0.0,100,0.16667,0.64602,,,-0.01,0.01604,0.00396,-0.01347,0.00304,-0.00402,0.402
1831,1874944,71.11815,153.83333,1.0,0.88,1.210542,-0.00164,0.004536,0.001134,0.203112,0.003453,0.783589,60.527363,5.922898,60.782196,5.992849,4.0,0.00011261,6,744,0.15205,0.23418,0.07,0.0,100,0.0,0.38732,,,-0.01,0.01419,0.00512,-0.01285,0.00752,-0.00451,0.51464
1832,1875968,69.09409,161.33333,1.0,0.89,1.076896,-0.002283,0.007873,0.002998,0.286111,0.031355,0.813625,58.937679,8.19321,57.63018,8.573205,4.0,0.00011251,3,792,0.15762,0.25916,0.06,0.0,100,0.0,0.58182,,,-0.01,0.01492,0.0093,-0.01111,-0.00056,-0.00395,0.29451
1833,1876992,55.17806,235.2,0.8,0.9,0.924218,-0.001758,0.006832,0.001331,0.201392,0.011021,0.851271,52.885612,8.711441,52.849895,9.271029,4.0,0.0001124,5,835,0.16701,0.27435,0.06,0.0,100,0.2,0.38971,,,-0.01,0.0136,0.00963,-0.01577,0.00352,-0.0032,0.44918
1834,1878016,67.00539,242.83333,1.0,0.9,1.042864,-0.001755,0.009388,0.001598,0.212591,0.013323,0.796734,54.285381,9.427819,54.981201,9.188282,4.0,0.0001123,6,800,0.15536,0.25429,0.06,0.0,100,0.5,0.48438,,,-0.01,0.01272,0.0131,-0.01624,0.00399,-0.0052,0.57785
1835,1879040,68.45667,203.0,1.0,0.91,1.274836,-0.002494,0.007412,0.002835,0.258149,0.033622,0.755178,58.061089,7.44661,58.319233,7.437791,4.0,0.0001122,6,732,0.15239,0.23993,0.05,0.0,100,0.33333,0.36869,,,-0.01,0.0144,0.00736,-0.01086,0.00329,-0.00913,0.49163
1836,1880064,69.30149,161.33333,1.0,0.92,1.399248,-0.002854,0.003972,0.001899,0.246171,0.02131,0.791249,60.255161,5.296932,60.418938,5.825908,4.0,0.0001121,6,716,0.14677,0.22514,0.04,0.0,100,0.33333,0.62595,,,-0.01,0.01421,0.00113,-0.01015,0.00601,-0.00752,0.47328
1837,1881088,70.42804,178.25,1.0,0.92,1.293418,-0.002374,0.005222,0.002517,0.229246,0.02403,0.769093,59.00309,6.319148,59.071777,6.386335,4.0,0.00011199,4,735,0.15158,0.23788,0.04,0.0,100,0.25,0.39669,,,-0.01,0.01491,0.007,-0.00847,0.00361,-0.00905,0.32974
1838,1882112,56.02477,199.33333,0.83333,0.93,1.195844,-0.001897,0.004395,0.002609,0.222554,0.017613,0.790321,58.656239,5.705917,58.712513,6.161448,4.0,0.00011189,6,742,0.16867,0.26043,0.04,0.0,100,0.33333,0.62679,,,-0.01,0.01471,0.00799,-0.01267,0.00254,-0.00852,0.43581
1839,1883136,57.88239,157.0,0.83333,0.92,1.360671,-0.001227,0.017331,0.002119,0.202674,0.02424,0.604076,60.004925,5.297105,59.261059,8.980011,4.0,0.00011179,6,708,0.15102,0.22806,0.04,0.0,100,0.16667,0.40278,,,-0.01,0.01656,0.0054,-0.00959,0.00472,-0.00369,0.38842
1840,1884160,70.41798,158.71429,1.0,0.93,1.329464,-0.003304,0.004593,0.001719,0.26139,0.014509,0.744554,59.331326,5.264676,60.055199,5.465008,4.0,0.00011169,7,716,0.16832,0.27116,0.03,0.0,100,0.0,0.46429,,,-0.01,0.01416,0.01137,-0.01331,0.0047,-0.00361,0.56802
1841,1885184,70.13442,164.42857,1.0,0.93,1.339768,-0.002617,0.003797,0.003766,0.261074,0.03833,0.749418,59.898663,5.170101,60.930153,5.227971,4.0,0.00011158,7,709,0.15624,0.23452,0.03,0.0,100,0.0,0.47273,,,-0.01,0.0165,0.00481,-0.01089,0.00792,-0.005,0.54957
1842,1886208,70.87908,156.28571,1.0,0.93,1.383974,-0.003993,0.002006,0.003284,0.278028,0.033308,0.840065,63.553528,5.270498,63.984005,4.941356,4.0,0.00011148,7,714,0.14475,0.23612,0.03,0.0,100,0.0,0.37634,,,-0.01,0.01182,0.0152,-0.01293,0.00529,-0.00436,0.52905
1843,1887232,71.22726,168.8,1.0,0.94,1.399892,-0.00263,0.00186,0.002099,0.277715,0.014125,0.829217,62.764492,4.746075,63.367886,4.447104,4.0,0.00011138,5,695,0.14629,0.2217,0.02,0.0,100,0.0,0.30986,,,-0.01,0.0168,0.00665,-0.00937,0.006,-0.00449,0.36906
1844,1888256,71.60822,150.71429,1.0,0.95,1.32623,-0.002485,0.001601,0.001837,0.262113,0.012974,0.832821,63.969292,4.114923,64.39579,4.099245,4.0,0.00011128,7,704,0.14311,0.23756,0.02,0.0,100,0.0,0.40722,,,-0.01,0.01651,0.00848,-0.01057,0.00718,-0.00562,0.54469
1845,1889280,70.52014,143.0,1.0,0.96,1.351071,-0.002695,0.002118,0.00294,0.233873,0.028285,0.747977,64.373306,4.115254,64.597618,3.904186,4.0,0.00011117,9,692,0.13474,0.21418,0.02,0.0,100,0.22222,0.53333,,,-0.01,0.01685,0.00318,-0.01144,0.00571,-0.00707,0.67979
1846,1890304,62.83105,130.55556,0.88889,0.96,1.241114,-0.001213,0.02437,0.000673,0.216022,0.001046,0.340028,64.18824,4.029266,63.37896,8.129376,4.0,0.00011107,9,711,0.13593,0.22407,0.02,0.0,100,0.22222,0.43636,,,-0.01,0.01624,0.00959,-0.00968,0.00336,-0.00659,0.64271
1847,1891328,70.89538,141.4,1.0,0.96,1.0966,-0.00193,0.004265,0.0018,0.208,0.015765,0.604207,64.036568,4.542738,64.285484,4.324099,4.0,0.00011097,5,737,0.14975,0.25325,0.02,0.0,100,0.4,0.46774,,,-0.01,0.01707,0.00999,-0.01271,0.0017,-0.00498,0.4469
1848,1892352,59.37765,156.14286,0.85714,0.95,1.160575,-0.000683,0.021346,0.001067,0.165887,0.007185,0.427913,63.465794,5.105291,62.580017,8.483396,4.0,0.00011087,7,726,0.13763,0.22685,0.02,0.0,100,0.14286,0.45685,,,-0.01,0.01747,0.00845,-0.01282,0.00347,-0.01025,0.49432
1849,1893376,61.7384,128.0,0.875,0.95,1.151002,-0.00072,0.021952,0.001073,0.197141,0.007115,0.483802,62.409992,4.641487,61.360291,8.689116,4.0,0.00011076,8,720,0.14741,0.2402,0.01,0.0,100,0.375,0.49718,,,-0.01,0.01747,0.00607,-0.01146,0.00061,-0.00805,0.58767
1850,1894400,69.76048,154.2,1.0,0.95,1.113942,-0.001943,0.003343,0.001026,0.206635,0.00436,0.852806,62.404053,6.231894,62.732338,6.431857,4.0,0.00011066,5,754,0.15866,0.26805,0.01,0.0,100,0.2,0.54745,,,-0.01,0.01305,0.01405,-0.01184,0.00647,-0.00413,0.44388
1851,1895424,71.41723,152.28571,1.0,0.95,1.251712,-0.002742,0.002928,0.001523,0.215116,0.010917,0.838722,63.021587,5.814681,63.438496,5.920826,4.0,0.00011056,7,712,0.1465,0.2417,0.01,0.0,100,0.0,0.37634,,,-0.01,0.01651,0.01493,-0.01281,0.00813,-0.0092,0.54223
1852,1896448,70.66664,169.71429,1.0,0.95,1.222536,-0.001732,0.003939,0.001163,0.202079,0.007987,0.692643,63.188835,5.240955,63.972107,4.847993,4.0,0.00011046,7,703,0.14873,0.22927,0.01,0.0,100,0.14286,0.37868,,,-0.01,0.01936,0.01044,-0.01056,0.00797,-0.00713,0.54062
1853,1897472,72.38109,127.5,1.0,0.96,1.292269,-0.002835,0.002758,0.001425,0.236804,0.010847,0.762705,64.436958,4.472364,64.725082,4.540948,4.0,0.00011036,8,695,0.14935,0.23918,0.0,0.0,100,0.125,0.40741,,,-0.01,0.01857,0.00898,-0.01043,0.00446,-0.00764,0.61602
1854,1898496,71.62306,127.375,1.0,0.97,1.2312,-0.002344,0.002689,0.002956,0.234877,0.024309,0.636234,65.551567,4.101593,65.908302,3.70585,4.0,0.00011025,8,708,0.15015,0.24976,0.0,0.0,100,0.125,0.4698,,,-0.01,0.01613,0.00816,-0.01062,0.00836,-0.00564,0.64539
1855,1899520,70.69007,148.0,1.0,0.97,1.248968,-0.002772,0.001948,0.002899,0.239344,0.025739,0.756646,65.74929,3.865129,65.797165,3.819112,4.0,0.00011015,8,707,0.15791,0.24347,0.0,0.0,100,0.125,0.47549,,,-0.01,0.01443,0.00603,-0.01181,0.00771,-0.00735,0.62066
1856,1900544,70.24155,138.5,1.0,0.97,1.276491,-0.002848,0.003341,0.002352,0.245048,0.0241,0.623182,65.740494,3.737888,65.462791,3.968472,4.0,0.00011005,8,705,0.14516,0.2303,0.0,0.0,100,0.25,0.5119,,,-0.01,0.01673,0.00747,-0.01217,0.00205,-0.01176,0.6261
1857,1901568,52.88975,109.5,0.75,0.96,1.089034,-0.00047,0.016449,0.000556,0.127464,0.000488,0.416408,64.460945,3.691522,63.738674,7.018416,4.0,0.00010995,4,744,0.17897,0.2664,0.0,0.0,100,0.25,0.38235,,,-0.01,0.01405,0.00825,-0.01053,0.00665,-0.00977,0.2665
1858,1902592,68.42541,176.25,1.0,0.96,1.190215,-0.003947,0.002342,0.002078,0.243143,0.019566,0.742878,63.725124,3.979589,63.883755,3.937411,4.0,0.00010984,8,725,0.1602,0.23953,0.0,0.0,100,0.5,0.46597,,,-0.01,0.01642,0.00399,-0.0103,0.00575,-0.00917,0.66282
1859,1903616,61.35186,138.625,0.875,0.95,1.251617,-0.001907,0.020768,0.001796,0.201448,0.01559,0.418723,64.542732,3.67227,63.638268,8.053291,4.0,0.00010974,8,701,0.14304,0.22798,0.0,0.0,100,0.375,0.40244,,,-0.01,0.01596,0.00925,-0.01152,0.00362,-0.01123,0.54347
1860,1904640,71.15776,131.0,1.0,0.96,1.157497,-0.002099,0.004093,0.003552,0.207347,0.041399,0.58748,63.034565,4.087434,63.461426,4.120169,4.0,0.00010964,8,732,0.13577,0.21781,0.0,0.0,100,0.125,0.45455,,,-0.01,0.01825,0.00575,-0.01039,0.00442,-0.00733,0.67847
1861,1905664,70.88072,136.625,1.0,0.96,1.293734,-0.002893,0.002433,0.00303,0.237005,0.021484,0.762611,64.071854,4.339523,64.311951,4.335768,4.0,0.00010954,8,711,0.14381,0.21968,0.0,0.0,100,0.25,0.4569,,,-0.01,0.01701,0.0049,-0.01117,0.00784,-0.00443,0.64322
1862,1906688,71.56998,130.83333,1.0,0.97,1.197552,-0.002021,0.003978,0.003226,0.227391,0.033726,0.596212,63.65202,4.500446,63.893551,4.300108,4.0,0.00010943,6,727,0.15297,0.22745,0.0,0.0,100,0.33333,0.5,,,-0.01,0.01821,0.00459,-0.01036,0.0036,-0.00459,0.52161
1863,1907712,62.83035,127.33333,0.88889,0.97,1.246441,-0.001468,0.017122,0.001639,0.171581,0.013986,0.49338,63.931679,4.339449,63.877808,7.679717,4.0,0.00010933,9,717,0.15648,0.23235,0.0,0.0,100,0.22222,0.50862,,,-0.01,0.01743,0.00645,-0.01077,0.00233,-0.00659,0.6726
1864,1908736,56.00473,141.8,0.8,0.96,1.165047,-0.001346,0.023837,0.002752,0.232905,0.030831,0.319741,63.645638,4.191041,62.367332,7.974506,4.0,0.00010923,5,740,0.16867,0.24802,0.0,0.0,100,0.2,0.47191,,,-0.01,0.01689,0.00273,-0.01132,-0.00063,-0.00528,0.36173
1865,1909760,69.79036,147.16667,1.0,0.96,1.181046,-0.002829,0.00407,0.001363,0.235495,0.010777,0.61593,61.508839,3.857243,61.095547,4.40842,4.0,0.00010913,6,739,0.2156,0.29728,0.0,0.0,100,0.33333,0.58462,,,-0.01,0.01587,0.00588,-0.01272,0.00186,-0.01221,0.54098
1866,1910784,67.09067,198.0,1.0,0.96,1.2291,-0.00381,0.006572,0.002529,0.255118,0.024309,0.533279,60.8265,4.88266,60.993526,5.033467,4.0,0.00010902,7,741,0.18691,0.27751,0.0,0.0,100,0.14286,0.46667,,,-0.01,0.01537,0.0093,-0.01467,0.00287,-0.00655,0.60125
1867,1911808,59.41123,129.71429,0.85714,0.95,1.232152,-0.00144,0.02243,0.002149,0.207699,0.017857,0.438597,61.159763,4.837349,60.745216,8.515203,4.0,0.00010892,7,742,0.1525,0.22713,0.0,0.0,100,0.42857,0.52055,,,-0.01,0.0179,0.00659,-0.01138,0.00235,-0.00572,0.52948
1868,1912832,71.25222,146.66667,1.0,0.95,1.543683,-0.004014,0.002177,0.003966,0.297742,0.038365,0.831405,62.175861,4.290238,62.253014,4.770306,4.0,0.00010882,6,702,0.15624,0.2342,0.0,0.0,100,0.0,0.41803,,,-0.01,0.01296,0.00914,-0.01091,0.00688,-0.00627,0.45096
1869,1913856,56.47106,216.8,0.8,0.94,1.352043,-0.002318,0.00464,0.003558,0.211541,0.032436,0.581122,60.381195,4.557153,60.717701,4.57786,4.0,0.00010872,5,707,0.15346,0.23206,0.01,0.0,100,0.4,0.31333,,,-0.01,0.01765,0.00379,-0.00767,0.00198,-0.00529,0.31949
1870,1914880,59.50386,154.57143,0.85714,0.93,1.353167,-0.001007,0.024995,0.001323,0.205854,0.008231,0.301821,61.030632,4.554356,60.319004,8.019529,4.0,0.00010861,7,716,0.15526,0.22739,0.01,0.0,100,0.57143,0.60645,,,-0.01,0.01794,0.00214,-0.00826,0.00303,-0.00579,0.48816
1871,1915904,70.02074,157.42857,1.0,0.94,1.200451,-0.002157,0.005013,0.001369,0.232522,0.01001,0.552205,60.414917,4.365278,61.173462,4.415613,4.0,0.00010851,7,744,0.17838,0.25737,0.01,0.0,100,0.14286,0.50769,,,-0.01,0.01628,0.00519,-0.00953,-0.00048,-0.00701,0.63739
1872,1916928,59.41328,161.57143,0.85714,0.93,1.328533,-0.000717,0.027728,0.001107,0.225141,0.006592,0.184236,61.796894,4.429358,60.493767,7.91735,4.0,0.00010841,7,712,0.16624,0.25686,0.01,0.0,100,0.71429,0.51064,,,-0.01,0.01613,0.00854,-0.01021,-0.00118,-0.00475,0.49707
1873,1917952,69.28567,175.0,1.0,0.93,1.311764,-0.002975,0.003183,0.002714,0.237205,0.029367,0.60537,59.347477,4.051888,59.633087,3.950145,4.0,0.00010831,4,736,0.16625,0.23687,0.01,0.0,100,0.5,0.38806,,,-0.01,0.01657,0.00518,-0.00783,0.00473,-0.00896,0.34561
1874,1918976,67.93326,202.33333,1.0,0.94,1.423801,-0.003494,0.002396,0.00255,0.274432,0.026367,0.741518,62.190739,4.172209,62.247253,4.074053,4.0,0.0001082,6,727,0.15952,0.25374,0.01,0.0,100,0.5,0.51256,,,-0.01,0.01415,0.00748,-0.0116,0.00465,-0.00621,0.4852
1875,1920000,69.89333,188.2,1.0,0.94,1.415397,-0.00313,0.001815,0.002909,0.268365,0.022147,0.812665,60.686367,3.786876,60.983734,4.192727,4.0,0.0001081,5,706,0.1608,0.23515,0.01,0.0,100,0.2,0.45631,,,-0.01,0.01693,0.00657,-0.01238,0.00476,-0.00436,0.3852
1876,1921024,57.45069,167.33333,0.83333,0.93,1.336337,-0.000819,0.020313,0.000579,0.209805,0.000593,0.45777,60.716919,5.309473,59.476162,8.133535,4.0,0.000108,6,714,0.17112,0.2591,0.01,0.0,100,0.16667,0.48408,,,-0.01,0.01343,0.00843,-0.0125,-0.00089,-0.00674,0.40512
1877,1922048,32.85646,145.16667,0.5,0.9,1.287489,-0.000437,0.036741,0.000614,0.250885,0.003383,0.452689,57.23901,5.89064,55.292759,11.068763,4.0,0.0001079,6,728,0.18641,0.26143,0.01,0.0,100,0.66667,0.52344,,,-0.01,0.01621,0.00549,-0.00879,-0.00041,-0.00737,0.2524
1878,1923072,70.03535,165.66667,1.0,0.9,1.199081,-0.002127,0.008167,0.00117,0.186268,0.009452,0.830597,53.45417,8.784703,53.741238,9.373087,4.0,0.0001078,6,761,0.18413,0.25369,0.01,0.0,100,0.16667,0.46667,,,-0.01,0.01421,0.00326,-0.01339,0.00298,-0.00763,0.56234
1879,1924096,54.16573,158.4,0.8,0.9,0.990395,-0.00185,0.021633,0.000865,0.205065,0.002895,0.67034,52.871216,8.948024,52.123623,11.08687,4.0,0.00010769,5,803,0.2049,0.28398,0.01,0.0,100,0.6,0.56481,,,-0.01,0.01622,0.00444,-0.00973,0.00043,-0.00672,0.43495
1880,1925120,44.93601,261.0,0.66667,0.88,1.237177,-0.002305,0.004951,0.002668,0.249679,0.024693,0.816917,55.105061,6.4826,55.196384,6.920906,4.0,0.00010759,6,747,0.17072,0.24703,0.03,0.0,100,0.5,0.62121,,,-0.01,0.01566,0.00279,-0.01206,0.00507,-0.00756,0.35788
1881,1926144,69.64518,161.0,1.0,0.89,1.387521,-0.002533,0.006368,0.004352,0.258678,0.049561,0.712268,56.616451,6.372944,58.01083,6.552418,4.0,0.00010749,8,725,0.17818,0.25282,0.03,0.0,100,0.375,0.5407,,,-0.01,0.01574,0.00518,-0.01018,0.00485,-0.00458,0.65925
1882,1927168,72.28871,150.0,1.0,0.89,1.276696,-0.003959,0.005259,0.003577,0.26063,0.036098,0.833154,57.898891,7.189713,58.668179,7.466692,4.0,0.00010739,3,735,0.20018,0.29136,0.03,0.0,100,0.0,0.45161,,,-0.01,0.01716,0.00883,-0.00972,0.0041,-0.00585,0.26074
1883,1928192,60.20048,181.375,0.875,0.89,1.34432,-0.000732,0.018526,0.001469,0.144621,0.012591,0.523998,58.399609,6.470395,57.882324,9.060894,4.0,0.00010728,8,717,0.20199,0.27544,0.03,0.0,100,0.125,0.53182,,,-0.01,0.01735,0.00352,-0.01012,0.00136,-0.00547,0.58323
1884,1929216,70.75917,161.4,1.0,0.89,1.325957,-0.002956,0.00447,0.002413,0.233536,0.023437,0.846343,58.918526,6.686525,59.123379,6.97551,4.0,0.00010718,5,735,0.21305,0.29293,0.03,0.0,100,0.0,0.4507,,,-0.01,0.01629,0.00778,-0.00976,0.00356,-0.00492,0.43116
1885,1930240,68.8478,193.4,1.0,0.89,1.31702,-0.001589,0.00458,0.001234,0.171819,0.010812,0.780154,58.547577,6.153719,59.206085,6.101772,4.0,0.00010708,5,741,0.21826,0.29714,0.03,0.0,100,0.4,0.59589,,,-0.01,0.0157,0.00161,-0.01036,0.00345,-0.00248,0.43461
1886,1931264,69.65903,184.8,1.0,0.9,1.341655,-0.003837,0.002339,0.002824,0.267233,0.03554,0.881288,61.48745,6.531494,61.658485,6.365179,4.0,0.00010698,5,749,0.24124,0.3216,0.02,0.0,100,0.2,0.37419,,,-0.01,0.01506,0.0131,-0.01052,0.0038,-0.00691,0.43083
1887,1932288,66.40932,247.2,1.0,0.9,1.223327,-0.002846,0.003934,0.003445,0.219211,0.036272,0.780126,60.204769,5.832734,60.38089,5.66293,4.0,0.00010687,5,758,0.23083,0.31421,0.02,0.0,100,0.2,0.52874,,,-0.01,0.01714,0.00906,-0.01217,0.00098,-0.00786,0.43651
1888,1933312,71.37576,147.0,1.0,0.91,1.248841,-0.002171,0.004368,0.001815,0.222163,0.014893,0.765895,61.421207,5.551785,61.649727,5.761014,4.0,0.00010677,4,741,0.26549,0.36187,0.02,0.0,100,0.0,0.38202,,,-0.01,0.01461,0.02411,-0.012,0.00355,-0.0055,0.34846
1889,1934336,62.45505,211.375,0.875,0.9,1.258446,-0.002388,0.002781,0.002632,0.210618,0.020543,0.813016,61.021786,4.913576,61.338276,5.170286,4.0,0.00010667,8,731,0.24553,0.33663,0.03,0.0,100,0.125,0.25275,,,-0.01,0.01564,0.01733,-0.01194,0.00293,-0.00974,0.59084
1890,1935360,70.48364,165.75,1.0,0.91,1.253665,-0.003095,0.002433,0.001528,0.220679,0.010045,0.734878,62.388332,3.944768,62.359463,4.021462,4.0,0.00010657,4,737,0.24846,0.32777,0.03,0.0,100,0.0,0.36036,,,-0.01,0.01738,0.01005,-0.0096,0.00147,-0.00856,0.34403
1891,1936384,55.87436,191.16667,0.83333,0.9,1.272189,-0.0004,0.020154,0.001571,0.141072,0.011161,0.250394,62.098907,3.554265,61.271881,6.824688,4.0,0.00010646,6,741,0.25809,0.33315,0.03,0.0,100,0.33333,0.56757,,,-0.01,0.01517,0.00102,-0.01498,0.00464,-0.01072,0.42759
1892,1937408,67.56958,168.0,1.0,0.9,1.403501,-0.004034,0.003452,0.00338,0.284077,0.029297,0.731465,61.406368,4.191691,60.590115,4.619771,4.0,0.00010636,3,731,0.26493,0.36608,0.03,0.0,100,0.33333,0.54,,,-0.01,0.014,0.0054,-0.01154,0.00076,-0.01123,0.25086
1893,1938432,65.78443,225.4,1.0,0.9,1.27843,-0.002598,0.005772,0.001804,0.206805,0.019008,0.662764,57.991524,5.283054,57.781197,5.527296,4.0,0.00010626,5,746,0.28555,0.3603,0.03,0.0,100,0.4,0.61538,,,-0.01,0.01371,-0.00112,-0.01022,0.0026,-0.00866,0.44288
1894,1939456,65.94152,227.0,1.0,0.91,1.403635,-0.002149,0.004332,0.003839,0.217566,0.046805,0.343449,58.799835,3.908418,59.366344,3.860024,4.0,0.00010616,7,720,0.27376,0.34694,0.03,0.0,100,0.57143,0.55731,,,-0.01,0.0143,0.00442,-0.01125,0.00254,-0.00856,0.56308
1895,1940480,56.43342,176.16667,0.83333,0.92,1.353843,-0.001586,0.023608,0.002114,0.209836,0.015276,0.314256,60.609623,3.414525,59.641441,7.701168,4.0,0.00010605,6,727,0.29263,0.39116,0.03,0.0,100,0.33333,0.53991,,,-0.01,0.01614,0.00943,-0.01138,0.0009,-0.0051,0.41999
1896,1941504,32.68731,160.0,0.5,0.91,1.436889,-0.001924,0.035153,0.002855,0.319577,0.032924,0.21811,57.398464,3.124931,54.919167,9.092163,4.0,0.00010595,4,710,0.30347,0.35598,0.03,0.0,100,0.5,0.54945,,,-0.01,0.02078,0.00012,-0.00853,-0.00169,-0.00464,0.15755
1897,1942528,68.59387,201.0,1.0,0.92,1.34743,-0.002189,0.007851,0.00262,0.230058,0.019601,0.430834,54.562168,3.683439,54.869965,5.218926,4.0,0.00010585,6,728,0.32647,0.4067,0.03,0.0,100,0.33333,0.56621,,,-0.01,0.01619,0.00429,-0.01207,0.0017,-0.00746,0.50321
1898,1943552,65.16032,243.0,1.0,0.92,1.395079,-0.003761,0.004312,0.005534,0.264152,0.082729,0.59647,54.202339,4.207087,54.576561,4.624685,4.0,0.00010575,4,718,0.34042,0.4219,0.03,0.0,100,0.75,0.53535,,,-0.01,0.01271,0.00501,-0.01502,0.00447,-0.01135,0.31788
1899,1944576,66.38672,228.0,1.0,0.93,1.518886,-0.00289,0.001896,0.002903,0.268745,0.03254,0.863571,55.303608,4.381251,55.285549,5.170971,4.0,0.00010564,3,695,0.33391,0.39652,0.02,0.0,100,0.33333,0.46358,,,-0.01,0.01606,0.00634,-0.01244,0.00232,-0.00742,0.22289
1900,1945600,51.20975,239.2,0.8,0.93,1.447465,-0.000495,0.023844,0.00204,0.197478,0.013463,0.35826,54.938843,5.040346,53.622402,7.978771,4.0,0.00010554,5,717,0.27919,0.34644,0.01,0.0,100,0.6,0.58672,,,-0.01,0.01398,0.00443,-0.01191,-0.00105,-0.00862,0.31237
1901,1946624,50.475,249.4,0.8,0.92,1.384899,-0.0012,0.008818,0.001786,0.149027,0.008196,0.732232,54.647926,5.68182,54.862698,7.589835,4.0,0.00010544,5,721,0.28746,0.3778,0.01,0.0,100,0.8,0.45896,,,-0.01,0.01531,0.01439,-0.01058,0.00357,-0.01158,0.31108
1902,1947648,68.54344,195.5,1.0,0.92,1.408787,-0.002232,0.003411,0.001532,0.246908,0.008196,0.851574,52.220547,5.376393,52.476311,6.468048,4.0,0.00010534,4,704,0.27218,0.3491,0.01,0.0,100,0.25,0.49123,,,-0.01,0.01868,0.00371,-0.00866,0.00142,-0.00608,0.31567
1903,1948672,68.72765,188.71429,1.0,0.93,1.093018,-0.001864,0.005778,0.001337,0.218325,0.008475,0.828853,53.912518,7.281464,54.906223,7.94574,4.0,0.00010524,7,776,0.22933,0.30605,0.01,0.0,100,0.0,0.59917,,,-0.01,0.01627,0.00184,-0.01214,0.00059,-0.00501,0.69464
1904,1949696,56.51676,183.33333,0.83333,0.92,1.283023,-0.002138,0.012641,0.00392,0.211432,0.04269,0.73623,53.616695,7.165853,54.601696,9.140463,4.0,0.00010513,6,725,0.23569,0.29845,0.01,0.0,100,0.16667,0.63121,,,-0.01,0.01938,0.00082,-0.00901,0.0045,-0.00641,0.4264
1905,1950720,69.83177,162.2,1.0,0.92,1.379775,-0.002814,0.004528,0.002709,0.278346,0.030029,0.864281,56.886654,7.821222,58.164898,7.555027,4.0,0.00010503,5,709,0.25388,0.32627,0.01,0.0,100,0.2,0.56364,,,-0.01,0.01873,0.00541,-0.01132,0.00432,-0.00404,0.40863
1906,1951744,70.03222,194.0,1.0,0.92,1.419659,-0.002743,0.003353,0.001755,0.257715,0.013567,0.904458,57.232704,7.751345,58.129784,7.928672,4.0,0.00010493,6,708,0.24283,0.31366,0.01,0.0,100,0.0,0.4604,,,-0.01,0.01755,0.00826,-0.01325,0.00271,-0.0044,0.4747
1907,1952768,69.78122,168.8,1.0,0.92,1.308623,-0.002583,0.0032,0.001787,0.25669,0.011475,0.897506,59.05484,7.605389,59.880772,7.480561,4.0,0.00010483,5,731,0.26293,0.33498,0.01,0.0,100,0.0,0.4539,,,-0.01,0.01746,0.00641,-0.01197,0.00242,-0.00611,0.43123
1908,1953792,67.86068,218.0,1.0,0.92,1.476536,-0.002538,0.0019,0.001493,0.27543,0.007987,0.902748,62.089241,7.138339,62.4314,6.463768,4.0,0.00010472,6,714,0.2458,0.32853,0.01,0.0,100,0.16667,0.49776,,,-0.01,0.01526,0.00688,-0.01178,0.00635,-0.00473,0.45793
1909,1954816,40.5979,155.4,0.6,0.91,1.323866,-0.001106,0.045104,0.001335,0.232286,0.009661,0.107551,59.195885,5.55695,57.559319,9.877058,4.0,0.00010462,5,713,0.23534,0.29792,0.0,0.0,100,0.4,0.62376,,,-0.01,0.01799,0.00333,-0.01022,-0.00061,-0.00462,0.24838
1910,1955840,69.87012,170.66667,1.0,0.92,1.39117,-0.001941,0.010199,0.002326,0.223981,0.018276,0.374863,57.797161,4.996627,58.237705,5.249859,4.0,0.00010452,6,722,0.22252,0.28894,0.0,0.0,100,0.16667,0.47101,,,-0.01,0.01671,0.00389,-0.01041,0.00278,-0.00389,0.48986
1911,1956864,69.73877,159.5,1.0,0.92,1.493733,-0.002196,0.004546,0.002099,0.246931,0.011196,0.474649,58.285347,3.831133,59.496479,4.167954,4.0,0.00010442,8,699,0.22661,0.2891,0.0,0.0,100,0.0,0.5731,,,-0.01,0.0172,0.00075,-0.00982,0.00726,-0.00524,0.61933
1912,1957888,68.85742,211.66667,1.0,0.92,1.384347,-0.003221,0.002514,0.002835,0.294327,0.030552,0.744219,61.844616,4.062825,61.491241,4.167131,4.0,0.00010431,3,741,0.24683,0.32408,0.0,0.0,100,0.0,0.43617,,,-0.01,0.01203,0.0095,-0.01089,0.0026,-0.00541,0.24584
1913,1958912,66.96301,231.0,1.0,0.92,1.480323,-0.004116,0.00091,0.003453,0.27873,0.034528,0.871154,59.661583,3.458081,59.62595,3.529341,4.0,0.00010421,4,726,0.28373,0.342,0.0,0.0,100,0.0,0.55063,,,-0.01,0.01394,-0.00017,-0.00803,0.00503,-0.003,0.31379
1914,1959936,68.10824,218.0,1.0,0.92,1.290437,-0.004242,0.001385,0.003781,0.306601,0.045864,0.858192,61.478283,3.659143,60.998711,4.212733,4.0,0.00010411,2,780,0.26364,0.363,0.0,0.0,100,0.0,0.58974,,,-0.01,0.01207,0.01672,-0.0126,0.00251,-0.0031,0.1795
1915,1960960,53.1483,314.0,0.8,0.92,1.46231,-0.003486,0.001298,0.002106,0.320519,0.022635,0.813469,59.276192,3.44206,58.918068,3.449475,4.0,0.00010401,5,725,0.24556,0.31814,0.01,0.0,100,0.0,0.38249,,,-0.01,0.01496,-0.00299,-0.01053,0.00251,-0.00525,0.31007
1916,1961984,56.63909,219.0,0.83333,0.93,1.288966,-0.001878,0.00289,0.001613,0.247526,0.010045,0.803354,58.538269,4.134545,58.492744,5.09873,4.0,0.0001039,6,757,0.25279,0.33377,0.02,0.0,100,0.16667,0.72561,,,-0.01,0.01413,-0.00095,-0.01244,0.00205,-0.00589,0.45372
1917,1963008,68.1163,178.25,1.0,0.93,1.3513,-0.003183,0.002377,0.003477,0.268502,0.037807,0.827479,58.699287,4.435963,58.704887,4.873015,4.0,0.0001038,4,739,0.27889,0.35206,0.02,0.0,100,0.0,0.64706,,,-0.01,0.01532,0.00246,-0.00958,0.00275,-0.00475,0.34791
1918,1964032,39.83394,247.8,0.6,0.91,1.310374,-0.000442,0.019529,0.000916,0.192808,0.00436,0.419106,58.707161,3.927307,57.541462,7.841781,4.0,0.0001037,5,755,0.22141,0.30234,0.03,0.0,100,0.2,0.55147,,,-0.01,0.01564,0.00661,-0.00909,0.00322,-0.0045,0.26637
1919,1965056,67.18007,264.0,1.0,0.91,1.445148,-0.002735,0.005054,0.00108,0.28868,0.004569,0.657996,58.772259,4.616957,57.875114,4.990614,4.0,0.0001036,3,735,0.23201,0.31736,0.03,0.0,100,0.0,0.46667,,,-0.01,0.0148,-0.00031,-0.01094,-0.00023,-0.00386,0.23685
1920,1966080,66.18679,217.66667,1.0,0.92,1.052772,-0.002403,0.004465,0.002454,0.243754,0.022635,0.85482,54.248188,6.6478,53.501858,7.166126,4.0,0.00010349,3,827,0.20349,0.29617,0.03,0.0,100,0.0,0.71642,,,-0.01,0.01049,-0.00077,-0.0161,0.00151,-0.00359,0.32428
1921,1967104,62.54753,284.0,1.0,0.92,1.083232,-0.002235,0.003343,0.001076,0.242333,0.00436,0.92316,50.704552,7.95919,49.973747,8.458735,4.0,0.00010339,2,820,0.20138,0.28206,0.03,0.0,100,0.5,0.57333,,,-0.01,0.01119,-0.00201,-0.01644,0.00378,-0.00545,0.20517
1922,1968128,32.22924,310.5,0.5,0.89,1.419422,-0.001911,0.004846,0.003847,0.215988,0.043527,0.861366,53.129307,7.296956,53.40218,8.049595,4.0,0.00010329,8,730,0.20373,0.26635,0.07,0.0,100,0.375,0.69268,,,-0.01,0.0182,0.00259,-0.00743,0.00223,-0.00658,0.34042
1923,1969152,45.19711,166.66667,0.66667,0.87,1.501896,-0.001101,0.035348,0.001738,0.268395,0.014474,0.384155,55.996151,4.336183,54.258015,10.087748,4.0,0.00010319,6,712,0.24227,0.31543,0.07,0.0,100,0.5,0.57746,,,-0.01,0.01853,0.0014,-0.00721,-7e-05,-0.01146,0.3197
1924,1970176,69.44069,160.75,1.0,0.88,1.403469,-0.002438,0.01116,0.004008,0.235267,0.036795,0.475938,53.808865,5.838276,53.416931,6.237716,4.0,0.00010308,4,722,0.2446,0.32339,0.07,0.0,100,0.0,0.54762,,,-0.01,0.01947,-0.00083,-0.00794,-0.00148,-0.00527,0.34412
1925,1971200,69.23653,165.5,1.0,0.88,1.459398,-0.001783,0.007564,0.002349,0.213934,0.01852,0.618899,52.941715,4.596452,53.457603,5.951856,4.0,0.00010298,6,720,0.21882,0.29413,0.07,0.0,100,0.16667,0.56,,,-0.01,0.01863,0.00068,-0.01007,0.00395,-0.00795,0.49672
1926,1972224,69.3148,163.28571,1.0,0.88,1.382768,-0.001745,0.007073,0.002202,0.247084,0.014962,0.761719,52.959648,5.87114,54.224773,7.357844,4.0,0.00010288,7,732,0.2152,0.2877,0.07,0.0,100,0.0,0.61765,,,-0.01,0.0183,-0.00044,-0.00961,0.00255,-0.00379,0.6017
1927,1973248,58.22908,193.5,0.83333,0.87,1.397177,-0.002761,0.00552,0.001766,0.251229,0.014823,0.7622,55.638573,5.424423,56.720573,6.276471,4.0,0.00010278,6,716,0.23597,0.31005,0.08,0.0,100,0.0,0.71429,,,-0.01,0.01957,0.00234,-0.0101,0.00146,-0.00652,0.41924
1928,1974272,70.1957,134.0,1.0,0.87,1.242639,-0.003421,0.003252,0.002982,0.274463,0.025251,0.854027,58.15992,6.064027,58.166679,6.526565,4.0,0.00010268,3,773,0.20259,0.27861,0.08,0.0,100,0.0,0.56,,,-0.01,0.01706,0.00552,-0.00875,0.00213,-0.0045,0.29185
1929,1975296,56.71007,186.16667,0.83333,0.86,1.285349,-0.000903,0.024759,0.002033,0.183941,0.018938,0.506468,56.265881,6.848399,55.599091,9.485641,4.0,0.00010257,6,740,0.21777,0.30473,0.08,0.0,100,0.16667,0.45714,,,-0.01,0.01647,0.00439,-0.01325,0.00282,-0.00671,0.45799
1930,1976320,52.48979,234.0,0.75,0.87,1.469637,-0.003193,0.004169,0.003284,0.257333,0.030518,0.899207,56.771721,7.98441,56.615437,8.318117,4.0,0.00010247,4,724,0.24624,0.32946,0.09,0.0,100,0.25,0.37984,,,-0.01,0.01508,0.00096,-0.01196,0.0007,-0.00734,0.2512
1931,1977344,49.86793,248.75,0.75,0.86,1.372607,-0.003052,0.005369,0.003337,0.29764,0.039132,0.804527,56.837238,6.330145,56.166775,6.849435,4.0,0.00010237,4,746,0.2427,0.32427,0.1,0.0,100,0.25,0.72115,,,-0.01,0.01577,0.0045,-0.00783,0.00292,-0.00729,0.26574
1932,1978368,57.21072,232.83333,0.83333,0.85,1.431027,-0.001477,0.008355,0.002234,0.187045,0.013253,0.758763,54.843407,7.311669,55.282318,7.853209,4.0,0.00010227,6,732,0.25508,0.35102,0.11,0.0,100,0.16667,0.43878,,,-0.01,0.01752,0.00749,-0.00888,0.00095,-0.0051,0.42333
1933,1979392,51.29928,248.5,0.75,0.84,1.490438,-0.003096,0.004015,0.003685,0.268256,0.043039,0.874104,56.534527,6.86347,56.336708,7.455716,4.0,0.00010216,4,717,0.25077,0.3339,0.12,0.0,100,0.25,0.5,,,-0.01,0.01618,0.00188,-0.01108,0.00306,-0.0071,0.24761
1934,1980416,70.19241,207.0,1.0,0.84,1.407672,-0.00327,0.002254,0.003048,0.299154,0.022949,0.917705,57.821159,6.281403,56.823936,6.830072,4.0,0.00010206,1,748,0.25395,0.35353,0.12,0.0,100,0.0,0.51282,,,-0.01,0.013,0.01008,-0.01163,0.0039,-0.00343,0.08698
1935,1981440,32.38302,336.0,0.5,0.83,1.276428,-0.003057,0.003096,0.002015,0.303486,0.021694,0.934968,52.432629,8.128934,50.970745,8.626867,4.0,0.00010196,2,775,0.25147,0.37309,0.13,0.0,100,0.5,0.50704,,,-0.01,0.0091,0.0136,-0.01875,0.00132,-0.00403,0.09337
1936,1982464,-1.82295,372.25,0.0,0.79,1.440167,-0.001868,0.01606,0.002348,0.316178,0.028076,0.73279,50.942211,8.10873,48.709873,10.232594,4.0,0.00010186,4,716,0.28209,0.39148,0.16,0.0,100,0.5,0.38545,,,-0.01,0.01088,0.02352,-0.01195,0.00036,-0.00374,-0.00242
1937,1983488,19.11559,381.5,0.25,0.77,1.489111,-0.002766,0.004823,0.002272,0.291281,0.015137,0.895363,49.783237,7.956127,48.856228,8.525896,4.0,0.00010175,4,721,0.28766,0.37413,0.18,0.0,100,0.0,0.35423,,,-0.01,0.01472,0.01545,-0.01325,0.00137,-0.00565,0.08093
1938,1984512,36.51801,340.0,0.5,0.76,1.141797,-0.002792,0.006476,0.002613,0.240073,0.027727,0.843373,47.30299,7.697344,46.499214,8.337481,4.0,0.00010165,2,811,0.26898,0.3746,0.19,0.0,100,0.0,0.18421,,,-0.01,0.01362,0.01902,-0.01641,-0.00073,-0.00268,0.10138
1939,1985536,6.22427,450.0,0.0,0.75,1.034635,-0.003405,0.002372,0.001751,0.30973,0.018066,0.962653,43.37492,9.330066,41.924381,9.743629,4.0,0.00010155,1,841,0.26602,0.38929,0.2,0.0,100,0.0,0.19444,,,-0.01,0.01012,0.02097,-0.01327,-0.00109,-0.00436,0.0
1940,1986560,-2.89106,375.75,0.0,0.71,1.102005,-0.003413,0.011725,0.002095,0.309904,0.021659,0.837654,40.679024,10.070724,38.63625,11.135476,4.0,0.00010145,4,805,0.27638,0.38672,0.23,0.0,100,0.25,0.44693,,,-0.01,0.01469,0.01668,-0.01296,-0.00385,-0.00442,-0.00306
1941,1987584,16.73461,312.5,0.25,0.69,1.113043,-0.001952,0.014594,0.001696,0.280771,0.010672,0.818066,38.458637,10.135815,37.09074,11.48606,4.0,0.00010134,4,793,0.33412,0.42741,0.24,0.0,100,0.25,0.32203,,,-0.01,0.01396,0.0111,-0.01185,0.00018,-0.00962,0.09988
1942,1988608,47.22709,295.33333,0.66667,0.68,1.222705,-0.002406,0.011344,0.001409,0.23466,0.009452,0.846696,37.602139,10.521379,37.742786,11.585983,4.0,0.00010124,3,778,0.31514,0.3975,0.25,0.0,100,0.0,0.30542,,,-0.01,0.01572,0.01131,-0.01267,0.00179,-0.00702,0.19208
1943,1989632,39.85624,279.8,0.6,0.68,1.153856,-0.001879,0.019356,0.001435,0.226275,0.008719,0.733183,39.830837,10.168914,40.317577,11.320427,4.0,0.00010114,5,782,0.32961,0.44651,0.26,0.0,100,0.6,0.75294,,,-0.01,0.01416,0.02163,-0.01126,-0.00086,-0.00419,0.30353
1944,1990656,56.38044,262.4,0.8,0.67,1.321524,-0.00226,0.017642,0.002154,0.29263,0.019706,0.656564,41.361897,7.688904,42.786873,9.593874,4.0,0.00010104,5,739,0.32681,0.43098,0.27,0.0,100,0.0,0.2451,,,-0.01,0.01625,0.02198,-0.01105,-0.00025,-0.00508,0.34603
1945,1991680,70.86809,211.0,1.0,0.69,1.598848,-0.002632,0.010646,0.003431,0.317692,0.030448,0.758731,44.775181,6.954175,46.340721,8.62557,4.0,0.00010093,4,685,0.3278,0.40301,0.25,0.0,100,0.25,0.27429,,,-0.01,0.01875,0.01373,-0.01055,0.00546,-0.00732,0.29683
1946,1992704,70.49204,146.0,1.0,0.69,1.404482,-0.002821,0.004734,0.001949,0.295452,0.021973,0.919228,51.083225,9.782538,50.904911,10.932602,4.0,0.00010083,1,756,0.30595,0.443,0.25,0.0,100,0.0,0.59091,,,-0.01,0.00932,0.04071,-0.01337,0.00202,-0.00767,0.08364
1947,1993728,54.79304,330.75,0.75,0.7,1.546379,-0.003144,0.009166,0.003416,0.28725,0.049316,0.847139,46.795849,9.42845,47.238003,10.084133,4.0,0.00010073,4,721,0.29983,0.39876,0.24,0.0,100,0.0,0.15966,,,-0.01,0.01295,0.0204,-0.01167,0.00052,-0.01051,0.21945
1948,1994752,35.74287,265.875,0.5,0.68,1.513884,-0.00318,0.022267,0.004703,0.240447,0.046282,0.707716,46.440033,8.88416,46.956387,11.56475,4.0,0.00010063,8,692,0.24736,0.32966,0.27,0.0,100,0.125,0.27626,,,-0.01,0.01783,0.0139,-0.00999,0.00086,-0.01103,0.30647
1949,1995776,71.48809,128.875,1.0,0.68,1.438279,-0.001606,0.014819,0.001962,0.363598,0.011335,0.711787,50.602962,7.913991,53.302315,9.094347,4.0,0.00010052,8,697,0.28885,0.35679,0.27,0.0,100,0.125,0.37383,,,-0.01,0.01994,0.0148,-0.0088,0.00322,-0.00981,0.64724
1950,1996800,58.41066,147.8,0.8,0.67,1.402509,-0.001341,0.025692,0.001671,0.233355,0.009766,0.597798,53.902195,8.087837,54.091747,10.449672,4.0,0.00010042,5,709,0.26737,0.33969,0.27,0.0,100,0.2,0.16667,,,-0.01,0.02031,0.01219,-0.00904,0.00185,-0.00814,0.32312
1951,1997824,70.80935,160.0,1.0,0.68,1.295039,-0.001618,0.010709,0.001079,0.271702,0.010498,0.771977,53.333286,8.255079,54.845074,8.86953,4.0,0.00010032,7,730,0.24855,0.32695,0.26,0.0,100,0.28571,0.31492,,,-0.01,0.01665,0.00867,-0.00978,0.003,-0.00848,0.62017
1952,1998848,70.09706,158.0,1.0,0.68,1.319839,-0.002669,0.007574,0.002593,0.271505,0.026053,0.848739,55.710754,8.683397,56.777798,9.309538,4.0,0.00010022,6,731,0.26341,0.34714,0.26,0.0,100,0.33333,0.48276,,,-0.01,0.01849,0.01066,-0.00916,0.00438,-0.00793,0.53036
1953,1999872,62.85888,169.75,0.875,0.69,1.516688,-0.003677,0.00434,0.003433,0.378126,0.029122,0.895442,57.385357,7.469807,59.661747,7.852832,4.0,0.00010012,8,675,0.22753,0.29077,0.26,0.0,100,0.125,0.47059,,,-0.01,0.02353,0.01071,-0.01005,0.00806,-0.00922,0.52443
1954,2000896,72.83661,122.2,1.0,0.71,1.52168,-0.003976,0.003699,0.002891,0.368978,0.029332,0.888813,61.065319,7.640064,63.074062,7.080979,4.0,0.00010001,10,669,0.20286,0.26262,0.24,0.0,100,0.0,0.2875,,,-0.01,0.01996,0.0113,-0.01093,0.00811,-0.00738,0.735
1955,2001920,72.67035,111.57143,1.0,0.73,1.527688,-0.005005,0.002475,0.005204,0.408158,0.06121,0.898538,63.037788,6.613155,64.719284,6.041099,4.0,9.991e-05,7,668,0.21258,0.26677,0.22,0.0,100,0.0,0.43119,,,-0.01,0.0229,0.00773,-0.01124,0.00922,-0.00984,0.50896
1956,2002944,72.38866,120.5,1.0,0.8,1.470088,-0.003026,0.002923,0.00269,0.296542,0.020543,0.785533,65.809578,5.801868,66.479118,5.13143,4.0,9.981e-05,8,682,0.2095,0.28178,0.16,0.0,100,0.125,0.3609,,,-0.01,0.02102,0.01256,-0.01067,0.00591,-0.0121,0.61086
1957,2003968,71.07577,144.14286,1.0,0.86,1.476998,-0.002712,0.002611,0.004364,0.289384,0.051514,0.755519,66.366959,4.684635,66.887932,4.337577,4.0,9.971e-05,7,685,0.19361,0.27099,0.11,0.0,100,0.14286,0.35751,,,-0.01,0.02121,0.00966,-0.01165,0.0079,-0.01231,0.52901
1958,2004992,71.66311,123.875,1.0,0.9,1.447731,-0.002826,0.002517,0.002128,0.271593,0.014683,0.762124,67.34243,4.200027,67.093208,4.346584,4.0,9.96e-05,8,692,0.21626,0.29739,0.08,0.0,100,0.0,0.42857,,,-0.01,0.01894,0.01349,-0.01016,0.00273,-0.0104,0.62636
1959,2006016,49.8957,127.28571,0.71429,0.91,1.418941,-0.00165,0.057394,0.002948,0.375119,0.027204,0.185943,65.305,5.394375,62.415558,10.883759,4.0,9.95e-05,7,707,0.22105,0.31783,0.05,0.0,100,0.71429,0.33333,,,-0.01,0.01714,0.01715,-0.00973,-0.00133,-0.01182,0.3979
1960,2007040,61.33755,188.66667,0.83333,0.9,1.494164,-0.003625,0.0045,0.003211,0.284166,0.034075,0.670053,63.934456,3.932743,63.529968,4.616518,4.0,9.94e-05,6,686,0.21794,0.29314,0.06,0.0,100,0.16667,0.25101,,,-0.01,0.02098,0.01111,-0.01033,0.00549,-0.0071,0.37901
1961,2008064,71.41833,138.57143,1.0,0.91,1.320395,-0.002234,0.003799,0.002888,0.219078,0.031424,0.637009,62.700718,4.20277,63.105007,4.317113,4.0,9.93e-05,7,723,0.20291,0.2716,0.05,0.0,100,0.14286,0.39583,,,-0.01,0.01972,0.00965,-0.00826,0.00587,-0.0073,0.60772
1962,2009088,71.39654,134.42857,1.0,0.95,1.231248,-0.002647,0.006162,0.003576,0.269689,0.042794,0.694538,61.603455,5.249654,61.36322,5.948219,4.0,9.919e-05,7,747,0.21546,0.28153,0.02,0.0,100,0.28571,0.45349,,,-0.01,0.02276,0.0048,-0.00672,-0.00191,-0.00703,0.67333
1963,2010112,53.50468,170.875,0.75,0.93,1.346932,3.4e-05,0.017648,0.00073,0.135292,0.00014,0.63465,61.21225,6.224241,61.012932,9.067966,4.0,9.909e-05,8,715,0.23703,0.30961,0.03,0.0,100,0.625,0.44118,,,-0.01,0.02269,0.0071,-0.00698,0.00391,-0.0054,0.52021
1964,2011136,72.63578,131.5,1.0,0.94,1.621159,-0.002288,0.002347,0.002619,0.269312,0.017229,0.670591,63.674641,3.092275,63.449017,3.406348,4.0,9.899e-05,4,685,0.25046,0.3222,0.03,0.0,100,0.0,0.36207,,,-0.01,0.01888,0.00465,-0.00762,0.00491,-0.01262,0.30611
1965,2012160,69.91938,168.83333,1.0,0.94,1.442646,-0.001464,0.005346,0.000858,0.214175,0.005232,0.54417,62.828735,4.578009,62.605556,4.511388,4.0,9.889e-05,6,712,0.25732,0.33972,0.03,0.0,100,0.5,0.38806,,,-0.01,0.01819,0.01021,-0.01176,0.00016,-0.00552,0.49284
1966,2013184,70.23247,152.83333,1.0,0.94,1.324665,-0.002009,0.00405,0.001115,0.244557,0.006208,0.801992,61.825535,4.924982,61.347954,5.852196,4.0,9.878e-05,6,743,0.26235,0.34918,0.03,0.0,100,0.33333,0.50467,,,-0.01,0.01646,0.01085,-0.0117,0.00164,-0.00631,0.5421
1967,2014208,50.36895,217.0,0.75,0.94,1.336505,-0.000968,0.00842,0.001275,0.154632,0.003453,0.740416,60.051609,6.299796,59.715691,7.297175,4.0,9.868e-05,4,736,0.24672,0.33084,0.02,0.0,100,0.75,0.2517,,,-0.01,0.01857,0.00838,-0.00886,0.00054,-0.00446,0.25381
1968,2015232,60.11677,208.42857,0.85714,0.93,1.367045,-0.001938,0.00526,0.002147,0.234822,0.017439,0.724827,60.239742,5.183576,60.301762,5.68052,4.0,9.858e-05,7,718,0.21092,0.29787,0.03,0.0,100,0.42857,0.49383,,,-0.01,0.01812,0.00903,-0.00948,0.00123,-0.00586,0.50471
1969,2016256,71.00287,163.5,1.0,0.93,1.26585,-0.00345,0.004079,0.002947,0.252089,0.027902,0.844293,61.203545,5.848548,61.324364,6.725447,4.0,9.848e-05,6,739,0.25121,0.36262,0.03,0.0,100,0.66667,0.3354,,,-0.01,0.01418,0.02443,-0.01289,0.00292,-0.00446,0.54914
1970,2017280,53.90087,236.75,0.75,0.92,1.437793,-0.001387,0.003461,0.001666,0.235051,0.015799,0.782204,61.272713,4.824465,61.041382,5.262031,4.0,9.837e-05,4,715,0.23191,0.29951,0.04,0.0,100,0.75,0.3172,,,-0.01,0.02004,0.01191,-0.00702,0.0015,-0.00769,0.24986
1971,2018304,70.9939,215.25,1.0,0.92,1.42131,-0.003018,0.003728,0.001823,0.254763,0.016462,0.754505,61.030849,4.513605,60.60553,4.998157,4.0,9.827e-05,4,726,0.2545,0.31607,0.04,0.0,100,0.25,0.17857,,,-0.01,0.01627,0.01421,-0.01034,0.00224,-0.00527,0.33414
1972,2019328,52.76083,166.0,0.75,0.91,1.381381,-0.000731,0.018566,0.00106,0.150458,0.004534,0.576739,59.932434,5.965937,59.344173,8.678993,4.0,9.817e-05,4,728,0.23072,0.29815,0.04,0.0,100,0.5,0.43038,,,-0.01,0.01786,0.01678,-0.00839,0.00498,-0.00705,0.25056
1973,2020352,53.01228,233.2,0.8,0.9,1.292738,-0.002377,0.024987,0.002506,0.314375,0.030169,0.560618,61.138149,6.444589,59.121284,9.708578,4.0,9.807e-05,5,746,0.23174,0.33713,0.04,0.0,100,0.6,0.38942,,,-0.01,0.01416,0.02716,-0.01249,-0.00408,-0.00634,0.3346
1974,2021376,45.18201,206.33333,0.66667,0.89,1.27259,-0.003236,0.006926,0.003657,0.283273,0.047049,0.814534,57.924934,6.51629,57.403389,8.033456,4.0,9.796e-05,3,758,0.22176,0.332,0.04,0.0,100,0.66667,0.31783,,,-0.01,0.01102,0.03231,-0.01282,0.00505,-0.00372,0.16837
1975,2022400,59.80855,248.6,0.8,0.88,1.330065,-0.002365,0.004661,0.001486,0.284032,0.010393,0.915127,55.892418,8.59086,55.745197,9.774601,4.0,9.786e-05,5,735,0.21668,0.31694,0.05,0.0,100,0.0,0.18769,,,-0.01,0.01616,0.0346,-0.01201,0.00448,-0.0078,0.33469
1976,2023424,58.2065,221.66667,0.77778,0.86,1.423341,-0.001922,0.006414,0.001955,0.271303,0.010568,0.823428,57.571682,7.343371,58.526585,7.901274,4.0,9.776e-05,9,689,0.19019,0.24835,0.07,0.0,100,0.44444,0.16,,,-0.01,0.02266,0.01241,-0.00915,0.00573,-0.00894,0.53921
1977,2024448,72.86576,125.6,1.0,0.88,1.291931,-0.002086,0.008136,0.001896,0.262497,0.011858,0.691259,59.24461,5.819118,59.444439,6.621395,4.0,9.766e-05,5,730,0.1891,0.25631,0.07,0.0,100,0.2,0.31507,,,-0.01,0.01995,0.01361,-0.00974,0.00392,-0.00728,0.43967
1978,2025472,72.46219,138.33333,1.0,0.89,1.058221,-0.002785,0.004228,0.002387,0.291848,0.024798,0.90875,57.491726,8.129394,57.538429,9.443551,4.0,9.756e-05,6,787,0.18044,0.2723,0.06,0.0,100,0.0,0.21642,,,-0.01,0.01579,0.02165,-0.01303,0.00584,-0.00705,0.60825
1979,2026496,72.0683,116.4,1.0,0.89,1.052571,-0.002544,0.004042,0.002475,0.257075,0.025844,0.957297,54.471943,11.984818,54.488762,13.165964,4.0,9.745e-05,5,793,0.18193,0.26463,0.06,0.0,100,0.0,0.25397,,,-0.01,0.019,0.01833,-0.01236,0.00464,-0.00702,0.53079
1980,2027520,62.09229,241.375,0.875,0.88,1.411339,-0.001222,0.008032,0.001064,0.254245,0.004116,0.742031,59.99905,8.832553,61.342644,7.677277,4.0,9.735e-05,8,699,0.17316,0.2405,0.07,0.0,100,0.625,0.19118,,,-0.01,0.021,0.01,-0.00761,0.00722,-0.00929,0.53921
1981,2028544,72.08276,124.42857,1.0,0.9,1.359531,-0.002681,0.003989,0.002678,0.27331,0.033203,0.754185,63.025738,4.913637,63.549763,5.116396,4.0,9.725e-05,7,714,0.15852,0.22969,0.06,0.0,100,0.57143,0.30392,,,-0.01,0.02047,0.00949,-0.00873,0.00459,-0.00737,0.57651
1982,2029568,71.48052,133.77778,1.0,0.9,1.26659,-0.002288,0.005935,0.001696,0.24824,0.011161,0.658859,63.959003,5.425583,64.329643,5.576803,4.0,9.715e-05,9,721,0.15994,0.23555,0.06,0.0,100,0.55556,0.41667,,,-0.01,0.01708,0.01129,-0.01147,0.0031,-0.00937,0.7645
1983,2030592,63.70049,124.1,0.9,0.9,1.42251,-0.000983,0.013974,0.00254,0.156334,0.02002,0.5807,63.782063,4.484291,63.848442,7.619981,4.0,9.704e-05,10,689,0.15665,0.21502,0.06,0.0,100,0.5,0.28571,,,-0.01,0.01779,0.00655,-0.01065,0.00406,-0.01329,0.69934
1984,2031616,55.35781,126.6,0.8,0.9,1.314508,-0.001816,0.027754,0.001632,0.240314,0.010707,0.380448,64.961327,4.712874,63.963062,8.67482,4.0,9.694e-05,5,717,0.16025,0.25004,0.05,0.0,100,0.6,0.35897,,,-0.01,0.01707,0.01652,-0.00766,0.00242,-0.00328,0.33138
1985,2032640,72.03578,140.57143,1.0,0.9,1.176256,-0.002529,0.007608,0.00272,0.245201,0.032506,0.697815,62.540627,5.934456,62.577217,6.560785,4.0,9.684e-05,7,738,0.16107,0.25538,0.05,0.0,100,0.57143,0.32394,,,-0.01,0.01866,0.01973,-0.00865,-0.00092,-0.0061,0.63207
1986,2033664,57.96213,179.0,0.8,0.9,1.349399,-0.001007,0.009679,0.001582,0.149891,0.01266,0.615103,62.512695,5.072741,62.303108,6.425695,4.0,9.674e-05,5,713,0.16558,0.23534,0.04,0.0,100,0.4,0.13736,,,-0.01,0.01681,0.0107,-0.00845,0.0039,-0.00388,0.32752
1987,2034688,70.48597,166.5,1.0,0.91,1.360582,-0.002024,0.003643,0.001413,0.228731,0.004848,0.605774,62.622566,4.133606,63.271099,4.094762,4.0,9.663e-05,8,709,0.1598,0.22245,0.04,0.0,100,0.75,0.37063,,,-0.01,0.01945,0.00978,-0.00779,0.00427,-0.00588,0.65521
1988,2035712,62.70196,131.0,0.875,0.91,1.378548,-0.001235,0.024524,0.001262,0.207184,0.003313,0.495541,62.382866,5.234363,61.595028,9.007014,4.0,9.653e-05,8,697,0.16065,0.22747,0.04,0.0,100,0.625,0.28829,,,-0.01,0.01907,0.0106,-0.00905,0.00122,-0.01437,0.55919
1989,2036736,71.83997,135.4,1.0,0.92,1.146068,-0.002215,0.006159,0.001806,0.214115,0.016183,0.821599,61.056171,7.208417,61.485882,7.759408,4.0,9.643e-05,5,754,0.174,0.24102,0.04,0.0,100,0.8,0.27451,,,-0.01,0.01532,0.00918,-0.00971,0.00017,-0.01545,0.47648
1990,2037760,71.18369,138.66667,1.0,0.94,1.190056,-0.002899,0.004338,0.002916,0.284861,0.031006,0.900403,60.791504,8.20614,60.606098,8.925878,4.0,9.633e-05,6,727,0.16863,0.23467,0.02,0.0,100,0.66667,0.34906,,,-0.01,0.01888,0.00446,-0.00758,0.00302,-0.01942,0.53784
1991,2038784,58.91611,166.0,0.875,0.94,1.173323,-0.001248,0.004463,0.002414,0.226934,0.008022,0.896016,60.761658,7.983476,60.746216,8.628192,4.0,9.622e-05,8,736,0.16968,0.23793,0.02,0.0,100,0.75,0.34444,,,-0.01,0.01941,0.00749,-0.00728,0.00278,-0.01014,0.65071
1992,2039808,71.64094,122.0,1.0,0.94,1.216612,-0.001275,0.002913,0.000748,0.220054,0.004569,0.895298,63.072163,6.878999,63.464989,7.372457,4.0,9.612e-05,6,736,0.13813,0.2226,0.02,0.0,100,0.33333,0.4918,,,-0.01,0.01523,0.00912,-0.01044,0.00621,-0.00921,0.53055
1993,2040832,71.04785,162.8,1.0,0.95,1.330344,-0.001998,0.003933,0.001488,0.239582,0.014788,0.627517,65.153137,4.680149,65.540993,4.241266,4.0,9.602e-05,10,697,0.15762,0.24774,0.01,0.0,100,0.4,0.28191,,,-0.01,0.01992,0.01348,-0.00754,0.0034,-0.00807,0.79093
1994,2041856,71.54557,121.88889,1.0,0.95,1.212633,-0.001371,0.002727,0.001225,0.217923,0.014021,0.646911,65.752266,3.895019,66.400223,3.643441,4.0,9.592e-05,9,717,0.14874,0.24026,0.01,0.0,100,0.66667,0.44444,,,-0.01,0.01986,0.00752,-0.00923,0.00363,-0.00861,0.7746
1995,2042880,72.36648,110.0,1.0,0.95,1.327452,-0.002704,0.002332,0.003283,0.239986,0.026786,0.709059,66.118942,3.904568,66.571953,3.732768,4.0,9.581e-05,10,688,0.14748,0.23212,0.01,0.0,100,0.3,0.33036,,,-0.01,0.01853,0.00767,-0.00883,0.00466,-0.00745,0.79288
1996,2043904,71.93358,115.57143,1.0,0.96,1.148251,-0.001919,0.001394,0.002,0.256631,0.018659,0.768737,66.770897,3.424017,66.84919,3.494771,4.0,9.571e-05,7,738,0.15118,0.24159,0.01,0.0,100,0.28571,0.42708,,,-0.01,0.0214,0.00729,-0.00784,0.00533,-0.00947,0.63397
1997,2044928,73.1563,113.625,1.0,0.97,1.175393,-0.001901,0.001243,0.00282,0.237307,0.014648,0.920246,66.186409,5.13366,66.303246,5.606542,4.0,9.561e-05,8,727,0.13963,0.21869,0.01,0.0,100,0.25,0.30631,,,-0.01,0.01941,0.01131,-0.00867,0.00838,-0.00717,0.68623
1998,2045952,62.57604,153.75,0.875,0.96,1.213006,-0.0024,0.001493,0.001969,0.276719,0.01273,0.920159,66.835274,5.442886,66.846237,5.632096,4.0,9.551e-05,8,708,0.13806,0.21544,0.02,0.01,100,0.375,0.5,,,-0.01,0.02022,0.0059,-0.00894,0.00323,-0.01078,0.58695
1999,2046976,62.92305,110.0,0.875,0.96,1.282751,-0.000676,0.02482,0.001737,0.190784,0.005511,0.167958,68.199028,2.632987,67.353775,7.014393,4.0,9.54e-05,8,697,0.1609,0.24959,0.02,0.01,100,0.75,0.325,,,-0.01,0.02106,0.01097,-0.00822,0.00144,-0.00844,0.57045
2000,2048000,64.77992,121.3,0.9,0.95,1.376586,-0.001249,0.02375,0.001004,0.213294,0.003871,0.276332,66.901085,2.811106,65.827034,7.802684,4.0,9.53e-05,10,691,0.15495,0.24662,0.02,0.02,100,0.2,0.4069,,,-0.01,0.01941,0.00813,-0.00623,0.00738,-0.00724,0.70356
2001,2049024,71.80476,136.5,1.0,0.96,1.201147,-0.001468,0.005617,0.001322,0.1999,0.009731,0.620791,65.283264,5.556289,65.428955,5.014874,4.0,9.52e-05,8,732,0.15365,0.23728,0.02,0.02,100,0.125,0.24528,,,-0.01,0.0169,0.01252,-0.01258,0.00485,-0.00653,0.68419
2002,2050048,61.54553,116.71429,0.85714,0.95,1.307355,-0.002189,0.027975,0.002411,0.262406,0.022252,0.358621,65.286743,4.077327,63.960152,8.45066,4.0,9.51e-05,7,696,0.16477,0.25997,0.02,0.02,100,0.42857,0.31915,,,-0.01,0.02018,0.01078,-0.00544,0.00302,-0.00731,0.48381
2003,2051072,72.66238,156.28571,1.0,0.95,1.331241,-0.001913,0.0048,0.002486,0.207239,0.026716,0.641112,63.895725,4.665652,64.079582,4.758416,4.0,9.5e-05,7,711,0.16074,0.25816,0.02,0.02,100,0.28571,0.27551,,,-0.01,0.01907,0.01593,-0.00704,0.0035,-0.00598,0.56125
2004,2052096,72.40117,125.42857,1.0,0.96,1.292748,-0.002076,0.004304,0.001361,0.23111,0.00722,0.64502,63.707767,3.971973,63.582592,4.534054,4.0,9.489e-05,7,706,0.15939,0.24205,0.01,0.02,100,0.28571,0.35052,,,-0.01,0.01777,0.00792,-0.00747,0.00473,-0.00885,0.57463
2005,2053120,71.01569,148.5,1.0,0.96,1.319147,-0.001647,0.003308,0.002101,0.23876,0.013567,0.643018,63.344917,3.85997,63.962761,4.072535,4.0,9.479e-05,8,720,0.16397,0.23877,0.01,0.02,100,0.375,0.43089,,,-0.01,0.01719,0.0088,-0.01057,0.00877,-0.00771,0.65874
2006,2054144,61.07201,118.28571,0.85714,0.95,1.352419,-0.001642,0.023961,0.002589,0.228094,0.017857,0.460918,64.630501,4.403742,63.645546,8.702682,4.0,9.469e-05,7,709,0.16604,0.25298,0.01,0.02,100,0.42857,0.34286,,,-0.01,0.01673,0.01334,-0.00856,0.00329,-0.00543,0.48844
2007,2055168,71.4512,159.28571,1.0,0.95,1.346564,-0.002614,0.00579,0.00392,0.250575,0.043073,0.507082,62.683331,4.266745,62.694,4.530311,4.0,9.459e-05,7,705,0.16834,0.26658,0.01,0.02,100,0.42857,0.18797,,,-0.01,0.01948,0.00831,-0.00779,0.0016,-0.00583,0.56515
2008,2056192,71.23003,142.85714,1.0,0.95,1.346109,-0.001605,0.004698,0.002105,0.234359,0.014439,0.580843,62.373425,4.383724,63.038826,4.49318,4.0,9.448e-05,7,703,0.16494,0.2666,0.01,0.02,100,0.71429,0.43363,,,-0.01,0.01955,0.0078,-0.00571,0.00497,-0.00417,0.57032
2009,2057216,72.45258,139.75,1.0,0.95,1.36007,-0.002309,0.00589,0.001846,0.233378,0.015485,0.631977,63.331779,4.233761,63.476318,5.175035,4.0,9.438e-05,8,706,0.16656,0.26457,0.01,0.02,100,0.375,0.27358,,,-0.01,0.02047,0.01035,-0.00621,0.00172,-0.00634,0.65588
2010,2058240,53.38206,131.5,0.75,0.93,1.438833,-0.000759,0.03003,0.001799,0.193778,0.006522,0.290675,63.574322,4.0752,62.362637,8.682802,4.0,9.428e-05,8,692,0.15987,0.25091,0.01,0.02,100,0.25,0.37615,,,-0.01,0.01904,0.00797,-0.0084,0.00236,-0.00764,0.46336
2011,2059264,71.94085,136.75,1.0,0.94,1.389245,-0.00157,0.003496,0.00059,0.238635,0.00293,0.719825,62.15863,3.879607,62.97998,4.405878,4.0,9.418e-05,8,708,0.1714,0.2643,0.0,0.02,100,0.25,0.31818,,,-0.01,0.01867,0.01087,-0.00812,0.00658,-0.00497,0.65572
2012,2060288,59.9596,145.0,0.85714,0.94,1.330915,-0.001131,0.028943,0.000796,0.224951,0.002616,0.287819,61.830303,5.028609,60.695568,8.256224,4.0,9.407e-05,7,713,0.16885,0.25353,0.0,0.01,100,0.28571,0.54386,,,-0.01,0.02078,0.00348,-0.01067,-0.00128,-0.00436,0.49916
2013,2061312,55.75491,147.2,0.8,0.93,1.3735,-0.001213,0.02261,0.001649,0.218243,0.014544,0.515087,60.980442,4.906126,60.451145,8.853717,4.0,9.397e-05,5,719,0.17449,0.26216,0.0,0.01,100,0.4,0.49333,,,-0.01,0.01795,0.00878,-0.00992,0.00204,-0.0041,0.33049
2014,2062336,71.49248,166.83333,1.0,0.94,1.273663,-0.002248,0.008297,0.003085,0.216379,0.034075,0.65573,59.059628,6.322495,58.873528,6.440964,4.0,9.387e-05,6,729,0.18786,0.27733,0.0,0.01,100,0.5,0.22222,,,-0.01,0.01856,0.01053,-0.0082,-0.00106,-0.00513,0.53448
2015,2063360,56.6417,179.5,0.83333,0.93,1.267166,-0.000244,0.021045,0.001139,0.158933,0.007882,0.542318,57.989098,5.339653,57.614937,8.864241,4.0,9.377e-05,6,739,0.18551,0.27131,0.0,0.0,100,0.5,0.68085,,,-0.01,0.01809,0.00248,-0.00745,0.00381,-0.00495,0.4476
2016,2064384,71.97919,173.0,1.0,0.93,1.473758,-0.002381,0.003496,0.002776,0.234626,0.028181,0.837413,60.120972,5.930097,60.404118,6.014009,4.0,9.366e-05,4,705,0.18217,0.27342,0.0,0.0,100,0.25,0.27723,,,-0.01,0.01586,0.01179,-0.00749,0.00618,-0.00275,0.3177
2017,2065408,70.21148,189.25,1.0,0.94,1.43133,-0.001092,0.003735,0.001765,0.2009,0.008475,0.819226,59.526787,6.00422,59.871788,6.010851,4.0,9.356e-05,8,713,0.18271,0.26694,0.0,0.0,100,0.25,0.34177,,,-0.01,0.01516,0.00726,-0.00976,0.00037,-0.00458,0.65701
2018,2066432,54.66894,181.8,0.8,0.93,1.311504,-0.000691,0.024518,0.001214,0.179567,0.006173,0.400644,59.909782,5.229161,58.855003,8.307105,4.0,9.346e-05,5,744,0.19158,0.27879,0.0,0.0,100,0.4,0.63492,,,-0.01,0.0171,0.00195,-0.00921,0.00261,-0.00483,0.35944
2019,2067456,55.17387,187.0,0.8,0.92,1.55811,-0.001496,0.023527,0.002409,0.211966,0.025426,0.536728,58.954445,6.603491,58.52132,9.174934,4.0,9.336e-05,5,693,0.17843,0.26166,0.0,0.0,100,0.8,0.35714,,,-0.01,0.01814,0.00999,-0.00739,0.00233,-0.00605,0.30594
2020,2068480,69.36779,191.2,1.0,0.92,1.566755,-0.001502,0.008029,0.002045,0.215499,0.016462,0.654408,57.630684,6.773468,57.927982,6.573072,4.0,9.325e-05,5,705,0.1999,0.26385,0.0,0.0,100,0.6,0.26966,,,-0.01,0.0172,0.00672,-0.00759,0.00156,-0.00564,0.39716
2021,2069504,69.04626,221.25,1.0,0.92,1.394825,-0.003129,0.005709,0.001814,0.266096,0.017508,0.800869,57.068928,6.481877,56.570801,6.958994,4.0,9.315e-05,4,736,0.21796,0.29731,0.0,0.0,100,0.5,0.35354,,,-0.01,0.01417,0.00468,-0.00689,0.00023,-0.00389,0.34827
2022,2070528,45.64959,200.33333,0.66667,0.91,1.334163,-0.001991,0.016887,0.002208,0.20959,0.016811,0.61554,55.997173,5.765241,55.144138,8.55814,4.0,9.305e-05,3,745,0.20093,0.27695,0.0,0.0,100,0.33333,0.48611,,,-0.01,0.01764,0.00471,-0.00644,0.00173,-0.00555,0.17617
2023,2071552,58.04745,219.83333,0.83333,0.91,1.41018,-0.00162,0.005088,0.001918,0.194549,0.020717,0.772379,55.444897,5.880986,55.782616,6.320287,4.0,9.295e-05,6,733,0.19046,0.25049,0.01,0.0,100,0.5,0.496,,,-0.01,0.01491,0.00726,-0.00994,0.00211,-0.00514,0.43527
2024,2072576,55.37253,238.6,0.8,0.9,1.255896,-0.001864,0.006883,0.001597,0.214647,0.009068,0.744999,57.070869,6.769513,57.100422,6.775708,4.0,9.284e-05,5,750,0.20166,0.30278,0.02,0.0,100,0.4,0.30208,,,-0.01,0.01304,0.01174,-0.00867,-0.00062,-0.0075,0.37468
2025,2073600,67.25993,232.4,1.0,0.9,1.48905,-0.002868,0.004595,0.003479,0.227453,0.038365,0.71323,56.441593,4.762275,56.877293,5.470246,4.0,9.274e-05,5,702,0.19397,0.27197,0.02,0.0,100,0.4,0.49573,,,-0.01,0.01887,0.00257,-0.00568,0.00208,-0.005,0.3963
2026,2074624,69.66945,181.0,1.0,0.9,1.392506,-0.002406,0.00523,0.003546,0.232671,0.044364,0.779626,57.234119,5.914706,57.544155,6.400042,4.0,9.264e-05,5,716,0.20286,0.25908,0.02,0.0,100,0.4,0.37736,,,-0.01,0.0174,0.00677,-0.00928,0.00174,-0.00357,0.42789
2027,2075648,61.14129,179.5,0.875,0.9,1.350042,-0.001286,0.022346,0.002541,0.160449,0.023647,0.488683,57.480106,6.616752,57.644749,9.102071,4.0,9.254e-05,8,717,0.18884,0.24411,0.02,0.0,100,0.25,0.37594,,,-0.01,0.01824,0.01141,-0.0099,0.0039,-0.0041,0.60063
2028,2076672,71.98075,162.0,1.0,0.91,1.53544,-0.002602,0.003515,0.002096,0.280377,0.014404,0.863236,59.965191,5.908679,61.056881,6.344473,4.0,9.244e-05,7,690,0.17747,0.25058,0.02,0.0,100,0.14286,0.30952,,,-0.01,0.01672,0.01539,-0.00822,0.00434,-0.00459,0.52794
2029,2077696,47.3414,144.33333,0.66667,0.89,1.389525,-0.001002,0.040663,0.001785,0.237417,0.017194,0.432539,59.76852,6.39344,58.361694,11.398159,4.0,9.233e-05,6,710,0.19316,0.25421,0.02,0.0,100,0.33333,0.19588,,,-0.01,0.01986,0.01359,-0.00879,-0.00044,-0.00363,0.33042
2030,2078720,72.2592,155.33333,1.0,0.9,1.403223,-0.001919,0.005058,0.001879,0.281288,0.011335,0.775403,58.866741,5.381191,59.76284,5.987062,4.0,9.223e-05,6,711,0.20426,0.25532,0.02,0.0,100,0.0,0.27778,,,-0.01,0.02021,0.01275,-0.00899,0.00409,-0.00481,0.50201
2031,2079744,71.55911,155.25,1.0,0.91,1.38164,-0.002547,0.004857,0.00119,0.255848,0.005999,0.8425,59.080723,6.676579,59.228882,7.127969,4.0,9.213e-05,4,729,0.20721,0.25301,0.02,0.0,100,0.0,0.36471,,,-0.01,0.01489,0.01332,-0.01133,0.00118,-0.00385,0.34765
2032,2080768,58.99493,206.28571,0.85714,0.9,1.412228,-0.001487,0.021693,0.002265,0.185154,0.018555,0.62734,58.983692,7.277145,58.508614,9.922647,4.0,9.203e-05,7,719,0.20299,0.25691,0.02,0.0,100,0.28571,0.27011,,,-0.01,0.01719,0.01049,-0.01025,0.0023,-0.00358,0.49763
2033,2081792,71.38233,192.4,1.0,0.9,1.378508,-0.002948,0.006289,0.001936,0.238567,0.013358,0.780422,60.302525,6.797904,60.419037,6.935454,4.0,9.192e-05,5,720,0.18655,0.26182,0.02,0.0,100,0.0,0.17949,,,-0.01,0.01425,0.02088,-0.01119,0.00329,-0.00416,0.41211
2034,2082816,72.68535,154.33333,1.0,0.91,1.132189,-0.002108,0.004217,0.001376,0.242986,0.009277,0.872325,58.849316,6.868836,58.755909,7.645082,4.0,9.182e-05,3,787,0.17774,0.24802,0.02,0.0,100,0.0,0.23944,,,-0.01,0.01563,0.02235,-0.00969,0.00574,-0.00204,0.29969
2035,2083840,70.21827,220.5,1.0,0.91,1.13613,-0.001711,0.006811,0.001246,0.218661,0.009173,0.795498,56.918629,7.324691,57.738838,7.585765,4.0,9.172e-05,6,771,0.17815,0.22092,0.02,0.0,100,0.16667,0.21469,,,-0.01,0.01906,0.01294,-0.01002,0.00073,-0.00519,0.57927
2036,2084864,59.50281,202.16667,0.83333,0.9,1.244735,-0.001821,0.00809,0.001796,0.253303,0.011161,0.767439,59.534885,7.497867,59.895042,7.65239,4.0,9.162e-05,6,739,0.17931,0.2144,0.03,0.0,100,0.0,0.37615,,,-0.01,0.01924,0.01108,-0.01044,0.00353,-0.00412,0.44982
2037,2085888,62.62295,148.625,0.875,0.91,1.471067,-0.000589,0.014392,0.001164,0.132794,0.006348,0.509294,61.238987,4.979016,61.536945,6.894263,4.0,9.151e-05,8,694,0.16685,0.19568,0.03,0.0,100,0.25,0.27778,,,-0.01,0.01843,0.01087,-0.00806,0.0027,-0.004,0.55137
2038,2086912,71.26333,159.57143,1.0,0.91,1.30536,-0.001544,0.008982,0.001382,0.220898,0.007115,0.553842,60.001072,6.482373,60.679573,6.154923,4.0,9.141e-05,7,738,0.16409,0.20116,0.03,0.0,100,0.28571,0.28571,,,-0.01,0.01858,0.00887,-0.00852,0.00198,-0.00379,0.62402
2039,2087936,70.06073,172.5,1.0,0.92,1.264623,-0.002118,0.00378,0.003023,0.21838,0.026751,0.771998,61.441223,5.214562,61.746651,5.288505,4.0,9.131e-05,4,754,0.18664,0.23668,0.03,0.0,100,0.25,0.46914,,,-0.01,0.01754,0.00951,-0.0123,0.00078,-0.00286,0.37104
2040,2088960,70.42339,169.66667,1.0,0.93,1.395073,-0.002404,0.002117,0.002653,0.254692,0.02424,0.857164,62.306492,4.980448,62.861092,4.982486,4.0,9.121e-05,6,723,0.17056,0.22838,0.02,0.0,100,0.0,0.32258,,,-0.01,0.01524,0.01196,-0.01089,0.00519,-0.00362,0.49962
2041,2089984,60.31364,178.71429,0.85714,0.93,1.352042,-0.000634,0.02169,0.001543,0.189954,0.009033,0.429944,62.727943,5.232326,61.682003,8.537975,4.0,9.11e-05,7,724,0.17027,0.23571,0.01,0.0,100,0.14286,0.2963,,,-0.01,0.0162,0.01347,-0.01017,-0.0022,-0.00507,0.51235
2042,2091008,46.88909,151.0,0.66667,0.92,1.267558,-0.001016,0.019545,0.002155,0.225674,0.018311,0.573942,61.949223,5.459476,60.540432,9.10745,4.0,9.1e-05,3,748,0.18654,0.24885,0.01,0.0,100,0.33333,0.35897,,,-0.01,0.01654,0.01746,-0.00963,0.00335,-0.00316,0.17927
2043,2092032,71.34338,247.25,1.0,0.92,1.231978,-0.001699,0.008264,0.001173,0.208117,0.010847,0.780496,59.932095,7.594372,59.860249,7.913661,4.0,9.09e-05,4,761,0.19128,0.27943,0.01,0.0,100,0.0,0.09662,,,-0.01,0.0126,0.03739,-0.01209,0.00344,-0.00357,0.35194
2044,2093056,71.02795,258.8,1.0,0.93,1.284688,-0.001665,0.00554,0.002027,0.224247,0.028983,0.837621,59.665958,7.235647,60.006405,7.619853,4.0,9.08e-05,5,754,0.19823,0.29101,0.01,0.0,100,0.0,0.21603,,,-0.01,0.01202,0.04074,-0.01221,0.00291,-0.00327,0.42269
2045,2094080,49.79503,217.33333,0.66667,0.91,1.380754,-0.001148,0.019776,0.001096,0.239832,0.005266,0.677217,60.622875,7.065331,59.16967,10.258114,4.0,9.069e-05,6,725,0.18213,0.24393,0.02,0.0,100,0.16667,0.10385,,,-0.01,0.01593,0.01554,-0.00777,0.0013,-0.00331,0.33283
2046,2095104,72.36903,151.66667,1.0,0.91,1.330587,-0.003288,0.006066,0.002963,0.277236,0.0399,0.887098,58.40073,8.567344,57.769199,9.196891,4.0,9.059e-05,3,752,0.1703,0.21412,0.02,0.0,100,0.0,0.34524,,,-0.01,0.01576,0.01487,-0.01021,0.00562,-0.0018,0.2708
2047,2096128,60.78252,190.14286,0.85714,0.91,1.267989,-0.001233,0.018334,0.002279,0.178357,0.026855,0.748536,56.415585,9.160369,56.09832,11.220395,4.0,9.049e-05,7,752,0.17985,0.2359,0.02,0.0,100,0.14286,0.30808,,,-0.01,0.01617,0.01554,-0.01115,0.00068,-0.00527,0.53904
2048,2097152,57.37757,218.2,0.8,0.91,1.342649,-0.001717,0.00464,0.002405,0.242073,0.031669,0.816037,58.722412,6.203577,58.938377,6.834673,4.0,9.039e-05,5,738,0.19271,0.24802,0.03,0.0,100,0.0,0.23016,,,-0.01,0.01695,0.01608,-0.00825,0.00208,-0.00276,0.3523
2049,2098176,71.42309,184.0,1.0,0.91,1.290287,-0.001915,0.004876,0.00171,0.24002,0.011126,0.831086,59.25774,6.227797,59.779095,6.995679,4.0,9.028e-05,6,738,0.18868,0.25752,0.03,0.0,100,0.0,0.22876,,,-0.01,0.01466,0.02765,-0.01182,0.00433,-0.00242,0.52427
2050,2099200,71.68886,217.4,1.0,0.91,1.393877,-0.002621,0.004883,0.003895,0.223422,0.050363,0.793871,59.960754,6.182226,60.382378,6.370964,4.0,9.018e-05,5,723,0.1833,0.23875,0.03,0.0,100,0.0,0.08696,,,-0.01,0.01498,0.02184,-0.01137,0.00289,-0.00348,0.40824
2051,2100224,70.24328,196.4,1.0,0.92,1.273199,-0.002245,0.009234,0.002115,0.199249,0.020403,0.751554,58.789883,7.539122,58.879421,7.872557,4.0,9.008e-05,5,744,0.17074,0.23796,0.03,0.0,100,0.0,0.20909,,,-0.01,0.01817,0.01054,-0.00897,-6e-05,-0.00184,0.44627
2052,2101248,59.7356,175.0,0.83333,0.91,1.280674,-0.001474,0.004749,0.00127,0.175143,0.004081,0.840171,61.573246,6.019928,62.155582,6.864774,4.0,8.998e-05,6,741,0.16543,0.23643,0.03,0.0,100,0.16667,0.15254,,,-0.01,0.01751,0.01991,-0.00898,0.00455,-0.00357,0.42749
2053,2102272,61.30265,173.0,0.85714,0.9,1.279717,-0.001177,0.019645,0.002429,0.193302,0.020647,0.658541,61.632381,6.97416,60.947735,10.148445,4.0,8.988e-05,7,729,0.15879,0.22372,0.03,0.0,100,0.14286,0.09195,,,-0.01,0.01582,0.02056,-0.0091,0.00126,-0.0036,0.50234
2054,2103296,72.07728,150.16667,1.0,0.91,1.327913,-0.002104,0.006145,0.003146,0.233565,0.027239,0.789411,61.626575,6.920795,62.024422,6.921866,4.0,8.977e-05,6,720,0.15105,0.20954,0.02,0.0,100,0.0,0.14894,,,-0.01,0.01572,0.01294,-0.0103,0.00394,-0.00553,0.49129
2055,2104320,72.51696,141.5,1.0,0.92,1.243513,-0.001658,0.005316,0.001208,0.245658,0.008475,0.894959,60.59742,8.618595,61.116211,9.438046,4.0,8.967e-05,8,725,0.15237,0.20733,0.02,0.0,100,0.0,0.1295,,,-0.01,0.01909,0.01725,-0.00949,0.00481,-0.00563,0.67767
2056,2105344,74.00373,102.5,1.0,0.92,1.231851,-0.00192,0.007531,0.001438,0.217403,0.006871,0.921553,58.87212,11.881621,58.899406,12.592101,4.0,8.957e-05,6,733,0.15424,0.2048,0.02,0.0,100,0.0,0.12069,,,-0.01,0.02013,0.01285,-0.00791,0.006,-0.00233,0.52162
2057,2106368,51.65293,152.85714,0.71429,0.9,1.212191,-0.000674,0.009897,0.000592,0.167972,0.002337,0.863867,61.361237,10.007651,61.761997,11.195079,4.0,8.947e-05,7,737,0.1437,0.19966,0.03,0.0,100,0.28571,0.18519,,,-0.01,0.01943,0.01771,-0.0102,0.00663,-0.00703,0.42406
2058,2107392,73.06785,115.57143,1.0,0.9,1.225934,-0.002493,0.006264,0.001382,0.227612,0.006801,0.856516,62.007832,7.718028,61.879021,8.728324,4.0,8.936e-05,7,727,0.15757,0.24123,0.03,0.0,100,0.0,0.22222,,,-0.01,0.01656,0.02295,-0.00829,0.00386,-0.00441,0.5998
2059,2108416,53.00113,178.0,0.7,0.89,1.133631,-0.001914,0.022707,0.002654,0.228444,0.023542,0.771226,60.01812,10.097286,59.028351,12.933841,4.0,8.926e-05,10,737,0.14395,0.20316,0.05,0.0,100,0.1,0.12422,,,-0.01,0.01851,0.01553,-0.01312,0.00526,-0.00425,0.62145
2060,2109440,53.47911,110.75,0.75,0.88,1.196371,-0.001241,0.042754,0.001187,0.382958,0.010289,0.63176,60.36985,9.586026,57.65229,14.006933,4.0,8.916e-05,8,728,0.14159,0.20458,0.04,0.0,100,0.25,0.41935,,,-0.01,0.02069,0.00469,-0.00815,-0.00092,-0.00414,0.5176
2061,2110464,56.18709,121.44444,0.77778,0.88,1.269109,-0.001286,0.031881,0.002512,0.194386,0.027727,0.722665,57.047527,12.634729,57.395874,14.068841,4.0,8.906e-05,9,716,0.14334,0.19213,0.04,0.0,100,0.22222,0.22222,,,-0.01,0.02165,0.01211,-0.00756,0.00254,-0.00322,0.58591
2062,2111488,63.54128,118.0,0.875,0.88,1.269754,-0.001603,0.026124,0.002,0.240354,0.022635,0.732119,57.836739,9.67662,57.156006,12.700762,4.0,8.895e-05,8,722,0.14857,0.20443,0.03,0.0,100,0.125,0.21698,,,-0.01,0.019,0.01127,-0.00695,-0.00082,-0.00271,0.60863
2063,2112512,63.65489,137.125,0.875,0.87,1.353846,-0.002493,0.012085,0.003857,0.247957,0.052176,0.721466,59.308758,6.78104,59.921089,8.847195,4.0,8.885e-05,8,719,0.15245,0.21456,0.03,0.0,100,0.125,0.22695,,,-0.01,0.0176,0.01706,-0.00692,0.00217,-0.00372,0.57786
2064,2113536,57.46054,133.0,0.8,0.86,1.305899,-0.00133,0.018958,0.001071,0.26343,0.00558,0.780726,58.082935,9.119132,56.94743,12.338311,4.0,8.875e-05,5,741,0.16973,0.23455,0.03,0.0,100,0.2,0.31707,,,-0.01,0.01565,0.0194,-0.00989,0.00139,-0.00194,0.34967
2065,2114560,71.70172,282.5,1.0,0.86,1.13448,-0.001102,0.017089,0.000551,0.241094,0.003697,0.856404,49.868225,13.755094,49.075554,14.112483,4.0,8.865e-05,2,791,0.16511,0.21591,0.03,0.0,100,0.0,0.1761,,,-0.01,0.0167,0.01319,-0.00889,-0.00166,-0.00208,0.19233
2066,2115584,68.95204,206.0,1.0,0.87,1.321984,-0.00148,0.016623,0.001201,0.281931,0.012521,0.69274,50.691532,11.777953,52.287224,10.681428,4.0,8.854e-05,8,744,0.16137,0.18987,0.03,0.0,100,0.0,0.23729,,,-0.01,0.01468,0.00866,-0.00932,0.0014,-0.00407,0.69665
2067,2116608,71.35692,157.5,1.0,0.87,1.446507,-0.00352,0.008851,0.002893,0.260317,0.034354,0.818366,57.492805,8.287582,57.9492,8.922463,4.0,8.844e-05,4,717,0.17136,0.19738,0.03,0.0,100,0.0,0.15789,,,-0.01,0.0135,0.01519,-0.01065,0.00114,-0.00205,0.32147
2068,2117632,69.43452,205.0,1.0,0.88,1.246712,-0.00144,0.008524,0.001194,0.225458,0.005894,0.808832,59.103371,9.261289,59.800259,9.034919,4.0,8.834e-05,6,750,0.18419,0.21141,0.03,0.0,100,0.0,0.14634,,,-0.01,0.01377,0.01612,-0.01355,0.00213,-0.0041,0.53688
2069,2118656,54.89128,224.2,0.8,0.87,1.16682,-0.001101,0.021759,0.000953,0.217233,0.000872,0.767967,58.024937,10.538066,57.094067,12.508284,4.0,8.824e-05,5,766,0.18666,0.24133,0.03,0.0,100,0.2,0.17178,,,-0.01,0.01519,0.02101,-0.01142,-0.00293,-0.00311,0.36355
2070,2119680,69.5809,210.25,1.0,0.87,1.127637,-0.001951,0.010222,0.001724,0.219294,0.010707,0.809261,58.870888,10.126054,59.661293,9.509748,4.0,8.813e-05,4,780,0.18666,0.23846,0.03,0.0,100,0.25,0.18349,,,-0.01,0.01563,0.02117,-0.01257,0.00256,-0.00332,0.386
2071,2120704,71.84565,158.33333,1.0,0.87,1.398389,-0.002684,0.004921,0.003337,0.276405,0.031424,0.870654,58.556469,7.459158,58.981346,7.953758,4.0,8.803e-05,6,725,0.17712,0.20061,0.03,0.0,100,0.0,0.17164,,,-0.01,0.01606,0.00948,-0.01124,0.00292,-0.00237,0.49774
2072,2121728,67.39087,226.75,1.0,0.88,1.194763,-0.001969,0.013976,0.001806,0.251868,0.017578,0.71275,59.321892,9.007181,59.741421,8.972875,4.0,8.793e-05,4,754,0.17962,0.21886,0.03,0.0,100,0.0,0.55357,,,-0.01,0.01852,0.01108,-0.00974,-0.0008,-0.00301,0.36182
2073,2122752,62.98039,175.44444,0.88889,0.88,1.331185,-0.000853,0.016347,0.000837,0.141537,0.006104,0.739523,59.907898,7.844571,60.030174,10.368173,4.0,8.783e-05,9,721,0.1743,0.20312,0.02,0.0,100,0.11111,0.1828,,,-0.01,0.01755,0.01568,-0.01165,0.00457,-0.00406,0.65905
2074,2123776,71.76378,146.0,1.0,0.89,1.284144,-0.000996,0.010893,0.001284,0.225485,0.010498,0.71701,60.274384,8.320144,61.253548,7.994963,4.0,8.772e-05,7,730,0.17402,0.20623,0.01,0.0,100,0.0,0.20202,,,-0.01,0.01762,0.01381,-0.01059,0.00283,-0.0046,0.60507
2075,2124800,71.99718,147.5,1.0,0.91,1.274594,-0.002607,0.002823,0.001684,0.253635,0.014439,0.876708,64.948975,6.08256,65.438576,6.113208,4.0,8.762e-05,6,730,0.19147,0.2567,0.0,0.0,100,0.0,0.12381,,,-0.01,0.01528,0.02652,-0.01133,0.00242,-0.00463,0.52191
2076,2125824,72.5551,152.875,1.0,0.93,1.357546,-0.002718,0.002251,0.003295,0.29369,0.039132,0.882335,64.178764,5.494993,65.150162,5.525926,4.0,8.752e-05,8,701,0.16688,0.2168,0.0,0.0,100,0.0,0.13198,,,-0.01,0.01688,0.01951,-0.01043,0.00528,-0.00396,0.63603
2077,2126848,72.86724,122.75,1.0,0.94,1.314621,-0.001994,0.005645,0.004058,0.263819,0.038051,0.723099,64.294662,5.991359,65.099815,5.763394,4.0,8.742e-05,8,707,0.14369,0.18781,0.0,0.0,100,0.0,0.08911,,,-0.01,0.02016,0.01366,-0.01037,0.00516,-0.00364,0.66488
2078,2127872,72.89579,125.0,1.0,0.96,1.40377,-0.002839,0.002901,0.004518,0.255481,0.06121,0.791903,66.308685,5.176502,66.720512,4.861694,4.0,8.732e-05,9,692,0.14911,0.1943,0.0,0.0,100,0.0,0.1938,,,-0.01,0.0164,0.01256,-0.01012,0.00502,-0.00557,0.69924
2079,2128896,60.91429,133.85714,0.85714,0.96,1.224742,-0.000846,0.026203,0.002445,0.214197,0.020229,0.445307,64.935692,5.601791,63.667511,9.274665,4.0,8.721e-05,7,723,0.14187,0.19135,0.0,0.0,100,0.14286,0.28125,,,-0.01,0.01927,0.01302,-0.01017,-0.00042,-0.00287,0.51131
2080,2129920,63.30374,117.125,0.875,0.96,1.285149,-0.000202,0.021249,0.00012,0.116737,0.0,0.630869,64.762329,7.042589,64.826958,9.836368,4.0,8.711e-05,8,715,0.14041,0.18345,0.0,0.0,100,0.125,0.25882,,,-0.01,0.01787,0.01439,-0.01015,0.0101,-0.00386,0.58058
2081,2130944,72.75541,136.875,1.0,0.96,1.425804,-0.002161,0.003152,0.002534,0.228594,0.032959,0.766693,66.896004,4.707196,66.891556,4.744041,4.0,8.701e-05,8,701,0.15144,0.19617,0.0,0.0,100,0.0,0.09091,,,-0.01,0.01645,0.01598,-0.01115,0.00315,-0.00524,0.62255
2082,2131968,61.43876,138.57143,0.85714,0.95,1.177361,-0.000912,0.025192,0.001951,0.254775,0.0143,0.686385,64.032173,8.680043,62.195667,11.560736,4.0,8.691e-05,7,741,0.14944,0.20543,0.0,0.0,100,0.14286,0.20833,,,-0.01,0.01774,0.01207,-0.01035,-0.00021,-0.00487,0.54399
2083,2132992,71.88589,140.28571,1.0,0.95,1.253151,-0.000927,0.007567,0.001438,0.20209,0.014474,0.698977,64.437408,7.502318,64.882301,6.520796,4.0,8.68e-05,7,733,0.16214,0.22115,0.0,0.0,100,0.0,0.16162,,,-0.01,0.01665,0.02312,-0.00953,0.00468,-0.00281,0.60681
2084,2134016,51.2748,131.57143,0.71429,0.94,1.167684,-0.000765,0.027025,0.001045,0.290906,0.004848,0.795352,60.059452,10.752833,57.903805,15.043678,4.0,8.67e-05,7,751,0.16847,0.21036,0.0,0.0,100,0.28571,0.1875,,,-0.01,0.01871,0.02072,-0.00965,0.00082,-0.00381,0.46152
2085,2135040,64.29483,182.57143,0.85714,0.93,1.362109,-0.001047,0.006802,0.000482,0.190957,0.000279,0.709715,64.089333,6.393439,64.359726,6.167532,4.0,8.66e-05,7,708,0.1659,0.22159,0.01,0.0,100,0.0,0.13095,,,-0.01,0.01673,0.01588,-0.00852,0.00546,-0.00507,0.487
2086,2136064,71.74731,142.83333,1.0,0.93,1.328861,-0.001111,0.010287,0.001063,0.24298,0.005894,0.796548,63.027912,7.919617,61.979008,9.04189,4.0,8.65e-05,6,713,0.15733,0.19229,0.01,0.0,100,0.0,0.28571,,,-0.01,0.01802,0.00876,-0.00841,0.0011,-0.00386,0.50845
2087,2137088,52.89359,181.25,0.75,0.93,1.208864,-0.001021,0.009163,0.001105,0.193124,0.001011,0.924925,59.467167,12.741165,58.660427,14.788531,4.0,8.639e-05,4,762,0.17458,0.23499,0.01,0.0,100,0.25,0.18085,,,-0.01,0.01438,0.02623,-0.00853,0.0037,-0.0028,0.2742
2088,2138112,72.25933,138.5,1.0,0.93,1.2789,-0.002348,0.007761,0.001373,0.218527,0.006801,0.913379,59.283833,12.030156,59.272427,12.324097,4.0,8.629e-05,6,742,0.16971,0.23076,0.01,0.0,100,0.0,0.15476,,,-0.01,0.01632,0.01775,-0.0097,0.00429,-0.00242,0.53221
2089,2139136,58.55327,245.6,0.8,0.92,1.293326,-0.001855,0.005706,0.002645,0.215758,0.037074,0.901202,62.074738,9.390875,62.002216,9.665874,4.0,8.619e-05,5,743,0.17459,0.23671,0.02,0.0,100,0.0,0.11515,,,-0.01,0.01699,0.01946,-0.01076,0.00403,-0.0024,0.3386
2090,2140160,71.90328,164.125,1.0,0.92,1.468033,-0.001892,0.00484,0.003069,0.182949,0.02989,0.7307,62.744541,6.290209,63.091492,5.727902,4.0,8.609e-05,8,709,0.16269,0.20404,0.02,0.0,100,0.0,0.1411,,,-0.01,0.01474,0.0102,-0.01214,0.00356,-0.00279,0.62767
2091,2141184,71.28196,152.28571,1.0,0.92,1.346774,-0.001823,0.008412,0.00163,0.195631,0.013497,0.858423,61.251789,9.405263,61.010761,9.84448,4.0,8.598e-05,7,736,0.17757,0.22888,0.02,0.0,100,0.0,0.26126,,,-0.01,0.01553,0.01166,-0.01027,0.00399,-0.0022,0.60763
2092,2142208,71.24593,139.25,1.0,0.92,1.225417,-0.002148,0.006385,0.002586,0.195162,0.027448,0.921247,59.230965,11.116503,59.37011,11.47674,4.0,8.588e-05,4,767,0.16845,0.22197,0.02,0.0,100,0.0,0.22222,,,-0.01,0.01499,0.01452,-0.01097,0.00284,-0.0016,0.37206
2093,2143232,69.93919,211.75,1.0,0.92,1.387399,-0.000947,0.009609,0.001619,0.20095,0.013532,0.703191,61.358734,9.293135,62.328999,7.670256,4.0,8.578e-05,8,730,0.17371,0.24668,0.02,0.0,100,0.0,0.08537,,,-0.01,0.01535,0.01711,-0.00947,0.00259,-0.00378,0.65243
2094,2144256,72.19636,147.2,1.0,0.93,1.447777,-0.001889,0.005523,0.001752,0.219339,0.009138,0.811313,62.712139,6.589632,62.711117,6.88233,4.0,8.568e-05,5,723,0.17713,0.22554,0.02,0.0,100,0.0,0.03226,,,-0.01,0.01702,0.01201,-0.00899,0.00331,-0.00316,0.4119
2095,2145280,70.5812,201.6,1.0,0.93,1.422106,-0.002283,0.004396,0.002122,0.204894,0.014683,0.832971,62.634041,7.311947,63.063793,6.705374,4.0,8.557e-05,5,725,0.18664,0.24203,0.02,0.0,100,0.0,0.13953,,,-0.01,0.01676,0.01294,-0.0082,0.00439,-0.00297,0.40972
2096,2146304,70.91398,167.83333,1.0,0.94,1.359571,-0.002347,0.00345,0.001749,0.214227,0.014858,0.812997,62.91666,5.363761,62.848972,5.480074,4.0,8.547e-05,6,724,0.1808,0.23526,0.02,0.0,100,0.0,0.23077,,,-0.01,0.01876,0.00793,-0.00871,0.00193,-0.00184,0.50531
2097,2147328,71.74684,163.16667,1.0,0.94,1.194151,-0.00153,0.007743,0.001547,0.205634,0.009208,0.803552,60.079075,7.877348,60.240993,8.10429,4.0,8.537e-05,6,757,0.18377,0.24812,0.02,0.0,100,0.0,0.19048,,,-0.01,0.01677,0.01187,-0.00834,0.00378,-0.00291,0.5678
2098,2148352,71.78548,140.16667,1.0,0.94,1.292206,-0.00189,0.002508,0.002162,0.217137,0.012974,0.938526,60.572868,7.709783,60.976795,8.065938,4.0,8.527e-05,6,745,0.18317,0.24036,0.02,0.0,100,0.0,0.20588,,,-0.01,0.01786,0.00788,-0.00973,0.00273,-0.00212,0.53766
2099,2149376,59.43201,189.33333,0.83333,0.94,1.207677,-0.001633,0.004629,0.001953,0.249612,0.015625,0.868865,63.881557,6.974641,63.93853,7.580268,4.0,8.516e-05,6,757,0.19846,0.28663,0.03,0.0,100,0.16667,0.28767,,,-0.01,0.01677,0.02464,-0.01081,0.0002,-0.00311,0.465
2100,2150400,61.86725,193.28571,0.85714,0.93,1.138159,-0.000623,0.016127,0.001089,0.184469,0.005057,0.73005,63.714233,7.38387,62.737522,10.517273,4.0,8.506e-05,7,767,0.21652,0.31793,0.03,0.0,100,0.14286,0.05652,,,-0.01,0.01199,0.03221,-0.01307,0.00296,-0.00453,0.56383
2101,2151424,72.54447,143.57143,1.0,0.96,1.369951,-0.001795,0.004088,0.000885,0.207911,0.001465,0.783199,64.817429,5.270659,65.115051,5.444294,4.0,8.496e-05,7,716,0.19227,0.26875,0.02,0.0,100,0.0,0.13669,,,-0.01,0.01742,0.0161,-0.01028,0.00553,-0.003,0.56667
2102,2152448,72.84535,138.66667,1.0,0.96,1.160392,-0.001849,0.002975,0.001524,0.224185,0.013846,0.874291,65.208351,6.058305,65.524857,6.375309,4.0,8.486e-05,6,749,0.20521,0.28888,0.02,0.0,100,0.0,0.16667,,,-0.01,0.01747,0.02787,-0.00881,0.00233,-0.00305,0.54907
2103,2153472,73.42527,131.28571,1.0,0.97,1.300522,-0.002807,0.002366,0.003046,0.260614,0.0384,0.926352,64.051277,6.779365,64.339661,7.406396,4.0,8.476e-05,7,725,0.189,0.27383,0.02,0.0,100,0.0,0.06723,,,-0.01,0.01789,0.02302,-0.00959,0.00695,-0.00517,0.58003
2104,2154496,66.14953,151.75,0.875,0.96,1.479534,-0.002881,0.001859,0.001618,0.261371,0.008371,0.909371,65.01844,5.455132,65.324295,5.937755,4.0,8.465e-05,8,684,0.17864,0.2313,0.03,0.0,100,0.0,0.07772,,,-0.01,0.01942,0.00844,-0.00934,0.00966,-0.01192,0.52608
2105,2155520,73.14223,103.0,1.0,0.97,1.436285,-0.002995,0.002917,0.002626,0.253724,0.025251,0.881307,64.707611,5.937934,64.88237,6.814609,4.0,8.455e-05,10,685,0.20163,0.25361,0.02,0.0,100,0.0,0.21429,,,-0.01,0.01914,0.00875,-0.01212,0.00635,-0.00937,0.77479
2106,2156544,56.60729,178.5,0.83333,0.96,1.213441,-0.00194,0.007468,0.003676,0.196195,0.040039,0.890472,63.191536,10.385206,63.139141,10.736492,4.0,8.445e-05,6,743,0.20813,0.27055,0.03,0.0,100,0.0,0.29545,,,-0.01,0.01926,0.01013,-0.01071,0.00265,-0.00429,0.45257
2107,2157568,72.93472,129.375,1.0,0.96,1.459065,-0.002726,0.001454,0.002057,0.248747,0.011405,0.812347,67.541611,3.511295,67.763313,3.557189,4.0,8.435e-05,8,682,0.193,0.26066,0.03,0.0,100,0.0,0.16418,,,-0.01,0.02042,0.01318,-0.00797,0.00583,-0.00592,0.61075
2108,2158592,73.35729,127.16667,1.0,0.96,1.422832,-0.002711,0.002424,0.002538,0.251226,0.021763,0.738953,67.698524,3.424198,67.501205,3.961165,4.0,8.424e-05,6,689,0.17867,0.26002,0.03,0.0,100,0.0,0.10588,,,-0.01,0.01815,0.02436,-0.01065,0.00667,-0.00864,0.45526
2109,2159616,72.97009,143.11111,1.0,0.96,1.28556,-0.003788,0.002639,0.002664,0.259944,0.020996,0.745929,66.997749,3.795165,67.241379,4.129271,4.0,8.414e-05,9,710,0.16629,0.24066,0.03,0.0,100,0.0,0.0381,,,-0.01,0.01784,0.02046,-0.01131,0.00466,-0.00816,0.72258
2110,2160640,73.60656,112.16667,1.0,0.96,1.296934,-0.001527,0.005104,0.001001,0.233609,0.003383,0.806788,66.562782,5.585169,65.990837,6.521344,4.0,8.404e-05,6,715,0.16535,0.2469,0.03,0.0,100,0.0,0.1519,,,-0.01,0.02001,0.02211,-0.01032,0.00439,-0.00649,0.48506
2111,2161664,64.98206,147.2,0.9,0.95,1.312813,-0.000559,0.014731,0.000805,0.151247,0.000767,0.722789,65.946106,6.680857,65.399406,9.973098,4.0,8.394e-05,10,697,0.15152,0.21707,0.03,0.0,100,0.1,0.02174,,,-0.01,0.01909,0.01294,-0.01198,0.00668,-0.00436,0.70581
2112,2162688,72.51685,124.14286,1.0,0.96,1.162242,-0.001259,0.009582,0.001346,0.209056,0.005894,0.79774,64.586426,8.193332,63.872509,8.591609,4.0,8.383e-05,7,738,0.15898,0.23386,0.02,0.0,100,0.0,0.1383,,,-0.01,0.01722,0.01506,-0.01083,0.00458,-0.00337,0.63155
2113,2163712,71.91424,131.33333,1.0,0.96,1.18904,-0.001392,0.007029,0.000718,0.184705,0.003906,0.899404,61.980541,10.53512,61.881802,10.638101,4.0,8.373e-05,6,741,0.16006,0.20468,0.02,0.0,100,0.0,0.11765,,,-0.01,0.02062,0.0066,-0.00935,0.00367,-0.00339,0.55005
2114,2164736,71.05304,162.25,1.0,0.97,1.205161,-0.001152,0.012561,0.001661,0.201328,0.016811,0.198767,64.049355,7.905347,64.756485,5.665553,4.0,8.363e-05,8,726,0.16145,0.22705,0.02,0.0,100,0.0,0.3,,,-0.01,0.01932,0.0119,-0.01079,0.00172,-0.00304,0.68933
2115,2165760,59.65402,147.33333,0.83333,0.96,1.102776,-0.000798,0.022452,0.0011,0.224368,0.00708,0.559455,65.685555,5.195187,64.232773,9.124291,4.0,8.353e-05,6,773,0.17501,0.26694,0.02,0.0,100,0.16667,0.11957,,,-0.01,0.01422,0.02871,-0.01482,0.00149,-0.00324,0.4812
2116,2166784,71.90813,153.22222,1.0,0.96,1.446263,-0.001236,0.002582,0.001966,0.240799,0.012939,0.748948,65.298019,3.737094,65.514465,4.021894,4.0,8.342e-05,9,700,0.16543,0.21704,0.02,0.0,100,0.0,0.0875,,,-0.01,0.01609,0.01181,-0.01066,0.00624,-0.00472,0.71197
2117,2167808,71.59574,127.0,1.0,0.97,1.484139,-0.002073,0.002203,0.001806,0.233273,0.012486,0.761275,65.246666,3.718598,65.124481,3.946644,4.0,8.332e-05,5,703,0.17738,0.22412,0.01,0.0,100,0.0,0.13725,,,-0.01,0.01673,0.01018,-0.01238,0.00329,-0.00457,0.39733
2118,2168832,70.01327,178.42857,1.0,0.97,1.536447,-0.002143,0.001573,0.001642,0.241225,0.010777,0.827345,64.725075,3.809619,64.60717,3.846066,4.0,8.322e-05,7,688,0.17334,0.23204,0.01,0.0,100,0.0,0.13,,,-0.01,0.01602,0.0094,-0.00964,0.00328,-0.00309,0.52575
2119,2169856,71.71024,149.83333,1.0,0.97,1.280139,-0.001813,0.00486,0.002296,0.20592,0.021903,0.874851,61.976357,7.614892,61.698112,7.884157,4.0,8.312e-05,6,737,0.17965,0.22905,0.01,0.0,100,0.0,0.15152,,,-0.01,0.01831,0.00914,-0.00879,0.00259,-0.00331,0.54709
2120,2170880,70.91142,178.66667,1.0,0.97,1.098462,-0.002641,0.00254,0.002067,0.2136,0.02138,0.942461,62.061798,8.254933,62.091591,8.483201,4.0,8.301e-05,3,782,0.17776,0.23782,0.01,0.0,100,0.0,0.19512,,,-0.01,0.01698,0.01337,-0.00926,0.00479,-0.00371,0.29593
2121,2171904,52.34625,218.25,0.75,0.96,1.211875,-0.000849,0.016364,0.001204,0.243634,0.003244,0.777828,61.978474,8.959162,60.512634,11.639697,4.0,8.291e-05,8,727,0.1609,0.23338,0.01,0.0,100,0.125,0.20645,,,-0.01,0.01665,0.01497,-0.01109,0.00088,-0.00293,0.52129
2122,2172928,63.73667,115.125,0.875,0.95,1.308175,-0.000937,0.021754,0.000553,0.240038,0.001151,0.616241,63.223431,5.881428,62.005974,9.940495,4.0,8.281e-05,8,708,0.15597,0.21001,0.01,0.0,100,0.125,0.04225,,,-0.01,0.02185,0.01023,-0.00788,-0.00064,-0.00454,0.58027
2123,2173952,63.79636,120.0,0.88889,0.94,1.353294,-0.000937,0.018693,0.002039,0.168147,0.016602,0.716312,62.003662,7.807119,61.991692,10.406384,4.0,8.271e-05,9,698,0.15573,0.20878,0.01,0.0,100,0.11111,0.28333,,,-0.01,0.01985,0.00627,-0.00803,0.00492,-0.00441,0.65064
2124,2174976,62.6488,127.875,0.875,0.93,1.364434,-0.001905,0.025161,0.002543,0.206196,0.023333,0.640058,61.015205,9.069603,60.491356,10.965694,4.0,8.26e-05,8,703,0.15239,0.20921,0.01,0.0,100,0.125,0.21687,,,-0.01,0.01894,0.00965,-0.00801,6e-05,-0.00477,0.57396
2125,2176000,71.05797,145.14286,1.0,0.94,1.247942,-0.00198,0.015171,0.001345,0.228771,0.009452,0.539461,59.975773,8.072054,60.684231,7.715427,4.0,8.25e-05,7,738,0.14802,0.21304,0.01,0.0,100,0.0,0.28125,,,-0.01,0.01661,0.01102,-0.01097,-0.00079,-0.00446,0.62108
2126,2177024,70.79948,157.0,1.0,0.94,1.120711,-0.002186,0.012974,0.003264,0.254431,0.044573,0.664939,60.153168,8.891379,60.375446,8.406146,4.0,8.24e-05,4,768,0.16294,0.23295,0.01,0.0,100,0.0,0.17857,,,-0.01,0.01856,0.0103,-0.01019,0.00126,-0.00601,0.39184
2127,2178048,70.50154,179.6,1.0,0.94,1.259281,-0.002116,0.004331,0.003158,0.210181,0.03111,0.741503,60.642559,5.826977,61.135979,5.515094,4.0,8.23e-05,5,743,0.18682,0.23755,0.01,0.0,100,0.0,0.10989,,,-0.01,0.01723,0.00909,-0.01038,0.00504,-0.00385,0.44982
2128,2179072,70.97197,165.0,1.0,0.94,1.378377,-0.002361,0.002843,0.002251,0.250218,0.020473,0.845104,62.656162,5.727536,62.876362,5.745586,4.0,8.22e-05,6,722,0.158,0.23381,0.01,0.0,100,0.0,0.12195,,,-0.01,0.01526,0.01389,-0.00986,0.00402,-0.00235,0.49242
2129,2180096,68.85175,220.5,1.0,0.94,1.166108,-0.002783,0.006428,0.002272,0.234888,0.022356,0.803429,62.67997,7.102812,62.629467,7.330959,4.0,8.209e-05,6,754,0.18065,0.27722,0.01,0.0,100,0.0,0.26866,,,-0.01,0.01433,0.02167,-0.01372,-6e-05,-0.0028,0.53279
2130,2181120,56.29598,173.4,0.8,0.93,1.396463,-0.001495,0.015712,0.002209,0.173114,0.016009,0.701127,62.728516,6.904382,62.256493,9.490717,4.0,8.199e-05,5,713,0.1745,0.25149,0.01,0.0,100,0.2,0.19685,,,-0.01,0.01392,0.01383,-0.01177,0.00375,-0.00337,0.31024
2131,2182144,58.98499,189.33333,0.83333,0.93,1.372231,-0.000528,0.014164,0.000531,0.166015,0.002267,0.6777,63.671196,6.285758,63.026588,9.374339,4.0,8.189e-05,6,724,0.17474,0.27093,0.01,0.0,100,0.16667,0.08176,,,-0.01,0.0138,0.02445,-0.01019,0.00361,-0.0026,0.3883
2132,2183168,72.19815,168.0,1.0,0.93,1.199878,-0.002965,0.003327,0.002098,0.305609,0.023891,0.814458,64.376022,4.956518,64.525269,5.442338,4.0,8.179e-05,4,750,0.18979,0.28505,0.01,0.0,100,0.0,0.11818,,,-0.01,0.01389,0.0288,-0.01065,0.00501,-0.00205,0.34994
2133,2184192,72.12002,172.25,1.0,0.93,1.218067,-0.003125,0.006856,0.003301,0.259247,0.039934,0.834138,62.315804,7.115933,61.59573,8.287986,4.0,8.168e-05,4,755,0.19435,0.30147,0.01,0.0,100,0.0,0.23932,,,-0.01,0.01184,0.03731,-0.00995,0.00313,-0.00433,0.3465
2134,2185216,55.22674,231.375,0.75,0.91,1.330716,-0.001794,0.021993,0.00381,0.22012,0.043771,0.766981,58.24506,10.318783,57.697384,12.5899,4.0,8.158e-05,8,726,0.17812,0.25603,0.02,0.0,100,0.125,0.06849,,,-0.01,0.01355,0.02288,-0.01186,0.00358,-0.00354,0.48008
2135,2186240,72.82149,134.25,1.0,0.91,1.441646,-0.002554,0.004315,0.003153,0.276002,0.031215,0.890993,61.534618,7.347089,61.415611,7.945989,4.0,8.148e-05,4,714,0.18521,0.27922,0.02,0.0,100,0.0,0.17742,,,-0.01,0.01369,0.02521,-0.01036,0.00517,-0.00416,0.30909
2136,2187264,62.93193,232.16667,0.83333,0.9,1.47877,-0.003709,0.007193,0.00473,0.281323,0.053048,0.806035,61.257149,7.401594,61.554039,7.810743,4.0,8.138e-05,6,696,0.1786,0.26181,0.03,0.0,100,0.0,0.07055,,,-0.01,0.01484,0.02409,-0.00846,0.00466,-0.00602,0.36863
2137,2188288,64.84339,163.875,0.875,0.9,1.371584,-0.001205,0.014428,0.001617,0.249378,0.003209,0.810976,59.654827,10.47998,59.579853,11.085822,4.0,8.127e-05,8,707,0.178,0.25273,0.03,0.0,100,0.0,0.10268,,,-0.01,0.01685,0.02026,-0.00945,0.00356,-0.00613,0.56025
2138,2189312,59.0904,157.16667,0.83333,0.91,1.178778,-0.000921,0.023217,0.001204,0.158643,0.003209,0.662904,59.714287,9.089463,59.399036,10.497218,4.0,8.117e-05,6,738,0.1747,0.25448,0.03,0.0,100,0.16667,0.22581,,,-0.01,0.01858,0.01238,-0.00853,0.00068,-0.00362,0.45038
2139,2190336,32.81147,150.25,0.5,0.89,1.155974,-0.00112,0.03559,0.000966,0.348632,0.005197,0.691668,57.618507,10.570067,54.685307,13.856901,4.0,8.107e-05,4,768,0.18973,0.26464,0.03,0.0,100,0.5,0.80952,,,-0.01,0.0173,0.01169,-0.01314,-0.00254,-0.00184,0.18516
2140,2191360,70.90414,202.66667,1.0,0.9,1.375179,-0.003334,0.018103,0.004388,0.281172,0.05671,0.673148,56.011589,9.776451,56.21664,9.78499,4.0,8.097e-05,6,719,0.18921,0.25573,0.03,0.0,100,0.0,0.14894,,,-0.01,0.0162,0.01173,-0.01171,0.00284,-0.00222,0.48924
2141,2192384,53.83087,147.5,0.75,0.9,1.454144,-0.003204,0.009981,0.00411,0.246798,0.042201,0.775192,58.676105,6.934452,58.429291,8.385836,4.0,8.086e-05,4,716,0.20815,0.28146,0.03,0.0,100,0.25,0.15385,,,-0.01,0.01433,0.0192,-0.0105,0.00399,-0.00338,0.24032
2142,2193408,70.37495,250.8,1.0,0.9,1.403468,-0.004144,0.005744,0.004195,0.301103,0.058315,0.867412,58.043415,8.201589,58.36034,8.43905,4.0,8.076e-05,5,727,0.21406,0.31527,0.03,0.0,100,0.0,0.11312,,,-0.01,0.01157,0.03061,-0.01163,0.00316,-0.00688,0.38996
2143,2194432,70.9339,192.66667,1.0,0.9,1.356258,-0.002268,0.00615,0.001303,0.2622,0.003069,0.845513,56.950981,7.693971,57.324165,8.138288,4.0,8.066e-05,6,718,0.19455,0.25471,0.03,0.0,100,0.0,0.15084,,,-0.01,0.01666,0.00902,-0.01098,0.00229,-0.00329,0.49658
2144,2195456,67.34992,221.0,1.0,0.9,1.257222,-0.002458,0.006892,0.002185,0.232069,0.0143,0.807842,58.642597,7.364753,58.870632,7.69602,4.0,8.056e-05,3,737,0.20637,0.29231,0.03,0.0,100,0.0,0.37255,,,-0.01,0.01436,0.01943,-0.01058,0.00153,-0.00262,0.25264
2145,2196480,72.6342,165.6,1.0,0.9,1.132161,-0.002865,0.006014,0.001855,0.229387,0.018415,0.853411,57.839668,8.028374,58.466595,8.578238,4.0,8.045e-05,5,770,0.21882,0.32728,0.03,0.0,100,0.0,0.08475,,,-0.01,0.0137,0.02666,-0.01197,0.00355,-0.00341,0.46783
2146,2197504,60.17739,247.42857,0.85714,0.89,1.292511,-0.00175,0.011965,0.000682,0.244666,0.0015,0.78291,58.01498,8.368105,57.876213,9.325338,4.0,8.035e-05,7,722,0.19264,0.2998,0.04,0.0,100,0.0,0.20199,,,-0.01,0.0141,0.02593,-0.01162,-0.00176,-0.00339,0.48121
2147,2198528,22.3966,235.33333,0.33333,0.87,1.191783,-0.000321,0.030913,0.000809,0.291198,0.002162,0.635579,55.960224,8.766208,53.805904,12.181883,4.0,8.025e-05,3,764,0.17684,0.25042,0.04,0.0,100,0.66667,0.09774,,,-0.01,0.01268,0.01638,-0.00969,-0.0002,-0.00684,0.07625
2148,2199552,69.88583,162.75,1.0,0.87,1.326793,-0.002507,0.008957,0.00264,0.245587,0.032854,0.754107,58.716789,7.513287,59.348911,7.595021,4.0,8.015e-05,4,730,0.18429,0.25934,0.04,0.0,100,0.0,0.45455,,,-0.01,0.01379,0.01944,-0.0119,0.00575,-0.00269,0.32677
2149,2200576,72.21386,208.66667,1.0,0.88,1.412842,-0.004174,0.004933,0.003115,0.281853,0.024379,0.89651,58.007454,8.467639,58.167278,8.754307,4.0,8.004e-05,6,708,0.18391,0.25592,0.04,0.0,100,0.0,0.11811,,,-0.01,0.01488,0.00457,-0.01051,0.00108,-0.00505,0.46621
2150,2201600,69.2384,187.0,1.0,0.89,1.332548,-0.00302,0.006604,0.002836,0.281218,0.031494,0.811901,59.88509,7.321886,60.600464,7.690521,4.0,7.994e-05,6,723,0.18385,0.27394,0.04,0.0,100,0.0,0.31618,,,-0.01,0.01541,0.01983,-0.00962,0.0037,-0.00611,0.48465
2151,2202624,45.16453,293.0,0.66667,0.88,1.216034,-0.002182,0.004398,0.001938,0.251814,0.014962,0.898893,60.732456,8.119657,60.288967,8.517812,4.0,7.984e-05,3,768,0.18817,0.30914,0.05,0.0,100,0.33333,0.38235,,,-0.01,0.01002,0.03773,-0.0125,0.00375,-0.00346,0.17124
2152,2203648,73.71264,229.75,1.0,0.88,1.201904,-0.002973,0.005298,0.001368,0.256428,0.013079,0.870636,59.345608,7.439771,58.928852,8.125484,4.0,7.974e-05,4,769,0.1812,0.28931,0.05,0.0,100,0.0,0.0708,,,-0.01,0.01142,0.03433,-0.01171,0.00072,-0.00188,0.33895
2153,2204672,70.57466,245.33333,1.0,0.88,1.379067,-0.002412,0.007221,0.001031,0.258287,0.00558,0.759149,59.748558,7.052251,60.115536,7.064153,4.0,7.964e-05,6,712,0.17595,0.25472,0.05,0.0,100,0.0,0.17958,,,-0.01,0.01507,0.01384,-0.01032,0.00277,-0.00363,0.45574
2154,2205696,69.22119,220.5,1.0,0.9,1.128851,-0.002031,0.007775,0.002009,0.222937,0.017299,0.836595,59.784271,8.09018,59.53149,8.774794,4.0,7.953e-05,4,768,0.19921,0.31042,0.04,0.0,100,0.0,0.33333,,,-0.01,0.01399,0.02825,-0.01167,0.00336,-0.00243,0.35978
2155,2206720,53.44268,200.75,0.75,0.89,1.168868,-0.000366,0.01645,0.00051,0.169716,0.000593,0.757751,59.534859,8.257026,58.789837,11.055836,4.0,7.943e-05,4,754,0.21181,0.32524,0.04,0.0,100,0.25,0.12857,,,-0.01,0.01231,0.03254,-0.01059,0.00339,-0.00195,0.25849
2156,2207744,62.14409,215.5,0.83333,0.89,1.231218,-0.001904,0.006872,0.001587,0.219484,0.01144,0.850834,60.559597,7.951919,60.81723,8.472805,4.0,7.933e-05,6,739,0.18259,0.288,0.04,0.0,100,0.0,0.13287,,,-0.01,0.01286,0.02776,-0.01231,0.00279,-0.00292,0.41522
2157,2208768,56.78919,216.8,0.8,0.88,1.042963,-0.000991,0.020712,0.000642,0.257276,0.00293,0.807773,58.864582,10.793401,57.569004,13.232181,4.0,7.923e-05,5,777,0.17669,0.27978,0.04,0.0,100,0.2,0.13043,,,-0.01,0.01673,0.02652,-0.01028,-0.00277,-0.00387,0.37813
2158,2209792,71.02717,182.0,1.0,0.89,1.156197,-0.00146,0.016802,0.001084,0.247026,0.003348,0.748702,56.540504,10.602662,55.648113,10.526735,4.0,7.912e-05,4,767,0.17969,0.25226,0.03,0.0,100,0.0,0.12644,,,-0.01,0.0175,0.01378,-0.00767,0.00041,-0.00265,0.37269
2159,2210816,62.22436,209.28571,0.85714,0.89,1.1883,-0.001448,0.013701,0.002063,0.245904,0.019461,0.664972,55.972988,9.259994,57.277557,8.553289,4.0,7.902e-05,7,745,0.17584,0.26091,0.04,0.0,100,0.0,0.1066,,,-0.01,0.01495,0.01889,-0.01105,0.00392,-0.00324,0.53949
2160,2211840,59.57853,179.33333,0.83333,0.9,1.281767,-0.001263,0.021746,0.001186,0.214007,0.004464,0.693352,58.972691,7.613919,58.004337,10.815212,4.0,7.892e-05,6,733,0.16862,0.26303,0.04,0.0,100,0.16667,0.24706,,,-0.01,0.01595,0.02229,-0.00816,0.0015,-0.00178,0.4091
2161,2212864,55.34793,183.8,0.8,0.9,0.997218,-0.00106,0.023355,0.000958,0.17669,0.008475,0.781245,54.593559,11.120157,54.440945,13.101234,4.0,7.882e-05,5,800,0.17448,0.26949,0.04,0.0,100,0.2,0.21154,,,-0.01,0.01612,0.02492,-0.01095,0.00042,-0.0031,0.4095
2162,2213888,43.89478,290.0,0.5,0.89,1.234136,-0.002221,0.005429,0.001488,0.265458,0.008998,0.896914,59.994495,8.318595,59.835186,9.3452,4.0,7.871e-05,2,744,0.19713,0.30987,0.05,0.0,100,0.0,0.0596,,,-0.01,0.0137,0.03669,-0.00984,0.00496,-0.00159,0.08498
2163,2214912,73.45462,267.75,1.0,0.89,1.155019,-0.002561,0.009611,0.002243,0.239615,0.01845,0.831386,59.862785,9.203054,59.78043,9.775195,4.0,7.861e-05,4,765,0.1985,0.34187,0.05,0.0,100,0.0,0.08042,,,-0.01,0.00882,0.04653,-0.01246,0.00103,-0.00339,0.33315
2164,2215936,73.16513,287.4,1.0,0.89,1.066919,-0.003233,0.011821,0.002775,0.272209,0.025391,0.846296,55.965115,10.993139,55.544888,11.232541,4.0,7.851e-05,5,778,0.1776,0.29231,0.05,0.0,100,0.0,0.06417,,,-0.01,0.01336,0.02879,-0.01091,-0.00229,-0.00269,0.44863
2165,2216960,54.6526,191.6,0.8,0.88,1.038173,-0.000461,0.025972,0.000717,0.171673,0.003592,0.696394,54.581524,9.804261,54.304096,11.687744,4.0,7.841e-05,5,782,0.18585,0.27388,0.05,0.0,100,0.2,0.2549,,,-0.01,0.01851,0.0162,-0.00822,-0.00127,-0.00488,0.39844
2166,2217984,35.49915,256.0,0.5,0.87,1.013891,-0.000926,0.020502,0.001248,0.194545,0.004429,0.750938,55.03849,9.799016,54.29377,11.696138,4.0,7.83e-05,2,803,0.17232,0.26035,0.05,0.0,100,0.5,0.04082,,,-0.01,0.01547,0.02508,-0.00987,0.00481,-0.00165,0.0912
2167,2219008,69.67043,254.4,1.0,0.88,1.274106,-0.001964,0.008008,0.001144,0.232877,0.006801,0.826647,57.764214,8.696115,58.225506,9.073186,4.0,7.82e-05,5,735,0.17249,0.26787,0.04,0.0,100,0.2,0.16981,,,-0.01,0.01578,0.02571,-0.01019,0.00301,-0.00174,0.38586
2168,2220032,72.69197,275.4,1.0,0.89,1.136437,-0.002585,0.006861,0.0031,0.269495,0.02975,0.884214,58.884075,9.453526,59.604527,9.729892,4.0,7.81e-05,5,763,0.19187,0.32025,0.04,0.0,100,0.0,0.09003,,,-0.01,0.01233,0.04146,-0.01256,0.00378,-0.00215,0.40985
2169,2221056,74.7443,251.25,1.0,0.9,1.189501,-0.002043,0.007674,0.001768,0.263032,0.010568,0.869375,59.847862,9.142721,60.379292,9.615405,4.0,7.8e-05,4,744,0.19281,0.29552,0.04,0.0,100,0.0,0.04183,,,-0.01,0.01436,0.03503,-0.0109,0.00382,-0.00256,0.31966
2170,2222080,74.29966,165.2,1.0,0.9,1.153597,-0.002086,0.007029,0.001619,0.265798,0.013393,0.880681,59.861477,9.212404,60.666111,9.694021,4.0,7.789e-05,5,745,0.19996,0.29185,0.04,0.0,100,0.0,0.06818,,,-0.01,0.01822,0.03314,-0.00982,0.00447,-0.00289,0.4306
2171,2223104,72.81129,193.16667,1.0,0.9,0.803285,-0.002379,0.007633,0.000701,0.25049,0.005022,0.834696,60.633991,8.750362,60.96814,8.649875,4.0,7.779e-05,6,839,0.22673,0.36515,0.04,0.0,100,0.0,0.07042,,,-0.01,0.01312,0.04417,-0.01463,0.00245,-0.00299,0.68765
2172,2224128,56.70632,227.5,0.75,0.89,1.085002,-0.001608,0.006457,0.000659,0.219161,0.002651,0.841404,59.402782,8.021314,59.685947,8.109163,4.0,7.769e-05,4,762,0.15845,0.23692,0.05,0.0,100,0.0,0.1934,,,-0.01,0.01815,0.01172,-0.00738,0.00149,-0.00234,0.27777
2173,2225152,60.72644,182.57143,0.85714,0.89,1.126333,-0.000983,0.022662,0.00092,0.158249,0.005371,0.63382,60.485867,7.947949,59.936646,10.213998,4.0,7.759e-05,7,736,0.1779,0.26199,0.04,0.0,100,0.28571,0.24022,,,-0.01,0.01612,0.01902,-0.01242,0.00057,-0.0036,0.52
2174,2226176,58.58139,150.33333,0.83333,0.88,1.111871,-0.001102,0.01766,0.001167,0.168194,0.004429,0.73408,60.196785,7.82638,59.672245,10.371945,4.0,7.748e-05,6,731,0.18008,0.25486,0.04,0.0,100,0.16667,0.35484,,,-0.01,0.01791,0.0196,-0.01043,0.00129,-0.00486,0.43672
2175,2227200,73.4173,130.66667,1.0,0.88,0.940382,-0.001717,0.004947,0.000716,0.237877,0.002267,0.878318,59.466682,7.691997,59.328285,8.334643,4.0,7.738e-05,3,805,0.21205,0.33666,0.04,0.0,100,0.0,0.15254,,,-0.01,0.01103,0.0421,-0.0167,0.00214,-0.00136,0.30985
2176,2228224,56.57974,252.25,0.75,0.88,1.079613,-0.002067,0.007234,0.001614,0.243037,0.008161,0.824547,57.365093,7.758794,56.789776,8.09484,4.0,7.728e-05,4,774,0.1731,0.26041,0.05,0.0,100,0.0,0.1417,,,-0.01,0.01403,0.01749,-0.01331,0.0031,-0.00239,0.27883
2177,2229248,49.96357,201.3,0.7,0.86,1.188553,-0.000807,0.024662,0.000968,0.151633,0.006417,0.640045,57.975407,7.884465,58.147488,10.593382,4.0,7.718e-05,10,721,0.15774,0.21235,0.06,0.0,100,0.3,0.28315,,,-0.01,0.0182,0.00624,-0.01248,0.00213,-0.00313,0.60054
2178,2230272,73.32785,104.42857,1.0,0.87,1.174062,-0.002326,0.008505,0.00163,0.239521,0.015241,0.708922,61.49049,6.271526,62.022137,6.80428,4.0,7.708e-05,7,723,0.1679,0.22867,0.06,0.0,100,0.0,0.21795,,,-0.01,0.01753,0.01677,-0.00918,0.00466,-0.00256,0.60498
2179,2231296,63.24061,161.125,0.875,0.87,1.051282,-0.001157,0.023829,0.001538,0.200042,0.006522,0.674058,58.632481,8.253802,57.830753,10.955775,4.0,7.697e-05,8,750,0.18268,0.24447,0.05,0.0,100,0.125,0.2,,,-0.01,0.01981,0.01695,-0.00908,-0.00092,-0.00349,0.65159
2180,2232320,50.93469,123.28571,0.71429,0.87,1.029027,-0.001047,0.026617,0.001299,0.181031,0.007568,0.747804,56.87534,9.551682,56.288055,13.11938,4.0,7.687e-05,7,747,0.16872,0.22053,0.05,0.0,100,0.28571,0.21569,,,-0.01,0.01947,0.01541,-0.00854,0.00164,-0.00202,0.48336
2181,2233344,72.76055,135.22222,1.0,0.88,1.176243,-0.001639,0.019488,0.000962,0.223818,0.007882,0.649987,59.787449,8.652524,60.328091,9.562564,4.0,7.677e-05,9,736,0.18945,0.27461,0.04,0.0,100,0.11111,0.16959,,,-0.01,0.01383,0.02395,-0.01109,0.00205,-0.00347,0.76991
2182,2234368,54.51516,121.75,0.75,0.88,1.139114,-0.001397,0.014509,0.000672,0.22429,0.003418,0.816177,59.314522,8.605716,58.947384,11.108844,4.0,7.667e-05,4,741,0.17901,0.26019,0.04,0.0,100,0.25,0.15254,,,-0.01,0.01738,0.02552,-0.01204,0.00486,-0.00202,0.25733
2183,2235392,56.6869,165.75,0.75,0.87,1.216281,-0.00139,0.008342,0.001367,0.217882,0.014195,0.862028,58.953152,8.098834,59.475533,10.027648,4.0,7.656e-05,8,733,0.16344,0.22936,0.05,0.0,100,0.125,0.05694,,,-0.01,0.01646,0.02357,-0.01323,0.00686,-0.0038,0.49923
2184,2236416,73.92852,149.66667,1.0,0.87,1.13134,-0.002032,0.006602,0.001625,0.217442,0.008789,0.874758,60.366169,8.460347,60.362713,9.111416,4.0,7.646e-05,6,754,0.18051,0.26195,0.05,0.0,100,0.0,0.05202,,,-0.01,0.01631,0.0223,-0.01129,0.00311,-0.0023,0.53759
2185,2237440,56.32155,206.2,0.8,0.86,1.111675,-0.001389,0.006544,0.000569,0.212425,0.002616,0.841716,61.182056,8.230639,61.593945,8.264646,4.0,7.636e-05,5,758,0.17813,0.2561,0.06,0.0,100,0.0,0.35789,,,-0.01,0.01501,0.02445,-0.01297,0.00426,-0.00136,0.36244
2186,2238464,73.28749,150.0,1.0,0.86,1.202223,-0.001321,0.009698,0.000864,0.25294,0.002895,0.781358,62.633614,7.202024,62.082439,8.359241,4.0,7.626e-05,5,740,0.19862,0.28954,0.06,0.0,100,0.0,0.14615,,,-0.01,0.01452,0.03282,-0.01225,0.00271,-0.00279,0.42593
2187,2239488,61.44871,210.83333,0.83333,0.85,1.222625,-0.001535,0.010068,0.001407,0.199992,0.00722,0.76582,58.970188,8.624632,59.359642,8.693983,4.0,7.615e-05,6,741,0.2112,0.29413,0.07,0.0,100,0.0,0.15867,,,-0.01,0.01368,0.02591,-0.01299,0.00307,-0.00671,0.42047
2188,2240512,55.01693,231.5,0.75,0.85,1.052874,-0.001587,0.015596,0.000556,0.216953,0.001988,0.77234,57.067162,10.62713,56.50832,10.796474,4.0,7.605e-05,4,785,0.21513,0.31563,0.07,0.0,100,0.0,0.13235,,,-0.01,0.01125,0.03439,-0.01196,-0.0013,-0.00661,0.28847
2189,2241536,60.34347,215.6,0.8,0.85,0.939493,-0.002005,0.009934,0.001323,0.233805,0.009521,0.834462,57.3633,9.228699,57.41449,9.726414,4.0,7.595e-05,5,793,0.21178,0.29147,0.08,0.0,100,0.0,0.15088,,,-0.01,0.01516,0.02738,-0.01171,0.00215,-0.00215,0.42544
2190,2242560,73.36545,186.0,1.0,0.85,0.847463,-0.003247,0.004589,0.001734,0.26438,0.021101,0.912425,58.029682,8.400334,57.59605,9.203069,4.0,7.585e-05,2,845,0.23906,0.34824,0.08,0.0,100,0.0,0.04706,,,-0.01,0.01063,0.04181,-0.01108,0.00372,-0.00435,0.22795
2191,2243584,48.88022,314.0,0.66667,0.85,0.860193,-0.002095,0.005083,0.00068,0.240912,0.002476,0.915028,56.621906,9.054947,56.432598,9.953293,4.0,7.574e-05,3,832,0.26265,0.38834,0.09,0.0,100,0.0,0.14286,,,-0.01,0.01168,0.05052,-0.0133,0.00367,-0.00277,0.20782
2192,2244608,40.36872,290.0,0.5,0.83,1.02432,-0.001225,0.012422,0.000503,0.256969,0.001744,0.81507,56.051991,9.888751,54.767334,10.30585,4.0,7.564e-05,4,771,0.21101,0.29396,0.11,0.0,100,0.0,0.12329,,,-0.01,0.01673,0.02786,-0.0117,0.0014,-0.0023,0.19016
2193,2245632,61.95676,254.33333,0.83333,0.82,1.16777,-0.00134,0.009174,0.00118,0.232448,0.00558,0.809669,56.99004,8.36488,57.756634,8.784393,4.0,7.554e-05,6,731,0.19007,0.24876,0.12,0.0,100,0.0,0.11892,,,-0.01,0.01726,0.02184,-0.00795,0.0059,-0.00498,0.42339
2194,2246656,73.16498,176.2,1.0,0.84,1.110264,-0.001835,0.008741,0.001667,0.230212,0.012312,0.869199,58.507725,9.405555,58.76992,10.281164,4.0,7.544e-05,5,775,0.19236,0.30862,0.1,0.0,100,0.0,0.18049,,,-0.01,0.01051,0.04327,-0.01086,0.0036,-0.00556,0.43261
2195,2247680,39.73801,287.25,0.5,0.84,1.105342,-0.001798,0.009256,0.001322,0.211633,0.011998,0.867853,57.173008,9.776107,57.111885,10.727776,4.0,7.533e-05,4,772,0.2016,0.29721,0.11,0.0,100,0.0,0.08947,,,-0.01,0.01305,0.03349,-0.01018,-5e-05,-0.00468,0.18166
2196,2248704,64.00175,216.0,0.85714,0.83,1.177166,-0.001609,0.010415,0.000467,0.253416,0.002023,0.820071,58.525356,9.465032,59.128147,9.678471,4.0,7.523e-05,7,741,0.19651,0.25916,0.12,0.0,100,0.0,0.13947,,,-0.01,0.01697,0.02219,-0.0119,0.004,-0.00369,0.50942
2197,2249728,72.83509,155.4,1.0,0.83,1.040342,-0.001753,0.009513,0.000828,0.218829,0.007778,0.839044,59.835938,9.284357,60.162395,9.705601,4.0,7.513e-05,5,764,0.21177,0.29467,0.12,0.0,100,0.0,0.18519,,,-0.01,0.01775,0.02686,-0.00968,0.00018,-0.00295,0.47273
2198,2250752,51.46723,190.28571,0.71429,0.83,0.838769,-0.001004,0.035707,0.00084,0.226235,0.004499,0.625413,59.611355,9.486147,58.083218,12.725163,4.0,7.503e-05,7,799,0.28134,0.40782,0.12,0.0,100,0.28571,0.16,,,-0.01,0.01459,0.04177,-0.01303,-0.00408,-0.0038,0.52908
2199,2251776,54.45457,183.5,0.75,0.83,1.025351,-0.00086,0.016842,0.000427,0.181592,0.000663,0.821437,58.160461,10.197469,57.758541,12.447338,4.0,7.492e-05,4,765,0.21836,0.30178,0.12,0.0,100,0.25,0.10063,,,-0.01,0.01765,0.02869,-0.0105,0.00484,-0.00172,0.27328
2200,2252800,62.39738,173.0,0.85714,0.82,1.213453,-0.000892,0.023887,0.001471,0.186375,0.009417,0.722915,58.802002,9.576427,58.579803,11.887344,4.0,7.482e-05,7,699,0.1868,0.27318,0.12,0.0,100,0.14286,0.15079,,,-0.01,0.01506,0.02559,-0.01177,0.00153,-0.00382,0.48378
2201,2253824,72.88496,139.0,1.0,0.83,1.208812,-0.00151,0.010582,0.00143,0.240783,0.008405,0.78266,60.410866,8.709513,61.27758,8.936073,4.0,7.472e-05,5,731,0.1859,0.28018,0.12,0.0,100,0.0,0.14655,,,-0.01,0.01311,0.03378,-0.00944,0.00499,-0.00495,0.41184
2202,2254848,73.32072,156.25,1.0,0.84,1.119082,-0.001592,0.010381,0.001343,0.211119,0.00701,0.779783,59.759857,8.496982,59.926113,8.864195,4.0,7.462e-05,4,754,0.22427,0.3169,0.12,0.0,100,0.0,0.08871,,,-0.01,0.01213,0.03573,-0.0105,0.00123,-0.00571,0.35489
2203,2255872,56.48504,295.25,0.75,0.84,1.165215,-0.002103,0.00424,0.00112,0.236947,0.005545,0.902242,59.793335,7.636181,59.599251,8.285445,4.0,7.452e-05,4,771,0.22283,0.30859,0.12,0.0,100,0.0,0.09169,,,-0.01,0.01134,0.02855,-0.01109,0.00472,-0.00357,0.2589
2204,2256896,72.26062,220.75,1.0,0.84,1.184426,-0.002823,0.00491,0.001704,0.267543,0.015206,0.89773,59.751553,8.213651,59.859097,8.804852,4.0,7.441e-05,4,760,0.217,0.3,0.12,0.0,100,0.0,0.13043,,,-0.01,0.01054,0.03262,-0.01383,0.00477,-0.0033,0.34451
2205,2257920,57.60755,248.6,0.8,0.83,1.292652,-0.002148,0.005683,0.001222,0.26319,0.006627,0.880354,60.2645,8.367521,60.412998,8.736948,4.0,7.431e-05,5,719,0.20862,0.2899,0.13,0.0,100,0.0,0.15,,,-0.01,0.01309,0.02821,-0.01239,0.00228,-0.00355,0.31691
2206,2258944,57.09592,235.25,0.75,0.83,1.007996,-0.002425,0.007988,0.001847,0.231339,0.016497,0.825925,59.183033,8.327765,59.009277,8.549018,4.0,7.421e-05,4,769,0.21302,0.28229,0.13,0.0,100,0.0,0.11255,,,-0.01,0.01274,0.02698,-0.01162,-0.00103,-0.00238,0.29324
2207,2259968,70.3813,226.83333,1.0,0.83,1.084841,-0.001475,0.007832,0.000818,0.20181,0.005511,0.753143,59.121758,7.217555,59.297634,7.25749,4.0,7.411e-05,6,748,0.22276,0.28456,0.13,0.0,100,0.0,0.23913,,,-0.01,0.01612,0.01846,-0.01108,0.00605,-0.00255,0.53517
2208,2260992,72.08716,174.0,1.0,0.84,1.164667,-0.003382,0.005077,0.003243,0.282771,0.038818,0.866138,60.267464,6.907153,60.752399,7.657123,4.0,7.4e-05,5,747,0.23749,0.32359,0.12,0.0,100,0.0,0.21472,,,-0.01,0.01398,0.03397,-0.01291,0.0048,-0.00404,0.42632
2209,2262016,63.50328,219.0,0.85714,0.84,1.194739,-0.002363,0.004663,0.002813,0.252732,0.029053,0.875243,60.490208,7.06576,61.262638,7.648128,4.0,7.39e-05,7,733,0.21454,0.30385,0.12,0.0,100,0.0,0.13411,,,-0.01,0.01457,0.03018,-0.01048,0.00332,-0.00206,0.50339
2210,2263040,74.28918,192.33333,1.0,0.85,1.07087,-0.001571,0.007074,0.001015,0.252185,0.007429,0.839075,61.996956,7.575479,61.856171,8.25867,4.0,7.38e-05,3,762,0.24314,0.31573,0.11,0.0,100,0.0,0.03401,,,-0.01,0.01233,0.03428,-0.01314,0.00121,-0.00124,0.27034
2211,2264064,61.04047,217.85714,0.85714,0.86,0.964139,-0.00044,0.026304,0.000262,0.185762,0.000384,0.610643,59.418743,8.251245,58.495274,10.471508,4.0,7.37e-05,7,793,0.2351,0.32674,0.09,0.0,100,0.14286,0.15625,,,-0.01,0.01584,0.03188,-0.01338,0.00057,-0.00439,0.60921
2212,2265088,70.57023,156.5,1.0,0.87,1.301809,-0.001081,0.005635,0.000824,0.215592,0.003348,0.754055,60.114388,6.265121,60.822937,6.128865,4.0,7.359e-05,4,720,0.18923,0.22768,0.08,0.0,100,0.0,0.2766,,,-0.01,0.01774,0.00967,-0.01067,0.00532,-0.00193,0.32851
2213,2266112,70.75065,174.57143,1.0,0.88,1.103693,-0.001696,0.007772,0.001352,0.231009,0.009208,0.673752,59.792732,6.766026,60.550678,6.476115,4.0,7.349e-05,7,751,0.19363,0.24673,0.07,0.0,100,0.28571,0.3375,,,-0.01,0.0193,0.01336,-0.00924,0.0031,-0.00252,0.64659
2214,2267136,72.43111,166.14286,1.0,0.9,1.250468,-0.002788,0.002987,0.00122,0.262527,0.009312,0.880244,61.91642,6.007748,62.603859,6.144375,4.0,7.339e-05,7,721,0.19495,0.26328,0.05,0.0,100,0.0,0.21053,,,-0.01,0.01722,0.01855,-0.00915,0.00396,-0.00372,0.57187
2215,2268160,73.33619,151.75,1.0,0.91,1.176659,-0.001991,0.003101,0.001113,0.26268,0.003836,0.878023,63.660374,5.809604,63.988964,6.313134,4.0,7.329e-05,4,737,0.19833,0.27216,0.04,0.0,100,0.0,0.19658,,,-0.01,0.01337,0.02865,-0.01108,0.00483,-0.00165,0.33502
2216,2269184,72.70684,208.0,1.0,0.92,1.166864,-0.002169,0.003489,0.001145,0.270377,0.003418,0.85134,63.775902,6.102791,64.16539,6.059073,4.0,7.318e-05,7,740,0.20811,0.29311,0.04,0.0,100,0.0,0.15385,,,-0.01,0.01581,0.02558,-0.00902,0.00561,-0.00273,0.58672
2217,2270208,72.42509,154.4,1.0,0.92,1.290655,-0.003085,0.002615,0.002967,0.295643,0.033029,0.872008,64.293678,5.283743,64.676308,5.657753,4.0,7.308e-05,5,723,0.17765,0.25216,0.04,0.0,100,0.0,0.19167,,,-0.01,0.01647,0.02399,-0.00934,0.00472,-0.00402,0.39317
2218,2271232,72.99213,175.4,1.0,0.94,1.178295,-0.00188,0.004089,0.001188,0.248406,0.007673,0.816151,64.183632,5.715426,64.208389,5.897032,4.0,7.298e-05,5,731,0.18646,0.2671,0.04,0.0,100,0.0,0.16571,,,-0.01,0.01656,0.02425,-0.01085,0.00107,-0.00282,0.41415
2219,2272256,71.73765,168.75,1.0,0.95,1.146975,-0.001829,0.00257,0.00158,0.230929,0.00987,0.856803,63.645107,5.425304,64.237854,5.35297,4.0,7.288e-05,8,732,0.16187,0.21641,0.04,0.0,100,0.0,0.18932,,,-0.01,0.01864,0.01249,-0.01058,0.00506,-0.00694,0.68085
2220,2273280,72.45368,172.4,1.0,0.95,1.116568,-0.002156,0.003034,0.001739,0.254293,0.015381,0.842035,65.925667,5.219173,65.807304,5.486271,4.0,7.277e-05,5,754,0.17828,0.27728,0.04,0.0,100,0.0,0.14286,,,-0.01,0.01433,0.03254,-0.01082,0.00243,-0.00258,0.43332
2221,2274304,61.72849,151.85714,0.85714,0.95,1.201124,-0.000322,0.020829,0.000726,0.135645,0.001918,0.402063,64.44706,4.95273,64.289268,7.619278,4.0,7.267e-05,7,717,0.15741,0.21853,0.03,0.0,100,0.14286,0.13139,,,-0.01,0.02013,0.01235,-0.00878,0.00429,-0.00337,0.48185
2222,2275328,72.7051,152.71429,1.0,0.96,1.015948,-0.002309,0.004669,0.000802,0.220856,0.006696,0.780936,63.204163,5.535524,63.666721,5.573229,4.0,7.257e-05,7,771,0.17076,0.2485,0.02,0.0,100,0.0,0.16292,,,-0.01,0.01673,0.02119,-0.01159,0.00873,-0.0035,0.66625
2223,2276352,72.37481,152.0,1.0,0.97,1.26668,-0.001179,0.002998,0.00097,0.229616,0.006138,0.775935,65.057899,4.298283,65.446037,4.625108,4.0,7.247e-05,7,723,0.16509,0.24313,0.01,0.0,100,0.0,0.16807,,,-0.01,0.01755,0.0229,-0.01177,0.00665,-0.00596,0.55345
2224,2277376,73.6068,173.5,1.0,0.97,1.194911,-0.001706,0.004274,0.000703,0.232552,0.003836,0.800208,65.702133,5.049096,65.294189,5.984947,4.0,7.236e-05,4,748,0.18779,0.30115,0.01,0.0,100,0.0,0.01899,,,-0.01,0.01279,0.04231,-0.0109,0.00151,-0.00606,0.33429
2225,2278400,72.73258,182.4,1.0,0.97,1.187916,-0.003309,0.004563,0.002222,0.263637,0.020647,0.789033,64.601799,5.547582,64.6661,5.930968,4.0,7.226e-05,5,744,0.1989,0.29696,0.01,0.0,100,0.0,0.03659,,,-0.01,0.0161,0.0315,-0.00944,0.00319,-0.00564,0.41889
2226,2279424,73.56238,204.375,1.0,0.98,1.145767,-0.002086,0.003671,0.001114,0.265168,0.004778,0.83672,64.564262,5.738929,64.733459,5.987482,4.0,7.216e-05,8,740,0.20081,0.29788,0.0,0.0,100,0.0,0.04878,,,-0.01,0.01479,0.02915,-0.01255,0.0038,-0.00384,0.67302
2227,2280448,58.39348,108.2,0.8,0.98,1.150216,-0.000758,0.027112,0.002516,0.231458,0.023333,0.449092,63.629627,5.576103,62.131138,8.898598,4.0,7.206e-05,5,735,0.17077,0.22916,0.0,0.0,100,0.2,0.10714,,,-0.01,0.01675,0.0131,-0.0131,0.00349,-0.00611,0.3488
2228,2281472,70.84595,165.0,1.0,0.98,1.059177,-0.001148,0.005449,0.00072,0.227495,0.00429,0.722361,62.458992,5.327744,62.546719,5.658566,4.0,7.196e-05,6,764,0.1816,0.25574,0.0,0.0,100,0.16667,0.17213,,,-0.01,0.01354,0.02541,-0.0128,0.00086,-0.00307,0.55247
2229,2282496,56.905,207.4,0.8,0.97,1.270628,-0.001479,0.003524,0.001431,0.25828,0.01008,0.823149,62.72274,4.871066,62.786751,5.713684,4.0,7.185e-05,5,735,0.17807,0.26711,0.01,0.0,100,0.0,0.22603,,,-0.01,0.01411,0.02829,-0.00975,0.0048,-0.00357,0.32551
2230,2283520,53.72422,261.66667,0.66667,0.96,1.241464,-0.002077,0.002849,0.001955,0.27289,0.013463,0.883644,63.030144,5.624279,62.763584,6.316216,4.0,7.175e-05,3,743,0.20666,0.29965,0.02,0.0,100,0.0,0.01961,,,-0.01,0.01361,0.02807,-0.01089,0.00696,-0.00256,0.16436
2231,2284544,72.23558,182.33333,1.0,0.96,1.165398,-0.002177,0.004481,0.002,0.288867,0.015904,0.873466,63.176819,6.627174,62.778683,7.605572,4.0,7.165e-05,3,772,0.22873,0.36642,0.02,0.0,100,0.0,0.13131,,,-0.01,0.0071,0.05123,-0.01412,0.00185,-0.00345,0.25437
2232,2285568,52.98364,323.0,0.66667,0.95,1.264436,-0.002959,0.003968,0.002619,0.28773,0.025007,0.904263,61.100674,7.31525,60.685757,8.285293,4.0,7.155e-05,3,747,0.20592,0.32774,0.03,0.0,100,0.0,0.07246,,,-0.01,0.00987,0.04287,-0.01124,0.00269,-0.00521,0.15531
2233,2286592,41.98902,306.0,0.5,0.92,1.247307,-0.002087,0.003861,0.000637,0.270715,0.002616,0.884586,61.479553,6.832461,61.303959,7.244887,4.0,7.144e-05,6,716,0.17494,0.26399,0.06,0.0,100,0.0,0.06967,,,-0.01,0.0161,0.01934,-0.01061,0.00323,-0.00463,0.2433
2234,2287616,34.1146,163.0,0.5,0.91,1.049474,-0.00046,0.02155,0.001084,0.240497,0.004255,0.671038,61.960842,7.240449,60.125736,10.512569,4.0,7.134e-05,2,791,0.19536,0.31643,0.06,0.0,100,0.5,0.375,,,-0.01,0.0104,0.03751,-0.01285,0.00242,-0.00172,0.09441
2235,2288640,71.77921,253.5,1.0,0.91,1.176296,-0.002118,0.005297,0.000849,0.27711,0.001535,0.901135,59.088219,8.27104,58.481258,8.880969,4.0,7.124e-05,4,758,0.17122,0.25935,0.06,0.0,100,0.0,0.10407,,,-0.01,0.01458,0.02122,-0.01101,0.00172,-0.00235,0.33716
2236,2289664,52.36801,257.0,0.71429,0.89,1.170713,-0.001627,0.009836,0.000847,0.239121,0.004743,0.833088,58.976849,8.837332,58.290562,9.590225,4.0,7.114e-05,7,742,0.16814,0.24868,0.08,0.0,100,0.0,0.11847,,,-0.01,0.01385,0.01822,-0.01234,0.00034,-0.00263,0.42813
2237,2290688,58.9662,138.66667,0.83333,0.88,1.119684,-0.000799,0.024517,0.000986,0.166465,0.00851,0.672156,58.827488,8.477044,58.519367,10.966577,4.0,7.103e-05,6,757,0.17294,0.25877,0.08,0.0,100,0.16667,0.45312,,,-0.01,0.01582,0.02265,-0.01124,0.00752,-0.00386,0.45586
2238,2291712,58.0435,211.25,0.75,0.87,1.308533,-0.001837,0.005538,0.001743,0.266568,0.016776,0.905314,59.805122,8.580633,59.385109,9.527928,4.0,7.093e-05,4,732,0.18324,0.28382,0.09,0.0,100,0.0,0.06878,,,-0.01,0.01271,0.03187,-0.01101,0.00169,-0.00254,0.23844
2239,2292736,73.47548,275.0,1.0,0.87,1.154766,-0.001439,0.008856,0.00104,0.247814,0.004499,0.879258,57.280151,10.19736,56.384312,10.779514,4.0,7.083e-05,2,771,0.18124,0.29265,0.09,0.0,100,0.0,0.05732,,,-0.01,0.01116,0.03787,-0.01151,-0.00059,-0.00352,0.16992
2240,2293760,52.88722,261.66667,0.66667,0.86,0.874057,-0.002218,0.006715,0.001539,0.254887,0.014474,0.920039,53.080173,10.729915,52.747822,11.66965,4.0,7.073e-05,3,825,0.1879,0.29025,0.1,0.0,100,0.0,0.07944,,,-0.01,0.01357,0.03424,-0.01087,0.00289,-0.00293,0.2248
2241,2294784,59.91113,327.28571,0.85714,0.86,1.100774,-0.001478,0.011032,0.001572,0.25321,0.00987,0.845598,54.470303,11.102332,55.50219,10.856987,4.0,7.062e-05,7,761,0.17419,0.26249,0.11,0.0,100,0.14286,0.20525,,,-0.01,0.01495,0.02344,-0.00829,0.00409,-0.0062,0.50456
2242,2295808,72.798,146.125,1.0,0.86,1.308027,-0.002511,0.008358,0.003503,0.315233,0.043073,0.815356,58.417061,8.728626,59.846191,8.753686,4.0,7.052e-05,8,702,0.16656,0.23112,0.11,0.0,100,0.0,0.20103,,,-0.01,0.01738,0.01674,-0.00901,0.00715,-0.00318,0.61887
2243,2296832,73.71613,139.0,1.0,0.86,1.190998,-0.002545,0.006488,0.002062,0.29604,0.018799,0.863018,61.251179,8.022352,61.834148,8.393489,4.0,7.042e-05,4,728,0.18817,0.29107,0.11,0.0,100,0.0,0.19417,,,-0.01,0.01752,0.02988,-0.00983,0.00285,-0.00414,0.3359
2244,2297856,72.95125,178.28571,1.0,0.86,1.145506,-0.001092,0.009092,0.001159,0.260287,0.001848,0.829189,60.97686,8.666145,61.600105,9.049717,4.0,7.032e-05,7,737,0.17701,0.26734,0.11,0.0,100,0.0,0.15234,,,-0.01,0.01733,0.0232,-0.01005,0.00398,-0.00404,0.59005
2245,2298880,57.93431,144.0,0.8,0.85,1.151861,-0.001077,0.010208,0.000599,0.190001,0.000558,0.853367,61.96397,8.650591,62.019592,10.598146,4.0,7.021e-05,5,737,0.20453,0.31373,0.11,0.0,100,0.2,0.18462,,,-0.01,0.01491,0.03144,-0.01078,0.00325,-0.00343,0.34226
2246,2299904,72.83437,199.83333,1.0,0.85,1.299555,-0.002116,0.00498,0.000684,0.260924,0.003034,0.88646,61.689354,8.184042,62.061947,8.205626,4.0,7.011e-05,6,715,0.17681,0.25773,0.11,0.0,100,0.0,0.17808,,,-0.01,0.01462,0.02535,-0.01092,0.00334,-0.00301,0.45537
2247,2300928,63.08109,140.875,0.875,0.85,1.240293,-0.001038,0.023768,0.002048,0.229603,0.013986,0.697136,60.864979,8.369925,60.291157,11.231207,4.0,7.001e-05,8,719,0.17437,0.26573,0.11,0.0,100,0.125,0.27059,,,-0.01,0.01574,0.02339,-0.00942,0.00266,-0.00456,0.56196
2248,2301952,63.95332,183.28571,0.85714,0.84,1.195992,-0.001902,0.007368,0.000705,0.26807,0.002441,0.783651,60.555412,7.190691,61.454735,7.263297,4.0,6.991e-05,7,733,0.16689,0.24847,0.12,0.0,100,0.0,0.11439,,,-0.01,0.01733,0.01809,-0.00933,0.00335,-0.00553,0.5062
2249,2302976,72.7179,152.8,1.0,0.85,1.166976,-0.00186,0.003936,0.0013,0.263868,0.010707,0.87609,62.796978,6.909446,63.526875,7.094438,4.0,6.98e-05,5,740,0.20492,0.29499,0.11,0.0,100,0.0,0.13008,,,-0.01,0.01599,0.02667,-0.00922,0.00667,-0.00456,0.42625
2250,2304000,73.08823,138.2,1.0,0.86,1.365741,-0.002095,0.003781,0.002487,0.317745,0.023996,0.892751,62.840881,7.270315,63.20882,7.501698,4.0,6.97e-05,5,706,0.18135,0.25805,0.1,0.0,100,0.0,0.22222,,,-0.01,0.01453,0.0186,-0.00871,0.00502,-0.00237,0.37633
2251,2305024,53.32957,206.28571,0.71429,0.86,1.175057,-0.001222,0.021719,0.000748,0.272206,0.002093,0.744791,62.988552,8.567479,61.690029,11.662345,4.0,6.96e-05,7,743,0.19962,0.31463,0.09,0.0,100,0.14286,0.14011,,,-0.01,0.01245,0.03718,-0.01235,-0.00079,-0.00404,0.41944
2252,2306048,72.22446,151.8,1.0,0.89,1.184278,-0.002075,0.007317,0.002311,0.274761,0.019078,0.813889,61.33979,7.371458,62.10479,7.620965,4.0,6.95e-05,5,732,0.20828,0.29661,0.07,0.0,100,0.0,0.43137,,,-0.01,0.01708,0.02108,-0.01042,0.00486,-0.00268,0.4298
2253,2307072,72.11403,152.14286,1.0,0.89,1.158092,-0.001853,0.007007,0.000536,0.251178,0.001046,0.81611,62.396084,7.476733,62.848549,7.94119,4.0,6.94e-05,7,745,0.22124,0.32762,0.07,0.0,100,0.14286,0.24865,,,-0.01,0.0125,0.03319,-0.01161,0.00326,-0.00348,0.62137
2254,2308096,53.50238,186.28571,0.71429,0.89,1.205479,-0.00081,0.023116,0.001213,0.166621,0.005441,0.648879,60.986633,7.498629,60.697685,10.179872,4.0,6.929e-05,7,726,0.1875,0.25831,0.06,0.0,100,0.14286,0.14557,,,-0.01,0.01904,0.01473,-0.00877,0.00272,-0.0037,0.42486
2255,2309120,72.65076,120.625,1.0,0.91,1.294719,-0.002643,0.005603,0.001715,0.283102,0.017439,0.816079,61.798241,7.033609,62.955879,6.77149,4.0,6.919e-05,8,707,0.18322,0.25552,0.05,0.0,100,0.0,0.30612,,,-0.01,0.01793,0.01245,-0.01075,0.00527,-0.00317,0.65389
2256,2310144,72.71341,166.2,1.0,0.92,1.261433,-0.002722,0.004037,0.002709,0.308456,0.023193,0.839452,64.503426,6.309353,64.824051,6.463874,4.0,6.909e-05,5,728,0.20384,0.29451,0.04,0.0,100,0.0,0.255,,,-0.01,0.01415,0.02815,-0.01081,0.00462,-0.00278,0.40455
2257,2311168,57.01779,211.2,0.8,0.92,1.103307,-0.000885,0.023931,0.000923,0.230514,0.00129,0.619217,63.816135,7.002561,62.390865,9.983608,4.0,6.899e-05,5,771,0.21372,0.31792,0.03,0.0,100,0.2,0.14976,,,-0.01,0.0135,0.03057,-0.01314,-0.00097,-0.0024,0.3561
2258,2312192,60.94,188.85714,0.85714,0.91,1.187581,-0.001022,0.026449,0.001338,0.205209,0.010289,0.544435,60.989643,6.837916,59.936176,9.680219,4.0,6.888e-05,7,735,0.20096,0.26438,0.03,0.0,100,0.14286,0.16129,,,-0.01,0.0183,0.01238,-0.00868,0.00117,-0.00573,0.51285
2259,2313216,48.2486,124.33333,0.66667,0.9,1.375781,-0.001476,0.021595,0.002641,0.233561,0.025809,0.681916,61.568138,7.859703,60.404385,10.583478,4.0,6.878e-05,3,721,0.18477,0.26726,0.03,0.0,100,0.33333,0.42857,,,-0.01,0.01414,0.02138,-0.01074,0.00536,-0.00395,0.15612
2260,2314240,71.43634,200.0,1.0,0.9,1.323218,-0.002112,0.005506,0.000884,0.280984,0.003348,0.925883,59.716778,10.178706,59.410542,10.702004,4.0,6.868e-05,4,736,0.1969,0.30365,0.03,0.0,100,0.0,0.10606,,,-0.01,0.00934,0.03803,-0.01284,0.00222,-0.0043,0.30709
2261,2315264,48.96428,328.66667,0.66667,0.89,1.421039,-0.003535,0.007625,0.002743,0.344192,0.030587,0.898689,58.595551,10.455614,57.843639,10.781152,4.0,6.858e-05,3,720,0.19312,0.28658,0.04,0.0,100,0.0,0.04545,,,-0.01,0.01134,0.02725,-0.01205,0.0041,-0.00279,0.14422
2262,2316288,60.37376,272.66667,0.83333,0.89,1.377958,-0.002393,0.008864,0.002231,0.267873,0.013777,0.797529,60.244568,7.975314,59.938637,8.369259,4.0,6.847e-05,6,711,0.19619,0.28242,0.05,0.0,100,0.0,0.12428,,,-0.01,0.0138,0.02263,-0.01097,0.00082,-0.00442,0.38137
2263,2317312,70.51108,167.0,1.0,0.89,1.333104,-0.002197,0.007053,0.002185,0.237302,0.015904,0.852526,59.195992,8.257833,58.972012,8.915493,4.0,6.837e-05,3,731,0.20132,0.29359,0.05,0.0,100,0.0,0.4717,,,-0.01,0.01247,0.02426,-0.01079,0.00409,-0.00169,0.2412
2264,2318336,46.16684,327.8,0.6,0.87,1.351379,-0.001604,0.006678,0.001256,0.230265,0.006417,0.866607,58.10247,8.444879,57.776436,8.862693,4.0,6.827e-05,5,728,0.21628,0.307,0.07,0.0,100,0.0,0.12145,,,-0.01,0.01196,0.02822,-0.01282,0.0023,-0.00336,0.22655
2265,2319360,71.23526,188.5,1.0,0.87,1.290259,-0.001828,0.00642,0.001139,0.254226,0.005545,0.801572,59.543308,6.909515,59.90617,7.399776,4.0,6.817e-05,4,735,0.21419,0.30077,0.07,0.0,100,0.0,0.184,,,-0.01,0.01338,0.02369,-0.0108,0.00498,-0.00225,0.32536
2266,2320384,71.0957,228.0,1.0,0.89,1.21669,-0.002038,0.010645,0.001016,0.256377,0.005336,0.759907,58.297119,8.863039,58.511768,8.619521,4.0,6.806e-05,6,744,0.20967,0.29721,0.06,0.0,100,0.0,0.21222,,,-0.01,0.0132,0.01852,-0.01183,0.00016,-0.00273,0.50258
2267,2321408,71.39681,154.28571,1.0,0.89,1.231323,-0.002067,0.006266,0.001491,0.270637,0.012347,0.806313,59.341373,6.971475,60.310337,7.236846,4.0,6.796e-05,7,738,0.19065,0.27241,0.06,0.0,100,0.0,0.40541,,,-0.01,0.01513,0.01468,-0.01019,0.00619,-0.00313,0.6027
2268,2322432,71.7926,183.75,1.0,0.89,1.344769,-0.002309,0.005923,0.001266,0.255384,0.007115,0.844696,59.989174,7.654115,60.445721,7.781317,4.0,6.786e-05,4,720,0.20533,0.28652,0.06,0.0,100,0.0,0.28743,,,-0.01,0.01472,0.01547,-0.0108,0.00529,-0.00321,0.31311
2269,2323456,70.79247,186.28571,1.0,0.89,1.289749,-0.002994,0.005459,0.002119,0.302266,0.018555,0.851959,61.179783,7.577605,61.768867,7.715415,4.0,6.776e-05,7,720,0.2195,0.31154,0.06,0.0,100,0.0,0.28125,,,-0.01,0.01365,0.02601,-0.01118,0.00232,-0.0055,0.56122
2270,2324480,71.58773,151.66667,1.0,0.91,1.211964,-0.001833,0.004338,0.001669,0.264461,0.007952,0.859029,61.33033,6.919638,61.860386,7.035844,4.0,6.765e-05,6,742,0.23009,0.29984,0.05,0.0,100,0.0,0.36429,,,-0.01,0.0151,0.01781,-0.0119,0.00301,-0.002,0.53109
2271,2325504,70.94476,196.8,1.0,0.91,1.013034,-0.003094,0.005586,0.003247,0.279378,0.045306,0.797186,61.908318,6.778748,62.4067,6.618115,4.0,6.755e-05,5,776,0.25391,0.34383,0.05,0.0,100,0.2,0.27778,,,-0.01,0.01517,0.02052,-0.01283,2e-05,-0.0015,0.49576
2272,2326528,71.12514,188.5,1.0,0.92,1.232791,-0.0022,0.00323,0.000805,0.277763,0.00572,0.876933,62.54517,6.416479,62.974945,6.477988,4.0,6.745e-05,6,735,0.2365,0.32118,0.04,0.0,100,0.0,0.27632,,,-0.01,0.0153,0.01946,-0.01269,0.00514,-0.00287,0.50892
2273,2327552,72.74793,139.71429,1.0,0.93,1.274819,-0.001936,0.003685,0.001799,0.274027,0.006801,0.81386,62.228191,5.906158,62.965752,5.674568,4.0,6.735e-05,7,730,0.20953,0.25877,0.04,0.0,100,0.0,0.35,,,-0.01,0.01803,0.00913,-0.01113,0.0052,-0.00234,0.60527
2274,2328576,71.02326,147.85714,1.0,0.93,1.27272,-0.002248,0.003586,0.002225,0.275734,0.019636,0.822984,62.463413,5.518795,63.209686,5.545912,4.0,6.724e-05,7,728,0.22271,0.26725,0.04,0.0,100,0.0,0.42478,,,-0.01,0.01913,0.01052,-0.01012,0.00368,-0.00234,0.60794
2275,2329600,71.74666,139.625,1.0,0.94,1.206993,-0.001599,0.002902,0.002488,0.268735,0.017229,0.84452,63.10495,5.520115,63.591431,5.579503,4.0,6.714e-05,8,742,0.20275,0.27034,0.04,0.0,100,0.0,0.29268,,,-0.01,0.01605,0.01348,-0.01178,0.00294,-0.00503,0.71784
2276,2330624,61.09994,154.0,0.83333,0.93,1.131094,-0.002376,0.002319,0.001349,0.288037,0.010742,0.858541,63.726299,5.092172,64.11599,5.357167,4.0,6.704e-05,6,752,0.20997,0.26888,0.05,0.0,100,0.0,0.4717,,,-0.01,0.02034,0.01077,-0.00971,0.00704,-0.00504,0.47742
2277,2331648,71.78104,144.88889,1.0,0.95,1.272658,-0.001817,0.002813,0.001379,0.275275,0.011928,0.776257,64.668167,4.458144,65.286636,4.396803,4.0,6.694e-05,9,713,0.20769,0.26767,0.05,0.0,100,0.0,0.32738,,,-0.01,0.01895,0.00911,-0.01082,0.00723,-0.00437,0.74285
2278,2332672,64.59058,107.55556,0.88889,0.96,1.296501,-0.000459,0.020528,0.000805,0.179736,0.001395,0.614396,63.588478,6.296126,62.87925,9.731211,4.0,6.684e-05,9,704,0.18897,0.25224,0.03,0.0,100,0.11111,0.34783,,,-0.01,0.01675,0.00668,-0.01191,0.0036,-0.00439,0.65333
2279,2333696,72.03706,116.25,1.0,0.96,0.949233,-0.001737,0.007001,0.001073,0.240475,0.006173,0.812065,61.976566,7.096013,61.419163,7.442203,4.0,6.673e-05,4,791,0.22004,0.29477,0.03,0.0,100,0.0,0.53704,,,-0.01,0.01886,0.00719,-0.01166,0.00554,-0.00266,0.43632
2280,2334720,68.54393,184.5,1.0,0.98,1.093604,-0.001478,0.013016,0.001639,0.233674,0.013218,0.671653,60.801094,7.794699,59.977287,8.063787,4.0,6.663e-05,6,771,0.21226,0.28044,0.01,0.0,100,0.16667,0.45205,,,-0.01,0.0179,0.00795,-0.00977,-0.00022,-0.00279,0.5902
2281,2335744,70.46614,155.625,1.0,0.98,1.17339,-0.001615,0.010417,0.001206,0.228377,0.005232,0.707009,60.441048,7.452962,60.354816,7.764624,4.0,6.653e-05,8,754,0.20638,0.26524,0.01,0.0,100,0.0,0.5098,,,-0.01,0.01731,0.00275,-0.01178,0.00301,-0.00619,0.75137
2282,2336768,54.84554,174.4,0.8,0.97,1.101371,-0.000507,0.023044,0.000856,0.20422,0.003104,0.503342,59.997959,5.8735,58.554199,8.561914,4.0,6.643e-05,5,766,0.22477,0.29007,0.01,0.0,100,0.2,0.46512,,,-0.01,0.0165,0.00381,-0.01033,-0.00089,-0.00248,0.39483
2283,2337792,69.72827,179.8,1.0,0.97,1.021842,-0.001701,0.006707,0.000843,0.233158,0.004534,0.727124,58.730278,5.568817,58.371117,6.172078,4.0,6.632e-05,5,792,0.21781,0.29853,0.01,0.0,100,0.0,0.32911,,,-0.01,0.01548,0.00456,-0.01245,0.00121,-0.0027,0.53284
2284,2338816,68.57544,193.4,1.0,0.97,1.212653,-0.00194,0.005062,0.001788,0.221455,0.014962,0.615751,59.995789,5.319528,60.125938,4.908947,4.0,6.622e-05,5,757,0.18854,0.25315,0.01,0.0,100,0.0,0.56322,,,-0.01,0.01475,0.00987,-0.01311,0.00365,-0.00297,0.44048
2285,2339840,61.944,190.125,0.875,0.96,1.188663,-0.002309,0.004071,0.001341,0.252329,0.010603,0.71254,60.893497,3.861071,61.461426,4.749206,4.0,6.612e-05,8,747,0.2007,0.28199,0.02,0.0,100,0.0,0.34328,,,-0.01,0.01432,0.01845,-0.01383,0.00552,-0.00419,0.60222
2286,2340864,71.77226,142.33333,1.0,0.96,1.34349,-0.001446,0.006201,0.000857,0.248164,0.003313,0.70377,61.842808,5.264477,61.930962,5.715879,4.0,6.602e-05,6,725,0.18038,0.25837,0.02,0.0,100,0.0,0.16364,,,-0.01,0.0142,0.01645,-0.01193,0.00476,-0.00372,0.47329
2287,2341888,59.89119,135.66667,0.83333,0.95,1.398359,-0.001013,0.010087,0.001683,0.192119,0.007952,0.623427,61.563698,4.453912,61.245281,6.4953,4.0,6.591e-05,6,716,0.18602,0.27153,0.02,0.0,100,0.16667,0.26214,,,-0.01,0.01281,0.01845,-0.01072,0.00496,-0.00302,0.38098
2288,2342912,72.28974,158.0,1.0,0.95,1.069356,-0.001884,0.004991,0.001073,0.235712,0.007533,0.806857,60.228664,5.8455,60.40559,6.325867,4.0,6.581e-05,5,790,0.18125,0.25794,0.02,0.0,100,0.0,0.17687,,,-0.01,0.01452,0.02087,-0.01088,0.00485,-0.00279,0.4815
2289,2343936,61.4038,184.5,0.83333,0.94,1.1327,-0.002353,0.006673,0.002524,0.261727,0.027065,0.732389,61.049377,5.370232,60.825291,6.179615,4.0,6.571e-05,6,759,0.18824,0.25866,0.03,0.0,100,0.0,0.16754,,,-0.01,0.01602,0.01583,-0.00934,0.00253,-0.00256,0.46557
2290,2344960,46.51424,235.33333,0.66667,0.92,1.167029,-0.000616,0.022624,0.000789,0.191743,0.002476,0.536949,61.057243,5.519053,60.083279,8.96485,4.0,6.561e-05,6,758,0.1963,0.27163,0.04,0.0,100,0.33333,0.29605,,,-0.01,0.01445,0.01377,-0.00977,0.00565,-0.00415,0.35043
2291,2345984,71.95594,137.71429,1.0,0.92,1.366441,-0.002765,0.00499,0.003203,0.292592,0.031076,0.731105,61.277138,4.639823,61.241276,5.356869,4.0,6.55e-05,7,709,0.20872,0.27983,0.04,0.0,100,0.0,0.36022,,,-0.01,0.0141,0.01393,-0.0099,0.00286,-0.00301,0.55197
2292,2347008,72.52073,141.0,1.0,0.93,1.067215,-0.001516,0.007756,0.001682,0.232534,0.0113,0.752021,60.215237,5.972178,60.243992,6.921659,4.0,6.54e-05,7,769,0.20695,0.29548,0.03,0.0,100,0.14286,0.22368,,,-0.01,0.01383,0.02692,-0.01414,0.00161,-0.00208,0.67255
2293,2348032,71.32303,200.75,1.0,0.93,1.096835,-0.003095,0.005071,0.001625,0.269426,0.0143,0.797495,60.559776,5.768806,60.612652,6.222662,4.0,6.53e-05,4,775,0.21188,0.27646,0.03,0.0,100,0.0,0.26984,,,-0.01,0.01664,0.01691,-0.01011,0.00557,-0.00502,0.3709
2294,2349056,61.50564,142.85714,0.85714,0.92,1.111079,-0.000395,0.018397,0.000663,0.171625,0.000767,0.692052,60.159706,6.77282,59.610073,10.101049,4.0,6.52e-05,7,764,0.20008,0.25852,0.03,0.0,100,0.14286,0.29921,,,-0.01,0.01711,0.0145,-0.01034,0.00587,-0.00338,0.56532
2295,2350080,64.74325,166.0,0.88889,0.92,1.182331,-0.002031,0.008194,0.001226,0.259964,0.011719,0.660009,61.610821,5.302048,61.110653,6.172131,4.0,6.509e-05,9,732,0.2233,0.28255,0.04,0.0,100,0.0,0.24859,,,-0.01,0.01945,0.01044,-0.00991,-0.00033,-0.00304,0.71651
2296,2351104,52.99686,150.75,0.75,0.9,1.044555,-0.00051,0.03246,0.000752,0.243885,0.001186,0.688244,58.733112,8.17165,57.151676,12.955153,4.0,6.499e-05,8,763,0.22875,0.29961,0.04,0.0,100,0.25,0.34188,,,-0.01,0.01863,0.0107,-0.01113,0.00179,-0.004,0.6008
2297,2352128,71.19895,138.75,1.0,0.9,1.115581,-0.001151,0.012103,0.001461,0.207751,0.014021,0.741393,58.509129,8.770701,58.126183,8.56679,4.0,6.489e-05,4,774,0.22178,0.28767,0.04,0.0,100,0.0,0.58974,,,-0.01,0.01675,0.00675,-0.00884,0.00206,-0.00214,0.39809
2298,2353152,59.70311,186.57143,0.85714,0.9,1.146776,-0.000609,0.024865,0.000388,0.163573,0.000349,0.693249,57.828083,9.093899,57.533936,11.241599,4.0,6.479e-05,7,766,0.20608,0.28938,0.04,0.0,100,0.14286,0.33333,,,-0.01,0.01207,0.01682,-0.01275,0.00258,-0.00391,0.54715
2299,2354176,71.38824,144.33333,1.0,0.9,1.482868,-0.002038,0.006237,0.001872,0.242845,0.016567,0.74165,61.711712,5.491712,61.931389,6.0949,4.0,6.468e-05,6,694,0.19167,0.24498,0.04,0.0,100,0.0,0.37226,,,-0.01,0.01425,0.00898,-0.01058,0.00818,-0.00251,0.44396
2300,2355200,72.65415,113.55556,1.0,0.9,1.388787,-0.002579,0.005781,0.001615,0.303283,0.015904,0.847332,60.455841,6.945377,61.135166,7.619443,4.0,6.458e-05,9,700,0.1894,0.2432,0.04,0.0,100,0.0,0.23762,,,-0.01,0.01574,0.00856,-0.01093,0.00625,-0.00391,0.72664
2301,2356224,72.13087,116.71429,1.0,0.91,1.249634,-0.002376,0.005601,0.001299,0.256701,0.009487,0.800292,60.402946,6.327753,60.862095,6.707126,4.0,6.448e-05,7,741,0.20473,0.26521,0.03,0.0,100,0.0,0.43333,,,-0.01,0.01512,0.01249,-0.01251,0.00344,-0.00267,0.61419
2302,2357248,69.85358,212.85714,1.0,0.92,1.238009,-0.002088,0.005278,0.000859,0.25902,0.002162,0.740067,61.163643,5.38131,61.736809,5.655747,4.0,6.438e-05,7,740,0.21604,0.26651,0.03,0.0,100,0.0,0.22,,,-0.01,0.01861,0.01537,-0.00923,0.00507,-0.00385,0.59872
2303,2358272,73.08098,106.4,1.0,0.92,1.146687,-0.001356,0.014013,0.000785,0.260408,0.003313,0.72819,60.303715,7.901438,59.592033,8.9294,4.0,6.428e-05,5,761,0.21618,0.27734,0.03,0.0,100,0.0,0.19565,,,-0.01,0.01692,0.01096,-0.01109,0.00098,-0.00241,0.48672
2304,2359296,61.73911,169.875,0.875,0.92,1.191869,-0.000282,0.018992,0.000347,0.15743,3.5e-05,0.749775,59.369633,8.891475,59.520912,11.025764,4.0,6.417e-05,8,745,0.18459,0.23558,0.02,0.0,100,0.125,0.28302,,,-0.01,0.01726,0.01333,-0.0104,0.00569,-0.00374,0.63557
2305,2360320,73.03035,103.6,1.0,0.94,1.333289,-0.001648,0.002865,0.00078,0.260761,0.00565,0.917828,62.985435,7.151971,63.356087,7.513736,4.0,6.407e-05,5,731,0.17888,0.23924,0.01,0.0,100,0.0,0.27907,,,-0.01,0.01605,0.0146,-0.00726,0.00834,-0.00394,0.42336
2306,2361344,61.94531,182.85714,0.85714,0.93,1.364939,-0.003111,0.003045,0.002474,0.289281,0.019496,0.908144,62.959759,6.967168,62.538471,7.459864,4.0,6.397e-05,7,730,0.18604,0.27279,0.02,0.0,100,0.0,0.29008,,,-0.01,0.01108,0.0171,-0.01213,0.00276,-0.00441,0.48478
2307,2362368,59.31551,183.8,0.8,0.92,1.383042,-0.002504,0.006235,0.002547,0.273848,0.028006,0.894239,61.596394,8.626585,60.917656,9.508327,4.0,6.387e-05,5,717,0.18558,0.27436,0.03,0.0,100,0.0,0.21762,,,-0.01,0.01203,0.02143,-0.01164,0.00251,-0.00268,0.31509
2308,2363392,59.13301,193.5,0.83333,0.91,1.169837,-0.000527,0.024348,0.001496,0.238343,0.007185,0.733672,60.453308,9.847583,59.3606,12.0194,4.0,6.376e-05,6,757,0.1922,0.27149,0.03,0.0,100,0.16667,0.23451,,,-0.01,0.01662,0.01345,-0.00839,0.00286,-0.00307,0.44439
2309,2364416,55.33524,188.0,0.8,0.9,1.210631,-0.00085,0.011739,0.000851,0.214336,0.003209,0.781492,61.120728,8.232866,60.254856,9.086469,4.0,6.366e-05,5,759,0.21152,0.30838,0.03,0.0,100,0.2,0.3578,,,-0.01,0.01261,0.01841,-0.0129,0.00031,-0.00551,0.34964
2310,2365440,70.69345,157.0,1.0,0.91,1.177639,-0.001829,0.009209,0.001441,0.265238,0.006069,0.864853,58.218533,9.732848,57.224846,10.274904,4.0,6.356e-05,3,761,0.21635,0.30565,0.03,0.0,100,0.0,0.48276,,,-0.01,0.01421,0.01672,-0.01073,0.00262,-0.00688,0.27131
2311,2366464,57.142,244.6,0.8,0.91,1.193253,-0.001004,0.009382,0.000498,0.224296,0.000453,0.831357,58.756672,9.145849,58.361507,9.360969,4.0,6.346e-05,5,762,0.20498,0.29293,0.03,0.0,100,0.2,0.21306,,,-0.01,0.01221,0.01793,-0.01066,0.00418,-0.00458,0.35087
2312,2367488,54.99713,237.2,0.8,0.91,1.260153,-0.001347,0.006819,0.000994,0.241089,0.00422,0.827727,59.406189,7.965199,58.884724,8.078688,4.0,6.335e-05,5,754,0.18653,0.27437,0.04,0.0,100,0.0,0.47154,,,-0.01,0.00945,0.01106,-0.0138,0.0024,-0.00465,0.33936
2313,2368512,1.67062,450.0,0.0,0.9,1.151293,-0.001968,0.007107,0.001451,0.294685,0.012381,0.881182,55.525391,9.538898,54.177971,9.666694,4.0,6.325e-05,1,804,0.18139,0.28977,0.05,0.0,100,0.0,0.21705,,,-0.01,0.00814,0.0225,-0.01369,-0.00045,-0.00315,0.0
2314,2369536,55.54795,305.33333,0.83333,0.9,1.226714,-0.001821,0.010347,0.001159,0.239094,0.005266,0.778308,54.646221,8.62215,54.405815,8.986247,4.0,6.315e-05,6,763,0.19624,0.27047,0.06,0.0,100,0.0,0.26022,,,-0.01,0.01208,0.01622,-0.01,0.00068,-0.00265,0.42249
2315,2370560,58.06685,187.66667,0.83333,0.89,1.303849,-0.001016,0.020747,0.000583,0.200801,0.002651,0.62299,56.069904,7.162012,55.734306,9.599974,4.0,6.305e-05,6,729,0.19752,0.26738,0.06,0.0,100,0.16667,0.272,,,-0.01,0.01566,0.00863,-0.00919,0.00164,-0.00341,0.4144
2316,2371584,60.35308,180.14286,0.85714,0.89,1.148396,-0.000855,0.021896,0.000834,0.195178,0.002407,0.655024,56.09893,8.250977,55.826283,10.686874,4.0,6.294e-05,7,769,0.19565,0.29376,0.06,0.0,100,0.14286,0.26842,,,-0.01,0.01249,0.01771,-0.01315,0.00031,-0.00242,0.55454
2317,2372608,70.96548,152.0,1.0,0.89,1.312151,-0.001686,0.00807,0.000623,0.26566,0.001046,0.785237,56.58305,6.898726,57.107098,7.582484,4.0,6.284e-05,5,742,0.20962,0.28667,0.06,0.0,100,0.0,0.41304,,,-0.01,0.01314,0.00968,-0.01117,0.0074,-0.0019,0.42435
2318,2373632,55.1093,197.8,0.8,0.88,1.279276,-0.000866,0.018886,0.000841,0.218458,0.006034,0.74612,55.409206,8.150605,54.212627,10.810406,4.0,6.274e-05,5,741,0.21598,0.29315,0.06,0.0,100,0.2,0.36111,,,-0.01,0.01502,0.00577,-0.00738,-4e-05,-0.00306,0.3461
2319,2374656,54.744,207.4,0.8,0.87,1.364051,-0.001309,0.019444,0.001146,0.199499,0.009103,0.781683,54.475887,9.613594,53.695011,11.752004,4.0,6.264e-05,5,728,0.22489,0.29399,0.06,0.0,100,0.2,0.38686,,,-0.01,0.01586,0.00567,-0.00725,0.00196,-0.00299,0.33256
2320,2375680,22.17747,185.66667,0.33333,0.85,1.334254,-0.001365,0.021629,0.001707,0.371209,0.014753,0.823872,52.762897,10.740063,50.147491,14.103448,4.0,6.253e-05,3,745,0.20199,0.27583,0.06,0.0,100,0.66667,0.44643,,,-0.01,0.01471,0.00712,-0.00967,0.00247,-0.00543,0.082
2321,2376704,53.93024,267.8,0.8,0.84,1.388673,-0.001231,0.013559,0.001578,0.289833,0.009173,0.736302,54.000145,8.439247,52.988159,8.805662,4.0,6.243e-05,5,727,0.2126,0.28129,0.07,0.0,100,0.0,0.51942,,,-0.01,0.0146,0.00885,-0.01134,-0.00096,-0.00323,0.31894
2322,2377728,69.44292,183.33333,1.0,0.84,1.101069,-0.00095,0.018091,0.000467,0.193643,0.001883,0.74166,50.691689,10.877303,51.20351,10.544721,4.0,6.233e-05,3,803,0.25417,0.3603,0.07,0.0,100,0.0,0.35417,,,-0.01,0.01281,0.02566,-0.01451,0.00536,-0.00274,0.30339
2323,2378752,67.97386,270.0,1.0,0.84,1.323561,-0.001056,0.012607,0.000355,0.188419,0.000244,0.641226,53.027485,7.760714,53.16864,7.650352,4.0,6.223e-05,4,750,0.24262,0.34023,0.07,0.0,100,0.0,0.33333,,,-0.01,0.01324,0.0275,-0.01227,0.00283,-0.00224,0.32877
2324,2379776,60.87214,248.16667,0.83333,0.84,1.38723,-0.00168,0.011392,0.001635,0.283624,0.013393,0.747401,51.884708,7.247639,52.321667,8.45935,4.0,6.212e-05,6,722,0.21805,0.29743,0.08,0.0,100,0.0,0.11628,,,-0.01,0.01281,0.01741,-0.0103,0.00113,-0.00194,0.39469
2325,2380800,51.43531,201.71429,0.71429,0.82,1.291384,-0.001004,0.017232,0.000623,0.212808,0.002616,0.796966,51.913628,9.104544,52.587162,11.530964,4.0,6.202e-05,7,736,0.22012,0.29126,0.09,0.0,100,0.14286,0.13918,,,-0.01,0.01613,0.01393,-0.00995,0.00361,-0.00258,0.43017
2326,2381824,71.77675,150.0,1.0,0.82,1.430463,-0.002102,0.006518,0.002152,0.345938,0.023193,0.804727,54.857616,6.400005,56.066689,6.985906,4.0,6.192e-05,5,712,0.19978,0.26626,0.09,0.0,100,0.0,0.28986,,,-0.01,0.01701,0.01268,-0.00809,0.00705,-0.00202,0.3957
2327,2382848,72.42534,146.0,1.0,0.83,1.330408,-0.001726,0.009055,0.002269,0.248127,0.015625,0.829247,54.700397,7.851146,55.444458,8.95691,4.0,6.182e-05,6,730,0.20603,0.2954,0.08,0.0,100,0.0,0.26496,,,-0.01,0.0156,0.0205,-0.01018,0.00387,-0.00321,0.4958
2328,2383872,70.25813,155.4,1.0,0.85,1.261779,-0.001852,0.015454,0.001339,0.223867,0.008754,0.708847,54.769592,8.408534,54.985378,9.222859,4.0,6.172e-05,5,747,0.21987,0.32627,0.07,0.0,100,0.0,0.51818,,,-0.01,0.01212,0.02446,-0.01055,-0.00031,-0.00232,0.43369
2329,2384896,48.985,241.0,0.66667,0.84,1.144554,-0.000917,0.027256,0.000759,0.173489,0.003732,0.719194,50.492092,10.499648,50.722431,12.137962,4.0,6.161e-05,6,773,0.20091,0.28226,0.08,0.0,100,0.16667,0.07339,,,-0.01,0.01424,0.01757,-0.00934,0.00166,-0.00228,0.36174
2330,2385920,45.84984,205.6,0.6,0.82,1.143357,-0.00121,0.01906,0.001034,0.224349,0.003871,0.767864,52.960705,9.476211,52.201637,11.637504,4.0,6.151e-05,5,756,0.21535,0.28371,0.09,0.0,100,0.2,0.0578,,,-0.01,0.01988,0.00703,-0.00789,0.0011,-0.00225,0.27552
2331,2386944,58.27611,180.5,0.83333,0.82,0.970196,-0.000686,0.02709,0.000342,0.189815,0.000837,0.758797,50.56683,11.205213,50.78931,13.128759,4.0,6.141e-05,6,784,0.20022,0.2557,0.08,0.0,100,0.16667,0.51136,,,-0.01,0.02245,0.00543,-0.00968,0.00617,-0.00315,0.52061
2332,2387968,71.84838,134.57143,1.0,0.84,1.053002,-0.001759,0.022245,0.00182,0.262612,0.016636,0.685893,53.94656,9.872196,55.141731,10.425245,4.0,6.131e-05,7,761,0.20081,0.27964,0.06,0.0,100,0.0,0.5,,,-0.01,0.01854,0.01105,-0.01066,0.00127,-0.00274,0.70056
2333,2388992,58.74141,140.33333,0.83333,0.85,1.121463,-0.001902,0.022474,0.00087,0.199452,0.00436,0.770793,55.613285,9.534801,55.321266,12.266843,4.0,6.12e-05,6,756,0.21329,0.29951,0.05,0.0,100,0.16667,0.34921,,,-0.01,0.01802,0.01983,-0.01031,-1e-05,-0.00252,0.46359
2334,2390016,63.98485,165.55556,0.88889,0.85,1.110135,-0.001281,0.02663,0.000895,0.201844,0.00293,0.770656,54.898037,10.888708,55.374115,13.36605,4.0,6.11e-05,9,737,0.20153,0.28088,0.05,0.0,100,0.22222,0.0567,,,-0.01,0.02056,0.01449,-0.01124,0.00024,-0.0064,0.72816
2335,2391040,55.9206,145.6,0.8,0.84,1.211954,-0.000422,0.01773,0.000784,0.163441,0.001465,0.797526,57.248871,10.152122,57.439949,11.639339,4.0,6.1e-05,5,744,0.21055,0.28773,0.05,0.0,100,0.4,0.32099,,,-0.01,0.01615,0.01533,-0.01087,0.00384,-0.00135,0.35361
2336,2392064,70.48706,183.57143,1.0,0.85,1.254096,-0.000692,0.017744,0.000517,0.23811,0.000523,0.653253,56.794689,10.302262,58.055428,9.285717,4.0,6.09e-05,7,734,0.20004,0.28255,0.05,0.0,100,0.0,0.17391,,,-0.01,0.01414,0.01448,-0.01113,0.00372,-0.004,0.59725
2337,2393088,72.70577,138.0,1.0,0.87,1.385885,-0.001761,0.006258,0.000944,0.292524,0.002651,0.786658,59.178135,6.149826,60.365204,6.494558,4.0,6.079e-05,7,710,0.2111,0.28882,0.05,0.0,100,0.0,0.17593,,,-0.01,0.01705,0.01164,-0.00975,0.00603,-0.00286,0.5582
2338,2394112,72.27446,144.0,1.0,0.89,1.37153,-0.001679,0.009838,0.001989,0.254877,0.008196,0.773866,57.622322,7.696181,58.590706,8.090953,4.0,6.069e-05,7,702,0.20477,0.27276,0.04,0.0,100,0.14286,0.15179,,,-0.01,0.01877,0.01168,-0.00802,0.00401,-0.00214,0.56535
2339,2395136,72.59844,123.5,1.0,0.9,1.287906,-0.000821,0.009875,0.000538,0.296112,0.000628,0.751447,57.72855,7.631254,59.486759,7.861722,4.0,6.059e-05,10,711,0.17765,0.24256,0.03,0.0,100,0.1,0.19444,,,-0.01,0.01921,0.00806,-0.00718,0.00614,-0.00355,0.84345
2340,2396160,64.61294,119.22222,0.88889,0.91,1.249103,-0.001157,0.019722,0.001498,0.20308,0.007115,0.717865,59.812588,8.415923,60.240566,11.191674,4.0,6.049e-05,9,728,0.20384,0.27533,0.02,0.0,100,0.11111,0.12162,,,-0.01,0.0166,0.01542,-0.01201,0.00428,-0.00541,0.69707
2341,2397184,59.71526,111.0,0.83333,0.9,1.184403,-0.000832,0.016625,0.001213,0.213606,0.002407,0.801438,59.400898,8.855966,59.32407,11.809995,4.0,6.038e-05,6,741,0.19367,0.26116,0.02,0.0,100,0.16667,0.16667,,,-0.01,0.01813,0.01033,-0.01281,0.00142,-0.00242,0.45702
2342,2398208,70.475,170.4,1.0,0.9,1.104358,-0.00155,0.017234,0.001121,0.227549,0.002755,0.829296,57.635746,12.205573,57.302052,12.307646,4.0,6.028e-05,5,768,0.21998,0.30703,0.02,0.0,100,0.0,0.25781,,,-0.01,0.01699,0.01471,-0.00916,-0.00018,-0.00271,0.49749
2343,2399232,71.02159,175.85714,1.0,0.91,1.033177,-0.001608,0.024565,0.001592,0.213138,0.012939,0.703909,54.161846,11.941307,54.521004,12.106548,4.0,6.018e-05,7,771,0.20093,0.26269,0.01,0.0,100,0.0,0.1,,,-0.01,0.02037,0.00563,-0.00777,-6e-05,-0.00389,0.72068
2344,2400256,64.21332,114.5,0.875,0.93,1.329772,-0.001642,0.013674,0.00173,0.210975,0.009556,0.74802,59.885426,6.573285,60.536152,9.337546,4.0,6.008e-05,8,706,0.18599,0.25573,0.0,0.0,100,0.125,0.04878,,,-0.01,0.01849,0.00708,-0.0087,0.00628,-0.00291,0.57072
2345,2401280,50.35416,168.28571,0.71429,0.92,1.120144,-0.000867,0.025425,0.000408,0.220866,0.000558,0.782263,56.746426,11.254634,56.031025,13.449884,4.0,5.997e-05,7,749,0.18234,0.23878,0.01,0.0,100,0.14286,0.66258,,,-0.01,0.02123,0.00813,-0.0101,-0.00042,-0.00322,0.46358
2346,2402304,53.91618,135.375,0.75,0.9,1.124537,-0.000679,0.033722,0.000722,0.233352,0.001465,0.737681,58.128723,10.324905,56.535614,14.207457,4.0,5.987e-05,8,742,0.1927,0.24857,0.01,0.0,100,0.25,0.14815,,,-0.01,0.02051,0.01111,-0.00841,-0.00073,-0.00299,0.54773
2347,2403328,53.4111,131.625,0.75,0.89,0.931602,-0.001192,0.037975,0.001973,0.341119,0.015625,0.774812,53.914921,12.841396,51.841858,16.171991,4.0,5.977e-05,8,791,0.19881,0.27661,0.01,0.0,100,0.25,0.18919,,,-0.01,0.01972,0.01303,-0.00923,0.00212,-0.00395,0.65047
2348,2404352,72.69428,126.75,1.0,0.91,1.394928,-0.00123,0.012325,0.000718,0.258752,0.002058,0.320876,60.955467,5.66688,61.903553,5.378132,4.0,5.967e-05,8,697,0.17951,0.2325,0.01,0.0,100,0.0,0.30882,,,-0.01,0.01975,0.01009,-0.00867,0.00816,-0.004,0.61048
2349,2405376,72.68015,126.22222,1.0,0.91,1.302059,-0.001325,0.013242,0.000696,0.253401,0.002093,0.510953,60.581459,7.419191,62.09444,6.69716,4.0,5.956e-05,9,718,0.19727,0.2661,0.01,0.0,100,0.11111,0.16964,,,-0.01,0.01738,0.01207,-0.01077,0.00687,-0.00277,0.73854
2350,2406400,73.63638,102.5,1.0,0.91,1.340433,-0.002455,0.005047,0.003199,0.33843,0.029157,0.764123,62.223629,5.336126,63.80373,5.642822,4.0,5.946e-05,10,698,0.19289,0.25501,0.01,0.0,100,0.0,0.20455,,,-0.01,0.01998,0.01239,-0.01068,0.00952,-0.0037,0.78255
2351,2407424,72.40446,127.33333,1.0,0.91,1.022792,-0.001203,0.020149,0.00096,0.229189,0.00572,0.752107,58.766956,10.404732,57.68549,11.085414,4.0,5.936e-05,6,774,0.20036,0.25907,0.01,0.0,100,0.0,0.15625,,,-0.01,0.01892,0.01337,-0.01047,-0.00287,-0.00282,0.59878
2352,2408448,71.08019,149.875,1.0,0.91,1.033105,-0.00209,0.016082,0.002777,0.368054,0.034807,0.645104,58.183907,10.648398,60.733501,8.794436,4.0,5.926e-05,8,761,0.22455,0.28257,0.01,0.0,100,0.125,0.20513,,,-0.01,0.02216,0.01273,-0.00755,0.00578,-0.00196,0.78072
2353,2409472,73.25435,133.375,1.0,0.92,1.254257,-0.001902,0.004547,0.002239,0.277895,0.019217,0.823366,63.249565,7.032533,64.40255,6.432045,4.0,5.916e-05,8,719,0.19806,0.2523,0.01,0.0,100,0.125,0.0885,,,-0.01,0.0198,0.01406,-0.00975,0.00649,-0.00311,0.6531
2354,2410496,73.17933,106.83333,1.0,0.93,1.248918,-0.00148,0.004327,0.000883,0.307696,0.00415,0.78309,63.220684,5.536978,64.678757,5.360019,4.0,5.905e-05,12,702,0.20372,0.27157,0.01,0.0,100,0.0,0.19192,,,-0.01,0.02006,0.01072,-0.0099,0.00595,-0.00607,0.99382
2355,2411520,72.73322,114.85714,1.0,0.93,1.201422,-0.001241,0.007838,0.000522,0.234589,0.002581,0.663801,63.687569,6.520381,64.91407,5.922718,4.0,5.895e-05,7,726,0.18832,0.23681,0.01,0.0,100,0.0,0.25,,,-0.01,0.02271,0.00885,-0.00705,0.00656,-0.00358,0.59877
2356,2412544,73.37531,110.5,1.0,0.94,1.193415,-0.001918,0.004103,0.0024,0.297829,0.022287,0.70125,65.309799,4.959923,66.27256,4.574632,4.0,5.885e-05,8,715,0.1968,0.2516,0.01,0.0,100,0.0,0.06849,,,-0.01,0.02205,0.01372,-0.00963,0.00473,-0.00311,0.67726
2357,2413568,73.19858,127.75,1.0,0.96,1.185315,-0.001684,0.005727,0.002115,0.271069,0.013079,0.726393,66.551254,5.298251,66.44194,5.66994,4.0,5.875e-05,8,733,0.21411,0.28919,0.0,0.0,100,0.0,0.14961,,,-0.01,0.01855,0.01782,-0.01197,0.00669,-0.00397,0.69238
2358,2414592,67.13162,107.58333,0.91667,0.98,1.354266,-0.000424,0.016649,0.001215,0.130992,0.006417,0.523729,66.211105,4.347858,66.42379,7.404977,4.0,5.864e-05,12,686,0.206,0.25869,0.0,0.0,100,0.08333,0.16667,,,-0.01,0.02058,0.01101,-0.00979,0.00636,-0.00505,0.84581
2359,2415616,73.30485,111.8,1.0,0.99,1.10938,-0.001548,0.007277,0.000804,0.245286,0.004604,0.702215,64.931274,5.472236,64.419685,5.938064,4.0,5.854e-05,5,747,0.23077,0.28038,0.0,0.0,100,0.0,0.18182,,,-0.01,0.02124,0.01194,-0.00838,0.00272,-0.00358,0.4661
2360,2416640,71.62287,148.3,1.0,0.99,1.213253,-0.001049,0.004872,0.000983,0.19981,0.001604,0.549299,65.249283,4.628554,65.976509,4.150382,4.0,5.844e-05,10,721,0.241,0.30422,0.0,0.0,100,0.0,0.20745,,,-0.01,0.01727,0.01781,-0.0118,0.00689,-0.00606,0.84961
2361,2417664,73.57694,113.0,1.0,0.99,1.271366,-0.002258,0.001936,0.001058,0.268155,0.006138,0.757179,66.96595,3.331113,67.462929,3.440937,4.0,5.834e-05,9,705,0.24567,0.30911,0.0,0.0,100,0.0,0.22137,,,-0.01,0.02131,0.01403,-0.00705,0.00737,-0.00276,0.7436
2362,2418688,73.71219,142.25,1.0,0.99,1.148236,-0.001193,0.009675,0.000803,0.259172,0.002581,0.744471,66.295204,6.445205,65.152031,7.453919,4.0,5.823e-05,4,753,0.2742,0.36308,0.0,0.0,100,0.0,0.14,,,-0.01,0.01695,0.0249,-0.0095,-6e-05,-0.00337,0.36482
2363,2419712,63.41411,168.5,0.875,0.98,1.176784,-0.000867,0.017356,0.000569,0.21106,0.000732,0.699233,65.254166,6.210782,64.496994,9.483142,4.0,5.813e-05,8,742,0.28187,0.36865,0.0,0.0,100,0.125,0.12963,,,-0.01,0.01628,0.0239,-0.00987,0.00476,-0.00679,0.61533
2364,2420736,72.97849,128.8,1.0,0.98,1.376458,-0.001579,0.002523,0.000858,0.230035,0.00429,0.782485,66.309059,3.759113,66.269012,4.119966,4.0,5.803e-05,5,699,0.26466,0.32623,0.0,0.0,100,0.0,0.18478,,,-0.01,0.01707,0.01214,-0.01035,0.00681,-0.00612,0.38406
2365,2421760,71.78037,145.4,1.0,0.98,1.399621,-0.002342,0.003668,0.002339,0.279459,0.02117,0.795647,65.523987,4.604856,65.520752,5.174183,4.0,5.793e-05,10,683,0.2503,0.31736,0.0,0.0,100,0.0,0.16754,,,-0.01,0.01615,0.01709,-0.01313,0.00592,-0.00592,0.73275
2366,2422784,73.86951,97.42857,1.0,0.98,1.179765,-0.000942,0.004589,0.000667,0.231651,0.002128,0.942893,62.933743,10.364982,63.105495,11.060468,4.0,5.782e-05,7,712,0.24699,0.31551,0.0,0.0,100,0.0,0.09877,,,-0.01,0.0202,0.01686,-0.00831,0.00637,-0.00334,0.62597
2367,2423808,72.90276,146.5,1.0,0.98,1.095935,-0.002379,0.00299,0.002314,0.271204,0.025146,0.967269,62.475689,11.446251,62.452637,11.654031,4.0,5.772e-05,6,751,0.27923,0.35763,0.0,0.0,100,0.0,0.12676,,,-0.01,0.01773,0.01696,-0.01093,0.00543,-0.00382,0.56221
2368,2424832,64.21962,164.88889,0.88889,0.97,1.042877,-0.001376,0.003389,0.000617,0.240954,0.003488,0.957376,62.083782,10.728869,62.05209,10.938438,4.0,5.762e-05,9,766,0.2612,0.32928,0.01,0.0,100,0.11111,0.24138,,,-0.01,0.01793,0.01159,-0.01216,0.00339,-0.00392,0.80671
2369,2425856,71.99337,126.25,1.0,0.97,1.178916,-0.00208,0.014349,0.003533,0.269502,0.043422,0.684933,64.442406,7.117735,63.672249,8.234831,4.0,5.752e-05,8,728,0.21691,0.27884,0.01,0.0,100,0.0,0.22857,,,-0.01,0.02114,0.01066,-0.00932,0.00057,-0.00335,0.70537
2370,2426880,54.40724,116.375,0.75,0.95,1.222178,-0.000586,0.019257,0.000775,0.190875,0.001569,0.757082,64.687737,7.355057,63.673168,11.105001,4.0,5.741e-05,8,726,0.23722,0.30666,0.01,0.0,100,0.25,0.26136,,,-0.01,0.02004,0.01633,-0.00893,0.0041,-0.00362,0.52654
2371,2427904,64.68645,127.3,0.9,0.95,1.333002,-0.000912,0.026108,0.001057,0.234111,0.004185,0.694471,62.928936,8.440438,61.793697,11.458645,4.0,5.731e-05,10,713,0.23255,0.27596,0.01,0.0,100,0.1,0.125,,,-0.01,0.01939,0.00806,-0.01017,0.00224,-0.00555,0.74671
2372,2428928,62.20709,120.42857,0.85714,0.94,1.358743,-0.000842,0.012047,0.001082,0.1894,0.00272,0.833101,63.31498,8.311413,63.081486,10.477077,4.0,5.721e-05,7,710,0.2383,0.29684,0.01,0.0,100,0.14286,0.11268,,,-0.01,0.01852,0.01229,-0.00893,0.00556,-0.00253,0.49352
2373,2429952,72.52941,135.75,1.0,0.94,1.337549,-0.002299,0.009704,0.001721,0.263453,0.015067,0.695888,62.656055,6.774489,62.273518,6.95284,4.0,5.711e-05,8,725,0.27612,0.34759,0.01,0.0,100,0.125,0.10156,,,-0.01,0.01271,0.01434,-0.01113,0.00165,-0.00236,0.68196
2374,2430976,73.11518,107.6,1.0,0.94,1.261373,-0.00192,0.015321,0.000773,0.265413,0.002128,0.787701,59.49781,9.369465,58.280598,10.483309,4.0,5.7e-05,5,732,0.2577,0.29969,0.01,0.0,100,0.0,0.20455,,,-0.01,0.01923,0.00159,-0.00708,0.0015,-0.00314,0.45296
2375,2432000,57.75303,165.83333,0.83333,0.93,1.11196,-0.001024,0.02287,0.001345,0.169235,0.010603,0.811934,56.422241,11.911998,56.060577,13.427328,4.0,5.69e-05,6,765,0.2732,0.32233,0.01,0.0,100,0.16667,0.47273,,,-0.01,0.0177,0.01093,-0.0102,0.00092,-0.00413,0.49114
2376,2433024,46.29744,229.33333,0.66667,0.92,1.152578,-0.00128,0.016003,0.000771,0.237586,0.003418,0.866925,59.312004,11.156587,58.331944,13.650611,4.0,5.68e-05,6,760,0.24758,0.32852,0.02,0.0,100,0.16667,0.3908,,,-0.01,0.01723,0.02561,-0.0097,0.00389,-0.00271,0.36567
2377,2434048,73.61434,117.5,1.0,0.92,1.279718,-0.001782,0.008261,0.002401,0.256463,0.018973,0.796718,61.352879,6.544999,61.136726,7.855371,4.0,5.67e-05,6,727,0.22296,0.30039,0.02,0.0,100,0.0,0.06667,,,-0.01,0.01735,0.0209,-0.00904,0.00351,-0.00372,0.50981
2378,2435072,71.3783,235.0,1.0,0.92,0.91823,-0.000992,0.02563,0.000507,0.208005,0.000314,0.714674,54.623257,12.884671,54.925144,12.063239,4.0,5.66e-05,4,813,0.24936,0.32664,0.02,0.0,100,0.0,0.11321,,,-0.01,0.0191,0.02351,-0.0112,0.00152,-0.00193,0.44155
2379,2436096,71.72228,181.375,1.0,0.92,1.261648,-0.001853,0.013326,0.001653,0.206135,0.018311,0.631243,59.542744,7.281012,60.062588,7.709332,4.0,5.649e-05,8,734,0.24449,0.29125,0.02,0.0,100,0.0,0.12558,,,-0.01,0.01906,0.01216,-0.0112,0.00189,-0.00372,0.69058
2380,2437120,64.60411,121.77778,0.88889,0.91,1.367903,-0.0012,0.021825,0.001843,0.227557,0.015172,0.710162,60.482708,8.328974,60.090473,11.023407,4.0,5.639e-05,9,705,0.24377,0.2946,0.02,0.0,100,0.11111,0.19277,,,-0.01,0.02013,0.01404,-0.00725,0.00302,-0.00441,0.65999
2381,2438144,72.06054,152.57143,1.0,0.91,1.224745,-0.000818,0.016771,0.000647,0.204532,0.0015,0.557246,58.896912,7.950551,59.537788,7.473671,4.0,5.629e-05,7,739,0.2578,0.32439,0.02,0.0,100,0.14286,0.12214,,,-0.01,0.01744,0.014,-0.01224,0.00239,-0.00263,0.62861
2382,2439168,72.94884,125.25,1.0,0.92,1.395873,-0.001744,0.004219,0.000822,0.316795,0.001639,0.781006,61.967999,4.902403,63.436367,5.245373,4.0,5.619e-05,8,696,0.24762,0.3067,0.01,0.0,100,0.0,0.17949,,,-0.01,0.02091,0.01697,-0.00719,0.00802,-0.00344,0.64384
2383,2440192,63.81741,139.125,0.875,0.91,1.261596,-0.001161,0.021126,0.001373,0.210393,0.006313,0.784257,60.400753,9.811629,59.711086,12.38096,4.0,5.608e-05,8,722,0.23694,0.2967,0.01,0.0,100,0.125,0.06723,,,-0.01,0.0182,0.01451,-0.01023,0.00193,-0.00367,0.6046
2384,2441216,72.73976,117.14286,1.0,0.93,1.20131,-0.001675,0.011554,0.001115,0.207691,0.003523,0.817627,60.450771,8.723063,60.591217,9.704684,4.0,5.598e-05,7,729,0.24062,0.30743,0.01,0.0,100,0.0,0.24719,,,-0.01,0.01789,0.01316,-0.01313,0.00458,-0.00348,0.62581
2385,2442240,63.98344,126.5,0.875,0.93,1.243495,-0.001358,0.008308,0.001707,0.237907,0.011579,0.881026,61.127415,8.939343,61.453945,10.236167,4.0,5.588e-05,8,720,0.21838,0.27932,0.01,0.0,100,0.125,0.16514,,,-0.01,0.02113,0.01355,-0.00945,0.00541,-0.00393,0.59495
2386,2443264,61.92951,157.25,0.875,0.93,1.102121,-0.00058,0.016566,0.000783,0.15469,0.000279,0.836413,60.193584,10.516301,60.398499,12.476113,4.0,5.578e-05,8,750,0.21061,0.29697,0.01,0.0,100,0.25,0.19286,,,-0.01,0.01948,0.01589,-0.00777,0.00291,-0.00344,0.64715
2387,2444288,65.11347,104.44444,0.88889,0.92,1.216603,-0.001392,0.028906,0.000835,0.227308,0.002546,0.741742,60.895412,10.749276,60.170132,13.092962,4.0,5.567e-05,9,708,0.19355,0.25277,0.01,0.0,100,0.11111,0.17647,,,-0.01,0.02258,0.00712,-0.00803,0.0026,-0.00453,0.6861
2388,2445312,72.28827,118.75,1.0,0.93,1.046287,-0.001528,0.034152,0.002156,0.216532,0.019775,0.548495,59.492615,11.019217,59.69976,10.795238,4.0,5.557e-05,8,750,0.21764,0.28148,0.01,0.0,100,0.25,0.35366,,,-0.01,0.02185,0.01338,-0.01034,0.00125,-0.00412,0.78584
2389,2446336,73.05519,119.14286,1.0,0.94,1.170088,-0.001416,0.006476,0.0012,0.2352,0.004325,0.897117,60.622673,9.833725,61.738308,9.579288,4.0,5.547e-05,7,740,0.22875,0.29748,0.0,0.0,100,0.14286,0.09278,,,-0.01,0.01805,0.01945,-0.0112,0.00759,-0.00356,0.62645
2390,2447360,73.57403,120.28571,1.0,0.95,1.138521,-0.001283,0.013947,0.00044,0.217656,0.00136,0.729201,60.425163,7.890588,60.421696,8.726432,4.0,5.537e-05,7,741,0.22284,0.29025,0.0,0.0,100,0.0,0.12613,,,-0.01,0.02185,0.01098,-0.00732,0.0033,-0.00367,0.64961
2391,2448384,56.85661,151.66667,0.77778,0.93,1.084811,-0.001339,0.0197,0.000544,0.222105,0.001709,0.797625,58.446087,10.260657,57.884296,12.115526,4.0,5.526e-05,9,751,0.2123,0.27768,0.01,0.0,100,0.22222,0.1453,,,-0.01,0.01928,0.01158,-0.01082,0.00082,-0.00531,0.68016
2392,2449408,46.84988,150.0,0.66667,0.91,1.033683,-0.001088,0.033251,0.001063,0.280993,0.007743,0.774566,55.213753,11.977057,53.117931,15.155761,4.0,5.516e-05,6,764,0.21947,0.2698,0.01,0.0,100,0.33333,0.42857,,,-0.01,0.02369,0.00719,-0.00811,0.00182,-0.00385,0.40304
2393,2450432,73.03761,101.8,1.0,0.92,1.043092,-0.00169,0.005812,0.000738,0.255044,0.004185,0.943916,56.319771,12.038142,56.115406,12.478511,4.0,5.506e-05,5,787,0.24936,0.32241,0.01,0.0,100,0.0,0.22857,,,-0.01,0.01874,0.0089,-0.00967,0.00394,-0.00441,0.5399
2394,2451456,70.10765,217.5,1.0,0.92,0.904797,-0.000779,0.010695,0.000488,0.178484,0.000732,0.892299,56.243755,12.513722,56.205894,12.389721,4.0,5.496e-05,4,833,0.27493,0.38587,0.01,0.0,100,0.5,0.20863,,,-0.01,0.01211,0.03137,-0.01503,0.00133,-0.0013,0.46632
2395,2452480,23.20754,337.0,0.33333,0.9,1.075983,-0.001104,0.009764,0.000496,0.308794,0.001256,0.851922,57.094582,9.522153,55.26981,9.831444,4.0,5.485e-05,3,788,0.26091,0.36172,0.03,0.0,100,0.0,0.3871,,,-0.01,0.01465,0.01963,-0.01275,0.00111,-0.00462,0.10476
2396,2453504,69.78972,198.75,1.0,0.9,1.083474,-0.001862,0.010836,0.002039,0.196222,0.025216,0.844614,54.300262,10.160461,54.544155,10.336168,4.0,5.475e-05,4,798,0.26316,0.37052,0.03,0.0,100,0.25,0.16162,,,-0.01,0.01392,0.02566,-0.013,0.00472,-0.00458,0.4038
2397,2454528,71.18956,203.0,1.0,0.9,1.311007,-0.001898,0.009982,0.002583,0.301131,0.022845,0.609904,59.569466,7.220284,60.875317,6.574626,4.0,5.465e-05,11,710,0.24195,0.32552,0.03,0.0,100,0.09091,0.06688,,,-0.01,0.01943,0.01327,-0.00885,0.00312,-0.0052,0.87279
2398,2455552,71.98315,136.2,1.0,0.91,1.108824,-0.000881,0.012446,0.000863,0.217367,0.001779,0.520622,60.503262,6.472139,60.662251,6.36497,4.0,5.455e-05,5,762,0.26244,0.34829,0.03,0.0,100,0.2,0.28986,,,-0.01,0.01804,0.01435,-0.01151,0.00527,-0.00297,0.48392
2399,2456576,72.52739,128.75,1.0,0.92,1.288018,-0.001699,0.004771,0.001545,0.283579,0.007429,0.815324,61.152855,5.637982,61.820667,6.249468,4.0,5.444e-05,8,734,0.22446,0.31165,0.03,0.0,100,0.0,0.25833,,,-0.01,0.01543,0.01507,-0.01187,0.00598,-0.003,0.67814
2400,2457600,70.86309,168.0,1.0,0.92,1.173149,-0.0018,0.007595,0.002232,0.254009,0.021973,0.700515,60.541859,6.046075,60.953941,6.239744,4.0,5.434e-05,6,760,0.24246,0.33122,0.03,0.0,100,0.0,0.19091,,,-0.01,0.01733,0.01381,-0.01188,0.00085,-0.00314,0.54552
2401,2458624,60.91942,184.16667,0.83333,0.92,1.159705,-0.002142,0.007172,0.002403,0.264628,0.021938,0.861988,60.503143,8.342385,60.589256,8.750135,4.0,5.424e-05,6,750,0.24587,0.31518,0.04,0.0,100,0.0,0.08772,,,-0.01,0.02112,0.01293,-0.0088,0.00376,-0.00348,0.46203
2402,2459648,61.74328,158.71429,0.85714,0.91,1.053517,-0.000615,0.020899,0.000323,0.165369,0.000209,0.644672,60.622437,7.537119,60.14904,10.153162,4.0,5.414e-05,7,780,0.26347,0.35623,0.04,0.0,100,0.14286,0.16505,,,-0.01,0.01662,0.01612,-0.01125,0.00192,-0.00332,0.60939
2403,2460672,72.75423,119.6,1.0,0.92,1.180396,-0.001494,0.006924,0.000679,0.241855,0.001918,0.861139,61.464359,7.551632,61.086617,8.589547,4.0,5.404e-05,5,748,0.27949,0.37161,0.04,0.0,100,0.0,0.2,,,-0.01,0.01782,0.01458,-0.01293,0.00558,-0.00344,0.45778
2404,2461696,55.82092,177.55556,0.77778,0.9,1.323978,-0.000749,0.012696,0.000913,0.147893,0.000105,0.809467,62.080227,7.369456,62.064922,10.398161,4.0,5.393e-05,9,698,0.23682,0.31641,0.05,0.0,100,0.11111,0.19774,,,-0.01,0.02043,0.00777,-0.0106,0.00851,-0.00578,0.56362
2405,2462720,73.07151,112.3,1.0,0.9,1.353565,-0.001811,0.004184,0.000898,0.264089,0.003767,0.670906,64.689552,3.92454,65.117638,4.37439,4.0,5.383e-05,10,696,0.25364,0.3404,0.05,0.0,100,0.0,0.21538,,,-0.01,0.01813,0.01365,-0.0111,0.00372,-0.00477,0.81191
2406,2463744,64.47028,118.11111,0.88889,0.91,1.251047,-0.000788,0.01311,0.001951,0.189924,0.013079,0.839824,62.375278,8.416999,62.095955,11.665892,4.0,5.373e-05,9,717,0.24263,0.32518,0.04,0.0,100,0.11111,0.1413,,,-0.01,0.01769,0.01215,-0.01044,0.00583,-0.0047,0.68858
2407,2464768,73.27754,110.5,1.0,0.93,1.403901,-0.00125,0.010694,0.001969,0.20365,0.013323,0.729773,64.141068,6.815927,64.137131,7.640397,4.0,5.363e-05,8,683,0.22823,0.29849,0.04,0.0,100,0.0,0.25253,,,-0.01,0.02193,0.00738,-0.00756,0.00807,-0.00378,0.62016
2408,2465792,64.83253,106.77778,0.88889,0.92,1.327039,-0.00107,0.010093,0.001059,0.168521,0.002162,0.869704,63.587223,8.02569,63.633247,11.037927,4.0,5.352e-05,9,700,0.22655,0.30906,0.04,0.0,100,0.11111,0.2,,,-0.01,0.01919,0.0104,-0.01024,0.00861,-0.00533,0.65008
2409,2466816,73.3534,99.83333,1.0,0.94,1.412323,-0.001568,0.004529,0.001117,0.259597,0.003174,0.703724,65.086952,4.561702,65.86808,4.753335,4.0,5.342e-05,12,672,0.21722,0.29375,0.02,0.0,100,0.0,0.27778,,,-0.01,0.0212,0.00732,-0.00891,0.00771,-0.00716,0.90319
2410,2467840,63.61771,106.25,0.875,0.93,1.327919,-0.000759,0.016065,0.001382,0.211102,0.003906,0.841905,64.011581,9.48616,63.460258,12.540096,4.0,5.332e-05,8,699,0.22686,0.30148,0.02,0.0,100,0.125,0.28814,,,-0.01,0.02221,0.00609,-0.00713,0.00644,-0.00604,0.55939
2411,2468864,64.44951,122.66667,0.88889,0.92,1.276286,-0.000856,0.020781,0.000712,0.21902,0.005266,0.80353,63.554619,9.739017,62.526203,12.736423,4.0,5.322e-05,9,713,0.23319,0.32439,0.02,0.0,100,0.22222,0.32353,,,-0.01,0.01859,0.01067,-0.01031,0.00518,-0.00368,0.6689
2412,2469888,73.30068,103.0,1.0,0.92,1.121521,-0.001781,0.018418,0.001592,0.257161,0.010289,0.895282,58.007969,15.618965,57.105885,16.341333,4.0,5.311e-05,8,753,0.21785,0.30635,0.02,0.0,100,0.125,0.27835,,,-0.01,0.01836,0.01175,-0.01013,0.00261,-0.00394,0.76213
2413,2470912,62.04336,119.0,0.85714,0.92,1.09781,-0.001458,0.017999,0.001239,0.218607,0.010149,0.919043,56.085213,16.943447,55.229378,18.2771,4.0,5.301e-05,7,758,0.23875,0.31042,0.01,0.0,100,0.14286,0.2375,,,-0.01,0.02223,0.00904,-0.00737,0.00614,-0.00445,0.58522
2414,2471936,72.28118,129.2,1.0,0.93,1.255936,-0.000645,0.009983,0.000625,0.201275,0.000663,0.929254,57.929848,15.730991,58.777935,15.081392,4.0,5.291e-05,10,728,0.23885,0.30636,0.01,0.0,100,0.0,0.36207,,,-0.01,0.01982,0.0076,-0.01031,0.00625,-0.00604,0.87723
2415,2472960,70.7006,158.6,1.0,0.95,1.272579,-0.001313,0.015614,0.000739,0.249865,0.001953,0.711503,62.219395,8.370264,61.10519,8.953016,4.0,5.281e-05,5,730,0.28862,0.36886,0.0,0.0,100,0.0,0.15254,,,-0.01,0.01953,0.00826,-0.01059,0.00233,-0.00425,0.43082
2416,2473984,70.98467,145.55556,1.0,0.95,1.185556,-0.000864,0.027506,0.000569,0.204823,0.000732,0.145667,60.911221,8.864608,61.472927,7.26899,4.0,5.27e-05,9,743,0.27996,0.3785,0.0,0.0,100,0.33333,0.34783,,,-0.01,0.01598,0.01621,-0.01163,0.00096,-0.00345,0.82951
2417,2475008,71.58315,155.375,1.0,0.95,1.307241,-0.001193,0.006028,0.001295,0.237429,0.00436,0.706149,61.996513,6.032925,62.979725,5.680244,4.0,5.26e-05,8,705,0.27653,0.36165,0.0,0.0,100,0.0,0.25,,,-0.01,0.01696,0.01398,-0.01319,0.00553,-0.00363,0.67082
2418,2476032,72.69173,103.28571,1.0,0.96,1.454425,-0.001676,0.006811,0.001215,0.246948,0.004569,0.654802,64.275414,4.636487,64.503838,5.448141,4.0,5.25e-05,7,692,0.26737,0.33775,0.0,0.0,100,0.0,0.36667,,,-0.01,0.01858,0.00818,-0.01011,0.00625,-0.00494,0.53716
2419,2477056,72.20725,122.75,1.0,0.96,1.346865,-0.001639,0.0071,0.000815,0.217543,0.002476,0.799297,63.126888,7.423738,63.868587,7.219192,4.0,5.24e-05,8,704,0.25332,0.32511,0.0,0.0,100,0.0,0.34959,,,-0.01,0.0188,0.00689,-0.0114,0.00901,-0.00461,0.63984
2420,2478080,72.27684,115.75,1.0,0.97,1.234139,-0.001416,0.009287,0.000903,0.242062,0.001814,0.814065,63.088657,7.6225,62.806744,8.600389,4.0,5.229e-05,8,731,0.2435,0.33402,0.0,0.0,100,0.0,0.16667,,,-0.01,0.01634,0.01299,-0.01087,0.00425,-0.00785,0.68555
2421,2479104,52.53802,140.0,0.75,0.95,1.08099,-0.000855,0.032386,0.000443,0.281922,0.000628,0.760793,59.788349,10.740235,57.689766,14.217173,4.0,5.219e-05,8,745,0.25345,0.32756,0.0,0.0,100,0.25,0.34066,,,-0.01,0.02028,0.0098,-0.00916,-0.00295,-0.00355,0.5706
2422,2480128,72.24047,134.33333,1.0,0.95,0.998924,-0.001347,0.010526,0.000991,0.214244,0.006069,0.837199,57.987186,9.663497,57.941914,9.700658,4.0,5.209e-05,6,790,0.26348,0.335,0.0,0.0,100,0.0,0.20755,,,-0.01,0.01686,0.00328,-0.01242,0.00316,-0.0056,0.64755
2423,2481152,69.7321,181.66667,1.0,0.95,1.143861,-0.000727,0.015292,0.00032,0.18276,0.000349,0.616452,59.247395,8.524454,59.303627,8.076999,4.0,5.199e-05,6,748,0.27981,0.35678,0.0,0.0,100,0.16667,0.26027,,,-0.01,0.01759,0.00483,-0.01126,5e-05,-0.00609,0.55213
2424,2482176,69.68364,149.375,1.0,0.96,1.358747,-0.00171,0.006061,0.000418,0.27014,0.000453,0.714102,61.451477,5.562301,62.674553,5.63605,4.0,5.188e-05,8,695,0.25469,0.32908,0.0,0.0,100,0.0,0.66502,,,-0.01,0.01934,0.01275,-0.01227,0.01007,-0.00458,0.62116
2425,2483200,72.66316,123.375,1.0,0.97,1.312139,-0.002818,0.006075,0.001652,0.260278,0.010114,0.776994,62.867329,5.521451,63.010159,6.409221,4.0,5.178e-05,8,698,0.27311,0.33933,0.0,0.0,100,0.0,0.17361,,,-0.01,0.01787,0.01137,-0.01046,0.00522,-0.00565,0.64171
2426,2484224,73.49448,102.18182,1.0,0.98,1.284358,-0.000922,0.003935,0.000502,0.275149,0.0,0.913885,61.643696,7.520019,62.614353,8.461193,4.0,5.168e-05,11,689,0.30737,0.36741,0.0,0.0,100,0.0,0.2,,,-0.01,0.02035,0.01192,-0.00764,0.00537,-0.00995,0.89963
2427,2485248,60.08199,116.33333,0.83333,0.97,1.113342,-0.000581,0.029276,0.00035,0.22831,0.001953,0.683679,60.791134,9.357433,59.337055,11.743724,4.0,5.158e-05,6,750,0.31127,0.37353,0.0,0.0,100,0.16667,0.49231,,,-0.01,0.01804,0.0072,-0.00965,0.00055,-0.00659,0.46619
2428,2486272,51.92537,158.0,0.75,0.95,1.207574,-0.000752,0.02895,0.000604,0.231677,0.001744,0.7023,60.049648,9.418927,59.1805,12.137042,4.0,5.148e-05,8,726,0.28404,0.34539,0.01,0.0,100,0.25,0.37037,,,-0.01,0.01719,0.00685,-0.01383,0.00187,-0.00579,0.5225
2429,2487296,63.47252,101.625,0.875,0.94,1.305847,-0.002277,0.014058,0.003338,0.248998,0.036203,0.732114,61.923687,6.801253,61.685608,8.874061,4.0,5.137e-05,8,704,0.27825,0.33831,0.01,0.0,100,0.125,0.20548,,,-0.01,0.02149,0.00864,-0.00987,0.00567,-0.00855,0.57117
2430,2488320,65.76568,136.5,0.9,0.93,1.302828,-0.00191,0.010053,0.001071,0.246566,0.005301,0.641076,62.995079,5.39546,63.276829,6.417206,4.0,5.127e-05,10,699,0.24904,0.30918,0.02,0.0,100,0.1,0.28846,,,-0.01,0.02098,0.01222,-0.00953,0.00626,-0.00406,0.72564
2431,2489344,61.23566,108.16667,0.83333,0.92,1.148096,-0.000953,0.013673,0.000636,0.192328,0.001465,0.869648,60.648182,9.988002,60.093281,12.691856,4.0,5.117e-05,6,729,0.26026,0.32482,0.02,0.0,100,0.16667,0.24658,,,-0.01,0.02146,0.01195,-0.01013,0.00687,-0.00412,0.45684
2432,2490368,72.63288,133.0,1.0,0.92,1.191887,-0.00144,0.009716,0.000677,0.222657,0.003104,0.463403,62.469856,5.723056,63.102295,5.199509,4.0,5.107e-05,10,725,0.27307,0.35104,0.02,0.0,100,0.0,0.27517,,,-0.01,0.01928,0.01893,-0.01024,0.00456,-0.00453,0.88835
2433,2491392,73.11171,127.875,1.0,0.93,1.175983,-0.001896,0.008138,0.000973,0.242274,0.007882,0.543593,63.333393,4.972004,63.672188,5.335764,4.0,5.096e-05,8,709,0.24121,0.31435,0.02,0.0,100,0.0,0.18012,,,-0.01,0.02281,0.01842,-0.01057,0.00186,-0.00297,0.69378
2434,2492416,66.83347,106.27273,0.90909,0.93,1.251099,-0.00076,0.019515,0.000525,0.199871,0.001186,0.821436,61.753292,9.719765,61.477329,12.809933,4.0,5.086e-05,11,692,0.22235,0.28728,0.02,0.0,100,0.09091,0.07031,,,-0.01,0.02178,0.01341,-0.00976,0.00622,-0.00599,0.8199
2435,2493440,65.67657,100.0,0.88889,0.92,1.232526,-0.001257,0.013459,0.001405,0.247166,0.011021,0.81526,60.870747,9.442521,60.520061,10.324014,4.0,5.076e-05,9,708,0.23958,0.30332,0.02,0.0,100,0.11111,0.13265,,,-0.01,0.02119,0.01008,-0.00652,0.00211,-0.00444,0.68772
2436,2494464,72.41824,117.75,1.0,0.92,1.044698,-0.000821,0.015419,0.000463,0.231988,0.000767,0.736493,59.287292,9.611384,60.320881,9.601598,4.0,5.066e-05,8,745,0.21287,0.27877,0.02,0.0,100,0.0,0.25843,,,-0.01,0.02466,0.0113,-0.00855,0.0049,-0.00436,0.77811
2437,2495488,66.20152,105.4,0.9,0.91,1.063815,-0.000707,0.018655,0.000601,0.166067,0.000942,0.83788,59.411892,10.817541,59.854614,13.148835,4.0,5.055e-05,10,741,0.20491,0.29042,0.02,0.0,100,0.1,0.13592,,,-0.01,0.02052,0.01515,-0.00875,0.00621,-0.00478,0.86166
2438,2496512,66.03989,129.77778,0.88889,0.9,1.30709,-0.002262,0.00247,0.001735,0.318717,0.015276,0.881763,64.998695,5.090369,66.330399,5.312725,4.0,5.045e-05,9,684,0.20802,0.27549,0.03,0.0,100,0.0,0.18919,,,-0.01,0.02306,0.01167,-0.00741,0.01135,-0.00503,0.61615
2439,2497536,67.86268,97.66667,0.91667,0.92,1.200187,-0.000849,0.016635,0.000477,0.186934,0.003836,0.820273,64.986015,8.879518,64.630516,12.202605,4.0,5.035e-05,12,700,0.20767,0.2911,0.02,0.0,100,0.08333,0.1746,,,-0.01,0.02124,0.01597,-0.00821,0.00672,-0.00564,0.90621
2440,2498560,73.75019,105.55556,1.0,0.93,1.28442,-0.002063,0.004485,0.002385,0.252738,0.01416,0.648987,66.845848,4.428471,67.541245,4.245172,4.0,5.025e-05,9,691,0.20684,0.27893,0.02,0.0,100,0.0,0.176,,,-0.01,0.02316,0.01119,-0.00694,0.00654,-0.00433,0.70058
2441,2499584,73.69049,96.36364,1.0,0.94,1.210052,-0.000327,0.012179,0.000666,0.214023,0.000523,0.506011,66.550407,6.897468,67.02903,6.094193,4.0,5.014e-05,11,722,0.22767,0.31952,0.01,0.0,100,0.09091,0.10101,,,-0.01,0.01826,0.01837,-0.01025,0.00565,-0.00352,0.94371
2442,2500608,73.17798,91.83333,1.0,0.95,1.331209,-0.001835,0.005084,0.001792,0.227652,0.016636,0.762193,66.83548,5.598145,67.004768,5.828118,4.0,5.004e-05,6,704,0.2028,0.28311,0.01,0.0,100,0.0,0.20755,,,-0.01,0.01939,0.01488,-0.01077,0.00832,-0.00537,0.47288
2443,2501632,73.36479,131.0,1.0,0.95,1.404881,-0.001877,0.007429,0.001801,0.245159,0.012242,0.770037,66.359901,6.404327,66.162582,6.909592,4.0,4.994e-05,11,690,0.22604,0.31575,0.01,0.0,100,0.0,0.14762,,,-0.01,0.01845,0.01303,-0.00842,0.00688,-0.00547,0.83876
2444,2502656,54.31201,115.875,0.75,0.93,1.132873,-0.000683,0.030581,0.000385,0.295575,0.001883,0.834898,61.466702,13.332913,59.324707,16.730114,4.0,4.984e-05,8,732,0.22676,0.30524,0.01,0.0,100,0.25,0.30986,,,-0.01,0.02368,0.00907,-0.00717,0.00439,-0.00627,0.54194
2445,2503680,73.78134,111.33333,1.0,0.94,1.044898,-0.001214,0.017452,0.001088,0.271182,0.002476,0.908622,57.003483,16.341589,55.731873,17.16256,4.0,4.973e-05,6,770,0.23249,0.31893,0.01,0.0,100,0.0,0.1375,,,-0.01,0.02026,0.01124,-0.00695,0.00422,-0.00569,0.61674
2446,2504704,50.53422,143.28571,0.71429,0.93,0.971752,-0.00137,0.03095,0.000387,0.31303,0.000349,0.845957,57.002628,16.150169,54.8461,17.177271,4.0,4.963e-05,7,772,0.22961,0.31977,0.01,0.0,100,0.28571,0.20455,,,-0.01,0.02054,0.01137,-0.00901,0.00047,-0.00298,0.51246
2447,2505728,73.14823,118.4,1.0,0.93,1.014226,-0.002333,0.019052,0.002428,0.276435,0.029506,0.857424,55.896172,13.700543,55.005344,14.02481,4.0,4.953e-05,5,788,0.26622,0.37003,0.01,0.0,100,0.2,0.19048,,,-0.01,0.01742,0.01961,-0.01166,0.00451,-0.00386,0.54084
2448,2506752,51.89721,172.0,0.71429,0.91,1.152151,-0.000996,0.009114,0.000311,0.238084,0.00014,0.90981,57.528477,10.834933,56.993908,12.623244,4.0,4.943e-05,7,764,0.27697,0.38274,0.02,0.0,100,0.14286,0.13043,,,-0.01,0.01697,0.01959,-0.01224,0.00479,-0.00345,0.47991
2449,2507776,64.29523,187.22222,0.88889,0.91,1.328597,-0.000901,0.01516,0.000557,0.207587,0.001256,0.535402,60.509575,7.93767,61.170532,7.183207,4.0,4.932e-05,9,719,0.2632,0.36024,0.03,0.0,100,0.0,0.12609,,,-0.01,0.01743,0.01117,-0.01065,0.00307,-0.00477,0.66166
2450,2508800,72.74314,125.5,1.0,0.92,1.234649,-0.001297,0.01208,0.000493,0.231285,0.001674,0.73322,61.170341,7.502,60.84409,8.175216,4.0,4.922e-05,6,739,0.25619,0.36648,0.02,0.0,100,0.0,0.07059,,,-0.01,0.01749,0.02156,-0.01198,0.00149,-0.00241,0.54079
2451,2509824,57.11899,169.0,0.8,0.91,0.912667,-0.00054,0.023144,0.000523,0.257635,0.000837,0.843018,53.674885,12.833637,52.324665,14.662493,4.0,4.912e-05,5,817,0.23963,0.34025,0.02,0.0,100,0.2,0.10377,,,-0.01,0.01805,0.01065,-0.00932,0.0008,-0.00212,0.46288
2452,2510848,61.30304,177.125,0.875,0.91,1.26727,-0.000557,0.021246,0.000342,0.169027,0.000105,0.711341,59.051449,8.165187,59.019012,10.44979,4.0,4.902e-05,8,735,0.24077,0.33987,0.02,0.0,100,0.25,0.27132,,,-0.01,0.01769,0.01152,-0.01045,0.00442,-0.00335,0.60091
2453,2511872,72.82625,137.28571,1.0,0.91,1.25687,-0.001866,0.011776,0.002008,0.218009,0.021136,0.876444,58.096951,11.855251,58.828758,11.869616,4.0,4.892e-05,7,748,0.26035,0.36254,0.02,0.0,100,0.0,0.07767,,,-0.01,0.01356,0.01818,-0.01327,0.00658,-0.00403,0.62439
2454,2512896,62.9775,124.0,0.875,0.9,1.422344,-0.000699,0.020215,0.000225,0.217625,0.000523,0.730015,60.584015,7.927525,60.293034,10.579499,4.0,4.881e-05,8,699,0.25799,0.34812,0.02,0.0,100,0.125,0.17857,,,-0.01,0.01862,0.01144,-0.00949,0.00513,-0.00344,0.55665
2455,2513920,72.93874,132.875,1.0,0.9,1.215136,-0.001149,0.006482,0.001245,0.240393,0.008894,0.925545,58.417042,11.230986,59.57325,11.370099,4.0,4.871e-05,8,744,0.25659,0.35472,0.02,0.0,100,0.0,0.15894,,,-0.01,0.01602,0.01896,-0.01104,0.00752,-0.00371,0.72222
2456,2514944,73.49332,109.88889,1.0,0.9,1.299607,-0.001398,0.010222,0.001821,0.23588,0.011475,0.907249,58.082863,11.797017,58.434238,12.698943,4.0,4.861e-05,9,722,0.23708,0.31702,0.02,0.0,100,0.0,0.16239,,,-0.01,0.01921,0.01155,-0.00791,0.00378,-0.00434,0.77868
2457,2515968,58.30682,175.0,0.83333,0.89,1.184649,-0.000454,0.01538,0.000441,0.159267,0.003244,0.83061,59.531548,10.035404,59.768188,11.881802,4.0,4.851e-05,6,743,0.24458,0.32783,0.02,0.0,100,0.16667,0.15789,,,-0.01,0.02211,0.00813,-0.00781,0.00509,-0.00357,0.44837
2458,2516992,73.4754,103.0,1.0,0.9,1.268449,-0.000984,0.010772,0.000267,0.21451,0.0,0.877655,59.906403,10.264681,59.947262,11.617027,4.0,4.84e-05,8,723,0.23738,0.309,0.02,0.0,100,0.0,0.29545,,,-0.01,0.02232,0.00848,-0.0076,0.00617,-0.00461,0.70395
2459,2518016,61.2717,166.57143,0.85714,0.9,1.243992,-0.001108,0.010352,0.000926,0.190218,0.002581,0.893317,61.559937,10.430632,61.481663,12.344543,4.0,4.83e-05,7,733,0.2717,0.36299,0.02,0.0,100,0.14286,0.28682,,,-0.01,0.02056,0.01655,-0.00792,0.0042,-0.00334,0.5229
2460,2519040,73.68686,113.33333,1.0,0.92,1.384041,-0.00141,0.008374,0.000731,0.231567,0.000349,0.847717,62.318359,8.214832,62.691021,8.932895,4.0,4.82e-05,9,698,0.26562,0.35659,0.02,0.0,100,0.0,0.20896,,,-0.01,0.02026,0.01273,-0.00975,0.00569,-0.0037,0.74767
2461,2520064,73.81713,122.33333,1.0,0.93,1.257376,-0.00135,0.006246,0.001538,0.22982,0.004674,0.931023,60.428009,11.179986,60.054104,11.681424,4.0,4.81e-05,6,744,0.26166,0.35769,0.01,0.0,100,0.0,0.19828,,,-0.01,0.0177,0.01366,-0.00862,0.00366,-0.00282,0.54583
2462,2521088,74.24874,122.0,1.0,0.94,0.83984,-0.000469,0.018813,0.000312,0.332538,0.001116,0.901052,49.705505,17.010204,47.411182,17.326599,4.0,4.799e-05,2,860,0.27243,0.38865,0.01,0.0,100,0.0,0.02703,,,-0.01,0.01517,0.02087,-0.01016,0.00072,-0.00185,0.26991
2463,2522112,39.87784,266.0,0.6,0.92,1.064928,-0.00085,0.011988,0.000494,0.212908,0.001465,0.925857,52.219875,15.000353,51.92136,15.321935,4.0,4.789e-05,5,796,0.27202,0.36873,0.02,0.0,100,0.4,0.54198,,,-0.01,0.01709,0.01498,-0.00773,0.00392,-0.00351,0.30605
2464,2523136,70.02947,248.71429,1.0,0.93,1.275224,-0.000848,0.01586,0.00026,0.243811,0.000488,0.594499,58.071541,9.919955,59.205967,8.525856,4.0,4.779e-05,7,732,0.26905,0.36752,0.01,0.0,100,0.0,0.14407,,,-0.01,0.01731,0.01996,-0.0089,0.00216,-0.00309,0.58554
2465,2524160,73.51775,145.0,1.0,0.93,1.12942,-0.000863,0.016846,0.000258,0.2203,0.000105,0.813992,57.995831,10.723811,57.923611,11.61332,4.0,4.769e-05,6,761,0.29497,0.427,0.01,0.0,100,0.0,0.06579,,,-0.01,0.01616,0.03516,-0.00923,0.00093,-0.00288,0.5911
2466,2525184,72.53725,153.57143,1.0,0.95,1.39903,-0.001126,0.007936,0.000432,0.247206,0.000767,0.748639,60.005901,7.267056,61.248997,7.092393,4.0,4.758e-05,7,706,0.26887,0.36743,0.01,0.0,100,0.14286,0.16216,,,-0.01,0.01768,0.02128,-0.00856,0.00645,-0.00403,0.55914
2467,2526208,65.86531,164.875,0.875,0.94,1.424056,-0.002268,0.005634,0.001919,0.288202,0.013463,0.812577,61.572193,6.291855,62.11134,6.674704,4.0,4.748e-05,8,703,0.29149,0.40475,0.02,0.0,100,0.0,0.04781,,,-0.01,0.01513,0.02267,-0.01093,0.00285,-0.00355,0.57149
2468,2527232,73.08721,145.66667,1.0,0.95,1.3351,-0.001141,0.012963,0.000671,0.247568,0.001465,0.794566,61.18874,8.564789,60.763531,9.578998,4.0,4.738e-05,6,725,0.27683,0.37611,0.02,0.0,100,0.0,0.15328,,,-0.01,0.01765,0.01805,-0.00803,0.0029,-0.00265,0.5063
2469,2528256,60.58065,133.5,0.83333,0.94,1.175123,-0.000481,0.02117,0.000265,0.156795,0.000314,0.761011,58.235287,9.312473,57.905598,11.466967,4.0,4.728e-05,6,757,0.29601,0.39521,0.02,0.0,100,0.16667,0.13699,,,-0.01,0.01665,0.00996,-0.00518,0.00354,-0.00415,0.49466
2470,2529280,47.86238,211.83333,0.66667,0.92,1.171105,-0.000361,0.021227,0.000129,0.184896,0.0,0.661838,59.422504,7.617906,58.564552,10.15654,4.0,4.717e-05,6,760,0.30071,0.39739,0.03,0.0,100,0.16667,0.36496,,,-0.01,0.01731,0.01109,-0.00774,0.00291,-0.00416,0.39027
2471,2530304,71.53627,163.6,1.0,0.92,1.154044,-0.001246,0.015766,0.000414,0.191563,0.001988,0.7415,59.667919,9.769486,59.741234,9.617537,4.0,4.707e-05,5,765,0.31734,0.45134,0.03,0.0,100,0.0,0.18447,,,-0.01,0.01385,0.0311,-0.01261,0.00279,-0.00451,0.48526
2472,2531328,71.64763,171.75,1.0,0.92,1.219295,-0.0017,0.012128,0.001826,0.242493,0.017055,0.814054,59.303169,8.908415,58.634834,9.747849,4.0,4.697e-05,4,745,0.30594,0.40325,0.03,0.0,100,0.0,0.08333,,,-0.01,0.01833,0.01679,-0.00958,0.00078,-0.00368,0.36438
2473,2532352,58.79078,172.8,0.8,0.91,1.404746,-0.00095,0.017378,0.001318,0.190348,0.003662,0.741469,60.561764,7.80733,61.197224,10.424771,4.0,4.687e-05,10,699,0.28446,0.35574,0.04,0.0,100,0.1,0.18077,,,-0.01,0.01928,0.01324,-0.00681,0.00779,-0.00408,0.64456
2474,2533376,73.86235,111.42857,1.0,0.91,1.372631,-0.002006,0.00504,0.001939,0.261572,0.013602,0.789925,62.523048,5.208735,62.68758,5.883365,4.0,4.676e-05,7,707,0.28926,0.37316,0.04,0.0,100,0.0,0.17,,,-0.01,0.01913,0.01351,-0.00784,0.00224,-0.00411,0.57339
2475,2534400,64.01105,142.88889,0.88889,0.91,1.232709,-0.000551,0.017079,0.000348,0.139342,0.001116,0.767739,61.311382,7.524859,61.365582,10.673381,4.0,4.666e-05,9,724,0.26729,0.33733,0.04,0.0,100,0.11111,0.33333,,,-0.01,0.02094,0.0147,-0.0075,0.003,-0.00331,0.69576
2476,2535424,74.00119,104.0,1.0,0.91,1.334534,-0.001889,0.003759,0.00167,0.270646,0.016532,0.809235,64.318764,5.090679,65.305382,5.483364,4.0,4.656e-05,7,710,0.26436,0.35156,0.04,0.0,100,0.0,0.17778,,,-0.01,0.01915,0.02605,-0.00858,0.0082,-0.00514,0.57025
2477,2536448,74.01982,128.72727,1.0,0.93,1.376045,-0.001806,0.003792,0.000716,0.275229,0.003069,0.85027,64.340714,5.848779,65.363342,5.986381,4.0,4.646e-05,11,688,0.23938,0.31519,0.03,0.0,100,0.0,0.11885,,,-0.01,0.0208,0.01722,-0.009,0.0086,-0.00566,0.8489
2478,2537472,73.8491,114.77778,1.0,0.93,1.299183,-0.000841,0.012054,0.000531,0.200216,0.00436,0.517521,65.692444,6.835463,66.371597,6.072169,4.0,4.636e-05,9,701,0.24245,0.31873,0.03,0.0,100,0.11111,0.17877,,,-0.01,0.02058,0.02169,-0.00727,0.00605,-0.0055,0.73177
2479,2538496,75.13595,91.625,1.0,0.93,1.27638,-0.000969,0.010677,0.000403,0.21879,0.000453,0.838723,64.579697,8.914922,64.159515,9.900277,4.0,4.625e-05,8,707,0.25872,0.32669,0.03,0.0,100,0.0,0.10526,,,-0.01,0.02228,0.02119,-0.00676,0.00504,-0.0036,0.67321
2480,2539520,64.44477,137.875,0.875,0.92,1.156005,-0.000524,0.013828,0.000705,0.169437,0.000279,0.853843,62.462635,9.932224,62.291515,12.507359,4.0,4.615e-05,8,729,0.26499,0.32727,0.03,0.0,100,0.125,0.1,,,-0.01,0.01981,0.01901,-0.00866,0.00839,-0.00458,0.62536
2481,2540544,62.64978,103.14286,0.85714,0.92,1.024936,-0.00083,0.020293,0.000357,0.288094,0.001535,0.8904,58.803734,14.221028,57.068127,16.403009,4.0,4.605e-05,7,756,0.26329,0.32259,0.02,0.0,100,0.14286,0.13793,,,-0.01,0.02058,0.01918,-0.00975,-0.00139,-0.00561,0.59724
2482,2541568,50.53058,171.83333,0.66667,0.91,1.07907,-0.00078,0.012148,0.000641,0.218337,0.000453,0.928656,57.97237,14.179967,57.070168,16.080267,4.0,4.595e-05,6,764,0.27285,0.34209,0.03,0.0,100,0.16667,0.15508,,,-0.01,0.01944,0.02173,-0.01011,0.00649,-0.00345,0.39211
2483,2542592,72.63841,147.0,1.0,0.93,1.232587,-0.001138,0.017957,0.001447,0.218872,0.006243,0.380349,64.040672,7.688071,64.141243,6.687161,4.0,4.584e-05,9,719,0.27147,0.3301,0.02,0.0,100,0.11111,0.13218,,,-0.01,0.02176,0.02074,-0.00804,0.00059,-0.00488,0.77042
2484,2543616,73.6904,125.14286,1.0,0.93,1.008815,-0.001359,0.022693,0.000732,0.266494,0.002651,0.786898,60.145718,11.499642,58.973717,12.54588,4.0,4.574e-05,7,761,0.26469,0.34214,0.02,0.0,100,0.0,0.09489,,,-0.01,0.02082,0.0307,-0.01079,-0.00045,-0.0046,0.70953
2485,2544640,60.90808,116.66667,0.83333,0.93,1.070801,-0.000318,0.011037,0.000365,0.191133,0.0,0.91211,57.618706,11.862289,57.513409,13.649302,4.0,4.564e-05,6,773,0.28612,0.36479,0.01,0.0,100,0.16667,0.08,,,-0.01,0.01789,0.02729,-0.00894,0.00607,-0.00396,0.50861
2486,2545664,73.16302,177.0,1.0,0.94,1.174525,-0.001175,0.016865,0.000355,0.247381,0.0,0.826296,58.784718,11.693798,58.739437,12.399942,4.0,4.554e-05,7,737,0.2439,0.31088,0.01,0.0,100,0.0,0.06633,,,-0.01,0.02005,0.02517,-0.00874,0.00514,-0.00449,0.61986
2487,2546688,66.39674,143.1,0.9,0.93,1.240746,-0.00148,0.016718,0.000905,0.230101,0.003488,0.859081,59.835598,11.536532,59.918354,13.404004,4.0,4.543e-05,10,720,0.24978,0.31915,0.01,0.0,100,0.1,0.096,,,-0.01,0.01917,0.02082,-0.00944,0.00437,-0.00337,0.76906
2488,2547712,73.74395,116.75,1.0,0.94,1.143474,-0.000813,0.011846,0.000363,0.226739,0.0,0.806821,60.405121,9.757099,61.264809,9.613794,4.0,4.533e-05,8,732,0.25876,0.31775,0.01,0.0,100,0.0,0.07937,,,-0.01,0.02011,0.01987,-0.01105,0.00394,-0.00457,0.74281
2489,2548736,73.67216,118.16667,1.0,0.94,1.103855,-0.000882,0.010338,0.000735,0.20971,0.001779,0.889844,58.52116,11.071902,58.933804,11.722355,4.0,4.523e-05,6,758,0.26367,0.3248,0.01,0.0,100,0.0,0.12712,,,-0.01,0.01813,0.01906,-0.00916,0.00603,-0.00406,0.5862
2490,2549760,74.38316,97.5,1.0,0.94,1.16001,-0.001768,0.007888,0.001912,0.245335,0.011509,0.897158,59.655159,9.902104,59.668579,10.706628,4.0,4.513e-05,6,749,0.2412,0.30371,0.01,0.0,100,0.0,0.1791,,,-0.01,0.01857,0.01716,-0.00638,0.00555,-0.00224,0.57057
2491,2550784,55.08686,206.44444,0.77778,0.92,1.167721,-0.000473,0.026885,0.000387,0.16041,7e-05,0.825169,57.326809,13.907207,57.954914,15.253633,4.0,4.502e-05,9,731,0.23895,0.28019,0.02,0.0,100,0.11111,0.31319,,,-0.01,0.0203,0.01076,-0.00889,0.00732,-0.004,0.62466
2492,2551808,73.99255,96.375,1.0,0.92,1.282354,-0.001743,0.017608,0.001533,0.27376,0.009347,0.840474,60.378235,11.163655,59.069019,12.800767,4.0,4.492e-05,8,709,0.26352,0.32137,0.02,0.0,100,0.0,0.18605,,,-0.01,0.02088,0.00868,-0.00796,0.00027,-0.00471,0.69399
2493,2552832,60.92957,137.66667,0.83333,0.91,0.969452,-0.001115,0.035197,0.000974,0.211463,0.003278,0.821705,51.762489,16.694632,51.132771,17.174597,4.0,4.482e-05,6,784,0.27727,0.3288,0.02,0.0,100,0.16667,0.20661,,,-0.01,0.0199,0.0168,-0.00921,0.00168,-0.00433,0.55244
2494,2553856,52.787,161.875,0.75,0.9,1.200986,-0.00066,0.024547,0.000548,0.194508,0.00014,0.87063,56.298252,14.267237,55.525291,16.956215,4.0,4.472e-05,8,735,0.2707,0.33302,0.02,0.0,100,0.25,0.46491,,,-0.01,0.01989,0.01108,-0.00654,0.00191,-0.00328,0.5516
2495,2554880,60.40733,158.66667,0.83333,0.91,1.352211,-0.001308,0.011767,0.001122,0.207728,0.005057,0.848274,60.994694,9.333476,60.74271,10.934061,4.0,4.461e-05,6,720,0.31099,0.38989,0.02,0.0,100,0.16667,0.20667,,,-0.01,0.01869,0.02307,-0.00811,0.00338,-0.00424,0.42242
2496,2555904,73.3784,130.375,1.0,0.92,1.28506,-0.000956,0.006513,0.000864,0.220844,0.002616,0.901065,58.793457,9.431813,59.338711,9.860686,4.0,4.451e-05,8,736,0.29878,0.37909,0.01,0.0,100,0.0,0.21739,,,-0.01,0.01648,0.01524,-0.00915,0.00598,-0.00314,0.71488
2497,2556928,73.60375,118.8,1.0,0.92,1.244387,-0.001169,0.011139,0.001073,0.229888,0.002999,0.919192,56.229565,13.50423,55.972069,14.242781,4.0,4.441e-05,5,747,0.29529,0.37143,0.01,0.0,100,0.0,0.25,,,-0.01,0.01778,0.01067,-0.00848,0.00353,-0.00198,0.46321
2498,2557952,47.86316,222.66667,0.66667,0.9,1.317131,-0.000964,0.017003,0.00106,0.183953,0.003348,0.88763,57.386662,13.435269,57.194904,15.010184,4.0,4.431e-05,6,733,0.32143,0.39589,0.02,0.0,100,0.16667,0.24242,,,-0.01,0.01807,0.01395,-0.00868,0.00492,-0.004,0.35004
2499,2558976,72.26457,141.125,1.0,0.91,1.377936,-0.00138,0.017146,0.001547,0.226043,0.009975,0.615054,61.04427,9.104037,61.418861,8.428014,4.0,4.42e-05,8,714,0.32605,0.39936,0.02,0.0,100,0.0,0.22314,,,-0.01,0.01859,0.01221,-0.00894,0.00386,-0.00477,0.66571
2500,2560000,71.90519,140.0,1.0,0.91,1.244848,-0.000899,0.022711,0.001422,0.237923,0.00279,0.782914,57.980583,11.948577,57.114895,12.495645,4.0,4.41e-05,5,742,0.29415,0.37777,0.02,0.0,100,0.0,0.31683,,,-0.01,0.01806,0.01046,-0.00711,-0.0002,-0.00317,0.454
2501,2561024,60.32917,198.85714,0.85714,0.91,1.131233,-0.000515,0.025567,0.000339,0.174108,7e-05,0.740053,57.919121,10.61346,57.689358,11.988362,4.0,4.4e-05,7,770,0.2997,0.41117,0.02,0.0,100,0.14286,0.24873,,,-0.01,0.01448,0.02676,-0.0099,0.00041,-0.00305,0.57582
2502,2562048,46.77188,158.33333,0.66667,0.9,1.158983,-0.000797,0.015425,0.000227,0.23597,0.000384,0.881486,55.876087,12.329875,54.330997,13.95284,4.0,4.39e-05,3,780,0.31662,0.42661,0.02,0.0,100,0.33333,0.4,,,-0.01,0.01517,0.0163,-0.00945,0.00175,-0.00239,0.19701
2503,2563072,55.15164,299.5,0.75,0.89,1.05334,-0.001541,0.010261,0.000679,0.223668,0.003802,0.841653,55.009453,9.689107,55.23328,9.792421,4.0,4.38e-05,4,798,0.3342,0.4548,0.03,0.0,100,0.0,0.16541,,,-0.01,0.01245,0.01829,-0.0101,0.00362,-0.00176,0.30396
2504,2564096,70.84218,173.33333,1.0,0.89,1.085443,-0.001879,0.011154,0.001417,0.214313,0.011509,0.855722,57.779819,10.677875,57.551971,10.729377,4.0,4.369e-05,3,812,0.33637,0.47487,0.03,0.0,100,0.0,0.21429,,,-0.01,0.01041,0.02702,-0.01622,0.00326,-0.00141,0.31009
2505,2565120,59.64372,256.85714,0.85714,0.88,1.378851,-0.002654,0.009438,0.003158,0.297214,0.046108,0.770333,59.200489,7.752666,59.18211,7.748689,4.0,4.359e-05,7,730,0.27535,0.37489,0.04,0.0,100,0.0,0.37333,,,-0.01,0.01413,0.01542,-0.01117,0.00463,-0.00331,0.48123
2506,2566144,53.2537,152.0,0.75,0.87,1.108878,-0.001377,0.02252,0.001636,0.312365,0.011405,0.85619,52.166492,13.317163,50.066254,14.940378,4.0,4.349e-05,4,794,0.26494,0.37174,0.04,0.0,100,0.25,0.28358,,,-0.01,0.01305,0.01049,-0.01365,-0.00126,-0.00112,0.30038
2507,2567168,57.96457,234.0,0.83333,0.87,1.241467,-0.000846,0.01604,0.0007,0.250591,0.000802,0.69023,55.535362,9.627445,56.795795,9.013878,4.0,4.339e-05,6,764,0.25291,0.35399,0.04,0.0,100,0.16667,0.2,,,-0.01,0.01413,0.01502,-0.01268,0.00632,-0.00403,0.44575
2508,2568192,69.18896,210.5,1.0,0.88,1.373581,-0.001357,0.007816,0.000523,0.277227,0.000698,0.822674,58.739491,8.356256,59.23304,8.138775,4.0,4.328e-05,6,755,0.29353,0.40788,0.04,0.0,100,0.0,0.18182,,,-0.01,0.0125,0.01999,-0.01495,0.00328,-0.00449,0.50063
2509,2569216,71.66841,140.6,1.0,0.88,1.480108,-0.001862,0.006128,0.001093,0.305186,0.006627,0.816597,59.040936,6.640765,59.809731,7.043033,4.0,4.318e-05,5,719,0.27299,0.37878,0.04,0.0,100,0.0,0.15116,,,-0.01,0.01735,0.01449,-0.00949,0.00394,-0.00383,0.3979
2510,2570240,61.49767,196.0,0.83333,0.88,1.318117,-0.001263,0.007276,0.00087,0.272849,0.000314,0.788652,59.178894,6.929981,59.56712,7.313236,4.0,4.308e-05,6,743,0.2741,0.38794,0.05,0.0,100,0.0,0.14062,,,-0.01,0.01561,0.01921,-0.01128,0.00169,-0.003,0.43927
2511,2571264,72.71886,129.83333,1.0,0.89,1.303908,-0.000968,0.004398,0.000359,0.290025,0.000314,0.856954,60.761623,6.379292,61.49831,6.8611,4.0,4.298e-05,6,737,0.26986,0.37586,0.05,0.0,100,0.0,0.08911,,,-0.01,0.01567,0.02518,-0.01146,0.00379,-0.00337,0.52823
2512,2572288,59.45386,187.0,0.8,0.89,1.229111,-0.00169,0.007205,0.000802,0.270823,0.005127,0.860137,59.639927,8.034534,59.786751,8.798701,4.0,4.287e-05,5,765,0.28868,0.41097,0.06,0.0,100,0.0,0.15385,,,-0.01,0.01391,0.02946,-0.01282,0.00431,-0.00497,0.37649
2513,2573312,72.16686,171.83333,1.0,0.9,1.278843,-0.001283,0.00621,0.00061,0.268914,0.000209,0.875402,59.582039,8.06783,60.006191,8.599873,4.0,4.277e-05,6,750,0.23935,0.34364,0.06,0.0,100,0.0,0.13095,,,-0.01,0.01611,0.02352,-0.0111,0.00518,-0.00273,0.52604
2514,2574336,66.27027,162.55556,0.88889,0.89,1.500597,-0.003332,0.002906,0.003186,0.359469,0.040806,0.932754,61.740253,7.615225,62.715244,8.071068,4.0,4.267e-05,9,697,0.24569,0.32882,0.07,0.0,100,0.0,0.03302,,,-0.01,0.01788,0.01738,-0.00816,0.00908,-0.00358,0.61361
2515,2575360,73.5379,123.44444,1.0,0.91,1.42294,-0.001337,0.008812,0.000523,0.249583,0.001221,0.830952,64.140152,7.934606,64.27388,8.74259,4.0,4.257e-05,9,703,0.24118,0.32347,0.06,0.0,100,0.0,0.06522,,,-0.01,0.01696,0.01626,-0.0093,0.00428,-0.00389,0.71071
2516,2576384,43.08961,127.2,0.6,0.89,1.235707,-0.00066,0.030002,0.000391,0.287044,0.000732,0.791536,60.300625,11.250919,58.232788,14.850578,4.0,4.246e-05,5,747,0.22098,0.31204,0.06,0.0,100,0.4,0.03922,,,-0.01,0.01734,0.0186,-0.01042,0.00374,-0.00353,0.2655
2517,2577408,72.12026,182.625,1.0,0.89,1.401978,-0.001195,0.012016,0.001106,0.273092,0.000593,0.709646,60.792809,8.111267,61.739376,7.552554,4.0,4.236e-05,8,717,0.24988,0.33674,0.06,0.0,100,0.0,0.0898,,,-0.01,0.01676,0.0197,-0.00921,0.00443,-0.00511,0.63022
2518,2578432,72.7486,139.28571,1.0,0.9,1.207741,-0.000342,0.010143,0.000284,0.218773,0.000837,0.715488,62.96405,7.736016,63.431011,7.299968,4.0,4.226e-05,7,740,0.2596,0.36847,0.06,0.0,100,0.0,0.12752,,,-0.01,0.01679,0.0257,-0.01077,0.00352,-0.00244,0.63119
2519,2579456,72.4917,129.83333,1.0,0.91,1.311733,-0.0007,0.010337,0.000411,0.208975,0.002965,0.670706,63.129921,6.962167,63.121033,6.818521,4.0,4.216e-05,6,735,0.26654,0.35336,0.06,0.0,100,0.0,0.17526,,,-0.01,0.01528,0.0214,-0.01348,0.00504,-0.00494,0.51832
2520,2580480,73.26653,123.85714,1.0,0.92,1.31916,-0.002352,0.006288,0.001123,0.250207,0.005859,0.834849,63.068821,6.621908,63.087017,7.389153,4.0,4.205e-05,7,720,0.26629,0.3528,0.05,0.0,100,0.0,0.16154,,,-0.01,0.01759,0.01924,-0.00764,0.0051,-0.00407,0.59121
2521,2581504,61.69566,200.0,0.83333,0.92,1.131455,-0.000506,0.009533,0.000332,0.194415,7e-05,0.795241,61.021999,8.692492,61.544922,8.361816,4.0,4.195e-05,6,765,0.25105,0.32057,0.05,0.0,100,0.0,0.12042,,,-0.01,0.01842,0.01788,-0.00863,0.00501,-0.0031,0.47185
2522,2582528,72.68954,150.28571,1.0,0.94,1.295833,-0.001476,0.013356,0.001483,0.259137,0.01137,0.752452,63.018551,8.200868,62.362286,9.110656,4.0,4.185e-05,7,724,0.27622,0.35583,0.04,0.0,100,0.0,0.16854,,,-0.01,0.01653,0.02256,-0.00885,0.00271,-0.00533,0.58919
2523,2583552,60.58803,131.83333,0.83333,0.93,1.09546,-0.001195,0.02933,0.000883,0.236705,0.004918,0.765482,56.906246,11.809092,55.729012,13.585939,4.0,4.175e-05,6,770,0.25778,0.33768,0.04,0.0,100,0.16667,0.12621,,,-0.01,0.01699,0.01863,-0.00987,0.0024,-0.00569,0.4989
2524,2584576,60.07663,151.66667,0.83333,0.92,1.246267,-0.000845,0.017716,0.001457,0.173815,0.008475,0.790452,58.259392,10.185161,58.366024,11.058125,4.0,4.164e-05,6,742,0.23656,0.31677,0.04,0.0,100,0.16667,0.44,,,-0.01,0.01752,0.0187,-0.00877,0.00365,-0.00646,0.4412
2525,2585600,72.10023,181.5,1.0,0.93,1.128447,-0.001626,0.014695,0.000803,0.226452,0.004499,0.788104,57.776661,9.676184,58.02478,10.100783,4.0,4.154e-05,6,769,0.24664,0.32075,0.03,0.0,100,0.0,0.10823,,,-0.01,0.01817,0.01766,-0.00856,0.00459,-0.00848,0.56656
2526,2586624,62.71279,175.42857,0.85714,0.92,1.224625,-0.00167,0.009023,0.001127,0.253964,0.003906,0.724781,62.08316,6.964491,62.554562,6.990448,4.0,4.144e-05,7,731,0.22111,0.29654,0.04,0.0,100,0.14286,0.17526,,,-0.01,0.01893,0.01928,-0.01109,0.00725,-0.00444,0.51648
2527,2587648,73.35936,111.0,1.0,0.93,1.300984,-0.001596,0.00728,0.001201,0.268117,0.006941,0.846423,61.706085,8.014955,61.988335,8.356434,4.0,4.134e-05,8,723,0.24414,0.31987,0.03,0.0,100,0.0,0.23529,,,-0.01,0.01723,0.01886,-0.01093,0.00527,-0.00478,0.67279
2528,2588672,73.8361,94.6,1.0,0.93,1.258409,-0.001734,0.003659,0.001004,0.283284,0.005824,0.911118,61.448555,7.365028,61.412415,8.147435,4.0,4.124e-05,5,757,0.26189,0.34518,0.03,0.0,100,0.0,0.16364,,,-0.01,0.01533,0.02416,-0.01236,0.00551,-0.00763,0.45389
2529,2589696,59.33615,253.0,0.83333,0.93,1.243283,-0.001943,0.014366,0.00111,0.280506,0.005406,0.765209,60.472633,8.605883,59.564552,9.38751,4.0,4.113e-05,6,758,0.29722,0.40352,0.03,0.0,100,0.16667,0.17208,,,-0.01,0.01364,0.02898,-0.01261,-0.00073,-0.0052,0.44256
2530,2590720,61.16587,181.42857,0.85714,0.92,1.25374,-0.001218,0.017532,0.001216,0.243395,0.004011,0.801727,60.882149,8.996454,60.012447,11.561159,4.0,4.103e-05,7,740,0.27881,0.34358,0.03,0.0,100,0.14286,0.13426,,,-0.01,0.01945,0.01746,-0.01062,0.00149,-0.00312,0.52874
2531,2591744,72.81287,139.71429,1.0,0.94,1.24874,-0.001084,0.011466,0.000893,0.238411,0.001709,0.743639,59.794643,8.800662,60.524456,8.160802,4.0,4.093e-05,7,743,0.29516,0.37436,0.03,0.0,100,0.0,0.13768,,,-0.01,0.0174,0.01873,-0.01173,0.00534,-0.00358,0.63117
2532,2592768,72.23378,153.71429,1.0,0.94,1.17978,-0.001321,0.00568,0.00031,0.280585,0.000419,0.766682,61.897564,5.441436,62.364094,5.926141,4.0,4.083e-05,7,747,0.29456,0.39212,0.03,0.0,100,0.0,0.1954,,,-0.01,0.01607,0.02609,-0.0118,0.00547,-0.00357,0.65231
2533,2593792,73.37938,159.66667,1.0,0.94,1.17828,-0.001002,0.011895,0.000949,0.253852,0.00293,0.803457,60.120018,8.6886,59.055492,9.444157,4.0,4.072e-05,3,775,0.28387,0.37753,0.03,0.0,100,0.0,0.12222,,,-0.01,0.01506,0.02774,-0.01233,0.00189,-0.00187,0.28361
2534,2594816,63.82103,180.3,0.9,0.93,1.178138,-0.000869,0.033483,0.000457,0.263574,0.00014,0.632989,57.761311,9.463982,57.125366,11.949173,4.0,4.062e-05,10,743,0.24634,0.30173,0.03,0.0,100,0.1,0.18841,,,-0.01,0.02234,0.00932,-0.00916,-0.00058,-0.00448,0.82544
2535,2595840,63.71909,110.5,0.875,0.92,1.280129,-0.000545,0.017993,0.000903,0.209381,0.001709,0.763797,58.404644,8.444956,59.25161,10.836232,4.0,4.052e-05,8,726,0.24056,0.29633,0.03,0.0,100,0.125,0.26,,,-0.01,0.02021,0.01179,-0.0101,0.00729,-0.00594,0.61949
2536,2596864,73.55252,103.33333,1.0,0.93,1.23427,-0.000787,0.019493,0.000224,0.223922,7e-05,0.647348,58.984833,8.731504,59.446499,8.986869,4.0,4.042e-05,9,732,0.24274,0.29346,0.02,0.0,100,0.0,0.22124,,,-0.01,0.02063,0.01181,-0.0071,0.00049,-0.00434,0.833
2537,2597888,40.98888,177.28571,0.57143,0.9,1.138528,-0.000526,0.035445,0.000359,0.22892,0.000628,0.684205,57.774197,9.716897,56.704407,13.395916,4.0,4.031e-05,7,764,0.2501,0.29071,0.03,0.0,100,0.28571,0.3662,,,-0.01,0.02057,0.00645,-0.00819,0.00205,-0.00389,0.39808
2538,2598912,72.23171,121.0,1.0,0.92,1.407913,-0.000917,0.010979,0.000505,0.27485,0.003104,0.490471,61.128998,5.849938,62.711052,5.523605,4.0,4.021e-05,10,694,0.25818,0.3054,0.03,0.0,100,0.0,0.30769,,,-0.01,0.02003,0.00982,-0.00908,0.0047,-0.00338,0.8051
2539,2599936,60.55857,110.16667,0.83333,0.91,1.278136,-0.000404,0.021979,0.000533,0.197228,0.00014,0.73489,62.510601,7.667097,62.152615,11.085836,4.0,4.011e-05,6,725,0.26556,0.32502,0.03,0.0,100,0.16667,0.375,,,-0.01,0.02124,0.0182,-0.00928,0.00461,-0.00299,0.43701
2540,2600960,74.02176,100.83333,1.0,0.91,1.167671,-0.000609,0.00889,0.000253,0.207552,0.000209,0.810968,61.900928,8.080091,62.239941,8.233234,4.0,4.001e-05,6,758,0.26891,0.34841,0.03,0.0,100,0.0,0.17949,,,-0.01,0.01777,0.0251,-0.01211,0.00281,-0.00298,0.58241
2541,2601984,72.75413,197.6,1.0,0.92,0.988006,-0.002038,0.016333,0.00113,0.273678,0.005406,0.790992,59.093376,10.299455,57.851963,10.653379,4.0,3.99e-05,5,810,0.26318,0.3223,0.02,0.0,100,0.0,0.10784,,,-0.01,0.0186,0.01783,-0.00966,-0.00191,-0.00285,0.54975
2542,2603008,62.68084,197.75,0.875,0.91,1.125812,-0.000705,0.012254,0.001224,0.280263,0.002407,0.701514,59.498009,8.859243,61.308754,7.865839,4.0,3.98e-05,8,774,0.24914,0.29587,0.03,0.0,100,0.0,0.23377,,,-0.01,0.02008,0.01588,-0.00811,0.00877,-0.00389,0.69711
2543,2604032,73.29076,120.375,1.0,0.92,1.233516,-0.001732,0.009752,0.001743,0.259646,0.011579,0.792638,62.251484,7.418321,62.33728,8.170491,4.0,3.97e-05,8,737,0.2622,0.31682,0.02,0.0,100,0.0,0.09259,,,-0.01,0.01793,0.01967,-0.00966,0.00114,-0.00533,0.7254
2544,2605056,71.83506,178.57143,1.0,0.93,1.156291,-0.001882,0.004768,0.000943,0.227675,0.005406,0.784357,63.230991,6.13447,63.860516,5.767331,4.0,3.96e-05,7,765,0.26948,0.33501,0.02,0.0,100,0.0,0.12183,,,-0.01,0.01817,0.02261,-0.01093,0.00512,-0.00395,0.65974
2545,2606080,73.28848,128.16667,1.0,0.93,1.36959,-0.001519,0.005311,0.000689,0.256341,0.000384,0.761238,65.559761,5.644464,66.218582,5.721642,4.0,3.949e-05,6,713,0.27634,0.34751,0.02,0.0,100,0.0,0.22881,,,-0.01,0.01911,0.02477,-0.00852,0.0051,-0.00361,0.48877
2546,2607104,73.51064,129.0,1.0,0.93,1.377387,-0.000916,0.007019,0.000377,0.26079,0.000174,0.703533,65.676773,5.962605,65.696342,5.936012,4.0,3.939e-05,7,722,0.27,0.34719,0.02,0.0,100,0.0,0.21818,,,-0.01,0.01688,0.02347,-0.01079,0.00503,-0.00483,0.57462
2547,2608128,64.81731,155.88889,0.88889,0.92,1.354652,-0.00023,0.022217,0.000283,0.194308,7e-05,0.669906,64.884521,6.691669,64.043266,10.28723,4.0,3.929e-05,9,712,0.24992,0.30492,0.02,0.0,100,0.11111,0.11715,,,-0.01,0.0208,0.01305,-0.01064,0.00328,-0.00405,0.65068
2548,2609152,72.80679,120.0,1.0,0.93,1.308981,-0.001469,0.004933,0.000913,0.248305,0.005755,0.76242,65.883736,4.995995,65.929672,5.414897,4.0,3.919e-05,6,729,0.28818,0.37457,0.02,0.0,100,0.0,0.22772,,,-0.01,0.01734,0.02685,-0.0125,0.00587,-0.0026,0.51811
2549,2610176,73.19819,140.75,1.0,0.94,1.408534,-0.001022,0.004443,0.000781,0.264796,0.001046,0.76578,65.53669,4.944181,65.815834,5.257915,4.0,3.908e-05,8,705,0.25991,0.3301,0.02,0.0,100,0.0,0.12195,,,-0.01,0.01641,0.02022,-0.0108,0.00506,-0.00474,0.64041
2550,2611200,73.0432,137.75,1.0,0.95,1.426068,-0.001239,0.006651,0.000764,0.234632,0.00143,0.69159,65.79557,5.84636,66.224617,5.609017,4.0,3.898e-05,8,705,0.2573,0.30382,0.02,0.0,100,0.0,0.08982,,,-0.01,0.02028,0.01722,-0.01146,0.00578,-0.00423,0.63607
2551,2612224,73.56533,100.11111,1.0,0.97,1.432449,-0.001942,0.002557,0.002384,0.289262,0.01859,0.852566,66.919327,4.689439,67.192162,5.007498,4.0,3.888e-05,9,696,0.252,0.31692,0.01,0.0,100,0.0,0.21739,,,-0.01,0.01834,0.01804,-0.00945,0.00776,-0.00279,0.71193
2552,2613248,73.78657,117.22222,1.0,0.97,1.357832,-0.001434,0.003653,0.001365,0.25244,0.004499,0.767784,66.974709,4.479909,67.028511,4.762343,4.0,3.878e-05,9,702,0.24898,0.29845,0.01,0.0,100,0.0,0.125,,,-0.01,0.01954,0.01577,-0.01176,0.00431,-0.00465,0.73535
2553,2614272,72.15833,142.625,1.0,0.98,1.36827,-0.001604,0.005042,0.002207,0.249768,0.019566,0.731106,66.33445,5.293447,66.375732,5.24586,4.0,3.868e-05,8,710,0.2476,0.31695,0.01,0.0,100,0.125,0.19444,,,-0.01,0.01577,0.01723,-0.01259,0.00521,-0.00432,0.65478
2554,2615296,72.70041,117.75,1.0,0.98,1.409917,-0.001699,0.002593,0.000503,0.268603,0.000453,0.809928,67.742805,4.389883,68.025986,4.415135,4.0,3.857e-05,8,699,0.23528,0.29067,0.01,0.0,100,0.0,0.35897,,,-0.01,0.018,0.01694,-0.01035,0.00739,-0.00361,0.63162
2555,2616320,73.3218,112.0,1.0,0.99,1.368204,-0.00101,0.00262,0.00054,0.269473,0.001395,0.789441,68.101448,4.113811,68.022537,4.234225,4.0,3.847e-05,9,696,0.244,0.30282,0.0,0.0,100,0.0,0.17143,,,-0.01,0.01984,0.01532,-0.01014,0.00498,-0.00491,0.72764
2556,2617344,72.61053,135.7,1.0,0.99,1.459453,-0.001909,0.002996,0.001426,0.301324,0.006766,0.797666,67.475418,4.553118,67.437836,4.617464,4.0,3.837e-05,10,695,0.24626,0.31745,0.0,0.0,100,0.0,0.25,,,-0.01,0.0163,0.01839,-0.01154,0.00495,-0.00457,0.7728
2557,2618368,74.20712,92.33333,1.0,0.99,1.362961,-0.002821,0.001741,0.003369,0.322401,0.037179,0.892369,67.609077,4.37633,67.772865,4.873764,4.0,3.827e-05,6,709,0.22586,0.28884,0.0,0.0,100,0.0,0.10145,,,-0.01,0.01913,0.0233,-0.01232,0.00831,-0.00439,0.48796
2558,2619392,73.37754,132.1,1.0,0.99,1.420838,-0.000996,0.004134,0.000813,0.265493,0.000942,0.764071,67.478401,4.748151,67.162582,4.984837,4.0,3.816e-05,10,697,0.25754,0.32044,0.0,0.0,100,0.0,0.11441,,,-0.01,0.01765,0.01535,-0.01042,0.00417,-0.00424,0.79746
2559,2620416,72.0682,130.0,1.0,0.99,1.104859,-0.000829,0.010356,0.000452,0.204178,0.000349,0.777359,63.06908,9.178408,62.501076,8.62501,4.0,3.806e-05,4,774,0.26544,0.34076,0.0,0.0,100,0.0,0.16327,,,-0.01,0.01546,0.01784,-0.01162,0.00053,-0.00173,0.40289
2560,2621440,63.02112,173.77778,0.88889,0.99,1.297712,-0.000305,0.025432,0.000431,0.177362,0.0,0.612615,64.546555,6.427627,63.672356,9.769886,4.0,3.796e-05,9,723,0.26406,0.31718,0.0,0.0,100,0.11111,0.30126,,,-0.01,0.01905,0.01586,-0.01004,0.00394,-0.0051,0.674
2561,2622464,73.40277,101.125,1.0,0.99,1.328184,-0.000986,0.003137,0.000359,0.24487,0.000907,0.81637,65.495872,4.59231,65.789337,5.052355,4.0,3.786e-05,8,700,0.25045,0.30484,0.0,0.0,100,0.0,0.24444,,,-0.01,0.02137,0.01329,-0.01029,0.00563,-0.00461,0.65684
2562,2623488,72.47918,148.83333,1.0,0.99,1.260227,-0.00172,0.005709,0.000748,0.231192,0.000628,0.866774,63.873455,7.425532,63.4776,7.796351,4.0,3.775e-05,6,729,0.26896,0.33345,0.0,0.0,100,0.0,0.13768,,,-0.01,0.0164,0.01807,-0.01241,0.00586,-0.00335,0.52417
2563,2624512,72.42751,128.25,1.0,0.99,1.199929,-0.000879,0.006334,0.000615,0.229664,0.001221,0.819295,63.292412,6.977217,63.299519,7.144798,4.0,3.765e-05,8,741,0.24001,0.29281,0.0,0.0,100,0.0,0.15217,,,-0.01,0.01708,0.01319,-0.01235,0.00442,-0.00531,0.74047
2564,2625536,72.0978,124.375,1.0,0.99,1.152909,-0.000761,0.004603,0.000179,0.212794,0.000453,0.785251,63.78141,5.689787,64.37561,5.608384,4.0,3.755e-05,8,759,0.2488,0.31805,0.0,0.0,100,0.0,0.304,,,-0.01,0.01727,0.01362,-0.01133,0.00706,-0.0044,0.76544
2565,2626560,63.58053,161.875,0.875,0.98,1.341735,-0.001196,0.009653,0.000889,0.239402,0.001848,0.772739,64.12999,7.689825,63.656986,7.907172,4.0,3.745e-05,8,720,0.25643,0.3159,0.01,0.0,100,0.125,0.2437,,,-0.01,0.01691,0.01266,-0.0099,0.00434,-0.01145,0.59592
2566,2627584,71.36228,141.83333,1.0,0.98,1.342574,-0.001246,0.011081,0.001275,0.239507,0.005197,0.723655,61.782898,7.782978,61.035774,8.057551,4.0,3.734e-05,6,721,0.26013,0.30014,0.01,0.0,100,0.0,0.26374,,,-0.01,0.01618,0.00804,-0.01049,0.00325,-0.02491,0.50966
2567,2628608,63.28865,124.125,0.875,0.97,1.3857,-0.000443,0.030125,0.000316,0.247636,0.000628,0.715016,59.426979,9.584254,57.99366,12.369629,4.0,3.724e-05,8,706,0.26198,0.30788,0.01,0.0,100,0.125,0.13924,,,-0.01,0.01733,0.00679,-0.0091,0.00118,-0.01817,0.58
2568,2629632,72.36459,120.0,1.0,0.97,1.357812,-0.001931,0.007576,0.001587,0.274831,0.0113,0.880578,59.193977,8.941608,59.547459,9.63471,4.0,3.714e-05,6,720,0.28238,0.33226,0.01,0.0,100,0.0,0.39655,,,-0.01,0.0163,0.00852,-0.01092,0.00397,-0.01759,0.50707
2569,2630656,58.9151,164.4,0.9,0.96,1.350311,-0.001448,0.00915,0.001403,0.268907,0.003592,0.784856,61.809635,6.930765,62.255657,7.759409,4.0,3.704e-05,10,715,0.23685,0.29893,0.02,0.0,100,0.0,0.22857,,,-0.01,0.01636,0.01129,-0.01293,0.00582,-0.00521,0.74427
2570,2631680,53.81471,111.75,0.75,0.95,1.123504,-0.00072,0.028114,0.000687,0.236225,0.001883,0.657328,60.383888,8.82234,59.275536,10.893149,4.0,3.693e-05,4,780,0.24215,0.29726,0.02,0.0,100,0.25,0.5,,,-0.01,0.01764,0.01053,-0.01004,0.00344,-0.00263,0.30359
2571,2632704,71.04254,159.16667,1.0,0.95,1.247168,-0.001357,0.005136,0.000497,0.265188,0.000628,0.686607,62.880047,4.533425,62.8577,4.889984,4.0,3.683e-05,6,769,0.26194,0.34542,0.02,0.0,100,0.0,0.17424,,,-0.01,0.01124,0.02384,-0.0134,0.0055,-0.00476,0.54731
2572,2633728,56.81211,244.6,0.8,0.94,1.402418,-0.002012,0.006328,0.001378,0.282377,0.00858,0.78409,61.362373,5.764538,60.702793,6.445903,4.0,3.673e-05,5,736,0.2477,0.31554,0.03,0.0,100,0.0,0.15753,,,-0.01,0.01479,0.0163,-0.012,0.00273,-0.00745,0.32826
2573,2634752,71.32757,142.83333,1.0,0.94,1.50122,-0.000822,0.00673,0.000451,0.236782,0.000767,0.719289,60.770901,5.901616,61.608707,5.963332,4.0,3.663e-05,6,706,0.27673,0.33439,0.03,0.0,100,0.0,0.14894,,,-0.01,0.01778,0.01571,-0.00893,0.00535,-0.00677,0.4713
2574,2635776,62.88221,171.0,0.85714,0.93,1.385253,-0.001764,0.008017,0.001669,0.264661,0.01001,0.69382,61.440281,5.804216,61.595234,6.148882,4.0,3.652e-05,7,721,0.27571,0.34795,0.04,0.0,100,0.0,0.05419,,,-0.01,0.0161,0.02234,-0.01083,0.00252,-0.0063,0.50867
2575,2636800,72.28674,149.57143,1.0,0.94,1.473115,-0.000998,0.008891,0.000745,0.256145,0.0,0.643602,62.409573,5.183021,62.525196,6.021124,4.0,3.642e-05,7,700,0.24198,0.29358,0.04,0.0,100,0.0,0.17037,,,-0.01,0.02029,0.01701,-0.01055,0.00183,-0.0037,0.54284
2576,2637824,58.82373,157.16667,0.83333,0.93,1.184004,-0.000535,0.024302,0.00074,0.166878,7e-05,0.697719,59.521862,8.527237,59.077793,10.816304,4.0,3.632e-05,6,767,0.25084,0.33056,0.04,0.0,100,0.16667,0.15306,,,-0.01,0.01621,0.02481,-0.01053,-0.00039,-0.00408,0.48241
2577,2638848,63.58666,195.14286,0.85714,0.92,1.351743,-0.000669,0.00725,0.000197,0.223168,0.001011,0.721167,61.461357,5.924925,61.719063,6.096678,4.0,3.622e-05,7,721,0.27568,0.34455,0.05,0.0,100,0.0,0.09294,,,-0.01,0.01571,0.01771,-0.01101,0.00123,-0.00406,0.51492
2578,2639872,72.90881,153.0,1.0,0.92,1.486721,-0.001206,0.004292,0.000911,0.275709,0.002407,0.810796,63.072277,5.296147,63.511265,5.647454,4.0,3.612e-05,6,716,0.28255,0.34023,0.05,0.0,100,0.0,0.25157,,,-0.01,0.01795,0.02072,-0.00835,0.0082,-0.0037,0.48111
2579,2640896,71.95271,154.5,1.0,0.92,1.388655,-0.001544,0.005804,0.000936,0.273513,0.001674,0.726766,63.279594,5.001154,63.482769,5.521273,4.0,3.601e-05,6,705,0.25648,0.29915,0.05,0.0,100,0.16667,0.29661,,,-0.01,0.01952,0.01398,-0.00776,0.00325,-0.00399,0.48416
2580,2641920,72.14218,154.75,1.0,0.93,1.360546,-0.001876,0.005246,0.001031,0.274541,0.003767,0.776031,63.263428,5.730883,63.699768,5.844596,4.0,3.591e-05,8,709,0.24921,0.29762,0.04,0.0,100,0.0,0.14917,,,-0.01,0.01793,0.01543,-0.00914,0.00488,-0.0059,0.65439
2581,2642944,73.05894,122.875,1.0,0.93,1.413191,-0.001461,0.009164,0.001603,0.264686,0.006627,0.744639,62.779354,6.661658,62.895245,7.202796,4.0,3.581e-05,8,697,0.22362,0.27582,0.04,0.0,100,0.0,0.10256,,,-0.01,0.01752,0.01585,-0.00947,0.00185,-0.00316,0.63553
2582,2643968,64.09265,108.125,0.875,0.93,1.309136,-0.000443,0.025838,0.000658,0.17339,0.000314,0.604377,61.27702,6.929495,60.593811,9.757554,4.0,3.571e-05,8,711,0.24884,0.29266,0.04,0.0,100,0.125,0.21333,,,-0.01,0.01783,0.00674,-0.00759,0.00534,-0.00649,0.60324
2583,2644992,70.40895,162.0,1.0,0.93,1.119434,-0.000845,0.007982,0.000289,0.232297,0.001744,0.791785,59.536968,7.036333,59.630188,7.444085,4.0,3.56e-05,6,764,0.26892,0.31301,0.04,0.0,100,0.0,0.37931,,,-0.01,0.01786,0.00951,-0.00931,0.00072,-0.00642,0.58391
2584,2646016,72.35981,141.5,1.0,0.94,1.213647,-0.001605,0.005745,0.000835,0.272414,0.002197,0.870002,61.03019,7.486775,61.734566,7.993445,4.0,3.55e-05,6,737,0.26929,0.3128,0.03,0.0,100,0.0,0.22989,,,-0.01,0.01813,0.01452,-0.00896,0.00495,-0.0076,0.54272
2585,2647040,62.14972,159.0,0.875,0.94,1.326443,-0.00173,0.002658,0.001093,0.304073,0.000837,0.925903,63.216961,6.929302,63.766994,7.343394,4.0,3.54e-05,8,708,0.26106,0.30396,0.04,0.0,100,0.0,0.28676,,,-0.01,0.01912,0.01477,-0.00826,0.00513,-0.00634,0.57802
2586,2648064,73.59658,107.875,1.0,0.94,1.078459,-0.001272,0.007215,0.001047,0.231132,0.004325,0.709198,64.481728,6.045645,64.848099,5.995036,4.0,3.53e-05,8,756,0.23603,0.30949,0.04,0.0,100,0.0,0.1358,,,-0.01,0.01834,0.01974,-0.01044,0.00276,-0.00258,0.77731
2587,2649088,72.16136,159.77778,1.0,0.95,1.247497,-0.001129,0.005911,0.000989,0.221862,0.003627,0.767392,64.80069,5.72018,64.989792,6.098039,4.0,3.519e-05,9,715,0.20776,0.25121,0.03,0.0,100,0.0,0.15166,,,-0.01,0.01876,0.01459,-0.01268,0.00598,-0.0039,0.73787
2588,2650112,65.24212,107.22222,0.88889,0.95,1.307185,-0.000269,0.020496,0.0002,0.149197,7e-05,0.645886,65.55188,6.402518,65.295036,9.295835,4.0,3.509e-05,9,698,0.20996,0.24765,0.02,0.0,100,0.11111,0.12281,,,-0.01,0.02252,0.01336,-0.00866,0.00718,-0.00437,0.63854
2589,2651136,67.12788,113.63636,0.90909,0.95,1.310831,-8.9e-05,0.015069,0.000134,0.134304,0.0,0.672794,66.351891,5.313258,66.566803,8.560611,4.0,3.499e-05,11,707,0.2182,0.27121,0.02,0.0,100,0.09091,0.12883,,,-0.01,0.01938,0.0218,-0.00876,0.00829,-0.00377,0.80843
2590,2652160,73.65744,91.85714,1.0,0.96,1.450582,-0.001184,0.002269,0.000859,0.2646,0.000732,0.844172,67.102959,4.247412,67.196762,4.698959,4.0,3.489e-05,7,689,0.21112,0.25355,0.01,0.0,100,0.0,0.12121,,,-0.01,0.01813,0.01668,-0.0104,0.00619,-0.00573,0.52959
2591,2653184,65.66371,132.4,0.9,0.95,1.24262,-0.000438,0.021463,0.001072,0.199719,0.001256,0.725698,64.688278,7.26137,63.728325,10.77533,4.0,3.478e-05,10,719,0.22729,0.28675,0.01,0.0,100,0.1,0.14439,,,-0.01,0.01971,0.01667,-0.01003,0.00592,-0.00517,0.77314
2592,2654208,73.715,109.875,1.0,0.95,1.380359,-0.000671,0.003482,0.000253,0.243774,0.00143,0.649028,67.158195,3.643919,67.40197,3.715448,4.0,3.468e-05,8,693,0.21996,0.25598,0.01,0.0,100,0.0,0.18584,,,-0.01,0.02233,0.01518,-0.00814,0.00714,-0.00428,0.62361
2593,2655232,73.58014,120.44444,1.0,0.95,1.264745,-0.000576,0.009028,0.000362,0.208008,0.000244,0.557114,65.669868,5.474931,65.87751,5.479701,4.0,3.458e-05,9,722,0.22906,0.27512,0.01,0.0,100,0.0,0.07639,,,-0.01,0.01805,0.01832,-0.01002,0.00529,-0.00375,0.76706
2594,2656256,64.72178,107.55556,0.88889,0.95,1.301903,-0.000242,0.025753,0.000133,0.179621,0.00014,0.70636,64.466515,8.306499,63.612984,11.200976,4.0,3.448e-05,9,711,0.1997,0.23987,0.01,0.0,100,0.11111,0.20482,,,-0.01,0.01909,0.01291,-0.00982,0.00501,-0.00569,0.67227
2595,2657280,73.42626,126.0,1.0,0.95,1.254778,-0.001218,0.008085,0.000414,0.229232,0.000593,0.8105,65.013008,6.707218,64.684258,7.782473,4.0,3.437e-05,8,719,0.23441,0.29677,0.01,0.0,100,0.0,0.075,,,-0.01,0.01799,0.02372,-0.00848,0.00416,-0.00297,0.68122
2596,2658304,64.02504,124.0,0.875,0.94,1.250985,-0.000494,0.015221,0.000326,0.194529,0.0,0.743271,64.17775,6.356296,63.401882,9.192587,4.0,3.427e-05,8,727,0.24769,0.3018,0.01,0.0,100,0.125,0.11607,,,-0.01,0.02003,0.01302,-0.00879,0.00228,-0.00459,0.60783
2597,2659328,72.56882,121.0,1.0,0.95,1.374883,-0.000516,0.008062,0.000352,0.211431,0.001465,0.518529,64.438362,4.448506,64.639885,4.906362,4.0,3.417e-05,8,702,0.23901,0.28184,0.0,0.0,100,0.0,0.33333,,,-0.01,0.0187,0.01537,-0.00966,0.00443,-0.00336,0.64585
2598,2660352,72.89441,126.28571,1.0,0.95,1.246496,-0.000737,0.015048,0.000594,0.213975,0.000593,0.818519,60.678288,10.208539,60.126709,10.904751,4.0,3.407e-05,7,745,0.23983,0.29435,0.0,0.0,100,0.0,0.10619,,,-0.01,0.01521,0.01497,-0.0116,0.00176,-0.0035,0.62762
2599,2661376,72.32649,123.0,1.0,0.96,1.318905,-0.000331,0.012339,0.000488,0.206008,0.000453,0.759604,60.992352,8.900205,62.031475,8.546577,4.0,3.396e-05,8,719,0.22274,0.26353,0.0,0.0,100,0.125,0.13445,,,-0.01,0.01782,0.00979,-0.00752,0.00681,-0.00487,0.66434
2600,2662400,72.44791,129.36364,1.0,0.97,1.389267,-0.002475,0.003953,0.002944,0.335752,0.036551,0.714636,64.774437,4.454092,65.726784,4.408543,4.0,3.386e-05,11,697,0.22519,0.26907,0.0,0.0,100,0.0,0.34161,,,-0.01,0.01769,0.01536,-0.00743,0.00626,-0.00517,0.86079
2601,2663424,73.29071,124.57143,1.0,0.97,1.280597,-0.000864,0.007503,0.00046,0.239763,7e-05,0.848409,64.367348,7.546862,64.068062,8.330457,4.0,3.376e-05,7,725,0.22348,0.2666,0.0,0.0,100,0.0,0.10526,,,-0.01,0.02004,0.0158,-0.0076,0.00348,-0.004,0.59739
2602,2664448,72.71638,126.25,1.0,0.97,1.304003,-0.000111,0.00775,0.00015,0.204991,0.00014,0.631922,64.946075,6.636684,65.965813,5.680957,4.0,3.366e-05,8,719,0.22207,0.27135,0.0,0.0,100,0.0,0.24299,,,-0.01,0.01886,0.01742,-0.00856,0.00713,-0.00382,0.66368
2603,2665472,74.3095,94.2,1.0,0.97,1.404071,-0.000854,0.005254,0.000223,0.249833,0.000453,0.814884,65.653122,5.867516,65.175781,6.460915,4.0,3.356e-05,5,715,0.23429,0.29311,0.0,0.0,100,0.0,0.09804,,,-0.01,0.01692,0.02004,-0.01052,0.00426,-0.00562,0.4053
2604,2666496,56.05593,198.77778,0.77778,0.96,1.203162,-0.000537,0.027747,0.000374,0.203179,0.000105,0.670646,61.682346,8.367742,60.901638,11.050133,4.0,3.345e-05,9,748,0.22618,0.28927,0.01,0.0,100,0.11111,0.14286,,,-0.01,0.01644,0.02244,-0.01008,0.00105,-0.00467,0.62162
2605,2667520,73.75244,102.6,1.0,0.96,1.323267,-0.001005,0.003059,0.000301,0.257618,3.5e-05,0.740037,66.356422,4.045578,66.897064,4.145097,4.0,3.335e-05,10,698,0.21071,0.24917,0.01,0.0,100,0.0,0.24194,,,-0.01,0.02185,0.01315,-0.00911,0.00474,-0.00459,0.80067
2606,2668544,73.50679,117.28571,1.0,0.96,1.175327,-0.001083,0.006368,0.000691,0.262327,0.001221,0.780526,65.933823,6.005646,65.884377,6.392243,4.0,3.325e-05,7,727,0.21328,0.25467,0.01,0.0,100,0.0,0.12281,,,-0.01,0.02044,0.02024,-0.01199,0.00642,-0.00357,0.61188
2607,2669568,59.32625,108.45455,0.81818,0.95,1.202541,-0.000513,0.044505,0.000746,0.388959,0.001081,0.64163,64.0373,8.054473,61.549553,13.590367,4.0,3.315e-05,11,715,0.1938,0.23127,0.01,0.0,100,0.18182,0.2,,,-0.01,0.02148,0.01275,-0.00786,0.00122,-0.00571,0.76437
2608,2670592,73.81245,93.77778,1.0,0.96,1.192625,-0.000728,0.015761,0.000602,0.253663,0.001814,0.720886,60.906445,9.121971,61.385784,9.182059,4.0,3.304e-05,9,718,0.18791,0.22371,0.01,0.0,100,0.0,0.14085,,,-0.01,0.02187,0.01166,-0.01072,0.00465,-0.00561,0.77994
2609,2671616,66.78019,109.83333,0.91667,0.95,1.277243,-0.000469,0.020233,0.000512,0.185735,0.001953,0.749259,62.277924,7.33392,62.902794,10.74722,4.0,3.294e-05,12,701,0.19803,0.23281,0.01,0.0,100,0.08333,0.27027,,,-0.01,0.02028,0.01346,-0.00754,0.00695,-0.00643,0.90504
2610,2672640,74.62615,93.85714,1.0,0.95,1.351453,-0.001294,0.004404,0.000473,0.27128,0.0,0.803075,64.662071,5.047276,65.371246,5.623912,4.0,3.284e-05,7,695,0.21627,0.25027,0.01,0.0,100,0.0,0.09722,,,-0.01,0.02037,0.01901,-0.0083,0.00904,-0.00481,0.55498
2611,2673664,73.79154,110.38462,1.0,0.95,1.378921,-0.001092,0.003551,0.000575,0.311514,0.000523,0.747769,65.777657,4.52094,66.938644,4.370858,4.0,3.274e-05,13,679,0.20045,0.24402,0.01,0.0,100,0.0,0.15349,,,-0.01,0.02108,0.01752,-0.00848,0.00806,-0.00565,0.98738
2612,2674688,65.38665,107.55556,0.88889,0.94,1.218714,-0.000702,0.027228,0.00099,0.205615,0.002093,0.703041,64.99337,8.627534,64.314758,11.64666,4.0,3.263e-05,9,714,0.18624,0.22545,0.01,0.0,100,0.11111,0.18487,,,-0.01,0.02058,0.01523,-0.00766,0.00523,-0.00498,0.6674
2613,2675712,65.79892,102.88889,0.88889,0.93,1.183172,-0.000458,0.024946,0.000292,0.270681,0.001325,0.793401,63.391773,10.306774,61.889256,13.324834,4.0,3.253e-05,9,724,0.19424,0.23682,0.01,0.0,100,0.11111,0.20721,,,-0.01,0.02071,0.01427,-0.00823,0.00409,-0.00398,0.70281
2614,2676736,74.29538,93.625,1.0,0.93,1.141029,-0.000645,0.002336,0.000301,0.238319,3.5e-05,0.971717,61.147461,10.414248,61.742741,10.907472,4.0,3.243e-05,8,745,0.1938,0.24448,0.01,0.0,100,0.0,0.19792,,,-0.01,0.02168,0.01511,-0.00852,0.01025,-0.00547,0.73795
2615,2677760,63.42542,114.5,0.875,0.94,1.05687,-0.000777,0.037392,0.000396,0.357544,0.002407,0.76891,59.024899,12.981544,56.66029,15.335975,4.0,3.233e-05,8,754,0.18927,0.2281,0.0,0.0,100,0.125,0.20779,,,-0.01,0.02169,0.01048,-0.00731,-0.00064,-0.00457,0.68138
2616,2678784,51.68482,161.14286,0.71429,0.92,1.047926,-0.001078,0.031143,0.000842,0.239503,0.002686,0.802559,55.22744,14.200026,55.248352,15.189777,4.0,3.222e-05,7,752,0.18648,0.22452,0.01,0.0,100,0.28571,0.22222,,,-0.01,0.02359,0.01216,-0.0073,0.00367,-0.00409,0.49173
2617,2679808,63.18408,115.14286,0.85714,0.91,1.069111,-0.0006,0.033711,0.000389,0.294598,3.5e-05,0.750078,55.601685,11.863438,53.802586,13.707568,4.0,3.212e-05,7,768,0.215,0.27188,0.01,0.0,100,0.14286,0.14894,,,-0.01,0.01666,0.02061,-0.01183,-0.00061,-0.00339,0.59623
2618,2680832,63.50174,128.125,0.875,0.91,1.04783,-0.000698,0.027747,0.000512,0.241727,0.00143,0.693888,54.570881,10.462011,55.463249,11.372293,4.0,3.202e-05,8,757,0.20463,0.23504,0.01,0.0,100,0.125,0.19841,,,-0.01,0.02278,0.0107,-0.00648,0.00535,-0.0037,0.68151
2619,2681856,56.80487,165.44444,0.77778,0.9,1.01542,-0.000536,0.025446,0.000213,0.223282,0.001011,0.787616,55.448086,10.783142,55.958553,13.107718,4.0,3.192e-05,9,767,0.21507,0.27373,0.02,0.0,100,0.11111,0.32,,,-0.01,0.01971,0.01506,-0.00799,0.00471,-0.00478,0.70798
2620,2682880,73.17054,111.77778,1.0,0.91,1.395166,-0.000752,0.007421,0.000482,0.296416,0.003488,0.594764,61.395744,4.486982,62.918232,4.988442,4.0,3.181e-05,9,686,0.21514,0.25611,0.02,0.0,100,0.0,0.36567,,,-0.01,0.02087,0.0104,-0.00623,0.00681,-0.00491,0.6851
2621,2683904,73.17251,114.57143,1.0,0.91,1.129867,-0.001078,0.018608,0.000222,0.243129,0.000314,0.798623,59.128201,10.584291,58.995911,11.509721,4.0,3.171e-05,7,738,0.2132,0.26354,0.02,0.0,100,0.0,0.31333,,,-0.01,0.02065,0.015,-0.00868,0.00095,-0.00358,0.63749
2622,2684928,58.43339,113.4,0.8,0.89,1.156087,-0.000405,0.030094,0.000421,0.186384,0.001151,0.784049,59.324654,11.199723,58.879974,14.497788,4.0,3.161e-05,10,733,0.21143,0.26822,0.02,0.0,100,0.2,0.26119,,,-0.01,0.01846,0.01679,-0.00693,0.00147,-0.00466,0.72405
2623,2685952,65.71474,110.3,0.9,0.88,1.271371,-0.000516,0.019625,0.000205,0.244469,0.000279,0.765613,60.115959,8.969286,59.757942,10.92415,4.0,3.151e-05,10,713,0.21675,0.25364,0.02,0.0,100,0.1,0.37063,,,-0.01,0.01925,0.00842,-0.00804,0.00215,-0.00321,0.76459
2624,2686976,72.5595,130.4,1.0,0.88,1.093526,-0.00072,0.019394,0.000224,0.224354,0.000105,0.820732,56.574078,12.904179,57.495464,12.520528,4.0,3.14e-05,5,766,0.21412,0.26818,0.02,0.0,100,0.0,0.125,,,-0.01,0.01825,0.01938,-0.0085,0.00333,-0.0044,0.47843
2625,2688000,62.00874,162.5,0.875,0.88,1.092878,-0.00027,0.027286,0.000144,0.191786,7e-05,0.831792,56.325562,13.794521,56.653202,15.341363,4.0,3.13e-05,8,765,0.2117,0.27787,0.02,0.0,100,0.125,0.3027,,,-0.01,0.01659,0.02464,-0.01,0.00282,-0.00353,0.67225
2626,2689024,74.05035,121.2,1.0,0.89,1.259395,-0.001044,0.019259,0.000384,0.244495,0.000419,0.823856,58.601719,10.980956,58.66267,12.441953,4.0,3.12e-05,10,724,0.21072,0.26825,0.02,0.0,100,0.0,0.15111,,,-0.01,0.01747,0.01828,-0.00835,0.00316,-0.00373,0.85784
2627,2690048,59.13905,139.66667,0.83333,0.88,1.23662,-0.000789,0.018717,0.000696,0.183416,0.000105,0.832843,59.395512,11.040511,59.823341,12.597425,4.0,3.11e-05,6,735,0.22672,0.26628,0.02,0.0,100,0.16667,0.41935,,,-0.01,0.01746,0.00897,-0.01018,0.00197,-0.00299,0.43773
2628,2691072,72.87024,119.75,1.0,0.89,1.209704,-0.001985,0.011271,0.001115,0.305601,0.004743,0.878381,61.619328,10.540245,61.354065,11.538852,4.0,3.1e-05,4,745,0.27053,0.33978,0.02,0.0,100,0.0,0.28409,,,-0.01,0.01722,0.02772,-0.00958,0.00725,-0.00402,0.36822
2629,2692096,64.11204,156.0,0.875,0.9,1.241846,-0.000714,0.008553,0.000832,0.209086,0.000872,0.801118,62.183434,6.649575,62.77776,7.950807,4.0,3.089e-05,8,742,0.25149,0.32654,0.01,0.0,100,0.125,0.15179,,,-0.01,0.01631,0.02972,-0.00924,0.00571,-0.00374,0.6024
2630,2693120,65.2709,157.42857,0.85714,0.9,1.081637,-0.001074,0.016575,0.000293,0.294091,0.000698,0.867887,58.295906,12.269956,57.145264,13.32725,4.0,3.079e-05,7,765,0.24371,0.30639,0.02,0.0,100,0.0,0.15481,,,-0.01,0.01852,0.03047,-0.00956,0.00283,-0.00569,0.60173
2631,2694144,72.53844,138.33333,1.0,0.91,1.14886,-0.000419,0.014666,0.00083,0.271346,0.0,0.642046,59.94059,9.281766,61.813374,7.934262,4.0,3.069e-05,6,744,0.23517,0.30271,0.02,0.0,100,0.0,0.05405,,,-0.01,0.01744,0.03129,-0.01009,0.00793,-0.00336,0.55625
2632,2695168,73.82984,158.14286,1.0,0.93,1.285097,-0.00136,0.006474,0.000536,0.285456,0.002651,0.817622,63.921761,6.919366,64.178383,7.167267,4.0,3.059e-05,7,721,0.24744,0.31186,0.01,0.0,100,0.0,0.12955,,,-0.01,0.01479,0.02779,-0.01107,0.00721,-0.00347,0.58688
2633,2696192,74.19791,141.5,1.0,0.93,1.198246,-0.001768,0.012498,0.002228,0.272367,0.022879,0.781448,62.658184,8.609787,62.472157,8.982472,4.0,3.048e-05,8,736,0.22891,0.29222,0.01,0.0,100,0.0,0.04306,,,-0.01,0.01886,0.02494,-0.00779,0.00083,-0.00417,0.71799
2634,2697216,71.96639,189.2,1.0,0.93,0.962566,-0.000929,0.014675,0.000652,0.227519,0.001221,0.864803,56.285755,12.345675,56.092293,12.753374,4.0,3.038e-05,5,802,0.22981,0.29741,0.01,0.0,100,0.0,0.13609,,,-0.01,0.01511,0.01889,-0.01054,0.00115,-0.00328,0.54861
2635,2698240,71.31101,169.85714,1.0,0.93,1.134321,-0.001223,0.009171,0.000702,0.254109,0.001674,0.878283,59.281101,10.310528,60.204144,10.257203,4.0,3.028e-05,7,757,0.21564,0.26765,0.01,0.0,100,0.0,0.24551,,,-0.01,0.01741,0.01269,-0.00922,0.00558,-0.00274,0.64866
2636,2699264,73.40236,106.14286,1.0,0.95,1.215312,-0.00057,0.013256,0.00021,0.258282,0.0,0.787532,61.318176,9.433569,61.284939,9.53141,4.0,3.018e-05,7,742,0.21274,0.24915,0.01,0.0,100,0.0,0.26437,,,-0.01,0.019,0.01143,-0.00678,0.00373,-0.00325,0.63161
2637,2700288,62.2501,177.57143,0.85714,0.95,0.991924,-0.000765,0.022303,0.000457,0.244374,7e-05,0.808846,57.290684,13.129929,56.910683,13.111322,4.0,3.007e-05,7,797,0.2125,0.28891,0.02,0.0,100,0.0,0.15385,,,-0.01,0.01555,0.02693,-0.0092,-0.00077,-0.00498,0.64723
2638,2701312,53.78042,142.625,0.75,0.93,1.258975,-0.000726,0.02735,0.001592,0.219732,0.007673,0.715607,61.150139,8.428302,60.641705,12.217622,4.0,2.997e-05,8,721,0.19779,0.24571,0.02,0.0,100,0.25,0.16949,,,-0.01,0.01826,0.01677,-0.00856,0.00271,-0.00276,0.50061
2639,2702336,73.50409,124.55556,1.0,0.94,1.247139,-0.000904,0.008064,0.000133,0.259891,0.000209,0.678173,63.82394,5.812156,64.481934,5.950372,4.0,2.987e-05,9,735,0.24419,0.31808,0.02,0.0,100,0.0,0.12069,,,-0.01,0.01522,0.02818,-0.01252,0.00571,-0.00378,0.78404
2640,2703360,73.8163,158.8,1.0,0.94,1.227256,-0.000901,0.007703,0.000285,0.238994,0.000209,0.781803,62.638256,6.622744,62.558582,7.067602,4.0,2.977e-05,5,745,0.22401,0.28753,0.02,0.0,100,0.0,0.08333,,,-0.01,0.01845,0.02167,-0.00844,0.00334,-0.00418,0.43903
2641,2704384,71.43247,155.4,1.0,0.94,1.169615,-0.001646,0.005496,0.001126,0.257998,0.005406,0.798643,63.737148,6.025521,64.079514,6.283837,4.0,2.966e-05,5,760,0.23633,0.31894,0.02,0.0,100,0.0,0.2037,,,-0.01,0.01568,0.02919,-0.01052,0.00475,-0.00189,0.46354
2642,2705408,73.27656,169.57143,1.0,0.95,1.244558,-0.00107,0.007561,0.000229,0.246002,3.5e-05,0.808339,64.036751,7.173231,64.218285,7.540051,4.0,2.956e-05,7,749,0.2319,0.32349,0.02,0.0,100,0.0,0.09664,,,-0.01,0.0146,0.03413,-0.01188,0.00388,-0.00309,0.6078
2643,2706432,73.0868,164.71429,1.0,0.96,1.297076,-0.000761,0.007887,0.000795,0.217858,0.00014,0.787271,63.569004,7.233342,63.817425,7.244232,4.0,2.946e-05,7,739,0.22679,0.30574,0.02,0.0,100,0.0,0.10329,,,-0.01,0.0161,0.02975,-0.01149,0.00321,-0.00285,0.59441
2644,2707456,73.12877,166.125,1.0,0.96,1.382653,-0.0005,0.006571,0.000299,0.226267,0.000279,0.77098,64.226067,6.734982,64.877495,6.444659,4.0,2.936e-05,8,712,0.20627,0.26495,0.02,0.0,100,0.0,0.06792,,,-0.01,0.01629,0.01939,-0.01026,0.00349,-0.00275,0.63594
2645,2708480,73.38271,112.0,1.0,0.97,0.916674,-0.000714,0.022134,0.000298,0.244042,0.001709,0.777085,58.421745,12.171151,57.417625,12.011786,4.0,2.925e-05,4,815,0.23492,0.30842,0.01,0.0,100,0.0,0.10145,,,-0.01,0.01888,0.01873,-0.008,-0.00244,-0.00315,0.49003
2646,2709504,61.6058,166.625,0.875,0.96,1.115649,-0.000245,0.026688,0.0003,0.162518,7e-05,0.634785,61.09507,7.624575,60.654514,10.097259,4.0,2.915e-05,8,768,0.23063,0.29432,0.01,0.0,100,0.125,0.43182,,,-0.01,0.01768,0.01877,-0.00794,0.00191,-0.00345,0.693
2647,2710528,74.20275,171.2,1.0,0.96,1.155948,-0.000726,0.007704,0.000724,0.245113,0.000105,0.850235,62.288464,7.824677,62.194698,8.572951,4.0,2.905e-05,5,773,0.24444,0.3334,0.01,0.0,100,0.0,0.04217,,,-0.01,0.01441,0.03241,-0.00998,0.00377,-0.00244,0.47586
2648,2711552,72.02393,165.875,1.0,0.96,1.202928,-0.000653,0.004357,0.000162,0.265359,0.000593,0.88429,62.056393,7.260459,62.924648,7.225541,4.0,2.895e-05,8,752,0.22344,0.29464,0.01,0.0,100,0.0,0.17727,,,-0.01,0.01495,0.02558,-0.01115,0.00569,-0.00304,0.72553
2649,2712576,72.36286,176.2,1.0,0.96,1.242348,-0.001587,0.011511,0.001045,0.248161,0.003802,0.689659,64.206177,7.205342,64.182632,7.263726,4.0,2.884e-05,5,739,0.23336,0.30499,0.01,0.0,100,0.0,0.13924,,,-0.01,0.0181,0.02368,-0.00944,0.00285,-0.00428,0.4402
2650,2713600,72.76606,153.0,1.0,0.96,1.207097,-0.000692,0.006343,0.000427,0.212477,0.001744,0.841367,63.626545,7.231393,63.35891,7.517679,4.0,2.874e-05,6,746,0.22053,0.2996,0.01,0.0,100,0.0,0.07947,,,-0.01,0.0166,0.02306,-0.01058,0.0023,-0.00257,0.54037
2651,2714624,64.25429,155.55556,0.88889,0.96,1.02444,-0.00091,0.028557,0.000509,0.256121,0.000419,0.743266,60.353107,9.492989,59.340679,12.487487,4.0,2.864e-05,9,781,0.20962,0.28143,0.0,0.0,100,0.11111,0.17742,,,-0.01,0.01779,0.02408,-0.00786,-0.0004,-0.00376,0.81506
2652,2715648,61.02689,126.0,0.83333,0.95,1.284906,-7.4e-05,0.021674,0.000137,0.201352,0.0,0.739908,60.838387,9.043369,59.986504,11.30326,4.0,2.854e-05,6,733,0.22033,0.27546,0.0,0.0,100,0.16667,0.16667,,,-0.01,0.01912,0.01205,-0.01019,0.00066,-0.00279,0.43758
2653,2716672,58.66382,166.0,0.8,0.96,1.078898,-0.000719,0.025396,0.000277,0.265219,0.00014,0.859825,52.975018,14.319568,51.569561,15.822442,4.0,2.844e-05,5,776,0.21317,0.27318,0.0,0.0,100,0.2,0.10294,,,-0.01,0.01845,0.00548,-0.00789,0.00193,-0.00274,0.40487
2654,2717696,60.0259,142.83333,0.83333,0.95,1.123554,-0.000522,0.01814,0.000279,0.170777,7e-05,0.76308,57.708183,9.334784,58.475777,10.344529,4.0,2.833e-05,6,761,0.23463,0.3172,0.0,0.0,100,0.16667,0.21538,,,-0.01,0.01797,0.02722,-0.01162,0.004,-0.0033,0.48297
2655,2718720,61.6276,196.28571,0.85714,0.94,1.203911,-0.00135,0.004964,0.00109,0.244938,0.00572,0.83712,61.162601,6.070435,61.682346,6.509833,4.0,2.823e-05,7,740,0.236,0.3154,0.01,0.0,100,0.0,0.35088,,,-0.01,0.01642,0.02293,-0.01077,0.00402,-0.0043,0.53992
2656,2719744,72.58272,154.33333,1.0,0.94,1.222281,-0.001949,0.008742,0.000669,0.275647,0.003523,0.802467,62.417431,7.228794,62.461296,7.903919,4.0,2.813e-05,6,730,0.21955,0.29732,0.01,0.0,100,0.0,0.20225,,,-0.01,0.01861,0.01723,-0.00813,0.00303,-0.00485,0.51335
2657,2720768,71.11853,155.4,1.0,0.94,0.936924,-0.000414,0.011758,0.000179,0.265219,0.000174,0.780553,59.98225,8.154738,59.088505,8.822513,4.0,2.803e-05,5,808,0.24268,0.33844,0.01,0.0,100,0.0,0.44118,,,-0.01,0.01709,0.02778,-0.01066,-0.00166,-0.00239,0.55379
2658,2721792,64.37491,150.44444,0.88889,0.93,1.077208,-0.000363,0.017319,0.000226,0.190497,0.000105,0.834444,57.944458,9.780121,58.115791,12.111328,4.0,2.792e-05,9,762,0.1821,0.25077,0.01,0.0,100,0.11111,0.15351,,,-0.01,0.01695,0.01816,-0.01108,0.00482,-0.00318,0.75115
2659,2722816,73.90167,127.42857,1.0,0.93,1.084004,-0.000607,0.004899,0.000148,0.243318,3.5e-05,0.879194,59.763912,6.853704,60.621796,7.587445,4.0,2.782e-05,7,772,0.19661,0.26247,0.01,0.0,100,0.0,0.2619,,,-0.01,0.01923,0.01693,-0.00889,0.00911,-0.00367,0.67936
2660,2723840,66.22967,150.63636,0.90909,0.92,1.198014,-0.000653,0.009066,0.000202,0.241338,0.0,0.664088,62.607998,6.420133,63.741337,6.136778,4.0,2.772e-05,11,726,0.18413,0.23634,0.02,0.0,100,0.0,0.36066,,,-0.01,0.01904,0.01218,-0.00962,0.00555,-0.00381,0.85819
2661,2724864,73.79392,100.875,1.0,0.93,1.273375,-0.00099,0.01451,0.000516,0.26334,0.001081,0.690313,64.873604,6.512393,64.249382,8.063705,4.0,2.762e-05,8,707,0.18529,0.24673,0.02,0.0,100,0.0,0.22881,,,-0.01,0.01961,0.01494,-0.00969,0.00394,-0.00349,0.65056
2662,2725888,71.78698,134.66667,1.0,0.93,1.019574,-0.000368,0.015822,0.000142,0.232136,0.0,0.739965,59.029865,11.226754,60.110909,9.838814,4.0,2.751e-05,6,778,0.16988,0.23381,0.02,0.0,100,0.0,0.3038,,,-0.01,0.02112,0.01263,-0.01034,0.00426,-0.00529,0.60448
2663,2726912,72.17985,134.9,1.0,0.93,1.14203,-0.000518,0.014456,0.00038,0.272887,3.5e-05,0.659017,62.593128,8.386319,63.807068,7.981102,4.0,2.741e-05,10,743,0.19856,0.27337,0.02,0.0,100,0.0,0.24444,,,-0.01,0.01795,0.01844,-0.01139,0.00661,-0.00358,0.91674
2664,2727936,65.88701,112.5,0.9,0.92,1.249226,-0.000427,0.026311,0.000416,0.204062,0.000349,0.711955,63.998615,8.322124,63.168194,11.340069,4.0,2.731e-05,10,723,0.18616,0.25485,0.02,0.0,100,0.1,0.28221,,,-0.01,0.01797,0.01529,-0.0087,0.00179,-0.00449,0.76601
2665,2728960,60.39093,109.0,0.83333,0.92,1.19329,-0.000482,0.024887,0.00059,0.244693,0.001221,0.722104,62.78735,8.37822,61.36549,11.432858,4.0,2.721e-05,6,736,0.19017,0.25475,0.02,0.0,100,0.16667,0.29333,,,-0.01,0.01966,0.0111,-0.0089,0.00156,-0.00373,0.44407
2666,2729984,73.23745,106.77778,1.0,0.94,1.22004,-0.000388,0.005184,0.000174,0.258265,0.0,0.808522,62.795341,5.814194,63.737156,6.1373,4.0,2.71e-05,9,727,0.18036,0.2456,0.02,0.0,100,0.0,0.30657,,,-0.01,0.01809,0.01271,-0.00996,0.00715,-0.00304,0.78115
2667,2731008,73.07438,128.44444,1.0,0.96,1.182784,-0.00053,0.008203,0.000153,0.19683,3.5e-05,0.824722,63.237404,7.78431,63.517735,8.054576,4.0,2.7e-05,9,731,0.17788,0.24692,0.01,0.0,100,0.0,0.2029,,,-0.01,0.01978,0.01594,-0.00724,0.00563,-0.0049,0.78909
2668,2732032,71.92221,126.57143,1.0,0.96,1.18379,-0.000492,0.009948,0.000312,0.209112,0.000244,0.545326,64.856743,5.383318,64.991234,5.582629,4.0,2.69e-05,7,733,0.19725,0.26127,0.01,0.0,100,0.0,0.35577,,,-0.01,0.02066,0.00946,-0.00742,0.00097,-0.00346,0.62372
2669,2733056,72.7345,143.0,1.0,0.96,1.045794,-0.000633,0.007289,0.000183,0.198566,0.000384,0.777188,63.695381,7.339156,63.915333,7.115288,4.0,2.68e-05,6,789,0.22709,0.32777,0.01,0.0,100,0.0,0.26772,,,-0.01,0.01367,0.0334,-0.01394,0.00688,-0.00389,0.61079
2670,2734080,73.10488,139.33333,1.0,0.97,1.316447,-0.001122,0.003575,0.000577,0.274434,0.002616,0.791639,65.736389,4.783515,66.119621,5.035655,4.0,2.669e-05,6,723,0.19868,0.27226,0.01,0.0,100,0.0,0.11348,,,-0.01,0.01806,0.01992,-0.00949,0.0076,-0.00351,0.48917
2671,2735104,63.35333,171.71429,0.85714,0.96,1.20799,-0.001173,0.013423,0.000664,0.303945,0.002023,0.794041,63.12574,8.485608,61.854282,9.386216,4.0,2.659e-05,7,747,0.20146,0.27596,0.02,0.0,100,0.0,0.25751,,,-0.01,0.01477,0.01801,-0.01044,-0.00129,-0.00365,0.54487
2672,2736128,56.19984,148.44444,0.77778,0.94,1.089915,-0.000306,0.039232,0.000233,0.28227,0.001186,0.667432,60.456501,8.897144,58.606815,13.159418,4.0,2.649e-05,9,771,0.19151,0.27484,0.02,0.0,100,0.22222,0.16667,,,-0.01,0.01819,0.01382,-0.00708,0.0028,-0.00476,0.68743
2673,2737152,57.89148,118.4,0.8,0.94,1.061554,-0.000518,0.016991,0.000361,0.178729,0.000279,0.789286,59.58791,8.300412,58.913643,11.034458,4.0,2.639e-05,5,780,0.19154,0.26224,0.01,0.0,100,0.2,0.36765,,,-0.01,0.01654,0.01118,-0.0088,0.00467,-0.0047,0.40214
2674,2738176,61.46093,175.57143,0.85714,0.93,1.116419,-0.001224,0.007603,0.00035,0.238128,0.00014,0.797244,60.855965,6.623212,61.320545,7.188795,4.0,2.628e-05,7,766,0.20475,0.28662,0.02,0.0,100,0.0,0.48182,,,-0.01,0.01723,0.0176,-0.00947,0.00747,-0.00302,0.57228
2675,2739200,73.83004,119.16667,1.0,0.93,1.151686,-0.001038,0.006297,0.000451,0.236628,0.00293,0.894548,61.166172,8.289631,61.118385,9.122058,4.0,2.618e-05,6,763,0.22474,0.32089,0.02,0.0,100,0.0,0.13793,,,-0.01,0.0148,0.02535,-0.01221,0.00518,-0.00327,0.5656
2676,2740224,60.5013,157.09091,0.81818,0.91,1.32333,-0.000364,0.022465,8.2e-05,0.174816,3.5e-05,0.652043,62.511196,6.490612,62.627216,9.732855,4.0,2.608e-05,11,702,0.19348,0.25565,0.03,0.0,100,0.09091,0.21122,,,-0.01,0.01723,0.01622,-0.00848,0.00664,-0.0044,0.7266
2677,2741248,73.76859,111.85714,1.0,0.91,1.259413,-0.000926,0.006321,0.000237,0.236617,3.5e-05,0.837477,62.784756,6.320808,62.995625,7.356323,4.0,2.598e-05,7,720,0.20475,0.2821,0.03,0.0,100,0.0,0.18548,,,-0.01,0.01498,0.01795,-0.00984,0.00497,-0.00318,0.59183
2678,2742272,73.81281,127.8,1.0,0.92,1.306388,-0.001066,0.006326,0.000792,0.244455,0.000663,0.934122,60.631004,10.939326,60.39883,11.620948,4.0,2.588e-05,5,726,0.20991,0.27449,0.03,0.0,100,0.0,0.14912,,,-0.01,0.01638,0.01214,-0.00702,0.0065,-0.00372,0.41981
2679,2743296,50.68116,179.57143,0.71429,0.91,1.161582,-0.000281,0.020256,0.000209,0.224623,3.5e-05,0.858447,57.825165,12.449201,56.796673,14.386184,4.0,2.577e-05,7,761,0.19974,0.28156,0.04,0.0,100,0.14286,0.48092,,,-0.01,0.01312,0.01551,-0.01097,0.0032,-0.00208,0.46764
2680,2744320,73.16488,162.4,1.0,0.91,1.289519,-0.001029,0.006305,0.000559,0.259387,0.00014,0.863337,60.483917,7.624772,60.703266,8.016052,4.0,2.567e-05,5,741,0.2217,0.30317,0.04,0.0,100,0.0,0.09884,,,-0.01,0.01491,0.02281,-0.0096,0.00445,-0.00261,0.4246
2681,2745344,63.91027,181.625,0.875,0.9,1.280503,-0.000439,0.010816,0.000195,0.263131,0.000244,0.843884,59.632622,9.373046,59.71085,9.879915,4.0,2.557e-05,8,729,0.19317,0.26212,0.05,0.0,100,0.0,0.31799,,,-0.01,0.01686,0.01615,-0.00738,0.00474,-0.00456,0.59054
2682,2746368,51.85031,145.14286,0.71429,0.88,1.163806,-0.000416,0.027586,0.000645,0.232704,3.5e-05,0.792316,59.897408,9.973619,58.653542,14.068369,4.0,2.547e-05,7,752,0.18501,0.25865,0.05,0.0,100,0.28571,0.2439,,,-0.01,0.01639,0.01999,-0.00924,0.00679,-0.00512,0.45514
2683,2747392,73.24894,127.25,1.0,0.88,1.256982,-0.001021,0.021305,0.001092,0.22276,0.003697,0.681712,60.002354,8.800807,60.29356,9.524415,4.0,2.536e-05,8,725,0.19079,0.26083,0.05,0.0,100,0.0,0.15504,,,-0.01,0.01954,0.01949,-0.00724,0.00599,-0.00803,0.68246
2684,2748416,74.05955,118.16667,1.0,0.88,1.212973,-0.000555,0.009291,0.000271,0.230534,0.0,0.920787,55.935383,12.235855,55.816292,12.909229,4.0,2.526e-05,6,755,0.18741,0.25695,0.05,0.0,100,0.0,0.11881,,,-0.01,0.01454,0.01967,-0.0093,0.0036,-0.00738,0.5493
2685,2749440,59.58101,173.66667,0.83333,0.87,1.240648,-0.000636,0.012471,0.000126,0.210562,0.0,0.837497,59.129333,8.640293,59.541401,10.379044,4.0,2.516e-05,6,745,0.20109,0.2785,0.05,0.0,100,0.16667,0.08383,,,-0.01,0.01654,0.02539,-0.00622,0.00626,-0.00536,0.42648
2686,2750464,63.21275,186.14286,0.85714,0.88,1.25228,-0.001073,0.007516,0.000493,0.24496,0.000872,0.782417,60.93671,6.387046,61.558586,6.977407,4.0,2.506e-05,7,731,0.2052,0.27314,0.05,0.0,100,0.0,0.15698,,,-0.01,0.0192,0.02319,-0.00837,0.00691,-0.00448,0.50412
2687,2751488,74.38127,131.75,1.0,0.9,1.34886,-0.000775,0.013309,0.000214,0.267737,0.000105,0.77418,62.530193,8.098898,62.55497,9.072482,4.0,2.495e-05,8,701,0.18403,0.25194,0.05,0.0,100,0.0,0.08696,,,-0.01,0.01869,0.01851,-0.00808,0.00547,-0.004,0.61651
2688,2752512,65.07342,116.88889,0.88889,0.9,1.196251,-0.00045,0.021087,0.000285,0.178562,0.000209,0.80079,61.728146,9.69627,61.635235,12.244284,4.0,2.485e-05,9,723,0.17691,0.2372,0.04,0.0,100,0.11111,0.16912,,,-0.01,0.01892,0.01712,-0.00857,0.00694,-0.00466,0.68481
2689,2753536,67.85079,101.0,0.91667,0.9,1.33523,-0.000211,0.015162,0.000241,0.169001,0.000523,0.837743,62.741692,8.744519,63.106426,11.663252,4.0,2.475e-05,12,694,0.18004,0.24047,0.04,0.0,100,0.08333,0.1871,,,-0.01,0.01971,0.01712,-0.00691,0.00558,-0.00641,0.86582
2690,2754560,65.38304,114.0,0.88889,0.9,1.209985,-0.000765,0.012773,0.000676,0.197305,0.00014,0.887434,62.3885,9.987949,62.23658,12.829271,4.0,2.465e-05,9,717,0.18995,0.25446,0.03,0.0,100,0.11111,0.21854,,,-0.01,0.02068,0.0174,-0.00728,0.00376,-0.00338,0.67909
2691,2755584,74.01434,109.625,1.0,0.9,1.218356,-0.001022,0.010775,0.001132,0.215693,0.00286,0.6913,63.473785,6.795644,64.131859,6.941792,4.0,2.454e-05,8,729,0.21738,0.30098,0.03,0.0,100,0.0,0.18321,,,-0.01,0.0175,0.02471,-0.00876,0.00912,-0.00318,0.6926
2692,2756608,73.58504,150.6,1.0,0.91,1.230939,-0.001024,0.014406,0.00101,0.255233,0.002546,0.762827,64.152016,8.519579,63.626312,9.227209,4.0,2.444e-05,5,731,0.20608,0.28512,0.03,0.0,100,0.0,0.10135,,,-0.01,0.01749,0.02619,-0.00804,0.00146,-0.00468,0.42515
2693,2757632,65.16118,134.55556,0.88889,0.91,1.100808,-0.00033,0.013985,0.000484,0.189989,0.000244,0.860621,61.400921,9.281609,60.841034,11.888762,4.0,2.434e-05,9,754,0.21068,0.30029,0.02,0.0,100,0.11111,0.1641,,,-0.01,0.01738,0.02561,-0.00796,0.00443,-0.00363,0.75539
2694,2758656,72.71226,150.83333,1.0,0.92,1.171251,-0.00045,0.007435,0.000134,0.206157,3.5e-05,0.82963,61.703575,7.729643,62.288383,7.748351,4.0,2.424e-05,6,748,0.20273,0.27316,0.01,0.0,100,0.0,0.125,,,-0.01,0.01881,0.02486,-0.01225,0.00526,-0.00219,0.53788
2695,2759680,74.09357,141.57143,1.0,0.94,1.294096,-0.00094,0.01068,0.0004,0.247957,0.000523,0.697444,63.947197,6.30411,63.797821,7.02282,4.0,2.413e-05,7,714,0.2045,0.28325,0.01,0.0,100,0.0,0.16346,,,-0.01,0.02019,0.01816,-0.00701,0.00503,-0.0054,0.56935
2696,2760704,64.08577,144.75,0.875,0.93,1.156546,-0.000565,0.011721,0.000288,0.209943,3.5e-05,0.928442,59.732067,13.285673,59.456844,15.113789,4.0,2.403e-05,8,760,0.20963,0.29836,0.01,0.0,100,0.125,0.15736,,,-0.01,0.016,0.03151,-0.01059,0.00398,-0.00523,0.6485
2697,2761728,73.44065,126.75,1.0,0.94,1.250149,-0.000913,0.012203,0.000549,0.229428,0.002441,0.763369,62.196163,7.714191,62.069344,8.438975,4.0,2.393e-05,8,727,0.20913,0.2741,0.01,0.0,100,0.0,0.17197,,,-0.01,0.01922,0.01651,-0.00814,0.00438,-0.00453,0.69988
2698,2762752,71.76526,158.0,1.0,0.95,1.142226,-0.000383,0.018451,0.0002,0.22028,0.0,0.835377,58.014362,12.275887,57.911598,12.612124,4.0,2.383e-05,6,755,0.20092,0.26598,0.0,0.0,100,0.0,0.16239,,,-0.01,0.02029,0.01504,-0.0099,0.00217,-0.00595,0.56203
2699,2763776,61.77949,145.71429,0.85714,0.94,1.247335,-0.000777,0.020901,0.000822,0.192149,0.000732,0.643856,61.203083,7.317114,60.701103,9.014735,4.0,2.372e-05,7,725,0.2266,0.29336,0.0,0.0,100,0.14286,0.23649,,,-0.01,0.01932,0.01146,-0.00739,0.00326,-0.00322,0.52069
2700,2764800,72.47295,155.0,1.0,0.94,1.126858,-0.001248,0.014618,0.000561,0.228135,0.003523,0.887298,55.441589,13.126904,55.598843,13.687081,4.0,2.362e-05,7,763,0.23404,0.30021,0.0,0.0,100,0.0,0.25767,,,-0.01,0.01699,0.01733,-0.0088,0.00176,-0.0032,0.66785
2701,2765824,61.37703,110.16667,0.83333,0.94,1.234277,-0.000359,0.013558,0.000149,0.207327,0.000349,0.902868,57.960167,11.895284,58.080212,13.98,4.0,2.352e-05,6,732,0.23461,0.30385,0.0,0.0,100,0.16667,0.25373,,,-0.01,0.01792,0.01522,-0.00812,0.00593,-0.00251,0.43761
2702,2766848,62.23039,181.28571,0.85714,0.93,1.213985,-0.000634,0.012494,0.000273,0.215163,0.001116,0.871821,59.102165,11.111397,59.333286,11.568469,4.0,2.342e-05,7,742,0.22668,0.29888,0.01,0.0,100,0.0,0.3122,,,-0.01,0.01862,0.01963,-0.00768,0.00294,-0.00321,0.53578
2703,2767872,73.02261,125.25,1.0,0.94,1.18976,-0.001242,0.022457,0.000604,0.244611,0.001325,0.669777,60.915485,8.948921,60.50069,9.836353,4.0,2.332e-05,8,740,0.21899,0.30815,0.01,0.0,100,0.0,0.30075,,,-0.01,0.01693,0.02373,-0.00922,0.00043,-0.00296,0.72428
2704,2768896,62.32868,137.0,0.85714,0.94,1.076975,-0.000115,0.021336,0.000193,0.160672,0.0,0.817147,57.405003,11.694013,58.050205,12.806274,4.0,2.321e-05,7,757,0.20585,0.29201,0.01,0.0,100,0.14286,0.19708,,,-0.01,0.01721,0.02682,-0.01165,0.00432,-0.00329,0.57728
2705,2769920,73.40285,161.88889,1.0,0.94,1.319926,-0.001534,0.012115,0.00093,0.263089,0.00422,0.650835,62.450153,5.947488,63.004002,6.889186,4.0,2.311e-05,9,700,0.20794,0.27271,0.01,0.0,100,0.0,0.08621,,,-0.01,0.0202,0.01834,-0.00698,0.00381,-0.0036,0.71421
2706,2770944,73.15463,118.28571,1.0,0.94,1.22279,-0.000712,0.011839,0.000504,0.248145,0.000105,0.750402,61.442585,9.387433,62.639362,8.275743,4.0,2.301e-05,7,720,0.19349,0.25984,0.01,0.0,100,0.0,0.25556,,,-0.01,0.02096,0.01332,-0.00689,0.00529,-0.00414,0.60979
2707,2771968,73.78315,117.125,1.0,0.95,1.224926,-0.000968,0.015097,0.000469,0.255811,0.000837,0.71796,64.519714,7.407319,64.813705,8.578667,4.0,2.291e-05,8,725,0.20894,0.2795,0.01,0.0,100,0.0,0.19565,,,-0.01,0.01953,0.02152,-0.00779,0.00655,-0.00261,0.69078
2708,2772992,65.76766,117.7,0.9,0.94,1.277369,-3.2e-05,0.016336,0.000125,0.149556,0.0,0.792828,64.949303,8.393975,65.096184,10.75106,4.0,2.28e-05,10,708,0.18388,0.2509,0.01,0.0,100,0.1,0.19048,,,-0.01,0.01783,0.01617,-0.0092,0.00432,-0.00472,0.73421
2709,2774016,73.65421,109.2,1.0,0.95,1.300396,-0.000895,0.004128,0.00074,0.273024,0.000419,0.751363,66.261055,5.199283,67.103996,4.843452,4.0,2.27e-05,10,696,0.18048,0.2449,0.01,0.0,100,0.0,0.20253,,,-0.01,0.01999,0.01628,-0.00802,0.00671,-0.00402,0.80089
2710,2775040,74.01951,100.625,1.0,0.95,1.303201,-0.000895,0.004172,0.000616,0.241188,0.003557,0.725899,67.484749,4.936478,67.831863,4.679338,4.0,2.26e-05,8,706,0.18787,0.25141,0.01,0.0,100,0.0,0.21495,,,-0.01,0.01934,0.01711,-0.00843,0.005,-0.00317,0.65063
2711,2776064,73.70679,110.77778,1.0,0.96,1.276392,-0.000485,0.00941,0.000173,0.21323,0.000384,0.885942,64.911385,10.25687,64.852364,10.823734,4.0,2.25e-05,9,713,0.19332,0.2473,0.01,0.0,100,0.0,0.14394,,,-0.01,0.02027,0.01156,-0.00775,0.00944,-0.00566,0.7503
2712,2777088,73.81709,106.83333,1.0,0.96,1.066678,-0.000906,0.010812,0.000247,0.280324,0.0,0.902432,61.568325,11.859546,60.473774,12.374917,4.0,2.239e-05,6,766,0.21225,0.27943,0.01,0.0,100,0.0,0.15663,,,-0.01,0.01834,0.01739,-0.0099,-0.00011,-0.00639,0.59795
2713,2778112,57.01152,181.0,0.8,0.95,1.161126,-0.0003,0.012302,0.000136,0.185288,0.0,0.847005,62.031975,9.202003,62.434029,10.578934,4.0,2.229e-05,10,741,0.19005,0.25189,0.02,0.0,100,0.1,0.2268,,,-0.01,0.01836,0.01557,-0.00942,0.0048,-0.00571,0.70715
2714,2779136,73.79133,96.33333,1.0,0.96,1.367059,-0.000768,0.00342,0.000958,0.241441,0.000314,0.741405,67.265228,4.27914,67.753418,4.288245,4.0,2.219e-05,9,684,0.18543,0.23815,0.01,0.0,100,0.0,0.24107,,,-0.01,0.02173,0.0127,-0.00873,0.00893,-0.00446,0.69296
2715,2780160,73.90003,112.375,1.0,0.97,1.201474,-0.000353,0.003362,0.000211,0.237367,0.000244,0.746316,67.647682,4.19525,67.762001,4.331427,4.0,2.209e-05,8,732,0.20946,0.28834,0.01,0.0,100,0.0,0.1791,,,-0.01,0.01708,0.02521,-0.00954,0.00499,-0.00276,0.70807
2716,2781184,73.28825,119.2,1.0,0.97,1.363552,-0.000806,0.007984,0.000348,0.241835,0.0,0.591916,68.022835,4.523414,68.104164,5.195305,4.0,2.198e-05,10,693,0.18684,0.24158,0.01,0.0,100,0.0,0.17073,,,-0.01,0.02026,0.01382,-0.00805,0.00634,-0.00292,0.77977
2717,2782208,63.56885,115.5,0.875,0.96,1.135275,-9.1e-05,0.025651,0.00016,0.224841,0.000314,0.800334,63.248775,11.422902,62.121014,13.281872,4.0,2.188e-05,8,741,0.19474,0.26202,0.01,0.0,100,0.125,0.33766,,,-0.01,0.02153,0.00976,-0.00854,0.00079,-0.00361,0.65243
2718,2783232,73.6402,117.33333,1.0,0.96,1.345129,-0.000366,0.006558,0.000137,0.175748,0.0,0.622725,66.460434,4.920229,66.745781,4.902681,4.0,2.178e-05,9,693,0.19639,0.26419,0.01,0.0,100,0.0,0.21429,,,-0.01,0.02065,0.01346,-0.00681,0.00546,-0.00359,0.72026
2719,2784256,73.30404,119.3,1.0,0.97,1.348088,-0.000406,0.004677,0.00019,0.212341,0.0,0.610087,66.801041,4.627236,67.383827,4.119318,4.0,2.168e-05,10,701,0.20857,0.2798,0.01,0.0,100,0.0,0.25294,,,-0.01,0.01807,0.01663,-0.00701,0.00626,-0.00383,0.80212
2720,2785280,73.49947,105.5,1.0,0.97,1.267836,-0.00056,0.012974,0.000145,0.283745,0.0,0.881116,64.600052,11.205471,63.69466,12.234531,4.0,2.157e-05,6,722,0.21591,0.28494,0.01,0.0,100,0.0,0.23864,,,-0.01,0.01931,0.01629,-0.00629,0.0035,-0.0054,0.51328
2721,2786304,63.98066,150.5,0.875,0.96,1.398256,-0.000218,0.009966,0.000165,0.179559,0.0,0.760122,66.205032,6.138266,66.102562,7.557286,4.0,2.147e-05,8,705,0.20822,0.27902,0.01,0.0,100,0.125,0.16477,,,-0.01,0.01841,0.01999,-0.00727,0.00591,-0.00239,0.5517
2722,2787328,73.80688,123.0,1.0,0.96,1.269556,-0.000409,0.011775,0.000115,0.216399,0.0,0.767257,64.560677,8.171339,64.242577,8.365458,4.0,2.137e-05,6,714,0.19613,0.2636,0.01,0.0,100,0.0,0.13821,,,-0.01,0.01951,0.01996,-0.00867,0.00503,-0.00424,0.50765
2723,2788352,72.83452,139.90909,1.0,0.96,1.253374,-0.000586,0.00729,0.000294,0.246659,0.0,0.642841,64.179398,6.585972,65.139221,5.480196,4.0,2.127e-05,11,720,0.20141,0.27223,0.01,0.0,100,0.0,0.2,,,-0.01,0.01792,0.01747,-0.00999,0.004,-0.00712,0.93844
2724,2789376,62.80493,113.85714,0.85714,0.96,1.296639,-0.000414,0.024874,0.000524,0.230678,0.0,0.778131,64.934891,9.277779,63.944447,12.384281,4.0,2.116e-05,7,710,0.21481,0.28069,0.01,0.0,100,0.14286,0.09709,,,-0.01,0.02074,0.01961,-0.00577,0.00568,-0.00309,0.49998
2725,2790400,73.65086,110.69231,1.0,0.97,1.410864,-0.000739,0.003356,0.000225,0.237757,0.00136,0.741136,66.179138,4.174534,66.791817,4.201757,4.0,2.106e-05,13,684,0.218,0.2877,0.0,0.0,100,0.0,0.23415,,,-0.01,0.01717,0.01593,-0.00886,0.00609,-0.00572,1.01979
2726,2791424,73.89135,98.14286,1.0,0.97,1.408032,-0.00048,0.006507,0.00012,0.202583,0.0,0.612588,66.192078,5.139467,66.778175,4.796287,4.0,2.096e-05,7,681,0.19217,0.24393,0.0,0.0,100,0.0,0.29268,,,-0.01,0.02256,0.00927,-0.00621,0.00799,-0.00464,0.53648
2727,2792448,73.69219,104.33333,1.0,0.97,1.364009,-0.001551,0.002649,0.000601,0.273702,0.001221,0.743501,68.027206,3.768371,68.238029,3.772308,4.0,2.086e-05,9,692,0.21833,0.28651,0.0,0.0,100,0.0,0.25735,,,-0.01,0.02012,0.0136,-0.00942,0.00699,-0.00488,0.71842
2728,2793472,65.98426,113.2,0.9,0.96,1.309436,-0.000182,0.022184,0.000253,0.235352,0.0,0.760395,66.177017,7.886703,65.169182,11.531536,4.0,2.076e-05,10,696,0.20217,0.26131,0.0,0.0,100,0.1,0.33557,,,-0.01,0.02249,0.01102,-0.00639,0.00579,-0.00416,0.72809
2729,2794496,73.83162,97.7,1.0,0.97,1.383306,-0.000374,0.00524,0.000175,0.200416,0.001256,0.536475,66.546715,4.237821,67.317772,3.815294,4.0,2.065e-05,10,683,0.19481,0.25569,0.0,0.0,100,0.0,0.2807,,,-0.01,0.02101,0.01315,-0.00814,0.00715,-0.00479,0.76678
2730,2795520,73.16026,115.44444,1.0,0.97,1.297186,-0.000459,0.003782,0.00026,0.2553,0.001779,0.601919,67.355545,3.778553,67.63456,3.67552,4.0,2.055e-05,9,704,0.21296,0.28187,0.0,0.0,100,0.0,0.21918,,,-0.01,0.01986,0.01432,-0.00995,0.00664,-0.00371,0.73958
2731,2796544,73.08419,108.3,1.0,0.97,1.274288,-0.000643,0.022879,0.000214,0.236584,0.000384,0.663936,64.893761,9.964372,64.708084,9.865119,4.0,2.045e-05,10,700,0.21566,0.27608,0.0,0.0,100,0.0,0.36,,,-0.01,0.02147,0.00873,-0.00633,0.00471,-0.00515,0.83881
2732,2797568,73.64852,107.6,1.0,0.98,1.273014,-0.000486,0.016082,7.2e-05,0.228144,3.5e-05,0.706504,64.109947,10.136105,64.624985,8.993925,4.0,2.035e-05,10,705,0.20684,0.2531,0.0,0.0,100,0.0,0.24545,,,-0.01,0.02237,0.01052,-0.00673,0.00622,-0.00424,0.83049
2733,2798592,73.34971,109.375,1.0,0.98,1.284772,-0.000996,0.007688,0.00045,0.240929,0.003034,0.690828,66.815941,5.899278,66.845367,5.850626,4.0,2.024e-05,8,706,0.20198,0.26486,0.0,0.0,100,0.0,0.27642,,,-0.01,0.02229,0.01315,-0.00884,0.00412,-0.00718,0.66144
2734,2799616,64.14232,118.0,0.88889,0.97,1.268798,-0.000905,0.022966,0.000728,0.271421,0.000977,0.779104,65.708839,8.727619,64.434647,11.978363,4.0,2.014e-05,9,707,0.21332,0.27791,0.0,0.0,100,0.11111,0.34211,,,-0.01,0.02119,0.0093,-0.00717,0.00271,-0.00339,0.67297
2735,2800640,72.46855,124.28571,1.0,0.98,1.218274,-0.00025,0.010554,0.000269,0.208896,0.0,0.811594,63.542385,9.842305,64.239067,8.87602,4.0,2.004e-05,7,737,0.22536,0.28993,0.0,0.0,100,0.0,0.31579,,,-0.01,0.0181,0.01571,-0.00983,0.00655,-0.00388,0.62106
2736,2801664,73.99713,104.42857,1.0,0.98,1.337464,-0.000746,0.004953,0.000266,0.264549,0.0,0.810498,65.91124,5.201205,65.59288,5.956493,4.0,1.994e-05,7,718,0.22929,0.30815,0.0,0.0,100,0.0,0.21569,,,-0.01,0.01758,0.01962,-0.00868,0.00426,-0.0034,0.58384
2737,2802688,64.53542,163.5,0.875,0.97,1.201511,-0.000481,0.019762,0.000263,0.234462,0.002267,0.82688,59.853188,12.100121,59.352444,12.520684,4.0,1.983e-05,8,743,0.22175,0.29292,0.01,0.0,100,0.0,0.23585,,,-0.01,0.0186,0.01134,-0.00911,0.00284,-0.00493,0.64094
2738,2803712,56.01214,137.33333,0.77778,0.95,1.207065,-2.8e-05,0.03422,0.000135,0.19889,0.0,0.624969,63.521709,7.594233,62.663208,11.64952,4.0,1.973e-05,9,728,0.22176,0.28497,0.01,0.0,100,0.22222,0.28571,,,-0.01,0.01931,0.01298,-0.00993,0.00492,-0.0041,0.6258
2739,2804736,73.84572,100.71429,1.0,0.95,1.360127,-0.000441,0.004182,7.5e-05,0.237036,0.0,0.706625,64.755928,3.904276,65.127937,4.466261,4.0,1.963e-05,7,696,0.20933,0.27117,0.01,0.0,100,0.0,0.23077,,,-0.01,0.0203,0.01558,-0.00833,0.00495,-0.00363,0.56409
2740,2805760,62.01343,142.57143,0.85714,0.95,1.235221,-0.000389,0.025106,0.000173,0.28195,0.0,0.797548,62.184242,10.265964,60.44532,13.062853,4.0,1.953e-05,7,739,0.21884,0.28743,0.01,0.0,100,0.14286,0.24088,,,-0.01,0.0177,0.01359,-0.01092,0.00202,-0.00272,0.52889
2741,2806784,63.72866,119.125,0.875,0.94,1.383663,-0.000545,0.011402,0.000258,0.206244,0.0,0.794708,62.384113,6.089839,62.546692,8.869179,4.0,1.942e-05,8,711,0.22347,0.29639,0.01,0.0,100,0.125,0.25758,,,-0.01,0.01846,0.01894,-0.0095,0.0071,-0.00452,0.56799
2742,2807808,72.56495,159.85714,1.0,0.94,1.297654,-0.000396,0.014951,0.000429,0.211243,0.0,0.753524,60.969597,8.541854,60.488716,9.14122,4.0,1.932e-05,7,727,0.23796,0.31385,0.01,0.0,100,0.0,0.21296,,,-0.01,0.01917,0.01288,-0.00672,0.00188,-0.00297,0.59901
2743,2808832,72.4068,153.5,1.0,0.94,1.15705,-0.00054,0.013491,0.000138,0.206467,0.000593,0.818108,58.529194,10.760649,58.873299,10.405109,4.0,1.922e-05,6,761,0.2574,0.32818,0.01,0.0,100,0.0,0.26515,,,-0.01,0.01678,0.01762,-0.00918,0.00259,-0.0086,0.57086
2744,2809856,72.11767,149.42857,1.0,0.94,1.33483,-0.000771,0.010792,0.000267,0.252785,0.000837,0.783592,60.804016,7.80539,60.287624,8.548959,4.0,1.912e-05,7,716,0.27138,0.34404,0.01,0.0,100,0.0,0.30921,,,-0.01,0.0159,0.01129,-0.01191,0.00178,-0.01801,0.59267
2745,2810880,70.72614,184.5,1.0,0.94,1.219064,-0.000753,0.014843,0.000482,0.28851,0.004639,0.818544,56.831787,10.160172,56.013653,10.819551,4.0,1.901e-05,4,738,0.24982,0.31158,0.01,0.0,100,0.0,0.22642,,,-0.01,0.01699,0.01102,-0.01043,0.00185,-0.01018,0.35749
2746,2811904,56.4886,204.42857,0.85714,0.93,1.183847,-0.000375,0.016035,0.000101,0.250106,0.0,0.700083,56.84145,8.948793,57.837593,8.718043,4.0,1.891e-05,7,746,0.23769,0.30346,0.02,0.0,100,0.0,0.5,,,-0.01,0.01942,0.01596,-0.00797,0.00305,-0.00467,0.55203
2747,2812928,72.79558,132.14286,1.0,0.93,1.21896,-0.000666,0.010298,0.000128,0.247641,7e-05,0.500353,60.72644,5.488242,61.323597,5.366478,4.0,1.881e-05,7,749,0.23625,0.30799,0.02,0.0,100,0.0,0.17757,,,-0.01,0.01652,0.01651,-0.01043,0.00269,-0.00389,0.64661
2748,2813952,71.58708,175.42857,1.0,0.93,1.133656,-0.000805,0.016188,0.000309,0.265564,0.003104,0.817942,58.52523,10.609509,58.035236,11.184478,4.0,1.871e-05,7,758,0.23893,0.31051,0.02,0.0,100,0.0,0.22172,,,-0.01,0.01941,0.02005,-0.00846,0.00068,-0.00419,0.66473
2749,2814976,51.7139,140.42857,0.71429,0.92,1.16259,-0.000146,0.037581,3.6e-05,0.241896,0.0,0.687055,57.954914,9.381287,56.603916,13.110911,4.0,1.86e-05,7,752,0.23669,0.31482,0.02,0.0,100,0.28571,0.33333,,,-0.01,0.01882,0.01812,-0.00809,0.00032,-0.00417,0.47172
2750,2816000,55.47793,198.2,0.8,0.91,0.898289,-0.000481,0.03863,0.000128,0.244415,0.0,0.67713,52.046032,11.87591,51.549263,12.846931,4.0,1.85e-05,5,822,0.23045,0.30718,0.02,0.0,100,0.2,0.17117,,,-0.01,0.02039,0.01887,-0.0115,-0.00447,-0.0025,0.46524
2751,2817024,65.16604,138.22222,0.88889,0.9,1.367459,-0.000333,0.018701,0.000164,0.232024,7e-05,0.660374,57.97736,6.610948,58.997002,8.754645,4.0,1.84e-05,9,710,0.22814,0.30236,0.02,0.0,100,0.11111,0.10843,,,-0.01,0.01909,0.02016,-0.00747,0.00568,-0.00445,0.65367
2752,2818048,72.60298,158.6,1.0,0.92,1.296001,-0.001052,0.007647,0.000527,0.290565,0.000279,0.806039,59.223232,7.877026,60.3978,7.431196,4.0,1.83e-05,5,721,0.23385,0.32186,0.01,0.0,100,0.0,0.22222,,,-0.01,0.01666,0.02709,-0.00912,0.0047,-0.00177,0.43541
2753,2819072,72.97826,166.71429,1.0,0.93,1.50081,-0.000933,0.004411,0.000519,0.317298,0.000105,0.831187,61.656166,5.608748,62.516254,5.913262,4.0,1.82e-05,7,696,0.22171,0.28106,0.01,0.0,100,0.0,0.16598,,,-0.01,0.01789,0.01454,-0.00853,0.0059,-0.00304,0.52618
2754,2820096,73.46638,123.14286,1.0,0.93,1.333523,-0.000657,0.009993,0.000255,0.294922,0.000314,0.745883,61.655518,7.149193,62.160694,7.372677,4.0,1.809e-05,7,717,0.22798,0.2996,0.01,0.0,100,0.0,0.2517,,,-0.01,0.01892,0.0178,-0.00843,0.00375,-0.00443,0.58733
2755,2821120,72.99777,138.125,1.0,0.94,1.308253,-0.000986,0.005863,0.000508,0.273074,0.002755,0.750253,63.074566,5.875829,64.348793,5.586042,4.0,1.799e-05,8,717,0.21907,0.28017,0.01,0.0,100,0.0,0.21384,,,-0.01,0.01927,0.01571,-0.00949,0.00694,-0.00392,0.66913
2756,2822144,72.85713,139.5,1.0,0.95,1.241119,-0.000452,0.006372,9.3e-05,0.247039,0.0,0.711902,65.94136,5.907279,66.398987,5.584105,4.0,1.789e-05,8,722,0.23265,0.3105,0.01,0.0,100,0.0,0.21429,,,-0.01,0.01947,0.0222,-0.0095,0.00557,-0.0044,0.69778
2757,2823168,73.8232,126.75,1.0,0.95,1.282316,-0.000507,0.00934,0.000155,0.245992,0.000628,0.815679,64.579018,7.913559,64.546562,8.347188,4.0,1.779e-05,8,723,0.20991,0.26908,0.01,0.0,100,0.0,0.20349,,,-0.01,0.0196,0.01554,-0.00908,0.00482,-0.00338,0.68355
2758,2824192,63.32729,124.375,0.875,0.94,1.335468,-0.000308,0.019787,0.000129,0.159827,0.000593,0.70458,64.748375,6.89307,64.617264,9.684279,4.0,1.768e-05,8,700,0.21192,0.27317,0.01,0.0,100,0.125,0.27642,,,-0.01,0.02134,0.01366,-0.00712,0.00576,-0.004,0.56958
2759,2825216,73.1447,124.22222,1.0,0.94,1.381476,-0.000393,0.004824,7.4e-05,0.210374,0.00014,0.766987,65.994812,5.727641,66.452843,5.237763,4.0,1.758e-05,9,699,0.21379,0.27873,0.01,0.0,100,0.0,0.2378,,,-0.01,0.01906,0.01335,-0.0079,0.00195,-0.00517,0.72164
2760,2826240,72.55487,131.2,1.0,0.95,1.149285,-0.000674,0.010281,0.000184,0.235854,0.001395,0.814668,64.418205,8.885564,64.30278,8.816317,4.0,1.748e-05,5,755,0.22472,0.30512,0.0,0.0,100,0.0,0.33645,,,-0.01,0.01694,0.02114,-0.0081,0.00391,-0.00157,0.47705
2761,2827264,73.11321,132.0,1.0,0.95,1.351442,-0.000775,0.004949,0.000188,0.260867,0.001046,0.748491,65.999527,5.10767,66.366653,5.207183,4.0,1.738e-05,9,704,0.20618,0.27173,0.0,0.0,100,0.0,0.26286,,,-0.01,0.01973,0.01853,-0.00699,0.0045,-0.00384,0.7239
2762,2828288,73.39125,136.77778,1.0,0.97,1.325232,-0.001098,0.003949,0.000344,0.260155,0.002895,0.78305,66.699715,5.158057,67.144852,5.025587,4.0,1.727e-05,9,703,0.19352,0.25116,0.0,0.0,100,0.0,0.19403,,,-0.01,0.01859,0.01448,-0.0081,0.00616,-0.00385,0.71259
2763,2829312,71.29127,173.28571,1.0,0.98,0.956616,-0.000434,0.011839,0.000104,0.215316,7e-05,0.583912,66.132919,6.928506,66.024147,6.318792,4.0,1.717e-05,7,799,0.24888,0.35905,0.0,0.0,100,0.0,0.1809,,,-0.01,0.01575,0.03458,-0.01263,9e-05,-0.00264,0.76083
2764,2830336,74.07923,108.33333,1.0,0.99,1.393479,-0.000796,0.001948,0.000336,0.283644,0.0,0.865764,67.282379,4.579964,67.965164,4.415189,4.0,1.707e-05,9,690,0.17003,0.20865,0.0,0.0,100,0.0,0.1,,,-0.01,0.02007,0.01274,-0.00898,0.00763,-0.00419,0.67695
2765,2831360,74.20071,108.25,1.0,0.99,1.314948,-0.00112,0.003427,0.000383,0.26758,0.0,0.774711,68.810204,4.817672,69.191574,4.630274,4.0,1.697e-05,8,705,0.19558,0.26104,0.0,0.0,100,0.0,0.09917,,,-0.01,0.01919,0.02051,-0.00745,0.00744,-0.00306,0.64346
2766,2832384,74.1017,105.63636,1.0,0.99,1.226765,-0.001064,0.00865,0.000514,0.249479,0.00014,0.71716,69.231682,5.716881,68.853874,6.469334,4.0,1.686e-05,11,712,0.19583,0.26255,0.0,0.0,100,0.0,0.11111,,,-0.01,0.02168,0.0185,-0.00669,0.0058,-0.0044,0.92321
2767,2833408,66.39372,103.9,0.9,0.98,1.231112,-0.000134,0.018886,0.000123,0.153877,0.0,0.725006,67.417557,6.951307,67.070084,10.006235,4.0,1.676e-05,10,706,0.17323,0.21768,0.0,0.0,100,0.1,0.21,,,-0.01,0.02287,0.01416,-0.00695,0.00499,-0.00468,0.74226
2768,2834432,74.09234,97.85714,1.0,0.98,1.309953,-0.001105,0.003062,0.000564,0.252088,0.000244,0.738409,68.565254,4.068985,68.86219,4.054974,4.0,1.666e-05,7,704,0.17937,0.23267,0.0,0.0,100,0.0,0.14286,,,-0.01,0.02085,0.01646,-0.00941,0.00919,-0.00373,0.55421
2769,2835456,73.66256,120.2,1.0,0.99,1.316143,-0.000488,0.005579,0.000172,0.262389,0.0,0.858635,66.966583,6.624484,66.380211,7.322869,4.0,1.656e-05,10,708,0.22127,0.28263,0.0,0.0,100,0.0,0.16265,,,-0.01,0.01774,0.01556,-0.00857,0.00376,-0.00807,0.81129
2770,2836480,73.98252,103.66667,1.0,0.99,1.366476,-0.000516,0.003048,0.000211,0.2217,0.0,0.94807,65.853226,8.507216,66.167625,9.132381,4.0,1.645e-05,9,686,0.20695,0.24078,0.0,0.0,100,0.0,0.21429,,,-0.01,0.02111,0.01017,-0.00634,0.00965,-0.00734,0.69072
2771,2837504,63.26362,103.71429,0.85714,0.98,1.276228,-0.000635,0.023336,0.000309,0.307622,0.0,0.814358,63.847019,10.281829,61.771545,12.954899,4.0,1.635e-05,7,720,0.23241,0.28127,0.0,0.0,100,0.14286,0.17647,,,-0.01,0.01648,0.01284,-0.00957,0.00372,-0.01764,0.51813
2772,2838528,63.03583,157.5,0.9,0.97,1.261768,-0.00035,0.008356,0.000157,0.236589,0.0,0.800233,63.501587,7.355463,63.767719,7.58621,4.0,1.625e-05,10,700,0.18671,0.23803,0.01,0.0,100,0.0,0.29252,,,-0.01,0.02065,0.01127,-0.00971,0.00397,-0.00559,0.73113
2773,2839552,63.08934,112.0,0.875,0.96,1.106786,-0.000147,0.030712,4.3e-05,0.195978,0.0,0.695198,63.088421,9.118926,62.297249,11.70227,4.0,1.615e-05,8,743,0.1812,0.24611,0.01,0.0,100,0.125,0.20588,,,-0.01,0.02,0.01416,-0.01093,0.00186,-0.00334,0.64044
2774,2840576,73.38461,107.0,1.0,0.96,1.278641,-0.000442,0.005109,0.000216,0.231798,0.0,0.643624,65.405777,4.074824,65.834396,4.416758,4.0,1.604e-05,8,708,0.19548,0.2536,0.01,0.0,100,0.0,0.28448,,,-0.01,0.01972,0.01768,-0.00887,0.00737,-0.00461,0.65859
2775,2841600,73.46484,135.75,1.0,0.96,1.190047,-0.000696,0.013315,0.000173,0.266324,0.001325,0.75596,63.440769,8.165714,63.029827,8.641252,4.0,1.594e-05,8,728,0.19544,0.26518,0.01,0.0,100,0.0,0.0977,,,-0.01,0.0192,0.01583,-0.00794,0.00252,-0.00498,0.70074
2776,2842624,72.91325,120.6,1.0,0.96,1.249985,-0.000213,0.01016,0.000164,0.211068,0.000244,0.316086,64.674149,5.669263,65.704994,4.551453,4.0,1.584e-05,10,710,0.16628,0.22501,0.01,0.0,100,0.0,0.1875,,,-0.01,0.02081,0.01443,-0.00782,0.0052,-0.00435,0.82425
2777,2843648,73.59347,97.28571,1.0,0.96,1.224243,-0.000385,0.008489,4.9e-05,0.187405,3.5e-05,0.466389,66.18927,5.101407,66.376884,4.761339,4.0,1.574e-05,7,727,0.18817,0.25854,0.01,0.0,100,0.0,0.33333,,,-0.01,0.02028,0.01823,-0.00747,0.00489,-0.00484,0.601
2778,2844672,72.96884,142.44444,1.0,0.96,1.221801,-0.000565,0.003407,6.3e-05,0.259151,0.0,0.675844,66.59288,3.612623,66.756371,3.863705,4.0,1.564e-05,9,728,0.19915,0.27097,0.01,0.0,100,0.0,0.13659,,,-0.01,0.01867,0.0225,-0.00978,0.00543,-0.00969,0.7557
2779,2845696,73.17146,116.66667,1.0,0.97,1.385913,-0.000377,0.008649,7.9e-05,0.27512,0.0,0.672164,66.809982,4.735237,66.701782,5.98931,4.0,1.553e-05,9,693,0.1714,0.23077,0.01,0.0,100,0.0,0.07971,,,-0.01,0.01899,0.01428,-0.00794,0.0087,-0.00656,0.67032
2780,2846720,65.97485,105.44444,0.88889,0.96,1.206604,-0.0002,0.020658,0.000144,0.189714,0.000523,0.779592,64.472481,8.736179,63.94101,11.551462,4.0,1.543e-05,9,717,0.17198,0.22886,0.01,0.0,100,0.11111,0.16667,,,-0.01,0.023,0.01374,-0.00418,0.00699,-0.00439,0.67104
2781,2847744,74.1463,98.72727,1.0,0.96,1.260778,-0.0004,0.006534,0.000205,0.229874,0.000802,0.656743,65.975319,6.007136,67.011314,4.896206,4.0,1.533e-05,11,697,0.18129,0.2422,0.01,0.0,100,0.0,0.14159,,,-0.01,0.02273,0.01535,-0.00882,0.00869,-0.00468,0.89714
2782,2848768,73.30911,123.55556,1.0,0.97,1.201441,-0.000453,0.008667,8.2e-05,0.240858,3.5e-05,0.760412,66.466431,6.417601,65.957993,7.027949,4.0,1.523e-05,9,726,0.1929,0.26043,0.01,0.0,100,0.0,0.18868,,,-0.01,0.01771,0.01822,-0.00958,0.0012,-0.00392,0.77762
2783,2849792,73.32356,116.57143,1.0,0.98,1.150049,-0.000982,0.007428,0.000524,0.261451,0.00014,0.652711,66.080574,6.469872,66.799324,5.453587,4.0,1.512e-05,7,735,0.18121,0.25184,0.0,0.0,100,0.0,0.14953,,,-0.01,0.021,0.02162,-0.00873,0.00634,-0.00478,0.61413
2784,2850816,73.78354,106.58333,1.0,0.99,1.309499,-0.000439,0.002917,0.0006,0.210854,3.5e-05,0.6962,68.236893,3.798947,68.750298,3.604553,4.0,1.502e-05,12,692,0.18678,0.25384,0.0,0.0,100,0.0,0.12222,,,-0.01,0.01965,0.01887,-0.00888,0.00876,-0.00613,0.94565
2785,2851840,74.15498,93.5,1.0,0.99,1.293012,-0.000389,0.002206,7.8e-05,0.266052,0.0,0.735952,68.816238,3.345093,69.013138,3.405566,4.0,1.5e-05,8,695,0.18487,0.23556,0.0,0.0,100,0.0,0.30769,,,-0.01,0.02233,0.01586,-0.0071,0.00592,-0.0055,0.63526
2786,2852864,72.1514,157.42857,1.0,0.99,1.189853,-0.000652,0.016235,0.000124,0.290966,0.000698,0.613629,66.625565,6.808744,65.326157,7.57414,4.0,1.5e-05,7,742,0.20284,0.28099,0.0,0.0,100,0.0,0.16923,,,-0.01,0.01731,0.02465,-0.01039,0.00018,-0.00409,0.61056
2787,2853888,73.2951,136.71429,1.0,0.99,1.22335,-0.000188,0.007277,5.5e-05,0.243516,0.0,0.697052,64.222862,7.526216,65.241432,6.081824,4.0,1.5e-05,7,727,0.18777,0.25183,0.0,0.0,100,0.0,0.11029,,,-0.01,0.01887,0.0163,-0.00826,0.00588,-0.00356,0.58986
2788,2854912,63.94275,103.125,0.875,0.98,1.287414,-0.000268,0.025294,4.9e-05,0.253605,0.000105,0.721969,66.175644,7.494102,64.718719,10.978298,4.0,1.5e-05,8,719,0.19368,0.26133,0.0,0.0,100,0.125,0.22093,,,-0.01,0.01633,0.0205,-0.01261,0.00361,-0.00506,0.58129
2789,2855936,72.01119,167.625,1.0,0.98,1.337564,-0.000572,0.003379,4.3e-05,0.271738,0.0,0.768988,65.717453,4.298333,65.886292,4.432682,4.0,1.5e-05,8,706,0.21038,0.27475,0.0,0.0,100,0.0,0.13502,,,-0.01,0.01753,0.01966,-0.0093,0.00362,-0.00577,0.6184
2790,2856960,73.41303,107.625,1.0,0.98,1.27361,-0.000634,0.002448,9.4e-05,0.258467,0.0,0.810452,66.51104,3.729886,66.808846,4.228052,4.0,1.5e-05,8,709,0.19016,0.25089,0.0,0.0,100,0.0,0.21495,,,-0.01,0.01826,0.01604,-0.00924,0.00741,-0.00956,0.65305
2791,2857984,72.91919,119.7,1.0,0.98,1.253052,-0.000513,0.007388,0.000134,0.219669,0.000558,0.76225,65.497444,6.129189,65.335251,6.504147,4.0,1.5e-05,10,704,0.18729,0.23977,0.0,0.0,100,0.0,0.14362,,,-0.01,0.0204,0.01266,-0.00886,0.00338,-0.00681,0.81478
2792,2859008,73.21837,114.85714,1.0,0.99,1.033409,-0.000213,0.014472,5.1e-05,0.213536,0.0,0.707631,63.576801,7.907876,63.477814,8.238711,4.0,1.5e-05,7,761,0.19073,0.24777,0.0,0.0,100,0.0,0.21505,,,-0.01,0.02041,0.01638,-0.01033,0.00504,-0.0036,0.68044
2793,2860032,73.77709,101.25,1.0,0.99,0.936688,-0.000576,0.008034,8.2e-05,0.266757,0.0,0.843105,62.791195,8.10433,62.817375,8.370557,4.0,1.5e-05,8,759,0.18698,0.25016,0.0,0.0,100,0.0,0.16822,,,-0.01,0.02087,0.01448,-0.00751,0.00357,-0.00583,0.86387
2794,2861056,51.3263,159.85714,0.71429,0.97,0.905049,-0.000354,0.034876,0.000169,0.264772,0.0,0.604519,61.265057,8.866697,59.793114,11.068421,4.0,1.5e-05,7,801,0.20621,0.26673,0.01,0.0,100,0.14286,0.45614,,,-0.01,0.01885,0.00885,-0.00701,6e-05,-0.00631,0.56972
2795,2862080,70.69782,170.0,1.0,0.97,1.214175,-0.000932,0.006784,0.00031,0.294549,0.000453,0.880153,61.300056,8.242098,61.254517,8.70618,4.0,1.5e-05,6,734,0.20913,0.27041,0.01,0.0,100,0.16667,0.3125,,,-0.01,0.01646,0.01651,-0.00884,0.00242,-0.00456,0.51428
2796,2863104,41.85961,166.0,0.6,0.95,1.273292,-0.000299,0.034729,0.00032,0.321938,0.0,0.706554,60.130047,8.009068,58.018055,12.7893,4.0,1.5e-05,5,739,0.2263,0.29544,0.01,0.0,100,0.4,0.23077,,,-0.01,0.01386,0.01942,-0.0129,0.00226,-0.0075,0.25177
2797,2864128,73.49701,121.66667,1.0,0.95,1.307928,-0.000597,0.01156,0.000141,0.297068,0.000174,0.857738,57.858761,9.336712,58.463711,10.522193,4.0,1.5e-05,9,706,0.20203,0.25725,0.01,0.0,100,0.0,0.13793,,,-0.01,0.01774,0.01293,-0.00991,0.00646,-0.00661,0.73647
2798,2865152,61.65513,163.77778,0.88889,0.94,1.201927,-0.000109,0.024832,9.9e-05,0.212811,0.0,0.651583,59.390896,7.913948,59.159885,9.869317,4.0,1.5e-05,9,718,0.19186,0.25229,0.01,0.0,100,0.11111,0.33333,,,-0.01,0.01916,0.00857,-0.00819,-0.00086,-0.00307,0.67434
2799,2866176,61.45857,102.33333,0.83333,0.93,0.926062,-0.000172,0.029871,1.7e-05,0.171652,0.0,0.719398,56.364925,9.906363,56.24102,12.068265,4.0,1.5e-05,6,786,0.17984,0.24806,0.01,0.0,100,0.16667,0.1791,,,-0.01,0.02168,0.01564,-0.00694,0.00557,-0.00596,0.54228
2800,2867200,64.83198,138.11111,0.88889,0.92,1.083597,-0.00024,0.027006,0.000132,0.189525,0.0,0.628914,60.6497,6.028276,60.162483,10.213797,4.0,1.5e-05,9,747,0.18267,0.23575,0.01,0.0,100,0.11111,0.24818,,,-0.01,0.02082,0.0124,-0.00977,0.00481,-0.00476,0.75081
2801,2868224,67.2961,131.81818,0.90909,0.92,1.208365,-0.000363,0.008259,8.9e-05,0.294153,0.000105,0.780223,60.737236,7.145236,62.481686,6.836906,4.0,1.5e-05,11,713,0.1645,0.21191,0.02,0.0,100,0.0,0.20909,,,-0.01,0.02169,0.01266,-0.00641,0.00796,-0.00483,0.85113
2802,2869248,73.87873,108.0,1.0,0.92,1.266407,-0.000438,0.004866,9.2e-05,0.235312,0.0,0.849276,63.846165,6.313182,64.516907,6.563471,4.0,1.5e-05,7,712,0.17752,0.2362,0.02,0.0,100,0.0,0.17117,,,-0.01,0.01979,0.01645,-0.00848,0.0078,-0.00361,0.57989
2803,2870272,72.30244,129.625,1.0,0.92,1.077059,-0.000132,0.016085,4e-05,0.194582,0.0,0.576822,63.570229,7.743488,63.973305,7.265336,4.0,1.5e-05,8,744,0.19723,0.2724,0.02,0.0,100,0.0,0.30986,,,-0.01,0.01995,0.01473,-0.00829,0.00011,-0.00382,0.75559
2804,2871296,65.23484,108.66667,0.88889,0.91,1.294514,-0.000174,0.025917,4.3e-05,0.23151,0.0,0.743498,64.336899,8.376087,63.399483,11.714046,4.0,1.5e-05,9,699,0.17107,0.22105,0.02,0.0,100,0.11111,0.28571,,,-0.01,0.02116,0.01096,-0.00666,0.0066,-0.00482,0.64383
2805,2872320,67.6773,106.33333,0.91667,0.9,1.275721,-0.000108,0.017676,2.6e-05,0.165139,0.0,0.732221,64.195915,6.692315,64.299759,9.67477,4.0,1.5e-05,12,697,0.18174,0.23553,0.02,0.0,100,0.08333,0.21481,,,-0.01,0.02131,0.01311,-0.00875,0.00562,-0.00332,0.90854
2806,2873344,64.69913,116.11111,0.88889,0.91,1.157263,-0.00027,0.027453,8e-05,0.22293,0.0,0.65318,63.252377,6.945905,62.435242,10.403728,4.0,1.5e-05,9,726,0.17975,0.23196,0.01,0.0,100,0.11111,0.192,,,-0.01,0.02137,0.01723,-0.00831,0.00133,-0.00567,0.69955
2807,2874368,73.26509,112.2,1.0,0.91,1.058719,-0.000198,0.012008,3.3e-05,0.231386,0.0,0.768549,61.478386,7.537552,61.167591,8.363898,4.0,1.5e-05,5,761,0.18531,0.24966,0.01,0.0,100,0.0,0.17143,,,-0.01,0.01992,0.0181,-0.00916,0.0029,-0.00217,0.48616
2808,2875392,64.39706,115.25,0.875,0.92,1.134791,-0.000341,0.015577,0.000215,0.187134,0.0,0.83002,60.972324,8.302598,61.347759,11.254017,4.0,1.5e-05,8,734,0.18004,0.2351,0.01,0.0,100,0.125,0.128,,,-0.01,0.0208,0.01688,-0.00714,0.00911,-0.00396,0.6328
2809,2876416,66.63112,150.1,0.9,0.92,1.250491,-0.000527,0.003307,0.000133,0.265166,0.000174,0.863088,64.07943,5.360851,64.738319,5.724939,4.0,1.5e-05,10,717,0.17768,0.24225,0.02,0.0,100,0.1,0.13143,,,-0.01,0.0184,0.01956,-0.00792,0.00637,-0.00571,0.75943
2810,2877440,74.38748,99.0,1.0,0.92,1.360825,-0.000579,0.005318,0.000228,0.233063,7e-05,0.796999,65.756706,5.436592,66.14193,5.941362,4.0,1.5e-05,10,685,0.1713,0.22611,0.02,0.0,100,0.0,0.13158,,,-0.01,0.02098,0.0138,-0.00633,0.00888,-0.00456,0.77053
2811,2878464,73.63447,97.66667,1.0,0.94,1.307024,-0.000493,0.00618,0.000193,0.235595,0.000558,0.629367,65.706314,5.081217,66.536186,4.73673,4.0,1.5e-05,9,694,0.16912,0.21842,0.02,0.0,100,0.0,0.19767,,,-0.01,0.02003,0.01433,-0.00824,0.00637,-0.00704,0.70456
2812,2879488,66.16542,105.8,0.9,0.94,1.229829,-9.8e-05,0.021203,6.1e-05,0.227733,0.0,0.780745,65.472878,8.103987,64.581673,11.546963,4.0,1.5e-05,10,712,0.17812,0.24058,0.01,0.0,100,0.1,0.19672,,,-0.01,0.01757,0.01767,-0.0084,0.00546,-0.00442,0.74812
2813,2880512,73.65034,112.14286,1.0,0.94,1.170142,-0.000585,0.006618,0.000141,0.258874,3.5e-05,0.783998,64.461441,5.809468,64.232887,6.426771,4.0,1.5e-05,7,733,0.19675,0.26386,0.01,0.0,100,0.0,0.10811,,,-0.01,0.01878,0.01467,-0.00893,0.0045,-0.00422,0.62018
2814,2881536,72.87124,116.08333,1.0,0.94,1.231434,-0.000432,0.00995,0.000404,0.207866,0.000453,0.430901,65.259438,4.849026,65.989227,4.880392,4.0,1.5e-05,12,704,0.16341,0.2275,0.01,0.0,100,0.0,0.2515,,,-0.01,0.02002,0.01401,-0.00907,0.00562,-0.0056,0.97987
2815,2882560,73.81712,102.66667,1.0,0.95,1.324364,-0.000314,0.005546,0.000106,0.19392,0.000488,0.500352,67.397659,4.721426,68.07634,3.879997,4.0,1.5e-05,9,697,0.17996,0.24891,0.01,0.0,100,0.0,0.15126,,,-0.01,0.01871,0.01702,-0.00863,0.00924,-0.00477,0.70897
2816,2883584,73.49064,108.6,1.0,0.96,1.353431,-0.001067,0.002175,0.000595,0.28459,0.000244,0.752698,68.259155,3.583267,68.829453,3.434989,4.0,1.5e-05,10,680,0.16652,0.21517,0.01,0.0,100,0.0,0.24,,,-0.01,0.02169,0.01386,-0.00731,0.00797,-0.00491,0.75444
2817,2884608,73.30437,113.5,1.0,0.97,1.135815,-0.000194,0.012661,8.2e-05,0.222553,0.0,0.632569,66.800194,7.682683,66.738503,6.89617,4.0,1.5e-05,10,729,0.1721,0.22708,0.01,0.0,100,0.0,0.28205,,,-0.01,0.02314,0.01008,-0.00689,0.00151,-0.00409,0.89777
2818,2885632,63.94965,107.0,0.875,0.96,1.184741,-0.000114,0.031237,5.7e-05,0.249852,0.0,0.680419,66.054688,8.078984,64.540718,11.531236,4.0,1.5e-05,8,718,0.18101,0.23287,0.01,0.0,100,0.125,0.2069,,,-0.01,0.02264,0.01339,-0.00709,0.00295,-0.00414,0.60275
2819,2886656,74.05733,108.88889,1.0,0.97,1.186077,-0.000257,0.013812,4.4e-05,0.210797,0.0,0.793937,63.031399,10.207255,63.587276,9.630222,4.0,1.5e-05,9,728,0.1773,0.24107,0.01,0.0,100,0.0,0.10714,,,-0.01,0.02062,0.01673,-0.00721,0.00837,-0.00448,0.79214
2820,2887680,73.01769,105.3,1.0,0.98,1.11271,-0.000284,0.008114,2.9e-05,0.202837,0.0,0.79458,64.148232,7.437242,64.34697,7.383277,4.0,1.5e-05,10,754,0.18013,0.24825,0.0,0.0,100,0.0,0.24031,,,-0.01,0.01731,0.01538,-0.0125,0.00302,-0.00487,0.95219
2821,2888704,73.86889,101.42857,1.0,0.98,1.048219,-0.000698,0.004879,0.000107,0.228091,0.000732,0.901083,63.734772,7.67226,63.882683,8.158763,4.0,1.5e-05,7,762,0.17453,0.22384,0.0,0.0,100,0.0,0.2043,,,-0.01,0.02215,0.0122,-0.00612,0.00374,-0.00378,0.6851
2822,2889728,66.45494,139.3,0.9,0.97,1.345328,-0.000736,0.003705,0.000256,0.270479,0.000942,0.695148,67.249619,4.112561,67.736641,4.03248,4.0,1.5e-05,10,689,0.16613,0.21087,0.01,0.0,100,0.1,0.16129,,,-0.01,0.0212,0.01088,-0.00705,0.00837,-0.00498,0.69173
2823,2890752,73.16349,103.375,1.0,0.98,1.137333,-0.000218,0.01,0.000271,0.171692,0.000314,0.703059,66.353264,7.460011,66.541542,6.820065,4.0,1.5e-05,8,731,0.18371,0.24627,0.01,0.0,100,0.0,0.22785,,,-0.01,0.02031,0.01633,-0.00762,0.00583,-0.00429,0.72433
2824,2891776,67.02418,112.36364,0.90909,0.97,1.221128,-0.000129,0.022004,4.3e-05,0.188173,0.0,0.733459,66.947891,6.947594,66.319778,10.696008,4.0,1.5e-05,11,705,0.16598,0.21242,0.01,0.0,100,0.09091,0.21384,,,-0.01,0.02233,0.01513,-0.00617,0.00709,-0.00454,0.82545
2825,2892800,74.63385,111.14286,1.0,0.97,1.189836,-0.000454,0.00485,5.1e-05,0.203324,0.0,0.790614,67.119957,5.178624,66.998863,5.656532,4.0,1.5e-05,7,729,0.19736,0.26395,0.01,0.0,100,0.0,0.13333,,,-0.01,0.02112,0.02133,-0.00819,0.00638,-0.00292,0.61086
2826,2893824,73.75732,116.0,1.0,0.97,1.353874,-0.000598,0.003351,0.000139,0.238813,0.0,0.72556,67.711349,4.589924,68.620148,3.947271,4.0,1.5e-05,11,690,0.17012,0.22809,0.01,0.0,100,0.0,0.10127,,,-0.01,0.02058,0.01756,-0.00772,0.01213,-0.00348,0.83811
2827,2894848,74.5356,93.08333,1.0,0.97,1.366092,-0.000319,0.002491,0.000163,0.228085,0.0,0.7349,69.198639,3.406156,69.135025,3.560179,4.0,1.5e-05,12,681,0.16555,0.21918,0.01,0.0,100,0.0,0.13559,,,-0.01,0.02121,0.01315,-0.00716,0.0055,-0.00729,0.90736
2828,2895872,73.26129,93.09091,1.0,0.97,1.289616,-0.000232,0.004175,6.9e-05,0.197433,0.0,0.612346,68.716721,4.477271,69.12027,3.83135,4.0,1.5e-05,11,691,0.15956,0.21619,0.01,0.0,100,0.0,0.19626,,,-0.01,0.02107,0.01203,-0.01025,0.0084,-0.00524,0.85657
2829,2896896,66.00842,103.5,0.9,0.97,1.21247,-0.00023,0.025951,9.3e-05,0.234501,0.0,0.757486,66.93792,8.945941,65.871796,11.969128,4.0,1.5e-05,10,713,0.16151,0.21827,0.01,0.0,100,0.1,0.07778,,,-0.01,0.02105,0.01325,-0.00864,0.00566,-0.00558,0.74799
2830,2897920,74.16688,95.2,1.0,0.97,1.289024,-0.000254,0.005118,8.5e-05,0.179128,0.0,0.601479,68.064926,4.449099,68.564445,4.124581,4.0,1.5e-05,10,691,0.16053,0.20774,0.01,0.0,100,0.0,0.12371,,,-0.01,0.02354,0.0139,-0.00706,0.00861,-0.00519,0.78264
2831,2898944,73.61214,100.0,1.0,0.97,1.37372,-0.000319,0.005956,0.000172,0.20633,0.0,0.397048,68.622482,4.411118,68.849228,3.685856,4.0,1.5e-05,11,689,0.16323,0.22259,0.01,0.0,100,0.0,0.07438,,,-0.01,0.0186,0.016,-0.00925,0.00555,-0.00541,0.84257
2832,2899968,74.31459,97.27273,1.0,0.98,1.380044,-0.000354,0.00359,0.000101,0.201253,0.000209,0.594428,69.213455,3.827868,69.560844,3.476682,4.0,1.5e-05,11,680,0.16931,0.22328,0.0,0.0,100,0.0,0.13445,,,-0.01,0.02204,0.01573,-0.00633,0.01105,-0.00639,0.83993
2833,2900992,74.35512,91.6,1.0,0.98,1.416857,-0.000998,0.002147,0.000431,0.260856,0.002511,0.709458,69.505943,3.204932,69.574135,3.182124,4.0,1.5e-05,10,672,0.1751,0.22451,0.0,0.0,100,0.0,0.07143,,,-0.01,0.0203,0.01302,-0.00715,0.00763,-0.00611,0.75149
2834,2902016,73.31127,102.8,1.0,0.99,1.159797,-0.000615,0.010062,0.000231,0.291288,0.000174,0.812663,66.564369,8.37939,65.405464,8.436328,4.0,1.5e-05,5,738,0.20368,0.27091,0.0,0.0,100,0.0,0.23077,,,-0.01,0.0189,0.01775,-0.00884,0.00414,-0.00429,0.45893
2835,2903040,63.2839,158.33333,0.88889,0.98,1.105459,-8.8e-05,0.026306,4.9e-05,0.173933,0.0,0.74196,62.732502,9.729526,62.369972,11.851065,4.0,1.5e-05,9,739,0.18679,0.24134,0.0,0.0,100,0.11111,0.15,,,-0.01,0.02077,0.01006,-0.00711,0.00116,-0.00461,0.7476
2836,2904064,61.99388,124.42857,0.85714,0.97,1.183961,-0.000528,0.02523,0.000134,0.312655,0.0,0.803476,63.178158,10.489659,61.366596,13.066836,4.0,1.5e-05,7,735,0.21343,0.27656,0.0,0.0,100,0.14286,0.18681,,,-0.01,0.01852,0.01359,-0.00891,0.00129,-0.00473,0.54653
2837,2905088,64.15977,125.375,0.875,0.96,1.159132,-0.000294,0.016226,0.000209,0.197044,0.0,0.773596,62.544888,6.990077,62.131748,9.936532,4.0,1.5e-05,8,745,0.22145,0.30389,0.0,0.0,100,0.125,0.11111,,,-0.01,0.01641,0.02502,-0.01021,0.00376,-0.00448,0.63985
2838,2906112,73.65557,102.5,1.0,0.96,1.219487,-0.000902,0.005475,0.000429,0.291695,0.000279,0.877533,61.988091,7.480308,62.650631,7.793223,4.0,1.5e-05,10,724,0.18468,0.24583,0.0,0.0,100,0.0,0.10484,,,-0.01,0.02049,0.01067,-0.00708,0.00625,-0.00692,0.87541
2839,2907136,70.94325,168.42857,1.0,0.96,1.231115,-0.000484,0.005337,0.000584,0.237459,0.000593,0.737399,63.64735,5.493787,64.077354,5.256947,4.0,1.5e-05,7,739,0.18454,0.244,0.0,0.0,100,0.14286,0.30769,,,-0.01,0.01921,0.01611,-0.0086,0.00438,-0.00385,0.6033
2840,2908160,73.47716,122.55556,1.0,0.97,1.395883,-0.000489,0.004738,0.000171,0.241409,0.0,0.665692,65.924248,3.884481,66.180138,4.417022,4.0,1.5e-05,9,696,0.18847,0.25067,0.0,0.0,100,0.0,0.11511,,,-0.01,0.02055,0.01459,-0.0071,0.00473,-0.00397,0.70387
2841,2909184,60.02612,136.66667,0.83333,0.96,1.220048,-0.000343,0.024442,0.000131,0.245052,0.0,0.755476,63.672218,8.630466,62.483452,11.557459,4.0,1.5e-05,6,746,0.20004,0.26331,0.0,0.0,100,0.16667,0.15476,,,-0.01,0.01868,0.01412,-0.00817,0.00507,-0.00199,0.45016
2842,2910208,72.84484,130.71429,1.0,0.96,1.227658,-0.000416,0.007057,7.5e-05,0.235572,7e-05,0.747013,62.972988,6.04003,63.137093,6.131783,4.0,1.5e-05,7,741,0.18784,0.25617,0.0,0.0,100,0.0,0.18681,,,-0.01,0.01795,0.01553,-0.01074,0.00214,-0.00253,0.62274
2843,2911232,72.7474,125.0,1.0,0.96,1.431278,-0.000463,0.005177,0.000156,0.260683,0.0,0.584299,64.908119,4.32808,65.458092,4.128505,4.0,1.5e-05,9,696,0.1736,0.23602,0.0,0.0,100,0.0,0.17969,,,-0.01,0.01705,0.01497,-0.00927,0.00674,-0.00432,0.69685
2844,2912256,72.48246,147.28571,1.0,0.96,1.390212,-0.001041,0.01071,0.000652,0.260002,0.001011,0.7727,63.510014,6.834261,62.770267,7.922329,4.0,1.5e-05,7,703,0.1868,0.25589,0.0,0.0,100,0.0,0.19286,,,-0.01,0.01731,0.01572,-0.0081,0.00127,-0.00525,0.56154
2845,2913280,53.80524,139.75,0.75,0.94,1.340677,-0.00019,0.030341,0.000167,0.215065,3.5e-05,0.732227,62.753853,7.524572,61.966801,12.629049,4.0,1.5e-05,8,704,0.17539,0.22888,0.0,0.0,100,0.25,0.18898,,,-0.01,0.02242,0.00974,-0.00485,0.00561,-0.00326,0.47206
2846,2914304,73.61544,106.77778,1.0,0.94,1.416517,-0.000308,0.014534,0.00016,0.21674,0.0,0.176476,63.610504,5.542792,64.370384,4.858592,4.0,1.5e-05,9,686,0.18411,0.24835,0.0,0.0,100,0.0,0.23301,,,-0.01,0.02045,0.01269,-0.00696,0.00584,-0.00411,0.69555
2847,2915328,73.64279,106.11111,1.0,0.94,1.240834,-0.000471,0.007513,0.00026,0.223366,0.0,0.796752,63.421722,6.301309,63.370464,7.030666,4.0,1.5e-05,9,721,0.18675,0.24425,0.0,0.0,100,0.0,0.14679,,,-0.01,0.01626,0.0144,-0.01277,0.00571,-0.00336,0.7771
2848,2916352,70.66064,147.85714,1.0,0.95,0.992105,-0.000193,0.025517,4.8e-05,0.218892,3.5e-05,0.456179,59.622112,9.234365,59.742088,8.20751,4.0,1.5e-05,7,779,0.19185,0.26144,0.0,0.0,100,0.14286,0.375,,,-0.01,0.01949,0.01531,-0.01096,-0.00321,-0.00385,0.72165
2849,2917376,71.76111,144.57143,1.0,0.97,1.189977,-0.000326,0.005942,2.6e-05,0.214657,0.0,0.727922,64.087723,5.117042,64.084129,5.404709,4.0,1.5e-05,7,742,0.20752,0.27742,0.0,0.0,100,0.0,0.15254,,,-0.01,0.01844,0.01886,-0.01183,0.00451,-0.00496,0.63122
2850,2918400,72.68929,132.16667,1.0,0.97,1.107827,-0.000405,0.02237,5.7e-05,0.273576,0.0,0.692833,59.667309,9.645575,58.577881,9.905566,4.0,1.5e-05,6,750,0.2121,0.26931,0.0,0.0,100,0.0,0.18557,,,-0.01,0.02094,0.00541,-0.00652,-0.00353,-0.00514,0.57441
2851,2919424,70.46009,166.57143,1.0,0.97,1.127582,-0.000586,0.014119,0.000193,0.237976,0.0,0.736186,58.699657,8.741409,59.426064,8.842027,4.0,1.5e-05,7,753,0.2135,0.27287,0.0,0.0,100,0.0,0.38235,,,-0.01,0.01838,0.01047,-0.00847,0.00383,-0.00317,0.66187
2852,2920448,63.96699,109.75,0.875,0.96,1.182692,-0.000112,0.022777,0.000251,0.220121,0.0,0.846546,57.294548,11.560053,56.638313,14.05232,4.0,1.5e-05,8,735,0.21809,0.27742,0.0,0.0,100,0.125,0.25773,,,-0.01,0.01868,0.01203,-0.00875,0.00302,-0.00602,0.64151
2853,2921472,57.91564,151.7,0.8,0.94,1.279106,-0.00064,0.015609,0.000115,0.23658,0.000105,0.808907,60.316475,8.672254,60.451576,10.531143,4.0,1.5e-05,10,715,0.19356,0.25428,0.01,0.0,100,0.1,0.3,,,-0.01,0.01797,0.01577,-0.00893,0.00416,-0.00511,0.66932
2854,2922496,73.47971,108.625,1.0,0.95,1.331203,-0.001679,0.014396,0.001037,0.318349,0.00429,0.60591,60.593105,6.993154,61.943401,6.963447,4.0,1.5e-05,8,696,0.18351,0.23049,0.01,0.0,100,0.0,0.1,,,-0.01,0.02232,0.00969,-0.00579,0.00852,-0.00389,0.63371
2855,2923520,73.61698,117.375,1.0,0.95,1.252447,-0.000599,0.004153,0.000521,0.28948,0.000453,0.874969,63.079651,6.727339,64.026863,6.511135,4.0,1.5e-05,8,731,0.20552,0.27762,0.01,0.0,100,0.0,0.19658,,,-0.01,0.01847,0.02124,-0.00884,0.00687,-0.00576,0.6955
2856,2924544,73.10791,117.09091,1.0,0.95,1.34237,-0.000281,0.003701,7.4e-05,0.276538,0.0,0.756312,64.932846,4.445948,66.065132,4.384429,4.0,1.5e-05,11,695,0.17389,0.21976,0.01,0.0,100,0.0,0.21951,,,-0.01,0.02043,0.00951,-0.00778,0.00644,-0.00377,0.86479
2857,2925568,73.02049,123.2,1.0,0.97,0.931342,-0.000552,0.016622,0.000103,0.232874,0.00014,0.74394,63.550457,9.919641,63.490467,9.417233,4.0,1.5e-05,5,805,0.23622,0.3344,0.01,0.0,100,0.0,0.13433,,,-0.01,0.01642,0.0263,-0.01228,-0.00169,-0.00264,0.5684
2858,2926592,61.36352,162.28571,0.85714,0.96,1.097592,-7.5e-05,0.02248,0.000124,0.265377,0.0,0.814042,61.153522,9.807817,59.759953,12.628007,4.0,1.5e-05,7,754,0.20845,0.27166,0.01,0.0,100,0.14286,0.14535,,,-0.01,0.01774,0.01173,-0.00884,0.00103,-0.01341,0.56013
2859,2927616,63.19429,133.42857,0.85714,0.95,1.30023,-0.000131,0.025738,4.8e-05,0.178615,7e-05,0.674548,62.058819,8.006286,61.897915,10.435066,4.0,1.5e-05,7,703,0.19228,0.2369,0.01,0.0,100,0.14286,0.12987,,,-0.01,0.02208,0.00954,-0.0068,0.00452,-0.00617,0.4884
2860,2928640,72.79882,122.5,1.0,0.95,1.007245,-0.000175,0.019691,1.3e-05,0.19775,0.0,0.728954,60.19635,10.237547,60.503059,9.877003,4.0,1.5e-05,6,780,0.19958,0.27002,0.01,0.0,100,0.16667,0.24658,,,-0.01,0.01971,0.01745,-0.01021,0.00105,-0.00321,0.62795
2861,2929664,62.58422,185.44444,0.88889,0.94,1.159276,-0.00034,0.006083,3.9e-05,0.241247,0.0,0.80938,63.405735,6.493535,63.932934,6.559483,4.0,1.5e-05,9,745,0.18806,0.2562,0.02,0.0,100,0.11111,0.20958,,,-0.01,0.0194,0.01721,-0.00918,0.00653,-0.00587,0.72323
2862,2930688,73.97858,102.375,1.0,0.94,1.353888,-0.000656,0.002743,0.000155,0.262392,0.0,0.880277,65.729652,5.5344,66.382286,5.539055,4.0,1.5e-05,8,702,0.17924,0.22894,0.02,0.0,100,0.0,0.20202,,,-0.01,0.02015,0.01504,-0.00828,0.0094,-0.00523,0.63605
2863,2931712,72.66793,120.3,1.0,0.94,1.204794,-0.000427,0.013509,0.000149,0.285503,0.0,0.710791,63.976154,7.620516,63.9771,7.939181,4.0,1.5e-05,10,720,0.17604,0.22967,0.02,0.0,100,0.0,0.23684,,,-0.01,0.02191,0.00902,-0.00881,0.00193,-0.00544,0.85909
2864,2932736,59.58418,122.16667,0.83333,0.93,1.07944,-0.000203,0.036965,0.000292,0.220997,0.0,0.638761,62.248814,9.887865,61.441963,11.739041,4.0,1.5e-05,6,757,0.19311,0.24431,0.02,0.0,100,0.16667,0.11628,,,-0.01,0.02134,0.01151,-0.00818,0.00199,-0.00365,0.48275
2865,2933760,72.71515,124.0,1.0,0.95,1.186063,-0.000292,0.014802,3.6e-05,0.272752,0.0,0.633512,63.503693,6.260732,63.055904,7.377142,4.0,1.5e-05,8,726,0.19754,0.26005,0.02,0.0,100,0.0,0.14141,,,-0.01,0.01902,0.01068,-0.00884,0.00171,-0.00266,0.71279
2866,2934784,46.60038,137.66667,0.66667,0.93,1.08313,-0.000211,0.060015,9.1e-05,0.35253,0.0,0.637488,60.091839,9.169113,57.666008,14.894454,4.0,1.5e-05,9,739,0.17445,0.22647,0.01,0.0,100,0.33333,0.34409,,,-0.01,0.0211,0.00747,-0.00827,-0.00062,-0.00415,0.55687
2867,2935808,73.01829,107.375,1.0,0.93,1.209074,-0.000577,0.009119,0.000221,0.279542,0.0,0.55739,61.39465,4.775839,62.524574,5.115094,4.0,1.5e-05,8,720,0.19508,0.25988,0.01,0.0,100,0.0,0.39189,,,-0.01,0.0218,0.01568,-0.00833,0.00545,-0.00373,0.69681
2868,2936832,73.09661,126.77778,1.0,0.93,1.158763,-0.000315,0.011267,0.000101,0.249236,0.0,0.789933,61.179413,7.74925,61.471897,8.528683,4.0,1.5e-05,9,730,0.18989,0.24852,0.01,0.0,100,0.0,0.096,,,-0.01,0.02196,0.01143,-0.00869,0.0028,-0.005,0.80632
2869,2937856,62.08785,126.71429,0.85714,0.92,1.272835,-0.000548,0.022289,0.000114,0.205185,0.000698,0.761709,61.821537,8.963948,61.444603,11.227338,4.0,1.5e-05,7,724,0.19281,0.25561,0.01,0.0,100,0.14286,0.23158,,,-0.01,0.01901,0.01581,-0.00782,0.00615,-0.00301,0.50248
2870,2938880,67.60457,113.0,0.91667,0.91,1.342733,-0.000459,0.016245,0.000228,0.180492,7e-05,0.660483,62.548199,5.400294,63.237549,8.164863,4.0,1.5e-05,12,693,0.17907,0.23534,0.01,0.0,100,0.08333,0.12687,,,-0.01,0.01981,0.01186,-0.00689,0.00753,-0.00546,0.8682
2871,2939904,72.71705,119.14286,1.0,0.93,1.287855,-0.000352,0.008103,5.1e-05,0.259091,0.0,0.682481,63.570076,5.182456,63.960537,5.813894,4.0,1.5e-05,7,715,0.17417,0.22892,0.01,0.0,100,0.0,0.30556,,,-0.01,0.02194,0.00905,-0.00826,0.00491,-0.0027,0.56864
2872,2940928,64.57895,120.77778,0.88889,0.92,1.235091,-0.000252,0.01595,5.4e-05,0.145314,0.000105,0.76005,63.753914,6.995972,63.751888,9.4741,4.0,1.5e-05,9,724,0.19002,0.25758,0.01,0.0,100,0.11111,0.20513,,,-0.01,0.01847,0.01548,-0.01135,0.0046,-0.00501,0.68957
2873,2941952,72.89148,118.8,1.0,0.93,1.211956,-0.000583,0.004848,0.000183,0.233447,0.000349,0.549448,64.88118,3.916493,65.219826,3.800366,4.0,1.5e-05,5,735,0.2016,0.27293,0.0,0.0,100,0.0,0.03509,,,-0.01,0.01976,0.01853,-0.01027,0.00443,-0.00415,0.43607
2874,2942976,72.77753,132.75,1.0,0.93,1.282743,-0.000341,0.009471,0.00014,0.232496,0.0,0.771945,64.023247,7.097315,64.377312,7.443285,4.0,1.5e-05,12,710,0.19073,0.2536,0.0,0.0,100,0.0,0.20488,,,-0.01,0.02006,0.01282,-0.00971,0.00684,-0.00503,0.97608
2875,2944000,72.87824,119.55556,1.0,0.93,1.205638,-0.000341,0.007688,8.6e-05,0.220711,3.5e-05,0.708977,63.091461,6.449946,63.748283,6.047909,4.0,1.5e-05,9,729,0.1808,0.23423,0.0,0.0,100,0.0,0.19792,,,-0.01,0.02044,0.00907,-0.00837,0.0047,-0.0055,0.78822
2876,2945024,62.73331,127.0,0.875,0.93,1.104575,-0.000254,0.039357,5.3e-05,0.184499,0.000105,0.634415,61.270542,10.149842,60.906654,12.087393,4.0,1.5e-05,8,740,0.18272,0.24083,0.0,0.0,100,0.125,0.42667,,,-0.01,0.02261,0.00748,-0.00623,0.00305,-0.00495,0.64694
2877,2946048,73.51564,104.5,1.0,0.94,1.303216,-0.000694,0.010843,0.000273,0.221166,0.001604,0.645384,65.032127,5.43668,64.985176,6.38679,4.0,1.5e-05,8,697,0.19187,0.24964,0.0,0.0,100,0.0,0.27473,,,-0.01,0.02223,0.00965,-0.007,0.00394,-0.00432,0.64448
2878,2947072,56.37179,116.66667,0.77778,0.94,1.130496,-0.000271,0.04435,0.000189,0.313726,0.000523,0.691902,61.191631,9.527681,59.261532,13.991144,4.0,1.5e-05,9,735,0.17668,0.22665,0.0,0.0,100,0.22222,0.25773,,,-0.01,0.02164,0.00956,-0.00927,0.00177,-0.004,0.6309
2879,2948096,58.39139,118.90909,0.81818,0.92,1.053973,-0.000566,0.058441,0.000232,0.225286,3.5e-05,0.598558,58.562534,10.224616,57.942677,13.942019,4.0,1.5e-05,11,749,0.17299,0.23142,0.0,0.0,100,0.18182,0.38144,,,-0.01,0.02098,0.00979,-0.00892,0.00044,-0.00591,0.86484
2880,2949120,73.68039,100.375,1.0,0.93,1.340728,-0.001436,0.008804,0.001201,0.304559,0.001918,0.588404,62.120869,5.210083,63.267864,5.294382,4.0,1.5e-05,8,691,0.17602,0.22552,0.0,0.0,100,0.0,0.18667,,,-0.01,0.02147,0.01145,-0.00722,0.00733,-0.0052,0.62414
2881,2950144,73.40434,98.91667,1.0,0.94,1.286432,-0.000682,0.010374,0.000855,0.275742,0.000174,0.527829,63.706299,4.773119,64.567627,5.465814,4.0,1.5e-05,12,695,0.17063,0.22655,0.0,0.0,100,0.0,0.16327,,,-0.01,0.02038,0.01092,-0.00847,0.00398,-0.0044,0.95954
2882,2951168,63.00708,106.85714,0.85714,0.93,1.210976,-2.9e-05,0.016264,0.000148,0.173046,0.0,0.805456,63.38863,7.55781,63.648552,10.716897,4.0,1.5e-05,7,717,0.17362,0.21719,0.0,0.0,100,0.14286,0.16393,,,-0.01,0.02338,0.01153,-0.00615,0.01066,-0.00442,0.5037
2883,2952192,73.87523,102.08333,1.0,0.94,1.390524,-0.000533,0.002551,0.000202,0.274909,0.000105,0.798603,66.283623,3.974774,67.220863,3.988173,4.0,1.5e-05,12,682,0.17246,0.23787,0.0,0.0,100,0.0,0.07692,,,-0.01,0.01888,0.01598,-0.00885,0.00719,-0.00637,0.90535
2884,2953216,73.79124,93.27273,1.0,0.94,1.372222,-0.000313,0.007079,0.00013,0.268184,7e-05,0.434915,66.952621,4.761853,67.477623,4.117849,4.0,1.5e-05,11,685,0.16603,0.22112,0.0,0.0,100,0.0,0.19802,,,-0.01,0.0196,0.00803,-0.01031,0.00717,-0.00416,0.84712
2885,2954240,72.50739,112.125,1.0,0.94,1.388528,-0.000966,0.00245,0.000513,0.270774,0.000384,0.692682,68.614113,3.731699,68.970161,3.320671,4.0,1.5e-05,8,695,0.1873,0.23777,0.0,0.0,100,0.0,0.41237,,,-0.01,0.02088,0.01129,-0.00857,0.00827,-0.00464,0.6156
2886,2955264,73.84798,128.0,1.0,0.94,1.522395,-0.000541,0.002195,0.000159,0.272745,0.0,0.717427,68.99234,3.534619,68.993332,3.370246,4.0,1.5e-05,8,680,0.18119,0.23823,0.0,0.0,100,0.0,0.09934,,,-0.01,0.01894,0.01623,-0.00766,0.00811,-0.00473,0.57374
2887,2956288,73.56268,103.77778,1.0,0.95,1.204531,-0.000657,0.009641,0.000116,0.216019,0.000174,0.515873,67.597031,5.724834,67.787582,5.194093,4.0,1.5e-05,9,723,0.18794,0.24996,0.0,0.0,100,0.0,0.23656,,,-0.01,0.02061,0.01549,-0.0079,0.0044,-0.00405,0.78508
2888,2957312,73.51343,112.90909,1.0,0.96,1.295873,-0.000452,0.014793,0.000144,0.302246,0.000977,0.586354,67.83712,5.144336,67.045395,6.904102,4.0,1.5e-05,11,696,0.19401,0.24746,0.0,0.0,100,0.0,0.15328,,,-0.01,0.0228,0.0119,-0.00568,0.00292,-0.0051,0.8881
2889,2958336,25.72987,109.5,0.375,0.93,1.10556,-0.000274,0.090494,8.3e-05,0.815387,0.000488,0.703709,60.124241,13.036855,54.792583,19.432074,4.0,1.5e-05,8,732,0.16676,0.2139,0.0,0.0,100,0.625,0.42105,,,-0.01,0.02286,0.00561,-0.00819,-0.00037,-0.00471,0.26763
2890,2959360,73.3424,111.0,1.0,0.94,1.157345,-0.000478,0.025165,0.00015,0.473193,0.0,0.639945,58.596233,9.553537,60.172779,9.024742,4.0,1.5e-05,10,736,0.1881,0.25841,0.0,0.0,100,0.0,0.2,,,-0.01,0.01806,0.01529,-0.00891,0.00551,-0.00348,0.90254
2891,2960384,73.104,111.25,1.0,0.94,1.319124,-0.000151,0.008689,0.000165,0.241555,3.5e-05,0.367259,63.670341,4.494741,64.596352,4.298099,4.0,1.5e-05,8,710,0.18366,0.25294,0.0,0.0,100,0.0,0.09804,,,-0.01,0.02032,0.01552,-0.00915,0.0071,-0.00392,0.64681
2892,2961408,73.65373,118.85714,1.0,0.94,1.27755,-0.000445,0.01375,7.2e-05,0.239993,0.000105,0.563437,63.969543,7.149025,64.011284,6.666872,4.0,1.5e-05,7,727,0.20807,0.28215,0.0,0.0,100,0.0,0.10976,,,-0.01,0.01822,0.02159,-0.00908,0.00252,-0.00305,0.60593
2893,2962432,72.5811,141.0,1.0,0.95,1.342767,-0.000211,0.011486,0.000103,0.210467,0.0,0.52178,63.72216,5.569037,63.996368,5.767859,4.0,1.5e-05,9,704,0.18648,0.23813,0.0,0.0,100,0.0,0.13043,,,-0.01,0.02038,0.00956,-0.00821,0.00401,-0.00411,0.71667
2894,2963456,72.98027,130.22222,1.0,0.95,1.237587,-0.00036,0.009966,7.4e-05,0.221812,0.0,0.649141,63.385685,6.756918,64.136551,6.24958,4.0,1.5e-05,9,727,0.19726,0.26764,0.0,0.0,100,0.0,0.16352,,,-0.01,0.01735,0.01916,-0.00936,0.00631,-0.00274,0.776
2895,2964480,73.71176,105.33333,1.0,0.95,1.175367,-0.000233,0.007195,3.8e-05,0.199488,0.0,0.696544,64.510231,6.385711,65.363762,5.623582,4.0,1.5e-05,6,743,0.18839,0.24285,0.0,0.0,100,0.0,0.2623,,,-0.01,0.02305,0.01193,-0.00734,0.00768,-0.00408,0.54275
2896,2965504,72.90722,127.1,1.0,0.95,1.265519,-0.000722,0.004417,0.000144,0.257398,0.000349,0.590191,66.924553,4.110819,67.335464,3.820867,4.0,1.5e-05,10,709,0.18646,0.24569,0.0,0.0,100,0.0,0.175,,,-0.01,0.02014,0.01349,-0.01143,0.00425,-0.00285,0.82638
2897,2966528,73.4458,106.6,1.0,0.95,1.201034,-0.00089,0.009397,0.000336,0.253045,0.000593,0.713142,66.102348,6.939659,66.396187,6.621111,4.0,1.5e-05,10,716,0.18611,0.24747,0.0,0.0,100,0.0,0.21008,,,-0.01,0.02135,0.01384,-0.00788,0.00606,-0.00366,0.86428
2898,2967552,63.61691,128.875,0.875,0.94,1.292747,-0.000243,0.024934,0.000349,0.246466,0.0,0.717946,66.966064,7.304384,65.735153,10.856303,4.0,1.5e-05,8,715,0.18855,0.25681,0.0,0.0,100,0.125,0.09091,,,-0.01,0.01939,0.01738,-0.00784,0.00229,-0.00407,0.56955
2899,2968576,74.03885,110.22222,1.0,0.94,1.20386,-0.000327,0.006544,8.9e-05,0.241599,0.0,0.5152,65.965279,4.436764,66.677238,4.234685,4.0,1.5e-05,9,709,0.19222,0.25513,0.0,0.0,100,0.0,0.112,,,-0.01,0.02234,0.01724,-0.0085,0.00574,-0.00481,0.754
2900,2969600,72.76938,109.0,1.0,0.95,1.201695,-0.000347,0.012082,0.000204,0.209222,3.5e-05,0.408757,66.739326,6.007379,66.912987,5.24456,4.0,1.5e-05,9,729,0.18886,0.24922,0.0,0.0,100,0.11111,0.15957,,,-0.01,0.02007,0.01581,-0.01148,0.00505,-0.00524,0.78196
2901,2970624,74.05658,114.71429,1.0,0.99,1.384673,-0.000977,0.00469,0.000376,0.267187,0.002965,0.814671,66.916763,5.49633,66.905067,5.840246,4.0,1.5e-05,7,699,0.22137,0.29095,0.0,0.0,100,0.0,0.04,,,-0.01,0.01767,0.01675,-0.0091,0.00807,-0.00693,0.54715
2902,2971648,72.48942,139.5,1.0,0.99,1.303749,-0.000431,0.003049,5.8e-05,0.269339,0.0,0.68327,67.387329,3.801634,67.717171,3.597429,4.0,1.5e-05,10,705,0.19654,0.26226,0.0,0.0,100,0.0,0.21267,,,-0.01,0.01853,0.01849,-0.00833,0.0052,-0.00413,0.80176
2903,2972672,73.62918,107.33333,1.0,0.99,1.263919,-0.000378,0.009247,9.1e-05,0.248218,0.000105,0.680895,66.43119,6.726825,67.06501,6.216404,4.0,1.5e-05,9,701,0.18518,0.23612,0.0,0.0,100,0.0,0.12,,,-0.01,0.02183,0.01331,-0.00715,0.00684,-0.00375,0.74348
2904,2973696,74.30356,106.14286,1.0,0.99,1.45134,-0.001264,0.004328,0.000912,0.290263,0.001465,0.677499,69.672417,3.885041,69.290688,4.297013,4.0,1.5e-05,7,695,0.21347,0.29377,0.0,0.0,100,0.0,0.13542,,,-0.01,0.01748,0.02565,-0.00779,0.00677,-0.00356,0.54273
2905,2974720,63.42704,134.28571,0.85714,0.98,1.231248,-0.00028,0.028574,0.000287,0.332578,0.0,0.702216,65.726578,7.536438,63.598473,11.150206,4.0,1.5e-05,7,726,0.18468,0.25047,0.0,0.0,100,0.14286,0.11258,,,-0.01,0.0196,0.01797,-0.00849,0.00122,-0.00334,0.50843
2906,2975744,64.96876,152.85714,0.85714,0.97,0.977142,-0.000276,0.00646,3.7e-05,0.218604,0.0,0.754587,63.713703,6.087741,64.255447,5.816633,4.0,1.5e-05,7,794,0.20632,0.29176,0.01,0.0,100,0.14286,0.1,,,-0.01,0.01834,0.0271,-0.01071,0.00876,-0.00598,0.64548
2907,2976768,72.63685,125.22222,1.0,0.97,1.146215,-0.000343,0.003374,5.5e-05,0.2543,0.0,0.734544,65.88356,3.466416,65.919106,4.137026,4.0,1.5e-05,9,737,0.18898,0.23572,0.01,0.0,100,0.0,0.20301,,,-0.01,0.02115,0.01236,-0.0105,0.00467,-0.00661,0.81616
2908,2977792,62.05977,171.28571,0.85714,0.96,1.098109,-0.000285,0.013729,7.3e-05,0.212186,0.0,0.549051,63.218971,7.222732,63.279457,6.537523,4.0,1.5e-05,7,751,0.20605,0.25928,0.02,0.0,100,0.0,0.18333,,,-0.01,0.02222,0.00691,-0.00777,0.00287,-0.00574,0.58771
2909,2978816,72.4444,142.25,1.0,0.96,1.187959,-0.000446,0.007246,0.000103,0.243252,7e-05,0.63798,65.095985,5.447859,65.640228,5.257318,4.0,1.5e-05,8,734,0.20911,0.28174,0.02,0.0,100,0.0,0.19481,,,-0.01,0.0185,0.023,-0.00942,0.00704,-0.00291,0.70962
2910,2979840,74.03439,97.81818,1.0,0.97,1.405937,-0.000557,0.0031,0.000168,0.278094,0.0,0.760216,66.713554,3.678932,67.087517,4.14037,4.0,1.5e-05,11,674,0.18038,0.22825,0.02,0.0,100,0.0,0.13675,,,-0.01,0.02118,0.01286,-0.00866,0.00553,-0.0058,0.82329
2911,2980864,74.14041,100.0,1.0,0.97,1.072341,-0.000166,0.01008,3.9e-05,0.19744,0.0,0.675279,64.808182,7.258617,65.180008,6.469981,4.0,1.5e-05,4,756,0.20972,0.28105,0.02,0.0,100,0.0,0.06977,,,-0.01,0.01888,0.02253,-0.00964,0.0046,-0.00265,0.3922
2912,2981888,72.28332,156.66667,1.0,0.97,1.189441,-0.000685,0.003598,8.6e-05,0.259214,7e-05,0.667299,67.103569,3.939236,67.365562,3.832244,4.0,1.5e-05,9,729,0.2034,0.27474,0.02,0.0,100,0.0,0.09845,,,-0.01,0.01932,0.01937,-0.00843,0.00565,-0.00312,0.78265
2913,2982912,74.35734,105.28571,1.0,0.97,1.220164,-0.000869,0.002739,0.000254,0.277567,0.00014,0.764781,68.709457,3.804514,68.783615,4.016183,4.0,1.5e-05,7,732,0.21982,0.29646,0.02,0.0,100,0.0,0.11538,,,-0.01,0.01805,0.02923,-0.01209,0.00629,-0.00363,0.61359
2914,2983936,73.23543,135.3,1.0,0.97,1.263036,-0.001034,0.002987,0.000376,0.267761,0.000279,0.689071,67.910088,3.660216,67.754745,3.5975,4.0,1.5e-05,10,695,0.18997,0.24158,0.02,0.0,100,0.0,0.13636,,,-0.01,0.0206,0.01421,-0.00826,0.00291,-0.00455,0.8078
2915,2984960,72.4209,147.875,1.0,0.97,1.050597,-0.000188,0.004281,5.1e-05,0.245203,0.0,0.637104,67.69735,4.088147,67.587746,3.996658,4.0,1.5e-05,8,758,0.21273,0.28968,0.02,0.0,100,0.0,0.20349,,,-0.01,0.01871,0.0221,-0.01053,0.00506,-0.0042,0.76111
2916,2985984,74.5021,98.0,1.0,0.97,1.331627,-0.000981,0.002394,0.000896,0.289276,0.000244,0.77759,68.265816,3.653812,68.690422,3.786247,4.0,1.5e-05,9,693,0.19479,0.24411,0.02,0.0,100,0.0,0.10924,,,-0.01,0.02053,0.0197,-0.00962,0.011,-0.00496,0.70478
2917,2987008,73.76472,116.55556,1.0,0.97,1.297605,-0.001021,0.003541,0.000748,0.255614,0.000523,0.722713,68.615044,4.222888,68.902679,4.132553,4.0,1.5e-05,9,699,0.18922,0.25403,0.02,0.0,100,0.0,0.12081,,,-0.01,0.02161,0.01897,-0.00793,0.00695,-0.00402,0.71221
2918,2988032,74.0762,114.0,1.0,0.99,1.179869,-0.00064,0.003524,5.9e-05,0.284231,3.5e-05,0.686548,68.751366,3.934886,68.760651,3.894062,4.0,1.5e-05,9,720,0.20269,0.26398,0.01,0.0,100,0.0,0.12245,,,-0.01,0.02016,0.02127,-0.00952,0.00331,-0.00399,0.7788
2919,2989056,73.83884,110.25,1.0,0.99,1.213836,-0.00138,0.005537,0.001159,0.270509,0.004569,0.745124,67.990089,5.497596,68.03772,5.397719,4.0,1.5e-05,8,711,0.18513,0.23459,0.01,0.0,100,0.0,0.17742,,,-0.01,0.02026,0.01591,-0.00933,0.01003,-0.00364,0.67111
2920,2990080,73.26021,126.55556,1.0,1.0,1.234928,-0.000826,0.001593,0.000404,0.28593,0.001116,0.839812,68.972961,3.649929,68.947189,3.652473,4.0,1.5e-05,9,718,0.18277,0.23025,0.0,0.0,100,0.0,0.14173,,,-0.01,0.02065,0.01448,-0.00789,0.00709,-0.00448,0.76033
2921,2991104,72.95584,110.33333,1.0,1.0,1.091713,-0.00037,0.006562,0.000105,0.221457,0.0,0.622557,67.695793,5.116765,67.353516,4.808835,4.0,1.5e-05,9,742,0.19301,0.23982,0.0,0.0,100,0.0,0.32039,,,-0.01,0.02244,0.01135,-0.00912,0.00189,-0.00518,0.83614
2922,2992128,73.37823,112.2,1.0,1.0,1.268348,-0.001216,0.002434,0.000547,0.271959,0.002511,0.71103,68.698776,3.407366,68.916862,3.358889,4.0,1.5e-05,10,705,0.19006,0.24301,0.0,0.0,100,0.0,0.23022,,,-0.01,0.02107,0.01904,-0.00877,0.00658,-0.00492,0.81485
2923,2993152,73.92962,100.7,1.0,1.0,1.305105,-0.000634,0.002921,0.000387,0.213816,0.000209,0.657781,68.813927,3.419641,68.890541,3.376643,4.0,1.5e-05,10,678,0.1751,0.20634,0.0,0.0,100,0.0,0.16031,,,-0.01,0.02329,0.01152,-0.00751,0.00428,-0.00488,0.77597
2924,2994176,72.90037,119.16667,1.0,1.0,1.006745,-0.000425,0.008039,8.6e-05,0.19936,3.5e-05,0.675836,67.038383,6.418957,67.165146,5.791653,4.0,1.5e-05,6,753,0.20422,0.26645,0.0,0.0,100,0.0,0.24242,,,-0.01,0.02064,0.01885,-0.00914,0.00437,-0.00383,0.59653
2925,2995200,72.62572,134.66667,1.0,1.0,1.058901,-0.00024,0.00721,3.9e-05,0.197864,0.0,0.616052,66.989227,5.576544,67.146347,5.072095,4.0,1.5e-05,9,738,0.17593,0.21944,0.0,0.0,100,0.0,0.13043,,,-0.01,0.02274,0.01336,-0.0075,0.00369,-0.0043,0.8273
2926,2996224,73.42384,119.66667,1.0,1.0,1.077778,-0.000274,0.007299,8.3e-05,0.213009,0.0,0.742962,66.95433,6.104648,66.642174,6.228606,4.0,1.5e-05,9,737,0.21132,0.27402,0.0,0.0,100,0.0,0.19231,,,-0.01,0.02157,0.01476,-0.00692,0.00262,-0.00467,0.8296
2927,2997248,72.60299,115.6,1.0,1.0,1.224192,-0.000286,0.004849,2.9e-05,0.251971,0.0,0.748742,67.130806,5.442028,67.478973,5.108506,4.0,1.5e-05,10,706,0.17806,0.22042,0.0,0.0,100,0.1,0.20213,,,-0.01,0.02166,0.01478,-0.00884,0.00673,-0.00619,0.82877
2928,2998272,74.23915,92.85714,1.0,1.0,1.296805,-0.00067,0.004605,0.000147,0.250397,0.0,0.730235,67.758354,4.375831,67.487495,4.760333,4.0,1.5e-05,7,700,0.18662,0.24503,0.0,0.0,100,0.0,0.17333,,,-0.01,0.0193,0.01708,-0.00914,0.00368,-0.00731,0.56851
2929,2999296,65.72535,107.5,0.9,0.99,1.281566,-0.000207,0.035926,0.000159,0.207231,0.0,0.215943,67.897018,3.58359,66.964264,7.886988,4.0,1.5e-05,10,692,0.17924,0.22924,0.0,0.0,100,0.1,0.25664,,,-0.01,0.02097,0.01699,-0.0083,0.00402,-0.00769,0.71587
2930,3000320,53.72766,155.42857,0.71429,0.97,1.271952,-0.000316,0.030187,0.000154,0.270485,0.0,0.506701,66.412979,4.90329,64.591759,9.154221,4.0,1.5e-05,7,708,0.20459,0.26481,0.01,0.0,100,0.14286,0.04688,,,-0.01,0.02113,0.01843,-0.0071,0.00228,-0.00999,0.41085
