iteration,env_steps,ep_return,ep_length,success_rate,success_rate_rolling,entropy,policy_loss,value_loss,approx_kl,grad_norm,clipfrac,explained_variance,value_mean,value_std,return_mean,return_std,epochs_used,lr,n_episodes,sps,tx_per_agent_step,messages_per_agent_step,timeout_rate_rolling,root_report_close_rolling,root_report_close_n,human_death_rate,false_complete_rate,cover_under_threat,objective_dist_under_threat,comp_time,comp_compliance,comp_report,comp_command,comp_combat,comp_bunching,comp_terminal
1,1024,nan,nan,0.0,0.0,2.40745,-0.006036,0.311398,0.006577,0.643135,0.069199,-0.025541,-0.092736,0.18121,-1.728999,2.053735,4.0,0.0003,0,291,0.19989,0.24689,0.0,nan,0,0.0,0.0,,,-0.03,0.00258,-0.0067,-0.04016,0.0,-0.03076,0.0
2,2048,nan,nan,0.0,0.0,2.401453,-0.0037,0.125029,0.00142,0.736437,0.006714,0.63239,-1.695091,1.461773,-2.930625,3.043055,4.0,0.0002999,0,294,0.16998,0.21676,0.0,nan,0,0.0,0.0,,,-0.03,0.00407,-0.00697,-0.03734,-0.00235,-0.00473,0.0
3,3072,nan,nan,0.0,0.0,2.105991,-0.003418,0.071351,0.00307,0.539672,0.023727,0.848304,-2.422014,2.740867,-3.324007,3.756692,4.0,0.0002998,0,303,0.13357,0.1865,0.0,nan,0,0.0,0.0,,,-0.03,0.00382,-0.00644,-0.02819,-0.00746,-0.00174,0.0
4,4096,-36.68125,445.0,0.0,0.0,1.439582,-0.002925,0.064426,0.001972,0.326783,0.017563,0.879579,-3.265597,3.301937,-3.854614,4.056528,4.0,0.00029969,1,353,0.16436,0.23562,0.0,nan,0,1.0,1.0,,,-0.03,0.00558,-0.00693,-0.02677,-0.01516,-0.00462,-0.00333
5,5120,-38.43605,600.0,0.0,0.0,1.429341,-0.003594,0.040648,0.002192,0.169815,0.017456,0.920331,-4.171865,4.146753,-4.819613,5.145897,4.0,0.00029959,7,345,0.19336,0.25792,0.875,nan,0,0.14286,0.97209,,,-0.03,0.00431,-0.00511,-0.03557,-0.00382,-0.02389,0.0
6,6144,-20.79015,290.0,0.0,0.0,2.008689,-0.003764,0.038991,0.003842,0.179952,0.035904,0.942038,-5.350842,5.253092,-6.02154,6.017816,4.0,0.00029949,1,291,0.1458,0.1955,0.77778,nan,0,1.0,1.0,,,-0.03,0.00421,-0.00356,-0.0289,-0.01061,-0.00617,-0.00232
7,7168,-19.31019,281.0,0.0,0.0,1.161565,-0.003439,0.034272,0.002158,0.188767,0.021881,0.948591,-4.461626,5.302732,-4.822243,5.717707,4.0,0.00029939,1,360,0.16445,0.24056,0.7,nan,0,1.0,0.84,,,-0.03,0.00498,-0.00463,-0.02914,-0.02385,-0.00437,-0.00395
8,8192,-20.40731,353.0,0.0,0.0,0.950715,-0.002904,0.042434,0.002295,0.204861,0.026596,0.931075,-5.254035,5.495688,-5.543765,6.151599,4.0,0.00029928,5,379,0.16228,0.22644,0.46667,nan,0,1.0,0.89781,,,-0.03,0.00474,-0.00374,-0.0397,-0.0124,-0.02731,-0.02227
9,9216,-19.95008,358.0,0.0,0.0,1.560042,-0.004265,0.03654,0.003274,0.286716,0.043564,0.95273,-6.411114,6.449682,-6.724814,6.908,4.0,0.00029918,3,329,0.13936,0.19857,0.38889,nan,0,1.0,0.93056,,,-0.03,0.00591,-0.00298,-0.02871,-0.02118,-0.01491,-0.00848
10,10240,-16.81489,244.25,0.0,0.0,1.11777,-0.002796,0.032207,0.002158,0.223729,0.023575,0.94978,-5.850924,6.040615,-5.966444,6.50779,4.0,0.00029908,4,345,0.14542,0.2126,0.31818,nan,0,1.0,0.91045,,,-0.03,0.00583,-0.00247,-0.03162,-0.02051,-0.01674,-0.0149
11,11264,-17.03178,273.5,0.0,0.0,1.245191,-0.002286,0.025471,0.001271,0.213327,0.014526,0.964014,-6.083533,6.743895,-6.173569,7.045569,4.0,0.00029898,4,350,0.12694,0.18656,0.26923,nan,0,1.0,0.92727,,,-0.03,0.0056,-0.00152,-0.02969,-0.02101,-0.01529,-0.01351
12,12288,-15.5156,245.5,0.0,0.0,1.300387,-0.003641,0.025036,0.002921,0.214265,0.027878,0.965388,-6.484506,6.85418,-6.554309,7.218146,4.0,0.00029887,4,339,0.13327,0.1979,0.23333,nan,0,1.0,0.92857,,,-0.03,0.00594,-0.00298,-0.03166,-0.0197,-0.01419,-0.01255
13,13312,-13.53825,189.16667,0.0,0.0,1.221525,-0.003076,0.037071,0.001736,0.215523,0.021439,0.939466,-6.391246,6.850875,-6.597233,7.053924,4.0,0.00029877,6,328,0.15205,0.21599,0.19444,nan,0,1.0,0.875,,,-0.03,0.00592,-0.00218,-0.03166,-0.02385,-0.03527,-0.02009
14,14336,-14.36799,225.75,0.0,0.0,1.287633,-0.00413,0.040118,0.003192,0.339989,0.045624,0.91831,-6.648825,6.213993,-7.116724,6.961262,4.0,0.00029867,4,343,0.16943,0.24051,0.175,nan,0,1.0,0.93333,,,-0.03,0.00606,-0.00365,-0.02656,-0.0227,-0.05235,-0.01317
15,15360,-12.89054,180.33333,0.0,0.0,1.079237,-0.003911,0.039509,0.002771,0.202298,0.037903,0.929859,-6.567495,6.585484,-6.738442,7.16453,4.0,0.00029857,3,359,0.16999,0.24062,0.16279,nan,0,1.0,0.94118,,,-0.03,0.00615,-0.00207,-0.02897,-0.02053,-0.04511,-0.01108
16,16384,-19.42497,317.5,0.0,0.0,0.940399,-0.002903,0.020498,0.001404,0.160895,0.009872,0.962655,-5.635868,6.408738,-5.679339,6.699872,4.0,0.00029846,4,367,0.15436,0.22237,0.17021,nan,0,1.0,0.9726,,,-0.03,0.00687,-0.00232,-0.03261,-0.02015,-0.02228,-0.01248
17,17408,-21.78108,233.2,0.0,0.0,1.119992,-0.003769,0.023816,0.002496,0.179406,0.0289,0.954226,-5.96637,6.553372,-5.867533,6.592115,4.0,0.00029836,5,336,0.11901,0.18675,0.15385,nan,0,1.0,0.92105,,,-0.03,0.00594,-0.00076,-0.02321,-0.02976,-0.01384,-0.01699
18,18432,-15.99724,295.0,0.0,0.0,0.849432,-0.003699,0.02157,0.002839,0.21296,0.027924,0.953851,-5.380788,6.176937,-5.299951,6.209278,4.0,0.00029826,4,374,0.11884,0.18908,0.16071,nan,0,0.75,0.87719,,,-0.03,0.00502,-0.00135,-0.02572,-0.02584,-0.01735,-0.01282
19,19456,-11.66406,147.2,0.0,0.0,0.824608,-0.003353,0.020858,0.002383,0.263386,0.03096,0.943876,-5.083029,5.922519,-4.913521,5.650414,4.0,0.00029816,5,371,0.11294,0.18298,0.14754,nan,0,1.0,0.90476,,,-0.03,0.00514,-0.00154,-0.02451,-0.03697,-0.01602,-0.02193
20,20480,-11.12173,165.75,0.0,0.0,0.90832,-0.00361,0.01331,0.001949,0.147675,0.016754,0.964843,-4.957503,5.581023,-4.890794,5.562087,4.0,0.00029805,4,360,0.10559,0.16473,0.13846,nan,0,1.0,1.0,,,-0.03,0.00534,-0.00145,-0.02559,-0.02022,-0.01494,-0.01548
21,21504,-11.5759,290.85714,0.0,0.0,1.053152,-0.003351,0.017227,0.002662,0.205577,0.027191,0.957871,-5.587276,5.87268,-5.438483,5.76134,4.0,0.00029795,7,337,0.09101,0.1531,0.15278,nan,0,1.0,0.94828,,,-0.03,0.00507,-0.00027,-0.02536,-0.02317,-0.02251,-0.01653
22,22528,-11.58676,183.71429,0.0,0.0,0.865751,-0.004282,0.015301,0.003617,0.238778,0.04335,0.952202,-4.327511,5.053887,-4.322653,5.035804,4.0,0.00029785,7,373,0.09831,0.16536,0.13924,nan,0,1.0,1.0,,,-0.03,0.00534,0.0001,-0.02761,-0.03303,-0.01813,-0.02917
23,23552,-11.22803,149.66667,0.0,0.0,1.199147,-0.004589,0.014435,0.002875,0.216813,0.041931,0.957438,-5.303595,5.504209,-5.213901,5.266134,4.0,0.00029775,6,329,0.08459,0.14129,0.12941,nan,0,1.0,0.88889,,,-0.03,0.0055,-0.0001,-0.0233,-0.02972,-0.01502,-0.01756
24,24576,-10.91148,147.5,0.0,0.0,1.145001,-0.003253,0.014927,0.002822,0.18994,0.028839,0.954886,-5.058944,5.152975,-5.09641,5.057604,4.0,0.00029764,8,323,0.08648,0.14681,0.11828,nan,0,1.0,0.88889,,,-0.03,0.00548,0.0006,-0.02617,-0.03179,-0.02052,-0.02417
25,25600,-11.50111,141.33333,0.0,0.0,1.092727,-0.004489,0.012787,0.003084,0.201478,0.033493,0.957224,-5.067951,4.939698,-5.04294,4.815074,4.0,0.00029754,6,336,0.08883,0.14904,0.11111,nan,0,1.0,1.0,,,-0.03,0.0056,4e-05,-0.02564,-0.03131,-0.01919,-0.01901
26,26624,-11.61075,164.57143,0.0,0.0,0.950162,-0.003361,0.011098,0.002717,0.18011,0.02272,0.958736,-4.642208,4.617763,-4.63315,4.501192,4.0,0.00029744,7,343,0.08763,0.15261,0.06,nan,0,1.0,0.71429,,,-0.03,0.00571,-0.0,-0.02368,-0.03464,-0.02153,-0.02475
27,27648,-10.71514,127.22222,0.0,0.0,1.160528,-0.003907,0.011207,0.003759,0.206269,0.034714,0.952784,-5.360658,4.547276,-5.28195,4.329976,4.0,0.00029734,9,326,0.08941,0.15306,0.04,nan,0,1.0,1.0,,,-0.03,0.00636,0.00017,-0.02388,-0.03478,-0.02116,-0.02604
28,28672,-10.43333,140.66667,0.0,0.0,0.948024,-0.003611,0.009046,0.002152,0.153189,0.025177,0.952584,-4.229385,3.618558,-4.198651,3.664247,4.0,0.00029724,3,335,0.0967,0.163,0.04,nan,0,1.0,1.0,,,-0.03,0.00689,4e-05,-0.02334,-0.03432,-0.01183,-0.01077
29,29696,-11.03268,166.83333,0.0,0.0,0.966904,-0.00409,0.025848,0.003936,0.351345,0.046432,0.900236,-4.643753,4.473196,-5.017191,5.218876,4.0,0.00029713,6,349,0.08855,0.14805,0.04,nan,0,1.0,0.83333,,,-0.03,0.0053,0.00035,-0.02691,-0.02804,-0.04931,-0.02066
30,30720,-11.3352,154.0,0.0,0.0,0.913348,-0.004219,0.029004,0.002204,0.275584,0.027649,0.924063,-5.348479,5.193164,-5.597295,6.127955,4.0,0.00029703,7,348,0.09721,0.16065,0.04,nan,0,1.0,0.91667,,,-0.03,0.00656,-0.00071,-0.02686,-0.01955,-0.04322,-0.02489
31,31744,-10.48313,122.0,0.0,0.0,0.878947,-0.005181,0.022098,0.003522,0.204417,0.035812,0.943651,-5.101841,5.113256,-5.149277,5.363638,4.0,0.00029693,5,344,0.09713,0.16506,0.04,nan,0,1.0,1.0,,,-0.03,0.00584,0.00022,-0.02648,-0.02838,-0.02256,-0.01818
32,32768,-18.70434,285.66667,0.0,0.0,0.938274,-0.002619,0.027844,0.003238,0.279862,0.024109,0.902466,-5.153373,4.259318,-5.276531,4.634301,4.0,0.00029683,6,352,0.09837,0.16457,0.05,nan,0,1.0,0.90909,,,-0.03,0.00572,5e-05,-0.02373,-0.02603,-0.03606,-0.01665
33,33792,-9.69602,161.25,0.0,0.0,0.919236,-0.00235,0.048092,0.001407,0.445052,0.014297,0.867058,-5.777183,4.823421,-6.460435,6.418761,4.0,0.00029672,4,352,0.11205,0.17099,0.04,nan,0,1.0,1.0,,,-0.03,0.00681,-6e-05,-0.03089,-0.01779,-0.07555,-0.01384
34,34816,-10.3012,133.0,0.0,0.0,0.804318,-0.003563,0.059952,0.002623,0.470513,0.029297,0.897098,-6.111096,6.284793,-6.730886,8.26992,4.0,0.00029662,4,373,0.13001,0.19342,0.04,nan,0,1.0,1.0,,,-0.03,0.00513,-0.00101,-0.03277,-0.01967,-0.08813,-0.0164
35,35840,-13.30413,192.0,0.0,0.0,0.776941,-0.003331,0.065487,0.001942,0.444101,0.028412,0.919809,-6.033218,7.950709,-6.765529,10.122984,4.0,0.00029652,4,359,0.11141,0.16928,0.03,nan,0,1.0,0.875,,,-0.03,0.0069,-0.00033,-0.0254,-0.02042,-0.09529,-0.01583
36,36864,-11.34649,258.14286,0.0,0.0,0.95822,-0.003752,0.06489,0.002788,0.425226,0.03421,0.943357,-6.952459,10.133959,-7.655091,12.180054,4.0,0.00029642,7,348,0.10167,0.16426,0.04,nan,0,1.0,0.93548,,,-0.03,0.00594,0.0005,-0.02644,-0.01767,-0.0839,-0.0198
37,37888,-57.41099,261.5,0.0,0.0,0.964079,-0.003209,0.053568,0.003014,0.272793,0.032471,0.92245,-5.072582,7.576703,-5.259614,8.22646,4.0,0.00029631,4,354,0.10159,0.16612,0.05,nan,0,0.75,1.0,,,-0.03,0.00475,0.00024,-0.02117,-0.02287,-0.03925,-0.01011
38,38912,8.37693,168.75,0.25,0.01,0.671372,-0.001127,0.631404,0.003275,0.740598,0.054199,0.19614,-3.21167,3.800184,-1.759168,8.157531,4.0,0.00029621,4,369,0.09997,0.16243,0.03,0.0,1,0.75,1.0,,,-0.03,0.00706,-0.00022,-0.022,-0.01438,-0.01672,0.15406
39,39936,-12.06777,182.25,0.0,0.01,0.685727,-0.003569,0.02023,0.00255,0.282187,0.022491,0.801692,-2.091959,3.565172,-2.046406,3.113092,4.0,0.00029611,4,391,0.08766,0.14518,0.03,0.0,1,1.0,0.83333,,,-0.03,0.00871,-0.00028,-0.02272,-0.01002,-0.01575,-0.01761
40,40960,14.73748,205.66667,0.33333,0.03,0.768086,-0.001171,1.008626,0.002069,0.944756,0.013199,0.191187,-2.146212,3.080115,0.338143,10.708612,4.0,0.00029601,6,378,0.08131,0.13801,0.03,0.0,3,0.66667,0.88235,,,-0.03,0.00655,0.00024,-0.02539,-0.00936,-0.01972,0.26165
41,41984,5.37518,251.2,0.2,0.04,0.666603,-0.002114,0.493738,0.003086,0.747449,0.032211,0.393851,0.548962,5.211937,1.42331,8.816681,4.0,0.0002959,5,386,0.09482,0.16561,0.04,0.0,4,0.6,1.0,,,-0.03,0.00548,2e-05,-0.01902,-0.02535,-0.02135,0.148
42,43008,-9.5971,247.8,0.0,0.04,0.896537,-0.003312,0.108603,0.003582,0.738616,0.03038,0.756582,1.653816,7.068977,1.660114,6.660365,4.0,0.0002958,5,348,0.08486,0.1458,0.05,0.0,4,1.0,0.85714,,,-0.03,0.0062,0.0004,-0.02321,-0.01354,-0.0209,-0.01373
43,44032,27.66168,132.83333,0.5,0.07,0.956185,-0.002605,0.879163,0.004193,1.598697,0.057022,0.434505,2.990252,6.183829,5.665506,12.944607,4.0,0.0002957,6,351,0.08419,0.13999,0.05,0.0,7,0.5,1.0,,,-0.03,0.00632,-0.00018,-0.02772,-0.00715,-0.01472,0.32952
44,45056,26.64898,147.0,0.5,0.08,0.527645,-0.001212,0.35385,0.001741,1.031487,0.019119,0.657547,6.686553,8.806582,7.754928,10.749902,4.0,0.0002956,2,415,0.1041,0.16997,0.05,0.0,8,0.5,0.6,,,-0.03,0.00522,-0.00042,-0.02827,-0.01061,-0.0144,0.18997
45,46080,15.56042,300.0,0.33333,0.09,0.696862,-0.002634,0.297706,0.002065,0.55881,0.018204,0.622851,8.083648,8.269472,8.969807,10.33589,4.0,0.00029549,3,396,0.099,0.15279,0.06,0.0,9,0.66667,1.0,,,-0.03,0.00466,-0.00082,-0.03439,0.00562,-0.02492,0.14919
46,47104,-14.47629,388.5,0.0,0.09,0.836567,-0.003545,0.076431,0.002798,0.793278,0.036911,0.9062,13.592905,10.833047,13.111685,10.921361,4.0,0.00029539,2,383,0.12316,0.1882,0.07,0.0,9,0.5,1.0,,,-0.03,0.00257,-0.00074,-0.03411,0.00293,-0.02673,-0.00395
47,48128,-18.82827,600.0,0.0,0.09,1.052886,-0.00424,0.04615,0.00368,0.996935,0.048431,0.943005,15.049446,10.919151,14.034136,10.900521,4.0,0.00029529,3,392,0.12181,0.18035,0.1,0.0,9,0.33333,0.91429,,,-0.03,0.00297,-0.00148,-0.03829,0.00195,-0.03698,0.0
48,49152,nan,nan,0.0,0.09,1.376146,-0.00434,0.059634,0.004003,1.020591,0.041214,0.896601,18.420158,8.966275,16.916887,9.639064,4.0,0.00029519,0,355,0.10951,0.16799,0.1,0.0,9,0.0,0.0,,,-0.03,0.00348,-0.00168,-0.03059,-0.00316,-0.03705,0.0
49,50176,-37.66792,600.0,0.0,0.09,1.107905,-0.004545,0.042707,0.003174,1.129839,0.046387,0.942404,15.98912,9.573815,14.66732,10.537934,4.0,0.00029508,2,401,0.14927,0.22424,0.12,0.0,9,0.0,0.75439,,,-0.03,0.00416,-0.00155,-0.03422,-0.00121,-0.02791,0.0
50,51200,-40.39626,600.0,0.0,0.09,1.043921,-0.003498,0.037138,0.003126,0.517245,0.041779,0.934861,13.063616,10.54337,12.2311,10.857052,4.0,0.00029498,3,373,0.11597,0.17836,0.15,0.0,9,0.33333,0.808,,,-0.03,0.00485,-0.00281,-0.03516,0.00206,-0.01714,0.0
51,52224,-17.54001,396.0,0.0,0.09,1.087417,-0.003451,0.038084,0.002775,0.735657,0.03302,0.93299,12.765369,9.991508,11.523176,10.105645,4.0,0.00029488,1,376,0.10929,0.17328,0.15,0.0,9,1.0,0.94444,,,-0.03,0.00324,-0.00024,-0.03048,-0.00353,-0.01984,-0.0032
52,53248,-19.17638,480.0,0.0,0.09,0.787964,-0.003431,0.038434,0.001655,0.481193,0.014069,0.913319,10.288343,9.696011,9.204271,9.712543,4.0,0.00029478,3,338,0.11819,0.19391,0.17,0.0,9,1.0,0.81707,,,-0.03,0.00392,-0.00085,-0.02627,-0.00506,-0.01687,-0.00422
53,54272,nan,nan,0.0,0.09,0.736754,-0.003146,0.024346,0.002652,0.455077,0.036438,0.935119,8.998185,8.983433,7.901741,8.851598,4.0,0.00029468,0,350,0.12752,0.20716,0.17,0.0,9,0.0,0.0,,,-0.03,0.00261,-0.0007,-0.02775,-0.00974,-0.0067,0.0
54,55296,-17.50785,454.2,0.0,0.09,0.672539,-0.002166,0.018965,0.001959,0.391903,0.022263,0.95748,7.394681,9.213077,6.589299,9.37201,4.0,0.00029457,5,372,0.11944,0.18403,0.2,0.0,9,0.8,0.78417,,,-0.03,0.00517,0.00035,-0.03348,-0.00091,-0.01873,-0.00931
55,56320,-19.75092,600.0,0.0,0.09,1.231498,-0.003491,0.020346,0.003296,0.504315,0.03569,0.957965,9.573352,9.47762,8.385656,9.973393,4.0,0.00029447,2,352,0.10566,0.1583,0.22,0.0,9,1.0,0.68,,,-0.03,0.00286,-0.00116,-0.03558,-0.00123,-0.015,0.0
56,57344,-16.10761,247.0,0.0,0.09,1.110845,-0.003453,0.031439,0.002948,0.48819,0.02565,0.937652,8.680108,9.555498,7.313582,10.26362,4.0,0.00029437,1,344,0.1138,0.1719,0.22,0.0,9,1.0,0.6875,,,-0.03,0.00414,-0.00028,-0.0375,-0.00124,-0.0139,-0.00322
57,58368,-19.96591,476.5,0.0,0.09,1.311956,-0.004496,0.030136,0.004385,0.464406,0.051971,0.94837,7.954496,10.549295,6.613091,11.132606,4.0,0.00029427,2,319,0.10895,0.16271,0.23,0.0,9,0.5,0.71111,,,-0.03,0.00416,-0.00015,-0.03747,-0.00127,-0.02576,-0.00283
58,59392,nan,nan,0.0,0.09,1.198527,-0.004364,0.026596,0.003859,0.433415,0.050919,0.932377,6.386859,9.180228,5.149961,9.619406,4.0,0.00029416,0,352,0.12728,0.18841,0.23,0.0,9,0.0,0.0,,,-0.03,0.00436,0.00025,-0.03284,-0.00412,-0.03355,0.0
59,60416,-27.06391,593.66667,0.0,0.09,1.253106,-0.005726,0.025788,0.00499,0.439702,0.079788,0.94639,5.879416,10.04331,4.568628,10.55256,4.0,0.00029406,3,355,0.12273,0.17663,0.25,0.0,9,1.0,0.7284,,,-0.03,0.00404,-0.00033,-0.03193,0.00039,-0.04409,-0.00299
60,61440,-31.97782,555.0,0.0,0.09,1.248612,-0.005332,0.025691,0.003655,0.400064,0.043381,0.948737,5.54369,9.955824,4.465716,10.398809,4.0,0.00029396,3,348,0.12163,0.17147,0.27,0.0,9,1.0,0.64474,,,-0.03,0.00465,-0.001,-0.03123,-0.00568,-0.02581,-0.00299
61,62464,-42.66339,508.33333,0.0,0.09,1.1375,-0.003624,0.02377,0.002709,0.309563,0.025696,0.951403,5.611691,10.129169,4.89174,10.342479,4.0,0.00029386,3,356,0.11632,0.17975,0.29,0.0,9,1.0,0.75439,,,-0.03,0.00408,-0.00083,-0.0259,-0.00688,-0.01203,-0.00322
62,63488,nan,nan,0.0,0.09,0.878881,-0.002699,0.019561,0.00178,0.318392,0.016312,0.950221,5.841399,9.072317,5.143164,9.37019,4.0,0.00029375,0,408,0.13573,0.20418,0.29,0.0,9,0.0,0.0,,,-0.03,0.00384,-0.00031,-0.03329,-0.00463,-0.0044,0.0
63,64512,-19.16471,423.25,0.0,0.09,0.819965,-0.003218,0.022888,0.001672,0.363188,0.018005,0.95061,4.784146,9.490496,3.82535,10.046884,4.0,0.00029365,4,417,0.1214,0.18971,0.3,0.0,9,1.0,0.80282,,,-0.03,0.00515,-0.00186,-0.04034,-0.00189,-0.01097,-0.01327
64,65536,16.07968,367.5,0.5,0.1,1.138689,-0.00268,0.16913,0.001918,0.168143,0.017181,0.773244,4.034709,11.190553,4.335851,13.18026,4.0,0.00029355,2,370,0.10143,0.15957,0.29,0.0,10,0.5,0.71429,,,-0.03,0.00288,-0.00045,-0.03757,0.00543,-0.01202,0.09979
65,66560,3.56418,500.0,0.33333,0.11,1.307285,-0.002604,0.171599,0.003154,0.207283,0.034103,0.771848,4.987821,11.507543,5.403403,13.310053,4.0,0.00029345,3,340,0.10384,0.15164,0.31,0.0,11,0.66667,0.8125,,,-0.03,0.00339,-0.00035,-0.03226,0.00317,-0.02449,0.09395
66,67584,18.41905,320.0,0.5,0.12,1.152399,-0.002314,0.172575,0.002742,0.173784,0.027161,0.739505,6.145556,10.65906,6.317878,12.604412,4.0,0.00029334,2,396,0.11232,0.17067,0.31,0.0,12,0.5,0.94737,,,-0.03,0.00449,-0.00101,-0.03303,-0.00205,-0.02771,0.11006
67,68608,-12.04875,600.0,0.0,0.12,1.122923,-0.004737,0.028003,0.003658,0.38821,0.049896,0.94769,5.755017,10.750802,4.815098,11.206105,4.0,0.00029324,1,387,0.11623,0.17702,0.32,0.0,12,1.0,0.83333,,,-0.03,0.0037,-0.00129,-0.0297,-0.00641,-0.02868,0.0
68,69632,-33.07117,447.0,0.0,0.12,1.022593,-0.004129,0.027784,0.002618,0.376738,0.031631,0.948428,3.891326,11.087224,3.038284,11.510533,4.0,0.00029314,2,403,0.11904,0.17324,0.33,0.0,12,1.0,0.91837,,,-0.03,0.00454,-0.00101,-0.03362,0.00122,-0.02878,-0.00375
69,70656,-37.42235,600.0,0.0,0.12,1.070593,-0.005359,0.018466,0.003451,0.287034,0.04628,0.968718,3.171787,11.687114,2.739103,11.983345,4.0,0.00029304,3,366,0.10094,0.15567,0.36,0.0,12,0.33333,0.71111,,,-0.03,0.00366,-0.00046,-0.03003,-5e-05,-0.01859,0.0
70,71680,-15.97122,600.0,0.0,0.12,0.994984,-0.004369,0.025643,0.002637,0.279944,0.034882,0.949224,3.205575,10.878769,2.880037,10.975696,4.0,0.00029293,1,389,0.10418,0.16778,0.37,0.0,12,1.0,0.92857,,,-0.03,0.00331,-0.00139,-0.03023,-0.00171,-0.00663,0.0
71,72704,-12.15166,600.0,0.0,0.12,0.815122,-0.002438,0.010274,0.001286,0.304329,0.009094,0.97652,3.184277,9.991482,2.670428,10.58737,4.0,0.00029283,1,415,0.12371,0.18336,0.38,0.0,12,1.0,1.0,,,-0.03,0.00418,-0.00138,-0.03691,0.00053,-0.01017,0.0
72,73728,1.68298,430.33333,0.33333,0.13,0.951156,-0.002442,0.170425,0.002457,0.210966,0.02829,0.765851,2.037656,11.336857,2.356204,13.227517,4.0,0.00029273,3,392,0.10504,0.16166,0.38,0.0,13,1.0,0.84615,,,-0.03,0.00347,-0.00078,-0.0368,0.00252,-0.01378,0.11448
73,74752,-17.84451,600.0,0.0,0.13,1.117678,-0.004159,0.010581,0.002685,0.248108,0.027863,0.98241,2.842536,11.795008,2.316114,12.466424,4.0,0.00029263,2,361,0.10883,0.16537,0.4,0.0,13,1.0,0.90476,,,-0.03,0.00322,-0.00124,-0.0306,0.00364,-0.01374,0.0
74,75776,-22.55643,600.0,0.0,0.13,1.099492,-0.00374,0.017737,0.002061,0.244678,0.016876,0.975224,2.295179,12.865242,1.744607,13.341466,4.0,0.00029252,2,355,0.11536,0.1829,0.42,0.0,13,1.0,0.71429,,,-0.03,0.00332,-0.00031,-0.02994,-0.00323,-0.0134,0.0
75,76800,46.66652,453.0,1.0,0.14,1.032771,-0.002861,0.169759,0.002906,0.235828,0.033691,0.810435,1.174653,12.799552,1.779603,14.848238,4.0,0.00029242,1,358,0.11975,0.17663,0.42,0.0,14,0.0,0.8,,,-0.03,0.00279,-0.00174,-0.03778,-0.00158,-0.00832,0.11349
76,77824,-26.03604,600.0,0.0,0.14,0.8556,-0.00327,0.027013,0.002101,0.203679,0.026367,0.963539,1.749974,13.322813,1.400992,13.579462,4.0,0.00029232,2,378,0.12042,0.19213,0.44,0.0,14,1.0,0.82692,,,-0.03,0.00379,5e-05,-0.03564,-0.00221,-0.00765,0.0
77,78848,-0.29303,430.5,0.25,0.15,0.945689,-0.00176,0.184402,0.002895,0.286681,0.03537,0.80443,0.508725,13.428828,1.233478,15.456955,4.0,0.00029222,4,384,0.09868,0.15977,0.45,0.0,15,0.5,0.77215,,,-0.03,0.00373,-0.00048,-0.03882,-0.00104,-0.01282,0.1182
78,79872,17.01084,424.5,0.5,0.16,0.891684,-0.001653,0.178441,0.001941,0.273689,0.020004,0.799609,2.422377,13.602526,3.355258,15.101814,4.0,0.00029212,2,392,0.10473,0.17019,0.46,0.0,16,0.5,0.78049,,,-0.03,0.00493,-0.00114,-0.03124,-0.00022,-0.01323,0.12919
79,80896,3.64476,430.0,0.33333,0.16,0.911277,-0.00295,0.130582,0.002815,0.204012,0.034409,0.826813,2.788555,12.817342,3.114413,13.987343,4.0,0.00029201,3,379,0.1,0.16149,0.47,0.0,17,0.66667,0.76316,,,-0.03,0.00376,-0.00089,-0.03268,-0.00617,-0.00916,0.12126
80,81920,60.36916,195.0,1.0,0.17,0.648898,-0.001434,0.177792,0.001418,0.260473,0.015472,0.748167,4.621656,11.466054,5.321782,13.467105,4.0,0.00029191,1,408,0.1294,0.20513,0.47,0.0,18,0.0,1.0,,,-0.03,0.00365,-0.00106,-0.03525,-0.00423,-0.00696,0.17631
81,82944,-16.38965,463.0,0.0,0.16,0.601908,-0.002467,0.012721,0.001385,0.238303,0.017853,0.973645,5.118923,11.224263,4.588724,11.537511,4.0,0.00029181,2,443,0.1223,0.18956,0.48,0.0,18,0.5,0.72727,,,-0.03,0.0047,0.00071,-0.0414,0.00054,-0.00727,-0.00535
82,83968,9.59812,463.0,0.4,0.17,1.047632,-0.001858,0.277152,0.00251,0.516132,0.030197,0.698259,3.25634,13.26325,5.399042,15.679282,4.0,0.00029171,5,355,0.09247,0.15095,0.5,0.0,20,0.8,0.82667,,,-0.03,0.00503,0.00046,-0.03013,0.00185,-0.0207,0.19182
83,84992,47.84546,440.0,1.0,0.18,0.912714,-0.002334,0.223738,0.002962,0.473702,0.034073,0.717887,7.249676,12.01268,9.117352,14.568333,4.0,0.0002916,2,381,0.10517,0.17134,0.49,0.0,22,0.5,0.68293,,,-0.03,0.0034,-0.00095,-0.02868,-0.00146,-0.00899,0.22998
84,86016,56.17891,266.66667,1.0,0.21,1.026064,-0.002178,0.348066,0.002879,0.740875,0.023071,0.680456,7.786877,13.644019,10.793561,17.056519,4.0,0.0002915,3,361,0.10446,0.16106,0.49,0.0,25,0.0,0.875,,,-0.03,0.00423,-0.00122,-0.0339,0.00142,-0.01639,0.32774
85,87040,57.87632,242.33333,1.0,0.24,0.947587,-0.002501,0.321568,0.002409,0.852918,0.020432,0.664284,12.342657,12.913982,15.254285,16.071989,4.0,0.0002914,3,388,0.11633,0.18405,0.48,0.0,28,0.0,0.875,,,-0.03,0.00376,-0.00047,-0.03385,0.00156,-0.01679,0.36304
86,88064,-24.06958,600.0,0.0,0.24,0.997285,-0.004163,0.015198,0.002624,0.249216,0.027481,0.972985,15.36305,14.110075,15.101249,14.468886,4.0,0.0002913,2,377,0.10814,0.163,0.5,0.0,28,0.5,0.88462,,,-0.03,0.00482,-0.00092,-0.03628,-0.00285,-0.01247,0.0
87,89088,-20.12806,422.5,0.0,0.23,0.910667,-0.002502,0.031827,0.00184,0.298787,0.015762,0.945995,15.865672,13.295704,15.273335,13.340022,4.0,0.00029119,2,389,0.10471,0.15908,0.51,0.0,28,0.5,0.86364,,,-0.03,0.00499,-0.00012,-0.03621,-0.00097,-0.01332,-0.00367
88,90112,17.4882,390.5,0.5,0.23,1.126042,-0.00155,0.087386,0.001712,0.14957,0.011444,0.880118,15.888967,13.475585,15.944378,14.84935,4.0,0.00029109,2,360,0.10021,0.15652,0.51,0.0,29,1.0,1.0,,,-0.03,0.00344,-0.00023,-0.03125,0.00415,-0.01367,0.0914
89,91136,-28.89933,600.0,0.0,0.22,1.159548,-0.004093,0.009896,0.003617,0.395511,0.047165,0.983117,17.255257,13.673804,16.412476,14.485347,4.0,0.00029099,1,379,0.10637,0.16183,0.52,0.0,29,0.0,0.85714,,,-0.03,0.0032,-0.00056,-0.03367,0.00142,-0.01224,0.0
90,92160,-33.19032,600.0,0.0,0.22,1.091203,-0.004019,0.013265,0.002971,0.361972,0.026215,0.97849,17.435007,13.609753,16.615416,14.35871,4.0,0.00029089,1,389,0.11202,0.17094,0.53,0.0,29,0.0,0.73684,,,-0.03,0.00338,-0.00053,-0.03088,-0.00221,-0.01073,0.0
91,93184,-19.41892,508.0,0.0,0.2,1.270623,-0.002282,0.02,0.002875,0.378077,0.022202,0.974479,15.323723,15.388957,14.21738,16.201487,4.0,0.00029078,4,350,0.08945,0.12629,0.55,0.0,29,0.25,0.70667,,,-0.03,0.00393,-0.00012,-0.03332,0.00264,-0.02237,-0.00266
92,94208,-12.0343,519.25,0.25,0.21,1.180201,-0.003499,0.112343,0.002927,0.191283,0.042358,0.86804,15.452488,15.677457,15.769062,16.649351,4.0,0.00029068,4,348,0.09215,0.13532,0.56,0.0,30,0.0,0.75806,,,-0.03,0.00397,0.0,-0.03445,0.00085,-0.01833,0.09657
93,95232,-17.21203,272.0,0.0,0.21,1.113135,-0.002112,0.033721,0.002838,0.315526,0.021652,0.950212,15.063726,14.877676,14.088321,15.355039,4.0,0.00029058,1,364,0.09434,0.14397,0.55,0.0,30,1.0,0.8,,,-0.03,0.00383,-0.00028,-0.03203,-0.00026,-0.01528,-0.00287
94,96256,29.57313,325.66667,0.66667,0.23,0.919749,-0.002594,0.189887,0.002483,0.260084,0.032425,0.740402,15.841596,14.126271,16.591066,15.730058,4.0,0.00029048,3,399,0.11031,0.16593,0.52,0.0,32,0.66667,0.7619,,,-0.03,0.0042,-6e-05,-0.0317,-0.00267,-0.01339,0.24232
95,97280,10.88464,399.0,0.5,0.24,0.938812,-0.002337,0.106052,0.002123,0.169536,0.022614,0.841359,15.514639,14.554386,15.51437,15.184055,4.0,0.00029037,2,388,0.10583,0.1635,0.5,0.0,33,1.0,0.8,,,-0.03,0.00437,-0.00037,-0.02776,-0.00781,-0.01109,0.10668
96,98304,2.03947,442.0,0.33333,0.25,0.881762,-0.003666,0.093499,0.002674,0.191522,0.033173,0.856071,14.554415,14.390657,14.484818,15.144483,4.0,0.00029027,3,377,0.0928,0.13424,0.49,0.0,34,0.66667,0.8,,,-0.03,0.00405,0.00023,-0.03507,-0.00407,-0.01266,0.11022
97,99328,-16.83396,401.0,0.0,0.25,0.827804,-0.002714,0.037855,0.002037,0.244658,0.02092,0.935616,14.989771,14.59987,14.2992,14.526576,4.0,0.00029017,3,397,0.09607,0.14886,0.49,0.0,34,1.0,0.82857,,,-0.03,0.0057,1e-05,-0.03211,-0.00019,-0.01153,-0.00743
98,100352,62.20921,170.0,1.0,0.26,0.652322,-0.003183,0.106243,0.001488,0.182022,0.017105,0.783387,15.934314,12.31728,16.389523,13.305662,4.0,0.00029007,1,432,0.10954,0.1672,0.49,0.0,35,0.0,0.66667,,,-0.03,0.00395,-0.0002,-0.0372,-0.00061,-0.00855,0.17248
99,101376,55.29411,299.33333,1.0,0.29,0.667408,-0.00191,0.192382,0.002032,0.481614,0.023499,0.680654,15.219524,11.77262,17.525257,14.638766,4.0,0.00028996,3,428,0.09626,0.14813,0.46,0.0,38,0.33333,0.72727,,,-0.03,0.00408,0.00017,-0.03511,0.00348,-0.01504,0.4588
100,102400,-17.61531,600.0,0.0,0.29,0.875824,-0.003587,0.021683,0.002397,0.322488,0.027267,0.95656,17.629169,13.171876,17.116917,13.484722,4.0,0.00028986,2,383,0.09256,0.14478,0.46,0.0,38,1.0,0.77778,,,-0.03,0.00332,-0.00026,-0.02814,0.00081,-0.01266,0.0
101,103424,23.06203,436.0,0.5,0.3,0.931031,-0.002517,0.080282,0.001935,0.15568,0.021408,0.874599,18.535536,14.479575,18.821999,15.331879,4.0,0.00028976,2,389,0.10558,0.16323,0.46,0.0,39,1.0,0.66667,,,-0.03,0.00435,-0.00029,-0.02998,-0.00303,-0.01774,0.11966
102,104448,1.2552,543.0,0.33333,0.31,0.887163,-0.002611,0.065262,0.002413,0.155175,0.0327,0.876148,18.944666,13.459373,19.243118,14.101022,4.0,0.00028966,3,392,0.10557,0.16201,0.46,0.0,40,1.0,0.75862,,,-0.03,0.00407,4e-05,-0.03124,-0.00378,-0.01895,0.1164
103,105472,-2.95256,472.0,0.33333,0.32,0.783553,-0.001839,0.080717,0.001494,0.156219,0.01532,0.826571,18.831656,12.744939,18.714386,13.332669,4.0,0.00028956,3,407,0.1038,0.15898,0.45,0.0,41,0.66667,0.80769,,,-0.03,0.004,0.00025,-0.03216,-0.00023,-0.02404,0.12278
104,106496,7.12059,333.66667,0.33333,0.33,1.01719,-0.001721,0.084545,0.002417,0.160756,0.019608,0.817806,18.801018,12.609228,18.749931,13.4971,4.0,0.00028945,3,359,0.09311,0.14404,0.43,0.0,42,1.0,0.625,,,-0.03,0.00345,2e-05,-0.03122,-0.00304,-0.01787,0.08893
105,107520,-12.26397,253.0,0.0,0.33,0.645059,-0.00282,0.028288,0.001437,0.377128,0.02002,0.914566,19.612253,10.930871,18.319738,11.218554,4.0,0.00028935,1,441,0.12122,0.18832,0.43,0.0,42,1.0,1.0,,,-0.03,0.00503,-0.00033,-0.03116,-0.01052,-0.01771,-0.00506
106,108544,-3.87888,379.0,0.2,0.33,0.996068,-0.002383,0.078145,0.002829,0.223435,0.032272,0.825936,17.610218,12.262833,17.157173,13.347134,4.0,0.00028925,5,372,0.09163,0.14264,0.43,0.0,43,0.6,0.76,,,-0.03,0.00389,0.00018,-0.03243,0.00494,-0.0301,0.08797
107,109568,22.76302,429.66667,0.66667,0.35,1.045572,-0.001804,0.123236,0.002664,0.264081,0.030563,0.730865,19.068428,11.675903,20.127739,13.516548,4.0,0.00028915,3,376,0.09223,0.14551,0.42,0.0,45,0.33333,0.88889,,,-0.03,0.00309,0.00038,-0.03142,0.00567,-0.03285,0.20523
108,110592,24.52972,201.0,0.5,0.35,1.265832,-0.003593,0.076321,0.004218,0.283462,0.053085,0.841653,18.442745,12.570929,17.653109,13.821887,4.0,0.00028904,2,340,0.08392,0.12885,0.42,0.0,46,0.5,0.0,,,-0.03,0.00275,-2e-05,-0.03267,-0.0014,-0.03875,0.089
109,111616,15.06122,376.0,0.5,0.35,0.984639,-0.00272,0.06913,0.003409,0.25901,0.045364,0.834139,19.556633,11.335569,18.847063,13.052758,4.0,0.00028894,2,398,0.10001,0.14919,0.41,0.0,47,1.0,1.0,,,-0.03,0.00479,-0.0,-0.03368,-0.00229,-0.04176,0.10885
110,112640,0.47947,409.0,0.5,0.36,1.238929,-0.00351,0.066315,0.002078,0.187771,0.018433,0.851465,18.460756,12.600283,18.165989,13.417863,4.0,0.00028884,2,346,0.08727,0.1437,0.4,0.0,48,0.5,0.4,,,-0.03,0.00327,0.00017,-0.02814,-0.0029,-0.01981,0.0807
111,113664,-4.27422,491.0,0.5,0.37,0.794594,-0.002309,0.050389,0.001051,0.155579,0.011002,0.864165,18.64102,11.503988,18.418898,12.301948,4.0,0.00028874,2,404,0.10675,0.16393,0.39,0.0,49,0.5,0.8,,,-0.03,0.00441,2e-05,-0.03279,-0.00352,-0.01528,0.13579
112,114688,6.74162,396.6,0.4,0.38,0.965256,-0.001689,0.11072,0.001308,0.137177,0.009552,0.729714,17.579453,11.736671,17.535568,12.974367,4.0,0.00028863,5,360,0.08602,0.14171,0.37,0.0,51,0.8,0.8125,,,-0.03,0.0039,-0.00029,-0.0296,-0.00324,-0.01952,0.19984
113,115712,-12.08176,206.5,0.0,0.38,0.860166,-0.001767,0.027012,0.001978,0.312689,0.019348,0.888188,19.300377,9.771977,18.193445,10.067355,4.0,0.00028853,2,396,0.09917,0.15724,0.35,0.0,51,1.0,1.0,,,-0.03,0.00441,-0.00019,-0.02188,-0.00262,-0.01725,-0.00749
114,116736,-21.9469,432.5,0.0,0.38,0.985384,-0.003278,0.020992,0.002098,0.337182,0.023987,0.923102,19.556076,9.964302,18.572813,10.382883,4.0,0.00028843,2,380,0.10514,0.16483,0.34,0.0,51,1.0,1.0,,,-0.03,0.00551,0.00013,-0.02787,-0.002,-0.0203,-0.00333
115,117760,21.75555,382.0,0.5,0.38,0.92315,-0.003017,0.069627,0.001881,0.206806,0.016739,0.765051,18.735111,9.805207,19.175392,11.159572,4.0,0.00028833,2,371,0.10045,0.15386,0.34,0.0,52,0.5,0.5,,,-0.03,0.0042,0.0,-0.02336,0.00274,-0.01031,0.12945
116,118784,17.56742,437.5,0.5,0.39,0.960507,-0.002797,0.064574,0.00284,0.156926,0.032837,0.792794,19.072845,10.081689,19.327806,11.406506,4.0,0.00028822,2,402,0.10129,0.16202,0.33,0.0,53,1.0,0.75,,,-0.03,0.00452,-0.00017,-0.02282,-0.0004,-0.0116,0.122
117,119808,-26.14838,600.0,0.0,0.39,0.923121,-0.003386,0.010907,0.002216,0.249147,0.025558,0.957649,17.667542,9.991699,17.036551,10.279986,4.0,0.00028812,2,388,0.09662,0.15795,0.34,0.0,53,0.0,0.73684,,,-0.03,0.00369,0.00023,-0.02474,-0.0044,-0.01753,0.0
118,120832,2.55812,464.75,0.25,0.38,0.926771,-0.002337,0.066547,0.002223,0.138169,0.019577,0.795026,17.125793,10.448098,17.160109,11.692443,4.0,0.00028802,4,373,0.10365,0.1609,0.34,0.0,54,1.0,0.76923,,,-0.03,0.00466,-5e-05,-0.02728,-0.00191,-0.01665,0.10544
119,121856,29.59739,346.0,0.66667,0.39,1.085354,-0.002284,0.102921,0.002145,0.156152,0.014145,0.695543,17.410362,10.321407,18.019569,12.102349,4.0,0.00028792,3,336,0.09446,0.15062,0.33,0.0,56,1.0,0.72727,,,-0.03,0.00465,0.00037,-0.02669,-0.00191,-0.01241,0.1857
120,122880,51.23996,325.5,1.0,0.4,0.738345,-0.001312,0.104898,0.001545,0.31477,0.018265,0.674191,19.299129,9.494931,20.42651,11.675946,4.0,0.00028781,2,422,0.12328,0.18114,0.33,0.0,58,1.0,0.66667,,,-0.03,0.00504,-0.00031,-0.03192,-0.00271,-0.01369,0.29538
121,123904,37.93589,281.75,0.75,0.42,0.951142,-0.00162,0.142117,0.002706,0.490325,0.033371,0.668043,18.261776,10.352881,19.975037,13.457724,4.0,0.00028771,4,372,0.10278,0.15891,0.31,0.0,61,0.75,1.0,,,-0.03,0.0044,-0.00012,-0.03071,-0.00067,-0.01737,0.32808
122,124928,-18.31516,600.0,0.0,0.41,0.702549,-0.002534,0.017915,0.001917,0.2193,0.02269,0.914092,22.388245,9.582861,22.061153,9.479441,4.0,0.00028761,2,423,0.13341,0.19884,0.32,0.0,61,1.0,1.0,,,-0.03,0.00535,9e-05,-0.02678,-0.00438,-0.00993,0.0
123,125952,-12.6047,376.0,0.0,0.4,0.712527,-0.002103,0.02168,0.002188,0.273078,0.025009,0.893012,21.979893,9.408359,21.274714,9.515381,4.0,0.00028751,1,403,0.11345,0.17454,0.32,0.0,61,1.0,0.66667,,,-0.03,0.0045,-0.00045,-0.02744,-0.00322,-0.00615,-0.00443
124,126976,13.53375,477.0,0.5,0.39,0.639466,-0.002205,0.053048,0.0019,0.191944,0.019806,0.78066,21.323347,8.978888,21.149963,10.316703,4.0,0.0002874,2,434,0.11974,0.17968,0.32,0.0,62,1.0,0.7,,,-0.03,0.00501,0.00035,-0.03297,-0.00231,-0.01008,0.15684
125,128000,17.48019,479.75,0.5,0.37,0.659465,-0.001844,0.069092,0.002089,0.138518,0.018875,0.732099,20.807615,9.062409,21.374506,10.595304,4.0,0.0002873,4,410,0.11549,0.17969,0.34,0.0,64,0.5,0.78571,,,-0.03,0.00669,-0.00029,-0.03098,-0.00586,-0.01685,0.31101
126,129024,26.63016,196.0,0.5,0.38,0.786743,-0.003226,0.119284,0.002792,0.256357,0.032059,0.570707,18.692842,8.265526,19.582109,11.319961,4.0,0.0002872,4,381,0.09052,0.14403,0.31,0.0,66,0.75,0.5,,,-0.03,0.00691,0.00023,-0.02396,0.00081,-0.01889,0.25595
127,130048,26.10879,378.5,0.5,0.39,0.924003,-0.001514,0.107457,0.001792,0.327906,0.011566,0.61309,21.641403,8.846128,23.168716,10.996136,4.0,0.0002871,4,353,0.09386,0.14558,0.32,0.0,68,0.5,0.55556,,,-0.03,0.00576,-0.00019,-0.03044,0.00413,-0.01097,0.23819
128,131072,44.09285,192.0,0.75,0.42,0.942393,-0.002748,0.121739,0.001684,0.32355,0.01944,0.671962,24.842751,9.81991,26.016165,12.924034,4.0,0.000287,4,370,0.10196,0.15625,0.29,0.0,71,0.25,0.75,,,-0.03,0.00461,5e-05,-0.03039,0.0006,-0.01338,0.35349
129,132096,32.86674,297.0,0.66667,0.43,0.841337,-0.001883,0.080487,0.001921,0.140853,0.016434,0.757474,28.16147,10.702028,28.589432,12.285108,4.0,0.00028689,3,391,0.1157,0.17218,0.27,0.0,73,0.66667,1.0,,,-0.03,0.00646,-0.00014,-0.03194,0.00221,-0.00923,0.24963
130,133120,46.14091,229.2,0.8,0.46,1.01271,-0.002995,0.131159,0.001296,0.281878,0.013824,0.649655,26.463326,10.002106,28.029457,13.198891,4.0,0.00028679,5,353,0.09831,0.14985,0.25,0.0,77,0.4,0.83333,,,-0.03,0.00604,-8e-05,-0.02576,0.00037,-0.02059,0.41033
131,134144,29.68195,278.2,0.6,0.46,0.911791,-0.002458,0.097551,0.002757,0.250643,0.023483,0.737171,28.778494,11.039018,30.02499,13.502247,4.0,0.00028669,5,361,0.10778,0.16157,0.24,0.0,80,0.4,0.91667,,,-0.03,0.00683,-0.00047,-0.0281,0.00316,-0.01532,0.34927
132,135168,35.12753,241.0,0.66667,0.48,1.040136,-0.002438,0.069876,0.002479,0.191672,0.022217,0.803456,30.463203,11.539743,30.983374,13.181629,4.0,0.00028659,3,355,0.1019,0.15841,0.24,0.0,82,0.33333,1.0,,,-0.03,0.00565,-0.00015,-0.0251,0.00277,-0.01318,0.20614
133,136192,62.13407,191.0,1.0,0.49,0.977831,-0.003099,0.057371,0.002786,0.17539,0.031052,0.880567,34.183231,14.905059,34.87162,15.50264,4.0,0.00028648,2,389,0.11426,0.15674,0.23,0.0,84,0.0,1.0,,,-0.03,0.00268,-0.00063,-0.03152,0.00523,-0.01846,0.24395
134,137216,43.00311,317.5,0.83333,0.51,1.141338,-0.002404,0.085075,0.001545,0.219766,0.012924,0.804841,31.599049,13.558973,32.596352,14.848594,4.0,0.00028638,6,344,0.11008,0.16004,0.21,0.0,89,0.5,0.8,,,-0.03,0.00667,-0.00029,-0.02554,-0.00358,-0.02596,0.49081
135,138240,28.07718,163.5,0.5,0.51,0.716463,-0.003078,0.071334,0.002084,0.406036,0.027252,0.774407,27.730078,11.675892,26.870842,12.564045,4.0,0.00028628,2,388,0.14524,0.20474,0.2,0.0,90,1.0,1.0,,,-0.03,0.00622,-0.0005,-0.02648,-0.00539,-0.00988,0.15653
136,139264,-10.61954,369.33333,0.0,0.5,0.840917,-0.0019,0.03486,0.001337,0.31661,0.010773,0.884253,30.960779,11.369817,29.826391,12.585345,4.0,0.00028618,3,381,0.11795,0.17119,0.2,0.0,90,1.0,1.0,,,-0.03,0.0057,-0.00064,-0.03141,0.00319,-0.01293,-0.00756
137,140288,51.92146,389.0,1.0,0.5,0.789951,-0.001969,0.030689,0.001699,0.208409,0.015793,0.908661,33.468525,12.884429,33.079472,13.307843,4.0,0.00028607,1,409,0.13696,0.19624,0.2,0.0,91,0.0,0.83333,,,-0.03,0.0041,-0.00101,-0.03089,-0.00024,-0.01771,0.14006
138,141312,-15.83835,453.66667,0.0,0.5,0.839807,-0.002196,0.028065,0.001668,0.415338,0.012009,0.929894,33.145039,13.885359,31.428047,14.347346,4.0,0.00028597,3,384,0.13281,0.19161,0.21,0.0,91,0.66667,0.66667,,,-0.03,0.00601,-5e-05,-0.03351,-0.00531,-0.02897,-0.00406
139,142336,34.34927,538.0,1.0,0.5,0.977719,-0.002992,0.030886,0.002991,0.276588,0.032394,0.920199,32.834099,14.243781,32.10054,14.512678,4.0,0.00028587,1,376,0.1248,0.18557,0.21,0.0,92,1.0,0.8,,,-0.03,0.00492,-0.00057,-0.02537,-0.0025,-0.02046,0.11177
140,143360,30.56734,296.83333,0.66667,0.53,0.991784,-0.002302,0.092019,0.003092,0.192262,0.031525,0.757305,28.384949,12.694315,28.524914,14.325622,4.0,0.00028577,6,361,0.11761,0.17258,0.21,0.0,96,0.66667,0.78261,,,-0.03,0.00753,-0.00033,-0.02396,-0.00273,-0.02086,0.44953
141,144384,-13.4877,463.33333,0.0,0.51,0.851093,-0.002056,0.035288,0.002363,0.399142,0.030426,0.796267,25.509993,9.875729,23.658106,9.662794,4.0,0.00028566,3,371,0.1196,0.18038,0.22,0.0,96,0.66667,1.0,,,-0.03,0.0071,-0.00046,-0.02352,-0.01533,-0.01293,-0.0037
142,145408,2.88177,258.6,0.2,0.5,0.567521,-0.000941,0.065661,0.000983,0.344756,0.008392,0.697826,21.995659,8.591619,20.920547,10.707108,4.0,0.00028556,5,416,0.1249,0.17114,0.22,0.0,97,0.8,0.83333,,,-0.03,0.00732,-0.0004,-0.02596,0.00045,-0.02392,0.15213
143,146432,66.35639,131.5,1.0,0.5,0.75506,-0.0023,0.073712,0.001397,0.215099,0.011078,0.685292,21.798496,8.878827,22.562807,11.243114,4.0,0.00028546,2,381,0.12663,0.18273,0.22,0.0,99,0.0,0.33333,,,-0.03,0.00805,4e-05,-0.0249,-0.00128,-0.00973,0.29181
144,147456,45.44257,177.75,0.75,0.51,0.729703,-0.001431,0.093532,0.001365,0.304523,0.012436,0.673359,22.756849,9.581623,23.72823,12.477201,4.0,0.00028536,4,399,0.1228,0.1672,0.21,0.0,100,0.25,1.0,,,-0.03,0.00633,-0.00059,-0.0263,-0.00252,-0.01353,0.45115
145,148480,11.408,409.16667,0.33333,0.53,0.985497,-0.001373,0.100209,0.002361,0.171173,0.026413,0.58483,25.376453,9.46589,26.437977,11.49332,4.0,0.00028525,6,347,0.12436,0.17691,0.21,0.0,100,0.83333,0.83333,,,-0.03,0.00716,-0.00034,-0.02865,0.00393,-0.0174,0.21337
146,149504,65.45612,144.66667,1.0,0.54,1.069226,-0.003331,0.080252,0.00259,0.318451,0.024994,0.750445,28.818642,10.853315,30.390879,13.337237,4.0,0.00028515,3,333,0.12287,0.16845,0.2,0.0,100,0.0,1.0,,,-0.03,0.00567,-0.00037,-0.02815,0.00361,-0.01338,0.33081
147,150528,39.10257,293.75,0.75,0.57,0.823816,-0.001852,0.091135,0.002414,0.17713,0.026215,0.705093,28.396664,11.144706,29.105433,13.130119,4.0,0.00028505,4,382,0.1206,0.17097,0.16,0.0,100,0.25,1.0,,,-0.03,0.00564,-0.00025,-0.02649,-0.0043,-0.01183,0.38126
148,151552,25.32732,203.0,0.5,0.58,0.84257,-0.001912,0.05058,0.001377,0.166065,0.007309,0.774081,27.993862,10.124685,27.907681,11.213258,4.0,0.00028495,2,384,0.12207,0.17065,0.15,0.0,100,0.5,0.0,,,-0.03,0.00691,-0.00014,-0.02403,-0.00334,-0.00881,0.12851
149,152576,61.98256,202.0,1.0,0.59,0.607244,-0.001372,0.094724,0.001331,0.227736,0.014008,0.58989,28.029362,9.903252,29.130692,11.413361,4.0,0.00028484,3,418,0.12647,0.16899,0.15,0.0,100,0.33333,0.85714,,,-0.03,0.00539,-0.0002,-0.03174,0.00038,-0.01459,0.52712
150,153600,22.79553,404.0,0.5,0.57,0.965412,-0.001943,0.074733,0.002298,0.15046,0.028305,0.69046,29.967182,9.334146,30.233864,11.616186,4.0,0.00028474,6,350,0.11118,0.15818,0.17,0.0,100,0.66667,0.76923,,,-0.03,0.00667,0.00012,-0.02718,0.00041,-0.01933,0.322
151,154624,35.35178,242.66667,0.66667,0.58,0.997484,-0.00126,0.068015,0.001876,0.14457,0.016632,0.683153,32.827343,9.085462,33.257481,11.109901,4.0,0.00028464,3,364,0.12564,0.17904,0.15,0.0,100,0.33333,1.0,,,-0.03,0.00711,1e-05,-0.01873,-0.00156,-0.00852,0.22376
152,155648,63.31387,189.0,1.0,0.59,0.944938,-0.001811,0.051166,0.002213,0.174799,0.021744,0.806321,32.91922,11.073841,32.761925,12.254723,4.0,0.00028454,2,373,0.11982,0.17019,0.15,0.0,100,0.0,1.0,,,-0.03,0.00563,0.00035,-0.03084,-0.00445,-0.01001,0.24203
153,156672,30.59684,284.2,0.6,0.6,0.753861,-0.001577,0.081377,0.001843,0.206006,0.020462,0.728361,30.384418,10.840008,30.183094,13.309629,4.0,0.00028444,5,394,0.11577,0.16169,0.13,0.0,100,0.6,0.2,,,-0.03,0.00725,-0.00029,-0.03092,0.00023,-0.02374,0.41966
154,157696,37.94323,342.75,0.75,0.61,1.100554,-0.001712,0.077724,0.001762,0.143435,0.014435,0.706729,31.871284,10.837897,32.348347,12.558903,4.0,0.00028433,4,339,0.10548,0.15762,0.13,0.0,100,0.5,0.8,,,-0.03,0.00703,-1e-05,-0.02422,-0.00407,-0.00988,0.29205
155,158720,26.17446,208.0,0.5,0.61,0.806622,-0.002076,0.083013,0.002493,0.189577,0.028137,0.70733,31.442089,10.901765,31.175518,12.938695,4.0,0.00028423,4,388,0.11204,0.17275,0.11,0.0,100,0.5,1.0,,,-0.03,0.00656,0.00022,-0.02192,-0.00469,-0.00898,0.27187
156,159744,30.49405,277.0,0.6,0.61,1.087569,-0.001128,0.089709,0.001474,0.128251,0.010849,0.62082,30.800468,9.607483,31.203121,11.881244,4.0,0.00028413,5,350,0.10431,0.15604,0.11,0.0,100,0.6,0.5,,,-0.03,0.0075,-0.00019,-0.02563,0.00073,-0.01242,0.29893
157,160768,62.2097,203.33333,1.0,0.61,0.879902,-0.002336,0.058863,0.001595,0.260058,0.016449,0.756983,36.386505,10.31517,37.41502,11.896454,4.0,0.00028403,3,382,0.12454,0.18367,0.11,0.0,100,0.0,0.5,,,-0.03,0.00494,-3e-05,-0.02863,0.00048,-0.00754,0.39082
158,161792,-9.24192,220.0,0.0,0.6,0.909581,-0.001653,0.025921,0.001482,0.338422,0.012604,0.900543,36.052555,11.514653,34.532276,12.468589,4.0,0.00028392,1,373,0.13808,0.18276,0.11,0.0,100,1.0,1.0,,,-0.03,0.00657,-0.00076,-0.03183,-0.00275,-0.03103,-0.00371
159,162816,38.33955,255.25,0.75,0.61,0.879243,-0.002275,0.065964,0.001419,0.205285,0.015396,0.812961,33.268925,12.609316,33.285103,14.713558,4.0,0.00028382,4,385,0.12968,0.16929,0.11,0.0,100,0.25,0.9,,,-0.03,0.00583,-0.00075,-0.03352,-0.00316,-0.04341,0.39046
160,163840,3.61165,478.75,0.25,0.59,0.922465,-0.002895,0.043048,0.00209,0.169387,0.025085,0.817611,31.592182,11.338439,31.581472,12.040027,4.0,0.00028372,4,364,0.13408,0.19081,0.14,0.0,100,0.5,0.95,,,-0.03,0.00739,-0.00106,-0.02448,-0.00499,-0.02046,0.12766
161,164864,8.39181,222.0,0.25,0.57,0.964075,-0.002428,0.048872,0.002498,0.408254,0.027969,0.802396,31.852093,10.869905,30.099224,12.749858,4.0,0.00028362,4,348,0.11955,0.17146,0.14,0.0,100,0.75,0.66667,,,-0.03,0.00876,0.00012,-0.02529,-0.00155,-0.01195,0.11105
162,165888,59.04424,248.0,1.0,0.57,0.727465,-0.00265,0.034649,0.002013,0.356293,0.020325,0.895031,31.230433,13.204661,30.407537,13.996897,4.0,0.00028351,1,398,0.13658,0.18872,0.14,0.0,100,0.0,1.0,,,-0.03,0.00694,-0.00041,-0.03182,-0.00569,-0.00958,0.15664
163,166912,11.27291,300.6,0.4,0.55,0.876783,-0.002232,0.062042,0.001782,0.190585,0.018127,0.828721,30.375439,13.505005,30.432083,15.247562,4.0,0.00028341,5,382,0.12021,0.16613,0.14,0.0,100,0.6,0.89474,,,-0.03,0.00645,-0.00014,-0.02672,0.00485,-0.01224,0.25056
164,167936,42.28806,297.0,0.75,0.56,1.076572,-0.002324,0.082596,0.001854,0.189744,0.012833,0.742664,31.199795,12.347583,30.951015,14.234859,4.0,0.00028331,4,347,0.11367,0.16581,0.13,0.0,100,0.5,0.61538,,,-0.03,0.00753,0.00042,-0.0222,-0.00132,-0.01413,0.3135
165,168960,25.30513,288.25,0.5,0.57,0.774328,-0.001833,0.065892,0.001063,0.137406,0.009155,0.796348,26.006729,12.749849,25.723364,14.235956,4.0,0.00028321,4,367,0.11754,0.17233,0.13,0.0,100,0.25,0.64286,,,-0.03,0.00866,-0.00011,-0.0259,-0.00197,-0.01303,0.28992
166,169984,38.79988,215.33333,0.66667,0.58,0.68729,-0.001577,0.063738,0.001368,0.127503,0.010208,0.807873,25.279095,12.625163,25.433884,14.456097,4.0,0.0002831,3,405,0.11632,0.1711,0.12,0.0,100,0.66667,1.0,,,-0.03,0.00784,-0.00028,-0.02777,-0.00169,-0.01104,0.32213
167,171008,26.166,378.5,0.5,0.57,0.536144,-0.002143,0.046186,0.001438,0.186961,0.018631,0.817789,22.711199,12.263638,22.055555,12.693006,4.0,0.000283,2,432,0.11798,0.16224,0.13,0.0,100,0.0,1.0,,,-0.03,0.00813,-0.00016,-0.02526,-0.00734,-0.00712,0.20632
168,172032,37.643,345.0,0.66667,0.58,0.712424,-0.001898,0.068334,0.001593,0.229572,0.017975,0.735986,22.433544,11.64307,23.273966,12.866327,4.0,0.0002829,3,406,0.12098,0.16919,0.13,0.0,100,1.0,0.5,,,-0.03,0.00947,-0.00046,-0.0184,-0.00126,-0.01373,0.32274
169,173056,35.03854,273.6,0.6,0.6,0.818254,-0.001722,0.055599,0.002125,0.224597,0.023148,0.83481,25.754618,12.378675,26.893238,15.293309,4.0,0.0002828,5,357,0.1173,0.16853,0.12,0.0,100,0.4,0.85714,,,-0.03,0.00753,-0.00033,-0.02037,0.00719,-0.01335,0.41183
170,174080,28.15667,377.0,0.5,0.61,1.136116,-0.003043,0.045215,0.002194,0.146717,0.029282,0.860913,30.653938,12.927557,30.900204,14.320834,4.0,0.00028269,4,354,0.13247,0.18449,0.14,0.0,100,0.5,0.83333,,,-0.03,0.00683,-0.00039,-0.0225,-0.00201,-0.01133,0.21239
171,175104,67.48109,131.0,1.0,0.61,0.715712,-0.001945,0.049245,0.00231,0.240459,0.026001,0.873026,27.752281,14.881469,27.03722,15.791477,4.0,0.00028259,1,404,0.13119,0.19288,0.14,0.0,100,0.0,1.0,,,-0.03,0.00585,-0.00083,-0.02206,-0.00608,-0.00803,0.16344
172,176128,4.34588,325.5,0.25,0.59,0.839258,-0.002102,0.030263,0.002163,0.275189,0.021851,0.943104,28.987524,17.790373,28.106346,18.712667,4.0,0.00028249,4,387,0.11007,0.1574,0.14,0.0,100,0.75,0.72727,,,-0.03,0.00483,0.00021,-0.02376,0.00779,-0.01903,0.12307
173,177152,43.8614,279.25,0.75,0.6,1.152277,-0.002174,0.051135,0.00158,0.216167,0.010376,0.87779,30.709656,15.069337,31.589504,16.40111,4.0,0.00028239,4,339,0.10548,0.14791,0.14,0.0,100,0.25,0.75,,,-0.03,0.0064,-7e-05,-0.02301,0.00205,-0.01239,0.30002
174,178176,47.79747,246.4,0.8,0.61,1.074581,-0.003129,0.044562,0.00248,0.361297,0.02449,0.911046,32.511723,16.765276,34.418831,18.500772,4.0,0.00028228,5,359,0.11058,0.15504,0.14,0.0,100,0.2,0.5625,,,-0.03,0.00614,-2e-05,-0.02363,0.00805,-0.01553,0.43382
175,179200,47.69461,272.0,0.8,0.61,1.080841,-0.002967,0.053338,0.002316,0.276947,0.023834,0.839768,37.48502,13.686894,38.795361,14.967634,4.0,0.00028218,5,349,0.10677,0.15454,0.15,0.0,100,0.2,0.85714,,,-0.03,0.00669,0.00039,-0.02469,0.00055,-0.0127,0.40854
176,180224,63.58591,174.5,1.0,0.62,0.893872,-0.001564,0.059228,0.001193,0.124203,0.010864,0.837324,37.424782,15.363392,37.639908,15.829756,4.0,0.00028208,2,374,0.11191,0.16086,0.15,0.0,100,0.0,0.5,,,-0.03,0.00622,-0.00041,-0.02409,0.00128,-0.00672,0.24474
177,181248,59.0371,285.0,1.0,0.62,0.874914,-0.003256,0.033372,0.002843,0.187169,0.033661,0.895002,35.649399,13.813802,35.42363,14.704795,4.0,0.00028198,3,372,0.10887,0.15754,0.15,0.01,100,0.33333,0.6,,,-0.03,0.00574,3e-05,-0.02709,-0.00419,-0.00936,0.37737
178,182272,nan,nan,0.0,0.62,0.481467,-0.002616,0.024699,0.001614,0.363273,0.0215,0.925386,31.75128,15.146624,30.018888,14.956033,4.0,0.00028188,0,454,0.13653,0.19172,0.15,0.01,100,0.0,0.0,,,-0.03,0.00468,0.00022,-0.03735,-0.00791,-0.00096,0.0
179,183296,4.48574,566.0,0.33333,0.61,0.480342,-0.001281,0.027078,0.001401,0.114987,0.015762,0.901005,26.432674,13.201084,26.583363,13.56575,4.0,0.00028177,3,448,0.11412,0.15394,0.16,0.01,100,1.0,0.36364,,,-0.03,0.00717,0.00049,-0.03415,2e-05,-0.01238,0.2064
180,184320,8.3579,461.66667,0.33333,0.61,0.762705,-0.001073,0.052508,0.001408,0.150311,0.013184,0.80025,30.909851,12.570443,30.454182,13.40046,4.0,0.00028167,3,385,0.10441,0.15191,0.15,0.01,100,1.0,0.66667,,,-0.03,0.00747,-0.00032,-0.02396,0.00061,-0.00943,0.12297
181,185344,44.27237,300.125,0.75,0.61,1.03791,-0.002078,0.092906,0.002037,0.5671,0.01944,0.656058,33.312897,11.47162,36.374687,13.529837,4.0,0.00028157,8,344,0.1014,0.14709,0.17,0.01,100,0.625,0.88889,,,-0.03,0.00697,-0.00041,-0.02252,0.00092,-0.01793,0.63712
182,186368,65.9174,146.33333,1.0,0.63,1.114252,-0.003387,0.047284,0.002576,0.319683,0.029648,0.773093,39.675896,10.461969,40.675259,11.824556,4.0,0.00028147,3,347,0.11081,0.15633,0.17,0.01,100,0.0,0.88889,,,-0.03,0.00607,-0.00075,-0.01945,0.00357,-0.00931,0.31182
183,187392,49.56166,173.2,0.8,0.63,1.124007,-0.003023,0.048601,0.002312,0.242274,0.025955,0.799151,40.059906,11.179774,41.526794,12.844589,4.0,0.00028136,5,339,0.10479,0.14919,0.17,0.01,100,0.2,0.9375,,,-0.03,0.00704,-9e-05,-0.02351,0.00842,-0.01257,0.39675
184,188416,43.80933,186.57143,0.71429,0.64,1.004529,-0.001904,0.073827,0.002461,0.180605,0.019302,0.74364,41.185204,11.916541,41.146839,14.640199,4.0,0.00028126,7,337,0.10494,0.14141,0.17,0.01,100,0.42857,0.9375,,,-0.03,0.0067,-0.00038,-0.02277,-0.00104,-0.01584,0.54284
185,189440,26.02996,284.5,0.5,0.63,0.804314,-0.00222,0.064168,0.001881,0.34822,0.019653,0.802667,40.336784,13.838311,39.056793,15.080133,4.0,0.00028116,4,377,0.11802,0.16091,0.18,0.01,100,0.25,0.77778,,,-0.03,0.00801,-0.00044,-0.0219,-0.00791,-0.0098,0.272
186,190464,46.12155,196.0,0.75,0.63,0.899718,-0.002103,0.047454,0.002463,0.182017,0.025497,0.865146,38.353409,14.451053,38.987324,16.067404,4.0,0.00028106,4,372,0.10894,0.14767,0.18,0.01,100,0.5,1.0,,,-0.03,0.00799,-0.00048,-0.02563,0.00729,-0.01457,0.37468
187,191488,62.17136,206.8,1.0,0.66,1.040423,-0.001874,0.08173,0.002033,0.251256,0.016464,0.677651,40.859901,13.155294,41.974232,13.715704,4.0,0.00028095,5,346,0.10268,0.14449,0.15,0.01,100,0.6,1.0,,,-0.03,0.00869,-0.00046,-0.02138,-0.00087,-0.01782,0.52948
188,192512,53.04097,515.0,1.0,0.67,0.791957,-0.002716,0.042635,0.002069,0.239023,0.020889,0.841032,39.407818,14.486167,38.913391,14.326597,4.0,0.00028085,1,385,0.11429,0.16535,0.15,0.01,100,1.0,1.0,,,-0.03,0.00815,-0.00025,-0.024,-0.00596,-0.00585,0.13351
189,193536,40.57232,297.5,0.75,0.69,0.872503,-0.001943,0.056667,0.002519,0.21372,0.030869,0.767019,42.172424,13.601639,42.776123,13.625436,4.0,0.00028075,4,389,0.12154,0.16177,0.15,0.01,100,1.0,0.82353,,,-0.03,0.00587,-0.0008,-0.0287,-0.00143,-0.01298,0.38583
190,194560,64.72583,146.0,1.0,0.7,0.887207,-0.003329,0.018336,0.002443,0.254531,0.027344,0.921738,43.565971,12.45857,42.841732,12.936189,4.0,0.00028065,1,371,0.12866,0.15844,0.14,0.01,100,1.0,0.0,,,-0.03,0.00495,-0.00022,-0.02494,-0.00306,-0.00989,0.13385
191,195584,3.00387,414.25,0.25,0.68,0.83056,-0.002496,0.020159,0.002025,0.211201,0.019562,0.908667,42.130764,12.120734,41.578873,12.643677,4.0,0.00028054,4,387,0.12085,0.15438,0.16,0.01,100,1.0,0.86364,,,-0.03,0.00611,-0.00083,-0.02866,-0.00362,-0.01461,0.13407
192,196608,33.63665,246.0,0.6,0.68,1.058417,-0.002827,0.049707,0.002847,0.153102,0.025421,0.748512,41.706886,10.252579,42.099861,12.273575,4.0,0.00028044,5,333,0.09998,0.13527,0.16,0.01,100,0.6,0.91304,,,-0.03,0.0065,-0.0002,-0.02484,0.00673,-0.01142,0.31417
193,197632,12.45233,299.0,0.33333,0.67,0.711053,-0.002466,0.036151,0.00137,0.366005,0.012161,0.829307,39.972843,11.011095,38.313152,12.44188,4.0,0.00028034,3,393,0.11271,0.16031,0.17,0.01,100,0.66667,1.0,,,-0.03,0.00614,0.00019,-0.02694,-0.00873,-0.01451,0.15299
194,198656,33.65215,406.33333,0.66667,0.67,0.678634,-0.001898,0.046241,0.001205,0.1234,0.010437,0.682473,36.225948,10.385616,36.146404,10.73963,4.0,0.00028024,3,403,0.10868,0.1392,0.18,0.01,100,0.66667,0.83333,,,-0.03,0.0064,-0.00054,-0.02858,-0.00878,-0.01053,0.29592
195,199680,63.56071,205.0,1.0,0.69,0.726684,-0.002939,0.040722,0.002159,0.191082,0.02565,0.745001,35.602219,8.976583,36.437859,11.018951,4.0,0.00028013,3,388,0.10482,0.12252,0.16,0.01,100,0.33333,0.83333,,,-0.03,0.00679,-7e-05,-0.02621,0.00139,-0.00889,0.42285
196,200704,6.48388,336.0,0.25,0.67,0.724764,-0.000978,0.043507,0.001552,0.253978,0.009415,0.767292,37.465416,9.838655,36.309555,11.994926,4.0,0.00028003,4,377,0.10777,0.12211,0.16,0.01,100,0.75,0.91667,,,-0.03,0.00756,-0.00023,-0.02542,0.00454,-0.01065,0.13904
197,201728,65.09021,163.75,1.0,0.69,0.76048,-0.003215,0.05089,0.001583,0.189083,0.017746,0.764991,35.100319,10.839251,35.772873,12.818665,4.0,0.00027993,4,384,0.0992,0.11166,0.15,0.01,100,0.25,1.0,,,-0.03,0.00546,3e-05,-0.0253,-0.00064,-0.01645,0.55132
198,202752,13.98979,310.16667,0.33333,0.69,0.816316,-0.001961,0.042085,0.002208,0.164701,0.024429,0.827222,36.546627,11.575501,36.406204,14.000617,4.0,0.00027983,6,369,0.08482,0.11213,0.16,0.01,100,0.33333,0.92308,,,-0.03,0.00646,0.00019,-0.02077,0.00409,-0.01643,0.24145
199,203776,66.81329,124.5,1.0,0.69,0.805558,-0.003345,0.025003,0.002652,0.19716,0.028961,0.918108,41.068047,14.554383,40.750019,15.300881,4.0,0.00027972,2,379,0.11058,0.14014,0.16,0.01,100,0.0,1.0,,,-0.03,0.00414,-0.00029,-0.02266,-0.00036,-0.014,0.2647
200,204800,39.22348,325.0,0.66667,0.69,0.743871,-0.003329,0.025758,0.002702,0.193613,0.036484,0.936091,37.553162,17.031988,37.139454,17.726629,4.0,0.00027962,3,382,0.1134,0.13472,0.16,0.01,100,0.33333,0.85714,,,-0.03,0.00582,-0.00057,-0.02437,-0.00302,-0.01664,0.28855
201,205824,28.21461,184.0,0.5,0.68,0.546438,-0.002148,0.028854,0.001847,0.251717,0.024231,0.93716,33.160767,18.030989,32.09903,18.670319,4.0,0.00027952,2,426,0.13477,0.1351,0.16,0.01,100,0.5,0.66667,,,-0.03,0.00669,-0.00069,-0.02851,-0.00356,-0.01772,0.18524
202,206848,-16.49197,501.5,0.0,0.66,0.693005,-0.002014,0.022721,0.002403,0.274052,0.028976,0.939744,32.663464,16.892906,31.458504,17.198332,4.0,0.00027942,4,392,0.10658,0.12362,0.17,0.01,100,0.5,0.86364,,,-0.03,0.00735,-0.0005,-0.02189,-0.00212,-0.01772,-0.00407
203,207872,24.9226,383.0,0.5,0.64,0.637651,-0.003015,0.024852,0.002213,0.197615,0.02713,0.943138,33.58012,17.573299,32.966713,18.345694,4.0,0.00027932,4,396,0.10428,0.13058,0.19,0.01,100,0.5,0.875,,,-0.03,0.00634,7e-05,-0.02217,-0.00274,-0.0189,0.30244
204,208896,45.6774,196.5,0.75,0.63,0.814535,-0.002042,0.06516,0.001786,0.178997,0.016235,0.748695,34.202312,12.382715,34.322479,14.186965,4.0,0.00027921,4,357,0.09135,0.13003,0.19,0.01,100,0.5,1.0,,,-0.03,0.00741,7e-05,-0.01889,0.00238,-0.0146,0.34836
205,209920,-10.75897,263.5,0.0,0.62,0.33728,-0.001615,0.035705,0.001219,0.474372,0.013443,0.783822,26.643578,12.019711,24.170296,11.499389,4.0,0.00027911,2,462,0.10255,0.13439,0.18,0.01,100,1.0,0.0,,,-0.03,0.00771,-0.00023,-0.02471,-0.02008,-0.0111,-0.01498
206,210944,-9.33431,363.0,0.0,0.61,0.639896,-0.001759,0.020761,0.001439,0.323893,0.014481,0.875533,26.146606,10.713833,24.446867,11.21393,4.0,0.00027901,3,405,0.10185,0.13109,0.18,0.01,100,1.0,0.66667,,,-0.03,0.00827,-5e-05,-0.02046,-0.00387,-0.01187,-0.00879
207,211968,50.38342,250.2,0.8,0.62,0.707555,-0.002818,0.074396,0.001959,0.219807,0.018723,0.655351,26.651962,10.775483,27.404572,13.132041,4.0,0.00027891,5,386,0.11119,0.13537,0.18,0.01,100,0.6,1.0,,,-0.03,0.00565,0.00022,-0.01891,-0.00248,-0.01812,0.5404
208,212992,-11.94682,600.0,0.0,0.61,0.480095,-0.002404,0.016338,0.001348,0.252088,0.01297,0.909908,25.014515,12.017587,23.789206,11.83038,4.0,0.0002788,1,428,0.13138,0.12928,0.19,0.01,100,1.0,1.0,,,-0.03,0.00477,0.00029,-0.02313,-0.00705,-0.00649,0.0
209,214016,11.81135,418.0,0.33333,0.6,0.669055,-0.001345,0.03662,0.001968,0.110107,0.019257,0.808162,24.628901,11.653521,24.346163,12.212718,4.0,0.0002787,3,412,0.12848,0.13369,0.19,0.01,100,1.0,1.0,,,-0.03,0.00739,-0.00039,-0.02646,-0.0016,-0.01345,0.14405
210,215040,39.43843,214.33333,0.66667,0.59,0.621217,-0.00271,0.048022,0.001507,0.151332,0.017242,0.787347,25.516586,11.359797,26.242167,13.398462,4.0,0.0002786,3,419,0.12717,0.13722,0.19,0.01,100,0.66667,1.0,,,-0.03,0.00618,-0.00029,-0.0251,1e-05,-0.01674,0.33743
211,216064,46.20539,252.75,0.75,0.59,0.738182,-0.002618,0.031771,0.001381,0.311867,0.011108,0.865638,26.92738,12.454092,28.368156,14.978967,4.0,0.0002785,4,392,0.12256,0.14042,0.2,0.01,100,0.25,0.8,,,-0.03,0.00355,-0.00067,-0.02496,0.00793,-0.01656,0.43999
212,217088,2.99095,453.75,0.25,0.56,0.992522,-0.003347,0.037721,0.002834,0.155309,0.03009,0.841871,30.579887,12.545709,30.708481,13.655174,4.0,0.00027839,4,351,0.10735,0.13538,0.22,0.01,100,0.75,0.92308,,,-0.03,0.00646,-0.0,-0.01798,0.00047,-0.01218,0.10654
213,218112,48.95024,267.8,0.8,0.57,0.943181,-0.002589,0.06006,0.00226,0.296887,0.023788,0.771351,30.717354,12.408444,32.15797,14.424203,4.0,0.00027829,5,366,0.11897,0.14959,0.23,0.01,100,0.8,0.90909,,,-0.03,0.00539,0.00011,-0.0194,0.00325,-0.01902,0.45878
214,219136,38.28087,223.0,0.66667,0.57,1.03334,-0.002906,0.030375,0.002732,0.150249,0.022308,0.895388,35.95974,13.877917,36.242985,15.259355,4.0,0.00027819,3,365,0.11452,0.14676,0.22,0.01,100,0.33333,1.0,,,-0.03,0.00379,-8e-05,-0.02323,0.0023,-0.01364,0.21179
215,220160,59.80824,262.66667,1.0,0.59,0.857478,-0.002134,0.070189,0.002153,0.201928,0.022079,0.72214,34.568794,14.47361,35.297329,14.655687,4.0,0.00027809,3,383,0.11888,0.14753,0.22,0.01,100,1.0,0.77778,,,-0.03,0.00642,0.00019,-0.02236,-0.00356,-0.01276,0.3707
216,221184,61.92231,216.33333,1.0,0.59,0.737727,-0.002535,0.057386,0.002125,0.212259,0.026886,0.798583,33.552307,14.346867,34.317268,15.079561,4.0,0.00027798,3,387,0.11803,0.13782,0.22,0.01,100,0.66667,1.0,,,-0.03,0.00537,0.0003,-0.02303,-0.00027,-0.01463,0.43132
217,222208,3.51858,395.0,0.25,0.56,0.971113,-0.001232,0.051159,0.001234,0.236259,0.008026,0.755766,34.820286,11.716599,33.690361,12.748523,4.0,0.00027788,4,365,0.10811,0.1356,0.23,0.01,100,1.0,0.69231,,,-0.03,0.00642,6e-05,-0.01971,-0.00068,-0.01659,0.10053
218,223232,34.977,294.33333,0.66667,0.56,0.80452,-0.003147,0.034466,0.001768,0.170039,0.019104,0.816849,33.004143,10.401637,33.369389,12.02718,4.0,0.00027778,3,389,0.12058,0.14851,0.24,0.01,100,0.33333,0.77778,,,-0.03,0.0062,-0.0,-0.02394,-0.00143,-0.01097,0.27886
219,224256,62.45668,215.0,1.0,0.57,0.850732,-0.002189,0.07622,0.002407,0.222731,0.026962,0.521307,32.291927,9.368764,32.876705,11.267318,4.0,0.00027768,4,373,0.10923,0.14658,0.24,0.01,100,1.0,0.875,,,-0.03,0.00632,0.00035,-0.02082,-0.00412,-0.01082,0.48449
220,225280,63.17043,208.0,1.0,0.58,0.415799,-0.001229,0.03379,0.00093,0.113246,0.007202,0.735922,31.870337,9.170291,31.849005,10.032288,4.0,0.00027757,2,438,0.12233,0.15064,0.23,0.01,100,0.5,1.0,,,-0.03,0.00806,0.00041,-0.03234,-0.00377,-0.00856,0.47395
221,226304,3.85593,375.8,0.2,0.57,0.751469,-0.002436,0.040718,0.001661,0.209184,0.016129,0.667683,31.605576,7.853534,30.618645,10.030386,4.0,0.00027747,5,393,0.10744,0.13424,0.23,0.01,100,0.6,0.90909,,,-0.03,0.00652,0.00015,-0.02167,-0.00097,-0.01578,0.13954
222,227328,28.7282,225.0,0.5,0.57,0.49929,-0.002404,0.034349,0.001571,0.233543,0.017197,0.774608,28.968288,9.397537,28.275963,10.889354,4.0,0.00027737,2,432,0.11123,0.15798,0.22,0.01,100,0.5,0.66667,,,-0.03,0.00725,0.00028,-0.02238,-0.00483,-0.00686,0.20746
223,228352,16.85291,322.66667,0.33333,0.55,0.754158,-0.002785,0.042611,0.001665,0.16888,0.013565,0.765394,30.207321,9.625847,30.334602,12.698088,4.0,0.00027727,6,381,0.10872,0.13726,0.23,0.01,100,0.66667,0.85714,,,-0.03,0.00777,0.0,-0.02232,0.00838,-0.01641,0.27902
224,229376,61.77107,265.5,1.0,0.55,0.956388,-0.002475,0.050269,0.002371,0.19395,0.024414,0.800896,36.354172,13.779837,37.491428,14.185841,4.0,0.00027716,2,352,0.11756,0.13478,0.23,0.0,100,0.5,1.0,,,-0.03,0.00566,0.00028,-0.02057,0.00467,-0.01009,0.22116
225,230400,44.43917,299.0,0.75,0.57,0.882287,-0.002058,0.050317,0.002255,0.198393,0.025452,0.777071,39.460304,13.805436,40.488651,13.696761,4.0,0.00027706,4,377,0.1233,0.12576,0.23,0.0,100,0.75,1.0,,,-0.03,0.00468,-0.00026,-0.0212,-0.00012,-0.01669,0.36227
226,231424,65.85661,117.0,1.0,0.57,0.888813,-0.003979,0.016394,0.002894,0.257541,0.033966,0.917324,43.114193,12.599333,42.664959,12.718902,4.0,0.00027696,1,382,0.11517,0.10882,0.23,0.0,100,0.0,1.0,,,-0.03,0.00424,0.00053,-0.01786,0.00203,-0.01347,0.12678
227,232448,22.53841,370.0,0.5,0.56,0.981901,-0.00157,0.036016,0.002335,0.166067,0.022705,0.822868,43.388927,12.252916,42.903816,13.086625,4.0,0.00027686,4,371,0.1144,0.09281,0.23,0.0,100,0.75,1.0,,,-0.03,0.00462,-0.00011,-0.01867,0.00306,-0.02542,0.21587
228,233472,35.99346,278.33333,0.66667,0.57,1.089397,-0.003658,0.020544,0.003115,0.183715,0.042969,0.863392,45.574203,10.777854,45.472103,11.284655,4.0,0.00027676,3,347,0.10469,0.09729,0.23,0.0,100,0.0,0.85714,,,-0.03,0.0045,0.00033,-0.01781,0.00552,-0.03044,0.20668
229,234496,-38.65201,600.0,0.0,0.57,1.050541,-0.004226,0.006777,0.003596,0.314109,0.050949,0.963345,45.417252,12.033264,44.245293,12.111888,4.0,0.00027665,1,376,0.12147,0.08835,0.24,0.0,100,0.0,0.8,,,-0.03,0.00423,-0.00017,-0.01916,0.00265,-0.0135,0.0
230,235520,6.26017,481.33333,0.33333,0.55,0.995637,-0.004932,0.010172,0.003403,0.239076,0.040634,0.944471,43.665726,11.93427,42.911995,12.272226,4.0,0.00027655,3,367,0.11682,0.10014,0.26,0.0,100,0.66667,0.8,,,-0.03,0.00401,3e-05,-0.01704,0.0015,-0.01169,0.10672
231,236544,65.02977,148.0,1.0,0.56,0.91593,-0.004054,0.010799,0.0029,0.259049,0.035004,0.945163,42.423073,11.993059,41.48941,12.46479,4.0,0.00027645,1,353,0.129,0.10368,0.25,0.0,100,0.0,0.0,,,-0.03,0.00367,0.0001,-0.01617,0.00337,-0.01143,0.12398
232,237568,0.585,550.75,0.25,0.54,0.973131,-0.003056,0.013643,0.003004,0.173534,0.037048,0.909456,41.578365,10.778028,41.085552,11.063815,4.0,0.00027635,4,369,0.11284,0.11599,0.28,0.0,100,0.5,0.92308,,,-0.03,0.005,-4e-05,-0.02051,0.00309,-0.01793,0.10285
233,238592,19.79874,360.5,0.5,0.55,1.050818,-0.002601,0.017384,0.002441,0.253645,0.025497,0.888968,42.958504,10.77006,42.05619,11.260366,4.0,0.00027624,2,370,0.10702,0.12039,0.28,0.0,100,0.0,0.75,,,-0.03,0.00422,-0.00049,-0.02347,0.002,-0.01853,0.10962
234,239616,57.71112,296.33333,1.0,0.58,1.151786,-0.00265,0.032376,0.002403,0.153712,0.026947,0.786829,41.353001,10.395241,41.130157,11.12803,4.0,0.00027614,3,346,0.10259,0.11631,0.25,0.0,100,0.0,0.4,,,-0.03,0.00398,0.00018,-0.02168,0.00407,-0.02072,0.27768
235,240640,8.10476,441.66667,0.33333,0.57,0.972427,-0.002842,0.013498,0.002312,0.313605,0.023468,0.923646,39.192047,10.942743,37.848938,11.560023,4.0,0.00027604,3,362,0.11344,0.12953,0.26,0.0,100,0.0,1.0,,,-0.03,0.003,-4e-05,-0.02338,-0.00243,-0.01759,0.12063
236,241664,22.6639,347.8,0.6,0.57,1.016074,-0.002461,0.051548,0.002734,0.165849,0.029724,0.731095,36.585644,11.195369,36.416656,12.745306,4.0,0.00027594,5,362,0.10326,0.11648,0.27,0.0,100,0.4,0.85714,,,-0.03,0.00485,-0.0003,-0.01868,-0.00151,-0.02565,0.31004
237,242688,57.87858,294.0,1.0,0.61,1.103159,-0.001521,0.06,0.002608,0.218256,0.023438,0.410041,37.282146,9.173347,38.126476,9.952713,4.0,0.00027583,4,341,0.10737,0.13596,0.26,0.0,100,0.75,1.0,,,-0.03,0.00492,-0.00113,-0.01528,-0.00254,-0.01159,0.37664
238,243712,61.10161,219.0,1.0,0.62,1.030395,-0.002631,0.036516,0.003019,0.21874,0.037262,0.726636,40.002468,9.020397,40.78849,10.634782,4.0,0.00027573,4,355,0.11383,0.14273,0.25,0.0,100,0.25,1.0,,,-0.03,0.00543,-0.0004,-0.01601,0.0002,-0.01085,0.4408
239,244736,39.06821,258.33333,0.66667,0.63,1.054502,-0.001357,0.039412,0.003094,0.144392,0.036713,0.644504,40.477222,8.18869,40.231659,9.841482,4.0,0.00027563,3,351,0.09789,0.118,0.24,0.0,100,0.33333,1.0,,,-0.03,0.0067,-0.00039,-0.01704,0.00594,-0.01321,0.20938
240,245760,53.69787,178.85714,0.85714,0.64,1.219217,-0.003476,0.044298,0.004398,0.319745,0.05542,0.681893,41.449936,7.952845,42.925602,10.758411,4.0,0.00027553,7,342,0.09643,0.11591,0.23,0.0,100,0.14286,0.93333,,,-0.03,0.0059,-0.00025,-0.01724,0.00647,-0.01917,0.56224
241,246784,46.87755,161.5,0.75,0.66,1.226567,-0.001942,0.036316,0.002615,0.162146,0.024811,0.735539,43.08831,9.00749,43.461502,11.107633,4.0,0.00027542,4,343,0.09072,0.10563,0.2,0.0,100,0.25,0.66667,,,-0.03,0.00628,-0.00022,-0.01899,0.0081,-0.01142,0.28753
242,247808,39.24643,288.33333,0.66667,0.66,1.333082,-0.004572,0.023795,0.00362,0.269038,0.0457,0.79962,42.883953,8.780949,44.107758,9.897799,4.0,0.00027532,6,318,0.08701,0.10863,0.21,0.0,100,0.16667,0.84615,,,-0.03,0.00614,-0.00052,-0.02014,0.00729,-0.01543,0.34234
243,248832,64.71731,158.5,1.0,0.67,1.25032,-0.002771,0.026376,0.002432,0.263386,0.019653,0.791065,46.214279,9.049548,47.227806,10.297703,4.0,0.00027522,4,329,0.10104,0.11826,0.21,0.0,100,0.25,1.0,,,-0.03,0.00442,-0.00062,-0.02163,0.00417,-0.023,0.35733
244,249856,37.78488,283.5,0.75,0.66,1.110446,-0.003938,0.017679,0.002958,0.161667,0.033752,0.862697,47.582867,9.736532,47.624691,10.4468,4.0,0.00027512,4,346,0.10208,0.12346,0.22,0.0,100,0.0,0.90909,,,-0.03,0.00551,-0.00016,-0.02264,1e-05,-0.01139,0.30056
245,250880,60.33272,257.33333,1.0,0.66,0.893637,-0.004068,0.024313,0.002645,0.160358,0.031265,0.78031,45.001434,9.34375,45.051247,9.78464,4.0,0.00027501,3,340,0.09999,0.13435,0.22,0.0,100,0.33333,0.66667,,,-0.03,0.0096,6e-05,-0.01883,-0.00245,-0.01059,0.3411
246,251904,64.18537,186.66667,1.0,0.69,0.719322,-0.002147,0.028445,0.001882,0.13262,0.020752,0.743696,43.847923,8.832488,44.071167,9.642792,4.0,0.00027491,3,376,0.1117,0.13369,0.21,0.0,100,0.66667,0.77778,,,-0.03,0.00733,-0.00025,-0.02146,-0.0032,-0.01287,0.43086
247,252928,10.62836,352.33333,0.33333,0.68,0.653841,-0.00122,0.02923,0.001772,0.267475,0.019623,0.760757,43.883476,8.2934,42.563469,10.028746,4.0,0.00027481,3,392,0.10465,0.12981,0.21,0.0,100,1.0,0.8,,,-0.03,0.00653,0.00043,-0.02299,-0.00415,-0.01437,0.14816
248,253952,50.44283,241.0,0.83333,0.67,0.890054,-0.002574,0.029607,0.002091,0.244117,0.022644,0.727649,44.3395,7.735488,45.788185,9.6087,4.0,0.00027471,6,357,0.09039,0.10558,0.22,0.0,100,0.5,1.0,,,-0.03,0.00616,-0.00036,-0.0204,0.0079,-0.02133,0.55024
249,254976,43.67129,203.14286,0.71429,0.7,1.046547,-0.002643,0.039823,0.002626,0.164397,0.028183,0.724419,46.160465,8.467364,46.50724,11.646947,4.0,0.0002746,7,330,0.0853,0.10102,0.21,0.0,100,0.71429,1.0,,,-0.03,0.00683,7e-05,-0.01888,0.00309,-0.01909,0.49466
250,256000,53.05762,211.0,0.83333,0.73,1.187256,-0.003066,0.031719,0.00306,0.206147,0.041763,0.76304,49.21093,9.806325,49.978146,10.637887,4.0,0.0002745,6,323,0.0843,0.10944,0.2,0.0,100,0.33333,0.7,,,-0.03,0.00706,0.00051,-0.01705,0.00522,-0.01502,0.45232
251,257024,63.69791,189.0,1.0,0.73,0.814387,-0.002698,0.019947,0.002149,0.255041,0.022125,0.870748,51.483597,11.594542,50.67067,11.67862,4.0,0.0002744,1,381,0.1041,0.13036,0.2,0.0,100,1.0,1.0,,,-0.03,0.00761,-0.00057,-0.01567,-0.00153,-0.01298,0.1312
252,258048,62.25491,220.5,1.0,0.74,0.97828,-0.00227,0.024033,0.002437,0.210112,0.024261,0.841291,48.890457,10.921047,49.833782,11.37976,4.0,0.0002743,6,362,0.08842,0.09482,0.19,0.0,100,0.66667,0.81818,,,-0.03,0.00547,-0.00029,-0.01667,0.00823,-0.02609,0.63019
253,259072,59.94843,217.4,1.0,0.76,1.123847,-0.002694,0.01577,0.002114,0.172041,0.016785,0.882188,49.869434,9.808117,50.564163,10.760587,4.0,0.0002742,5,325,0.07821,0.1032,0.18,0.0,100,0.4,0.9,,,-0.03,0.00645,-0.0,-0.01402,0.00646,-0.01659,0.44472
254,260096,41.32192,291.33333,0.66667,0.77,0.938248,-0.002422,0.015036,0.002534,0.243371,0.028534,0.891642,51.024681,11.114641,50.046135,11.110225,4.0,0.00027409,3,364,0.08934,0.10781,0.17,0.0,100,0.66667,1.0,,,-0.03,0.00722,-0.00083,-0.0158,-7e-05,-0.01983,0.22604
255,261120,58.34893,226.75,1.0,0.79,0.740601,-0.002855,0.011955,0.001895,0.151691,0.019897,0.926706,47.791801,11.200114,47.897881,12.027268,4.0,0.00027399,4,391,0.08534,0.08923,0.15,0.0,100,0.25,0.8,,,-0.03,0.00823,0.00032,-0.0185,0.00404,-0.02732,0.52527
256,262144,63.31036,215.25,1.0,0.82,0.736919,-0.002124,0.027748,0.002216,0.176478,0.02594,0.827821,46.044888,11.275663,45.698513,11.973821,4.0,0.00027389,4,373,0.08093,0.10711,0.12,0.0,100,0.5,1.0,,,-0.03,0.00929,0.00054,-0.01189,-0.00117,-0.01613,0.50506
257,263168,27.81157,259.0,0.5,0.8,0.780974,-0.001304,0.039582,0.001855,0.105349,0.015137,0.811234,46.892773,11.866283,47.144783,13.65062,4.0,0.00027379,6,363,0.08145,0.1031,0.12,0.0,100,1.0,1.0,,,-0.03,0.00712,-0.00036,-0.01554,0.00767,-0.02545,0.35958
258,264192,56.27084,194.25,0.875,0.83,1.056997,-0.003446,0.024808,0.003228,0.180645,0.027603,0.813132,50.956909,9.595724,51.378662,10.910802,4.0,0.00027368,8,327,0.07597,0.10554,0.1,0.0,100,0.375,0.93333,,,-0.03,0.00563,0.00047,-0.01507,0.00414,-0.01923,0.63657
259,265216,51.89365,135.8,0.8,0.82,0.798993,-0.001975,0.043285,0.002467,0.325802,0.026443,0.742506,48.587608,10.021001,47.069443,12.304271,4.0,0.00027358,5,352,0.079,0.11696,0.1,0.0,100,0.4,1.0,,,-0.03,0.00773,0.00073,-0.01572,-0.00117,-0.02385,0.45819
260,266240,28.98828,165.25,0.5,0.8,0.624608,-0.001593,0.042471,0.002103,0.359127,0.02533,0.795066,43.375935,11.214862,41.989452,13.859934,4.0,0.00027348,4,381,0.07624,0.11246,0.1,0.0,100,0.75,1.0,,,-0.03,0.00709,0.00038,-0.0125,0.00422,-0.02041,0.29381
261,267264,51.26121,150.6,0.8,0.81,0.777185,-0.002209,0.037342,0.002311,0.20245,0.025131,0.835588,44.288406,12.746522,43.697102,14.603319,4.0,0.00027338,5,372,0.08333,0.11519,0.1,0.0,100,0.4,0.88889,,,-0.03,0.00732,0.00073,-0.01581,0.00565,-0.02674,0.47518
262,268288,47.45932,261.25,0.75,0.8,0.572145,-0.002511,0.025598,0.00205,0.148729,0.018982,0.874879,41.052246,12.855462,40.814598,13.499228,4.0,0.00027327,4,401,0.08856,0.10762,0.11,0.0,100,0.5,1.0,,,-0.03,0.00766,0.0001,-0.01507,0.00035,-0.02205,0.44559
263,269312,27.8819,287.0,0.5,0.79,0.787603,-0.001693,0.026701,0.001441,0.191177,0.013641,0.865014,45.541046,11.73742,44.761303,13.450279,4.0,0.00027317,4,372,0.10014,0.11526,0.12,0.0,100,0.75,1.0,,,-0.03,0.00625,0.00099,-0.01882,0.0048,-0.01539,0.24461
264,270336,64.99885,163.0,1.0,0.8,0.742301,-0.002672,0.025534,0.002294,0.178427,0.024994,0.869003,45.01556,13.058529,44.52961,13.255336,4.0,0.00027307,2,370,0.10476,0.12516,0.11,0.0,100,1.0,0.0,,,-0.03,0.00669,0.00042,-0.02079,0.00339,-0.01732,0.24871
265,271360,47.74108,326.66667,0.83333,0.8,0.688737,-0.001415,0.0467,0.002086,0.166541,0.020767,0.668648,44.729584,11.947639,45.481125,11.635377,4.0,0.00027297,6,378,0.09527,0.10851,0.11,0.0,100,0.5,0.85714,,,-0.03,0.00514,0.00026,-0.0177,0.00396,-0.02846,0.57119
266,272384,59.11853,249.25,1.0,0.81,0.79957,-0.002043,0.029508,0.002021,0.158985,0.020294,0.636814,46.583351,7.486563,46.085777,8.647129,4.0,0.00027286,4,367,0.09813,0.1179,0.1,0.0,100,0.5,0.625,,,-0.03,0.00655,2e-05,-0.01666,-0.00383,-0.03049,0.43905
267,273408,38.73593,172.33333,0.66667,0.8,0.709936,-0.001605,0.029075,0.001349,0.278416,0.012283,0.697087,43.91066,7.421529,42.608315,9.21321,4.0,0.00027276,3,382,0.09991,0.11725,0.1,0.0,100,1.0,1.0,,,-0.03,0.0056,3e-05,-0.01789,-0.00591,-0.02093,0.26124
268,274432,11.35034,367.66667,0.33333,0.78,0.547238,-0.001059,0.020745,0.001066,0.328354,0.010971,0.83206,39.929955,8.84463,38.483929,10.225099,4.0,0.00027266,3,397,0.11098,0.11701,0.11,0.0,100,0.33333,1.0,,,-0.03,0.00609,5e-05,-0.02223,-0.00145,-0.01751,0.15538
269,275456,33.42991,353.0,0.66667,0.78,0.621299,-0.001284,0.031112,0.001941,0.245006,0.019318,0.79634,38.934067,10.433785,38.047401,11.773211,4.0,0.00027256,3,397,0.0942,0.10198,0.11,0.0,100,0.66667,0.0,,,-0.03,0.00536,0.00026,-0.01891,0.00032,-0.02237,0.26493
270,276480,33.12799,322.66667,0.66667,0.78,0.558456,-0.002623,0.025583,0.001761,0.199173,0.017548,0.85488,36.548809,11.811389,36.003166,12.571123,4.0,0.00027245,3,414,0.09749,0.11652,0.11,0.0,100,1.0,1.0,,,-0.03,0.00696,0.00032,-0.01704,-0.00334,-0.01487,0.32869
271,277504,11.8249,359.0,0.33333,0.77,0.63607,-0.001799,0.017867,0.001949,0.193651,0.021576,0.914773,37.110775,12.720111,36.261711,13.665028,4.0,0.00027235,3,396,0.08708,0.08559,0.11,0.0,100,0.66667,1.0,,,-0.03,0.00837,3e-05,-0.02185,0.00758,-0.02736,0.1359
272,278528,38.56854,327.33333,0.66667,0.76,0.576081,-0.002449,0.018797,0.001448,0.207696,0.01564,0.901216,36.976482,12.141897,36.463974,12.979292,4.0,0.00027225,3,395,0.09344,0.09223,0.12,0.0,100,0.33333,0.77778,,,-0.03,0.0062,0.00039,-0.01643,-0.00408,-0.01581,0.30341
273,279552,42.27896,336.0,0.75,0.76,0.752131,-0.001284,0.030422,0.001208,0.16187,0.011826,0.794701,36.99968,10.263513,37.642925,11.625795,4.0,0.00027215,4,366,0.08148,0.10393,0.12,0.0,100,0.5,0.7,,,-0.03,0.00617,0.00036,-0.01801,0.00235,-0.01656,0.33241
274,280576,45.01221,201.0,0.75,0.76,0.670413,-0.001715,0.036548,0.001667,0.108768,0.012787,0.815368,39.455185,12.059263,39.723988,13.308861,4.0,0.00027204,4,384,0.08083,0.09296,0.12,0.0,100,0.5,0.71429,,,-0.03,0.00506,0.00041,-0.01851,0.00332,-0.02723,0.36157
275,281600,45.28856,260.0,0.75,0.76,0.753949,-0.003207,0.017672,0.001751,0.182324,0.016647,0.913262,41.405041,13.102714,42.094837,13.987286,4.0,0.00027194,4,378,0.08518,0.09997,0.12,0.0,100,0.5,0.66667,,,-0.03,0.00519,0.00038,-0.01891,0.01074,-0.02542,0.36068
276,282624,60.92372,218.0,1.0,0.76,0.752976,-0.001877,0.031438,0.001849,0.125593,0.019516,0.832431,42.303612,12.462945,42.528011,12.99256,4.0,0.00027184,4,358,0.08584,0.09689,0.12,0.0,100,0.5,1.0,,,-0.03,0.00492,0.0007,-0.01613,0.00056,-0.02027,0.46572
277,283648,26.15124,306.33333,0.5,0.73,0.734655,-0.002189,0.022652,0.002972,0.152781,0.036697,0.883196,42.132469,11.814088,42.296761,13.84444,4.0,0.00027174,6,376,0.08534,0.08818,0.14,0.0,100,0.33333,1.0,,,-0.03,0.00556,0.00059,-0.01453,0.00562,-0.0335,0.34786
278,284672,63.54558,173.0,1.0,0.74,0.801709,-0.002505,0.034564,0.002681,0.167172,0.024521,0.800954,43.269203,10.833338,43.896088,12.772634,4.0,0.00027164,5,350,0.08018,0.09548,0.13,0.0,100,0.0,0.75,,,-0.03,0.0073,0.00091,-0.0142,0.0038,-0.02625,0.5081
279,285696,40.81215,155.5,0.66667,0.72,0.772996,-0.001658,0.039878,0.002029,0.140811,0.021988,0.832312,42.441101,12.571224,42.50782,15.278937,4.0,0.00027153,6,357,0.08152,0.09801,0.13,0.0,100,0.33333,0.5,,,-0.03,0.0049,0.00084,-0.01441,0.00626,-0.02891,0.41428
280,286720,53.21092,198.0,0.83333,0.74,0.764748,-0.002219,0.021267,0.002077,0.277573,0.022491,0.927618,41.987663,14.867743,43.324867,16.785576,4.0,0.00027143,6,350,0.08123,0.09196,0.13,0.0,100,0.16667,0.0,,,-0.03,0.00464,0.00082,-0.01382,0.01144,-0.02276,0.54488
281,287744,66.72437,129.4,1.0,0.74,0.745014,-0.002655,0.036267,0.002124,0.195074,0.0224,0.912801,42.02528,18.592375,42.943176,19.82164,4.0,0.00027133,5,364,0.07661,0.10756,0.13,0.0,100,0.2,0.8,,,-0.03,0.00597,0.00059,-0.01305,0.00627,-0.01748,0.57739
282,288768,42.21732,189.66667,0.66667,0.73,0.793934,-0.002435,0.028918,0.002109,0.211213,0.020264,0.934766,42.449158,19.488394,41.958931,21.103306,4.0,0.00027123,6,358,0.07416,0.104,0.12,0.0,100,0.33333,1.0,,,-0.03,0.00555,0.00074,-0.01655,0.00882,-0.02273,0.43307
283,289792,33.80685,270.4,0.6,0.73,0.776009,-0.002034,0.037407,0.00208,0.211325,0.019333,0.898106,46.040272,17.370878,45.403309,18.579779,4.0,0.00027112,5,354,0.07639,0.10201,0.13,0.0,100,0.6,1.0,,,-0.03,0.00594,0.00063,-0.0145,0.00427,-0.02007,0.33005
284,290816,48.57187,140.25,0.75,0.73,0.877209,-0.001907,0.028989,0.002144,0.286813,0.02182,0.871001,50.056263,13.597583,49.046715,14.410851,4.0,0.00027102,4,362,0.08809,0.10645,0.13,0.0,100,0.25,0.0,,,-0.03,0.00513,0.00071,-0.01411,0.00575,-0.02805,0.31873
285,291840,63.03376,200.66667,1.0,0.74,0.844617,-0.001939,0.045413,0.002445,0.231216,0.026016,0.71978,46.759277,13.167513,46.392502,12.792748,4.0,0.00027092,3,369,0.08997,0.10173,0.13,0.0,100,0.33333,1.0,,,-0.03,0.00596,0.00012,-0.01715,-0.00041,-0.02762,0.32779
286,292864,45.8882,245.0,0.75,0.74,0.815485,-0.002552,0.019056,0.001638,0.208114,0.013474,0.906644,43.562256,12.798162,43.038517,13.940706,4.0,0.00027082,4,373,0.0905,0.10219,0.13,0.0,100,0.0,0.66667,,,-0.03,0.00608,0.0008,-0.01796,0.006,-0.01913,0.36477
287,293888,32.91748,275.0,0.66667,0.75,0.646423,-0.003348,0.026604,0.002825,0.330661,0.041931,0.889673,39.313988,14.305442,37.932182,14.826324,4.0,0.00027071,3,379,0.09033,0.1063,0.13,0.0,100,0.33333,0.5,,,-0.03,0.00704,0.00077,-0.01591,0.00171,-0.01372,0.28507
288,294912,32.52636,234.85714,0.57143,0.73,0.651799,-0.001136,0.044782,0.00149,0.193329,0.015472,0.867521,38.14637,16.056684,37.881714,18.053886,4.0,0.00027061,7,383,0.07987,0.10822,0.13,0.0,100,0.42857,0.8,,,-0.03,0.00722,0.00097,-0.01764,0.00362,-0.01812,0.53228
289,295936,28.56347,302.0,0.5,0.7,0.708655,-0.002151,0.042325,0.001367,0.185826,0.013107,0.870252,40.056595,16.03862,39.297455,17.538183,4.0,0.00027051,6,369,0.07778,0.10654,0.15,0.0,100,0.83333,1.0,,,-0.03,0.00724,0.00018,-0.01406,-0.00059,-0.02631,0.36256
290,296960,46.72854,174.0,0.75,0.71,0.918602,-0.002108,0.046687,0.002988,0.171449,0.030228,0.659072,49.121769,10.903718,49.391319,11.470372,4.0,0.00027041,4,347,0.08272,0.11342,0.15,0.0,100,0.75,1.0,,,-0.03,0.00702,0.00026,-0.01582,0.00666,-0.0139,0.29281
291,297984,66.302,149.4,1.0,0.73,0.891287,-0.002327,0.030783,0.002223,0.164914,0.021408,0.767845,49.26178,10.699396,48.942471,11.267812,4.0,0.0002703,5,344,0.0886,0.10704,0.14,0.0,100,0.4,1.0,,,-0.03,0.00718,9e-05,-0.01372,0.00263,-0.02452,0.52024
292,299008,63.62569,162.0,1.0,0.76,0.764619,-0.002067,0.01714,0.002277,0.181379,0.021393,0.906196,46.149574,12.234325,47.020782,13.690041,4.0,0.0002702,5,378,0.09323,0.11337,0.12,0.0,100,0.6,1.0,,,-0.03,0.00668,0.00047,-0.0201,0.01136,-0.01845,0.60735
293,300032,67.39927,120.33333,1.0,0.76,0.715746,-0.003727,0.011875,0.002281,0.212906,0.022217,0.951157,44.197598,14.634076,43.550934,15.259044,4.0,0.0002701,3,388,0.10151,0.09878,0.12,0.0,100,0.0,1.0,,,-0.03,0.00537,0.00062,-0.01597,0.00385,-0.02027,0.39445
294,301056,55.51003,196.85714,0.85714,0.78,0.842784,-0.002274,0.024257,0.001664,0.268724,0.017242,0.892464,45.561989,13.473884,46.907135,15.063102,4.0,0.00027,7,331,0.09472,0.1034,0.11,0.0,100,0.28571,0.83333,,,-0.03,0.00509,0.00012,-0.01719,0.00857,-0.01434,0.65982
295,302080,41.57562,313.57143,0.71429,0.77,0.9577,-0.002028,0.016608,0.003169,0.245626,0.038376,0.916196,47.892693,13.085336,48.540092,13.883768,4.0,0.00026989,7,345,0.08881,0.10607,0.12,0.0,100,0.42857,0.9,,,-0.03,0.00626,0.00036,-0.01582,0.00666,-0.02723,0.47135
296,303104,51.69803,166.66667,0.83333,0.77,1.017953,-0.00194,0.026595,0.001574,0.175092,0.011963,0.804204,52.472908,9.707123,52.118484,12.264118,4.0,0.00026979,6,334,0.07886,0.10276,0.12,0.0,100,0.16667,0.6,,,-0.03,0.00596,0.00063,-0.01581,0.00934,-0.02821,0.45235
297,304128,36.05708,176.6,0.6,0.77,0.82652,-0.001903,0.049502,0.001931,0.364684,0.021576,0.799889,49.064648,13.439875,46.939312,15.600275,4.0,0.00026969,5,354,0.0813,0.11748,0.1,0.0,100,0.6,1.0,,,-0.03,0.00742,0.00016,-0.01587,-0.00332,-0.01832,0.32891
298,305152,40.86041,168.0,0.66667,0.76,0.86835,-0.002198,0.043924,0.002825,0.29432,0.03299,0.781068,47.289692,13.337772,45.671967,14.139915,4.0,0.00026959,3,341,0.08105,0.10998,0.1,0.0,100,0.66667,1.0,,,-0.03,0.0081,0.00037,-0.01534,-0.00016,-0.01984,0.21686
299,306176,46.59639,173.0,0.75,0.77,0.719536,-0.00186,0.039415,0.001745,0.187808,0.014236,0.845368,41.707977,14.089021,40.930237,15.733427,4.0,0.00026948,4,385,0.08804,0.10735,0.1,0.0,100,0.5,1.0,,,-0.03,0.0089,-0.00018,-0.01548,0.00534,-0.01862,0.38646
300,307200,64.01005,181.75,1.0,0.77,0.890221,-0.002881,0.037065,0.003361,0.171538,0.037262,0.862954,43.988373,16.020363,44.244965,16.430527,4.0,0.00026938,4,362,0.0859,0.10335,0.1,0.0,100,0.75,0.83333,,,-0.03,0.00662,-6e-05,-0.01459,0.00383,-0.01746,0.42468
301,308224,37.19243,304.83333,0.66667,0.76,0.916214,-0.002618,0.031242,0.002218,0.186847,0.023331,0.862013,44.325043,14.537365,43.519505,15.149723,4.0,0.00026928,6,344,0.09277,0.11898,0.11,0.0,100,0.66667,1.0,,,-0.03,0.0071,4e-05,-0.01521,-0.00769,-0.02381,0.41422
302,309248,45.96593,166.0,0.75,0.75,0.686246,-0.001555,0.032963,0.001191,0.18751,0.010483,0.890508,41.17181,15.414428,40.234146,17.133181,4.0,0.00026918,4,370,0.08503,0.11761,0.11,0.0,100,0.5,1.0,,,-0.03,0.00612,-0.00014,-0.01916,0.00935,-0.01947,0.40452
303,310272,32.96328,233.28571,0.57143,0.75,1.026114,-0.002328,0.023654,0.001635,0.211751,0.011795,0.884618,48.750153,12.767111,47.849026,15.462211,4.0,0.00026908,7,333,0.08327,0.11373,0.11,0.0,100,0.42857,0.85714,,,-0.03,0.00848,0.00013,-0.01753,0.00713,-0.02321,0.3699
304,311296,66.72813,128.57143,1.0,0.77,0.974003,-0.003005,0.035031,0.002773,0.262037,0.028351,0.797116,49.408829,11.958607,50.404453,13.071774,4.0,0.00026897,7,334,0.08465,0.10533,0.11,0.0,100,0.14286,1.0,,,-0.03,0.00541,0.00023,-0.01789,0.00895,-0.02378,0.67601
305,312320,66.96724,112.2,1.0,0.77,0.925355,-0.002688,0.018983,0.002038,0.157168,0.016586,0.932026,45.72385,15.961942,45.96767,17.571388,4.0,0.00026887,5,335,0.07854,0.10498,0.11,0.0,100,0.0,1.0,,,-0.03,0.00709,0.00022,-0.01877,0.01183,-0.02102,0.51292
306,313344,39.37144,223.66667,0.66667,0.78,0.877282,-0.002734,0.021018,0.002322,0.151588,0.020035,0.943774,45.467339,18.127005,45.562599,19.430275,4.0,0.00026877,6,353,0.07794,0.10627,0.1,0.0,100,0.16667,0.85714,,,-0.03,0.00648,0.0004,-0.01519,0.00586,-0.02102,0.41499
307,314368,40.42327,226.33333,0.66667,0.78,0.772199,-0.00197,0.048876,0.001672,0.296881,0.015472,0.879289,42.185074,19.278177,40.907585,20.377453,4.0,0.00026867,6,357,0.08668,0.12732,0.1,0.0,100,0.33333,1.0,,,-0.03,0.0064,0.00036,-0.01621,-0.00565,-0.01776,0.49038
308,315392,39.81218,185.0,0.66667,0.79,0.981061,-0.002271,0.050367,0.002707,0.215354,0.024994,0.794302,47.830338,14.467998,47.823696,15.96154,4.0,0.00026856,6,335,0.07911,0.11133,0.08,0.0,100,0.5,1.0,,,-0.03,0.0072,0.0003,-0.02029,0.0094,-0.01976,0.37632
309,316416,65.90798,140.57143,1.0,0.8,1.224756,-0.002697,0.030552,0.003037,0.195251,0.030624,0.549221,54.302185,8.425977,55.155521,8.638626,4.0,0.00026846,7,307,0.07501,0.10807,0.08,0.0,100,0.0,0.91667,,,-0.03,0.00763,0.00048,-0.0189,0.01024,-0.01912,0.55483
310,317440,66.35758,133.4,1.0,0.8,1.077633,-0.002551,0.020368,0.00252,0.177748,0.028336,0.768891,54.077576,8.907028,54.067795,9.417399,4.0,0.00026836,5,333,0.0767,0.11084,0.08,0.0,100,0.2,1.0,,,-0.03,0.00736,0.00041,-0.01746,0.00599,-0.01954,0.45289
311,318464,66.39906,134.66667,1.0,0.8,0.908888,-0.00268,0.016641,0.002651,0.251879,0.024002,0.872713,49.773315,10.515705,48.731644,11.215913,4.0,0.00026826,3,356,0.08288,0.1187,0.08,0.0,100,0.0,0.5,,,-0.03,0.00495,0.0004,-0.01832,-0.00352,-0.01738,0.32893
312,319488,62.27636,205.25,1.0,0.81,0.822095,-0.002376,0.028591,0.001947,0.167142,0.017853,0.839312,43.758682,12.608212,44.06749,13.447071,4.0,0.00026815,4,363,0.08852,0.12242,0.07,0.0,100,0.5,1.0,,,-0.03,0.00602,0.00048,-0.01604,0.00275,-0.0218,0.48185
313,320512,30.86121,304.2,0.6,0.79,0.78025,-0.002665,0.014975,0.00189,0.193648,0.015717,0.934418,43.463737,14.025118,43.116867,15.181566,4.0,0.00026805,5,364,0.07725,0.11384,0.09,0.0,100,0.2,1.0,,,-0.03,0.00672,0.00102,-0.01713,0.00545,-0.02206,0.34749
314,321536,36.32013,293.83333,0.66667,0.79,0.897552,-0.002071,0.048941,0.002209,0.163169,0.019653,0.805142,45.273903,14.009173,44.771538,15.924697,4.0,0.00026795,6,344,0.07694,0.11071,0.07,0.0,100,0.66667,0.33333,,,-0.03,0.0099,0.00053,-0.01515,0.00423,-0.02615,0.39036
315,322560,53.85053,146.33333,0.83333,0.79,0.89348,-0.002527,0.027709,0.002309,0.150359,0.024231,0.823377,49.672005,10.443619,49.718636,12.966592,4.0,0.00026785,6,348,0.08231,0.11239,0.07,0.0,100,0.33333,1.0,,,-0.03,0.00643,0.00096,-0.01447,0.00988,-0.02511,0.52755
316,323584,66.68343,116.4,1.0,0.81,0.914841,-0.002664,0.014631,0.002306,0.195998,0.019119,0.910165,49.480545,11.478745,50.205502,12.870399,4.0,0.00026774,5,328,0.07701,0.10724,0.07,0.0,100,0.0,1.0,,,-0.03,0.00882,0.0008,-0.01808,0.01031,-0.0195,0.50738
317,324608,66.92715,130.875,1.0,0.83,0.811607,-0.001877,0.021149,0.003074,0.216538,0.036026,0.920662,48.572716,15.163778,48.948109,16.439728,4.0,0.00026764,8,361,0.08019,0.10608,0.07,0.0,100,0.25,1.0,,,-0.03,0.00695,0.00082,-0.01877,0.00687,-0.0207,0.89398
318,325632,27.8886,271.25,0.5,0.81,0.773833,-0.002055,0.0212,0.002554,0.278884,0.025314,0.933677,45.377998,16.949152,44.418343,18.335978,4.0,0.00026754,4,359,0.0766,0.10162,0.08,0.0,100,0.75,1.0,,,-0.03,0.00719,0.00081,-0.0177,0.0051,-0.02349,0.22117
319,326656,54.56615,208.14286,0.85714,0.82,0.994535,-0.002459,0.034446,0.002257,0.160046,0.019455,0.773273,52.287823,11.401567,52.430286,12.436625,4.0,0.00026744,7,319,0.07266,0.10576,0.07,0.0,100,0.28571,1.0,,,-0.03,0.00687,0.00119,-0.01884,0.01011,-0.02461,0.53508
320,327680,51.80579,123.7,0.8,0.84,1.165933,-0.00205,0.029791,0.003406,0.13059,0.019058,0.753626,56.356533,8.791801,56.912575,11.549596,4.0,0.00026733,10,311,0.07184,0.10382,0.06,0.0,100,0.2,1.0,,,-0.03,0.00631,0.00078,-0.01741,0.01292,-0.0237,0.62663
321,328704,67.12129,124.5,1.0,0.84,1.032462,-0.001538,0.028088,0.002225,0.23445,0.020264,0.717307,56.705353,10.935812,57.635246,10.232261,4.0,0.00026723,6,330,0.07924,0.11277,0.06,0.0,100,0.16667,1.0,,,-0.03,0.00538,0.00049,-0.02059,0.01175,-0.01742,0.54421
322,329728,64.48777,160.0,1.0,0.84,0.899381,-0.002642,0.024649,0.002353,0.333634,0.018219,0.772,55.717033,10.182752,54.147133,10.349619,4.0,0.00026713,3,322,0.08428,0.12152,0.06,0.0,100,0.0,1.0,,,-0.03,0.00601,5e-05,-0.02008,-0.00265,-0.01478,0.30716
323,330752,61.15385,195.5,1.0,0.85,0.627872,-0.001886,0.022582,0.001426,0.203359,0.011185,0.896343,45.988979,13.534239,45.078396,14.725049,4.0,0.00026703,4,390,0.08596,0.12203,0.06,0.0,100,0.5,1.0,,,-0.03,0.00635,-3e-05,-0.02162,0.00301,-0.01948,0.55104
324,331776,36.1516,211.6,0.6,0.84,0.559194,-0.001394,0.036265,0.000911,0.306127,0.005936,0.886311,42.225079,16.334261,40.421822,17.669876,4.0,0.00026692,5,396,0.08304,0.11661,0.05,0.0,100,0.6,0.66667,,,-0.03,0.00535,-0.0,-0.02017,-0.00283,-0.02409,0.45296
325,332800,45.49154,236.5,0.75,0.84,0.546405,-0.003504,0.021881,0.002344,0.290722,0.031433,0.92742,37.745815,16.408115,36.462059,17.110207,4.0,0.00026682,4,406,0.08314,0.12949,0.05,0.0,100,0.5,0.88235,,,-0.03,0.006,0.00011,-0.02091,-0.0001,-0.01826,0.49572
326,333824,28.8746,243.83333,0.5,0.83,0.741053,-0.001564,0.019601,0.002057,0.225277,0.014236,0.943006,39.850151,18.046181,39.086788,20.261189,4.0,0.00026672,6,349,0.07675,0.10954,0.06,0.0,100,0.5,1.0,,,-0.03,0.00382,0.00019,-0.01783,0.00932,-0.01884,0.35994
327,334848,54.1355,197.5,0.83333,0.83,0.838794,-0.002411,0.016977,0.002183,0.207573,0.018799,0.956743,44.668129,18.810705,45.584114,20.002466,4.0,0.00026662,6,353,0.0764,0.11052,0.07,0.0,100,0.33333,1.0,,,-0.03,0.00565,0.00053,-0.01787,0.01342,-0.01936,0.51858
328,335872,56.0103,198.75,0.875,0.82,0.886193,-0.002198,0.030233,0.00145,0.280728,0.012619,0.905219,48.656937,17.77548,50.112854,18.39558,4.0,0.00026652,8,338,0.07228,0.10372,0.08,0.0,100,0.375,0.625,,,-0.03,0.00576,0.00058,-0.01986,0.01189,-0.02365,0.66322
329,336896,67.62102,108.4,1.0,0.82,1.03126,-0.002991,0.016302,0.002321,0.155702,0.018143,0.759401,57.794586,8.260006,57.880768,8.481905,4.0,0.00026641,5,328,0.07784,0.10988,0.08,0.0,100,0.4,1.0,,,-0.03,0.00492,0.00049,-0.01682,0.00564,-0.01881,0.43676
330,337920,61.11098,200.83333,1.0,0.83,0.893005,-0.002757,0.025695,0.002984,0.186423,0.033325,0.690446,54.749714,8.601215,54.282516,9.157784,4.0,0.00026631,6,335,0.08125,0.11614,0.07,0.0,100,0.16667,0.5,,,-0.03,0.00702,0.00078,-0.02008,-0.00027,-0.01849,0.59006
331,338944,68.20376,118.0,1.0,0.84,0.534744,-0.00349,0.013882,0.002872,0.356608,0.040329,0.909366,47.296394,11.657344,45.494972,12.002326,4.0,0.00026621,1,411,0.09177,0.13773,0.06,0.0,100,0.0,0.0,,,-0.03,0.00734,0.00067,-0.01885,-0.0062,-0.00807,0.16625
332,339968,63.61963,197.0,1.0,0.85,0.52434,-0.002154,0.019364,0.001044,0.192205,0.00856,0.917023,39.662746,14.456071,38.913414,15.363223,4.0,0.00026611,3,414,0.08573,0.12276,0.06,0.0,100,0.66667,1.0,,,-0.03,0.00497,0.00033,-0.0219,0.00458,-0.01362,0.49249
333,340992,40.09545,216.33333,0.66667,0.85,0.583689,-0.001475,0.024496,0.001597,0.150314,0.016815,0.924571,37.562008,17.139271,36.894875,18.191031,4.0,0.000266,3,407,0.09119,0.13741,0.06,0.0,100,0.66667,1.0,,,-0.03,0.00492,6e-05,-0.02173,-0.00431,-0.01429,0.31579
334,342016,-11.86312,600.0,0.0,0.82,0.562276,-0.002117,0.013485,0.002276,0.336494,0.026855,0.950231,38.317154,16.384592,36.036293,16.086243,4.0,0.0002659,3,389,0.08925,0.13438,0.09,0.0,100,0.66667,0.71429,,,-0.03,0.00571,0.00034,-0.0173,-0.00751,-0.01161,0.0
335,343040,29.34528,351.0,0.5,0.82,0.528143,-0.002576,0.010568,0.001528,0.24841,0.016998,0.958897,34.778206,15.66247,33.552608,16.226238,4.0,0.0002658,2,415,0.08225,0.11518,0.1,0.0,100,0.5,0.0,,,-0.03,0.00543,-2e-05,-0.01522,0.00639,-0.01315,0.17828
336,344064,41.42609,205.0,0.66667,0.81,0.63677,-0.001875,0.019445,0.001365,0.222745,0.01059,0.94011,34.472195,17.125996,33.813995,18.437584,4.0,0.0002657,3,398,0.07888,0.11461,0.1,0.0,100,0.66667,1.0,,,-0.03,0.00547,0.00088,-0.01572,0.00971,-0.01832,0.28607
337,345088,42.63676,302.5,0.75,0.8,0.74366,-0.002387,0.019659,0.001431,0.167938,0.014328,0.958187,33.609001,21.377348,33.240501,22.043701,4.0,0.00026559,4,374,0.07679,0.11104,0.11,0.0,100,0.25,0.6,,,-0.03,0.00499,0.00103,-0.01482,0.00585,-0.01456,0.37238
338,346112,21.23,407.8,0.4,0.77,0.647725,-0.002147,0.016633,0.001835,0.246144,0.017517,0.945417,40.77002,16.794981,39.761547,17.235706,4.0,0.00026549,5,385,0.08326,0.12112,0.14,0.0,100,0.8,0.90909,,,-0.03,0.00546,-0.00026,-0.01286,0.00163,-0.01486,0.26795
339,347136,58.22083,296.0,1.0,0.77,0.669211,-0.000849,0.024663,0.0022,0.204731,0.023407,0.787623,40.715908,11.056811,39.613895,11.030544,4.0,0.00026539,2,395,0.08761,0.12807,0.14,0.0,100,0.5,1.0,,,-0.03,0.00493,0.00055,-0.01369,0.00152,-0.01149,0.26401
340,348160,64.06561,188.66667,1.0,0.78,0.584512,-0.001911,0.020576,0.001174,0.191416,0.010193,0.899507,34.862183,12.989388,34.155319,14.454127,4.0,0.00026529,3,407,0.07765,0.10483,0.13,0.0,100,0.0,1.0,,,-0.03,0.00652,0.00083,-0.01721,0.00129,-0.01257,0.45593
341,349184,28.05593,373.5,0.5,0.78,0.340379,-0.002454,0.013601,0.001171,0.204937,0.014252,0.936547,25.341763,13.860637,24.230438,14.478468,4.0,0.00026518,2,450,0.07602,0.11208,0.14,0.0,100,0.0,0.33333,,,-0.03,0.00595,0.00068,-0.01964,-0.00454,-0.01085,0.26321
342,350208,-9.9496,600.0,0.0,0.77,0.420325,-0.002843,0.007642,0.001236,0.314391,0.011993,0.969661,25.912273,16.315451,24.10063,15.744267,4.0,0.00026508,2,415,0.06796,0.10599,0.15,0.0,100,0.5,1.0,,,-0.03,0.00567,-7e-05,-0.01537,-0.01005,-0.00908,0.0
343,351232,14.91899,458.66667,0.33333,0.75,0.367538,-0.001578,0.016932,0.00134,0.202488,0.013245,0.924772,26.150759,14.377266,25.241537,14.926615,4.0,0.00026498,3,435,0.06035,0.09339,0.17,0.0,100,1.0,0.0,,,-0.03,0.00677,0.00021,-0.01784,-0.0055,-0.01168,0.20938
344,352256,-8.49501,600.0,0.0,0.74,0.340124,-0.002576,0.005938,0.000888,0.196178,0.008789,0.975271,25.681026,15.640125,24.504637,15.699096,4.0,0.00026488,1,462,0.08056,0.11898,0.18,0.0,100,1.0,0.0,,,-0.03,0.00447,-0.00212,-0.01456,-0.00019,-0.00405,0.0
345,353280,15.16822,415.33333,0.33333,0.73,0.50339,-0.000925,0.024964,0.001246,0.214308,0.011505,0.903371,28.153309,15.825842,27.004383,16.102844,4.0,0.00026477,3,422,0.07539,0.10657,0.19,0.0,100,1.0,1.0,,,-0.03,0.0051,-0.0001,-0.01683,-0.00347,-0.01066,0.16064
346,354304,11.29323,531.0,0.33333,0.72,0.571026,-0.002215,0.013477,0.001445,0.174619,0.017303,0.933206,29.303858,13.648011,28.43692,14.162934,4.0,0.00026467,3,371,0.08121,0.11555,0.21,0.0,100,0.66667,1.0,,,-0.03,0.00718,-0.00108,-0.0124,-0.00251,-0.01038,0.14274
347,355328,62.20613,221.0,1.0,0.72,0.401781,-0.001782,0.014144,0.001306,0.276437,0.016144,0.922224,26.384312,12.708707,25.165722,13.411918,4.0,0.00026457,1,449,0.07923,0.12077,0.21,0.0,100,0.0,1.0,,,-0.03,0.0045,-0.00104,-0.01342,-0.00623,-0.0049,0.21367
348,356352,24.35378,455.0,0.5,0.71,0.416341,-0.000865,0.021402,0.002256,0.172335,0.033493,0.901391,23.066046,13.934155,22.564419,14.502164,4.0,0.00026447,2,445,0.07114,0.10074,0.22,0.0,100,1.0,0.6,,,-0.03,0.00512,-0.00123,-0.0106,0.00491,-0.00754,0.20127
349,357376,29.51052,389.5,0.5,0.69,0.4612,-0.001961,0.021014,0.001371,0.166186,0.016083,0.923748,22.094648,15.510132,22.382915,17.203733,4.0,0.00026436,4,428,0.07154,0.10555,0.24,0.0,100,0.75,1.0,,,-0.03,0.0041,-8e-05,-0.01391,0.00227,-0.01191,0.36355
350,358400,66.5415,151.0,1.0,0.69,0.581769,-0.003001,0.018568,0.002133,0.175304,0.022949,0.941962,24.305508,16.904915,24.207809,18.404724,4.0,0.00026426,2,410,0.08072,0.10999,0.24,0.0,100,0.0,1.0,,,-0.03,0.003,-0.00061,-0.00887,0.00095,-0.00833,0.31745
351,359424,-8.47375,600.0,0.0,0.66,0.745783,-0.002862,0.008757,0.001975,0.266106,0.022476,0.954748,30.045877,13.662393,28.861349,13.668867,4.0,0.00026416,3,370,0.07044,0.09382,0.27,0.0,100,0.66667,0.5,,,-0.03,0.00433,-0.0001,-0.01193,0.00386,-0.01274,0.0
352,360448,24.32757,382.5,0.5,0.65,0.555949,-0.003412,0.01198,0.001986,0.29186,0.022125,0.910526,26.655758,11.069428,25.111408,11.244843,4.0,0.00026406,2,411,0.08869,0.13162,0.28,0.0,100,0.0,1.0,,,-0.03,0.00625,-0.00027,-0.01211,-0.0076,-0.01402,0.16135
353,361472,nan,nan,0.0,0.65,0.316717,-0.002412,0.002724,0.002221,0.32073,0.030807,0.983244,18.529377,11.931629,17.102581,11.721889,4.0,0.00026396,0,468,0.08526,0.10979,0.28,0.0,100,0.0,0.0,,,-0.03,0.005,0.00049,-0.02352,0.00137,-0.00333,0.0
354,362496,-9.5155,600.0,0.0,0.63,0.442066,-0.00446,0.002218,0.002427,0.29807,0.034439,0.989079,16.731585,13.089046,15.429359,12.875169,4.0,0.00026385,2,432,0.08607,0.11076,0.3,0.0,100,1.0,1.0,,,-0.03,0.00446,4e-05,-0.02203,-0.00387,-0.01467,0.0
355,363520,-11.97168,600.0,0.0,0.6,0.393102,-0.003192,0.002226,0.001851,0.238313,0.023209,0.990353,15.660898,14.365924,14.511949,14.252831,4.0,0.00026375,4,423,0.08041,0.10902,0.34,0.0,100,0.75,0.8,,,-0.03,0.00431,-0.00054,-0.01599,0.00082,-0.01668,0.0
356,364544,34.26756,308.6,0.6,0.6,0.783809,-0.003463,0.042246,0.002319,0.295415,0.022278,0.796291,24.462406,11.935168,25.570072,14.919011,4.0,0.00026365,5,359,0.07046,0.09864,0.35,0.0,100,0.8,1.0,,,-0.03,0.00302,0.00035,-0.01634,0.0079,-0.01904,0.34027
357,365568,67.66986,116.33333,1.0,0.62,0.731775,-0.002605,0.035423,0.001755,0.245058,0.013046,0.862088,28.666817,13.805209,29.979818,16.305761,4.0,0.00026355,3,376,0.0727,0.10497,0.34,0.0,100,0.66667,0.0,,,-0.03,0.00381,0.00046,-0.01029,0.00689,-0.01521,0.36294
358,366592,36.6077,393.66667,0.66667,0.62,0.673442,-0.00144,0.044132,0.001706,0.177021,0.014282,0.86118,29.046976,17.342848,29.037546,17.730539,4.0,0.00026344,3,389,0.07216,0.10788,0.35,0.0,100,0.33333,1.0,,,-0.03,0.00479,0.00102,-0.01414,0.00351,-0.02021,0.25503
359,367616,69.10756,114.33333,1.0,0.62,0.617824,-0.003981,0.019967,0.001391,0.185724,0.012329,0.924065,27.537151,15.509452,27.703724,17.445131,4.0,0.00026334,3,388,0.07406,0.09765,0.35,0.0,100,0.0,0.0,,,-0.03,0.00601,0.00056,-0.01514,0.00628,-0.01363,0.43871
360,368640,29.64481,353.0,0.5,0.61,0.585775,-0.003077,0.015354,0.001901,0.250959,0.019379,0.950562,23.73786,17.067032,23.036024,17.798347,4.0,0.00026324,2,398,0.06817,0.08283,0.36,0.0,100,1.0,0.0,,,-0.03,0.00496,0.00019,-0.01285,0.00072,-0.01701,0.14434
361,369664,2.74982,478.75,0.25,0.59,0.532666,-0.002819,0.015811,0.001609,0.26485,0.016739,0.956108,21.225597,18.501217,20.31432,18.995659,4.0,0.00026314,4,405,0.06747,0.09137,0.38,0.0,100,0.75,1.0,,,-0.03,0.00784,0.00083,-0.00987,-0.0016,-0.0162,0.15826
362,370688,-7.03836,600.0,0.0,0.58,0.498567,-0.002276,0.009925,0.002135,0.393609,0.027786,0.96979,26.435202,18.151052,25.117453,18.00572,4.0,0.00026303,1,408,0.07705,0.10745,0.39,0.0,100,1.0,0.0,,,-0.03,0.0059,-0.00016,-0.00974,-4e-05,-0.01014,0.0
363,371712,28.79465,355.5,0.5,0.57,0.447599,-0.002749,0.014233,0.00102,0.351922,0.010117,0.954787,23.710968,16.723083,22.540401,17.090998,4.0,0.00026293,2,418,0.06768,0.08724,0.4,0.0,100,0.0,0.0,,,-0.03,0.00539,0.00038,-0.01121,0.00289,-0.01785,0.18306
364,372736,25.46388,450.0,0.5,0.57,0.466826,-0.000722,0.025867,0.00171,0.205905,0.022156,0.929832,21.507864,18.466537,20.902298,18.825151,4.0,0.00026283,2,429,0.07049,0.08719,0.4,0.0,100,1.0,1.0,,,-0.03,0.0048,0.00011,-0.01895,0.00215,-0.01535,0.16623
365,373760,38.75959,422.75,0.75,0.56,0.641742,-0.002354,0.052364,0.001557,0.232965,0.01503,0.855689,23.266077,18.708445,23.83367,19.699274,4.0,0.00026273,4,384,0.07451,0.10148,0.41,0.0,100,0.5,0.5,,,-0.03,0.00691,0.00014,-0.01458,-0.00067,-0.01567,0.37113
366,374784,29.94067,359.5,0.5,0.54,0.764405,-0.003444,0.024601,0.00232,0.249291,0.025452,0.907471,33.297588,14.92218,32.633469,16.11376,4.0,0.00026262,4,357,0.08025,0.10595,0.43,0.0,100,0.5,0.0,,,-0.03,0.00608,0.0004,-0.0127,0.00336,-0.01618,0.22031
367,375808,63.22227,187.0,1.0,0.54,0.44297,-0.002114,0.01819,0.001806,0.308419,0.023758,0.936507,23.899298,16.106602,22.485435,16.510834,4.0,0.00026252,1,414,0.09303,0.13112,0.43,0.0,100,0.0,0.0,,,-0.03,0.00536,0.00015,-0.01243,-0.00135,-0.00645,0.19835
368,376832,46.76681,502.0,1.0,0.54,0.368606,-0.001725,0.031899,0.001407,0.215919,0.015869,0.87667,17.023045,16.460432,16.097801,16.251785,4.0,0.00026242,1,451,0.06951,0.09427,0.43,0.0,100,1.0,0.0,,,-0.03,0.00663,0.00019,-0.01331,-0.00584,-0.01519,0.2071
369,377856,21.83172,536.0,0.5,0.53,0.368578,-0.001439,0.025285,0.000886,0.142189,0.00856,0.887727,13.384251,14.454878,13.197445,15.13639,4.0,0.00026232,2,449,0.06134,0.07884,0.44,0.0,100,1.0,0.5,,,-0.03,0.00645,0.00021,-0.01433,0.00482,-0.01748,0.19976
370,378880,8.63613,487.25,0.25,0.5,0.549719,-0.003022,0.014117,0.001608,0.193487,0.019699,0.957366,16.991547,17.327782,16.766212,18.350677,4.0,0.00026221,4,406,0.0698,0.09915,0.47,0.0,100,0.5,0.75,,,-0.03,0.0046,-4e-05,-0.01098,-0.00094,-0.02026,0.1549
371,379904,12.98839,464.66667,0.33333,0.49,0.603775,-0.002295,0.021962,0.001359,0.187764,0.013397,0.928061,25.034218,16.557554,24.377846,17.220661,4.0,0.00026211,3,365,0.07843,0.10258,0.49,0.0,100,0.66667,0.66667,,,-0.03,0.00635,0.0004,-0.01189,0.00056,-0.01844,0.12487
372,380928,-11.64156,600.0,0.0,0.49,0.543128,-0.002663,0.007103,0.001591,0.29357,0.016327,0.975099,23.775,16.956615,22.091564,16.362541,4.0,0.00026201,1,412,0.0754,0.10553,0.49,0.0,100,1.0,0.0,,,-0.03,0.0054,-0.00038,-0.01219,-0.00176,-0.01619,0.0
373,381952,55.46149,356.0,1.0,0.5,0.530686,-0.0011,0.028475,0.00152,0.200315,0.016098,0.858265,19.937212,13.966545,19.249798,14.132666,4.0,0.00026191,1,417,0.07949,0.10295,0.48,0.0,100,1.0,0.0,,,-0.03,0.00643,-0.0001,-0.0176,-0.00161,-0.02004,0.14662
374,382976,-9.40128,600.0,0.0,0.5,0.563066,-0.002155,0.00342,0.002964,0.366374,0.037506,0.982993,14.714325,13.423369,13.433431,13.088178,4.0,0.0002618,1,410,0.07683,0.10395,0.48,0.0,100,1.0,1.0,,,-0.03,0.00418,8e-05,-0.01256,-0.00019,-0.01456,0.0
375,384000,-19.15456,600.0,0.0,0.48,0.652879,-0.002986,0.004794,0.003595,0.307476,0.047256,0.975997,16.625227,13.930406,15.954415,14.327186,4.0,0.0002617,4,349,0.0856,0.10453,0.51,0.0,100,0.75,0.85714,,,-0.03,0.00854,-0.00033,-0.01534,0.00611,-0.02202,0.0
376,385024,53.27024,221.66667,0.83333,0.49,0.795522,-0.002261,0.057799,0.002035,0.459191,0.012482,0.775612,22.12038,12.743255,24.596146,16.624908,4.0,0.0002616,6,359,0.08415,0.10851,0.5,0.0,100,0.16667,1.0,,,-0.03,0.00509,0.00025,-0.01473,0.01106,-0.01757,0.51533
377,386048,28.13021,357.5,0.5,0.49,0.707686,-0.003874,0.02109,0.002382,0.251473,0.02803,0.917837,26.520393,14.969136,26.152294,16.022787,4.0,0.0002615,2,372,0.08255,0.10186,0.5,0.0,100,0.5,1.0,,,-0.03,0.00753,0.00015,-0.01566,0.00403,-0.01927,0.11652
378,387072,43.62598,272.25,0.75,0.49,0.599266,-0.002343,0.045602,0.001634,0.202494,0.01384,0.844219,22.446369,14.801126,22.85355,16.922247,4.0,0.0002614,4,386,0.08037,0.1111,0.5,0.0,100,0.75,0.75,,,-0.03,0.00647,0.00028,-0.01364,0.00204,-0.01873,0.39647
379,388096,65.75115,129.0,1.0,0.49,0.463977,-0.002556,0.01977,0.001787,0.247121,0.022049,0.937183,16.490589,17.208557,15.53734,17.775007,4.0,0.00026129,1,402,0.07929,0.09604,0.5,0.0,100,0.0,0.0,,,-0.03,0.00737,0.00036,-0.0118,-0.00597,-0.01102,0.17893
380,389120,-10.96809,600.0,0.0,0.48,0.402677,-0.003847,0.003215,0.002144,0.2789,0.029221,0.992275,10.590735,18.9426,9.462651,18.758997,4.0,0.00026119,1,439,0.06873,0.08622,0.51,0.0,100,1.0,1.0,,,-0.03,0.00734,-0.00037,-0.01341,0.00475,-0.00794,0.0
381,390144,-11.17328,600.0,0.0,0.46,0.600355,-0.003639,0.008814,0.002157,0.319132,0.025894,0.980198,14.656958,20.620319,13.468321,20.388016,4.0,0.00026109,2,390,0.08346,0.11383,0.53,0.0,100,1.0,1.0,,,-0.03,0.0065,0.00011,-0.01003,0.00102,-0.01428,0.0
382,391168,20.38441,521.75,0.5,0.47,0.62582,-0.002058,0.048641,0.002108,0.222147,0.024719,0.874999,16.615788,19.589058,16.846922,20.171368,4.0,0.00026099,4,393,0.07932,0.09952,0.52,0.0,100,1.0,1.0,,,-0.03,0.00458,0.00029,-0.01281,0.00238,-0.02095,0.23586
383,392192,-10.02964,600.0,0.0,0.47,0.632862,-0.003104,0.008424,0.002132,0.297551,0.026505,0.970751,22.01289,16.401381,20.636089,16.198915,4.0,0.00026088,1,378,0.09357,0.1127,0.52,0.0,100,1.0,0.0,,,-0.03,0.00596,-0.00016,-0.01207,-0.00083,-0.01067,0.0
384,393216,59.3995,277.0,1.0,0.48,0.585683,-0.001355,0.029682,0.001546,0.171501,0.0168,0.891825,18.67783,16.166431,18.419399,16.592581,4.0,0.00026078,1,417,0.09497,0.10841,0.51,0.0,100,1.0,0.66667,,,-0.03,0.00584,0.00024,-0.01277,0.00463,-0.00728,0.13871
385,394240,-14.7128,600.0,0.0,0.47,0.620181,-0.0041,0.003274,0.002613,0.295392,0.035553,0.988647,16.088442,15.726998,14.905329,15.458755,4.0,0.00026068,3,408,0.09555,0.1154,0.52,0.0,100,1.0,1.0,,,-0.03,0.00517,-9e-05,-0.01371,-0.00091,-0.01422,0.0
386,395264,-18.99863,600.0,0.0,0.47,0.725368,-0.003127,0.005441,0.002534,0.252393,0.033173,0.969528,18.615047,12.852976,17.436718,12.979143,4.0,0.00026058,1,387,0.09232,0.11305,0.53,0.0,100,1.0,0.5,,,-0.03,0.00597,-1e-05,-0.01225,0.00485,-0.01559,0.0
387,396288,4.8574,491.75,0.25,0.46,0.824115,-0.003112,0.023933,0.003279,0.183587,0.039948,0.885099,18.409039,13.154723,18.222775,14.31608,4.0,0.00026047,4,350,0.09071,0.11083,0.54,0.0,100,0.5,0.0,,,-0.03,0.00779,-0.00016,-0.01167,0.00353,-0.01787,0.10555
388,397312,58.09715,336.0,1.0,0.47,0.796678,-0.002602,0.043262,0.002648,0.174515,0.030548,0.773603,20.938829,12.9671,20.958738,13.734183,4.0,0.00026037,2,372,0.10423,0.12504,0.53,0.0,100,0.5,0.5,,,-0.03,0.00802,0.00013,-0.01155,0.00029,-0.01241,0.21312
389,398336,nan,nan,0.0,0.47,0.571078,-0.003702,0.003501,0.00279,0.294266,0.038559,0.984322,16.565279,13.776967,15.268656,13.503767,4.0,0.00026027,0,432,0.09751,0.12106,0.53,0.0,100,0.0,0.0,,,-0.03,0.00562,1e-05,-0.00944,-0.00189,-0.00233,0.0
390,399360,22.60947,430.0,0.5,0.47,0.651005,-0.003421,0.038069,0.002998,0.278941,0.037323,0.841642,14.099648,13.275377,15.069244,15.585442,4.0,0.00026017,4,401,0.07644,0.08684,0.53,0.0,100,0.5,1.0,,,-0.03,0.00614,0.00016,-0.01017,0.0079,-0.02117,0.26011
391,400384,21.67598,518.0,0.5,0.46,0.579362,-0.00227,0.033976,0.001829,0.18026,0.02005,0.86185,14.424468,15.254596,14.093878,15.458011,4.0,0.00026006,2,384,0.08045,0.0996,0.54,0.0,100,1.0,0.0,,,-0.03,0.00824,-7e-05,-0.00816,-0.00023,-0.01204,0.13702
392,401408,47.78196,306.4,0.8,0.49,0.646317,-0.00276,0.061384,0.001331,0.355931,0.012787,0.80487,15.317766,14.264525,17.310768,17.911255,4.0,0.00025996,5,393,0.0878,0.10742,0.51,0.0,100,0.0,0.42857,,,-0.03,0.00967,-2e-05,-0.01266,0.00651,-0.01428,0.52545
393,402432,42.27061,284.0,0.66667,0.51,0.709008,-0.002889,0.034768,0.002236,0.219352,0.0242,0.87717,23.017117,14.963327,23.907066,16.868513,4.0,0.00025986,3,385,0.0977,0.11245,0.49,0.0,100,0.33333,0.5,,,-0.03,0.00795,6e-05,-0.01112,0.00459,-0.01841,0.25036
394,403456,64.57004,163.5,1.0,0.53,0.643357,-0.002273,0.025901,0.001804,0.164727,0.0186,0.92747,19.259771,17.369225,19.459425,18.947769,4.0,0.00025976,2,400,0.08979,0.0975,0.47,0.0,100,0.0,1.0,,,-0.03,0.00779,0.00047,-0.01063,0.00427,-0.01631,0.27429
395,404480,35.18631,431.33333,0.66667,0.54,0.77592,-0.00138,0.118075,0.001021,0.47718,0.007278,0.647301,22.681065,17.307775,26.16173,17.936895,4.0,0.00025965,6,348,0.09506,0.10965,0.46,0.0,100,0.83333,1.0,,,-0.03,0.0104,0.00024,-0.01597,0.0027,-0.01886,0.41186
396,405504,66.99417,125.66667,1.0,0.54,0.762922,-0.003281,0.040803,0.001965,0.268654,0.023392,0.879882,31.315083,16.684433,31.865757,18.062067,4.0,0.00025955,3,370,0.09668,0.10904,0.46,0.0,100,0.33333,0.0,,,-0.03,0.00719,0.00042,-0.01053,0.0004,-0.01298,0.35361
397,406528,39.6536,335.66667,0.66667,0.54,0.634719,-0.001419,0.036307,0.001455,0.140278,0.014069,0.891407,28.340565,17.316229,28.520929,18.04513,4.0,0.00025945,3,394,0.09503,0.11045,0.46,0.0,100,0.66667,0.0,,,-0.03,0.01118,0.00046,-0.01347,0.00481,-0.02009,0.27728
398,407552,57.329,284.5,1.0,0.54,0.642318,-0.002783,0.019101,0.001927,0.191984,0.022507,0.939479,28.494381,16.926085,28.547564,17.966818,4.0,0.00025935,2,393,0.08474,0.09149,0.46,0.0,100,0.0,1.0,,,-0.03,0.01017,7e-05,-0.01165,0.00591,-0.01296,0.26302
399,408576,50.76594,287.4,0.8,0.55,0.643523,-0.001635,0.055412,0.002134,0.244894,0.019897,0.870999,26.08819,18.623899,27.395193,20.132696,4.0,0.00025924,5,369,0.07244,0.07977,0.45,0.0,100,0.6,0.0,,,-0.03,0.01119,0.00031,-0.00719,0.00819,-0.01798,0.50597
400,409600,43.50917,277.0,0.66667,0.57,0.703085,-0.002781,0.016758,0.002274,0.216737,0.021561,0.951899,31.074345,17.921185,30.551651,18.462067,4.0,0.00025914,3,381,0.07678,0.08917,0.43,0.0,100,0.33333,0.0,,,-0.03,0.00975,0.00064,-0.00781,0.00233,-0.01199,0.25416
401,410624,38.74943,303.0,0.66667,0.57,0.661199,-0.001866,0.026694,0.001905,0.192435,0.022934,0.901524,32.124744,15.430473,31.715546,16.161079,4.0,0.00025904,3,393,0.08064,0.0997,0.43,0.0,100,0.66667,1.0,,,-0.03,0.00505,0.00028,-0.01026,0.00132,-0.01488,0.2723
402,411648,45.80777,306.25,0.75,0.58,0.636534,-0.002604,0.022088,0.002115,0.212796,0.025681,0.896912,33.073898,13.237446,32.572189,14.306505,4.0,0.00025894,4,378,0.07498,0.09611,0.42,0.0,100,0.5,0.0,,,-0.03,0.00993,0.00048,-0.01105,0.00403,-0.02002,0.38223
403,412672,65.40701,182.0,1.0,0.58,0.426709,-0.002577,0.010902,0.001622,0.233589,0.019913,0.957277,24.441957,14.878217,23.379091,15.402478,4.0,0.00025884,1,424,0.05889,0.07178,0.42,0.0,100,0.0,0.0,,,-0.03,0.00601,0.00044,-0.00846,-0.00218,-0.00624,0.19721
404,413696,17.66352,434.66667,0.33333,0.58,0.525204,-0.002868,0.009601,0.001868,0.178692,0.023697,0.969017,21.85973,16.917324,21.514263,18.01342,4.0,0.00025873,3,416,0.06243,0.07452,0.42,0.0,100,0.66667,0.5,,,-0.03,0.00856,0.00054,-0.01447,0.00971,-0.01468,0.16542
405,414720,28.42058,355.5,0.5,0.57,0.687462,-0.002591,0.014898,0.002297,0.189148,0.024063,0.970102,26.774349,21.581247,27.135944,22.85149,4.0,0.00025863,4,387,0.07606,0.09051,0.43,0.0,100,0.75,0.0,,,-0.03,0.00728,5e-05,-0.01228,0.01049,-0.02273,0.25807
406,415744,42.25932,273.5,0.66667,0.59,0.819113,-0.002098,0.018297,0.002251,0.176706,0.013016,0.961306,34.94471,20.982159,35.366001,22.130341,4.0,0.00025853,6,352,0.08009,0.10441,0.41,0.0,100,0.33333,1.0,,,-0.03,0.00921,0.00071,-0.01035,0.00933,-0.02467,0.41827
407,416768,41.04775,273.33333,0.66667,0.6,0.88511,-0.002001,0.029737,0.00157,0.288259,0.014572,0.832988,44.085144,12.702314,43.262596,13.395788,4.0,0.00025843,3,341,0.08622,0.10695,0.4,0.0,100,0.33333,0.0,,,-0.03,0.00563,0.00059,-0.01046,0.00334,-0.02297,0.19721
408,417792,66.22903,120.0,1.0,0.62,0.686408,-0.00288,0.022446,0.002388,0.21689,0.028625,0.925338,35.020271,15.831287,34.16367,17.031916,4.0,0.00025832,3,386,0.08467,0.10232,0.38,0.0,100,0.0,0.0,,,-0.03,0.00664,0.0005,-0.01266,0.00525,-0.02532,0.37816
409,418816,19.1691,361.0,0.5,0.63,0.707593,-0.003122,0.01382,0.002728,0.306955,0.03421,0.966979,29.990021,19.896694,28.73551,20.142157,4.0,0.00025822,2,393,0.08709,0.09525,0.37,0.0,100,0.5,1.0,,,-0.03,0.0059,-0.0,-0.01228,0.00252,-0.01468,0.12923
410,419840,11.73203,588.5,0.5,0.63,0.683185,-0.002117,0.030811,0.001972,0.244018,0.023453,0.930415,25.791513,21.819103,24.89045,21.546478,4.0,0.00025812,2,387,0.08645,0.10611,0.37,0.0,100,0.0,0.0,,,-0.03,0.00702,-0.00032,-0.01288,0.00332,-0.01465,0.11394
411,420864,-7.7506,600.0,0.0,0.61,0.666089,-0.002793,0.007478,0.002598,0.347377,0.031204,0.983711,27.947104,20.833809,26.417589,20.448431,4.0,0.00025802,2,380,0.0783,0.0898,0.39,0.0,100,1.0,0.0,,,-0.03,0.00567,-0.00066,-0.00786,0.00207,-0.01572,0.0
412,421888,28.6594,485.33333,0.66667,0.61,0.7325,-0.002173,0.042167,0.002113,0.216475,0.023636,0.841632,33.099609,17.204374,32.023338,16.682154,4.0,0.00025791,3,382,0.07832,0.09861,0.39,0.0,100,0.33333,1.0,,,-0.03,0.00579,-0.00067,-0.01305,-0.00404,-0.02318,0.21081
413,422912,nan,nan,0.0,0.61,0.608686,-0.002736,0.006449,0.002258,0.332879,0.029602,0.975347,27.261736,15.519358,25.433994,15.031637,4.0,0.00025781,0,411,0.08913,0.10553,0.39,0.0,100,0.0,0.0,,,-0.03,0.00571,-0.00118,-0.00994,0.00072,-0.00787,0.0
414,423936,21.33895,540.5,0.5,0.61,0.673585,-0.001853,0.02688,0.002102,0.20511,0.026062,0.865433,26.066311,14.373442,25.197025,14.239438,4.0,0.00025771,2,389,0.07923,0.10396,0.39,0.0,100,1.0,1.0,,,-0.03,0.00578,-6e-05,-0.01213,0.00031,-0.00969,0.11642
415,424960,30.99563,455.0,0.66667,0.61,0.675689,-0.002446,0.026608,0.001955,0.222071,0.02182,0.888377,24.796162,14.850993,24.340137,15.173047,4.0,0.00025761,3,380,0.08899,0.10742,0.39,0.0,100,0.66667,0.66667,,,-0.03,0.00672,-0.00029,-0.01241,0.00366,-0.01137,0.24375
416,425984,-16.25557,600.0,0.0,0.59,0.685236,-0.003928,0.00541,0.002354,0.295682,0.026001,0.977417,24.990025,14.703383,23.521397,14.267569,4.0,0.0002575,3,400,0.08944,0.11094,0.41,0.0,100,1.0,0.33333,,,-0.03,0.00589,-0.00097,-0.01336,2e-05,-0.01274,0.0
417,427008,57.73945,303.0,1.0,0.6,0.66969,-0.002128,0.019453,0.001642,0.235788,0.016357,0.864661,24.431061,10.873886,23.520208,11.649332,4.0,0.0002574,1,392,0.0868,0.10909,0.4,0.0,100,0.0,0.0,,,-0.03,0.00541,-0.00038,-0.01438,-0.00124,-0.00899,0.1278
418,428032,25.0033,402.25,0.5,0.6,0.57146,-0.002098,0.035908,0.001798,0.18706,0.021896,0.8251,19.857492,12.265575,20.459375,14.157995,4.0,0.0002573,4,403,0.08288,0.10657,0.4,0.0,100,0.75,0.8,,,-0.03,0.00566,-0.00043,-0.01212,0.00289,-0.00945,0.30071
419,429056,14.7019,600.0,0.5,0.61,0.765874,-0.002403,0.029719,0.002436,0.127007,0.028519,0.850344,22.362562,13.766497,22.237272,13.786839,4.0,0.0002572,2,368,0.08289,0.11633,0.39,0.0,100,0.5,0.6,,,-0.03,0.00682,-9e-05,-0.00939,0.0027,-0.00807,0.10469
420,430080,-10.32199,600.0,0.0,0.6,0.64943,-0.003418,0.006954,0.001903,0.255593,0.020477,0.967303,24.209055,14.178573,22.854584,13.844241,4.0,0.00025709,1,395,0.08459,0.10921,0.4,0.0,100,0.0,1.0,,,-0.03,0.0047,0.00045,-0.01144,-0.00272,-0.01028,0.0
421,431104,-9.43433,600.0,0.0,0.6,0.576181,-0.002736,0.004856,0.002197,0.275239,0.028122,0.969654,22.066206,11.754615,20.700832,11.473271,4.0,0.00025699,1,412,0.07545,0.09342,0.4,0.0,100,1.0,1.0,,,-0.03,0.00566,-0.00011,-0.01133,-0.00379,-0.01521,0.0
422,432128,nan,nan,0.0,0.6,0.522506,-0.002369,0.004793,0.001538,0.269648,0.017914,0.966311,17.298332,11.333077,16.126076,11.052612,4.0,0.00025689,0,420,0.08022,0.10256,0.4,0.0,100,0.0,0.0,,,-0.03,0.00467,-0.00023,-0.01235,0.00118,-0.00831,0.0
423,433152,-15.40672,600.0,0.0,0.59,0.591741,-0.00251,0.00322,0.001658,0.230805,0.014282,0.981494,14.001622,12.069369,13.164326,11.958256,4.0,0.00025679,4,394,0.06773,0.09352,0.41,0.0,100,0.5,0.5,,,-0.03,0.0044,-0.00017,-0.01145,0.00301,-0.01543,0.0
424,434176,11.72665,524.33333,0.33333,0.6,0.653157,-0.001258,0.026656,0.001562,0.151757,0.015182,0.859015,16.685606,12.887739,16.500151,13.483971,4.0,0.00025668,3,393,0.0704,0.09623,0.4,0.0,100,0.66667,0.75,,,-0.03,0.00449,0.00022,-0.00832,-0.0004,-0.01288,0.12283
425,435200,-10.10618,600.0,0.0,0.59,0.669686,-0.00232,0.004475,0.001895,0.24755,0.018845,0.96453,19.804798,10.282085,18.598984,10.150718,4.0,0.00025658,1,391,0.07087,0.09601,0.41,0.0,100,0.0,1.0,,,-0.03,0.0037,0.0009,-0.00839,-0.00406,-0.01193,0.0
426,436224,58.34121,357.0,1.0,0.59,0.553614,-0.001677,0.03228,0.001631,0.148286,0.020905,0.726251,16.458973,9.866334,16.37442,10.682096,4.0,0.00025648,1,414,0.0697,0.08442,0.41,0.0,100,1.0,0.0,,,-0.03,0.00538,0.00045,-0.00798,-0.0006,-0.01788,0.14746
427,437248,nan,nan,0.0,0.59,0.459651,-0.002707,0.001792,0.00188,0.212036,0.024017,0.982924,13.45209,9.630994,12.533739,9.422487,4.0,0.00025638,0,418,0.0604,0.07672,0.41,0.0,100,0.0,0.0,,,-0.03,0.00576,2e-05,-0.00804,-0.00264,-0.01204,0.0
428,438272,-17.09557,600.0,0.0,0.58,0.638337,-0.004373,0.002293,0.002329,0.219556,0.031021,0.976358,13.477074,9.384646,12.754154,9.257012,4.0,0.00025628,3,382,0.06442,0.08694,0.42,0.0,100,1.0,0.4,,,-0.03,0.00632,0.00044,-0.01244,0.00045,-0.01852,0.0
429,439296,6.26006,489.0,0.25,0.56,0.73488,-0.001542,0.028913,0.0017,0.144787,0.017197,0.755219,15.17011,8.879645,15.453993,10.504348,4.0,0.00025617,4,378,0.07718,0.10464,0.44,0.0,100,0.75,1.0,,,-0.03,0.00508,3e-05,-0.00914,0.00178,-0.01675,0.12062
430,440320,-11.25603,600.0,0.0,0.55,0.642231,-0.002911,0.003497,0.001955,0.200096,0.025269,0.962706,16.550684,9.164246,15.763634,9.18695,4.0,0.00025607,1,400,0.08225,0.11062,0.45,0.0,100,1.0,1.0,,,-0.03,0.00443,-0.00011,-0.01284,-0.00208,-0.00839,0.0
431,441344,23.93286,464.0,0.5,0.55,0.640103,-0.001248,0.032525,0.002176,0.129697,0.025375,0.645287,17.211292,8.203317,17.424973,9.277663,4.0,0.00025597,2,378,0.07302,0.094,0.45,0.0,100,0.5,0.71429,,,-0.03,0.00504,0.00016,-0.01385,0.00021,-0.01131,0.12726
432,442368,-16.86387,600.0,0.0,0.54,0.606523,-0.003298,0.001807,0.002266,0.231452,0.025665,0.976715,17.290245,8.194088,16.520924,8.266435,4.0,0.00025587,2,410,0.06795,0.08958,0.46,0.0,100,0.0,1.0,,,-0.03,0.00427,-0.00044,-0.01193,0.00091,-0.01692,0.0
433,443392,51.09468,549.0,1.0,0.54,0.672068,-0.001437,0.024122,0.002496,0.138526,0.031906,0.729774,16.506981,8.271341,16.532074,9.217999,4.0,0.00025576,1,394,0.06294,0.07971,0.46,0.0,100,0.0,0.33333,,,-0.03,0.00429,0.00033,-0.00918,-0.00037,-0.01802,0.10937
434,444416,-17.43005,600.0,0.0,0.51,0.73479,-0.00328,0.002576,0.002355,0.208396,0.026917,0.965957,16.962856,8.065121,16.361019,8.178522,4.0,0.00025566,3,380,0.06849,0.0941,0.49,0.0,100,1.0,0.93333,,,-0.03,0.00574,0.0011,-0.00994,0.00221,-0.02567,0.0
435,445440,29.18791,362.0,0.5,0.51,0.692648,-0.002726,0.026471,0.002562,0.187023,0.030991,0.786654,17.862747,9.521071,18.020256,11.009606,4.0,0.00025556,2,386,0.07357,0.09276,0.49,0.0,100,0.5,0.0,,,-0.03,0.00511,0.00075,-0.01511,0.00483,-0.02332,0.13196
436,446464,35.53642,359.25,0.75,0.51,0.819663,-0.002345,0.067915,0.002699,0.375607,0.029343,0.597523,17.639568,9.126916,19.709532,12.531313,4.0,0.00025546,4,364,0.07021,0.09103,0.49,0.0,100,0.5,0.8,,,-0.03,0.00574,3e-05,-0.01054,0.00679,-0.02337,0.29942
437,447488,-13.47169,600.0,0.0,0.49,0.840006,-0.004312,0.006371,0.003478,0.249347,0.044739,0.951689,21.113556,10.89848,20.286407,10.981555,4.0,0.00025535,2,364,0.07829,0.10062,0.51,0.0,100,0.5,0.27273,,,-0.03,0.00438,0.00013,-0.0132,0.00541,-0.02983,0.0
438,448512,40.38439,303.4,0.8,0.49,0.799615,-0.002983,0.077331,0.001987,0.40481,0.016434,0.630651,20.316622,10.22267,22.89053,13.871749,4.0,0.00025525,5,365,0.0763,0.09411,0.51,0.0,100,0.6,0.7451,,,-0.03,0.00395,-9e-05,-0.01171,0.00555,-0.02931,0.4153
439,449536,64.51758,163.5,1.0,0.49,0.729015,-0.002543,0.074532,0.002783,0.44351,0.019684,0.670847,21.115187,10.467364,23.839947,14.48333,4.0,0.00025515,4,353,0.07035,0.09343,0.51,0.0,100,0.0,1.0,,,-0.03,0.00419,4e-05,-0.01025,0.00644,-0.02268,0.42243
440,450560,66.6547,107.33333,1.0,0.5,0.577128,-0.002962,0.052216,0.00196,0.333265,0.01738,0.800946,18.974403,12.937483,20.268417,16.048346,4.0,0.00025505,3,397,0.06268,0.07647,0.5,0.0,100,0.66667,1.0,,,-0.03,0.00423,0.00043,-0.00867,0.00511,-0.01974,0.4107
441,451584,29.47587,352.5,0.5,0.5,0.557496,-0.002426,0.031831,0.001701,0.179092,0.019333,0.882447,20.967045,14.40297,21.462013,16.14872,4.0,0.00025494,4,399,0.08003,0.09943,0.5,0.0,100,0.75,0.83333,,,-0.03,0.00461,0.00023,-0.01101,0.00494,-0.02046,0.28371
442,452608,nan,nan,0.0,0.5,0.442492,-0.002733,0.009492,0.001711,0.32038,0.020844,0.956365,17.715141,14.461104,16.120941,13.858868,4.0,0.00025484,0,425,0.08549,0.1078,0.5,0.0,100,0.0,0.0,,,-0.03,0.00591,0.0002,-0.0111,-0.00382,-0.01431,0.0
443,453632,-17.99993,600.0,0.0,0.48,0.482288,-0.002696,0.005555,0.001534,0.222938,0.015152,0.97191,13.707252,14.688968,13.244111,14.772675,4.0,0.00025474,2,406,0.08557,0.10342,0.52,0.0,100,0.0,0.25,,,-0.03,0.00512,-0.00095,-0.01003,0.00361,-0.01434,0.0
444,454656,16.84934,438.66667,0.33333,0.47,0.595132,-0.002585,0.019119,0.002394,0.22778,0.030594,0.933202,17.532207,15.759197,17.179459,16.514866,4.0,0.00025464,3,409,0.07567,0.09381,0.53,0.0,100,1.0,1.0,,,-0.03,0.00506,0.00014,-0.00746,0.00364,-0.01801,0.14907
445,455680,15.73525,439.0,0.33333,0.46,0.702882,-0.002999,0.017796,0.002435,0.167989,0.027237,0.947043,20.488125,17.015604,20.214054,17.936193,4.0,0.00025453,3,383,0.06644,0.07979,0.54,0.0,100,0.33333,1.0,,,-0.03,0.00396,0.00016,-0.00923,0.00488,-0.0187,0.12078
446,456704,37.41773,330.0,0.66667,0.47,0.757653,-0.00236,0.057021,0.002633,0.322972,0.021866,0.804213,25.145065,14.431982,26.672495,17.017027,4.0,0.00025443,6,358,0.07114,0.08971,0.53,0.0,100,0.5,0.71429,,,-0.03,0.00622,0.00048,-0.0099,0.00315,-0.01504,0.42926
447,457728,68.66014,116.5,1.0,0.47,0.572997,-0.002216,0.032866,0.001842,0.257215,0.018448,0.893363,23.791491,15.525173,24.023056,17.191843,4.0,0.00025433,2,383,0.06457,0.07783,0.53,0.0,100,0.5,0.0,,,-0.03,0.00842,0.00076,-0.00662,0.00617,-0.0127,0.2817
448,458752,44.23728,321.25,0.75,0.49,0.535807,-0.001463,0.058654,0.001381,0.221257,0.016739,0.837896,20.598171,16.77224,21.584936,18.50407,4.0,0.00025423,4,392,0.06418,0.08461,0.51,0.0,100,1.0,1.0,,,-0.03,0.00438,0.00012,-0.01023,0.00543,-0.02159,0.43751
449,459776,67.33899,107.66667,1.0,0.49,0.506365,-0.001934,0.033375,0.003158,0.259883,0.038452,0.926339,18.577396,18.795658,19.184601,20.973022,4.0,0.00025412,3,404,0.05995,0.0751,0.51,0.0,100,0.33333,0.0,,,-0.03,0.00374,0.00048,-0.00686,0.00588,-0.02109,0.47161
450,460800,11.09726,476.0,0.25,0.47,0.517699,-0.002929,0.015079,0.002174,0.212491,0.020844,0.971479,18.800554,22.65032,19.159035,23.926645,4.0,0.00025402,4,396,0.0489,0.0555,0.53,0.0,100,0.75,1.0,,,-0.03,0.00446,0.00022,-0.00616,0.00747,-0.02834,0.1422
451,461824,42.65664,275.0,0.66667,0.48,0.674378,-0.001259,0.041445,0.002895,0.210067,0.029068,0.927344,28.806601,23.487534,28.996964,23.931435,4.0,0.00025392,3,368,0.06318,0.0762,0.52,0.0,100,1.0,1.0,,,-0.03,0.00311,0.00021,-0.00841,0.00329,-0.02924,0.23226
452,462848,44.89383,281.6,0.8,0.5,0.728273,-0.00179,0.046647,0.002626,0.230361,0.030884,0.916227,31.65316,21.51977,32.208923,22.646732,4.0,0.00025382,5,370,0.06635,0.07692,0.5,0.0,100,0.8,0.0,,,-0.03,0.0033,6e-05,-0.01161,0.00488,-0.02307,0.42074
453,463872,47.62897,245.0,0.75,0.5,0.71083,-0.002605,0.054961,0.002453,0.235945,0.025894,0.86952,31.738911,18.978889,31.181238,19.787489,4.0,0.00025372,4,374,0.07107,0.0899,0.5,0.0,100,1.0,1.0,,,-0.03,0.00371,0.00041,-0.01055,0.00323,-0.01567,0.34129
454,464896,65.40879,187.0,1.0,0.53,0.66139,-0.001422,0.086347,0.001268,0.281413,0.01004,0.770187,26.795748,17.381519,28.575294,18.85359,4.0,0.00025361,4,379,0.07566,0.09164,0.47,0.0,100,0.75,0.0,,,-0.03,0.00505,-5e-05,-0.01118,0.00734,-0.01438,0.49136
455,465920,37.5498,274.66667,0.66667,0.53,0.620961,-0.002363,0.032185,0.001947,0.165639,0.01915,0.933027,26.244354,20.311634,26.038353,21.411898,4.0,0.00025351,3,379,0.06919,0.0792,0.47,0.0,100,1.0,0.0,,,-0.03,0.0047,0.00048,-0.00957,0.00358,-0.01662,0.25806
456,466944,49.8959,242.4,0.8,0.56,0.641752,-0.00212,0.037914,0.002035,0.293968,0.020996,0.935819,28.514769,22.431376,29.599903,24.152443,4.0,0.00025341,5,383,0.06766,0.08576,0.44,0.0,100,1.0,1.0,,,-0.03,0.00329,0.00058,-0.00812,0.00981,-0.02047,0.48136
457,467968,42.65584,272.16667,0.66667,0.59,0.643817,-0.00227,0.025163,0.001787,0.198689,0.017212,0.963079,27.748577,24.753525,27.893673,26.239441,4.0,0.00025331,6,381,0.07113,0.091,0.41,0.0,100,0.66667,1.0,,,-0.03,0.003,0.0005,-0.01076,0.01094,-0.02211,0.49621
458,468992,67.63294,111.4,1.0,0.63,0.694969,-0.002039,0.045774,0.001826,0.243874,0.012344,0.915765,32.718029,21.004957,33.69561,23.084311,4.0,0.0002532,5,343,0.0684,0.0906,0.37,0.0,100,0.6,1.0,,,-0.03,0.00473,0.00069,-0.00941,0.00967,-0.02586,0.55498
459,470016,41.75872,268.33333,0.66667,0.65,0.675783,-0.002752,0.017985,0.001531,0.180572,0.015518,0.970424,30.696484,24.32716,30.24291,25.309942,4.0,0.0002531,3,374,0.07672,0.09793,0.35,0.0,100,0.66667,1.0,,,-0.03,0.00445,0.00073,-0.00974,0.01304,-0.03096,0.23621
460,471040,69.39403,106.25,1.0,0.68,0.654732,-0.002737,0.026158,0.003175,0.206731,0.032516,0.965683,25.473829,26.806988,25.383129,28.396357,4.0,0.000253,4,384,0.07861,0.09467,0.32,0.0,100,0.0,0.0,,,-0.03,0.00337,0.00052,-0.00961,0.01068,-0.02272,0.49125
461,472064,45.22599,271.75,0.75,0.72,0.83982,-0.002321,0.037743,0.002594,0.369298,0.022873,0.960636,32.967186,28.374081,35.0214,29.956614,4.0,0.0002529,8,350,0.07459,0.09576,0.28,0.0,100,0.625,1.0,,,-0.03,0.00725,0.0006,-0.01183,0.01713,-0.03253,0.58842
462,473088,49.20556,207.0,0.75,0.72,0.750447,-0.002091,0.04946,0.002027,0.435611,0.019394,0.921037,41.076416,25.519266,39.08976,25.162298,4.0,0.00025279,4,341,0.07892,0.10478,0.27,0.0,100,0.5,1.0,,,-0.03,0.004,0.00072,-0.00978,-0.0016,-0.01668,0.30941
463,474112,43.57127,267.0,0.75,0.73,0.574642,-0.001153,0.051947,0.001231,0.172081,0.011948,0.903587,31.624365,22.291727,31.334785,23.001799,4.0,0.00025269,4,393,0.09255,0.12016,0.26,0.0,100,0.75,1.0,,,-0.03,0.00687,7e-05,-0.01353,0.00631,-0.01358,0.43213
464,475136,66.69478,151.25,1.0,0.74,0.563195,-0.002119,0.046884,0.001353,0.189769,0.012527,0.92674,29.763306,23.752565,29.864824,24.662626,4.0,0.00025259,4,401,0.09566,0.12465,0.25,0.0,100,0.75,1.0,,,-0.03,0.00571,0.0002,-0.00986,0.00932,-0.02021,0.60314
465,476160,65.27252,161.25,1.0,0.74,0.634158,-0.002159,0.029081,0.001817,0.182642,0.02034,0.96652,27.391953,28.373146,27.712406,29.462299,4.0,0.00025249,4,388,0.0756,0.10236,0.25,0.0,100,0.25,1.0,,,-0.03,0.00515,0.00039,-0.01047,0.01263,-0.02563,0.53297
466,477184,28.63104,367.0,0.5,0.73,0.629762,-0.001951,0.032202,0.001421,0.22457,0.013062,0.964204,31.080484,29.319389,30.214827,29.649759,4.0,0.00025238,6,363,0.08695,0.11879,0.26,0.0,100,0.83333,0.5,,,-0.03,0.00803,0.00062,-0.00976,-0.00273,-0.02159,0.38997
467,478208,67.68953,118.0,1.0,0.74,0.576575,-0.003041,0.029845,0.002619,0.381459,0.030289,0.944149,36.612099,21.772892,35.036682,22.021772,4.0,0.00025228,2,387,0.09159,0.1217,0.25,0.0,100,0.5,0.0,,,-0.03,0.00548,6e-05,-0.01038,-0.00211,-0.01316,0.28693
468,479232,48.32021,255.25,0.75,0.76,0.587382,-0.001934,0.030312,0.002255,0.237297,0.021667,0.945758,31.379368,21.839722,30.612846,22.93454,4.0,0.00025218,4,385,0.07988,0.10615,0.23,0.0,100,0.25,1.0,,,-0.03,0.00913,0.00045,-0.01207,0.00539,-0.01898,0.4096
469,480256,41.93559,158.0,0.66667,0.77,0.474196,-0.001672,0.022243,0.001114,0.294466,0.010559,0.968188,23.520796,25.867485,22.261852,26.660776,4.0,0.00025208,3,418,0.08013,0.10236,0.21,0.0,100,0.33333,0.8,,,-0.03,0.00948,-0.00047,-0.00862,0.00774,-0.01151,0.34503
470,481280,41.3032,306.16667,0.66667,0.77,0.559483,-0.001853,0.059588,0.001636,0.208401,0.01329,0.92575,21.814716,28.072405,22.210667,29.005304,4.0,0.00025197,6,374,0.09215,0.12213,0.21,0.0,100,0.66667,0.75,,,-0.03,0.00822,-3e-05,-0.00927,-0.00075,-0.02309,0.56309
471,482304,42.34031,276.83333,0.66667,0.76,0.838121,-0.002858,0.031322,0.002447,0.192114,0.0215,0.945995,36.86544,22.304609,36.653801,23.478703,4.0,0.00025187,6,346,0.09941,0.1283,0.22,0.0,100,0.5,1.0,,,-0.03,0.00721,-0.00028,-0.01099,0.00888,-0.02348,0.39856
472,483328,66.77976,132.0,1.0,0.78,0.751557,-0.00203,0.042738,0.002207,0.275709,0.019455,0.882621,39.423691,17.50005,40.591541,19.349348,4.0,0.00025177,5,365,0.09404,0.11375,0.2,0.0,100,0.2,1.0,,,-0.03,0.0042,0.0,-0.0092,0.01337,-0.02324,0.54329
473,484352,67.89542,110.8,1.0,0.8,0.764919,-0.003753,0.021104,0.003024,0.23957,0.02652,0.964681,36.935978,23.968142,37.323082,25.575972,4.0,0.00025167,5,361,0.093,0.11076,0.18,0.0,100,0.0,1.0,,,-0.03,0.0049,-0.00036,-0.01377,0.00699,-0.01534,0.54838
474,485376,49.2616,232.0,0.75,0.8,0.645228,-0.00218,0.028475,0.001783,0.219832,0.015869,0.96473,30.5886,27.8988,30.224281,29.093754,4.0,0.00025156,4,373,0.0907,0.11176,0.18,0.0,100,0.5,1.0,,,-0.03,0.00754,-0.0003,-0.01224,0.01034,-0.01906,0.38201
475,486400,35.35258,305.8,0.6,0.79,0.726303,-0.002874,0.0217,0.001886,0.201342,0.019379,0.965729,37.924942,24.363298,37.879921,25.520969,4.0,0.00025146,5,368,0.08708,0.10685,0.19,0.0,100,0.8,0.76471,,,-0.03,0.00488,0.00044,-0.00956,0.00808,-0.02233,0.32789
476,487424,67.69092,110.5,1.0,0.79,0.668403,-0.003247,0.030593,0.002547,0.386253,0.028137,0.945924,38.077728,22.329702,36.425106,23.073423,4.0,0.00025136,4,368,0.0968,0.12285,0.19,0.0,100,0.25,1.0,,,-0.03,0.00612,0.00013,-0.01177,0.00116,-0.01715,0.47605
477,488448,-17.18638,600.0,0.0,0.78,0.402439,-0.001911,0.016951,0.001526,0.48493,0.017853,0.965568,22.604084,22.141417,19.869246,21.323101,4.0,0.00025126,1,418,0.08623,0.11603,0.2,0.0,100,1.0,1.0,,,-0.03,0.00709,0.00047,-0.00911,-0.0,-0.00804,0.0
478,489472,30.41226,355.5,0.5,0.78,0.409619,-0.002788,0.013432,0.001642,0.344151,0.020508,0.973736,16.054396,20.951656,14.22743,21.181767,4.0,0.00025116,2,424,0.07273,0.09703,0.2,0.0,100,0.5,1.0,,,-0.03,0.00727,-0.00019,-0.01094,0.0004,-0.01984,0.20736
479,490496,27.36348,351.0,0.5,0.78,0.338258,-0.002441,0.006128,0.001337,0.329203,0.01506,0.991218,6.672921,24.177078,4.895954,23.976183,4.0,0.00025105,2,446,0.06297,0.07969,0.2,0.0,100,1.0,1.0,,,-0.03,0.00782,0.00046,-0.00824,0.0037,-0.0136,0.22624
480,491520,22.35265,421.4,0.4,0.75,0.452884,-0.001645,0.022651,0.00218,0.185388,0.024719,0.975501,6.076975,30.03401,5.688703,31.176771,4.0,0.00025095,5,417,0.07801,0.103,0.23,0.0,100,0.8,1.0,,,-0.03,0.00593,-0.00019,-0.00834,0.00559,-0.02324,0.34638
481,492544,36.33731,309.2,0.6,0.75,0.732196,-0.002926,0.029317,0.00217,0.198802,0.018234,0.961751,28.035889,26.591589,27.64397,27.562117,4.0,0.00025085,5,356,0.09128,0.12044,0.23,0.0,100,0.4,0.5,,,-0.03,0.00642,0.00051,-0.01158,0.0015,-0.02297,0.34008
482,493568,46.65972,254.0,0.75,0.74,0.69283,-0.003218,0.030979,0.002251,0.192783,0.03038,0.952054,29.007811,24.519951,28.97559,25.667288,4.0,0.00025075,4,364,0.10186,0.12478,0.24,0.0,100,0.75,1.0,,,-0.03,0.00485,0.00027,-0.01248,0.00545,-0.01736,0.35913
483,494592,65.4603,150.0,1.0,0.75,0.647745,-0.001658,0.040021,0.002238,0.161761,0.02092,0.927121,29.257704,22.278864,29.278576,23.771553,4.0,0.00025064,3,386,0.10245,0.12134,0.23,0.0,100,0.33333,0.8,,,-0.03,0.00594,9e-05,-0.01202,0.00695,-0.01493,0.3751
484,495616,51.2209,532.0,1.0,0.75,0.57629,-0.000884,0.05982,0.001962,0.289885,0.020187,0.897348,25.200386,26.496794,24.248253,25.10223,4.0,0.00025054,1,416,0.10218,0.11167,0.23,0.0,100,1.0,0.0,,,-0.03,0.00574,-0.00011,-0.0137,-0.00238,-0.01598,0.12897
485,496640,34.67666,463.25,0.75,0.75,0.598443,-0.001507,0.078633,0.001252,0.249925,0.010101,0.821907,21.473684,20.46114,22.215141,20.935102,4.0,0.00025044,4,396,0.09415,0.10426,0.23,0.0,100,0.5,0.90909,,,-0.03,0.0055,0.00013,-0.01461,0.00429,-0.03078,0.37481
486,497664,56.19135,283.0,1.0,0.76,0.842803,-0.002245,0.058974,0.00241,0.212634,0.021851,0.870702,27.635515,20.537687,28.188717,21.682964,4.0,0.00025034,4,352,0.11343,0.12627,0.22,0.0,100,0.25,0.66667,,,-0.03,0.00587,-2e-05,-0.01626,0.0028,-0.03985,0.38937
487,498688,39.88588,313.33333,0.66667,0.75,0.784553,-0.002508,0.04593,0.002465,0.333094,0.026764,0.851514,27.118118,17.531828,25.240341,17.8748,4.0,0.00025023,3,368,0.15017,0.1718,0.23,0.0,100,0.33333,0.5,,,-0.03,0.00577,-0.00055,-0.01356,-0.00562,-0.04814,0.22462
488,499712,55.64891,291.0,1.0,0.75,0.469793,-0.001798,0.031013,0.001859,0.279261,0.02124,0.878124,13.200434,15.476093,12.021317,15.853748,4.0,0.00025013,1,428,0.17223,0.19864,0.23,0.0,100,1.0,1.0,,,-0.03,0.0086,-0.00125,-0.01245,-0.00596,-0.06095,0.18542
489,500736,-6.14943,600.0,0.0,0.74,0.475051,-0.003702,0.006995,0.001748,0.269399,0.020737,0.975248,11.569794,16.562407,10.130839,16.623768,4.0,0.00025003,1,424,0.13249,0.1465,0.24,0.0,100,1.0,0.66667,,,-0.03,0.00619,-0.00041,-0.00917,-0.00046,-0.04873,0.0
490,501760,58.49058,264.0,1.0,0.75,0.410412,-0.00227,0.015651,0.001317,0.194277,0.013214,0.957052,2.650101,18.523872,1.922623,19.498199,4.0,0.00024993,1,435,0.12399,0.14409,0.24,0.0,100,0.0,0.66667,,,-0.03,0.00609,-0.00064,-0.01224,0.0024,-0.0418,0.2065
491,502784,-27.09525,600.0,0.0,0.71,0.553257,-0.004213,0.005226,0.002426,0.238981,0.032455,0.991917,6.958992,24.868116,6.047774,24.678513,4.0,0.00024982,5,414,0.11132,0.13111,0.28,0.0,100,0.8,0.81481,,,-0.03,0.00636,-0.00047,-0.01672,0.00258,-0.02123,0.0
492,503808,24.55798,411.0,0.5,0.7,0.644403,-0.002347,0.022423,0.002177,0.264895,0.018326,0.895804,22.024757,13.627603,20.907244,14.340538,4.0,0.00024972,2,391,0.10855,0.13085,0.29,0.0,100,1.0,1.0,,,-0.03,0.00584,0.00041,-0.01492,-0.0032,-0.01215,0.12138
493,504832,36.9296,357.33333,0.66667,0.69,0.521132,-0.001881,0.05462,0.00254,0.159784,0.034698,0.824854,17.795036,16.24823,18.438868,17.321201,4.0,0.00024962,3,428,0.09137,0.09439,0.3,0.0,100,1.0,0.61538,,,-0.03,0.00561,0.00049,-0.01875,0.00446,-0.01407,0.32005
494,505856,64.8938,182.5,1.0,0.69,0.566757,-0.002661,0.042194,0.002072,0.151957,0.021652,0.862269,18.662373,15.469765,19.055328,17.383724,4.0,0.00024952,2,390,0.09577,0.11591,0.3,0.0,100,0.5,0.5,,,-0.03,0.00576,0.00023,-0.01517,0.00165,-0.00742,0.28487
495,506880,39.0068,321.66667,0.66667,0.69,0.450092,-0.001312,0.037879,0.001155,0.127778,0.010345,0.902265,12.671454,18.168228,12.374689,19.619385,4.0,0.00024941,3,430,0.09876,0.11912,0.3,0.0,100,0.66667,1.0,,,-0.03,0.0063,0.00023,-0.01331,-0.00185,-0.01099,0.34659
496,507904,-11.06594,600.0,0.0,0.67,0.47085,-0.002089,0.007731,0.001736,0.194111,0.019302,0.979037,15.097141,19.123768,14.422067,19.482294,4.0,0.00024931,3,423,0.0905,0.10623,0.32,0.0,100,0.66667,0.33333,,,-0.03,0.00721,8e-05,-0.01714,0.00448,-0.01128,0.0
497,508928,68.31251,104.0,1.0,0.68,0.449125,-0.003269,0.024011,0.001771,0.201645,0.020279,0.946255,16.66456,20.421453,16.493752,21.8694,4.0,0.00024921,2,429,0.08668,0.11146,0.31,0.0,100,0.0,0.66667,,,-0.03,0.00837,0.0012,-0.01123,0.00206,-0.00793,0.36729
498,509952,-8.89637,600.0,0.0,0.66,0.449288,-0.003138,0.005171,0.001659,0.302272,0.018478,0.989409,12.273862,21.988707,10.810111,21.594967,4.0,0.00024911,2,410,0.08628,0.1016,0.33,0.0,100,1.0,1.0,,,-0.03,0.00656,-0.0002,-0.01155,-0.00344,-0.00758,0.0
499,510976,40.35597,335.66667,0.66667,0.66,0.453625,-0.000846,0.053369,0.001009,0.20249,0.008316,0.877102,13.340267,19.401749,13.732208,20.834551,4.0,0.000249,3,423,0.07312,0.09232,0.33,0.0,100,0.66667,1.0,,,-0.03,0.00733,-0.00016,-0.01264,0.00224,-0.00645,0.34513
500,512000,28.62024,356.0,0.5,0.65,0.665224,-0.001783,0.03603,0.001409,0.165359,0.012894,0.909202,20.382851,17.802532,20.637192,19.819496,4.0,0.0002489,4,376,0.07824,0.09446,0.35,0.0,100,0.5,0.5625,,,-0.03,0.00775,0.00037,-0.01685,0.004,-0.01642,0.23513
501,513024,29.63207,352.0,0.5,0.65,0.613447,-0.002423,0.03012,0.002964,0.264774,0.039215,0.924124,23.478069,18.482355,24.009268,20.558727,4.0,0.0002488,4,377,0.07205,0.08297,0.35,0.0,100,1.0,1.0,,,-0.03,0.00912,0.00032,-0.01558,0.00591,-0.02243,0.24188
502,514048,64.85885,131.5,1.0,0.66,0.581746,-0.002004,0.04005,0.002151,0.231727,0.022903,0.928832,21.561161,21.580923,22.545208,24.198889,4.0,0.0002487,4,372,0.08211,0.10491,0.34,0.0,100,0.5,0.75,,,-0.03,0.00582,0.0001,-0.0161,0.00926,-0.0164,0.53904
503,515072,51.75129,216.8,0.8,0.66,0.588125,-0.002814,0.031335,0.001773,0.265264,0.018845,0.959808,20.408247,26.409796,21.576361,28.968952,4.0,0.0002486,5,387,0.0735,0.09014,0.34,0.0,100,0.6,1.0,,,-0.03,0.00665,-0.0001,-0.01672,0.00866,-0.02129,0.52713
504,516096,28.06672,371.5,0.5,0.64,0.535815,-0.002324,0.021368,0.00155,0.257157,0.016174,0.976925,20.878742,31.762064,20.114544,32.217655,4.0,0.00024849,4,398,0.07418,0.08951,0.36,0.0,100,0.75,0.9,,,-0.03,0.00805,-4e-05,-0.01633,0.00267,-0.03713,0.28856
505,517120,67.46914,112.33333,1.0,0.64,0.585543,-0.002019,0.034928,0.001786,0.236661,0.016907,0.95659,22.917688,28.23033,22.778837,29.569263,4.0,0.00024839,3,386,0.07349,0.09207,0.36,0.0,100,0.33333,0.75,,,-0.03,0.00804,0.00094,-0.01403,0.00468,-0.03039,0.39895
506,518144,37.39131,308.2,0.6,0.63,0.540797,-0.002915,0.026171,0.001801,0.201404,0.022263,0.969528,20.4571,29.522209,20.473417,31.194592,4.0,0.00024829,5,377,0.06601,0.08107,0.37,0.0,100,0.4,0.9,,,-0.03,0.00792,0.00028,-0.01147,0.00511,-0.02576,0.41588
507,519168,52.22764,317.0,1.0,0.65,0.590016,-0.001509,0.115759,0.001232,0.290414,0.010056,0.857213,22.851189,29.034193,24.869518,29.020535,4.0,0.00024819,4,383,0.06433,0.08159,0.35,0.0,100,1.0,1.0,,,-0.03,0.00907,0.00042,-0.01489,0.00122,-0.01858,0.48325
508,520192,47.87553,248.5,0.75,0.64,0.653103,-0.002677,0.043258,0.002069,0.322778,0.022568,0.922074,33.239338,22.375921,31.805607,23.130713,4.0,0.00024808,4,368,0.07165,0.09746,0.36,0.0,100,0.25,1.0,,,-0.03,0.00841,0.00059,-0.0129,-0.00367,-0.01817,0.35689
509,521216,66.13257,137.0,1.0,0.66,0.440004,-0.001437,0.041137,0.001476,0.226384,0.016449,0.932856,20.166481,23.433529,19.376814,24.550573,4.0,0.00024798,3,413,0.06328,0.07236,0.34,0.0,100,0.33333,1.0,,,-0.03,0.0088,0.00036,-0.01145,0.00391,-0.02232,0.50535
510,522240,41.41541,295.0,0.66667,0.66,0.411193,-0.001522,0.044369,0.001036,0.181687,0.008347,0.941342,12.525525,25.687105,12.575549,27.657568,4.0,0.00024788,3,405,0.05738,0.07062,0.34,0.0,100,0.66667,0.88889,,,-0.03,0.00918,0.00023,-0.00534,0.01042,-0.02058,0.35317
511,523264,53.26421,205.4,0.8,0.68,0.522017,-0.002961,0.016804,0.001229,0.196985,0.012283,0.983117,9.917656,33.239403,10.403433,35.521187,4.0,0.00024778,5,393,0.06318,0.0797,0.32,0.0,100,0.4,1.0,,,-0.03,0.00655,0.00072,-0.01248,0.01274,-0.01664,0.58618
512,524288,22.72368,408.2,0.4,0.67,0.577202,-0.002982,0.023757,0.001855,0.188429,0.019424,0.982985,18.964525,36.479218,18.457235,37.358723,4.0,0.00024767,5,380,0.06525,0.08941,0.33,0.0,100,0.6,1.0,,,-0.03,0.0083,0.00061,-0.01117,0.00577,-0.01698,0.26114
513,525312,48.58266,244.75,0.75,0.67,0.642886,-0.00251,0.023675,0.002227,0.223947,0.023636,0.97476,32.570869,30.235519,31.978966,31.243429,4.0,0.00024757,4,372,0.07029,0.09161,0.33,0.0,100,0.25,1.0,,,-0.03,0.00835,0.00022,-0.01289,0.00644,-0.01769,0.36007
514,526336,65.73764,178.5,1.0,0.67,0.608019,-0.001354,0.066697,0.001701,0.208955,0.016144,0.885663,31.345123,24.99444,31.05619,25.374418,4.0,0.00024747,4,368,0.06691,0.08332,0.33,0.0,100,0.25,0.57143,,,-0.03,0.00668,0.00064,-0.01216,0.00602,-0.02037,0.48
515,527360,66.82256,137.0,1.0,0.68,0.520708,-0.001827,0.023671,0.001928,0.374849,0.022644,0.972006,21.642757,28.370235,20.014961,28.320709,4.0,0.00024737,1,419,0.07044,0.08842,0.32,0.0,100,1.0,1.0,,,-0.03,0.00551,0.00027,-0.01256,0.00123,-0.02174,0.15668
516,528384,38.91595,371.0,0.75,0.67,0.541647,-0.00174,0.055608,0.001692,0.205822,0.017853,0.936339,15.768465,29.194832,16.222488,30.142359,4.0,0.00024726,4,400,0.06146,0.07111,0.33,0.0,100,0.5,0.8,,,-0.03,0.00653,5e-05,-0.00967,0.00352,-0.02912,0.40326
517,529408,45.31315,295.0,0.75,0.66,0.708167,-0.002212,0.045238,0.001515,0.174069,0.014725,0.951724,22.798241,30.2761,23.136364,31.106894,4.0,0.00024716,4,372,0.06938,0.0851,0.34,0.0,100,0.5,0.0,,,-0.03,0.0073,0.00028,-0.0095,0.00539,-0.03326,0.33865
518,530432,48.835,315.8,0.8,0.67,0.735042,-0.001154,0.087833,0.00144,0.243517,0.013855,0.85493,32.185158,24.490744,32.982086,24.901201,4.0,0.00024706,5,354,0.07463,0.09271,0.33,0.0,100,0.6,1.0,,,-0.03,0.00629,0.0004,-0.01239,0.00305,-0.01864,0.42361
519,531456,70.5994,109.0,1.0,0.68,0.566858,-0.00171,0.033047,0.001836,0.519965,0.020584,0.922208,28.31567,20.196562,25.33532,19.744495,4.0,0.00024696,1,395,0.07506,0.09789,0.32,0.0,100,0.0,1.0,,,-0.03,0.00645,0.00111,-0.01116,-0.00524,-0.01517,0.14173
520,532480,26.10898,368.0,0.5,0.69,0.415617,-0.002033,0.021702,0.002055,0.222425,0.02597,0.943565,11.925503,18.957478,11.118816,20.20439,4.0,0.00024685,2,430,0.05393,0.06417,0.31,0.0,100,1.0,1.0,,,-0.03,0.00693,-0.0003,-0.00646,0.00128,-0.02476,0.18687
521,533504,14.73232,355.5,0.5,0.7,0.456221,-0.001636,0.015512,0.001352,0.192885,0.014481,0.978276,13.16995,26.93166,12.466391,27.667467,4.0,0.00024675,2,420,0.0491,0.06316,0.3,0.0,100,1.0,0.86667,,,-0.03,0.00654,0.00054,-0.01009,0.00525,-0.02019,0.16658
522,534528,12.75703,434.66667,0.33333,0.69,0.567261,-0.00298,0.008897,0.00231,0.231899,0.02803,0.989766,16.173458,31.190659,15.403639,31.784378,4.0,0.00024665,3,383,0.05659,0.0631,0.31,0.0,100,0.33333,1.0,,,-0.03,0.00707,0.00031,-0.0089,0.00903,-0.01144,0.14035
523,535552,34.717,335.71429,0.57143,0.68,0.777892,-0.001836,0.036623,0.001764,0.172124,0.016403,0.939244,35.046608,24.348488,34.96804,25.250528,4.0,0.00024655,7,351,0.07206,0.08742,0.32,0.0,100,0.42857,0.55556,,,-0.03,0.00738,0.00061,-0.0124,0.00378,-0.01354,0.39689
524,536576,67.92658,126.6,1.0,0.71,0.734211,-0.001906,0.030603,0.002541,0.190626,0.021744,0.936194,35.259789,20.468489,35.929726,22.559052,4.0,0.00024644,5,329,0.07159,0.08544,0.29,0.0,100,0.0,1.0,,,-0.03,0.00758,0.00025,-0.01354,0.012,-0.01911,0.5472
525,537600,54.9943,191.33333,0.83333,0.74,0.695372,-0.002243,0.028315,0.002679,0.240994,0.029541,0.952528,34.347694,23.562391,33.861912,24.945524,4.0,0.00024634,6,352,0.06711,0.08876,0.26,0.0,100,0.33333,0.0,,,-0.03,0.00601,0.00041,-0.01135,0.00645,-0.0204,0.56374
526,538624,66.47937,129.0,1.0,0.75,0.527715,-0.002115,0.023071,0.001529,0.333964,0.014343,0.973007,23.359764,29.16366,21.493898,29.305534,4.0,0.00024624,1,395,0.06125,0.07155,0.25,0.0,100,1.0,0.0,,,-0.03,0.00682,0.00032,-0.00548,0.00297,-0.02106,0.15224
527,539648,36.58725,272.875,0.625,0.74,0.61545,-0.001879,0.026149,0.001795,0.185988,0.013702,0.974257,19.950331,31.852543,20.4044,33.52446,4.0,0.00024614,8,379,0.05768,0.06795,0.25,0.0,100,0.5,1.0,,,-0.03,0.00418,0.00073,-0.01236,0.00951,-0.04242,0.60717
528,540672,66.32085,115.0,1.0,0.74,0.721555,-0.002796,0.023247,0.002504,0.201779,0.029282,0.975814,33.766922,31.001282,33.67844,31.865292,4.0,0.00024604,3,357,0.06457,0.08322,0.25,0.0,100,0.0,0.0,,,-0.03,0.00486,0.00071,-0.01096,0.00963,-0.01654,0.32252
529,541696,46.93858,263.625,0.75,0.75,0.745658,-0.002204,0.033868,0.002438,0.262297,0.024521,0.955858,36.812698,27.557083,37.977848,28.681183,4.0,0.00024593,8,343,0.06763,0.08638,0.24,0.0,100,0.5,0.4,,,-0.03,0.00565,0.00072,-0.01326,0.00395,-0.02108,0.61577
530,542720,66.95977,125.33333,1.0,0.76,0.782693,-0.002354,0.040199,0.00181,0.211709,0.017838,0.923477,42.059128,22.040552,42.792469,23.668253,4.0,0.00024583,6,345,0.06888,0.09176,0.23,0.0,100,0.66667,1.0,,,-0.03,0.00547,0.00075,-0.01094,0.00625,-0.02187,0.59356
531,543744,64.94919,132.5,1.0,0.77,0.660811,-0.002355,0.045479,0.002063,0.290629,0.016571,0.951633,34.268726,29.760237,33.472038,30.649096,4.0,0.00024573,4,369,0.06868,0.0922,0.22,0.0,100,0.0,0.0,,,-0.03,0.00495,0.00052,-0.01026,0.00449,-0.03157,0.46123
532,544768,56.13968,192.57143,0.85714,0.77,0.761052,-0.001908,0.024463,0.001934,0.187226,0.016769,0.975949,34.359901,31.531475,35.292599,33.131866,4.0,0.00024563,7,350,0.05935,0.08265,0.22,0.0,100,0.28571,0.0,,,-0.03,0.00472,0.00107,-0.01225,0.01582,-0.02626,0.60038
533,545792,66.25567,131.0,1.0,0.78,0.646052,-0.00276,0.04829,0.001976,0.22674,0.018402,0.959462,32.545971,34.909184,31.885391,35.51709,4.0,0.00024552,5,352,0.06489,0.08756,0.21,0.0,100,0.0,1.0,,,-0.03,0.00698,0.00096,-0.01229,0.00584,-0.02329,0.58055
534,546816,45.03936,259.25,0.75,0.78,0.565175,-0.001323,0.041369,0.001158,0.178426,0.00824,0.963262,29.47608,33.799557,28.522167,34.368423,4.0,0.00024542,4,380,0.06426,0.08331,0.21,0.0,100,0.5,1.0,,,-0.03,0.00675,0.00039,-0.01583,0.00046,-0.02161,0.39967
535,547840,48.58984,238.0,0.75,0.78,0.54319,-0.002537,0.029605,0.001404,0.403465,0.01796,0.972937,25.68449,32.716461,23.671959,32.845135,4.0,0.00024532,4,381,0.06157,0.07788,0.21,0.0,100,0.5,1.0,,,-0.03,0.00741,0.00069,-0.01368,-0.00465,-0.01946,0.42268
536,548864,nan,nan,0.0,0.78,0.248913,-0.002052,0.012683,0.001135,0.454401,0.011322,0.983396,8.573623,27.986645,5.755922,26.946617,4.0,0.00024522,0,457,0.04317,0.05765,0.21,0.0,100,0.0,0.0,,,-0.03,0.00601,4e-05,-0.00408,-0.01023,-0.00739,0.0
537,549888,17.56245,435.33333,0.33333,0.78,0.260645,-0.001778,0.009119,0.001119,0.4026,0.013107,0.987313,-1.169095,26.808933,-2.462341,27.594704,4.0,0.00024511,3,434,0.03374,0.04114,0.21,0.0,100,0.66667,0.0,,,-0.03,0.00445,0.00043,-0.00283,0.0076,-0.01587,0.26864
538,550912,29.68491,353.5,0.5,0.78,0.407308,-0.001475,0.01267,0.000879,0.283472,0.00798,0.98696,1.218422,32.240112,0.319088,33.080063,4.0,0.00024501,2,420,0.05099,0.0637,0.21,0.0,100,0.5,0.0,,,-0.03,0.00508,0.00048,-0.00847,0.00326,-0.02064,0.1823
539,551936,19.88428,418.4,0.4,0.75,0.552644,-0.001698,0.017372,0.001009,0.162888,0.008926,0.987665,9.004559,39.615383,9.153526,40.845741,4.0,0.00024491,5,384,0.05691,0.07445,0.24,0.0,100,0.8,1.0,,,-0.03,0.00612,0.00085,-0.01254,0.00402,-0.02253,0.27182
540,552960,42.83651,274.83333,0.66667,0.74,0.691769,-0.002554,0.027407,0.001986,0.242881,0.01712,0.958371,36.664951,27.119091,36.424763,28.656338,4.0,0.00024481,6,355,0.06689,0.08687,0.25,0.0,100,0.66667,0.0,,,-0.03,0.00536,0.00114,-0.01132,0.0133,-0.02852,0.41938
541,553984,68.04217,109.0,1.0,0.75,0.724353,-0.002518,0.024005,0.001642,0.198976,0.017059,0.951285,36.378922,22.39263,36.586002,24.484192,4.0,0.0002447,5,340,0.0714,0.08201,0.24,0.0,100,0.0,1.0,,,-0.03,0.00675,-0.00016,-0.01432,0.01054,-0.03113,0.53561
542,555008,68.61639,113.75,1.0,0.76,0.674874,-0.00246,0.031809,0.001931,0.319948,0.018036,0.966744,28.416388,31.845903,27.393417,32.844925,4.0,0.0002446,4,362,0.06968,0.08605,0.23,0.0,100,0.25,0.75,,,-0.03,0.00592,0.00091,-0.01087,0.00828,-0.02804,0.47169
543,556032,37.29659,259.0,0.75,0.77,0.582279,-0.002375,0.017298,0.001792,0.249942,0.017014,0.985814,18.055788,36.959724,18.223795,38.661316,4.0,0.0002445,4,382,0.06452,0.07452,0.22,0.0,100,0.25,0.75,,,-0.03,0.00674,0.00055,-0.01323,0.01025,-0.02569,0.38665
544,557056,38.01039,306.0,0.6,0.77,0.632487,-0.002665,0.026137,0.002191,0.434779,0.025177,0.974288,29.56859,33.230362,28.138577,33.882992,4.0,0.0002444,5,365,0.07181,0.09372,0.22,0.0,100,0.4,0.5,,,-0.03,0.00864,8e-05,-0.01358,0.00384,-0.01845,0.36507
545,558080,66.02154,141.75,1.0,0.8,0.55647,-0.001611,0.04533,0.001847,0.208459,0.017532,0.956522,20.971094,33.253227,20.410101,34.416409,4.0,0.00024429,4,369,0.07022,0.08382,0.19,0.0,100,0.25,1.0,,,-0.03,0.00855,0.00017,-0.01231,0.00219,-0.01822,0.5429
546,559104,28.13869,365.5,0.5,0.78,0.571061,-0.002145,0.043258,0.001918,0.280757,0.021317,0.960787,19.159479,34.82806,17.665022,35.376648,4.0,0.00024419,4,375,0.06583,0.0881,0.21,0.0,100,0.25,0.5,,,-0.03,0.00824,0.00072,-0.01467,2e-05,-0.01577,0.25414
547,560128,68.05237,109.0,1.0,0.78,0.457474,-0.001572,0.028931,0.001306,0.372839,0.011414,0.979611,14.040623,38.246307,12.412142,38.969433,4.0,0.00024409,3,396,0.0562,0.07251,0.21,0.0,100,0.0,0.5,,,-0.03,0.00848,0.00139,-0.01011,0.00036,-0.01852,0.45107
548,561152,29.82429,353.75,0.5,0.77,0.427811,-0.002454,0.022945,0.001138,0.426812,0.010269,0.979213,11.322293,34.416142,9.42757,34.985939,4.0,0.00024399,4,396,0.05699,0.07691,0.22,0.0,100,0.5,0.0,,,-0.03,0.00751,0.00055,-0.01254,0.00943,-0.01803,0.3404
549,562176,68.35087,117.0,1.0,0.77,0.352629,-0.002019,0.016289,0.000851,0.266829,0.007843,0.985288,-2.067066,36.964378,-2.958241,38.48592,4.0,0.00024388,3,414,0.05264,0.07061,0.22,0.0,100,0.0,1.0,,,-0.03,0.0067,0.00102,-0.00774,0.00853,-0.01358,0.6306
550,563200,29.37852,363.0,0.5,0.77,0.435605,-0.002397,0.012189,0.001238,0.165501,0.010025,0.991407,-4.560054,42.283836,-4.840798,43.714062,4.0,0.00024378,4,407,0.05485,0.07371,0.23,0.0,100,0.5,1.0,,,-0.03,0.00743,0.00087,-0.01005,0.00816,-0.01919,0.32726
551,564224,49.89093,233.0,0.75,0.77,0.61208,-0.002,0.023538,0.000994,0.159574,0.009613,0.98834,9.845695,47.341808,10.309729,48.766659,4.0,0.00024368,4,372,0.06486,0.08047,0.23,0.0,100,0.25,1.0,,,-0.03,0.00698,0.0007,-0.01295,0.01068,-0.01732,0.36244
552,565248,28.62099,374.33333,0.5,0.75,0.632466,-0.001571,0.067927,0.001639,0.189554,0.015198,0.937481,32.827148,35.268837,32.40667,35.471798,4.0,0.00024358,6,365,0.07717,0.09392,0.25,0.0,100,0.16667,1.0,,,-0.03,0.00631,4e-05,-0.0146,0.00405,-0.02264,0.35076
553,566272,64.79132,177.5,1.0,0.76,0.55526,-0.001916,0.069029,0.001764,0.421297,0.016541,0.883314,30.525723,25.010063,28.996254,26.043072,4.0,0.00024348,4,367,0.07034,0.08677,0.24,0.0,100,0.25,1.0,,,-0.03,0.00883,-0.00044,-0.01513,-0.00098,-0.0181,0.50002
554,567296,-9.8011,301.0,0.0,0.75,0.345768,-0.001836,0.033473,0.000839,0.679844,0.00766,0.961869,9.882616,31.004271,7.419106,30.008728,4.0,0.00024337,1,438,0.06732,0.08591,0.24,0.0,100,1.0,1.0,,,-0.03,0.00931,2e-05,-0.00985,-0.00585,-0.00486,-0.00607
555,568320,36.93978,406.0,0.66667,0.74,0.375396,-0.001122,0.06996,0.00106,0.244678,0.011612,0.92763,-0.014764,33.620865,-0.293328,33.905441,4.0,0.00024327,3,431,0.0597,0.0709,0.25,0.0,100,0.33333,1.0,,,-0.03,0.00588,0.00082,-0.01074,0.00288,-0.0275,0.40343
556,569344,48.54345,179.0,0.75,0.73,0.577607,-0.002395,0.022934,0.001043,0.178732,0.010834,0.980767,8.184101,37.937756,8.645828,39.068287,4.0,0.00024317,4,384,0.06594,0.0854,0.25,0.0,100,0.25,1.0,,,-0.03,0.00709,0.00014,-0.01572,0.00511,-0.03268,0.42005
557,570368,30.20254,354.5,0.5,0.71,0.619732,-0.002674,0.044119,0.001147,0.339736,0.009842,0.967762,10.86285,38.98222,9.447856,39.355381,4.0,0.00024307,4,359,0.07615,0.09829,0.27,0.0,100,0.75,1.0,,,-0.03,0.00731,-5e-05,-0.01681,0.00396,-0.02611,0.26358
558,571392,31.48576,302.0,0.6,0.7,0.708115,-0.00211,0.031276,0.002206,0.25188,0.024475,0.964975,25.300896,31.025829,24.655413,32.335018,4.0,0.00024296,5,357,0.06954,0.08941,0.28,0.0,100,0.6,0.75,,,-0.03,0.00744,0.00048,-0.01368,0.00795,-0.02094,0.33665
559,572416,66.88507,155.5,1.0,0.7,0.609442,-0.001837,0.085374,0.001827,0.22118,0.018951,0.913834,21.662266,33.838066,21.632103,34.051468,4.0,0.00024286,4,385,0.07107,0.0887,0.28,0.0,100,1.0,1.0,,,-0.03,0.00696,0.00052,-0.01358,0.00476,-0.02767,0.52648
560,573440,68.5418,109.33333,1.0,0.71,0.568828,-0.002762,0.038318,0.001486,0.238002,0.014999,0.966769,12.00911,35.583496,11.177526,36.779484,4.0,0.00024276,3,352,0.07553,0.08672,0.27,0.0,100,0.33333,1.0,,,-0.03,0.00836,0.00062,-0.01461,0.00553,-0.03534,0.44817
561,574464,29.61548,351.25,0.5,0.69,0.600276,-0.002874,0.024815,0.001707,0.285562,0.01857,0.975823,10.481638,34.153679,8.878038,34.872139,4.0,0.00024266,4,384,0.07212,0.09148,0.29,0.0,100,0.75,1.0,,,-0.03,0.0082,0.00026,-0.01389,0.00114,-0.0357,0.27654
562,575488,18.62748,273.75,0.5,0.7,0.508748,-0.002387,0.028312,0.001398,0.282932,0.014267,0.97176,6.401014,33.699856,4.875996,34.167866,4.0,0.00024255,4,404,0.07462,0.09751,0.27,0.0,100,0.25,0.85714,,,-0.03,0.00569,6e-05,-0.0124,-0.00037,-0.03095,0.32018
563,576512,37.59589,305.8,0.6,0.7,0.533004,-0.002519,0.03553,0.00127,0.238244,0.013535,0.971417,11.522732,37.464653,10.794617,38.768173,4.0,0.00024245,5,382,0.06961,0.09461,0.27,0.0,100,0.6,0.8,,,-0.03,0.0086,0.00031,-0.01151,0.00773,-0.01485,0.43759
564,577536,49.20106,236.25,0.75,0.72,0.501822,-0.002155,0.038169,0.001483,0.202139,0.015671,0.970294,10.603726,37.879322,9.897606,39.113804,4.0,0.00024235,4,359,0.07276,0.0997,0.25,0.0,100,0.25,1.0,,,-0.03,0.00797,2e-05,-0.01283,0.00288,-0.02335,0.45248
565,578560,67.54015,124.0,1.0,0.73,0.430602,-0.001861,0.041856,0.001381,0.163117,0.016022,0.968526,6.849446,38.196011,6.579144,39.582569,4.0,0.00024225,3,404,0.07205,0.09275,0.24,0.0,100,0.33333,1.0,,,-0.03,0.00876,0.00044,-0.01175,0.00742,-0.0161,0.5235
566,579584,37.3568,304.6,0.6,0.71,0.55162,-0.003163,0.018902,0.00208,0.218342,0.025574,0.987567,7.566483,43.562748,7.865536,45.262241,4.0,0.00024214,5,385,0.06972,0.09297,0.26,0.0,100,0.6,1.0,,,-0.03,0.00706,0.00032,-0.01448,0.01253,-0.02402,0.42632
567,580608,48.75652,237.0,0.75,0.7,0.653736,-0.002901,0.031923,0.002203,0.249495,0.024841,0.977611,19.198574,42.291901,18.585104,42.870899,4.0,0.00024204,4,372,0.07835,0.09142,0.27,0.0,100,0.75,1.0,,,-0.03,0.00737,-0.0003,-0.01767,0.00621,-0.03534,0.36943
568,581632,53.6362,202.66667,0.83333,0.7,0.891307,-0.001708,0.061995,0.002598,0.381686,0.02832,0.933974,31.602251,34.150326,33.0158,34.446426,4.0,0.00024194,6,328,0.08556,0.10483,0.26,0.0,100,0.33333,0.90909,,,-0.03,0.0082,0.00018,-0.01601,0.01204,-0.05068,0.45693
569,582656,49.39421,236.0,0.75,0.71,0.78063,-0.002669,0.044544,0.002215,0.551008,0.023315,0.925339,35.714478,25.104921,33.934624,26.815039,4.0,0.00024184,4,349,0.09149,0.11221,0.25,0.0,100,0.5,0.85714,,,-0.03,0.01045,-0.00115,-0.01426,0.00184,-0.0311,0.31062
570,583680,37.77858,232.25,0.75,0.7,0.517537,-0.003392,0.029356,0.001446,0.511512,0.017548,0.958653,20.208782,27.60169,17.527418,28.270699,4.0,0.00024173,4,393,0.08438,0.10782,0.26,0.0,100,0.25,1.0,,,-0.03,0.00945,-0.00066,-0.01117,-0.00206,-0.02089,0.46649
571,584704,66.22426,144.0,1.0,0.7,0.353365,-0.003176,0.015963,0.001415,0.493199,0.018021,0.983618,3.874322,32.196793,1.48629,32.408791,4.0,0.00024163,1,436,0.07549,0.09679,0.26,0.0,100,0.0,1.0,,,-0.03,0.00812,-0.00027,-0.0126,-0.00213,-0.01283,0.23279
572,585728,3.9625,379.5,0.25,0.69,0.396191,-0.001006,0.019656,0.000816,0.257765,0.008499,0.983571,-2.702618,38.248566,-3.190067,38.404026,4.0,0.00024153,4,401,0.06037,0.08038,0.25,0.0,100,0.75,0.95,,,-0.03,0.00842,0.00091,-0.01436,0.00678,-0.01681,0.18436
573,586752,41.49899,330.33333,0.66667,0.69,0.635295,-0.001287,0.083995,0.00206,0.180389,0.021118,0.923864,25.180916,37.531773,26.522858,37.349365,4.0,0.00024143,6,365,0.06879,0.08621,0.25,0.0,100,0.5,1.0,,,-0.03,0.00748,0.00056,-0.01434,0.00968,-0.02215,0.44862
574,587776,67.12475,119.2,1.0,0.7,0.627619,-0.002957,0.042213,0.002649,0.220899,0.034805,0.957652,31.033138,33.700047,31.58972,35.176311,4.0,0.00024132,5,369,0.07271,0.08678,0.24,0.0,100,0.4,0.66667,,,-0.03,0.00861,0.00081,-0.01427,0.01028,-0.01904,0.58588
575,588800,30.41496,296.5,0.5,0.69,0.559356,-0.002298,0.037296,0.001483,0.387337,0.014359,0.955062,28.912245,32.867989,26.701965,32.295677,4.0,0.00024122,4,388,0.07699,0.09629,0.24,0.0,100,0.5,1.0,,,-0.03,0.00861,-0.00023,-0.01155,-0.00026,-0.02261,0.2664
576,589824,65.34453,149.33333,1.0,0.7,0.494458,-0.00242,0.045009,0.001357,0.231816,0.014236,0.933894,23.100222,28.104223,22.141041,29.101233,4.0,0.00024112,3,389,0.0712,0.09101,0.23,0.0,100,0.0,1.0,,,-0.03,0.00702,-0.0002,-0.01414,0.00926,-0.01756,0.43912
577,590848,42.6678,192.0,0.66667,0.71,0.434865,-0.002645,0.015358,0.001191,0.241125,0.013184,0.98129,13.378843,31.159151,12.037966,31.45009,4.0,0.00024102,3,421,0.07077,0.08767,0.21,0.0,100,0.33333,1.0,,,-0.03,0.00793,2e-05,-0.01336,0.00629,-0.01669,0.33091
578,591872,38.04033,308.0,0.6,0.7,0.509626,-0.002891,0.012804,0.001259,0.235941,0.009674,0.986662,12.031754,33.755993,10.956349,34.637859,4.0,0.00024092,5,400,0.07219,0.09234,0.22,0.0,100,0.2,0.8,,,-0.03,0.00957,-6e-05,-0.00887,0.00645,-0.01754,0.44923
579,592896,56.89324,391.75,1.0,0.71,0.5833,-0.001144,0.175196,0.001647,0.484887,0.02034,0.721369,21.047461,33.626148,24.392887,29.857384,4.0,0.00024081,4,380,0.07404,0.08704,0.22,0.0,100,0.75,1.0,,,-0.03,0.00902,0.00076,-0.01361,0.00351,-0.0192,0.45051
580,593920,52.49137,216.2,0.8,0.72,0.665377,-0.002109,0.044127,0.001777,0.209045,0.018295,0.924828,30.328671,25.442219,30.306,26.626421,4.0,0.00024071,5,347,0.077,0.09331,0.22,0.0,100,0.8,0.5,,,-0.03,0.0086,-0.0002,-0.01325,0.00689,-0.01553,0.46029
581,594944,67.65448,125.0,1.0,0.74,0.667357,-0.002821,0.042929,0.002398,0.204731,0.02861,0.914766,31.451187,23.529633,31.243858,25.186249,4.0,0.00024061,5,365,0.07402,0.09017,0.2,0.0,100,0.8,1.0,,,-0.03,0.00801,0.00034,-0.01259,0.00157,-0.01774,0.56162
582,595968,46.57221,241.0,0.75,0.75,0.514751,-0.001645,0.03145,0.001754,0.190107,0.019836,0.954508,20.022329,27.501909,19.760271,29.054903,4.0,0.00024051,4,394,0.07228,0.08681,0.19,0.0,100,0.5,1.0,,,-0.03,0.00809,-0.0005,-0.00868,0.00731,-0.01322,0.44217
583,596992,29.70951,280.25,0.5,0.73,0.563558,-0.002715,0.016719,0.001397,0.168385,0.014282,0.979461,24.32165,31.237715,23.929701,31.773243,4.0,0.0002404,4,386,0.08182,0.09067,0.2,0.0,100,0.75,1.0,,,-0.03,0.00884,0.00041,-0.01254,0.0062,-0.01173,0.25942
584,598016,54.08875,248.66667,0.83333,0.73,0.712889,-0.00131,0.065595,0.001532,0.251761,0.011642,0.753882,41.212387,19.01165,43.087318,19.041567,4.0,0.0002403,6,344,0.07754,0.09326,0.2,0.0,100,0.33333,0.75,,,-0.03,0.01288,7e-05,-0.0116,0.01142,-0.01799,0.50918
585,599040,66.15258,162.75,1.0,0.77,0.836933,-0.003481,0.049531,0.003198,0.267115,0.036423,0.806558,44.346291,16.948198,45.904305,17.409,4.0,0.0002402,8,336,0.07671,0.09815,0.17,0.0,100,0.375,0.75,,,-0.03,0.00836,1e-05,-0.01556,0.01136,-0.02219,0.72935
586,600064,67.74464,122.33333,1.0,0.78,0.848059,-0.001922,0.0372,0.002813,0.238917,0.032745,0.828453,47.131207,16.158665,47.712681,16.525837,4.0,0.0002401,6,334,0.07475,0.0957,0.16,0.0,100,0.66667,0.75,,,-0.03,0.01183,-8e-05,-0.01341,0.0092,-0.01792,0.54625
587,601088,68.42527,107.33333,1.0,0.79,0.66388,-0.00142,0.016811,0.002278,0.393828,0.028412,0.939721,42.33276,17.624918,40.541553,17.951523,4.0,0.00023999,3,359,0.0827,0.10024,0.15,0.0,100,0.0,1.0,,,-0.03,0.00997,-6e-05,-0.01481,-0.00041,-0.02271,0.36396
588,602112,-9.74045,600.0,0.0,0.78,0.414562,-0.002751,0.00996,0.001609,0.419892,0.017746,0.923774,29.783203,13.704666,26.87709,12.662019,4.0,0.00023989,1,429,0.08251,0.09844,0.16,0.0,100,1.0,0.0,,,-0.03,0.00987,9e-05,-0.01176,-0.01133,-0.02068,0.0
589,603136,nan,nan,0.0,0.78,0.281098,-0.001959,0.003252,0.000966,0.292575,0.011261,0.963686,14.75944,10.663819,13.311261,9.979425,4.0,0.00023979,0,478,0.06393,0.0744,0.16,0.0,100,0.0,0.0,,,-0.03,0.00578,-0.0005,-0.01157,-0.00146,-0.00562,0.0
590,604160,3.44257,594.0,0.33333,0.77,0.377224,-0.001426,0.02909,0.001298,0.158117,0.017212,0.833123,12.742874,14.998883,12.693123,14.895127,4.0,0.00023969,3,441,0.07002,0.08742,0.17,0.0,100,0.66667,1.0,,,-0.03,0.00803,-0.00149,-0.01104,0.00402,-0.01779,0.19225
591,605184,24.39555,368.0,0.42857,0.76,0.690611,-0.00309,0.018281,0.001524,0.238138,0.015015,0.940677,23.677223,20.696484,24.319204,22.524887,4.0,0.00023958,7,347,0.08137,0.10879,0.18,0.0,100,0.71429,0.93333,,,-0.03,0.00833,-0.00113,-0.01384,0.01013,-0.03075,0.37239
592,606208,48.92859,243.75,0.75,0.75,0.828801,-0.003531,0.026836,0.001932,0.202902,0.02037,0.862014,37.492172,13.687061,38.233116,15.472151,4.0,0.00023948,4,344,0.10077,0.13365,0.19,0.0,100,0.75,1.0,,,-0.03,0.00806,-0.00191,-0.0115,0.0069,-0.01541,0.30786
593,607232,66.67797,142.14286,1.0,0.76,0.850142,-0.002928,0.04615,0.002082,0.314164,0.019272,0.754759,37.995304,12.522086,39.562504,14.985244,4.0,0.00023938,7,324,0.10487,0.13456,0.18,0.0,100,0.28571,1.0,,,-0.03,0.00829,-0.00108,-0.01562,0.00571,-0.02049,0.69356
594,608256,48.1188,161.0,0.75,0.77,0.688688,-0.002297,0.028909,0.002191,0.231454,0.023254,0.89072,37.220375,16.832775,36.699707,18.091446,4.0,0.00023928,4,362,0.08717,0.11311,0.17,0.0,100,0.25,0.8,,,-0.03,0.0091,-0.00152,-0.01476,0.0063,-0.01699,0.34458
595,609280,61.95779,215.66667,1.0,0.8,0.588437,-0.001416,0.057525,0.001711,0.319178,0.016769,0.788481,34.741886,17.431442,37.097912,18.207264,4.0,0.00023917,6,371,0.07398,0.10239,0.15,0.0,100,0.66667,1.0,,,-0.03,0.00962,-0.00135,-0.01271,0.00992,-0.02437,0.76264
596,610304,67.65736,116.33333,1.0,0.81,0.536755,-0.002672,0.020119,0.001282,0.170703,0.010986,0.939395,35.21508,18.859207,35.127426,19.944078,4.0,0.00023907,3,393,0.07562,0.10544,0.14,0.0,100,0.0,1.0,,,-0.03,0.00833,-0.00123,-0.0136,0.00138,-0.01208,0.44091
597,611328,41.06999,331.0,0.66667,0.8,0.468867,-0.0021,0.014743,0.001332,0.159814,0.011963,0.952372,29.537621,18.540882,29.227119,19.444071,4.0,0.00023897,3,412,0.0766,0.09574,0.15,0.0,100,0.66667,1.0,,,-0.03,0.01068,-0.00119,-0.00936,0.00711,-0.01244,0.34231
598,612352,38.53495,306.8,0.6,0.79,0.515378,-0.001901,0.00936,0.001128,0.186587,0.008606,0.970897,31.443537,20.037769,31.911041,21.968891,4.0,0.00023887,5,395,0.0672,0.08589,0.16,0.0,100,0.4,1.0,,,-0.03,0.01165,-0.00053,-0.00839,0.01524,-0.01713,0.44112
599,613376,65.28747,228.66667,1.0,0.8,0.542398,-0.001525,0.038411,0.001464,0.17907,0.013596,0.894708,37.226849,20.802521,37.944099,20.894285,4.0,0.00023876,3,381,0.08351,0.10282,0.15,0.0,100,0.66667,1.0,,,-0.03,0.00779,-0.00035,-0.01403,0.00606,-0.01383,0.39564
600,614400,52.97437,241.5,0.83333,0.81,0.702384,-0.001697,0.030642,0.002053,0.210559,0.016617,0.901632,43.521164,18.605448,44.363342,19.122377,4.0,0.00023866,6,361,0.07564,0.10082,0.15,0.0,100,0.66667,1.0,,,-0.03,0.00822,-0.00082,-0.01595,0.00411,-0.01878,0.5422
601,615424,42.54843,291.33333,0.66667,0.81,0.590636,-0.002375,0.022912,0.001826,0.228431,0.019211,0.914304,42.717731,18.212511,41.653976,18.264303,4.0,0.00023856,3,388,0.07894,0.10501,0.15,0.0,100,0.66667,1.0,,,-0.03,0.01033,-0.00188,-0.01059,0.00376,-0.02735,0.27139
602,616448,46.9762,223.6,0.8,0.8,0.748005,-0.001522,0.031913,0.001764,0.204366,0.016876,0.857442,45.714905,15.887101,45.225601,16.262259,4.0,0.00023846,5,364,0.07968,0.09785,0.15,0.0,100,0.4,1.0,,,-0.03,0.00806,-0.00137,-0.01325,0.00817,-0.03267,0.42989
603,617472,62.26311,177.5,1.0,0.81,0.807659,-0.002078,0.026561,0.001385,0.248974,0.012115,0.89089,44.057499,16.85099,45.485161,17.733168,4.0,0.00023836,6,347,0.08142,0.10091,0.14,0.0,100,0.5,1.0,,,-0.03,0.00884,-0.00046,-0.01631,0.01248,-0.02178,0.61403
604,618496,52.46574,222.6,0.8,0.8,0.61996,-0.003415,0.015842,0.00173,0.200957,0.016708,0.948776,42.348732,18.359537,41.545097,18.848358,4.0,0.00023825,5,373,0.08352,0.10395,0.15,0.0,100,0.2,0.75,,,-0.03,0.00845,0.00038,-0.01184,0.00396,-0.02045,0.48841
605,619520,37.89316,236.4,0.6,0.8,0.671822,-0.001593,0.018035,0.001362,0.177767,0.010971,0.907793,45.156349,14.194337,44.651245,16.23115,4.0,0.00023815,5,363,0.06998,0.09096,0.15,0.0,100,0.8,0.94737,,,-0.03,0.00811,-0.00023,-0.01241,0.01114,-0.01565,0.33189
606,620544,67.87573,127.2,1.0,0.82,0.742585,-0.002887,0.010586,0.001958,0.154689,0.021744,0.954085,48.39394,16.399532,48.409279,17.264887,4.0,0.00023805,5,336,0.07021,0.08308,0.13,0.0,100,0.4,1.0,,,-0.03,0.00901,-0.00026,-0.01186,0.00877,-0.02126,0.5227
607,621568,65.01795,170.75,1.0,0.82,0.69021,-0.002417,0.010664,0.001729,0.174561,0.016174,0.967958,45.405289,19.47596,46.01659,20.348965,4.0,0.00023795,4,359,0.06953,0.08364,0.13,0.0,100,0.25,1.0,,,-0.03,0.0088,0.00053,-0.00763,0.01398,-0.02452,0.43061
608,622592,47.7129,319.4,0.8,0.81,0.723381,-0.001972,0.02756,0.002031,0.186416,0.018219,0.877859,48.538055,17.146187,48.112591,17.011833,4.0,0.00023784,5,344,0.07396,0.09852,0.14,0.0,100,0.4,0.94118,,,-0.03,0.00807,-0.00086,-0.0096,0.00428,-0.02892,0.40816
609,623616,63.60911,168.33333,1.0,0.81,0.453079,-0.002832,0.021047,0.001481,0.24022,0.014923,0.902263,39.328274,15.453374,38.521957,16.121555,4.0,0.00023774,3,410,0.05661,0.07608,0.14,0.0,100,0.66667,1.0,,,-0.03,0.00849,-8e-05,-0.00854,0.00082,-0.02687,0.47813
610,624640,27.65272,318.0,0.5,0.79,0.524158,-0.001084,0.028068,0.001754,0.234225,0.020172,0.904181,38.895157,18.857201,37.73275,18.955133,4.0,0.00023764,4,384,0.0594,0.07713,0.15,0.0,100,0.75,1.0,,,-0.03,0.0067,-1e-05,-0.01205,0.00291,-0.0372,0.27505
611,625664,36.79472,278.66667,0.66667,0.79,0.627235,-0.00196,0.030454,0.001406,0.198229,0.014328,0.897086,38.915279,18.755344,38.280594,19.73712,4.0,0.00023754,6,382,0.0706,0.10052,0.14,0.0,100,0.5,1.0,,,-0.03,0.0092,-0.00048,-0.01533,0.00289,-0.03421,0.5192
612,626688,68.24325,116.33333,1.0,0.81,0.678546,-0.003263,0.015619,0.00165,0.192401,0.018372,0.93634,43.971458,15.803355,43.364281,16.860252,4.0,0.00023743,3,364,0.07621,0.10451,0.13,0.0,100,0.33333,1.0,,,-0.03,0.00982,0.00026,-0.01101,0.00623,-0.01539,0.3439
613,627712,65.50941,162.0,1.0,0.82,0.570403,-0.001344,0.017761,0.001698,0.152751,0.016373,0.946925,40.159115,19.876102,39.546402,20.188002,4.0,0.00023733,3,399,0.07478,0.09495,0.12,0.0,100,0.33333,1.0,,,-0.03,0.00646,0.00027,-0.00972,0.00208,-0.01641,0.41051
614,628736,38.62448,303.33333,0.66667,0.83,0.74304,-0.002129,0.025377,0.002176,0.150873,0.02626,0.908386,41.501495,17.541136,41.423058,18.402922,4.0,0.00023723,6,359,0.08889,0.11717,0.1,0.0,100,0.66667,1.0,,,-0.03,0.00827,-0.00048,-0.01288,-0.00057,-0.02065,0.44707
615,629760,14.03829,364.33333,0.33333,0.81,0.654292,-0.001818,0.020197,0.001647,0.31451,0.0177,0.869743,46.361828,12.099023,44.33477,13.27541,4.0,0.00023713,3,377,0.09109,0.11914,0.11,0.0,100,0.66667,1.0,,,-0.03,0.00849,-3e-05,-0.01734,-0.00171,-0.01534,0.11719
616,630784,60.91154,206.5,1.0,0.81,0.62392,-0.00172,0.025186,0.001521,0.140134,0.015045,0.873984,42.304253,14.04071,42.369041,15.322691,4.0,0.00023702,4,387,0.09421,0.11594,0.11,0.0,100,0.5,0.95833,,,-0.03,0.00763,-0.00103,-0.01625,0.0055,-0.02189,0.51073
617,631808,67.8162,121.6,1.0,0.82,0.53452,-0.00248,0.015217,0.001428,0.146594,0.012726,0.950523,36.074471,18.094326,36.114571,19.902033,4.0,0.00023692,5,390,0.09212,0.12218,0.11,0.0,100,0.8,0.76923,,,-0.03,0.00957,0.00025,-0.01087,0.00509,-0.01609,0.69248
618,632832,48.57934,244.5,0.75,0.81,0.510949,-0.002571,0.007994,0.00127,0.17385,0.01239,0.981346,30.657341,24.145626,30.762859,25.495644,4.0,0.00023682,4,401,0.08312,0.10427,0.12,0.0,100,0.5,1.0,,,-0.03,0.00677,-0.00042,-0.01131,0.01175,-0.01275,0.45767
619,633856,29.15756,372.25,0.5,0.79,0.664986,-0.00311,0.00763,0.001728,0.189209,0.020309,0.982991,39.311642,23.126266,38.854805,23.665512,4.0,0.00023672,4,375,0.08231,0.09885,0.14,0.0,100,0.5,1.0,,,-0.03,0.00791,0.00022,-0.01438,0.00563,-0.02046,0.2286
620,634880,49.64709,203.0,0.8,0.79,0.624583,-0.001939,0.031656,0.001717,0.223006,0.020172,0.913908,45.197556,20.208014,44.327644,21.059696,4.0,0.00023661,5,380,0.0867,0.11302,0.13,0.0,100,0.8,0.875,,,-0.03,0.00819,-0.00021,-0.01651,0.00147,-0.02724,0.47518
621,635904,51.93762,244.33333,0.83333,0.8,0.682015,-0.001307,0.023765,0.00183,0.165814,0.016403,0.874404,48.816597,14.357673,48.632977,15.052376,4.0,0.00023651,6,356,0.07852,0.10071,0.13,0.0,100,0.5,0.92308,,,-0.03,0.00766,0.00042,-0.00912,0.00121,-0.0219,0.51841
622,636928,52.86423,191.66667,0.83333,0.8,0.646732,-0.001448,0.026755,0.00159,0.126277,0.0159,0.861553,46.096992,13.610116,46.463684,15.387822,4.0,0.00023641,6,359,0.09062,0.11058,0.12,0.0,100,0.66667,1.0,,,-0.03,0.00883,2e-05,-0.01253,0.00904,-0.02437,0.55934
623,637952,67.90278,115.2,1.0,0.82,0.763389,-0.002493,0.015546,0.001477,0.149405,0.01178,0.937859,47.347038,16.019295,47.697807,17.527737,4.0,0.00023631,5,347,0.08443,0.1161,0.11,0.0,100,0.2,1.0,,,-0.03,0.00905,-0.00014,-0.01043,0.01084,-0.01732,0.49863
624,638976,67.02547,128.5,1.0,0.82,0.60171,-0.002345,0.015487,0.001841,0.173026,0.019836,0.962167,41.2868,21.18399,41.385742,22.413788,4.0,0.0002362,6,380,0.08063,0.1031,0.11,0.0,100,0.16667,0.90909,,,-0.03,0.00677,-0.00021,-0.01411,0.0113,-0.02544,0.73708
625,640000,51.67433,208.4,0.8,0.81,0.507122,-0.001436,0.021777,0.001255,0.135007,0.013062,0.95372,35.165104,24.164518,34.853508,25.173824,4.0,0.0002361,5,383,0.07382,0.10414,0.12,0.0,100,0.6,0.92308,,,-0.03,0.01019,0.00029,-0.01487,8e-05,-0.01812,0.57215
626,641024,55.79566,222.28571,0.85714,0.83,0.670676,-0.001388,0.035767,0.00215,0.165451,0.025757,0.895859,46.254696,19.509539,46.73888,20.207809,4.0,0.000236,7,354,0.07988,0.11067,0.11,0.01,100,0.57143,0.85,,,-0.03,0.00963,-2e-05,-0.01072,0.00643,-0.0231,0.64269
627,642048,41.97598,175.0,0.66667,0.82,0.50439,-0.001844,0.017455,0.001612,0.28796,0.01535,0.952092,41.325294,19.755405,39.494465,20.532885,4.0,0.0002359,3,401,0.08284,0.10497,0.11,0.01,100,0.66667,0.93333,,,-0.03,0.00814,-0.00023,-0.00977,0.00187,-0.0153,0.28717
628,643072,50.60443,291.2,0.8,0.81,0.591827,-0.001099,0.04305,0.001663,0.189525,0.014206,0.863777,40.864014,19.763086,41.632431,19.892006,4.0,0.0002358,5,380,0.07598,0.09947,0.12,0.01,100,0.8,1.0,,,-0.03,0.00716,0.00052,-0.01097,0.00775,-0.0159,0.47575
629,644096,66.71673,162.0,1.0,0.82,0.72845,-0.00122,0.030458,0.002039,0.190067,0.025696,0.894667,45.859875,18.224031,46.414001,18.500074,4.0,0.00023569,5,354,0.07293,0.0872,0.11,0.01,100,0.6,1.0,,,-0.03,0.00684,0.00041,-0.01291,0.01031,-0.02319,0.5385
630,645120,64.77395,143.16667,1.0,0.83,0.769859,-0.002682,0.016842,0.002056,0.182791,0.019379,0.952019,45.05159,19.551365,45.567783,20.710505,4.0,0.00023559,6,349,0.06885,0.08756,0.11,0.01,100,0.66667,0.93333,,,-0.03,0.00705,0.0003,-0.01241,0.01139,-0.02582,0.58528
631,646144,52.90147,216.6,0.8,0.83,0.724741,-0.002395,0.016463,0.001797,0.166699,0.018875,0.955044,46.652863,20.282991,46.744751,21.245928,4.0,0.00023549,5,355,0.08013,0.10687,0.11,0.01,100,0.6,0.91667,,,-0.03,0.00672,-0.00034,-0.01443,0.00506,-0.01416,0.41789
632,647168,56.43685,193.0,0.85714,0.84,0.768226,-0.001623,0.026034,0.001946,0.131502,0.016968,0.839007,52.001781,14.034293,51.827515,14.341989,4.0,0.00023539,7,344,0.07873,0.10762,0.11,0.01,100,0.71429,1.0,,,-0.03,0.01025,0.00035,-0.01198,0.00488,-0.0195,0.59939
633,648192,58.77427,134.375,0.875,0.85,0.731711,-0.001756,0.020094,0.00182,0.214192,0.018463,0.865583,50.388519,11.459193,50.127998,14.48432,4.0,0.00023528,8,350,0.08331,0.11583,0.1,0.01,100,0.75,1.0,,,-0.03,0.00773,-0.00018,-0.00951,0.00565,-0.01921,0.77154
634,649216,64.55962,168.8,1.0,0.87,0.824835,-0.002081,0.016,0.001905,0.186726,0.019989,0.895442,53.246017,12.469613,53.424538,13.459353,4.0,0.00023518,5,333,0.07419,0.09219,0.09,0.01,100,0.4,0.90909,,,-0.03,0.00916,0.00052,-0.01229,0.01078,-0.02785,0.42829
635,650240,54.98485,139.71429,0.85714,0.86,0.793038,-0.002045,0.015676,0.002729,0.192738,0.030655,0.93404,51.319485,16.921686,51.311684,18.834583,4.0,0.00023508,7,333,0.07426,0.08773,0.09,0.01,100,0.71429,0.8,,,-0.03,0.00857,0.0006,-0.01065,0.01608,-0.03361,0.52628
636,651264,54.54177,194.33333,0.83333,0.86,0.830802,-0.002242,0.015342,0.002618,0.210507,0.029221,0.852318,56.064209,11.320204,55.688858,11.711952,4.0,0.00023498,6,335,0.0895,0.10492,0.09,0.01,100,0.33333,1.0,,,-0.03,0.00511,0.00022,-0.01109,0.00875,-0.03005,0.46329
637,652288,66.00322,125.5,1.0,0.88,0.81153,-0.002585,0.010551,0.002312,0.280491,0.021179,0.93582,50.247406,13.349853,49.38126,14.651251,4.0,0.00023487,4,357,0.08245,0.09683,0.07,0.01,100,0.75,1.0,,,-0.03,0.00511,0.00017,-0.01198,0.00795,-0.02141,0.38384
638,653312,63.46387,215.5,1.0,0.89,0.795457,-0.002016,0.028539,0.002669,0.18518,0.028641,0.914939,41.541115,19.858381,41.532661,20.535492,4.0,0.00023477,4,358,0.07664,0.09094,0.07,0.01,100,0.75,1.0,,,-0.03,0.00699,0.00012,-0.01052,0.01055,-0.01819,0.38315
639,654336,59.76353,240.0,1.0,0.9,0.814404,-0.001661,0.048698,0.003006,0.44584,0.034836,0.861177,46.346127,21.726421,48.641083,20.947329,4.0,0.00023467,7,345,0.07664,0.09488,0.06,0.01,100,0.85714,0.86364,,,-0.03,0.00686,0.00037,-0.01113,0.01002,-0.02766,0.59244
640,655360,53.60366,206.66667,0.83333,0.9,0.787785,-0.002219,0.012966,0.002898,0.261644,0.035294,0.915662,54.508842,12.724339,53.671307,13.743886,4.0,0.00023457,6,343,0.0875,0.10343,0.07,0.01,100,0.66667,1.0,,,-0.03,0.00491,-0.00017,-0.01225,0.00743,-0.02286,0.47839
641,656384,51.96466,146.4,0.8,0.89,0.622589,-0.001754,0.026637,0.001632,0.279146,0.013062,0.869231,49.503613,14.075943,47.987614,15.74719,4.0,0.00023446,5,371,0.09011,0.11337,0.07,0.01,100,0.4,0.75,,,-0.03,0.00815,-0.00013,-0.01126,0.00204,-0.02203,0.4781
642,657408,26.36508,266.5,0.5,0.88,0.415375,-0.000565,0.039822,0.000934,0.342924,0.009125,0.846348,34.783543,18.843857,32.307789,18.196161,4.0,0.00023436,2,425,0.09353,0.11739,0.07,0.01,100,1.0,1.0,,,-0.03,0.00842,-0.00049,-0.0126,-0.01194,-0.00839,0.18487
643,658432,43.6862,241.0,0.75,0.87,0.562342,-0.002272,0.031691,0.001659,0.186054,0.017609,0.914274,30.44623,20.280733,29.57185,21.18861,4.0,0.00023426,4,388,0.10987,0.12877,0.07,0.01,100,1.0,0.0,,,-0.03,0.00781,-0.00022,-0.00974,-0.00387,-0.022,0.40604
644,659456,9.05571,388.25,0.25,0.85,0.535047,-0.00232,0.013122,0.001571,0.289316,0.014206,0.960395,32.213467,19.144005,30.745443,19.882532,4.0,0.00023416,4,385,0.11136,0.13033,0.08,0.01,100,0.75,1.0,,,-0.03,0.00683,-0.00018,-0.00824,0.00894,-0.01996,0.13565
645,660480,67.71706,120.0,1.0,0.86,0.62704,-0.001753,0.028343,0.001027,0.255583,0.00827,0.910645,34.989418,18.336235,34.40976,19.655699,4.0,0.00023405,4,382,0.09391,0.1169,0.07,0.01,100,0.25,1.0,,,-0.03,0.00722,0.00047,-0.01186,0.00345,-0.02069,0.50411
646,661504,8.84425,287.75,0.25,0.83,0.57549,-0.001572,0.035967,0.001157,0.26256,0.010254,0.884178,32.348682,18.22296,30.984642,19.420918,4.0,0.00023395,4,386,0.09343,0.11647,0.08,0.01,100,1.0,1.0,,,-0.03,0.00885,0.00032,-0.01173,0.00213,-0.02209,0.1244
647,662528,46.87217,241.5,0.75,0.83,0.691718,-0.003224,0.014437,0.002109,0.209631,0.026306,0.967062,33.290306,22.366177,32.928997,23.243221,4.0,0.00023385,4,381,0.08763,0.0998,0.09,0.01,100,0.5,1.0,,,-0.03,0.00483,-2e-05,-0.01399,0.00666,-0.01631,0.37334
648,663552,48.70558,311.8,0.8,0.83,0.767617,-0.001979,0.051115,0.001537,0.171541,0.016769,0.784534,36.235111,16.366783,36.581482,16.939383,4.0,0.00023375,5,361,0.09785,0.11769,0.09,0.01,100,1.0,0.88889,,,-0.03,0.00653,-0.0001,-0.01027,0.00552,-0.01363,0.42511
649,664576,62.6364,204.25,1.0,0.83,0.730118,-0.00222,0.031262,0.002159,0.199517,0.028687,0.858165,35.661835,15.346663,35.240704,16.956261,4.0,0.00023364,4,366,0.09931,0.12232,0.09,0.01,100,0.75,0.83333,,,-0.03,0.00753,-0.00014,-0.01097,0.00232,-0.02383,0.43064
650,665600,66.61171,130.0,1.0,0.83,0.575911,-0.00213,0.019526,0.001828,0.20183,0.022247,0.949471,28.260088,20.75798,28.915657,22.740488,4.0,0.00023354,4,393,0.08706,0.11343,0.09,0.0,100,0.75,1.0,,,-0.03,0.00974,-0.00036,-0.00908,0.00509,-0.02087,0.57353
651,666624,50.38136,192.2,0.8,0.82,0.488544,-0.001388,0.059673,0.00153,0.196852,0.017593,0.854537,23.717617,21.715006,22.855698,22.446501,4.0,0.00023344,5,401,0.10109,0.12403,0.09,0.0,100,0.6,1.0,,,-0.03,0.00734,-0.00052,-0.00773,-0.00205,-0.02149,0.63271
652,667648,42.85957,276.33333,0.66667,0.82,0.492348,-0.002571,0.014132,0.001198,0.163398,0.01384,0.967389,23.171349,22.464043,23.144079,23.799534,4.0,0.00023334,3,407,0.10175,0.1184,0.09,0.0,100,0.66667,1.0,,,-0.03,0.00774,-0.00072,-0.00981,0.00946,-0.02305,0.32987
653,668672,20.39051,381.8,0.4,0.8,0.707491,-0.002421,0.024109,0.002252,0.159717,0.021942,0.941782,34.983856,22.146753,35.003899,22.537514,4.0,0.00023324,5,374,0.09825,0.11614,0.09,0.0,100,1.0,1.0,,,-0.03,0.00638,-0.0001,-0.0125,0.00653,-0.02111,0.22067
654,669696,52.89141,177.16667,0.83333,0.8,0.914743,-0.001549,0.053728,0.00184,0.156493,0.01088,0.758914,43.087013,16.169931,43.516182,16.983528,4.0,0.00023313,6,339,0.10191,0.12823,0.09,0.0,100,0.66667,1.0,,,-0.03,0.00727,-0.00076,-0.01428,0.00789,-0.01806,0.47134
655,670720,56.76576,174.44444,0.88889,0.79,0.89234,-0.002559,0.056655,0.002289,0.220314,0.022125,0.776449,43.56921,16.089918,44.510769,17.817537,4.0,0.00023303,9,332,0.10316,0.12097,0.09,0.0,100,0.66667,1.0,,,-0.03,0.00646,-0.00041,-0.01357,0.00565,-0.02305,0.76001
656,671744,53.9094,150.5,0.83333,0.8,0.744372,-0.002511,0.037575,0.00305,0.188184,0.038116,0.866338,42.225216,16.995714,42.074848,18.672789,4.0,0.00023293,6,360,0.10411,0.12874,0.08,0.0,100,0.33333,1.0,,,-0.03,0.00651,-0.00126,-0.01261,0.00376,-0.01821,0.57439
657,672768,52.44856,152.2,0.8,0.79,0.77609,-0.002572,0.024815,0.001912,0.147023,0.016937,0.914066,40.162395,17.350639,40.165535,18.905884,4.0,0.00023283,5,355,0.09461,0.11917,0.08,0.0,100,0.8,1.0,,,-0.03,0.00821,-0.00055,-0.0122,0.00294,-0.01817,0.45226
658,673792,68.28248,114.83333,1.0,0.79,0.854553,-0.003795,0.011832,0.002765,0.192873,0.028473,0.970033,37.514462,22.041662,38.34697,24.00211,4.0,0.00023272,6,351,0.09691,0.11851,0.08,0.0,100,0.16667,1.0,,,-0.03,0.00733,-0.00128,-0.01207,0.01353,-0.01951,0.65609
659,674816,46.31199,262.5,0.75,0.78,0.692485,-0.00126,0.04926,0.001977,0.182348,0.019653,0.885516,35.400501,23.119108,35.197533,23.651693,4.0,0.00023262,4,362,0.10504,0.13295,0.08,0.0,100,0.5,1.0,,,-0.03,0.01026,-0.0015,-0.00907,0.00096,-0.01328,0.36297
660,675840,29.60416,273.75,0.5,0.76,0.706572,-0.002818,0.022343,0.001816,0.278668,0.018097,0.940574,37.001751,20.968672,35.679077,21.280354,4.0,0.00023252,4,371,0.09911,0.1184,0.09,0.0,100,0.5,1.0,,,-0.03,0.00867,-0.00154,-0.00853,-0.00028,-0.016,0.25188
661,676864,46.4995,227.0,0.75,0.76,0.713339,-0.002119,0.030269,0.001457,0.283546,0.013763,0.905766,34.785309,19.537571,33.346203,19.975365,4.0,0.00023242,4,377,0.10181,0.12704,0.08,0.0,100,0.75,1.0,,,-0.03,0.00957,-0.00137,-0.01009,-0.004,-0.0208,0.38574
662,677888,47.34985,178.0,0.75,0.75,0.600446,-0.001796,0.032156,0.001581,0.187061,0.017258,0.913374,31.273769,20.11058,31.505568,21.278975,4.0,0.00023231,4,391,0.10719,0.12765,0.08,0.0,100,1.0,1.0,,,-0.03,0.00843,-0.00101,-0.00952,0.0041,-0.01724,0.43561
663,678912,51.02265,286.16667,0.83333,0.76,0.925869,-0.001858,0.052991,0.00276,0.22787,0.030777,0.809148,40.589813,18.395847,41.620232,18.717756,4.0,0.00023221,6,340,0.1081,0.13535,0.09,0.0,100,0.83333,1.0,,,-0.03,0.00774,-0.00113,-0.01161,0.0069,-0.02027,0.50327
664,679936,52.19896,146.6,0.8,0.77,0.974478,-0.00286,0.026534,0.003117,0.174217,0.027679,0.914988,43.188755,17.919874,42.78577,19.419491,4.0,0.00023211,5,336,0.11198,0.13724,0.08,0.0,100,0.6,0.92308,,,-0.03,0.00756,-0.0012,-0.01308,0.00288,-0.0177,0.39781
665,680960,48.58168,201.0,0.8,0.78,0.694079,-0.002154,0.048013,0.002003,0.150341,0.020615,0.850241,36.099014,19.430506,35.692356,19.880493,4.0,0.00023201,5,384,0.11979,0.15119,0.07,0.0,100,0.6,0.92857,,,-0.03,0.00812,-0.00128,-0.01417,-0.0055,-0.01726,0.55537
666,681984,34.29452,284.8,0.6,0.78,1.005819,-0.002277,0.032263,0.00224,0.168235,0.021011,0.828364,43.123882,13.557751,42.504921,15.046072,4.0,0.0002319,5,327,0.11087,0.13722,0.07,0.0,100,0.8,1.0,,,-0.03,0.00915,-0.00028,-0.01055,0.00431,-0.02419,0.28115
667,683008,51.07692,154.4,0.8,0.79,0.950521,-0.002471,0.030569,0.002079,0.179094,0.025009,0.839026,43.178555,13.469163,42.660999,15.040616,4.0,0.0002318,5,349,0.11249,0.13831,0.06,0.0,100,0.8,1.0,,,-0.03,0.00772,-0.00102,-0.01425,0.00118,-0.01471,0.41697
668,684032,62.28722,187.33333,1.0,0.8,0.795095,-0.0017,0.025431,0.002203,0.220631,0.022354,0.876254,41.287449,14.899629,40.53196,15.590142,4.0,0.0002317,3,376,0.11419,0.13349,0.05,0.0,100,0.66667,1.0,,,-0.03,0.00825,-0.0006,-0.01203,-0.00027,-0.01785,0.36968
669,685056,44.19596,231.75,0.75,0.79,0.782397,-0.001742,0.021665,0.001631,0.157347,0.015717,0.937944,34.882214,19.968464,34.47942,21.046005,4.0,0.0002316,4,385,0.12018,0.13918,0.05,0.0,100,0.75,0.875,,,-0.03,0.00736,-0.00146,-0.01042,0.00242,-0.01873,0.37295
670,686080,46.21232,301.0,0.75,0.78,0.889178,-0.001605,0.045936,0.002257,0.177981,0.025604,0.786687,37.854053,16.40991,37.030304,16.755943,4.0,0.00023149,4,347,0.11224,0.13539,0.06,0.0,100,1.0,1.0,,,-0.03,0.00817,-0.00034,-0.01357,-0.00801,-0.01711,0.32273
671,687104,36.12838,298.16667,0.66667,0.77,0.839783,-0.001226,0.033907,0.002634,0.208222,0.027435,0.861674,36.669731,16.034815,37.632252,17.566572,4.0,0.00023139,6,364,0.10605,0.12684,0.07,0.0,100,0.66667,1.0,,,-0.03,0.00727,-0.00024,-0.01048,0.00849,-0.02618,0.44814
672,688128,52.83606,177.83333,0.83333,0.78,1.081531,-0.002396,0.020426,0.002547,0.293056,0.024765,0.908655,43.324745,15.46023,44.715904,17.108643,4.0,0.00023129,6,324,0.09889,0.12363,0.06,0.0,100,0.83333,1.0,,,-0.03,0.00805,0.00036,-0.01301,0.01092,-0.02813,0.43345
673,689152,66.23427,142.28571,1.0,0.81,1.206253,-0.00229,0.021146,0.003474,0.328852,0.038284,0.683676,50.230438,8.907993,51.9645,9.368187,4.0,0.00023119,7,311,0.10342,0.129,0.05,0.0,100,0.71429,1.0,,,-0.03,0.00728,0.00023,-0.01032,0.00454,-0.03089,0.5807
674,690176,62.60963,154.28571,1.0,0.81,1.037035,-0.002551,0.018522,0.002816,0.301609,0.028015,0.768105,47.834694,8.31596,49.703613,10.027049,4.0,0.00023108,7,322,0.10337,0.13215,0.05,0.0,100,0.57143,1.0,,,-0.03,0.0109,0.00031,-0.01103,0.00404,-0.02696,0.61908
675,691200,66.56659,162.8,1.0,0.82,0.965127,-0.001189,0.037898,0.002113,0.222193,0.011063,0.702703,47.022675,12.572542,48.568985,12.60355,4.0,0.00023098,5,339,0.09826,0.12912,0.05,0.0,100,0.4,1.0,,,-0.03,0.0078,0.00052,-0.00921,0.00685,-0.01784,0.49681
676,692224,48.95993,131.5,0.75,0.82,0.703192,-0.001895,0.030152,0.001728,0.403937,0.01796,0.808352,45.295437,12.412208,43.481873,14.196638,4.0,0.00023088,4,376,0.10589,0.13319,0.05,0.0,100,0.5,1.0,,,-0.03,0.00931,-0.00035,-0.00994,0.00084,-0.02202,0.39537
677,693248,41.47713,222.0,0.66667,0.81,0.846227,-0.001261,0.038714,0.001751,0.220361,0.013565,0.845214,41.730827,15.817567,41.85154,17.59347,4.0,0.00023078,6,351,0.09863,0.12436,0.05,0.0,100,0.66667,1.0,,,-0.03,0.00916,-0.0,-0.01196,0.0089,-0.02353,0.43658
678,694272,64.78006,178.5,1.0,0.81,0.921801,-0.003176,0.028504,0.002563,0.217415,0.030518,0.784372,47.107868,12.481465,48.315357,12.969806,4.0,0.00023068,6,337,0.0948,0.11617,0.05,0.0,100,0.0,1.0,,,-0.03,0.00826,0.00022,-0.01152,0.00988,-0.01972,0.57455
679,695296,54.16244,153.83333,0.83333,0.82,0.843387,-0.001948,0.026262,0.002744,0.174219,0.027054,0.854498,46.512428,12.992508,47.046516,15.155819,4.0,0.00023057,6,349,0.09095,0.11417,0.04,0.0,100,0.66667,1.0,,,-0.03,0.00603,-0.00038,-0.00885,0.00839,-0.01751,0.53001
680,696320,58.24664,193.33333,0.88889,0.83,1.036543,-0.00203,0.022183,0.003337,0.37243,0.034058,0.872691,48.738762,13.954175,51.25634,14.503014,4.0,0.00023047,9,316,0.08547,0.11504,0.05,0.0,100,0.55556,1.0,,,-0.03,0.0072,0.00026,-0.0131,0.01204,-0.02456,0.67887
681,697344,67.11185,111.8,1.0,0.85,0.94013,-0.002867,0.015982,0.002553,0.242717,0.028778,0.815772,53.923561,9.36966,54.235573,10.205064,4.0,0.00023037,5,330,0.08964,0.1219,0.04,0.0,100,0.6,0.0,,,-0.03,0.00781,0.00016,-0.01371,0.00538,-0.01884,0.47139
682,698368,66.35006,145.2,1.0,0.86,0.850156,-0.001588,0.017877,0.001615,0.164306,0.010162,0.888726,50.211861,13.231878,51.08828,14.093449,4.0,0.00023027,5,350,0.0948,0.11816,0.04,0.0,100,0.4,1.0,,,-0.03,0.00785,0.00037,-0.01151,0.01252,-0.02085,0.52927
683,699392,66.74361,132.8,1.0,0.87,0.861174,-0.002447,0.013514,0.001874,0.160828,0.018829,0.945374,49.451908,16.512854,49.565338,17.479649,4.0,0.00023016,5,346,0.09739,0.123,0.04,0.0,100,0.4,1.0,,,-0.03,0.00711,0.00018,-0.01084,0.00723,-0.01859,0.51929
684,700416,56.52431,211.33333,0.88889,0.88,0.933893,-0.001643,0.048321,0.002705,0.166134,0.030945,0.704004,51.115433,15.504977,51.947475,14.754276,4.0,0.00023006,9,325,0.09608,0.12947,0.03,0.0,100,0.33333,1.0,,,-0.03,0.00648,0.00051,-0.01339,0.00415,-0.02477,0.74691
685,701440,57.15432,122.14286,0.85714,0.88,0.940439,-0.001402,0.021739,0.001955,0.186832,0.016022,0.800264,54.878532,9.375272,54.261219,12.092798,4.0,0.00022996,7,338,0.09818,0.12477,0.03,0.0,100,0.42857,1.0,,,-0.03,0.00833,0.00037,-0.01291,0.01027,-0.02179,0.5962
686,702464,64.93061,169.83333,1.0,0.9,1.02473,-0.002204,0.024384,0.002703,0.169418,0.027969,0.633445,55.662018,9.441502,56.238586,9.478662,4.0,0.00022986,6,316,0.0943,0.12451,0.02,0.0,100,0.66667,0.0,,,-0.03,0.009,0.00037,-0.0127,0.00711,-0.01996,0.53516
687,703488,67.25283,126.5,1.0,0.91,0.752952,-0.001788,0.019436,0.001313,0.141182,0.010406,0.859649,52.409447,12.390512,52.110146,12.973258,4.0,0.00022975,6,354,0.10307,0.1318,0.01,0.0,100,0.5,1.0,,,-0.03,0.00797,-5e-05,-0.01029,0.00707,-0.02236,0.73135
688,704512,65.05118,216.33333,1.0,0.92,0.872234,-0.001148,0.023901,0.001763,0.25899,0.019577,0.678282,52.972,11.181891,54.644447,10.248794,4.0,0.00022965,6,348,0.09806,0.12619,0.01,0.0,100,0.66667,0.0,,,-0.03,0.01039,0.00032,-0.01078,0.00806,-0.0227,0.62718
689,705536,65.91638,161.14286,1.0,0.93,1.135925,-0.00283,0.017307,0.002892,0.19589,0.026566,0.733227,57.436096,8.590756,57.318459,8.908231,4.0,0.00022955,7,320,0.10494,0.13776,0.01,0.0,100,0.14286,1.0,,,-0.03,0.00869,0.00027,-0.01193,0.01119,-0.02933,0.6009
690,706560,68.73902,110.0,1.0,0.93,0.949759,-0.002491,0.006943,0.002398,0.175856,0.022278,0.896851,55.818005,8.289565,56.081406,9.291472,4.0,0.00022945,5,328,0.10592,0.13547,0.01,0.0,100,0.0,1.0,,,-0.03,0.00947,-0.00019,-0.01214,0.01381,-0.02065,0.49858
691,707584,65.65083,162.83333,1.0,0.93,0.858589,-0.002168,0.012821,0.001964,0.171188,0.019821,0.837636,54.93486,9.494851,55.308887,9.951938,4.0,0.00022934,6,348,0.09318,0.12526,0.01,0.0,100,0.5,1.0,,,-0.03,0.00688,0.00041,-0.0098,0.00909,-0.01903,0.65087
692,708608,63.00186,194.2,1.0,0.93,0.951944,-0.003036,0.015195,0.002935,0.15952,0.027832,0.732002,55.3755,8.19932,55.145103,8.408194,4.0,0.00022924,5,334,0.08847,0.11964,0.01,0.0,100,0.6,1.0,,,-0.03,0.01006,0.0004,-0.01446,0.00331,-0.01814,0.47482
693,709632,34.96703,206.71429,0.57143,0.93,0.860938,-0.00089,0.037623,0.001736,0.312478,0.016785,0.614643,56.608818,7.513928,54.433807,11.841044,4.0,0.00022914,7,344,0.08641,0.11612,0.02,0.0,100,0.71429,1.0,,,-0.03,0.00944,0.00034,-0.01133,0.00631,-0.02369,0.41091
694,710656,56.87749,138.0,0.85714,0.92,0.830751,-0.000937,0.02285,0.00105,0.200789,0.00563,0.816411,54.955841,10.758581,54.028725,13.280929,4.0,0.00022904,7,340,0.0985,0.13159,0.02,0.0,100,0.42857,1.0,,,-0.03,0.00798,-0.00018,-0.01316,0.01137,-0.02152,0.66472
695,711680,66.11532,160.33333,1.0,0.93,0.864488,-0.001292,0.018707,0.001524,0.147414,0.012787,0.882015,53.467598,13.944119,53.359169,14.227248,4.0,0.00022893,6,345,0.09569,0.1282,0.02,0.0,100,0.83333,1.0,,,-0.03,0.00988,0.00026,-0.01348,0.00267,-0.02048,0.62852
696,712704,55.61703,196.0,0.875,0.93,1.005852,-0.000587,0.030727,0.001846,0.107998,0.01889,0.820278,54.255581,14.337477,54.901978,15.009314,4.0,0.00022883,8,332,0.08495,0.11743,0.01,0.0,100,0.375,1.0,,,-0.03,0.00981,0.00057,-0.01142,0.01272,-0.0264,0.64387
697,713728,68.20289,108.75,1.0,0.93,0.940222,-0.003369,0.024108,0.002756,0.283433,0.029648,0.799515,56.479767,11.051333,54.977898,11.987038,4.0,0.00022873,4,320,0.09112,0.12343,0.01,0.0,100,0.25,1.0,,,-0.03,0.01042,0.00019,-0.00836,0.00144,-0.02016,0.39706
698,714752,36.55716,175.4,0.6,0.91,0.769567,-0.00188,0.021427,0.001739,0.357262,0.019257,0.913778,49.776268,15.290357,47.345055,17.415932,4.0,0.00022863,5,364,0.09236,0.12311,0.01,0.0,100,0.4,1.0,,,-0.03,0.00876,0.00043,-0.00747,0.00187,-0.02016,0.37159
699,715776,42.33748,182.33333,0.66667,0.9,0.795803,-0.002132,0.016278,0.002195,0.293404,0.024765,0.935593,47.089714,16.078333,45.023499,16.858002,4.0,0.00022852,3,373,0.1089,0.13613,0.01,0.0,100,1.0,0.0,,,-0.03,0.00691,-0.00022,-0.01024,-0.00063,-0.01938,0.25078
700,716800,61.3536,263.0,1.0,0.9,0.889294,-0.00147,0.020403,0.001506,0.153164,0.012054,0.914732,46.032822,16.954784,45.731907,17.539019,4.0,0.00022842,4,357,0.10151,0.131,0.01,0.0,100,0.75,1.0,,,-0.03,0.0085,-2e-05,-0.00891,0.00509,-0.02268,0.43518
701,717824,46.39052,225.28571,0.71429,0.89,0.928219,-0.00158,0.01259,0.001465,0.129711,0.007156,0.959166,46.029984,18.930147,45.681946,20.249002,4.0,0.00022832,7,338,0.08751,0.11467,0.02,0.0,100,0.57143,1.0,,,-0.03,0.00918,0.00022,-0.01017,0.00763,-0.02145,0.53243
702,718848,61.88209,187.0,1.0,0.9,1.098868,-0.002744,0.015436,0.002436,0.154288,0.0242,0.93861,51.079338,17.22781,51.229782,17.745514,4.0,0.00022822,6,326,0.08831,0.11994,0.02,0.0,100,0.5,1.0,,,-0.03,0.00734,0.00031,-0.01058,0.00629,-0.02204,0.53605
703,719872,52.33223,221.4,0.8,0.89,0.845017,-0.002837,0.016289,0.002421,0.189902,0.0289,0.947101,47.663322,18.798473,46.838966,19.135601,4.0,0.00022812,5,360,0.09864,0.12738,0.03,0.0,100,0.6,1.0,,,-0.03,0.00851,-0.00011,-0.0067,0.00389,-0.02047,0.4773
704,720896,42.91515,182.0,0.66667,0.88,0.744306,-0.001695,0.019311,0.001754,0.296211,0.016312,0.907434,47.44104,14.440732,45.451401,15.650467,4.0,0.00022801,3,367,0.10849,0.14015,0.03,0.0,100,0.66667,1.0,,,-0.03,0.00949,0.00018,-0.00787,-0.00321,-0.01086,0.25869
705,721920,68.4695,119.0,1.0,0.88,0.638019,-0.002275,0.006716,0.001931,0.225621,0.020554,0.976742,39.82613,18.2617,38.980583,18.987963,4.0,0.00022791,2,390,0.11273,0.1378,0.03,0.0,100,0.0,1.0,,,-0.03,0.00949,-0.00111,-0.0082,0.00944,-0.01341,0.31024
706,722944,51.48368,171.4,0.8,0.87,0.73056,-0.003319,0.014325,0.002693,0.224767,0.033585,0.957754,40.140385,19.55373,39.247452,20.163176,4.0,0.00022781,5,382,0.10141,0.12569,0.03,0.0,100,0.6,1.0,,,-0.03,0.00787,-0.00081,-0.00877,0.00138,-0.01797,0.53561
707,723968,37.03019,318.2,0.6,0.85,0.745254,-0.002073,0.010042,0.002144,0.165567,0.025589,0.967452,42.843346,18.715885,42.519451,19.319811,4.0,0.00022771,5,370,0.10387,0.13086,0.05,0.0,100,0.8,1.0,,,-0.03,0.01003,-0.00078,-0.01187,0.0041,-0.01597,0.38252
708,724992,29.10976,322.33333,0.5,0.82,0.90838,-0.002145,0.018307,0.00285,0.282983,0.033997,0.926493,50.05484,16.08091,48.567425,17.38792,4.0,0.0002276,6,332,0.08882,0.12339,0.07,0.0,100,0.83333,1.0,,,-0.03,0.00826,-0.0002,-0.00985,0.00045,-0.01576,0.30761
709,726016,52.98663,185.33333,0.83333,0.81,0.823634,-0.001418,0.032913,0.001915,0.13404,0.016388,0.848703,48.331497,16.124729,47.994339,16.971615,4.0,0.0002275,6,354,0.09625,0.12834,0.07,0.0,100,0.5,1.0,,,-0.03,0.00757,-0.0002,-0.01159,0.00286,-0.02174,0.5652
710,727040,56.11372,158.14286,0.85714,0.8,1.00276,-0.002216,0.024713,0.002926,0.171587,0.030045,0.878154,52.311291,14.389139,52.36261,16.123262,4.0,0.0002274,7,332,0.08685,0.11844,0.07,0.0,100,0.28571,0.9,,,-0.03,0.00801,7e-05,-0.01253,0.00921,-0.0184,0.57356
711,728064,67.20485,124.55556,1.0,0.82,1.198963,-0.002482,0.024529,0.003435,0.197531,0.030182,0.616791,57.09761,8.432176,57.708076,9.201036,4.0,0.0002273,9,310,0.08598,0.11676,0.06,0.0,100,0.22222,1.0,,,-0.03,0.00614,-0.00023,-0.01121,0.00435,-0.02144,0.72544
712,729088,66.91078,128.0,1.0,0.83,0.78848,-0.001742,0.019254,0.002025,0.277765,0.01651,0.911102,52.776428,15.771291,51.351692,16.510666,4.0,0.00022719,2,364,0.11106,0.14482,0.06,0.0,100,0.0,1.0,,,-0.03,0.00748,-0.00062,-0.01166,-0.00155,-0.01035,0.25962
713,730112,36.55114,183.8,0.6,0.81,0.951517,-0.002131,0.012163,0.002428,0.289589,0.016586,0.934267,52.48922,14.254348,51.469208,15.77557,4.0,0.00022709,5,352,0.09462,0.12086,0.06,0.0,100,0.6,1.0,,,-0.03,0.00705,-0.00046,-0.01393,0.00805,-0.02118,0.31567
714,731136,60.92823,229.0,1.0,0.82,0.979379,-0.003002,0.014888,0.002422,0.188781,0.022522,0.908171,53.332325,14.106436,53.348801,14.228324,4.0,0.00022699,5,341,0.09179,0.12345,0.06,0.0,100,0.4,1.0,,,-0.03,0.00684,-0.00057,-0.00948,0.00544,-0.02354,0.48153
715,732160,65.97896,151.5,1.0,0.82,0.80362,-0.00262,0.008828,0.002289,0.276842,0.027405,0.961418,51.340706,16.713446,49.790268,16.591251,4.0,0.00022689,2,366,0.1099,0.1376,0.06,0.0,100,0.5,1.0,,,-0.03,0.00582,-0.00023,-0.01002,0.00207,-0.01121,0.26088
716,733184,47.32518,299.8,0.8,0.82,0.850855,-0.002921,0.010275,0.002617,0.195423,0.028152,0.951683,48.560734,15.625949,47.836945,16.016733,4.0,0.00022678,5,368,0.1071,0.13944,0.07,0.0,100,0.2,0.9,,,-0.03,0.00619,-8e-05,-0.01249,0.00335,-0.01506,0.46372
717,734208,62.84291,261.33333,1.0,0.82,0.780302,-0.001324,0.023009,0.001853,0.125781,0.021118,0.895956,45.441414,17.095366,45.71032,16.928839,4.0,0.00022668,3,379,0.10692,0.13587,0.07,0.0,100,1.0,0.83333,,,-0.03,0.00526,-0.00053,-0.00952,0.00633,-0.01826,0.36051
718,735232,37.62554,267.83333,0.66667,0.8,1.099824,-0.002204,0.015976,0.002827,0.229677,0.026703,0.905807,53.514057,13.411406,52.253906,14.89197,4.0,0.00022658,6,334,0.08904,0.11837,0.08,0.0,100,0.16667,0.90909,,,-0.03,0.00596,-0.0005,-0.01106,0.00358,-0.02105,0.36197
719,736256,49.40294,272.0,0.8,0.81,0.976362,-0.001507,0.026609,0.001193,0.155312,0.008423,0.654134,54.314384,10.346561,53.778236,10.052465,4.0,0.00022648,5,338,0.09776,0.12992,0.09,0.0,100,0.8,1.0,,,-0.03,0.00482,-0.00054,-0.00731,0.00269,-0.01457,0.40681
720,737280,64.9773,169.0,1.0,0.82,0.963851,-0.002074,0.014956,0.00276,0.155329,0.024307,0.870697,50.771336,10.978421,50.586788,11.847754,4.0,0.00022637,5,343,0.08776,0.11782,0.09,0.0,100,0.2,1.0,,,-0.03,0.00651,0.00017,-0.0095,0.00666,-0.01695,0.49551
721,738304,50.8412,191.4,0.8,0.82,1.004491,-0.001809,0.022661,0.002057,0.161748,0.016724,0.855933,50.460712,12.024771,49.667034,13.864079,4.0,0.00022627,5,339,0.08964,0.11897,0.08,0.0,100,0.6,1.0,,,-0.03,0.0079,0.00061,-0.00794,0.00367,-0.0214,0.37644
722,739328,39.94948,241.33333,0.66667,0.81,1.05225,-0.001584,0.025295,0.001569,0.176951,0.010635,0.84692,49.699841,12.941681,48.937283,14.58263,4.0,0.00022617,6,325,0.08802,0.11654,0.09,0.0,100,0.66667,1.0,,,-0.03,0.00551,0.00021,-0.0108,0.00724,-0.01782,0.37464
723,740352,61.68464,201.25,1.0,0.81,0.935312,-0.002476,0.018016,0.002827,0.208291,0.035858,0.784858,51.691414,9.405881,50.782585,10.121549,4.0,0.00022607,4,353,0.09293,0.12562,0.09,0.0,100,0.5,1.0,,,-0.03,0.00665,4e-05,-0.00795,-0.00444,-0.01408,0.42128
724,741376,47.30333,162.75,0.75,0.81,0.954308,-0.001647,0.017565,0.002136,0.179289,0.015594,0.863762,49.300877,10.914393,48.5159,12.894423,4.0,0.00022596,4,346,0.08179,0.11591,0.08,0.0,100,1.0,0.66667,,,-0.03,0.0077,0.0004,-0.00763,0.00365,-0.01473,0.30093
725,742400,63.99016,231.33333,1.0,0.82,0.876752,-0.001603,0.01929,0.002058,0.183339,0.020462,0.860163,47.079697,13.373096,46.110687,13.153931,4.0,0.00022586,3,363,0.08109,0.11078,0.08,0.0,100,0.66667,1.0,,,-0.03,0.00662,-2e-05,-0.0106,-9e-05,-0.01646,0.32917
726,743424,46.15405,276.5,0.75,0.82,0.847747,-0.001528,0.015041,0.001951,0.144359,0.018021,0.901739,45.566895,13.372774,45.129707,13.822494,4.0,0.00022576,4,364,0.07915,0.1074,0.09,0.0,100,0.5,0.0,,,-0.03,0.00788,0.0002,-0.00797,0.00553,-0.02829,0.35303
727,744448,49.2421,222.66667,0.83333,0.83,0.965955,-0.001746,0.021448,0.001873,0.158641,0.015411,0.859982,46.429077,12.271201,46.292343,14.179637,4.0,0.00022566,6,336,0.08099,0.11421,0.07,0.0,100,0.16667,0.75,,,-0.03,0.00688,0.00054,-0.00971,0.00687,-0.01891,0.47757
728,745472,58.0015,193.5,0.875,0.85,1.058558,-0.001787,0.018196,0.003109,0.276938,0.03009,0.843637,49.425705,11.654227,50.909058,12.728952,4.0,0.00022556,8,325,0.08043,0.11711,0.06,0.0,100,0.75,0.0,,,-0.03,0.00716,0.00025,-0.01101,0.00892,-0.02302,0.61287
729,746496,66.6385,135.75,1.0,0.86,1.082193,-0.002628,0.008892,0.002856,0.354228,0.024887,0.821799,54.673706,6.928116,56.90609,7.779229,4.0,0.00022545,8,306,0.07927,0.11053,0.06,0.0,100,0.625,0.8,,,-0.03,0.01008,5e-05,-0.00805,0.01083,-0.02279,0.67552
730,747520,67.31857,147.5,1.0,0.87,1.048183,-0.003081,0.007186,0.003418,0.235615,0.040924,0.868731,60.021423,9.076339,60.593857,8.567007,4.0,0.00022535,6,332,0.08765,0.11626,0.06,0.0,100,0.16667,1.0,,,-0.03,0.00645,0.00031,-0.00852,0.01044,-0.01521,0.55082
731,748544,66.76695,152.28571,1.0,0.87,1.002808,-0.002196,0.005932,0.002778,0.211244,0.02684,0.904546,58.12682,8.941016,58.778427,9.227618,4.0,0.00022525,7,330,0.08371,0.11667,0.06,0.0,100,0.0,0.0,,,-0.03,0.00657,0.00031,-0.01088,0.00651,-0.01857,0.62994
732,749568,67.57134,119.8,1.0,0.88,0.923537,-0.003457,0.005788,0.00263,0.190559,0.027725,0.948128,56.559139,12.099101,56.685272,12.991616,4.0,0.00022515,5,336,0.07894,0.11063,0.06,0.0,100,0.2,1.0,,,-0.03,0.00655,0.0007,-0.00986,0.01139,-0.02246,0.48888
733,750592,55.31719,140.33333,0.83333,0.88,0.907948,-0.002478,0.01034,0.003184,0.169117,0.032562,0.942083,55.471802,14.580613,55.376881,15.470227,4.0,0.00022504,6,334,0.08069,0.11439,0.06,0.0,100,0.16667,1.0,,,-0.03,0.00845,0.00083,-0.00738,0.00878,-0.01999,0.49251
734,751616,45.83137,199.57143,0.71429,0.87,0.879465,-0.001845,0.017796,0.002109,0.268654,0.022263,0.872042,56.419983,12.118214,55.45385,14.268757,4.0,0.00022494,7,336,0.07702,0.10504,0.06,0.0,100,0.28571,1.0,,,-0.03,0.00792,0.00077,-0.00879,0.00965,-0.02099,0.47816
735,752640,50.68815,168.33333,0.77778,0.87,0.832921,-0.001263,0.033033,0.002028,0.304636,0.016449,0.793925,56.414795,11.789256,55.503017,15.413392,4.0,0.00022484,9,333,0.07193,0.10372,0.05,0.0,100,0.44444,1.0,,,-0.03,0.00875,0.00076,-0.00762,0.0152,-0.01942,0.68303
736,753664,68.633,111.125,1.0,0.88,1.082317,-0.00217,0.006637,0.00246,0.174287,0.02066,0.764104,62.678589,5.977102,63.217968,5.902215,4.0,0.00022474,8,302,0.07141,0.10258,0.04,0.0,100,0.0,1.0,,,-0.03,0.00673,0.00079,-0.01129,0.01196,-0.02952,0.64294
737,754688,67.16489,118.625,1.0,0.89,0.912383,-0.001674,0.011702,0.001991,0.246588,0.02124,0.852306,59.972431,9.234738,59.149235,10.34521,4.0,0.00022463,8,327,0.06908,0.1023,0.04,0.0,100,0.125,1.0,,,-0.03,0.00878,0.00051,-0.00964,0.0104,-0.02874,0.74112
738,755712,55.97233,128.33333,0.83333,0.9,0.794545,-0.000935,0.012773,0.001437,0.199007,0.010437,0.908241,56.516907,11.824852,55.695473,14.071953,4.0,0.00022453,6,347,0.07493,0.1052,0.03,0.0,100,0.16667,1.0,,,-0.03,0.00822,0.00089,-0.00693,0.01105,-0.02022,0.51968
739,756736,67.17323,149.16667,1.0,0.9,0.757556,-0.001108,0.021721,0.001347,0.114301,0.008514,0.90325,52.359249,16.083208,52.800526,16.645941,4.0,0.00022443,6,343,0.07299,0.10485,0.03,0.0,100,0.33333,0.0,,,-0.03,0.00665,0.001,-0.01037,0.01406,-0.02215,0.64382
740,757760,56.89267,135.0,0.85714,0.91,0.867888,-0.002039,0.01438,0.00129,0.216288,0.010086,0.934847,56.377831,15.746205,55.396332,16.822372,4.0,0.00022433,7,334,0.07434,0.10857,0.02,0.0,100,0.14286,1.0,,,-0.03,0.00733,0.00013,-0.00759,0.00635,-0.02437,0.60642
741,758784,49.44342,183.625,0.75,0.9,1.008587,-0.001338,0.011957,0.002399,0.154263,0.015259,0.930272,58.396679,13.478644,57.997898,15.359418,4.0,0.00022422,8,317,0.07345,0.1064,0.03,0.0,100,0.25,1.0,,,-0.03,0.00832,0.00075,-0.0098,0.01526,-0.02415,0.51865
742,759808,57.78857,139.0,0.85714,0.89,0.921874,-0.00227,0.016977,0.002136,0.233644,0.016357,0.915631,57.371716,14.139989,56.097233,16.054544,4.0,0.00022412,7,325,0.07466,0.10275,0.03,0.0,100,0.14286,1.0,,,-0.03,0.0101,0.00067,-0.00597,0.00865,-0.02589,0.54554
743,760832,67.96867,135.5,1.0,0.9,0.806639,-0.001569,0.03456,0.002928,0.225738,0.031799,0.819921,51.23988,16.717237,50.114716,16.644833,4.0,0.00022402,6,336,0.07916,0.11043,0.02,0.0,100,0.33333,1.0,,,-0.03,0.00962,0.00089,-0.00957,0.00227,-0.01832,0.64065
744,761856,42.3329,166.0,0.66667,0.88,0.730365,-0.000962,0.032152,0.001626,0.155848,0.012573,0.900333,47.34549,18.216255,46.629025,20.135117,4.0,0.00022392,6,358,0.07292,0.09939,0.02,0.0,100,0.5,0.75,,,-0.03,0.00881,-4e-05,-0.00716,0.00999,-0.01991,0.46073
745,762880,58.43732,139.28571,0.85714,0.87,0.934698,-0.001165,0.012442,0.001933,0.147552,0.01149,0.953956,54.401268,18.578617,54.107212,20.113693,4.0,0.00022381,7,329,0.07624,0.10456,0.02,0.0,100,0.14286,0.5,,,-0.03,0.00885,0.00036,-0.00846,0.01498,-0.0195,0.54458
746,763904,58.10316,169.5,0.875,0.86,1.100261,-0.002257,0.007736,0.002569,0.184759,0.023605,0.94283,60.365089,12.722275,60.231842,12.955185,4.0,0.00022371,8,302,0.07618,0.10838,0.03,0.0,100,0.125,0.0,,,-0.03,0.00803,0.00041,-0.00636,0.00793,-0.02418,0.56671
747,764928,66.17637,152.8,1.0,0.87,0.959936,-0.001608,0.017512,0.002979,0.160684,0.031891,0.702777,61.091087,9.211277,60.368317,8.788819,4.0,0.00022361,5,342,0.08664,0.11549,0.03,0.0,100,0.4,1.0,,,-0.03,0.00752,0.00012,-0.00519,0.00316,-0.02255,0.48955
748,765952,65.99955,147.57143,1.0,0.89,0.980818,-0.001283,0.017062,0.00237,0.154351,0.020782,0.752926,57.427155,9.708051,57.73624,9.742355,4.0,0.00022351,7,333,0.07279,0.1008,0.02,0.0,100,0.42857,1.0,,,-0.03,0.00805,0.00022,-0.00931,0.00714,-0.02727,0.6401
749,766976,65.39544,187.0,1.0,0.89,0.944159,-0.00193,0.020221,0.002629,0.173722,0.02597,0.733717,55.637226,10.469445,55.10453,10.112031,4.0,0.0002234,5,334,0.08212,0.11422,0.02,0.0,100,0.4,0.0,,,-0.03,0.00884,0.00038,-0.00839,0.00284,-0.03148,0.49152
750,768000,67.90256,113.375,1.0,0.91,1.035184,-0.003154,0.006379,0.002886,0.184221,0.03656,0.935341,55.684128,10.429735,56.102795,12.063406,4.0,0.0002233,8,317,0.07287,0.09931,0.02,0.0,100,0.125,1.0,,,-0.03,0.00979,0.00067,-0.00864,0.01529,-0.02894,0.71077
751,769024,53.12471,211.71429,0.85714,0.9,1.141147,-0.00235,0.014391,0.002706,0.143619,0.027649,0.643594,59.771282,8.4196,60.094326,7.736967,4.0,0.0002232,7,309,0.07437,0.10627,0.03,0.0,100,0.14286,0.5,,,-0.03,0.0074,0.00102,-0.00814,0.01484,-0.02502,0.47883
752,770048,57.83514,146.5,0.875,0.89,0.973258,-0.001385,0.02425,0.001489,0.182896,0.012543,0.734932,58.567783,8.365844,58.016846,11.213993,4.0,0.0002231,8,328,0.07868,0.11078,0.03,0.0,100,0.25,1.0,,,-0.03,0.00773,0.00065,-0.00846,0.01192,-0.02815,0.65417
753,771072,67.52381,127.5,1.0,0.9,0.90347,-0.002594,0.013153,0.002863,0.229141,0.027252,0.821822,58.320736,8.533059,57.24741,9.667523,4.0,0.000223,6,327,0.09042,0.12899,0.03,0.0,100,0.0,1.0,,,-0.03,0.00804,0.00031,-0.00927,-0.00092,-0.01351,0.61668
754,772096,68.21994,111.66667,1.0,0.9,0.693231,-0.002248,0.011627,0.001684,0.227202,0.015854,0.94353,48.597717,15.414262,47.420204,16.081051,4.0,0.00022289,3,374,0.08692,0.12276,0.03,0.0,100,0.33333,0.0,,,-0.03,0.00884,0.00053,-0.01158,-0.00081,-0.01545,0.40498
755,773120,53.36741,147.6,0.8,0.9,0.696041,-0.001602,0.009031,0.001612,0.186864,0.013199,0.965129,45.729794,17.712872,44.989029,19.154268,4.0,0.00022279,5,376,0.0773,0.10925,0.03,0.0,100,0.2,1.0,,,-0.03,0.009,0.00061,-0.01053,0.01384,-0.01716,0.52872
756,774144,42.40309,227.0,0.66667,0.89,0.81867,-0.00095,0.008799,0.001705,0.130943,0.01239,0.973321,47.910416,20.361628,47.620132,21.783224,4.0,0.00022269,6,346,0.07099,0.10151,0.03,0.0,100,0.16667,1.0,,,-0.03,0.00961,0.00115,-0.00904,0.01501,-0.02109,0.43753
757,775168,55.76935,249.0,0.85714,0.89,0.911399,-0.001107,0.03011,0.001967,0.138768,0.015915,0.821211,54.629978,16.568739,54.733967,15.57638,4.0,0.00022259,7,331,0.07568,0.11546,0.04,0.0,100,0.42857,0.0,,,-0.03,0.0088,0.0011,-0.00851,0.00513,-0.0199,0.58568
758,776192,56.41158,154.71429,0.85714,0.89,0.981024,-0.001382,0.018605,0.00249,0.163796,0.017654,0.866059,56.927864,11.515714,56.170124,13.734644,4.0,0.00022248,7,331,0.07921,0.11434,0.04,0.0,100,0.42857,1.0,,,-0.03,0.00797,0.00035,-0.01294,0.00537,-0.01822,0.58104
759,777216,57.03018,141.14286,0.85714,0.89,0.956367,-0.00163,0.014234,0.002977,0.212344,0.019989,0.892592,57.619198,11.074116,56.721092,13.725516,4.0,0.00022238,7,331,0.08137,0.1202,0.04,0.0,100,0.57143,1.0,,,-0.03,0.00848,0.00131,-0.01068,0.00561,-0.01482,0.58079
760,778240,55.63942,145.33333,0.83333,0.89,0.983121,-0.001599,0.017543,0.001647,0.225238,0.014023,0.878367,57.921085,11.625457,56.709885,13.836224,4.0,0.00022228,6,314,0.08117,0.11495,0.04,0.0,100,0.33333,0.0,,,-0.03,0.00822,0.001,-0.00889,0.00505,-0.01757,0.48042
761,779264,67.87852,134.33333,1.0,0.9,0.896774,-0.002508,0.013086,0.002298,0.217739,0.024429,0.938716,54.82383,15.624501,53.63802,16.375113,4.0,0.00022218,6,354,0.08297,0.11947,0.04,0.0,100,0.33333,1.0,,,-0.03,0.00803,0.00026,-0.00885,0.00368,-0.01682,0.66166
762,780288,35.96838,222.0,0.6,0.89,0.912224,-0.000855,0.035326,0.002487,0.308202,0.018356,0.830712,52.083046,15.994158,50.847179,16.899626,4.0,0.00022207,5,349,0.08186,0.11732,0.03,0.0,100,0.4,0.66667,,,-0.03,0.00857,0.00046,-0.0072,0.00769,-0.01495,0.3076
763,781312,67.7762,138.0,1.0,0.89,1.015661,-0.001511,0.020368,0.002448,0.154922,0.022461,0.858146,54.035969,13.23778,53.987675,13.689349,4.0,0.00022197,6,325,0.07976,0.11199,0.03,0.0,100,0.5,0.0,,,-0.03,0.00642,0.00028,-0.00899,0.00584,-0.01877,0.58653
764,782336,68.51611,116.8,1.0,0.89,0.906439,-0.002657,0.013334,0.002289,0.230257,0.023972,0.941459,48.932705,15.84664,47.925484,16.9398,4.0,0.00022187,5,350,0.08085,0.11215,0.03,0.0,100,0.0,0.0,,,-0.03,0.00752,0.00022,-0.00909,0.00636,-0.01415,0.54756
765,783360,33.79761,432.0,0.66667,0.88,0.733273,-0.0022,0.017735,0.001711,0.289577,0.015488,0.937565,42.828285,19.806183,41.588875,19.671152,4.0,0.00022177,3,376,0.07759,0.11232,0.04,0.0,100,0.33333,1.0,,,-0.03,0.00835,0.00125,-0.00802,0.00703,-0.0203,0.24426
766,784384,57.8508,173.875,0.875,0.87,0.88069,-0.001117,0.031011,0.001367,0.226173,0.011841,0.902396,46.514748,19.871685,47.495056,20.442678,4.0,0.00022166,8,353,0.0701,0.10347,0.04,0.0,100,0.375,0.8,,,-0.03,0.00838,0.00047,-0.00908,0.00904,-0.02648,0.74872
767,785408,55.62014,203.66667,0.83333,0.86,1.047564,-0.001912,0.017642,0.002069,0.192391,0.017883,0.916968,51.808815,16.107035,51.323387,16.481792,4.0,0.00022156,6,322,0.07337,0.11082,0.05,0.0,100,0.33333,1.0,,,-0.03,0.00889,0.00075,-0.00763,0.0054,-0.02015,0.46309
768,786432,62.88118,184.71429,1.0,0.87,1.177295,-0.002186,0.016885,0.002927,0.245494,0.030182,0.688982,55.442707,8.116179,56.197678,8.596648,4.0,0.00022146,7,314,0.07718,0.10858,0.04,0.0,100,0.28571,1.0,,,-0.03,0.00865,0.00075,-0.00951,0.00725,-0.0266,0.56623
769,787456,68.15867,107.5,1.0,0.87,0.977149,-0.00312,0.012246,0.002293,0.26899,0.021652,0.898572,53.704445,11.155602,52.636612,12.502074,4.0,0.00022136,4,333,0.08104,0.11656,0.04,0.0,100,0.0,1.0,,,-0.03,0.00627,0.00106,-0.00801,0.00354,-0.01815,0.40453
770,788480,54.34253,157.66667,0.83333,0.87,0.917318,-0.001394,0.017887,0.002779,0.170696,0.028427,0.922051,49.738304,16.066101,49.520046,18.17211,4.0,0.00022125,6,326,0.08164,0.12116,0.04,0.0,100,0.5,1.0,,,-0.03,0.00868,0.00075,-0.00965,0.01075,-0.01738,0.51227
771,789504,58.47763,153.75,0.875,0.87,0.936447,-0.001896,0.008164,0.002956,0.156291,0.021774,0.974013,50.019402,20.866682,50.135178,22.464909,4.0,0.00022115,8,336,0.07498,0.11121,0.04,0.0,100,0.25,1.0,,,-0.03,0.00604,0.00053,-0.0101,0.00863,-0.02439,0.70054
772,790528,58.30043,174.11111,0.88889,0.88,1.099988,-0.003609,0.006292,0.003834,0.220994,0.036942,0.967828,57.028351,15.378062,57.970875,15.591414,4.0,0.00022105,9,316,0.07246,0.10711,0.04,0.0,100,0.44444,0.71429,,,-0.03,0.00676,0.00096,-0.01079,0.00996,-0.02168,0.67922
773,791552,66.25531,134.0,1.0,0.89,0.921319,-0.002001,0.009784,0.00288,0.155917,0.023819,0.767495,61.506424,7.239594,61.201984,7.430847,4.0,0.00022095,5,339,0.07941,0.11573,0.03,0.0,100,0.4,1.0,,,-0.03,0.0071,0.00066,-0.00987,0.00045,-0.01773,0.499
774,792576,67.02488,121.0,1.0,0.89,0.642763,-0.002824,0.011106,0.001762,0.339262,0.017197,0.928909,54.050777,13.193439,52.138283,14.009883,4.0,0.00022084,3,376,0.08815,0.12097,0.03,0.0,100,0.33333,1.0,,,-0.03,0.00883,0.00066,-0.00596,0.00294,-0.01643,0.42651
775,793600,43.58352,158.33333,0.66667,0.88,0.650364,-0.002047,0.011547,0.001069,0.343932,0.011002,0.963693,42.348206,19.074898,40.17926,20.05587,4.0,0.00022074,3,388,0.08314,0.11537,0.03,0.0,100,0.33333,1.0,,,-0.03,0.00793,-0.00017,-0.00559,-0.00091,-0.01187,0.2853
776,794624,65.56523,233.66667,1.0,0.89,0.576062,-0.000904,0.023171,0.001294,0.200573,0.012787,0.938445,36.188271,22.33272,35.82679,22.684612,4.0,0.00022064,3,402,0.09118,0.11401,0.03,0.0,100,0.33333,0.0,,,-0.03,0.00733,0.00011,-0.00977,0.01322,-0.01563,0.46695
777,795648,35.45764,265.57143,0.57143,0.87,0.844082,-0.002858,0.01204,0.002281,0.237833,0.021713,0.969736,46.759499,21.863598,45.650661,22.290239,4.0,0.00022054,7,334,0.07718,0.1105,0.05,0.0,100,0.28571,1.0,,,-0.03,0.00843,0.00071,-0.00836,0.00599,-0.01729,0.44707
778,796672,55.56146,192.83333,0.83333,0.87,0.806801,-0.002731,0.009347,0.002137,0.197102,0.016693,0.97098,46.74231,19.720568,45.977905,20.459618,4.0,0.00022044,6,356,0.07502,0.10568,0.06,0.0,100,0.5,1.0,,,-0.03,0.00738,0.00072,-0.00834,0.00859,-0.02331,0.58498
779,797696,46.16828,205.42857,0.71429,0.86,0.95515,-0.002652,0.015146,0.002203,0.234665,0.023102,0.943731,51.54232,18.010204,50.53307,18.778763,4.0,0.00022033,7,336,0.07434,0.10637,0.07,0.0,100,0.57143,1.0,,,-0.03,0.00844,0.00049,-0.0139,0.00535,-0.02161,0.48938
780,798720,40.81465,153.0,0.66667,0.86,0.671147,-0.002333,0.020291,0.001905,0.387726,0.01886,0.92939,45.083893,18.405699,42.114304,18.81324,4.0,0.00022023,3,383,0.08366,0.11823,0.07,0.0,100,0.33333,1.0,,,-0.03,0.00956,3e-05,-0.00735,-0.00214,-0.02073,0.27544
781,799744,40.91155,279.66667,0.66667,0.84,0.774192,-0.001276,0.044378,0.001802,0.142773,0.016068,0.838901,43.029762,19.108196,42.984589,19.201883,4.0,0.00022013,6,364,0.0778,0.10091,0.08,0.0,100,0.5,0.90909,,,-0.03,0.0088,0.0008,-0.00875,0.00882,-0.01994,0.48142
782,800768,56.72068,153.85714,0.85714,0.83,1.006542,-0.002125,0.021295,0.001763,0.189551,0.017639,0.845905,52.775097,11.504127,51.836014,13.368123,4.0,0.00022003,7,330,0.07513,0.10418,0.08,0.0,100,0.28571,1.0,,,-0.03,0.0074,0.00064,-0.00972,0.00926,-0.01848,0.56486
783,801792,66.29032,169.75,1.0,0.84,0.910206,-0.002143,0.018014,0.002583,0.184137,0.022964,0.929199,46.741005,17.459023,46.000229,18.186319,4.0,0.00021992,4,356,0.08378,0.11025,0.07,0.0,100,0.25,1.0,,,-0.03,0.00794,-5e-05,-0.00821,0.00577,-0.01743,0.44096
784,802816,-9.77854,312.0,0.0,0.83,0.761802,-0.00249,0.016305,0.001772,0.426619,0.019119,0.939071,38.685078,18.359077,35.452778,17.522488,4.0,0.00021982,1,371,0.08793,0.11528,0.07,0.0,100,1.0,1.0,,,-0.03,0.00682,0.00011,-0.00888,-0.0095,-0.01748,-0.00369
785,803840,48.40375,277.4,0.8,0.83,0.720982,-0.001743,0.042579,0.002179,0.154574,0.026535,0.819744,33.641537,17.229784,34.246124,17.689236,4.0,0.00021972,5,372,0.08703,0.11198,0.07,0.0,100,1.0,0.78571,,,-0.03,0.00791,-0.00019,-0.00569,0.00645,-0.02507,0.5298
786,804864,51.74612,236.0,0.85714,0.83,0.984908,-0.002468,0.025775,0.002503,0.290856,0.021622,0.891037,42.778152,17.846424,44.299873,19.022562,4.0,0.00021962,7,326,0.07722,0.10506,0.06,0.0,100,0.42857,0.94737,,,-0.03,0.00763,0.00017,-0.01178,0.01502,-0.02172,0.54848
787,805888,68.75125,108.28571,1.0,0.83,0.977916,-0.002636,0.00944,0.002151,0.207472,0.018661,0.957959,50.9496,15.685263,52.01033,16.598927,4.0,0.00021951,7,331,0.07754,0.10658,0.06,0.0,100,0.28571,1.0,,,-0.03,0.00755,0.0005,-0.00843,0.00931,-0.01841,0.66149
788,806912,53.66521,230.16667,0.83333,0.83,0.970284,-0.002928,0.016941,0.002593,0.155149,0.03212,0.854273,52.147736,11.81974,51.971031,12.068563,4.0,0.00021941,6,331,0.08182,0.1038,0.07,0.0,100,0.33333,1.0,,,-0.03,0.00705,0.00033,-0.01264,0.00383,-0.0175,0.48477
789,807936,66.78318,147.14286,1.0,0.83,0.94797,-0.001758,0.017493,0.002378,0.288233,0.0215,0.849871,52.357483,10.961555,54.17865,12.029399,4.0,0.00021931,7,337,0.07474,0.10265,0.07,0.0,100,0.71429,0.92593,,,-0.03,0.00846,0.00058,-0.01063,0.01346,-0.02123,0.67824
790,808960,68.06469,111.33333,1.0,0.85,1.115639,-0.00381,0.005693,0.003812,0.265726,0.041092,0.970085,53.938351,14.799016,55.314037,15.856731,4.0,0.00021921,9,319,0.07162,0.09318,0.06,0.0,100,0.0,1.0,,,-0.03,0.00637,0.0009,-0.01136,0.01883,-0.02359,0.76317
791,809984,68.89687,111.8,1.0,0.85,0.933535,-0.002848,0.008784,0.00311,0.175994,0.03064,0.961343,53.758331,16.73007,53.607758,17.061295,4.0,0.0002191,5,324,0.07429,0.10626,0.06,0.0,100,0.0,1.0,,,-0.03,0.00837,0.00037,-0.01057,0.0029,-0.01563,0.488
792,811008,54.32943,227.33333,0.83333,0.84,0.853555,-0.001296,0.022453,0.00204,0.127932,0.013458,0.860515,53.492847,13.897431,54.21553,14.343198,4.0,0.000219,6,345,0.07337,0.10013,0.07,0.0,100,0.5,0.9375,,,-0.03,0.0071,0.00031,-0.00799,0.01178,-0.02,0.52772
793,812032,59.65732,121.55556,0.88889,0.85,0.849396,-0.001499,0.016292,0.001747,0.292035,0.011887,0.923309,52.919418,16.152496,51.681831,18.070133,4.0,0.0002189,9,347,0.07193,0.10154,0.07,0.0,100,0.11111,1.0,,,-0.03,0.0078,0.00057,-0.00958,0.00922,-0.02185,0.85818
794,813056,67.54459,141.875,1.0,0.88,1.042108,-0.001525,0.010299,0.001481,0.2101,0.01059,0.943586,56.200253,15.546512,57.396328,15.878707,4.0,0.0002188,8,320,0.06656,0.09778,0.04,0.0,100,0.375,1.0,,,-0.03,0.00823,-3e-05,-0.01031,0.01361,-0.02313,0.68761
795,814080,57.76617,181.0,0.85714,0.89,0.998229,-0.002746,0.004768,0.001664,0.154332,0.014984,0.97525,58.739403,15.425547,58.950447,15.748439,4.0,0.00021869,7,315,0.06847,0.10167,0.04,0.0,100,0.28571,1.0,,,-0.03,0.00777,0.00036,-0.0078,0.01424,-0.02389,0.52903
796,815104,68.87827,115.16667,1.0,0.9,0.900827,-0.002657,0.009443,0.002348,0.2261,0.025192,0.899437,59.862675,10.248933,58.816566,11.054129,4.0,0.00021859,6,339,0.06785,0.10264,0.04,0.0,100,0.0,0.83333,,,-0.03,0.00607,0.00051,-0.00782,0.00887,-0.02155,0.59867
797,816128,48.70003,135.75,0.75,0.91,0.729918,-0.001075,0.015554,0.000854,0.272443,0.008499,0.924254,53.250134,15.43808,51.748905,17.397835,4.0,0.00021849,4,362,0.06575,0.09672,0.03,0.0,100,0.25,0.75,,,-0.03,0.00672,0.00026,-0.00665,0.01238,-0.02355,0.35648
798,817152,58.19804,132.0,0.875,0.91,0.836675,-0.001642,0.014267,0.002648,0.167604,0.019653,0.952,52.725471,18.596979,52.270103,20.011662,4.0,0.00021839,8,336,0.06744,0.09799,0.03,0.0,100,0.375,0.9375,,,-0.03,0.00892,0.00024,-0.00771,0.01099,-0.02445,0.75179
799,818176,67.037,167.0,1.0,0.93,1.039266,-0.001616,0.013438,0.001787,0.159245,0.01445,0.930796,57.272797,17.469572,58.08297,16.804495,4.0,0.00021828,8,321,0.06778,0.09836,0.03,0.0,100,0.25,0.70833,,,-0.03,0.00612,0.00071,-0.00914,0.01517,-0.02364,0.69258
800,819200,57.4242,185.14286,0.85714,0.92,1.008295,-0.002831,0.010864,0.002907,0.188801,0.030609,0.918168,59.739571,12.817006,58.876408,13.065267,4.0,0.00021818,7,321,0.07543,0.10263,0.04,0.0,100,0.14286,0.89655,,,-0.03,0.00722,0.00022,-0.00853,0.00666,-0.022,0.55599
801,820224,66.90033,136.83333,1.0,0.93,0.877201,-0.002091,0.013807,0.002246,0.16201,0.017014,0.917098,57.060181,13.883616,56.243595,14.718493,4.0,0.00021808,6,344,0.08109,0.11304,0.04,0.0,100,0.33333,0.88,,,-0.03,0.00648,-0.00026,-0.01049,0.00753,-0.0264,0.63727
802,821248,55.13923,148.16667,0.83333,0.92,0.966999,-0.001782,0.014245,0.002353,0.232682,0.021912,0.932037,56.027744,15.530119,55.126228,16.247278,4.0,0.00021798,6,329,0.08024,0.1176,0.04,0.0,100,0.16667,0.9,,,-0.03,0.00863,-0.0013,-0.0082,0.00454,-0.01524,0.49677
803,822272,68.01674,132.0,1.0,0.93,0.765965,-0.002772,0.010291,0.001995,0.227649,0.021881,0.963122,48.092609,18.673296,46.919216,18.967205,4.0,0.00021788,3,372,0.08414,0.11773,0.03,0.0,100,0.0,1.0,,,-0.03,0.00816,-0.00135,-0.00538,0.00826,-0.0145,0.38567
804,823296,46.7703,300.0,0.75,0.92,0.932211,-0.001598,0.015196,0.00341,0.136392,0.037338,0.940329,49.960289,18.657269,49.686512,18.520498,4.0,0.00021777,4,354,0.07674,0.10593,0.04,0.0,100,0.5,0.96429,,,-0.03,0.00565,-0.00028,-0.00855,0.00939,-0.01808,0.30975
805,824320,67.41646,132.0,1.0,0.92,0.890966,-0.002768,0.01082,0.002268,0.164068,0.02652,0.959885,47.875961,18.451881,47.2743,18.545204,4.0,0.00021767,4,358,0.08151,0.10781,0.04,0.0,100,0.0,0.78571,,,-0.03,0.00687,-0.0004,-0.00799,0.01001,-0.01703,0.45915
806,825344,47.46016,320.2,0.8,0.91,1.20873,-0.002507,0.021348,0.004229,0.19563,0.043762,0.732546,55.837273,12.202916,54.987968,11.192444,4.0,0.00021757,5,323,0.07525,0.10673,0.05,0.0,100,0.8,0.94118,,,-0.03,0.00533,-0.00084,-0.00984,0.00331,-0.01655,0.33284
807,826368,36.83453,272.5,0.66667,0.89,1.071098,-0.001694,0.019639,0.003295,0.223365,0.026215,0.852986,52.690231,11.353671,51.592781,13.269308,4.0,0.00021747,6,342,0.07701,0.10115,0.06,0.0,100,0.33333,0.87755,,,-0.03,0.00703,-0.00023,-0.00795,0.00481,-0.02012,0.37824
808,827392,65.3827,161.0,1.0,0.9,1.170721,-0.002823,0.019287,0.003458,0.200901,0.034439,0.736181,57.383808,8.415064,56.647575,9.662806,4.0,0.00021736,6,315,0.07437,0.10422,0.05,0.0,100,0.33333,0.94118,,,-0.03,0.00759,-0.00038,-0.00766,0.00784,-0.01657,0.51193
809,828416,58.07519,154.0,0.875,0.89,1.115936,-0.002022,0.022181,0.003055,0.150534,0.03038,0.782663,55.929356,9.72354,55.357414,11.74663,4.0,0.00021726,8,320,0.07424,0.10404,0.05,0.0,100,0.375,0.82353,,,-0.03,0.00785,-0.00072,-0.01117,0.00625,-0.01958,0.61625
810,829440,65.91942,153.25,1.0,0.9,0.790094,-0.002987,0.01631,0.002177,0.243266,0.020035,0.920699,49.778809,14.941928,48.451225,16.027386,4.0,0.00021716,4,373,0.08596,0.12494,0.05,0.0,100,0.0,0.9375,,,-0.03,0.00551,-0.0009,-0.01129,0.00193,-0.0128,0.508
811,830464,42.11289,176.5,0.66667,0.88,0.785859,-0.001389,0.01889,0.001197,0.16787,0.011337,0.934694,45.210205,17.997187,44.407513,19.947775,4.0,0.00021706,6,371,0.07732,0.10997,0.05,0.0,100,0.5,0.94118,,,-0.03,0.00697,-0.00024,-0.01083,0.00945,-0.01786,0.49257
812,831488,55.42276,155.33333,0.83333,0.87,1.083462,-0.002066,0.011303,0.001761,0.154435,0.013443,0.95055,51.536003,16.013748,51.85268,17.582722,4.0,0.00021695,6,327,0.0708,0.10446,0.05,0.0,100,0.33333,0.91304,,,-0.03,0.00696,-0.00048,-0.00957,0.01465,-0.01598,0.46732
813,832512,49.41977,237.75,0.75,0.87,0.908992,-0.003202,0.016179,0.001498,0.303253,0.01384,0.932027,49.976521,17.118599,48.156094,17.286255,4.0,0.00021685,4,357,0.08752,0.12331,0.05,0.0,100,0.25,1.0,,,-0.03,0.00489,-0.00231,-0.00754,-0.00155,-0.01129,0.34827
814,833536,65.41479,175.0,1.0,0.87,0.877939,-0.001445,0.021489,0.002329,0.171689,0.024155,0.90614,47.560486,17.015486,48.275932,17.293236,4.0,0.00021675,5,363,0.08437,0.10889,0.05,0.0,100,0.6,0.97959,,,-0.03,0.00543,-0.00053,-0.01166,0.01308,-0.01986,0.57261
815,834560,67.01983,116.8,1.0,0.88,0.893167,-0.004081,0.010532,0.002348,0.217196,0.02739,0.958119,45.968327,17.426544,45.426094,18.155476,4.0,0.00021665,5,344,0.08495,0.11112,0.05,0.0,100,0.0,0.89474,,,-0.03,0.00558,6e-05,-0.01211,0.00621,-0.02016,0.58072
816,835584,43.21758,275.66667,0.66667,0.88,0.811024,-0.002959,0.010465,0.002431,0.21133,0.024826,0.95539,43.036083,17.074341,42.154339,17.293827,4.0,0.00021654,3,368,0.08456,0.11105,0.06,0.0,100,0.33333,1.0,,,-0.03,0.00854,-0.00072,-0.00883,0.00326,-0.01258,0.25172
817,836608,44.4982,263.14286,0.71429,0.86,0.891112,-0.003086,0.009919,0.002215,0.181866,0.025772,0.955523,46.558235,16.969547,46.690483,17.66997,4.0,0.00021644,7,354,0.08002,0.10925,0.08,0.0,100,0.28571,0.94595,,,-0.03,0.00725,-0.00145,-0.01097,0.00724,-0.01943,0.56558
818,837632,67.20763,131.5,1.0,0.86,0.732662,-0.001897,0.016364,0.001304,0.170501,0.012756,0.932291,44.743752,16.933935,44.028442,17.767012,4.0,0.00021634,4,374,0.0889,0.11656,0.08,0.0,100,0.5,0.93023,,,-0.03,0.00785,-0.00191,-0.00869,0.00329,-0.01657,0.54484
819,838656,21.76696,282.2,0.4,0.84,0.760433,-0.002616,0.018249,0.001287,0.263682,0.01178,0.93899,43.128922,18.141153,41.549316,19.810642,4.0,0.00021624,5,364,0.08381,0.11851,0.08,0.0,100,0.6,0.78689,,,-0.03,0.00826,-0.00192,-0.01197,0.00263,-0.01506,0.24971
820,839680,55.70531,217.0,0.85714,0.83,0.96786,-0.001898,0.042225,0.002837,0.189402,0.030136,0.607694,50.375977,14.181903,50.629944,12.734038,4.0,0.00021613,7,336,0.08256,0.11218,0.09,0.0,100,0.42857,0.89091,,,-0.03,0.00742,-0.00145,-0.00869,0.00326,-0.02216,0.60842
821,840704,66.19302,169.25,1.0,0.84,0.856612,-0.001904,0.024762,0.001707,0.144723,0.016769,0.738688,48.309429,10.694366,47.881363,11.224011,4.0,0.00021603,4,357,0.09628,0.12993,0.09,0.0,100,0.5,0.91667,,,-0.03,0.0066,-0.00253,-0.01126,0.00541,-0.02557,0.47241
822,841728,50.51924,210.6,0.8,0.83,0.86055,-0.002208,0.027942,0.002215,0.20381,0.019943,0.81795,46.639114,12.316119,45.554176,13.999491,4.0,0.00021593,5,346,0.09101,0.12415,0.09,0.0,100,0.4,0.93478,,,-0.03,0.00785,-0.00152,-0.01236,0.00152,-0.01826,0.45509
823,842752,67.03656,138.5,1.0,0.84,0.831589,-0.003015,0.016367,0.002566,0.220703,0.02478,0.920114,45.670433,14.871889,46.218254,16.25037,4.0,0.00021583,6,327,0.08726,0.11568,0.08,0.0,100,0.33333,0.87143,,,-0.03,0.00844,-0.00192,-0.01451,0.00868,-0.0148,0.72594
824,843776,55.18271,134.0,0.83333,0.84,0.926018,-0.002544,0.015294,0.002537,0.163673,0.025772,0.931704,47.490612,15.775805,47.434456,17.133415,4.0,0.00021572,6,344,0.07913,0.104,0.07,0.0,100,0.16667,0.92,,,-0.03,0.00635,-0.00095,-0.01353,0.00837,-0.0178,0.52219
825,844800,40.08514,278.33333,0.66667,0.83,0.912895,-0.002654,0.017314,0.002379,0.163656,0.019073,0.90715,48.795784,14.433216,48.431,15.407658,4.0,0.00021562,6,341,0.08443,0.11947,0.08,0.0,100,0.5,0.94937,,,-0.03,0.00922,-0.00159,-0.01165,-0.00021,-0.01542,0.42826
826,845824,54.25804,160.5,0.83333,0.83,0.967596,-0.002233,0.020692,0.002167,0.178735,0.01825,0.894792,48.751057,13.882165,48.201572,15.88538,4.0,0.00021552,6,321,0.08154,0.11081,0.08,0.0,100,0.33333,1.0,,,-0.03,0.00819,-0.00118,-0.01256,0.0048,-0.01497,0.51199
827,846848,45.64945,166.71429,0.71429,0.81,1.016232,-0.002096,0.024832,0.00256,0.207644,0.022522,0.87974,50.312363,14.939702,49.305126,17.394251,4.0,0.00021542,7,331,0.07768,0.10416,0.08,0.0,100,0.57143,0.875,,,-0.03,0.00742,-0.00097,-0.01434,0.00522,-0.01476,0.48231
828,847872,46.73965,196.5,0.75,0.81,0.84284,-0.0012,0.025767,0.001896,0.149666,0.012115,0.855156,49.511917,14.424903,48.712883,14.983752,4.0,0.00021532,4,361,0.09204,0.11964,0.08,0.0,100,0.5,1.0,,,-0.03,0.00743,-0.00112,-0.01276,0.00082,-0.01372,0.34697
829,848896,66.06165,168.33333,1.0,0.81,0.919868,-0.002001,0.024151,0.002033,0.243798,0.021133,0.852539,46.192909,14.320949,45.180561,14.928099,4.0,0.00021521,3,359,0.08468,0.11186,0.08,0.0,100,0.33333,0.95,,,-0.03,0.00647,-0.00111,-0.01177,0.00508,-0.0167,0.33719
830,849920,39.97278,284.0,0.71429,0.81,0.916207,-0.001828,0.029149,0.001768,0.175879,0.015305,0.892288,43.397705,17.573654,43.617931,19.178288,4.0,0.00021511,7,346,0.08095,0.1094,0.08,0.0,100,0.57143,0.90625,,,-0.03,0.00685,-0.00041,-0.012,0.0077,-0.01422,0.5127
831,850944,67.40031,141.0,1.0,0.82,1.123039,-0.002767,0.019875,0.003357,0.19491,0.032532,0.826728,53.028618,10.90685,52.460121,11.983261,4.0,0.00021501,4,326,0.08005,0.10532,0.08,0.0,100,0.0,0.89655,,,-0.03,0.00767,-0.00068,-0.01028,0.00712,-0.01924,0.35944
832,851968,67.67137,120.42857,1.0,0.83,0.953555,-0.001892,0.017189,0.001993,0.160918,0.019943,0.927212,47.590714,16.089045,47.991798,17.404015,4.0,0.00021491,7,346,0.07821,0.10031,0.07,0.0,100,0.42857,0.96552,,,-0.03,0.00707,-0.00018,-0.01103,0.00895,-0.01975,0.71555
833,852992,62.66588,205.0,1.0,0.83,0.858871,-0.002489,0.016658,0.002429,0.162649,0.023849,0.940722,44.972023,18.995136,44.792511,18.981005,4.0,0.0002148,4,362,0.07763,0.1063,0.07,0.0,100,0.25,0.92308,,,-0.03,0.00727,-0.00016,-0.01286,0.00324,-0.01233,0.44872
834,854016,51.4474,243.0,0.8,0.82,0.752816,-0.002127,0.019463,0.002207,0.162079,0.025864,0.928047,42.893372,18.179432,42.715027,18.571095,4.0,0.0002147,5,367,0.0905,0.11698,0.08,0.0,100,0.6,0.88889,,,-0.03,0.00765,-0.0013,-0.01229,6e-05,-0.01172,0.53821
835,855040,53.84851,240.16667,0.83333,0.83,0.911656,-0.001943,0.01348,0.001566,0.172889,0.011139,0.936088,47.461781,15.589246,48.158966,16.391851,4.0,0.0002146,6,341,0.07738,0.10914,0.07,0.0,100,0.33333,0.90196,,,-0.03,0.00753,-0.00127,-0.00964,0.00794,-0.01522,0.51471
836,856064,65.58411,171.0,1.0,0.84,0.758929,-0.001396,0.036095,0.001664,0.192977,0.015152,0.785693,45.859062,14.729652,45.088882,14.724001,4.0,0.0002145,3,366,0.08675,0.12396,0.06,0.0,100,0.66667,1.0,,,-0.03,0.00644,-0.0017,-0.00944,-0.00271,-0.01121,0.38211
837,857088,35.52671,213.0,0.6,0.82,0.746964,-0.001121,0.017251,0.001358,0.181541,0.010757,0.932575,43.574028,16.499611,42.670403,18.53516,4.0,0.00021439,5,365,0.08361,0.111,0.06,0.0,100,0.8,1.0,,,-0.03,0.00719,5e-05,-0.01326,0.00511,-0.01513,0.37068
838,858112,56.95332,192.14286,0.85714,0.84,1.084144,-0.002801,0.008414,0.00367,0.208318,0.035385,0.938979,52.128891,12.454638,52.808479,13.502331,4.0,0.00021429,7,307,0.07845,0.10546,0.06,0.0,100,0.14286,0.92308,,,-0.03,0.00571,0.0001,-0.0111,0.00904,-0.01296,0.541
839,859136,65.91106,164.0,1.0,0.85,0.934205,-0.001722,0.018015,0.002002,0.191435,0.016006,0.905479,50.373268,15.117244,51.451225,15.406326,4.0,0.00021419,6,348,0.08253,0.11098,0.05,0.0,100,0.16667,0.91667,,,-0.03,0.00655,-0.00036,-0.01267,0.01097,-0.01408,0.62331
840,860160,56.8885,194.42857,0.85714,0.85,1.186086,-0.002381,0.006743,0.002858,0.24265,0.024628,0.931466,55.367588,10.473876,56.774963,11.026976,4.0,0.00021409,7,308,0.07554,0.10164,0.06,0.0,100,0.0,0.94286,,,-0.03,0.00721,-4e-05,-0.01156,0.01559,-0.0206,0.48842
841,861184,68.0513,113.28571,1.0,0.85,1.129319,-0.003264,0.007765,0.003044,0.18003,0.030487,0.748679,59.648434,6.210479,60.25325,6.413807,4.0,0.00021398,7,318,0.07581,0.10447,0.06,0.0,100,0.14286,0.7,,,-0.03,0.00868,0.00062,-0.0088,0.00863,-0.02179,0.60738
842,862208,66.77337,142.75,1.0,0.86,1.071594,-0.002586,0.009066,0.00259,0.244577,0.027985,0.819629,57.594109,7.234918,56.706673,8.119645,4.0,0.00021388,4,334,0.08119,0.10581,0.06,0.0,100,0.25,0.84615,,,-0.03,0.00676,-0.00041,-0.01028,0.00265,-0.01416,0.37424
843,863232,64.70499,187.5,1.0,0.88,0.969247,-0.002306,0.009127,0.002595,0.229905,0.027237,0.938457,53.907887,13.389935,53.158176,14.48407,4.0,0.00021378,6,347,0.07868,0.10412,0.04,0.0,100,0.0,0.91892,,,-0.03,0.00664,-0.00043,-0.01096,0.00871,-0.01784,0.6202
844,864256,67.78506,114.0,1.0,0.88,0.919388,-0.004163,0.006193,0.003204,0.278757,0.037003,0.976494,47.249352,18.082001,46.494701,18.494812,4.0,0.00021368,3,350,0.07323,0.09374,0.04,0.0,100,0.0,0.85714,,,-0.03,0.00764,-0.0003,-0.01212,0.00596,-0.01837,0.32568
845,865280,33.67202,270.6,0.6,0.87,0.904457,-0.00282,0.009977,0.002725,0.269168,0.030273,0.960392,46.781906,17.312618,45.404819,18.279827,4.0,0.00021357,5,349,0.07211,0.09331,0.05,0.0,100,0.2,0.92857,,,-0.03,0.00889,-1e-05,-0.01078,0.00462,-0.02375,0.31845
846,866304,45.2176,214.42857,0.71429,0.87,0.91936,-0.001435,0.01868,0.001702,0.163019,0.014313,0.909682,50.861511,15.554849,50.211525,16.349661,4.0,0.00021347,7,341,0.07265,0.09687,0.06,0.0,100,0.57143,0.92308,,,-0.03,0.01018,0.00033,-0.01001,0.00098,-0.0243,0.51307
847,867328,42.20252,219.28571,0.71429,0.86,1.027566,-0.002114,0.023179,0.00184,0.322412,0.01442,0.834615,56.827721,10.518101,54.976307,14.031998,4.0,0.00021337,7,312,0.07408,0.10291,0.06,0.0,100,0.42857,0.80952,,,-0.03,0.01017,0.00055,-0.01022,0.0056,-0.02066,0.43225
848,868352,66.72571,145.71429,1.0,0.88,0.933125,-0.001453,0.021409,0.002193,0.20541,0.016525,0.832455,54.754795,12.208027,55.408154,12.704881,4.0,0.00021327,7,340,0.07534,0.09437,0.06,0.0,100,0.57143,0.73684,,,-0.03,0.00777,0.00032,-0.00798,0.0093,-0.0184,0.69103
849,869376,68.926,111.4,1.0,0.88,1.008032,-0.002767,0.009079,0.001748,0.200807,0.018433,0.956602,53.600449,15.733057,52.910645,16.790888,4.0,0.00021316,5,332,0.07344,0.09672,0.06,0.0,100,0.0,1.0,,,-0.03,0.00733,-0.00025,-0.00854,0.00808,-0.02225,0.46562
850,870400,53.62003,164.5,0.83333,0.87,0.885196,-0.002015,0.015182,0.002235,0.220348,0.026016,0.954183,49.848404,19.896387,49.102283,20.684973,4.0,0.00021306,6,348,0.07754,0.10181,0.06,0.0,100,0.33333,0.94118,,,-0.03,0.00722,0.00042,-0.00828,0.00895,-0.02081,0.53986
851,871424,53.83813,240.83333,0.83333,0.86,0.989141,-0.001371,0.025512,0.002313,0.186058,0.022064,0.852342,52.69997,15.575047,52.508247,15.475791,4.0,0.00021296,6,331,0.07512,0.1036,0.07,0.0,100,0.66667,0.95652,,,-0.03,0.00945,-0.00051,-0.00832,0.00499,-0.02017,0.47352
852,872448,68.8409,113.66667,1.0,0.88,0.93093,-0.001885,0.013618,0.001501,0.174688,0.011322,0.933952,51.234192,15.350123,50.885521,16.622931,4.0,0.00021286,6,341,0.07619,0.09398,0.05,0.0,100,0.0,0.83333,,,-0.03,0.00639,0.00023,-0.00873,0.01377,-0.01964,0.61558
853,873472,50.34468,199.2,0.8,0.87,0.87762,-0.001545,0.030325,0.002174,0.169495,0.020035,0.883653,48.657402,17.76013,48.113987,18.27507,4.0,0.00021276,5,346,0.07216,0.10319,0.05,0.0,100,0.6,0.88235,,,-0.03,0.00793,-9e-05,-0.00916,0.00588,-0.02289,0.41491
854,874496,68.30863,108.57143,1.0,0.89,0.892355,-0.001882,0.008299,0.001991,0.1689,0.019913,0.973687,46.823875,19.871687,46.859184,21.272923,4.0,0.00021265,7,342,0.07221,0.09767,0.05,0.0,100,0.14286,0.91667,,,-0.03,0.00723,0.00063,-0.01069,0.01418,-0.02321,0.75547
855,875520,36.68882,258.2,0.6,0.88,0.857875,-0.002601,0.015653,0.002452,0.302523,0.023376,0.952431,47.257309,20.380323,45.725163,20.876368,4.0,0.00021255,5,322,0.08086,0.11206,0.05,0.0,100,0.4,0.86111,,,-0.03,0.01006,0.00047,-0.01244,0.00011,-0.01926,0.33403
856,876544,66.52494,144.25,1.0,0.88,0.715746,-0.001173,0.027041,0.00226,0.143644,0.019897,0.924465,42.276299,21.165821,41.896915,21.721334,4.0,0.00021245,4,380,0.07815,0.10613,0.05,0.0,100,0.5,1.0,,,-0.03,0.01025,-2e-05,-0.01156,0.00471,-0.01359,0.53279
857,877568,41.70108,263.16667,0.66667,0.87,0.930519,-0.002265,0.01447,0.001361,0.196875,0.01123,0.965998,44.431164,22.775339,43.561119,23.49078,4.0,0.00021235,6,342,0.07493,0.10012,0.05,0.0,100,0.33333,0.94737,,,-0.03,0.00862,0.00051,-0.01142,0.00866,-0.0294,0.42204
858,878592,65.93501,158.33333,1.0,0.87,1.019771,-0.003102,0.020498,0.002107,0.25007,0.019638,0.931058,48.029778,20.415485,46.714264,20.280651,4.0,0.00021224,3,336,0.07724,0.09996,0.05,0.0,100,0.33333,0.83333,,,-0.03,0.00762,0.00045,-0.01168,0.00538,-0.03509,0.3016
859,879616,42.4976,284.0,0.66667,0.86,0.839113,-0.002522,0.01543,0.001909,0.37741,0.01416,0.957242,38.395367,21.008217,36.199448,20.881088,4.0,0.00021214,3,367,0.07539,0.08884,0.06,0.0,100,0.33333,0.83333,,,-0.03,0.00686,0.00026,-0.01088,3e-05,-0.02929,0.24831
860,880640,44.24159,207.6,0.8,0.85,0.918236,-0.002855,0.020457,0.002662,0.260232,0.025757,0.942115,37.991978,20.267559,37.843277,21.73324,4.0,0.00021204,5,353,0.07657,0.0981,0.06,0.0,100,0.4,0.85714,,,-0.03,0.00749,0.00053,-0.01017,0.00767,-0.0254,0.42571
861,881664,47.65265,208.8,0.8,0.84,0.934515,-0.002963,0.010738,0.002403,0.226348,0.028259,0.975492,42.335762,22.844482,41.980598,23.402874,4.0,0.00021194,5,333,0.07404,0.09723,0.07,0.0,100,0.0,0.88889,,,-0.03,0.00711,0.00028,-0.01151,0.00908,-0.01364,0.42219
862,882688,42.29444,293.33333,0.66667,0.82,0.930212,-0.001576,0.017334,0.001918,0.139753,0.01561,0.929268,47.720104,17.311064,47.855953,17.817791,4.0,0.00021183,6,343,0.07349,0.10176,0.09,0.0,100,0.66667,0.7931,,,-0.03,0.00894,0.00037,-0.01115,0.0094,-0.01564,0.40981
863,883712,66.88542,154.2,1.0,0.83,0.818209,-0.002012,0.029956,0.002213,0.18472,0.022827,0.861666,46.245064,16.835878,45.75589,17.467451,4.0,0.00021173,5,360,0.07771,0.10402,0.09,0.0,100,0.2,1.0,,,-0.03,0.00815,0.0001,-0.00931,0.00504,-0.01735,0.58062
864,884736,67.74764,128.66667,1.0,0.86,0.905014,-0.00163,0.026607,0.001699,0.16546,0.017258,0.893027,45.044556,17.578012,45.315567,17.861984,4.0,0.00021163,6,342,0.07277,0.09794,0.07,0.0,100,0.16667,0.9,,,-0.03,0.01048,0.00031,-0.01042,0.00819,-0.01648,0.6382
865,885760,64.19916,224.33333,1.0,0.86,0.784757,-0.002826,0.014999,0.001792,0.14148,0.021164,0.940129,44.222382,17.888571,44.312714,17.960102,4.0,0.00021153,3,364,0.0724,0.09462,0.07,0.0,100,0.33333,0.93333,,,-0.03,0.01035,4e-05,-0.009,0.00715,-0.01405,0.35724
866,886784,49.0918,301.6,0.8,0.86,0.957811,-0.001723,0.026821,0.002349,0.126703,0.022354,0.844265,49.195099,14.149262,48.869034,15.021066,4.0,0.00021142,5,338,0.07542,0.10519,0.07,0.0,100,0.6,1.0,,,-0.03,0.00747,6e-05,-0.01404,0.00614,-0.01373,0.39361
867,887808,55.00392,179.42857,0.85714,0.86,0.928544,-0.002081,0.018481,0.002958,0.16902,0.028885,0.900309,49.89389,14.264395,49.642769,15.996789,4.0,0.00021132,7,344,0.07846,0.10743,0.07,0.0,100,0.28571,0.92,,,-0.03,0.00793,0.00036,-0.01085,0.00614,-0.01857,0.6127
868,888832,64.59915,194.5,1.0,0.86,1.103312,-0.002576,0.02047,0.00256,0.218548,0.031509,0.69097,54.661263,9.877358,55.924294,9.79946,4.0,0.00021122,8,312,0.07672,0.10632,0.07,0.0,100,0.375,0.85185,,,-0.03,0.00824,0.0003,-0.01133,0.00925,-0.02015,0.69311
869,889856,67.5661,129.66667,1.0,0.87,1.07884,-0.003148,0.01731,0.002909,0.164127,0.030106,0.796131,55.742905,9.465976,55.719788,10.353862,4.0,0.00021112,6,323,0.07432,0.10458,0.07,0.0,100,0.16667,1.0,,,-0.03,0.00712,0.00019,-0.01079,0.00723,-0.01663,0.53389
870,890880,66.30531,140.66667,1.0,0.88,0.933404,-0.002517,0.011234,0.003017,0.219121,0.025436,0.916729,52.185081,12.815057,53.203735,13.364179,4.0,0.00021101,6,345,0.07318,0.1009,0.06,0.0,100,0.16667,0.94444,,,-0.03,0.00751,0.00035,-0.0097,0.01039,-0.02218,0.60465
871,891904,56.27754,186.71429,0.85714,0.87,0.998313,-0.001585,0.024308,0.002495,0.14497,0.022934,0.829761,53.79303,11.621094,53.974174,13.833847,4.0,0.00021091,7,328,0.07231,0.1013,0.06,0.0,100,0.42857,0.89655,,,-0.03,0.00785,0.00054,-0.01106,0.00922,-0.02164,0.55035
872,892928,56.34894,142.28571,0.85714,0.87,1.117013,-0.002293,0.014954,0.002764,0.133817,0.02597,0.859203,58.194374,10.174785,57.985481,12.191791,4.0,0.00021081,7,317,0.07441,0.10521,0.06,0.0,100,0.42857,0.77778,,,-0.03,0.00629,0.00068,-0.01229,0.00891,-0.01325,0.51014
873,893952,67.58832,132.8,1.0,0.88,1.03246,-0.00269,0.012028,0.002771,0.152833,0.02446,0.876668,57.587452,10.83098,57.590401,11.301419,4.0,0.00021071,5,332,0.07814,0.10499,0.06,0.0,100,0.2,0.9,,,-0.03,0.00691,4e-05,-0.01143,0.0068,-0.01471,0.46008
874,894976,63.33915,191.75,1.0,0.89,0.989219,-0.001804,0.017746,0.002318,0.157385,0.015198,0.867002,54.847301,13.71303,55.283688,13.584294,4.0,0.0002106,8,339,0.0723,0.09517,0.05,0.0,100,0.25,1.0,,,-0.03,0.00695,0.00045,-0.01111,0.00506,-0.02797,0.7561
875,896000,68.38633,114.8,1.0,0.91,0.97016,-0.002994,0.009172,0.00185,0.16314,0.018036,0.94234,55.773563,13.724552,55.608181,14.230199,4.0,0.0002105,5,332,0.07796,0.11116,0.04,0.0,100,0.2,1.0,,,-0.03,0.00693,0.00031,-0.00998,0.00818,-0.01583,0.48574
876,897024,66.37117,152.0,1.0,0.92,0.884627,-0.001866,0.010378,0.001746,0.166558,0.020065,0.938524,54.983013,14.674043,55.603531,14.996117,4.0,0.0002104,6,341,0.07616,0.10671,0.03,0.0,100,0.33333,0.875,,,-0.03,0.00851,0.00073,-0.01067,0.01092,-0.01641,0.61138
877,898048,57.38021,186.0,0.85714,0.92,0.876522,-0.002336,0.007674,0.002619,0.171464,0.018677,0.955671,54.854374,14.326772,54.571999,14.951978,4.0,0.0002103,7,332,0.07287,0.10159,0.04,0.0,100,0.42857,0.93333,,,-0.03,0.00864,0.00072,-0.00945,0.00633,-0.0217,0.61969
878,899072,68.36542,119.6,1.0,0.93,0.873152,-0.003076,0.007996,0.002065,0.208066,0.022095,0.959053,52.726036,15.175807,51.93409,15.974535,4.0,0.0002102,5,345,0.076,0.0997,0.03,0.0,100,0.0,1.0,,,-0.03,0.00922,0.00069,-0.00897,0.00533,-0.01994,0.53355
879,900096,38.8203,243.33333,0.66667,0.93,0.777323,-0.001969,0.016368,0.001969,0.217935,0.016464,0.930069,49.992767,16.586121,48.405106,17.288145,4.0,0.00021009,3,369,0.07701,0.10428,0.02,0.0,100,0.66667,1.0,,,-0.03,0.01125,0.0001,-0.01124,0.00026,-0.01554,0.23596
880,901120,44.88978,246.57143,0.71429,0.92,0.985744,-0.000774,0.020677,0.00099,0.152001,0.00528,0.840792,54.589226,12.531999,55.278179,13.070919,4.0,0.00020999,7,335,0.07389,0.09614,0.02,0.0,100,0.42857,0.9375,,,-0.03,0.00974,0.00054,-0.01009,0.01218,-0.01667,0.46706
881,902144,66.8534,159.0,1.0,0.92,1.140216,-0.002395,0.010196,0.003255,0.177734,0.030853,0.762661,59.904243,7.611069,60.352924,7.55584,4.0,0.00020989,8,314,0.07404,0.09555,0.02,0.0,100,0.25,0.83333,,,-0.03,0.01004,0.00031,-0.01223,0.00971,-0.02729,0.66137
882,903168,68.56215,121.5,1.0,0.93,1.1352,-0.003244,0.007594,0.003317,0.221699,0.035034,0.828761,59.600571,6.628696,58.695545,8.057804,4.0,0.00020979,4,316,0.07885,0.09847,0.02,0.0,100,0.0,1.0,,,-0.03,0.00877,-7e-05,-0.00815,0.00818,-0.03704,0.35031
883,904192,66.81361,142.25,1.0,0.93,0.941126,-0.003657,0.010902,0.003184,0.271174,0.034607,0.916435,52.923218,12.287521,51.483856,12.975552,4.0,0.00020968,4,339,0.0855,0.11247,0.02,0.0,100,0.5,0.85714,,,-0.03,0.00814,-0.00041,-0.00939,-0.0024,-0.01526,0.41986
884,905216,46.90989,204.0,0.75,0.93,0.814916,-0.001185,0.021625,0.002058,0.256924,0.015472,0.911349,45.535347,17.723049,44.231827,18.947578,4.0,0.00020958,4,354,0.07932,0.09951,0.02,0.0,100,0.5,0.92857,,,-0.03,0.01035,-0.00103,-0.00995,0.00417,-0.02211,0.34409
885,906240,47.45945,204.75,0.75,0.91,1.0108,-0.003109,0.014621,0.002241,0.167609,0.024399,0.939786,52.162369,16.808031,51.653297,17.702551,4.0,0.00020948,8,311,0.0795,0.10474,0.03,0.0,100,0.375,0.94444,,,-0.03,0.00933,0.0004,-0.01176,0.00629,-0.01593,0.56561
886,907264,40.48655,222.71429,0.71429,0.89,0.988809,-0.002339,0.009619,0.002228,0.148524,0.022552,0.949148,55.528667,14.938654,55.025024,16.324888,4.0,0.00020938,7,323,0.07627,0.10249,0.04,0.0,100,0.28571,0.8913,,,-0.03,0.00975,0.00032,-0.01324,0.00948,-0.0175,0.47065
887,908288,66.62797,152.0,1.0,0.89,0.979777,-0.001878,0.015376,0.002026,0.185442,0.013885,0.819786,58.546967,9.393181,57.61121,10.333587,4.0,0.00020927,6,340,0.08263,0.11058,0.04,0.0,100,0.33333,0.8,,,-0.03,0.00853,-0.00018,-0.00865,0.00397,-0.0152,0.59765
888,909312,65.85288,161.0,1.0,0.9,0.789232,-0.00269,0.01153,0.001842,0.198132,0.018646,0.942243,50.317009,15.088998,49.337856,15.85068,4.0,0.00020917,4,364,0.07718,0.104,0.04,0.0,100,0.25,0.8,,,-0.03,0.00987,-4e-05,-0.01163,0.00012,-0.0118,0.48358
889,910336,64.05992,246.5,1.0,0.9,0.814508,-0.001494,0.021099,0.002467,0.143077,0.026154,0.899547,46.393501,17.589039,46.395927,17.543844,4.0,0.00020907,4,361,0.08072,0.10366,0.04,0.0,100,1.0,0.92308,,,-0.03,0.00844,-0.00049,-0.01046,0.00606,-0.01321,0.4573
890,911360,67.32235,140.5,1.0,0.91,0.775794,-0.002347,0.015304,0.001629,0.139431,0.012909,0.949725,45.379501,19.258417,45.072414,19.669535,4.0,0.00020897,4,364,0.08087,0.11222,0.04,0.0,100,0.0,0.88889,,,-0.03,0.00874,0.0,-0.01124,0.00596,-0.01138,0.48825
891,912384,30.33882,312.5,0.5,0.89,0.819144,-0.001922,0.01175,0.001581,0.208876,0.015991,0.952226,49.309807,17.290747,48.127853,17.969326,4.0,0.00020886,4,363,0.07587,0.10157,0.05,0.0,100,0.5,0.89474,,,-0.03,0.00883,0.00016,-0.00993,0.00365,-0.01381,0.23414
892,913408,57.43047,187.33333,0.88889,0.88,1.123363,-0.001695,0.02145,0.002933,0.205205,0.022186,0.74935,55.671154,9.94577,56.733299,10.832593,4.0,0.00020876,9,302,0.07222,0.09809,0.05,0.0,100,0.66667,0.95652,,,-0.03,0.00879,0.00044,-0.00857,0.01403,-0.02579,0.68043
893,914432,68.62218,114.5,1.0,0.88,1.095325,-0.002716,0.007689,0.002627,0.175894,0.026031,0.853246,57.2873,6.944596,57.309105,8.549516,4.0,0.00020866,8,321,0.07492,0.10436,0.05,0.0,100,0.0,0.81818,,,-0.03,0.00872,-0.00021,-0.00987,0.00513,-0.01659,0.70168
894,915456,47.9619,184.5,0.75,0.87,1.020861,-0.002426,0.020404,0.00245,0.226318,0.023209,0.872179,52.949577,12.585836,51.707748,14.38435,4.0,0.00020856,4,336,0.07841,0.10343,0.05,0.0,100,0.5,0.90909,,,-0.03,0.00877,-0.00023,-0.01038,0.00585,-0.02316,0.28286
895,916480,32.33442,347.66667,0.66667,0.86,0.882633,-0.002938,0.019313,0.002314,0.289517,0.024597,0.844169,53.5494,12.288482,51.789635,12.590437,4.0,0.00020845,3,353,0.08174,0.10762,0.06,0.01,100,0.0,0.85,,,-0.03,0.00848,0.00026,-0.01046,-0.00325,-0.02237,0.20763
896,917504,41.90538,179.66667,0.66667,0.85,0.72048,-0.002004,0.022438,0.001416,0.380592,0.015732,0.917689,45.533211,16.798632,43.468056,19.091808,4.0,0.00020835,6,367,0.07161,0.106,0.05,0.01,100,0.83333,0.8,,,-0.03,0.01173,0.00014,-0.00807,0.00411,-0.01886,0.51294
897,918528,53.96758,170.16667,0.83333,0.85,0.8358,-0.001264,0.030191,0.001427,0.210021,0.007797,0.869993,47.965294,17.022043,47.432037,17.697914,4.0,0.00020825,6,348,0.07022,0.1022,0.05,0.01,100,0.5,1.0,,,-0.03,0.00962,0.00097,-0.0083,0.00429,-0.01604,0.55506
898,919552,36.19393,218.57143,0.57143,0.84,0.926719,-0.001753,0.016528,0.002313,0.219314,0.013931,0.921812,50.929821,15.81989,50.078743,18.156061,4.0,0.00020815,7,335,0.07242,0.10173,0.05,0.01,100,0.42857,0.83333,,,-0.03,0.01016,0.00072,-0.00875,0.00758,-0.02122,0.38817
899,920576,68.55688,122.4,1.0,0.84,0.946472,-0.002801,0.024797,0.00236,0.23912,0.017532,0.866722,53.038925,14.029931,51.89502,15.292186,4.0,0.00020804,5,326,0.07126,0.09995,0.05,0.01,100,0.2,1.0,,,-0.03,0.01174,0.00044,-0.00581,0.00341,-0.01654,0.49201
900,921600,55.45533,188.71429,0.85714,0.83,0.85956,-0.001414,0.040632,0.001547,0.137542,0.012924,0.857434,48.611958,19.108761,49.068695,19.475941,4.0,0.00020794,7,349,0.06924,0.10086,0.05,0.01,100,0.57143,0.91667,,,-0.03,0.00911,0.00039,-0.00592,0.00722,-0.02211,0.63907
901,922624,68.70127,120.5,1.0,0.83,0.87377,-0.002487,0.010983,0.002492,0.155831,0.021683,0.95235,52.446487,16.510611,52.396084,17.27387,4.0,0.00020784,6,350,0.07147,0.10295,0.05,0.01,100,0.16667,1.0,,,-0.03,0.00748,0.00054,-0.00627,0.01064,-0.01601,0.63672
902,923648,66.78573,178.4,1.0,0.85,0.847869,-0.001742,0.022302,0.00173,0.158659,0.016006,0.905565,50.13467,18.179796,50.5914,17.993168,4.0,0.00020774,5,345,0.07177,0.09729,0.05,0.01,100,0.2,0.85714,,,-0.03,0.01065,0.00039,-0.00634,0.00679,-0.01731,0.51097
903,924672,57.67587,211.5,0.875,0.86,0.875385,-0.001192,0.020946,0.001631,0.29664,0.016418,0.902672,50.682022,17.508307,52.387794,17.612122,4.0,0.00020764,8,338,0.06884,0.10027,0.04,0.01,100,0.5,0.78571,,,-0.03,0.01208,0.00052,-0.0079,0.00941,-0.02346,0.70215
904,925696,69.42092,112.6,1.0,0.87,1.11838,-0.00278,0.007916,0.001864,0.218643,0.015747,0.775636,60.590897,5.832385,60.339752,6.588581,4.0,0.00020753,5,310,0.07008,0.09948,0.04,0.01,100,0.2,1.0,,,-0.03,0.01046,0.00032,-0.0058,0.00818,-0.01557,0.41679
905,926720,53.30628,147.0,0.8,0.86,0.807189,-0.001528,0.020587,0.001793,0.328299,0.018509,0.839087,54.764008,10.764923,52.729191,13.166335,4.0,0.00020743,5,364,0.07207,0.10537,0.04,0.01,100,0.2,0.66667,,,-0.03,0.00821,0.00059,-0.00665,0.00313,-0.02175,0.47176
906,927744,54.29653,178.14286,0.85714,0.85,1.039502,-0.001694,0.011713,0.001462,0.160192,0.013855,0.919587,56.636513,13.005186,57.106346,13.840734,4.0,0.00020733,7,315,0.06923,0.09744,0.04,0.01,100,0.28571,0.77778,,,-0.03,0.01147,0.00061,-0.00589,0.01245,-0.01866,0.52242
907,928768,68.50005,138.16667,1.0,0.85,0.887721,-0.002815,0.010933,0.003103,0.202387,0.037704,0.948764,55.075771,16.062824,54.620914,16.404545,4.0,0.00020723,6,350,0.07518,0.10888,0.04,0.01,100,0.16667,0.77778,,,-0.03,0.0087,0.00024,-0.00724,0.00579,-0.01631,0.65302
908,929792,54.02095,236.16667,0.83333,0.87,0.855134,-0.002025,0.014122,0.002269,0.153985,0.024078,0.910927,54.02713,13.868688,53.912502,14.278256,4.0,0.00020712,6,351,0.07499,0.10704,0.04,0.01,100,0.66667,0.78571,,,-0.03,0.00903,0.00031,-0.00836,0.0056,-0.0222,0.54352
909,930816,68.93406,107.0,1.0,0.87,0.963955,-0.002709,0.005985,0.002408,0.238076,0.0233,0.964865,56.011936,13.922791,54.738995,14.320592,4.0,0.00020702,2,350,0.07656,0.10706,0.04,0.01,100,0.0,1.0,,,-0.03,0.00746,-0.00032,-0.00668,0.00835,-0.01491,0.21284
910,931840,64.43675,195.5,1.0,0.87,0.89746,-0.001782,0.010703,0.001696,0.19438,0.016495,0.947841,49.70005,16.562048,48.758114,16.739807,4.0,0.00020692,4,359,0.08034,0.10075,0.04,0.01,100,0.25,1.0,,,-0.03,0.00641,2e-05,-0.01148,0.00351,-0.02432,0.45087
911,932864,39.71756,367.33333,0.66667,0.86,0.918138,-0.00308,0.007765,0.002001,0.226755,0.016617,0.954916,51.350712,14.337792,50.103233,14.795431,4.0,0.00020682,3,351,0.08039,0.10467,0.05,0.01,100,0.33333,0.88889,,,-0.03,0.0084,3e-05,-0.00881,0.00042,-0.01847,0.20865
912,933888,51.57586,240.0,0.8,0.85,0.905582,-0.002944,0.006862,0.002682,0.197869,0.028198,0.967097,48.808998,16.009632,48.440975,17.21203,4.0,0.00020671,5,344,0.07781,0.09893,0.06,0.01,100,0.8,0.66667,,,-0.03,0.00821,0.00025,-0.00761,0.00661,-0.01546,0.41675
913,934912,53.56629,217.2,0.8,0.86,0.9638,-0.002462,0.00939,0.002174,0.168604,0.018494,0.964538,50.109989,18.278151,49.703442,19.288351,4.0,0.00020661,5,327,0.07778,0.09742,0.06,0.01,100,0.2,0.9,,,-0.03,0.01064,0.00032,-0.00496,0.01343,-0.01587,0.39838
914,935936,48.22985,213.0,0.8,0.86,0.851071,-0.002516,0.008201,0.002406,0.22663,0.021103,0.974452,50.947098,20.102985,49.829121,20.307953,4.0,0.00020651,5,352,0.08281,0.10959,0.07,0.01,100,0.4,0.64286,,,-0.03,0.00912,-6e-05,-0.00489,0.0014,-0.01739,0.43697
915,936960,64.59926,218.42857,1.0,0.88,0.977609,-0.001357,0.023552,0.002075,0.154443,0.023178,0.732007,55.32518,13.660933,55.680897,12.23375,4.0,0.00020641,7,335,0.0746,0.10163,0.07,0.01,100,0.71429,0.82353,,,-0.03,0.00951,0.00024,-0.0077,0.0071,-0.01804,0.64474
916,937984,67.1618,135.25,1.0,0.89,0.864359,-0.002403,0.011769,0.002388,0.19456,0.021561,0.891842,53.47897,11.581511,52.868126,11.866571,4.0,0.0002063,4,354,0.07525,0.10216,0.07,0.0,100,0.25,1.0,,,-0.03,0.01034,0.00039,-0.00744,0.00872,-0.01499,0.4346
917,939008,55.9253,213.42857,0.85714,0.9,1.020473,-0.002073,0.009361,0.002453,0.214661,0.01741,0.889861,55.371342,10.702833,55.778328,11.308584,4.0,0.0002062,7,323,0.07101,0.0934,0.07,0.0,100,0.71429,0.78571,,,-0.03,0.00927,0.00023,-0.00576,0.01413,-0.01801,0.53976
918,940032,69.10236,119.28571,1.0,0.9,0.971743,-0.003157,0.007487,0.002699,0.20568,0.025055,0.916633,57.245941,10.018719,57.083244,10.741837,4.0,0.0002061,7,329,0.07448,0.10735,0.07,0.0,100,0.42857,0.83333,,,-0.03,0.01002,-0.00025,-0.00608,0.00338,-0.01367,0.66884
919,941056,51.45149,274.2,0.8,0.9,0.65924,-0.001982,0.011367,0.00198,0.152691,0.019669,0.84266,53.307316,10.026416,52.907822,10.061213,4.0,0.000206,5,379,0.07631,0.10672,0.08,0.0,100,0.8,0.94737,,,-0.03,0.01287,-0.00076,-0.00776,5e-05,-0.0188,0.52555
920,942080,56.33765,159.85714,0.85714,0.89,1.013378,-0.001405,0.029992,0.003763,0.191436,0.026428,0.501097,58.476841,5.719847,57.52343,9.121292,4.0,0.00020589,7,317,0.07317,0.10538,0.08,0.0,100,0.71429,0.94118,,,-0.03,0.00984,0.00017,-0.00766,0.00258,-0.01966,0.51007
921,943104,51.59717,166.8,0.8,0.88,0.766544,-0.000934,0.027965,0.001071,0.272262,0.007935,0.736757,54.845596,9.576576,53.25462,11.9523,4.0,0.00020579,5,359,0.08427,0.11484,0.08,0.0,100,0.4,0.75,,,-0.03,0.01098,-0.00046,-0.00673,0.00565,-0.01532,0.46899
922,944128,55.18924,166.83333,0.83333,0.88,0.875615,-0.001414,0.01988,0.002199,0.190725,0.011108,0.897495,52.230919,14.087137,51.436005,16.211966,4.0,0.00020569,6,340,0.07332,0.10253,0.07,0.0,100,0.5,1.0,,,-0.03,0.01022,-0.00077,-0.00795,0.0044,-0.01656,0.50688
923,945152,55.7599,133.66667,0.83333,0.87,0.821172,-0.00124,0.018188,0.00106,0.203563,0.009491,0.924905,50.799248,17.400845,50.215843,19.189053,4.0,0.00020559,6,351,0.07498,0.09934,0.07,0.0,100,0.5,0.77778,,,-0.03,0.0092,-0.00017,-0.00746,0.01521,-0.01861,0.54499
924,946176,56.74394,213.85714,0.85714,0.88,0.821762,-0.002184,0.016662,0.002483,0.14704,0.021805,0.924504,51.923672,17.054003,52.166973,17.082928,4.0,0.00020548,7,344,0.0728,0.09789,0.08,0.0,100,0.28571,0.88235,,,-0.03,0.01145,0.00019,-0.00862,0.00607,-0.01674,0.62912
925,947200,68.43363,124.0,1.0,0.88,1.035984,-0.002079,0.007428,0.002542,0.164457,0.026749,0.932447,57.311779,11.165185,57.837532,11.982499,4.0,0.00020538,7,324,0.07334,0.10047,0.08,0.0,100,0.28571,0.81818,,,-0.03,0.00917,-0.00073,-0.00952,0.01178,-0.01652,0.63027
926,948224,68.1726,139.66667,1.0,0.89,0.925762,-0.003292,0.00683,0.002679,0.182195,0.030685,0.960818,56.531017,14.333557,56.479347,14.858437,4.0,0.00020528,6,342,0.07781,0.10571,0.07,0.0,100,0.16667,0.94118,,,-0.03,0.00868,-0.00064,-0.00831,0.00859,-0.01636,0.60475
927,949248,54.63818,150.16667,0.83333,0.88,0.937567,-0.001913,0.013905,0.002464,0.223442,0.023804,0.939289,53.375069,17.014277,52.558395,18.674295,4.0,0.00020518,6,334,0.07297,0.09206,0.07,0.0,100,0.66667,1.0,,,-0.03,0.00958,-0.00087,-0.00928,0.01465,-0.02102,0.49872
928,950272,60.13987,176.66667,0.88889,0.89,1.088623,-0.001799,0.010392,0.001405,0.181955,0.004868,0.884199,58.806549,11.095919,59.200027,11.251373,4.0,0.00020508,9,313,0.07125,0.09509,0.06,0.0,100,0.44444,1.0,,,-0.03,0.0105,-0.00063,-0.0072,0.0072,-0.02319,0.66382
929,951296,69.0975,123.4,1.0,0.9,0.833029,-0.002303,0.013733,0.002207,0.256844,0.015228,0.886552,56.382759,11.496778,54.834076,12.451275,4.0,0.00020497,5,348,0.07766,0.10547,0.05,0.0,100,0.2,1.0,,,-0.03,0.0111,-0.00052,-0.00665,0.00152,-0.01198,0.5539
930,952320,51.59448,169.6,0.8,0.9,0.74784,-0.001519,0.016029,0.001511,0.170412,0.011429,0.911429,51.670975,14.222053,50.881493,15.259224,4.0,0.00020487,5,361,0.07875,0.10759,0.04,0.0,100,0.6,1.0,,,-0.03,0.01057,-0.00053,-0.00694,0.00702,-0.02575,0.47664
931,953344,52.13638,175.8,0.8,0.89,0.719386,-0.001022,0.014627,0.001321,0.19074,0.010651,0.955207,46.836304,19.368746,45.827545,20.723612,4.0,0.00020477,5,366,0.08471,0.10248,0.04,0.0,100,0.6,0.91667,,,-0.03,0.01138,-0.00026,-0.00725,0.00686,-0.01928,0.48854
932,954368,37.74265,232.6,0.6,0.87,0.802398,-0.002091,0.016148,0.002104,0.265336,0.018295,0.949266,46.783607,20.759884,45.344009,21.691467,4.0,0.00020467,5,358,0.09949,0.11933,0.05,0.0,100,0.4,0.66667,,,-0.03,0.01101,-0.00016,-0.00542,0.01233,-0.02904,0.34887
933,955392,55.25379,217.0,0.83333,0.86,0.932863,-0.0025,0.01375,0.003175,0.173134,0.032303,0.940656,51.658333,16.881145,51.892014,17.421551,4.0,0.00020456,6,338,0.0812,0.09984,0.06,0.0,100,0.16667,0.93333,,,-0.03,0.00985,-1e-05,-0.00781,0.01221,-0.01566,0.49772
934,956416,66.2321,169.85714,1.0,0.87,1.068401,-0.001398,0.022961,0.001958,0.222491,0.017273,0.583942,57.893486,10.96305,58.852886,9.173054,4.0,0.00020446,7,315,0.07673,0.10201,0.05,0.0,100,0.57143,1.0,,,-0.03,0.00903,0.00038,-0.00931,0.00691,-0.01684,0.60042
935,957440,68.49242,114.0,1.0,0.88,0.953113,-0.002145,0.012046,0.00202,0.20812,0.017563,0.871759,57.595245,9.598902,56.84367,10.641414,4.0,0.00020436,6,334,0.07764,0.1027,0.04,0.0,100,0.5,1.0,,,-0.03,0.00782,0.00079,-0.01052,0.00628,-0.01638,0.59279
936,958464,56.71566,185.75,0.875,0.88,0.914601,-0.001224,0.023298,0.002639,0.13416,0.021576,0.813679,55.645214,11.26599,55.616478,12.940454,4.0,0.00020426,8,336,0.07497,0.09915,0.04,0.0,100,0.5,0.90909,,,-0.03,0.0083,0.00049,-0.00849,0.00879,-0.02108,0.66657
937,959488,69.63849,112.0,1.0,0.88,0.864083,-0.003388,0.013167,0.00237,0.226788,0.026825,0.923598,56.031601,14.047374,54.777641,14.518183,4.0,0.00020415,2,348,0.07875,0.1039,0.04,0.0,100,0.0,0.5,,,-0.03,0.00714,0.00034,-0.00698,0.00467,-0.01231,0.21776
938,960512,47.0732,199.25,0.75,0.88,0.825868,-0.000908,0.020386,0.001584,0.256502,0.015732,0.931114,51.06358,18.537441,49.09256,19.238123,4.0,0.00020405,4,364,0.07696,0.09064,0.04,0.0,100,0.75,0.83333,,,-0.03,0.00563,-3e-05,-0.00799,0.00086,-0.02423,0.34713
939,961536,68.43897,112.0,1.0,0.88,0.851355,-0.002737,0.007646,0.001618,0.232182,0.016296,0.969572,48.400681,18.273548,47.115295,18.034904,4.0,0.00020395,2,365,0.0771,0.08519,0.04,0.0,100,0.5,0.0,,,-0.03,0.00759,0.00023,-0.00542,0.0022,-0.01763,0.23444
940,962560,35.3833,338.8,0.6,0.87,0.904253,-0.001624,0.009519,0.001721,0.19293,0.013596,0.950283,45.930729,15.920039,45.017155,16.118883,4.0,0.00020385,5,355,0.07441,0.09002,0.06,0.0,100,0.8,1.0,,,-0.03,0.00801,0.00065,-0.00678,0.00181,-0.02434,0.31743
941,963584,35.0096,298.5,0.66667,0.86,0.904286,-0.002024,0.008833,0.002016,0.149786,0.014389,0.935233,51.061268,12.61076,50.939404,13.576709,4.0,0.00020374,6,335,0.07856,0.10748,0.08,0.0,100,0.5,0.875,,,-0.03,0.00895,0.001,-0.00747,0.0046,-0.02,0.40541
942,964608,58.19544,189.0,0.85714,0.86,0.88426,-0.002551,0.008806,0.002619,0.146467,0.023575,0.943138,52.207565,13.512968,52.372948,14.597134,4.0,0.00020364,7,336,0.07424,0.10513,0.08,0.0,100,0.14286,0.8,,,-0.03,0.0099,0.00083,-0.00679,0.01042,-0.02132,0.59701
943,965632,68.33192,114.6,1.0,0.86,0.842965,-0.00216,0.012035,0.001458,0.147822,0.01326,0.910958,52.467361,13.040036,52.42498,13.984438,4.0,0.00020354,5,347,0.07598,0.09914,0.08,0.0,100,0.4,0.66667,,,-0.03,0.01171,0.00014,-0.00378,0.00526,-0.01834,0.5369
944,966656,42.56351,187.33333,0.66667,0.85,0.619003,-0.001605,0.015239,0.00098,0.272949,0.006287,0.931058,49.645096,16.249861,47.789532,17.249594,4.0,0.00020344,3,384,0.08444,0.10639,0.08,0.0,100,0.33333,1.0,,,-0.03,0.01131,0.00023,-0.00447,-0.00447,-0.01453,0.28266
945,967680,54.59179,230.33333,0.83333,0.84,0.8134,-0.001193,0.013881,0.001518,0.128762,0.011017,0.944447,48.45002,17.327471,48.897175,18.185793,4.0,0.00020333,6,353,0.07858,0.09836,0.09,0.0,100,0.66667,0.8,,,-0.03,0.01038,0.00036,-0.00671,0.0099,-0.0263,0.54068
946,968704,67.98837,122.2,1.0,0.85,0.81513,-0.003182,0.006925,0.001674,0.161244,0.017685,0.972643,50.007557,17.657629,49.812119,18.373192,4.0,0.00020323,5,349,0.08013,0.10637,0.09,0.0,100,0.2,0.5,,,-0.03,0.01069,0.00026,-0.00793,0.00413,-0.01635,0.54939
947,969728,38.85204,297.33333,0.66667,0.84,0.798905,-0.001227,0.025796,0.00172,0.266043,0.017822,0.805828,55.01651,12.953733,53.965599,14.226628,4.0,0.00020313,6,351,0.07416,0.10041,0.08,0.0,100,0.5,0.78571,,,-0.03,0.00901,0.00085,-0.00465,0.00545,-0.01936,0.4134
948,970752,58.0164,161.5,0.875,0.84,1.038346,-0.001454,0.024627,0.001559,0.115196,0.00914,0.738306,57.865337,9.512961,58.129673,11.292958,4.0,0.00020303,8,303,0.07544,0.09665,0.08,0.0,100,0.25,0.78571,,,-0.03,0.01099,0.00039,-0.00573,0.01079,-0.02317,0.58566
949,971776,68.99002,119.2,1.0,0.84,0.843016,-0.002936,0.024208,0.001932,0.273688,0.018402,0.827877,52.389381,12.439309,50.618473,13.305139,4.0,0.00020292,5,343,0.09024,0.12224,0.08,0.0,100,0.2,0.69231,,,-0.03,0.00951,-0.00064,-0.00577,-0.00116,-0.01982,0.54783
950,972800,52.11578,172.4,0.8,0.84,0.748102,-0.002392,0.017138,0.001894,0.157374,0.017502,0.913825,47.450714,15.289695,47.223724,15.98711,4.0,0.00020282,5,366,0.07378,0.09928,0.08,0.0,100,0.2,0.84615,,,-0.03,0.00756,-0.00056,-0.00945,0.00589,-0.01476,0.47761
951,973824,39.70205,211.33333,0.66667,0.84,0.848753,-0.001293,0.023403,0.001379,0.149947,0.012482,0.896062,51.998665,15.409463,51.746662,17.758011,4.0,0.00020272,6,341,0.06628,0.08334,0.07,0.0,100,0.5,0.90323,,,-0.03,0.01335,0.00042,-0.00515,0.01244,-0.02133,0.38556
952,974848,69.52556,121.57143,1.0,0.85,0.958915,-0.002722,0.010173,0.002401,0.153929,0.022797,0.925896,56.949684,12.867715,57.093124,13.265739,4.0,0.00020262,7,322,0.0661,0.08758,0.06,0.0,100,0.14286,0.71429,,,-0.03,0.01222,4e-05,-0.0051,0.01142,-0.02036,0.61634
953,975872,57.00041,201.28571,0.85714,0.84,0.928224,-0.002228,0.008197,0.002361,0.170198,0.024536,0.9417,54.648125,13.059743,54.454964,13.423079,4.0,0.00020252,7,336,0.06804,0.09459,0.07,0.0,100,0.42857,0.94118,,,-0.03,0.01032,-0.00051,-0.00544,0.00487,-0.02017,0.58578
954,976896,66.85942,162.0,1.0,0.84,0.913017,-0.001442,0.020221,0.002069,0.197827,0.022598,0.838698,55.577686,12.63325,54.491566,12.740971,4.0,0.00020241,3,351,0.07383,0.09759,0.07,0.0,100,0.66667,0.66667,,,-0.03,0.0081,-0.00062,-0.00501,0.00336,-0.01619,0.31368
955,977920,66.27015,148.25,1.0,0.84,0.895214,-0.001767,0.007935,0.001765,0.158653,0.017273,0.945444,52.03936,13.550529,51.486137,13.965474,4.0,0.00020231,4,337,0.07219,0.08057,0.07,0.0,100,0.5,0.92308,,,-0.03,0.00809,1e-05,-0.00534,0.00827,-0.02396,0.42192
956,978944,46.1352,439.0,1.0,0.84,0.820274,-0.002713,0.006159,0.001898,0.251599,0.016769,0.959759,48.614967,14.244114,47.292614,13.871334,4.0,0.00020221,1,371,0.0796,0.09108,0.07,0.0,100,0.0,1.0,,,-0.03,0.00961,0.00046,-0.00465,0.00304,-0.01223,0.10738
957,979968,30.42575,376.25,0.5,0.83,0.804293,-0.001905,0.007909,0.002732,0.217957,0.032074,0.9427,45.977394,13.794341,44.915146,13.548513,4.0,0.00020211,4,382,0.07593,0.08672,0.09,0.0,100,1.0,0.85714,,,-0.03,0.00683,-0.00028,-0.00435,0.00395,-0.01723,0.24922
958,980992,43.23885,316.5,0.75,0.83,1.055875,-0.002132,0.010149,0.003046,0.160836,0.024384,0.866908,52.340919,9.775447,52.056618,9.971615,4.0,0.000202,4,335,0.07673,0.09391,0.1,0.0,100,1.0,0.8,,,-0.03,0.00768,-0.00051,-0.00573,0.00488,-0.01513,0.27387
959,982016,44.22084,324.5,0.75,0.82,0.974715,-0.001458,0.010791,0.002364,0.158131,0.025803,0.812327,53.115265,9.024055,52.574745,8.992785,4.0,0.0002019,4,340,0.07309,0.08754,0.11,0.0,100,0.5,1.0,,,-0.03,0.00958,0.00037,-0.00595,0.0063,-0.01897,0.27701
960,983040,63.25648,188.2,1.0,0.84,1.024022,-0.002393,0.013491,0.002893,0.181166,0.02594,0.805579,53.205925,8.940045,53.048008,9.565968,4.0,0.0002018,5,336,0.0743,0.08814,0.09,0.0,100,0.2,0.71429,,,-0.03,0.00823,-0.00028,-0.00756,0.00747,-0.02787,0.4517
961,984064,50.09828,276.0,0.83333,0.85,1.11635,-0.002104,0.013378,0.003151,0.213017,0.031769,0.198502,57.607544,5.302973,57.558006,5.013877,4.0,0.0002017,6,315,0.07262,0.08707,0.08,0.0,100,0.5,0.67857,,,-0.03,0.00931,9e-05,-0.00711,0.00838,-0.01644,0.41938
962,985088,69.98355,109.75,1.0,0.86,1.056604,-0.003323,0.008244,0.003598,0.20855,0.035324,0.709393,56.071476,4.623931,55.51342,5.993681,4.0,0.00020159,4,317,0.06843,0.08458,0.07,0.0,100,0.0,0.71429,,,-0.03,0.0118,-0.00037,-0.00506,0.00733,-0.02153,0.35545
963,986112,66.74639,148.16667,1.0,0.86,0.963426,-0.001784,0.007997,0.003005,0.203396,0.031082,0.789821,53.941875,6.392898,54.35004,7.626206,4.0,0.00020149,6,337,0.07187,0.08276,0.07,0.0,100,0.33333,0.89474,,,-0.03,0.00929,-0.00052,-0.00758,0.00599,-0.02538,0.57172
964,987136,43.94801,244.25,0.75,0.86,0.981368,-0.003735,0.005292,0.003446,0.219317,0.045319,0.908314,53.725689,7.816802,53.346664,8.728602,4.0,0.00020139,4,337,0.06888,0.08608,0.08,0.0,100,0.0,0.875,,,-0.03,0.00951,-0.00018,-0.00705,0.00498,-0.01917,0.281
965,988160,39.64379,302.0,0.66667,0.85,0.913135,-0.002514,0.007742,0.002636,0.182783,0.025543,0.829075,54.882805,6.821042,54.800243,7.693089,4.0,0.00020129,6,338,0.08762,0.10735,0.09,0.0,100,0.33333,0.85,,,-0.03,0.01003,-0.00033,-0.00941,0.00355,-0.02409,0.39923
966,989184,68.35596,110.0,1.0,0.85,0.810002,-0.002145,0.008233,0.001994,0.181441,0.017014,0.859836,54.686409,8.246328,54.364201,9.239165,4.0,0.00020118,3,351,0.08417,0.10796,0.09,0.0,100,0.33333,0.75,,,-0.03,0.01055,1e-05,-0.00704,0.01124,-0.0145,0.3381
967,990208,40.67734,197.16667,0.66667,0.84,0.795337,-0.001226,0.036269,0.002446,0.230908,0.025299,0.632467,54.219337,8.762426,52.940136,11.929886,4.0,0.00020108,6,344,0.07442,0.10264,0.09,0.0,100,0.33333,0.89286,,,-0.03,0.01367,-0.00032,-0.00527,-3e-05,-0.01884,0.42043
968,991232,63.68111,260.4,1.0,0.86,0.67639,-0.002378,0.010088,0.001652,0.166694,0.017731,0.88292,54.143444,10.295477,54.027687,10.616034,4.0,0.00020098,5,372,0.07193,0.08434,0.09,0.0,100,0.6,0.84615,,,-0.03,0.01256,-0.00075,-0.00436,0.00525,-0.01467,0.60435
969,992256,68.17125,159.0,1.0,0.86,0.853894,-0.001647,0.012646,0.001877,0.157319,0.020569,0.841631,54.800724,10.491502,54.447178,10.237516,4.0,0.00020088,3,334,0.06867,0.0853,0.09,0.0,100,0.66667,0.875,,,-0.03,0.01175,0.00057,-0.00194,0.00553,-0.01611,0.30612
970,993280,63.60153,213.75,1.0,0.86,0.83627,-0.001935,0.010821,0.002841,0.16918,0.029633,0.62367,54.253605,6.787093,54.016525,6.465549,4.0,0.00020077,4,352,0.06609,0.0793,0.09,0.0,100,1.0,0.625,,,-0.03,0.01086,8e-05,-0.00693,0.00195,-0.02633,0.41969
971,994304,49.89619,313.16667,0.83333,0.86,0.899979,-0.002565,0.00826,0.002312,0.213935,0.023544,0.51834,57.136158,4.602642,57.1973,4.839562,4.0,0.00020067,6,338,0.07004,0.07903,0.1,0.0,100,0.83333,0.875,,,-0.03,0.01139,0.00013,-0.00574,0.00962,-0.02153,0.44227
972,995328,67.66303,128.0,1.0,0.88,0.923766,-0.002785,0.007894,0.002579,0.212954,0.02829,0.656494,57.741501,4.250581,57.506195,5.369844,4.0,0.00020057,6,333,0.06412,0.08094,0.1,0.0,100,0.33333,0.75,,,-0.03,0.01203,0.00043,-0.00667,0.00807,-0.02402,0.54656
973,996352,47.72562,160.25,0.75,0.87,0.881695,-0.00082,0.022352,0.001695,0.220034,0.013657,0.542231,56.388222,4.912161,54.938614,8.226373,4.0,0.00020047,4,341,0.06671,0.0826,0.1,0.0,100,0.5,1.0,,,-0.03,0.01127,0.00028,-0.00621,0.00742,-0.01426,0.28776
974,997376,46.77759,289.5,0.75,0.86,0.858252,-0.002677,0.006425,0.002253,0.206577,0.019608,0.770489,55.998657,5.335807,55.402775,5.987845,4.0,0.00020036,4,348,0.06969,0.07908,0.11,0.0,100,0.0,0.69697,,,-0.03,0.01097,-0.00073,-0.00543,0.005,-0.02276,0.29504
975,998400,56.88923,206.28571,0.85714,0.86,0.936988,-0.002503,0.008281,0.002164,0.183952,0.018845,0.800111,55.074684,5.882567,55.460976,7.573021,4.0,0.00020026,7,325,0.07286,0.08444,0.11,0.0,100,0.0,0.87097,,,-0.03,0.01195,-6e-05,-0.00844,0.01028,-0.02391,0.5393
976,999424,68.48458,136.25,1.0,0.86,0.871535,-0.002552,0.009873,0.002431,0.19354,0.023361,0.847813,54.481949,8.065044,53.993896,9.126908,4.0,0.00020016,4,338,0.07045,0.09158,0.11,0.0,100,0.25,0.66667,,,-0.03,0.00998,0.0006,-0.00463,0.00765,-0.02856,0.40017
977,1000448,45.2267,238.2,0.8,0.85,0.84755,-0.002334,0.009362,0.001892,0.172869,0.017365,0.896254,52.269974,10.649487,52.167267,11.545554,4.0,0.00020006,5,348,0.07067,0.0826,0.12,0.0,100,0.8,0.94444,,,-0.03,0.00983,-0.00027,-0.00707,0.00512,-0.0326,0.41417
978,1001472,48.7405,238.75,0.75,0.86,0.909265,-0.003025,0.0067,0.002306,0.197313,0.021469,0.928005,52.916962,10.35002,52.541046,11.082552,4.0,0.00019996,4,339,0.07344,0.0895,0.11,0.0,100,0.25,0.94118,,,-0.03,0.01201,0.00045,-0.00609,0.00435,-0.02062,0.29046
979,1002496,65.77062,224.0,1.0,0.87,0.868761,-0.001333,0.01625,0.002123,0.124971,0.018906,0.695153,54.077358,9.62663,54.167458,9.160497,4.0,0.00019985,4,347,0.06879,0.08628,0.1,0.0,100,0.5,0.92857,,,-0.03,0.01211,0.00036,-0.005,0.00745,-0.01817,0.39595
980,1003520,51.50925,210.83333,0.83333,0.87,0.924899,-0.002804,0.009488,0.002674,0.186598,0.026031,0.839903,54.915771,7.692548,54.99696,8.827317,4.0,0.00019975,6,336,0.07033,0.08302,0.1,0.0,100,0.5,0.75,,,-0.03,0.0108,0.00047,-0.00554,0.00857,-0.02293,0.47753
981,1004544,67.95376,142.25,1.0,0.88,0.873553,-0.00262,0.007546,0.002071,0.177136,0.019394,0.849657,55.78809,7.321074,55.384636,8.11539,4.0,0.00019965,4,352,0.0786,0.09441,0.09,0.0,100,0.5,1.0,,,-0.03,0.01141,0.0006,-0.00764,0.00859,-0.01404,0.4246
982,1005568,53.87596,249.83333,0.83333,0.87,0.808392,-0.001644,0.012114,0.002066,0.206147,0.016739,0.817715,52.566536,8.870353,52.302124,9.584936,4.0,0.00019955,6,352,0.07858,0.09247,0.1,0.0,100,0.5,0.73684,,,-0.03,0.01166,0.0003,-0.00492,-0.00026,-0.01458,0.55021
983,1006592,43.85444,206.0,0.66667,0.85,0.876802,-0.000745,0.024477,0.002017,0.165033,0.010132,0.718238,55.214653,8.991091,54.64933,11.445236,4.0,0.00019944,6,325,0.06785,0.08099,0.11,0.0,100,0.16667,0.81818,,,-0.03,0.01555,0.0008,-0.00323,0.0149,-0.02137,0.36965
984,1007616,57.44447,144.0,0.85714,0.85,0.891348,-0.00125,0.023338,0.001237,0.172407,0.006805,0.777216,54.855942,9.565428,54.340027,12.311895,4.0,0.00019934,7,328,0.07631,0.09704,0.1,0.0,100,0.42857,0.7,,,-0.03,0.01271,0.00076,-0.00594,0.00803,-0.02346,0.57054
985,1008640,57.75859,195.14286,0.85714,0.86,0.931098,-0.001756,0.012444,0.001597,0.154963,0.009552,0.779253,57.197094,7.963977,57.463791,8.608328,4.0,0.00019924,7,323,0.07248,0.09482,0.09,0.0,100,0.42857,0.8,,,-0.03,0.01403,0.00066,-0.00598,0.0046,-0.02193,0.53151
986,1009664,68.13171,129.25,1.0,0.88,0.982879,-0.001746,0.01469,0.002661,0.245863,0.026886,0.465921,58.531761,6.518729,59.886528,6.276656,4.0,0.00019914,8,318,0.07433,0.09793,0.09,0.0,100,0.375,0.72222,,,-0.03,0.01357,0.001,-0.0044,0.0102,-0.02145,0.70911
987,1010688,57.62378,140.85714,0.85714,0.87,0.969022,-0.000827,0.024247,0.001644,0.164882,0.010071,0.591937,59.113556,5.872314,58.934296,9.456092,4.0,0.00019903,7,320,0.07948,0.09846,0.09,0.0,100,0.28571,0.77778,,,-0.03,0.01297,0.00089,-0.0046,0.00874,-0.01827,0.52904
988,1011712,69.41347,121.33333,1.0,0.88,0.920058,-0.001933,0.013382,0.002315,0.158382,0.024796,0.750517,58.523598,7.010542,58.504333,8.25534,4.0,0.00019893,9,324,0.08474,0.10755,0.08,0.0,100,0.11111,0.77778,,,-0.03,0.01422,0.00082,-0.00631,0.00524,-0.02258,0.81876
989,1012736,43.04612,143.0,0.66667,0.86,0.784363,-0.00087,0.0332,0.002116,0.287848,0.018295,0.760568,55.229469,9.978944,53.71534,13.83447,4.0,0.00019883,6,345,0.08153,0.10145,0.08,0.0,100,0.33333,0.71429,,,-0.03,0.01516,0.00044,-0.00642,0.00473,-0.01998,0.42168
990,1013760,67.56475,153.57143,1.0,0.87,0.984958,-0.002133,0.021801,0.002449,0.175832,0.022003,0.650275,58.787613,8.294815,58.580116,9.155734,4.0,0.00019873,7,318,0.08682,0.11087,0.08,0.0,100,0.42857,0.85714,,,-0.03,0.01319,0.001,-0.00635,0.00357,-0.01683,0.61495
991,1014784,60.34277,137.22222,0.88889,0.88,0.855018,-0.0007,0.022218,0.002004,0.115178,0.016693,0.852498,53.940071,12.062101,54.406712,14.048926,4.0,0.00019862,9,340,0.08333,0.10971,0.06,0.0,100,0.22222,0.66667,,,-0.03,0.01327,0.00069,-0.00833,0.01482,-0.02397,0.80578
992,1015808,69.87946,110.5,1.0,0.88,1.013245,-0.002233,0.003498,0.002157,0.215113,0.022125,0.952439,59.301529,10.014423,60.161072,10.482533,4.0,0.00019852,6,316,0.08354,0.10957,0.06,0.0,100,0.0,0.5,,,-0.03,0.01217,0.00101,-0.00618,0.01661,-0.02164,0.51801
993,1016832,69.3635,115.16667,1.0,0.89,0.887899,-0.00209,0.00883,0.002117,0.17935,0.016785,0.906897,58.875633,10.84465,58.489403,11.293309,4.0,0.00019842,6,334,0.08641,0.11165,0.05,0.0,100,0.0,0.83333,,,-0.03,0.01136,0.00105,-0.0053,0.01114,-0.0213,0.59483
994,1017856,50.63025,205.44444,0.77778,0.88,0.903366,-0.000969,0.024678,0.002113,0.118217,0.019989,0.764308,59.304619,10.442357,59.774258,11.510745,4.0,0.00019832,9,330,0.086,0.10475,0.05,0.0,100,0.44444,0.875,,,-0.03,0.011,0.00048,-0.00649,0.01298,-0.02749,0.64257
995,1018880,68.39894,123.33333,1.0,0.89,1.035991,-0.002612,0.009078,0.002387,0.18835,0.020065,0.836499,61.935234,7.989137,61.519501,8.355413,4.0,0.00019821,6,318,0.08562,0.10859,0.04,0.0,100,0.16667,0.71429,,,-0.03,0.01182,0.0005,-0.0057,0.00807,-0.02218,0.5104
996,1019904,66.45089,167.71429,1.0,0.9,0.901158,-0.001451,0.019593,0.002197,0.14872,0.021606,0.561363,60.041363,8.877052,60.245243,7.991113,4.0,0.00019811,7,333,0.08829,0.11015,0.03,0.0,100,0.57143,0.78571,,,-0.03,0.01313,8e-05,-0.00862,0.0047,-0.01977,0.6596
997,1020928,48.83959,150.0,0.75,0.9,0.930192,-0.000794,0.033155,0.001096,0.347836,0.006699,0.693454,59.947994,7.89994,57.608597,12.835902,4.0,0.00019801,8,328,0.08416,0.11131,0.02,0.0,100,0.5,0.78571,,,-0.03,0.01179,0.00071,-0.00733,0.00323,-0.01833,0.56329
998,1021952,57.18282,118.83333,0.83333,0.9,1.00453,-0.001415,0.023426,0.001783,0.248691,0.013535,0.748329,58.716724,8.147365,57.777779,11.331545,4.0,0.00019791,6,318,0.08691,0.1142,0.02,0.0,100,0.16667,0.88235,,,-0.03,0.01281,6e-05,-0.00705,0.0117,-0.01684,0.43212
999,1022976,67.52063,146.33333,1.0,0.91,1.003183,-0.000978,0.019463,0.001528,0.30934,0.011246,0.740664,57.385956,11.76263,59.247059,10.379904,4.0,0.0001978,9,321,0.08569,0.10941,0.01,0.0,100,0.22222,0.78261,,,-0.03,0.0123,0.00062,-0.00739,0.01413,-0.02358,0.7844
1000,1024000,70.1704,109.5,1.0,0.91,0.970194,-0.001875,0.014586,0.002092,0.183339,0.014008,0.863394,59.413857,10.615891,58.92696,11.545385,4.0,0.0001977,6,320,0.08002,0.11014,0.01,0.0,100,0.0,0.8,,,-0.03,0.01342,0.00069,-0.00647,0.00875,-0.02172,0.53804
1001,1025024,67.59753,133.5,1.0,0.91,0.741389,-0.001394,0.019897,0.001929,0.140053,0.018478,0.829113,53.830944,12.395562,53.516945,12.289268,4.0,0.0001976,4,366,0.08262,0.11277,0.01,0.0,100,0.25,0.88235,,,-0.03,0.01308,-0.00055,-0.00536,0.00641,-0.01587,0.48907
1002,1026048,68.10981,146.28571,1.0,0.92,0.841571,-0.001811,0.008534,0.001431,0.142686,0.012924,0.923504,55.638702,11.346992,55.518635,11.924504,4.0,0.0001975,7,342,0.07642,0.10701,0.01,0.0,100,0.28571,0.83333,,,-0.03,0.00992,0.00064,-0.00522,0.01238,-0.02452,0.73703
1003,1027072,59.63546,126.75,0.875,0.92,0.790769,-0.001192,0.015682,0.001386,0.150271,0.00856,0.892862,53.538509,12.285624,53.051304,14.754629,4.0,0.0001974,8,339,0.08982,0.11957,0.01,0.01,100,0.25,0.8,,,-0.03,0.014,0.00016,-0.006,0.01285,-0.02059,0.77997
1004,1028096,39.13903,308.6,0.6,0.91,0.940238,-0.002875,0.009835,0.002501,0.145655,0.018539,0.915727,57.590496,11.726336,57.244362,12.350266,4.0,0.00019729,5,335,0.09661,0.12578,0.03,0.01,100,0.4,0.78571,,,-0.03,0.01269,2e-05,-0.00699,0.011,-0.01356,0.29493
1005,1029120,68.08803,136.5,1.0,0.91,0.971113,-0.00216,0.021276,0.00249,0.236528,0.02298,0.84253,56.104382,12.410698,54.989307,13.219364,4.0,0.00019719,6,333,0.0973,0.12566,0.03,0.01,100,0.33333,0.8,,,-0.03,0.01295,-0.00049,-0.0072,0.00485,-0.01976,0.57243
1006,1030144,57.41213,176.125,0.875,0.91,0.971364,-0.000846,0.0284,0.002476,0.160666,0.023239,0.769243,56.51873,11.948242,57.253273,12.789989,4.0,0.00019709,8,330,0.098,0.12239,0.03,0.01,100,0.5,0.825,,,-0.03,0.01508,-0.00025,-0.00788,0.00982,-0.01843,0.65086
1007,1031168,69.36744,126.375,1.0,0.91,1.084203,-0.002113,0.018115,0.002109,0.14413,0.014008,0.79429,58.940643,9.146141,58.70903,10.511929,4.0,0.00019699,8,310,0.09113,0.12731,0.03,0.01,100,0.25,0.83673,,,-0.03,0.01231,-0.00046,-0.00713,0.01012,-0.0178,0.66417
1008,1032192,55.53858,139.5,0.83333,0.91,0.959407,-0.001999,0.028062,0.002001,0.182073,0.013885,0.753641,55.594143,10.700061,54.509346,12.266763,4.0,0.00019688,6,324,0.09676,0.13101,0.03,0.01,100,0.66667,0.83333,,,-0.03,0.01178,-0.00034,-0.00777,0.0029,-0.02478,0.464
1009,1033216,54.6479,148.66667,0.83333,0.91,0.900383,-0.001381,0.030598,0.001836,0.144842,0.013382,0.799459,53.288303,12.267169,52.509201,13.992359,4.0,0.00019678,6,337,0.11559,0.15159,0.02,0.01,100,0.66667,0.88679,,,-0.03,0.01203,-0.00111,-0.00709,0.00695,-0.01841,0.50423
1010,1034240,67.15945,141.6,1.0,0.91,0.890923,-0.002395,0.010834,0.002177,0.171834,0.022003,0.873878,55.191723,10.365274,55.37056,10.785184,4.0,0.00019668,5,343,0.10306,0.13182,0.02,0.01,100,0.4,0.75556,,,-0.03,0.01169,-0.00026,-0.0066,0.00705,-0.01437,0.5292
1011,1035264,68.07386,140.0,1.0,0.91,0.760013,-0.001941,0.015104,0.001449,0.140587,0.012955,0.870377,51.626617,11.241707,51.456432,12.090763,4.0,0.00019658,5,365,0.10356,0.13607,0.02,0.01,100,0.4,0.74359,,,-0.03,0.01317,5e-05,-0.00729,0.00727,-0.01739,0.60822
1012,1036288,50.34606,231.75,0.75,0.9,0.828399,-0.002832,0.003834,0.001831,0.173377,0.018173,0.961135,51.438515,11.315754,51.475616,11.720348,4.0,0.00019647,4,343,0.09406,0.1167,0.03,0.01,100,0.25,0.75,,,-0.03,0.00966,-0.00015,-0.00605,0.01479,-0.01671,0.34746
1013,1037312,63.58756,246.5,1.0,0.92,1.03212,-0.002769,0.013533,0.002246,0.179896,0.019821,0.777798,55.567047,9.080379,56.181679,9.085067,4.0,0.00019637,6,326,0.0956,0.12026,0.03,0.01,100,0.66667,0.74242,,,-0.03,0.01252,-0.0003,-0.00863,0.00986,-0.0242,0.535
1014,1038336,65.86577,157.57143,1.0,0.93,1.10439,-0.002885,0.007282,0.002746,0.212321,0.028442,0.84804,58.008915,7.873517,58.848392,8.148514,4.0,0.00019627,7,316,0.0936,0.11631,0.03,0.01,100,0.28571,0.91667,,,-0.03,0.01226,-0.00042,-0.00725,0.00829,-0.02255,0.60089
1015,1039360,59.79448,176.125,0.875,0.92,1.055269,-0.003297,0.008344,0.002504,0.168731,0.023895,0.770124,60.631897,5.717521,60.553391,6.779796,4.0,0.00019617,8,319,0.10181,0.13482,0.04,0.01,100,0.25,0.78,,,-0.03,0.01261,-0.00064,-0.00637,0.00729,-0.02194,0.62409
1016,1040384,66.95248,157.8,1.0,0.92,0.935781,-0.002527,0.007465,0.002632,0.189561,0.031952,0.871486,57.811195,8.061406,57.551167,8.810974,4.0,0.00019606,5,338,0.11082,0.13832,0.04,0.01,100,0.2,0.77143,,,-0.03,0.01185,-0.00051,-0.00728,0.00753,-0.01422,0.50325
1017,1041408,49.80707,125.25,0.75,0.91,0.840626,-0.001806,0.025612,0.00155,0.323083,0.012711,0.800493,54.266453,11.664604,52.264252,13.419757,4.0,0.00019596,4,347,0.11286,0.14063,0.04,0.01,100,0.25,0.92308,,,-0.03,0.01345,-0.00185,-0.00345,0.00269,-0.01238,0.33839
1018,1042432,69.71713,116.75,1.0,0.91,0.824146,-0.002686,0.007956,0.0024,0.191351,0.027237,0.943636,51.703117,12.961653,51.419403,13.376947,4.0,0.00019586,4,242,0.11048,0.13817,0.04,0.01,100,0.0,0.72222,,,-0.03,0.01013,-6e-05,-0.00423,0.01177,-0.01623,0.47168
1019,1043456,49.90424,236.25,0.75,0.9,0.842281,-0.003655,0.00615,0.002725,0.208415,0.030106,0.959663,50.862492,13.48096,50.236832,13.956926,4.0,0.00019576,4,339,0.10289,0.12631,0.05,0.01,100,0.25,0.91667,,,-0.03,0.01269,-0.00064,-0.00337,0.0095,-0.01732,0.34359
1020,1044480,39.28169,249.375,0.625,0.88,0.817422,-0.001645,0.021155,0.002205,0.207274,0.02243,0.860495,51.690681,12.935948,50.808971,14.561173,4.0,0.00019565,8,337,0.10036,0.12756,0.07,0.01,100,0.5,0.83333,,,-0.03,0.01254,-0.00031,-0.00541,0.00395,-0.02481,0.55192
1021,1045504,53.0656,215.0,0.8,0.88,0.929202,-0.003143,0.013527,0.002119,0.182344,0.020554,0.859753,55.256538,10.724047,54.763294,11.115997,4.0,0.00019555,5,317,0.09726,0.12537,0.07,0.01,100,0.2,0.82609,,,-0.03,0.01237,-0.00132,-0.00497,0.00736,-0.01862,0.3932
1022,1046528,55.57108,211.16667,0.83333,0.88,0.892472,-0.002017,0.018172,0.002284,0.158065,0.01767,0.83939,53.577633,11.855202,52.990631,12.110212,4.0,0.00019545,6,324,0.09432,0.11653,0.07,0.0,100,0.0,0.93333,,,-0.03,0.0149,-0.0002,-0.00201,0.00334,-0.02345,0.49954
1023,1047552,53.86773,188.33333,0.83333,0.88,0.800153,-0.001406,0.040509,0.001941,0.136859,0.018661,0.687562,50.694801,12.042689,50.363861,13.04863,4.0,0.00019535,6,326,0.114,0.14043,0.07,0.0,100,0.66667,0.90625,,,-0.03,0.01285,-0.00026,-0.00443,-0.00166,-0.0162,0.57618
1024,1048576,42.24391,179.0,0.66667,0.87,0.880751,-0.001383,0.023814,0.00119,0.197236,0.008469,0.702489,53.827763,7.957493,52.584042,10.116803,4.0,0.00019524,3,335,0.09493,0.12505,0.07,0.0,100,1.0,0.85714,,,-0.03,0.01414,-0.0004,-0.00416,0.00328,-0.01201,0.2067
1025,1049600,66.72214,170.2,1.0,0.87,0.822075,-0.001797,0.01761,0.001644,0.186052,0.013885,0.689225,52.117825,7.842556,52.128834,8.514717,4.0,0.00019514,5,359,0.10185,0.12535,0.07,0.0,100,0.2,0.84615,,,-0.03,0.0113,-0.00128,-0.00393,0.00224,-0.01418,0.58588
1026,1050624,55.40009,253.71429,0.85714,0.87,0.867483,-0.001874,0.014446,0.001921,0.24698,0.014313,0.762879,51.286068,8.401884,52.493477,9.031448,4.0,0.00019504,7,342,0.1136,0.13876,0.08,0.0,100,0.28571,0.95455,,,-0.03,0.01348,-0.00109,-0.00436,0.00631,-0.02146,0.64897
1027,1051648,56.09634,151.0,0.83333,0.86,1.050065,-0.00141,0.02452,0.002437,0.171253,0.019516,0.632365,55.301441,6.891748,54.900597,9.831935,4.0,0.00019494,6,312,0.11266,0.13913,0.08,0.0,100,0.33333,0.84211,,,-0.03,0.01481,-0.00083,-0.00381,0.00361,-0.01813,0.44506
1028,1052672,52.8738,159.0,0.8,0.86,0.962474,-0.002372,0.019686,0.002176,0.24286,0.021744,0.822047,52.312347,9.750172,51.122032,12.11672,4.0,0.00019484,5,331,0.13084,0.1616,0.08,0.0,100,0.2,0.75,,,-0.03,0.01249,-0.00089,-0.00563,0.00192,-0.01269,0.40028
1029,1053696,56.19192,185.28571,0.85714,0.85,0.906319,-0.001308,0.026957,0.002331,0.119126,0.019623,0.812257,49.963253,11.932991,50.459904,13.79887,4.0,0.00019473,7,332,0.13136,0.15725,0.08,0.0,100,0.28571,0.84,,,-0.03,0.01219,-0.00061,-0.00456,0.00895,-0.01848,0.59227
1030,1054720,58.20213,146.85714,0.85714,0.85,1.00472,-0.002257,0.017928,0.002276,0.153604,0.019547,0.909164,50.592949,14.301441,50.844894,16.568081,4.0,0.00019463,7,315,0.12054,0.15082,0.07,0.0,100,0.28571,0.66667,,,-0.03,0.0133,-0.00016,-0.00423,0.00806,-0.01491,0.54671
1031,1055744,58.24316,137.42857,0.85714,0.84,1.090332,-0.002537,0.018683,0.00182,0.16033,0.018219,0.84538,55.004932,10.628688,54.871742,12.616794,4.0,0.00019453,7,309,0.12435,0.15543,0.07,0.0,100,0.14286,0.875,,,-0.03,0.01203,-0.00117,-0.00414,0.00477,-0.01792,0.52338
1032,1056768,43.8768,150.33333,0.66667,0.83,0.853786,-0.002792,0.029968,0.002216,0.40942,0.020432,0.875758,47.395737,15.831847,44.580658,17.281416,4.0,0.00019443,3,339,0.12818,0.15985,0.07,0.0,100,0.33333,1.0,,,-0.03,0.01176,-0.00082,-0.00402,0.00012,-0.01575,0.22946
1033,1057792,55.16423,159.33333,0.83333,0.83,0.801021,-0.001691,0.019,0.001233,0.222957,0.009262,0.963331,35.866318,24.261688,35.591064,25.742592,4.0,0.00019432,6,352,0.10993,0.13806,0.06,0.0,100,0.33333,1.0,,,-0.03,0.01258,-0.00073,-0.0021,0.01039,-0.0199,0.59818
1034,1058816,42.42065,221.33333,0.66667,0.82,0.748728,-0.002377,0.020256,0.001672,0.27027,0.01712,0.949306,37.780224,23.426962,36.212791,22.753759,4.0,0.00019422,3,364,0.11143,0.14088,0.06,0.0,100,0.33333,0.85714,,,-0.03,0.01216,-0.00135,-0.00333,-0.00467,-0.01117,0.25931
1035,1059840,43.30702,285.85714,0.71429,0.8,0.947484,-0.001333,0.045393,0.001581,0.16187,0.013718,0.814761,43.10778,17.548573,43.524963,18.520777,4.0,0.00019412,7,332,0.12804,0.15511,0.06,0.0,100,0.42857,1.0,,,-0.03,0.01147,-0.00035,-0.00581,0.00396,-0.01584,0.47987
1036,1060864,67.07643,159.0,1.0,0.81,0.732267,-0.001667,0.036943,0.001911,0.256758,0.022476,0.836279,41.857544,16.838709,40.050797,17.111223,4.0,0.00019402,3,363,0.13599,0.1587,0.06,0.0,100,0.33333,1.0,,,-0.03,0.01159,-0.00063,-0.00304,-0.00773,-0.01241,0.39456
1037,1061888,41.74561,215.16667,0.66667,0.8,0.779111,-0.001394,0.027204,0.001085,0.157233,0.012146,0.896879,36.91375,17.18367,37.164944,19.019852,4.0,0.00019391,6,358,0.11266,0.13846,0.05,0.0,100,0.33333,0.54545,,,-0.03,0.01393,-0.00093,-0.00444,0.00634,-0.0193,0.48458
1038,1062912,69.36123,125.5,1.0,0.82,0.907431,-0.003237,0.009838,0.002599,0.22533,0.03006,0.948165,43.301228,15.351849,44.479977,16.815306,4.0,0.00019381,4,343,0.10093,0.12574,0.03,0.0,100,0.0,1.0,,,-0.03,0.01233,-0.001,-0.00126,0.0085,-0.01247,0.42763
1039,1063936,65.62789,216.66667,1.0,0.84,0.924768,-0.002222,0.027389,0.002257,0.317552,0.022278,0.878148,43.21944,16.210415,45.486813,16.641588,4.0,0.00019371,6,333,0.0946,0.11707,0.02,0.0,100,0.16667,0.85714,,,-0.03,0.01196,-0.00025,-0.00379,0.00933,-0.01791,0.5775
1040,1064960,57.32558,206.0,0.85714,0.83,1.116195,-0.002103,0.015638,0.002068,0.238438,0.018158,0.828023,53.333031,11.259153,54.620506,11.003347,4.0,0.00019361,7,301,0.09473,0.12024,0.03,0.0,100,0.14286,0.4,,,-0.03,0.01038,0.0001,-0.0042,0.0063,-0.01941,0.51568
1041,1065984,66.65686,155.83333,1.0,0.85,0.972512,-0.002365,0.010163,0.002408,0.145437,0.0233,0.8697,53.763508,9.347304,54.022938,9.990047,4.0,0.0001935,6,308,0.10545,0.13467,0.02,0.0,100,0.16667,1.0,,,-0.03,0.01144,-0.00096,-0.00471,0.00224,-0.01945,0.59251
1042,1067008,65.36894,195.0,1.0,0.86,0.97702,-0.001823,0.021888,0.003268,0.318348,0.034866,0.56514,52.916069,9.323453,54.767731,8.561167,4.0,0.0001934,7,285,0.1159,0.14498,0.02,0.0,100,0.0,1.0,,,-0.03,0.01082,0.00019,-0.00549,0.00595,-0.01739,0.64425
1043,1068032,67.44482,150.85714,1.0,0.86,1.090561,-0.002968,0.007378,0.002369,0.269929,0.024445,0.851445,57.958096,7.691114,59.401947,8.083313,4.0,0.0001933,7,304,0.09928,0.12135,0.02,0.0,100,0.14286,1.0,,,-0.03,0.00992,0.00051,-0.00466,0.01243,-0.03291,0.6076
1044,1069056,68.32717,140.16667,1.0,0.88,1.119025,-0.002573,0.007455,0.002831,0.197628,0.030182,0.833362,58.985306,7.68622,59.415138,7.696309,4.0,0.0001932,6,275,0.1028,0.12776,0.01,0.0,100,0.16667,1.0,,,-0.03,0.01029,0.00011,-0.00482,0.00381,-0.02585,0.509
1045,1070080,67.72036,151.28571,1.0,0.89,0.936088,-0.002191,0.006671,0.002173,0.182882,0.01828,0.846101,58.67691,7.0385,59.590126,7.324929,4.0,0.00019309,7,325,0.09961,0.12533,0.01,0.0,100,0.0,1.0,,,-0.03,0.01184,0.00027,-0.00537,0.00823,-0.01699,0.69141
1046,1071104,69.66758,118.66667,1.0,0.9,0.963826,-0.002828,0.005821,0.003084,0.185274,0.035522,0.91515,58.387821,9.039907,58.855392,9.978479,4.0,0.00019299,6,319,0.08442,0.11251,0.01,0.0,100,0.0,1.0,,,-0.03,0.0131,0.0011,-0.00293,0.01188,-0.0206,0.56045
1047,1072128,51.96861,215.42857,0.85714,0.89,0.805094,-0.001049,0.031539,0.002212,0.136582,0.020386,0.765394,57.742477,13.547539,57.365181,13.849661,4.0,0.00019289,7,338,0.08035,0.10773,0.01,0.0,100,0.28571,1.0,,,-0.03,0.01224,0.00047,-0.0008,-0.00116,-0.01412,0.63581
1048,1073152,68.84565,134.33333,1.0,0.91,0.904695,-0.00198,0.007882,0.001875,0.157498,0.02063,0.889472,59.055115,8.713813,59.414692,9.383141,4.0,0.00019279,6,326,0.07734,0.10483,0.01,0.0,100,0.33333,1.0,,,-0.03,0.01286,0.00098,-0.00397,0.00875,-0.01646,0.57872
1049,1074176,54.70253,194.0,0.83333,0.91,0.810388,-0.000852,0.026746,0.001864,0.1544,0.012192,0.80613,56.7612,12.103008,56.150013,13.622828,4.0,0.00019268,6,340,0.07857,0.10981,0.01,0.0,100,0.66667,0.0,,,-0.03,0.01081,-0.00016,-0.00294,0.00519,-0.01778,0.52948
1050,1075200,57.81121,130.42857,0.85714,0.91,0.98324,-0.001094,0.032708,0.001475,0.312778,0.012207,0.57809,60.324478,6.846727,58.487938,10.112061,4.0,0.00019258,7,309,0.08341,0.11501,0.01,0.0,100,0.57143,1.0,,,-0.03,0.01167,0.00053,-0.00491,-0.00239,-0.0193,0.5227
1051,1076224,42.0381,149.83333,0.66667,0.91,0.845223,-0.000856,0.038132,0.001378,0.236102,0.012314,0.712057,56.400715,10.575707,55.240124,13.661734,4.0,0.00019248,6,341,0.08073,0.10576,0.01,0.0,100,0.66667,1.0,,,-0.03,0.00895,-2e-05,-0.00524,0.00979,-0.0176,0.41572
1052,1077248,59.99609,148.44444,0.88889,0.92,1.091499,-0.001287,0.024052,0.003017,0.1593,0.02182,0.666877,60.644569,7.373405,60.401661,9.93729,4.0,0.00019238,9,307,0.07874,0.10769,0.01,0.0,100,0.22222,1.0,,,-0.03,0.01062,0.00048,-0.0037,0.00939,-0.0217,0.66077
1053,1078272,67.67669,135.25,1.0,0.93,0.886682,-0.002242,0.017454,0.002191,0.254708,0.016251,0.875865,57.168907,12.684319,55.688293,12.906446,4.0,0.00019228,4,333,0.07753,0.09865,0.01,0.0,100,0.0,0.0,,,-0.03,0.0075,-0.00013,-0.00201,0.00123,-0.01599,0.42081
1054,1079296,41.40342,184.0,0.66667,0.92,0.670927,-0.001,0.020477,0.001611,0.303808,0.011108,0.903428,48.319927,15.330506,46.176983,16.180647,4.0,0.00019217,3,383,0.08783,0.11673,0.01,0.0,100,0.33333,0.0,,,-0.03,0.01135,1e-05,-0.00476,0.00042,-0.01278,0.28671
1055,1080320,54.19279,192.5,0.83333,0.91,0.856229,-0.001316,0.019209,0.001983,0.179093,0.017151,0.881315,50.523918,13.599929,50.869766,14.169128,4.0,0.00019207,6,343,0.07708,0.10308,0.01,0.0,100,0.33333,1.0,,,-0.03,0.0121,0.00014,-0.00343,0.0112,-0.02303,0.5343
1056,1081344,43.40573,209.0,0.66667,0.9,0.899179,-0.002165,0.017874,0.002413,0.187953,0.020554,0.882814,52.229877,13.103322,51.408207,14.924909,4.0,0.00019197,6,340,0.08228,0.10383,0.01,0.0,100,0.66667,0.8,,,-0.03,0.01174,-0.00064,-0.00394,0.00752,-0.02262,0.40944
1057,1082368,55.81303,215.66667,0.83333,0.89,1.119543,-0.002501,0.017565,0.002087,0.171717,0.01236,0.762856,57.570786,9.849546,57.576019,10.019557,4.0,0.00019187,6,304,0.07942,0.10062,0.02,0.0,100,0.16667,1.0,,,-0.03,0.01154,0.00014,-0.00189,0.00844,-0.02416,0.41716
1058,1083392,63.53057,199.8,1.0,0.89,0.985104,-0.002411,0.017716,0.002097,0.194626,0.02211,0.883865,51.991417,13.255587,52.111683,13.870672,4.0,0.00019176,5,328,0.08291,0.10613,0.02,0.0,100,0.4,0.33333,,,-0.03,0.0108,0.00046,-0.00088,0.00722,-0.02355,0.46633
1059,1084416,67.85348,129.8,1.0,0.89,0.825577,-0.002113,0.01684,0.002192,0.160149,0.017288,0.893959,51.67701,13.754683,51.497498,14.197017,4.0,0.00019166,5,347,0.08809,0.1107,0.02,0.0,100,0.2,0.0,,,-0.03,0.01221,0.00022,-0.00266,0.00608,-0.01678,0.53622
1060,1085440,68.54394,133.5,1.0,0.89,0.843688,-0.001506,0.008614,0.001707,0.139369,0.013458,0.943116,49.950443,13.650759,49.88916,14.040036,4.0,0.00019156,4,350,0.08759,0.11165,0.02,0.0,100,0.0,1.0,,,-0.03,0.01106,-0.00026,-0.00208,0.00725,-0.0179,0.44871
1061,1086464,48.72192,260.5,0.75,0.88,0.798017,-0.00206,0.011829,0.00168,0.205538,0.016312,0.933192,49.696823,14.923533,48.872581,14.943025,4.0,0.00019146,4,367,0.0859,0.10681,0.03,0.0,100,0.5,1.0,,,-0.03,0.0087,-0.00018,-0.00155,0.00235,-0.01556,0.36319
1062,1087488,42.1241,314.33333,0.66667,0.87,0.881672,-0.002618,0.010268,0.002274,0.18778,0.021454,0.93259,49.064564,14.140437,48.154755,14.043702,4.0,0.00019135,3,356,0.08514,0.10593,0.04,0.0,100,0.66667,1.0,,,-0.03,0.0077,-0.00018,-0.00131,0.00502,-0.01862,0.22289
1063,1088512,37.03139,321.66667,0.66667,0.86,0.922368,-0.001474,0.024488,0.002957,0.304976,0.035172,0.776865,47.912788,12.064136,46.061874,12.437744,4.0,0.00019125,3,349,0.09826,0.12165,0.04,0.0,100,0.66667,1.0,,,-0.03,0.01006,-0.00026,-0.00358,-0.00122,-0.01951,0.19303
1064,1089536,11.83635,455.0,0.33333,0.84,0.762907,-0.001786,0.013245,0.002469,0.238174,0.022964,0.8853,41.425663,11.933664,40.014774,11.919279,4.0,0.00019115,3,375,0.1066,0.12386,0.06,0.0,100,0.33333,1.0,,,-0.03,0.00828,-0.00095,-0.00332,-0.00339,-0.01872,0.13109
1065,1090560,47.65368,265.8,0.8,0.83,0.904342,-0.00172,0.028544,0.001897,0.150475,0.01207,0.810603,44.163242,12.428815,44.18222,13.951254,4.0,0.00019105,5,344,0.08992,0.11842,0.06,0.0,100,0.2,0.33333,,,-0.03,0.01004,0.00048,-0.00566,0.00575,-0.01724,0.41073
1066,1091584,68.04463,145.6,1.0,0.84,0.875215,-0.000872,0.021985,0.001528,0.19425,0.008759,0.830148,46.717697,12.677377,47.666462,12.823829,4.0,0.00019094,5,349,0.08827,0.11412,0.06,0.0,100,0.6,1.0,,,-0.03,0.00957,0.00015,-0.00332,0.0079,-0.01098,0.55304
1067,1092608,48.64188,269.25,0.75,0.83,0.886054,-0.002144,0.013511,0.001485,0.184575,0.016785,0.842621,47.944286,9.739385,47.290802,10.386132,4.0,0.00019084,4,335,0.09184,0.11475,0.07,0.0,100,0.5,0.75,,,-0.03,0.01186,-0.00011,-0.00439,0.00237,-0.01482,0.32957
1068,1093632,27.21655,315.25,0.5,0.81,0.88288,-0.001486,0.024747,0.00185,0.359185,0.013931,0.700597,47.382317,8.796515,44.84993,10.020631,4.0,0.00019074,4,347,0.09626,0.13409,0.08,0.0,100,0.5,0.6,,,-0.03,0.01103,-7e-05,-0.00417,-0.00867,-0.00839,0.21632
1069,1094656,45.71272,236.5,0.75,0.8,0.543413,-0.000817,0.038445,0.000925,0.189531,0.007355,0.588428,39.943344,9.827857,39.530933,11.302364,4.0,0.00019064,4,409,0.11046,0.13223,0.08,0.0,100,1.0,1.0,,,-0.03,0.00959,-0.00101,-0.0055,-0.00606,-0.01506,0.52085
1070,1095680,49.3392,262.4,0.8,0.8,0.856305,-0.001888,0.026835,0.001884,0.178124,0.019104,0.575049,43.237869,7.656005,43.677925,9.151955,4.0,0.00019053,5,350,0.10324,0.13102,0.08,0.0,100,1.0,0.85714,,,-0.03,0.00978,-1e-05,-0.00559,0.00206,-0.01354,0.43614
1071,1096704,40.36691,232.33333,0.66667,0.79,0.841121,-0.002177,0.018168,0.002789,0.267135,0.027802,0.821763,44.085892,9.336622,42.372925,11.357113,4.0,0.00019043,3,358,0.10891,0.13033,0.08,0.0,100,0.33333,0.5,,,-0.03,0.00929,-0.00032,-0.00773,-0.00312,-0.00851,0.23407
1072,1097728,44.01934,373.75,0.75,0.8,0.779887,-0.001409,0.023284,0.001819,0.286421,0.017441,0.692081,41.812683,9.784761,43.164925,9.874899,4.0,0.00019033,4,367,0.11726,0.14112,0.09,0.0,100,1.0,0.83333,,,-0.03,0.00797,-0.0008,-0.00408,0.00356,-0.01461,0.36646
1073,1098752,65.29649,179.25,1.0,0.81,1.015779,-0.002415,0.015113,0.001896,0.20837,0.020172,0.804976,45.990047,8.624497,46.742561,9.888331,4.0,0.00019023,4,333,0.096,0.11993,0.09,0.0,100,0.25,1.0,,,-0.03,0.00745,0.00013,-0.00676,0.00759,-0.01385,0.38606
1074,1099776,46.59741,278.2,0.8,0.81,1.071806,-0.001345,0.023952,0.002752,0.143553,0.023773,0.718228,44.522732,8.335329,44.219799,10.821226,4.0,0.00019012,5,326,0.10416,0.13454,0.09,0.0,100,0.6,1.0,,,-0.03,0.00804,0.00018,-0.00738,-0.00147,-0.01178,0.36027
1075,1100800,63.72386,255.5,1.0,0.81,0.780424,-0.001431,0.017307,0.001883,0.126655,0.015945,0.817961,47.582611,11.45907,47.878418,11.318181,4.0,0.00019002,2,371,0.11286,0.13458,0.09,0.0,100,0.5,0.0,,,-0.03,0.00862,-0.00049,-0.00178,0.00191,-0.00861,0.24305
1076,1101824,48.77795,246.6,0.8,0.8,0.947842,-0.000746,0.026981,0.001192,0.105428,0.006973,0.656403,45.464649,7.620633,45.400681,10.003003,4.0,0.00018992,5,336,0.09829,0.12575,0.09,0.0,100,0.6,1.0,,,-0.03,0.01008,0.00023,-0.00862,0.00172,-0.01145,0.39089
1077,1102848,48.14204,196.25,0.75,0.79,0.767996,-0.00134,0.023174,0.001739,0.163961,0.014679,0.78813,47.929131,9.779449,47.210922,11.792804,4.0,0.00018982,4,372,0.10718,0.1351,0.09,0.0,100,0.5,0.5,,,-0.03,0.00787,1e-05,-0.00303,-0.00083,-0.01969,0.38105
1078,1103872,40.03626,369.66667,0.66667,0.8,0.965013,-0.002263,0.010257,0.00239,0.170208,0.017685,0.857272,47.140305,9.272268,47.512192,9.342397,4.0,0.00018972,3,334,0.10026,0.12366,0.1,0.0,100,0.33333,1.0,,,-0.03,0.01102,0.00052,-0.00375,0.00672,-0.01029,0.19334
1079,1104896,54.70748,210.71429,0.85714,0.8,0.902376,-0.000707,0.021795,0.001434,0.104646,0.011536,0.825433,46.705029,10.380241,46.842461,12.623683,4.0,0.00018961,7,343,0.10313,0.12615,0.1,0.0,100,0.57143,1.0,,,-0.03,0.00823,5e-05,-0.00592,-0.00085,-0.01539,0.63885
1080,1105920,47.73954,524.0,1.0,0.8,0.90117,-0.001656,0.012402,0.001801,0.136413,0.013657,0.794196,47.970284,9.140865,48.145988,8.975887,4.0,0.00018951,1,346,0.09893,0.12435,0.1,0.0,100,1.0,1.0,,,-0.03,0.00935,0.00045,-0.00273,0.00359,-0.0114,0.09439
1081,1106944,64.7834,202.2,1.0,0.82,0.892731,-0.00163,0.0141,0.002479,0.178481,0.023087,0.809821,48.947296,9.184649,49.481514,9.76835,4.0,0.00018941,5,349,0.09898,0.12288,0.08,0.0,100,0.6,1.0,,,-0.03,0.00783,-0.0005,-0.00473,0.00142,-0.01803,0.54374
1082,1107968,41.17196,198.33333,0.66667,0.8,0.757977,-0.001273,0.035993,0.001567,0.242073,0.013214,0.725417,47.831512,10.047791,46.460224,13.117891,4.0,0.00018931,6,358,0.09869,0.12389,0.08,0.0,100,0.83333,0.5,,,-0.03,0.00944,-0.00014,-0.00278,0.00085,-0.01785,0.49583
1083,1108992,29.17352,417.5,0.5,0.79,0.839605,-0.002259,0.01366,0.002395,0.22384,0.025345,0.770369,48.179501,8.402062,47.112225,8.599597,4.0,0.0001892,2,354,0.09648,0.12658,0.09,0.0,100,1.0,0.0,,,-0.03,0.00817,-0.0006,-0.00236,-0.00706,-0.02474,0.11258
1084,1110016,25.18379,304.75,0.5,0.77,0.793598,-0.001327,0.034693,0.001955,0.205572,0.019272,0.609077,42.320751,9.013361,41.063644,10.529579,4.0,0.0001891,4,343,0.09716,0.1319,0.1,0.0,100,1.0,1.0,,,-0.03,0.00843,-0.00031,-0.00535,-0.00446,-0.01784,0.23035
1085,1111040,33.10991,227.6,0.6,0.75,0.775048,-0.001207,0.025301,0.00179,0.130079,0.013596,0.741494,43.862556,8.969392,43.5863,11.209624,4.0,0.000189,5,357,0.10198,0.12851,0.1,0.0,100,0.8,1.0,,,-0.03,0.00923,-5e-05,-0.00372,-0.00177,-0.01208,0.36589
1086,1112064,61.28857,318.66667,1.0,0.76,0.790486,-0.00147,0.016913,0.001884,0.205592,0.016144,0.717079,42.681408,7.921984,43.714405,8.716249,4.0,0.0001889,3,366,0.09996,0.1275,0.09,0.0,100,1.0,1.0,,,-0.03,0.00871,-0.00021,-0.00495,0.00272,-0.01316,0.34368
1087,1113088,64.74069,208.5,1.0,0.77,0.866415,-0.001062,0.015519,0.000964,0.177813,0.004074,0.736861,46.81485,8.144718,47.670013,8.683053,4.0,0.00018879,4,356,0.09362,0.11834,0.08,0.0,100,0.75,0.0,,,-0.03,0.00781,-0.00018,-0.00174,0.00045,-0.01285,0.44531
1088,1114112,52.70081,270.66667,0.83333,0.79,1.015224,-0.001656,0.008993,0.001603,0.2266,0.012787,0.803478,46.792294,6.496923,47.958828,8.126807,4.0,0.00018869,6,327,0.08768,0.11629,0.07,0.0,100,0.66667,1.0,,,-0.03,0.00758,-0.00014,-0.0059,0.00334,-0.01487,0.47243
1089,1115136,65.12308,207.0,1.0,0.8,0.849023,-0.001508,0.0079,0.002054,0.188483,0.018219,0.881992,51.43811,8.611992,52.228409,9.047831,4.0,0.00018859,4,356,0.09461,0.12161,0.07,0.0,100,0.25,1.0,,,-0.03,0.00966,-0.00033,-0.00336,-0.00294,-0.01111,0.45559
1090,1116160,63.67218,216.5,1.0,0.8,0.821632,-0.002274,0.006895,0.001698,0.1404,0.014511,0.909328,51.233421,9.305938,51.497238,9.704898,4.0,0.00018849,4,351,0.08773,0.11347,0.07,0.0,100,0.5,0.0,,,-0.03,0.00977,-5e-05,-0.00485,-0.00413,-0.01667,0.45683
1091,1117184,27.35337,239.83333,0.5,0.78,0.918024,-0.000639,0.040047,0.001131,0.295304,0.008652,0.580967,48.359665,8.30523,46.81152,12.089149,4.0,0.00018838,6,342,0.08104,0.11384,0.06,0.0,100,0.83333,0.66667,,,-0.03,0.00871,0.00052,-0.00668,0.00147,-0.01594,0.29654
1092,1118208,65.9852,167.5,1.0,0.8,0.840336,-0.002042,0.015048,0.002296,0.196989,0.023148,0.794639,50.954102,8.995206,52.190285,9.277802,4.0,0.00018828,4,355,0.08578,0.11222,0.05,0.0,100,0.5,0.0,,,-0.03,0.00868,-0.0001,-0.00369,0.0021,-0.01101,0.45079
1093,1119232,65.45081,201.0,1.0,0.82,1.059705,-0.001977,0.01265,0.003479,0.242251,0.037354,0.812692,51.140484,8.706182,52.558197,9.407807,4.0,0.00018818,7,320,0.0775,0.11165,0.05,0.0,100,0.14286,1.0,,,-0.03,0.0087,0.00049,-0.0047,0.00831,-0.01581,0.62501
1094,1120256,57.83037,144.42857,0.85714,0.83,1.134571,-0.001433,0.02502,0.003742,0.164146,0.031769,0.725879,50.649105,8.193512,51.477787,10.784542,4.0,0.00018808,7,310,0.08324,0.1176,0.04,0.0,100,0.42857,1.0,,,-0.03,0.01039,0.0003,-0.00793,0.00652,-0.01838,0.50497
1095,1121280,66.30233,172.2,1.0,0.83,0.963567,-0.002777,0.01229,0.001682,0.203744,0.017487,0.858191,53.966888,10.011177,54.96759,10.224663,4.0,0.00018797,5,328,0.09493,0.11767,0.04,0.0,100,0.4,1.0,,,-0.03,0.00982,-0.00032,-0.00548,0.00349,-0.01902,0.48748
1096,1122304,67.5323,140.75,1.0,0.83,0.824368,-0.002288,0.015119,0.003188,0.189237,0.030045,0.844769,52.492226,10.303856,52.320438,11.113852,4.0,0.00018787,4,343,0.08333,0.11406,0.04,0.0,100,0.0,1.0,,,-0.03,0.00909,0.00065,-0.00527,0.00266,-0.01472,0.46124
1097,1123328,51.38565,231.66667,0.83333,0.83,0.836113,-0.000963,0.018594,0.001151,0.112141,0.007919,0.844586,51.344387,10.809628,51.504528,12.506419,4.0,0.00018777,6,344,0.07851,0.10622,0.04,0.0,100,0.16667,1.0,,,-0.03,0.01197,0.00031,-0.00491,0.00552,-0.022,0.54287
1098,1124352,68.42182,133.28571,1.0,0.85,0.871609,-0.001401,0.010313,0.001899,0.235274,0.015732,0.88756,53.264511,10.144032,54.865761,10.736034,4.0,0.00018767,7,341,0.07515,0.09934,0.04,0.0,100,0.14286,1.0,,,-0.03,0.01137,4e-05,-0.00413,0.01399,-0.02133,0.73867
1099,1125376,69.67299,111.6,1.0,0.86,0.884987,-0.002394,0.011524,0.002322,0.179246,0.023773,0.831683,55.117867,8.912614,55.600975,9.165918,4.0,0.00018756,5,332,0.08103,0.11119,0.03,0.0,100,0.2,0.0,,,-0.03,0.01172,0.00052,-0.0048,0.00683,-0.01495,0.5434
1100,1126400,57.02011,211.57143,0.85714,0.86,0.959767,-0.001446,0.011375,0.001279,0.187474,0.007523,0.72991,56.963047,7.163948,58.012119,7.277946,4.0,0.00018746,7,320,0.08198,0.10976,0.04,0.0,100,0.14286,0.66667,,,-0.03,0.01059,0.00028,-0.00511,0.01156,-0.02289,0.58597
1101,1127424,56.04708,193.66667,0.83333,0.85,0.954687,-0.003379,0.00829,0.003142,0.182721,0.024536,0.818472,58.925346,7.057605,58.792351,7.726696,4.0,0.00018736,6,323,0.07877,0.10652,0.05,0.0,100,0.0,1.0,,,-0.03,0.01109,8e-05,-0.0032,0.00861,-0.0214,0.49067
1102,1128448,35.62317,170.71429,0.57143,0.85,0.994318,-0.000664,0.048825,0.001356,0.45204,0.010788,0.639452,58.296276,7.955037,55.586311,14.003485,4.0,0.00018726,7,308,0.0737,0.09832,0.04,0.0,100,0.57143,0.0,,,-0.03,0.01111,0.00062,-0.00304,0.0058,-0.01896,0.36142
1103,1129472,67.16578,145.5,1.0,0.89,1.067618,-0.00128,0.01808,0.001377,0.195726,0.010818,0.680882,57.000679,8.352206,57.832386,8.557642,4.0,0.00018716,8,304,0.07948,0.10722,0.03,0.0,100,0.125,0.0,,,-0.03,0.01081,0.0001,-0.00307,0.00741,-0.03267,0.69702
1104,1130496,68.2707,122.83333,1.0,0.89,1.047491,-0.002415,0.020469,0.002133,0.166923,0.021988,0.786153,56.042717,10.042915,56.089657,10.812508,4.0,0.00018705,6,308,0.08655,0.11661,0.03,0.0,100,0.16667,0.0,,,-0.03,0.00885,5e-05,-0.00461,0.00924,-0.02328,0.55006
1105,1131520,67.55243,134.8,1.0,0.89,0.871674,-0.001378,0.014348,0.001105,0.132459,0.007385,0.763818,54.911499,8.334551,54.685791,8.84396,4.0,0.00018695,5,341,0.09253,0.12406,0.03,0.0,100,0.2,0.0,,,-0.03,0.00862,-0.00033,-0.00348,0.00124,-0.02152,0.54498
1106,1132544,68.06013,130.0,1.0,0.9,0.869463,-0.001439,0.012868,0.002233,0.141726,0.023285,0.855419,54.041595,9.66847,54.053528,10.986177,4.0,0.00018685,5,337,0.09412,0.1229,0.02,0.0,100,0.4,1.0,,,-0.03,0.01067,-0.00057,-0.00475,0.00484,-0.02065,0.55869
1107,1133568,38.60311,276.33333,0.66667,0.89,0.828448,-0.002036,0.008721,0.001601,0.13339,0.016357,0.925626,54.307499,12.199011,54.480049,12.175142,4.0,0.00018675,3,352,0.09709,0.12687,0.03,0.0,100,0.66667,0.0,,,-0.03,0.01008,0.00022,-0.00274,0.009,-0.01476,0.23969
1108,1134592,56.62285,225.5,0.875,0.91,1.039867,-0.001793,0.009186,0.001473,0.167183,0.013885,0.850631,55.968899,9.30022,56.686539,9.255587,4.0,0.00018664,8,326,0.08752,0.11553,0.04,0.0,100,0.5,1.0,,,-0.03,0.00853,-6e-05,-0.00838,0.00928,-0.0278,0.6609
1109,1135616,55.70746,203.33333,0.83333,0.9,1.06031,-0.002108,0.00909,0.002458,0.141729,0.016525,0.890806,58.181278,9.545107,58.320457,10.365395,4.0,0.00018654,6,308,0.08036,0.11339,0.05,0.0,100,0.33333,1.0,,,-0.03,0.00821,-0.00014,-0.00673,0.01016,-0.01694,0.46416
1110,1136640,58.46175,147.75,0.875,0.89,1.102018,-0.001792,0.015965,0.002812,0.125009,0.024719,0.854573,57.979744,10.191206,57.636398,12.503722,4.0,0.00018644,8,307,0.07917,0.11538,0.05,0.0,100,0.5,1.0,,,-0.03,0.00835,-0.00014,-0.00557,0.00523,-0.01776,0.62395
1111,1137664,67.23332,150.8,1.0,0.9,0.922091,-0.001805,0.013301,0.001482,0.167528,0.011429,0.862795,57.341644,10.445629,56.717743,10.979408,4.0,0.00018634,5,316,0.08796,0.12273,0.05,0.0,100,0.2,0.0,,,-0.03,0.00884,-0.00012,-0.00577,-0.00228,-0.01405,0.52374
1112,1138688,42.63856,177.83333,0.66667,0.88,0.774284,-0.000498,0.028271,0.001474,0.240914,0.0112,0.793749,55.232849,10.451249,53.732483,13.332368,4.0,0.00018623,6,286,0.09412,0.12798,0.05,0.0,100,0.83333,0.0,,,-0.03,0.00982,5e-05,-0.00461,0.00677,-0.01436,0.48763
1113,1139712,68.22057,145.8,1.0,0.89,0.887819,-0.002147,0.011613,0.001602,0.165297,0.014923,0.917375,53.78437,12.468806,53.202698,13.047071,4.0,0.00018613,5,278,0.08669,0.12224,0.05,0.0,100,0.8,0.0,,,-0.03,0.00842,1e-05,-0.0069,0.0045,-0.01596,0.54787
1114,1140736,48.10825,154.5,0.75,0.88,0.851604,-0.001448,0.019899,0.002405,0.174119,0.023315,0.891299,51.803833,14.006358,50.824982,15.259657,4.0,0.00018603,4,335,0.09606,0.12531,0.05,0.0,100,0.75,1.0,,,-0.03,0.00909,0.00011,-0.00624,0.00434,-0.01557,0.35245
1115,1141760,51.184,249.8,0.8,0.87,0.950897,-0.001922,0.014143,0.003131,0.135404,0.035904,0.887504,52.408379,13.075005,52.154812,13.07104,4.0,0.00018593,5,300,0.09848,0.13252,0.06,0.0,100,0.4,0.0,,,-0.03,0.00957,2e-05,-0.0047,0.00359,-0.01727,0.41614
1116,1142784,54.61132,244.16667,0.83333,0.86,0.895022,-0.001132,0.015539,0.002877,0.119181,0.022018,0.749056,56.096302,9.276233,56.015335,9.087469,4.0,0.00018582,6,333,0.09084,0.12308,0.07,0.0,100,1.0,1.0,,,-0.03,0.0089,-0.00014,-0.00767,0.0043,-0.01245,0.5384
1117,1143808,61.58675,229.0,1.0,0.87,1.072777,-0.001805,0.008802,0.00276,0.154634,0.030472,0.432411,59.146759,5.39158,59.123749,4.707731,4.0,0.00018572,4,332,0.08506,0.11123,0.06,0.0,100,0.5,1.0,,,-0.03,0.00786,-0.0005,-0.00306,0.00727,-0.01889,0.35968
1118,1144832,64.6068,197.16667,1.0,0.87,1.054625,-0.002814,0.006239,0.002996,0.165316,0.022781,0.67818,58.396805,4.180675,58.499798,4.837155,4.0,0.00018562,6,325,0.08725,0.11388,0.06,0.0,100,0.66667,1.0,,,-0.03,0.00927,0.00022,-0.00448,0.00448,-0.01982,0.53387
1119,1145856,46.00664,222.75,0.75,0.87,0.801024,-0.000401,0.028872,0.001912,0.281639,0.014343,0.387647,57.523705,5.019899,55.60075,7.790186,4.0,0.00018552,4,335,0.10755,0.14087,0.05,0.0,100,0.75,0.0,,,-0.03,0.00733,-0.00042,-0.00681,-0.00135,-0.01675,0.35271
1120,1146880,63.89638,215.0,1.0,0.87,0.793966,-0.002252,0.006822,0.001756,0.211392,0.02095,0.826631,54.251434,6.483991,53.110977,6.779579,4.0,0.00018541,2,342,0.09719,0.12788,0.05,0.0,100,1.0,1.0,,,-0.03,0.0059,-0.00042,-0.0038,-0.00171,-0.01689,0.23766
1121,1147904,47.04447,202.0,0.75,0.89,0.628558,-0.001118,0.024558,0.001478,0.194322,0.018753,0.716743,49.906189,8.257153,48.615074,10.538403,4.0,0.00018531,4,398,0.11203,0.13391,0.05,0.0,100,1.0,1.0,,,-0.03,0.0061,-0.00082,-0.00233,0.00384,-0.01811,0.44191
1122,1148928,-14.05318,390.5,0.0,0.87,0.679476,-0.00103,0.018195,0.001904,0.291964,0.019684,0.787398,48.557068,8.729246,46.412102,10.238562,4.0,0.00018521,2,383,0.11453,0.14204,0.06,0.0,100,1.0,0.0,,,-0.03,0.0077,-0.00055,-0.00103,-0.00226,-0.01016,-0.00391
1123,1149952,25.23535,482.5,0.5,0.85,0.830797,-0.001277,0.014415,0.001904,0.191167,0.023102,0.707502,48.221115,8.44598,47.155872,8.014694,4.0,0.00018511,4,348,0.11194,0.13827,0.08,0.0,100,0.75,1.0,,,-0.03,0.00605,-0.00068,-0.00554,-0.0009,-0.02269,0.21867
1124,1150976,59.43092,269.0,1.0,0.85,0.871557,-0.000822,0.021758,0.001604,0.161014,0.011841,0.624401,46.603477,8.375421,47.265182,8.478881,4.0,0.000185,4,346,0.10996,0.13407,0.08,0.0,100,1.0,0.66667,,,-0.03,0.00635,-0.00063,-0.00267,0.00951,-0.02688,0.44642
1125,1152000,63.04493,208.0,1.0,0.85,1.110717,-0.002048,0.014769,0.00251,0.208865,0.024338,0.525003,48.814655,5.225827,49.516201,6.737977,4.0,0.0001849,5,322,0.09508,0.12677,0.08,0.0,100,0.6,0.0,,,-0.03,0.00687,0.00029,-0.00824,0.00787,-0.01942,0.44434
1126,1153024,51.42356,254.2,0.8,0.84,1.127958,-0.002388,0.008725,0.002757,0.21916,0.023193,0.762474,49.85041,5.315266,50.360046,6.938053,4.0,0.0001848,5,325,0.09765,0.1317,0.09,0.0,100,0.6,1.0,,,-0.03,0.00688,0.00039,-0.00526,0.00694,-0.01365,0.36544
1127,1154048,66.43165,169.6,1.0,0.85,1.07694,-0.002321,0.011043,0.002934,0.176317,0.021774,0.787926,51.829781,6.984395,52.565388,8.004598,4.0,0.0001847,5,326,0.0982,0.12876,0.08,0.0,100,0.4,1.0,,,-0.03,0.00846,6e-05,-0.00664,0.00511,-0.01558,0.4524
1128,1155072,50.17388,218.6,0.8,0.85,0.908779,-0.000852,0.025642,0.00193,0.192759,0.018402,0.584714,50.318043,6.781083,49.535122,9.370532,4.0,0.0001846,5,342,0.09926,0.14035,0.07,0.0,100,0.8,1.0,,,-0.03,0.00856,0.00043,-0.0056,0.00067,-0.0154,0.42792
1129,1156096,51.69133,205.16667,0.83333,0.84,1.028558,-0.001383,0.021448,0.002126,0.157341,0.011673,0.601966,51.855576,6.717155,52.689835,8.190975,4.0,0.00018449,6,325,0.09587,0.13226,0.07,0.0,100,1.0,1.0,,,-0.03,0.00842,0.00047,-0.00552,0.00165,-0.01887,0.4641
1130,1157120,64.01329,211.5,1.0,0.85,0.883671,-0.001343,0.014388,0.002574,0.160173,0.025681,0.6557,53.492035,7.693852,54.239578,7.387082,4.0,0.00018439,4,311,0.10076,0.13674,0.06,0.0,100,1.0,1.0,,,-0.03,0.00832,0.00013,-0.0067,0.00182,-0.01339,0.43579
1131,1158144,39.20048,217.66667,0.66667,0.84,0.925622,-0.000526,0.023158,0.001552,0.271249,0.011826,0.670569,55.022388,7.26756,53.214088,9.391385,4.0,0.00018429,3,310,0.10361,0.13555,0.06,0.0,100,1.0,1.0,,,-0.03,0.00802,-0.00012,-0.00543,-0.00877,-0.0124,0.21439
1132,1159168,28.65246,195.25,0.5,0.82,0.839301,-0.000596,0.031524,0.001515,0.24754,0.00856,0.587495,51.382381,6.811809,49.86507,9.905325,4.0,0.00018419,4,98,0.10433,0.13344,0.06,0.0,100,0.75,0.0,,,-0.03,0.00947,-0.00036,-0.00265,0.00067,-0.01441,0.22765
1133,1160192,43.13915,269.25,0.75,0.82,0.971662,-0.001661,0.01615,0.002134,0.16844,0.0271,0.678859,48.594624,6.51017,48.079826,7.718886,4.0,0.00018408,4,133,0.10692,0.14175,0.06,0.0,100,1.0,0.0,,,-0.03,0.00958,-0.00019,-0.00557,-0.00098,-0.01538,0.29101
1134,1161216,46.39992,294.0,0.75,0.82,0.733213,-0.001414,0.015164,0.001555,0.130174,0.016937,0.73048,46.11742,7.557988,46.219452,8.414073,4.0,0.00018398,4,112,0.11552,0.15084,0.07,0.0,100,1.0,0.33333,,,-0.03,0.0089,-6e-05,-0.00528,-0.00031,-0.01003,0.39972
1135,1162240,64.53829,209.33333,1.0,0.82,0.751827,-0.001397,0.014273,0.001311,0.12733,0.011658,0.826997,47.189091,9.191874,47.60334,10.029197,4.0,0.00018388,3,154,0.11655,0.14509,0.07,0.0,100,0.66667,1.0,,,-0.03,0.0063,-0.00107,-0.00875,0.0051,-0.01363,0.39834
1136,1163264,63.67663,237.0,1.0,0.83,0.857454,-0.001938,0.004334,0.002038,0.137781,0.018143,0.958077,46.748268,10.891259,46.24609,11.183192,4.0,0.00018378,2,306,0.10759,0.13805,0.07,0.0,100,0.5,0.0,,,-0.03,0.00787,-0.00049,-0.00425,0.00442,-0.01191,0.23324
1137,1164288,35.14611,374.6,0.6,0.81,0.948668,-0.001807,0.006844,0.002634,0.137829,0.025665,0.909686,49.527527,9.445728,49.641422,9.971845,4.0,0.00018367,5,332,0.10416,0.12621,0.09,0.0,100,0.8,1.0,,,-0.03,0.00675,-0.00103,-0.00545,0.00562,-0.01603,0.30617
1138,1165312,51.79911,247.0,0.8,0.81,1.031824,-0.003275,0.007778,0.003083,0.212137,0.02832,0.88097,48.0214,8.152467,47.851009,9.463179,4.0,0.00018357,5,317,0.10302,0.13253,0.1,0.0,100,0.2,1.0,,,-0.03,0.00665,-0.00062,-0.00461,-0.00112,-0.01244,0.40095
1139,1166336,47.30565,280.8,0.8,0.81,0.79744,-0.001886,0.016486,0.002181,0.153443,0.022018,0.809759,46.516506,9.248187,46.946239,10.297998,4.0,0.00018347,5,339,0.10337,0.13701,0.1,0.0,100,0.8,1.0,,,-0.03,0.00822,-0.00034,-0.00651,0.00405,-0.01462,0.48481
1140,1167360,54.24506,172.83333,0.83333,0.81,1.055726,-0.001562,0.015394,0.00226,0.188267,0.019806,0.863474,50.962513,10.462237,52.133751,11.975597,4.0,0.00018337,6,334,0.08558,0.11596,0.09,0.0,100,0.33333,1.0,,,-0.03,0.0087,0.0002,-0.00703,0.01235,-0.01654,0.47936
1141,1168384,68.01421,144.66667,1.0,0.81,1.010223,-0.004047,0.005751,0.003263,0.201061,0.041855,0.949788,50.384727,11.168577,50.665192,11.700808,4.0,0.00018326,3,321,0.0913,0.12874,0.09,0.0,100,0.0,0.0,,,-0.03,0.00823,0.00015,-0.00907,0.00121,-0.01041,0.30382
1142,1169408,42.23166,242.66667,0.66667,0.79,0.863481,-0.000841,0.023857,0.001415,0.264631,0.006775,0.774214,49.728008,10.360983,48.810276,12.53777,4.0,0.00018316,6,341,0.09188,0.12376,0.1,0.0,100,0.66667,1.0,,,-0.03,0.00884,-0.00074,-0.00871,0.00684,-0.01706,0.44024
1143,1170432,53.99987,168.83333,0.83333,0.79,0.98185,-0.001534,0.014253,0.002739,0.157411,0.022018,0.897113,50.80687,11.456048,50.694138,13.43939,4.0,0.00018306,6,315,0.08919,0.12572,0.1,0.0,100,0.5,0.0,,,-0.03,0.00909,-0.00057,-0.00625,0.00173,-0.01466,0.49636
1144,1171456,50.50866,214.4,0.8,0.8,0.907517,-0.001173,0.03808,0.002267,0.169793,0.020691,0.678635,50.998772,10.879002,50.737221,12.283276,4.0,0.00018296,5,319,0.09263,0.12436,0.09,0.0,100,0.8,1.0,,,-0.03,0.00871,-0.00097,-0.00556,0.00061,-0.01629,0.42201
1145,1172480,65.93345,180.0,1.0,0.82,0.844341,-0.001683,0.016996,0.001775,0.172897,0.017426,0.746713,52.369797,8.69824,51.592583,9.164589,4.0,0.00018285,3,337,0.10274,0.13151,0.08,0.0,100,1.0,1.0,,,-0.03,0.00964,-0.00079,-0.00233,-0.00053,-0.0118,0.35556
1146,1173504,62.79392,263.66667,1.0,0.83,0.869302,-0.001899,0.013867,0.001852,0.160869,0.016647,0.825404,48.390907,9.45745,48.113541,9.835417,4.0,0.00018275,3,294,0.09654,0.12702,0.07,0.0,100,0.66667,0.0,,,-0.03,0.00698,-0.00104,-0.00469,0.00226,-0.0155,0.33063
1147,1174528,62.83583,237.5,1.0,0.83,0.797488,-0.001476,0.016153,0.00195,0.163607,0.015411,0.82869,46.360188,10.027343,46.169037,10.967363,4.0,0.00018265,4,329,0.10927,0.14084,0.07,0.0,100,1.0,1.0,,,-0.03,0.00729,-0.00094,-0.00665,-0.00212,-0.0132,0.48315
1148,1175552,41.08586,317.66667,0.66667,0.82,0.488981,-0.001006,0.014241,0.001023,0.143945,0.008118,0.873766,42.031631,11.360661,41.279686,11.669219,4.0,0.00018255,3,375,0.13817,0.16373,0.08,0.0,100,0.33333,0.0,,,-0.03,0.00932,-0.00271,-0.00177,-0.00198,-0.00945,0.39979
1149,1176576,44.34934,349.75,0.75,0.81,0.592894,-0.001668,0.011584,0.001843,0.154153,0.018631,0.886592,42.863647,10.59756,43.274616,11.313984,4.0,0.00018244,4,399,0.10717,0.12949,0.09,0.0,100,0.75,0.83333,,,-0.03,0.01108,-0.00164,-0.00598,0.00667,-0.01522,0.47143
1150,1177600,64.56412,228.66667,1.0,0.82,0.843509,-0.001186,0.016969,0.002407,0.147597,0.02211,0.749201,46.798607,9.196259,47.124001,9.418561,4.0,0.00018234,3,341,0.08546,0.11333,0.08,0.0,100,0.66667,0.0,,,-0.03,0.0078,-0.00133,-0.00747,0.0032,-0.01316,0.34727
1151,1178624,44.49646,243.85714,0.71429,0.8,0.952326,-0.000888,0.019222,0.000895,0.131247,0.00502,0.857161,50.709599,10.844673,50.016068,12.932755,4.0,0.00018224,7,336,0.08567,0.11759,0.09,0.0,100,1.0,0.0,,,-0.03,0.00857,-0.00055,-0.00851,0.00119,-0.01342,0.53169
1152,1179648,54.73633,229.33333,0.83333,0.81,1.03542,-0.002309,0.011266,0.002221,0.21229,0.021896,0.760655,53.685627,6.868878,54.753197,7.581449,4.0,0.00018214,6,330,0.09136,0.12009,0.1,0.0,100,0.33333,1.0,,,-0.03,0.00615,-0.00041,-0.00427,0.00848,-0.01511,0.47717
1153,1180672,64.97034,198.4,1.0,0.81,1.171958,-0.002269,0.013163,0.003806,0.183623,0.03598,0.711887,56.02552,7.851161,56.257263,7.975249,4.0,0.00018204,5,320,0.08457,0.10865,0.1,0.0,100,0.4,0.0,,,-0.03,0.00704,-0.0006,-0.00667,0.0052,-0.04202,0.42874
1154,1181696,65.91636,136.0,1.0,0.81,1.101011,-0.002666,0.009618,0.002693,0.321899,0.027084,0.825349,55.253952,7.685643,53.354977,8.166521,4.0,0.00018193,1,325,0.09917,0.12162,0.1,0.0,100,0.0,0.0,,,-0.03,0.00585,-0.00102,-0.00447,-0.00338,-0.04932,0.09531
1155,1182720,64.61443,202.0,1.0,0.81,0.890385,-0.002713,0.008834,0.002648,0.2618,0.027313,0.879971,47.656799,8.896436,46.26405,9.549335,4.0,0.00018183,2,315,0.1059,0.11816,0.1,0.0,100,0.5,0.0,,,-0.03,0.00768,-0.00139,-0.00465,-0.00134,-0.03144,0.23974
1156,1183744,39.18794,251.0,0.66667,0.83,0.937896,-0.002018,0.016603,0.002782,0.221017,0.032883,0.850617,45.058975,10.384385,43.869415,11.659852,4.0,0.00018173,3,298,0.09969,0.11991,0.1,0.0,100,0.66667,0.0,,,-0.03,0.00661,-0.00082,-0.00412,-0.00506,-0.01766,0.21844
1157,1184768,-3.8458,408.75,0.25,0.81,0.867796,-0.001311,0.022463,0.00215,0.22024,0.023132,0.812136,45.639748,11.90414,44.537086,13.062588,4.0,0.00018163,4,305,0.0979,0.11899,0.12,0.0,100,0.5,0.0,,,-0.03,0.00715,-0.0003,-0.00756,0.00372,-0.01125,0.11151
1158,1185792,32.66006,341.0,0.66667,0.8,0.804127,-0.002299,0.013681,0.003062,0.186359,0.037308,0.868388,50.56963,11.242997,50.640137,11.516253,4.0,0.00018152,6,328,0.09992,0.12722,0.13,0.0,100,0.33333,0.75,,,-0.03,0.0061,-0.00029,-0.00857,0.00039,-0.01345,0.4872
1159,1186816,65.37046,176.25,1.0,0.8,0.873043,-0.001203,0.013944,0.001375,0.142484,0.009293,0.869366,49.757126,10.784803,50.243164,11.507129,4.0,0.00018142,4,337,0.09024,0.11537,0.13,0.0,100,0.0,0.0,,,-0.03,0.00909,0.00028,-0.00866,0.00559,-0.01407,0.42384
1160,1187840,55.24586,215.0,0.83333,0.81,0.951783,-0.002266,0.007343,0.002079,0.172619,0.016525,0.923002,50.280945,10.126533,50.708485,11.190899,4.0,0.00018132,6,331,0.09302,0.11814,0.12,0.0,100,0.16667,0.0,,,-0.03,0.00729,0.00052,-0.00484,0.00628,-0.01517,0.51021
1161,1188864,65.71506,199.14286,1.0,0.82,0.873952,-0.001327,0.029573,0.002927,0.169473,0.033447,0.633437,51.610382,10.361025,52.307503,10.19967,4.0,0.00018122,7,337,0.09626,0.12444,0.11,0.0,100,0.42857,1.0,,,-0.03,0.00811,0.00054,-0.00682,0.0026,-0.01906,0.78158
1162,1189888,66.91222,153.66667,1.0,0.83,0.874635,-0.001044,0.016696,0.001426,0.115955,0.010941,0.736311,52.398621,8.535873,52.714325,8.95521,4.0,0.00018111,3,355,0.09624,0.13217,0.1,0.0,100,0.33333,1.0,,,-0.03,0.00704,-0.00014,-0.00406,-0.00024,-0.00969,0.34136
1163,1190912,66.25767,157.5,1.0,0.84,0.667192,-0.00205,0.004997,0.001869,0.147203,0.018692,0.907606,50.23275,7.932201,50.019249,8.780397,4.0,0.00018101,2,376,0.10667,0.13769,0.1,0.0,100,0.0,0.0,,,-0.03,0.00605,0.00013,-0.00238,0.00613,-0.00886,0.29277
1164,1191936,52.24457,243.4,0.8,0.83,0.672809,-0.001683,0.005501,0.001479,0.143792,0.013718,0.930428,48.505318,9.444173,48.565536,9.924376,4.0,0.00018091,5,386,0.09758,0.12489,0.11,0.0,100,0.2,1.0,,,-0.03,0.00636,-4e-05,-0.00791,0.00314,-0.01391,0.57277
1165,1192960,65.91524,186.33333,1.0,0.83,0.517225,-0.001681,0.007739,0.00125,0.151677,0.008377,0.904254,48.740696,9.529396,48.200954,9.938709,4.0,0.00018081,3,404,0.10638,0.13302,0.11,0.0,100,0.33333,0.0,,,-0.03,0.00649,-0.00072,-0.00588,-0.00454,-0.01012,0.56807
1166,1193984,7.87264,400.6,0.2,0.81,0.839104,-0.000853,0.030011,0.001617,0.198279,0.018539,0.699404,49.740021,8.089129,48.559486,11.141915,4.0,0.0001807,5,348,0.08247,0.11404,0.12,0.0,100,0.8,0.0,,,-0.03,0.00754,0.00095,-0.00609,0.00358,-0.01454,0.10943
1167,1195008,42.16107,221.0,0.66667,0.8,0.85203,-0.000987,0.030722,0.001922,0.214133,0.014908,0.749194,49.006187,9.559632,47.323082,13.179805,4.0,0.0001806,6,343,0.1011,0.13265,0.12,0.0,100,0.5,1.0,,,-0.03,0.00505,-3e-05,-0.00754,-0.00011,-0.01886,0.45601
1168,1196032,66.90559,141.25,1.0,0.8,0.878051,-0.001959,0.017518,0.002424,0.196696,0.021698,0.883293,48.362656,11.994459,47.926689,13.283462,4.0,0.0001805,4,347,0.10261,0.13174,0.12,0.0,100,0.5,0.0,,,-0.03,0.00713,7e-05,-0.00387,0.00111,-0.01198,0.46617
1169,1197056,29.41609,268.0,0.5,0.8,0.70391,-0.001404,0.010264,0.001081,0.296875,0.008224,0.951655,41.838142,14.555801,39.952724,15.486673,4.0,0.0001804,2,378,0.11586,0.14614,0.12,0.0,100,0.5,0.0,,,-0.03,0.00622,-0.00038,-0.00266,-0.00049,-0.00745,0.14349
1170,1198080,47.70031,279.4,0.8,0.79,0.797225,-0.00136,0.024271,0.001741,0.232092,0.01651,0.854592,41.308136,15.198083,40.212029,14.949708,4.0,0.00018029,5,356,0.10792,0.14308,0.12,0.0,100,0.4,0.71429,,,-0.03,0.00743,-0.0002,-0.00754,-0.00619,-0.01252,0.48473
1171,1199104,43.12695,149.33333,0.66667,0.78,0.56903,-0.002164,0.019466,0.001719,0.326013,0.018997,0.889568,35.866577,14.162444,34.277,15.386395,4.0,0.00018019,3,402,0.11291,0.14117,0.12,0.0,100,0.66667,0.0,,,-0.03,0.00698,-0.0007,-0.00783,0.00283,-0.01215,0.3554
1172,1200128,-10.12913,458.0,0.0,0.76,0.536526,-0.001323,0.010691,0.001,0.337857,0.013031,0.945046,36.380463,15.093965,34.135452,14.874459,4.0,0.00018009,2,401,0.11902,0.15483,0.13,0.0,100,1.0,1.0,,,-0.03,0.00792,-0.00075,-0.00567,-0.00959,-0.00934,-0.00507
1173,1201152,34.27854,259.71429,0.57143,0.75,0.829741,-0.000965,0.034677,0.001252,0.135008,0.0065,0.860358,39.158203,15.73529,39.15831,17.969013,4.0,0.00017999,7,354,0.087,0.11793,0.12,0.0,100,1.0,0.0,,,-0.03,0.00787,-0.0,-0.0075,0.01134,-0.02419,0.45834
1174,1202176,57.20429,193.0,0.85714,0.75,1.059646,-0.00203,0.012044,0.002397,0.234809,0.015244,0.935898,46.701633,14.710711,47.939888,15.843018,4.0,0.00017988,7,309,0.08493,0.11729,0.12,0.0,100,0.28571,1.0,,,-0.03,0.00714,0.00023,-0.00632,0.00933,-0.01948,0.56201
1175,1203200,67.41167,135.16667,1.0,0.77,1.043535,-0.003331,0.012634,0.002764,0.156564,0.029739,0.937246,48.420353,15.056386,48.509495,15.899442,4.0,0.00017978,6,320,0.09439,0.12765,0.11,0.0,100,0.33333,0.0,,,-0.03,0.00772,-0.00014,-0.00791,-0.00097,-0.015,0.5829
1176,1204224,52.77484,209.4,0.8,0.76,0.804235,-0.001739,0.017429,0.002245,0.212892,0.020889,0.900827,46.507851,13.312055,45.779369,14.976044,4.0,0.00017968,5,346,0.09305,0.12505,0.11,0.0,100,0.4,0.0,,,-0.03,0.00743,0.00052,-0.00475,0.00536,-0.01592,0.48305
1177,1205248,65.3984,194.4,1.0,0.76,0.889967,-0.00099,0.0297,0.001679,0.235721,0.013702,0.889356,43.360687,17.677193,44.758003,18.526438,4.0,0.00017958,5,348,0.09889,0.1338,0.11,0.0,100,0.4,1.0,,,-0.03,0.00787,0.00014,-0.00713,0.00785,-0.01571,0.55894
1178,1206272,68.81953,115.0,1.0,0.77,0.774348,-0.002661,0.013343,0.001661,0.23614,0.014465,0.963608,40.920124,20.542391,40.101646,20.817352,4.0,0.00017948,3,365,0.10419,0.13643,0.11,0.0,100,0.33333,0.0,,,-0.03,0.00657,0.00029,-0.00511,-0.00429,-0.01045,0.40607
1179,1207296,36.36173,355.8,0.6,0.79,0.654224,-0.001514,0.016381,0.001416,0.141227,0.01506,0.955336,38.084724,20.447182,37.816322,20.96323,4.0,0.00017937,5,383,0.10059,0.12683,0.1,0.0,100,0.6,0.0,,,-0.03,0.00524,-0.00064,-0.0047,0.00585,-0.01567,0.45738
1180,1208320,48.7978,215.88889,0.77778,0.78,0.984371,-0.001392,0.03509,0.002274,0.138653,0.020233,0.879266,47.169144,17.485186,47.964729,19.148104,4.0,0.00017927,9,328,0.08868,0.12247,0.09,0.0,100,0.44444,1.0,,,-0.03,0.00408,0.00078,-0.00882,0.00677,-0.02651,0.70488
1181,1209344,67.55769,122.33333,1.0,0.79,1.200771,-0.002819,0.011251,0.002697,0.195835,0.027512,0.750376,57.789864,6.54815,58.507782,7.226349,4.0,0.00017917,6,306,0.08347,0.11783,0.08,0.0,100,0.16667,1.0,,,-0.03,0.00314,0.00072,-0.0074,0.00664,-0.01816,0.50915
1182,1210368,68.04177,122.8,1.0,0.79,1.042698,-0.004089,0.009915,0.003908,0.220167,0.048584,0.902506,55.542065,10.094715,55.155754,11.237718,4.0,0.00017907,5,321,0.08288,0.11321,0.08,0.0,100,0.0,0.0,,,-0.03,0.00803,0.00054,-0.00745,0.00362,-0.01453,0.47232
1183,1211392,66.38674,149.0,1.0,0.79,0.623758,-0.002366,0.012987,0.001877,0.372998,0.020157,0.952589,47.262238,17.220219,44.963234,17.461086,4.0,0.00017896,1,395,0.10848,0.13441,0.08,0.0,100,0.0,0.0,,,-0.03,0.00563,-0.00033,-0.00297,-0.0035,-0.00759,0.16971
1184,1212416,59.10263,345.0,1.0,0.79,0.560432,-0.001474,0.027612,0.001707,0.227097,0.017273,0.880217,33.788422,17.948353,33.280571,17.673447,4.0,0.00017886,3,403,0.08792,0.12065,0.08,0.0,100,0.66667,1.0,,,-0.03,0.00674,0.00056,-0.00719,-0.00852,-0.01874,0.51346
1185,1213440,28.57284,267.0,0.5,0.77,0.610139,-0.001674,0.013773,0.001259,0.204674,0.01152,0.954598,35.985512,17.833649,34.919601,19.122101,4.0,0.00017876,4,389,0.09677,0.12516,0.08,0.0,100,0.75,0.0,,,-0.03,0.00682,0.00071,-0.0087,0.00776,-0.01596,0.32305
1186,1214464,35.47668,295.14286,0.57143,0.75,0.843942,-0.001656,0.008371,0.00149,0.142737,0.011475,0.969856,41.740246,18.106462,41.790562,19.488245,4.0,0.00017866,7,344,0.08021,0.11028,0.09,0.0,100,0.42857,1.0,,,-0.03,0.00701,0.00042,-0.00985,0.00799,-0.01809,0.47421
1187,1215488,64.75098,213.75,1.0,0.78,0.937855,-0.001745,0.031261,0.00179,0.229122,0.01828,0.797878,47.586975,14.380779,46.991875,14.366939,4.0,0.00017855,4,334,0.08487,0.1138,0.08,0.0,100,0.0,0.0,,,-0.03,0.0052,0.00048,-0.00507,-0.00326,-0.01168,0.42889
1188,1216512,67.2953,145.0,1.0,0.79,0.742876,-0.001594,0.014312,0.001597,0.21155,0.0159,0.942749,40.890175,17.124575,40.10144,17.644077,4.0,0.00017845,2,378,0.09153,0.12351,0.07,0.0,100,0.5,0.0,,,-0.03,0.00468,0.00075,-0.00488,0.01013,-0.00852,0.28996
1189,1217536,58.10078,384.5,1.0,0.79,0.751489,-0.001282,0.024851,0.001694,0.213123,0.016983,0.875146,39.075455,17.574223,39.39452,16.45717,4.0,0.00017835,2,367,0.09964,0.11463,0.07,0.0,100,1.0,0.0,,,-0.03,0.0052,-0.00034,-0.00478,0.00395,-0.01714,0.27165
1190,1218560,23.17527,492.5,0.5,0.79,1.06525,-0.001464,0.015969,0.00247,0.260262,0.026291,0.860663,47.373882,11.698418,45.966789,11.972084,4.0,0.00017825,2,335,0.09384,0.10527,0.07,0.0,100,1.0,0.0,,,-0.03,0.00529,0.00011,-0.00391,0.00331,-0.01284,0.08625
1191,1219584,54.65316,314.5,1.0,0.8,0.960091,-0.002293,0.013993,0.002343,0.222369,0.018555,0.88385,41.700867,12.117164,40.593014,12.287414,4.0,0.00017814,2,370,0.09733,0.1158,0.07,0.0,100,0.0,0.0,,,-0.03,0.00654,-0.00047,-0.00379,-0.00178,-0.01168,0.22781
1192,1220608,37.71865,358.33333,0.66667,0.79,0.959507,-0.003452,0.017347,0.00296,0.193842,0.038239,0.892319,41.501369,13.492202,41.338245,14.315218,4.0,0.00017804,6,339,0.08924,0.11886,0.09,0.0,100,0.0,1.0,,,-0.03,0.00743,0.00034,-0.0073,0.00423,-0.01483,0.42829
1193,1221632,49.71231,149.25,0.75,0.79,0.774908,-0.001441,0.026793,0.001809,0.138951,0.014145,0.865939,39.080299,14.143683,38.693184,15.564461,4.0,0.00017794,4,375,0.09136,0.12209,0.09,0.0,100,0.25,1.0,,,-0.03,0.00589,0.00076,-0.00537,0.00342,-0.01021,0.40624
1194,1222656,47.92441,278.0,0.75,0.8,0.864216,-0.00167,0.029149,0.001977,0.159887,0.018295,0.840451,41.037605,13.965605,41.135548,14.740057,4.0,0.00017784,4,355,0.0884,0.12104,0.09,0.0,100,0.75,0.0,,,-0.03,0.00762,0.00051,-0.00636,0.00104,-0.01196,0.35669
1195,1223680,41.94208,239.0,0.66667,0.81,1.090731,-0.001282,0.024297,0.002279,0.205236,0.023376,0.819013,47.436707,11.512298,48.10181,13.041167,4.0,0.00017773,6,327,0.08691,0.11966,0.09,0.0,100,0.5,1.0,,,-0.03,0.00728,0.0004,-0.00666,0.0051,-0.0211,0.37917
1196,1224704,64.48647,197.83333,1.0,0.83,1.236055,-0.001716,0.012103,0.002623,0.262411,0.02153,0.724628,55.006149,8.732125,56.651234,7.901589,4.0,0.00017763,6,311,0.08757,0.11624,0.08,0.0,100,0.16667,1.0,,,-0.03,0.00539,0.00074,-0.00416,0.01346,-0.01902,0.50163
1197,1225728,66.19952,158.71429,1.0,0.83,1.268464,-0.002368,0.012257,0.002189,0.189284,0.023758,0.768853,54.522797,7.228834,55.214996,7.830714,4.0,0.00017753,7,305,0.09538,0.1201,0.08,0.0,100,0.0,0.0,,,-0.03,0.00666,0.00061,-0.00689,0.00606,-0.01648,0.58256
1198,1226752,67.45087,149.4,1.0,0.84,1.130927,-0.001389,0.01635,0.002377,0.147464,0.013031,0.796283,55.215122,10.13259,55.652908,9.942338,4.0,0.00017743,5,327,0.09527,0.11862,0.08,0.0,100,0.0,1.0,,,-0.03,0.00755,0.00027,-0.00496,0.00593,-0.01827,0.4674
1199,1227776,50.76435,218.4,0.8,0.83,1.099253,-0.000783,0.023169,0.00153,0.190536,0.014679,0.690463,56.976131,8.537604,56.097748,10.569161,4.0,0.00017732,5,332,0.096,0.1148,0.08,0.0,100,0.4,0.75,,,-0.03,0.00575,0.00018,-0.0038,0.00782,-0.01728,0.38803
1200,1228800,60.63253,254.75,1.0,0.83,1.186963,-0.001806,0.009114,0.001828,0.166012,0.014679,0.657221,57.718307,6.096125,57.561165,5.790982,4.0,0.00017722,4,319,0.10341,0.13108,0.08,0.0,100,0.0,1.0,,,-0.03,0.00547,0.00019,-0.00645,-0.00083,-0.01609,0.35586
1201,1229824,61.31211,249.0,1.0,0.85,1.014082,-0.002081,0.008763,0.001763,0.178434,0.01535,0.829901,55.570946,7.635358,55.017826,7.859597,4.0,0.00017712,4,351,0.10324,0.12412,0.06,0.0,100,0.25,0.0,,,-0.03,0.00588,-0.00012,-0.00081,0.00376,-0.01693,0.43341
1202,1230848,60.46325,253.0,1.0,0.85,1.16833,-0.002949,0.00508,0.00296,0.249582,0.031097,0.90944,54.677872,7.850094,53.451569,7.911458,4.0,0.00017702,1,321,0.09325,0.11423,0.06,0.0,100,0.0,0.0,,,-0.03,0.00391,0.00015,-0.00268,0.00529,-0.0148,0.09338
1203,1231872,60.71035,234.0,1.0,0.85,0.914402,-0.001997,0.006909,0.002251,0.193148,0.021027,0.884137,49.234715,8.302798,48.545937,8.368325,4.0,0.00017692,2,376,0.1059,0.11322,0.06,0.0,100,0.5,0.0,,,-0.03,0.00624,-0.00092,-0.00112,-0.0022,-0.01383,0.24289
1204,1232896,18.49843,397.2,0.4,0.83,1.146864,-0.001284,0.019719,0.002121,0.205592,0.021866,0.674871,50.580959,5.916424,49.443886,8.543509,4.0,0.00017681,5,328,0.09451,0.11721,0.08,0.0,100,0.6,1.0,,,-0.03,0.00599,-0.00025,-0.00524,0.00314,-0.01885,0.17908
1205,1233920,62.23622,236.85714,1.0,0.84,1.204447,-0.002065,0.013633,0.001844,0.220035,0.014282,0.714432,51.036652,6.114323,52.029663,7.950333,4.0,0.00017671,7,313,0.0878,0.11449,0.08,0.0,100,0.14286,0.0,,,-0.03,0.00516,0.00064,-0.00386,0.01006,-0.02215,0.58411
1206,1234944,64.99921,174.33333,1.0,0.84,1.212272,-0.001441,0.016331,0.001643,0.212032,0.010757,0.675629,53.664032,7.664643,54.591969,7.818872,4.0,0.00017661,6,312,0.08871,0.11009,0.08,0.0,100,0.33333,0.0,,,-0.03,0.00387,0.00069,-0.00511,0.00878,-0.021,0.52396
1207,1235968,66.90344,136.33333,1.0,0.85,1.14937,-0.002101,0.01035,0.002352,0.174947,0.016434,0.845636,54.018402,7.784523,54.440559,8.868981,4.0,0.00017651,6,319,0.098,0.12843,0.08,0.0,100,0.33333,0.0,,,-0.03,0.00455,0.00053,-0.00526,0.00553,-0.01714,0.55992
1208,1236992,64.85528,168.0,1.0,0.86,0.98986,-0.002577,0.009135,0.001955,0.156222,0.020782,0.871215,53.064064,8.265969,52.9007,9.106922,4.0,0.0001764,4,342,0.0947,0.12189,0.08,0.0,100,0.25,1.0,,,-0.03,0.0052,0.00028,-0.004,0.00157,-0.01619,0.42373
1209,1238016,56.07115,163.14286,0.85714,0.88,0.908359,-0.000921,0.019448,0.001722,0.120859,0.016571,0.819398,51.393646,9.283502,51.885952,11.890773,4.0,0.0001763,7,334,0.0979,0.12375,0.06,0.0,100,0.42857,0.0,,,-0.03,0.00814,0.00021,-0.00439,0.00788,-0.01749,0.67175
1210,1239040,63.11964,261.25,1.0,0.88,1.072885,-0.002723,0.010642,0.003007,0.148704,0.025894,0.822414,56.650692,8.385776,56.696499,8.497052,4.0,0.0001762,4,329,0.09067,0.12269,0.06,0.0,100,0.25,0.0,,,-0.03,0.00639,0.00071,-0.00353,0.00553,-0.01652,0.37682
1211,1240064,51.79478,251.0,0.8,0.88,1.029454,-0.002144,0.008951,0.002511,0.172118,0.02681,0.839803,55.898739,7.993088,55.883659,8.196099,4.0,0.0001761,5,314,0.09362,0.12375,0.07,0.0,100,0.4,0.0,,,-0.03,0.00559,0.00033,-0.00673,0.0019,-0.01088,0.40631
1212,1241088,67.03001,144.4,1.0,0.9,0.917949,-0.002161,0.012203,0.002972,0.155536,0.030472,0.843217,53.604679,8.878753,53.840363,9.664742,4.0,0.00017599,5,350,0.08977,0.11657,0.05,0.0,100,0.2,1.0,,,-0.03,0.00561,0.00045,-0.00593,0.00949,-0.01836,0.55482
1213,1242112,38.64149,278.0,0.66667,0.89,0.911893,-0.001508,0.023261,0.00212,0.252223,0.020767,0.78211,54.668205,9.186829,53.137634,11.268532,4.0,0.00017589,3,329,0.08657,0.1182,0.05,0.0,100,1.0,0.0,,,-0.03,0.00466,0.00054,-0.00509,0.00049,-0.01283,0.20663
1214,1243136,34.13264,301.0,0.6,0.88,0.925977,-0.00106,0.020322,0.001609,0.184953,0.010757,0.857402,52.166363,11.597669,51.219421,13.296932,4.0,0.00017579,5,325,0.08188,0.10436,0.06,0.0,100,0.2,1.0,,,-0.03,0.00682,0.00032,-0.00607,0.01113,-0.01692,0.32511
1215,1244160,65.88405,172.6,1.0,0.9,1.133589,-0.002638,0.011612,0.002622,0.168627,0.022079,0.885353,53.09864,10.415099,52.974049,11.088638,4.0,0.00017569,5,322,0.08376,0.11284,0.04,0.0,100,0.2,1.0,,,-0.03,0.00523,0.00082,-0.00451,0.00779,-0.01411,0.44998
1216,1245184,67.04345,151.8,1.0,0.91,0.902638,-0.002353,0.00885,0.0025,0.158988,0.022644,0.936789,50.164814,12.100773,50.279362,12.85577,4.0,0.00017558,5,347,0.09012,0.11522,0.04,0.0,100,0.4,0.0,,,-0.03,0.00755,0.00063,-0.00377,0.00607,-0.0172,0.56965
1217,1246208,67.34657,147.6,1.0,0.91,0.864108,-0.002106,0.004299,0.002125,0.172805,0.020615,0.97173,50.40723,13.518652,50.800751,14.075144,4.0,0.00017548,5,359,0.09126,0.11533,0.04,0.0,100,0.0,0.5,,,-0.03,0.0064,0.0001,-0.00549,0.0079,-0.01567,0.59956
1218,1247232,57.23035,198.28571,0.85714,0.9,0.943009,-0.002365,0.012326,0.001912,0.157266,0.017014,0.898021,52.111668,11.359083,52.516167,12.175957,4.0,0.00017538,7,337,0.09027,0.12005,0.05,0.0,100,0.28571,0.0,,,-0.03,0.00775,0.00089,-0.00351,0.00582,-0.01829,0.6474
1219,1248256,30.65126,297.83333,0.5,0.87,0.814244,-0.000947,0.024538,0.001386,0.304028,0.00737,0.835802,49.637653,11.922338,48.076149,13.880915,4.0,0.00017528,6,352,0.091,0.11332,0.07,0.0,100,0.33333,0.0,,,-0.03,0.00892,0.0005,-0.00574,-0.00036,-0.01663,0.36942
1220,1249280,55.91232,155.33333,0.83333,0.87,1.027345,-0.001923,0.013111,0.001838,0.155414,0.017365,0.939553,48.540577,14.603535,48.260983,16.789707,4.0,0.00017517,6,326,0.08386,0.11116,0.07,0.0,100,0.16667,0.0,,,-0.03,0.00755,0.00076,-0.00704,0.00595,-0.01642,0.49578
1221,1250304,68.71973,121.25,1.0,0.87,0.840862,-0.001611,0.017586,0.000987,0.22398,0.005463,0.935175,46.356518,17.304991,45.353027,18.19072,4.0,0.00017507,4,349,0.08508,0.11138,0.07,0.0,100,0.0,0.0,,,-0.03,0.01051,0.00099,-0.00532,0.00357,-0.01727,0.4679
1222,1251328,47.88589,220.75,0.75,0.86,0.681632,-0.001516,0.011436,0.001694,0.130283,0.019669,0.963625,41.248177,18.540052,41.042847,19.55905,4.0,0.00017497,4,380,0.09562,0.11828,0.07,0.0,100,0.25,0.0,,,-0.03,0.00892,0.00029,-0.00542,0.00689,-0.01762,0.43509
1223,1252352,67.05697,159.0,1.0,0.87,0.787566,-0.002103,0.010638,0.002305,0.152304,0.025497,0.963149,45.694656,18.258286,46.058125,18.486759,4.0,0.00017487,3,372,0.09297,0.10935,0.06,0.0,100,0.33333,1.0,,,-0.03,0.00755,0.00047,-0.00295,0.00954,-0.01137,0.38958
1224,1253376,50.03046,235.25,0.75,0.88,0.706015,-0.002278,0.006908,0.001619,0.192039,0.014252,0.961576,45.187744,15.552596,44.398502,15.570683,4.0,0.00017476,4,386,0.10184,0.11973,0.06,0.0,100,0.25,0.0,,,-0.03,0.00745,-0.0004,-0.00408,0.00439,-0.0167,0.43513
1225,1254400,46.65157,315.625,0.75,0.86,1.034863,-0.000899,0.024213,0.002485,0.264075,0.015778,0.791012,51.885143,12.438222,53.514938,11.844167,4.0,0.00017466,8,324,0.08808,0.11097,0.08,0.0,100,0.5,1.0,,,-0.03,0.00735,0.00042,-0.00431,0.00928,-0.01888,0.55353
1226,1255424,69.11374,122.0,1.0,0.86,1.170268,-0.002467,0.012333,0.002875,0.154288,0.024414,0.596235,59.355827,6.132864,59.810986,6.233606,4.0,0.00017456,7,309,0.08644,0.11328,0.08,0.0,100,0.28571,1.0,,,-0.03,0.00853,0.00093,-0.00446,0.00849,-0.0185,0.59178
1227,1256448,67.55767,147.25,1.0,0.86,1.0092,-0.002292,0.014068,0.001977,0.165322,0.01915,0.7621,56.956486,8.055599,56.54734,8.625051,4.0,0.00017446,4,325,0.08608,0.11257,0.08,0.0,100,0.25,0.0,,,-0.03,0.00832,0.00068,-0.00628,0.00363,-0.01549,0.39812
1228,1257472,53.89098,203.71429,0.85714,0.86,1.014121,-0.001573,0.025306,0.002244,0.24369,0.016266,0.801154,56.499756,9.984338,55.428478,12.674279,4.0,0.00017436,7,313,0.0858,0.11623,0.08,0.0,100,0.14286,1.0,,,-0.03,0.00833,0.00057,-0.00671,0.00501,-0.01871,0.57741
1229,1258496,69.37166,118.0,1.0,0.86,0.874293,-0.001479,0.009664,0.001148,0.167617,0.011795,0.947523,51.687332,13.834035,51.626015,14.997804,4.0,0.00017425,6,313,0.08614,0.11492,0.08,0.0,100,0.16667,1.0,,,-0.03,0.0082,0.00079,-0.00601,0.01393,-0.01916,0.67531
1230,1259520,42.95818,122.33333,0.66667,0.86,0.738267,-0.001605,0.023818,0.001815,0.315009,0.018555,0.87991,47.415428,15.379003,45.645245,16.208355,4.0,0.00017415,3,313,0.08963,0.11865,0.07,0.0,100,0.33333,0.0,,,-0.03,0.01037,0.00086,-0.0054,3e-05,-0.01429,0.26629
1231,1260544,65.28154,203.5,1.0,0.86,0.736441,-0.001697,0.033823,0.002158,0.269186,0.025635,0.795766,46.886288,14.951641,48.352242,14.494905,4.0,0.00017405,6,354,0.09233,0.1224,0.07,0.0,100,0.66667,0.0,,,-0.03,0.00822,0.00044,-0.00726,0.00436,-0.01678,0.79178
1232,1261568,43.14089,282.5,0.66667,0.85,1.101718,-0.002854,0.014655,0.002466,0.186466,0.025757,0.813454,55.82375,8.732152,55.722832,9.548729,4.0,0.00017395,6,317,0.0823,0.11427,0.09,0.0,100,0.5,1.0,,,-0.03,0.00884,0.00047,-0.00858,0.0061,-0.01666,0.3612
1233,1262592,67.41931,141.14286,1.0,0.87,1.082038,-0.001398,0.015071,0.00212,0.16159,0.01059,0.838446,55.358494,9.689092,56.073639,10.682556,4.0,0.00017384,7,315,0.07996,0.10524,0.08,0.0,100,0.57143,0.0,,,-0.03,0.00958,0.00088,-0.00696,0.01167,-0.01927,0.64087
1234,1263616,61.15933,135.9,0.9,0.86,1.17416,-0.002567,0.011329,0.002924,0.217454,0.023987,0.749373,59.19408,6.778691,60.296124,7.532475,4.0,0.00017374,10,304,0.08021,0.10899,0.08,0.0,100,0.3,0.0,,,-0.03,0.00884,0.00085,-0.00847,0.01062,-0.01855,0.73774
1235,1264640,68.21024,121.2,1.0,0.87,1.03289,-0.001997,0.007593,0.002304,0.16167,0.020538,0.827174,60.476967,7.160996,60.899975,7.376738,4.0,0.00017364,5,325,0.08051,0.10665,0.07,0.0,100,0.6,0.0,,,-0.03,0.00746,0.00062,-0.0054,0.00754,-0.01484,0.4636
1236,1265664,52.52352,138.8,0.8,0.87,0.844953,-0.00151,0.027372,0.001786,0.310338,0.016022,0.736137,58.665916,9.643915,56.980083,11.779305,4.0,0.00017354,5,340,0.08839,0.11379,0.06,0.0,100,0.6,0.0,,,-0.03,0.008,0.00029,-0.00683,-0.0003,-0.0164,0.45226
1237,1266688,53.68216,200.83333,0.83333,0.88,0.948603,-0.001472,0.034888,0.001899,0.237845,0.019852,0.61621,56.01252,9.315625,54.946404,10.861736,4.0,0.00017343,6,339,0.08393,0.10946,0.05,0.0,100,0.5,0.0,,,-0.03,0.00906,0.00103,-0.00502,0.00511,-0.0236,0.48089
1238,1267712,46.5492,150.42857,0.71429,0.87,1.027644,-0.001166,0.031819,0.002321,0.179591,0.023239,0.735877,54.969692,9.02341,53.786846,13.120209,4.0,0.00017333,7,327,0.08653,0.11352,0.05,0.0,100,0.71429,0.0,,,-0.03,0.00992,-9e-05,-0.00531,0.00444,-0.02715,0.46314
1239,1268736,34.67924,236.2,0.6,0.86,0.917028,-0.001755,0.023866,0.002136,0.313532,0.020996,0.85181,53.309822,11.647478,51.395271,13.834939,4.0,0.00017323,5,346,0.0992,0.12495,0.06,0.0,100,0.2,1.0,,,-0.03,0.00884,-6e-05,-0.00489,-0.00214,-0.01941,0.32849
1240,1269760,64.87634,179.8,1.0,0.86,0.952783,-0.001851,0.033704,0.002028,0.223543,0.021851,0.840667,49.653824,15.580492,48.503597,16.084557,4.0,0.00017313,5,335,0.08775,0.11304,0.06,0.0,100,0.4,1.0,,,-0.03,0.00967,0.00084,-0.00433,-0.00017,-0.01954,0.50616
1241,1270784,38.52979,188.875,0.625,0.86,0.960308,-0.001107,0.040664,0.001122,0.136595,0.010193,0.847565,47.005764,15.046624,46.432816,17.666807,4.0,0.00017302,8,333,0.09944,0.12869,0.03,0.0,100,0.5,0.0,,,-0.03,0.00786,0.00052,-0.00615,0.00827,-0.02449,0.52236
1242,1271808,66.49507,163.5,1.0,0.86,1.021169,-0.002877,0.028661,0.002544,0.189957,0.026245,0.80443,48.844578,12.233462,48.269363,13.099015,4.0,0.00017292,4,338,0.09497,0.12044,0.03,0.0,100,0.0,0.0,,,-0.03,0.00749,0.00068,-0.00666,0.0026,-0.01291,0.40039
1243,1272832,28.03018,212.25,0.5,0.84,0.887261,-0.001925,0.032642,0.001781,0.268918,0.018387,0.82531,47.311359,12.672884,45.293571,14.662731,4.0,0.00017282,4,348,0.10204,0.13524,0.03,0.0,100,1.0,1.0,,,-0.03,0.00846,0.00078,-0.00799,-0.0046,-0.01057,0.21705
1244,1273856,65.74286,197.5,1.0,0.84,0.706665,-0.00174,0.039544,0.001581,0.200029,0.017044,0.790254,42.151943,14.208324,41.274963,14.928487,4.0,0.00017272,4,372,0.10178,0.1363,0.03,0.0,100,0.75,0.0,,,-0.03,0.01007,0.00054,-0.00328,-0.00173,-0.01425,0.53419
1245,1274880,45.64251,188.57143,0.71429,0.83,0.83192,-0.001386,0.036227,0.001602,0.143252,0.012222,0.862346,41.19614,15.525055,40.888832,17.923294,4.0,0.00017261,7,303,0.09175,0.12339,0.03,0.0,100,0.57143,0.0,,,-0.03,0.00915,0.00061,-0.0058,0.00598,-0.01901,0.57626
1246,1275904,67.78596,151.75,1.0,0.83,0.808994,-0.001678,0.027413,0.001697,0.171522,0.015121,0.872397,41.188065,15.711932,41.38348,16.505802,4.0,0.00017251,4,290,0.10064,0.13136,0.03,0.0,100,0.5,0.0,,,-0.03,0.00929,0.00064,-0.0072,0.00099,-0.01536,0.49684
1247,1276928,39.84676,206.875,0.625,0.81,0.813124,-0.001671,0.022656,0.002149,0.208626,0.022858,0.901612,39.925205,16.156878,39.703037,18.624954,4.0,0.00017241,8,296,0.0866,0.11733,0.04,0.0,100,0.375,1.0,,,-0.03,0.00934,0.00055,-0.00544,0.00966,-0.02127,0.60103
1248,1277952,54.9175,207.33333,0.83333,0.81,0.952367,-0.002594,0.027456,0.002391,0.209858,0.02887,0.84239,49.314476,14.213948,50.216366,14.444373,4.0,0.00017231,6,334,0.08746,0.11542,0.04,0.0,100,0.33333,0.0,,,-0.03,0.00942,0.00056,-0.0046,0.00489,-0.02535,0.5023
1249,1278976,56.16676,138.0,0.83333,0.81,1.124111,-0.002451,0.020769,0.002762,0.164211,0.021347,0.795492,54.330418,9.449857,54.746861,11.637673,4.0,0.0001722,6,304,0.08377,0.10817,0.03,0.0,100,0.33333,0.5,,,-0.03,0.00612,0.00082,-0.0074,0.01224,-0.01559,0.42947
1250,1280000,68.30988,115.33333,1.0,0.81,0.964424,-0.001893,0.024378,0.001993,0.212343,0.018463,0.854793,52.195988,13.488645,51.486782,13.934875,4.0,0.0001721,3,286,0.08804,0.11193,0.03,0.0,100,0.33333,0.0,,,-0.03,0.0056,0.00064,-0.00317,0.00112,-0.01409,0.30419
1251,1281024,13.84016,328.66667,0.33333,0.79,0.648041,-0.00159,0.017428,0.001812,0.346641,0.019623,0.922863,43.422882,15.645104,41.09024,16.050755,4.0,0.000172,3,362,0.10451,0.12234,0.04,0.0,100,0.33333,0.0,,,-0.03,0.00684,-0.00073,-0.00225,-0.00226,-0.01965,0.14644
1252,1282048,66.37625,171.25,1.0,0.8,0.737684,-0.001131,0.022922,0.001205,0.168667,0.010986,0.906782,40.484985,16.442265,41.034168,17.005484,4.0,0.0001719,4,341,0.11963,0.1355,0.04,0.0,100,0.5,1.0,,,-0.03,0.0049,-1e-05,-0.00539,0.00448,-0.02037,0.55483
1253,1283072,43.26751,274.66667,0.66667,0.79,0.835844,-0.003092,0.006019,0.00234,0.192326,0.027405,0.971721,43.823338,15.60651,43.577145,16.091854,4.0,0.0001718,3,327,0.10347,0.12265,0.05,0.0,100,0.33333,1.0,,,-0.03,0.00809,0.0003,-0.00586,0.00863,-0.02277,0.23932
1254,1284096,11.27132,435.66667,0.33333,0.77,0.801837,-0.002591,0.008681,0.002004,0.240431,0.019608,0.950341,45.454617,14.505599,44.323952,14.550643,4.0,0.00017169,3,358,0.10606,0.12521,0.07,0.0,100,0.33333,1.0,,,-0.03,0.0081,6e-05,-0.00427,0.0029,-0.02164,0.12226
1255,1285120,49.08043,248.0,0.75,0.76,0.801393,-0.001884,0.009617,0.001478,0.171267,0.01207,0.953672,45.018707,14.823652,45.125515,16.023951,4.0,0.00017159,4,355,0.11192,0.13104,0.08,0.0,100,0.25,1.0,,,-0.03,0.00714,-0.00034,-0.00247,0.01036,-0.01404,0.35535
1256,1286144,68.62566,114.25,1.0,0.76,0.846511,-0.002228,0.005927,0.001644,0.178347,0.011566,0.976398,43.471565,16.714417,43.037285,17.152897,4.0,0.00017149,4,356,0.11415,0.13323,0.08,0.0,100,0.0,0.0,,,-0.03,0.00765,-0.00039,-0.00088,0.00935,-0.0253,0.46795
1257,1287168,28.6027,368.75,0.5,0.75,0.902341,-0.002823,0.007462,0.003002,0.186747,0.0242,0.968042,44.394642,16.63139,44.352509,17.380251,4.0,0.00017139,4,344,0.10785,0.12684,0.1,0.0,100,0.25,0.5,,,-0.03,0.00479,-6e-05,-0.00211,0.0129,-0.02052,0.21306
1258,1288192,43.02848,286.83333,0.66667,0.75,0.958941,-0.002683,0.018257,0.002685,0.269929,0.028458,0.926861,49.085609,16.604609,47.782825,17.237934,4.0,0.00017128,6,328,0.08817,0.11275,0.12,0.0,100,0.33333,1.0,,,-0.03,0.00767,0.00078,-0.00247,0.0009,-0.0188,0.38536
1259,1289216,-9.92048,246.0,0.0,0.74,0.725214,-0.001442,0.013607,0.00161,0.423099,0.014297,0.936901,42.265923,15.38457,39.510483,15.083444,4.0,0.00017118,1,394,0.11758,0.12929,0.12,0.0,100,1.0,0.0,,,-0.03,0.00705,-0.00094,0.00219,0.00274,-0.0261,-0.00386
1260,1290240,-22.54382,600.0,0.0,0.73,0.715387,-0.00364,0.007843,0.001834,0.347031,0.019821,0.937533,34.398617,12.774225,32.154099,12.057874,4.0,0.00017108,1,377,0.11916,0.12478,0.13,0.0,100,1.0,0.0,,,-0.03,0.0058,-0.00193,0.00194,-0.00237,-0.03928,0.0
1261,1291264,nan,nan,0.0,0.73,0.605233,-0.002198,0.005611,0.00211,0.247389,0.025452,0.930617,26.701815,10.756406,25.264549,10.127499,4.0,0.00017098,0,427,0.13729,0.14114,0.13,0.0,100,0.0,0.0,,,-0.03,0.00645,-0.00241,0.00379,-0.00335,-0.01833,0.0
1262,1292288,-1.43614,495.5,0.16667,0.7,0.815952,-0.001539,0.012742,0.00181,0.153103,0.022568,0.909349,32.281254,12.809745,31.66523,13.022753,4.0,0.00017087,6,376,0.12149,0.13831,0.15,0.0,100,1.0,1.0,,,-0.03,0.00515,-0.0015,-0.00335,0.00141,-0.0174,0.09875
1263,1293312,24.20478,379.0,0.5,0.69,1.124325,-0.002469,0.028749,0.002696,0.38244,0.027481,0.704271,42.042728,10.033688,39.475426,10.946899,4.0,0.00017077,4,332,0.11259,0.14344,0.17,0.0,100,0.5,1.0,,,-0.03,0.00654,0.00015,-0.00763,-0.00305,-0.00912,0.18245
1264,1294336,nan,nan,0.0,0.69,0.52312,-0.001525,0.014657,0.00137,0.311601,0.014221,0.864854,25.027111,12.289145,23.087952,11.334332,4.0,0.00017067,0,408,0.13401,0.1566,0.17,0.0,100,0.0,0.0,,,-0.03,0.00797,-0.00061,-0.00119,-0.00905,-0.00155,0.0
1265,1295360,24.84899,336.0,0.5,0.68,0.379401,-0.000831,0.021634,0.000821,0.116545,0.006516,0.829661,18.610304,11.805253,18.535204,12.450413,4.0,0.00017057,2,459,0.13224,0.14563,0.17,0.0,100,1.0,0.0,,,-0.03,0.00672,-0.00153,-8e-05,-0.00367,-0.0065,0.2342
1266,1296384,-9.09806,430.0,0.0,0.67,0.545741,-0.002099,0.005647,0.001282,0.180748,0.013565,0.93005,23.296038,10.728903,22.10297,10.189403,4.0,0.00017046,1,413,0.12083,0.14339,0.17,0.0,100,1.0,0.0,,,-0.03,0.00678,-0.00026,-0.00378,-0.00235,-0.00998,-0.00523
1267,1297408,-8.25807,600.0,0.0,0.64,0.642261,-0.002797,0.00362,0.00178,0.178903,0.019394,0.939821,25.503325,9.504612,24.831367,8.910759,4.0,0.00017036,5,408,0.11169,0.13917,0.22,0.0,100,1.0,1.0,,,-0.03,0.00621,-0.00105,-0.00604,0.00383,-0.01363,0.0
1268,1298432,65.26089,201.66667,1.0,0.65,1.00438,-0.002304,0.043024,0.002782,0.209864,0.031769,0.5077,27.057909,7.560808,28.13855,10.442681,4.0,0.00017026,3,346,0.12048,0.14815,0.22,0.0,100,0.33333,1.0,,,-0.03,0.00538,-0.00055,-0.00354,0.00424,-0.01377,0.30804
1269,1299456,67.13124,148.5,1.0,0.65,0.786737,-0.002641,0.022062,0.00207,0.21046,0.025009,0.720761,28.853186,7.910418,29.673872,9.61558,4.0,0.00017016,2,384,0.11299,0.13017,0.22,0.0,100,0.0,0.0,,,-0.03,0.00636,-6e-05,-0.00116,0.0082,-0.01402,0.25058
1270,1300480,-10.49912,564.0,0.0,0.64,0.738412,-0.001391,0.01076,0.00157,0.204121,0.00824,0.835942,31.775145,8.577144,30.604523,8.905523,4.0,0.00017005,1,392,0.12507,0.13422,0.22,0.0,100,1.0,1.0,,,-0.03,0.00753,-0.00105,0.00232,0.00036,-0.02174,-0.00371
1271,1301504,-19.00055,600.0,0.0,0.63,0.659687,-0.003304,0.003121,0.002714,0.188828,0.032944,0.953378,30.244091,9.437551,29.719627,9.273195,4.0,0.00016995,1,419,0.12384,0.13091,0.23,0.0,100,1.0,0.0,,,-0.03,0.00719,-0.0019,0.00148,0.00167,-0.02674,0.0
1272,1302528,-9.26905,600.0,0.0,0.62,0.738215,-0.002911,0.002944,0.002549,0.202745,0.028259,0.944791,29.966864,8.184302,29.16218,8.001109,4.0,0.00016985,2,393,0.13285,0.14418,0.25,0.0,100,1.0,1.0,,,-0.03,0.007,-0.00197,-0.00122,-0.00244,-0.02457,0.0
1273,1303552,1.08727,600.0,0.33333,0.61,0.823869,-0.001922,0.010767,0.001516,0.172365,0.014328,0.798393,29.451851,7.6616,29.27256,8.015247,4.0,0.00016975,3,359,0.12666,0.14008,0.27,0.0,100,0.66667,0.66667,,,-0.03,0.00653,-0.00191,-0.00093,0.00068,-0.02223,0.09992
1274,1304576,22.64637,574.5,0.5,0.6,0.77236,-0.002181,0.013486,0.002218,0.155986,0.023468,0.802308,26.843685,8.692527,26.150631,9.251601,4.0,0.00016964,2,380,0.15005,0.16788,0.28,0.0,100,1.0,1.0,,,-0.03,0.00645,-0.00183,0.00168,-0.00527,-0.0276,0.11789
1275,1305600,-11.65927,405.66667,0.0,0.57,0.820375,-0.001451,0.007637,0.001537,0.193745,0.01741,0.908809,25.635687,8.767722,24.333042,9.716193,4.0,0.00016954,3,360,0.1418,0.1539,0.29,0.0,100,1.0,1.0,,,-0.03,0.00579,-0.00099,-0.0023,0.00206,-0.02304,-0.0068
1276,1306624,-9.27746,437.0,0.0,0.56,0.922529,-0.002235,0.006841,0.001779,0.17438,0.018082,0.887784,25.814453,8.055034,24.959614,8.313149,4.0,0.00016944,2,358,0.12369,0.1369,0.3,0.0,100,1.0,1.0,,,-0.03,0.00556,-0.00116,-0.00047,0.00145,-0.01548,-0.00302
1277,1307648,-12.81351,600.0,0.0,0.56,0.927262,-0.002703,0.002586,0.002134,0.183052,0.019012,0.935773,25.261557,7.272255,24.878979,7.138655,4.0,0.00016934,1,377,0.11732,0.12401,0.31,0.0,100,1.0,1.0,,,-0.03,0.00685,-0.00153,0.00268,0.00501,-0.01095,0.0
1278,1308672,14.07964,458.5,0.5,0.55,0.954872,-0.001383,0.017599,0.002759,0.187067,0.029617,0.690623,25.699398,7.096858,25.711554,8.212644,4.0,0.00016924,2,370,0.11756,0.12641,0.32,0.0,100,1.0,0.75,,,-0.03,0.00659,-0.00131,0.00112,-0.00069,-0.02079,0.10034
1279,1309696,-18.93231,600.0,0.0,0.53,0.812851,-0.002979,0.003336,0.002661,0.213165,0.029709,0.949309,24.364096,9.233557,23.387695,9.27947,4.0,0.00016913,2,391,0.12191,0.13275,0.34,0.0,100,0.5,1.0,,,-0.03,0.0056,-0.00134,-0.00165,-0.00507,-0.03508,0.0
1280,1310720,-11.18337,475.66667,0.0,0.5,0.866757,-0.002052,0.004425,0.001483,0.15597,0.011597,0.901842,22.019814,7.001361,21.190086,7.342826,4.0,0.00016903,3,368,0.10634,0.12101,0.36,0.0,100,1.0,0.66667,,,-0.03,0.00552,-0.00075,-0.00395,0.00079,-0.02107,-0.00313
1281,1311744,-28.47459,600.0,0.0,0.49,0.795812,-0.003326,0.003299,0.002441,0.162285,0.027344,0.931294,21.965202,7.425865,21.443367,7.711933,4.0,0.00016893,1,399,0.13255,0.14408,0.37,0.0,100,0.0,1.0,,,-0.03,0.0067,-0.00103,-0.001,0.00028,-0.02392,0.0
1282,1312768,22.40876,529.5,0.5,0.49,0.758417,-0.001509,0.011033,0.001497,0.161046,0.014587,0.854679,20.472904,8.259286,20.582424,9.637712,4.0,0.00016883,2,395,0.12723,0.14253,0.38,0.0,100,1.0,1.0,,,-0.03,0.00686,-0.00111,-0.00201,-0.00235,-0.0186,0.11833
1283,1313792,53.01503,491.5,1.0,0.5,0.634677,-0.001583,0.019114,0.001218,0.219803,0.00972,0.811232,20.684864,9.015032,21.614275,10.907845,4.0,0.00016872,2,416,0.10749,0.12093,0.37,0.0,100,1.0,0.5,,,-0.03,0.00743,-0.00051,-0.00249,-0.00359,-0.02132,0.27367
1284,1314816,-16.36898,470.5,0.0,0.47,0.662481,-0.000938,0.008721,0.001336,0.17582,0.009979,0.918323,22.819273,10.371369,21.93128,11.104384,4.0,0.00016862,4,401,0.09625,0.11767,0.39,0.0,100,0.75,1.0,,,-0.03,0.00651,-0.00063,-0.00299,-0.00104,-0.01796,-0.00797
1285,1315840,-13.42103,600.0,0.0,0.46,0.80311,-0.002924,0.004063,0.002191,0.1751,0.023834,0.955934,18.646587,10.104793,18.040646,10.389424,4.0,0.00016852,1,374,0.09961,0.11966,0.4,0.0,100,1.0,1.0,,,-0.03,0.00735,-0.00045,-0.00354,-0.00673,-0.02243,0.0
1286,1316864,12.05018,284.0,0.33333,0.45,0.755901,-0.001858,0.013665,0.002244,0.169625,0.028046,0.885407,18.983984,10.409616,19.0637,11.94324,4.0,0.00016842,3,368,0.10625,0.12362,0.39,0.0,100,1.0,0.66667,,,-0.03,0.00688,-0.00036,-0.00232,0.00014,-0.02492,0.10891
1287,1317888,35.05584,466.33333,0.66667,0.45,0.773583,-0.00156,0.023622,0.001427,0.264776,0.011459,0.784577,18.785374,8.821898,20.050676,11.474079,4.0,0.00016831,3,386,0.10339,0.12461,0.4,0.0,100,1.0,1.0,,,-0.03,0.0068,-0.00046,-0.00369,-0.00451,-0.02061,0.23336
1288,1318912,22.23105,280.5,0.5,0.44,0.774551,-0.002076,0.017894,0.001894,0.205387,0.018997,0.861698,19.584112,11.078392,20.260296,12.348825,4.0,0.00016821,2,384,0.10413,0.11848,0.4,0.0,100,1.0,1.0,,,-0.03,0.00831,-0.00056,-0.00201,2e-05,-0.01975,0.11497
1289,1319936,19.78546,459.0,0.5,0.42,0.837801,-0.001959,0.022211,0.002654,0.217363,0.028229,0.858513,16.959461,11.693573,17.999786,13.478684,4.0,0.00016811,4,363,0.09445,0.11913,0.42,0.0,100,0.75,0.3,,,-0.03,0.00718,0.00024,-0.00568,0.00424,-0.02279,0.21271
1290,1320960,23.33039,268.0,0.5,0.42,0.797574,-0.002615,0.017989,0.002337,0.238771,0.026138,0.812891,16.878532,9.094837,18.092592,10.862085,4.0,0.00016801,2,364,0.09282,0.10907,0.42,0.0,100,1.0,0.53846,,,-0.03,0.00715,-0.00026,-0.00066,-0.00238,-0.02074,0.10899
1291,1321984,38.39017,337.0,0.66667,0.42,0.73747,-0.00239,0.02467,0.001287,0.300135,0.012207,0.806101,24.104458,11.184532,26.010605,12.676222,4.0,0.0001679,3,392,0.1113,0.12303,0.42,0.0,100,0.33333,0.71429,,,-0.03,0.00648,-0.00043,-0.00165,0.00281,-0.01614,0.25816
1292,1323008,57.01732,367.33333,1.0,0.43,0.813719,-0.002053,0.023145,0.002706,0.31566,0.030716,0.875062,19.785555,12.416668,21.57362,14.508411,4.0,0.0001678,3,364,0.10669,0.13163,0.41,0.0,100,1.0,0.83333,,,-0.03,0.00831,-9e-05,-0.00313,-0.00636,-0.01812,0.32433
1293,1324032,34.93814,309.66667,0.66667,0.43,0.789272,-0.001746,0.021854,0.001563,0.291955,0.0121,0.827262,22.45155,10.573386,24.282696,12.125822,4.0,0.0001677,3,381,0.10858,0.1268,0.4,0.0,100,1.0,1.0,,,-0.03,0.00711,-0.00071,-0.00102,0.00275,-0.02407,0.22597
1294,1325056,36.53916,374.0,0.66667,0.44,0.831515,-0.001456,0.023355,0.001343,0.332569,0.013229,0.848086,22.061285,11.794021,24.424004,12.964372,4.0,0.0001676,3,360,0.10199,0.12135,0.39,0.0,100,1.0,0.33333,,,-0.03,0.00913,0.00011,-0.00568,0.00398,-0.01659,0.22311
1295,1326080,60.95845,263.66667,1.0,0.44,0.992908,-0.002085,0.045314,0.002102,0.585766,0.012039,0.802855,24.914877,13.048719,29.068562,15.680634,4.0,0.00016749,6,321,0.105,0.12431,0.39,0.0,100,0.83333,0.8,,,-0.03,0.00771,9e-05,-0.00545,0.00494,-0.02268,0.57902
1296,1327104,38.77778,325.33333,0.66667,0.44,0.845059,-0.002159,0.027748,0.001683,0.334759,0.012451,0.770249,27.465454,11.536832,29.481401,11.849286,4.0,0.00016739,3,169,0.11262,0.1406,0.39,0.0,100,1.0,1.0,,,-0.03,0.00847,0.00076,-0.00514,0.00028,-0.01341,0.21727
1297,1328128,62.66041,247.5,1.0,0.45,0.612955,-0.002354,0.017643,0.00215,0.243326,0.026093,0.836664,30.646011,10.152886,32.016441,10.90643,4.0,0.00016729,2,327,0.11925,0.14439,0.38,0.0,100,0.5,1.0,,,-0.03,0.01119,-0.00015,-0.0054,-0.00057,-0.01268,0.29734
1298,1329152,44.0416,276.5,0.75,0.45,0.693523,-0.001602,0.021906,0.001909,0.231316,0.019165,0.841816,36.411507,11.623335,37.775883,12.996161,4.0,0.00016719,4,382,0.11319,0.12511,0.37,0.0,100,0.5,1.0,,,-0.03,0.00647,-0.00043,-0.00266,0.00951,-0.01814,0.39348
1299,1330176,52.48006,247.0,0.83333,0.49,1.012922,-0.001619,0.036464,0.00217,0.391688,0.018082,0.753086,33.843323,10.639808,36.867462,12.895619,4.0,0.00016708,6,334,0.09377,0.11598,0.35,0.0,100,0.66667,1.0,,,-0.03,0.00675,0.00068,-0.00616,0.0104,-0.01959,0.45708
1300,1331200,51.45129,251.0,0.8,0.52,0.973923,-0.002854,0.019326,0.002206,0.310496,0.019363,0.852869,41.80225,12.167358,43.775318,12.026853,4.0,0.00016698,5,340,0.10284,0.12524,0.32,0.0,100,0.6,1.0,,,-0.03,0.00629,0.00015,-0.00428,0.00336,-0.01485,0.37797
1301,1332224,66.16154,181.0,1.0,0.53,0.823652,-0.002258,0.015313,0.003007,0.309391,0.037064,0.873884,45.751427,11.622622,47.804344,11.534196,4.0,0.00016688,4,356,0.11326,0.13288,0.31,0.0,100,0.75,0.0,,,-0.03,0.00886,-0.00033,-0.00339,0.00287,-0.01686,0.44883
1302,1333248,63.0355,272.75,1.0,0.57,0.780249,-0.001482,0.015173,0.001467,0.181248,0.01091,0.860106,51.688026,11.724595,52.490341,11.294592,4.0,0.00016678,4,373,0.1331,0.14807,0.29,0.0,100,1.0,0.0,,,-0.03,0.00835,-0.00067,-0.00236,0.00133,-0.01173,0.47894
1303,1334272,46.84066,288.2,0.8,0.59,0.961469,-0.001589,0.016997,0.002555,0.154505,0.021576,0.794396,49.224457,9.601443,49.758514,9.762178,4.0,0.00016668,5,335,0.12539,0.15205,0.26,0.0,100,1.0,0.0,,,-0.03,0.00762,0.00012,-0.00225,-6e-05,-0.01181,0.37014
1304,1335296,64.35982,214.5,1.0,0.59,0.738007,-0.002251,0.010311,0.001726,0.142435,0.014694,0.806045,49.478443,7.993966,49.691006,7.934813,4.0,0.00016657,2,379,0.12966,0.15138,0.26,0.0,100,1.0,0.0,,,-0.03,0.0095,-2e-05,-0.00184,0.00058,-0.0098,0.2455
1305,1336320,50.35449,234.0,0.8,0.62,0.861474,-0.001052,0.026541,0.00226,0.11885,0.020462,0.699349,50.215717,7.997416,50.456051,10.206937,4.0,0.00016647,5,358,0.12331,0.14113,0.23,0.0,100,0.8,1.0,,,-0.03,0.00865,-0.00023,-0.00133,0.00866,-0.02062,0.41335
1306,1337344,63.13219,258.2,1.0,0.65,0.856549,-0.001572,0.023435,0.001958,0.180081,0.018951,0.5496,49.162048,8.227864,49.734447,8.162912,4.0,0.00016637,5,353,0.12338,0.14822,0.2,0.0,100,0.8,0.5,,,-0.03,0.00836,9e-05,-0.00288,-0.00469,-0.01888,0.52634
1307,1338368,52.18964,171.8,0.8,0.69,0.922012,-0.000642,0.037102,0.000828,0.107132,0.004425,0.54127,49.173878,6.997335,49.136242,9.575258,4.0,0.00016627,5,347,0.10692,0.13341,0.18,0.0,100,0.6,0.0,,,-0.03,0.00794,0.00053,-0.00403,0.00303,-0.01786,0.40625
1308,1339392,29.80452,187.5,0.5,0.7,0.916591,-0.000827,0.040393,0.001252,0.320069,0.008911,0.532077,50.250626,6.528297,48.304733,10.320459,4.0,0.00016616,4,350,0.1099,0.13489,0.15,0.0,100,0.75,0.0,,,-0.03,0.00764,0.00017,-0.00334,-0.00528,-0.01217,0.20447
1309,1340416,24.99945,304.75,0.5,0.72,0.693503,-0.000744,0.022647,0.000947,0.181689,0.006714,0.724028,45.825905,7.320042,44.873943,9.688253,4.0,0.00016606,4,379,0.10897,0.13725,0.13,0.0,100,0.75,1.0,,,-0.03,0.00712,0.00038,-0.00269,-0.0003,-0.01299,0.26313
1310,1341440,-7.80039,196.0,0.0,0.72,0.634076,-0.001628,0.009207,0.00143,0.223512,0.013794,0.899563,46.131905,9.557901,44.895226,9.896334,4.0,0.00016596,1,406,0.14052,0.16092,0.12,0.0,100,1.0,0.0,,,-0.03,0.00626,-0.00083,0.0013,-0.00384,-0.00655,-0.00432
1311,1342464,48.14427,267.8,0.8,0.73,0.634139,-0.001028,0.028875,0.00202,0.138139,0.024292,0.74384,43.216877,9.968516,43.454586,11.447147,4.0,0.00016586,5,400,0.13785,0.15748,0.11,0.0,100,1.0,0.0,,,-0.03,0.00749,-0.0014,-0.00417,0.00129,-0.02031,0.58659
1312,1343488,49.00405,338.0,0.8,0.77,0.865548,-0.001437,0.020305,0.001352,0.243149,0.011978,0.764251,45.018036,9.110741,46.319386,9.821382,4.0,0.00016575,5,359,0.12546,0.14927,0.09,0.0,100,0.6,0.0,,,-0.03,0.00513,0.00017,-0.00352,0.00972,-0.01718,0.41567
1313,1344512,49.24857,294.6,0.8,0.78,0.810328,-0.001331,0.018276,0.001616,0.146267,0.01088,0.778698,47.420525,9.549579,47.837017,9.877312,4.0,0.00016565,5,367,0.11367,0.1413,0.09,0.0,100,0.8,0.0,,,-0.03,0.00562,0.00014,-0.00481,-0.00081,-0.01628,0.4557
1314,1345536,64.29843,217.5,1.0,0.79,0.848359,-0.001119,0.018885,0.001817,0.124078,0.018158,0.489482,46.45842,6.074666,46.362679,6.675826,4.0,0.00016555,2,351,0.10084,0.12908,0.09,0.0,100,0.5,0.0,,,-0.03,0.00801,0.00056,-0.00173,-0.00695,-0.0121,0.21328
1315,1346560,39.52577,208.83333,0.66667,0.8,0.851636,-0.000504,0.036574,0.000777,0.151585,0.005447,0.604783,47.34034,6.65556,46.553661,10.775617,4.0,0.00016545,6,358,0.10303,0.12673,0.07,0.0,100,0.83333,0.0,,,-0.03,0.00706,1e-05,-0.00525,0.00433,-0.01595,0.42542
1316,1347584,65.89734,194.4,1.0,0.81,0.829323,-0.001862,0.021523,0.001444,0.291662,0.009048,0.69824,48.265572,7.985202,50.051147,8.696406,4.0,0.00016534,5,363,0.12385,0.14752,0.06,0.0,100,0.8,0.0,,,-0.03,0.0078,-0.00073,-0.00331,0.00565,-0.01072,0.60064
1317,1348608,69.39848,140.0,1.0,0.81,0.816147,-0.001578,0.013061,0.00185,0.162256,0.018372,0.756052,49.255234,8.383532,49.459743,8.208056,4.0,0.00016524,1,376,0.12616,0.15021,0.06,0.0,100,0.0,0.0,,,-0.03,0.00812,-0.00023,-0.00155,0.00206,-0.00765,0.12505
1318,1349632,45.80033,344.0,0.75,0.82,0.749005,-0.001707,0.009952,0.001664,0.124346,0.012558,0.862321,50.421883,9.04552,50.409279,9.127266,4.0,0.00016514,4,380,0.12777,0.14936,0.06,0.0,100,0.75,0.0,,,-0.03,0.0058,-0.0008,-0.0053,0.00132,-0.01364,0.38766
1319,1350656,34.89138,288.6,0.6,0.8,0.80787,-0.001189,0.027797,0.000821,0.206436,0.003372,0.664724,48.985954,7.342947,47.913841,9.704196,4.0,0.00016504,5,350,0.12056,0.14672,0.07,0.0,100,0.4,1.0,,,-0.03,0.00616,-1e-05,-0.00658,-0.00096,-0.01749,0.35575
1320,1351680,27.71458,229.25,0.5,0.78,0.742695,-0.001133,0.040173,0.001983,0.202773,0.020065,0.566385,45.312725,6.716838,44.396935,10.446259,4.0,0.00016493,4,364,0.10167,0.12444,0.07,0.0,100,0.75,1.0,,,-0.03,0.0075,0.00024,-0.0046,0.00425,-0.01377,0.23697
1321,1352704,53.29059,266.0,0.83333,0.79,0.956889,-0.002521,0.019411,0.001742,0.23851,0.016998,0.672576,47.268318,6.903737,48.549469,8.185829,4.0,0.00016483,6,340,0.09551,0.12074,0.07,0.0,100,0.83333,1.0,,,-0.03,0.00823,0.00053,-0.00541,0.00328,-0.01215,0.49115
1322,1353728,51.98455,186.6,0.8,0.79,0.979219,-0.001193,0.027419,0.001186,0.137874,0.011688,0.710292,47.945602,7.552977,47.698792,10.519204,4.0,0.00016473,5,329,0.09527,0.12872,0.07,0.0,100,0.6,1.0,,,-0.03,0.00835,0.0009,-0.00647,0.00121,-0.01304,0.387
1323,1354752,27.43224,225.0,0.5,0.78,0.758633,-0.000918,0.031521,0.00084,0.1219,0.003372,0.724018,47.417473,9.948647,47.263214,11.353891,4.0,0.00016463,2,378,0.10061,0.1298,0.07,0.0,100,1.0,0.0,,,-0.03,0.00721,0.00059,-0.00362,-0.00086,-0.00663,0.12301
1324,1355776,52.68808,241.0,0.83333,0.78,0.938716,-0.000954,0.029791,0.002154,0.114622,0.02092,0.650782,46.961082,7.937665,46.837547,10.184891,4.0,0.00016452,6,342,0.09291,0.12397,0.06,0.0,100,0.66667,0.0,,,-0.03,0.009,0.00053,-0.00463,-0.00014,-0.01351,0.50432
1325,1356800,39.9602,210.33333,0.66667,0.77,0.741224,-0.00126,0.033028,0.001248,0.276261,0.009964,0.720422,46.760201,9.873428,45.04686,11.529951,4.0,0.00016442,3,373,0.10867,0.14043,0.06,0.0,100,1.0,1.0,,,-0.03,0.00908,0.0002,-0.00424,-0.0086,-0.00977,0.25666
1326,1357824,15.21229,243.0,0.33333,0.75,0.780295,-0.001442,0.02366,0.001585,0.272083,0.018005,0.760444,43.115822,8.399013,41.278671,10.458985,4.0,0.00016432,3,372,0.11524,0.143,0.06,0.0,100,1.0,0.0,,,-0.03,0.00754,0.00036,-0.00278,-0.00429,-0.01019,0.1158
1327,1358848,64.89919,229.5,1.0,0.75,0.683075,-0.00069,0.020846,0.000948,0.101232,0.009552,0.812904,41.871254,11.458898,41.946178,11.372089,4.0,0.00016422,2,378,0.12554,0.14794,0.06,0.0,100,1.0,1.0,,,-0.03,0.00708,-0.0007,-0.00429,0.00274,-0.01062,0.28487
1328,1359872,38.91864,366.0,0.66667,0.75,0.790488,-0.001546,0.006675,0.001427,0.131589,0.018188,0.934584,42.958298,10.858172,42.841156,10.814286,4.0,0.00016412,3,375,0.11688,0.14197,0.07,0.0,100,1.0,0.0,,,-0.03,0.00527,-0.00065,-0.00759,0.00386,-0.01128,0.24535
1329,1360896,44.8764,393.0,0.8,0.74,1.02354,-0.001275,0.010522,0.002101,0.154566,0.015778,0.845741,46.059608,8.658317,46.38903,9.017701,4.0,0.00016401,5,334,0.1005,0.12926,0.08,0.0,100,1.0,1.0,,,-0.03,0.0067,0.00019,-0.00688,0.00328,-0.01625,0.368
1330,1361920,62.95243,239.0,1.0,0.75,1.004543,-0.001733,0.011597,0.001958,0.184693,0.017838,0.813903,48.607208,7.88903,49.269493,8.485272,4.0,0.00016391,4,328,0.10745,0.13892,0.08,0.0,100,0.5,0.0,,,-0.03,0.00672,0.00025,-0.00549,0.00495,-0.01161,0.39333
1331,1362944,62.74301,221.75,1.0,0.75,1.020626,-0.00192,0.009998,0.001827,0.147983,0.016022,0.853879,48.779526,8.249566,49.207573,8.869759,4.0,0.00016381,4,338,0.10309,0.13179,0.08,0.0,100,0.5,1.0,,,-0.03,0.00459,0.0003,-0.00607,0.00208,-0.01689,0.39539
1332,1363968,62.67933,246.0,1.0,0.76,0.851555,-0.001627,0.009819,0.001615,0.133375,0.015289,0.865143,50.430286,8.653207,50.634029,9.121475,4.0,0.00016371,4,366,0.11505,0.14504,0.08,0.0,100,0.5,0.0,,,-0.03,0.0064,1e-05,-0.00665,0.00064,-0.00936,0.45298
1333,1364992,46.2872,298.0,0.75,0.76,0.798428,-0.001963,0.012848,0.002003,0.150115,0.019257,0.83009,48.398834,8.940499,48.819923,9.342975,4.0,0.0001636,4,364,0.10452,0.13815,0.09,0.0,100,0.5,1.0,,,-0.03,0.00517,0.00026,-0.00641,0.00402,-0.01021,0.3617
1334,1366016,41.10123,231.0,0.66667,0.77,1.017739,-0.001653,0.019798,0.002301,0.124194,0.019455,0.72812,48.242584,7.559287,48.054871,9.339166,4.0,0.0001635,3,286,0.10974,0.13911,0.08,0.0,100,0.66667,0.0,,,-0.03,0.00736,-0.00035,-0.00626,0.00647,-0.0232,0.19675
1335,1367040,44.06648,341.75,0.75,0.78,0.987186,-0.001968,0.0158,0.001566,0.157977,0.011002,0.76399,46.841225,8.304385,46.911102,8.743132,4.0,0.0001634,4,336,0.10069,0.13502,0.09,0.0,100,0.5,0.0,,,-0.03,0.00612,0.00058,-0.00411,0.00094,-0.01877,0.29188
1336,1368064,51.84373,208.83333,0.83333,0.79,0.863665,-0.000812,0.031867,0.001295,0.103617,0.011368,0.709983,45.844822,8.835835,46.016514,11.096609,4.0,0.0001633,6,348,0.09315,0.12825,0.08,0.0,100,0.5,1.0,,,-0.03,0.00545,0.00053,-0.00699,0.00296,-0.01724,0.5298
1337,1369088,63.72464,220.0,1.0,0.79,0.723025,-0.001727,0.010325,0.001308,0.155357,0.007843,0.88097,48.81543,9.587672,48.75164,9.90266,4.0,0.00016319,2,386,0.11181,0.14355,0.08,0.0,100,0.5,0.0,,,-0.03,0.00602,-0.00032,-0.00269,-0.00025,-0.00755,0.25879
1338,1370112,42.27919,336.75,0.75,0.79,0.793341,-0.001319,0.011194,0.001371,0.1481,0.011612,0.839009,47.904461,8.801771,48.534603,8.854054,4.0,0.00016309,4,360,0.10183,0.13386,0.08,0.0,100,1.0,1.0,,,-0.03,0.00629,-0.00053,-0.00345,0.00482,-0.01588,0.33296
1339,1371136,62.45732,263.0,1.0,0.79,0.745361,-0.002125,0.005392,0.001574,0.155427,0.015793,0.916634,52.32584,8.49072,52.207798,8.519411,4.0,0.00016299,2,364,0.13021,0.15644,0.08,0.0,100,1.0,0.0,,,-0.03,0.00547,-0.00166,-0.00194,-0.00085,-0.0092,0.25186
1340,1372160,59.52571,330.25,1.0,0.8,0.877736,-0.001952,0.011023,0.00205,0.126104,0.021149,0.78023,52.205299,7.790994,52.017147,7.771266,4.0,0.00016289,4,352,0.10816,0.13356,0.08,0.0,100,1.0,1.0,,,-0.03,0.0062,-0.00076,-0.00253,0.00355,-0.016,0.41923
1341,1373184,49.18513,233.0,0.8,0.8,0.967659,-0.000854,0.021746,0.001483,0.113222,0.010712,0.662453,51.901661,6.189272,51.783218,8.493856,4.0,0.00016278,5,342,0.10384,0.1316,0.08,0.0,100,1.0,0.0,,,-0.03,0.00718,-0.00068,-0.00274,0.00196,-0.01632,0.39657
1342,1374208,43.93981,316.25,0.75,0.79,0.901479,-0.002485,0.011012,0.001655,0.152291,0.012802,0.786051,49.388908,6.84605,49.789429,7.550714,4.0,0.00016268,4,346,0.09654,0.12704,0.09,0.0,100,0.25,0.0,,,-0.03,0.0071,-0.00018,-0.00245,0.00445,-0.01581,0.30669
1343,1375232,64.62402,206.25,1.0,0.8,0.757243,-0.001389,0.013619,0.001104,0.136829,0.008652,0.650087,49.671436,5.858961,49.965767,6.731375,4.0,0.00016258,4,370,0.11299,0.14837,0.08,0.0,100,1.0,0.0,,,-0.03,0.00701,-0.00029,-0.00367,-0.00646,-0.00926,0.49632
1344,1376256,63.22236,264.66667,1.0,0.8,0.746208,-0.001842,0.011794,0.002106,0.142424,0.021652,0.68839,48.408005,5.808382,48.70409,6.579995,4.0,0.00016248,3,365,0.10184,0.13375,0.08,0.0,100,1.0,1.0,,,-0.03,0.00725,-0.00022,-0.00656,-0.00122,-0.01066,0.35192
1345,1377280,50.50904,213.4,0.8,0.81,0.782821,-0.000856,0.029884,0.002176,0.104437,0.021484,0.618069,49.90694,7.017339,49.749031,9.548204,4.0,0.00016237,5,362,0.10165,0.12958,0.07,0.0,100,0.8,0.0,,,-0.03,0.00676,-0.00058,-0.00473,0.00508,-0.01539,0.46093
1346,1378304,55.08641,237.71429,0.85714,0.83,0.939638,-0.002217,0.014161,0.002248,0.238413,0.019257,0.737833,51.250267,6.873275,52.558475,7.849556,4.0,0.00016227,7,339,0.09581,0.11896,0.07,0.0,100,0.71429,0.0,,,-0.03,0.00553,-0.0009,-0.00681,0.00698,-0.01655,0.58989
1347,1379328,64.09608,201.25,1.0,0.84,0.821532,-0.002454,0.010323,0.001639,0.177964,0.011749,0.803593,52.274303,6.960126,52.827908,7.67983,4.0,0.00016217,4,348,0.09415,0.13246,0.07,0.0,100,0.75,0.0,,,-0.03,0.0072,0.00041,-0.00779,-0.00474,-0.00923,0.42855
1348,1380352,49.30318,181.0,0.77778,0.83,0.928681,-0.000788,0.045354,0.001954,0.121062,0.014893,0.587708,52.994534,7.851678,52.906151,11.753945,4.0,0.00016207,9,337,0.09172,0.12801,0.07,0.0,100,0.77778,0.0,,,-0.03,0.00767,-0.00049,-0.00629,0.00277,-0.01722,0.68979
1349,1381376,53.30569,140.8,0.8,0.84,0.97632,-0.001293,0.036497,0.001232,0.131446,0.009506,0.643636,51.208736,8.49374,51.204994,11.013797,4.0,0.00016196,5,321,0.08262,0.12017,0.07,0.0,100,0.6,0.0,,,-0.03,0.00782,6e-05,-0.00436,0.00294,-0.01595,0.38254
1350,1382400,66.64972,156.0,1.0,0.86,0.980228,-0.002998,0.013781,0.003316,0.223388,0.037598,0.813246,53.192486,8.688716,54.285698,8.991261,4.0,0.00016186,5,339,0.0925,0.12052,0.07,0.0,100,0.4,0.0,,,-0.03,0.00583,-6e-05,-0.00543,0.01036,-0.01433,0.50322
1351,1383424,67.00538,149.33333,1.0,0.87,0.949981,-0.001844,0.012849,0.002276,0.155946,0.020966,0.835161,53.915142,8.662347,54.285587,9.519697,4.0,0.00016176,6,341,0.09491,0.12219,0.06,0.0,100,0.33333,0.0,,,-0.03,0.00534,0.00012,-0.00632,0.00271,-0.01604,0.61635
1352,1384448,66.88732,153.83333,1.0,0.88,0.91991,-0.002054,0.015478,0.00208,0.17176,0.022369,0.854672,50.264427,9.651351,50.707802,11.093388,4.0,0.00016166,6,337,0.09368,0.1272,0.05,0.0,100,0.16667,0.0,,,-0.03,0.00778,0.00076,-0.00657,0.00953,-0.01886,0.63001
1353,1385472,39.78601,222.125,0.625,0.85,1.01865,-0.0008,0.031235,0.001541,0.12504,0.008087,0.80397,52.237,10.446543,52.536861,13.84658,4.0,0.00016156,8,327,0.07961,0.1087,0.06,0.0,100,0.5,1.0,,,-0.03,0.00676,-0.00011,-0.00613,0.01184,-0.02349,0.46045
1354,1386496,58.36496,122.875,0.875,0.86,1.218901,-0.001841,0.024601,0.001742,0.152148,0.015259,0.823803,57.153641,10.455482,57.335899,13.045157,4.0,0.00016145,8,300,0.07998,0.11398,0.05,0.0,100,0.125,0.0,,,-0.03,0.00778,0.00048,-0.00618,0.01012,-0.02205,0.5697
1355,1387520,68.62347,123.0,1.0,0.87,0.938689,-0.002615,0.038202,0.00244,0.31597,0.025665,0.800265,52.388668,13.989883,50.589935,14.875297,4.0,0.00016135,4,317,0.0907,0.12933,0.04,0.0,100,0.25,0.0,,,-0.03,0.0087,0.00084,-0.00718,0.00031,-0.01392,0.4201
1356,1388544,42.4771,155.0,0.66667,0.86,0.907172,-0.001556,0.021159,0.002132,0.179027,0.022934,0.913757,49.837166,15.014467,49.184826,16.747784,4.0,0.00016125,6,348,0.10027,0.12984,0.04,0.0,100,0.5,1.0,,,-0.03,0.00596,-0.00051,-0.00685,0.00716,-0.01614,0.43301
1357,1389568,55.53738,168.85714,0.85714,0.86,1.148325,-0.001768,0.020738,0.002095,0.146328,0.016754,0.86161,55.026649,13.006804,55.229603,13.134748,4.0,0.00016115,7,317,0.0912,0.12074,0.03,0.0,100,0.28571,1.0,,,-0.03,0.00587,8e-05,-0.00597,0.00908,-0.01751,0.53102
1358,1390592,63.89872,228.66667,1.0,0.87,0.998581,-0.001798,0.03189,0.002492,0.145567,0.023636,0.684781,52.7314,11.926812,52.482048,11.267172,4.0,0.00016104,6,332,0.10115,0.13209,0.03,0.0,100,0.66667,0.0,,,-0.03,0.00754,-0.00027,-0.00486,0.00094,-0.01386,0.5922
1359,1391616,27.45281,262.5,0.5,0.86,0.818649,-0.001387,0.036686,0.001806,0.242856,0.023193,0.743933,48.180889,12.052417,46.564522,12.604517,4.0,0.00016094,2,355,0.10649,0.13975,0.03,0.0,100,1.0,0.0,,,-0.03,0.00696,-0.00053,-0.01043,-0.0048,-0.00928,0.11496
1360,1392640,66.02177,159.33333,1.0,0.87,0.775759,-0.001455,0.015143,0.001135,0.155126,0.009186,0.817337,49.278114,9.391112,48.950264,9.635831,4.0,0.00016084,3,375,0.119,0.14443,0.02,0.0,100,0.33333,1.0,,,-0.03,0.00675,-0.00071,-0.00687,0.00654,-0.01062,0.38869
1361,1393664,65.27393,207.83333,1.0,0.87,1.030336,-0.001766,0.020442,0.002152,0.143693,0.020691,0.727089,49.667896,8.763738,49.648823,9.5274,4.0,0.00016074,6,335,0.09798,0.12658,0.02,0.0,100,0.33333,1.0,,,-0.03,0.0089,-0.00048,-0.00662,0.00206,-0.0215,0.59243
1362,1394688,28.48519,256.5,0.5,0.86,0.617207,-0.000937,0.020669,0.001007,0.210773,0.007828,0.804687,46.8279,10.098227,45.567551,11.013252,4.0,0.00016063,2,388,0.13158,0.15906,0.02,0.0,100,1.0,1.0,,,-0.03,0.00738,-0.00132,-0.00611,-0.00031,-0.0084,0.15622
1363,1395712,10.32764,323.75,0.25,0.84,0.705246,-0.000617,0.018619,0.000714,0.347791,0.004608,0.855017,46.319641,9.815522,43.871616,11.861115,4.0,0.00016053,4,385,0.13688,0.15425,0.03,0.0,100,0.75,0.0,,,-0.03,0.0056,-0.00161,-0.012,-0.00218,-0.01904,0.13358
1364,1396736,66.69774,150.0,1.0,0.84,0.704737,-0.001598,0.014292,0.001809,0.148465,0.020844,0.795064,44.314995,8.211244,43.972694,8.907812,4.0,0.00016043,2,386,0.14808,0.16347,0.03,0.0,100,0.0,0.0,,,-0.03,0.00791,-0.00139,-0.00491,0.00329,-0.00935,0.28183
1365,1397760,29.06784,362.5,0.5,0.83,0.775544,-0.00332,0.006321,0.001922,0.171971,0.021408,0.920429,42.846413,9.059813,42.594707,10.307703,4.0,0.00016033,4,374,0.13059,0.14522,0.04,0.0,100,0.25,0.0,,,-0.03,0.00615,-0.00177,-0.00735,0.00373,-0.01273,0.2578
1366,1398784,36.66453,313.6,0.6,0.81,0.969932,-0.002479,0.013624,0.002061,0.155991,0.021545,0.891748,45.357895,10.816688,45.196899,12.03963,4.0,0.00016022,5,340,0.10332,0.11905,0.06,0.0,100,0.0,0.0,,,-0.03,0.00563,-0.0004,-0.00825,0.00305,-0.01256,0.31152
1367,1399808,26.9621,259.5,0.5,0.8,0.800152,-0.001126,0.026537,0.00118,0.271159,0.009399,0.843417,42.10664,12.5801,40.56813,13.934555,4.0,0.00016012,4,362,0.10345,0.12877,0.07,0.0,100,0.5,0.0,,,-0.03,0.00854,0.00074,-0.00803,-0.001,-0.01089,0.24725
1368,1400832,36.58577,245.2,0.6,0.79,0.857166,-0.001695,0.015228,0.002244,0.195878,0.026093,0.911861,43.411224,12.241068,43.208199,14.332635,4.0,0.00016002,5,352,0.10568,0.12674,0.08,0.0,100,0.2,0.0,,,-0.03,0.00672,-7e-05,-0.00638,0.00654,-0.0126,0.35623
1369,1401856,65.52761,175.8,1.0,0.79,0.87876,-0.001406,0.028516,0.001797,0.162373,0.013702,0.821086,46.054184,12.838275,46.420303,13.615905,4.0,0.00015992,5,358,0.11024,0.13508,0.08,0.0,100,0.4,1.0,,,-0.03,0.00619,-0.00045,-0.00369,0.00293,-0.01288,0.56798
1370,1402880,49.51264,248.0,0.75,0.79,0.905748,-0.002372,0.013905,0.001853,0.148404,0.018524,0.920588,44.002007,12.701021,44.126137,13.907741,4.0,0.00015981,4,343,0.10385,0.13308,0.09,0.0,100,0.25,0.0,,,-0.03,0.00861,-0.00044,-0.0043,0.00285,-0.00927,0.33033
1371,1403904,21.74916,307.4,0.4,0.76,0.83356,-0.001377,0.039335,0.001439,0.307071,0.013412,0.752309,44.155663,11.398048,42.170906,13.266238,4.0,0.00015971,5,354,0.10908,0.14194,0.1,0.0,100,0.8,0.0,,,-0.03,0.00812,0.00028,-0.00788,-0.0039,-0.01889,0.2283
1372,1404928,53.74205,173.0,0.83333,0.75,0.901263,-0.001856,0.031228,0.002373,0.203513,0.029053,0.809835,43.695621,11.668971,43.995998,13.944512,4.0,0.00015961,6,355,0.1081,0.13842,0.1,0.0,100,0.5,0.0,,,-0.03,0.00673,1e-05,-0.00645,0.00743,-0.01142,0.55327
1373,1405952,67.01613,152.6,1.0,0.76,1.090734,-0.002429,0.022046,0.002762,0.216438,0.03096,0.85033,47.725098,11.605612,47.984837,13.031519,4.0,0.00015951,5,316,0.09711,0.12432,0.1,0.0,100,0.4,1.0,,,-0.03,0.00652,-0.00013,-0.00497,0.00251,-0.01564,0.46589
1374,1406976,67.31798,147.5,1.0,0.78,0.817197,-0.000991,0.017662,0.002084,0.153097,0.018066,0.916743,42.322044,14.322316,42.454563,15.6385,4.0,0.0001594,4,367,0.11825,0.14572,0.09,0.0,100,0.0,0.0,,,-0.03,0.00644,-0.0007,-0.00434,0.00714,-0.01577,0.49181
1375,1408000,21.35132,315.0,0.4,0.75,0.951423,-0.001277,0.049618,0.001959,0.159399,0.017731,0.74415,46.966534,12.77517,46.374084,14.660056,4.0,0.0001593,5,344,0.1072,0.14089,0.1,0.0,100,0.8,1.0,,,-0.03,0.00516,0.00024,-0.00664,0.00143,-0.01557,0.20335
1376,1409024,66.41503,163.57143,1.0,0.76,1.02145,-0.001438,0.026327,0.001229,0.224873,0.009094,0.799217,48.374733,11.177123,49.657066,12.006682,4.0,0.0001592,7,339,0.10854,0.13697,0.1,0.0,100,0.0,0.33333,,,-0.03,0.00609,0.00021,-0.00617,0.00963,-0.01339,0.68922
1377,1410048,66.68199,176.4,1.0,0.77,0.982147,-0.001461,0.028553,0.002144,0.158049,0.01474,0.800066,48.03688,12.061019,48.294781,12.695377,4.0,0.0001591,5,333,0.10215,0.1342,0.1,0.0,100,0.2,0.0,,,-0.03,0.00543,0.00039,-0.00796,0.00255,-0.00952,0.49259
1378,1411072,66.91394,154.0,1.0,0.78,0.681097,-0.00216,0.022677,0.001651,0.181398,0.018219,0.870936,44.058971,13.294684,43.284096,13.995726,4.0,0.000159,2,373,0.13592,0.16354,0.1,0.0,100,0.0,0.0,,,-0.03,0.00539,-0.00027,-0.00722,0.00064,-0.0048,0.28829
1379,1412096,38.2756,369.0,0.66667,0.78,0.431589,-0.001655,0.011966,0.000883,0.165259,0.007507,0.936282,37.279053,14.404794,36.440514,14.51354,4.0,0.00015889,3,439,0.17815,0.19493,0.11,0.0,100,0.33333,0.0,,,-0.03,0.00634,-0.00259,-0.00129,-0.00497,-0.00695,0.44074
1380,1413120,30.09404,283.5,0.5,0.77,0.64874,-0.001583,0.00757,0.001074,0.170252,0.008514,0.96653,38.427757,15.411449,37.891342,16.657585,4.0,0.00015879,2,396,0.12884,0.15038,0.11,0.0,100,0.5,0.0,,,-0.03,0.00605,-0.00092,-0.00759,0.01207,-0.01289,0.14136
1381,1414144,39.65231,321.66667,0.66667,0.76,0.684783,-0.002259,0.010967,0.001791,0.190515,0.021027,0.955067,41.545334,16.205458,40.82737,16.288849,4.0,0.00015869,3,384,0.13474,0.15216,0.12,0.0,100,0.0,1.0,,,-0.03,0.00586,-0.0012,-0.00469,-0.00096,-0.01505,0.27207
1382,1415168,51.41053,355.14286,0.85714,0.75,0.894748,-0.001753,0.03094,0.002279,0.29022,0.024612,0.669391,46.711529,11.059491,48.562496,10.705205,4.0,0.00015859,7,349,0.10504,0.13205,0.13,0.0,100,0.14286,1.0,,,-0.03,0.00585,-0.00016,-0.0089,0.01067,-0.02052,0.59084
1383,1416192,68.22324,114.25,1.0,0.76,0.836956,-0.002184,0.016757,0.001695,0.185854,0.016663,0.864572,47.744549,10.518364,47.353836,11.772474,4.0,0.00015848,4,355,0.10847,0.13988,0.13,0.0,100,0.0,0.5,,,-0.03,0.00743,3e-05,-0.00779,0.00343,-0.01329,0.45224
1384,1417216,67.30854,151.66667,1.0,0.76,0.641539,-0.001488,0.014254,0.002107,0.130667,0.025955,0.918266,43.422775,13.864891,43.611008,14.101789,4.0,0.00015838,3,389,0.12651,0.15109,0.13,0.0,100,0.0,0.0,,,-0.03,0.0078,-0.00075,-0.00617,0.00714,-0.01072,0.42198
1385,1418240,51.99749,183.0,0.8,0.75,0.773971,-0.001695,0.012362,0.001905,0.157388,0.018936,0.921569,46.147503,11.83128,46.385941,13.56879,4.0,0.00015828,5,359,0.11798,0.1492,0.13,0.0,100,0.4,1.0,,,-0.03,0.00587,-0.00049,-0.00671,0.00927,-0.01149,0.46891
1386,1419264,31.01637,360.5,0.5,0.76,0.80747,-0.002608,0.011561,0.00185,0.262766,0.020752,0.883387,49.237728,10.107096,47.885254,10.313484,4.0,0.00015818,4,349,0.12658,0.15541,0.15,0.0,100,0.25,0.0,,,-0.03,0.00815,-0.0002,-0.00612,-0.00322,-0.01292,0.2307
1387,1420288,39.35158,337.0,0.66667,0.76,0.591139,-0.001222,0.020233,0.0009,0.13889,0.009048,0.791486,44.3554,10.155711,43.839767,10.412507,4.0,0.00015807,3,397,0.14068,0.16938,0.15,0.0,100,0.33333,1.0,,,-0.03,0.00591,-0.0008,-0.00527,0.00218,-0.00932,0.30255
1388,1421312,64.57884,212.66667,1.0,0.77,0.649956,-0.00166,0.016269,0.001151,0.130581,0.009659,0.897186,42.655945,12.13643,42.590694,13.233612,4.0,0.00015797,3,362,0.13638,0.16755,0.14,0.0,100,0.33333,1.0,,,-0.03,0.00621,-0.00095,-0.00417,0.00682,-0.01852,0.41385
1389,1422336,64.17694,227.8,1.0,0.8,0.724161,-0.00091,0.028359,0.00136,0.195354,0.007416,0.804401,42.897903,12.197824,44.01968,12.719203,4.0,0.00015787,5,372,0.1361,0.1635,0.11,0.0,100,0.4,1.0,,,-0.03,0.00486,-0.00087,-0.00423,0.00519,-0.01433,0.61516
1390,1423360,53.20343,277.83333,0.83333,0.82,0.820801,-0.00143,0.019605,0.001047,0.153139,0.009293,0.833148,47.011398,10.703786,47.643585,11.343251,4.0,0.00015777,6,349,0.12653,0.16037,0.1,0.0,100,0.5,1.0,,,-0.03,0.00665,2e-05,-0.0055,0.00387,-0.01759,0.53814
1391,1424384,52.54398,167.4,0.8,0.82,0.745288,-0.001536,0.022652,0.001981,0.194773,0.021118,0.853252,47.011856,11.053649,46.082272,13.22146,4.0,0.00015766,5,364,0.13738,0.17113,0.1,0.0,100,0.2,1.0,,,-0.03,0.00578,-0.00039,-0.00629,0.00131,-0.01582,0.49793
1392,1425408,48.45418,269.5,0.75,0.81,0.737593,-0.001424,0.021978,0.001671,0.190482,0.015869,0.859824,45.123478,12.265496,44.368706,13.210466,4.0,0.00015756,4,367,0.13831,0.1654,0.11,0.0,100,0.5,1.0,,,-0.03,0.00611,5e-05,-0.00664,0.00331,-0.01178,0.38807
1393,1426432,49.07263,166.5,0.75,0.81,0.587515,-0.001349,0.025255,0.001217,0.2046,0.012054,0.88964,39.381958,14.684347,38.353554,16.456909,4.0,0.00015746,4,389,0.15335,0.17953,0.1,0.0,100,0.5,0.0,,,-0.03,0.0064,-0.00012,-0.00282,0.00891,-0.01578,0.47646
1394,1427456,37.39572,250.0,0.6,0.82,0.822719,-0.001624,0.014257,0.001553,0.178503,0.011871,0.948028,44.171272,16.260582,43.368465,17.777,4.0,0.00015736,5,354,0.12804,0.15259,0.09,0.0,100,0.4,0.0,,,-0.03,0.00662,-5e-05,-0.0085,0.01026,-0.01988,0.34205
1395,1428480,47.06933,226.57143,0.71429,0.81,0.856155,-0.001701,0.016332,0.001935,0.14138,0.015244,0.938183,44.246521,15.690408,44.140156,17.620489,4.0,0.00015725,7,352,0.12858,0.15638,0.1,0.0,100,0.28571,1.0,,,-0.03,0.00575,-0.00018,-0.00684,0.0094,-0.01574,0.55388
1396,1429504,68.94026,113.25,1.0,0.81,1.011842,-0.002773,0.016128,0.002553,0.197629,0.031006,0.926172,48.363548,14.637922,47.75473,15.475249,4.0,0.00015715,4,330,0.13221,0.15811,0.1,0.0,100,0.0,0.0,,,-0.03,0.00561,0.00037,-0.00577,0.007,-0.01772,0.3876
1397,1430528,35.49766,305.2,0.6,0.8,0.706137,-0.001294,0.022878,0.001362,0.164369,0.012238,0.913159,39.214497,16.209415,38.474232,17.615166,4.0,0.00015705,5,374,0.14839,0.18168,0.1,0.0,100,0.2,1.0,,,-0.03,0.00634,-0.00085,-0.00575,-0.00046,-0.01514,0.39614
1398,1431552,67.98356,108.66667,1.0,0.82,0.870428,-0.002944,0.011307,0.001987,0.19412,0.019409,0.969173,43.277596,19.704456,42.738918,20.148237,4.0,0.00015695,3,349,0.14212,0.17122,0.1,0.0,100,0.0,0.0,,,-0.03,0.00463,-0.00045,-0.00267,0.00994,-0.02442,0.3403
1399,1432576,66.25984,151.0,1.0,0.82,0.781969,-0.002152,0.01326,0.002033,0.162578,0.024094,0.964572,38.300556,20.478363,38.130581,20.960526,4.0,0.00015684,3,354,0.15962,0.18153,0.1,0.0,100,0.33333,1.0,,,-0.03,0.00628,-0.001,-0.00203,0.00588,-0.01915,0.37978
1400,1433600,16.41997,436.66667,0.33333,0.8,0.82187,-0.002938,0.007971,0.001809,0.292825,0.018005,0.974924,39.228905,18.90711,37.587528,18.403446,4.0,0.00015674,3,361,0.14822,0.17317,0.12,0.0,100,0.33333,1.0,,,-0.03,0.00594,-0.00107,-0.00243,-0.00191,-0.02115,0.12378
1401,1434624,48.99702,298.4,0.8,0.79,0.910895,-0.001797,0.033819,0.002531,0.166132,0.030167,0.837204,41.433109,14.807325,41.630768,15.310103,4.0,0.00015664,5,350,0.13368,0.15666,0.13,0.0,100,0.2,0.5,,,-0.03,0.00628,-0.00056,-0.0049,0.00514,-0.01728,0.42548
1402,1435648,60.14988,231.2,1.0,0.79,0.957689,-0.001972,0.026061,0.002049,0.21259,0.017288,0.876493,43.502815,14.726924,44.143738,15.634659,4.0,0.00015654,5,341,0.13039,0.1546,0.13,0.0,100,0.2,0.75,,,-0.03,0.00479,-0.00041,-0.00625,0.00612,-0.01736,0.50225
1403,1436672,51.71572,186.8,0.8,0.81,0.905766,-0.002683,0.019689,0.002329,0.253976,0.027878,0.92906,42.653049,15.994403,41.844246,17.552299,4.0,0.00015644,5,344,0.11783,0.14581,0.11,0.0,100,0.4,1.0,,,-0.03,0.00419,-0.00057,-0.00807,0.0029,-0.01693,0.43571
1404,1437696,43.08679,293.33333,0.66667,0.8,0.632598,-0.002794,0.019229,0.002202,0.309946,0.02887,0.926602,38.653713,16.25885,37.006119,16.929005,4.0,0.00015633,3,383,0.1241,0.15306,0.12,0.0,100,0.33333,1.0,,,-0.03,0.00709,-0.00059,-0.00649,-0.00164,-0.01188,0.30109
1405,1438720,28.90015,224.0,0.5,0.8,0.602602,-0.002504,0.013176,0.00171,0.282758,0.01825,0.965631,33.199394,19.824295,31.596741,20.008795,4.0,0.00015623,2,403,0.1293,0.15677,0.11,0.0,100,0.5,1.0,,,-0.03,0.00521,-0.00052,-0.00485,0.00055,-0.03102,0.16212
1406,1439744,25.25697,345.83333,0.5,0.77,0.776643,-0.001405,0.026827,0.002455,0.153716,0.02742,0.922829,35.78405,19.154465,35.713543,20.198994,4.0,0.00015613,6,368,0.10968,0.1354,0.12,0.0,100,0.5,0.0,,,-0.03,0.00555,-0.00017,-0.01062,0.00536,-0.02255,0.35986
1407,1440768,41.8564,241.66667,0.66667,0.75,0.858308,-0.002213,0.02474,0.001432,0.14973,0.012726,0.925406,41.645233,17.879314,41.420113,19.083147,4.0,0.00015603,6,348,0.11304,0.14025,0.13,0.0,100,0.33333,0.0,,,-0.03,0.00451,0.00055,-0.00875,0.00549,-0.01814,0.45017
1408,1441792,67.82505,112.4,1.0,0.77,0.884813,-0.002831,0.017659,0.001651,0.179482,0.016205,0.916215,43.963371,13.842685,43.67561,15.759994,4.0,0.00015592,5,339,0.1122,0.1462,0.12,0.0,100,0.0,0.5,,,-0.03,0.00594,0.00047,-0.00966,0.00515,-0.01751,0.56484
1409,1442816,28.43467,260.5,0.5,0.76,0.662549,-0.002905,0.011618,0.001937,0.235568,0.020706,0.969253,36.360573,19.503172,35.172665,20.171122,4.0,0.00015582,2,386,0.1351,0.16535,0.12,0.0,100,0.5,0.0,,,-0.03,0.00715,-9e-05,-0.00603,0.00155,-0.01115,0.1468
1410,1443840,67.29099,145.4,1.0,0.78,0.769828,-0.002295,0.016251,0.001251,0.154955,0.013412,0.96344,36.416348,21.565536,36.792145,22.846506,4.0,0.00015572,5,354,0.11236,0.13806,0.1,0.0,100,0.2,1.0,,,-0.03,0.00652,-0.00012,-0.00642,0.00633,-0.01864,0.64614
1411,1444864,42.09004,283.0,0.66667,0.77,0.748316,-0.002697,0.011112,0.001826,0.199542,0.018677,0.978583,37.459015,23.757498,36.873837,24.013302,4.0,0.00015562,3,374,0.10985,0.13752,0.11,0.0,100,0.33333,0.0,,,-0.03,0.00528,-0.0002,-0.00859,0.00286,-0.01281,0.26406
1412,1445888,38.65799,364.83333,0.66667,0.76,0.956798,-0.00131,0.03288,0.00176,0.173324,0.015625,0.896454,44.182793,18.984138,44.542484,18.812506,4.0,0.00015551,6,354,0.11769,0.14754,0.12,0.0,100,0.66667,1.0,,,-0.03,0.00446,-0.00039,-0.00959,0.00434,-0.01293,0.41783
1413,1446912,67.39953,145.25,1.0,0.76,1.028316,-0.002261,0.024024,0.002206,0.20189,0.01976,0.841435,48.684902,11.831163,47.951382,12.994006,4.0,0.00015541,4,337,0.10846,0.14281,0.12,0.0,100,0.0,1.0,,,-0.03,0.00781,-3e-05,-0.00756,0.00186,-0.01353,0.39579
1414,1447936,63.96392,217.2,1.0,0.77,0.923486,-0.002157,0.021816,0.002405,0.154472,0.024109,0.930361,43.352795,17.68442,43.586433,19.09812,4.0,0.00015531,5,345,0.09913,0.12304,0.12,0.0,100,0.0,0.33333,,,-0.03,0.00724,-0.00014,-0.0073,0.01045,-0.01958,0.53229
1415,1448960,65.72752,142.75,1.0,0.78,0.803921,-0.00175,0.014094,0.001221,0.144093,0.013702,0.968582,39.196819,21.825243,39.003815,22.296144,4.0,0.00015521,4,367,0.11436,0.14214,0.11,0.0,100,0.0,0.0,,,-0.03,0.00614,-0.00055,-0.00477,0.00669,-0.01676,0.5142
1416,1449984,48.42476,258.75,0.75,0.78,0.74716,-0.002246,0.008909,0.001661,0.155196,0.01889,0.97989,36.480446,22.319305,36.354965,22.799528,4.0,0.0001551,4,374,0.11826,0.14399,0.12,0.0,100,0.5,0.0,,,-0.03,0.00593,-0.00023,-0.00785,0.00627,-0.01269,0.40604
1417,1451008,36.32645,332.4,0.6,0.78,0.858562,-0.00276,0.01662,0.002146,0.220983,0.021042,0.953991,41.866615,20.02623,41.023407,20.364407,4.0,0.000155,5,359,0.11876,0.14953,0.14,0.0,100,0.4,0.0,,,-0.03,0.00731,-0.0001,-0.01007,-0.00372,-0.01041,0.3554
1418,1452032,65.19907,169.75,1.0,0.79,0.785578,-0.00211,0.029919,0.00194,0.175921,0.02179,0.91833,42.689842,19.676886,42.9226,20.294979,4.0,0.0001549,4,361,0.12393,0.15429,0.14,0.0,100,0.5,0.0,,,-0.03,0.00548,-0.00018,-0.00996,0.00435,-0.01366,0.51895
1419,1453056,40.84906,304.33333,0.66667,0.79,0.913194,-0.002927,0.010469,0.001914,0.189034,0.023132,0.970207,44.529881,19.199413,43.927803,19.712133,4.0,0.0001548,3,352,0.10871,0.13734,0.14,0.0,100,0.33333,0.0,,,-0.03,0.00671,-0.00044,-0.00598,0.00639,-0.02187,0.22016
1420,1454080,63.72374,187.25,1.0,0.79,0.718256,-0.00191,0.019153,0.001548,0.200261,0.017807,0.954097,41.870056,21.413363,40.800571,21.327791,4.0,0.00015469,4,383,0.14709,0.17736,0.14,0.0,100,0.25,0.0,,,-0.03,0.00652,-0.00075,-0.00768,-0.00591,-0.01234,0.56772
1421,1455104,-8.13194,585.0,0.0,0.77,0.700676,-0.001752,0.009942,0.001232,0.297765,0.010544,0.966302,39.169399,18.17638,37.35537,18.086823,4.0,0.00015459,2,384,0.12979,0.15237,0.15,0.0,100,1.0,1.0,,,-0.03,0.00886,-0.0004,-0.00533,0.00293,-0.01914,-0.00404
1422,1456128,46.41803,212.75,0.75,0.78,0.681698,-0.000922,0.017237,0.001616,0.150321,0.020004,0.941085,36.453209,17.372917,35.981659,18.695959,4.0,0.00015449,4,395,0.13541,0.15349,0.14,0.0,100,0.25,0.0,,,-0.03,0.00606,-0.0014,-0.0067,0.00834,-0.01273,0.44074
1423,1457152,41.554,381.0,0.75,0.77,0.949225,-0.001597,0.02035,0.002192,0.150577,0.024063,0.938518,42.817574,19.466713,42.780708,19.363708,4.0,0.00015439,4,355,0.11756,0.14067,0.15,0.0,100,0.0,1.0,,,-0.03,0.00699,-0.00066,-0.00521,0.00625,-0.02312,0.30988
1424,1458176,43.67655,366.25,0.75,0.78,1.055581,-0.001876,0.026384,0.003095,0.148777,0.037613,0.898275,45.205902,17.402216,45.509369,17.162361,4.0,0.00015428,4,341,0.10584,0.13008,0.14,0.0,100,0.25,1.0,,,-0.03,0.00592,9e-05,-0.00727,0.00807,-0.02655,0.28193
1425,1459200,61.02985,194.0,1.0,0.78,1.134704,-0.002421,0.013186,0.001767,0.28094,0.01152,0.943976,48.114822,15.316698,46.751026,15.970311,4.0,0.00015418,3,309,0.10575,0.12844,0.14,0.0,100,0.0,1.0,,,-0.03,0.0081,-0.0003,-0.00517,0.00277,-0.03345,0.27807
1426,1460224,35.03886,266.66667,0.66667,0.78,0.964361,-0.002605,0.016728,0.0022,0.28936,0.022476,0.946471,41.029457,18.07181,39.268341,18.282261,4.0,0.00015408,3,333,0.11173,0.139,0.13,0.0,100,0.33333,1.0,,,-0.03,0.00723,-0.00057,-0.00347,0.00095,-0.03976,0.20739
1427,1461248,56.51971,303.5,1.0,0.78,0.887836,-0.001329,0.0397,0.002235,0.164911,0.024536,0.82683,39.022278,16.879393,39.558586,16.661671,4.0,0.00015398,4,360,0.11509,0.14348,0.13,0.0,100,0.25,1.0,,,-0.03,0.00794,-0.00046,-0.00493,0.00426,-0.02873,0.44257
1428,1462272,66.21785,157.66667,1.0,0.78,0.932952,-0.002735,0.016599,0.001542,0.208985,0.017426,0.933108,37.898544,15.550814,37.091686,16.765568,4.0,0.00015388,3,350,0.11179,0.14209,0.13,0.0,100,0.0,0.0,,,-0.03,0.00805,-0.0001,-0.00311,0.00068,-0.02092,0.33587
1429,1463296,29.75626,330.8,0.6,0.78,0.828135,-0.001848,0.026894,0.002122,0.204278,0.021133,0.894529,36.178757,15.957624,35.608456,17.126827,4.0,0.00015377,5,367,0.10798,0.14202,0.13,0.0,100,0.6,1.0,,,-0.03,0.00713,-0.00055,-0.00719,-0.00044,-0.02021,0.36334
1430,1464320,40.45962,307.33333,0.66667,0.78,0.827324,-0.00216,0.013995,0.001796,0.173123,0.01918,0.950588,39.374649,16.688696,38.776089,17.76717,4.0,0.00015367,3,374,0.10372,0.13855,0.13,0.0,100,0.33333,1.0,,,-0.03,0.00631,0.00015,-0.0031,0.00753,-0.02034,0.2487
1431,1465344,65.13943,171.66667,1.0,0.8,0.734265,-0.002659,0.016912,0.001753,0.193335,0.018753,0.93869,35.473274,16.677723,34.907265,17.581388,4.0,0.00015357,3,379,0.11401,0.14565,0.12,0.0,100,0.0,1.0,,,-0.03,0.00701,-6e-05,-0.00695,0.00311,-0.01638,0.39939
1432,1466368,26.32607,358.75,0.5,0.79,0.781883,-0.001536,0.012261,0.001533,0.153741,0.011719,0.958594,35.696331,17.372824,35.383415,18.295794,4.0,0.00015347,4,359,0.11911,0.14871,0.13,0.0,100,0.5,0.0,,,-0.03,0.00523,-0.00089,-0.00732,0.00254,-0.0201,0.25079
1433,1467392,38.14357,376.0,0.66667,0.79,0.845156,-0.001889,0.030553,0.001556,0.141964,0.014984,0.885608,40.274612,17.374548,40.236584,17.497379,4.0,0.00015336,3,365,0.11722,0.15002,0.13,0.0,100,0.33333,0.0,,,-0.03,0.00526,-9e-05,-0.00367,-8e-05,-0.01536,0.2395
1434,1468416,36.87629,351.33333,0.66667,0.79,0.789889,-0.002391,0.011448,0.001562,0.22119,0.014679,0.953489,38.476303,15.560205,37.426582,16.348455,4.0,0.00015326,3,377,0.13086,0.15997,0.13,0.0,100,0.33333,0.0,,,-0.03,0.00871,-0.00051,-0.00445,-0.00128,-0.01306,0.24971
1435,1469440,63.38117,233.0,1.0,0.79,0.949627,-0.001707,0.0313,0.001881,0.261874,0.017441,0.86252,38.599228,14.851487,39.769196,16.053726,4.0,0.00015316,4,339,0.12958,0.16075,0.13,0.0,100,0.75,0.0,,,-0.03,0.00534,-0.00049,-0.00204,0.00872,-0.01477,0.43031
1436,1470464,66.04701,154.0,1.0,0.8,0.992968,-0.002233,0.012387,0.001878,0.207136,0.015869,0.963222,39.058769,18.654951,39.833477,19.689363,4.0,0.00015306,4,346,0.12287,0.15121,0.13,0.0,100,0.25,1.0,,,-0.03,0.00507,-0.00027,-0.00518,0.0067,-0.01557,0.40625
1437,1471488,36.24549,320.6,0.6,0.79,1.020493,-0.001843,0.018168,0.002476,0.1717,0.027176,0.928091,44.308662,16.751387,44.183964,17.405243,4.0,0.00015295,5,345,0.13367,0.16063,0.13,0.0,100,0.6,1.0,,,-0.03,0.00672,0.00011,-0.00551,0.0075,-0.02779,0.30026
1438,1472512,60.95176,195.66667,1.0,0.81,1.047021,-0.002291,0.015117,0.002158,0.226513,0.016815,0.911851,43.222672,13.050107,42.248268,13.647572,4.0,0.00015285,3,342,0.14346,0.17468,0.11,0.0,100,0.0,0.0,,,-0.03,0.00634,0.00029,-0.00304,-0.00086,-0.01609,0.30151
1439,1473536,26.08209,348.75,0.5,0.79,0.880903,-0.001207,0.021157,0.002074,0.14352,0.022385,0.889654,40.17741,13.02129,40.042725,14.468945,4.0,0.00015275,4,365,0.13644,0.1672,0.12,0.0,100,0.25,0.0,,,-0.03,0.00795,-0.00047,-0.00376,0.00546,-0.01951,0.22822
1440,1474560,53.17731,244.42857,0.85714,0.78,0.993431,-0.001612,0.042051,0.001915,0.299688,0.019638,0.779095,41.954418,14.119764,43.489197,15.188402,4.0,0.00015265,7,335,0.11829,0.14948,0.12,0.0,100,0.28571,0.66667,,,-0.03,0.00788,-0.00012,-0.00555,0.00089,-0.01642,0.57899
1441,1475584,66.96241,154.5,1.0,0.78,0.989012,-0.001591,0.022742,0.00166,0.202684,0.012604,0.899903,46.242004,14.635357,47.025948,15.681169,4.0,0.00015254,4,344,0.12252,0.1564,0.12,0.0,100,0.25,1.0,,,-0.03,0.00612,0.0001,-0.00474,0.0045,-0.02046,0.41526
1442,1476608,61.7728,198.33333,1.0,0.78,0.896858,-0.002385,0.016494,0.001489,0.216137,0.012695,0.940949,41.8694,17.071493,41.101181,17.434278,4.0,0.00015244,3,359,0.12017,0.15327,0.12,0.0,100,0.0,1.0,,,-0.03,0.00735,6e-05,-0.00512,-0.00036,-0.00954,0.34181
1443,1477632,-9.29229,438.0,0.0,0.77,0.710223,-0.001919,0.022174,0.001792,0.33835,0.021576,0.927382,40.629967,17.659561,38.288105,18.202301,4.0,0.00015234,2,389,0.13351,0.16127,0.11,0.0,100,1.0,1.0,,,-0.03,0.0078,-0.00056,-0.00634,-0.00324,-0.00796,-0.00822
1444,1478656,65.53755,209.0,1.0,0.77,0.651968,-0.002013,0.014557,0.00122,0.256463,0.007889,0.951895,34.630905,17.381437,33.362717,18.106609,4.0,0.00015224,2,398,0.13447,0.15777,0.11,0.0,100,0.0,0.0,,,-0.03,0.00784,-0.00109,-0.0024,0.00533,-0.01129,0.3055
1445,1479680,42.89317,349.25,0.75,0.78,0.708757,-0.001016,0.039802,0.001074,0.124098,0.010056,0.851624,31.757982,17.474154,32.021431,17.736729,4.0,0.00015213,4,385,0.13739,0.16456,0.09,0.0,100,0.5,1.0,,,-0.03,0.00737,-0.0006,-0.00642,0.00173,-0.01613,0.40061
1446,1480704,41.5575,257.33333,0.66667,0.77,0.890086,-0.001892,0.024018,0.00171,0.161398,0.012634,0.930586,37.940777,18.145334,38.111198,20.08333,4.0,0.00015203,6,352,0.12432,0.15352,0.09,0.0,100,0.33333,1.0,,,-0.03,0.00896,7e-05,-0.00737,0.00553,-0.01849,0.44523
1447,1481728,54.70258,220.33333,0.83333,0.78,1.007027,-0.002793,0.011561,0.001636,0.186197,0.013245,0.968658,42.291023,19.527731,42.903877,20.973015,4.0,0.00015193,6,330,0.12763,0.1549,0.09,0.0,100,0.16667,0.0,,,-0.03,0.00987,0.00045,-0.00371,0.01035,-0.01832,0.49493
1448,1482752,55.82409,194.0,0.83333,0.78,1.080258,-0.001719,0.015399,0.001773,0.186035,0.015213,0.954179,45.319481,18.062595,45.861923,19.403847,4.0,0.00015183,6,319,0.11212,0.14087,0.09,0.0,100,0.16667,1.0,,,-0.03,0.0085,-0.00016,-0.00601,0.00674,-0.01969,0.45353
1449,1483776,41.72347,194.0,0.66667,0.78,0.938639,-0.001866,0.023056,0.001692,0.214343,0.011948,0.925473,43.768326,16.879475,43.057625,18.825464,4.0,0.00015172,6,333,0.11977,0.15439,0.07,0.0,100,0.5,1.0,,,-0.03,0.0094,0.00036,-0.00551,0.00232,-0.02063,0.40944
1450,1484800,66.49368,142.0,1.0,0.78,0.9708,-0.00134,0.031025,0.001987,0.177925,0.016922,0.892471,47.566429,17.934191,48.22998,18.352854,4.0,0.00015162,5,337,0.12808,0.16207,0.07,0.0,100,0.2,1.0,,,-0.03,0.00679,-0.00016,-0.00425,0.0059,-0.01738,0.52588
1451,1485824,67.75013,145.0,1.0,0.79,1.010833,-0.00224,0.025285,0.002473,0.183454,0.026978,0.928313,46.125053,19.106186,46.561745,19.909126,4.0,0.00015152,5,341,0.12231,0.14952,0.07,0.0,100,0.2,0.5,,,-0.03,0.00786,-0.00017,-0.0052,0.01132,-0.024,0.49529
1452,1486848,37.9361,247.83333,0.66667,0.78,1.133064,-0.002597,0.014232,0.002115,0.21796,0.024002,0.958324,47.955597,19.377584,47.254761,20.006081,4.0,0.00015142,6,336,0.13703,0.16384,0.07,0.0,100,0.33333,1.0,,,-0.03,0.00574,-0.00054,-0.00578,0.00408,-0.03133,0.3619
1453,1487872,67.15528,139.0,1.0,0.8,1.107474,-0.002875,0.026018,0.00266,0.170653,0.02948,0.824615,49.780621,11.683213,49.749863,12.863016,4.0,0.00015132,5,328,0.13039,0.16394,0.07,0.0,100,0.8,1.0,,,-0.03,0.0059,0.00047,-0.00572,0.00099,-0.01279,0.46335
1454,1488896,53.32358,213.5,0.83333,0.81,1.020184,-0.001362,0.024819,0.001916,0.162381,0.016434,0.904558,47.530792,15.532093,48.099407,16.875883,4.0,0.00015121,6,332,0.11966,0.15362,0.07,0.0,100,0.16667,1.0,,,-0.03,0.00561,0.00027,-0.00763,0.01077,-0.02147,0.4895
1455,1489920,66.00747,145.6,1.0,0.82,0.912736,-0.001977,0.01906,0.001903,0.156327,0.019669,0.957855,43.153637,21.365398,42.988163,22.167212,4.0,0.00015111,5,353,0.13298,0.16403,0.06,0.0,100,0.2,0.5,,,-0.03,0.00711,0.00017,-0.00455,0.00594,-0.01812,0.55973
1456,1490944,67.12227,142.0,1.0,0.83,0.666966,-0.002508,0.023393,0.002238,0.278182,0.028717,0.951874,35.61647,22.95183,34.172142,23.01968,4.0,0.00015101,2,383,0.15516,0.18841,0.06,0.0,100,0.0,0.0,,,-0.03,0.00783,-0.00072,-0.00372,-0.00887,-0.00762,0.29248
1457,1491968,34.84757,381.0,0.6,0.81,0.638977,-0.00088,0.036951,0.000729,0.162994,0.005539,0.912693,32.446651,22.25528,32.665161,22.859303,4.0,0.00015091,5,379,0.13107,0.15897,0.07,0.0,100,0.6,0.75,,,-0.03,0.00891,-0.00012,-0.00594,0.01201,-0.01911,0.41957
1458,1492992,53.83308,205.66667,0.83333,0.81,0.910723,-0.001295,0.038266,0.001594,0.17911,0.012039,0.903733,42.773903,21.386396,43.676655,21.426836,4.0,0.0001508,6,339,0.12995,0.16391,0.06,0.0,100,0.33333,0.83333,,,-0.03,0.00708,0.00013,-0.00536,0.00189,-0.0202,0.52046
1459,1494016,58.02058,167.0,0.875,0.83,1.115354,-0.001874,0.027969,0.001555,0.172982,0.01004,0.851831,51.733364,12.605979,52.570553,14.485644,4.0,0.0001507,8,320,0.11975,0.15258,0.05,0.0,100,0.125,1.0,,,-0.03,0.00693,0.00054,-0.00733,0.01018,-0.01924,0.60258
1460,1495040,56.60349,149.0,0.85714,0.83,1.058027,-0.001416,0.024077,0.002139,0.136887,0.017639,0.821415,54.069431,10.800572,54.459145,12.335206,4.0,0.0001506,7,327,0.12128,0.15305,0.05,0.0,100,0.28571,1.0,,,-0.03,0.00593,0.00055,-0.005,0.00753,-0.022,0.54547
1461,1496064,66.69249,146.83333,1.0,0.83,0.834819,-0.001677,0.041034,0.001129,0.169036,0.008041,0.837308,47.381908,15.974513,47.885834,16.861691,4.0,0.0001505,6,350,0.11843,0.15587,0.05,0.0,100,0.33333,0.66667,,,-0.03,0.00719,0.0006,-0.00499,0.00186,-0.01894,0.67922
1462,1497088,48.33452,163.0,0.75,0.84,0.869889,-0.001575,0.025288,0.001444,0.20769,0.010986,0.906797,47.881413,15.99034,46.942703,17.109406,4.0,0.00015039,4,351,0.10971,0.14008,0.05,0.0,100,0.25,0.75,,,-0.03,0.00884,0.00114,-0.00488,0.00249,-0.01662,0.32506
1463,1498112,46.89605,228.0,0.75,0.84,0.933205,-0.001122,0.027035,0.001299,0.138839,0.009415,0.855434,51.512772,14.837721,51.983521,15.144885,4.0,0.00015029,4,347,0.12721,0.1507,0.05,0.0,100,0.25,0.75,,,-0.03,0.0082,0.00067,-0.00496,0.01222,-0.01769,0.29701
1464,1499136,64.98699,199.125,1.0,0.86,1.10211,-0.001432,0.026045,0.001899,0.23762,0.0159,0.678026,55.176567,11.574513,56.632675,10.159183,4.0,0.00015019,8,320,0.13354,0.16065,0.04,0.0,100,0.125,1.0,,,-0.03,0.00687,-0.00032,-0.00711,0.01151,-0.0202,0.68727
1465,1500160,67.74648,134.0,1.0,0.87,1.101136,-0.002476,0.014736,0.002056,0.229568,0.020935,0.813052,57.978767,8.494884,57.440811,9.190505,4.0,0.00015009,5,330,0.13943,0.16614,0.03,0.0,100,0.0,1.0,,,-0.03,0.00623,0.0001,-0.00509,0.00527,-0.01952,0.45216
1466,1501184,48.05145,157.75,0.75,0.87,1.005271,-0.001539,0.021326,0.002455,0.306816,0.028168,0.863864,51.880085,11.488991,50.150177,13.244514,4.0,0.00014998,4,348,0.14878,0.17942,0.03,0.0,100,0.25,0.5,,,-0.03,0.00675,-3e-05,-0.00551,0.00307,-0.02104,0.30422
1467,1502208,41.01999,233.33333,0.66667,0.86,0.945185,-0.00117,0.033894,0.001556,0.17252,0.014221,0.836074,46.712593,13.598974,45.926022,15.134309,4.0,0.00014988,6,349,0.16202,0.19073,0.04,0.0,100,0.33333,0.5,,,-0.03,0.00571,-0.00082,-0.00591,0.00354,-0.02367,0.4315
1468,1503232,44.54279,235.75,0.75,0.86,0.938565,-0.002873,0.015448,0.002267,0.20823,0.024414,0.928553,48.844032,14.518664,47.9916,15.375569,4.0,0.00014978,4,345,0.1417,0.17522,0.05,0.0,100,0.0,0.6,,,-0.03,0.00576,0.00033,-0.00589,0.00553,-0.02671,0.31585
1469,1504256,50.87223,161.0,0.8,0.85,0.892124,-0.001177,0.016942,0.001612,0.136956,0.016373,0.934415,48.469189,16.012844,48.282833,17.100946,4.0,0.00014968,5,350,0.13259,0.16383,0.05,0.0,100,0.2,1.0,,,-0.03,0.00703,-0.00042,-0.00809,0.00771,-0.02645,0.43041
1470,1505280,49.67559,268.8,0.8,0.84,0.941013,-0.00272,0.027878,0.001693,0.218888,0.01825,0.782128,51.130394,11.516978,50.373329,12.212879,4.0,0.00014957,5,345,0.14197,0.1715,0.06,0.0,100,0.4,1.0,,,-0.03,0.00522,-0.00041,-0.0068,-0.00107,-0.01751,0.41467
1471,1506304,53.22169,186.5,0.83333,0.85,0.887597,-0.001678,0.022392,0.002283,0.162605,0.023132,0.90237,46.965073,14.722013,46.867493,16.183371,4.0,0.00014947,6,342,0.14243,0.17722,0.05,0.0,100,0.16667,0.5,,,-0.03,0.00672,0.00023,-0.01035,0.00603,-0.01724,0.5451
1472,1507328,68.39392,110.8,1.0,0.86,0.927399,-0.00221,0.012308,0.001973,0.151437,0.015915,0.947625,47.523891,15.277678,47.661808,16.523373,4.0,0.00014937,5,352,0.14758,0.17776,0.04,0.0,100,0.0,1.0,,,-0.03,0.00834,0.00022,-0.00619,0.01087,-0.02102,0.54544
1473,1508352,49.19193,172.75,0.75,0.85,0.699808,-0.001818,0.023195,0.00155,0.186508,0.013123,0.918312,43.187721,16.501015,42.365818,17.689577,4.0,0.00014927,4,384,0.1273,0.15951,0.04,0.0,100,0.25,0.75,,,-0.03,0.00609,-0.00014,-0.00691,0.00684,-0.01233,0.40609
1474,1509376,52.01246,244.6,0.8,0.84,0.76853,-0.001417,0.028484,0.001449,0.148907,0.011215,0.859861,44.689583,15.061038,44.459961,15.071239,4.0,0.00014916,5,370,0.12921,0.15719,0.05,0.0,100,0.4,1.0,,,-0.03,0.00761,-0.00059,-0.00706,0.00622,-0.02423,0.50341
1475,1510400,53.64962,227.33333,0.83333,0.84,0.928209,-0.00227,0.013908,0.001899,0.189488,0.016586,0.939876,48.602901,15.298323,49.303673,15.938322,4.0,0.00014906,6,350,0.12393,0.15166,0.05,0.0,100,0.33333,1.0,,,-0.03,0.00582,2e-05,-0.00721,0.01585,-0.02357,0.53568
1476,1511424,65.9242,149.25,1.0,0.85,0.9073,-0.001974,0.017923,0.001846,0.221673,0.019012,0.914339,48.302559,15.128498,47.557053,15.460689,4.0,0.00014896,4,350,0.1328,0.16256,0.05,0.0,100,0.25,0.0,,,-0.03,0.00717,-0.00018,-0.00602,0.00392,-0.01272,0.43264
1477,1512448,48.60644,274.5,0.75,0.85,0.748402,-0.001776,0.023526,0.001428,0.148848,0.015686,0.908627,41.855904,16.799807,41.458549,17.055946,4.0,0.00014886,4,358,0.1468,0.17666,0.06,0.0,100,0.25,1.0,,,-0.03,0.008,-1e-05,-0.00715,0.00545,-0.01968,0.39228
1478,1513472,46.25947,221.57143,0.71429,0.84,0.928166,-0.001089,0.019849,0.00118,0.154524,0.005249,0.916046,46.316673,15.788148,46.407059,17.545721,4.0,0.00014876,7,344,0.12609,0.15232,0.07,0.0,100,0.28571,0.6,,,-0.03,0.00954,-0.00041,-0.00667,0.0069,-0.01924,0.52237
1479,1514496,65.0901,212.33333,1.0,0.85,0.906247,-0.001149,0.029054,0.001565,0.227384,0.013016,0.83273,49.514,14.213866,48.780304,14.709739,4.0,0.00014865,3,341,0.14276,0.17729,0.07,0.0,100,0.33333,1.0,,,-0.03,0.00596,0.00015,-0.00815,0.00548,-0.01686,0.32407
1480,1515520,39.88853,241.83333,0.66667,0.83,0.733839,-0.001512,0.027637,0.001098,0.282468,0.010635,0.906687,41.723381,16.284315,40.126366,17.989882,4.0,0.00014855,6,373,0.11922,0.14981,0.07,0.0,100,0.5,0.66667,,,-0.03,0.00763,0.00019,-0.00535,-0.00046,-0.01671,0.51616
1481,1516544,29.72812,203.5,0.5,0.82,0.799513,-0.002599,0.023244,0.002222,0.352125,0.023132,0.900194,43.359894,14.812173,41.226723,15.383792,4.0,0.00014845,2,363,0.12458,0.15275,0.07,0.0,100,0.5,0.0,,,-0.03,0.00807,-0.00048,-0.00763,0.0004,-0.01451,0.12172
1482,1517568,67.37115,108.33333,1.0,0.82,0.620882,-0.001921,0.00995,0.001651,0.175779,0.01738,0.960043,35.085617,16.062426,34.837818,17.052227,4.0,0.00014835,3,364,0.11133,0.13133,0.07,0.0,100,0.0,0.0,,,-0.03,0.00758,-0.00022,-0.00337,0.00835,-0.01721,0.48067
1483,1518592,32.18474,393.6,0.6,0.82,0.759997,-0.001626,0.036587,0.001591,0.144748,0.014923,0.843985,40.049828,15.859856,39.904209,16.244209,4.0,0.00014824,5,361,0.10431,0.13266,0.08,0.0,100,0.6,1.0,,,-0.03,0.00761,-0.00013,-0.007,0.0061,-0.0189,0.34637
1484,1519616,67.05563,156.75,1.0,0.82,0.718373,-0.001575,0.02527,0.001131,0.139011,0.011887,0.892118,39.528793,14.642586,39.459782,15.738401,4.0,0.00014814,4,379,0.10961,0.13385,0.08,0.0,100,0.25,0.66667,,,-0.03,0.00815,0.00048,-0.00525,0.00536,-0.01568,0.51996
1485,1520640,35.12004,281.85714,0.57143,0.79,0.974421,-0.001335,0.026943,0.001393,0.139092,0.012527,0.844156,46.0383,12.506227,46.084259,14.204508,4.0,0.00014804,7,333,0.09943,0.13548,0.1,0.0,100,0.28571,1.0,,,-0.03,0.00816,0.00043,-0.0076,0.00727,-0.02079,0.38251
1486,1521664,67.7998,113.0,1.0,0.79,0.824925,-0.002103,0.022383,0.001246,0.165141,0.011765,0.89506,44.782455,14.395429,44.40807,15.23713,4.0,0.00014794,4,352,0.10666,0.13752,0.1,0.0,100,0.0,0.0,,,-0.03,0.00675,0.00055,-0.0074,0.00573,-0.02504,0.47389
1487,1522688,48.7857,144.75,0.75,0.78,0.708317,-0.001915,0.018619,0.001153,0.244757,0.010574,0.923867,38.608047,15.500625,37.381653,16.73369,4.0,0.00014783,4,386,0.10853,0.13843,0.1,0.0,100,0.25,0.0,,,-0.03,0.00855,-3e-05,-0.00616,0.00487,-0.02658,0.42505
1488,1523712,54.49175,243.66667,0.83333,0.79,0.876913,-0.001973,0.022281,0.001241,0.199229,0.011368,0.927136,40.676895,17.145691,41.611858,18.460758,4.0,0.00014773,6,349,0.10906,0.13643,0.1,0.0,100,0.16667,0.66667,,,-0.03,0.00936,0.00072,-0.00707,0.0116,-0.01571,0.557
1489,1524736,21.13207,318.6,0.4,0.78,0.864027,-0.002138,0.036106,0.001661,0.298254,0.011551,0.845899,43.723282,14.752558,41.682293,15.989646,4.0,0.00014763,5,358,0.12467,0.1598,0.1,0.0,100,0.6,1.0,,,-0.03,0.00779,0.00015,-0.00739,-0.0046,-0.01587,0.22357
1490,1525760,68.61265,124.0,1.0,0.78,0.648165,-0.001993,0.024763,0.001559,0.334254,0.017334,0.905155,33.460819,16.668079,31.524094,16.742449,4.0,0.00014753,1,384,0.13704,0.16473,0.1,0.0,100,0.0,1.0,,,-0.03,0.00821,0.00031,-0.00444,-0.00285,-0.00638,0.15831
1491,1526784,25.37897,346.75,0.5,0.77,0.674873,-0.001091,0.033491,0.000965,0.177055,0.007431,0.906292,31.799709,19.134228,32.061798,19.760118,4.0,0.00014742,4,384,0.11617,0.14027,0.1,0.0,100,0.75,1.0,,,-0.03,0.00836,0.00012,-0.00526,0.00728,-0.02746,0.26259
1492,1527808,54.41334,182.0,0.85714,0.77,1.099949,-0.001917,0.032018,0.001161,0.167765,0.007599,0.736056,45.576118,9.906195,45.622013,11.93583,4.0,0.00014732,7,325,0.11546,0.14888,0.09,0.0,100,0.28571,0.0,,,-0.03,0.00736,0.00052,-0.01087,0.00644,-0.02799,0.53972
1493,1528832,55.79178,191.66667,0.83333,0.77,0.776363,-0.002026,0.028156,0.001313,0.156895,0.012741,0.91169,36.993221,17.142345,37.21925,19.027773,4.0,0.00014722,6,349,0.10606,0.12942,0.1,0.0,100,0.16667,1.0,,,-0.03,0.00787,0.00039,-0.00779,0.00713,-0.01968,0.62181
1494,1529856,55.22602,189.57143,0.85714,0.77,0.863824,-0.001001,0.039295,0.001867,0.405056,0.015991,0.877688,39.229973,18.284586,41.741268,19.261015,4.0,0.00014712,7,348,0.10527,0.13564,0.1,0.0,100,0.28571,1.0,,,-0.03,0.00569,2e-05,-0.00977,0.00959,-0.02126,0.66017
1495,1530880,67.99917,124.5,1.0,0.78,0.940837,-0.002672,0.026884,0.002021,0.200088,0.021393,0.819198,49.981438,11.922875,50.434555,12.584588,4.0,0.00014701,4,339,0.10637,0.1343,0.09,0.0,100,0.25,0.0,,,-0.03,0.00751,0.00043,-0.00746,0.00428,-0.01538,0.4058
1496,1531904,58.58673,178.375,0.875,0.78,0.964523,-0.001552,0.013126,0.001784,0.19983,0.012115,0.927677,47.720737,14.064569,48.760952,15.632698,4.0,0.00014691,8,339,0.09,0.11957,0.09,0.0,100,0.0,0.0,,,-0.03,0.00695,0.00094,-0.00841,0.01308,-0.01857,0.69654
1497,1532928,65.52573,191.75,1.0,0.79,0.841214,-0.001923,0.034466,0.001523,0.173898,0.014175,0.75959,48.86681,13.432655,49.228477,12.763102,4.0,0.00014681,4,355,0.10455,0.13737,0.08,0.0,100,0.25,1.0,,,-0.03,0.00674,0.00106,-0.0075,0.00588,-0.01742,0.43805
1498,1533952,65.17854,168.0,1.0,0.79,0.739626,-0.00216,0.02224,0.001931,0.161357,0.019073,0.864671,48.104141,12.984857,48.540852,13.313248,4.0,0.00014671,4,380,0.11254,0.14542,0.08,0.0,100,0.0,0.0,,,-0.03,0.00667,0.00069,-0.00378,0.00485,-0.01908,0.52309
1499,1534976,45.39043,235.85714,0.71429,0.79,0.978833,-0.001478,0.026411,0.001426,0.12752,0.006866,0.813543,51.582687,10.365857,51.544098,12.466089,4.0,0.0001466,7,333,0.10672,0.1403,0.08,0.0,100,0.42857,0.0,,,-0.03,0.005,0.00061,-0.00982,0.00656,-0.02306,0.48592
1500,1536000,67.35272,132.0,1.0,0.79,0.919934,-0.002728,0.014883,0.002171,0.159896,0.020706,0.858006,54.890877,10.91767,54.934441,11.00431,4.0,0.0001465,3,333,0.12199,0.15267,0.08,0.0,100,0.0,0.0,,,-0.03,0.00557,0.00069,-0.00462,0.00841,-0.01731,0.31747
1501,1537024,64.37631,210.66667,1.0,0.82,0.983492,-0.002093,0.014529,0.002225,0.153498,0.019562,0.872213,53.420357,11.40673,53.850571,11.46364,4.0,0.0001464,6,350,0.1166,0.14625,0.08,0.0,100,0.33333,0.0,,,-0.03,0.00551,0.00036,-0.00641,0.00779,-0.01958,0.61148
1502,1538048,65.55609,160.6,1.0,0.83,1.027264,-0.00245,0.014707,0.001717,0.17745,0.014465,0.861946,54.447098,10.402111,54.394463,10.753385,4.0,0.0001463,5,340,0.10963,0.14109,0.07,0.0,100,0.2,1.0,,,-0.03,0.00814,0.00071,-0.00521,0.01004,-0.02484,0.48617
1503,1539072,52.08766,263.83333,0.83333,0.83,0.995505,-0.002469,0.01329,0.002195,0.159926,0.020645,0.903731,52.790562,11.978186,52.681595,12.329729,4.0,0.0001462,6,340,0.11691,0.14958,0.08,0.0,100,0.0,1.0,,,-0.03,0.00651,0.00055,-0.0111,0.00583,-0.02339,0.48546
1504,1540096,65.22569,149.8,1.0,0.85,0.947334,-0.001109,0.018292,0.001464,0.127047,0.009247,0.861278,52.561775,11.920106,52.781677,11.953174,4.0,0.00014609,5,343,0.10614,0.13696,0.07,0.0,100,0.0,0.0,,,-0.03,0.00541,0.00094,-0.00796,0.0108,-0.02227,0.52513
1505,1541120,66.91425,146.0,1.0,0.86,0.897152,-0.002235,0.016416,0.001934,0.176184,0.020691,0.83646,52.220013,10.138013,51.685738,10.540056,4.0,0.00014599,4,353,0.10771,0.13595,0.06,0.0,100,0.0,0.0,,,-0.03,0.00568,0.00048,-0.01069,0.00284,-0.0178,0.44499
1506,1542144,47.6228,262.5,0.75,0.85,0.839959,-0.002624,0.010825,0.002805,0.203399,0.035477,0.919807,49.483353,11.602554,48.910034,11.995505,4.0,0.00014589,4,364,0.11672,0.14336,0.07,0.0,100,0.25,0.0,,,-0.03,0.00457,-0.00044,-0.00752,0.00686,-0.02271,0.36743
1507,1543168,52.43376,233.14286,0.85714,0.86,0.997194,-0.001296,0.02858,0.001376,0.146484,0.013336,0.829803,50.680397,12.039145,50.494255,13.862182,4.0,0.00014579,7,338,0.09847,0.12849,0.06,0.0,100,0.42857,0.0,,,-0.03,0.00581,0.0002,-0.01267,0.01329,-0.02176,0.58188
1508,1544192,66.85365,128.83333,1.0,0.87,1.022273,-0.002114,0.015559,0.002469,0.175325,0.025879,0.87527,52.191883,10.740392,51.996696,11.464777,4.0,0.00014568,6,339,0.10244,0.14169,0.06,0.0,100,0.16667,0.8,,,-0.03,0.00532,0.00044,-0.01153,0.00567,-0.0193,0.60634
1509,1545216,28.11352,361.5,0.5,0.88,0.873331,-0.002879,0.008155,0.001617,0.220743,0.014145,0.931357,49.943886,10.893848,48.900532,11.093887,4.0,0.00014558,2,372,0.1226,0.15039,0.06,0.0,100,0.5,1.0,,,-0.03,0.00388,-0.00058,-0.00876,0.00138,-0.01299,0.12256
1510,1546240,60.76517,266.5,1.0,0.89,0.808151,-0.001653,0.02187,0.001804,0.157711,0.018402,0.831131,46.427723,11.539907,46.346214,11.932002,4.0,0.00014548,4,369,0.1249,0.15607,0.06,0.0,100,0.5,1.0,,,-0.03,0.00476,-0.00085,-0.01029,-0.00319,-0.01406,0.49788
1511,1547264,40.09416,305.0,0.66667,0.9,0.712941,-0.002422,0.011554,0.001668,0.173007,0.015732,0.92848,44.459343,12.501743,43.891396,13.128766,4.0,0.00014538,3,377,0.11975,0.14828,0.07,0.0,100,0.33333,1.0,,,-0.03,0.00533,-0.00075,-0.00941,0.00336,-0.01179,0.27961
1512,1548288,44.62812,213.0,0.71429,0.88,0.835912,-0.001465,0.024169,0.001343,0.184532,0.011902,0.882059,44.230541,13.176659,43.216167,15.837275,4.0,0.00014527,7,363,0.10584,0.1372,0.07,0.0,100,0.28571,0.5,,,-0.03,0.00415,-0.00012,-0.01074,0.00244,-0.02036,0.60757
1513,1549312,15.42213,311.0,0.33333,0.87,1.060521,-0.002108,0.021716,0.001828,0.312492,0.014069,0.838559,49.885052,10.596174,48.143017,12.56869,4.0,0.00014517,3,331,0.11534,0.14751,0.06,0.0,100,0.66667,1.0,,,-0.03,0.00411,-0.00024,-0.00988,0.00086,-0.01485,0.09271
1514,1550336,49.0242,221.6,0.8,0.86,0.893324,-0.001905,0.028736,0.001602,0.149362,0.013687,0.895885,42.792549,15.793629,42.533855,17.55617,4.0,0.00014507,5,350,0.10895,0.14235,0.06,0.0,100,0.6,1.0,,,-0.03,0.00501,-0.00015,-0.00778,0.00628,-0.01586,0.45519
1515,1551360,64.58057,170.66667,1.0,0.87,1.06947,-0.003618,0.009929,0.002406,0.198619,0.023666,0.970098,43.894867,18.331955,43.400379,18.737684,4.0,0.00014497,3,337,0.11416,0.14466,0.06,0.0,100,0.0,1.0,,,-0.03,0.00278,-0.00029,-0.0087,0.00311,-0.01549,0.30056
1516,1552384,38.97798,306.0,0.66667,0.86,0.777784,-0.0021,0.016173,0.001544,0.328928,0.01564,0.940992,38.068748,16.771278,35.928009,16.701708,4.0,0.00014486,3,379,0.11781,0.15719,0.06,0.0,100,0.33333,1.0,,,-0.03,0.00571,0.00041,-0.00718,-0.00796,-0.01174,0.26401
1517,1553408,-13.97981,600.0,0.0,0.85,0.468269,-0.002899,0.006579,0.001535,0.370109,0.020477,0.967969,28.052017,14.925382,25.726597,14.148897,4.0,0.00014476,1,433,0.16299,0.18682,0.07,0.0,100,1.0,0.0,,,-0.03,0.00664,-0.00161,-0.00413,-0.00511,-0.00425,0.0
1518,1554432,nan,nan,0.0,0.85,0.430099,-0.003046,0.003365,0.001421,0.271199,0.018219,0.980766,21.547848,14.300082,20.197626,13.572622,4.0,0.00014466,0,456,0.14186,0.16213,0.07,0.0,100,0.0,0.0,,,-0.03,0.00687,-0.00125,-0.00436,-0.00452,-0.00235,0.0
1519,1555456,32.39655,501.0,0.66667,0.84,0.484537,-0.000796,0.032528,0.000776,0.176613,0.004562,0.855312,20.001116,14.873134,20.632202,15.73177,4.0,0.00014456,3,341,0.1043,0.12374,0.08,0.0,100,1.0,1.0,,,-0.03,0.00939,-0.00053,-0.00341,0.00123,-0.0155,0.3621
1520,1556480,16.33439,429.83333,0.33333,0.81,0.921087,-0.002958,0.02253,0.001787,0.181072,0.021072,0.901068,33.287464,14.560702,32.82177,15.549302,4.0,0.00014445,6,346,0.11047,0.14952,0.1,0.0,100,0.66667,0.625,,,-0.03,0.00637,-0.00045,-0.01,-0.00273,-0.01588,0.22972
1521,1557504,37.74556,285.0,0.66667,0.8,0.91286,-0.002259,0.025289,0.002476,0.200006,0.025146,0.869483,32.987698,13.269292,32.539268,14.614001,4.0,0.00014435,3,344,0.11824,0.14806,0.1,0.0,100,0.66667,0.66667,,,-0.03,0.0047,0.00012,-0.01036,0.00427,-0.01032,0.22673
1522,1558528,63.80123,196.0,1.0,0.8,0.674896,-0.002051,0.025826,0.001683,0.165148,0.018036,0.885986,28.251102,14.757641,28.027359,15.741505,4.0,0.00014425,2,353,0.12419,0.15752,0.1,0.0,100,0.5,1.0,,,-0.03,0.00636,-0.0008,-0.00647,-0.00338,-0.01195,0.29922
1523,1559552,40.98511,218.66667,0.66667,0.79,0.675618,-0.002682,0.012629,0.00151,0.179096,0.010468,0.946129,28.132111,15.039598,28.290325,16.621189,4.0,0.00014415,3,389,0.0974,0.12495,0.1,0.0,100,0.66667,0.8,,,-0.03,0.00395,-3e-05,-0.00521,0.00553,-0.01544,0.29717
1524,1560576,27.16318,345.5,0.5,0.78,1.056769,-0.001709,0.029586,0.002166,0.22854,0.02356,0.830725,36.775085,12.764676,37.674999,14.263998,4.0,0.00014404,6,321,0.08968,0.12438,0.1,0.0,100,0.83333,0.76471,,,-0.03,0.00554,6e-05,-0.00965,0.00609,-0.01958,0.27145
1525,1561600,52.71935,228.0,0.83333,0.77,1.109164,-0.002457,0.016685,0.002414,0.253018,0.024979,0.894721,44.275482,11.935342,45.314465,13.01338,4.0,0.00014394,6,326,0.10052,0.13548,0.11,0.0,100,0.33333,0.77778,,,-0.03,0.00555,-0.00053,-0.00884,0.00299,-0.01474,0.46155
1526,1562624,66.3417,142.25,1.0,0.77,0.952154,-0.002205,0.019445,0.002296,0.215295,0.021652,0.91555,42.364811,15.222995,43.026428,16.762716,4.0,0.00014384,4,335,0.09784,0.13237,0.11,0.0,100,0.5,1.0,,,-0.03,0.00545,0.00048,-0.00684,0.00873,-0.01676,0.42063
1527,1563648,53.66691,179.83333,0.83333,0.76,0.981777,-0.001998,0.014921,0.002458,0.207671,0.0224,0.948156,41.079758,16.424704,41.732834,17.994768,4.0,0.00014374,6,341,0.08675,0.1208,0.11,0.0,100,0.5,0.9,,,-0.03,0.00497,0.00048,-0.00928,0.00475,-0.01855,0.48543
1528,1564672,50.88413,247.2,0.8,0.76,0.712047,-0.002215,0.022401,0.001139,0.159401,0.008209,0.930152,38.02417,17.503767,38.335526,18.684669,4.0,0.00014364,5,378,0.09312,0.12934,0.11,0.0,100,0.8,0.66667,,,-0.03,0.00645,0.00016,-0.00943,-0.00054,-0.01717,0.53333
1529,1565696,53.695,162.66667,0.83333,0.75,0.91506,-0.002898,0.020891,0.001971,0.23969,0.018707,0.941842,39.607475,18.38203,40.805973,20.281712,4.0,0.00014353,6,329,0.10042,0.13175,0.11,0.0,100,0.66667,1.0,,,-0.03,0.00668,0.00048,-0.00698,0.00763,-0.02148,0.52869
1530,1566720,57.16712,188.85714,0.85714,0.75,1.103902,-0.002513,0.021198,0.002005,0.324937,0.017044,0.901651,48.258766,13.931665,50.142811,15.05908,4.0,0.00014343,7,311,0.0906,0.12444,0.11,0.0,100,0.57143,0.9,,,-0.03,0.00495,0.00085,-0.00799,0.00756,-0.01975,0.51837
1531,1567744,66.38614,131.0,1.0,0.76,1.095716,-0.002345,0.016942,0.002228,0.231739,0.021439,0.940103,50.869934,17.001457,51.786461,17.594521,4.0,0.00014333,6,318,0.1002,0.13431,0.11,0.0,100,0.16667,1.0,,,-0.03,0.00358,0.00058,-0.00655,0.00733,-0.02348,0.52766
1532,1568768,51.46769,222.6,0.8,0.75,0.934893,-0.002433,0.014157,0.00239,0.266711,0.022629,0.927844,52.22287,14.048794,51.247402,15.053608,4.0,0.00014323,5,331,0.10002,0.13878,0.12,0.0,100,0.2,1.0,,,-0.03,0.00502,0.00073,-0.00673,0.00622,-0.01869,0.415
1533,1569792,65.80289,136.0,1.0,0.76,0.650957,-0.002231,0.021532,0.001692,0.334433,0.015762,0.942423,42.006512,19.498905,40.214924,20.09977,4.0,0.00014312,2,367,0.10052,0.13415,0.11,0.0,100,0.5,1.0,,,-0.03,0.00614,0.00035,-0.0079,-0.00104,-0.01171,0.29091
1534,1570816,45.9925,222.25,0.75,0.75,0.726888,-0.000756,0.032414,0.0016,0.175573,0.014145,0.931366,37.596714,22.968887,37.3461,23.385479,4.0,0.00014302,4,374,0.08747,0.11777,0.11,0.0,100,0.5,0.81818,,,-0.03,0.00786,0.0007,-0.00443,0.00481,-0.01486,0.36908
1535,1571840,49.04123,309.0,0.8,0.75,0.762724,-0.001581,0.034571,0.000875,0.172092,0.006668,0.909496,42.439171,21.121471,42.167423,21.006243,4.0,0.00014292,5,357,0.09466,0.13259,0.11,0.0,100,0.4,0.85714,,,-0.03,0.00596,0.00084,-0.00872,-0.00076,-0.01457,0.47719
1536,1572864,29.77977,254.5,0.5,0.74,0.723766,-0.001516,0.024252,0.000932,0.367913,0.009262,0.927766,43.078999,17.225521,40.983353,19.286253,4.0,0.00014282,6,346,0.08856,0.1239,0.12,0.0,100,0.83333,0.77778,,,-0.03,0.00558,0.0011,-0.00738,0.0021,-0.02224,0.37008
1537,1573888,52.51028,151.0,0.8,0.75,0.909861,-0.001736,0.013875,0.001297,0.232135,0.007645,0.960556,45.108242,19.222034,44.521698,21.015654,4.0,0.00014271,5,344,0.08785,0.11866,0.12,0.0,100,0.4,0.0,,,-0.03,0.00248,0.00087,-0.00709,0.01007,-0.01944,0.41456
1538,1574912,51.50498,187.0,0.8,0.75,0.781257,-0.002781,0.018507,0.002313,0.306263,0.025024,0.95979,42.02269,21.655771,40.62574,22.226124,4.0,0.00014261,5,361,0.09108,0.11836,0.12,0.0,100,0.6,1.0,,,-0.03,0.00278,0.00082,-0.00623,0.00411,-0.01576,0.47668
1539,1575936,62.16504,276.0,1.0,0.75,0.66568,-0.000927,0.028029,0.00077,0.301431,0.004456,0.925471,36.16608,21.024942,34.510437,20.432222,4.0,0.00014251,1,397,0.09317,0.1201,0.12,0.0,100,0.0,1.0,,,-0.03,0.00466,-1e-05,-0.00498,-0.00162,-0.01584,0.13649
1540,1576960,36.87488,378.66667,0.66667,0.75,0.588741,-0.00208,0.024212,0.001216,0.286883,0.01004,0.940532,30.92852,21.536839,29.300049,20.955488,4.0,0.00014241,3,384,0.08686,0.11216,0.13,0.0,100,0.33333,1.0,,,-0.03,0.00575,0.0008,-0.00636,-0.00406,-0.01545,0.30026
1541,1577984,28.33578,318.0,0.5,0.75,0.566898,-0.001698,0.032444,0.002084,0.219979,0.023758,0.907582,28.070141,19.195498,26.897703,19.365761,4.0,0.0001423,4,393,0.08607,0.11476,0.12,0.0,100,0.75,1.0,,,-0.03,0.00751,0.0007,-0.00753,-0.00183,-0.01272,0.31876
1542,1579008,40.89896,294.33333,0.66667,0.77,0.686836,-0.001798,0.024223,0.001494,0.151058,0.013702,0.911613,30.746563,17.573462,30.393402,17.857939,4.0,0.0001422,3,378,0.08275,0.11532,0.11,0.0,100,0.66667,1.0,,,-0.03,0.00514,4e-05,-0.01034,0.00171,-0.01603,0.26616
1543,1580032,46.23323,262.25,0.75,0.78,0.676198,-0.001858,0.023432,0.001413,0.160871,0.013901,0.924653,31.907951,17.572649,31.756607,18.600115,4.0,0.0001421,4,364,0.0846,0.10684,0.11,0.0,100,0.0,0.71429,,,-0.03,0.00454,0.0001,-0.00841,0.00135,-0.01804,0.39376
1544,1581056,36.55499,326.4,0.6,0.77,0.605644,-0.001303,0.030051,0.00127,0.188241,0.013779,0.903176,30.042015,17.800709,30.640648,19.22533,4.0,0.000142,5,379,0.08197,0.10564,0.13,0.0,100,0.6,1.0,,,-0.03,0.00446,0.00047,-0.00462,0.00857,-0.01894,0.43803
1545,1582080,64.68869,197.0,1.0,0.79,0.890412,-0.001633,0.036412,0.001744,0.345448,0.011627,0.886569,38.623184,17.693079,40.648853,18.506674,4.0,0.00014189,6,338,0.07898,0.10762,0.12,0.0,100,0.16667,0.9,,,-0.03,0.00523,0.00115,-0.00791,0.01033,-0.02169,0.57249
1546,1583104,66.77524,143.33333,1.0,0.81,0.889803,-0.001752,0.031283,0.001552,0.403688,0.010254,0.883565,42.118458,15.736711,44.390991,17.183279,4.0,0.00014179,6,335,0.07964,0.10843,0.11,0.0,100,0.5,0.75,,,-0.03,0.00467,0.0011,-0.00783,0.00953,-0.01844,0.58829
1547,1584128,55.90086,195.0,0.83333,0.8,0.824639,-0.002107,0.024848,0.001469,0.189177,0.013641,0.893891,45.179562,15.080337,45.176155,16.153788,4.0,0.00014169,6,350,0.08587,0.12259,0.12,0.01,100,0.5,0.66667,,,-0.03,0.00603,0.00101,-0.00904,0.00181,-0.01449,0.54986
1548,1585152,66.07594,173.5,1.0,0.81,0.650474,-0.00156,0.024005,0.001568,0.226805,0.01413,0.922629,37.927654,17.635548,36.832703,18.145222,4.0,0.00014159,2,358,0.08949,0.1167,0.12,0.01,100,1.0,0.0,,,-0.03,0.00633,0.00071,-0.01092,-0.00588,-0.01246,0.28223
1549,1586176,27.36625,323.5,0.5,0.8,0.437395,-0.001258,0.015409,0.000519,0.347819,0.004257,0.945288,27.556643,18.200127,25.667343,18.109039,4.0,0.00014148,2,431,0.08491,0.10554,0.12,0.01,100,0.5,1.0,,,-0.03,0.00544,0.00034,-0.00531,0.00018,-0.00957,0.20832
1550,1587200,15.65257,319.66667,0.33333,0.78,0.462036,-0.00186,0.01013,0.001356,0.201818,0.016266,0.973216,25.10887,19.152023,24.353735,20.055595,4.0,0.00014138,3,402,0.08221,0.1083,0.12,0.01,100,1.0,0.83333,,,-0.03,0.00584,0.00028,-0.0061,0.00043,-0.01432,0.17939
1551,1588224,47.78617,248.75,0.75,0.78,0.738781,-0.001491,0.013362,0.000825,0.170379,0.008621,0.969915,35.098083,21.201221,35.565868,22.159441,4.0,0.00014128,4,354,0.07785,0.10383,0.12,0.01,100,0.5,0.83333,,,-0.03,0.00413,0.00052,-0.00977,0.00901,-0.02215,0.36215
1552,1589248,35.14903,321.85714,0.57143,0.77,0.821886,-0.002569,0.013331,0.001463,0.158544,0.014465,0.963574,42.092941,19.550056,42.08223,20.190521,4.0,0.00014118,7,351,0.08196,0.10446,0.14,0.01,100,0.57143,1.0,,,-0.03,0.00444,0.00046,-0.01076,0.00784,-0.02105,0.44985
1553,1590272,65.09314,167.8,1.0,0.77,0.80372,-0.001502,0.040955,0.002331,0.17526,0.023941,0.803887,44.38678,14.719219,44.928593,15.091731,4.0,0.00014108,5,345,0.08727,0.12174,0.14,0.01,100,0.4,1.0,,,-0.03,0.00568,0.00055,-0.00678,0.00122,-0.01422,0.54612
1554,1591296,65.86237,176.0,1.0,0.77,0.669489,-0.00127,0.024595,0.001134,0.193446,0.009048,0.905735,41.163368,16.158758,40.455387,16.688292,4.0,0.00014097,2,392,0.09571,0.12987,0.14,0.01,100,0.5,0.66667,,,-0.03,0.00382,-0.00102,-0.00642,0.00534,-0.00939,0.27876
1555,1592320,50.80574,265.2,0.8,0.76,0.756712,-0.001186,0.024426,0.001147,0.1694,0.009323,0.927503,39.057259,18.292765,39.753304,19.169783,4.0,0.00014087,5,370,0.0822,0.10023,0.15,0.01,100,0.2,1.0,,,-0.03,0.00506,0.00056,-0.00788,0.00626,-0.01576,0.48597
1556,1593344,64.38065,199.66667,1.0,0.77,0.749484,-0.00137,0.039428,0.001464,0.164582,0.013382,0.852503,42.900742,17.0833,42.559189,17.08659,4.0,0.00014077,3,370,0.08759,0.11309,0.14,0.01,100,0.33333,0.5,,,-0.03,0.00658,0.00092,-0.01148,0.0007,-0.01614,0.36006
1557,1594368,45.22023,276.25,0.75,0.76,0.681557,-0.001185,0.046616,0.001355,0.186782,0.011124,0.857296,41.015488,17.158514,41.844391,18.723249,4.0,0.00014067,8,366,0.07972,0.11255,0.15,0.01,100,0.375,1.0,,,-0.03,0.00382,0.00122,-0.00867,0.00571,-0.02421,0.76212
1558,1595392,57.96732,145.375,0.875,0.77,1.103487,-0.001788,0.018455,0.002025,0.192933,0.011307,0.825987,54.038872,9.147797,54.999447,10.717718,4.0,0.00014056,8,311,0.07815,0.10962,0.13,0.01,100,0.25,1.0,,,-0.03,0.00286,0.00058,-0.00918,0.01258,-0.02435,0.58168
1559,1596416,68.81058,110.83333,1.0,0.79,0.993137,-0.001969,0.015945,0.001301,0.181328,0.013062,0.928946,51.394592,14.49108,52.10405,15.379429,4.0,0.00014046,6,322,0.07883,0.10926,0.13,0.01,100,0.16667,0.33333,,,-0.03,0.00406,0.00142,-0.00827,0.00978,-0.01829,0.54342
1560,1597440,46.97169,208.5,0.75,0.79,0.892602,-0.002072,0.022814,0.001534,0.249495,0.013947,0.816239,52.838902,10.197275,51.532352,11.397305,4.0,0.00014036,4,338,0.08942,0.12408,0.13,0.01,100,0.5,1.0,,,-0.03,0.0049,0.00019,-0.00647,-0.00019,-0.01371,0.31181
1561,1598464,55.10283,169.57143,0.85714,0.8,0.848532,-0.001979,0.031593,0.001441,0.292712,0.013336,0.886979,47.296387,15.346136,45.618141,17.213758,4.0,0.00014026,7,341,0.07836,0.11477,0.12,0.01,100,0.42857,0.91667,,,-0.03,0.00536,0.00112,-0.00945,0.00436,-0.02473,0.64196
1562,1599488,50.89821,179.4,0.8,0.81,0.78947,-0.001565,0.02782,0.000757,0.161627,0.003387,0.913615,43.226631,17.473589,42.622311,18.451548,4.0,0.00014015,5,356,0.08312,0.11341,0.11,0.01,100,0.4,1.0,,,-0.03,0.00473,0.0004,-0.00907,-0.00011,-0.02124,0.45784
1563,1600512,65.57212,150.5,1.0,0.82,0.673081,-0.001543,0.030127,0.001221,0.142682,0.009323,0.923994,39.473869,19.428232,39.81797,20.436787,4.0,0.00014005,4,380,0.07735,0.10329,0.1,0.01,100,0.25,1.0,,,-0.03,0.00472,0.00061,-0.0101,0.01034,-0.02089,0.53256
1564,1601536,66.32404,129.75,1.0,0.83,0.668913,-0.002498,0.020696,0.001614,0.199211,0.015015,0.956998,36.910934,22.131418,36.121574,22.558014,4.0,0.00013995,4,387,0.07829,0.10618,0.09,0.01,100,0.25,0.0,,,-0.03,0.00403,0.00103,-0.00849,-0.00121,-0.01751,0.55202
1565,1602560,22.33024,328.6,0.4,0.82,0.717002,-0.001522,0.01616,0.001231,0.187086,0.009171,0.959069,36.5979,20.411671,36.069958,21.218615,4.0,0.00013985,5,375,0.08025,0.10381,0.09,0.01,100,0.6,1.0,,,-0.03,0.00572,0.00056,-0.00914,0.00787,-0.01736,0.26003
1566,1603584,55.84069,212.28571,0.85714,0.81,0.988407,-0.001015,0.037787,0.001031,0.244486,0.008987,0.841771,46.91494,16.546255,48.207958,16.455132,4.0,0.00013974,7,332,0.07684,0.10955,0.1,0.01,100,0.42857,1.0,,,-0.03,0.0038,0.0008,-0.00782,0.00796,-0.02333,0.56921
1567,1604608,67.51385,124.2,1.0,0.81,0.901909,-0.002082,0.015765,0.001275,0.179935,0.008881,0.913501,50.498875,12.956489,50.127636,14.358438,4.0,0.00013964,5,351,0.08027,0.10773,0.1,0.01,100,0.0,1.0,,,-0.03,0.00435,0.00038,-0.00562,0.00448,-0.01752,0.53409
1568,1605632,52.90861,177.33333,0.83333,0.81,1.004481,-0.001638,0.025594,0.001194,0.148967,0.007187,0.890144,48.892616,14.765254,49.052704,16.113493,4.0,0.00013954,6,325,0.0774,0.11024,0.09,0.01,100,0.5,1.0,,,-0.03,0.00539,0.00091,-0.00484,0.00542,-0.02056,0.46329
1569,1606656,52.39359,216.0,0.8,0.83,0.932776,-0.00199,0.022208,0.001585,0.31009,0.014374,0.90078,49.132011,14.294187,47.779175,15.772738,4.0,0.00013944,5,327,0.08074,0.11948,0.1,0.01,100,0.2,1.0,,,-0.03,0.00758,0.00141,-0.00704,0.00462,-0.01964,0.41788
1570,1607680,42.30711,197.33333,0.66667,0.83,0.576629,-0.002188,0.023734,0.001055,0.345054,0.009735,0.941984,35.373093,19.858377,33.377834,20.942875,4.0,0.00013933,6,394,0.08264,0.12085,0.08,0.01,100,0.33333,0.75,,,-0.03,0.00697,-0.00038,-0.00728,-0.00417,-0.01975,0.61512
1571,1608704,52.67336,156.4,0.8,0.84,0.725025,-0.001654,0.013895,0.002075,0.193093,0.013916,0.970817,37.720619,22.02389,37.494293,23.734503,4.0,0.00013923,5,369,0.07899,0.11346,0.06,0.01,100,0.2,0.33333,,,-0.03,0.00716,0.00098,-0.00657,0.00726,-0.01928,0.48624
1572,1609728,67.98098,127.33333,1.0,0.84,0.675665,-0.002008,0.026594,0.000871,0.188755,0.006332,0.955821,32.441544,25.225811,31.676262,25.534197,4.0,0.00013913,3,378,0.08817,0.1246,0.06,0.0,100,0.33333,0.0,,,-0.03,0.00637,0.00113,-0.00587,0.0031,-0.02279,0.41077
1573,1610752,27.85166,383.5,0.5,0.82,0.729324,-0.001477,0.026281,0.001489,0.157564,0.011917,0.953832,33.236992,25.553667,32.456665,25.491928,4.0,0.00013903,4,369,0.09357,0.1208,0.08,0.0,100,0.5,0.875,,,-0.03,0.00809,-0.00016,-0.00697,0.00488,-0.02052,0.2672
1574,1611776,48.01556,266.75,0.75,0.82,0.816621,-0.00222,0.017831,0.002271,0.160918,0.022781,0.967714,36.287945,23.300987,36.276958,24.201618,4.0,0.00013892,4,364,0.08538,0.11248,0.08,0.0,100,0.5,0.83333,,,-0.03,0.00703,-0.00041,-0.00586,0.00814,-0.01563,0.35865
1575,1612800,66.99716,141.33333,1.0,0.82,0.819822,-0.002416,0.015812,0.001644,0.249766,0.018845,0.97162,38.174183,24.176907,36.967113,24.353235,4.0,0.00013882,3,375,0.08634,0.11552,0.08,0.0,100,0.0,0.8,,,-0.03,0.00486,0.00033,-0.00568,0.00126,-0.02338,0.37225
1576,1613824,49.05293,237.75,0.75,0.81,0.808604,-0.002148,0.017463,0.001202,0.244105,0.011337,0.966298,32.62001,23.624798,31.640301,24.219847,4.0,0.00013872,4,370,0.08387,0.10877,0.09,0.0,100,0.25,0.91667,,,-0.03,0.00575,-0.00018,-0.00495,0.00508,-0.03294,0.36973
1577,1614848,21.58845,359.0,0.4,0.8,0.817392,-0.001673,0.020645,0.001368,0.240206,0.010117,0.951001,32.731224,20.836739,31.57967,21.392454,4.0,0.00013862,5,363,0.08785,0.11817,0.1,0.0,100,0.8,1.0,,,-0.03,0.00744,0.00016,-0.00806,0.00098,-0.03767,0.24334
1578,1615872,44.24755,216.6,0.8,0.8,0.90929,-0.002003,0.019258,0.001093,0.233182,0.008362,0.955494,35.599834,20.450176,34.740135,21.806461,4.0,0.00013852,5,340,0.08737,0.11902,0.11,0.0,100,0.2,0.88889,,,-0.03,0.00563,0.0001,-0.00693,0.0027,-0.02498,0.45464
1579,1616896,64.93074,216.66667,1.0,0.8,0.781697,-0.00095,0.048802,0.000748,0.168997,0.004898,0.908523,31.10844,24.560415,31.259968,24.857975,4.0,0.00013841,3,373,0.08951,0.12407,0.11,0.0,100,0.33333,0.83333,,,-0.03,0.00831,-5e-05,-0.00602,0.00865,-0.01323,0.37766
1580,1617920,46.09778,294.5,0.75,0.79,0.723795,-0.001459,0.044562,0.00105,0.13395,0.008316,0.915977,27.892426,23.487215,27.856653,23.803696,4.0,0.00013831,4,370,0.08859,0.11685,0.12,0.0,100,0.5,0.92308,,,-0.03,0.00781,4e-05,-0.00564,0.00274,-0.01423,0.40176
1581,1618944,62.69362,243.5,1.0,0.79,0.853822,-0.00145,0.029186,0.001551,0.147832,0.011932,0.94062,34.762947,23.405506,34.995193,23.178507,4.0,0.00013821,2,350,0.07871,0.10307,0.12,0.0,100,0.0,0.91667,,,-0.03,0.00617,-0.00035,-0.00461,0.00855,-0.01276,0.22293
1582,1619968,40.09384,331.16667,0.66667,0.78,1.007229,-0.002319,0.031746,0.001787,0.216421,0.023041,0.897668,40.429672,17.466316,40.761993,18.50481,4.0,0.00013811,6,342,0.08647,0.10981,0.14,0.0,100,0.5,0.61538,,,-0.03,0.00641,-0.00063,-0.00514,0.00598,-0.01872,0.39381
1583,1620992,67.7273,130.0,1.0,0.79,1.131934,-0.001796,0.033305,0.003013,0.298279,0.029999,0.853603,45.981709,15.64285,47.340164,16.631704,4.0,0.000138,7,308,0.07613,0.09956,0.14,0.0,100,0.14286,0.66667,,,-0.03,0.00678,0.00043,-0.0087,0.00995,-0.0172,0.61375
1584,1622016,54.02391,207.2,0.8,0.79,0.922274,-0.002069,0.01995,0.001407,0.200741,0.010666,0.925439,47.092083,15.901606,46.703098,17.144773,4.0,0.0001379,5,343,0.08607,0.11563,0.15,0.0,100,0.2,0.55556,,,-0.03,0.00676,0.00055,-0.00846,0.01174,-0.01496,0.43454
1585,1623040,66.61264,148.4,1.0,0.79,0.873704,-0.001603,0.015837,0.001063,0.160093,0.005585,0.954906,43.080494,19.08843,43.427559,20.36685,4.0,0.0001378,5,356,0.07897,0.10583,0.15,0.0,100,0.2,0.875,,,-0.03,0.00709,0.00014,-0.00884,0.00928,-0.01842,0.5675
1586,1624064,68.40586,120.5,1.0,0.81,0.787288,-0.002044,0.013007,0.001462,0.172308,0.013382,0.978236,38.669876,25.476866,38.774368,26.545343,4.0,0.0001377,4,369,0.08399,0.11313,0.14,0.0,100,0.0,0.5,,,-0.03,0.00699,-0.00053,-0.00668,0.01022,-0.01418,0.49752
1587,1625088,56.1238,271.0,0.88889,0.82,1.004011,-0.000923,0.068396,0.001457,0.499512,0.010284,0.863056,44.529022,25.353027,48.020908,23.637753,4.0,0.00013759,9,305,0.07285,0.0999,0.13,0.0,100,0.44444,0.80952,,,-0.03,0.00799,0.00047,-0.00811,0.0128,-0.02459,0.7387
1588,1626112,66.89578,124.33333,1.0,0.82,1.079369,-0.002655,0.017511,0.001788,0.305656,0.013443,0.886926,56.088509,12.037322,55.018929,13.207691,4.0,0.00013749,6,316,0.0817,0.11376,0.13,0.0,100,0.0,0.85714,,,-0.03,0.00783,0.00033,-0.00516,0.00489,-0.02591,0.55403
1589,1627136,57.21999,136.0,0.85714,0.83,0.881115,-0.001147,0.017309,0.001747,0.168272,0.01329,0.950465,46.233154,18.69726,46.204361,20.815458,4.0,0.00013739,7,344,0.07649,0.10603,0.12,0.0,100,0.42857,0.76923,,,-0.03,0.00696,0.00024,-0.00899,0.01019,-0.02195,0.64076
1590,1628160,53.08186,151.6,0.8,0.82,1.022648,-0.002784,0.016173,0.00233,0.249651,0.021255,0.961842,50.419426,20.660864,49.616997,21.533157,4.0,0.00013729,5,330,0.07909,0.10617,0.12,0.0,100,0.2,0.7,,,-0.03,0.00744,-0.00012,-0.00804,0.00667,-0.02447,0.37863
1591,1629184,43.05372,282.0,0.66667,0.83,0.693724,-0.002605,0.025222,0.00177,0.406226,0.020966,0.940802,40.111279,21.252213,37.543663,21.108105,4.0,0.00013718,3,377,0.09775,0.12748,0.13,0.0,100,0.66667,1.0,,,-0.03,0.00691,-0.0011,-0.00617,-0.00108,-0.01398,0.28275
1592,1630208,63.90883,223.0,1.0,0.83,0.482907,-0.001978,0.013616,0.0008,0.298985,0.007507,0.958178,29.93108,18.814375,28.161722,18.766508,4.0,0.00013708,1,431,0.10671,0.1327,0.13,0.0,100,0.0,0.83333,,,-0.03,0.00653,-0.00185,-0.00336,0.00043,-0.009,0.19201
1593,1631232,37.56216,288.33333,0.66667,0.83,0.440366,-0.000624,0.031588,0.000754,0.135229,0.007965,0.921179,20.722788,20.118816,20.731535,20.698111,4.0,0.00013698,3,432,0.09239,0.11468,0.13,0.0,100,0.66667,0.83333,,,-0.03,0.00648,-0.00017,-0.00706,0.00408,-0.01362,0.40839
1594,1632256,21.3873,406.4,0.4,0.8,0.724402,-0.002141,0.0145,0.001565,0.163413,0.01474,0.973247,31.826468,23.888645,31.276684,23.919426,4.0,0.00013688,5,378,0.08345,0.11236,0.16,0.0,100,0.6,0.85,,,-0.03,0.00612,-0.00013,-0.00817,0.00322,-0.02337,0.26375
1595,1633280,65.76285,150.0,1.0,0.82,0.870649,-0.001922,0.033901,0.002743,0.16956,0.032562,0.913097,38.872025,19.711838,38.797531,20.529381,4.0,0.00013677,4,355,0.09285,0.12145,0.14,0.0,100,0.5,0.72727,,,-0.03,0.00749,9e-05,-0.00805,0.00485,-0.01443,0.4485
1596,1634304,30.05705,357.25,0.5,0.81,0.856402,-0.002255,0.016365,0.001419,0.246284,0.011368,0.948946,39.497398,17.753983,38.485283,18.391912,4.0,0.00013667,4,360,0.08997,0.11893,0.15,0.0,100,0.5,0.85714,,,-0.03,0.00715,-0.00055,-0.00664,0.00441,-0.01866,0.22916
1597,1635328,48.03116,188.25,0.75,0.8,0.758067,-0.001813,0.025076,0.001468,0.198119,0.014404,0.936758,33.692879,19.250595,33.021042,20.501654,4.0,0.00013657,4,383,0.10066,0.12788,0.15,0.0,100,0.25,0.76471,,,-0.03,0.00642,-0.00023,-0.00703,0.00552,-0.01302,0.39458
1598,1636352,66.12018,171.6,1.0,0.82,0.840418,-0.002295,0.036155,0.001627,0.158498,0.016647,0.923085,34.564095,20.702587,34.726059,22.511137,4.0,0.00013647,5,361,0.0971,0.13002,0.13,0.0,100,0.2,0.76744,,,-0.03,0.00762,2e-05,-0.01075,0.00473,-0.01219,0.58807
1599,1637376,36.93312,263.2,0.6,0.82,0.884175,-0.002523,0.028302,0.002443,0.185204,0.02504,0.940637,36.635269,21.963833,35.9412,22.456177,4.0,0.00013636,5,337,0.09431,0.12681,0.13,0.0,100,0.6,0.8,,,-0.03,0.00724,6e-05,-0.00888,0.0016,-0.01479,0.33211
1600,1638400,40.87321,252.0,0.66667,0.81,0.923177,-0.00178,0.02124,0.001305,0.156518,0.009109,0.954098,39.470539,21.38887,39.930393,23.054857,4.0,0.00013626,6,340,0.07981,0.11132,0.13,0.0,100,0.16667,0.84,,,-0.03,0.00707,0.00122,-0.01094,0.01381,-0.02759,0.41106
1601,1639424,53.87756,190.16667,0.83333,0.81,0.97663,-0.001403,0.05783,0.002218,0.184524,0.020538,0.831386,43.109154,20.716932,43.530575,20.170624,4.0,0.00013616,6,324,0.08261,0.11591,0.12,0.0,100,0.33333,0.84615,,,-0.03,0.00902,0.00039,-0.01059,0.00617,-0.01445,0.48124
1602,1640448,66.97877,148.4,1.0,0.83,0.987151,-0.001954,0.034997,0.001189,0.169011,0.009995,0.898696,41.175751,17.975887,40.646011,18.963408,4.0,0.00013606,5,328,0.08929,0.11616,0.1,0.0,100,0.0,0.80645,,,-0.03,0.00907,0.00014,-0.01028,0.00749,-0.01853,0.51811
1603,1641472,33.94028,208.57143,0.57143,0.8,1.096807,-0.001612,0.03558,0.001987,0.158767,0.013824,0.87762,45.573997,16.48592,45.231606,18.006514,4.0,0.00013596,7,324,0.08858,0.12337,0.1,0.0,100,0.42857,0.87931,,,-0.03,0.00718,9e-05,-0.01377,0.00591,-0.02043,0.35885
1604,1642496,63.4781,180.6,1.0,0.81,1.073176,-0.001796,0.075324,0.001489,0.211102,0.013138,0.343868,45.057045,12.468099,45.07225,11.435083,4.0,0.00013585,5,343,0.11067,0.1417,0.09,0.0,100,0.8,0.9,,,-0.03,0.00699,-0.00159,-0.01085,0.00057,-0.02819,0.49778
1605,1643520,60.64069,178.0,1.0,0.81,1.085154,-0.002974,0.021649,0.002261,0.209211,0.020996,0.863725,43.938667,12.062512,43.708443,13.06603,4.0,0.00013575,3,338,0.09113,0.12056,0.09,0.0,100,0.0,0.73077,,,-0.03,0.00786,-0.00025,-0.01389,0.00846,-0.02052,0.28354
1606,1644544,62.32484,186.0,1.0,0.81,0.918672,-0.001913,0.021052,0.001346,0.160905,0.011551,0.898326,39.769306,13.744468,39.440689,14.703376,4.0,0.00013565,3,356,0.09975,0.129,0.09,0.0,100,0.0,0.9,,,-0.03,0.00642,-0.00172,-0.00739,0.00201,-0.01813,0.34446
1607,1645568,65.05585,189.2,1.0,0.81,0.973804,-0.001792,0.039717,0.002182,0.190798,0.024963,0.836428,39.399971,15.0514,39.927711,16.070871,4.0,0.00013555,5,351,0.10197,0.13517,0.09,0.0,100,0.8,0.88462,,,-0.03,0.00737,-0.00067,-0.00842,0.00343,-0.01952,0.53701
1608,1646592,48.83854,240.75,0.75,0.8,0.888544,-0.002302,0.016403,0.001938,0.208459,0.014954,0.931868,37.633583,15.455366,37.122643,16.51392,4.0,0.00013544,4,367,0.10136,0.13599,0.1,0.0,100,0.5,0.90476,,,-0.03,0.00689,-0.00074,-0.01098,0.0044,-0.01397,0.36514
1609,1647616,30.85565,365.0,0.6,0.79,0.806891,-0.001952,0.020588,0.001291,0.175778,0.01239,0.935122,37.05867,17.393276,36.794434,18.478092,4.0,0.00013534,5,364,0.09543,0.12652,0.1,0.0,100,0.6,0.91549,,,-0.03,0.00496,0.00028,-0.0108,0.00834,-0.01358,0.36755
1610,1648640,50.70579,207.6,0.8,0.78,1.091588,-0.002228,0.02248,0.002002,0.166512,0.014862,0.891876,45.222614,13.295466,45.498169,15.170993,4.0,0.00013524,5,326,0.10032,0.12604,0.1,0.0,100,0.2,0.75,,,-0.03,0.00743,-0.00077,-0.01205,0.01115,-0.01525,0.38457
1611,1649664,67.34189,119.6,1.0,0.79,1.080119,-0.002668,0.016107,0.002101,0.195212,0.016922,0.929788,43.931568,15.993324,44.099068,16.890455,4.0,0.00013514,5,347,0.10686,0.13562,0.1,0.0,100,0.0,0.76923,,,-0.03,0.00561,-0.00151,-0.01147,0.00749,-0.02368,0.51512
1612,1650688,33.60648,302.4,0.6,0.78,1.214575,-0.002509,0.019764,0.002146,0.194578,0.018005,0.87075,46.36253,12.004262,45.957901,12.844459,4.0,0.00013503,5,328,0.1112,0.1415,0.11,0.0,100,0.4,0.98462,,,-0.03,0.00608,-0.00168,-0.0121,0.00389,-0.01979,0.26732
1613,1651712,65.41941,161.25,1.0,0.78,0.966433,-0.00177,0.039895,0.00207,0.13458,0.018738,0.819055,42.172707,14.447767,41.898781,15.255391,4.0,0.00013493,4,341,0.115,0.15446,0.11,0.0,100,0.25,0.86667,,,-0.03,0.00703,-0.00125,-0.00953,0.00322,-0.01874,0.44116
1614,1652736,43.25446,238.25,0.75,0.79,0.94701,-0.002056,0.020893,0.000896,0.195029,0.00354,0.934864,39.025295,17.079081,38.555748,18.33396,4.0,0.00013483,4,357,0.10885,0.13972,0.11,0.0,100,0.25,0.96226,,,-0.03,0.00574,0.00015,-0.01021,0.00668,-0.01672,0.34151
1615,1653760,68.03105,119.5,1.0,0.79,0.80185,-0.002466,0.011142,0.001907,0.164789,0.018494,0.973429,34.468731,20.371489,34.005383,21.105907,4.0,0.00013473,2,375,0.10317,0.13243,0.11,0.0,100,0.0,0.71429,,,-0.03,0.0074,-0.00055,-0.00804,0.00552,-0.01119,0.26555
1616,1654784,28.13639,336.16667,0.5,0.79,0.971858,-0.002287,0.021518,0.00144,0.221316,0.012711,0.942497,37.274181,19.410107,36.303692,20.287783,4.0,0.00013462,6,342,0.1024,0.13856,0.09,0.0,100,0.66667,0.83784,,,-0.03,0.00702,-0.00139,-0.00825,0.00251,-0.01903,0.32876
1617,1655808,67.32204,136.75,1.0,0.81,0.880055,-0.000952,0.025186,0.000486,0.158824,0.001083,0.935234,35.760769,19.658365,35.949085,20.932714,4.0,0.00013452,4,358,0.10527,0.13646,0.07,0.0,100,0.25,0.6,,,-0.03,0.00619,0.00053,-0.01063,0.00568,-0.01616,0.48966
1618,1656832,36.71131,280.0,0.6,0.79,0.939588,-0.002908,0.020598,0.001766,0.205725,0.015091,0.944849,39.98386,19.074009,39.304363,19.917074,4.0,0.00013442,5,351,0.10574,0.13582,0.08,0.0,100,0.4,0.81818,,,-0.03,0.00641,0.00018,-0.00978,0.00641,-0.01643,0.32555
1619,1657856,38.03218,301.0,0.66667,0.79,1.023862,-0.001801,0.020162,0.001659,0.267485,0.008438,0.936414,42.352333,18.968435,40.889175,18.543531,4.0,0.00013432,3,350,0.11715,0.15371,0.08,0.0,100,0.66667,0.83333,,,-0.03,0.00627,-0.00046,-0.00709,0.00551,-0.01808,0.19954
1620,1658880,59.7501,259.0,1.0,0.79,1.062644,-0.00168,0.043516,0.001618,0.236849,0.014359,0.528568,41.467968,11.300152,40.646946,10.364666,4.0,0.00013421,3,349,0.13433,0.16243,0.08,0.0,100,0.33333,0.82353,,,-0.03,0.00622,-0.00257,-0.00676,-0.00021,-0.02332,0.29663
1621,1659904,60.74646,230.0,1.0,0.81,1.063577,-0.001842,0.039569,0.001552,0.221107,0.01091,0.712832,39.053055,10.742518,39.4146,12.117173,4.0,0.00013411,4,345,0.11651,0.14326,0.07,0.0,100,0.25,0.81818,,,-0.03,0.0071,-0.00213,-0.00667,0.00444,-0.01863,0.39559
1622,1660928,44.23851,338.0,0.8,0.82,1.140621,-0.002016,0.029841,0.001488,0.206605,0.013885,0.821407,40.792526,12.608804,41.545975,13.42529,4.0,0.00013401,5,336,0.10913,0.13545,0.07,0.0,100,0.0,0.88764,,,-0.03,0.00635,-0.00133,-0.00882,0.01141,-0.02818,0.36514
1623,1661952,65.59595,134.0,1.0,0.82,1.131678,-0.002054,0.021013,0.002333,0.313192,0.014923,0.895156,42.340199,14.073269,43.825584,15.9363,4.0,0.00013391,6,316,0.10197,0.12875,0.07,0.0,100,0.16667,0.80556,,,-0.03,0.00613,0.00067,-0.00891,0.01538,-0.01785,0.55373
1624,1662976,54.87372,207.16667,0.83333,0.82,1.038701,-0.001719,0.019077,0.00123,0.183252,0.006577,0.928325,44.066589,16.234697,44.047119,16.828114,4.0,0.0001338,6,340,0.10102,0.12997,0.08,0.0,100,0.16667,0.77419,,,-0.03,0.00494,-0.00033,-0.00953,0.00069,-0.02106,0.51832
1625,1664000,41.11321,307.33333,0.66667,0.82,0.969764,-0.001476,0.01627,0.001336,0.233188,0.009995,0.910968,44.40403,13.494028,43.495197,14.025651,4.0,0.0001337,3,353,0.11956,0.14794,0.09,0.0,100,0.66667,0.88462,,,-0.03,0.00566,-0.0012,-0.01039,0.00243,-0.01334,0.22877
1626,1665024,61.28852,211.66667,1.0,0.83,0.957381,-0.002402,0.023719,0.001641,0.219277,0.013458,0.892592,39.726635,14.69294,39.274544,15.704893,4.0,0.0001336,3,360,0.11788,0.14802,0.09,0.0,100,0.33333,0.85,,,-0.03,0.00633,-0.00034,-0.00835,0.00095,-0.0136,0.33094
1627,1666048,61.98687,230.25,1.0,0.84,0.77918,-0.001662,0.037821,0.001575,0.160635,0.013474,0.892525,34.588665,18.678297,34.817074,19.454929,4.0,0.0001335,4,360,0.122,0.15011,0.09,0.0,100,0.75,0.84848,,,-0.03,0.00858,-0.00065,-0.00655,0.00442,-0.01619,0.52566
1628,1667072,42.77109,282.33333,0.66667,0.83,0.830097,-0.002009,0.010578,0.001166,0.166463,0.010254,0.971272,35.191536,19.659214,34.900623,20.170288,4.0,0.0001334,3,376,0.1116,0.13399,0.1,0.0,100,0.33333,0.625,,,-0.03,0.00653,-0.0003,-0.0057,0.00782,-0.01587,0.26807
1629,1668096,29.0563,340.0,0.5,0.81,0.973988,-0.003033,0.012333,0.002602,0.194165,0.026291,0.964288,40.49292,18.744774,39.97337,19.477827,4.0,0.00013329,4,348,0.10891,0.13638,0.11,0.0,100,0.5,0.92857,,,-0.03,0.00789,0.0003,-0.00691,0.00464,-0.01571,0.22118
1630,1669120,43.09558,313.5,0.75,0.8,1.128955,-0.002067,0.026366,0.002372,0.18128,0.024307,0.817614,46.265518,11.835786,45.968391,12.512886,4.0,0.00013319,4,317,0.11079,0.13627,0.11,0.0,100,0.5,0.8,,,-0.03,0.00512,-0.00039,-0.00855,0.00541,-0.01616,0.27402
1631,1670144,47.6382,259.6,0.8,0.79,1.139335,-0.002535,0.023503,0.002495,0.195569,0.019424,0.812411,47.315102,10.102718,47.776028,11.456537,4.0,0.00013309,5,325,0.10559,0.13252,0.12,0.0,100,0.0,0.85714,,,-0.03,0.00592,-1e-05,-0.00946,0.00887,-0.01549,0.36595
1632,1671168,66.78283,156.33333,1.0,0.81,1.058096,-0.002514,0.023504,0.002377,0.1961,0.02742,0.886847,45.875916,13.602145,46.589066,14.942465,4.0,0.00013299,6,337,0.10979,0.13905,0.1,0.0,100,0.0,0.94118,,,-0.03,0.00781,-0.00089,-0.00829,0.00588,-0.01675,0.58468
1633,1672192,67.91612,124.0,1.0,0.83,0.905629,-0.002591,0.025795,0.002666,0.225101,0.031845,0.91023,42.906601,16.865593,41.998444,17.36039,4.0,0.00013288,3,353,0.12104,0.15599,0.1,0.0,100,0.33333,0.76923,,,-0.03,0.00674,-0.0008,-0.00602,0.00257,-0.01409,0.35309
1634,1673216,46.49761,283.75,0.75,0.82,0.870642,-0.001721,0.014514,0.001529,0.211553,0.015762,0.949358,38.513306,16.481844,37.853752,17.363314,4.0,0.00013278,4,342,0.1233,0.14922,0.11,0.0,100,0.25,0.9,,,-0.03,0.00674,-0.00126,-0.00399,0.00367,-0.02162,0.36426
1635,1674240,51.74252,252.33333,0.83333,0.82,0.824879,-0.001932,0.030924,0.001376,0.217738,0.01474,0.901882,35.472221,17.501234,36.352165,18.836342,4.0,0.00013268,6,360,0.1149,0.14634,0.12,0.0,100,0.33333,0.92308,,,-0.03,0.00805,-0.00046,-0.00678,0.00535,-0.01627,0.62214
1636,1675264,48.91818,279.2,0.8,0.82,0.874652,-0.001218,0.040804,0.002065,0.154846,0.020767,0.880764,40.605186,19.129356,41.015671,19.37221,4.0,0.00013258,5,341,0.11234,0.14427,0.11,0.0,100,0.6,0.72727,,,-0.03,0.0095,6e-05,-0.00677,0.00112,-0.01711,0.43991
1637,1676288,52.77582,181.6,0.8,0.82,0.88619,-0.00177,0.025092,0.002338,0.186042,0.016006,0.928589,40.816715,18.070471,40.279053,19.777235,4.0,0.00013247,5,205,0.11135,0.13835,0.1,0.0,100,0.4,0.85714,,,-0.03,0.00886,-0.00052,-0.00606,0.0081,-0.01804,0.45653
1638,1677312,48.26933,206.75,0.75,0.81,0.821626,-0.00132,0.046331,0.001604,0.177708,0.013596,0.850285,39.435791,17.996584,38.876968,18.390198,4.0,0.00013237,4,359,0.12531,0.1626,0.1,0.0,100,0.5,1.0,,,-0.03,0.01,-0.00016,-0.00855,0.00143,-0.01492,0.36147
1639,1678336,67.14049,137.6,1.0,0.84,0.931302,-0.001534,0.022725,0.001887,0.264204,0.010361,0.933325,40.594414,18.392939,41.638283,19.596546,4.0,0.00013227,5,348,0.11369,0.1425,0.09,0.0,100,0.2,0.72727,,,-0.03,0.00831,-0.001,-0.005,0.00934,-0.02007,0.55389
1640,1679360,41.55548,280.33333,0.66667,0.83,1.097882,-0.001907,0.03014,0.002611,0.154834,0.020523,0.872898,49.395519,15.212525,49.840588,16.004694,4.0,0.00013217,6,307,0.10541,0.13912,0.1,0.01,100,0.5,0.8,,,-0.03,0.00947,0.00011,-0.00778,0.00938,-0.01981,0.36544
1641,1680384,67.47585,143.14286,1.0,0.85,1.21836,-0.002339,0.017792,0.002133,0.216241,0.024857,0.909513,53.511742,13.718358,54.262138,14.754539,4.0,0.00013206,7,306,0.10722,0.13671,0.09,0.01,100,0.28571,0.76923,,,-0.03,0.00636,0.00037,-0.00599,0.01027,-0.02091,0.6074
1642,1681408,67.89407,119.5,1.0,0.85,1.035762,-0.002425,0.020879,0.001843,0.166328,0.01506,0.935273,49.389935,17.515247,49.375538,18.365828,4.0,0.00013196,6,329,0.11516,0.14961,0.09,0.01,100,0.0,0.81818,,,-0.03,0.00881,9e-05,-0.00733,0.00416,-0.01969,0.59349
1643,1682432,50.75768,210.2,0.8,0.85,0.940824,-0.002214,0.018325,0.002158,0.182177,0.017868,0.949533,46.567127,18.649094,46.178894,19.76156,4.0,0.00013186,5,338,0.11855,0.14814,0.08,0.01,100,0.2,0.85,,,-0.03,0.00731,-0.0006,-0.00786,0.00559,-0.01399,0.41991
1644,1683456,54.69556,217.28571,0.85714,0.84,0.941033,-0.001717,0.033999,0.001639,0.157759,0.011887,0.898428,48.977448,18.35239,48.60268,19.074265,4.0,0.00013176,7,311,0.10551,0.14074,0.08,0.01,100,0.28571,0.81481,,,-0.03,0.00689,0.0004,-0.0061,0.00078,-0.01751,0.624
1645,1684480,48.58085,163.5,0.75,0.83,0.845956,-0.00209,0.034193,0.001417,0.295361,0.01178,0.880628,43.155708,16.503056,41.617592,17.757887,4.0,0.00013165,4,307,0.11546,0.1527,0.08,0.01,100,0.25,0.0,,,-0.03,0.00725,-0.00124,-0.00576,0.00264,-0.01895,0.35093
1646,1685504,48.55102,152.25,0.75,0.84,0.748756,-0.001953,0.018754,0.001667,0.209153,0.014191,0.958205,38.837135,20.670187,38.151161,21.890774,4.0,0.00013155,4,372,0.10231,0.1299,0.06,0.01,100,0.5,0.91667,,,-0.03,0.00973,-0.00018,-0.00468,0.00581,-0.01818,0.38151
1647,1686528,50.5707,260.0,0.8,0.83,0.921392,-0.001371,0.043538,0.001768,0.146422,0.016174,0.893994,43.220802,21.292458,43.900146,21.152586,4.0,0.00013145,5,333,0.10144,0.13137,0.06,0.01,100,0.6,0.83333,,,-0.03,0.01069,0.0002,-0.00359,0.01046,-0.02311,0.41712
1648,1687552,68.11428,126.16667,1.0,0.85,0.95828,-0.002079,0.014878,0.002064,0.171841,0.016281,0.952941,46.535927,17.519691,46.5704,18.731256,4.0,0.00013135,6,331,0.10311,0.13401,0.04,0.01,100,0.16667,0.71429,,,-0.03,0.00872,-0.00076,-0.00417,0.00779,-0.01818,0.63705
1649,1688576,58.5057,183.5,0.875,0.86,0.997703,-0.002133,0.020672,0.001992,0.197797,0.017197,0.946354,47.236385,19.211496,47.531109,20.360653,4.0,0.00013124,8,309,0.09549,0.1243,0.05,0.01,100,0.25,0.86667,,,-0.03,0.00947,-0.00132,-0.00384,0.00734,-0.02231,0.69946
1650,1689600,49.84873,171.25,0.75,0.86,0.957165,-0.002479,0.022549,0.002125,0.193783,0.021866,0.928095,46.747391,17.079033,46.199501,17.991669,4.0,0.00013114,4,324,0.09996,0.1364,0.04,0.01,100,0.25,0.83333,,,-0.03,0.00777,-0.00015,-0.00707,0.00507,-0.01469,0.30912
1651,1690624,45.83999,223.57143,0.71429,0.84,0.851996,-0.001451,0.021378,0.00102,0.203267,0.007751,0.951116,42.534439,20.774937,41.858093,22.545195,4.0,0.00013104,7,352,0.09541,0.12603,0.05,0.01,100,0.28571,0.89655,,,-0.03,0.00888,-0.00023,-0.00702,0.00697,-0.02043,0.56903
1652,1691648,45.7255,181.14286,0.71429,0.83,1.039001,-0.002427,0.015988,0.001237,0.16811,0.010971,0.962967,47.697056,20.288363,47.630844,21.415604,4.0,0.00013094,7,330,0.09475,0.12952,0.04,0.01,100,0.57143,0.84211,,,-0.03,0.00804,-0.00038,-0.00651,0.00979,-0.02554,0.46816
1653,1692672,66.44185,141.0,1.0,0.84,1.13674,-0.0019,0.025214,0.002524,0.15802,0.021164,0.76431,55.295284,10.077199,55.259491,10.772209,4.0,0.00013084,6,315,0.10617,0.13996,0.03,0.01,100,0.16667,0.78261,,,-0.03,0.00687,-0.00027,-0.00736,0.00831,-0.02175,0.51051
1654,1693696,67.74095,127.16667,1.0,0.85,1.01598,-0.001353,0.019853,0.001515,0.190731,0.007706,0.92978,49.960091,16.605227,50.78088,17.94557,4.0,0.00013073,6,310,0.10631,0.13682,0.03,0.01,100,0.16667,0.85714,,,-0.03,0.00687,-0.00041,-0.00694,0.01315,-0.02534,0.57102
1655,1694720,56.25458,183.75,0.875,0.86,1.082831,-0.001521,0.03401,0.002218,0.152985,0.017654,0.839681,53.255714,14.714501,53.664635,15.093999,4.0,0.00013063,8,324,0.10607,0.13742,0.03,0.01,100,0.125,0.94737,,,-0.03,0.00781,-0.00055,-0.00743,0.00602,-0.02039,0.62709
1656,1695744,52.49366,164.6,0.8,0.86,1.027739,-0.001991,0.020685,0.001244,0.189434,0.010742,0.925275,53.744286,16.617542,53.102448,17.35634,4.0,0.00013053,5,336,0.10652,0.13937,0.02,0.01,100,0.2,0.57143,,,-0.03,0.00807,0.00018,-0.00697,0.00727,-0.01533,0.38733
1657,1696768,66.09849,144.5,1.0,0.86,1.084425,-0.003126,0.02395,0.002485,0.262763,0.031448,0.811381,53.405094,10.291994,52.120815,11.410964,4.0,0.00013043,4,316,0.11146,0.14253,0.02,0.01,100,0.25,1.0,,,-0.03,0.00878,-0.00073,-0.00455,0.00518,-0.02135,0.3741
1658,1697792,65.40497,186.0,1.0,0.87,0.8746,-0.001473,0.054499,0.001879,0.3017,0.018936,0.832765,40.393833,18.093777,38.751198,18.755421,4.0,0.00013032,4,355,0.11797,0.15314,0.02,0.01,100,0.5,0.61538,,,-0.03,0.00811,-0.00047,-0.00564,-0.00358,-0.02559,0.45825
1659,1698816,24.80893,300.33333,0.5,0.84,0.909136,-0.001116,0.069463,0.000909,0.196026,0.006256,0.694438,42.100113,16.980925,42.062569,16.214502,4.0,0.00013022,6,343,0.11466,0.15118,0.03,0.01,100,0.83333,0.84615,,,-0.03,0.01085,-0.00016,-0.0061,-0.00238,-0.01874,0.31005
1660,1699840,67.15047,147.6,1.0,0.84,1.046204,-0.001914,0.03771,0.002356,0.22581,0.021027,0.679069,48.426998,10.670277,48.72197,11.389064,4.0,0.00013012,5,300,0.10801,0.13983,0.03,0.0,100,0.4,0.73333,,,-0.03,0.01026,-0.00022,-0.0042,0.00347,-0.01893,0.46984
1661,1700864,66.46772,159.16667,1.0,0.85,0.894725,-0.001918,0.043154,0.001904,0.199538,0.018219,0.738904,45.834415,11.981095,45.539944,13.561547,4.0,0.00013002,6,346,0.11948,0.16019,0.03,0.0,100,0.33333,0.7931,,,-0.03,0.00754,-0.00072,-0.0061,0.00236,-0.02159,0.6733
1662,1701888,67.73284,114.0,1.0,0.85,0.715755,-0.002745,0.015508,0.001687,0.209567,0.020065,0.942357,38.317692,16.46249,37.793671,17.400221,4.0,0.00012991,2,379,0.12019,0.14993,0.03,0.0,100,0.0,1.0,,,-0.03,0.00957,0.00013,-0.00476,0.00946,-0.01781,0.27809
1663,1702912,41.22096,247.5,0.66667,0.85,0.7299,-0.000821,0.034178,0.001678,0.120246,0.013351,0.8986,36.713264,17.893223,36.699333,19.100027,4.0,0.00012981,6,372,0.13051,0.16414,0.03,0.0,100,0.66667,0.81081,,,-0.03,0.01217,-0.0005,-0.00731,0.00083,-0.02491,0.53325
1664,1703936,55.16532,196.66667,0.83333,0.85,0.98402,-0.002409,0.015718,0.001502,0.170009,0.011993,0.930129,44.84462,14.021843,45.097328,15.537851,4.0,0.00012971,6,319,0.12003,0.1488,0.04,0.0,100,0.16667,0.54545,,,-0.03,0.00905,-4e-05,-0.00793,0.00928,-0.02262,0.50195
1665,1704960,51.08145,261.6,0.8,0.85,0.937731,-0.001345,0.041263,0.002575,0.158845,0.024033,0.821274,44.695835,16.066896,44.896469,16.100283,4.0,0.00012961,5,339,0.12369,0.15506,0.05,0.0,100,0.4,0.88235,,,-0.03,0.01119,-8e-05,-0.00581,0.00206,-0.02109,0.42345
1666,1705984,67.35013,133.33333,1.0,0.85,0.75066,-0.00144,0.026526,0.000744,0.170373,0.00354,0.888839,40.889874,15.346745,40.350216,15.853029,4.0,0.0001295,3,369,0.12779,0.15854,0.05,0.0,100,0.33333,0.78571,,,-0.03,0.01338,-0.00044,-0.00413,0.00108,-0.02278,0.40388
1667,1707008,16.38744,279.33333,0.33333,0.83,0.798955,-0.001345,0.020975,0.000656,0.252077,0.001999,0.914064,40.960522,14.927441,39.508247,16.252314,4.0,0.0001294,3,352,0.11719,0.14676,0.05,0.0,100,0.66667,0.77778,,,-0.03,0.01116,-0.00041,-0.00366,0.00454,-0.01567,0.12039
1668,1708032,49.18052,289.66667,0.83333,0.83,0.962757,-0.00125,0.045168,0.000709,0.164672,0.003616,0.762906,42.571175,13.823979,42.379688,14.482354,4.0,0.0001293,6,318,0.1236,0.15802,0.04,0.0,100,0.5,0.77778,,,-0.03,0.00721,-0.00081,-0.00793,-0.00252,-0.02522,0.5143
1669,1709056,65.83185,149.25,1.0,0.84,0.837011,-0.001588,0.035909,0.001516,0.170371,0.013824,0.849385,38.539516,14.33005,39.150196,15.683269,4.0,0.0001292,4,365,0.12489,0.16137,0.04,0.0,100,0.25,0.88235,,,-0.03,0.0099,-0.00207,-0.00446,0.00254,-0.01412,0.49874
1670,1710080,10.5076,322.25,0.25,0.82,1.074036,-0.001835,0.026298,0.00227,0.336964,0.018753,0.841943,45.329769,11.08891,43.291759,13.03593,4.0,0.00012909,4,330,0.10906,0.1422,0.04,0.0,100,0.75,0.72727,,,-0.03,0.00896,-0.00115,-0.00725,0.00076,-0.01401,0.09158
1671,1711104,67.56195,136.66667,1.0,0.82,0.801978,-0.001659,0.026443,0.001546,0.187861,0.013519,0.853762,37.232338,12.300926,36.728058,13.915042,4.0,0.00012899,3,178,0.13067,0.15977,0.04,0.0,100,0.66667,0.42857,,,-0.03,0.00941,-0.00169,-0.00313,0.00089,-0.01108,0.3847
1672,1712128,55.79168,215.57143,0.85714,0.83,0.920119,-0.001802,0.029843,0.001958,0.285098,0.021072,0.902121,35.820034,16.792192,37.291203,18.62459,4.0,0.00012889,7,275,0.10962,0.13039,0.05,0.01,100,0.28571,0.78947,,,-0.03,0.00859,-0.00029,-0.00557,0.01228,-0.01993,0.68536
1673,1713152,66.7718,122.0,1.0,0.84,1.002384,-0.003072,0.009966,0.001715,0.202806,0.012619,0.966851,40.892876,17.112841,41.476444,18.270802,4.0,0.00012879,3,310,0.10636,0.13569,0.05,0.01,100,0.0,1.0,,,-0.03,0.00942,-0.00066,-0.00264,0.0091,-0.02307,0.31689
1674,1714176,49.24413,362.5,0.83333,0.83,0.976826,-0.001326,0.049043,0.001178,0.22465,0.005875,0.815106,43.779461,18.185102,45.473797,17.252432,4.0,0.00012868,6,340,0.10701,0.13735,0.06,0.01,100,0.5,0.85366,,,-0.03,0.01002,-0.00053,-0.00574,0.00569,-0.02123,0.48709
1675,1715200,67.55666,119.0,1.0,0.83,1.02237,-0.002135,0.017119,0.001525,0.169534,0.014969,0.925502,49.212502,14.830061,49.385986,15.671163,4.0,0.00012858,5,335,0.11058,0.14572,0.06,0.01,100,0.4,0.66667,,,-0.03,0.00858,-0.00075,-0.00445,0.00751,-0.0191,0.49948
1676,1716224,67.46781,136.0,1.0,0.84,0.930869,-0.001818,0.01488,0.001634,0.164295,0.013077,0.950787,46.683571,17.15003,46.314575,17.762522,4.0,0.00012848,4,349,0.1133,0.14433,0.06,0.01,100,0.0,0.85714,,,-0.03,0.00689,-0.00136,-0.00583,0.00604,-0.01397,0.44486
1677,1717248,47.66467,267.75,0.75,0.83,0.798706,-0.00258,0.017443,0.001251,0.17091,0.01178,0.941322,42.889626,17.028076,42.461803,17.56624,4.0,0.00012838,4,351,0.11541,0.14824,0.07,0.01,100,0.5,0.76471,,,-0.03,0.009,-0.00131,-0.00545,0.00416,-0.01451,0.37873
1678,1718272,53.32048,258.0,0.83333,0.83,0.80141,-0.001419,0.025537,0.001403,0.176446,0.015198,0.902152,43.346073,16.047632,43.664375,16.540813,4.0,0.00012828,6,369,0.11976,0.1503,0.08,0.01,100,0.5,0.81395,,,-0.03,0.00807,-0.00148,-0.00561,-0.00139,-0.0182,0.61124
1679,1719296,65.37549,210.0,1.0,0.83,0.987294,-0.001748,0.030225,0.001518,0.163344,0.015854,0.872497,45.592842,16.044415,46.324657,16.301138,4.0,0.00012817,5,323,0.10806,0.14032,0.08,0.01,100,0.2,0.88235,,,-0.03,0.00905,-0.00032,-0.00603,0.00462,-0.02202,0.49115
1680,1720320,49.22579,257.6,0.8,0.84,0.756379,-0.001256,0.036484,0.00122,0.132619,0.011337,0.86954,43.281624,16.677303,43.558388,17.131496,4.0,0.00012807,5,330,0.11874,0.14644,0.09,0.01,100,0.6,0.88462,,,-0.03,0.00769,-0.00097,-0.00324,0.00594,-0.01981,0.51385
1681,1721344,54.86404,156.5,0.83333,0.84,1.066335,-0.00147,0.013188,0.001944,0.163525,0.009064,0.91053,51.956856,11.563046,52.376167,12.795669,4.0,0.00012797,6,283,0.10484,0.13339,0.08,0.01,100,0.33333,0.95455,,,-0.03,0.00847,-0.0001,-0.0055,0.0108,-0.02364,0.45348
1682,1722368,67.04826,179.0,1.0,0.84,0.951193,-0.001718,0.020489,0.001134,0.146681,0.006485,0.885513,50.450104,13.040213,50.747631,13.577875,4.0,0.00012787,5,301,0.11315,0.14606,0.08,0.01,100,0.0,0.65517,,,-0.03,0.00914,-0.00036,-0.00509,0.00466,-0.01818,0.5068
1683,1723392,67.16334,130.75,1.0,0.84,0.882861,-0.002272,0.013039,0.001232,0.156511,0.010605,0.938786,48.211063,14.218995,48.281834,15.000408,4.0,0.00012776,4,346,0.11616,0.14657,0.08,0.01,100,0.25,0.75,,,-0.03,0.00901,-0.00057,-0.00345,0.00867,-0.02072,0.45077
1684,1724416,52.87896,220.2,0.8,0.84,0.884621,-0.002472,0.015287,0.001984,0.198392,0.015808,0.922216,46.877666,13.673107,46.071232,14.311145,4.0,0.00012766,5,346,0.11959,0.14853,0.09,0.01,100,0.4,0.9,,,-0.03,0.00914,-0.00111,-0.00507,0.00103,-0.01758,0.46575
1685,1725440,45.16562,342.2,0.8,0.85,0.903315,-0.001289,0.053843,0.001398,0.202049,0.011703,0.736467,44.170826,14.966612,43.853706,15.384776,4.0,0.00012756,5,339,0.1069,0.14696,0.08,0.01,100,0.6,0.87755,,,-0.03,0.00917,-0.00085,-0.00513,-0.00038,-0.02163,0.40761
1686,1726464,66.34689,154.33333,1.0,0.86,0.861543,-0.001089,0.037336,0.000755,0.213134,0.001205,0.804448,43.332443,14.818861,42.489075,14.405719,4.0,0.00012746,3,355,0.11382,0.14566,0.07,0.01,100,0.33333,0.75,,,-0.03,0.00992,-0.00034,-0.00314,0.00033,-0.021,0.34881
1687,1727488,62.46921,249.0,1.0,0.86,0.71234,-0.00122,0.029611,0.000768,0.137563,0.006302,0.816948,39.122993,12.376387,39.310757,13.283662,4.0,0.00012735,3,368,0.12304,0.15984,0.07,0.01,100,0.66667,0.85714,,,-0.03,0.01067,-0.00179,-0.00289,0.00209,-0.01668,0.40672
1688,1728512,44.70276,275.0,0.75,0.86,1.007684,-0.001153,0.049104,0.001574,0.275826,0.013916,0.634912,47.043392,11.139677,48.38485,12.315362,4.0,0.00012725,8,334,0.09501,0.12242,0.08,0.01,100,0.5,0.83582,,,-0.03,0.00936,6e-05,-0.00678,0.00796,-0.02715,0.56124
1689,1729536,68.67811,112.66667,1.0,0.87,1.048595,-0.002517,0.031947,0.001954,0.190251,0.019089,0.712471,49.470757,9.015635,49.841732,10.640922,4.0,0.00012715,6,319,0.09769,0.13313,0.08,0.01,100,0.16667,0.375,,,-0.03,0.00914,0.00017,-0.00516,0.00405,-0.02285,0.55672
1690,1730560,52.02181,158.0,0.8,0.88,0.835098,-0.001449,0.029709,0.002231,0.154387,0.019196,0.776798,49.074005,9.751462,49.626816,12.050205,4.0,0.00012705,5,349,0.09664,0.12882,0.07,0.01,100,0.4,0.77778,,,-0.03,0.01027,-4e-05,-0.00324,0.01196,-0.02406,0.45528
1691,1731584,67.95317,128.4,1.0,0.89,0.969511,-0.001394,0.017496,0.001622,0.178366,0.009766,0.829425,52.645531,10.314237,53.168804,10.623667,4.0,0.00012694,5,332,0.09693,0.12263,0.07,0.01,100,0.4,0.75,,,-0.03,0.00533,-2e-05,-0.00283,0.00988,-0.02175,0.52004
1692,1732608,65.65582,165.0,1.0,0.9,0.929899,-0.002093,0.016133,0.001851,0.204098,0.017776,0.870477,52.263447,11.532599,53.24995,11.856257,4.0,0.00012684,5,348,0.09117,0.11812,0.06,0.02,100,0.2,0.8125,,,-0.03,0.007,-0.00075,-0.00272,0.01088,-0.02181,0.52362
1693,1733632,45.56698,271.71429,0.71429,0.88,1.121213,-0.003141,0.013546,0.00278,0.246888,0.028702,0.821053,57.306274,9.131849,56.904942,9.300068,4.0,0.00012674,7,316,0.09092,0.11661,0.08,0.02,100,0.42857,0.81481,,,-0.03,0.00821,0.00041,-0.00163,0.00715,-0.03458,0.43516
1694,1734656,67.90006,134.4,1.0,0.89,1.207627,-0.002379,0.017764,0.00188,0.167528,0.00972,0.717538,56.457642,7.19575,56.379059,8.247747,4.0,0.00012664,5,301,0.09271,0.11993,0.07,0.02,100,0.2,0.85714,,,-0.03,0.00785,-0.00013,-0.0036,0.00933,-0.03431,0.41232
1695,1735680,66.60556,147.4,1.0,0.89,1.056119,-0.001705,0.012857,0.001487,0.171828,0.012238,0.846578,54.535442,8.862825,54.384224,9.595982,4.0,0.00012653,5,337,0.10048,0.12493,0.07,0.01,100,0.2,1.0,,,-0.03,0.0085,-0.00045,-0.00159,0.00705,-0.03992,0.48132
1696,1736704,47.87444,193.5,0.83333,0.88,1.049873,-0.002687,0.009266,0.001174,0.191293,0.007812,0.911843,53.345837,9.694899,52.988144,11.524487,4.0,0.00012643,6,327,0.09969,0.12846,0.08,0.02,100,0.0,0.8,,,-0.03,0.0092,0.00025,-0.00283,0.01013,-0.05021,0.47541
1697,1737728,67.95673,133.25,1.0,0.9,0.874254,-0.002589,0.013828,0.001383,0.205599,0.014252,0.935912,50.537781,14.179542,49.888054,15.35867,4.0,0.00012633,4,335,0.10747,0.13444,0.06,0.02,100,0.25,0.53846,,,-0.03,0.00926,0.00049,-0.00546,0.00703,-0.03749,0.44357
1698,1738752,41.3788,290.5,0.66667,0.88,0.99094,-0.001648,0.014432,0.001969,0.163426,0.015335,0.941491,50.366581,15.837727,50.638126,16.44026,4.0,0.00012623,6,321,0.09719,0.13056,0.08,0.02,100,0.5,0.86364,,,-0.03,0.01057,-0.00026,-0.00405,0.00461,-0.03408,0.3958
1699,1739776,66.70473,144.0,1.0,0.88,1.031604,-0.002237,0.012113,0.001841,0.21928,0.015732,0.938493,55.260342,14.684624,54.800053,14.698081,4.0,0.00012612,4,326,0.1004,0.12731,0.08,0.02,100,0.25,0.90909,,,-0.03,0.00897,-0.00014,-0.00328,0.00799,-0.02023,0.39077
1700,1740800,42.23148,254.2,0.8,0.89,0.993516,-0.002911,0.013093,0.002793,0.223038,0.02829,0.868221,55.454895,9.967607,54.875595,10.249421,4.0,0.00012602,5,330,0.09822,0.13113,0.08,0.02,100,0.4,0.75,,,-0.03,0.00849,-0.00072,-0.00273,0.00076,-0.01741,0.39415
1701,1741824,-6.56118,216.0,0.0,0.88,0.798583,-0.001089,0.025221,0.002374,0.480467,0.028381,0.797137,53.09687,10.456775,49.831715,11.256017,4.0,0.00012592,1,364,0.10882,0.13279,0.08,0.02,100,1.0,0.875,,,-0.03,0.00564,-0.00183,0.00132,0.00244,-0.01482,-0.0036
1702,1742848,48.55109,271.6,0.8,0.87,0.876635,-0.001804,0.011849,0.001225,0.244779,0.007401,0.92325,49.023651,11.890667,48.728058,12.69498,4.0,0.00012582,5,350,0.10105,0.1266,0.09,0.02,100,0.4,0.85294,,,-0.03,0.0089,-0.00104,-0.00408,0.00667,-0.02667,0.43215
1703,1743872,56.25919,212.875,0.875,0.86,1.022009,-0.001849,0.013986,0.001653,0.186773,0.014954,0.902889,53.929768,12.062288,54.392048,12.488245,4.0,0.00012572,8,315,0.08683,0.11476,0.1,0.02,100,0.25,0.93023,,,-0.03,0.0094,0.0006,-0.00448,0.00946,-0.03001,0.62863
1704,1744896,56.17197,209.85714,0.85714,0.87,1.053779,-0.001803,0.012423,0.001965,0.162131,0.017197,0.845689,58.125759,9.142316,58.428677,9.30031,4.0,0.00012561,7,315,0.08609,0.11479,0.1,0.02,100,0.57143,0.82051,,,-0.03,0.00762,-0.00045,-0.0062,0.0068,-0.02312,0.54852
1705,1745920,63.92069,195.0,1.0,0.87,0.932349,-0.002313,0.014873,0.002074,0.316078,0.017288,0.710637,59.163681,7.374297,57.701141,7.360106,4.0,0.00012551,3,347,0.09008,0.11999,0.1,0.02,100,0.0,0.7619,,,-0.03,0.00945,0.00076,-0.00243,0.00069,-0.02101,0.31393
1706,1746944,65.72821,172.33333,1.0,0.87,0.843677,-0.000999,0.018282,0.001671,0.176784,0.010864,0.760464,54.732498,8.414031,55.155357,8.972662,4.0,0.00012541,6,344,0.08474,0.1223,0.1,0.02,100,0.83333,0.81818,,,-0.03,0.01216,-0.00011,-0.00327,0.00658,-0.01906,0.63676
1707,1747968,69.81808,115.0,1.0,0.88,0.779951,-0.00213,0.008128,0.001745,0.216735,0.013855,0.940302,53.459896,11.183933,52.765274,11.991147,4.0,0.00012531,3,318,0.09079,0.12264,0.09,0.02,100,0.33333,1.0,,,-0.03,0.01098,0.00172,0.00041,0.00968,-0.01839,0.35265
1708,1748992,51.7468,171.2,0.8,0.88,0.859585,-0.001631,0.014169,0.001623,0.188984,0.010834,0.918013,51.492714,12.884254,50.637741,13.41723,4.0,0.0001252,5,347,0.09058,0.12186,0.09,0.02,100,0.6,0.73529,,,-0.03,0.00863,0.0002,-0.00276,-0.00277,-0.02549,0.43619
1709,1750016,9.89384,391.25,0.25,0.85,0.754066,-0.000895,0.018058,0.000833,0.369985,0.003006,0.882724,52.248154,11.14726,50.132187,13.184656,4.0,0.0001251,4,361,0.08971,0.11983,0.11,0.02,100,0.75,0.7619,,,-0.03,0.00981,0.00032,-0.00182,0.00717,-0.01969,0.12022
1710,1751040,17.97123,183.0,0.33333,0.83,0.90222,-0.000889,0.031999,0.000651,0.51092,0.002335,0.80142,50.922249,10.683763,47.805176,12.848335,4.0,0.000125,3,352,0.08871,0.11263,0.11,0.02,100,0.66667,0.64286,,,-0.03,0.01046,-0.0002,-0.00228,0.00084,-0.01781,0.10507
1711,1752064,45.14895,290.25,0.75,0.83,0.862897,-0.001839,0.019935,0.00117,0.265914,0.008865,0.871404,44.180115,12.053729,43.057781,12.332825,4.0,0.0001249,4,348,0.09763,0.12229,0.12,0.02,100,0.25,0.76,,,-0.03,0.0093,-0.0003,-0.00359,-0.00154,-0.0207,0.33705
1712,1753088,-7.78877,600.0,0.0,0.82,0.617885,-0.00188,0.011337,0.001175,0.379412,0.009323,0.891558,36.056477,11.479708,33.572598,10.309422,4.0,0.00012479,1,407,0.11007,0.13461,0.13,0.02,100,0.0,0.77778,,,-0.03,0.00828,-0.0012,-0.00098,-0.00442,-0.00989,0.0
1713,1754112,-10.15824,346.33333,0.0,0.79,0.712827,-0.001102,0.011778,0.001333,0.325743,0.015701,0.933962,35.788055,12.602815,33.505558,13.135459,4.0,0.00012469,3,379,0.09109,0.11926,0.14,0.02,100,1.0,0.8,,,-0.03,0.00747,2e-05,-0.00431,0.00162,-0.01535,-0.00736
1714,1755136,-10.98492,600.0,0.0,0.77,0.667787,-0.002193,0.003865,0.001477,0.304186,0.012405,0.963714,32.017071,10.467982,30.597948,9.857506,4.0,0.00012459,2,405,0.10166,0.11994,0.16,0.02,100,0.5,0.80952,,,-0.03,0.00597,-0.0017,-0.00104,0.0001,-0.01383,0.0
1715,1756160,40.09822,356.0,0.66667,0.76,0.817842,-0.002186,0.01746,0.001962,0.293625,0.022888,0.786764,33.55093,10.035169,31.822048,9.382888,4.0,0.00012449,3,356,0.09375,0.12096,0.17,0.02,100,1.0,0.65217,,,-0.03,0.00865,-0.00093,-0.00154,-0.0011,-0.01652,0.23622
1716,1757184,26.78431,405.5,0.5,0.76,0.696441,-0.000804,0.017728,0.001373,0.159548,0.012665,0.727235,30.189816,7.669595,29.746237,8.31835,4.0,0.00012438,2,391,0.10616,0.12564,0.17,0.02,100,0.5,1.0,,,-0.03,0.00798,-0.00125,-0.00081,0.00199,-0.01068,0.13993
1717,1758208,39.66978,282.0,0.66667,0.76,0.799135,-0.002234,0.02117,0.001996,0.214217,0.021729,0.746661,28.400154,7.88943,28.370327,10.203141,4.0,0.00012428,3,381,0.10365,0.12006,0.17,0.02,100,0.33333,0.85714,,,-0.03,0.00844,-0.00093,-0.00128,0.00455,-0.01415,0.25457
1718,1759232,40.31157,346.66667,0.66667,0.75,0.809442,-0.001989,0.027049,0.001702,0.176137,0.017227,0.813671,29.958523,10.71087,29.861353,12.100029,4.0,0.00012418,3,372,0.09576,0.12566,0.18,0.02,100,0.33333,0.82353,,,-0.03,0.00732,-0.00105,-0.00252,0.00501,-0.01061,0.24197
1719,1760256,-9.77831,507.0,0.0,0.71,0.861482,-0.001927,0.007005,0.002532,0.251372,0.030624,0.934394,31.934614,10.128904,30.637836,10.617874,4.0,0.00012408,4,341,0.08744,0.11313,0.21,0.02,100,0.75,0.68,,,-0.03,0.00719,-0.00097,-0.00423,0.00406,-0.01709,-0.0031
1720,1761280,65.27937,175.5,1.0,0.71,0.948423,-0.001496,0.045297,0.000971,0.22658,0.002991,0.683167,32.402138,9.37119,33.443851,12.251658,4.0,0.00012397,4,348,0.08433,0.10687,0.21,0.03,100,0.5,0.91892,,,-0.03,0.00714,-0.00101,-0.0034,0.00367,-0.01967,0.41897
1721,1762304,58.82314,329.0,1.0,0.72,0.909499,-0.001654,0.062616,0.002963,0.239065,0.030518,0.46522,35.20739,10.834927,36.444309,11.550227,4.0,0.00012387,4,340,0.0845,0.11771,0.2,0.03,100,0.75,0.85417,,,-0.03,0.00947,0.00018,-0.00262,0.00424,-0.01945,0.39383
1722,1763328,56.76443,146.28571,0.85714,0.71,0.872125,-0.001955,0.051776,0.00187,0.279608,0.016052,0.619481,37.676117,8.790105,39.031723,11.799348,4.0,0.00012377,7,338,0.08765,0.11693,0.2,0.03,100,0.57143,0.78,,,-0.03,0.00785,0.00036,-0.00414,0.00103,-0.01787,0.64613
1723,1764352,37.45129,249.2,0.6,0.71,0.815755,-0.001535,0.030764,0.001124,0.158353,0.007355,0.770368,35.857895,9.095575,36.210609,12.014889,4.0,0.00012367,5,363,0.09344,0.12123,0.19,0.03,100,0.6,0.8,,,-0.03,0.00799,-0.00082,-0.00602,0.00671,-0.02142,0.35446
1724,1765376,66.64708,177.2,1.0,0.71,0.934156,-0.002722,0.038706,0.001961,0.301813,0.015732,0.741827,39.293404,10.010179,40.982517,12.407413,4.0,0.00012356,5,335,0.0823,0.11366,0.19,0.02,100,0.0,0.78571,,,-0.03,0.00972,0.00056,-0.00311,0.00686,-0.0176,0.49533
1725,1766400,42.30836,237.16667,0.66667,0.71,0.858664,-0.001937,0.023354,0.0011,0.243873,0.008789,0.870568,41.181683,11.84838,42.334759,14.611576,4.0,0.00012346,6,343,0.08492,0.1193,0.19,0.03,100,0.33333,0.86667,,,-0.03,0.00967,0.0007,-0.00456,0.01025,-0.02069,0.42166
1726,1767424,68.18874,144.0,1.0,0.71,0.921334,-0.002258,0.014547,0.001835,0.212097,0.013947,0.926367,48.474255,14.807175,48.613071,15.1524,4.0,0.00012336,3,337,0.08203,0.10717,0.19,0.03,100,0.33333,0.84848,,,-0.03,0.00666,-0.0006,0.00021,0.00982,-0.01528,0.31935
1727,1768448,65.40647,151.0,1.0,0.72,0.885727,-0.002166,0.015966,0.002061,0.210042,0.014359,0.925465,43.435715,14.562799,42.877884,15.052915,4.0,0.00012326,3,353,0.09106,0.12023,0.18,0.03,100,0.33333,0.875,,,-0.03,0.00772,-0.00092,-0.0009,-0.00129,-0.02898,0.32735
1728,1769472,42.23959,319.0,0.75,0.72,0.743358,-0.001634,0.024999,0.001884,0.164408,0.023849,0.880147,38.414551,13.486585,38.604164,14.729726,4.0,0.00012316,4,366,0.09071,0.12056,0.18,0.03,100,0.5,0.82051,,,-0.03,0.00839,-0.0008,-0.00317,0.00337,-0.02826,0.38543
1729,1770496,35.19945,275.85714,0.57143,0.7,0.919286,-0.002263,0.016632,0.001864,0.159993,0.017639,0.925323,45.499092,13.619447,45.756504,15.515658,4.0,0.00012305,7,305,0.08183,0.11516,0.19,0.02,100,0.57143,0.8254,,,-0.03,0.00868,0.00011,-0.00273,0.00849,-0.02881,0.39376
1730,1771520,47.86925,155.5,0.75,0.69,0.848036,-0.001685,0.024463,0.001542,0.291485,0.014542,0.892007,48.606258,13.684121,47.160221,15.702665,4.0,0.00012295,4,349,0.08468,0.11872,0.19,0.02,100,0.5,0.71429,,,-0.03,0.00876,0.00011,-0.00168,0.00277,-0.01963,0.3272
1731,1772544,41.04828,265.0,0.66667,0.67,0.71003,-0.001649,0.039388,0.001325,0.187274,0.011215,0.877527,39.658646,17.409903,38.698425,18.322523,4.0,0.00012285,6,374,0.08503,0.12144,0.2,0.02,100,0.33333,0.90698,,,-0.03,0.01076,6e-05,-0.00181,-0.00028,-0.02619,0.51891
1732,1773568,48.80208,150.25,0.75,0.66,0.847503,-0.002218,0.028651,0.002299,0.209295,0.019669,0.909691,42.035126,16.910704,41.197929,18.007267,4.0,0.00012275,4,343,0.077,0.11476,0.2,0.02,100,0.75,0.5,,,-0.03,0.0105,0.0012,-0.00553,0.00247,-0.02067,0.32046
1733,1774592,65.73053,195.5,1.0,0.67,0.648503,-0.00108,0.030683,0.000551,0.237612,0.001465,0.892629,37.637459,17.265207,36.304489,17.010494,4.0,0.00012264,2,376,0.09118,0.1202,0.2,0.02,100,0.5,0.75,,,-0.03,0.00674,-0.00068,-0.00072,0.00083,-0.0145,0.28935
1734,1775616,35.17006,284.6,0.6,0.66,0.674216,-0.001441,0.03215,0.001051,0.19374,0.006851,0.89689,31.311914,16.850267,30.994549,18.358536,4.0,0.00012254,5,392,0.09327,0.11711,0.2,0.02,100,0.6,0.80851,,,-0.03,0.00688,-0.00059,-0.00531,0.00405,-0.02009,0.41326
1735,1776640,67.45558,134.66667,1.0,0.68,0.80101,-0.002257,0.028225,0.00135,0.15345,0.014191,0.908762,35.123055,16.971628,34.716614,17.896969,4.0,0.00012244,3,366,0.08821,0.12393,0.19,0.02,100,0.0,1.0,,,-0.03,0.00802,-0.00077,-0.00283,0.00085,-0.01375,0.36387
1736,1777664,16.05371,436.0,0.33333,0.68,0.716605,-0.001701,0.014792,0.001167,0.222549,0.008316,0.945792,31.754164,17.017611,30.826176,17.087189,4.0,0.00012234,3,369,0.08693,0.11523,0.21,0.02,100,0.66667,0.63158,,,-0.03,0.00729,-4e-05,-0.00337,0.00739,-0.03748,0.13097
1737,1778688,47.03032,289.75,0.75,0.68,0.824853,-0.002029,0.040028,0.002357,0.178949,0.026352,0.866256,32.15815,16.845221,32.217896,17.689108,4.0,0.00012223,4,347,0.08397,0.10632,0.21,0.02,100,0.5,0.7931,,,-0.03,0.00708,7e-05,-0.00616,0.0042,-0.03461,0.3414
1738,1779712,68.28182,139.75,1.0,0.72,0.905211,-0.002371,0.027449,0.002199,0.225317,0.019485,0.912532,33.310993,17.014534,34.018589,18.817522,4.0,0.00012213,4,347,0.08362,0.11153,0.19,0.02,100,0.0,0.75,,,-0.03,0.00802,-0.00015,-0.00366,0.00967,-0.02742,0.42046
1739,1780736,49.23529,245.5,0.75,0.73,0.78604,-0.000917,0.030167,0.001123,0.162107,0.007065,0.908508,33.159088,17.710272,33.764305,19.100348,4.0,0.00012203,4,355,0.08332,0.11181,0.18,0.02,100,0.75,0.88235,,,-0.03,0.00899,4e-05,-0.00189,0.00659,-0.02601,0.35348
1740,1781760,45.33209,260.33333,0.77778,0.75,1.055696,-0.001644,0.044962,0.001333,0.237911,0.008636,0.763585,45.421272,13.131189,46.639862,14.352048,4.0,0.00012193,9,304,0.07378,0.11315,0.16,0.02,100,0.22222,0.82716,,,-0.03,0.00869,0.00047,-0.00371,0.00391,-0.01959,0.6005
1741,1782784,52.58005,167.4,0.8,0.78,0.714962,-0.00094,0.032616,0.000513,0.221768,0.002411,0.871958,46.020023,15.048867,45.161224,16.614988,4.0,0.00012182,5,371,0.07733,0.11818,0.13,0.02,100,0.2,0.72973,,,-0.03,0.00869,0.00057,-0.00512,-0.00254,-0.01591,0.50999
1742,1783808,52.65544,145.2,0.8,0.77,0.897647,-0.00125,0.025522,0.001333,0.183257,0.007477,0.905916,46.317955,15.801688,47.131279,17.077059,4.0,0.00012172,5,335,0.0756,0.11461,0.13,0.02,100,0.4,0.85,,,-0.03,0.0085,0.00084,-0.0039,0.01012,-0.02261,0.40832
1743,1784832,67.96169,144.57143,1.0,0.78,0.858621,-0.00144,0.025543,0.001332,0.259605,0.010025,0.941004,43.401482,19.78779,45.05315,21.10248,4.0,0.00012162,7,346,0.07299,0.09917,0.13,0.02,100,0.28571,0.6875,,,-0.03,0.0083,0.0005,-0.00256,0.00914,-0.02211,0.74555
1744,1785856,49.06763,204.75,0.75,0.78,1.070977,-0.00167,0.013809,0.001225,0.291342,0.010696,0.942828,54.832462,15.723566,56.446873,17.221926,4.0,0.00012152,8,303,0.06826,0.10366,0.12,0.02,100,0.25,0.83333,,,-0.03,0.00903,0.00087,-0.00328,0.01449,-0.0201,0.4988
1745,1786880,42.2598,142.83333,0.66667,0.77,0.989532,-0.001081,0.047185,0.000929,0.641266,0.005386,0.672544,59.881104,9.555182,56.631969,13.223591,4.0,0.00012141,6,328,0.07767,0.11958,0.11,0.02,100,0.5,0.6875,,,-0.03,0.009,0.00089,-0.0036,-0.00807,-0.02284,0.38263
1746,1787904,65.79083,162.4,1.0,0.78,0.814141,-0.000995,0.03546,0.001113,0.273694,0.006622,0.797565,54.503284,12.026344,53.941776,13.131765,4.0,0.00012131,5,349,0.07875,0.11718,0.11,0.01,100,0.6,0.86667,,,-0.03,0.00844,0.00025,-0.00293,0.00216,-0.02074,0.54206
1747,1788928,57.10156,149.0,0.85714,0.78,1.054798,-0.000724,0.037599,0.001115,0.148116,0.009476,0.839002,55.004387,14.355427,54.762794,15.651417,4.0,0.00012121,7,310,0.07353,0.1099,0.1,0.01,100,0.42857,0.75,,,-0.03,0.00846,0.00109,-0.00456,0.00535,-0.01795,0.53272
1748,1789952,42.35476,159.0,0.66667,0.78,0.752618,-0.001924,0.027888,0.001833,0.401945,0.015305,0.923485,48.375771,17.96097,45.684566,18.793022,4.0,0.00012111,3,374,0.0824,0.11933,0.09,0.01,100,0.66667,0.59091,,,-0.03,0.00879,0.00034,-0.00477,-0.00225,-0.0127,0.25546
1749,1790976,56.38333,222.5,0.875,0.79,0.939151,-0.001117,0.027275,0.001997,0.248222,0.015594,0.926638,47.619305,19.202429,48.528824,19.957258,4.0,0.000121,8,305,0.0724,0.09967,0.09,0.01,100,0.625,0.83333,,,-0.03,0.00993,0.00038,-0.00328,0.00922,-0.02641,0.66408
1750,1792000,68.27672,124.4,1.0,0.8,0.924569,-0.002514,0.019982,0.002359,0.189981,0.018707,0.941954,51.397953,18.095886,50.861073,18.921806,4.0,0.0001209,5,304,0.07472,0.10705,0.09,0.0,100,0.4,0.94444,,,-0.03,0.00776,0.00068,-0.00374,0.00169,-0.01642,0.50058
1751,1793024,68.72077,116.33333,1.0,0.82,0.712523,-0.00271,0.012876,0.002077,0.31384,0.019043,0.97455,41.370579,22.513517,39.91898,23.154638,4.0,0.0001208,3,372,0.08087,0.10913,0.08,0.0,100,0.0,0.76923,,,-0.03,0.01068,-0.00023,-0.00383,0.00341,-0.01972,0.39917
1752,1794048,41.27386,260.5,0.66667,0.81,0.861124,-0.001877,0.031947,0.00166,0.156654,0.018173,0.923815,46.385406,20.646305,46.582748,20.977472,4.0,0.0001207,6,339,0.07475,0.10933,0.09,0.0,100,0.66667,0.675,,,-0.03,0.00862,0.00033,-0.00218,0.00703,-0.02499,0.41159
1753,1795072,66.11845,156.5,1.0,0.82,0.759773,-0.001104,0.02522,0.001163,0.154177,0.010864,0.947854,44.954773,22.273722,44.834953,22.455139,4.0,0.0001206,4,371,0.07665,0.10177,0.09,0.0,100,0.5,0.76667,,,-0.03,0.00758,-0.00098,0.00014,0.00498,-0.02021,0.50102
1754,1796096,54.33206,229.33333,0.83333,0.84,0.85138,-0.001941,0.016959,0.001196,0.156091,0.012177,0.959855,45.518421,20.256561,45.472069,20.8382,4.0,0.00012049,6,334,0.07319,0.1013,0.07,0.0,100,0.33333,0.7931,,,-0.03,0.0088,-0.0003,-0.00308,0.00577,-0.01706,0.53002
1755,1797120,45.50306,206.85714,0.71429,0.83,0.910745,-0.001308,0.036098,0.001407,0.196507,0.009842,0.883604,47.424191,16.801722,46.503212,18.381287,4.0,0.00012039,7,336,0.08148,0.11793,0.07,0.0,100,0.42857,0.7561,,,-0.03,0.01008,0.00081,-0.00381,0.00035,-0.02749,0.50061
1756,1798144,68.6692,128.0,1.0,0.84,0.935502,-0.001729,0.019324,0.001308,0.150148,0.007187,0.930533,49.837551,15.697859,49.719154,17.157907,4.0,0.00012029,5,338,0.08478,0.11553,0.06,0.0,100,0.2,0.75,,,-0.03,0.00924,0.00013,-0.0022,0.00804,-0.01753,0.49545
1757,1799168,51.80696,239.0,0.8,0.83,0.842604,-0.00129,0.020449,0.000903,0.182676,0.006317,0.939227,48.677162,17.740181,47.789742,18.80377,4.0,0.00012019,5,318,0.0902,0.12144,0.07,0.0,100,0.6,0.63333,,,-0.03,0.00829,0.00084,-0.0014,0.00293,-0.02239,0.43362
1758,1800192,52.96688,141.0,0.8,0.84,0.810156,-0.001294,0.029605,0.001327,0.289397,0.009323,0.939019,42.177757,22.632872,41.129761,24.260321,4.0,0.00012008,5,350,0.08574,0.12149,0.05,0.0,100,0.4,0.72973,,,-0.03,0.01131,0.00033,-0.00551,0.00503,-0.01619,0.4456
1759,1801216,50.41406,222.2,0.8,0.84,0.738747,-0.001069,0.055517,0.000727,0.217533,0.003281,0.908684,37.612942,26.334873,37.091183,26.062647,4.0,0.00011998,5,350,0.09225,0.1268,0.05,0.0,100,0.4,0.6875,,,-0.03,0.00926,0.00052,-0.00321,0.00357,-0.02433,0.46983
1760,1802240,47.22091,253.25,0.75,0.84,0.857496,-0.001894,0.032349,0.00109,0.200214,0.008087,0.924431,42.732685,20.779316,41.825714,20.897106,4.0,0.00011988,4,351,0.09154,0.12646,0.06,0.0,100,0.25,0.65,,,-0.03,0.00933,0.00039,-0.00611,0.00727,-0.02263,0.33271
1761,1803264,67.31801,129.2,1.0,0.84,0.889773,-0.002714,0.026358,0.002236,0.19259,0.022018,0.94142,40.562088,21.008945,40.539062,22.325462,4.0,0.00011978,5,331,0.08485,0.11236,0.06,0.0,100,0.4,0.76,,,-0.03,0.00865,-0.00082,-0.00322,0.00893,-0.02609,0.52886
1762,1804288,21.32524,241.4,0.4,0.82,0.817346,-0.001427,0.030175,0.001184,0.335799,0.007187,0.940768,37.791355,22.195126,36.047543,23.492908,4.0,0.00011967,5,352,0.09825,0.12706,0.07,0.0,100,0.8,0.74194,,,-0.03,0.00719,-0.0009,-0.0046,-0.00014,-0.01856,0.22413
1763,1805312,53.65956,258.85714,0.85714,0.82,1.046097,-0.001391,0.046523,0.001245,0.279968,0.007935,0.753922,48.098022,15.616946,49.795452,14.561467,4.0,0.00011957,7,321,0.0865,0.11597,0.08,0.0,100,0.28571,0.75758,,,-0.03,0.00747,0.00018,-0.00624,0.00726,-0.01916,0.52037
1764,1806336,66.13643,147.33333,1.0,0.82,0.894119,-0.001726,0.035383,0.00125,0.308223,0.003922,0.8331,50.073883,13.747862,48.172363,14.608226,4.0,0.00011947,3,326,0.08935,0.12185,0.08,0.0,100,0.0,0.78947,,,-0.03,0.00926,-6e-05,-0.00287,-0.00205,-0.01795,0.31567
1765,1807360,46.9117,192.0,0.75,0.83,0.785056,-0.001496,0.038259,0.001506,0.272277,0.014999,0.847615,40.010948,14.605128,38.503227,15.92943,4.0,0.00011937,4,371,0.1049,0.13646,0.08,0.0,100,0.75,0.76316,,,-0.03,0.00795,-0.00067,-0.00353,-0.00252,-0.02034,0.37071
1766,1808384,66.62067,113.0,1.0,0.83,0.64028,-0.002359,0.015649,0.001168,0.268821,0.009964,0.947665,30.703968,17.537806,29.29916,17.585032,4.0,0.00011926,1,403,0.10181,0.12779,0.08,0.0,100,0.0,0.0,,,-0.03,0.00553,-0.00095,-0.00107,0.00447,-0.01157,0.15214
1767,1809408,37.88921,350.0,0.66667,0.82,0.663718,-0.001591,0.014419,0.002014,0.19592,0.016052,0.963587,28.68252,20.034061,28.995312,20.960279,4.0,0.00011916,3,401,0.09377,0.11647,0.09,0.0,100,0.33333,0.82353,,,-0.03,0.00608,-0.00022,-0.00463,0.01272,-0.01938,0.28758
1768,1810432,19.97357,419.8,0.4,0.8,0.869232,-0.00124,0.028833,0.001318,0.152301,0.0121,0.926982,36.414219,21.1542,36.068214,20.671503,4.0,0.00011906,5,349,0.08407,0.11255,0.11,0.0,100,0.8,0.69388,,,-0.03,0.00529,-0.00083,-0.00466,0.00262,-0.02055,0.21484
1769,1811456,53.79024,222.5,0.83333,0.8,1.115543,-0.002169,0.025722,0.002985,0.217928,0.026443,0.773454,47.524208,9.60679,47.987839,11.117946,4.0,0.00011896,6,319,0.07673,0.10987,0.12,0.0,100,0.5,0.86364,,,-0.03,0.00779,0.00091,-0.00583,0.00446,-0.02045,0.42479
1770,1812480,65.12399,164.75,1.0,0.81,0.993577,-0.002054,0.027672,0.002006,0.330176,0.015015,0.786213,48.134373,9.964994,50.061348,11.759663,4.0,0.00011885,8,325,0.07582,0.10671,0.11,0.0,100,0.25,0.69388,,,-0.03,0.00594,0.00076,-0.00541,0.01186,-0.0246,0.71438
1771,1813504,67.89094,117.6,1.0,0.81,0.945656,-0.002141,0.013473,0.001343,0.211924,0.008392,0.935689,49.760117,13.737685,50.413792,14.645716,4.0,0.00011875,5,329,0.0767,0.11006,0.11,0.01,100,0.2,0.71875,,,-0.03,0.00818,-0.00021,-0.00222,0.00764,-0.01781,0.47334
1772,1814528,67.35865,148.28571,1.0,0.83,0.897966,-0.00188,0.020048,0.00161,0.195029,0.013,0.931576,48.22081,16.544716,49.09544,17.592827,4.0,0.00011865,7,329,0.08222,0.11816,0.1,0.01,100,0.14286,0.82692,,,-0.03,0.00724,-0.00047,-0.00205,0.00213,-0.01808,0.7205
1773,1815552,35.74259,200.14286,0.57143,0.81,0.838035,-0.001528,0.042067,0.001501,0.476442,0.009949,0.85768,46.856625,16.555407,44.785423,18.735081,4.0,0.00011855,7,343,0.08121,0.11955,0.1,0.01,100,0.85714,0.8125,,,-0.03,0.00824,0.00048,-0.00428,-0.00255,-0.02297,0.42294
1774,1816576,37.52207,120.6,0.6,0.79,0.811578,-0.001716,0.043294,0.001262,0.470689,0.007629,0.870292,44.754337,16.389191,42.676006,18.432673,4.0,0.00011844,5,347,0.08059,0.11357,0.1,0.01,100,0.4,0.80952,,,-0.03,0.00878,4e-05,-0.00308,0.0016,-0.02174,0.325
1775,1817600,46.38495,197.85714,0.71429,0.79,0.769861,-0.001497,0.019941,0.001666,0.198292,0.011154,0.949506,39.910263,18.909697,39.992363,21.008726,4.0,0.00011834,7,345,0.08018,0.11245,0.1,0.01,100,0.14286,0.825,,,-0.03,0.00797,0.00032,-0.00432,0.00952,-0.02599,0.57735
1776,1818624,68.18664,117.0,1.0,0.8,0.762569,-0.002044,0.039482,0.000899,0.177861,0.007767,0.921162,41.040916,21.921362,40.514977,22.532394,4.0,0.00011824,4,356,0.08559,0.12307,0.09,0.01,100,0.25,0.66667,,,-0.03,0.00813,0.00054,-0.00368,0.00306,-0.01735,0.47425
1777,1819648,49.23694,199.0,0.75,0.79,0.848594,-0.002438,0.023531,0.002645,0.201876,0.027817,0.960837,39.687263,23.688427,40.13937,25.19565,4.0,0.00011814,8,345,0.07802,0.11222,0.1,0.02,100,0.25,0.73684,,,-0.03,0.00849,0.00133,-0.00413,0.01085,-0.02674,0.63662
1778,1820672,55.6006,132.66667,0.83333,0.79,0.920676,-0.001281,0.027449,0.001292,0.168145,0.008789,0.940537,45.335796,20.713852,44.972206,21.929592,4.0,0.00011804,6,330,0.0766,0.11679,0.1,0.02,100,0.33333,0.72727,,,-0.03,0.0067,0.00098,-0.00814,0.00519,-0.02056,0.49219
1779,1821696,57.38506,197.28571,0.85714,0.79,0.988777,-0.001933,0.022536,0.002701,0.230606,0.022278,0.899996,51.194958,14.091794,52.503906,15.254479,4.0,0.00011793,7,313,0.07691,0.10849,0.1,0.02,100,0.28571,0.76471,,,-0.03,0.00831,0.00125,-0.00399,0.00993,-0.01958,0.54336
1780,1822720,68.37178,124.6,1.0,0.81,1.055385,-0.002131,0.013487,0.002132,0.184709,0.020782,0.962928,52.211021,18.599226,52.85606,19.479298,4.0,0.00011783,5,319,0.07695,0.10873,0.09,0.02,100,0.2,0.82609,,,-0.03,0.00735,0.00085,-0.00339,0.01454,-0.02712,0.44979
1781,1823744,67.96287,114.8,1.0,0.82,1.024795,-0.002158,0.009869,0.001465,0.270903,0.011765,0.976824,50.223114,23.033291,49.727283,23.321877,4.0,0.00011773,5,336,0.0765,0.10258,0.09,0.02,100,0.0,0.66667,,,-0.03,0.00659,0.00049,-0.0035,0.01143,-0.01919,0.48603
1782,1824768,52.49129,261.66667,0.83333,0.82,1.02756,-0.001304,0.039083,0.00213,0.162973,0.018433,0.901325,51.099495,20.842426,51.577282,20.680185,4.0,0.00011763,6,317,0.07943,0.10809,0.09,0.02,100,0.16667,0.70968,,,-0.03,0.0052,0.00068,-0.00385,0.01129,-0.01919,0.45496
1783,1825792,67.22817,144.44444,1.0,0.84,1.089455,-0.002207,0.026487,0.003072,0.188464,0.032913,0.866874,55.56179,13.836299,55.943703,14.286633,4.0,0.00011752,9,316,0.07681,0.10745,0.08,0.02,100,0.0,0.88889,,,-0.03,0.00565,0.00038,-0.00393,0.00814,-0.02335,0.77735
1784,1826816,66.89988,146.25,1.0,0.88,1.132731,-0.001384,0.035021,0.002458,0.266372,0.024155,0.25492,59.542702,9.639077,60.668549,7.474572,4.0,0.00011742,8,306,0.07367,0.1104,0.05,0.02,100,0.25,0.6,,,-0.03,0.0056,0.00149,-0.00534,0.00857,-0.02336,0.65149
1785,1827840,67.02973,136.0,1.0,0.88,1.074427,-0.001543,0.022067,0.003206,0.171419,0.02562,0.665215,61.030979,7.52068,60.698166,8.224132,4.0,0.00011732,7,308,0.07833,0.11504,0.05,0.03,100,0.42857,0.88235,,,-0.03,0.00387,0.0004,-0.00764,0.00494,-0.01908,0.61709
1786,1828864,66.70536,124.0,1.0,0.88,1.053136,-0.001735,0.017909,0.00241,0.165979,0.024719,0.877526,56.907589,12.037723,56.404697,12.725413,4.0,0.00011722,5,334,0.07944,0.11369,0.05,0.04,100,0.4,0.74194,,,-0.03,0.00331,0.00061,-0.00684,0.00267,-0.01667,0.47767
1787,1829888,52.99158,144.0,0.8,0.87,1.165934,-0.002492,0.009191,0.002389,0.217066,0.019058,0.902324,57.061012,8.977759,56.481728,10.290273,4.0,0.00011711,5,320,0.07762,0.10903,0.05,0.05,100,0.2,0.79167,,,-0.03,0.00573,0.00024,-0.00502,0.00909,-0.02392,0.34749
1788,1830912,61.68426,219.0,1.0,0.87,0.911703,-0.001397,0.037677,0.002062,0.198971,0.010468,0.794794,50.831226,13.97216,50.14978,13.973868,4.0,0.00011701,5,325,0.08165,0.11596,0.05,0.05,100,0.0,0.91892,,,-0.03,0.00799,2e-05,-0.00346,-0.00104,-0.01774,0.50963
1789,1831936,56.30607,190.0,0.85714,0.89,0.922722,-0.001548,0.007984,0.001833,0.162608,0.014008,0.963985,50.728348,14.805098,50.974495,16.0599,4.0,0.00011691,7,342,0.07372,0.10424,0.05,0.04,100,0.0,0.84906,,,-0.03,0.00767,0.00013,-0.00446,0.01046,-0.01852,0.6154
1790,1832960,29.31194,151.25,0.5,0.88,0.693254,-0.00113,0.038115,0.001286,0.516446,0.011139,0.903181,45.693821,18.896883,42.547588,20.066292,4.0,0.00011681,4,382,0.09044,0.12374,0.05,0.04,100,0.5,0.77778,,,-0.03,0.00592,-0.00024,-0.00486,-0.00587,-0.01124,0.283
1791,1833984,66.77852,149.0,1.0,0.89,0.86831,-0.001978,0.010784,0.000966,0.228267,0.007462,0.972818,44.611961,19.2983,44.074131,19.943195,4.0,0.0001167,4,354,0.08297,0.11457,0.05,0.04,100,0.0,0.90909,,,-0.03,0.00747,-0.0003,-0.00303,0.00403,-0.0301,0.45517
1792,1835008,46.09086,267.28571,0.71429,0.89,0.936774,-0.001499,0.01109,0.001734,0.158445,0.014999,0.965564,47.343365,17.434784,47.295555,18.332661,4.0,0.0001166,7,330,0.08126,0.11869,0.06,0.04,100,0.28571,0.8,,,-0.03,0.00588,0.00044,-0.00746,0.00521,-0.0217,0.52548
1793,1836032,67.83097,128.2,1.0,0.89,0.951705,-0.002528,0.020423,0.002655,0.176023,0.024033,0.94508,47.321896,18.687267,47.402466,19.54006,4.0,0.0001165,5,342,0.07957,0.1097,0.06,0.04,100,0.2,0.75,,,-0.03,0.00558,0.00087,-0.00572,0.00854,-0.0196,0.52031
1794,1837056,55.31319,201.16667,0.83333,0.9,0.943871,-0.00159,0.015999,0.001684,0.151377,0.008286,0.958354,47.718018,18.820484,47.68549,19.829237,4.0,0.0001164,6,344,0.07798,0.11194,0.06,0.04,100,0.16667,0.82609,,,-0.03,0.0063,0.00022,-0.00668,0.00272,-0.016,0.51938
1795,1838080,47.83128,239.5,0.75,0.9,0.709484,-0.001932,0.028798,0.002258,0.286799,0.025345,0.929964,41.621033,20.704983,40.203491,20.835243,4.0,0.00011629,4,350,0.09034,0.12431,0.07,0.04,100,0.0,0.90909,,,-0.03,0.00825,-0.00019,-0.00757,0.00053,-0.01704,0.40939
1796,1839104,65.78895,171.25,1.0,0.91,0.608582,-0.000871,0.055683,0.001051,0.178563,0.005737,0.868746,36.358925,20.012466,36.855301,20.762154,4.0,0.00011619,4,391,0.09972,0.13352,0.06,0.04,100,0.75,0.77778,,,-0.03,0.00678,0.00063,-0.00242,0.00656,-0.01882,0.63472
1797,1840128,50.96865,271.4,0.8,0.9,0.835316,-0.002257,0.033836,0.002177,0.162729,0.022598,0.913399,40.110794,20.395126,39.853683,20.105251,4.0,0.00011609,5,356,0.08974,0.12288,0.07,0.04,100,0.4,0.77778,,,-0.03,0.00558,0.00053,-0.00813,0.00144,-0.02044,0.46479
1798,1841152,66.42203,138.0,1.0,0.9,0.683617,-0.00124,0.027665,0.001384,0.177654,0.013702,0.922888,37.481525,18.414446,36.863331,19.139982,4.0,0.00011599,3,379,0.1048,0.13398,0.07,0.04,100,0.33333,0.8,,,-0.03,0.00705,-0.00055,-0.00423,0.00327,-0.01493,0.43755
1799,1842176,45.42143,260.14286,0.71429,0.88,0.91186,-0.001215,0.022095,0.001151,0.139948,0.007156,0.942148,42.402176,18.849018,42.312969,20.216862,4.0,0.00011588,7,333,0.08656,0.12188,0.08,0.04,100,0.42857,0.875,,,-0.03,0.00705,0.00054,-0.00602,0.00725,-0.0209,0.52213
1800,1843200,67.59492,131.0,1.0,0.89,0.887274,-0.001423,0.020241,0.001653,0.234952,0.01355,0.941245,43.595268,18.929989,44.496056,19.831123,4.0,0.00011578,5,348,0.09329,0.12866,0.07,0.04,100,0.2,0.86667,,,-0.03,0.00599,5e-05,-0.00374,0.00427,-0.01627,0.55991
1801,1844224,55.30901,207.0,0.83333,0.88,0.813374,-0.00173,0.025258,0.001488,0.195008,0.012985,0.950003,40.899178,21.863085,40.390995,22.878487,4.0,0.00011568,6,362,0.09893,0.13609,0.08,0.04,100,0.33333,0.83333,,,-0.03,0.00685,-0.00041,-0.00522,0.00333,-0.01674,0.6249
1802,1845248,51.95265,212.0,0.8,0.87,0.977375,-0.002384,0.013939,0.001665,0.185797,0.013855,0.956148,46.103729,17.361576,46.114395,18.469038,4.0,0.00011558,5,340,0.08718,0.12338,0.09,0.04,100,0.4,0.85714,,,-0.03,0.0073,0.00042,-0.00643,0.00534,-0.02065,0.41027
1803,1846272,67.97824,129.0,1.0,0.87,0.871422,-0.002163,0.012502,0.001721,0.161192,0.016693,0.975372,41.949615,22.342516,42.329964,23.778273,4.0,0.00011548,6,344,0.08722,0.12104,0.09,0.04,100,0.0,1.0,,,-0.03,0.00701,0.00055,-0.00609,0.00984,-0.01937,0.68035
1804,1847296,26.83913,345.0,0.5,0.86,0.771539,-0.002095,0.017865,0.001297,0.279816,0.005478,0.966105,43.260452,23.476006,41.626457,23.184818,4.0,0.00011537,2,373,0.09853,0.1382,0.09,0.04,100,0.5,0.92857,,,-0.03,0.0056,-3e-05,-0.00517,-0.00376,-0.0078,0.12533
1805,1848320,54.28401,223.16667,0.83333,0.85,0.782704,-0.001524,0.016087,0.000916,0.18283,0.006058,0.967362,41.764641,21.97603,41.288021,22.657536,4.0,0.00011527,6,366,0.10004,0.13394,0.1,0.04,100,0.16667,0.9,,,-0.03,0.00326,6e-05,-0.00429,0.0041,-0.01842,0.62633
1806,1849344,52.16363,240.4,0.8,0.85,0.731398,-0.002199,0.023118,0.001449,0.165303,0.011536,0.954788,38.254524,22.11146,38.540787,23.220425,4.0,0.00011517,5,342,0.10149,0.13426,0.11,0.04,100,0.4,0.7,,,-0.03,0.00585,7e-05,-0.00586,0.00805,-0.01589,0.50674
1807,1850368,69.23739,118.0,1.0,0.85,0.77223,-0.002422,0.014445,0.001426,0.26361,0.010818,0.974395,39.600803,23.578424,38.351112,23.672138,4.0,0.00011507,2,372,0.10007,0.13052,0.11,0.04,100,0.5,0.0,,,-0.03,0.00547,-0.00032,-0.00289,0.00233,-0.01128,0.25182
1808,1851392,36.72129,325.8,0.6,0.83,0.863469,-0.001439,0.021458,0.001694,0.170855,0.019394,0.957955,39.175392,22.688992,38.687145,23.201023,4.0,0.00011496,5,362,0.09556,0.1221,0.13,0.04,100,0.6,0.9375,,,-0.03,0.00523,0.00015,-0.00422,0.01167,-0.02385,0.33846
1809,1852416,53.80089,216.0,0.83333,0.83,0.986418,-0.002166,0.020387,0.002127,0.191645,0.013428,0.951977,41.484776,19.876404,41.034321,20.850342,4.0,0.00011486,6,340,0.0865,0.11334,0.13,0.03,100,0.0,1.0,,,-0.03,0.00493,0.00014,-0.00683,0.00422,-0.0147,0.4975
1810,1853440,68.75145,119.6,1.0,0.84,0.943525,-0.001817,0.015838,0.00155,0.163765,0.013168,0.971968,39.83004,23.614847,39.99913,24.832142,4.0,0.00011476,5,333,0.08465,0.11218,0.13,0.02,100,0.4,0.5,,,-0.03,0.00354,0.0004,-0.00278,0.0085,-0.01611,0.5122
1811,1854464,35.21375,335.4,0.6,0.83,0.919104,-0.00218,0.020843,0.001883,0.184613,0.015533,0.965658,41.259415,24.252697,40.812935,24.71019,4.0,0.00011466,5,344,0.08557,0.11608,0.15,0.01,100,0.4,1.0,,,-0.03,0.00657,0.00068,-0.00472,0.00458,-0.0156,0.30902
1812,1855488,42.11651,149.66667,0.66667,0.83,0.825211,-0.001874,0.022003,0.001174,0.393317,0.008118,0.961126,43.161266,24.186466,41.12989,24.599514,4.0,0.00011455,3,362,0.08873,0.11958,0.14,0.01,100,0.33333,1.0,,,-0.03,0.00726,0.00069,-0.00248,0.00753,-0.01362,0.2336
1813,1856512,51.86459,240.6,0.8,0.83,0.924627,-0.001639,0.022957,0.001819,0.221124,0.012573,0.955065,39.365204,22.395174,38.2831,22.783318,4.0,0.00011445,5,351,0.08727,0.11081,0.14,0.01,100,0.4,0.875,,,-0.03,0.00599,0.00029,-0.00611,0.00132,-0.01595,0.421
1814,1857536,66.2695,143.5,1.0,0.83,0.830931,-0.001731,0.025665,0.001052,0.307248,0.008362,0.943684,31.929913,21.038754,30.166496,21.280178,4.0,0.00011435,2,359,0.09454,0.11801,0.14,0.01,100,0.5,0.0,,,-0.03,0.00669,0.00033,-0.00499,1e-05,-0.00778,0.24158
1815,1858560,30.20763,361.5,0.5,0.82,0.655465,-0.002116,0.016805,0.001326,0.335706,0.009537,0.956106,18.301556,20.129139,16.416269,20.226942,4.0,0.00011425,2,404,0.10226,0.12241,0.15,0.01,100,0.5,0.5,,,-0.03,0.00474,-0.0007,-0.00394,-0.00342,-0.00761,0.15427
1816,1859584,14.21204,437.66667,0.33333,0.81,0.657604,-0.002151,0.014997,0.001013,0.233139,0.008591,0.972821,17.981194,24.03266,16.821905,23.722687,4.0,0.00011414,3,400,0.09492,0.12052,0.16,0.01,100,0.0,0.66667,,,-0.03,0.00623,-0.0001,-0.00339,0.0027,-0.01075,0.15459
1817,1860608,17.25327,381.33333,0.33333,0.79,0.691846,-0.001874,0.01599,0.001211,0.289732,0.012543,0.967332,20.726521,23.198904,19.080708,22.595694,4.0,0.00011404,3,310,0.09402,0.1209,0.17,0.01,100,0.66667,1.0,,,-0.03,0.00798,0.0003,-0.00559,0.00114,-0.008,0.13953
1818,1861632,45.24302,272.0,0.71429,0.78,0.939271,-0.00134,0.091534,0.001974,0.386173,0.013336,0.760672,29.404945,19.64764,31.614143,20.064053,4.0,0.00011394,7,308,0.0881,0.11467,0.17,0.01,100,0.71429,0.625,,,-0.03,0.00571,0.00096,-0.00639,0.01029,-0.01381,0.51632
1819,1862656,69.75764,113.5,1.0,0.78,0.966516,-0.002206,0.030336,0.00179,0.225019,0.015976,0.922749,32.626537,18.540724,32.421951,20.135735,4.0,0.00011384,4,267,0.08707,0.11816,0.17,0.01,100,0.75,0.0,,,-0.03,0.00709,0.00031,-0.00636,0.00523,-0.01504,0.41077
1820,1863680,47.58466,262.5,0.75,0.78,0.787445,-0.001754,0.036799,0.0022,0.180173,0.019257,0.907675,28.509182,18.945091,28.108379,20.204391,4.0,0.00011373,4,334,0.09052,0.11924,0.17,0.01,100,0.5,1.0,,,-0.03,0.00659,0.00068,-0.00522,0.00671,-0.01439,0.35734
1821,1864704,28.25829,379.0,0.5,0.77,0.752602,-0.000958,0.027296,0.001517,0.272519,0.010132,0.92266,24.763687,19.671658,23.373777,19.389269,4.0,0.00011363,2,371,0.09339,0.11489,0.18,0.01,100,0.5,0.8,,,-0.03,0.00463,0.00013,-0.00301,-0.0017,-0.01173,0.12846
1822,1865728,nan,nan,0.0,0.77,0.532092,-0.001519,0.009107,0.000648,0.341843,0.00441,0.941732,12.533884,14.469388,10.492082,12.959317,4.0,0.00011353,0,413,0.10385,0.11746,0.18,0.01,100,0.0,0.0,,,-0.03,0.00659,-0.00088,-0.00091,-0.00385,-0.01046,0.0
1823,1866752,9.1179,462.5,0.25,0.76,0.698624,-0.001062,0.031174,0.00131,0.183473,0.013214,0.899225,12.070356,17.64868,11.258966,17.971563,4.0,0.00011343,4,382,0.09058,0.11728,0.19,0.01,100,1.0,1.0,,,-0.03,0.00574,-0.0002,-0.00522,-0.00185,-0.01186,0.12709
1824,1867776,-14.72903,600.0,0.0,0.74,0.821842,-0.0023,0.009425,0.001364,0.297667,0.007812,0.968511,17.473204,17.694801,15.767999,17.219826,4.0,0.00011332,2,339,0.08691,0.11273,0.21,0.01,100,0.5,0.5,,,-0.03,0.00727,0.00011,-0.00469,0.00204,-0.01217,0.0
1825,1868800,12.71556,359.66667,0.33333,0.72,0.763113,-0.001844,0.039962,0.001731,0.252972,0.018753,0.830338,17.613499,16.218321,16.343178,16.091114,4.0,0.00011322,3,374,0.08956,0.11278,0.22,0.01,100,0.66667,1.0,,,-0.03,0.00564,-0.00012,-0.00497,-0.00677,-0.01192,0.11624
1826,1869824,-7.93247,600.0,0.0,0.71,0.611797,-0.002198,0.010001,0.001436,0.257578,0.013626,0.936218,11.563751,12.584477,10.123461,12.334478,4.0,0.00011312,1,383,0.11034,0.1335,0.23,0.01,100,1.0,1.0,,,-0.03,0.00793,-0.00026,-0.00238,-0.00142,-0.01023,0.0
1827,1870848,38.05538,331.0,0.66667,0.7,0.556324,-0.000961,0.047523,0.000934,0.165415,0.008682,0.770051,5.700575,12.746638,5.771945,14.568832,4.0,0.00011302,3,396,0.1054,0.12104,0.24,0.01,100,1.0,0.5,,,-0.03,0.00562,-0.00099,-0.00348,0.00028,-0.01255,0.3261
1828,1871872,13.0363,481.66667,0.33333,0.68,0.57294,-0.001112,0.031805,0.001464,0.157949,0.011581,0.877971,7.307006,15.719483,7.213483,16.853153,4.0,0.00011292,3,390,0.09143,0.11474,0.26,0.01,100,0.66667,1.0,,,-0.03,0.00458,-0.00011,-0.00339,0.00364,-0.01125,0.15449
1829,1872896,-7.66936,600.0,0.0,0.66,0.724989,-0.002364,0.005801,0.001341,0.214375,0.010468,0.97911,13.426498,17.743954,12.537031,17.674149,4.0,0.00011281,3,375,0.08261,0.10654,0.28,0.01,100,1.0,1.0,,,-0.03,0.006,0.00034,-0.00495,0.01045,-0.01181,0.0
1830,1873920,67.71657,130.0,1.0,0.67,0.990016,-0.001966,0.052674,0.002073,0.205836,0.021042,0.673055,18.549004,10.09278,18.862034,13.441187,4.0,0.00011271,3,328,0.07923,0.09424,0.27,0.01,100,0.33333,1.0,,,-0.03,0.00609,0.00017,-0.00483,0.0033,-0.02423,0.28218
1831,1874944,67.94459,139.0,1.0,0.67,0.998261,-0.002009,0.040821,0.002193,0.214186,0.024185,0.839617,11.435873,13.873362,12.228516,17.289885,4.0,0.00011261,2,344,0.07871,0.09326,0.27,0.01,100,0.5,1.0,,,-0.03,0.00759,8e-05,-0.00165,0.00826,-0.01422,0.18574
1832,1875968,28.02919,354.25,0.5,0.65,1.081508,-0.00225,0.027811,0.002176,0.230402,0.010422,0.931384,11.69603,19.553465,11.693523,21.651592,4.0,0.00011251,4,326,0.07177,0.09063,0.29,0.01,100,0.5,1.0,,,-0.03,0.00649,0.00026,-0.00316,0.00543,-0.02028,0.17384
1833,1876992,25.82865,357.75,0.5,0.64,1.07461,-0.00142,0.028602,0.001827,0.219328,0.015274,0.929952,16.112431,19.214165,16.185352,21.456339,4.0,0.0001124,4,330,0.0746,0.09568,0.31,0.0,100,0.5,1.0,,,-0.03,0.00717,0.00026,-0.00485,0.00126,-0.01971,0.17639
1834,1878016,38.48978,275.0,0.66667,0.64,0.877226,-0.002601,0.027353,0.002203,0.224518,0.019211,0.924336,19.339203,18.484898,18.992188,20.5417,4.0,0.0001123,3,351,0.07422,0.09666,0.31,0.0,100,0.33333,1.0,,,-0.03,0.00642,0.00029,-0.00079,0.00449,-0.019,0.21253
1835,1879040,44.83732,266.75,0.75,0.63,0.819484,-0.001886,0.04077,0.001988,0.298249,0.02211,0.917478,12.888433,21.038441,14.225475,24.442606,4.0,0.0001122,4,335,0.07201,0.09343,0.32,0.0,100,0.25,1.0,,,-0.03,0.00653,0.00018,-0.00436,0.00815,-0.02594,0.31643
1836,1880064,33.40474,287.66667,0.66667,0.63,0.806088,-0.002649,0.026531,0.001486,0.237422,0.016068,0.970527,18.830917,29.859018,18.458706,30.954208,4.0,0.0001121,3,359,0.07669,0.10228,0.32,0.0,100,0.0,0.5,,,-0.03,0.00631,0.00098,-0.00404,0.00761,-0.02301,0.22256
1837,1881088,29.4544,369.0,0.5,0.61,0.771891,-0.001881,0.031118,0.001828,0.214814,0.016281,0.958202,21.382442,27.648031,20.694265,28.456976,4.0,0.00011199,4,351,0.07607,0.10342,0.34,0.0,100,0.75,1.0,,,-0.03,0.00806,0.00077,-0.00617,0.00036,-0.02037,0.22864
1838,1882112,43.27078,272.0,0.66667,0.62,0.854973,-0.001554,0.024947,0.001143,0.341874,0.00708,0.952174,25.421301,22.259453,23.718834,23.298819,4.0,0.00011189,3,347,0.07866,0.09676,0.33,0.0,100,1.0,1.0,,,-0.03,0.00598,0.00066,-0.00221,0.00275,-0.01638,0.2145
1839,1883136,nan,nan,0.0,0.62,0.719651,-0.002275,0.009946,0.002464,0.477021,0.030869,0.976827,7.986209,22.096823,5.074843,20.86113,4.0,0.00011179,0,352,0.06641,0.07781,0.33,0.0,100,0.0,0.0,,,-0.03,0.00566,-5e-05,0.0008,-0.00215,-0.01422,0.0
1840,1884160,7.65629,520.66667,0.33333,0.6,0.680089,-0.001832,0.048276,0.002271,0.218654,0.029434,0.916556,4.327382,23.687483,4.227259,24.534685,4.0,0.00011169,3,376,0.06081,0.07691,0.35,0.0,100,0.66667,0.0,,,-0.03,0.00643,0.00058,-0.0001,0.00257,-0.0156,0.11763
1841,1885184,38.97459,338.5,0.66667,0.59,0.733246,-0.001444,0.06962,0.002063,0.329767,0.023956,0.916171,16.68656,28.868151,18.006548,30.564669,4.0,0.00011158,6,362,0.06559,0.09238,0.36,0.0,100,0.83333,0.33333,,,-0.03,0.00442,0.00066,-0.00447,0.00529,-0.01529,0.457
1842,1886208,39.7516,303.0,0.66667,0.59,0.72019,-0.00115,0.031685,0.001352,0.253716,0.008331,0.949883,28.491253,24.991655,27.732056,25.664562,4.0,0.00011148,3,335,0.06797,0.0993,0.36,0.0,100,0.66667,0.66667,,,-0.03,0.0043,0.00115,-0.0032,0.00014,-0.01236,0.22952
1843,1887232,29.66873,381.0,0.5,0.58,0.527142,-0.001252,0.020434,0.001541,0.327888,0.017914,0.954209,22.272055,21.107462,20.431807,21.663054,4.0,0.00011138,2,404,0.06391,0.08153,0.37,0.0,100,1.0,1.0,,,-0.03,0.00605,0.00133,0.00025,-0.00143,-0.00938,0.15942
1844,1888256,66.16652,169.5,1.0,0.59,0.691936,-0.002123,0.019291,0.001801,0.29358,0.020386,0.96669,13.807403,23.485914,12.211174,24.499704,4.0,0.00011128,2,394,0.07251,0.09433,0.36,0.0,100,0.5,0.0,,,-0.03,0.00454,0.00027,-0.00365,-0.00099,-0.01339,0.26384
1845,1889280,29.63213,352.0,0.5,0.58,0.471035,-0.001734,0.010828,0.001048,0.288256,0.006531,0.978526,-1.172692,24.621872,-2.517183,25.320477,4.0,0.00011117,2,422,0.06256,0.0803,0.37,0.0,100,0.5,0.0,,,-0.03,0.00738,-2e-05,-8e-05,0.00228,-0.01267,0.18755
1846,1890304,2.83392,427.0,0.16667,0.55,0.814982,-0.001875,0.01823,0.002117,0.207305,0.015549,0.981461,18.354511,32.039818,18.708778,32.566036,4.0,0.00011107,6,319,0.0653,0.09639,0.39,0.0,100,0.83333,1.0,,,-0.03,0.00545,0.00142,-0.00221,0.01078,-0.01896,0.10353
1847,1891328,57.29731,195.0,0.85714,0.57,1.083514,-0.001942,0.042856,0.002177,0.255128,0.017731,0.859837,39.540329,15.325127,40.663704,18.088011,4.0,0.00011097,7,320,0.06948,0.10038,0.37,0.0,100,0.42857,1.0,,,-0.03,0.0052,0.00076,-0.0025,0.00835,-0.01671,0.51061
1848,1892352,69.43487,116.5,1.0,0.59,0.962914,-0.002305,0.026298,0.002003,0.231333,0.014587,0.949988,34.40657,22.564894,34.038185,24.621214,4.0,0.00011087,4,335,0.06883,0.09738,0.36,0.0,100,0.5,1.0,,,-0.03,0.00605,0.00107,-0.00103,0.0064,-0.01742,0.3747
1849,1893376,66.65679,157.0,1.0,0.6,0.769759,-0.001473,0.027715,0.001524,0.413433,0.012054,0.965156,19.346077,28.475533,16.726704,28.061201,4.0,0.00011076,1,377,0.06814,0.08722,0.36,0.0,100,1.0,0.0,,,-0.03,0.00556,0.00034,0.00136,-0.00423,-0.01269,0.12103
1850,1894400,-13.75018,397.5,0.0,0.59,0.611886,-0.001596,0.009882,0.001066,0.445535,0.005737,0.981147,4.74395,24.226158,2.243354,23.774382,4.0,0.00011066,2,381,0.07052,0.0837,0.36,0.0,100,1.0,1.0,,,-0.03,0.00557,-0.0002,0.0001,0.00264,-0.01621,-0.00435
1851,1895424,27.11443,354.0,0.5,0.57,0.776552,-0.002036,0.014962,0.001086,0.233075,0.005859,0.983848,5.743042,30.589552,5.086534,31.803217,4.0,0.00011056,4,372,0.06524,0.08325,0.38,0.0,100,1.0,0.66667,,,-0.03,0.00595,0.00019,-0.00404,0.00456,-0.01524,0.23906
1852,1896448,43.59172,274.0,0.66667,0.56,0.697916,-0.001942,0.019521,0.001852,0.202489,0.017471,0.982207,10.700361,33.559643,9.978129,34.178909,4.0,0.00011046,3,375,0.06224,0.09022,0.39,0.0,100,0.66667,1.0,,,-0.03,0.00588,0.00072,-0.00315,0.0035,-0.0103,0.25076
1853,1897472,22.06524,411.6,0.4,0.55,0.817217,-0.0015,0.03865,0.001393,0.182221,0.009308,0.948332,23.490261,27.349073,22.818579,28.213268,4.0,0.00011036,5,340,0.06392,0.08868,0.4,0.0,100,0.8,0.8,,,-0.03,0.00429,0.00073,-0.00084,0.0078,-0.01609,0.21461
1854,1898496,66.20806,184.33333,1.0,0.56,0.844371,-0.001253,0.078479,0.001377,0.227733,0.009872,0.867047,21.15699,24.663061,20.642506,25.297247,4.0,0.00011025,3,337,0.06995,0.09162,0.39,0.0,100,1.0,1.0,,,-0.03,0.00591,0.00063,-0.00127,0.00316,-0.01471,0.32249
1855,1899520,43.89127,270.0,0.66667,0.58,0.801593,-0.001527,0.027391,0.001663,0.3045,0.01181,0.962036,10.382892,26.262835,8.692213,26.871696,4.0,0.00011015,3,372,0.06395,0.08657,0.38,0.0,100,0.66667,1.0,,,-0.03,0.00562,0.0009,-0.00169,0.00301,-0.01585,0.24025
1856,1900544,40.77485,296.0,0.66667,0.6,0.772498,-0.001335,0.038048,0.001946,0.206808,0.016678,0.955311,7.529494,28.99478,7.638113,30.646692,4.0,0.00011005,3,348,0.05885,0.07773,0.37,0.0,100,0.33333,1.0,,,-0.03,0.0056,0.00103,-0.00052,0.00549,-0.01267,0.2394
1857,1901568,53.63954,198.83333,0.83333,0.62,0.856405,-0.00207,0.026471,0.001413,0.315867,0.012085,0.9761,10.718909,35.79438,11.940136,38.096905,4.0,0.00010995,6,346,0.06162,0.08861,0.35,0.0,100,0.33333,0.0,,,-0.03,0.00443,0.00103,-0.00278,0.01066,-0.022,0.54608
1858,1902592,38.86087,304.0,0.6,0.64,0.778915,-0.001889,0.029596,0.001281,0.269233,0.008041,0.967228,30.183481,30.807224,29.377132,31.527975,4.0,0.00010984,5,358,0.06653,0.09801,0.33,0.0,100,0.8,0.66667,,,-0.03,0.00587,0.00184,-0.00371,0.00351,-0.01444,0.34515
1859,1903616,52.87376,226.2,0.8,0.63,0.778522,-0.001478,0.038692,0.001609,0.223707,0.011002,0.941837,27.734034,25.299982,28.668207,27.922335,4.0,0.00010974,5,360,0.06411,0.09128,0.34,0.0,100,0.6,0.0,,,-0.03,0.00675,0.00103,-0.00356,0.00432,-0.01832,0.46365
1860,1904640,70.4611,109.0,1.0,0.64,0.706883,-0.001886,0.022156,0.001223,0.491315,0.009155,0.977593,21.099419,33.098595,18.864611,33.598644,4.0,0.00010964,2,380,0.06234,0.08281,0.33,0.0,100,0.0,0.0,,,-0.03,0.00617,0.0012,-0.00149,0.0051,-0.00897,0.26274
1861,1905664,40.56373,259.83333,0.66667,0.65,0.80583,-0.00144,0.06955,0.002233,0.255141,0.019348,0.949301,13.655277,37.222775,14.205729,38.177765,4.0,0.00010954,6,355,0.06501,0.09269,0.31,0.0,100,0.83333,0.81818,,,-0.03,0.00639,0.00061,-0.00287,0.00396,-0.01613,0.45971
1862,1906688,43.05485,280.66667,0.66667,0.65,0.816137,-0.001683,0.041899,0.001377,0.245555,0.011169,0.94776,36.022877,28.427681,34.81311,29.075413,4.0,0.00010943,6,349,0.07196,0.10919,0.31,0.0,100,0.83333,0.5,,,-0.03,0.0058,0.00155,-0.00283,0.00487,-0.01345,0.42949
1863,1907712,68.36749,137.0,1.0,0.67,0.88352,-0.001287,0.049537,0.001211,0.335999,0.011627,0.929546,32.718605,27.100922,33.572578,28.852684,4.0,0.00010933,6,331,0.07262,0.10989,0.29,0.0,100,0.66667,0.5,,,-0.03,0.00557,0.00129,-0.00594,0.00459,-0.02255,0.62404
1864,1908736,66.40395,141.2,1.0,0.69,0.783211,-0.000907,0.042537,0.001586,0.254742,0.013672,0.965565,27.702368,35.071873,28.975428,36.666561,4.0,0.00010923,5,342,0.07435,0.11007,0.27,0.0,100,0.2,0.83333,,,-0.03,0.00467,0.00113,-0.00184,0.00808,-0.01731,0.57926
1865,1909760,43.99577,273.0,0.66667,0.7,0.822614,-0.001492,0.019024,0.001217,0.243758,0.007446,0.982176,34.33947,35.326355,33.624527,35.900719,4.0,0.00010913,3,344,0.07053,0.10286,0.26,0.0,100,0.0,1.0,,,-0.03,0.00694,0.00148,-0.00196,0.0029,-0.00865,0.22682
1866,1910784,29.28346,385.0,0.5,0.69,0.643521,-0.001384,0.022029,0.001592,0.532973,0.015503,0.977312,25.365231,32.023209,22.129305,31.68545,4.0,0.00010902,2,406,0.06912,0.08463,0.27,0.0,100,0.5,1.0,,,-0.03,0.00634,0.0004,0.00049,0.00295,-0.00599,0.14938
1867,1911808,41.54161,320.33333,0.66667,0.7,0.717446,-0.00182,0.027922,0.001721,0.30714,0.018692,0.974446,11.615685,33.418381,9.900517,34.489368,4.0,0.00010892,3,375,0.07133,0.09113,0.26,0.0,100,0.33333,1.0,,,-0.03,0.00518,-0.00048,-0.00127,0.00407,-0.01219,0.26706
1868,1912832,68.44967,108.0,1.0,0.71,0.684585,-0.001893,0.010757,0.001714,0.296819,0.018829,0.992781,5.639132,39.745064,4.324822,40.428978,4.0,0.00010882,2,364,0.06145,0.08039,0.25,0.0,100,1.0,0.0,,,-0.03,0.00628,0.00085,0.00058,0.00707,-0.01196,0.26833
1869,1913856,16.32442,473.33333,0.33333,0.68,0.763734,-0.000715,0.041558,0.000953,0.210607,0.007233,0.975852,12.059023,43.031418,12.254002,43.593796,4.0,0.00010872,6,372,0.06278,0.08738,0.28,0.0,100,1.0,0.83333,,,-0.03,0.00769,0.00094,0.00136,0.00529,-0.01897,0.22989
1870,1914880,68.51056,128.16667,1.0,0.73,0.945363,-0.002409,0.034359,0.002081,0.195072,0.017868,0.964642,38.673233,32.303993,38.620647,33.115448,4.0,0.00010861,6,334,0.07032,0.10485,0.24,0.0,100,0.83333,0.85714,,,-0.03,0.00533,0.00067,-0.00377,0.00446,-0.01789,0.5857
1871,1915904,41.24669,324.0,0.66667,0.73,0.705676,-0.001004,0.048947,0.001174,0.261166,0.006256,0.912369,36.61092,24.35655,34.739086,24.579929,4.0,0.00010851,3,375,0.08533,0.12643,0.25,0.0,100,1.0,0.94118,,,-0.03,0.00721,0.00132,-0.0066,-0.00266,-0.01107,0.26176
1872,1916928,41.06826,217.33333,0.66667,0.73,0.521823,-0.00088,0.058252,0.00094,0.37521,0.005341,0.931426,18.984692,29.851419,16.808575,30.433706,4.0,0.00010841,3,384,0.07475,0.10833,0.24,0.0,100,1.0,0.8,,,-0.03,0.0052,0.00093,-0.00597,-0.00313,-0.01528,0.33148
1873,1917952,47.56645,191.25,0.75,0.72,0.505642,-0.001307,0.03417,0.000689,0.210003,0.007477,0.97399,8.389899,37.553043,8.637127,38.997078,4.0,0.00010831,4,416,0.06733,0.09888,0.24,0.0,100,1.0,1.0,,,-0.03,0.00734,0.0007,-0.00247,0.0078,-0.01409,0.51588
1874,1918976,30.3968,376.5,0.5,0.7,0.63955,-0.001191,0.040101,0.001283,0.166488,0.011017,0.975736,15.486009,42.377777,14.862551,42.688671,4.0,0.0001082,4,392,0.06508,0.09984,0.26,0.0,100,0.75,0.83333,,,-0.03,0.006,0.00149,-0.00185,-0.00088,-0.01584,0.27514
1875,1920000,44.36974,271.66667,0.66667,0.71,0.706335,-0.0018,0.021064,0.001794,0.405725,0.014709,0.979431,24.309399,34.018684,22.463984,34.542,4.0,0.0001081,3,375,0.06637,0.09067,0.26,0.0,100,1.0,1.0,,,-0.03,0.00908,0.00107,-0.00022,0.00473,-0.02305,0.24873
1876,1921024,12.36989,399.0,0.33333,0.71,0.790299,-0.001297,0.063259,0.001974,0.300865,0.022476,0.917836,25.239716,29.738363,23.632984,29.361195,4.0,0.000108,3,361,0.07346,0.10352,0.25,0.0,100,0.66667,0.75,,,-0.03,0.00812,0.00046,-0.0016,0.00263,-0.01709,0.10669
1877,1922048,68.30432,149.0,1.0,0.71,0.754526,-0.001216,0.017259,0.001589,0.447783,0.011368,0.981339,16.128735,30.174551,13.515786,30.47547,4.0,0.0001079,1,396,0.06975,0.07819,0.25,0.0,100,1.0,0.0,,,-0.03,0.00515,0.00025,0.002,0.00749,-0.01211,0.12719
1878,1923072,37.54019,346.33333,0.66667,0.72,0.796652,-0.001059,0.043684,0.000813,0.217469,0.006882,0.960802,2.325535,33.592777,1.718749,34.647243,4.0,0.0001078,3,382,0.07223,0.08663,0.24,0.0,100,0.66667,1.0,,,-0.03,0.00803,-0.00019,-3e-05,-0.00022,-0.01356,0.23317
1879,1924096,61.49703,359.0,1.0,0.74,0.81677,-0.000723,0.156644,0.000844,0.232696,0.005432,0.864813,12.389368,36.748981,12.404286,35.978916,4.0,0.00010769,3,360,0.07112,0.09025,0.22,0.0,100,0.66667,1.0,,,-0.03,0.00634,0.00072,-0.00059,0.00538,-0.00893,0.31712
1880,1925120,29.44251,375.5,0.5,0.72,0.833054,-0.001265,0.039923,0.002144,0.319282,0.029816,0.951701,15.843904,28.881441,13.863028,29.235338,4.0,0.00010759,4,353,0.0697,0.09262,0.24,0.0,100,0.75,0.83333,,,-0.03,0.00873,0.00047,-0.00224,-0.00242,-0.023,0.21944
1881,1926144,37.3441,349.66667,0.66667,0.72,0.705531,-0.000765,0.090022,0.000733,0.294679,0.005127,0.847148,11.863028,24.997955,10.402796,25.669531,4.0,0.00010749,3,371,0.07202,0.09902,0.24,0.0,100,0.66667,0.0,,,-0.03,0.00729,0.00099,-0.00232,-0.00047,-0.02148,0.25093
1882,1927168,42.60841,173.0,0.66667,0.72,0.698921,-0.001435,0.049214,0.000674,0.20691,0.003296,0.930878,5.247975,27.850687,5.004683,28.90534,4.0,0.00010739,3,385,0.07597,0.10118,0.23,0.0,100,1.0,0.66667,,,-0.03,0.00758,0.00025,-0.00181,0.00029,-0.01014,0.26281
1883,1928192,20.75699,342.2,0.4,0.7,0.635356,-0.001548,0.031445,0.001032,0.215457,0.006485,0.965726,4.175242,30.704578,3.371436,31.468718,4.0,0.00010728,5,372,0.07095,0.09798,0.24,0.0,100,0.6,0.85714,,,-0.03,0.00911,0.00119,-0.00155,0.0014,-0.01245,0.28149
1884,1929216,30.44575,297.25,0.5,0.7,0.666853,-0.00098,0.052351,0.000997,0.187466,0.010254,0.938036,12.43878,30.294699,12.646523,30.598173,4.0,0.00010718,4,353,0.07858,0.10949,0.23,0.0,100,1.0,0.6,,,-0.03,0.00765,0.00041,-0.00372,0.0014,-0.01298,0.26885
1885,1930240,58.77781,204.125,0.875,0.7,1.010263,-0.001517,0.092193,0.001523,0.506461,0.008209,0.736498,29.158539,15.421793,32.372475,19.768906,4.0,0.00010708,8,322,0.07139,0.10263,0.23,0.0,100,0.75,1.0,,,-0.03,0.00696,0.0015,-0.00324,0.0125,-0.01922,0.63267
1886,1931264,49.56974,179.75,0.75,0.7,0.832894,-0.001409,0.034581,0.001591,0.272904,0.009308,0.935413,27.81263,23.378384,28.738541,24.640417,4.0,0.00010698,4,360,0.07082,0.0992,0.23,0.0,100,0.75,1.0,,,-0.03,0.00629,0.00087,-0.00142,0.00741,-0.01348,0.3313
1887,1932288,66.50941,144.66667,1.0,0.71,0.823739,-0.002258,0.042857,0.002298,0.219096,0.021011,0.92169,22.532578,22.709679,22.226816,24.619244,4.0,0.00010687,3,359,0.08096,0.10602,0.22,0.0,100,0.66667,0.0,,,-0.03,0.00581,0.00046,-0.00304,-0.00176,-0.01357,0.36082
1888,1933312,69.31305,107.0,1.0,0.72,0.607922,-0.002249,0.027798,0.001405,0.419941,0.011795,0.954753,5.370345,26.326647,2.841658,26.002607,4.0,0.00010677,1,403,0.08344,0.10419,0.21,0.0,100,1.0,0.0,,,-0.03,0.00589,0.00044,-0.00238,-0.00685,-0.00644,0.16981
1889,1934336,-8.69551,410.6,0.0,0.68,0.656674,-0.001948,0.01484,0.001157,0.276685,0.009979,0.975968,1.967366,27.986017,0.849316,27.610914,4.0,0.00010667,5,376,0.07985,0.1028,0.22,0.0,100,0.8,0.83333,,,-0.03,0.00752,5e-05,-0.00279,0.00018,-0.01709,-0.01244
1890,1935360,41.63438,277.33333,0.66667,0.67,0.801075,-0.001822,0.036938,0.001415,0.328486,0.013229,0.940995,13.518643,25.959642,11.500589,25.962484,4.0,0.00010657,3,365,0.08769,0.12094,0.23,0.0,100,0.33333,0.8,,,-0.03,0.00535,0.00074,-0.00492,-0.00276,-0.00791,0.24928
1891,1936384,29.47168,413.5,0.5,0.66,0.590015,-0.001001,0.057412,0.000827,0.17404,0.007233,0.879857,3.157594,21.979975,2.639315,22.781891,4.0,0.00010646,2,392,0.09759,0.12056,0.24,0.0,100,1.0,1.0,,,-0.03,0.00743,-0.0001,-0.00388,0.00413,-0.00698,0.15894
1892,1937408,69.89987,118.5,1.0,0.66,0.528616,-0.002471,0.020995,0.001366,0.189225,0.016388,0.967638,-4.397052,25.971691,-4.76821,27.352949,4.0,0.00010636,2,426,0.0976,0.11318,0.24,0.0,100,0.5,0.0,,,-0.03,0.00837,-0.00099,-8e-05,0.00721,-0.00923,0.36795
1893,1938432,17.77875,453.33333,0.33333,0.64,0.620893,-0.002029,0.02458,0.001746,0.268085,0.017593,0.964318,-4.923059,28.205013,-6.494812,27.632097,4.0,0.00010626,3,409,0.10385,0.13078,0.26,0.0,100,1.0,0.75,,,-0.03,0.0067,-0.00054,-0.00342,-0.00457,-0.00815,0.15838
1894,1939456,-8.3564,600.0,0.0,0.62,0.583142,-0.001936,0.009249,0.000689,0.298226,0.005432,0.983164,-2.878442,24.912443,-4.611354,24.288496,4.0,0.00010616,3,392,0.10105,0.12376,0.28,0.0,100,1.0,0.8,,,-0.03,0.00935,-0.00011,-0.00485,0.00013,-0.00657,0.0
1895,1940480,-8.10123,461.5,0.0,0.61,0.636328,-0.001774,0.01765,0.001246,0.372979,0.012222,0.92605,-2.039479,19.094563,-4.151818,17.430893,4.0,0.00010605,2,396,0.10287,0.11523,0.28,0.0,100,1.0,1.0,,,-0.03,0.00625,0.00011,-0.00293,-0.00639,-0.00569,-0.0044
1896,1941504,67.81538,146.33333,1.0,0.61,0.645217,-0.00155,0.079814,0.000878,0.28215,0.004089,0.826101,-5.84123,19.477854,-5.111475,23.028978,4.0,0.00010595,3,403,0.09172,0.10025,0.28,0.01,100,1.0,0.0,,,-0.03,0.00726,0.00054,-0.00627,0.00566,-0.00898,0.4511
1897,1942528,17.32016,444.66667,0.33333,0.6,0.68625,-0.00161,0.019564,0.000776,0.207576,0.004837,0.964061,-10.660053,24.222443,-10.861424,25.803223,4.0,0.00010585,3,403,0.08089,0.09784,0.29,0.01,100,1.0,0.83333,,,-0.03,0.006,-0.00104,-0.00653,0.00282,-0.00928,0.14782
1898,1943552,-9.16664,600.0,0.0,0.6,0.629331,-0.001886,0.013185,0.001201,0.411615,0.009796,0.97204,-6.520211,24.925068,-9.07464,23.328577,4.0,0.00010575,1,380,0.0972,0.11906,0.29,0.01,100,1.0,1.0,,,-0.03,0.00716,0.00067,-0.00369,-0.0098,-0.00413,0.0
1899,1944576,-7.49636,490.0,0.0,0.59,0.608356,-0.001721,0.008837,0.000856,0.269776,0.005798,0.973988,-9.540892,20.364082,-10.752295,19.899559,4.0,0.00010564,3,392,0.08363,0.09655,0.29,0.01,100,0.66667,1.0,,,-0.03,0.0091,0.00043,-0.00505,0.0003,-0.0075,-0.00445
1900,1945600,29.53981,304.5,0.5,0.58,0.753816,-0.001237,0.060809,0.001149,0.326686,0.008743,0.881521,-6.41806,21.522682,-5.08941,24.378752,4.0,0.00010554,4,384,0.08368,0.1024,0.29,0.01,100,0.75,0.66667,,,-0.03,0.00611,2e-05,-0.00291,0.00241,-0.0085,0.25605
1901,1946624,42.26608,288.0,0.66667,0.57,0.748132,-0.001667,0.049336,0.000993,0.23364,0.00412,0.916439,-5.925743,23.514555,-5.458013,26.335371,4.0,0.00010544,3,387,0.09052,0.10985,0.3,0.01,100,1.0,1.0,,,-0.03,0.00552,-0.00034,-0.00239,0.00324,-0.00758,0.262
1902,1947648,30.24017,361.0,0.5,0.56,0.689505,-0.002536,0.038498,0.001798,0.192512,0.020401,0.93637,-5.893737,24.890318,-6.439431,26.014421,4.0,0.00010534,2,390,0.09157,0.10497,0.31,0.01,100,0.5,0.0,,,-0.03,0.00575,-0.00077,-0.00193,0.00043,-0.00669,0.14077
1903,1948672,16.15958,482.33333,0.33333,0.55,0.57719,-0.00131,0.070987,0.001961,0.16992,0.024033,0.857894,-9.296384,23.271561,-9.528738,23.768446,4.0,0.00010524,3,396,0.09727,0.11302,0.32,0.01,100,1.0,0.5,,,-0.03,0.00773,-0.00013,-0.00179,-0.00262,-0.00704,0.15547
1904,1949696,-8.99203,323.0,0.0,0.54,0.548642,-0.001549,0.013536,0.000708,0.251761,0.003433,0.956713,-14.304615,20.675594,-15.799891,19.587303,4.0,0.00010513,1,433,0.10582,0.12523,0.32,0.01,100,1.0,1.0,,,-0.03,0.00543,-0.00089,-0.00214,-0.00872,-0.00761,-0.00531
1905,1950720,-7.81299,600.0,0.0,0.53,0.631324,-0.003084,0.007194,0.001692,0.300673,0.019989,0.980861,-12.965011,20.976564,-14.600995,20.397879,4.0,0.00010503,2,390,0.09501,0.1225,0.34,0.01,100,1.0,1.0,,,-0.03,0.00486,-0.00066,-0.00495,-0.00616,-0.01071,0.0
1906,1951744,-9.3257,525.66667,0.0,0.51,0.527872,-0.001351,0.013513,0.001153,0.201938,0.010651,0.951177,-16.782867,19.651863,-17.769976,18.653061,4.0,0.00010493,3,414,0.09026,0.11767,0.36,0.01,100,1.0,1.0,,,-0.03,0.00711,0.00037,-0.00299,-0.00557,-0.00959,-0.00504
1907,1952768,28.31736,328.0,0.5,0.51,0.576464,-0.000828,0.099602,0.000889,0.333506,0.005188,0.781996,-11.943853,19.926958,-9.946629,22.8167,4.0,0.00010483,4,357,0.07745,0.10295,0.35,0.01,100,1.0,0.81818,,,-0.03,0.00611,1e-05,-0.001,-0.00115,-0.01087,0.29761
1908,1953792,42.96373,274.66667,0.66667,0.51,0.758237,-0.00195,0.059682,0.000687,0.329873,0.004303,0.868604,-4.849746,20.51075,-3.601361,23.897829,4.0,0.00010472,3,380,0.07339,0.08514,0.35,0.01,100,0.66667,1.0,,,-0.03,0.00289,-0.00017,-0.00082,0.00799,-0.01083,0.24357
1909,1954816,30.05918,361.5,0.5,0.52,0.740098,-0.001547,0.033019,0.001007,0.252085,0.00592,0.924564,-8.584535,20.93854,-9.393597,22.763813,4.0,0.00010462,2,393,0.08272,0.09622,0.35,0.01,100,1.0,1.0,,,-0.03,0.00707,-0.00014,-0.00232,-0.0004,-0.01939,0.13332
1910,1955840,-10.75517,456.0,0.0,0.5,0.631739,-0.002007,0.011645,0.001737,0.263801,0.024124,0.971201,-17.238985,22.911657,-18.757366,22.048267,4.0,0.00010452,2,409,0.07521,0.08648,0.36,0.01,100,0.5,1.0,,,-0.03,0.00465,-6e-05,-0.00017,-0.00241,-0.01822,-0.0044
1911,1956864,18.40678,332.0,0.33333,0.49,0.803291,-0.001428,0.034487,0.00108,0.204036,0.007874,0.935387,-13.2962,22.998533,-13.213874,25.012783,4.0,0.00010442,3,358,0.06867,0.0839,0.36,0.01,100,0.66667,0.66667,,,-0.03,0.00533,0.00043,-0.00289,0.00195,-0.02672,0.11514
1912,1957888,-18.17824,482.66667,0.0,0.46,0.756439,-0.001907,0.012087,0.001348,0.314273,0.010483,0.966556,-10.272398,22.756132,-11.875975,22.092928,4.0,0.00010431,3,378,0.07611,0.09662,0.38,0.01,100,1.0,0.85714,,,-0.03,0.00482,0.00022,-0.00242,-0.00413,-0.01436,-0.00345
1913,1958912,46.25113,311.25,0.75,0.47,0.738285,-0.000775,0.155515,0.00083,0.552533,0.003983,0.690847,-9.136934,20.673759,-6.019087,24.091925,4.0,0.00010421,4,379,0.07224,0.09592,0.37,0.01,100,1.0,0.8,,,-0.03,0.0031,-0.00027,-0.00337,-0.0001,-0.01547,0.36795
1914,1959936,9.07492,333.75,0.25,0.45,0.759304,-0.002312,0.042049,0.001742,0.245814,0.021362,0.864103,-2.974735,17.52442,-2.932894,18.685926,4.0,0.00010411,4,365,0.07823,0.10649,0.37,0.01,100,1.0,1.0,,,-0.03,0.00512,-0.00018,-0.00095,0.00172,-0.00993,0.11708
1915,1960960,67.55658,167.0,1.0,0.46,0.725971,-0.000925,0.104665,0.000814,0.358483,0.006073,0.754879,-1.749276,18.186428,0.431396,22.111162,4.0,0.00010401,3,353,0.07515,0.09924,0.37,0.01,100,0.66667,0.0,,,-0.03,0.00525,0.00019,-0.00097,0.00882,-0.00965,0.37397
1916,1961984,51.41823,269.2,0.8,0.48,0.82842,-0.001129,0.130201,0.001277,0.448493,0.011688,0.729127,1.153964,19.86697,3.856977,23.495855,4.0,0.0001039,5,350,0.06937,0.09231,0.36,0.01,100,0.6,1.0,,,-0.03,0.00605,0.00054,-0.00436,0.00135,-0.01692,0.43199
1917,1963008,36.73141,314.66667,0.66667,0.49,0.75019,-0.001995,0.097639,0.001644,0.341604,0.014343,0.697829,2.731226,19.080595,4.0508,19.831711,4.0,0.0001038,3,384,0.07724,0.10105,0.35,0.01,100,1.0,0.875,,,-0.03,0.00699,-0.00033,0.00018,-0.00516,-0.01157,0.24498
1918,1964032,42.63212,298.66667,0.66667,0.49,0.631275,-0.00171,0.049623,0.001139,0.267182,0.009796,0.826581,6.076186,15.923941,7.113867,19.101578,4.0,0.0001037,3,390,0.07283,0.09423,0.35,0.01,100,0.66667,1.0,,,-0.03,0.00593,0.0008,-8e-05,0.00192,-0.00935,0.28672
1919,1965056,46.51538,251.75,0.75,0.48,0.761763,-0.001444,0.085275,0.001083,0.496726,0.009094,0.804188,6.31525,18.467972,9.412377,22.014467,4.0,0.0001036,4,359,0.06931,0.09189,0.35,0.01,100,0.75,0.66667,,,-0.03,0.00297,0.00017,-0.00159,0.00486,-0.0133,0.34867
1920,1966080,45.52423,236.71429,0.71429,0.47,0.778452,-0.00086,0.058543,0.001172,0.661473,0.009781,0.924074,9.243736,26.69626,13.207442,30.867306,4.0,0.00010349,7,360,0.06354,0.08603,0.36,0.01,100,0.85714,0.33333,,,-0.03,0.00362,0.00064,-0.00084,0.00774,-0.0154,0.55862
1921,1967104,53.51718,216.2,0.8,0.49,1.027398,-0.001879,0.042626,0.001397,0.502669,0.00943,0.826949,30.129053,14.860338,33.732449,16.231411,4.0,0.00010339,5,320,0.06564,0.09275,0.36,0.01,100,1.0,0.0,,,-0.03,0.00395,0.00087,-0.00208,0.0064,-0.01539,0.34086
1922,1968128,67.97282,141.5,1.0,0.53,0.882736,-0.001241,0.046733,0.001066,0.293554,0.004044,0.818593,31.464859,15.45116,33.148716,17.622778,4.0,0.00010329,6,335,0.07151,0.0954,0.33,0.01,100,0.5,1.0,,,-0.03,0.00205,-0.00043,-0.00106,0.00372,-0.01482,0.61886
1923,1969152,62.46995,251.25,1.0,0.54,0.66259,-0.000873,0.09306,0.000775,0.429193,0.002213,0.691578,25.653038,17.917044,28.215496,18.956259,4.0,0.00010319,4,388,0.07826,0.10959,0.32,0.01,100,0.5,1.0,,,-0.03,0.00672,0.00099,-0.00604,0.00197,-0.01106,0.53021
1924,1970176,55.11118,170.83333,0.83333,0.58,0.668842,-0.001809,0.053881,0.00196,0.273246,0.020416,0.893842,24.975664,21.734079,26.785343,24.527458,4.0,0.00010308,6,324,0.06316,0.09354,0.28,0.01,100,0.83333,1.0,,,-0.03,0.00544,0.00069,-0.00436,0.00506,-0.01214,0.62045
1925,1971200,38.86793,253.6,0.6,0.57,0.882621,-0.001628,0.025429,0.000702,0.271765,0.004852,0.957082,36.553818,26.060152,38.205315,27.301794,4.0,0.00010298,5,298,0.07124,0.09237,0.28,0.01,100,0.8,0.5,,,-0.03,0.00337,0.00079,-0.00048,0.00979,-0.01237,0.30642
1926,1972224,65.8443,187.66667,1.0,0.63,0.940918,-0.001422,0.041943,0.00182,0.442715,0.013596,0.612631,46.453796,11.632728,49.472786,11.10868,4.0,0.00010288,6,99,0.06652,0.09336,0.23,0.01,100,0.83333,1.0,,,-0.03,0.00436,0.00109,-0.00134,0.00457,-0.01344,0.53043
1927,1973248,67.629,151.33333,1.0,0.65,0.895112,-0.001357,0.025145,0.000945,0.248665,0.005798,0.884499,47.072998,14.801751,48.316986,15.964122,4.0,0.00010278,6,127,0.0676,0.09067,0.22,0.01,100,1.0,0.5,,,-0.03,0.00331,0.00069,-0.00129,0.00355,-0.01405,0.57371
1928,1974272,68.5333,140.66667,1.0,0.67,0.589752,-0.001472,0.029103,0.001445,0.354783,0.012939,0.927064,40.178986,21.095854,38.162846,21.418079,4.0,0.00010268,3,143,0.07716,0.10549,0.2,0.01,100,0.66667,0.0,,,-0.03,0.0032,0.00122,-0.00051,-0.0058,-0.00928,0.45837
1929,1975296,70.05567,106.0,1.0,0.68,0.386796,-0.002123,0.012408,0.001331,0.463458,0.018967,0.976233,19.608335,24.395594,17.199123,24.937563,4.0,0.00010257,1,160,0.06614,0.08147,0.19,0.01,100,1.0,0.0,,,-0.03,0.00475,0.0002,-0.00138,0.00401,-0.00855,0.23155
1930,1976320,-6.51735,600.0,0.0,0.67,0.402331,-0.002766,0.006134,0.002119,0.375432,0.031586,0.989379,3.136048,27.708616,1.341934,28.370716,4.0,0.00010247,1,96,0.05866,0.07275,0.2,0.01,100,1.0,0.8,,,-0.03,0.00539,0.00085,-0.00174,0.00895,-0.00856,0.0
1931,1977344,18.09675,443.66667,0.33333,0.68,0.500699,-0.001756,0.005212,0.001224,0.280841,0.014618,0.994304,-1.493366,35.237453,-2.738111,35.513206,4.0,0.00010237,3,241,0.05889,0.06852,0.2,0.01,100,0.66667,1.0,,,-0.03,0.00491,-0.00024,-0.00581,0.00449,-0.017,0.17906
1932,1978368,22.17134,417.4,0.4,0.69,0.733913,-0.001952,0.019425,0.001704,0.214577,0.017624,0.984058,19.545984,37.27776,18.709185,37.819405,4.0,0.00010227,5,272,0.0701,0.0909,0.2,0.01,100,0.8,0.5,,,-0.03,0.00577,0.00014,-0.00253,-0.00139,-0.01737,0.23867
1933,1979392,15.37829,350.66667,0.33333,0.69,0.709688,-0.001721,0.026954,0.001943,0.412593,0.02388,0.956762,28.537037,26.412724,25.787218,26.27762,4.0,0.00010216,3,355,0.08159,0.10799,0.2,0.01,100,1.0,0.66667,,,-0.03,0.00653,-0.0,0.00042,-0.00561,-0.00817,0.12715
1934,1980416,27.44416,296.5,0.5,0.68,0.76257,-0.001028,0.046366,0.002023,0.203555,0.018051,0.920794,26.866592,25.212324,25.777164,25.962618,4.0,0.00010206,4,353,0.07441,0.09291,0.2,0.01,100,0.75,0.75,,,-0.03,0.00543,0.00081,-0.00222,0.00263,-0.01256,0.22696
1935,1981440,66.72093,168.16667,1.0,0.73,0.843635,-0.0009,0.053099,0.0006,0.417755,0.00145,0.919234,27.534767,27.045818,29.50168,29.329,4.0,0.00010196,6,351,0.07157,0.09383,0.17,0.01,100,0.33333,0.8,,,-0.03,0.00575,0.00024,0.00023,0.00533,-0.01392,0.65213
1936,1982464,42.95531,301.0,0.66667,0.75,0.777986,-0.001491,0.021153,0.001994,0.260213,0.01886,0.979322,23.153671,33.981747,22.01078,34.45689,4.0,0.00010186,3,363,0.07356,0.09677,0.16,0.01,100,0.66667,1.0,,,-0.03,0.00442,-0.00028,-0.00124,0.00042,-0.01123,0.23609
1937,1983488,47.22067,288.0,0.75,0.75,0.689353,-0.001564,0.032129,0.001819,0.245901,0.01651,0.933956,27.546194,22.654226,26.124084,23.860088,4.0,0.00010175,4,354,0.07555,0.10436,0.16,0.01,100,0.5,1.0,,,-0.03,0.0042,0.00074,-0.00111,-0.00315,-0.01534,0.38962
1938,1984512,-7.56267,251.0,0.0,0.74,0.584624,-0.001893,0.014911,0.001399,0.410721,0.013596,0.974678,19.02421,25.607311,16.544502,25.907623,4.0,0.00010165,1,396,0.0804,0.0999,0.16,0.01,100,1.0,1.0,,,-0.03,0.00449,-6e-05,0.00106,0.00293,-0.01012,-0.00446
1939,1985536,64.23262,198.66667,1.0,0.77,0.491265,-0.001083,0.034456,0.001081,0.183407,0.010345,0.962096,-0.098213,31.158659,-0.25642,33.495537,4.0,0.00010155,3,326,0.07242,0.08656,0.15,0.01,100,0.33333,1.0,,,-0.03,0.00565,-5e-05,-0.00227,-0.00103,-0.01069,0.51907
1940,1986560,18.57607,440.66667,0.33333,0.75,0.54511,-0.001358,0.016739,0.001281,0.23462,0.012817,0.987069,3.051529,38.441536,1.947065,38.942863,4.0,0.00010145,3,277,0.07304,0.09647,0.17,0.01,100,0.66667,1.0,,,-0.03,0.00316,0.00045,-0.00192,0.00223,-0.01002,0.16022
1941,1987584,16.67732,465.0,0.33333,0.73,0.561444,-0.001507,0.025536,0.001214,0.339342,0.010162,0.979903,4.428919,39.295586,2.338314,38.775307,4.0,0.00010134,3,389,0.07214,0.09011,0.19,0.01,100,0.66667,1.0,,,-0.03,0.00403,0.00024,-0.00088,-0.00047,-0.01696,0.15815
1942,1988608,15.28592,416.33333,0.33333,0.73,0.62534,-0.001567,0.033045,0.001645,0.277575,0.018509,0.943711,14.571233,26.78454,13.219692,26.638636,4.0,0.00010124,3,393,0.07919,0.10059,0.19,0.01,100,0.66667,0.6,,,-0.03,0.00503,0.00021,-0.00472,0.0002,-0.01482,0.13447
1943,1989632,29.48956,243.5,0.5,0.72,0.563266,-0.001069,0.01945,0.001269,0.254171,0.012802,0.975178,3.313288,30.661596,2.317554,31.080002,4.0,0.00010114,2,423,0.08811,0.09992,0.19,0.01,100,0.5,1.0,,,-0.03,0.00505,-0.00087,0.00069,0.00594,-0.00908,0.17374
1944,1990656,46.01163,316.5,0.75,0.73,0.67399,-0.000913,0.053544,0.001501,0.321815,0.008331,0.948819,-0.099079,35.487064,0.910987,37.289555,4.0,0.00010104,4,389,0.08349,0.10618,0.19,0.0,100,0.25,1.0,,,-0.03,0.00542,-0.00023,-0.00016,0.00283,-0.00928,0.40626
1945,1991680,47.75716,287.75,0.75,0.72,0.789098,-0.001159,0.04096,0.000682,0.279749,0.002335,0.961737,16.78875,35.305592,17.993866,36.656261,4.0,0.00010093,4,361,0.07719,0.09568,0.2,0.0,100,1.0,1.0,,,-0.03,0.00497,-0.00056,-0.00126,0.00542,-0.01093,0.35259
1946,1992704,37.34764,334.8,0.6,0.72,0.943002,-0.001623,0.026461,0.001899,0.194522,0.01828,0.960083,28.19029,26.953247,28.442719,28.159849,4.0,0.00010083,5,344,0.07586,0.09641,0.21,0.0,100,0.6,0.5,,,-0.03,0.00391,0.00019,-0.00089,0.00311,-0.01541,0.29693
1947,1993728,67.90373,144.0,1.0,0.72,0.716229,-0.001785,0.02651,0.001636,0.432074,0.013107,0.938372,25.013763,21.007471,22.478718,22.125933,4.0,0.00010073,1,389,0.08238,0.09681,0.21,0.0,100,1.0,0.0,,,-0.03,0.00324,-0.00014,0.00126,-0.00152,-0.00415,0.13349
1948,1994752,37.51063,399.33333,0.66667,0.72,0.637845,-0.000747,0.055354,0.000652,0.299356,0.005035,0.922195,5.733915,27.97534,3.808654,28.56513,4.0,0.00010063,3,396,0.07759,0.09345,0.21,0.0,100,1.0,0.0,,,-0.03,0.00717,0.00051,0.00012,-0.00404,-0.00804,0.28209
1949,1995776,64.6669,241.0,1.0,0.72,0.582051,-0.001398,0.033073,0.00108,0.277251,0.009979,0.962204,0.898441,30.923685,-0.682231,31.557468,4.0,0.00010052,2,391,0.08394,0.10437,0.21,0.0,100,0.5,0.0,,,-0.03,0.00517,0.00064,-0.00093,-0.00475,-0.00747,0.31223
1950,1996800,-8.00217,600.0,0.0,0.7,0.374592,-0.001222,0.010635,0.000749,0.394421,0.007156,0.981941,-16.460165,28.030933,-18.884571,26.863651,4.0,0.00010042,2,443,0.0998,0.11228,0.23,0.0,100,0.5,1.0,,,-0.03,0.0057,-0.00075,0.00017,-0.0053,-0.00506,0.0
1951,1997824,39.47772,390.0,0.66667,0.69,0.65578,-0.00042,0.066838,0.001125,0.150118,0.006973,0.930908,-6.787642,32.301323,-6.871697,33.565388,4.0,0.00010032,3,392,0.08176,0.09785,0.24,0.0,100,1.0,0.5,,,-0.03,0.00426,-0.00034,-0.00269,0.00373,-0.00906,0.28088
1952,1998848,-6.92784,600.0,0.0,0.68,0.595166,-0.002056,0.007416,0.001005,0.253655,0.009338,0.991971,-4.044875,33.471909,-5.312314,33.366665,4.0,0.00010022,1,402,0.09091,0.10349,0.25,0.0,100,0.0,0.0,,,-0.03,0.00601,0.00034,-0.00135,0.00743,-0.00337,0.0
1953,1999872,29.18832,407.0,0.5,0.65,0.702113,-0.001088,0.065671,0.001778,0.279255,0.014786,0.938913,-5.497169,34.426826,-4.405495,36.420406,4.0,0.00010012,6,373,0.08789,0.11123,0.28,0.0,100,0.33333,0.8,,,-0.03,0.00544,9e-05,-0.00345,0.0009,-0.01281,0.39986
1954,2000896,61.46057,318.0,1.0,0.66,0.82535,-0.001296,0.033332,0.001588,0.318213,0.014542,0.932621,14.032009,24.409122,11.825142,23.923529,4.0,0.00010001,1,368,0.10045,0.12527,0.28,0.0,100,0.0,0.0,,,-0.03,0.00311,0.00023,0.00017,-0.00544,-0.00382,0.11478
1955,2001920,39.18089,377.33333,0.66667,0.65,0.604434,-0.001281,0.091723,0.002042,0.237129,0.026199,0.843717,-2.871278,25.120962,-3.992402,26.540333,4.0,9.991e-05,3,406,0.10843,0.12374,0.29,0.0,100,1.0,0.0,,,-0.03,0.00287,-0.00083,-0.00146,-0.00036,-0.00863,0.31718
1956,2002944,66.88775,141.5,1.0,0.66,0.681768,-0.002494,0.032702,0.001329,0.217846,0.012665,0.955593,-10.50174,28.094322,-10.269352,30.815151,4.0,9.981e-05,2,389,0.09183,0.10448,0.29,0.0,100,0.5,1.0,,,-0.03,0.0036,0.0001,-0.00026,0.00401,-0.01009,0.30256
1957,2003968,66.61567,190.0,1.0,0.67,0.542689,-0.001542,0.020936,0.001367,0.174376,0.016541,0.978505,-21.089077,33.331409,-21.358418,34.214252,4.0,9.971e-05,1,410,0.10053,0.11073,0.28,0.0,100,1.0,0.0,,,-0.03,0.00422,-0.00045,-0.00023,0.00329,-0.00358,0.18274
1958,2004992,2.69893,562.16667,0.16667,0.62,0.844712,-0.000818,0.070429,0.000931,0.191889,0.00264,0.92213,-4.514115,33.266415,-4.134217,33.164093,4.0,9.96e-05,6,363,0.09116,0.11977,0.33,0.0,100,0.66667,0.90909,,,-0.03,0.00383,0.00029,-0.00716,-0.00463,-0.011,0.10984
1959,2006016,nan,nan,0.0,0.62,0.721446,-0.001708,0.027102,0.001355,0.421483,0.011353,0.892745,6.067139,18.261869,2.965913,17.385794,4.0,9.95e-05,0,379,0.11592,0.14048,0.33,0.0,100,0.0,0.0,,,-0.03,0.0053,-0.00025,-0.00077,-0.00249,-0.00031,0.0
1960,2007040,62.81054,265.0,1.0,0.62,0.522413,-0.000682,0.059203,0.000896,0.244048,0.007812,0.854521,-14.271358,21.007835,-15.342228,22.01615,4.0,9.94e-05,1,423,0.13547,0.14376,0.33,0.0,100,1.0,1.0,,,-0.03,0.00437,-0.00204,0.00077,0.00284,-0.00268,0.18219
1961,2008064,42.88629,414.25,0.75,0.61,0.735142,-0.001009,0.173357,0.001233,0.633738,0.005569,0.754162,-13.317333,28.160591,-10.348869,29.871071,4.0,9.93e-05,4,372,0.10433,0.12799,0.34,0.0,100,1.0,1.0,,,-0.03,0.00438,-0.0005,-0.00354,-0.00022,-0.00913,0.38719
1962,2009088,25.36036,475.0,0.5,0.6,0.655543,-0.001051,0.037506,0.001018,0.216951,0.007248,0.942233,-7.862221,28.523281,-7.620394,29.280918,4.0,9.919e-05,2,399,0.11662,0.13078,0.35,0.0,100,0.5,0.6,,,-0.03,0.00521,-0.00072,-0.00222,-0.00205,-0.00528,0.14783
1963,2010112,30.11065,365.5,0.5,0.58,0.8933,-0.001924,0.058619,0.001284,0.202897,0.00946,0.840697,2.525023,18.559151,3.156875,21.642879,4.0,9.909e-05,4,359,0.09941,0.12515,0.37,0.0,100,1.0,1.0,,,-0.03,0.00407,0.00014,-0.00501,0.00258,-0.00833,0.23547
1964,2011136,61.28461,300.0,1.0,0.59,0.745573,-0.000302,0.085363,0.001117,0.16958,0.007675,0.822993,-4.357097,22.087862,-3.971565,24.209011,4.0,9.899e-05,2,343,0.10326,0.12949,0.36,0.0,100,1.0,1.0,,,-0.03,0.00526,-0.00013,-0.0018,-0.00656,-0.00903,0.26356
1965,2012160,-10.21324,600.0,0.0,0.58,0.52087,-0.001236,0.01314,0.00057,0.248769,0.004028,0.978988,-13.342491,27.588879,-14.585306,27.818592,4.0,9.889e-05,1,430,0.10814,0.11934,0.37,0.0,100,1.0,0.0,,,-0.03,0.00576,-0.00088,0.00182,0.00318,-0.00844,0.0
1966,2013184,19.88746,398.6,0.4,0.59,0.871589,-0.001064,0.062454,0.001239,0.276139,0.006439,0.89187,-1.686183,24.796242,-0.074316,26.383921,4.0,9.878e-05,5,356,0.08181,0.1083,0.35,0.0,100,1.0,0.66667,,,-0.03,0.00614,0.00052,-0.00484,0.0017,-0.01086,0.21473
1967,2014208,49.40707,254.0,0.75,0.6,0.78281,-0.001999,0.067779,0.001658,0.238501,0.018051,0.913953,-0.201224,28.227695,1.032775,31.230566,4.0,9.868e-05,4,373,0.09465,0.11349,0.34,0.0,100,0.75,0.0,,,-0.03,0.00631,-0.00024,-0.00342,0.00229,-0.00884,0.38899
1968,2015232,15.52754,368.66667,0.33333,0.6,0.673726,-0.001406,0.039854,0.000956,0.204453,0.007874,0.93077,-3.066341,25.831085,-4.003043,26.543579,4.0,9.858e-05,3,365,0.09746,0.12387,0.35,0.0,100,1.0,1.0,,,-0.03,0.00582,0.00038,-0.00338,-0.00506,-0.01041,0.13704
1969,2016256,68.44418,138.0,1.0,0.6,0.613105,-0.001936,0.026926,0.001364,0.23404,0.013916,0.957365,-7.263709,26.805357,-8.185852,27.9503,4.0,9.848e-05,1,409,0.10068,0.12234,0.35,0.0,100,0.0,0.0,,,-0.03,0.00393,0.00048,-0.00233,0.00277,-0.00312,0.16279
1970,2017280,34.93292,390.0,0.6,0.59,0.671036,-0.000428,0.111766,0.001394,0.524208,0.013794,0.874638,-10.680538,30.233721,-7.763095,33.313061,4.0,9.837e-05,5,397,0.10115,0.12586,0.36,0.0,100,0.8,0.66667,,,-0.03,0.00446,-0.00031,-0.00342,0.00375,-0.01591,0.42438
1971,2018304,66.75848,167.4,1.0,0.6,0.894971,-0.001179,0.076525,0.001041,0.622728,0.007416,0.926353,3.899749,32.29871,7.910909,36.304985,4.0,9.827e-05,5,353,0.09103,0.11369,0.35,0.0,100,0.8,0.0,,,-0.03,0.00591,0.00066,-0.00122,0.00313,-0.00839,0.55332
1972,2019328,17.82404,447.33333,0.33333,0.59,0.936141,-0.001608,0.031059,0.001144,0.302971,0.008713,0.914805,16.985027,19.707169,17.171387,21.259529,4.0,9.817e-05,3,342,0.09197,0.11992,0.36,0.0,100,1.0,1.0,,,-0.03,0.00526,0.00127,-0.00589,0.00172,-0.00896,0.1073
1973,2020352,65.19134,199.0,1.0,0.6,0.620963,-0.001623,0.051478,0.00178,0.266816,0.020462,0.917932,6.793921,25.84083,5.812784,27.810989,4.0,9.807e-05,2,393,0.10718,0.13404,0.36,0.0,100,1.0,1.0,,,-0.03,0.00436,-6e-05,-0.00336,-0.00598,-0.0061,0.3053
1974,2021376,63.55551,233.0,1.0,0.6,0.432911,-0.000711,0.050275,0.000457,0.250459,0.001968,0.944784,-13.619823,32.879807,-15.032657,33.76878,4.0,9.796e-05,1,442,0.12028,0.13605,0.36,0.0,100,1.0,0.0,,,-0.03,0.00418,-0.00118,0.00151,-0.00206,-0.00289,0.21635
1975,2022400,29.14259,398.0,0.5,0.59,0.546392,-0.000858,0.04827,0.000728,0.177722,0.003265,0.96301,-22.074104,37.933498,-21.331387,40.613716,4.0,9.786e-05,4,409,0.09209,0.1175,0.37,0.0,100,1.0,1.0,,,-0.03,0.00397,-0.00051,-0.00239,0.00393,-0.01157,0.34289
1976,2023424,21.92935,421.8,0.4,0.6,0.695337,-0.001301,0.021871,0.001236,0.187833,0.007935,0.986346,-6.06375,43.864895,-5.445618,45.43454,4.0,9.776e-05,5,370,0.08185,0.10933,0.36,0.0,100,0.8,0.66667,,,-0.03,0.004,0.00093,-0.00407,0.0019,-0.01149,0.26615
1977,2024448,-7.49569,600.0,0.0,0.59,0.617854,-0.001332,0.026001,0.001216,0.38118,0.012665,0.967558,13.150035,31.298952,10.513319,30.908155,4.0,9.766e-05,1,399,0.10301,0.13251,0.37,0.0,100,1.0,0.0,,,-0.03,0.00487,0.00047,-0.00242,-0.01225,-0.00446,0.0
1978,2025472,nan,nan,0.0,0.59,0.427542,-0.001223,0.014076,0.001268,0.584822,0.013275,0.974561,-5.601433,25.031031,-9.660715,24.186266,4.0,9.756e-05,0,443,0.10577,0.11869,0.37,0.0,100,0.0,0.0,,,-0.03,0.00638,-0.00034,0.00092,-0.00586,-0.00343,0.0
1979,2026496,nan,nan,0.0,0.59,0.323785,-0.001795,0.005103,0.001014,0.350962,0.014893,0.985079,-37.810329,22.386688,-40.112198,21.204668,4.0,9.745e-05,0,475,0.08923,0.09235,0.37,0.0,100,0.0,0.0,,,-0.03,0.00758,-0.00118,0.00398,0.00331,-0.00148,0.0
1980,2027520,-8.67305,600.0,0.0,0.58,0.436285,-0.002546,0.001751,0.001533,0.189894,0.019394,0.996968,-44.869431,30.384466,-45.658615,30.087812,4.0,9.735e-05,2,439,0.08707,0.10456,0.39,0.0,100,1.0,1.0,,,-0.03,0.0056,-0.00036,-0.00147,-0.00444,-0.00702,0.0
1981,2028544,-7.46301,600.0,0.0,0.55,0.75469,-0.001908,0.009226,0.001664,0.294349,0.01207,0.989894,-14.014407,37.207119,-15.750288,36.524185,4.0,9.725e-05,5,359,0.08558,0.1087,0.43,0.0,100,1.0,0.75,,,-0.03,0.00342,0.00053,-0.00369,-0.0039,-0.01493,0.0
1982,2029568,27.77635,405.0,0.5,0.55,0.628017,-0.001066,0.059342,0.001496,0.258945,0.018448,0.891111,-11.10467,26.15696,-12.909812,26.788548,4.0,9.715e-05,2,397,0.11228,0.14111,0.43,0.0,100,1.0,0.0,,,-0.03,0.00553,-0.00035,-0.00216,-0.00716,-0.011,0.16322
1983,2030592,40.01621,300.33333,0.66667,0.54,0.556425,-0.000943,0.132669,0.000985,0.339194,0.006989,0.810554,-24.099022,28.025557,-22.048698,29.982738,4.0,9.704e-05,3,405,0.08379,0.10493,0.43,0.0,100,1.0,0.0,,,-0.03,0.00408,0.00043,-0.0022,-0.00283,-0.0096,0.33554
1984,2031616,-7.07054,600.0,0.0,0.54,0.541679,-0.00197,0.014875,0.001302,0.278286,0.012054,0.977786,-23.674143,30.176029,-25.235806,29.065849,4.0,9.694e-05,1,413,0.10013,0.12512,0.43,0.0,100,1.0,0.0,,,-0.03,0.00549,0.00083,-0.00411,-0.00509,-0.00351,0.0
1985,2032640,22.92051,418.25,0.5,0.53,0.582811,-0.000524,0.18723,0.00105,0.520412,0.006851,0.647444,-20.672573,27.024582,-16.698185,26.416941,4.0,9.684e-05,4,392,0.09279,0.11768,0.42,0.0,100,1.0,0.66667,,,-0.03,0.005,0.00052,-0.00526,0.00253,-0.00987,0.28837
1986,2033664,30.59271,358.5,0.5,0.52,0.709255,-0.00176,0.046547,0.000795,0.158863,0.006119,0.866997,-7.610536,19.540117,-7.906075,20.975651,4.0,9.674e-05,2,387,0.09717,0.121,0.43,0.0,100,0.5,1.0,,,-0.03,0.00528,2e-05,-0.0061,-0.00448,-0.00562,0.14082
1987,2034688,nan,nan,0.0,0.52,0.437654,-0.00159,0.011349,0.001054,0.311261,0.011612,0.931792,-20.472921,16.817255,-22.43442,15.272566,4.0,9.663e-05,0,448,0.13538,0.15033,0.43,0.0,100,0.0,0.0,,,-0.03,0.00621,-0.00138,0.00071,-0.00706,-0.00114,0.0
1988,2035712,-7.89395,439.5,0.0,0.5,0.542036,-0.000689,0.013231,0.000624,0.164774,0.003571,0.944314,-23.059349,17.801704,-22.479542,17.946787,4.0,9.653e-05,4,419,0.10764,0.12456,0.43,0.0,100,1.0,1.0,,,-0.03,0.00516,-0.00095,-0.00282,0.00228,-0.01105,-0.00984
1989,2036736,43.271,280.33333,0.66667,0.51,0.733971,-0.002115,0.058493,0.001277,0.317129,0.008469,0.871473,-16.656528,21.286116,-15.194008,25.158203,4.0,9.643e-05,3,377,0.09523,0.11998,0.42,0.0,100,1.0,0.0,,,-0.03,0.00405,0.00013,-0.00565,0.00224,-0.00768,0.27398
1990,2037760,-8.39877,528.5,0.0,0.48,0.747419,-0.001319,0.021913,0.000817,0.185207,0.002274,0.931279,-6.119862,20.886013,-6.527461,20.308784,4.0,9.633e-05,4,381,0.09234,0.12034,0.44,0.0,100,0.75,1.0,,,-0.03,0.00472,0.00039,-0.00274,0.00084,-0.00856,-0.00366
1991,2038784,65.4585,191.0,1.0,0.48,0.738095,-0.001543,0.033758,0.00126,0.171604,0.010269,0.875612,-4.711306,17.097467,-4.963329,18.614471,4.0,9.622e-05,1,396,0.10033,0.12441,0.44,0.0,100,0.0,0.0,,,-0.03,0.00423,0.00022,-0.00254,0.00188,-0.00933,0.1359
1992,2039808,66.09925,187.0,1.0,0.5,0.630449,-0.00136,0.049051,0.002288,0.171621,0.029266,0.853455,-14.063224,18.439533,-13.910439,21.10445,4.0,9.612e-05,2,411,0.10837,0.12588,0.42,0.0,100,0.5,1.0,,,-0.03,0.00355,-0.0006,-0.00323,-0.00078,-0.01397,0.31644
1993,2040832,-18.50972,600.0,0.0,0.5,0.497569,-0.001035,0.005408,0.000709,0.253463,0.003006,0.977216,-24.115555,18.673277,-25.681273,17.727417,4.0,9.602e-05,1,431,0.12563,0.13921,0.42,0.0,100,0.0,0.0,,,-0.03,0.0048,-0.00152,-0.00022,-0.00306,-0.00728,0.0
1994,2041856,-7.93327,600.0,0.0,0.47,0.677536,-0.002299,0.006709,0.001322,0.20026,0.012344,0.974495,-20.443676,18.526737,-21.199677,18.374578,4.0,9.592e-05,4,397,0.10694,0.13024,0.45,0.0,100,0.75,0.0,,,-0.03,0.00374,-0.00069,-0.00251,-0.00239,-0.0081,0.0
1995,2042880,40.76097,326.33333,0.66667,0.46,0.745147,-0.001185,0.074684,0.00091,0.309685,0.004807,0.820899,-13.437603,20.2157,-11.872769,23.614372,4.0,9.581e-05,3,382,0.09795,0.12946,0.46,0.0,100,0.66667,0.0,,,-0.03,0.00379,0.00074,-0.00346,0.00271,-0.00821,0.2596
1996,2043904,29.17877,359.75,0.5,0.48,0.702324,-0.001623,0.058378,0.001268,0.203575,0.012955,0.841671,-11.626789,19.986824,-10.67785,22.09264,4.0,9.571e-05,4,383,0.09253,0.1223,0.43,0.0,100,0.75,1.0,,,-0.03,0.00395,0.00052,-0.0047,-0.00275,-0.00948,0.26686
1997,2044928,64.34816,220.5,1.0,0.49,0.609987,-0.001162,0.076754,0.00115,0.483874,0.010544,0.844776,-8.781487,22.65616,-6.071811,26.036728,4.0,9.561e-05,2,393,0.08554,0.10747,0.42,0.0,100,1.0,1.0,,,-0.03,0.00479,0.00042,-0.00178,0.0069,-0.01056,0.30613
1998,2045952,-8.26382,600.0,0.0,0.48,0.62996,-0.002698,0.010532,0.001684,0.271524,0.017868,0.980078,-10.726213,28.542936,-12.10207,27.478016,4.0,9.551e-05,1,415,0.08797,0.10858,0.43,0.0,100,1.0,1.0,,,-0.03,0.00441,0.0002,-0.00268,-0.00272,-0.02764,0.0
1999,2046976,-7.5966,504.5,0.0,0.46,0.685519,-0.000995,0.020466,0.001188,0.280496,0.008652,0.942347,-11.129143,24.555613,-12.001405,23.69932,4.0,9.54e-05,2,403,0.09035,0.10735,0.44,0.0,100,1.0,1.0,,,-0.03,0.00437,-0.0005,-0.00456,-0.00043,-0.03691,-0.004
2000,2048000,30.2794,360.0,0.5,0.46,0.770223,-0.002107,0.03358,0.001653,0.296766,0.017502,0.904303,-13.480161,19.988369,-14.413744,22.253553,4.0,9.53e-05,2,384,0.0896,0.10412,0.44,0.0,100,0.5,1.0,,,-0.03,0.00658,-0.0001,-0.00374,-0.00254,-0.03435,0.12924
2001,2049024,-21.4993,481.5,0.0,0.45,0.552292,-0.000888,0.023814,0.001188,0.153102,0.010239,0.921421,-16.746542,21.173153,-16.577446,20.83596,4.0,9.52e-05,4,399,0.09699,0.12068,0.43,0.0,100,0.5,0.5,,,-0.03,0.0062,-0.00018,-0.00313,-0.00155,-0.01771,-0.00936
2002,2050048,28.59391,359.75,0.5,0.43,0.782988,-0.00214,0.047725,0.002156,0.225462,0.026596,0.879553,-4.878236,19.952028,-3.714034,23.020025,4.0,9.51e-05,4,363,0.08438,0.1162,0.45,0.0,100,0.75,1.0,,,-0.03,0.00236,0.00121,-0.00108,0.00455,-0.0104,0.23301
2003,2051072,68.27294,142.0,1.0,0.45,0.799259,-0.002039,0.060146,0.002141,0.293814,0.023895,0.89047,-3.791901,24.364491,-2.386806,27.320139,4.0,9.5e-05,3,376,0.07954,0.10751,0.43,0.0,100,1.0,0.0,,,-0.03,0.00035,0.00068,-0.00236,0.00022,-0.00727,0.36623
2004,2052096,40.5602,323.66667,0.66667,0.46,0.576401,-0.001384,0.043969,0.001015,0.216432,0.008713,0.928653,-12.240402,26.786535,-11.66689,29.604181,4.0,9.489e-05,3,411,0.09342,0.1116,0.43,0.0,100,0.66667,0.0,,,-0.03,0.00475,-3e-05,-0.00258,0.00062,-0.01241,0.31861
2005,2053120,29.99859,374.5,0.5,0.45,0.655535,-0.001511,0.031927,0.001207,0.19845,0.009735,0.950214,-5.780397,28.590094,-4.956275,30.548582,4.0,9.479e-05,2,383,0.08044,0.09573,0.44,0.0,100,0.5,1.0,,,-0.03,0.0042,0.00058,-0.0008,0.0044,-0.00834,0.13895
2006,2054144,28.51281,349.25,0.5,0.45,0.75087,-0.001006,0.050264,0.001012,0.197568,0.00589,0.932102,-4.170353,30.394947,-3.079708,31.600771,4.0,9.469e-05,4,380,0.08423,0.10808,0.43,0.0,100,1.0,0.66667,,,-0.03,0.00395,0.00053,-0.00191,0.00203,-0.01037,0.24945
2007,2055168,36.2917,343.2,0.6,0.45,0.801359,-0.00121,0.066354,0.001779,0.18019,0.012314,0.905777,4.072424,28.805674,4.680317,30.568752,4.0,9.459e-05,5,373,0.08031,0.1058,0.44,0.0,100,0.6,0.0,,,-0.03,0.00305,0.00084,-0.00329,0.00212,-0.01485,0.35316
2008,2056192,65.26064,167.5,1.0,0.46,0.656719,-0.001481,0.03989,0.000938,0.210192,0.007172,0.927773,0.987415,25.347994,0.648547,27.32519,4.0,9.448e-05,2,387,0.07088,0.09415,0.43,0.0,100,0.5,0.0,,,-0.03,0.00323,0.00101,-0.00202,-0.0004,-0.01492,0.26882
2009,2057216,28.36372,303.25,0.5,0.44,0.593933,-0.001106,0.047211,0.001429,0.260752,0.016327,0.929632,-2.358509,28.041988,-0.802536,30.401047,4.0,9.438e-05,4,385,0.07495,0.10023,0.44,0.0,100,1.0,1.0,,,-0.03,0.00282,0.00142,-0.00352,0.00442,-0.0129,0.28747
2010,2058240,39.15038,403.0,0.66667,0.45,0.635746,-0.001155,0.104353,0.001475,0.222939,0.007889,0.887413,3.868658,36.303555,4.852561,35.477417,4.0,9.428e-05,3,408,0.08401,0.09933,0.43,0.0,100,1.0,0.0,,,-0.03,0.00211,-1e-05,-0.00165,-0.00057,-0.01189,0.27201
2011,2059264,37.6218,379.33333,0.66667,0.44,0.762095,-0.001059,0.081237,0.001305,0.245928,0.012207,0.846397,4.75196,26.829941,4.030963,26.958715,4.0,9.418e-05,3,398,0.09112,0.11138,0.44,0.0,100,0.66667,0.0,,,-0.03,0.00465,2e-05,-0.00333,-0.00136,-0.00971,0.25407
2012,2060288,68.48987,118.0,1.0,0.44,0.678985,-0.001795,0.021203,0.001813,0.200704,0.014267,0.957152,-0.280094,24.407215,-0.63933,26.375341,4.0,9.407e-05,1,399,0.08234,0.09914,0.44,0.0,100,0.0,0.0,,,-0.03,0.00333,0.00017,0.00136,0.00207,-0.00642,0.13996
2013,2061312,26.79581,386.0,0.5,0.44,0.608912,-0.001473,0.018952,0.001523,0.227134,0.015228,0.974585,-7.871877,31.289473,-9.101507,31.638216,4.0,9.397e-05,2,404,0.08376,0.09747,0.44,0.0,100,1.0,1.0,,,-0.03,0.00573,-0.00013,-0.00088,0.00117,-0.00643,0.15422
2014,2062336,16.46011,443.33333,0.33333,0.43,0.62914,-0.002037,0.015889,0.000844,0.254835,0.007584,0.977183,-5.604997,31.165041,-6.200828,32.441898,4.0,9.387e-05,3,411,0.08217,0.09884,0.45,0.0,100,0.66667,1.0,,,-0.03,0.00207,-0.00029,-0.00195,0.00297,-0.01408,0.15133
2015,2063360,31.12848,357.25,0.5,0.44,0.780871,-0.001083,0.02545,0.000989,0.211238,0.004028,0.969051,0.600152,33.278748,0.766357,35.259327,4.0,9.377e-05,4,382,0.07345,0.08863,0.44,0.0,100,1.0,0.5,,,-0.03,0.00224,0.00051,-0.00275,0.00654,-0.01634,0.24428
2016,2064384,28.76787,361.5,0.5,0.45,0.802713,-0.002347,0.027614,0.00177,0.336077,0.014389,0.968428,1.050871,34.602337,-0.919517,34.560383,4.0,9.366e-05,2,386,0.07757,0.08786,0.43,0.0,100,1.0,0.0,,,-0.03,0.00567,0.00067,-0.00128,-0.00195,-0.00782,0.12643
2017,2065408,34.37234,380.8,0.6,0.48,0.821814,-0.000926,0.100943,0.000935,0.262277,0.004669,0.881327,-0.604048,32.704865,1.030375,33.972954,4.0,9.356e-05,5,362,0.07717,0.09289,0.4,0.0,100,1.0,0.0,,,-0.03,0.00367,0.00069,-0.00196,0.00449,-0.01242,0.34246
2018,2066432,61.87392,258.0,1.0,0.5,0.774289,-0.001667,0.110149,0.001881,0.269286,0.021637,0.809214,6.470188,28.302582,7.245088,28.386908,4.0,9.346e-05,3,386,0.08403,0.10261,0.38,0.0,100,0.66667,1.0,,,-0.03,0.00227,0.00056,-0.00105,0.00101,-0.0084,0.37225
2019,2067456,66.60054,173.33333,1.0,0.51,0.734619,-0.001088,0.07422,0.00126,0.278688,0.008865,0.887501,2.683937,27.96862,3.863341,30.288271,4.0,9.336e-05,3,381,0.08208,0.09812,0.38,0.0,100,1.0,1.0,,,-0.03,0.00488,0.00058,-0.0018,0.00247,-0.00856,0.38197
2020,2068480,34.76542,394.2,0.6,0.52,0.853054,-0.000861,0.101541,0.00114,0.415371,0.009018,0.805438,12.90233,27.43623,15.348204,27.473646,4.0,9.325e-05,5,353,0.07189,0.09801,0.39,0.0,100,1.0,0.0,,,-0.03,0.00273,0.00042,-0.00229,-0.00103,-0.01372,0.31396
2021,2069504,67.46681,149.0,1.0,0.53,0.685074,-0.001397,0.043312,0.001321,0.205771,0.012695,0.903419,13.601099,22.941584,12.824368,24.280115,4.0,9.315e-05,2,383,0.08245,0.10997,0.38,0.0,100,1.0,1.0,,,-0.03,0.00281,-8e-05,0.00023,-0.00662,-0.00699,0.28919
2022,2070528,20.7922,315.2,0.4,0.54,0.818816,-0.00118,0.0328,0.001272,0.164025,0.010834,0.933864,10.344909,25.104773,10.765624,26.092047,4.0,9.305e-05,5,372,0.07698,0.10275,0.37,0.0,100,1.0,0.0,,,-0.03,0.0026,0.00024,-0.001,0.00037,-0.01167,0.23539
2023,2071552,67.05904,150.0,1.0,0.54,0.783029,-0.001374,0.019325,0.001251,0.282017,0.007294,0.950479,10.633116,22.587648,9.360622,23.565641,4.0,9.295e-05,1,387,0.08385,0.10303,0.37,0.0,100,1.0,0.0,,,-0.03,0.00482,0.00095,0.0007,0.00017,-0.00506,0.1315
2024,2072576,33.15379,322.2,0.6,0.57,0.939718,-0.001194,0.083381,0.00135,0.242912,0.014282,0.728281,14.552563,20.240713,15.469714,20.53614,4.0,9.284e-05,5,329,0.07848,0.10395,0.33,0.0,100,0.8,1.0,,,-0.03,0.00233,8e-05,-0.00259,-0.00112,-0.00755,0.30291
2025,2073600,61.62137,297.5,1.0,0.58,0.738561,-0.000295,0.100594,0.000735,0.302279,0.001785,0.641016,10.456073,19.275801,12.637338,20.677763,4.0,9.274e-05,4,386,0.0892,0.11629,0.32,0.0,100,1.0,0.0,,,-0.03,0.00332,0.00046,-0.00443,0.00221,-0.0089,0.51381
2026,2074624,34.03633,254.71429,0.57143,0.6,1.001857,-0.001236,0.063977,0.000996,0.476935,0.004791,0.746308,22.571659,17.436239,26.15736,18.750465,4.0,9.264e-05,7,345,0.078,0.10618,0.27,0.0,100,0.57143,0.5,,,-0.03,0.00299,0.00084,-0.00348,0.00146,-0.01193,0.39177
2027,2075648,64.17765,219.5,1.0,0.6,0.926157,-0.002192,0.041536,0.002516,0.221879,0.030594,0.668126,23.178738,12.155533,22.320139,13.141073,4.0,9.254e-05,2,360,0.08955,0.12356,0.27,0.0,100,0.5,0.0,,,-0.03,0.0038,0.00041,-0.00158,-0.00695,-0.00549,0.22812
2028,2076672,36.50485,230.2,0.6,0.61,0.70491,-0.000587,0.047892,0.00062,0.177961,0.001633,0.767364,13.270565,14.014303,14.29786,16.470655,4.0,9.244e-05,5,369,0.08098,0.10798,0.25,0.0,100,0.8,0.5,,,-0.03,0.00476,0.00091,-0.00543,0.00066,-0.01375,0.39752
2029,2077696,47.87937,215.0,0.75,0.63,0.850041,-0.001172,0.047883,0.000972,0.217103,0.004013,0.799759,17.460693,15.636574,18.59524,17.992884,4.0,9.233e-05,4,362,0.08138,0.10954,0.23,0.0,100,1.0,1.0,,,-0.03,0.00617,0.00089,-0.00276,-0.00407,-0.01109,0.35352
2030,2078720,68.52127,134.5,1.0,0.65,0.686005,-0.001264,0.024511,0.000732,0.187951,0.003555,0.903045,16.178663,17.143732,16.74806,19.229868,4.0,9.223e-05,2,396,0.08533,0.10775,0.21,0.0,100,0.0,0.0,,,-0.03,0.00354,0.00077,0.00032,0.00605,-0.00776,0.30174
2031,2079744,27.26945,363.25,0.5,0.66,0.682329,-0.000797,0.034777,0.000666,0.215242,0.003754,0.878448,14.311367,17.628777,15.60914,19.370123,4.0,9.213e-05,4,396,0.07994,0.10374,0.21,0.0,100,1.0,0.0,,,-0.03,0.00359,0.0008,-0.00405,-0.00028,-0.00924,0.284
2032,2080768,38.49611,392.0,0.66667,0.66,0.838906,-0.001029,0.047055,0.002516,0.180922,0.027802,0.791669,21.240446,17.08503,21.856371,17.486692,4.0,9.203e-05,3,353,0.08179,0.11151,0.21,0.0,100,1.0,0.0,,,-0.03,0.00567,0.00023,-0.00229,-0.00177,-0.00821,0.22335
2033,2081792,63.3552,230.5,1.0,0.66,0.655898,-0.001368,0.039162,0.001464,0.167555,0.016327,0.851369,20.522238,17.920731,21.126564,18.720163,4.0,9.192e-05,2,415,0.08883,0.10449,0.21,0.0,100,1.0,0.0,,,-0.03,0.00704,-0.0001,0.00067,0.00464,-0.00734,0.30837
2034,2082816,28.62718,440.5,0.5,0.65,0.805274,-0.001408,0.024456,0.001824,0.198423,0.015884,0.850874,21.305996,14.581467,20.632048,14.845997,4.0,9.182e-05,2,383,0.08494,0.10907,0.22,0.0,100,1.0,0.0,,,-0.03,0.00313,0.00012,-0.00303,-0.00528,-0.00535,0.12258
2035,2083840,46.4491,305.0,0.75,0.67,0.588878,-0.001366,0.040293,0.001036,0.154332,0.007507,0.809973,15.269527,14.902109,15.490402,16.94125,4.0,9.172e-05,4,410,0.08283,0.10541,0.2,0.0,100,1.0,0.0,,,-0.03,0.00459,0.00027,-0.00336,-0.00188,-0.00815,0.4841
2036,2084864,7.07212,408.0,0.2,0.65,0.743442,-0.001678,0.015973,0.001643,0.164296,0.013809,0.926501,18.529556,16.090078,18.445326,17.2603,4.0,9.162e-05,5,366,0.08002,0.10293,0.21,0.0,100,1.0,1.0,,,-0.03,0.00414,0.0007,-0.00689,0.00374,-0.01119,0.1203
2037,2085888,66.39446,173.66667,1.0,0.66,0.814192,-0.001416,0.042596,0.001921,0.168803,0.015503,0.815685,25.502012,15.70423,25.537119,17.617842,4.0,9.151e-05,3,369,0.07913,0.10444,0.2,0.0,100,0.66667,1.0,,,-0.03,0.00259,0.00111,-0.00292,-0.00222,-0.0059,0.35186
2038,2086912,30.39706,359.0,0.5,0.65,0.5944,-0.001938,0.017835,0.001539,0.207572,0.012283,0.911328,16.423203,15.55279,15.804642,16.523027,4.0,9.141e-05,2,408,0.07975,0.10374,0.21,0.0,100,0.5,1.0,,,-0.03,0.00306,0.00025,-0.00307,-0.00449,-0.00709,0.16141
2039,2087936,28.72955,258.16667,0.5,0.64,0.855037,-0.000868,0.028791,0.000793,0.276137,0.005066,0.89381,23.156696,17.449783,24.630447,19.957033,4.0,9.131e-05,6,362,0.0739,0.09887,0.2,0.0,100,0.83333,1.0,,,-0.03,0.00309,0.00106,-0.00183,0.00736,-0.01272,0.33774
2040,2088960,28.97687,296.75,0.5,0.64,0.987046,-0.001967,0.024184,0.001476,0.231975,0.011871,0.887438,29.790508,16.229267,29.312973,17.036621,4.0,9.121e-05,4,334,0.07263,0.10101,0.19,0.0,100,0.5,0.0,,,-0.03,0.00298,0.00067,-0.00278,-0.0,-0.0118,0.20041
2041,2089984,41.18493,197.33333,0.66667,0.64,0.712129,-0.001032,0.036782,0.00161,0.187829,0.014404,0.804009,25.088017,14.723612,24.208914,15.80758,4.0,9.11e-05,3,385,0.08109,0.10933,0.18,0.0,100,0.66667,1.0,,,-0.03,0.0025,0.00064,-0.00012,-0.00596,-0.00619,0.27001
2042,2091008,63.09897,259.8,1.0,0.67,0.685755,-0.000819,0.091687,0.000571,0.445479,0.001999,0.70337,19.950968,18.459982,23.448153,20.243158,4.0,9.1e-05,5,391,0.0782,0.10497,0.15,0.0,100,1.0,0.0,,,-0.03,0.00311,0.00057,-0.00197,0.0022,-0.01022,0.67897
2043,2092032,47.19721,297.5,0.75,0.68,0.777047,-0.001444,0.034687,0.001914,0.303297,0.017395,0.866401,26.922756,16.551134,28.749599,18.33593,4.0,9.09e-05,4,343,0.07025,0.09565,0.14,0.0,100,0.5,0.0,,,-0.03,0.00248,0.00106,-0.00294,0.00503,-0.00915,0.36067
2044,2093056,66.00991,188.0,1.0,0.69,1.006416,-0.00191,0.031785,0.001029,0.321068,0.004272,0.859066,35.001225,16.396679,36.975037,17.652319,4.0,9.08e-05,3,343,0.07092,0.09568,0.13,0.0,100,0.66667,1.0,,,-0.03,0.00083,0.00137,-0.00178,0.00562,-0.00913,0.29131
2045,2094080,55.60979,247.0,0.85714,0.69,0.954424,-0.000647,0.037993,0.001041,0.259764,0.004074,0.834629,35.346428,16.1936,37.134724,17.328758,4.0,9.069e-05,7,345,0.06971,0.09548,0.13,0.0,100,0.71429,1.0,,,-0.03,0.00264,0.00086,-0.00224,0.0025,-0.01463,0.59806
2046,2095104,67.2394,149.8,1.0,0.71,0.83264,-0.000781,0.041551,0.00075,0.291447,0.007324,0.797094,34.863266,14.4045,36.885651,16.334394,4.0,9.059e-05,5,360,0.07651,0.10774,0.11,0.0,100,0.4,0.0,,,-0.03,0.00341,0.00123,-0.00177,0.00347,-0.01152,0.58628
2047,2096128,66.5409,162.25,1.0,0.72,0.88886,-0.001418,0.022873,0.002104,0.30024,0.018967,0.910142,34.035629,16.769974,35.967255,18.656939,4.0,9.049e-05,4,347,0.06939,0.09429,0.11,0.0,100,0.75,1.0,,,-0.03,0.00148,0.00177,-0.00627,0.0061,-0.01414,0.43166
2048,2097152,55.18001,204.66667,0.83333,0.73,0.803447,-0.001007,0.019765,0.000669,0.167028,0.003067,0.938564,29.850578,19.504429,30.118526,21.046118,4.0,9.039e-05,6,348,0.08099,0.11146,0.11,0.0,100,0.83333,0.0,,,-0.03,0.00289,0.0013,-0.0067,-0.00162,-0.01584,0.60875
2049,2098176,48.85402,252.75,0.75,0.74,0.673616,-0.001411,0.024733,0.001432,0.172669,0.007202,0.922812,29.450106,19.486694,29.585825,21.068378,4.0,9.028e-05,4,356,0.08144,0.1108,0.12,0.0,100,0.75,1.0,,,-0.03,0.00309,0.00084,-0.00422,-0.00013,-0.01452,0.41687
2050,2099200,40.51203,208.83333,0.66667,0.73,0.975515,-0.000929,0.041091,0.001035,0.214401,0.008163,0.811079,41.04776,15.294088,42.432159,17.043144,4.0,9.018e-05,6,322,0.07078,0.09789,0.12,0.0,100,0.66667,1.0,,,-0.03,0.00332,0.0012,-0.00442,0.00669,-0.01384,0.37162
2051,2100224,67.95532,147.5,1.0,0.75,0.805782,-0.001316,0.036449,0.001204,0.21887,0.008591,0.865296,37.68325,17.793201,36.756828,18.961658,4.0,9.008e-05,4,320,0.0732,0.10023,0.12,0.0,100,0.5,0.0,,,-0.03,0.00579,0.00127,-0.00337,-0.00376,-0.00982,0.45709
2052,2101248,16.29388,253.16667,0.33333,0.71,0.659182,-0.000903,0.021035,0.000474,0.282795,0.003128,0.930138,30.564138,19.146049,29.139704,20.903828,4.0,8.998e-05,6,380,0.07123,0.1026,0.13,0.0,100,0.66667,1.0,,,-0.03,0.00265,0.00135,-0.00484,0.00072,-0.0174,0.26443
2053,2102272,42.31963,167.33333,0.66667,0.72,0.831202,-0.00152,0.030518,0.001045,0.293371,0.007828,0.890398,37.444538,18.379869,35.553474,18.919556,4.0,8.988e-05,3,345,0.08588,0.11698,0.13,0.0,100,0.66667,1.0,,,-0.03,0.0062,0.0012,-0.0029,-0.00417,-0.00761,0.23529
2054,2103296,45.79267,325.0,0.75,0.72,0.628684,-0.001109,0.048477,0.001163,0.204633,0.012527,0.862351,28.241354,21.136747,29.201773,21.773209,4.0,8.977e-05,4,352,0.07646,0.1026,0.14,0.0,100,0.75,1.0,,,-0.03,0.00605,0.00118,-0.0031,0.00457,-0.01285,0.4403
2055,2104320,63.79082,245.0,1.0,0.72,0.811303,-0.001952,0.019131,0.001131,0.3182,0.009232,0.929269,35.362003,19.388649,33.392563,18.966522,4.0,8.967e-05,1,385,0.08184,0.10252,0.14,0.0,100,1.0,0.0,,,-0.03,0.00521,0.00032,-0.0019,0.00161,-0.00563,0.12241
2056,2105344,64.13198,217.5,1.0,0.73,0.635212,-0.001353,0.020049,0.001773,0.196464,0.017288,0.926315,23.906034,18.564682,23.119869,18.929836,4.0,8.957e-05,2,413,0.0999,0.11907,0.13,0.0,100,0.5,1.0,,,-0.03,0.00532,-0.00084,-0.00164,-0.00088,-0.00482,0.33233
2057,2106368,-5.87843,600.0,0.0,0.72,0.727833,-0.002338,0.005725,0.000941,0.280265,0.008057,0.976154,20.919767,17.94153,19.197418,17.448515,4.0,8.947e-05,2,399,0.095,0.11206,0.15,0.0,100,1.0,0.6,,,-0.03,0.00677,-0.00073,-0.00278,0.00233,-0.00795,0.0
2058,2107392,49.46828,360.83333,0.83333,0.73,0.910772,-0.00097,0.068874,0.002038,0.376543,0.019012,0.715867,27.150177,17.569981,29.477928,18.340908,4.0,8.936e-05,6,341,0.08244,0.10296,0.14,0.0,100,0.5,0.625,,,-0.03,0.00525,0.00062,-0.00381,0.00278,-0.01388,0.52479
2059,2108416,29.24482,312.75,0.5,0.71,0.900096,-0.001882,0.025659,0.00204,0.256468,0.022614,0.872534,31.557138,15.134601,30.251287,16.328703,4.0,8.926e-05,4,347,0.0831,0.11083,0.15,0.0,100,1.0,1.0,,,-0.03,0.00665,0.00124,-0.00437,0.00064,-0.01403,0.21616
2060,2109440,68.70485,117.0,1.0,0.72,0.57001,-0.002355,0.019107,0.001693,0.250041,0.015778,0.871357,23.246983,13.35436,21.981106,13.998692,4.0,8.916e-05,1,416,0.09297,0.12287,0.14,0.0,100,1.0,0.0,,,-0.03,0.00684,0.00069,-0.00377,-0.00609,-0.00414,0.17942
2061,2110464,15.03557,288.0,0.33333,0.72,0.488107,-0.001117,0.014911,0.001042,0.243666,0.011749,0.893373,16.796787,13.945854,15.172802,13.557822,4.0,8.906e-05,3,414,0.10455,0.13364,0.13,0.0,100,1.0,1.0,,,-0.03,0.00677,-0.0002,-0.00604,-0.00843,-0.01263,0.18771
2062,2111488,18.90657,459.4,0.4,0.71,0.703752,-0.000686,0.049032,0.000443,0.141383,0.001511,0.721048,19.521664,14.742799,19.64156,15.488461,4.0,8.895e-05,5,371,0.09449,0.11782,0.14,0.0,100,1.0,0.71429,,,-0.03,0.00426,0.00073,-0.00613,0.00122,-0.01526,0.26655
2063,2112512,66.9197,145.0,1.0,0.73,0.886637,-0.002171,0.031174,0.002366,0.222963,0.023743,0.769229,25.75771,11.48171,26.2376,13.674797,4.0,8.885e-05,3,362,0.09854,0.12574,0.13,0.0,100,0.33333,0.0,,,-0.03,0.00463,0.00094,-0.00742,0.00312,-0.01221,0.34914
2064,2113536,24.48433,381.25,0.5,0.73,0.591935,-0.001005,0.039473,0.000795,0.134606,0.00531,0.698034,21.040253,11.799855,21.138252,13.404906,4.0,8.875e-05,4,384,0.10287,0.1288,0.13,0.0,100,0.75,0.81818,,,-0.03,0.00565,0.00016,-0.0101,-0.00538,-0.009,0.30159
2065,2114560,66.76323,136.0,1.0,0.73,0.745254,-0.001441,0.019963,0.000731,0.157573,0.00325,0.841578,24.339245,12.085637,24.281361,13.033132,4.0,8.865e-05,1,379,0.09214,0.11267,0.13,0.0,100,1.0,0.0,,,-0.03,0.00609,0.00064,-0.00707,0.00119,-0.00992,0.13572
2066,2115584,64.88248,194.0,1.0,0.73,0.533088,-0.00162,0.012791,0.000556,0.16468,0.002151,0.902989,19.619316,12.673577,18.937687,13.301039,4.0,8.854e-05,1,416,0.1293,0.14418,0.13,0.0,100,0.0,0.0,,,-0.03,0.00476,-0.00082,-0.0035,-0.00164,-0.00317,0.19278
2067,2116608,-7.86429,600.0,0.0,0.73,0.528252,-0.001754,0.004622,0.001003,0.174042,0.009018,0.965699,16.406332,13.339153,15.771411,13.413403,4.0,8.844e-05,2,414,0.13134,0.14173,0.14,0.0,100,1.0,0.75,,,-0.03,0.00389,-0.00166,-0.00312,0.00305,-0.00937,0.0
2068,2117632,-9.34593,600.0,0.0,0.71,0.686287,-0.00208,0.004256,0.000758,0.206192,0.005234,0.973088,20.62295,14.697602,19.722816,14.526838,4.0,8.834e-05,2,374,0.11271,0.1267,0.16,0.0,100,1.0,1.0,,,-0.03,0.00515,-0.00098,-0.00416,0.00158,-0.00826,0.0
2069,2118656,28.4589,389.0,0.5,0.7,0.765806,-0.001749,0.016544,0.001082,0.172498,0.008102,0.90645,20.768456,13.730742,20.841993,15.620348,4.0,8.824e-05,4,381,0.09453,0.11633,0.18,0.0,100,0.75,1.0,,,-0.03,0.00509,-0.00019,-0.00214,0.00016,-0.00906,0.26427
2070,2119680,16.93547,377.0,0.33333,0.68,0.775722,-0.001469,0.019839,0.001081,0.178106,0.009399,0.873441,22.947796,13.08349,22.644569,14.52552,4.0,8.813e-05,3,372,0.09175,0.11083,0.19,0.0,100,1.0,1.0,,,-0.03,0.00289,0.00039,-0.00352,0.00224,-0.01246,0.12985
2071,2120704,27.73309,355.5,0.5,0.67,0.773681,-0.001975,0.015871,0.001358,0.188432,0.007339,0.907811,25.042099,14.864186,25.122046,15.883021,4.0,8.803e-05,2,384,0.09293,0.11771,0.2,0.0,100,0.0,1.0,,,-0.03,0.00388,0.00039,-0.00211,0.00662,-0.00855,0.13313
2072,2121728,69.60813,117.0,1.0,0.68,0.611528,-0.001995,0.010714,0.000981,0.192729,0.008713,0.954017,19.66667,17.241655,19.108551,17.876425,4.0,8.793e-05,2,402,0.10213,0.11357,0.19,0.0,100,0.5,1.0,,,-0.03,0.00432,-4e-05,-0.00222,0.00164,-0.0069,0.33984
2073,2122752,26.83686,395.83333,0.5,0.65,0.71425,-0.001369,0.046541,0.001428,0.204939,0.0121,0.810229,20.569958,16.699938,21.432037,18.217949,4.0,8.783e-05,6,377,0.09017,0.11452,0.21,0.0,100,0.66667,1.0,,,-0.03,0.00551,0.0002,-0.00711,-0.0009,-0.01683,0.3788
2074,2123776,37.99524,405.33333,0.66667,0.65,0.754849,-0.001454,0.033593,0.001607,0.192372,0.015671,0.745618,27.274891,12.645606,26.904968,13.59937,4.0,8.772e-05,3,360,0.09666,0.12934,0.21,0.0,100,0.66667,0.66667,,,-0.03,0.00496,0.00078,-0.00572,-0.00756,-0.00986,0.24457
2075,2124800,67.28205,149.66667,1.0,0.65,0.684364,-0.001243,0.034324,0.001303,0.208855,0.013947,0.836617,22.632263,13.982619,23.601564,16.767885,4.0,8.762e-05,3,394,0.09018,0.10878,0.21,0.0,100,0.33333,0.0,,,-0.03,0.00354,0.001,-0.00769,0.00995,-0.01534,0.44695
2076,2125824,-10.06804,371.0,0.0,0.64,0.55734,-0.001303,0.010683,0.000532,0.259771,0.003998,0.949396,19.827276,16.912699,18.258287,16.660183,4.0,8.752e-05,1,415,0.09572,0.11745,0.21,0.0,100,1.0,1.0,,,-0.03,0.00575,0.00109,-0.00636,-0.00946,-0.00497,-0.00531
2077,2126848,9.69999,431.5,0.25,0.61,0.658836,-0.001345,0.01057,0.000885,0.153605,0.008469,0.960848,20.729645,18.319817,20.277912,18.977112,4.0,8.742e-05,4,394,0.08171,0.10051,0.22,0.0,100,1.0,1.0,,,-0.03,0.00585,0.00052,-0.00276,0.0012,-0.01351,0.14248
2078,2127872,43.79902,306.75,0.75,0.6,0.794081,-0.001895,0.031959,0.001104,0.20336,0.011948,0.868304,25.397087,16.73852,26.189823,18.159649,4.0,8.732e-05,4,349,0.08491,0.11471,0.22,0.0,100,0.5,1.0,,,-0.03,0.00465,0.00098,-0.0063,-0.00107,-0.01418,0.36117
2079,2128896,13.35491,449.0,0.33333,0.58,0.593253,-0.000873,0.025804,0.00098,0.254779,0.006226,0.80025,23.97377,13.449219,22.576204,13.558846,4.0,8.721e-05,3,402,0.09961,0.12326,0.22,0.0,100,1.0,0.0,,,-0.03,0.00299,0.00044,-0.00239,-0.01096,-0.01273,0.14436
2080,2129920,nan,nan,0.0,0.58,0.488044,-0.001372,0.010076,0.000685,0.23781,0.007385,0.900922,18.589981,12.353976,17.291759,12.042122,4.0,8.711e-05,0,427,0.09395,0.1163,0.22,0.0,100,0.0,0.0,,,-0.03,0.00527,0.00079,-0.00403,-0.0007,-0.00584,0.0
2081,2130944,14.01409,361.33333,0.33333,0.57,0.507983,-0.000823,0.01103,0.000302,0.137787,7.6e-05,0.937402,18.191868,14.061915,18.119457,15.512814,4.0,8.701e-05,3,429,0.08244,0.09683,0.21,0.0,100,0.66667,0.5,,,-0.03,0.0033,0.00114,-0.00385,0.00598,-0.01483,0.17599
2082,2131968,47.82339,234.25,0.75,0.58,0.621919,-0.001368,0.014874,0.000926,0.221382,0.008453,0.943993,19.287407,18.183878,20.251266,20.610931,4.0,8.691e-05,4,396,0.08414,0.10157,0.2,0.0,100,0.25,1.0,,,-0.03,0.00318,0.0009,-0.0033,0.00679,-0.01725,0.48566
2083,2132992,-8.20864,600.0,0.0,0.56,0.784416,-0.002067,0.011592,0.00185,0.223723,0.016281,0.943086,27.356363,16.463993,26.254894,16.331764,4.0,8.68e-05,3,369,0.09655,0.12967,0.23,0.0,100,1.0,1.0,,,-0.03,0.0063,0.00142,-0.00768,-0.00488,-0.00815,0.0
2084,2134016,35.55097,290.6,0.6,0.54,0.72164,-0.000694,0.039823,0.001294,0.118733,0.008636,0.746585,27.129473,13.236066,26.817713,14.480422,4.0,8.67e-05,5,372,0.08924,0.11879,0.24,0.0,100,0.6,0.5,,,-0.03,0.0051,0.00132,-0.00548,-0.00121,-0.0112,0.39189
2085,2135040,66.83603,172.5,1.0,0.57,0.853644,-0.001264,0.028604,0.001085,0.280485,0.006165,0.871727,30.115116,15.30732,31.533524,18.125675,4.0,8.66e-05,4,365,0.09187,0.11633,0.24,0.0,100,0.5,1.0,,,-0.03,0.00594,0.0005,-0.00885,0.00452,-0.04069,0.48533
2086,2136064,41.69951,245.0,0.66667,0.58,0.904626,-0.002505,0.019025,0.002073,0.183116,0.020676,0.921014,30.213251,17.421913,30.343403,18.64962,4.0,8.65e-05,3,349,0.09533,0.11617,0.23,0.0,100,0.33333,0.25,,,-0.03,0.00523,0.00045,-0.00661,0.00509,-0.03497,0.23591
2087,2137088,67.57532,168.0,1.0,0.58,0.933014,-0.002646,0.008801,0.001996,0.194394,0.020096,0.967174,28.877211,19.586161,28.571102,20.123146,4.0,8.639e-05,1,375,0.09605,0.1043,0.23,0.0,100,0.0,0.0,,,-0.03,0.00428,0.00048,-0.00572,0.00632,-0.00955,0.11587
2088,2138112,17.22719,458.33333,0.33333,0.56,0.953164,-0.001956,0.011967,0.001496,0.216113,0.013458,0.957765,28.376789,19.569752,27.697008,20.370752,4.0,8.629e-05,3,368,0.08925,0.10406,0.25,0.0,100,0.66667,0.8,,,-0.03,0.00483,0.00028,-0.00826,0.00529,-0.01771,0.11203
2089,2139136,38.10042,320.33333,0.66667,0.56,0.935485,-0.002144,0.013897,0.002376,0.181536,0.027084,0.95899,31.138226,20.936632,30.607981,21.237333,4.0,8.619e-05,3,349,0.09278,0.11078,0.25,0.0,100,0.0,0.5,,,-0.03,0.00392,0.00046,-0.00634,0.00317,-0.00748,0.22169
2090,2140160,31.84685,334.0,0.66667,0.57,0.976752,-0.001677,0.021291,0.001711,0.267535,0.010574,0.914,37.131138,16.75057,38.687977,18.197708,4.0,8.609e-05,6,347,0.08236,0.10958,0.24,0.0,100,0.16667,1.0,,,-0.03,0.0028,0.00077,-0.00828,0.00827,-0.01362,0.39619
2091,2141184,52.9395,252.83333,0.83333,0.58,0.979673,-0.001393,0.035882,0.001014,0.198181,0.006378,0.861506,39.599174,17.378435,40.846592,18.457279,4.0,8.598e-05,6,348,0.08541,0.10867,0.24,0.0,100,0.5,1.0,,,-0.03,0.0041,0.00093,-0.00708,0.00778,-0.01501,0.51401
2092,2142208,62.84083,216.5,1.0,0.58,1.02204,-0.001417,0.020621,0.001363,0.161749,0.009888,0.895572,41.838573,16.006607,41.758152,16.451832,4.0,8.588e-05,2,347,0.08633,0.1057,0.24,0.0,100,0.0,1.0,,,-0.03,0.00404,0.00106,-0.00819,0.00487,-0.01091,0.19781
2093,2143232,64.51402,192.33333,1.0,0.59,0.710216,-0.001645,0.026444,0.001573,0.232033,0.01239,0.910444,33.681694,18.95171,32.69577,20.052023,4.0,8.578e-05,3,360,0.10061,0.12003,0.24,0.0,100,0.0,1.0,,,-0.03,0.00407,0.00059,-0.00659,-0.00032,-0.00853,0.41871
2094,2144256,35.20407,324.8,0.6,0.6,0.688065,-0.000719,0.034147,0.000321,0.137441,0.000137,0.893791,27.457012,20.354267,27.23135,20.930727,4.0,8.568e-05,5,387,0.09892,0.12441,0.24,0.0,100,0.6,0.83333,,,-0.03,0.00445,0.00034,-0.00809,-0.00431,-0.01384,0.42386
2095,2145280,64.48202,192.0,1.0,0.61,0.675405,-0.001191,0.014315,0.000695,0.166752,0.004181,0.958465,28.899488,20.521311,28.164446,21.229559,4.0,8.557e-05,2,401,0.10158,0.11716,0.23,0.0,100,0.0,1.0,,,-0.03,0.00465,0.00033,-0.00861,-0.00117,-0.00903,0.30557
2096,2146304,63.35017,215.0,1.0,0.61,0.668272,-0.001232,0.01269,0.001358,0.127811,0.012878,0.967912,21.225681,22.164146,21.348162,23.302397,4.0,8.547e-05,1,390,0.09929,0.10597,0.23,0.0,100,0.0,1.0,,,-0.03,0.00517,3e-05,-0.00708,0.00918,-0.00809,0.15259
2097,2147328,16.40138,461.0,0.33333,0.6,0.903501,-0.002007,0.012515,0.00085,0.200722,0.004501,0.973565,30.335224,24.902605,29.580231,25.344162,4.0,8.537e-05,3,329,0.09119,0.10955,0.25,0.0,100,0.66667,0.875,,,-0.03,0.00362,0.0008,-0.00511,0.00465,-0.01165,0.11607
2098,2148352,34.98102,349.6,0.6,0.6,0.862768,-0.001573,0.010048,0.001018,0.162067,0.004623,0.973201,32.538456,22.352686,32.188881,22.688129,4.0,8.527e-05,5,357,0.09484,0.11214,0.25,0.0,100,0.6,0.83333,,,-0.03,0.00505,-0.00042,-0.00865,-0.00034,-0.01536,0.33684
2099,2149376,26.49863,382.5,0.5,0.61,0.780401,-0.001517,0.029653,0.001315,0.255518,0.012054,0.909583,30.44665,21.108974,28.879131,21.099325,4.0,8.516e-05,2,366,0.09763,0.11045,0.24,0.0,100,0.0,0.77778,,,-0.03,0.00432,0.00055,-0.00372,-0.00362,-0.00922,0.13642
2100,2150400,52.42136,403.5,1.0,0.62,0.721757,-0.001522,0.02796,0.001133,0.224433,0.009857,0.905235,27.578676,20.550545,27.131445,20.493149,4.0,8.506e-05,2,333,0.09751,0.11301,0.23,0.0,100,0.0,1.0,,,-0.03,0.00388,-0.00011,-0.00633,-0.00026,-0.01127,0.26088
2101,2151424,13.16377,496.66667,0.33333,0.62,0.627288,-0.000619,0.033151,0.000817,0.168533,0.00563,0.887269,23.691917,20.307928,23.123823,19.999596,4.0,8.496e-05,3,406,0.11232,0.13211,0.22,0.0,100,1.0,1.0,,,-0.03,0.00495,0.00023,-0.00474,0.00052,-0.01131,0.148
2102,2152448,59.10671,323.0,1.0,0.64,0.877644,-0.001915,0.029793,0.001544,0.181804,0.01384,0.856835,32.098743,16.728273,32.32206,17.119705,4.0,8.486e-05,3,365,0.09819,0.11111,0.21,0.0,100,0.0,0.72727,,,-0.03,0.00403,0.00037,-0.00929,3e-05,-0.01523,0.32564
2103,2153472,26.0095,342.0,0.5,0.64,0.768555,-0.001382,0.014674,0.000854,0.219978,0.004517,0.931129,30.011356,16.056293,28.762657,16.646765,4.0,8.476e-05,2,368,0.111,0.12323,0.2,0.0,100,0.5,0.75,,,-0.03,0.00407,-0.0004,-0.00842,0.00071,-0.01986,0.13146
2104,2154496,34.09289,425.0,0.66667,0.63,0.764417,-0.000853,0.021822,0.000951,0.153434,0.005798,0.894678,27.460039,15.901677,27.421118,16.657602,4.0,8.465e-05,3,369,0.1039,0.11264,0.21,0.0,100,0.33333,1.0,,,-0.03,0.00411,-0.00039,-0.00601,0.00202,-0.01352,0.24923
2105,2155520,63.40183,194.0,1.0,0.64,0.747934,-0.001567,0.014653,0.001481,0.243429,0.015961,0.935323,25.388947,17.176746,24.241211,17.330605,4.0,8.455e-05,1,400,0.10771,0.11138,0.2,0.0,100,0.0,1.0,,,-0.03,0.00365,-0.00066,-0.00416,-0.00164,-0.01731,0.14267
2106,2156544,24.48036,471.75,0.5,0.64,0.684818,-0.000549,0.023775,0.000868,0.13718,0.004608,0.90815,23.577942,17.80237,23.879107,18.593813,4.0,8.445e-05,4,398,0.10667,0.12213,0.21,0.0,100,0.5,0.9375,,,-0.03,0.00331,-0.00066,-0.00699,0.00092,-0.01762,0.26822
2107,2157568,16.17187,480.0,0.5,0.64,0.976074,-0.001827,0.015064,0.001787,0.155864,0.016159,0.889588,33.03878,13.582868,32.69928,13.831632,4.0,8.435e-05,2,348,0.09682,0.10971,0.21,0.0,100,0.5,1.0,,,-0.03,0.00225,0.00028,-0.00994,0.00436,-0.0208,0.09698
2108,2158592,35.0249,399.33333,0.66667,0.63,0.919197,-0.001216,0.013677,0.001304,0.162178,0.014771,0.895915,37.238716,12.72256,37.588737,13.289833,4.0,8.424e-05,3,346,0.10241,0.11121,0.22,0.0,100,0.33333,0.85714,,,-0.03,0.00361,-0.0004,-0.00647,0.00244,-0.01345,0.21228
2109,2159616,56.78146,298.25,1.0,0.66,0.896218,-0.002365,0.021778,0.001372,0.178907,0.013657,0.832929,33.053295,11.899108,33.068565,13.688622,4.0,8.414e-05,4,360,0.10165,0.12587,0.22,0.0,100,0.0,1.0,,,-0.03,0.00377,9e-05,-0.00743,-0.00699,-0.01215,0.43101
2110,2160640,nan,nan,0.0,0.66,0.533278,-0.001091,0.013839,0.000739,0.199078,0.004929,0.888542,27.369894,12.959617,26.427608,12.94111,4.0,8.404e-05,0,431,0.11649,0.13275,0.22,0.0,100,0.0,0.0,,,-0.03,0.00642,-0.00028,-0.00216,-0.00244,-0.01118,0.0
2111,2161664,-13.40039,600.0,0.0,0.66,0.441188,-0.000907,0.007334,0.000838,0.248578,0.010437,0.958628,22.812489,15.786987,21.201164,15.35425,4.0,8.394e-05,1,450,0.11706,0.12792,0.22,0.0,100,1.0,0.66667,,,-0.03,0.00347,-0.00139,-0.00309,-4e-05,-0.01237,0.0
2112,2162688,6.0456,477.0,0.25,0.64,0.547147,-0.001614,0.006549,0.000731,0.197414,0.005966,0.966163,19.839073,15.233264,19.308998,16.233425,4.0,8.383e-05,4,394,0.10986,0.12736,0.23,0.0,100,0.75,1.0,,,-0.03,0.00215,-0.00038,-0.00523,0.00319,-0.02196,0.15765
2113,2163712,12.59137,496.0,0.33333,0.64,0.801434,-0.001479,0.00673,0.000982,0.157326,0.007355,0.968023,27.566736,16.094175,27.348171,16.730627,4.0,8.373e-05,3,379,0.09585,0.11415,0.25,0.0,100,0.66667,0.88889,,,-0.03,0.00337,0.00037,-0.00823,0.0052,-0.02368,0.11868
2114,2164736,27.52309,390.0,0.5,0.64,0.837712,-0.002264,0.006601,0.001645,0.217736,0.014145,0.957455,32.600922,13.792976,31.547707,14.151093,4.0,8.363e-05,2,372,0.0981,0.11189,0.26,0.0,100,0.5,0.83333,,,-0.03,0.00376,2e-05,-0.00614,-0.00531,-0.01267,0.12014
2115,2165760,21.73158,312.0,0.5,0.63,0.810751,-0.001205,0.012614,0.000853,0.157822,0.004745,0.921576,34.252598,13.465714,33.818504,14.706818,4.0,8.353e-05,4,376,0.10579,0.12228,0.26,0.0,100,0.5,0.75,,,-0.03,0.00376,-8e-05,-0.00615,0.00263,-0.01706,0.22281
2116,2166784,61.77667,283.0,1.0,0.64,0.783974,-0.0012,0.01121,0.000459,0.146105,0.000854,0.93769,32.20533,14.749666,31.834019,15.277899,4.0,8.342e-05,1,335,0.10279,0.12051,0.26,0.0,100,0.0,1.0,,,-0.03,0.00394,-0.00017,-0.0033,0.0041,-0.01664,0.12091
2117,2167808,38.04158,334.66667,0.66667,0.65,0.823719,-0.001002,0.017591,0.001179,0.160184,0.011169,0.917283,32.693184,16.552467,32.674637,17.001867,4.0,8.332e-05,3,179,0.10238,0.11028,0.25,0.0,100,0.66667,1.0,,,-0.03,0.00341,-0.00051,-0.00478,0.00473,-0.01876,0.23366
2118,2168832,25.36454,400.0,0.5,0.65,0.857351,-0.001707,0.013073,0.001538,0.163804,0.0103,0.912481,33.953636,13.536032,34.0355,14.626398,4.0,8.322e-05,4,321,0.10561,0.11936,0.24,0.0,100,0.5,0.93333,,,-0.03,0.00581,-0.00034,-0.00489,0.00043,-0.01426,0.2127
2119,2169856,27.06039,382.0,0.5,0.65,0.814744,-0.001538,0.010441,0.001027,0.196188,0.007553,0.932456,33.987015,14.124253,33.301285,14.893006,4.0,8.312e-05,2,374,0.10981,0.11675,0.25,0.0,100,0.0,1.0,,,-0.03,0.00489,-0.00026,-0.00305,-0.00091,-0.01193,0.12349
2120,2170880,20.32597,385.25,0.5,0.63,0.817979,-0.001353,0.023021,0.001482,0.166622,0.015625,0.877021,29.690161,14.642504,29.004103,15.583852,4.0,8.301e-05,4,370,0.10489,0.12289,0.26,0.0,100,0.25,0.83333,,,-0.03,0.0026,-0.00014,-0.00869,0.00013,-0.02626,0.21922
2121,2171904,-9.61594,600.0,0.0,0.63,0.793507,-0.001714,0.012035,0.00167,0.280782,0.020996,0.943548,30.090778,17.272642,28.599274,17.105953,4.0,8.291e-05,1,385,0.10857,0.11691,0.27,0.0,100,1.0,0.5,,,-0.03,0.00421,-8e-05,-0.00538,0.00245,-0.0224,0.0
2122,2172928,22.20141,493.0,0.5,0.62,0.717239,-0.001023,0.031667,0.001778,0.21336,0.021301,0.856605,26.632616,18.751904,25.469965,17.70422,4.0,8.281e-05,2,380,0.11321,0.12176,0.28,0.0,100,1.0,1.0,,,-0.03,0.00566,-0.00069,-0.00464,-0.00063,-0.03536,0.13024
2123,2173952,16.86967,399.5,0.5,0.62,0.87222,-0.001101,0.014417,0.000732,0.205892,0.005585,0.907832,26.067295,13.934688,24.981934,14.336434,4.0,8.271e-05,2,374,0.10334,0.11403,0.27,0.0,100,0.5,0.8,,,-0.03,0.00347,-0.00014,-0.00874,0.00093,-0.03148,0.09882
2124,2174976,37.23385,442.75,0.75,0.63,0.7757,-0.001005,0.051553,0.001072,0.238107,0.008087,0.631855,24.337444,13.158693,25.609196,13.937556,4.0,8.26e-05,4,387,0.11289,0.12288,0.26,0.0,100,0.75,0.90909,,,-0.03,0.00474,-4e-05,-0.00597,-0.00087,-0.02401,0.3573
2125,2176000,-0.03794,400.66667,0.33333,0.62,0.936857,-0.001264,0.013337,0.000567,0.205687,0.001724,0.868478,27.577185,10.242104,26.500669,11.375194,4.0,8.25e-05,3,349,0.10067,0.11608,0.26,0.0,100,0.33333,1.0,,,-0.03,0.00379,0.00026,-0.01028,-0.00278,-0.02119,0.09785
2126,2177024,34.01954,295.66667,0.66667,0.62,0.949363,-0.000877,0.033872,0.001016,0.14768,0.005325,0.570665,25.590961,8.801569,25.568321,10.604354,4.0,8.24e-05,3,338,0.10145,0.11949,0.25,0.0,100,0.66667,0.85714,,,-0.03,0.00341,0.00064,-0.01147,0.00401,-0.02019,0.19097
2127,2178048,37.99427,201.0,0.66667,0.61,0.836977,-0.000982,0.018389,0.000857,0.171572,0.007156,0.874281,27.728851,12.044041,27.751675,13.821424,4.0,8.23e-05,3,381,0.10302,0.11391,0.25,0.0,100,0.33333,1.0,,,-0.03,0.00362,0.00027,-0.0064,0.00152,-0.01325,0.2385
2128,2179072,66.00847,143.0,1.0,0.62,0.84553,-0.001565,0.016644,0.001139,0.165155,0.007675,0.829104,28.473083,10.907517,28.327999,11.461318,4.0,8.22e-05,1,385,0.10077,0.11276,0.24,0.0,100,0.0,1.0,,,-0.03,0.005,0.00055,-0.00481,0.00363,-0.0188,0.12071
2129,2180096,26.27343,409.14286,0.57143,0.59,0.905733,-0.000806,0.030658,0.000658,0.166157,0.003448,0.684467,27.09248,8.689719,27.817772,11.376409,4.0,8.209e-05,7,343,0.10324,0.12717,0.26,0.0,100,0.42857,0.63636,,,-0.03,0.0041,0.0004,-0.01228,0.00383,-0.01751,0.38269
2130,2181120,62.42183,208.0,1.0,0.59,0.86072,-0.001292,0.021822,0.000741,0.161474,0.004517,0.83547,30.877613,11.685935,30.972336,13.162085,4.0,8.199e-05,2,360,0.10466,0.12347,0.26,0.0,100,0.0,0.0,,,-0.03,0.00358,0.00054,-0.00796,0.0009,-0.01221,0.22927
2131,2182144,35.9569,294.0,0.66667,0.59,0.74192,-0.001079,0.023584,0.000608,0.144293,0.003036,0.782601,26.588238,10.671126,27.22081,11.937564,4.0,8.189e-05,3,381,0.10617,0.12114,0.26,0.0,100,0.66667,0.8,,,-0.03,0.0054,3e-05,-0.01046,0.00749,-0.02019,0.24238
2132,2183168,61.21447,243.0,1.0,0.6,0.798161,-0.002226,0.014213,0.002046,0.202471,0.027176,0.887545,33.635162,12.098618,34.346687,13.028864,4.0,8.179e-05,2,372,0.10499,0.10983,0.25,0.0,100,0.0,1.0,,,-0.03,0.00472,0.00017,-0.00718,0.00319,-0.01398,0.24354
2133,2184192,35.10945,420.83333,0.66667,0.6,0.794751,-0.001419,0.016123,0.000703,0.252952,0.003387,0.887741,31.411562,12.264608,32.672688,14.097907,4.0,8.168e-05,6,366,0.11915,0.14112,0.25,0.0,100,0.33333,0.92308,,,-0.03,0.00364,-0.00022,-0.00982,0.00116,-0.01622,0.44246
2134,2185216,nan,nan,0.0,0.6,0.786651,-0.001956,0.01569,0.001815,0.183945,0.016525,0.7552,30.081596,9.279577,29.583927,9.330177,4.0,8.158e-05,0,359,0.10865,0.12608,0.25,0.0,100,0.0,0.0,,,-0.03,0.00355,0.00075,-0.00844,-0.00482,-0.01094,0.0
2135,2186240,nan,nan,0.0,0.6,0.424709,-0.000876,0.008319,0.000692,0.194106,0.007095,0.959943,29.832701,16.296883,28.924931,16.245115,4.0,8.148e-05,0,459,0.14121,0.13939,0.25,0.0,100,0.0,0.0,,,-0.03,0.00521,-0.00194,-7e-05,-0.00248,-0.00819,0.0
2136,2187264,23.55865,303.0,0.5,0.6,0.637628,-0.000942,0.008484,0.001048,0.138061,0.009155,0.947373,28.634624,14.421609,28.526251,14.586053,4.0,8.138e-05,2,418,0.11587,0.12383,0.24,0.0,100,1.0,1.0,,,-0.03,0.00369,-0.00107,-0.0052,0.00883,-0.01685,0.14432
2137,2188288,9.26964,536.33333,0.33333,0.6,0.841392,-0.000962,0.005675,0.001183,0.193998,0.007675,0.963153,30.817619,13.908779,30.296837,14.066058,4.0,8.127e-05,3,356,0.10514,0.10266,0.25,0.0,100,0.66667,0.0,,,-0.03,0.00334,-0.00058,-0.00689,-0.00141,-0.01272,0.11216
2138,2189312,5.65876,538.75,0.25,0.57,0.872566,-0.001731,0.01749,0.00137,0.178576,0.012543,0.803178,29.703571,10.698285,29.44142,10.815081,4.0,8.117e-05,4,346,0.1011,0.10896,0.28,0.0,100,0.75,1.0,,,-0.03,0.00448,0.00025,-0.00679,-0.00109,-0.01508,0.10586
2139,2190336,41.45392,297.0,0.75,0.58,0.70365,-0.00092,0.036801,0.001141,0.169662,0.010452,0.709601,28.7451,11.104054,29.560509,13.14694,4.0,8.107e-05,4,387,0.10512,0.11952,0.27,0.0,100,0.5,0.75,,,-0.03,0.00642,0.00032,-0.00673,-0.0018,-0.01276,0.39434
2140,2191360,-11.79994,283.0,0.0,0.57,0.688943,-0.001646,0.009526,0.001004,0.205067,0.010269,0.919613,29.900129,11.657239,28.807236,12.092079,4.0,8.097e-05,1,380,0.10794,0.12402,0.27,0.0,100,1.0,1.0,,,-0.03,0.0051,0.0003,-0.00654,-0.00485,-0.00942,-0.00399
2141,2192384,27.26963,301.5,0.5,0.57,0.679814,-0.001591,0.01595,0.001024,0.161938,0.008041,0.887638,31.798098,12.556708,31.832092,14.036952,4.0,8.086e-05,4,360,0.10301,0.10915,0.27,0.0,100,0.5,1.0,,,-0.03,0.00367,-0.00029,-0.00641,0.00487,-0.01798,0.27955
2142,2193408,22.14044,540.0,0.5,0.56,0.796261,-0.001227,0.012696,0.001245,0.153343,0.008148,0.891955,31.964933,11.907394,32.286285,12.27091,4.0,8.076e-05,2,375,0.09878,0.11202,0.28,0.0,100,0.5,1.0,,,-0.03,0.00386,0.00041,-0.00587,0.00482,-0.00888,0.10899
2143,2194432,63.89109,200.5,1.0,0.57,0.762756,-0.001371,0.011294,0.001078,0.164139,0.012314,0.938337,36.093044,15.097186,36.328354,15.590217,4.0,8.066e-05,2,399,0.09942,0.10818,0.27,0.0,100,0.0,0.5,,,-0.03,0.00334,-0.00021,-0.00367,0.00474,-0.02195,0.26975
2144,2195456,-8.5382,600.0,0.0,0.56,0.901995,-0.002839,0.003016,0.00171,0.209027,0.013397,0.970989,36.432232,13.008201,35.899399,12.806187,4.0,8.056e-05,2,375,0.09871,0.10602,0.28,0.0,100,0.5,1.0,,,-0.03,0.00418,-2e-05,-0.0036,0.00458,-0.01447,0.0
2145,2196480,57.10712,343.0,1.0,0.58,0.947644,-0.001544,0.031121,0.002225,0.224986,0.023315,0.746332,35.289757,11.040908,36.504002,12.601146,4.0,8.045e-05,5,351,0.10047,0.11578,0.26,0.0,100,0.2,1.0,,,-0.03,0.00566,0.00014,-0.00664,0.0006,-0.01549,0.5172
2146,2197504,9.62629,435.0,0.33333,0.56,0.820181,-0.001487,0.019011,0.001006,0.31361,0.007187,0.691208,30.128149,8.345106,28.023607,8.992899,4.0,8.035e-05,3,356,0.09783,0.1323,0.27,0.0,100,0.66667,1.0,,,-0.03,0.0044,0.00092,-0.01399,-0.00786,-0.00937,0.09849
2147,2198528,27.69508,226.0,0.5,0.57,0.570499,-0.000727,0.046847,0.001343,0.160602,0.012512,0.701259,25.842407,11.010449,26.547173,14.301354,4.0,8.025e-05,6,400,0.09001,0.11527,0.25,0.0,100,1.0,1.0,,,-0.03,0.00571,0.00053,-0.00595,0.00281,-0.01753,0.45329
2148,2199552,65.88066,173.5,1.0,0.58,0.886484,-0.001447,0.015131,0.001418,0.16077,0.008026,0.869446,33.609608,10.872476,33.724766,12.605515,4.0,8.015e-05,2,359,0.1077,0.128,0.24,0.0,100,0.0,1.0,,,-0.03,0.00435,0.0001,-0.0092,0.00059,-0.01323,0.22274
2149,2200576,12.97729,240.0,0.33333,0.58,0.659597,-0.000994,0.010818,0.001083,0.152006,0.007034,0.944119,29.734016,14.936937,29.407951,16.310606,4.0,8.004e-05,3,382,0.09983,0.11879,0.22,0.0,100,0.66667,1.0,,,-0.03,0.00501,0.0007,-0.0072,0.00407,-0.0175,0.13719
2150,2201600,51.63076,310.28571,0.85714,0.6,1.04249,-0.001242,0.039782,0.000432,0.273483,0.000885,0.618773,33.403584,9.392465,35.340103,11.973852,4.0,7.994e-05,7,330,0.09745,0.12134,0.22,0.0,100,0.42857,0.75,,,-0.03,0.00473,0.00089,-0.01326,0.0012,-0.01646,0.5272
2151,2202624,65.16975,184.0,1.0,0.61,0.657444,-0.000915,0.041461,0.000563,0.142573,0.000717,0.609269,29.137707,10.93077,29.599972,11.996408,4.0,7.984e-05,2,378,0.10848,0.13726,0.22,0.0,100,1.0,0.5,,,-0.03,0.0076,0.00039,-0.01245,-0.00644,-0.00786,0.27952
2152,2203648,-8.46432,238.0,0.0,0.6,0.43673,-0.00115,0.014959,0.000593,0.185047,0.004272,0.866753,27.83358,12.229788,26.75959,12.16871,4.0,7.974e-05,1,444,0.10218,0.12461,0.22,0.0,100,1.0,0.0,,,-0.03,0.00597,0.00091,-0.0037,-0.00522,-0.00637,-0.00624
2153,2204672,54.71561,423.0,1.0,0.6,0.405185,-0.000659,0.009529,0.000715,0.124886,0.007126,0.908685,28.337759,11.596811,28.424694,11.733981,4.0,7.964e-05,1,442,0.0969,0.1081,0.22,0.0,100,1.0,1.0,,,-0.03,0.00479,0.00043,-0.00567,-0.00064,-0.00533,0.223
2154,2205696,25.8174,492.0,0.5,0.61,0.389853,-0.000558,0.00944,0.000383,0.107485,0.003098,0.886577,28.473944,10.098035,28.278214,10.515347,4.0,7.953e-05,2,458,0.0946,0.11589,0.21,0.0,100,0.5,0.33333,,,-0.03,0.0054,-0.00091,-0.00778,-0.0042,-0.00955,0.23073
2155,2206720,-7.92732,600.0,0.0,0.59,0.668489,-0.001632,0.005548,0.001094,0.158379,0.008957,0.907182,29.441994,8.66801,29.844528,9.049582,4.0,7.943e-05,3,390,0.09489,0.11669,0.23,0.0,100,1.0,1.0,,,-0.03,0.00476,0.00078,-0.00936,0.00665,-0.01402,0.0
2156,2207744,52.10234,294.14286,0.85714,0.62,0.961054,-0.000672,0.029413,0.000544,0.405904,0.000305,0.801243,34.170948,11.718649,37.310871,13.836515,4.0,7.933e-05,7,349,0.0826,0.10188,0.22,0.0,100,0.42857,0.75,,,-0.03,0.00653,0.00089,-0.00949,0.01205,-0.02071,0.58771
2157,2208768,68.0411,126.0,1.0,0.64,0.99958,-0.001853,0.020758,0.001394,0.41336,0.006012,0.84898,34.860092,10.585007,37.734596,13.174747,4.0,7.923e-05,5,326,0.08275,0.10685,0.2,0.0,100,0.0,1.0,,,-0.03,0.00442,0.00102,-0.01017,0.00798,-0.01349,0.47956
2158,2209792,44.9606,227.71429,0.71429,0.65,0.980571,-0.00103,0.028607,0.001939,0.279805,0.017197,0.843418,36.507668,14.11159,38.148582,15.966349,4.0,7.912e-05,7,338,0.08341,0.11161,0.21,0.0,100,0.28571,0.875,,,-0.03,0.00567,0.00107,-0.01001,0.00754,-0.01991,0.48024
2159,2210816,54.50073,152.66667,0.83333,0.65,1.025996,-0.001467,0.021884,0.001423,0.317151,0.011612,0.879115,39.747318,14.046497,41.64642,15.952107,4.0,7.902e-05,6,335,0.08487,0.10671,0.21,0.0,100,0.16667,0.66667,,,-0.03,0.00571,0.00109,-0.00948,0.00541,-0.01773,0.47603
2160,2211840,65.2794,178.2,1.0,0.67,0.880041,-0.000839,0.045549,0.000602,0.360072,0.002213,0.748711,36.890366,14.306983,39.647152,15.133668,4.0,7.892e-05,5,335,0.08958,0.11592,0.19,0.0,100,0.6,1.0,,,-0.03,0.00535,0.00109,-0.00926,0.00541,-0.0162,0.54298
2161,2212864,65.50602,174.85714,1.0,0.68,1.095258,-0.002038,0.020105,0.001788,0.483025,0.011276,0.887754,40.249512,12.454597,43.726215,14.34603,4.0,7.882e-05,7,326,0.08131,0.106,0.19,0.0,100,0.0,0.71429,,,-0.03,0.00396,0.00063,-0.01029,0.0124,-0.01771,0.61108
2162,2213888,66.02334,151.0,1.0,0.7,0.886671,-0.001641,0.024522,0.001485,0.282493,0.008499,0.85057,42.473061,13.319872,44.078541,14.351466,4.0,7.871e-05,4,353,0.09131,0.11709,0.17,0.0,100,0.5,0.83333,,,-0.03,0.00669,0.00081,-0.00994,0.00665,-0.01483,0.43402
2163,2214912,53.31977,251.33333,0.83333,0.73,0.980777,-0.001088,0.032271,0.002075,0.254369,0.018753,0.812952,44.447716,15.185465,45.951996,15.090895,4.0,7.861e-05,6,343,0.08352,0.10851,0.15,0.0,100,0.33333,1.0,,,-0.03,0.00502,0.00092,-0.00752,0.0037,-0.02198,0.5035
2164,2215936,67.55925,114.25,1.0,0.75,1.078433,-0.002435,0.014234,0.001766,0.204163,0.01236,0.879236,45.568588,11.646506,46.027473,12.705989,4.0,7.851e-05,4,322,0.08754,0.11109,0.13,0.0,100,0.25,0.33333,,,-0.03,0.00632,0.00081,-0.01005,0.00641,-0.03295,0.3727
2165,2216960,66.30457,140.33333,1.0,0.76,0.929922,-0.002145,0.016492,0.00231,0.194882,0.017609,0.884088,43.629105,12.872255,44.087631,14.199141,4.0,7.841e-05,3,355,0.09323,0.10793,0.13,0.0,100,0.66667,0.8,,,-0.03,0.00518,0.00015,-0.00524,0.00418,-0.01719,0.32885
2166,2217984,61.86384,228.85714,1.0,0.8,0.937183,-0.001301,0.01776,0.000944,0.304286,0.00795,0.92932,41.603825,16.419157,43.66943,17.827862,4.0,7.83e-05,7,348,0.08725,0.10599,0.11,0.0,100,0.14286,0.875,,,-0.03,0.00547,0.00096,-0.00813,0.00967,-0.01853,0.71572
2167,2219008,54.90604,209.66667,0.83333,0.81,1.070173,-0.002249,0.010582,0.001431,0.229352,0.009552,0.957046,47.503685,17.334499,48.591572,17.935125,4.0,7.82e-05,6,315,0.07668,0.10582,0.1,0.0,100,0.16667,0.625,,,-0.03,0.00451,0.00097,-0.00882,0.0052,-0.02656,0.45732
2168,2220032,52.88635,202.42857,0.85714,0.82,1.079006,-0.001256,0.014112,0.000982,0.200466,0.007355,0.903776,52.219398,13.185814,53.226078,13.870728,4.0,7.81e-05,7,327,0.07909,0.10376,0.1,0.0,100,0.42857,0.94118,,,-0.03,0.00453,0.00096,-0.00866,0.00947,-0.01977,0.54587
2169,2221056,57.11151,154.5,0.875,0.84,1.129537,-0.001317,0.010903,0.002246,0.260311,0.014725,0.909223,54.80249,11.126374,56.328979,12.978823,4.0,7.8e-05,8,314,0.0786,0.10565,0.1,0.0,100,0.25,0.90909,,,-0.03,0.0052,0.00158,-0.00809,0.01345,-0.02618,0.58238
2170,2222080,67.52262,125.0,1.0,0.86,1.030057,-0.001421,0.02545,0.000994,0.227075,0.007935,0.762595,53.914536,10.775679,52.970631,11.882375,4.0,7.789e-05,5,313,0.09298,0.12531,0.1,0.0,100,0.2,1.0,,,-0.03,0.00546,0.00072,-0.00919,-2e-05,-0.01727,0.46561
2171,2223104,48.94058,134.25,0.75,0.86,0.743936,-0.001614,0.024551,0.000816,0.359281,0.003494,0.887929,43.092308,16.188524,40.856361,17.21007,4.0,7.779e-05,4,362,0.09244,0.13139,0.09,0.0,100,0.25,0.8,,,-0.03,0.00476,0.00099,-0.00771,0.00053,-0.01199,0.38224
2172,2224128,67.45792,121.0,1.0,0.87,0.619678,-0.00145,0.009211,0.00143,0.203153,0.011047,0.97372,33.304855,20.135296,32.879883,21.098171,4.0,7.769e-05,3,404,0.0804,0.10148,0.09,0.0,100,0.33333,0.5,,,-0.03,0.00406,0.00058,-0.00946,0.00563,-0.01646,0.46566
2173,2225152,60.34092,296.5,1.0,0.87,0.699711,-0.00101,0.025574,0.000754,0.169521,0.005188,0.932591,30.963188,22.516445,30.240269,22.433897,4.0,7.759e-05,2,393,0.10354,0.12223,0.09,0.0,100,0.5,0.75,,,-0.03,0.00653,0.00016,-0.01164,0.00557,-0.03207,0.27632
2174,2226176,29.60279,355.75,0.5,0.89,0.686393,-0.002072,0.010827,0.001747,0.20267,0.018463,0.968771,29.113884,20.886492,28.535944,21.11187,4.0,7.748e-05,4,349,0.10205,0.1353,0.07,0.0,100,0.75,1.0,,,-0.03,0.00467,0.00024,-0.00719,0.0041,-0.02249,0.28157
2175,2227200,36.45881,316.0,0.6,0.88,0.944048,-0.001747,0.020926,0.001715,0.160511,0.016144,0.928691,42.023903,19.066767,41.762772,19.639381,4.0,7.738e-05,5,344,0.08453,0.1165,0.08,0.0,100,0.6,0.875,,,-0.03,0.00525,0.00066,-0.00869,0.00501,-0.01899,0.30237
2176,2228224,46.04755,251.0,0.75,0.87,0.84568,-0.001194,0.019718,0.001215,0.25843,0.008865,0.935627,39.996971,19.545797,38.550648,19.828297,4.0,7.728e-05,4,367,0.08553,0.11265,0.09,0.0,100,0.25,1.0,,,-0.03,0.00691,0.00023,-0.0048,0.00132,-0.01623,0.35072
2177,2229248,41.70164,249.28571,0.71429,0.87,1.010691,-0.001018,0.023318,0.001897,0.226066,0.01593,0.892841,44.751434,15.804704,45.895397,16.803816,4.0,7.718e-05,7,327,0.07828,0.10611,0.09,0.0,100,0.42857,0.875,,,-0.03,0.00547,0.00079,-0.01042,0.00853,-0.01647,0.47473
2178,2230272,66.57824,143.28571,1.0,0.88,0.894283,-0.001265,0.024273,0.00228,0.187681,0.017258,0.8888,46.816257,15.438896,47.628315,16.770126,4.0,7.708e-05,7,342,0.08251,0.10782,0.09,0.0,100,0.14286,0.57143,,,-0.03,0.00431,0.00116,-0.01039,0.00723,-0.01576,0.74471
2179,2231296,68.59147,114.0,1.0,0.88,0.928134,-0.001783,0.012632,0.000959,0.286413,0.005676,0.95419,43.041145,18.441311,41.374741,18.462685,4.0,7.697e-05,1,356,0.08393,0.10968,0.09,0.0,100,0.0,0.5,,,-0.03,0.00825,0.00135,-0.00953,0.00273,-0.02065,0.11056
2180,2232320,35.05505,264.8,0.6,0.86,0.906874,-0.001275,0.021069,0.001099,0.167146,0.008545,0.921051,39.760628,17.063189,39.15731,18.65526,4.0,7.687e-05,5,352,0.08389,0.11112,0.1,0.0,100,0.6,0.76923,,,-0.03,0.00639,0.00109,-0.00872,0.00696,-0.02271,0.32011
2181,2233344,67.73192,124.5,1.0,0.86,0.904689,-0.001317,0.01185,0.001046,0.190466,0.004288,0.963392,39.82148,19.719538,39.720039,21.062809,4.0,7.677e-05,4,329,0.08976,0.11789,0.1,0.0,100,0.0,0.0,,,-0.03,0.00509,0.00137,-0.00883,0.00669,-0.01625,0.44496
2182,2234368,44.44143,262.28571,0.71429,0.84,0.971156,-0.001306,0.017295,0.001129,0.182744,0.008804,0.949609,42.263721,20.538273,42.713211,21.843792,4.0,7.667e-05,7,342,0.07958,0.1104,0.11,0.0,100,0.42857,1.0,,,-0.03,0.00621,0.00123,-0.00957,0.0069,-0.01701,0.50623
2183,2235392,45.13041,197.28571,0.71429,0.83,1.056807,-0.001862,0.020908,0.000945,0.289516,0.003555,0.884952,47.331486,13.583447,45.608398,15.2806,4.0,7.656e-05,7,325,0.08328,0.11838,0.11,0.0,100,0.28571,0.6,,,-0.03,0.00779,0.00104,-0.01087,-0.00276,-0.01925,0.46569
2184,2236416,66.69979,133.25,1.0,0.83,0.790956,-0.001052,0.035344,0.001329,0.235001,0.006104,0.869118,40.89386,17.393682,39.719246,18.805042,4.0,7.646e-05,4,358,0.09087,0.12319,0.11,0.0,100,0.25,0.33333,,,-0.03,0.00792,0.00182,-0.01209,0.00116,-0.01499,0.49125
2185,2237440,21.38515,193.0,0.4,0.8,0.650277,-0.000992,0.018906,0.000751,0.408668,0.005554,0.945866,31.082115,20.865452,28.649483,21.954416,4.0,7.636e-05,5,377,0.07684,0.10737,0.11,0.0,100,0.6,0.77778,,,-0.03,0.00549,0.00058,-0.01326,0.00087,-0.02179,0.28286
2186,2238464,45.94773,193.5,0.75,0.79,0.673372,-0.0017,0.032227,0.001626,0.192429,0.014938,0.922711,31.529016,22.873295,31.097847,23.593916,4.0,7.626e-05,4,382,0.08454,0.11626,0.11,0.0,100,0.75,0.75,,,-0.03,0.00643,0.00164,-0.00877,0.00185,-0.01399,0.41444
2187,2239488,35.14051,272.28571,0.57143,0.77,0.935394,-0.001798,0.015305,0.00143,0.217232,0.007034,0.961837,39.623493,21.981447,38.811684,22.738672,4.0,7.615e-05,7,343,0.08056,0.11002,0.12,0.0,100,0.57143,0.9,,,-0.03,0.00443,0.00073,-0.01272,0.0061,-0.02072,0.40735
2188,2240512,66.71053,141.6,1.0,0.78,1.051707,-0.001109,0.029648,0.001775,0.167767,0.012863,0.823175,46.299843,13.631884,46.602234,14.957477,4.0,7.605e-05,5,309,0.08577,0.11409,0.11,0.0,100,0.4,0.5,,,-0.03,0.00396,0.00153,-0.01006,0.00513,-0.01507,0.4593
2189,2241536,67.83743,122.5,1.0,0.78,0.909823,-0.001263,0.019399,0.001009,0.213728,0.005112,0.941773,38.538643,20.483704,38.096786,21.968393,4.0,7.595e-05,4,353,0.08029,0.09553,0.11,0.0,100,0.0,1.0,,,-0.03,0.00538,0.00102,-0.01048,0.0094,-0.01282,0.44613
2190,2242560,53.21879,187.0,0.83333,0.78,0.861324,-0.001567,0.017707,0.001001,0.195863,0.009033,0.96078,34.584423,23.707033,35.176807,24.865026,4.0,7.585e-05,6,359,0.0796,0.10639,0.11,0.0,100,0.16667,0.66667,,,-0.03,0.00683,0.00114,-0.01072,0.00596,-0.01584,0.55951
2191,2243584,54.26776,214.16667,0.83333,0.78,0.965259,-0.001414,0.017167,0.000892,0.18629,0.003403,0.962556,41.383114,23.558521,42.130333,24.488741,4.0,7.574e-05,6,345,0.08163,0.11075,0.12,0.0,100,0.33333,0.88889,,,-0.03,0.00503,0.001,-0.01037,0.00882,-0.015,0.50581
2192,2244608,58.43725,187.75,0.875,0.77,1.002306,-0.001746,0.024593,0.000806,0.184219,0.005219,0.911316,45.90136,17.987751,46.687347,18.98872,4.0,7.564e-05,8,324,0.08355,0.10581,0.13,0.0,100,0.375,1.0,,,-0.03,0.00605,0.00088,-0.01364,0.0067,-0.02013,0.65103
2193,2245632,67.15466,134.66667,1.0,0.8,0.987358,-0.001105,0.031998,0.002164,0.165947,0.014709,0.878825,46.100441,17.547468,47.019733,18.56411,4.0,7.554e-05,6,337,0.08062,0.10781,0.1,0.0,100,0.16667,0.33333,,,-0.03,0.00639,0.0012,-0.00977,0.01123,-0.01826,0.58482
2194,2246656,67.31163,136.66667,1.0,0.81,1.120485,-0.001529,0.01906,0.001321,0.180103,0.011826,0.931846,48.277321,18.388618,48.790848,19.188776,4.0,7.544e-05,6,323,0.07979,0.10707,0.09,0.0,100,0.33333,1.0,,,-0.03,0.00505,0.0007,-0.01001,0.00778,-0.01585,0.52438
2195,2247680,39.81059,235.0,0.66667,0.82,0.936515,-0.0009,0.028673,0.001261,0.144648,0.006531,0.883794,49.467087,16.797508,49.793804,18.274494,4.0,7.533e-05,6,323,0.0844,0.11204,0.08,0.0,100,0.83333,0.85714,,,-0.03,0.00595,0.0008,-0.0101,0.00264,-0.01375,0.40163
2196,2248704,67.66701,120.2,1.0,0.82,1.081948,-0.00209,0.012122,0.001671,0.183489,0.014572,0.806208,55.691513,9.093784,56.220459,9.427329,4.0,7.523e-05,5,330,0.07738,0.09784,0.08,0.0,100,0.0,0.66667,,,-0.03,0.0044,0.00095,-0.00981,0.01045,-0.01751,0.45854
2197,2249728,66.19353,154.90909,1.0,0.84,1.119972,-0.00084,0.021327,0.001518,0.242284,0.011154,0.834676,53.326756,12.83502,54.738655,13.190903,4.0,7.513e-05,11,323,0.07477,0.09586,0.07,0.0,100,0.09091,1.0,,,-0.03,0.00551,0.00105,-0.01138,0.01001,-0.02325,0.92701
2198,2250752,65.45725,164.0,1.0,0.84,1.195579,-0.001761,0.020637,0.002419,0.215786,0.016876,0.557524,58.312553,9.267284,59.242195,8.107289,4.0,7.503e-05,5,311,0.0801,0.11056,0.07,0.0,100,0.2,0.5,,,-0.03,0.00538,0.00124,-0.01279,0.00817,-0.01968,0.40343
2199,2251776,66.29335,148.125,1.0,0.86,1.20076,-0.002424,0.012005,0.002144,0.188427,0.014175,0.796171,58.911224,8.614943,59.539917,8.919361,4.0,7.492e-05,8,309,0.08421,0.11035,0.06,0.0,100,0.375,0.875,,,-0.03,0.0046,0.00059,-0.01301,0.00885,-0.03465,0.66361
2200,2252800,64.21074,131.375,1.0,0.88,1.15513,-0.002048,0.010583,0.002362,0.245874,0.016998,0.764289,58.336197,7.549555,59.59993,7.527935,4.0,7.482e-05,8,310,0.08132,0.11174,0.05,0.0,100,0.0,1.0,,,-0.03,0.00506,0.00103,-0.01289,0.00939,-0.01867,0.65067
2201,2253824,56.81654,133.85714,0.85714,0.9,0.983966,-0.001541,0.019372,0.001227,0.222729,0.011429,0.840944,56.844208,11.200068,56.266518,13.865942,4.0,7.472e-05,7,328,0.07639,0.10337,0.05,0.0,100,0.28571,1.0,,,-0.03,0.00586,0.00089,-0.01117,0.00883,-0.01603,0.58008
2202,2254848,66.69761,156.42857,1.0,0.93,1.052345,-0.001014,0.025195,0.003024,0.182545,0.034515,0.816036,57.258568,14.956665,58.048443,13.652017,4.0,7.462e-05,7,318,0.08209,0.1121,0.04,0.0,100,0.14286,0.5,,,-0.03,0.0054,0.00083,-0.01092,0.00753,-0.01457,0.63477
2203,2255872,55.27963,142.0,0.83333,0.93,0.985207,-0.000602,0.019896,0.00029,0.239608,6.1e-05,0.830396,59.663834,10.698389,58.639534,12.937677,4.0,7.452e-05,6,333,0.08107,0.1143,0.03,0.0,100,0.16667,1.0,,,-0.03,0.00634,0.00056,-0.01038,0.00764,-0.01412,0.47695
2204,2256896,67.58091,125.83333,1.0,0.93,1.113415,-0.00173,0.013792,0.001967,0.2,0.014236,0.818906,59.792271,9.169613,59.057335,9.845509,4.0,7.441e-05,6,321,0.08002,0.10419,0.03,0.0,100,0.16667,0.0,,,-0.03,0.00539,0.00086,-0.01098,0.00679,-0.01862,0.52337
2205,2257920,54.344,192.28571,0.85714,0.93,0.962146,-0.000727,0.027095,0.000437,0.140701,0.001007,0.829946,55.750919,13.394113,55.338722,14.491343,4.0,7.431e-05,7,331,0.0798,0.11009,0.03,0.0,100,0.42857,1.0,,,-0.03,0.00557,0.00088,-0.00863,0.00522,-0.01643,0.58446
2206,2258944,65.28585,173.0,1.0,0.94,1.077431,-0.001863,0.015338,0.001527,0.206262,0.016327,0.6407,59.662037,6.868226,58.639084,7.541518,4.0,7.421e-05,5,331,0.09512,0.12485,0.02,0.0,100,0.4,0.0,,,-0.03,0.00582,0.00046,-0.01049,0.00122,-0.0388,0.45617
2207,2259968,66.41521,162.6,1.0,0.95,0.910063,-0.001053,0.020146,0.00156,0.209356,0.012268,0.837058,55.502316,11.841277,54.363167,12.724753,4.0,7.411e-05,5,350,0.0935,0.12333,0.01,0.0,100,0.0,1.0,,,-0.03,0.00556,0.00053,-0.00861,-0.00067,-0.02792,0.52292
2208,2260992,66.87219,139.0,1.0,0.95,0.865917,-0.00214,0.014414,0.001533,0.218839,0.013382,0.946158,46.945042,17.7759,45.897545,18.619173,4.0,7.4e-05,4,353,0.0967,0.12256,0.01,0.0,100,0.25,1.0,,,-0.03,0.00628,0.00062,-0.0078,0.00186,-0.01438,0.4573
2209,2262016,47.48833,204.5,0.75,0.94,0.704913,-0.001113,0.021728,0.001364,0.265975,0.010956,0.936246,39.088009,20.309622,37.221897,20.658525,4.0,7.39e-05,4,374,0.09556,0.12696,0.01,0.0,100,0.75,0.0,,,-0.03,0.00542,0.00095,-0.00961,0.00072,-0.01463,0.42532
2210,2263040,17.20594,368.75,0.5,0.92,0.901373,-0.000654,0.027703,0.00053,0.196465,0.00209,0.895821,44.689083,18.293375,44.190475,19.073318,4.0,7.38e-05,4,359,0.08307,0.10813,0.02,0.0,100,0.75,0.85714,,,-0.03,0.00682,5e-05,-0.01083,0.01185,-0.0213,0.20955
2211,2264064,56.49883,142.85714,0.85714,0.92,1.004653,-0.001296,0.014129,0.000637,0.204465,0.003235,0.943364,47.966049,16.486956,46.796196,18.041784,4.0,7.37e-05,7,338,0.08813,0.11254,0.01,0.0,100,0.42857,1.0,,,-0.03,0.00597,0.00026,-0.00962,0.00098,-0.02155,0.596
2212,2265088,63.68535,244.0,1.0,0.93,0.795397,-0.001398,0.034863,0.001314,0.162939,0.012878,0.854607,44.544075,18.461401,44.834595,18.147701,4.0,7.359e-05,5,353,0.09147,0.11244,0.01,0.0,100,0.4,1.0,,,-0.03,0.00665,0.00017,-0.00683,0.00657,-0.0124,0.59855
2213,2266112,62.55227,244.33333,1.0,0.93,0.942978,-0.001121,0.0345,0.00147,0.154023,0.015366,0.801146,46.590275,16.904619,46.951,15.863998,4.0,7.349e-05,3,350,0.0901,0.11574,0.01,0.0,100,0.66667,0.0,,,-0.03,0.00732,0.00088,-0.0095,0.00113,-0.01543,0.3063
2214,2267136,43.76769,222.42857,0.71429,0.91,1.078375,-0.001024,0.018597,0.001094,0.145963,0.00766,0.834682,53.53759,10.151134,53.343147,12.360574,4.0,7.339e-05,7,332,0.0821,0.09831,0.02,0.0,100,0.57143,1.0,,,-0.03,0.00441,0.00038,-0.00595,0.00919,-0.01596,0.46065
2215,2268160,67.88113,125.0,1.0,0.91,1.112813,-0.002196,0.01014,0.001488,0.181505,0.008606,0.84291,53.671173,8.773355,53.139706,9.329353,4.0,7.329e-05,3,330,0.08316,0.10342,0.02,0.0,100,0.0,0.0,,,-0.03,0.00579,0.00048,-0.00627,0.00432,-0.01355,0.2797
2216,2269184,65.64306,160.66667,1.0,0.91,1.071835,-0.001507,0.012692,0.001715,0.184593,0.011215,0.888736,49.884262,11.117405,49.995796,12.351892,4.0,7.318e-05,6,330,0.08444,0.10845,0.02,0.0,100,0.33333,1.0,,,-0.03,0.00443,0.00032,-0.00812,0.00529,-0.01739,0.56654
2217,2270208,34.7777,330.6,0.6,0.89,0.9608,-0.00108,0.022916,0.002103,0.168974,0.013153,0.836841,47.811768,13.719642,47.1819,13.679571,4.0,7.308e-05,5,353,0.08436,0.10589,0.04,0.0,100,0.4,1.0,,,-0.03,0.00707,0.00013,-0.00795,0.00395,-0.01669,0.31721
2218,2271232,67.62861,125.33333,1.0,0.89,0.972679,-0.001546,0.006913,0.000691,0.207073,0.002426,0.939308,50.426346,11.522495,49.792458,12.359435,4.0,7.298e-05,3,358,0.08677,0.1058,0.04,0.0,100,0.0,0.0,,,-0.03,0.0053,-7e-05,-0.00947,0.00727,-0.01796,0.32636
2219,2272256,64.90222,176.83333,1.0,0.89,1.108534,-0.001647,0.016547,0.002247,0.221938,0.020691,0.883952,49.652157,12.864573,50.72543,13.94851,4.0,7.288e-05,6,323,0.0756,0.09316,0.04,0.0,100,0.33333,0.0,,,-0.03,0.00418,0.00087,-0.00982,0.01518,-0.01558,0.53586
2220,2273280,53.36396,210.2,0.8,0.88,1.072128,-0.001704,0.006545,0.001152,0.195628,0.006317,0.963184,50.06744,14.978012,49.90868,15.626465,4.0,7.277e-05,5,341,0.07928,0.10091,0.05,0.0,100,0.2,0.0,,,-0.03,0.00661,0.0002,-0.00846,0.00747,-0.01316,0.38877
2221,2274304,48.90375,247.2,0.8,0.88,1.084762,-0.001931,0.010401,0.001831,0.224904,0.016617,0.84374,56.021709,8.661567,55.231361,9.212363,4.0,7.267e-05,5,334,0.08255,0.10171,0.06,0.0,100,0.0,1.0,,,-0.03,0.00598,0.00044,-0.00518,0.00098,-0.01296,0.36905
2222,2275328,65.60998,186.75,1.0,0.88,0.963728,-0.00121,0.015539,0.001467,0.176405,0.011368,0.849691,49.293442,10.683622,48.929642,11.570177,4.0,7.257e-05,4,352,0.07756,0.09197,0.06,0.0,100,0.25,0.0,,,-0.03,0.00804,0.00048,-0.00342,0.00383,-0.01242,0.4174
2223,2276352,38.07351,356.0,0.66667,0.87,0.854433,-0.001494,0.018932,0.001451,0.249644,0.009628,0.86953,44.54921,13.473247,43.121021,13.569616,4.0,7.247e-05,3,359,0.08848,0.11169,0.07,0.0,100,1.0,1.0,,,-0.03,0.00843,0.0004,-0.00374,-0.005,-0.00949,0.23242
2224,2277376,47.88295,270.0,0.8,0.87,1.049902,-0.00106,0.033023,0.001734,0.19487,0.019669,0.748273,48.487564,12.072293,48.580498,13.415047,4.0,7.236e-05,5,340,0.07871,0.09999,0.07,0.0,100,0.6,1.0,,,-0.03,0.00705,0.00078,-0.008,0.01103,-0.01737,0.36605
2225,2278400,67.39977,133.5,1.0,0.87,1.083797,-0.001488,0.010944,0.000769,0.200558,0.00415,0.932033,49.377438,13.230022,49.822296,14.279564,4.0,7.226e-05,6,330,0.07958,0.10687,0.07,0.0,100,0.16667,0.0,,,-0.03,0.0061,0.00072,-0.01034,0.00721,-0.01721,0.56617
2226,2279424,55.04624,193.85714,0.85714,0.87,1.059437,-0.001023,0.012171,0.001435,0.175549,0.011444,0.930786,49.67646,14.677855,49.975594,16.657799,4.0,7.216e-05,7,328,0.07895,0.10088,0.07,0.0,100,0.42857,1.0,,,-0.03,0.00615,0.00094,-0.0093,0.00977,-0.01914,0.57403
2227,2280448,57.01848,193.42857,0.85714,0.86,1.221498,-0.001867,0.007847,0.001535,0.196675,0.013397,0.803851,57.74617,6.71838,58.252289,7.135938,4.0,7.206e-05,7,320,0.08248,0.11029,0.08,0.0,100,0.14286,1.0,,,-0.03,0.00534,0.001,-0.01036,0.0109,-0.01531,0.50697
2228,2281472,66.57232,150.875,1.0,0.86,1.241618,-0.001149,0.007281,0.000961,0.257386,0.001785,0.699319,58.517235,5.374222,60.02005,5.688389,4.0,7.196e-05,8,307,0.07638,0.10477,0.08,0.0,100,0.125,1.0,,,-0.03,0.00815,0.0013,-0.00734,0.01309,-0.02345,0.634
2229,2282496,68.09346,121.33333,1.0,0.89,1.174716,-0.001373,0.011654,0.000974,0.1607,0.004059,0.756587,57.433929,7.005142,57.36623,7.828012,4.0,7.185e-05,6,293,0.07936,0.1083,0.07,0.0,100,0.16667,1.0,,,-0.03,0.00743,0.00118,-0.00812,0.00373,-0.01812,0.51746
2230,2283520,66.73639,136.66667,1.0,0.9,1.016455,-0.001387,0.008411,0.001512,0.171576,0.010468,0.929889,53.59037,11.642856,53.820061,12.902553,4.0,7.175e-05,6,339,0.08379,0.1119,0.07,0.0,100,0.33333,1.0,,,-0.03,0.00633,0.00096,-0.01091,0.00849,-0.01613,0.5949
2231,2284544,66.88512,145.8,1.0,0.9,0.932987,-0.001627,0.008759,0.001049,0.172855,0.009262,0.961789,50.974304,16.598129,50.592926,17.187788,4.0,7.165e-05,5,351,0.0847,0.11391,0.07,0.0,100,0.2,0.0,,,-0.03,0.00684,0.00103,-0.00853,0.00423,-0.01752,0.5383
2232,2285568,64.19038,172.25,1.0,0.9,0.821751,-0.000942,0.011952,0.000686,0.144487,0.004333,0.957182,48.038162,18.90394,47.810631,19.109594,4.0,7.155e-05,4,367,0.08498,0.1076,0.07,0.0,100,0.75,1.0,,,-0.03,0.00875,0.00084,-0.00606,0.00309,-0.02019,0.48025
2233,2286592,45.33904,279.71429,0.71429,0.9,1.010205,-0.001354,0.005589,0.001015,0.165174,0.007156,0.971477,53.565357,15.218873,53.922287,15.910396,4.0,7.144e-05,7,320,0.07651,0.10584,0.08,0.0,100,0.57143,0.9,,,-0.03,0.00713,0.00127,-0.00858,0.01049,-0.01816,0.47268
2234,2287616,67.73142,132.5,1.0,0.9,1.10483,-0.001278,0.006351,0.001943,0.164867,0.00972,0.939407,57.761509,11.008259,58.112644,11.788293,4.0,7.134e-05,8,323,0.07881,0.10758,0.08,0.0,100,0.125,1.0,,,-0.03,0.00644,0.00115,-0.00644,0.00971,-0.019,0.70706
2235,2288640,68.73866,118.0,1.0,0.92,1.016245,-0.001694,0.009418,0.001545,0.174608,0.006439,0.940463,54.737659,13.552389,54.680481,14.275117,4.0,7.124e-05,5,326,0.08386,0.1187,0.06,0.0,100,0.2,1.0,,,-0.03,0.0081,0.00109,-0.00504,0.00594,-0.01768,0.4658
2236,2289664,35.16273,219.57143,0.57143,0.89,0.633576,-0.000588,0.035734,0.000287,0.406281,0.000351,0.862531,47.593727,16.632856,44.790752,18.448744,4.0,7.114e-05,7,368,0.0881,0.11509,0.07,0.0,100,0.57143,1.0,,,-0.03,0.0086,0.00069,-0.00406,-0.00423,-0.02246,0.57966
2237,2290688,68.5119,113.6,1.0,0.89,0.998851,-0.001213,0.004913,0.001281,0.226421,0.00705,0.975281,52.597618,15.461167,52.60368,16.482885,4.0,7.103e-05,5,335,0.07622,0.09908,0.07,0.0,100,0.0,0.5,,,-0.03,0.00694,0.00104,-0.00799,0.01316,-0.02464,0.47663
2238,2291712,64.30023,201.66667,1.0,0.91,0.983007,-0.00057,0.025254,0.001693,0.179313,0.011032,0.894378,51.428467,18.794653,52.445438,17.93858,4.0,7.093e-05,6,330,0.07528,0.10076,0.05,0.0,100,0.33333,1.0,,,-0.03,0.00753,0.00078,-0.00513,0.01045,-0.02188,0.56165
2239,2292736,57.50225,192.14286,0.85714,0.9,1.09335,-0.00172,0.005882,0.001347,0.188782,0.011093,0.964119,55.220749,14.026673,55.347771,14.924744,4.0,7.083e-05,7,322,0.07438,0.09606,0.06,0.0,100,0.14286,1.0,,,-0.03,0.00753,0.00076,-0.00274,0.01178,-0.02275,0.5234
2240,2293760,48.99304,193.0,0.8,0.91,0.963918,-0.00115,0.033904,0.001302,0.326242,0.0065,0.728843,54.971893,11.446157,52.997608,13.062853,4.0,7.073e-05,5,327,0.08205,0.11296,0.05,0.0,100,0.4,1.0,,,-0.03,0.00724,0.00081,-0.00528,-0.00194,-0.02095,0.38539
2241,2294784,54.61938,155.33333,0.83333,0.9,1.106622,-0.001072,0.020463,0.001779,0.16867,0.009567,0.812971,57.133034,10.146931,56.448399,11.971467,4.0,7.062e-05,6,318,0.0706,0.09697,0.05,0.0,100,0.33333,0.83333,,,-0.03,0.00762,0.0015,-0.00597,0.01177,-0.02705,0.42642
2242,2295808,64.95602,150.14286,1.0,0.91,1.174698,-0.001718,0.018699,0.001729,0.183293,0.010864,0.435791,58.571278,7.054717,58.983772,6.789855,4.0,7.052e-05,7,312,0.07497,0.1082,0.05,0.0,100,0.42857,0.5,,,-0.03,0.00723,0.00102,-0.00689,0.00654,-0.027,0.5727
2243,2296832,66.53236,147.25,1.0,0.92,0.939426,-0.001432,0.01828,0.001926,0.247228,0.016083,0.850631,55.29599,11.719344,53.929749,12.340143,4.0,7.042e-05,4,334,0.08009,0.11211,0.04,0.0,100,0.25,0.5,,,-0.03,0.00628,0.00116,-0.00342,0.00312,-0.0233,0.41814
2244,2297856,65.78666,173.83333,1.0,0.92,0.907998,-0.000497,0.026466,0.001211,0.148591,0.002823,0.778079,49.123962,12.612147,49.593502,12.683361,4.0,7.032e-05,6,351,0.07354,0.09381,0.04,0.0,100,0.5,1.0,,,-0.03,0.0089,0.00065,-0.00315,0.00919,-0.02818,0.63648
2245,2298880,62.04419,219.0,1.0,0.92,1.101398,-0.000897,0.018911,0.000878,0.173005,0.006104,0.76671,52.518295,10.324841,53.036369,10.512598,4.0,7.021e-05,4,328,0.079,0.10633,0.04,0.0,100,0.5,1.0,,,-0.03,0.00588,0.0009,-0.00439,0.00742,-0.02307,0.35301
2246,2299904,64.80762,192.77778,1.0,0.92,1.196212,-0.001186,0.015103,0.001579,0.244553,0.006149,0.570509,56.871109,7.718872,58.201675,7.003625,4.0,7.011e-05,9,302,0.07187,0.102,0.04,0.0,100,0.55556,1.0,,,-0.03,0.00832,0.00138,-0.00388,0.00939,-0.01648,0.72144
2247,2300928,67.62792,148.33333,1.0,0.92,1.114614,-0.001442,0.009926,0.001744,0.181042,0.011017,0.73439,58.097164,6.881815,58.653099,7.038229,4.0,7.001e-05,6,322,0.07857,0.10693,0.04,0.0,100,0.33333,1.0,,,-0.03,0.00566,0.00092,-0.00435,0.0068,-0.01758,0.52681
2248,2301952,66.99917,140.28571,1.0,0.92,1.108178,-0.00109,0.00804,0.001835,0.225211,0.0103,0.817909,56.819057,6.783272,57.974949,7.499929,4.0,6.991e-05,7,320,0.07324,0.10592,0.04,0.0,100,0.14286,1.0,,,-0.03,0.00752,0.00178,-0.00765,0.01215,-0.02559,0.60403
2249,2302976,66.83065,149.5,1.0,0.94,1.154466,-0.001346,0.007465,0.001587,0.20984,0.007736,0.766415,59.472618,6.200695,60.464851,6.330376,4.0,6.98e-05,8,313,0.07464,0.1049,0.02,0.0,100,0.25,0.0,,,-0.03,0.00512,0.00151,-0.00457,0.00946,-0.02307,0.66638
2250,2304000,67.45905,129.0,1.0,0.94,1.185065,-0.001588,0.006406,0.001465,0.226507,0.00795,0.832558,58.759804,6.550186,59.885239,6.933442,4.0,6.97e-05,8,300,0.07146,0.10035,0.02,0.0,100,0.25,0.5,,,-0.03,0.00698,0.00121,-0.00532,0.00847,-0.02929,0.64067
2251,2305024,56.31991,137.71429,0.85714,0.93,1.106842,-0.000374,0.025837,0.000584,0.195015,0.000763,0.615745,59.020168,7.271949,58.295929,10.123782,4.0,6.96e-05,7,320,0.07086,0.10022,0.02,0.0,100,0.28571,1.0,,,-0.03,0.00805,0.00138,-0.00537,0.00958,-0.02307,0.52053
2252,2306048,57.43522,128.0,0.85714,0.95,1.166594,-0.000425,0.016789,0.00029,0.127295,3.1e-05,0.717506,60.322468,6.507733,60.018738,9.368094,4.0,6.95e-05,7,313,0.07288,0.09895,0.01,0.0,100,0.42857,1.0,,,-0.03,0.00804,0.00109,-0.00429,0.01192,-0.0203,0.50568
2253,2307072,67.31667,136.0,1.0,0.95,1.193565,-0.001297,0.005055,0.000697,0.14282,0.00296,0.905291,60.38681,7.971953,60.418346,8.348997,4.0,6.94e-05,5,308,0.07265,0.0971,0.01,0.0,100,0.2,0.0,,,-0.03,0.00565,0.00096,-0.00486,0.00837,-0.02047,0.41007
2254,2308096,66.10679,160.66667,1.0,0.95,1.179593,-0.0019,0.008681,0.001926,0.204361,0.015656,0.894834,58.48679,10.089215,57.825649,10.375381,4.0,6.929e-05,6,324,0.07363,0.0934,0.01,0.0,100,0.33333,0.0,,,-0.03,0.00829,0.00066,-0.00164,0.00421,-0.02375,0.51256
2255,2309120,28.94401,231.0,0.5,0.94,0.95428,-0.000605,0.028812,0.0009,0.411499,0.004547,0.823163,53.537224,11.281939,50.819656,14.805004,4.0,6.919e-05,6,340,0.07431,0.10285,0.01,0.0,100,0.66667,1.0,,,-0.03,0.00805,0.00112,-0.00357,0.00202,-0.02452,0.30269
2256,2310144,68.13112,132.16667,1.0,0.95,1.240228,-0.001263,0.012321,0.002833,0.169337,0.025131,0.817628,59.21608,9.254747,59.11248,9.400756,4.0,6.909e-05,6,300,0.07033,0.09624,0.01,0.0,100,0.16667,1.0,,,-0.03,0.00686,0.00131,-0.00397,0.00869,-0.01839,0.48131
2257,2311168,54.64834,194.85714,0.85714,0.94,1.089811,-0.000992,0.014681,0.001312,0.146193,0.011505,0.845282,56.956535,10.326217,57.08791,11.243048,4.0,6.899e-05,7,319,0.07423,0.10181,0.02,0.0,100,0.57143,0.0,,,-0.03,0.00848,0.00122,-0.0044,0.00814,-0.02061,0.53035
2258,2312192,66.69688,152.5,1.0,0.94,1.184346,-0.000816,0.010574,0.000404,0.157656,0.001114,0.687284,61.22847,7.84277,61.63467,6.918536,4.0,6.888e-05,8,315,0.07583,0.10303,0.02,0.0,100,0.375,1.0,,,-0.03,0.008,0.00109,-0.00657,0.00766,-0.02462,0.66723
2259,2313216,67.39439,125.66667,1.0,0.94,1.105552,-0.001553,0.009417,0.001618,0.18564,0.00943,0.8044,60.072952,6.586176,59.653137,7.936824,4.0,6.878e-05,6,312,0.08035,0.10935,0.02,0.0,100,0.33333,0.0,,,-0.03,0.00571,0.00102,-0.00573,0.00254,-0.01599,0.54891
2260,2314240,56.2414,140.71429,0.85714,0.93,1.170607,-0.000615,0.015395,0.002332,0.132887,0.017502,0.810043,59.880878,8.204623,59.514481,10.344077,4.0,6.868e-05,7,318,0.07718,0.1087,0.02,0.0,100,0.42857,1.0,,,-0.03,0.00549,0.00129,-0.00717,0.01259,-0.02606,0.51705
2261,2315264,67.06197,123.0,1.0,0.93,1.1437,-0.001487,0.008458,0.0012,0.211752,0.006592,0.940523,57.171589,12.896065,56.436974,13.295394,4.0,6.858e-05,6,323,0.08035,0.11699,0.02,0.0,100,0.16667,1.0,,,-0.03,0.00809,0.00056,-0.00587,0.00322,-0.0173,0.54514
2262,2316288,54.16836,198.83333,0.83333,0.92,1.013984,-0.000466,0.01213,0.000968,0.143296,0.0047,0.886827,58.069305,10.65684,57.53091,12.195748,4.0,6.847e-05,6,309,0.08238,0.10832,0.02,0.0,100,0.66667,0.0,,,-0.03,0.00852,0.0007,-0.00556,0.00602,-0.01546,0.49713
2263,2317312,66.55071,177.4,1.0,0.92,0.969984,-0.001272,0.01189,0.00079,0.161406,0.003403,0.864884,55.932457,9.858912,55.477966,10.490705,4.0,6.837e-05,5,344,0.08522,0.10817,0.02,0.0,100,0.6,0.0,,,-0.03,0.00841,0.00088,-0.00394,0.00833,-0.01663,0.52683
2264,2318336,67.86774,132.6,1.0,0.92,0.964152,-0.001142,0.008289,0.001634,0.152525,0.012177,0.945089,53.882252,13.354007,53.688744,13.966296,4.0,6.827e-05,5,347,0.08263,0.11077,0.02,0.0,100,0.2,0.0,,,-0.03,0.00729,0.0006,-0.00565,0.0049,-0.01843,0.51778
2265,2319360,55.91798,212.14286,0.85714,0.91,0.976217,-0.001316,0.006337,0.001427,0.148179,0.012085,0.966914,52.442307,15.655182,52.353104,16.329012,4.0,6.817e-05,7,342,0.07853,0.10837,0.03,0.0,100,0.71429,0.0,,,-0.03,0.00812,-0.00038,-0.00726,0.00459,-0.02792,0.61774
2266,2320384,65.50417,139.28571,1.0,0.91,1.132211,-0.001534,0.003662,0.000952,0.175179,0.008621,0.977361,56.381706,14.150997,56.621742,14.653065,4.0,6.806e-05,7,311,0.07931,0.10798,0.03,0.0,100,0.28571,0.0,,,-0.03,0.00587,0.00142,-0.00592,0.01084,-0.02319,0.61993
2267,2321408,57.4939,193.0,0.85714,0.91,1.219772,-0.002777,0.003367,0.002496,0.238379,0.022461,0.889792,61.695282,5.981835,62.348595,6.179441,4.0,6.796e-05,7,310,0.07652,0.1067,0.04,0.0,100,0.14286,0.0,,,-0.03,0.00726,0.00093,-0.00579,0.00957,-0.01522,0.4873
2268,2322432,67.37461,140.33333,1.0,0.92,0.987035,-0.001436,0.00925,0.001704,0.206952,0.01033,0.826272,59.431091,7.357028,58.897205,8.399841,4.0,6.786e-05,6,333,0.07967,0.10834,0.04,0.0,100,0.33333,0.0,,,-0.03,0.0052,0.00106,-0.00374,0.00404,-0.02029,0.59878
2269,2323456,60.09164,126.55556,0.88889,0.91,1.097014,-0.000544,0.009797,0.000616,0.128555,0.001892,0.903334,58.694588,10.539517,58.772339,12.877371,4.0,6.776e-05,9,310,0.07171,0.10229,0.04,0.0,100,0.33333,0.0,,,-0.03,0.00785,0.00119,-0.004,0.01113,-0.02068,0.69551
2270,2324480,68.86685,116.71429,1.0,0.94,1.143243,-0.00121,0.003814,0.000956,0.16735,0.005005,0.980241,58.346237,15.128351,58.59581,15.769077,4.0,6.765e-05,7,318,0.06905,0.09407,0.03,0.0,100,0.0,1.0,,,-0.03,0.00587,0.0014,-0.00435,0.01432,-0.02138,0.59486
2271,2325504,58.73293,181.625,0.875,0.93,1.011089,-0.001006,0.007154,0.000749,0.171042,0.003021,0.970658,55.914059,17.736496,55.29945,18.267017,4.0,6.755e-05,8,332,0.0708,0.09611,0.04,0.0,100,0.25,1.0,,,-0.03,0.00699,0.00134,-0.00394,0.00736,-0.02693,0.66935
2272,2326528,56.33425,143.57143,0.85714,0.93,1.107522,-0.001148,0.015176,0.001379,0.177682,0.014801,0.887182,60.324356,11.094693,59.554176,13.31164,4.0,6.745e-05,7,291,0.06911,0.10088,0.03,0.0,100,0.42857,0.0,,,-0.03,0.00885,0.00144,-0.00463,0.00698,-0.02573,0.50382
2273,2327552,55.58257,137.0,0.83333,0.92,1.09756,-0.000646,0.014791,0.001273,0.222817,0.00676,0.871887,60.832146,10.473807,59.842079,12.723163,4.0,6.735e-05,6,324,0.07029,0.09828,0.03,0.0,100,0.16667,0.66667,,,-0.03,0.00822,0.00102,-0.00252,0.01054,-0.02224,0.44616
2274,2328576,67.94776,135.8,1.0,0.92,1.143235,-0.0016,0.011342,0.00154,0.213659,0.011032,0.929809,59.093323,13.915465,58.312572,14.4131,4.0,6.724e-05,5,329,0.07749,0.10703,0.03,0.0,100,0.2,0.0,,,-0.03,0.00762,0.0013,-0.00275,0.01162,-0.01986,0.46049
2275,2329600,66.43592,159.4,1.0,0.93,1.102104,-0.000739,0.0123,0.001238,0.156913,0.0065,0.944118,56.383953,16.984699,56.019966,17.045612,4.0,6.714e-05,5,329,0.0751,0.09917,0.03,0.0,100,0.4,1.0,,,-0.03,0.00705,0.00105,-0.00268,0.01134,-0.01875,0.4703
2276,2330624,67.30503,139.16667,1.0,0.93,1.099413,-0.001275,0.004627,0.001278,0.186053,0.008835,0.983921,53.766418,18.762659,53.204746,19.214277,4.0,6.704e-05,6,313,0.07441,0.09932,0.03,0.0,100,0.0,0.0,,,-0.03,0.00766,0.00131,-0.00315,0.00676,-0.01811,0.56316
2277,2331648,48.95398,260.0,0.75,0.92,1.010092,-0.001659,0.013352,0.002223,0.357976,0.019516,0.946999,52.190414,17.297569,49.905128,17.785711,4.0,6.694e-05,4,334,0.08024,0.10924,0.04,0.0,100,0.5,0.0,,,-0.03,0.00843,0.00121,-0.00442,-0.00131,-0.01788,0.30863
2278,2332672,36.71152,251.8,0.6,0.91,0.902165,-0.001028,0.013187,0.000843,0.330375,0.003448,0.957175,47.990856,18.474499,45.866314,19.640335,4.0,6.684e-05,5,353,0.0799,0.11601,0.05,0.0,100,0.2,1.0,,,-0.03,0.00853,0.00103,-0.00374,0.00255,-0.02472,0.34079
2279,2333696,29.32215,183.0,0.5,0.89,0.738755,-0.001039,0.021118,0.001264,0.396046,0.011658,0.935063,41.198151,19.53351,38.899754,20.530363,4.0,6.673e-05,4,365,0.09263,0.12282,0.05,0.0,100,0.75,0.5,,,-0.03,0.00865,0.00094,-0.0063,-0.00082,-0.01535,0.27221
2280,2334720,38.31433,260.33333,0.66667,0.88,0.716368,-0.000421,0.034565,0.000935,0.321494,0.003601,0.880524,38.379066,21.163431,37.10907,20.187996,4.0,6.663e-05,3,391,0.1042,0.13511,0.05,0.0,100,0.66667,1.0,,,-0.03,0.00722,0.00084,-0.00763,-0.00274,-0.00917,0.27158
2281,2335744,-5.38091,600.0,0.0,0.87,0.681737,-0.001421,0.005483,0.000539,0.36207,0.003662,0.973073,35.998619,16.832079,33.783527,15.733241,4.0,6.653e-05,1,407,0.11151,0.13215,0.06,0.0,100,1.0,0.0,,,-0.03,0.00807,-0.00023,-0.00405,0.00172,-0.00573,0.0
2282,2336768,47.77495,319.0,0.8,0.86,0.730046,-0.000853,0.036489,0.000935,0.229571,0.00795,0.841782,32.366379,16.670261,33.24855,17.326025,4.0,6.643e-05,5,392,0.10385,0.12505,0.07,0.0,100,0.6,1.0,,,-0.03,0.00646,-0.00041,-0.00483,-0.00068,-0.01489,0.55452
2283,2337792,48.20141,251.25,0.75,0.85,0.99271,-0.001862,0.012763,0.002093,0.1833,0.014908,0.949213,40.186722,17.482887,40.137482,18.373524,4.0,6.632e-05,4,330,0.08725,0.11437,0.08,0.0,100,0.5,1.0,,,-0.03,0.00708,0.00083,-0.00406,0.00774,-0.01471,0.32181
2284,2338816,41.46809,302.83333,0.66667,0.84,1.254304,-0.001221,0.011071,0.002124,0.211981,0.011047,0.882823,50.564095,11.574686,51.037746,12.124542,4.0,6.622e-05,6,314,0.08094,0.10733,0.09,0.0,100,0.33333,0.0,,,-0.03,0.00712,0.00114,-0.00588,0.00958,-0.01793,0.32869
2285,2339840,57.91055,144.25,0.875,0.84,1.230838,-0.001103,0.022107,0.001003,0.162884,0.005981,0.708191,53.175049,6.416753,53.045258,10.268174,4.0,6.612e-05,8,313,0.07822,0.10931,0.08,0.0,100,0.25,1.0,,,-0.03,0.00925,0.00138,-0.00597,0.00502,-0.01935,0.58547
2286,2340864,66.6529,152.14286,1.0,0.84,1.154992,-0.001237,0.021012,0.001212,0.19749,0.006393,0.704064,53.325996,8.032657,53.757225,9.632022,4.0,6.602e-05,7,310,0.08271,0.11052,0.08,0.0,100,0.42857,0.0,,,-0.03,0.0093,0.00096,-0.00388,-0.00354,-0.01932,0.6219
2287,2341888,51.25441,179.6,0.8,0.84,0.920061,-0.000895,0.032078,0.000613,0.163653,0.000488,0.707898,49.578766,11.080754,48.919449,12.116919,4.0,6.591e-05,5,351,0.09312,0.12449,0.08,0.0,100,0.6,1.0,,,-0.03,0.00988,0.00094,-0.00236,-0.00202,-0.01712,0.4463
2288,2342912,47.92151,156.0,0.75,0.83,1.063442,-0.000784,0.019746,0.000543,0.172886,0.002045,0.865482,46.715649,12.120104,46.39431,14.253982,4.0,6.581e-05,4,339,0.08387,0.109,0.08,0.0,100,0.25,1.0,,,-0.03,0.00883,0.0011,-0.00529,0.00921,-0.01779,0.29477
2289,2343936,66.72249,164.2,1.0,0.83,1.068598,-0.001278,0.021708,0.001049,0.152937,0.007599,0.87816,47.0881,14.528246,46.708683,15.037393,4.0,6.571e-05,5,335,0.08682,0.11266,0.08,0.0,100,0.2,1.0,,,-0.03,0.00756,0.00059,-0.00439,0.00043,-0.02011,0.49548
2290,2344960,40.43123,269.66667,0.66667,0.81,0.871265,-0.000915,0.029971,0.00154,0.177674,0.010315,0.873637,41.160286,15.955229,40.80085,17.692072,4.0,6.561e-05,6,346,0.08504,0.11376,0.09,0.0,100,0.5,0.0,,,-0.03,0.00913,0.00107,-0.0059,0.00355,-0.01761,0.45589
2291,2345984,68.77753,123.75,1.0,0.82,0.929154,-0.001035,0.012329,0.001537,0.171876,0.006104,0.928906,46.230831,13.936069,46.627663,15.123652,4.0,6.55e-05,4,354,0.08619,0.11304,0.08,0.0,100,0.0,1.0,,,-0.03,0.00953,0.00089,-0.00302,0.00782,-0.01224,0.44801
2292,2347008,66.50895,179.66667,1.0,0.83,0.885047,-0.000684,0.023264,0.000376,0.187906,0.000504,0.901538,42.926804,16.441277,44.043377,17.405899,4.0,6.54e-05,6,362,0.09083,0.11648,0.08,0.0,100,0.33333,0.0,,,-0.03,0.00821,0.00045,-0.00688,0.00796,-0.01654,0.69455
2293,2348032,51.70121,286.33333,0.83333,0.83,1.049257,-0.001019,0.023862,0.001003,0.26372,0.005615,0.875722,47.919136,16.009144,49.672516,15.751099,4.0,6.53e-05,6,323,0.08274,0.10925,0.09,0.0,100,0.5,1.0,,,-0.03,0.00767,0.00109,-0.00655,0.0051,-0.01158,0.47229
2294,2349056,67.88518,145.0,1.0,0.83,1.161776,-0.001087,0.014164,0.001381,0.228318,0.005844,0.761455,55.130287,7.973559,56.368263,8.577904,4.0,6.52e-05,7,319,0.08135,0.11197,0.09,0.0,100,0.14286,0.0,,,-0.03,0.00743,0.00116,-0.00438,0.0062,-0.01509,0.61149
2295,2350080,42.50239,153.16667,0.66667,0.81,1.032779,-0.001157,0.029316,0.002021,0.345329,0.016846,0.809616,51.469109,10.961061,49.371292,14.461928,4.0,6.509e-05,6,331,0.08468,0.12083,0.09,0.0,100,0.33333,1.0,,,-0.03,0.00935,0.00089,-0.00537,-0.00716,-0.01855,0.39042
2296,2351104,67.88331,137.8,1.0,0.82,0.974018,-0.001119,0.024863,0.001308,0.148289,0.010315,0.879272,47.512875,15.446157,47.780602,16.467918,4.0,6.499e-05,5,339,0.08316,0.11697,0.08,0.0,100,0.2,1.0,,,-0.03,0.00829,0.00104,-0.00672,0.01249,-0.01605,0.53236
2297,2352128,52.9527,166.8,0.8,0.83,0.791795,-0.000971,0.018324,0.00126,0.199251,0.007858,0.933609,43.901833,17.46051,43.05909,19.133003,4.0,6.489e-05,5,361,0.08183,0.11381,0.07,0.0,100,0.4,0.0,,,-0.03,0.00854,0.00141,-0.00526,0.00564,-0.01597,0.51831
2298,2353152,63.30963,276.25,1.0,0.84,1.01285,-0.000825,0.041511,0.000474,0.18997,0.000992,0.746761,48.075226,16.739391,48.454567,15.439788,4.0,6.479e-05,4,346,0.07806,0.10872,0.07,0.0,100,0.5,1.0,,,-0.03,0.00725,0.00126,-0.00363,0.00372,-0.01798,0.40059
2299,2354176,66.09465,168.0,1.0,0.85,0.743991,-0.001191,0.019533,0.001365,0.171666,0.013107,0.90242,42.404964,15.695508,41.691933,15.893389,4.0,6.468e-05,3,384,0.08774,0.11809,0.07,0.0,100,0.33333,1.0,,,-0.03,0.0068,0.00086,-0.00435,-0.00105,-0.01322,0.41937
2300,2355200,45.1466,242.75,0.75,0.86,0.829692,-0.000747,0.030987,0.00118,0.152804,0.011703,0.822496,44.58091,14.23217,43.936668,14.92442,4.0,6.458e-05,4,340,0.08581,0.11614,0.06,0.0,100,0.5,1.0,,,-0.03,0.00776,0.00096,-0.00468,0.00185,-0.012,0.36422
2301,2356224,43.1263,302.0,0.66667,0.85,0.829721,-0.000858,0.011423,0.000645,0.185901,0.001358,0.933082,43.921574,14.475759,43.274284,14.774118,4.0,6.448e-05,3,382,0.086,0.11646,0.07,0.0,100,0.33333,0.0,,,-0.03,0.00734,0.00094,-0.00335,0.00477,-0.00817,0.26296
2302,2357248,46.80269,310.75,0.75,0.85,0.917523,-0.001407,0.020167,0.001503,0.160841,0.015854,0.858512,44.952553,13.254745,44.555298,13.49002,4.0,6.438e-05,4,361,0.08309,0.11254,0.07,0.0,100,0.75,0.0,,,-0.03,0.00653,0.00109,-0.00296,0.00388,-0.01287,0.33171
2303,2358272,62.36311,284.0,1.0,0.86,0.884415,-0.000581,0.023707,0.000496,0.148477,0.000534,0.802333,44.394264,13.223497,44.345741,12.860069,4.0,6.428e-05,4,376,0.08831,0.11182,0.06,0.0,100,0.75,0.0,,,-0.03,0.00683,0.00068,-0.00387,0.00203,-0.01284,0.47294
2304,2359296,38.56378,367.0,0.66667,0.87,1.038301,-0.001488,0.016635,0.002056,0.176133,0.023743,0.766537,45.601227,9.697437,45.356621,9.65841,4.0,6.417e-05,3,338,0.07961,0.10422,0.05,0.0,100,1.0,1.0,,,-0.03,0.00795,0.00071,-0.00354,0.00406,-0.01159,0.19695
2305,2360320,65.98826,182.5,1.0,0.87,1.000845,-0.001338,0.018135,0.001056,0.204932,0.005859,0.777466,45.251808,9.908283,44.401508,10.279867,4.0,6.407e-05,2,359,0.08195,0.10031,0.05,0.0,100,1.0,0.0,,,-0.03,0.00676,0.00079,-0.00313,-0.00115,-0.00637,0.21421
2306,2361344,29.45565,391.0,0.5,0.86,0.820746,-0.001424,0.007419,0.001616,0.201103,0.019409,0.902586,42.360355,9.497656,41.481323,9.99619,4.0,6.397e-05,2,385,0.08466,0.09947,0.06,0.0,100,0.5,1.0,,,-0.03,0.00713,0.00032,-0.00224,0.00147,-0.00515,0.12795
2307,2362368,50.81752,239.0,0.8,0.86,0.99087,-0.001657,0.009346,0.001939,0.20162,0.018417,0.917916,42.031681,10.771028,41.706539,12.145262,4.0,6.387e-05,5,343,0.07395,0.09237,0.07,0.0,100,0.6,1.0,,,-0.03,0.00683,0.00101,-0.00384,0.00694,-0.01818,0.41165
2308,2363392,24.9139,406.5,0.5,0.85,0.823761,-0.00115,0.011487,0.001863,0.156153,0.020416,0.882194,40.556339,11.085765,39.939774,11.263768,4.0,6.376e-05,2,362,0.07521,0.0985,0.08,0.0,100,1.0,0.0,,,-0.03,0.00809,0.00081,-0.00332,3e-05,-0.00882,0.12133
2309,2364416,33.82626,362.42857,0.57143,0.83,1.157497,-0.000671,0.013477,0.000638,0.223247,0.000626,0.739089,48.941818,7.798944,50.003025,8.66733,4.0,6.366e-05,7,318,0.07425,0.1013,0.11,0.0,100,0.71429,1.0,,,-0.03,0.00695,0.00106,-0.00543,0.0088,-0.02191,0.33901
2310,2365440,66.39269,159.4,1.0,0.83,1.056383,-0.00193,0.011645,0.001528,0.187739,0.009674,0.7984,52.963024,7.79401,52.737312,8.541601,4.0,6.356e-05,5,340,0.07599,0.09721,0.11,0.0,100,0.4,1.0,,,-0.03,0.00678,0.00072,-0.0052,-0.00335,-0.01579,0.4785
2311,2366464,52.4026,191.83333,0.83333,0.83,1.039895,-0.000614,0.026567,0.000849,0.177346,0.003967,0.578372,49.385635,6.400672,49.268311,9.69443,4.0,6.346e-05,6,323,0.07521,0.10186,0.11,0.0,100,0.5,0.0,,,-0.03,0.00819,0.0008,-0.0062,0.0082,-0.01964,0.46884
2312,2367488,40.39877,192.0,0.66667,0.82,0.927431,-0.0007,0.037595,0.000747,0.245532,0.004883,0.637649,48.666077,8.435089,47.514843,12.16495,4.0,6.335e-05,6,338,0.07777,0.1155,0.11,0.0,100,0.33333,1.0,,,-0.03,0.00891,0.00112,-0.00411,-0.00017,-0.01839,0.39619
2313,2368512,56.53566,163.85714,0.85714,0.82,1.0568,-0.000742,0.026344,0.001556,0.138935,0.009872,0.746308,51.317844,9.02139,51.38036,11.613281,4.0,6.325e-05,7,319,0.07677,0.11087,0.1,0.0,100,0.42857,1.0,,,-0.03,0.00746,0.00112,-0.00541,-0.00277,-0.02015,0.53289
2314,2369536,34.19429,159.57143,0.57143,0.79,0.819356,-0.000698,0.038775,0.00074,0.304395,0.003021,0.770398,48.150105,10.872698,46.259277,15.202364,4.0,6.315e-05,7,342,0.0799,0.11519,0.1,0.0,100,0.85714,0.0,,,-0.03,0.00834,0.00103,-0.00486,-0.0045,-0.01783,0.43467
2315,2370560,57.08295,147.71429,0.85714,0.79,1.083543,-0.000537,0.027895,0.000898,0.154932,0.003113,0.787718,52.084122,11.522877,52.741776,13.317127,4.0,6.305e-05,7,318,0.07385,0.10105,0.09,0.0,100,0.28571,0.0,,,-0.03,0.00695,0.00128,-0.00438,0.01034,-0.02719,0.53102
2316,2371584,43.18785,127.66667,0.66667,0.78,0.894055,-0.000992,0.042305,0.000412,0.376226,0.002213,0.749226,46.365337,14.05711,44.040119,14.939724,4.0,6.294e-05,3,346,0.07948,0.1088,0.09,0.0,100,0.33333,1.0,,,-0.03,0.00746,0.00111,-0.00496,-0.00094,-0.02412,0.21514
2317,2372608,52.72306,179.71429,0.85714,0.79,0.901221,-0.000715,0.025765,0.001395,0.17105,0.006226,0.846399,45.723614,13.517656,46.211609,14.84589,4.0,6.284e-05,7,345,0.07303,0.10177,0.09,0.0,100,0.14286,0.0,,,-0.03,0.00724,0.00116,-0.00482,0.00559,-0.02446,0.61964
2318,2373632,65.99947,171.6,1.0,0.79,0.943727,-0.000807,0.030718,0.001119,0.152703,0.006622,0.802859,48.007423,14.352869,48.672729,14.288216,4.0,6.274e-05,5,333,0.08039,0.10978,0.09,0.0,100,0.4,0.0,,,-0.03,0.00621,0.00101,-0.00703,0.00875,-0.02222,0.52189
2319,2374656,65.00673,166.5,1.0,0.8,0.953812,-0.00148,0.012598,0.001654,0.163047,0.014175,0.920478,48.411572,13.732973,48.552147,14.144743,4.0,6.264e-05,4,354,0.07945,0.10906,0.09,0.0,100,0.25,0.0,,,-0.03,0.00587,0.00074,-0.00772,0.00391,-0.01702,0.42806
2320,2375680,39.0059,229.5,0.625,0.78,1.081517,-0.00073,0.026215,0.000895,0.206401,0.002319,0.811703,51.533123,10.398393,50.521938,14.004251,4.0,6.253e-05,8,330,0.07861,0.10875,0.1,0.0,100,0.5,1.0,,,-0.03,0.00643,0.00082,-0.00822,0.00203,-0.01838,0.45801
2321,2376704,65.55061,165.8,1.0,0.79,1.032345,-0.001116,0.019647,0.001395,0.14727,0.006256,0.873705,50.450508,12.844039,50.764755,14.090239,4.0,6.243e-05,5,305,0.08271,0.11226,0.09,0.0,100,0.0,1.0,,,-0.03,0.00679,0.00139,-0.00766,0.01073,-0.01663,0.48192
2322,2377728,55.48214,175.57143,0.85714,0.79,1.122081,-0.00118,0.036724,0.00156,0.132415,0.011581,0.725362,50.989525,12.510856,51.156475,13.219701,4.0,6.233e-05,7,324,0.08088,0.11657,0.08,0.0,100,0.57143,1.0,,,-0.03,0.00617,0.00113,-0.0119,0.0029,-0.0172,0.52644
2323,2378752,46.98849,184.5,0.75,0.79,0.919161,-0.000801,0.023516,0.000828,0.247478,0.006088,0.854681,51.182457,12.746461,49.673679,14.227978,4.0,6.223e-05,4,363,0.08632,0.11374,0.07,0.0,100,0.25,1.0,,,-0.03,0.00765,0.00056,-0.00381,0.00257,-0.01224,0.33316
2324,2379776,59.15227,361.5,1.0,0.79,0.937629,-0.000544,0.021307,0.000957,0.158066,0.004074,0.794262,50.847046,12.938168,50.765984,11.83369,4.0,6.212e-05,2,366,0.08918,0.10958,0.07,0.0,100,0.5,0.5,,,-0.03,0.00539,0.00042,-0.00238,0.00702,-0.02173,0.20598
2325,2380800,58.20014,302.33333,1.0,0.8,1.011411,-0.000994,0.024381,0.001632,0.201566,0.012161,0.602364,49.395702,10.121204,48.596573,9.217259,4.0,6.202e-05,3,340,0.09016,0.11333,0.06,0.0,100,0.66667,1.0,,,-0.03,0.00692,0.0001,-0.00538,-0.00305,-0.01369,0.29552
2326,2381824,41.94861,272.0,0.75,0.8,1.00251,-0.000655,0.024127,0.000603,0.170951,0.002731,0.835889,46.767899,12.024984,46.03714,13.65202,4.0,6.192e-05,4,351,0.08427,0.1081,0.05,0.0,100,0.25,0.0,,,-0.03,0.00558,0.00059,-0.00521,0.00528,-0.02332,0.29799
2327,2382848,26.46732,288.25,0.5,0.8,1.152033,-0.001186,0.015394,0.00113,0.268814,0.007416,0.791283,51.295105,7.886548,49.625206,9.454505,4.0,6.182e-05,4,330,0.08434,0.11375,0.04,0.0,100,0.25,0.0,,,-0.03,0.00608,0.00094,-0.00849,0.00031,-0.01375,0.17972
2328,2383872,26.82197,232.0,0.5,0.79,0.851543,-0.000959,0.016998,0.001541,0.286274,0.018112,0.881739,43.129303,12.710733,41.260139,13.133027,4.0,6.172e-05,2,370,0.09142,0.11244,0.04,0.0,100,0.5,0.0,,,-0.03,0.00838,5e-05,-0.00527,-0.00357,-0.00865,0.1239
2329,2384896,56.26151,380.0,1.0,0.81,1.00747,-0.001095,0.027692,0.001768,0.195219,0.014236,0.646456,45.094402,10.147725,45.856956,10.200557,4.0,6.161e-05,4,348,0.0859,0.11543,0.02,0.0,100,0.25,1.0,,,-0.03,0.00665,0.00106,-0.0072,0.0072,-0.01284,0.39232
2330,2385920,65.25231,194.2,1.0,0.81,1.042311,-0.001124,0.022494,0.000834,0.144256,0.004456,0.798263,44.973412,11.197958,45.188656,12.130032,4.0,6.151e-05,5,354,0.08399,0.10903,0.02,0.0,100,0.2,0.0,,,-0.03,0.00714,0.0004,-0.00789,0.00868,-0.02647,0.52071
2331,2386944,51.62964,234.16667,0.83333,0.81,1.215562,-0.000786,0.024506,0.000768,0.165991,0.000763,0.620522,47.568165,7.343911,48.090904,9.175692,4.0,6.141e-05,6,327,0.08396,0.111,0.02,0.0,100,0.33333,1.0,,,-0.03,0.00575,0.00055,-0.00927,0.00509,-0.024,0.42323
2332,2387968,60.52994,203.33333,1.0,0.83,1.190233,-0.001839,0.018845,0.002092,0.248518,0.016953,0.775061,46.673447,8.83003,47.993141,10.424922,4.0,6.131e-05,6,315,0.08016,0.11026,0.02,0.0,100,0.0,0.66667,,,-0.03,0.00618,0.00078,-0.01101,0.00709,-0.02176,0.52977
2333,2388992,68.17312,123.6,1.0,0.84,1.032087,-0.001518,0.013803,0.000869,0.211377,0.004532,0.85468,48.264175,9.420569,49.240204,11.019855,4.0,6.12e-05,5,344,0.08495,0.11279,0.02,0.0,100,0.0,0.0,,,-0.03,0.0052,0.00096,-0.01008,0.01031,-0.00994,0.51386
2334,2390016,65.3382,182.2,1.0,0.85,0.857042,-0.001584,0.022007,0.001108,0.244335,0.010544,0.777312,46.58028,10.318089,47.942261,11.180799,4.0,6.11e-05,5,365,0.08865,0.12109,0.02,0.0,100,0.6,0.0,,,-0.03,0.00635,0.00108,-0.01134,0.00701,-0.01497,0.59028
2335,2391040,50.65858,275.0,0.8,0.86,0.886771,-0.001517,0.015462,0.001121,0.206345,0.011642,0.789299,48.258438,9.01789,49.2817,9.479058,4.0,6.1e-05,5,330,0.08779,0.12548,0.03,0.0,100,0.4,0.0,,,-0.03,0.00786,0.00073,-0.01061,0.00612,-0.01414,0.44134
2336,2392064,66.42025,164.375,1.0,0.87,1.068637,-0.000804,0.022926,0.001132,0.309909,0.008774,0.669943,51.122704,8.399797,53.167938,9.260995,4.0,6.09e-05,8,323,0.07915,0.11263,0.03,0.0,100,0.375,1.0,,,-0.03,0.00526,0.00116,-0.00829,0.00609,-0.01607,0.74048
2337,2393088,67.50108,139.77778,1.0,0.89,1.187476,-0.001348,0.012177,0.001684,0.360228,0.011978,0.754153,54.338478,7.149624,56.517303,7.886679,4.0,6.079e-05,9,313,0.08106,0.11417,0.03,0.0,100,0.22222,1.0,,,-0.03,0.00702,0.00091,-0.01034,0.00787,-0.01701,0.75238
2338,2394112,67.79379,128.66667,1.0,0.89,0.9433,-0.001039,0.018648,0.000797,0.21964,0.001663,0.745784,53.632648,9.599624,52.842941,9.674993,4.0,6.069e-05,3,351,0.09484,0.13164,0.03,0.0,100,0.33333,0.0,,,-0.03,0.00735,0.00134,-0.00931,-0.00351,-0.01506,0.33078
2339,2395136,46.56944,206.5,0.75,0.88,0.898577,-0.000654,0.031026,0.001024,0.153131,0.003113,0.63798,51.572544,8.733161,50.903946,10.444567,4.0,6.059e-05,4,344,0.08496,0.11725,0.03,0.0,100,0.75,0.0,,,-0.03,0.00884,0.00085,-0.0069,-0.00094,-0.01706,0.33406
2340,2396160,42.0021,172.66667,0.66667,0.88,0.850684,-0.000485,0.019498,0.000439,0.181158,0.004166,0.786299,53.122776,8.914397,52.067162,11.053549,4.0,6.049e-05,3,372,0.08723,0.11134,0.02,0.0,100,0.33333,0.0,,,-0.03,0.00569,0.00093,-0.00572,0.00513,-0.01428,0.24658
2341,2397184,57.90737,322.5,1.0,0.89,0.972039,-0.001799,0.007651,0.001798,0.170143,0.016663,0.834526,55.079895,7.941994,55.08046,7.957891,4.0,6.038e-05,4,358,0.08238,0.10356,0.02,0.0,100,0.25,0.0,,,-0.03,0.00639,0.00046,-0.00972,0.00565,-0.01693,0.40512
2342,2398208,63.50699,220.14286,1.0,0.9,1.086289,-0.000756,0.0097,0.001071,0.173674,0.001434,0.839179,53.895718,8.308275,54.715096,8.876646,4.0,6.028e-05,7,315,0.07814,0.10518,0.02,0.0,100,0.28571,0.0,,,-0.03,0.00639,0.00105,-0.00943,0.01045,-0.02241,0.64642
2343,2399232,65.19198,179.875,1.0,0.91,1.17126,-0.001574,0.012275,0.001131,0.261566,0.010117,0.648859,57.236012,7.116714,58.65781,6.798038,4.0,6.018e-05,8,320,0.07812,0.11114,0.02,0.0,100,0.25,1.0,,,-0.03,0.0058,0.00113,-0.01081,0.01047,-0.0214,0.67236
2344,2400256,67.41509,142.5,1.0,0.92,1.207097,-0.000921,0.008903,0.001301,0.199251,0.005661,0.679999,59.002232,5.965298,59.782845,5.92416,4.0,6.008e-05,6,314,0.07487,0.10583,0.02,0.0,100,0.16667,0.0,,,-0.03,0.0069,0.00129,-0.00876,0.01215,-0.02001,0.49013
2345,2401280,65.67234,158.0,1.0,0.94,1.089512,-0.001645,0.011723,0.002099,0.232734,0.019806,0.621391,58.399826,5.752151,59.18676,6.242961,4.0,5.997e-05,7,318,0.08031,0.10867,0.02,0.0,100,0.28571,0.0,,,-0.03,0.00783,0.00137,-0.00611,0.0085,-0.02273,0.62612
2346,2402304,68.09199,120.6,1.0,0.96,1.234183,-0.001564,0.005208,0.00278,0.310913,0.026138,0.822796,59.764347,5.622001,61.43692,6.016102,4.0,5.987e-05,10,296,0.07348,0.1062,0.01,0.0,100,0.1,0.0,,,-0.03,0.00563,0.00159,-0.00829,0.01605,-0.0208,0.78183
2347,2403328,67.62538,127.5,1.0,0.97,1.186892,-0.001742,0.005692,0.002263,0.225291,0.016357,0.822588,61.768951,6.472882,62.46907,6.287705,4.0,5.977e-05,8,312,0.07935,0.11461,0.01,0.0,100,0.125,1.0,,,-0.03,0.00658,0.00118,-0.00834,0.00994,-0.02388,0.66282
2348,2404352,68.34388,119.25,1.0,0.97,1.161712,-0.00142,0.006155,0.001174,0.2052,0.005997,0.82152,60.585808,6.090165,61.298141,6.476165,4.0,5.967e-05,8,310,0.08056,0.11723,0.01,0.0,100,0.125,0.5,,,-0.03,0.00763,0.00121,-0.00766,0.00799,-0.02205,0.66167
2349,2405376,57.29723,133.71429,0.85714,0.96,0.96753,-0.000219,0.024587,0.000521,0.187623,0.004364,0.727629,58.295639,8.51833,57.499756,11.165383,4.0,5.956e-05,7,324,0.08283,0.11566,0.01,0.0,100,0.28571,1.0,,,-0.03,0.00917,0.00104,-0.01039,0.00364,-0.01707,0.59913
2350,2406400,36.21354,167.0,0.6,0.95,0.875526,-0.000634,0.033737,0.000707,0.373344,0.001343,0.739673,58.458725,9.016179,55.820156,13.284807,4.0,5.946e-05,5,349,0.09215,0.1287,0.0,0.0,100,0.4,1.0,,,-0.03,0.00749,0.00096,-0.00697,-0.00077,-0.01548,0.33158
2351,2407424,54.69148,146.33333,0.83333,0.94,1.044049,-0.000503,0.021206,0.000264,0.264323,0.000473,0.787681,58.593857,8.863994,57.306259,11.356886,4.0,5.936e-05,6,332,0.07991,0.11184,0.0,0.0,100,0.33333,0.0,,,-0.03,0.00814,0.00094,-0.00848,0.00423,-0.01917,0.47837
2352,2408448,54.44633,232.66667,0.83333,0.93,0.862881,-0.000818,0.026862,0.001866,0.181531,0.015594,0.695564,54.797474,10.620971,54.85379,10.698734,4.0,5.926e-05,6,339,0.08368,0.1177,0.01,0.0,100,0.5,1.0,,,-0.03,0.00921,0.00085,-0.00774,0.00134,-0.01683,0.56102
2353,2409472,68.25453,130.83333,1.0,0.93,1.055313,-0.001127,0.016012,0.001225,0.160804,0.006165,0.850646,55.482483,11.145834,55.308968,11.708074,4.0,5.916e-05,6,328,0.07538,0.1082,0.01,0.0,100,0.33333,0.0,,,-0.03,0.00695,0.00114,-0.00796,0.00925,-0.01772,0.56595
2354,2410496,42.60911,164.16667,0.66667,0.91,1.00515,-0.000703,0.032312,0.001925,0.263044,0.0112,0.74463,55.337181,10.349757,53.605804,13.653009,4.0,5.905e-05,6,336,0.08245,0.11635,0.01,0.0,100,0.33333,0.0,,,-0.03,0.00911,0.0014,-0.00774,0.00772,-0.02108,0.39892
2355,2411520,66.43901,161.8,1.0,0.93,0.952013,-0.000969,0.022532,0.000552,0.164645,0.002472,0.765483,52.407272,11.240508,52.614552,11.080414,4.0,5.895e-05,5,330,0.08408,0.11248,0.01,0.0,100,0.4,0.0,,,-0.03,0.00867,0.00113,-0.00669,0.00577,-0.01704,0.52384
2356,2412544,65.87684,182.14286,1.0,0.93,1.0364,-0.000674,0.015262,0.000967,0.134132,0.003815,0.827369,54.010544,10.282832,54.290157,10.940585,4.0,5.885e-05,7,325,0.08333,0.11346,0.01,0.0,100,0.42857,1.0,,,-0.03,0.0086,0.00102,-0.00791,0.01124,-0.02776,0.6724
2357,2413568,49.56193,146.5,0.75,0.92,1.045516,-0.000636,0.01815,0.000515,0.172948,0.001968,0.863269,55.379967,10.799751,54.379356,13.234664,4.0,5.875e-05,4,334,0.08399,0.11096,0.01,0.0,100,0.25,0.0,,,-0.03,0.00823,0.0013,-0.00599,0.011,-0.0124,0.28682
2358,2414592,67.50654,172.0,1.0,0.92,0.979998,-0.000669,0.01494,0.000917,0.142407,0.003906,0.904952,52.738014,13.974647,52.761166,14.207828,4.0,5.864e-05,5,347,0.09418,0.11866,0.01,0.0,100,0.2,0.0,,,-0.03,0.00678,0.00046,-0.00673,0.0085,-0.0152,0.53278
2359,2415616,54.26811,204.0,0.83333,0.91,1.02758,-0.001511,0.007217,0.000847,0.157681,0.004211,0.940636,53.639347,12.036667,53.433887,12.27588,4.0,5.854e-05,6,327,0.08775,0.11004,0.02,0.0,100,0.0,0.0,,,-0.03,0.00734,0.00063,-0.00673,0.00859,-0.01906,0.5067
2360,2416640,68.5413,122.0,1.0,0.91,0.876102,-0.001165,0.012393,0.001614,0.245078,0.014816,0.87629,52.275654,10.992123,50.969105,11.138571,4.0,5.844e-05,3,366,0.09151,0.11521,0.02,0.0,100,0.0,0.0,,,-0.03,0.00762,0.00078,-0.00423,0.00256,-0.02263,0.35738
2361,2417664,23.84753,291.28571,0.42857,0.87,0.970243,-0.000639,0.023609,0.000945,0.245237,0.003555,0.795476,52.408928,9.294641,50.738945,12.049381,4.0,5.834e-05,7,346,0.08618,0.11485,0.04,0.0,100,0.57143,1.0,,,-0.03,0.00712,0.00076,-0.0064,0.00234,-0.02167,0.30328
2362,2418688,68.18842,139.8,1.0,0.87,1.089213,-0.001008,0.021861,0.000865,0.173376,0.004318,0.794275,52.09185,10.257766,51.983154,11.527164,4.0,5.823e-05,5,304,0.08112,0.10781,0.04,0.0,100,0.4,1.0,,,-0.03,0.00913,0.00117,-0.00584,0.00793,-0.02305,0.4674
2363,2419712,32.38891,237.0,0.6,0.85,0.965001,-0.00073,0.02006,0.000913,0.195868,0.005447,0.85864,49.951431,11.952027,49.114594,13.49117,4.0,5.813e-05,5,344,0.08441,0.11194,0.05,0.0,100,0.2,1.0,,,-0.03,0.00989,0.00124,-0.00527,0.00598,-0.02617,0.31395
2364,2420736,55.53691,149.5,0.83333,0.84,1.064445,-0.001047,0.011577,0.001421,0.152427,0.007263,0.882517,53.458977,9.747415,53.424633,11.438048,4.0,5.803e-05,6,337,0.08256,0.11137,0.05,0.0,100,0.33333,0.0,,,-0.03,0.00859,0.00108,-0.00287,0.01115,-0.02697,0.48381
2365,2421760,63.5728,219.5,1.0,0.84,0.983091,-0.001447,0.01746,0.00227,0.189652,0.024918,0.829939,52.43848,11.23207,51.912083,11.538511,4.0,5.793e-05,4,352,0.08959,0.11626,0.05,0.0,100,0.5,1.0,,,-0.03,0.00823,0.00101,-0.00406,0.00206,-0.01718,0.42403
2366,2422784,55.26338,148.16667,0.83333,0.83,1.088191,-0.001033,0.013616,0.000409,0.160253,0.00209,0.873501,52.463497,9.717324,52.219257,11.735804,4.0,5.782e-05,6,316,0.08108,0.10863,0.05,0.0,100,0.16667,0.0,,,-0.03,0.0076,0.00132,-0.00512,0.0099,-0.02101,0.47251
2367,2423808,50.35483,267.2,0.8,0.82,1.030156,-0.001164,0.020976,0.000821,0.239727,0.005966,0.826636,50.308693,12.087269,49.380196,12.523636,4.0,5.772e-05,5,343,0.08473,0.10802,0.06,0.0,100,0.4,0.0,,,-0.03,0.00784,0.00101,-0.00292,0.00379,-0.02168,0.40228
2368,2424832,52.99191,169.4,0.8,0.83,0.990375,-0.000697,0.01351,0.000504,0.132979,0.000443,0.91175,48.640511,12.502942,48.323715,14.233124,4.0,5.762e-05,5,346,0.08342,0.10722,0.06,0.0,100,0.4,0.0,,,-0.03,0.00805,0.00083,-0.0034,0.01006,-0.01981,0.41864
2369,2425856,63.86218,189.0,1.0,0.84,0.991818,-0.001824,0.012758,0.001965,0.201267,0.014679,0.907871,48.494766,12.346985,49.021355,13.125099,4.0,5.752e-05,5,330,0.08348,0.11332,0.06,0.0,100,0.2,1.0,,,-0.03,0.00829,0.00104,-0.00336,0.01035,-0.02298,0.5168
2370,2426880,64.21097,248.0,1.0,0.85,1.046001,-0.001598,0.015798,0.001771,0.255474,0.013977,0.857247,51.78624,11.768117,50.564327,12.103214,4.0,5.741e-05,3,343,0.08552,0.11501,0.06,0.0,100,0.33333,0.5,,,-0.03,0.00748,0.00075,-0.00649,0.00376,-0.01666,0.29365
2371,2427904,43.40335,267.71429,0.71429,0.84,0.965266,-0.001053,0.020898,0.001423,0.14669,0.009811,0.877845,48.981735,12.924592,49.0896,14.79961,4.0,5.731e-05,7,345,0.08159,0.10924,0.06,0.0,100,0.42857,0.0,,,-0.03,0.00746,0.001,-0.00779,0.01194,-0.02082,0.49988
2372,2428928,67.60961,127.85714,1.0,0.85,1.091572,-0.001531,0.020966,0.001563,0.171256,0.009796,0.777143,53.206577,10.180695,52.860638,10.969914,4.0,5.721e-05,7,329,0.0808,0.11006,0.06,0.0,100,0.14286,1.0,,,-0.03,0.00822,0.00098,-0.00929,0.0007,-0.02046,0.65448
2373,2429952,67.81,114.0,1.0,0.86,0.761973,-0.001765,0.016122,0.001849,0.225224,0.018661,0.876909,45.264744,12.322617,44.420849,12.779241,4.0,5.711e-05,3,344,0.09389,0.13018,0.06,0.0,100,0.0,1.0,,,-0.03,0.00819,0.00108,-0.00837,0.00293,-0.01439,0.40712
2374,2430976,47.9039,269.75,0.75,0.85,0.733307,-0.000459,0.019494,0.000988,0.198762,0.004807,0.805365,45.672752,11.480672,46.870926,11.366307,4.0,5.7e-05,4,383,0.08992,0.12297,0.07,0.0,100,0.5,1.0,,,-0.03,0.0082,0.00087,-0.00655,0.0079,-0.0129,0.4055
2375,2432000,65.86857,191.6,1.0,0.85,0.841191,-0.000981,0.01549,0.000572,0.180146,0.003174,0.811585,50.049973,9.70613,50.833321,10.240232,4.0,5.69e-05,5,362,0.09131,0.1226,0.07,0.0,100,0.6,0.0,,,-0.03,0.00769,0.00074,-0.00894,0.00474,-0.01188,0.60452
2376,2433024,54.4316,269.42857,0.85714,0.85,1.0135,-0.001293,0.009936,0.000633,0.176148,0.00351,0.829637,53.586243,8.212598,53.989395,8.579522,4.0,5.68e-05,7,310,0.08918,0.12255,0.08,0.0,100,0.57143,0.0,,,-0.03,0.00774,0.00035,-0.00922,0.00538,-0.01687,0.59583
2377,2434048,66.12566,198.25,1.0,0.85,0.99888,-0.001524,0.016292,0.0014,0.21186,0.008713,0.821103,51.443302,10.037132,50.829563,10.961733,4.0,5.67e-05,4,343,0.09289,0.13076,0.08,0.0,100,0.25,1.0,,,-0.03,0.00828,0.00106,-0.00468,0.00163,-0.01319,0.41485
2378,2435072,65.3252,184.0,1.0,0.85,1.123468,-0.000649,0.024489,0.000488,0.25036,0.001251,0.383985,52.673176,8.775725,54.03677,7.85751,4.0,5.66e-05,7,326,0.08518,0.11671,0.08,0.0,100,0.57143,1.0,,,-0.03,0.00709,0.00096,-0.00888,0.00326,-0.01747,0.63515
2379,2436096,66.31936,158.85714,1.0,0.87,1.006823,-0.000824,0.022802,0.000599,0.2334,0.003128,0.754419,52.532375,9.949906,53.939102,10.743284,4.0,5.649e-05,7,339,0.08577,0.12249,0.07,0.0,100,0.57143,0.0,,,-0.03,0.00869,0.00125,-0.00703,0.00618,-0.01656,0.7086
2380,2437120,67.8945,134.4,1.0,0.9,1.02845,-0.001118,0.015086,0.001068,0.191261,0.004456,0.686609,54.259911,7.451816,54.900299,7.824412,4.0,5.639e-05,5,319,0.08798,0.12387,0.05,0.0,100,0.2,0.0,,,-0.03,0.00553,0.00146,-0.01019,0.00184,-0.01219,0.50383
2381,2438144,67.22239,123.33333,1.0,0.91,0.920001,-0.001107,0.011291,0.001119,0.192233,0.00943,0.848022,54.96183,9.354953,55.916065,9.627275,4.0,5.629e-05,6,349,0.08511,0.11704,0.05,0.0,100,0.16667,0.0,,,-0.03,0.00954,0.00116,-0.00825,0.00804,-0.02626,0.66077
2382,2439168,58.41272,209.33333,0.88889,0.92,1.178409,-0.001641,0.007604,0.001993,0.292905,0.0186,0.810211,57.646282,6.680665,59.24131,6.917246,4.0,5.619e-05,9,314,0.07969,0.11451,0.05,0.0,100,0.44444,0.0,,,-0.03,0.00821,0.00101,-0.0084,0.00878,-0.01478,0.67893
2383,2440192,68.25908,136.71429,1.0,0.93,1.182963,-0.001501,0.007959,0.002053,0.263512,0.013382,0.822719,61.047348,8.095511,62.237625,7.517625,4.0,5.608e-05,7,303,0.07999,0.11175,0.05,0.0,100,0.42857,0.0,,,-0.03,0.00971,0.00088,-0.00772,0.01139,-0.01472,0.60871
2384,2441216,68.15165,130.875,1.0,0.94,1.241244,-0.003096,0.006565,0.002745,0.256711,0.03064,0.814385,60.985924,7.042214,61.901726,6.800603,4.0,5.598e-05,8,303,0.07617,0.10829,0.04,0.0,100,0.0,0.0,,,-0.03,0.00902,0.00142,-0.00611,0.01204,-0.02237,0.63269
2385,2442240,68.08695,125.28571,1.0,0.95,1.207516,-0.001242,0.005522,0.00092,0.207702,0.005966,0.806791,61.671783,6.226811,62.428524,5.919397,4.0,5.588e-05,7,310,0.07722,0.10997,0.04,0.0,100,0.14286,1.0,,,-0.03,0.00816,0.00124,-0.00815,0.00915,-0.02033,0.57418
2386,2443264,56.92019,138.28571,0.85714,0.94,1.010344,-0.00051,0.022259,0.001265,0.216441,0.00293,0.737262,60.967552,7.965098,59.943371,10.812014,4.0,5.578e-05,7,318,0.08282,0.11188,0.04,0.0,100,0.14286,0.0,,,-0.03,0.00869,0.00098,-0.00473,0.00509,-0.02146,0.59126
2387,2444288,67.6695,140.57143,1.0,0.96,1.030729,-0.001235,0.007973,0.000987,0.177578,0.004501,0.754378,61.477451,6.418865,62.033833,6.277398,4.0,5.567e-05,7,336,0.08651,0.12166,0.03,0.0,100,0.42857,0.0,,,-0.03,0.00737,0.00104,-0.00482,0.01096,-0.01641,0.6893
2388,2445312,68.87166,115.83333,1.0,0.96,1.103962,-0.001556,0.006774,0.001034,0.173725,0.00325,0.849483,61.965576,6.805369,61.783054,7.692212,4.0,5.557e-05,6,323,0.07852,0.1104,0.03,0.0,100,0.0,1.0,,,-0.03,0.008,0.00122,-0.00511,0.00828,-0.02027,0.54576
2389,2446336,51.21942,184.88889,0.77778,0.95,1.150644,-0.001227,0.008952,0.001164,0.152975,0.011368,0.642114,62.869896,5.088382,63.20676,5.694883,4.0,5.547e-05,9,315,0.07932,0.11265,0.03,0.0,100,0.55556,0.0,,,-0.03,0.00866,0.00124,-0.00434,0.00449,-0.01796,0.60658
2390,2447360,68.52578,117.75,1.0,0.95,1.255296,-0.002328,0.003802,0.003016,0.183714,0.021957,0.789825,63.91766,4.781238,64.183487,4.785972,4.0,5.537e-05,8,289,0.07489,0.10936,0.03,0.0,100,0.125,0.0,,,-0.03,0.00721,0.00122,-0.00661,0.01101,-0.02374,0.63223
2391,2448384,67.9699,126.6,1.0,0.96,1.129027,-0.000801,0.010415,0.001257,0.186684,0.001205,0.725673,64.15773,6.48328,63.45351,6.955999,4.0,5.526e-05,5,318,0.07631,0.1019,0.02,0.0,100,0.2,0.0,,,-0.03,0.00803,0.00136,-0.00657,0.0118,-0.01982,0.44483
2392,2449408,45.61111,163.42857,0.71429,0.94,1.064847,-0.000345,0.037963,0.000274,0.318902,4.6e-05,0.668052,61.414406,7.910325,59.413433,12.601608,4.0,5.516e-05,7,323,0.08085,0.11401,0.02,0.0,100,0.57143,0.0,,,-0.03,0.00833,0.00114,-0.00649,0.00813,-0.01649,0.457
2393,2450432,68.22265,137.25,1.0,0.94,1.039681,-0.000634,0.013398,0.000192,0.25307,0.000137,0.824079,59.482628,9.185928,58.538258,9.616511,4.0,5.506e-05,8,316,0.08263,0.11648,0.02,0.0,100,0.125,0.0,,,-0.03,0.00735,0.00116,-0.00598,0.00352,-0.01835,0.75939
2394,2451456,52.87916,207.0,0.83333,0.93,0.823313,-0.000325,0.03833,0.000436,0.155738,0.000122,0.662523,54.780231,11.085227,54.650185,12.005379,4.0,5.496e-05,6,353,0.08454,0.11363,0.02,0.0,100,0.83333,0.0,,,-0.03,0.00919,0.00089,-0.00687,0.001,-0.01666,0.57095
2395,2452480,68.1733,124.5,1.0,0.93,1.051795,-0.001407,0.010784,0.001944,0.179263,0.015747,0.879819,57.670898,9.703683,57.646378,10.62152,4.0,5.485e-05,6,322,0.0787,0.10811,0.02,0.0,100,0.16667,0.0,,,-0.03,0.0077,0.00109,-0.00571,0.01117,-0.02006,0.55087
2396,2453504,67.29709,154.5,1.0,0.94,1.111829,-0.000383,0.014359,0.000765,0.144195,0.002457,0.785754,58.652615,9.870289,58.938751,9.811167,4.0,5.475e-05,8,305,0.07544,0.10655,0.01,0.0,100,0.25,0.0,,,-0.03,0.00827,0.00152,-0.00691,0.00978,-0.01886,0.70247
2397,2454528,66.15037,169.75,1.0,0.94,1.033445,-0.000973,0.018142,0.000635,0.194979,0.002518,0.619831,57.624603,7.797806,56.693874,8.043732,4.0,5.465e-05,4,331,0.08562,0.12101,0.01,0.0,100,0.5,0.0,,,-0.03,0.00853,0.00102,-0.00719,0.00161,-0.02272,0.38321
2398,2455552,51.89506,142.8,0.8,0.93,0.934615,-0.000994,0.028615,0.001524,0.208357,0.014832,0.647314,55.488594,8.057043,54.245354,10.019308,4.0,5.455e-05,5,335,0.09093,0.12029,0.01,0.0,100,0.6,1.0,,,-0.03,0.00783,0.00073,-0.00658,-0.00165,-0.01594,0.43273
2399,2456576,66.37386,165.4,1.0,0.93,0.816696,-0.000696,0.011858,0.000587,0.163704,0.002289,0.754669,55.76339,8.056291,56.463699,8.010138,4.0,5.444e-05,5,367,0.09173,0.11823,0.01,0.0,100,0.8,0.0,,,-0.03,0.00913,0.00059,-0.00694,0.00574,-0.01135,0.60585
2400,2457600,67.2289,173.0,1.0,0.93,0.960178,-0.000922,0.007084,0.000513,0.175684,0.001205,0.841236,57.435448,7.307127,58.026493,7.680951,4.0,5.434e-05,6,324,0.08111,0.10835,0.01,0.0,100,0.33333,0.0,,,-0.03,0.01115,0.0012,-0.00568,0.00989,-0.01457,0.59873
2401,2458624,36.84806,277.4,0.6,0.91,0.985556,-0.000426,0.020706,0.00079,0.168392,0.001648,0.681796,58.606544,7.071745,57.689453,9.109486,4.0,5.424e-05,5,343,0.08294,0.11276,0.02,0.0,100,0.2,1.0,,,-0.03,0.01115,0.00132,-0.00472,0.00346,-0.01482,0.30737
2402,2459648,54.93684,164.16667,0.83333,0.91,1.046983,-0.000521,0.020137,0.00061,0.125091,0.001495,0.658665,59.097031,5.650052,58.733341,8.946185,4.0,5.414e-05,6,331,0.07779,0.11302,0.02,0.0,100,0.33333,0.5,,,-0.03,0.0105,0.00123,-0.00412,0.00712,-0.02058,0.46806
2403,2460672,67.33233,135.0,1.0,0.91,1.001951,-0.001439,0.006758,0.001457,0.16111,0.010986,0.800035,59.01038,6.07531,59.326527,6.569043,4.0,5.404e-05,6,323,0.08116,0.10916,0.02,0.0,100,0.5,0.0,,,-0.03,0.00995,0.00131,-0.00527,0.00717,-0.02245,0.59488
2404,2461696,54.18932,241.66667,0.83333,0.9,1.029023,-0.001479,0.005839,0.001687,0.176368,0.01947,0.83554,61.48423,7.027295,61.461868,6.755546,4.0,5.393e-05,6,343,0.07814,0.10246,0.03,0.0,100,0.33333,1.0,,,-0.03,0.00927,0.00105,-0.00477,0.0101,-0.01657,0.4849
2405,2462720,67.76262,151.28571,1.0,0.92,1.08013,-0.000909,0.008492,0.001133,0.148088,0.008301,0.779998,59.87915,6.615819,60.356213,6.929955,4.0,5.383e-05,7,326,0.07832,0.10995,0.02,0.0,100,0.14286,0.0,,,-0.03,0.00795,0.00125,-0.00355,0.00989,-0.02038,0.6318
2406,2463744,49.66005,117.0,0.75,0.91,1.128999,-0.001128,0.02284,0.001625,0.260982,0.013428,0.685153,60.652481,7.102471,59.271133,9.97853,4.0,5.373e-05,4,311,0.07906,0.11208,0.02,0.0,100,0.5,0.0,,,-0.03,0.00936,0.00092,-0.00454,0.00601,-0.0204,0.27334
2407,2464768,65.75198,173.85714,1.0,0.91,0.994275,-0.000553,0.009848,0.000558,0.170073,0.002014,0.820068,57.497742,8.151467,57.761143,8.195992,4.0,5.363e-05,7,350,0.08088,0.10545,0.02,0.0,100,0.14286,0.0,,,-0.03,0.00732,0.0007,-0.0039,0.00748,-0.01833,0.72054
2408,2465792,41.8935,290.33333,0.66667,0.9,1.006896,-0.001363,0.00805,0.000639,0.221714,0.003387,0.803853,59.360558,7.251977,58.294968,7.123751,4.0,5.352e-05,3,345,0.08406,0.11404,0.03,0.0,100,0.33333,0.0,,,-0.03,0.00842,0.00109,-0.00325,0.00269,-0.01387,0.20844
2409,2466816,10.92203,216.0,0.25,0.88,0.724635,-0.000513,0.044266,0.00106,0.547063,0.008133,0.732316,52.91861,10.22631,49.231064,14.308152,4.0,5.342e-05,4,377,0.08745,0.11138,0.03,0.0,100,0.75,0.0,,,-0.03,0.0096,0.00037,-0.0002,-0.00194,-0.00867,0.12589
2410,2467840,55.70335,253.28571,0.85714,0.88,1.027989,-0.000769,0.01109,0.000347,0.284532,6.1e-05,0.731919,55.408928,6.445844,55.782402,7.003807,4.0,5.332e-05,7,326,0.08395,0.11208,0.04,0.0,100,0.42857,0.0,,,-0.03,0.00805,0.00041,-0.00364,0.00704,-0.01642,0.58323
2411,2468864,64.55526,230.0,1.0,0.88,1.094183,-0.001135,0.014498,0.000976,0.19585,0.007248,0.624823,55.247856,6.315781,54.618698,7.016946,4.0,5.322e-05,4,327,0.08472,0.11522,0.04,0.0,100,0.0,1.0,,,-0.03,0.00796,0.0005,-0.00601,0.00015,-0.01809,0.35914
2412,2469888,47.94545,154.5,0.75,0.88,0.820199,-0.000735,0.022796,0.000631,0.22126,0.002335,0.804868,50.474991,9.948529,49.310493,12.054338,4.0,5.311e-05,4,361,0.08483,0.114,0.04,0.0,100,0.5,0.0,,,-0.03,0.00795,0.00073,-0.00451,0.00477,-0.02004,0.37005
2413,2470912,53.70333,222.0,0.85714,0.87,1.16078,-0.00074,0.026336,0.001073,0.1671,0.004486,0.64106,53.519379,7.663439,53.606575,9.898076,4.0,5.301e-05,7,303,0.07432,0.10749,0.04,0.0,100,0.42857,1.0,,,-0.03,0.00921,0.00152,-0.00612,0.00575,-0.01969,0.51157
2414,2471936,67.78273,147.0,1.0,0.87,0.998267,-0.000693,0.021726,0.000385,0.181296,0.001251,0.725799,51.940979,9.283394,52.934692,10.089691,4.0,5.291e-05,6,338,0.08768,0.12546,0.04,0.0,100,0.33333,0.0,,,-0.03,0.00881,0.00136,-0.00548,0.00707,-0.01538,0.61707
2415,2472960,68.80384,119.5,1.0,0.87,0.938312,-0.000706,0.0167,0.00036,0.147772,0.000519,0.71488,51.724411,8.597302,51.596836,8.749861,4.0,5.281e-05,4,351,0.08933,0.12699,0.04,0.0,100,0.0,0.0,,,-0.03,0.00909,0.00086,-0.00679,-0.00203,-0.01173,0.44693
2416,2473984,53.20196,196.83333,0.83333,0.87,0.866714,-0.000468,0.02502,0.000659,0.129393,0.000839,0.70321,52.085274,7.4054,51.650391,10.236274,4.0,5.27e-05,6,359,0.09001,0.12015,0.04,0.0,100,0.66667,0.0,,,-0.03,0.00732,0.00045,-0.00865,0.00314,-0.01536,0.58373
2417,2475008,54.59727,246.57143,0.85714,0.86,0.933918,-0.000739,0.014913,0.000296,0.152579,0.000153,0.646461,53.878326,6.261946,54.383682,7.274726,4.0,5.26e-05,7,338,0.0855,0.12089,0.05,0.0,100,0.42857,1.0,,,-0.03,0.00733,0.00054,-0.00751,0.00278,-0.01616,0.64828
2418,2476032,52.17377,172.8,0.8,0.85,0.987869,-0.000809,0.02616,0.000534,0.13903,0.000214,0.661498,53.087227,6.706369,52.662216,9.846629,4.0,5.25e-05,5,344,0.08707,0.12168,0.05,0.0,100,0.4,1.0,,,-0.03,0.01015,0.00125,-0.0095,0.00445,-0.01461,0.41406
2419,2477056,66.81584,152.83333,1.0,0.87,0.941886,-0.000875,0.021364,0.000481,0.144863,0.002563,0.684426,51.752441,7.538312,51.733597,9.303436,4.0,5.24e-05,6,343,0.08564,0.13082,0.04,0.0,100,0.5,0.33333,,,-0.03,0.00708,0.00119,-0.00888,-0.0036,-0.01383,0.63667
2420,2478080,21.85736,151.4,0.4,0.85,0.946538,-0.00042,0.031364,0.000256,0.264262,7.6e-05,0.783917,51.385735,9.27687,49.80632,13.8854,4.0,5.229e-05,5,327,0.08311,0.121,0.04,0.0,100,0.6,1.0,,,-0.03,0.00689,0.00146,-0.0084,0.00196,-0.01117,0.20561
2421,2479104,56.19768,185.14286,0.85714,0.84,1.068016,-0.001239,0.027219,0.00237,0.187028,0.024063,0.743004,52.456161,9.867881,52.156574,12.009388,4.0,5.219e-05,7,336,0.07947,0.11297,0.04,0.0,100,0.57143,0.0,,,-0.03,0.00649,0.00128,-0.00888,0.00867,-0.0134,0.56665
2422,2480128,66.73905,165.42857,1.0,0.85,1.24926,-0.000858,0.016628,0.00121,0.198064,0.001984,0.637092,55.380814,6.852358,56.105999,7.676466,4.0,5.209e-05,7,314,0.07636,0.11084,0.03,0.0,100,0.57143,0.0,,,-0.03,0.00708,0.00112,-0.00733,0.00611,-0.01587,0.57967
2423,2481152,66.68549,160.0,1.0,0.85,1.02144,-0.001229,0.019201,0.001868,0.172355,0.01413,0.723986,54.031448,9.001677,54.701981,9.384901,4.0,5.199e-05,6,336,0.0827,0.11653,0.03,0.0,100,0.33333,0.0,,,-0.03,0.00756,0.00129,-0.00633,0.00558,-0.01314,0.59837
2424,2482176,52.19636,172.4,0.8,0.85,1.117793,-0.000825,0.019981,0.000469,0.147739,0.000809,0.813898,53.399582,9.336234,53.245388,11.606095,4.0,5.188e-05,5,317,0.08113,0.11439,0.03,0.0,100,0.6,0.0,,,-0.03,0.00713,0.00159,-0.00714,0.00644,-0.01774,0.3658
2425,2483200,56.37111,171.0,0.85714,0.84,1.139822,-0.000468,0.023454,0.000397,0.134189,0.000122,0.734785,56.218475,9.688638,55.932587,11.632634,4.0,5.178e-05,7,333,0.07756,0.10235,0.03,0.0,100,0.28571,0.0,,,-0.03,0.00643,0.00117,-0.00416,0.00836,-0.01769,0.5597
2426,2484224,67.81702,159.0,1.0,0.85,1.024832,-0.001524,0.011126,0.001457,0.229585,0.012894,0.833502,57.293423,8.608876,56.227768,9.231284,4.0,5.168e-05,3,343,0.08715,0.12029,0.02,0.0,100,0.0,0.0,,,-0.03,0.00839,0.00111,-0.00383,0.00345,-0.0128,0.30016
2427,2485248,48.99243,217.0,0.8,0.87,1.033932,-0.000759,0.015788,0.000852,0.165578,0.005447,0.821909,54.239895,9.046574,53.756256,10.672196,4.0,5.158e-05,5,329,0.08103,0.10889,0.02,0.0,100,0.8,1.0,,,-0.03,0.00759,0.00104,-0.006,0.00274,-0.01482,0.37815
2428,2486272,63.67071,193.25,1.0,0.88,0.844148,-0.001049,0.013217,0.000834,0.171894,0.004517,0.904861,51.37748,13.057066,51.054462,13.226988,4.0,5.148e-05,4,369,0.08692,0.11275,0.01,0.0,100,0.25,1.0,,,-0.03,0.00765,0.00073,-0.00494,0.00446,-0.01206,0.48339
2429,2487296,65.75289,198.75,1.0,0.88,0.773382,-0.000899,0.009577,0.001397,0.15108,0.013901,0.908311,50.593155,11.687944,50.845963,11.757194,4.0,5.137e-05,4,383,0.08583,0.11103,0.01,0.0,100,0.25,0.0,,,-0.03,0.00961,0.00034,-0.00448,0.00633,-0.0179,0.51578
2430,2488320,52.37975,303.33333,0.83333,0.88,0.986335,-0.000555,0.012458,0.000323,0.16362,0.001236,0.825072,53.022762,9.301001,53.690342,9.556669,4.0,5.127e-05,6,340,0.07656,0.10646,0.02,0.0,100,0.33333,0.0,,,-0.03,0.00963,0.00116,-0.00432,0.01322,-0.02282,0.48827
2431,2489344,67.88561,131.66667,1.0,0.89,1.124275,-0.001036,0.012321,0.000922,0.159298,0.00351,0.731185,56.753422,6.669363,57.106525,7.626296,4.0,5.117e-05,6,312,0.07613,0.10376,0.02,0.0,100,0.16667,1.0,,,-0.03,0.00902,0.00093,-0.00574,0.00579,-0.01367,0.52625
2432,2490368,58.30403,191.85714,0.85714,0.88,1.087158,-0.000861,0.008202,0.000711,0.166714,0.005371,0.905725,54.764088,9.535427,55.111511,10.438923,4.0,5.107e-05,7,323,0.07822,0.1064,0.03,0.0,100,0.28571,0.0,,,-0.03,0.00857,0.00109,-0.00544,0.01055,-0.01492,0.54878
2433,2491392,68.22095,137.8,1.0,0.88,1.11057,-0.001229,0.006457,0.002111,0.184603,0.0168,0.928419,56.72839,10.343858,57.103798,10.665526,4.0,5.096e-05,5,327,0.07907,0.10564,0.03,0.0,100,0.2,1.0,,,-0.03,0.00795,0.00097,-0.00605,0.00801,-0.0128,0.45453
2434,2492416,67.06143,161.2,1.0,0.89,1.098724,-0.000767,0.01055,0.000418,0.156208,0.000381,0.856631,55.792343,9.106557,55.560032,9.630822,4.0,5.086e-05,5,325,0.08656,0.11882,0.03,0.0,100,0.4,1.0,,,-0.03,0.00781,0.00075,-0.00473,0.00412,-0.012,0.48151
2435,2493440,46.17827,210.85714,0.71429,0.88,1.180452,-0.000616,0.016832,0.000538,0.178391,0.000732,0.840441,55.793388,9.236295,55.225872,11.897314,4.0,5.076e-05,7,322,0.07792,0.10967,0.03,0.0,100,0.28571,1.0,,,-0.03,0.00759,0.00116,-0.00692,0.00661,-0.01537,0.4389
2436,2494464,66.11815,176.0,1.0,0.89,1.133166,-0.001806,0.013579,0.002929,0.181405,0.029617,0.855908,56.46949,10.09516,56.488491,10.862487,4.0,5.066e-05,7,322,0.07953,0.11086,0.03,0.0,100,0.0,1.0,,,-0.03,0.00922,0.00182,-0.00444,0.00596,-0.0177,0.62654
2437,2495488,54.46788,179.83333,0.83333,0.89,0.987932,-0.000673,0.025538,0.000867,0.158169,0.00769,0.829273,53.561985,11.961128,52.989876,13.769797,4.0,5.055e-05,6,326,0.08495,0.1188,0.03,0.0,100,0.33333,0.0,,,-0.03,0.00788,0.00113,-0.0071,0.00921,-0.01902,0.50474
2438,2496512,66.23413,172.14286,1.0,0.91,1.141606,-0.001151,0.020764,0.002056,0.205368,0.015472,0.656906,57.769268,9.657899,58.416504,8.855367,4.0,5.045e-05,7,327,0.08048,0.11244,0.03,0.0,100,0.42857,1.0,,,-0.03,0.00743,0.00138,-0.00567,0.01013,-0.01932,0.62434
2439,2497536,67.24434,152.5,1.0,0.92,1.138898,-0.001006,0.014365,0.000746,0.225036,0.003052,0.716199,57.315155,7.926503,55.941986,7.967538,4.0,5.035e-05,2,329,0.08406,0.11485,0.03,0.0,100,0.5,0.0,,,-0.03,0.00752,0.0013,-0.00317,0.00188,-0.02138,0.18436
2440,2498560,50.74596,201.66667,0.83333,0.91,1.117635,-0.000646,0.027258,0.000632,0.191264,0.003998,0.70594,55.02063,8.655528,54.048042,10.765936,4.0,5.025e-05,6,327,0.08109,0.11256,0.03,0.0,100,0.66667,1.0,,,-0.03,0.00713,0.00093,-0.00619,0.00192,-0.01835,0.44891
2441,2499584,63.33597,260.5,1.0,0.91,0.89197,-0.000647,0.021289,0.0005,0.220043,0.001221,0.693865,53.692688,10.037089,52.631077,9.471632,4.0,5.014e-05,2,352,0.10015,0.12247,0.03,0.0,100,0.5,1.0,,,-0.03,0.00796,0.00023,-0.00212,0.00022,-0.01953,0.2318
2442,2500608,48.99268,275.6,0.8,0.9,1.035676,-0.000583,0.020116,0.00155,0.180471,0.013428,0.814138,52.78965,9.58038,51.870888,11.586843,4.0,5.004e-05,5,354,0.08635,0.10752,0.03,0.0,100,0.6,0.0,,,-0.03,0.00673,0.00036,-0.00383,0.00573,-0.02211,0.40765
2443,2501632,64.74147,200.0,1.0,0.9,1.118821,-0.001066,0.009221,0.001176,0.271691,0.007385,0.773544,53.994164,6.798329,52.363476,6.876395,4.0,4.994e-05,1,344,0.08637,0.11222,0.03,0.0,100,0.0,0.0,,,-0.03,0.00669,0.00091,-0.00091,-0.00044,-0.01,0.09823
2444,2502656,32.91992,350.0,0.66667,0.9,0.935459,-0.001035,0.006716,0.001108,0.207112,0.006683,0.86147,50.460846,7.540057,49.636124,7.652703,4.0,4.984e-05,3,356,0.09074,0.10682,0.04,0.0,100,1.0,0.0,,,-0.03,0.00725,0.00011,-0.00268,0.00137,-0.01379,0.23281
2445,2503680,42.05348,371.5,0.75,0.89,0.979231,-0.001645,0.012974,0.002047,0.196954,0.022995,0.730141,51.559101,7.672573,50.872936,7.85426,4.0,4.973e-05,4,367,0.09589,0.11499,0.05,0.0,100,0.5,0.0,,,-0.03,0.00493,0.0002,-0.00761,0.00511,-0.0367,0.32767
2446,2504704,63.15688,230.5,1.0,0.89,1.063871,-0.000658,0.012052,0.000802,0.248474,0.003372,0.700952,50.334324,6.330313,48.922607,7.102523,4.0,4.963e-05,2,350,0.0955,0.12217,0.05,0.0,100,0.5,0.0,,,-0.03,0.00639,0.00091,-0.00759,0.00043,-0.03465,0.20394
2447,2505728,28.03967,380.5,0.5,0.88,0.934405,-0.001462,0.015192,0.001146,0.224494,0.007431,0.818922,45.508186,9.579622,44.599373,10.159206,4.0,4.953e-05,4,365,0.08867,0.12057,0.07,0.0,100,0.5,0.0,,,-0.03,0.00717,0.00054,-0.00702,-0.00412,-0.0181,0.23245
2448,2506752,nan,nan,0.0,0.88,0.724114,-0.000359,0.008869,0.000269,0.160828,0.0,0.879149,43.578808,10.563787,42.988831,9.789918,4.0,4.943e-05,0,386,0.10483,0.1299,0.07,0.0,100,0.0,0.0,,,-0.03,0.00637,0.00064,-0.00363,0.00629,-0.0097,0.0
2449,2507776,-5.30954,480.25,0.25,0.86,0.803301,-0.000595,0.014703,0.001484,0.186368,0.017517,0.760641,45.127022,7.403222,43.83614,8.769997,4.0,4.932e-05,4,396,0.09589,0.11417,0.09,0.0,100,0.5,1.0,,,-0.03,0.00593,-0.00014,-0.00508,-0.00098,-0.01137,0.12087
2450,2508800,45.97683,313.75,0.75,0.85,1.073349,-0.001286,0.014324,0.000885,0.178291,0.005432,0.704163,46.59481,6.15725,46.544353,7.737362,4.0,4.922e-05,4,345,0.08371,0.11124,0.1,0.0,100,0.5,1.0,,,-0.03,0.00652,0.00121,-0.00678,0.00745,-0.01684,0.2902
2451,2509824,25.00236,365.0,0.5,0.83,0.928428,-0.000868,0.021386,0.000662,0.227054,0.001999,0.723107,45.426201,7.890748,44.157181,9.748927,4.0,4.912e-05,4,355,0.08504,0.11582,0.11,0.0,100,0.75,1.0,,,-0.03,0.00835,0.00073,-0.00606,-0.00223,-0.02217,0.20525
2452,2510848,46.77067,211.4,0.8,0.83,1.094925,-0.001386,0.021169,0.000845,0.187358,0.003433,0.52924,46.700562,5.577466,47.206367,7.494105,4.0,4.902e-05,5,331,0.08639,0.11536,0.1,0.0,100,0.6,0.0,,,-0.03,0.00572,0.00096,-0.00423,0.00642,-0.01806,0.37977
2453,2511872,65.04563,207.16667,1.0,0.83,1.124239,-0.000778,0.026036,0.000837,0.261229,0.004486,0.437745,46.290321,6.092137,47.696274,7.871139,4.0,4.892e-05,6,333,0.08728,0.11601,0.1,0.0,100,0.5,0.0,,,-0.03,0.00652,0.00095,-0.00589,0.0019,-0.01662,0.55427
2454,2512896,66.36411,172.66667,1.0,0.83,1.034232,-0.000917,0.017205,0.000811,0.205752,0.005371,0.596338,47.33194,6.805391,48.194366,7.287158,4.0,4.881e-05,3,348,0.08764,0.11722,0.1,0.0,100,0.66667,0.0,,,-0.03,0.0066,0.00086,-0.00729,0.00795,-0.01048,0.31105
2455,2513920,65.62995,189.0,1.0,0.83,1.016978,-0.001027,0.015194,0.000613,0.176817,0.003906,0.699576,47.553207,6.299782,48.043472,7.857485,4.0,4.871e-05,5,338,0.09203,0.12304,0.1,0.0,100,0.2,1.0,,,-0.03,0.00839,0.00077,-0.00686,0.0056,-0.01437,0.5196
2456,2514944,63.92978,197.75,1.0,0.84,0.819375,-0.000827,0.016227,0.000941,0.183662,0.005142,0.709448,47.208443,7.417767,47.981548,8.383598,4.0,4.861e-05,4,381,0.08616,0.11249,0.09,0.0,100,0.25,0.0,,,-0.03,0.00839,0.00066,-0.00703,0.00482,-0.01634,0.5065
2457,2515968,52.82436,253.2,0.8,0.83,1.038707,-0.001235,0.00806,0.000945,0.230731,0.004745,0.822701,49.619984,6.343972,50.876202,7.52665,4.0,4.851e-05,5,345,0.07777,0.10683,0.1,0.0,100,0.4,0.0,,,-0.03,0.00749,0.00148,-0.00735,0.01519,-0.0172,0.39607
2458,2516992,52.15216,249.33333,0.83333,0.82,1.093389,-0.000646,0.026607,0.000936,0.157248,0.008804,0.568685,51.341064,6.035611,51.158279,9.258254,4.0,4.84e-05,6,330,0.08144,0.11437,0.1,0.0,100,0.33333,1.0,,,-0.03,0.00885,0.00113,-0.00957,0.00324,-0.01954,0.45021
2459,2518016,67.95995,138.0,1.0,0.84,0.925786,-0.000682,0.011413,0.000397,0.139764,0.000381,0.831542,51.557846,8.476778,51.908081,9.194745,4.0,4.83e-05,4,344,0.08863,0.11913,0.09,0.0,100,0.25,1.0,,,-0.03,0.00812,0.00107,-0.00495,0.00678,-0.01124,0.44249
2460,2519040,63.5698,233.16667,1.0,0.84,0.919877,-0.000726,0.015667,0.001186,0.1688,0.006882,0.809935,48.964684,9.332821,49.647186,10.229087,4.0,4.82e-05,6,354,0.08284,0.11973,0.09,0.0,100,0.5,1.0,,,-0.03,0.00828,0.00114,-0.01042,0.00167,-0.01254,0.6492
2461,2520064,48.96358,154.25,0.75,0.83,0.824984,-0.00067,0.020164,0.000615,0.145036,0.001144,0.802266,49.406967,9.210564,49.071606,11.346821,4.0,4.81e-05,4,372,0.09153,0.12895,0.09,0.0,100,0.5,0.0,,,-0.03,0.0074,0.00147,-0.00764,0.00291,-0.01061,0.36428
2462,2521088,65.82186,189.33333,1.0,0.84,1.04039,-0.000549,0.012212,0.000322,0.275282,0.001175,0.775303,52.405815,7.481365,54.207336,8.064629,4.0,4.799e-05,6,324,0.08012,0.10795,0.09,0.0,100,0.5,0.0,,,-0.03,0.00766,0.00133,-0.00758,0.01495,-0.01979,0.566
2463,2522112,57.29017,199.14286,0.85714,0.83,1.249975,-0.001499,0.007931,0.000736,0.240395,0.003738,0.813539,56.872612,6.695022,57.507854,7.080909,4.0,4.789e-05,7,310,0.07929,0.11368,0.1,0.0,100,0.14286,0.0,,,-0.03,0.00644,0.00126,-0.00734,0.00742,-0.02523,0.48708
2464,2523136,55.23707,164.57143,0.85714,0.83,0.947862,-0.000479,0.024179,0.000633,0.192596,0.001694,0.728067,56.622322,8.162942,55.783684,10.746592,4.0,4.779e-05,7,355,0.08318,0.10913,0.1,0.0,100,0.42857,1.0,,,-0.03,0.00797,0.00093,-0.005,0.00758,-0.01929,0.63674
2465,2524160,67.5722,149.28571,1.0,0.84,1.231099,-0.00166,0.007602,0.001265,0.244137,0.009155,0.779525,57.401184,6.000999,58.632896,6.467315,4.0,4.769e-05,7,318,0.08146,0.11439,0.1,0.0,100,0.28571,1.0,,,-0.03,0.00765,0.00108,-0.00645,0.00981,-0.01685,0.57887
2466,2525184,69.17092,117.25,1.0,0.85,1.186841,-0.001059,0.011254,0.000695,0.191491,0.00386,0.790831,56.883957,7.20285,56.498623,8.230319,4.0,4.758e-05,4,311,0.08129,0.11326,0.09,0.0,100,0.0,0.0,,,-0.03,0.00653,0.00144,-0.00863,0.00839,-0.01812,0.34197
2467,2526208,43.16247,226.71429,0.71429,0.85,0.939516,-0.000352,0.037704,0.000586,0.133005,0.000122,0.727938,51.854557,11.691974,51.712761,13.335632,4.0,4.748e-05,7,341,0.08367,0.1217,0.08,0.0,100,0.42857,1.0,,,-0.03,0.00797,0.00122,-0.00881,0.00134,-0.01783,0.51551
2468,2527232,58.32206,142.375,0.875,0.89,1.205287,-0.000554,0.018882,0.000821,0.166225,0.002304,0.755096,58.751457,7.176086,59.246765,9.94709,4.0,4.738e-05,8,312,0.07827,0.11712,0.04,0.0,100,0.5,0.75,,,-0.03,0.00646,0.0012,-0.01036,0.00917,-0.01403,0.57526
2469,2528256,68.98829,115.16667,1.0,0.91,1.044653,-0.000913,0.016625,0.000656,0.18161,0.002502,0.757055,56.506275,8.181794,56.167065,9.221408,4.0,4.728e-05,6,321,0.08622,0.12304,0.03,0.0,100,0.33333,1.0,,,-0.03,0.0085,0.00164,-0.00862,0.00648,-0.01444,0.5871
2470,2529280,57.83914,165.375,0.875,0.91,1.179525,-0.000235,0.024344,0.000413,0.149506,0.000473,0.782375,56.58007,9.789074,57.341942,11.746685,4.0,4.717e-05,8,317,0.07761,0.1154,0.03,0.0,100,0.5,1.0,,,-0.03,0.00843,0.00121,-0.00869,0.0113,-0.01444,0.6
2471,2530304,68.52672,126.14286,1.0,0.91,1.224591,-0.001835,0.006831,0.002556,0.175979,0.024338,0.833372,60.305149,6.29282,60.425903,7.139218,4.0,4.707e-05,7,315,0.0835,0.11671,0.03,0.0,100,0.0,1.0,,,-0.03,0.00722,0.00118,-0.00992,0.00572,-0.0134,0.57966
2472,2531328,67.14288,144.28571,1.0,0.91,0.967051,-0.000535,0.01558,0.000464,0.152039,0.001495,0.796034,56.026306,9.616742,56.418495,9.865266,4.0,4.697e-05,7,332,0.09227,0.13607,0.03,0.0,100,0.42857,1.0,,,-0.03,0.00758,0.0011,-0.00891,0.00247,-0.01599,0.72215
2473,2532352,66.40071,164.0,1.0,0.92,1.061014,-0.001036,0.012413,0.000979,0.156262,0.006485,0.770477,58.055244,8.390726,58.314041,8.259904,4.0,4.687e-05,6,332,0.08068,0.11457,0.02,0.0,100,0.16667,0.0,,,-0.03,0.00833,0.00156,-0.00826,0.00616,-0.01363,0.55034
2474,2533376,66.46878,176.0,1.0,0.92,0.78367,-0.000909,0.01123,0.000924,0.155346,0.003342,0.877923,56.370247,10.232066,55.713024,10.630969,4.0,4.676e-05,3,379,0.09623,0.12773,0.02,0.0,100,0.66667,1.0,,,-0.03,0.00952,0.0006,-0.00511,0.00071,-0.00706,0.38572
2475,2534400,66.0359,198.125,1.0,0.93,1.034068,-0.000912,0.013686,0.000331,0.195049,0.000229,0.84806,55.433975,10.213086,56.424561,10.759729,4.0,4.666e-05,8,333,0.08285,0.1184,0.02,0.0,100,0.25,0.5,,,-0.03,0.00765,0.00092,-0.00649,0.00852,-0.01606,0.76205
2476,2535424,69.8318,112.0,1.0,0.93,0.976916,-0.001084,0.010571,0.000465,0.166472,0.001099,0.915476,55.461227,11.748657,55.579281,12.559014,4.0,4.656e-05,4,335,0.08451,0.1185,0.02,0.0,100,0.0,0.0,,,-0.03,0.0066,0.00124,-0.01069,0.0114,-0.01156,0.42166
2477,2536448,67.02449,154.0,1.0,0.94,0.984289,-0.00113,0.016102,0.001394,0.145193,0.006134,0.815027,55.37479,11.0413,55.70496,10.546392,4.0,4.646e-05,7,343,0.08767,0.12695,0.02,0.0,100,0.14286,0.0,,,-0.03,0.00689,0.00094,-0.0089,0.00621,-0.01666,0.721
2478,2537472,55.72304,203.0,0.83333,0.94,0.970211,-0.001167,0.017145,0.000932,0.183376,0.005905,0.814977,54.954628,10.518514,54.387177,10.884377,4.0,4.636e-05,6,342,0.08308,0.12284,0.02,0.0,100,0.33333,1.0,,,-0.03,0.00711,0.00092,-0.0065,0.00049,-0.01556,0.52564
2479,2538496,55.19114,174.71429,0.85714,0.93,0.978443,-0.000474,0.020451,0.000216,0.129231,9.2e-05,0.618136,57.189499,6.461739,57.531487,8.134303,4.0,4.625e-05,7,326,0.0777,0.11376,0.02,0.0,100,0.57143,1.0,,,-0.03,0.00811,0.00092,-0.00728,0.00485,-0.02229,0.5927
2480,2539520,52.3456,233.16667,0.83333,0.93,1.110686,-0.001376,0.010926,0.001948,0.1544,0.015045,0.586979,58.304298,5.930056,58.344299,5.862716,4.0,4.615e-05,6,333,0.08093,0.11841,0.03,0.0,100,0.5,1.0,,,-0.03,0.00698,0.00082,-0.00564,0.00173,-0.0152,0.46777
2481,2540544,66.85958,157.0,1.0,0.93,1.152941,-0.000893,0.010986,0.000378,0.156532,0.000748,0.705227,58.562374,5.912096,58.999855,6.832905,4.0,4.605e-05,6,321,0.07833,0.11511,0.03,0.0,100,0.66667,0.0,,,-0.03,0.00818,0.00139,-0.00597,0.00531,-0.01476,0.51858
2482,2541568,67.8722,130.5,1.0,0.93,0.959762,-0.001461,0.015202,0.001682,0.182569,0.012039,0.479102,58.24791,6.95455,57.868267,6.249245,4.0,4.595e-05,4,322,0.08107,0.12161,0.03,0.0,100,0.25,0.0,,,-0.03,0.00699,0.00155,-0.00609,0.00076,-0.01069,0.42379
2483,2542592,65.38705,193.5,1.0,0.95,0.979862,-0.000796,0.008689,0.000347,0.151905,0.001785,0.63806,58.226898,5.105768,58.150318,5.596906,4.0,4.584e-05,6,338,0.08063,0.11993,0.02,0.0,100,0.83333,0.0,,,-0.03,0.00572,0.00099,-0.00721,-0.00529,-0.00903,0.59347
2484,2543616,41.9416,177.0,0.66667,0.95,0.572997,-0.000162,0.028297,0.000137,0.281419,0.0,0.604319,55.375587,7.057996,53.445801,9.39962,4.0,4.574e-05,3,399,0.08279,0.11629,0.02,0.0,100,1.0,1.0,,,-0.03,0.01118,0.00152,-0.00398,-0.00309,-0.01052,0.32353
2485,2544640,48.91836,191.5,0.75,0.94,0.707953,-0.000306,0.027503,0.000151,0.160803,0.000336,0.612047,53.581272,7.040286,52.790916,9.371808,4.0,4.564e-05,4,384,0.07566,0.10764,0.02,0.0,100,0.75,0.0,,,-0.03,0.00626,0.00125,-0.0026,0.00568,-0.01813,0.41584
2486,2545664,46.49245,228.85714,0.71429,0.92,0.834681,-0.000446,0.016613,0.000507,0.112241,0.001266,0.727257,56.235367,6.672616,56.208073,8.799865,4.0,4.554e-05,7,346,0.07049,0.09839,0.03,0.0,100,0.42857,0.0,,,-0.03,0.00767,0.00107,-0.00401,0.00903,-0.01576,0.5803
2487,2546688,64.83857,244.25,1.0,0.92,0.956681,-0.001553,0.005903,0.001497,0.182402,0.011566,0.81746,57.373829,6.181063,57.160408,6.372261,4.0,4.543e-05,4,346,0.07438,0.10934,0.03,0.0,100,0.5,0.0,,,-0.03,0.00778,0.00109,-0.00368,0.00279,-0.01292,0.40317
2488,2547712,67.33423,152.14286,1.0,0.93,0.872699,-0.000614,0.007633,0.000725,0.179,0.001709,0.803336,56.756775,6.084217,57.463017,6.952482,4.0,4.533e-05,7,347,0.07202,0.10605,0.03,0.0,100,0.57143,1.0,,,-0.03,0.00715,0.00118,-0.00343,0.00951,-0.01623,0.77413
2489,2548736,53.43558,216.8,0.8,0.92,1.087649,-0.001214,0.004391,0.000476,0.181817,0.000534,0.877664,59.086571,6.217434,59.230686,6.693025,4.0,4.523e-05,5,330,0.07145,0.10439,0.04,0.0,100,0.6,0.0,,,-0.03,0.00653,0.00135,-0.00394,0.00965,-0.01551,0.37258
2490,2549760,67.80006,144.2,1.0,0.92,1.039011,-0.000918,0.006552,0.001146,0.182782,0.010345,0.820787,59.35128,6.36501,58.795799,6.703168,4.0,4.513e-05,5,330,0.07359,0.10438,0.04,0.0,100,0.8,0.0,,,-0.03,0.00832,0.00068,-0.00201,0.00199,-0.01407,0.48793
2491,2550784,42.17572,303.66667,0.66667,0.91,0.7653,-0.001122,0.007308,0.001213,0.191007,0.011078,0.850684,55.933784,7.345102,55.047646,7.737411,4.0,4.502e-05,3,377,0.0849,0.11471,0.05,0.0,100,0.33333,0.0,,,-0.03,0.00543,0.00093,-0.0021,0.00194,-0.012,0.25801
2492,2551808,49.18645,156.0,0.75,0.9,0.898632,-0.000681,0.019403,0.00134,0.2108,0.014313,0.77293,55.258316,7.998701,54.134804,10.418321,4.0,4.492e-05,4,360,0.07552,0.09951,0.05,0.0,100,0.25,0.0,,,-0.03,0.00824,0.0005,-0.00116,0.00716,-0.01499,0.33138
2493,2552832,53.12654,221.0,0.8,0.89,0.943335,-0.000958,0.00354,0.000621,0.184601,0.004242,0.928821,55.761765,7.442256,55.958721,8.314743,4.0,4.482e-05,5,333,0.07004,0.09447,0.06,0.0,100,0.4,0.0,,,-0.03,0.00618,0.00098,-0.00055,0.01236,-0.01701,0.41619
2494,2553856,41.20748,344.5,0.66667,0.87,0.947499,-0.00128,0.006617,0.000974,0.188495,0.005325,0.895701,56.786476,8.621332,56.476768,8.944458,4.0,4.472e-05,6,350,0.07504,0.10286,0.08,0.0,100,0.5,0.0,,,-0.03,0.00616,0.00084,-0.00138,0.007,-0.01236,0.4093
2495,2554880,67.10517,165.28571,1.0,0.87,1.14683,-0.000814,0.010411,0.000936,0.149528,0.006149,0.531237,60.317368,5.409765,60.722813,5.310479,4.0,4.461e-05,7,319,0.07598,0.10644,0.08,0.0,100,0.42857,1.0,,,-0.03,0.00727,0.00119,-0.00141,0.00836,-0.01894,0.5863
2496,2555904,67.48998,140.2,1.0,0.87,0.957147,-0.000794,0.012138,0.000999,0.209356,0.003189,0.813332,57.77401,8.088663,56.724724,9.023484,4.0,4.451e-05,5,335,0.07714,0.11278,0.08,0.0,100,0.4,1.0,,,-0.03,0.00774,0.00129,-0.00194,-0.00214,-0.02246,0.48741
2497,2556928,39.13468,162.625,0.625,0.86,0.933511,-0.000321,0.038481,0.000847,0.325619,0.000351,0.676799,56.448875,7.311973,54.34861,12.447625,4.0,4.441e-05,8,326,0.07521,0.11102,0.07,0.0,100,0.625,1.0,,,-0.03,0.0077,0.00164,-0.00402,0.00013,-0.01698,0.48177
2498,2557952,49.62092,138.0,0.75,0.85,1.10211,-0.000676,0.030729,0.001536,0.209553,0.012329,0.736251,55.783691,8.304558,55.05262,12.602464,4.0,4.431e-05,8,320,0.0752,0.10602,0.06,0.0,100,0.5,0.0,,,-0.03,0.00794,0.00143,-0.00493,0.00834,-0.02049,0.52876
2499,2558976,67.57503,137.875,1.0,0.85,1.179032,-0.000937,0.018122,0.001196,0.234795,0.009598,0.546685,57.430717,6.695292,58.334877,7.238277,4.0,4.42e-05,8,318,0.07908,0.11132,0.06,0.0,100,0.375,1.0,,,-0.03,0.00611,0.00135,-0.00585,0.00555,-0.01748,0.67716
2500,2560000,45.8482,136.28571,0.71429,0.83,1.124019,-0.000654,0.034568,0.000415,0.36775,0.000183,0.768618,55.839661,10.034804,53.948341,14.264767,4.0,4.41e-05,7,313,0.07914,0.11812,0.06,0.0,100,0.28571,0.0,,,-0.03,0.0077,0.0012,-0.00433,0.00322,-0.01755,0.45016
2501,2561024,69.575,117.0,1.0,0.83,1.057176,-0.001002,0.017467,0.001654,0.221485,0.009796,0.875034,53.000023,12.801709,52.728497,12.943812,4.0,4.4e-05,4,336,0.08511,0.12407,0.06,0.0,100,0.0,0.0,,,-0.03,0.00629,0.00146,-0.00157,0.00408,-0.01221,0.39743
2502,2562048,54.95599,174.5,0.83333,0.84,1.061434,-0.000375,0.018647,0.000632,0.134341,0.004181,0.85537,53.183624,11.465118,53.247684,13.0537,4.0,4.39e-05,6,338,0.08422,0.11772,0.06,0.0,100,0.5,1.0,,,-0.03,0.00725,0.00102,-0.00131,0.0091,-0.01462,0.4891
2503,2563072,68.42807,137.5,1.0,0.85,0.919284,-0.000712,0.011263,0.000729,0.200292,0.005646,0.917505,51.10548,12.445583,50.288273,13.003498,4.0,4.38e-05,4,339,0.09475,0.12627,0.06,0.0,100,0.25,1.0,,,-0.03,0.00812,0.00045,-0.00388,0.0013,-0.01497,0.4706
2504,2564096,67.64715,133.66667,1.0,0.86,0.756885,-0.000953,0.011003,0.000988,0.236678,0.008163,0.940478,45.695724,14.468036,44.611645,15.128839,4.0,4.369e-05,3,383,0.09458,0.1224,0.05,0.0,100,0.33333,0.0,,,-0.03,0.00715,0.00036,-0.00318,0.00419,-0.01082,0.41776
2505,2565120,17.39744,346.16667,0.33333,0.82,0.880761,-0.000624,0.014537,0.000419,0.208501,0.000122,0.925988,47.326637,14.212043,46.351631,15.647203,4.0,4.359e-05,6,355,0.08932,0.1208,0.07,0.0,100,0.66667,1.0,,,-0.03,0.00868,0.00068,-0.00399,0.00536,-0.01475,0.22141
2506,2566144,42.43836,250.66667,0.66667,0.8,1.024035,-0.00114,0.016906,0.001436,0.202298,0.004822,0.889933,52.600998,11.903142,51.621338,13.668339,4.0,4.349e-05,6,340,0.08726,0.1208,0.08,0.0,100,0.5,0.0,,,-0.03,0.00686,0.0008,-0.00358,0.00637,-0.01048,0.40096
2507,2567168,67.07315,161.33333,1.0,0.81,1.059041,-0.001079,0.016518,0.001199,0.184622,0.008057,0.827311,52.537399,10.472651,51.896103,10.806308,4.0,4.339e-05,3,326,0.08601,0.11645,0.07,0.0,100,0.66667,0.0,,,-0.03,0.00975,0.00083,0.00013,0.00284,-0.01407,0.28761
2508,2568192,64.18441,244.25,1.0,0.81,0.884418,-0.000949,0.023423,0.001054,0.167732,0.010422,0.831801,47.143505,12.989245,46.833893,13.22965,4.0,4.328e-05,4,366,0.09521,0.12243,0.07,0.0,100,0.5,1.0,,,-0.03,0.00938,0.00015,-0.00161,0.00327,-0.01234,0.45485
2509,2569216,66.81002,172.0,1.0,0.81,0.762401,-0.00057,0.016086,0.0002,0.200112,0.0,0.881844,43.375622,12.841704,42.200634,12.979752,4.0,4.318e-05,2,397,0.1017,0.12159,0.07,0.0,100,0.5,1.0,,,-0.03,0.00769,-0.0003,0.0008,-0.0026,-0.00649,0.28421
2510,2570240,61.13852,309.0,1.0,0.82,0.839294,-0.000692,0.024341,0.001101,0.168066,0.009689,0.836672,43.370605,13.33861,43.87981,13.66989,4.0,4.308e-05,4,365,0.09043,0.11664,0.06,0.0,100,0.75,0.0,,,-0.03,0.00706,0.00057,-0.00347,0.00652,-0.0143,0.45529
2511,2571264,30.92924,372.75,0.5,0.81,0.817018,-0.000888,0.010077,0.000415,0.177471,0.001328,0.922095,45.191654,12.362172,44.528889,12.604083,4.0,4.298e-05,4,357,0.09846,0.12829,0.08,0.0,100,0.5,1.0,,,-0.03,0.00708,0.0004,-0.00189,0.00492,-0.01416,0.25145
2512,2572288,66.88873,170.0,1.0,0.82,0.849765,-0.000968,0.017474,0.001017,0.196191,0.008911,0.853387,44.805885,11.448874,45.726147,12.239402,4.0,4.287e-05,4,368,0.09602,0.126,0.07,0.0,100,1.0,0.0,,,-0.03,0.00837,0.00039,-0.0013,0.00864,-0.01425,0.47665
2513,2573312,51.88703,318.66667,0.83333,0.82,1.062488,-0.000775,0.018023,0.000327,0.214749,0.000626,0.774975,49.931122,9.913158,50.787308,10.129523,4.0,4.277e-05,6,330,0.08471,0.11593,0.07,0.0,100,0.33333,1.0,,,-0.03,0.00812,0.00058,-0.00315,0.00565,-0.01805,0.45538
2514,2574336,67.47573,145.2,1.0,0.83,1.139338,-0.001084,0.015096,0.000643,0.179262,0.002884,0.860667,51.957317,10.809543,52.272495,11.482685,4.0,4.267e-05,5,315,0.07992,0.11417,0.06,0.0,100,0.0,0.0,,,-0.03,0.0048,0.00148,-0.00442,0.01001,-0.01589,0.45458
2515,2575360,67.21361,150.0,1.0,0.83,0.878303,-0.000614,0.021194,0.000849,0.145364,0.003738,0.838654,47.114971,11.987125,47.449871,12.72301,4.0,4.257e-05,5,358,0.08557,0.12496,0.06,0.0,100,0.4,0.0,,,-0.03,0.00608,0.00097,-0.00632,0.00489,-0.01033,0.57223
2516,2576384,42.68653,168.0,0.66667,0.82,0.785071,-0.000398,0.021573,0.000244,0.257058,0.0,0.803819,47.567619,10.490465,45.802925,11.600284,4.0,4.246e-05,3,378,0.09287,0.12891,0.06,0.0,100,0.66667,0.0,,,-0.03,0.0074,0.00073,-0.00417,-0.0013,-0.01163,0.26354
2517,2577408,44.90003,361.25,0.75,0.83,0.641206,-0.000497,0.019763,0.000233,0.14804,0.000137,0.799502,43.218716,10.562389,43.268963,11.111996,4.0,4.236e-05,4,398,0.09505,0.125,0.07,0.0,100,0.75,0.0,,,-0.03,0.00909,0.00023,-0.00299,-0.00029,-0.01484,0.43616
2518,2578432,68.39813,161.5,1.0,0.84,0.838656,-0.000506,0.015796,0.00065,0.126045,0.00145,0.845809,46.17926,10.511887,46.527958,11.228196,4.0,4.226e-05,4,359,0.08794,0.11683,0.07,0.0,100,0.25,0.0,,,-0.03,0.0084,0.00121,-0.0019,0.00931,-0.0142,0.48794
2519,2579456,46.70302,293.25,0.75,0.84,0.750142,-0.001002,0.015396,0.000559,0.147493,0.003281,0.780007,46.657825,9.080933,46.464676,9.36597,4.0,4.216e-05,4,390,0.09757,0.12887,0.08,0.0,100,0.5,0.0,,,-0.03,0.00749,0.00043,-0.00298,3e-05,-0.00805,0.41705
2520,2580480,63.32728,272.0,1.0,0.85,0.914592,-0.000789,0.020844,0.00067,0.305458,0.00235,0.574957,48.277008,7.228259,50.196629,7.979826,4.0,4.205e-05,6,353,0.09015,0.12292,0.08,0.0,100,0.66667,1.0,,,-0.03,0.00714,0.00052,-0.0055,0.00768,-0.01762,0.62981
2521,2581504,59.31716,181.625,0.875,0.84,1.248696,-0.000904,0.009423,0.000787,0.383692,0.007401,0.790635,54.426918,6.144314,56.408012,7.344377,4.0,4.195e-05,8,295,0.07389,0.10783,0.09,0.0,100,0.625,0.0,,,-0.03,0.00624,0.00114,-0.00537,0.01397,-0.01754,0.55265
2522,2582528,68.64948,120.375,1.0,0.86,1.212543,-0.00163,0.011312,0.002275,0.276542,0.013763,0.769057,56.270386,7.061528,57.354546,7.60888,4.0,4.185e-05,8,305,0.07916,0.11333,0.09,0.0,100,0.25,0.0,,,-0.03,0.00631,0.00122,-0.00583,0.00642,-0.01491,0.65868
2523,2583552,66.38768,166.6,1.0,0.87,1.009816,-0.000332,0.015435,0.000647,0.160583,3.1e-05,0.773326,56.477264,8.707424,56.851315,9.149487,4.0,4.175e-05,5,336,0.08479,0.12148,0.09,0.0,100,0.6,0.0,,,-0.03,0.00836,0.00139,-0.00364,0.00843,-0.01804,0.49593
2524,2584576,53.48667,162.8,0.8,0.86,1.0746,-0.000329,0.021761,0.00024,0.135286,6.1e-05,0.771639,56.463734,9.413291,56.21302,11.16193,4.0,4.164e-05,5,333,0.07707,0.11035,0.09,0.0,100,0.2,0.0,,,-0.03,0.00619,0.00115,-0.00485,0.00826,-0.01191,0.38105
2525,2585600,54.37341,187.33333,0.83333,0.86,0.988028,-0.000255,0.021187,0.00013,0.175553,0.0,0.82562,53.493267,10.59545,52.651505,12.511075,4.0,4.154e-05,6,332,0.08345,0.11785,0.09,0.0,100,0.5,0.0,,,-0.03,0.00679,0.0006,-0.00747,0.00042,-0.01265,0.51302
2526,2586624,67.97545,133.0,1.0,0.88,0.81131,-0.000735,0.016418,0.000322,0.221938,6.1e-05,0.865775,49.60714,12.051768,48.724209,12.578415,4.0,4.144e-05,3,368,0.08354,0.11628,0.07,0.0,100,0.0,0.0,,,-0.03,0.00791,0.00139,-0.00373,0.00219,-0.01298,0.38481
2527,2587648,54.01196,224.85714,0.85714,0.9,0.978324,-0.000377,0.023536,0.000303,0.140418,9.2e-05,0.784423,51.588165,9.914224,51.499554,11.582965,4.0,4.134e-05,7,342,0.08029,0.11359,0.06,0.0,100,0.57143,0.0,,,-0.03,0.00698,0.00069,-0.0057,0.00531,-0.019,0.6033
2528,2588672,58.08499,177.77778,0.88889,0.89,1.095475,-0.00029,0.028637,0.000118,0.147872,0.00029,0.759218,53.248478,9.830301,53.661552,12.234574,4.0,4.124e-05,9,307,0.07672,0.11311,0.06,0.0,100,0.33333,1.0,,,-0.03,0.00722,0.0007,-0.00564,0.00805,-0.02289,0.71491
2529,2589696,68.30154,135.0,1.0,0.9,1.115425,-0.00127,0.01922,0.000657,0.164278,0.001144,0.808525,53.969711,9.877522,54.329979,11.177573,4.0,4.113e-05,6,325,0.08418,0.11983,0.05,0.0,100,0.33333,0.0,,,-0.03,0.00749,0.00084,-0.00435,0.00662,-0.01546,0.55567
2530,2590720,67.90757,132.83333,1.0,0.91,1.109026,-0.000788,0.019656,0.000843,0.160839,0.001495,0.725639,55.137909,9.462291,55.196922,9.520255,4.0,4.103e-05,6,324,0.07459,0.10698,0.04,0.0,100,0.33333,1.0,,,-0.03,0.00882,0.00109,-0.00298,0.0059,-0.0191,0.54196
2531,2591744,68.23544,138.2,1.0,0.92,0.839816,-0.000773,0.0204,0.000305,0.138729,0.001038,0.82008,50.820683,10.775249,51.100555,11.867389,4.0,4.093e-05,5,354,0.08075,0.11683,0.03,0.0,100,0.6,0.0,,,-0.03,0.00833,0.00093,-0.00492,0.00545,-0.01728,0.5794
2532,2592768,49.41455,141.25,0.75,0.9,1.031529,-0.000706,0.021993,0.000719,0.128376,0.00148,0.742781,54.823479,8.057795,55.097977,10.255378,4.0,4.083e-05,8,316,0.07905,0.11523,0.03,0.0,100,0.25,0.5,,,-0.03,0.00787,0.00143,-0.00274,0.00847,-0.02165,0.56113
2533,2593792,43.13393,184.44444,0.66667,0.89,1.139964,-0.000322,0.031893,0.000226,0.201313,0.000458,0.769142,55.460552,9.276923,54.579895,13.557503,4.0,4.072e-05,9,306,0.07031,0.10447,0.03,0.0,100,0.55556,1.0,,,-0.03,0.00712,0.00102,-0.00413,0.00604,-0.02001,0.50624
2534,2594816,58.76928,130.25,0.875,0.89,1.152822,-0.000424,0.023414,0.000483,0.148685,0.000427,0.786238,55.806568,8.837197,56.079437,11.794657,4.0,4.062e-05,8,313,0.07423,0.11228,0.02,0.0,100,0.5,1.0,,,-0.03,0.00728,0.00102,-0.0065,0.00689,-0.01795,0.59927
2535,2595840,67.05991,128.2,1.0,0.89,1.119338,-0.001194,0.029272,0.001234,0.184501,0.006393,0.723276,53.294796,10.169355,52.556675,11.373573,4.0,4.052e-05,5,307,0.08248,0.11902,0.02,0.0,100,0.6,0.0,,,-0.03,0.0074,0.0003,-0.00365,0.00115,-0.026,0.45133
2536,2596864,43.22867,138.66667,0.66667,0.88,1.002261,-0.000581,0.029318,0.000486,0.35536,0.001831,0.843228,50.877159,12.39689,48.78653,15.609377,4.0,4.042e-05,6,340,0.07898,0.11437,0.01,0.0,100,0.33333,0.0,,,-0.03,0.00676,0.00081,-0.00321,0.00417,-0.02073,0.40381
2537,2597888,55.69,124.16667,0.83333,0.87,1.049436,-0.000663,0.020807,0.000224,0.205844,0.0,0.848149,50.505283,11.835073,50.537472,12.768527,4.0,4.031e-05,6,333,0.08147,0.1129,0.01,0.0,100,0.33333,0.0,,,-0.03,0.0083,0.00061,-0.00385,0.00602,-0.01674,0.48335
2538,2598912,65.90717,168.0,1.0,0.87,0.957843,-0.00093,0.016393,0.000402,0.167961,0.001572,0.892222,49.005203,12.761996,49.482445,13.566864,4.0,4.021e-05,6,334,0.08382,0.11163,0.01,0.0,100,0.16667,1.0,,,-0.03,0.007,0.00045,-0.00288,0.00937,-0.01463,0.63077
2539,2599936,64.10458,249.71429,1.0,0.87,0.962446,-0.000708,0.040443,0.000727,0.233807,0.005875,0.701906,49.296021,13.132833,50.696312,13.136522,4.0,4.011e-05,7,342,0.08436,0.11995,0.01,0.0,100,0.85714,1.0,,,-0.03,0.00802,0.00058,-0.00163,0.00428,-0.01932,0.7039
2540,2600960,53.19345,130.4,0.8,0.87,0.990237,-0.000531,0.034591,0.000308,0.281357,0.001282,0.765156,51.271404,11.480981,49.726593,13.552463,4.0,4.001e-05,5,336,0.07863,0.114,0.01,0.0,100,0.2,0.0,,,-0.03,0.00905,0.00087,-0.0011,-0.00137,-0.01901,0.39778
2541,2601984,48.39052,160.75,0.75,0.87,0.842968,-0.000562,0.044306,0.000331,0.22151,0.001343,0.692347,47.289684,11.917338,46.330601,13.467129,4.0,3.99e-05,4,360,0.08438,0.11566,0.01,0.0,100,0.75,0.0,,,-0.03,0.00836,-0.0,-0.00131,0.00297,-0.01405,0.34838
2542,2603008,36.4126,212.0,0.57143,0.84,1.04713,-0.000865,0.019457,0.000828,0.213099,0.003708,0.859013,50.179806,10.700638,49.915607,13.498476,4.0,3.98e-05,7,322,0.0736,0.10422,0.02,0.0,100,0.57143,1.0,,,-0.03,0.00899,0.00069,-0.00269,0.01173,-0.0155,0.38034
2543,2604032,68.7576,132.0,1.0,0.85,1.145048,-0.001218,0.0171,0.001127,0.225599,0.007889,0.737848,52.950844,8.243428,53.848713,9.159427,4.0,3.97e-05,7,326,0.0801,0.1087,0.02,0.0,100,0.28571,0.0,,,-0.03,0.00629,0.00043,-0.00105,0.00683,-0.01709,0.63888
2544,2605056,54.04213,231.33333,0.83333,0.85,1.112215,-0.000722,0.020001,0.00035,0.196743,0.000305,0.713732,52.318199,8.283353,53.027481,9.452313,4.0,3.96e-05,6,321,0.07907,0.1111,0.03,0.0,100,0.66667,0.0,,,-0.03,0.00839,0.00058,-0.00191,0.00432,-0.01936,0.44385
2545,2606080,67.35245,137.57143,1.0,0.85,1.238119,-0.000846,0.018493,0.000452,0.19754,0.000244,0.820667,53.328125,10.316085,54.104424,11.127435,4.0,3.949e-05,7,308,0.07557,0.10569,0.03,0.0,100,0.14286,0.0,,,-0.03,0.0082,0.00046,-0.0023,0.0124,-0.02189,0.59569
2546,2607104,66.4565,169.0,1.0,0.85,1.228435,-0.000849,0.017408,0.001478,0.222068,0.006393,0.743498,55.833099,10.064092,56.821617,9.343341,4.0,3.939e-05,6,319,0.07077,0.09869,0.03,0.0,100,0.33333,0.0,,,-0.03,0.00715,0.00072,-0.00197,0.00959,-0.02358,0.4999
2547,2608128,67.54566,150.57143,1.0,0.87,1.266498,-0.001046,0.011213,0.000428,0.249798,0.000168,0.666154,57.333702,6.444745,58.430099,6.70796,4.0,3.929e-05,7,310,0.07262,0.10201,0.03,0.0,100,0.28571,0.0,,,-0.03,0.00812,0.00035,-0.00161,0.00665,-0.01678,0.56327
2548,2609152,69.11708,126.66667,1.0,0.88,1.317611,-0.000644,0.00992,0.00099,0.249235,0.007904,0.767041,58.07914,7.491738,59.171619,7.603702,4.0,3.919e-05,6,298,0.06938,0.09843,0.02,0.0,100,0.5,0.0,,,-0.03,0.00825,0.00103,-0.00166,0.01013,-0.01658,0.47336
2549,2610176,50.61968,219.2,0.8,0.89,1.127557,-0.001281,0.012755,0.001046,0.189839,0.007095,0.809048,57.789284,8.825403,57.528751,9.132605,4.0,3.908e-05,5,326,0.0772,0.11039,0.03,0.0,100,0.4,0.0,,,-0.03,0.00805,0.00122,-0.00242,0.00304,-0.01394,0.36778
2550,2611200,59.62144,154.11111,0.88889,0.89,1.103819,-0.000455,0.026964,0.000615,0.138502,0.000214,0.655173,58.987328,7.857017,59.582611,9.795031,4.0,3.898e-05,9,318,0.07299,0.10369,0.03,0.0,100,0.66667,0.0,,,-0.03,0.00869,0.00112,-0.00281,0.01066,-0.02493,0.68767
2551,2612224,59.28007,125.125,0.875,0.88,1.088115,-0.000329,0.027668,0.00014,0.170155,0.0,0.772218,59.382164,10.090946,59.13488,12.586167,4.0,3.888e-05,8,301,0.07066,0.10317,0.03,0.0,100,0.25,0.0,,,-0.03,0.01123,0.00137,-0.00148,0.01068,-0.02188,0.59984
2552,2613248,69.39361,121.85714,1.0,0.91,1.064455,-0.001602,0.007021,0.002399,0.194968,0.025116,0.889705,60.045914,8.472927,60.318836,8.888555,4.0,3.878e-05,7,323,0.07152,0.10086,0.03,0.0,100,0.14286,0.0,,,-0.03,0.01003,0.00147,-0.00084,0.00797,-0.01554,0.63815
2553,2614272,68.91681,142.85714,1.0,0.91,1.081113,-0.000713,0.007328,0.001016,0.206336,0.002411,0.903618,59.579098,9.530467,60.268635,9.746712,4.0,3.868e-05,7,325,0.07105,0.09733,0.03,0.0,100,0.28571,0.0,,,-0.03,0.00937,0.00076,-0.00139,0.0156,-0.01821,0.63004
2554,2615296,58.43836,118.14286,0.85714,0.9,1.083996,-0.000764,0.020799,0.000839,0.245215,0.005997,0.823026,59.599892,10.215142,58.701481,12.77394,4.0,3.857e-05,7,320,0.07213,0.1075,0.03,0.0,100,0.57143,1.0,,,-0.03,0.00909,0.00135,-0.00377,0.00833,-0.01645,0.53106
2555,2616320,67.85809,174.85714,1.0,0.91,1.05761,-0.001145,0.016607,0.001533,0.170953,0.008179,0.79212,59.509796,9.486948,59.459061,9.909085,4.0,3.847e-05,7,316,0.071,0.1027,0.03,0.0,100,0.28571,0.0,,,-0.03,0.01066,0.0012,-0.00198,0.01165,-0.01553,0.61711
2556,2617344,69.87997,120.4,1.0,0.92,0.990088,-0.00061,0.014522,0.000124,0.156243,0.0,0.864979,57.411686,11.301781,57.200611,11.492316,4.0,3.837e-05,5,341,0.07524,0.10573,0.03,0.0,100,0.2,0.0,,,-0.03,0.00878,0.00073,-0.00202,0.01008,-0.01569,0.49391
2557,2618368,68.76021,139.75,1.0,0.95,1.058182,-0.000663,0.020763,0.000263,0.131548,0.000229,0.754654,58.426186,9.79232,58.433678,10.218419,4.0,3.827e-05,8,326,0.07039,0.10201,0.02,0.0,100,0.375,0.0,,,-0.03,0.01005,0.00154,-0.00321,0.01076,-0.01757,0.72286
2558,2619392,66.28579,198.5,1.0,0.96,0.981752,-0.00042,0.017467,0.000248,0.194984,3.1e-05,0.713453,56.917229,10.374408,57.889679,9.242965,4.0,3.816e-05,8,328,0.07859,0.11196,0.01,0.0,100,0.5,0.0,,,-0.03,0.0083,0.00062,-0.00183,0.00632,-0.016,0.80128
2559,2620416,68.84232,132.85714,1.0,0.96,1.187606,-0.000918,0.014004,0.000936,0.160395,0.006119,0.731005,61.011795,7.281109,60.839077,7.942121,4.0,3.806e-05,7,312,0.06922,0.09981,0.01,0.0,100,0.14286,0.0,,,-0.03,0.00943,0.00091,-0.00321,0.00706,-0.01699,0.57889
2560,2621440,67.421,160.66667,1.0,0.96,1.148652,-0.000568,0.011449,0.000862,0.191676,0.003067,0.550509,61.440331,6.757977,62.23748,5.737095,4.0,3.796e-05,6,326,0.07473,0.10291,0.01,0.0,100,0.33333,0.0,,,-0.03,0.00691,0.00132,-0.0031,0.01129,-0.01331,0.52831
2561,2622464,68.57084,129.85714,1.0,0.96,1.182572,-0.000893,0.007375,0.000899,0.169904,0.002899,0.683638,62.82383,5.498874,62.984344,5.398143,4.0,3.786e-05,7,312,0.07582,0.10885,0.01,0.0,100,0.28571,0.0,,,-0.03,0.00797,0.00095,-0.00425,0.00973,-0.01499,0.62563
2562,2623488,66.84616,164.42857,1.0,0.96,1.277039,-0.001068,0.007659,0.001151,0.185189,0.005661,0.630641,62.855133,4.936384,63.182079,5.016551,4.0,3.775e-05,7,305,0.07054,0.1005,0.01,0.0,100,0.28571,0.5,,,-0.03,0.01061,0.00112,-0.00288,0.00966,-0.0174,0.55033
2563,2624512,68.68343,138.0,1.0,0.97,1.209169,-0.000788,0.006345,0.000216,0.182882,6.1e-05,0.769982,62.249687,5.717756,62.873482,5.841237,4.0,3.765e-05,8,317,0.07365,0.1048,0.0,0.0,100,0.25,0.0,,,-0.03,0.00739,0.00083,-0.00454,0.00945,-0.01201,0.66934
2564,2625536,69.51092,127.57143,1.0,0.98,1.181544,-0.000999,0.007057,0.000694,0.161695,0.003143,0.852483,62.303123,7.0451,62.240234,7.658668,4.0,3.755e-05,7,292,0.07145,0.10357,0.0,0.0,100,0.0,1.0,,,-0.03,0.00903,0.00105,-0.00302,0.00911,-0.01659,0.58948
2565,2626560,56.61565,142.66667,0.83333,0.97,1.055207,-0.000241,0.021075,0.000357,0.146302,1.5e-05,0.757724,61.416447,8.255021,60.690247,10.730839,4.0,3.745e-05,6,333,0.07202,0.09937,0.0,0.0,100,0.16667,0.0,,,-0.03,0.0099,0.00081,-0.00192,0.01152,-0.01681,0.46872
2566,2627584,69.11069,122.66667,1.0,0.98,1.106314,-0.001587,0.002673,0.002066,0.180327,0.012939,0.92899,61.371956,6.473166,61.559475,6.971763,4.0,3.734e-05,6,326,0.07348,0.10122,0.0,0.0,100,0.0,0.0,,,-0.03,0.01001,0.00087,-0.00328,0.01188,-0.01416,0.54031
2567,2628608,66.43253,198.875,1.0,0.98,1.041656,-0.000619,0.011439,0.000318,0.188922,0.000473,0.790723,60.371071,8.049356,59.971203,8.368039,4.0,3.724e-05,8,326,0.0746,0.10862,0.0,0.0,100,0.25,0.0,,,-0.03,0.0096,0.001,-0.0013,0.00386,-0.01519,0.7363
2568,2629632,56.16177,140.66667,0.83333,0.97,0.991089,-0.000882,0.020711,0.001421,0.191017,0.006729,0.729144,59.730774,7.797387,58.677738,9.583965,4.0,3.714e-05,6,323,0.07968,0.113,0.0,0.0,100,0.33333,0.0,,,-0.03,0.00924,0.00044,-0.00229,0.00027,-0.0169,0.4976
2569,2630656,56.60832,167.14286,0.85714,0.97,0.967542,-0.000148,0.022838,0.000167,0.118808,3.1e-05,0.80527,58.393269,9.771164,58.243904,11.964693,4.0,3.704e-05,7,336,0.07754,0.11078,0.0,0.0,100,0.28571,0.0,,,-0.03,0.00757,0.00038,-0.0021,0.01048,-0.01576,0.61872
2570,2631680,67.71095,169.16667,1.0,0.97,1.076769,-0.001177,0.008142,0.001889,0.170351,0.012512,0.820876,60.650154,6.920912,60.551346,7.497095,4.0,3.693e-05,6,332,0.08039,0.11457,0.0,0.0,100,0.33333,1.0,,,-0.03,0.00777,0.00089,-0.00047,0.00515,-0.01445,0.57018
2571,2632704,55.90317,149.5,0.83333,0.96,1.167894,-0.00063,0.020726,0.000922,0.182846,0.003311,0.767486,60.494568,8.243111,59.501591,10.934542,4.0,3.683e-05,6,311,0.07435,0.10142,0.0,0.0,100,0.33333,1.0,,,-0.03,0.00552,0.00044,-0.00239,0.01258,-0.01901,0.44663
2572,2633728,66.93666,162.0,1.0,0.96,1.13203,-0.000521,0.012604,0.000205,0.187858,0.000168,0.631511,60.755592,5.707641,60.455624,6.407104,4.0,3.673e-05,7,315,0.07282,0.1081,0.0,0.0,100,0.28571,0.0,,,-0.03,0.00813,0.00128,-0.00329,0.00517,-0.01769,0.60154
2573,2634752,68.37871,134.71429,1.0,0.96,1.065644,-0.000182,0.021098,0.0001,0.144085,0.0,0.64106,58.0364,8.835483,58.646889,8.563193,4.0,3.663e-05,7,327,0.07468,0.10641,0.0,0.0,100,0.42857,0.0,,,-0.03,0.0069,0.00083,-0.00231,0.00935,-0.01612,0.65393
2574,2635776,68.90406,125.375,1.0,0.96,1.169589,-0.001382,0.003613,0.0016,0.202106,0.013016,0.936591,59.197311,7.59584,59.764412,8.385082,4.0,3.652e-05,8,303,0.07047,0.09919,0.0,0.0,100,0.125,0.0,,,-0.03,0.00747,0.00091,-0.00253,0.01534,-0.01898,0.67667
2575,2636800,69.19878,127.16667,1.0,0.96,0.963663,-0.001086,0.007897,0.001864,0.16758,0.013123,0.848916,59.6092,7.499787,59.668278,7.983222,4.0,3.642e-05,6,342,0.07452,0.10611,0.0,0.0,100,0.16667,0.0,,,-0.03,0.0081,0.00089,-0.00128,0.00746,-0.01236,0.59924
2576,2637824,65.76043,226.16667,1.0,0.96,0.929901,-0.000937,0.011629,0.000858,0.147288,0.00322,0.737792,59.207146,7.375292,59.135746,7.483352,4.0,3.632e-05,6,342,0.07587,0.10966,0.0,0.0,100,0.5,0.0,,,-0.03,0.00771,0.00061,-0.00235,0.00199,-0.01732,0.60245
2577,2638848,55.12425,139.16667,0.83333,0.95,1.008595,-0.000209,0.028613,0.000257,0.258397,0.0,0.627604,59.404114,6.669102,57.997925,9.840612,4.0,3.622e-05,6,320,0.07246,0.10641,0.0,0.0,100,0.5,1.0,,,-0.03,0.00872,0.00089,-0.00302,-0.00024,-0.01865,0.45825
2578,2639872,49.4182,136.875,0.75,0.93,0.939953,-0.00021,0.034688,0.000183,0.297175,3.1e-05,0.825412,54.695843,12.933298,53.172646,16.341782,4.0,3.612e-05,8,327,0.07388,0.10466,0.0,0.0,100,0.5,0.0,,,-0.03,0.00643,0.00094,-0.0012,0.00831,-0.01931,0.61024
2579,2640896,52.23259,149.88889,0.77778,0.91,0.996863,-0.000354,0.028791,0.000236,0.291272,9.2e-05,0.856135,54.339767,12.453142,52.710922,15.82966,4.0,3.601e-05,9,330,0.07551,0.11106,0.0,0.0,100,0.55556,0.0,,,-0.03,0.00697,0.00158,-0.00295,0.00403,-0.01764,0.67885
2580,2641920,52.57237,157.6,0.8,0.91,0.990277,-0.000481,0.037683,0.000347,0.288954,0.000198,0.772822,52.692249,12.254208,51.184574,14.124612,4.0,3.591e-05,5,334,0.07537,0.10957,0.0,0.0,100,0.6,0.0,,,-0.03,0.00725,0.0005,-0.00215,0.00172,-0.01669,0.3901
2581,2642944,57.83586,131.42857,0.85714,0.9,0.932029,-0.000325,0.026586,7.9e-05,0.179013,0.0,0.853221,50.145962,13.094778,50.002068,14.848838,4.0,3.581e-05,7,333,0.07879,0.1091,0.0,0.0,100,0.42857,0.0,,,-0.03,0.00873,0.00092,-0.00261,0.00575,-0.01423,0.62945
2582,2643968,69.45755,119.0,1.0,0.9,0.777125,-0.001044,0.011844,0.000555,0.140884,0.002014,0.905668,48.630375,12.157841,48.648876,12.413634,4.0,3.571e-05,3,373,0.07879,0.10318,0.0,0.0,100,0.0,0.0,,,-0.03,0.00829,0.00047,-0.00241,0.0089,-0.01636,0.38309
2583,2644992,53.46088,126.8,0.8,0.9,0.755308,-0.000621,0.021858,0.000443,0.211697,0.000626,0.836958,48.131069,10.962583,47.17627,13.025547,4.0,3.56e-05,5,375,0.07621,0.10516,0.0,0.0,100,0.6,0.0,,,-0.03,0.00941,0.00065,-0.00382,0.00614,-0.01728,0.51385
2584,2646016,53.62964,332.28571,0.85714,0.89,0.978048,-0.000676,0.018696,0.000844,0.2899,0.002441,0.676451,51.518791,8.636343,53.236351,8.397244,4.0,3.55e-05,7,344,0.07143,0.09737,0.01,0.0,100,0.57143,0.0,,,-0.03,0.00804,0.0008,-0.00301,0.01219,-0.01769,0.58088
2585,2647040,57.60527,133.0,0.85714,0.89,1.287363,-0.000798,0.027627,0.00086,0.205281,0.002609,0.720479,57.26429,7.602994,57.257629,10.971098,4.0,3.54e-05,7,299,0.06697,0.09547,0.01,0.0,100,0.14286,0.0,,,-0.03,0.01022,0.00106,-0.00175,0.01303,-0.02288,0.46674
2586,2648064,69.45968,114.125,1.0,0.9,1.315566,-0.001074,0.012833,0.000681,0.204984,0.004196,0.65402,57.378235,6.06252,57.849854,6.790932,4.0,3.53e-05,8,308,0.07153,0.10107,0.01,0.0,100,0.125,0.0,,,-0.03,0.00674,0.00093,-0.00386,0.00778,-0.01727,0.63843
2587,2649088,57.67969,135.71429,0.85714,0.89,1.145962,-0.000531,0.02907,0.000809,0.147099,0.001389,0.714433,53.912514,9.073016,53.664513,11.606093,4.0,3.519e-05,7,325,0.07431,0.10524,0.01,0.0,100,0.28571,0.0,,,-0.03,0.00718,0.0009,-0.00257,0.00789,-0.01582,0.5437
2588,2650112,68.69558,132.71429,1.0,0.89,1.305096,-0.001201,0.011171,0.001188,0.245951,0.003082,0.816106,55.996212,7.33518,56.943459,8.696779,4.0,3.509e-05,7,295,0.07025,0.09895,0.01,0.0,100,0.14286,0.0,,,-0.03,0.00753,0.00106,-0.00317,0.01356,-0.02129,0.54455
2589,2651136,56.16601,194.0,0.85714,0.88,1.17577,-0.000908,0.020165,0.001839,0.201127,0.009628,0.808753,56.840797,9.694674,56.474167,11.338387,4.0,3.499e-05,7,318,0.07283,0.10228,0.02,0.0,100,0.14286,0.0,,,-0.03,0.00731,0.00086,-0.00145,0.00639,-0.01449,0.52431
2590,2652160,59.76322,134.0,0.875,0.87,1.291069,-0.000668,0.014884,0.000435,0.188075,0.000351,0.811958,58.723007,8.137707,59.476044,9.836486,4.0,3.489e-05,8,303,0.06975,0.10362,0.02,0.0,100,0.25,0.0,,,-0.03,0.00633,0.00162,-0.00528,0.01477,-0.01337,0.54474
2591,2653184,56.20355,134.0,0.83333,0.86,1.042675,-0.000629,0.029155,0.000593,0.279855,0.001038,0.876984,52.725124,14.929024,51.03603,16.952435,4.0,3.478e-05,6,310,0.07874,0.11752,0.02,0.0,100,0.16667,0.0,,,-0.03,0.00843,0.00132,-0.00232,0.00157,-0.015,0.48683
2592,2654208,37.75821,165.6,0.6,0.85,1.033896,-0.0012,0.03134,0.001339,0.288053,0.012192,0.804964,53.431458,11.854581,51.700699,13.913754,4.0,3.468e-05,5,332,0.07601,0.11856,0.02,0.0,100,0.6,0.0,,,-0.03,0.00789,0.00184,-0.00178,0.00074,-0.0123,0.2842
2593,2655232,68.13708,150.0,1.0,0.86,0.925208,-0.000427,0.039883,0.000687,0.162637,0.001663,0.758205,48.261421,13.847127,48.956184,14.130153,4.0,3.458e-05,7,350,0.07794,0.11126,0.02,0.0,100,0.57143,0.0,,,-0.03,0.0075,0.00128,-0.00491,0.00736,-0.01436,0.76074
2594,2656256,54.33152,171.66667,0.83333,0.87,1.044856,-0.000599,0.03597,0.000624,0.164019,0.000275,0.759126,52.519569,12.578735,52.031906,13.836871,4.0,3.448e-05,6,312,0.07409,0.10535,0.02,0.0,100,0.5,0.0,,,-0.03,0.00814,0.00105,-0.0025,0.00175,-0.01613,0.48281
2595,2657280,65.86524,198.25,1.0,0.87,0.99263,-0.000709,0.025891,0.0003,0.192641,0.000458,0.829967,50.80587,13.000596,49.94458,13.60172,4.0,3.437e-05,4,346,0.08454,0.11912,0.02,0.0,100,0.25,0.0,,,-0.03,0.00668,0.00091,-0.00339,0.00254,-0.01125,0.41189
2596,2658304,54.53144,201.66667,0.83333,0.88,0.920381,-0.000399,0.028573,0.000568,0.169618,0.001251,0.834314,47.410259,13.513874,46.794159,14.728332,4.0,3.427e-05,6,356,0.08234,0.11561,0.02,0.0,100,0.33333,1.0,,,-0.03,0.00729,0.00119,-0.00182,0.00473,-0.01763,0.55674
2597,2659328,64.53743,222.66667,1.0,0.89,0.78631,-0.000339,0.031388,0.000142,0.209659,0.0,0.691336,45.864765,11.456502,45.054199,11.292144,4.0,3.417e-05,3,382,0.09097,0.1211,0.02,0.0,100,1.0,0.0,,,-0.03,0.00869,0.00109,-0.00053,-0.00269,-0.00775,0.38642
2598,2660352,38.0102,350.0,0.66667,0.88,0.669041,-0.000789,0.028607,0.000895,0.140835,0.006699,0.77676,41.842865,11.98917,41.534485,12.634932,4.0,3.407e-05,3,388,0.09515,0.12101,0.02,0.0,100,1.0,0.0,,,-0.03,0.0066,-0.00019,0.001,0.00216,-0.01259,0.28605
2599,2661376,65.12678,219.75,1.0,0.88,0.905442,-0.000514,0.025999,0.000434,0.181144,1.5e-05,0.714099,45.270874,10.509932,45.888893,10.571885,4.0,3.396e-05,4,364,0.08799,0.11842,0.02,0.0,100,0.5,0.0,,,-0.03,0.00837,0.00043,-0.0018,0.0029,-0.01222,0.45765
2600,2662400,62.3145,319.2,1.0,0.89,1.032451,-0.00083,0.02206,0.000902,0.20214,0.00914,0.43348,49.1483,6.763461,49.68478,7.115429,4.0,3.386e-05,5,337,0.0813,0.11418,0.02,0.0,100,0.8,0.0,,,-0.03,0.00664,0.00081,-0.00088,0.00431,-0.0147,0.48116
2601,2663424,65.77936,189.5,1.0,0.9,1.053954,-0.00086,0.025146,0.000443,0.181956,0.000183,0.680591,47.859627,9.029841,48.070072,10.152472,4.0,3.376e-05,6,336,0.09028,0.12811,0.01,0.0,100,0.66667,0.0,,,-0.03,0.00568,0.00092,-0.00654,-0.00026,-0.01277,0.60016
2602,2664448,47.61376,207.25,0.75,0.89,0.789485,-0.000442,0.038447,0.000417,0.144508,0.002335,0.701639,42.970024,10.93904,42.855312,12.506341,4.0,3.366e-05,4,360,0.09841,0.13431,0.01,0.0,100,0.5,0.0,,,-0.03,0.00834,0.00073,-0.00227,0.00126,-0.01295,0.38865
2603,2665472,51.38783,196.2,0.8,0.89,0.948651,-0.000623,0.016145,0.000236,0.160787,0.000397,0.735308,49.473122,7.290242,50.031952,8.547741,4.0,3.356e-05,5,358,0.09529,0.12553,0.01,0.0,100,0.4,1.0,,,-0.03,0.00832,-0.00011,-0.00177,0.00418,-0.0119,0.43711
2604,2666496,61.42758,318.66667,1.0,0.89,0.915593,-0.000806,0.022931,0.001194,0.160713,0.004471,0.467723,47.767742,6.866767,47.847404,7.382583,4.0,3.345e-05,3,352,0.09199,0.12382,0.01,0.0,100,1.0,1.0,,,-0.03,0.00962,0.00035,-0.00545,-0.00296,-0.01218,0.31263
2605,2667520,46.70295,229.0,0.75,0.88,0.743001,-0.000275,0.026027,7.6e-05,0.160735,1.5e-05,0.804276,44.603226,11.554167,43.934784,12.664493,4.0,3.335e-05,4,360,0.11164,0.14877,0.01,0.0,100,0.5,0.0,,,-0.03,0.0058,0.00052,-0.00181,0.00153,-0.01161,0.4149
2606,2668544,65.59406,199.2,1.0,0.89,0.916272,-0.00102,0.016396,0.001492,0.271467,0.009842,0.747221,46.520126,7.726854,48.119518,8.826876,4.0,3.325e-05,5,351,0.08536,0.11643,0.01,0.0,100,0.6,1.0,,,-0.03,0.00797,0.00089,-0.00189,0.0074,-0.01583,0.53777
2607,2669568,67.35817,172.8,1.0,0.89,0.936109,-0.000942,0.015159,0.001294,0.197919,0.006882,0.735234,50.715385,7.100777,51.227921,8.279554,4.0,3.315e-05,5,354,0.09061,0.12816,0.01,0.0,100,0.0,0.0,,,-0.03,0.00726,0.00102,-0.0038,0.00336,-0.01442,0.55682
2608,2670592,56.08335,261.375,0.875,0.89,0.858224,-0.000498,0.014716,0.000162,0.346702,0.0,0.720037,51.416832,7.450604,53.576015,7.903341,4.0,3.304e-05,8,361,0.0941,0.12678,0.01,0.0,100,0.75,0.0,,,-0.03,0.0083,0.00034,-0.00318,0.00599,-0.02047,0.81307
2609,2671616,69.23355,122.0,1.0,0.9,1.186799,-0.001438,0.00857,0.002008,0.311836,0.013596,0.820535,54.798946,6.821844,56.228283,7.306207,4.0,3.294e-05,4,304,0.08345,0.11687,0.01,0.0,100,0.0,0.0,,,-0.03,0.00806,0.00139,-0.00249,0.01033,-0.01752,0.34575
2610,2672640,65.57511,178.0,1.0,0.9,1.09014,-0.000897,0.011571,0.000751,0.194566,0.001602,0.810296,56.005592,8.569123,56.627136,8.542572,4.0,3.284e-05,6,326,0.08446,0.12133,0.01,0.0,100,0.5,0.0,,,-0.03,0.00683,0.00095,-0.00376,0.00147,-0.01588,0.54869
2611,2673664,46.05487,158.14286,0.71429,0.89,1.025818,-0.000547,0.040184,0.00053,0.268533,0.001312,0.669703,54.728981,8.313989,53.640499,12.721003,4.0,3.274e-05,7,328,0.08391,0.12153,0.01,0.0,100,0.71429,0.0,,,-0.03,0.01035,0.00154,-0.00183,0.0052,-0.01905,0.4781
2612,2674688,59.63934,143.5,0.875,0.9,1.209037,-0.000393,0.018627,0.000655,0.182761,0.000259,0.798247,55.311893,8.296421,55.606453,11.255071,4.0,3.263e-05,8,302,0.07745,0.1118,0.01,0.0,100,0.125,1.0,,,-0.03,0.00858,0.00129,-0.00228,0.01061,-0.01805,0.58728
2613,2675712,67.93479,144.66667,1.0,0.9,1.093779,-0.000608,0.01182,0.000353,0.182237,0.000305,0.720061,56.263969,6.493155,56.897644,7.09971,4.0,3.253e-05,6,328,0.08248,0.11752,0.01,0.0,100,0.33333,0.0,,,-0.03,0.00872,0.00118,-0.00366,0.00661,-0.01375,0.55812
2614,2676736,67.99311,146.66667,1.0,0.91,1.111797,-0.000484,0.016246,0.000297,0.308882,7.6e-05,0.721324,56.396053,8.677099,58.315887,8.448805,4.0,3.243e-05,9,319,0.07695,0.10879,0.01,0.0,100,0.22222,1.0,,,-0.03,0.00796,0.00093,-0.00464,0.00651,-0.01692,0.79141
2615,2677760,68.69768,126.33333,1.0,0.92,1.00145,-0.000911,0.010783,0.0011,0.16751,0.00708,0.761718,58.934509,6.982552,59.089268,7.311737,4.0,3.233e-05,6,311,0.08588,0.12275,0.01,0.0,100,0.16667,0.0,,,-0.03,0.00903,0.0013,-0.00259,0.00239,-0.01653,0.59534
2616,2678784,68.07507,148.33333,1.0,0.93,1.049186,-0.000271,0.01078,0.000122,0.198651,0.0,0.773493,57.814529,7.206083,58.859509,7.527499,4.0,3.222e-05,6,328,0.08078,0.11593,0.01,0.0,100,0.5,0.0,,,-0.03,0.00786,0.00103,-0.00415,0.00823,-0.0129,0.55795
2617,2679808,46.93558,131.71429,0.71429,0.91,0.956353,-0.000214,0.036228,9.8e-05,0.394065,0.0,0.70105,57.759254,8.397785,55.655045,12.946744,4.0,3.212e-05,7,337,0.08457,0.12463,0.01,0.0,100,0.42857,0.0,,,-0.03,0.00882,0.00143,-0.00476,0.00141,-0.0172,0.50747
2618,2680832,54.80068,145.5,0.83333,0.9,0.929628,-0.000447,0.033314,0.000138,0.273109,0.0,0.787278,54.299702,11.229757,53.063873,14.042741,4.0,3.202e-05,6,340,0.08376,0.1239,0.01,0.0,100,0.66667,0.0,,,-0.03,0.00812,0.001,-0.0055,0.00012,-0.02217,0.52187
2619,2681856,30.39785,202.875,0.5,0.88,0.971418,-0.000421,0.042733,0.00013,0.316425,0.000214,0.78302,52.747105,11.96115,50.953278,15.859751,4.0,3.192e-05,8,318,0.07906,0.11816,0.02,0.0,100,0.625,0.0,,,-0.03,0.00978,0.0014,-0.00309,0.00414,-0.02032,0.38919
2620,2682880,69.54788,114.125,1.0,0.89,1.058908,-0.001679,0.017969,0.002555,0.30357,0.025543,0.805311,53.166451,10.097499,54.477089,10.711455,4.0,3.181e-05,8,322,0.07436,0.10919,0.02,0.0,100,0.25,0.0,,,-0.03,0.00869,0.00133,-0.00224,0.01056,-0.01946,0.72742
2621,2683904,68.70192,118.83333,1.0,0.89,1.037261,-0.000468,0.017741,0.000123,0.213885,0.0,0.844251,53.680099,10.362599,53.202801,11.764954,4.0,3.171e-05,6,329,0.07842,0.11796,0.02,0.0,100,0.16667,0.0,,,-0.03,0.00643,0.00167,-0.00373,0.00642,-0.01581,0.57437
2622,2684928,47.18163,149.14286,0.71429,0.88,0.970586,-0.000646,0.032651,0.000591,0.194264,0.000809,0.81226,51.636925,11.700343,50.796494,14.626405,4.0,3.161e-05,7,331,0.0792,0.11676,0.01,0.0,100,0.42857,1.0,,,-0.03,0.00592,0.00113,-0.00678,0.0072,-0.0227,0.50768
2623,2685952,47.61294,192.85714,0.71429,0.86,0.996666,-0.0003,0.018654,0.000235,0.184758,0.0,0.900226,51.173504,12.833542,50.769032,15.590877,4.0,3.151e-05,7,334,0.07706,0.11262,0.02,0.0,100,0.28571,0.0,,,-0.03,0.00872,0.00139,-0.00719,0.00827,-0.01557,0.48891
2624,2686976,67.32963,146.5,1.0,0.86,1.079047,-0.00043,0.021189,0.000228,0.350196,0.0,0.721262,53.452919,10.010561,55.474724,9.771576,4.0,3.14e-05,8,319,0.07582,0.11346,0.02,0.0,100,0.125,1.0,,,-0.03,0.00886,0.00154,-0.00557,0.00994,-0.0178,0.71159
2625,2688000,67.52576,140.33333,1.0,0.87,1.001956,-0.000361,0.028495,8.8e-05,0.169675,0.0,0.712947,55.3526,10.790627,55.569633,11.004646,4.0,3.13e-05,6,306,0.08012,0.11399,0.02,0.0,100,0.33333,0.0,,,-0.03,0.00991,0.00084,-0.00209,0.0023,-0.02186,0.58367
2626,2689024,69.48264,119.66667,1.0,0.88,1.125195,-0.001062,0.009856,0.000848,0.218378,0.002502,0.895438,55.852165,10.319007,56.785782,10.697274,4.0,3.12e-05,6,324,0.0722,0.10274,0.02,0.0,100,0.0,0.0,,,-0.03,0.0085,0.0015,-0.0016,0.0135,-0.01502,0.54359
2627,2690048,65.59371,188.4,1.0,0.89,0.92045,-0.001009,0.021324,0.000976,0.178889,0.005981,0.767925,54.199883,9.966158,53.733086,10.522424,4.0,3.11e-05,5,347,0.08335,0.11569,0.02,0.0,100,0.4,0.0,,,-0.03,0.00686,0.0012,-0.00175,0.00025,-0.01217,0.52946
2628,2691072,57.41511,148.14286,0.85714,0.88,0.935202,-0.000182,0.022811,0.000107,0.147107,0.0,0.805149,55.527122,9.865981,55.997028,12.005301,4.0,3.1e-05,7,324,0.0712,0.10456,0.02,0.0,100,0.42857,0.0,,,-0.03,0.01022,0.00141,-0.00482,0.0103,-0.02067,0.58376
2629,2692096,58.87144,182.14286,0.85714,0.87,1.078926,-0.001034,0.013576,0.000975,0.175764,0.003082,0.863388,57.877884,9.813045,58.022732,10.93745,4.0,3.089e-05,7,304,0.07301,0.11023,0.03,0.0,100,0.14286,0.0,,,-0.03,0.007,0.00152,-0.00241,0.01201,-0.01695,0.52005
2630,2693120,57.73654,143.14286,0.85714,0.86,1.151787,-0.000232,0.018093,0.00045,0.175539,0.0,0.781156,60.203995,9.145214,61.080589,10.210517,4.0,3.079e-05,7,312,0.07583,0.10981,0.03,0.0,100,0.42857,0.0,,,-0.03,0.00646,0.00152,-0.00222,0.01032,-0.01661,0.49519
2631,2694144,68.16515,138.42857,1.0,0.86,1.064535,-0.001255,0.026164,0.001945,0.245928,0.017426,0.679619,59.94474,9.637362,58.891529,9.928457,4.0,3.069e-05,7,319,0.08179,0.12165,0.03,0.0,100,0.14286,0.0,,,-0.03,0.00602,0.00139,-0.00259,0.00312,-0.01491,0.64265
2632,2695168,37.394,188.2,0.6,0.86,0.81623,-0.000204,0.035766,0.000133,0.257639,1.5e-05,0.835432,55.672829,13.858319,54.459259,16.587849,4.0,3.059e-05,5,348,0.07957,0.11228,0.03,0.0,100,0.6,0.0,,,-0.03,0.0087,0.00133,-0.00198,0.01099,-0.01294,0.3453
2633,2696192,67.13776,176.33333,1.0,0.87,1.186068,-0.000686,0.019671,0.000149,0.239436,0.0,0.441623,60.345123,6.504266,59.635208,6.486045,4.0,3.048e-05,6,313,0.07504,0.10985,0.03,0.0,100,0.33333,1.0,,,-0.03,0.00636,0.00169,-0.00037,0.00471,-0.02063,0.48639
2634,2697216,65.97122,175.0,1.0,0.89,0.826835,-0.000361,0.024053,0.000244,0.16053,3.1e-05,0.75866,52.602375,11.344163,52.45462,11.04563,4.0,3.038e-05,4,372,0.08952,0.12483,0.02,0.0,100,1.0,1.0,,,-0.03,0.00455,0.00062,-0.00216,-0.00263,-0.01291,0.47141
2635,2698240,49.18983,227.2,0.8,0.9,0.746477,-0.000638,0.041739,0.000539,0.255875,0.001434,0.709386,49.46273,12.045868,48.158577,13.41063,4.0,3.028e-05,5,368,0.0901,0.1261,0.02,0.0,100,0.8,0.0,,,-0.03,0.00627,0.00075,-0.00464,-0.00427,-0.01653,0.50156
2636,2699264,55.0032,191.28571,0.85714,0.89,0.914963,-0.000439,0.025866,0.000499,0.22058,0.000183,0.675167,52.835876,9.168549,53.984177,9.797798,4.0,3.018e-05,7,344,0.08914,0.12162,0.02,0.0,100,0.71429,1.0,,,-0.03,0.0061,0.001,-0.00074,0.00937,-0.02068,0.64443
2637,2700288,27.62156,382.5,0.5,0.88,0.982336,-0.00116,0.019689,0.000852,0.267018,0.00499,0.657228,52.784225,8.858789,51.235954,8.342901,4.0,3.007e-05,2,346,0.08777,0.1229,0.03,0.0,100,0.0,1.0,,,-0.03,0.00678,0.00102,-0.00461,-0.00046,-0.01925,0.10127
2638,2701312,41.60841,194.33333,0.66667,0.87,0.948135,-0.000239,0.036629,0.000254,0.309774,4.6e-05,0.59244,48.906639,9.204973,47.084068,10.343311,4.0,2.997e-05,3,356,0.0878,0.12273,0.03,0.0,100,1.0,0.0,,,-0.03,0.00671,0.00088,-0.003,0.0004,-0.02119,0.21175
2639,2702336,62.69264,252.0,1.0,0.88,0.734954,-0.000658,0.020834,0.000242,0.173471,7.6e-05,0.726676,44.459621,9.152093,44.628334,9.65504,4.0,2.987e-05,3,373,0.10201,0.12939,0.03,0.0,100,0.66667,0.0,,,-0.03,0.00753,0.00024,-0.003,-0.00108,-0.01178,0.40126
2640,2703360,62.09955,287.0,1.0,0.88,0.680757,-0.00026,0.015989,0.000154,0.158546,0.0,0.658053,47.490547,8.22511,47.704296,7.774548,4.0,2.977e-05,2,400,0.08917,0.11393,0.03,0.0,100,1.0,1.0,,,-0.03,0.00839,0.0011,-0.00092,0.00233,-0.00734,0.2797
2641,2704384,60.51526,333.66667,1.0,0.89,0.938803,-0.000644,0.016943,0.000984,0.181876,0.002487,0.472829,50.393417,5.578464,50.818047,6.40669,4.0,2.966e-05,6,348,0.08084,0.11233,0.03,0.0,100,0.66667,0.0,,,-0.03,0.00734,0.00101,-0.00056,0.00513,-0.0186,0.59184
2642,2705408,47.88597,285.4,0.8,0.9,0.907176,-0.000538,0.029766,0.000402,0.19932,0.000168,0.467508,46.056042,8.161731,46.243385,8.658512,4.0,2.956e-05,5,354,0.08553,0.12727,0.03,0.0,100,0.8,0.0,,,-0.03,0.00796,0.00085,-0.00043,-0.00887,-0.015,0.43674
2643,2706432,28.72689,197.0,0.5,0.89,0.762969,-0.000632,0.041864,0.000551,0.148184,0.001587,0.301518,46.948723,7.875775,46.707085,8.689461,4.0,2.946e-05,2,365,0.08503,0.11546,0.03,0.0,100,1.0,0.0,,,-0.03,0.00828,0.00116,0.00124,0.00096,-0.00988,0.12286
2644,2707456,64.78725,232.83333,1.0,0.89,0.863444,-0.00042,0.021313,0.000321,0.176173,4.6e-05,0.611386,48.44157,7.083941,48.944942,8.432038,4.0,2.936e-05,6,356,0.07831,0.11141,0.03,0.0,100,0.83333,0.0,,,-0.03,0.00826,0.00142,-0.00253,0.00121,-0.01558,0.64563
2645,2708480,66.22782,190.33333,1.0,0.89,0.744051,-0.000641,0.018008,0.000477,0.165808,0.00058,0.667181,50.668781,8.143402,51.359047,8.155524,4.0,2.925e-05,3,382,0.08167,0.11117,0.03,0.0,100,1.0,0.0,,,-0.03,0.00822,0.00074,-0.00025,0.00246,-0.01846,0.38728
2646,2709504,36.3435,268.6,0.6,0.87,0.863541,-0.000606,0.021779,0.000493,0.139976,0.000641,0.696338,49.01757,7.533782,48.730865,9.277302,4.0,2.915e-05,5,355,0.07883,0.11445,0.04,0.0,100,0.8,0.0,,,-0.03,0.00683,0.0009,0.00067,0.00019,-0.01709,0.32572
2647,2710528,51.9735,221.5,0.83333,0.86,0.832816,-0.000773,0.026128,0.001004,0.169566,0.005417,0.719167,49.204575,7.67081,49.026321,10.722292,4.0,2.905e-05,6,352,0.08223,0.11253,0.04,0.0,100,1.0,1.0,,,-0.03,0.00909,0.00085,-0.00259,0.00042,-0.01966,0.54915
2648,2711552,67.09913,155.33333,1.0,0.87,1.011023,-0.000818,0.015107,0.000847,0.364281,0.004074,0.766636,49.930008,7.928202,52.123634,8.800753,4.0,2.895e-05,6,342,0.0748,0.10492,0.04,0.0,100,0.5,1.0,,,-0.03,0.00609,0.00071,-0.00148,0.01077,-0.01443,0.58339
2649,2712576,57.34739,215.71429,0.85714,0.87,1.002361,-0.000591,0.014414,0.00072,0.270493,4.6e-05,0.785868,50.874882,8.240929,52.210297,9.109162,4.0,2.884e-05,7,334,0.08036,0.11119,0.04,0.0,100,0.42857,0.0,,,-0.03,0.00802,0.00069,-0.00326,0.00899,-0.01777,0.5894
2650,2713600,68.01264,139.16667,1.0,0.88,1.085431,-0.000954,0.014631,0.000622,0.291016,0.001053,0.768488,50.055328,6.872646,51.726624,8.624719,4.0,2.874e-05,6,310,0.07879,0.11462,0.04,0.0,100,0.33333,0.0,,,-0.03,0.007,0.0011,-0.00495,0.00647,-0.02041,0.53361
2651,2714624,56.28544,147.85714,0.85714,0.87,0.921413,-0.000527,0.031779,0.000554,0.19145,0.001053,0.689456,54.680206,9.076257,55.381905,11.218485,4.0,2.864e-05,7,338,0.07742,0.10604,0.04,0.0,100,0.57143,0.0,,,-0.03,0.00638,0.00083,-0.0037,0.0076,-0.02212,0.60985
2652,2715648,67.69993,145.75,1.0,0.88,1.082097,-0.000899,0.010756,0.001049,0.326301,0.002686,0.818144,55.27573,7.534791,57.207325,8.01961,4.0,2.854e-05,8,314,0.07003,0.10274,0.04,0.0,100,0.375,0.0,,,-0.03,0.00915,0.00161,-0.00185,0.01041,-0.01688,0.6712
2653,2716672,59.90556,121.125,0.875,0.88,0.940831,-0.000179,0.028527,0.00014,0.178693,0.0,0.66643,57.16404,7.952535,57.31881,10.48457,4.0,2.844e-05,8,315,0.07167,0.10498,0.04,0.0,100,0.375,1.0,,,-0.03,0.00908,0.00107,-0.00252,0.00722,-0.02372,0.66836
2654,2717696,68.1541,146.0,1.0,0.89,1.014683,-0.000836,0.013199,0.000756,0.239716,0.000473,0.726142,57.297134,6.943473,58.608273,7.384932,4.0,2.833e-05,8,318,0.07351,0.10494,0.04,0.0,100,0.25,0.0,,,-0.03,0.00851,0.00127,-0.0033,0.00609,-0.02083,0.69642
2655,2718720,59.41536,120.5,0.875,0.89,1.147743,-0.000367,0.011712,0.000117,0.255893,0.0,0.808684,58.433323,7.435086,59.654495,8.469093,4.0,2.823e-05,8,304,0.07268,0.10041,0.04,0.0,100,0.375,0.0,,,-0.03,0.00853,0.00058,-0.0028,0.01047,-0.02945,0.55609
2656,2719744,69.08241,119.75,1.0,0.91,0.844985,-0.000417,0.016186,0.00013,0.182186,0.0,0.723538,59.004814,8.404388,58.47047,8.422592,4.0,2.813e-05,4,345,0.07734,0.10853,0.03,0.0,100,0.5,0.0,,,-0.03,0.00951,0.00041,-0.00081,-0.00586,-0.01982,0.42964
2657,2720768,67.66966,135.83333,1.0,0.91,0.768767,-0.000427,0.009076,0.000164,0.184205,1.5e-05,0.826074,58.517879,8.157853,59.462917,8.021662,4.0,2.803e-05,6,347,0.07929,0.10794,0.03,0.0,100,0.5,0.0,,,-0.03,0.00955,0.00104,-0.00084,0.00788,-0.02316,0.70624
2658,2721792,68.65339,133.85714,1.0,0.92,0.942175,-0.000691,0.004661,0.000366,0.217543,6.1e-05,0.875315,61.510929,6.885905,62.45195,6.877151,4.0,2.792e-05,7,329,0.07195,0.10099,0.02,0.0,100,0.28571,1.0,,,-0.03,0.00783,0.00099,-0.00079,0.0168,-0.02756,0.6537
2659,2722816,54.9871,186.85714,0.85714,0.92,0.968958,-0.000574,0.005768,0.000699,0.192634,0.000366,0.802847,64.45121,6.646636,65.104591,6.093779,4.0,2.782e-05,7,325,0.06999,0.09628,0.03,0.0,100,0.28571,1.0,,,-0.03,0.0094,0.00113,-0.00211,0.01225,-0.02252,0.55681
2660,2723840,61.28013,164.4,0.9,0.92,1.127015,-0.000452,0.005149,0.000197,0.183162,0.0,0.76781,66.089928,6.088613,66.484589,5.330893,4.0,2.772e-05,10,298,0.06927,0.10201,0.04,0.0,100,0.4,0.0,,,-0.03,0.00823,0.00127,-0.00354,0.00828,-0.02218,0.73095
2661,2724864,68.80644,123.4,1.0,0.93,1.068528,-0.000933,0.007868,0.000534,0.19571,9.2e-05,0.67315,65.755875,5.819333,65.235184,5.496784,4.0,2.762e-05,5,319,0.07406,0.1054,0.03,0.0,100,0.2,0.0,,,-0.03,0.00763,0.00096,-0.00077,0.0025,-0.01595,0.44478
2662,2725888,55.5262,138.33333,0.83333,0.93,0.831462,-0.00025,0.027305,0.00041,0.242914,7.6e-05,0.670951,63.410461,7.118142,62.090904,10.321274,4.0,2.751e-05,6,344,0.07496,0.10744,0.03,0.0,100,0.5,0.0,,,-0.03,0.00961,0.00101,-0.00165,0.00689,-0.02357,0.54101
2663,2726912,69.18408,118.71429,1.0,0.93,0.833931,-0.00041,0.008186,0.000199,0.141705,0.0,0.759075,62.644356,6.365358,62.490898,6.335584,4.0,2.741e-05,7,325,0.0768,0.11189,0.03,0.0,100,0.14286,0.0,,,-0.03,0.00573,0.00095,-0.00231,0.00849,-0.01852,0.77874
2664,2727936,69.07365,119.4,1.0,0.94,0.799439,-0.000566,0.005088,0.000189,0.150452,6.1e-05,0.834089,61.658974,6.014341,61.458527,6.121508,4.0,2.731e-05,5,359,0.07754,0.10553,0.02,0.0,100,0.2,0.0,,,-0.03,0.00822,0.00085,-0.00218,0.01141,-0.02256,0.59099
2665,2728960,42.39283,293.0,0.66667,0.92,0.827134,-0.000571,0.007231,0.000337,0.125359,0.001114,0.711558,62.224312,5.323481,62.096733,5.51143,4.0,2.721e-05,6,348,0.07686,0.10524,0.04,0.0,100,0.66667,0.0,,,-0.03,0.01024,0.00028,-0.00224,0.00897,-0.01579,0.43771
2666,2729984,59.88668,122.875,0.875,0.92,1.074284,-0.000266,0.020094,0.000145,0.11917,1.5e-05,0.674285,63.681274,5.656104,63.255043,8.66485,4.0,2.71e-05,8,304,0.06849,0.09467,0.04,0.0,100,0.25,0.0,,,-0.03,0.00883,0.00082,-0.00155,0.01527,-0.02241,0.59388
2667,2731008,60.85898,167.33333,0.88889,0.91,1.110161,-0.001143,0.010658,0.001117,0.203354,0.011871,0.677712,62.452507,5.697337,62.100239,6.260087,4.0,2.7e-05,9,302,0.06822,0.0994,0.05,0.0,100,0.11111,1.0,,,-0.03,0.01016,0.00076,-0.00126,0.00808,-0.02158,0.66476
2668,2732032,68.81265,128.85714,1.0,0.92,1.059814,-0.000774,0.010498,0.001038,0.170131,0.007935,0.558731,62.116791,5.524471,62.597218,5.519462,4.0,2.69e-05,7,313,0.06861,0.09897,0.05,0.0,100,0.57143,0.0,,,-0.03,0.01132,0.00087,-0.00169,0.01395,-0.02486,0.59051
2669,2733056,69.70965,111.71429,1.0,0.93,1.102239,-0.000542,0.006541,0.00053,0.162669,0.000671,0.792228,62.511574,5.858032,62.451893,6.151295,4.0,2.68e-05,7,319,0.06995,0.10115,0.05,0.0,100,0.0,0.0,,,-0.03,0.0096,0.00085,-0.00151,0.01135,-0.01884,0.61211
2670,2734080,50.10059,125.625,0.75,0.91,1.001288,-0.00023,0.046556,0.000183,0.304309,0.0,0.593958,62.165508,6.365942,60.508522,12.025493,4.0,2.669e-05,8,319,0.07339,0.10491,0.05,0.0,100,0.5,0.0,,,-0.03,0.00968,0.00057,-0.00271,0.00792,-0.02,0.56418
2671,2735104,69.29383,111.2,1.0,0.91,1.129299,-0.000757,0.007267,0.000564,0.180658,0.00415,0.74547,62.109104,5.351353,61.835243,5.640591,4.0,2.659e-05,5,331,0.07387,0.10225,0.05,0.0,100,0.2,0.0,,,-0.03,0.00638,0.00067,-0.002,0.0099,-0.01653,0.46383
2672,2736128,49.52593,193.75,0.75,0.89,1.114584,-0.000323,0.028052,0.000229,0.236694,1.5e-05,0.645843,59.36721,6.905422,57.886009,9.836746,4.0,2.649e-05,8,323,0.07078,0.10237,0.06,0.0,100,0.375,0.0,,,-0.03,0.00831,0.00086,-0.00456,0.00614,-0.01915,0.54504
2673,2737152,67.61434,135.71429,1.0,0.9,1.21584,-0.000385,0.012477,0.000437,0.186061,6.1e-05,0.464731,59.216419,5.11125,60.067619,5.283736,4.0,2.639e-05,7,305,0.07244,0.10223,0.05,0.0,100,0.28571,0.0,,,-0.03,0.0075,0.00082,-0.0045,0.0099,-0.02191,0.58224
2674,2738176,56.4375,190.42857,0.85714,0.9,1.24468,-0.001195,0.007546,0.000545,0.192933,0.003265,0.731119,60.177086,5.177014,60.450684,5.880375,4.0,2.628e-05,7,311,0.07262,0.10148,0.05,0.0,100,0.0,0.0,,,-0.03,0.00832,0.00076,-0.00326,0.00885,-0.0164,0.49427
2675,2739200,58.51621,141.625,0.875,0.89,1.118728,-0.000239,0.027862,0.000157,0.193966,0.0,0.66105,60.808304,6.304572,59.87933,9.92082,4.0,2.618e-05,8,322,0.07602,0.11099,0.05,0.0,100,0.375,0.0,,,-0.03,0.0095,0.00055,-0.00214,0.00292,-0.01842,0.62535
2676,2740224,67.34782,143.0,1.0,0.89,1.156207,-0.000506,0.010317,0.000312,0.183104,1.5e-05,0.593796,59.894516,5.562486,59.553669,5.482056,4.0,2.608e-05,3,309,0.07683,0.10329,0.05,0.0,100,0.33333,0.0,,,-0.03,0.00992,-7e-05,-0.00122,0.00529,-0.01376,0.26557
2677,2741248,68.12194,141.5,1.0,0.9,1.188563,-0.000623,0.010816,0.000522,0.17926,0.001968,0.620423,59.089752,5.111099,59.67654,5.933569,4.0,2.598e-05,8,312,0.07331,0.10025,0.05,0.0,100,0.5,0.0,,,-0.03,0.01069,0.00071,-0.0019,0.00864,-0.01606,0.66538
2678,2742272,58.03229,136.28571,0.85714,0.89,1.19848,-0.000247,0.023222,0.000278,0.170586,0.0,0.763905,58.857155,8.025808,58.214607,11.016626,4.0,2.588e-05,7,316,0.07109,0.09574,0.05,0.0,100,0.14286,0.0,,,-0.03,0.01054,0.0002,-0.00231,0.00775,-0.02084,0.50747
2679,2743296,55.46136,210.16667,0.83333,0.9,1.130955,-0.000639,0.012173,0.000477,0.181359,0.000153,0.779821,58.001656,7.567881,58.008511,8.091426,4.0,2.577e-05,6,323,0.07398,0.10032,0.04,0.0,100,0.16667,0.0,,,-0.03,0.00927,-0.00015,-0.00109,0.00777,-0.0189,0.45426
2680,2744320,67.35778,150.5,1.0,0.91,1.019727,-0.000202,0.011187,0.000252,0.168928,0.0,0.751013,57.531212,7.673557,58.268944,7.378315,4.0,2.567e-05,6,324,0.07511,0.10265,0.04,0.0,100,0.16667,0.0,,,-0.03,0.01167,0.00028,-0.00047,0.01034,-0.02369,0.58023
2681,2745344,68.20504,133.125,1.0,0.91,1.155099,-0.00084,0.00452,0.000804,0.199804,0.001541,0.836154,60.673256,5.116919,61.314526,5.738688,4.0,2.557e-05,8,320,0.07254,0.09718,0.04,0.0,100,0.25,0.0,,,-0.03,0.00818,0.00019,-0.00237,0.01261,-0.01813,0.69397
2682,2746368,68.9063,122.33333,1.0,0.92,1.101175,-0.000831,0.006815,0.001335,0.164358,0.005005,0.805731,60.658516,6.044224,60.712379,6.514991,4.0,2.547e-05,6,322,0.06961,0.09617,0.03,0.0,100,0.0,0.0,,,-0.03,0.01069,0.0003,-0.00162,0.01042,-0.02076,0.53401
2683,2747392,56.46863,222.0,0.85714,0.91,1.119938,-0.000502,0.00842,0.000391,0.170875,3.1e-05,0.687078,61.09198,5.703484,61.590057,5.733549,4.0,2.536e-05,7,314,0.07367,0.10112,0.04,0.0,100,0.57143,0.0,,,-0.03,0.01048,0.00047,-0.00143,0.00931,-0.01786,0.52493
2684,2748416,58.78745,126.85714,0.85714,0.9,1.084331,-0.000599,0.027573,0.00102,0.182868,0.001572,0.701651,59.876923,7.370967,58.989914,10.531989,4.0,2.526e-05,7,317,0.07571,0.11128,0.04,0.0,100,0.14286,0.0,,,-0.03,0.00965,0.00099,-0.00316,0.0047,-0.01505,0.53642
2685,2749440,60.07874,135.77778,0.88889,0.91,1.212117,-0.000454,0.027058,0.000383,0.145358,3.1e-05,0.629038,61.253738,5.967343,61.039677,9.512377,4.0,2.516e-05,9,305,0.06914,0.09667,0.04,0.0,100,0.33333,0.0,,,-0.03,0.00823,0.00045,-0.00314,0.01158,-0.02103,0.63984
2686,2750464,68.1672,129.14286,1.0,0.91,1.155077,-0.001442,0.009734,0.002276,0.214235,0.017563,0.669059,60.300182,5.465875,60.513435,5.934886,4.0,2.506e-05,7,297,0.07301,0.10346,0.04,0.0,100,0.28571,0.0,,,-0.03,0.00881,5e-05,-0.00437,0.00555,-0.01894,0.58522
2687,2751488,68.94747,120.85714,1.0,0.93,1.111971,-0.000489,0.010039,0.000369,0.141519,0.00029,0.791893,60.006424,7.143259,60.179871,7.628115,4.0,2.495e-05,7,316,0.06896,0.09507,0.03,0.0,100,0.28571,0.0,,,-0.03,0.00847,0.00025,-0.00176,0.01404,-0.0237,0.59893
2688,2752512,68.32105,126.83333,1.0,0.93,1.110515,-0.000426,0.00837,0.000208,0.167659,1.5e-05,0.855159,59.910198,7.561633,59.68713,8.41014,4.0,2.485e-05,6,320,0.0717,0.09833,0.03,0.0,100,0.16667,0.0,,,-0.03,0.00763,0.00032,-0.00167,0.01386,-0.0247,0.54557
2689,2753536,68.50473,131.28571,1.0,0.94,0.940248,-0.000287,0.010094,0.000268,0.185242,0.000107,0.846712,57.295925,8.8108,58.116512,8.918267,4.0,2.475e-05,7,323,0.08112,0.11235,0.02,0.0,100,0.42857,0.0,,,-0.03,0.01025,0.00063,-0.00328,0.00786,-0.02072,0.7238
2690,2754560,54.63731,239.14286,0.85714,0.94,1.02192,-0.000415,0.005949,8e-05,0.166029,0.0,0.853512,61.183533,7.014462,61.434937,7.028721,4.0,2.465e-05,7,329,0.07512,0.10463,0.03,0.0,100,0.42857,0.0,,,-0.03,0.00988,6e-05,-0.00256,0.00597,-0.02201,0.56062
2691,2755584,57.54462,135.42857,0.85714,0.93,1.058809,-0.00038,0.027733,0.000228,0.199127,4.6e-05,0.718228,60.539375,7.883347,59.506577,10.987908,4.0,2.454e-05,7,312,0.07784,0.11335,0.03,0.0,100,0.28571,0.0,,,-0.03,0.00891,0.00106,-0.00503,0.00644,-0.01908,0.54123
2692,2756608,67.57298,145.0,1.0,0.94,1.101131,-0.00034,0.011927,8.6e-05,0.152177,0.0,0.732205,60.296299,6.623458,60.44075,7.220366,4.0,2.444e-05,8,314,0.07205,0.09885,0.03,0.0,100,0.375,0.0,,,-0.03,0.01174,0.00057,-0.0017,0.00517,-0.02424,0.68496
2693,2757632,56.88061,137.0,0.85714,0.94,0.980847,-0.000255,0.028071,0.000237,0.175055,1.5e-05,0.745994,58.46907,8.927805,57.595356,11.559983,4.0,2.434e-05,7,317,0.07242,0.10557,0.02,0.0,100,0.42857,1.0,,,-0.03,0.01086,0.0011,-0.00149,0.0075,-0.02944,0.57034
2694,2758656,57.46128,139.85714,0.85714,0.93,1.131153,-0.000306,0.020345,0.000374,0.154026,0.0,0.770372,59.921616,7.574783,59.654945,10.429734,4.0,2.424e-05,7,309,0.07252,0.10022,0.02,0.0,100,0.28571,0.0,,,-0.03,0.0072,0.00109,-0.00192,0.01231,-0.01875,0.51945
2695,2759680,68.78977,130.5,1.0,0.93,1.258676,-0.000416,0.011829,0.000183,0.175311,0.0,0.649618,61.119579,5.631342,61.61319,6.343087,4.0,2.413e-05,8,301,0.06965,0.09664,0.02,0.0,100,0.25,0.0,,,-0.03,0.01099,0.0002,-0.00227,0.01145,-0.01982,0.61752
2696,2760704,69.13562,122.83333,1.0,0.93,1.088656,-0.000461,0.009329,0.000248,0.155907,4.6e-05,0.856727,59.658195,8.573826,59.703201,8.84285,4.0,2.403e-05,6,314,0.07292,0.10076,0.02,0.0,100,0.5,0.0,,,-0.03,0.01074,-9e-05,-0.00175,0.00588,-0.01506,0.54372
2697,2761728,67.38049,164.375,1.0,0.94,1.089972,-0.000538,0.009277,0.000436,0.207377,0.000244,0.79406,59.761101,7.66434,60.855789,7.376872,4.0,2.393e-05,8,323,0.074,0.10094,0.01,0.0,100,0.25,0.0,,,-0.03,0.00954,0.00035,-0.00156,0.01168,-0.01776,0.71582
2698,2762752,69.09652,125.28571,1.0,0.95,1.211045,-0.000812,0.015216,0.000638,0.227899,0.003845,0.731774,61.881668,6.771694,61.03648,8.218865,4.0,2.383e-05,7,305,0.07074,0.10413,0.01,0.0,100,0.14286,0.0,,,-0.03,0.01075,0.00109,-0.00087,0.00481,-0.01961,0.56224
2699,2763776,51.0543,145.55556,0.77778,0.94,0.978216,-0.000345,0.029225,0.000394,0.142387,0.0,0.736939,58.527626,8.718852,58.086632,11.680753,4.0,2.372e-05,9,320,0.07516,0.11074,0.01,0.0,100,0.44444,0.0,,,-0.03,0.00929,0.00065,-0.00314,0.00603,-0.02122,0.67584
2700,2764800,68.47911,136.33333,1.0,0.94,1.174607,-0.000844,0.008848,0.000839,0.180104,0.005844,0.626818,61.44754,5.361803,62.068001,5.355722,4.0,2.362e-05,6,314,0.07375,0.10613,0.01,0.0,100,0.33333,0.0,,,-0.03,0.00808,0.0008,-0.001,0.01064,-0.02126,0.50447
2701,2765824,67.92168,123.88889,1.0,0.94,1.198987,-0.00073,0.010895,0.000613,0.181949,0.000229,0.761837,60.315857,6.614042,59.960594,7.475592,4.0,2.352e-05,9,307,0.07685,0.11123,0.01,0.0,100,0.11111,0.0,,,-0.03,0.00764,0.00126,-0.00378,0.00295,-0.0235,0.73708
2702,2766848,67.55005,148.66667,1.0,0.94,1.039801,-0.000258,0.015746,0.000334,0.130753,0.0,0.738496,60.214203,8.931828,60.582314,8.556597,4.0,2.342e-05,6,323,0.08017,0.10864,0.01,0.0,100,0.33333,0.0,,,-0.03,0.00824,0.00096,-0.00322,0.0096,-0.01326,0.56388
2703,2767872,68.41479,141.28571,1.0,0.94,1.130743,-0.000699,0.007458,0.000234,0.170371,6.1e-05,0.833838,60.743019,7.2347,61.028465,7.348714,4.0,2.332e-05,7,322,0.07975,0.10995,0.01,0.0,100,0.0,1.0,,,-0.03,0.00861,0.00113,-0.0044,0.00868,-0.01755,0.60991
2704,2768896,57.61253,124.14286,0.85714,0.94,1.08204,-0.000342,0.019487,0.000287,0.162135,0.000183,0.796571,60.245216,8.046164,59.715538,10.897873,4.0,2.321e-05,7,322,0.07502,0.1077,0.0,0.0,100,0.42857,0.0,,,-0.03,0.00798,0.00154,-0.00324,0.01117,-0.02301,0.52887
2705,2769920,39.23948,208.875,0.625,0.92,0.998293,-0.000256,0.039933,0.000317,0.363592,1.5e-05,0.720941,59.004597,9.69472,56.852493,13.73227,4.0,2.311e-05,8,310,0.07801,0.10606,0.01,0.0,100,0.25,0.0,,,-0.03,0.00715,0.00126,-0.00355,0.00991,-0.01773,0.484
2706,2770944,69.13921,120.8,1.0,0.92,1.169914,-0.00044,0.020053,0.000387,0.17403,0.000397,0.642977,57.97998,7.700383,57.821796,8.083237,4.0,2.301e-05,5,315,0.07574,0.11074,0.01,0.0,100,0.4,0.0,,,-0.03,0.00757,0.00123,-0.00332,0.00686,-0.01619,0.42605
2707,2771968,65.98422,145.33333,1.0,0.93,1.072442,-0.000488,0.023156,0.000538,0.182161,0.002899,0.654686,55.261021,8.801773,54.820553,9.1087,4.0,2.291e-05,6,324,0.07788,0.114,0.01,0.0,100,0.33333,1.0,,,-0.03,0.0079,0.00092,-0.00352,0.00148,-0.02765,0.56223
2708,2772992,46.37411,156.57143,0.71429,0.92,0.946258,-0.000169,0.032426,0.000152,0.21391,0.0,0.814072,53.227188,10.69616,52.312969,14.456157,4.0,2.28e-05,7,345,0.08055,0.11253,0.01,0.0,100,0.42857,1.0,,,-0.03,0.00939,0.00074,-0.00408,0.00711,-0.01855,0.52317
2709,2774016,65.96311,188.71429,1.0,0.92,1.141167,-0.00067,0.015309,0.00053,0.221244,0.00029,0.583473,57.341496,6.557635,58.518356,6.587601,4.0,2.27e-05,7,313,0.07664,0.10438,0.01,0.0,100,0.42857,0.0,,,-0.03,0.00844,0.0014,-0.00314,0.00924,-0.01775,0.60405
2710,2775040,68.31636,131.625,1.0,0.92,1.199834,-0.000619,0.013824,0.000614,0.235417,0.000565,0.584608,58.383774,6.00187,59.521259,6.455194,4.0,2.26e-05,8,298,0.07324,0.10417,0.01,0.0,100,0.125,0.0,,,-0.03,0.00827,0.00141,-0.00715,0.0098,-0.01944,0.64352
2711,2776064,68.41374,118.33333,1.0,0.92,1.193409,-0.00083,0.013284,0.000626,0.165992,0.001068,0.777235,58.909462,6.917632,58.760582,8.413886,4.0,2.25e-05,6,305,0.07688,0.11596,0.01,0.0,100,0.0,0.0,,,-0.03,0.00705,0.00155,-0.00539,0.00741,-0.01956,0.49898
2712,2777088,60.85473,127.6,0.9,0.92,1.219327,-0.000419,0.022228,0.000675,0.132003,0.002274,0.79013,57.665054,8.672513,57.716541,11.346681,4.0,2.239e-05,10,294,0.07436,0.11319,0.01,0.0,100,0.1,0.0,,,-0.03,0.00691,0.00148,-0.00548,0.0141,-0.02471,0.71577
2713,2778112,68.68885,121.33333,1.0,0.93,1.113454,-0.000549,0.013371,0.000262,0.161705,7.6e-05,0.858206,56.890266,9.824424,57.121597,10.726078,4.0,2.229e-05,6,310,0.07904,0.11266,0.01,0.0,100,0.16667,0.0,,,-0.03,0.00735,0.00134,-0.00294,0.0086,-0.0361,0.53498
2714,2779136,68.15064,136.83333,1.0,0.93,0.959865,-0.000589,0.008839,0.000379,0.155308,0.001038,0.898166,57.626099,9.936582,57.866348,10.369398,4.0,2.219e-05,6,336,0.08244,0.11527,0.01,0.0,100,0.16667,0.0,,,-0.03,0.00732,0.00091,-0.00306,0.01096,-0.02333,0.62239
2715,2780160,68.07936,121.0,1.0,0.93,1.052467,-0.000527,0.010999,0.000348,0.15977,0.0,0.861334,56.290241,9.330358,56.329903,9.800194,4.0,2.209e-05,6,316,0.07623,0.11443,0.01,0.0,100,0.33333,0.0,,,-0.03,0.00756,0.00086,-0.00417,0.00498,-0.02437,0.5712
2716,2781184,46.57671,205.85714,0.71429,0.91,0.926469,-0.000572,0.027974,0.000393,0.158672,0.000137,0.776831,55.343742,10.13848,54.912277,12.35098,4.0,2.198e-05,7,345,0.07746,0.11065,0.02,0.0,100,0.57143,0.0,,,-0.03,0.007,0.00113,-0.00525,0.00557,-0.01385,0.52045
2717,2782208,41.86397,233.75,0.75,0.9,1.026594,-0.000549,0.016056,0.000388,0.209439,4.6e-05,0.81683,58.071579,9.868824,57.157967,10.210168,4.0,2.188e-05,4,331,0.0765,0.10832,0.03,0.0,100,0.25,1.0,,,-0.03,0.0083,0.00132,-0.00271,-0.00034,-0.0137,0.29225
2718,2783232,54.80719,159.66667,0.83333,0.89,0.942353,-0.000264,0.02617,0.000167,0.207957,0.0,0.793294,55.886143,10.554932,54.924698,12.553378,4.0,2.178e-05,6,315,0.07881,0.11537,0.03,0.0,100,0.5,1.0,,,-0.03,0.00732,0.00102,-0.00586,0.00109,-0.01514,0.51942
2719,2784256,66.56903,164.5,1.0,0.9,0.887396,-0.000251,0.027845,8.8e-05,0.141533,0.0,0.663937,53.695404,9.851622,53.97438,10.016141,4.0,2.168e-05,6,352,0.0763,0.1091,0.03,0.0,100,0.5,0.0,,,-0.03,0.00751,0.00116,-0.00566,0.00216,-0.01537,0.65921
2720,2785280,54.79413,161.16667,0.83333,0.91,0.961036,-0.000259,0.018,0.00031,0.131374,0.0,0.851097,55.388412,10.174639,55.074886,11.999496,4.0,2.157e-05,6,351,0.08018,0.11079,0.03,0.0,100,0.33333,1.0,,,-0.03,0.00583,0.00049,-0.00282,0.00636,-0.0151,0.53287
2721,2786304,53.79802,215.4,0.8,0.91,1.068108,-0.000472,0.015158,0.000118,0.162521,0.0,0.760651,54.781708,7.54002,54.655273,8.698211,4.0,2.147e-05,5,326,0.07449,0.10945,0.03,0.0,100,0.4,0.5,,,-0.03,0.00692,0.00128,-0.00475,0.00552,-0.01426,0.36522
2722,2787328,46.06449,204.0,0.71429,0.89,1.130635,-0.000335,0.022453,0.000573,0.131288,0.000137,0.733359,56.419712,7.366951,56.754539,10.05302,4.0,2.137e-05,7,309,0.07311,0.10538,0.04,0.0,100,0.42857,1.0,,,-0.03,0.00839,0.00096,-0.00665,0.01163,-0.01684,0.42322
2723,2788352,68.68781,120.14286,1.0,0.9,1.056471,-0.000369,0.010333,0.00012,0.196801,0.0,0.795574,57.880325,7.07453,58.658501,7.737966,4.0,2.127e-05,7,326,0.07493,0.10971,0.04,0.0,100,0.0,0.0,,,-0.03,0.00925,0.00097,-0.00582,0.00974,-0.01481,0.63863
2724,2789376,69.37686,116.375,1.0,0.91,1.124353,-0.000713,0.006999,0.000397,0.186435,0.000687,0.858759,59.21151,6.837002,59.870277,7.721669,4.0,2.116e-05,8,316,0.07425,0.1107,0.04,0.0,100,0.125,0.0,,,-0.03,0.00755,0.00097,-0.0047,0.01078,-0.01807,0.69638
2725,2790400,69.48838,111.42857,1.0,0.91,0.971102,-0.000309,0.008065,0.000172,0.143145,0.0,0.900716,57.798267,9.314382,57.844017,10.126087,4.0,2.106e-05,7,329,0.07257,0.10427,0.04,0.0,100,0.0,0.0,,,-0.03,0.00652,0.0013,-0.0036,0.01284,-0.0148,0.71524
2726,2791424,58.24024,205.25,0.875,0.9,1.124531,-0.000331,0.012864,0.000198,0.224749,0.000153,0.745312,59.928177,7.91847,61.211933,7.692385,4.0,2.096e-05,8,315,0.06974,0.10102,0.05,0.0,100,0.5,0.0,,,-0.03,0.00804,0.00155,-0.00398,0.01507,-0.02055,0.58602
2727,2792448,69.38521,114.88889,1.0,0.91,1.187765,-0.000418,0.010263,0.000139,0.168079,0.0,0.730036,62.754196,6.461998,63.12175,6.730731,4.0,2.086e-05,9,305,0.06845,0.10476,0.05,0.0,100,0.22222,0.0,,,-0.03,0.00711,0.00177,-0.00422,0.01022,-0.01676,0.72408
2728,2793472,68.82395,127.28571,1.0,0.91,0.972303,-0.00035,0.017722,0.0003,0.145213,1.5e-05,0.775033,60.097729,9.868091,60.326496,9.747998,4.0,2.076e-05,7,315,0.073,0.11035,0.05,0.0,100,0.14286,0.0,,,-0.03,0.00663,0.00135,-0.0044,0.00818,-0.01677,0.68719
2729,2794496,69.61272,112.2,1.0,0.91,0.891047,-0.000396,0.013316,0.000213,0.169513,0.0,0.836888,58.532112,9.711099,57.826927,9.865775,4.0,2.065e-05,5,348,0.07831,0.11737,0.05,0.0,100,0.0,0.0,,,-0.03,0.00756,0.00161,-0.0056,0.00552,-0.01713,0.5381
2730,2795520,56.15766,163.0,0.85714,0.9,0.88763,-0.000273,0.03102,0.000161,0.109201,0.0,0.728627,57.992157,9.570655,58.102295,11.680537,4.0,2.055e-05,7,338,0.07486,0.10981,0.05,0.0,100,0.42857,0.0,,,-0.03,0.00854,0.00136,-0.00374,0.0145,-0.01946,0.61132
2731,2796544,58.42617,192.42857,0.85714,0.9,1.047927,-0.000558,0.013693,0.000255,0.202448,7.6e-05,0.804049,60.571785,8.34648,59.656017,9.168501,4.0,2.045e-05,7,320,0.07019,0.10646,0.06,0.0,100,0.57143,0.0,,,-0.03,0.00635,0.0013,-0.00437,0.00536,-0.01771,0.527
2732,2797568,51.33675,137.55556,0.77778,0.9,1.040343,-0.000149,0.03973,0.000192,0.274714,0.0,0.751063,58.785553,9.470972,57.269436,13.995489,4.0,2.035e-05,9,309,0.07174,0.1126,0.04,0.0,100,0.44444,0.0,,,-0.03,0.0076,0.00125,-0.00608,0.00576,-0.01638,0.61616
2733,2798592,59.52121,126.5,0.875,0.9,1.050792,-0.000171,0.023061,3.9e-05,0.127187,0.0,0.771841,58.226028,8.643572,58.549164,11.077171,4.0,2.024e-05,8,316,0.07065,0.10576,0.04,0.0,100,0.375,0.0,,,-0.03,0.00754,0.00148,-0.00406,0.01069,-0.01788,0.59855
2734,2799616,69.2353,118.57143,1.0,0.92,1.141497,-0.000441,0.011461,0.000193,0.166424,1.5e-05,0.776665,59.948872,6.844512,60.028461,7.813157,4.0,2.014e-05,7,311,0.07311,0.11122,0.03,0.0,100,0.0,0.0,,,-0.03,0.00695,0.00148,-0.00195,0.01287,-0.01828,0.58356
2735,2800640,68.74797,129.85714,1.0,0.93,1.067271,-0.000292,0.016958,0.00064,0.163123,0.001755,0.82002,57.00108,9.782825,56.845428,10.65184,4.0,2.004e-05,7,310,0.07314,0.10955,0.03,0.0,100,0.0,0.0,,,-0.03,0.00737,0.00132,-0.00429,0.00409,-0.01619,0.62524
2736,2801664,48.30547,160.0,0.75,0.92,1.034016,-0.000191,0.038612,0.00013,0.144196,0.000168,0.792351,55.233002,12.33417,54.955158,15.108471,4.0,1.994e-05,8,326,0.0741,0.11285,0.02,0.0,100,0.5,1.0,,,-0.03,0.00601,0.00148,-0.00405,0.00866,-0.0169,0.54761
2737,2802688,61.7056,111.5,0.9,0.91,1.21462,-0.000519,0.025662,0.00021,0.188155,0.000336,0.7953,58.622227,9.067366,57.985474,12.398517,4.0,1.983e-05,10,303,0.0719,0.11394,0.02,0.0,100,0.2,1.0,,,-0.03,0.00678,0.00137,-0.00582,0.00673,-0.01889,0.72187
2738,2803712,59.05002,123.75,0.875,0.9,1.087267,-0.000213,0.022902,0.000132,0.145133,0.0,0.87575,54.715477,12.65004,54.403496,15.002444,4.0,1.973e-05,8,307,0.0759,0.11316,0.02,0.0,100,0.125,0.0,,,-0.03,0.00672,0.00108,-0.00752,0.0091,-0.0211,0.62033
2739,2804736,67.93511,129.33333,1.0,0.91,0.925582,-0.000323,0.026607,3.7e-05,0.24496,0.0,0.753738,53.0896,11.324195,54.203522,11.376967,4.0,1.963e-05,6,336,0.08066,0.12108,0.01,0.0,100,0.33333,0.0,,,-0.03,0.00741,0.00116,-0.00648,0.00974,-0.0177,0.60396
2740,2805760,68.64625,118.8,1.0,0.91,0.997322,-0.000462,0.017929,0.000193,0.159911,1.5e-05,0.822157,56.051056,10.850948,56.068836,11.058469,4.0,1.953e-05,5,332,0.08152,0.11828,0.01,0.0,100,0.2,0.0,,,-0.03,0.00725,0.0013,-0.00656,0.00966,-0.0138,0.48333
2741,2806784,59.05931,186.375,0.875,0.9,0.951771,-0.000656,0.013278,0.000315,0.169605,0.000412,0.854777,55.964912,9.805346,56.274979,10.548972,4.0,1.942e-05,8,320,0.08331,0.11702,0.02,0.0,100,0.375,1.0,,,-0.03,0.00652,0.00103,-0.00627,0.00974,-0.02011,0.70909
2742,2807808,56.71184,152.71429,0.85714,0.89,1.042776,-0.000727,0.03732,0.001292,0.272414,0.002457,0.747009,55.925137,11.083888,54.701488,13.303041,4.0,1.932e-05,7,318,0.07325,0.11245,0.02,0.0,100,0.28571,0.0,,,-0.03,0.00775,0.00173,-0.0062,0.00517,-0.01689,0.53456
2743,2808832,67.6835,133.0,1.0,0.9,1.12674,-0.000717,0.027893,0.001307,0.265031,0.004272,0.486926,56.736012,8.406363,58.065578,8.258689,4.0,1.922e-05,7,312,0.07059,0.10707,0.02,0.0,100,0.57143,0.0,,,-0.03,0.00881,0.0013,-0.00446,0.01247,-0.02124,0.59278
2744,2809856,68.95926,122.66667,1.0,0.9,0.920693,-0.000365,0.026901,0.000138,0.184574,0.0,0.786055,55.210342,11.980708,54.502316,12.207339,4.0,1.912e-05,6,347,0.08578,0.1281,0.02,0.0,100,0.33333,0.0,,,-0.03,0.00738,0.00106,-0.00463,-0.00078,-0.01206,0.64935
2745,2810880,37.75854,170.8,0.6,0.89,0.728017,-0.000222,0.046567,0.000104,0.268439,0.0,0.755363,50.449177,12.820719,48.855042,15.15116,4.0,1.901e-05,5,362,0.0903,0.1251,0.01,0.0,100,0.8,1.0,,,-0.03,0.00835,0.00094,-0.00517,0.00671,-0.0198,0.38362
2746,2811904,67.66878,128.5,1.0,0.91,1.023681,-0.000403,0.010483,0.000234,0.218644,0.0,0.90389,53.562447,10.451041,54.731243,11.384008,4.0,1.891e-05,8,334,0.08282,0.11854,0.01,0.0,100,0.25,0.0,,,-0.03,0.00515,0.00088,-0.00486,0.0119,-0.02422,0.77189
2747,2812928,46.19865,255.0,0.71429,0.9,1.049184,-0.000282,0.010671,0.000307,0.171131,6.1e-05,0.886115,55.060997,10.098577,55.543404,10.710315,4.0,1.881e-05,7,325,0.081,0.12333,0.03,0.0,100,0.71429,1.0,,,-0.03,0.00735,0.0012,-0.00739,0.0075,-0.02071,0.4625
2748,2813952,69.48685,111.25,1.0,0.9,0.9149,-0.000205,0.022658,4.2e-05,0.248192,0.0,0.766377,56.6381,10.433759,55.523945,10.688165,4.0,1.871e-05,4,328,0.07446,0.11495,0.03,0.0,100,0.25,0.0,,,-0.03,0.01027,0.00155,-0.00276,0.00273,-0.01617,0.40946
2749,2814976,66.94756,153.25,1.0,0.9,0.733951,-0.000201,0.019817,8.7e-05,0.130356,1.5e-05,0.728813,53.216602,9.318178,52.989578,9.374196,4.0,1.86e-05,4,378,0.0808,0.11648,0.03,0.0,100,0.5,0.0,,,-0.03,0.0079,0.00087,-0.00345,0.00504,-0.01347,0.51977
2750,2816000,68.88055,117.0,1.0,0.9,0.649044,-0.000281,0.007035,0.000136,0.148948,0.0,0.916746,50.961624,9.802815,50.977554,10.450563,4.0,1.85e-05,3,399,0.0868,0.11648,0.03,0.0,100,0.33333,1.0,,,-0.03,0.00878,0.00036,-0.00166,0.0068,-0.01311,0.4562
2751,2817024,49.21638,245.0,0.75,0.89,0.723305,-0.000312,0.00426,3.3e-05,0.187138,0.0,0.956262,49.998417,10.538104,49.584427,11.22648,4.0,1.84e-05,4,389,0.0786,0.10746,0.04,0.0,100,0.5,0.0,,,-0.03,0.00774,0.00059,-0.00388,0.00694,-0.01295,0.41111
2752,2818048,30.96571,295.66667,0.5,0.88,0.753382,-0.0002,0.02877,0.000161,0.233558,0.0,0.79636,50.714806,11.065299,49.428925,13.050941,4.0,1.83e-05,6,359,0.07805,0.1133,0.06,0.0,100,0.66667,0.0,,,-0.03,0.00785,0.00128,-0.00628,0.00029,-0.01436,0.38101
2753,2819072,65.23859,236.85714,1.0,0.88,1.001095,-0.00029,0.014492,0.000166,0.280692,0.0,0.811758,54.475677,9.703499,56.231834,9.666974,4.0,1.82e-05,7,330,0.07256,0.10705,0.06,0.0,100,0.28571,0.0,,,-0.03,0.00854,0.00142,-0.00468,0.01299,-0.01939,0.62923
2754,2820096,68.85475,127.45455,1.0,0.9,1.281234,-0.000496,0.0101,0.000204,0.248674,0.0,0.670634,60.80135,5.798521,61.981941,6.0149,4.0,1.809e-05,11,295,0.06963,0.10371,0.06,0.0,100,0.09091,0.0,,,-0.03,0.00638,0.00137,-0.00816,0.01422,-0.01748,0.84321
2755,2821120,57.24435,134.85714,0.85714,0.89,1.126579,-0.000398,0.029366,0.000251,0.187325,0.000122,0.710585,60.558384,7.94172,59.696461,10.953174,4.0,1.799e-05,7,304,0.07504,0.1161,0.06,0.0,100,0.71429,1.0,,,-0.03,0.00741,0.00129,-0.00546,0.00532,-0.01784,0.51374
2756,2822144,67.81122,126.0,1.0,0.89,1.110986,-0.000332,0.0189,0.000124,0.163868,0.0,0.619101,58.873787,7.234212,58.540863,7.670212,4.0,1.789e-05,5,316,0.07589,0.11911,0.06,0.0,100,0.0,0.0,,,-0.03,0.00818,0.00146,-0.0065,0.00385,-0.0168,0.4376
2757,2823168,67.48325,144.16667,1.0,0.89,0.985656,-0.000153,0.008499,6.9e-05,0.187432,0.0,0.85751,58.640526,8.542168,59.399742,8.422488,4.0,1.779e-05,6,343,0.0799,0.11267,0.06,0.0,100,0.5,1.0,,,-0.03,0.00709,0.00094,-0.00505,0.01129,-0.01855,0.60164
2758,2824192,57.34606,164.5,0.875,0.9,0.855964,-0.000235,0.039574,9.2e-05,0.260587,0.0,0.677502,55.152233,10.314932,53.579811,12.045772,4.0,1.768e-05,8,356,0.08613,0.12797,0.05,0.0,100,0.375,0.0,,,-0.03,0.00797,0.00072,-0.00516,-0.00644,-0.01882,0.81301
2759,2825216,55.26957,183.42857,0.85714,0.89,1.101772,-0.000343,0.035244,0.000268,0.13052,0.0,0.66775,55.802231,9.178364,55.914558,11.392037,4.0,1.758e-05,7,311,0.07211,0.10862,0.05,0.0,100,0.57143,0.0,,,-0.03,0.00708,0.00125,-0.008,0.00889,-0.01747,0.50988
2760,2826240,56.02129,118.0,0.83333,0.88,1.068218,-0.000308,0.027018,8.8e-05,0.247268,0.0,0.728239,56.462395,8.167826,55.03096,10.818343,4.0,1.748e-05,6,316,0.07922,0.11747,0.05,0.0,100,0.16667,1.0,,,-0.03,0.00742,0.00144,-0.00586,0.0012,-0.01435,0.46376
2761,2827264,42.68032,141.0,0.66667,0.87,0.932375,-0.000271,0.034486,9.5e-05,0.152231,0.0,0.758911,52.495819,10.136505,51.980881,13.089196,4.0,1.738e-05,6,347,0.07687,0.10956,0.05,0.0,100,0.5,1.0,,,-0.03,0.00699,0.00111,-0.006,0.00999,-0.02089,0.4141
2762,2828288,67.36233,155.85714,1.0,0.88,1.029121,-0.00059,0.016733,0.000147,0.176546,0.0,0.793884,54.380882,8.391015,54.812187,9.810377,4.0,1.727e-05,7,318,0.07505,0.11076,0.05,0.0,100,0.14286,0.0,,,-0.03,0.00748,0.00138,-0.00554,0.00801,-0.01629,0.64608
2763,2829312,58.9703,129.75,0.875,0.88,0.982423,-0.000219,0.023932,0.000147,0.180277,0.0,0.775266,53.902416,8.884034,54.440033,11.64516,4.0,1.717e-05,8,324,0.06948,0.10573,0.04,0.0,100,0.375,0.0,,,-0.03,0.00828,0.0015,-0.00621,0.01007,-0.0192,0.65713
2764,2830336,56.00283,202.66667,0.83333,0.88,0.994333,-0.000298,0.018424,0.000106,0.173685,0.0,0.723489,56.087044,8.409488,55.580578,8.921683,4.0,1.707e-05,6,330,0.07597,0.11449,0.04,0.0,100,0.33333,0.0,,,-0.03,0.00828,0.00123,-0.00517,8e-05,-0.01889,0.47451
2765,2831360,67.22243,148.85714,1.0,0.88,1.072662,-0.000386,0.018362,0.000323,0.267707,0.0,0.516959,56.498741,7.309071,58.019665,6.826545,4.0,1.697e-05,7,306,0.07479,0.11298,0.04,0.0,100,0.57143,1.0,,,-0.03,0.0076,0.00152,-0.00607,0.01136,-0.02072,0.61366
2766,2832384,67.38376,134.125,1.0,0.92,1.139394,-0.00056,0.010451,0.000411,0.215098,0.0,0.719951,60.248528,6.302357,61.002522,6.734246,4.0,1.686e-05,8,311,0.06944,0.10548,0.01,0.0,100,0.375,0.0,,,-0.03,0.0063,0.00123,-0.00487,0.01056,-0.02154,0.65588
2767,2833408,61.71452,119.81818,0.90909,0.91,1.143145,-8.1e-05,0.021906,8.2e-05,0.141372,0.0,0.806457,59.799431,8.621759,59.834038,11.656964,4.0,1.676e-05,11,308,0.06781,0.10188,0.01,0.0,100,0.18182,0.0,,,-0.03,0.00592,0.00147,-0.00481,0.01145,-0.02542,0.81893
2768,2834432,55.03195,134.33333,0.83333,0.9,0.974558,-0.000359,0.029952,0.000211,0.256592,0.0,0.824184,56.944859,12.204977,55.418373,14.284856,4.0,1.666e-05,6,333,0.07389,0.10889,0.01,0.0,100,0.16667,0.0,,,-0.03,0.00729,0.00167,-0.00273,0.00524,-0.02327,0.48418
2769,2835456,68.95372,128.2,1.0,0.91,1.01227,-0.000515,0.015578,0.000475,0.150409,6.1e-05,0.767304,56.840816,8.462759,57.072392,8.898791,4.0,1.656e-05,5,318,0.07253,0.10907,0.01,0.0,100,0.2,0.0,,,-0.03,0.00826,0.00154,-0.00371,0.01335,-0.01822,0.45917
2770,2836480,55.2851,145.5,0.83333,0.9,0.941285,-0.000175,0.022706,0.00012,0.135543,0.0,0.798362,56.677788,9.418494,56.322685,11.665009,4.0,1.645e-05,6,334,0.07031,0.10731,0.01,0.0,100,0.33333,0.0,,,-0.03,0.00851,0.00163,-0.00103,0.008,-0.02318,0.48054
2771,2837504,69.05666,120.375,1.0,0.9,0.964951,-0.000199,0.01456,6.1e-05,0.127558,0.0,0.771314,57.39838,8.248099,57.641129,8.686365,4.0,1.635e-05,8,332,0.07108,0.11014,0.01,0.0,100,0.375,0.0,,,-0.03,0.00723,0.00158,-0.00176,0.00832,-0.02093,0.77381
2772,2838528,56.04226,221.28571,0.85714,0.9,1.087548,-0.00035,0.013704,0.000192,0.142151,0.0,0.76831,59.461578,7.398652,59.420948,8.41651,4.0,1.625e-05,7,315,0.07197,0.1046,0.02,0.0,100,0.28571,0.0,,,-0.03,0.00651,0.00124,-0.00647,0.01043,-0.01931,0.52719
2773,2839552,46.98039,134.14286,0.71429,0.89,1.087449,-0.000374,0.02972,0.000246,0.294716,3.1e-05,0.84504,56.267471,11.73898,54.632256,15.16151,4.0,1.615e-05,7,316,0.07552,0.11225,0.02,0.0,100,0.28571,1.0,,,-0.03,0.00781,0.00169,-0.00349,0.00706,-0.01711,0.43576
2774,2840576,68.43059,131.88889,1.0,0.91,1.166563,-0.000176,0.020848,0.000156,0.236889,0.0,0.3898,57.451313,6.09339,58.676327,6.327386,4.0,1.604e-05,9,312,0.07455,0.11094,0.02,0.0,100,0.22222,1.0,,,-0.03,0.00859,0.00162,-0.0026,0.00808,-0.01831,0.74256
2775,2841600,68.34018,134.85714,1.0,0.92,1.102169,-0.000387,0.016223,0.000239,0.153994,0.000153,0.822583,57.863415,9.841219,58.056534,10.395249,4.0,1.594e-05,7,317,0.07556,0.10923,0.02,0.0,100,0.14286,0.0,,,-0.03,0.00574,0.00143,-0.00348,0.0095,-0.01759,0.63674
2776,2842624,68.35536,127.0,1.0,0.92,0.848564,-0.000319,0.026657,0.000222,0.27831,0.0,0.777603,52.742329,11.434574,51.149376,11.850683,4.0,1.584e-05,3,357,0.08022,0.11802,0.02,0.0,100,0.66667,0.0,,,-0.03,0.00729,0.00087,-0.00384,-0.00217,-0.01261,0.34162
2777,2843648,37.829,154.0,0.6,0.9,0.711986,-0.000137,0.037554,7.2e-05,0.30674,0.0,0.767672,46.726383,11.97176,44.631256,13.829223,4.0,1.574e-05,5,374,0.07987,0.12097,0.02,0.0,100,0.6,1.0,,,-0.03,0.00802,0.00121,-0.00372,-0.00196,-0.01755,0.39841
2778,2844672,35.18058,286.42857,0.57143,0.88,0.744913,-6.5e-05,0.039511,2.7e-05,0.166873,0.0,0.791079,46.38649,12.33146,45.732712,15.284234,4.0,1.564e-05,7,372,0.0842,0.12159,0.03,0.0,100,0.71429,1.0,,,-0.03,0.00624,0.00109,-0.00465,0.00794,-0.01737,0.50509
2779,2845696,55.23289,160.83333,0.83333,0.88,1.167093,-0.000242,0.0238,9.5e-05,0.189877,0.0,0.809406,54.608822,9.326375,53.947189,12.292121,4.0,1.553e-05,6,310,0.07635,0.11404,0.02,0.0,100,0.16667,0.0,,,-0.03,0.00563,0.00138,-0.00617,0.00618,-0.01521,0.42797
2780,2846720,56.4898,160.0,0.85714,0.87,1.019971,-0.000297,0.030522,0.000213,0.162878,6.1e-05,0.757032,50.801407,10.32847,51.357086,12.249285,4.0,1.543e-05,7,334,0.08405,0.12465,0.02,0.0,100,0.57143,0.0,,,-0.03,0.00574,0.00137,-0.00975,0.0049,-0.01595,0.57297
2781,2847744,66.16127,163.4,1.0,0.87,1.105285,-0.000333,0.014749,0.000258,0.161871,0.0,0.776835,54.479012,8.240597,55.010994,8.863555,4.0,1.533e-05,5,331,0.07802,0.11041,0.02,0.0,100,0.0,1.0,,,-0.03,0.00671,0.00157,-0.00476,0.01129,-0.01315,0.46016
2782,2848768,67.44456,147.8,1.0,0.87,1.078488,-0.000482,0.016863,0.000158,0.169254,3.1e-05,0.827606,53.059692,9.980502,52.842369,10.739507,4.0,1.523e-05,5,321,0.07992,0.12037,0.02,0.0,100,0.2,1.0,,,-0.03,0.00655,0.00131,-0.00665,0.00357,-0.01359,0.47004
2783,2849792,65.55563,201.5,1.0,0.88,0.81813,-0.000176,0.024428,0.000179,0.16519,0.0,0.739084,49.956802,10.895801,49.577286,10.636292,4.0,1.512e-05,4,366,0.08895,0.1236,0.02,0.0,100,0.75,0.0,,,-0.03,0.00796,0.00074,-0.00493,0.00038,-0.01165,0.48541
2784,2850816,35.55476,209.4,0.6,0.86,0.965042,-0.000181,0.032396,5.1e-05,0.188933,0.0,0.795855,48.926605,10.453628,48.141792,13.704366,4.0,1.502e-05,5,346,0.08077,0.11093,0.02,0.0,100,0.8,0.0,,,-0.03,0.00805,0.0007,-0.00519,0.00903,-0.01645,0.30609
2785,2851840,68.02879,139.0,1.0,0.86,0.883911,-0.000303,0.014079,4e-05,0.229433,0.0,0.839949,47.655006,9.615666,46.407307,10.004345,4.0,1.5e-05,2,362,0.08833,0.11748,0.02,0.0,100,0.0,0.0,,,-0.03,0.00742,0.00104,-0.00389,-0.00117,-0.00604,0.23019
2786,2852864,52.03634,303.16667,0.83333,0.86,0.900563,-0.000513,0.022092,0.000187,0.189331,0.0,0.793133,46.983513,10.585646,47.638733,11.255781,4.0,1.5e-05,6,347,0.08565,0.1188,0.03,0.0,100,0.66667,0.0,,,-0.03,0.00639,0.00072,-0.00544,0.00589,-0.01268,0.54946
2787,2853888,64.26116,250.2,1.0,0.87,0.930418,-0.000362,0.032206,0.000288,0.189308,0.000168,0.658559,47.907768,10.246038,48.415169,10.831572,4.0,1.5e-05,5,342,0.08154,0.12115,0.03,0.0,100,0.6,0.0,,,-0.03,0.00886,0.00127,-0.00725,0.00215,-0.01371,0.51593
2788,2854912,53.7836,190.16667,0.83333,0.86,1.0346,-0.000658,0.024787,0.000482,0.152814,0.000534,0.790639,51.455223,10.146035,51.740326,11.746962,4.0,1.5e-05,6,339,0.07591,0.10248,0.03,0.0,100,0.5,0.0,,,-0.03,0.00804,0.00124,-0.0028,0.01331,-0.01826,0.48387
2789,2855936,67.51864,153.33333,1.0,0.86,1.153361,-0.000495,0.015245,0.000331,0.200679,3.1e-05,0.72892,52.835808,7.240624,53.697937,8.116324,4.0,1.5e-05,6,309,0.07853,0.11283,0.03,0.0,100,0.33333,1.0,,,-0.03,0.00697,0.00112,-0.0056,0.01081,-0.01696,0.51265
2790,2856960,67.49449,145.5,1.0,0.87,1.027022,-0.000227,0.014345,3.9e-05,0.172394,0.0,0.836681,51.043503,9.708086,50.504314,10.151434,4.0,1.5e-05,4,338,0.08038,0.11285,0.02,0.0,100,0.25,0.0,,,-0.03,0.00581,0.00134,-0.0052,0.00544,-0.01558,0.39301
2791,2857984,65.47393,184.5,1.0,0.88,1.001896,-0.000195,0.019838,0.000102,0.178298,0.0,0.767086,50.543327,9.344637,51.375736,10.022214,4.0,1.5e-05,6,339,0.08002,0.11151,0.02,0.0,100,0.33333,0.0,,,-0.03,0.00742,0.00051,-0.00496,0.00519,-0.0183,0.5728
2792,2859008,65.68051,213.16667,1.0,0.89,1.098044,-0.000178,0.019439,7.7e-05,0.190629,0.0,0.793061,52.998562,9.999545,53.972878,10.478306,4.0,1.5e-05,6,322,0.07724,0.10983,0.02,0.0,100,0.33333,1.0,,,-0.03,0.00585,0.00141,-0.00286,0.01018,-0.01313,0.53656
2793,2860032,57.14751,146.42857,0.85714,0.88,1.039171,-0.000167,0.024871,6.4e-05,0.133876,0.0,0.830093,52.493118,10.961276,52.506355,13.301481,4.0,1.5e-05,7,323,0.07351,0.10757,0.02,0.0,100,0.28571,0.0,,,-0.03,0.00898,0.00139,-0.00407,0.00789,-0.01794,0.55282
2794,2861056,54.70795,212.83333,0.83333,0.87,1.105816,-0.000312,0.011242,0.000141,0.170451,0.0,0.755381,57.132252,7.148001,57.632229,7.333181,4.0,1.5e-05,6,326,0.07692,0.11092,0.03,0.0,100,0.16667,0.0,,,-0.03,0.00613,0.0012,-0.00328,0.00903,-0.01583,0.44971
2795,2862080,66.80999,155.66667,1.0,0.89,1.113757,-0.00028,0.011091,7.6e-05,0.142217,0.0,0.735691,57.61031,6.809562,57.649357,7.070229,4.0,1.5e-05,6,326,0.07815,0.11311,0.03,0.0,100,0.16667,0.0,,,-0.03,0.00689,0.00111,-0.00387,0.00635,-0.01913,0.53733
2796,2863104,65.32723,199.16667,1.0,0.9,1.074781,-0.000315,0.014774,0.000148,0.169413,0.0,0.66262,57.289242,6.931088,57.884663,7.190878,4.0,1.5e-05,6,314,0.07981,0.11174,0.03,0.0,100,0.66667,0.0,,,-0.03,0.00526,0.00129,-0.00351,0.00991,-0.01925,0.54978
2797,2864128,67.4651,137.71429,1.0,0.93,1.141832,-0.000396,0.01392,0.00015,0.16397,0.0,0.793445,57.533279,8.039337,57.496857,8.895199,4.0,1.5e-05,7,324,0.0757,0.11123,0.02,0.0,100,0.14286,0.0,,,-0.03,0.00626,0.00123,-0.00243,0.00881,-0.01668,0.62166
2798,2865152,66.35744,195.0,1.0,0.94,0.898039,-0.000224,0.020103,9.4e-05,0.177746,0.0,0.761359,53.025475,9.750432,52.376728,10.013528,4.0,1.5e-05,4,352,0.08526,0.1219,0.02,0.0,100,0.25,0.0,,,-0.03,0.00653,0.00108,-0.00522,-0.00115,-0.01456,0.43226
2799,2866176,64.66533,231.66667,1.0,0.94,0.59821,-0.000146,0.025278,4.2e-05,0.154029,0.0,0.678578,48.101864,9.816123,47.745258,9.720738,4.0,1.5e-05,3,381,0.09658,0.13039,0.02,0.0,100,0.66667,1.0,,,-0.03,0.00564,0.00048,-0.00628,0.00039,-0.00919,0.47595
2800,2867200,50.99237,194.4,0.8,0.93,0.806697,-0.000131,0.029178,2.2e-05,0.125239,0.0,0.701997,50.7985,9.011313,50.362213,10.744596,4.0,1.5e-05,5,361,0.07768,0.11509,0.02,0.0,100,0.6,1.0,,,-0.03,0.00786,0.00114,-0.00688,0.00437,-0.01705,0.45818
2801,2868224,43.67082,275.66667,0.66667,0.92,0.663614,-0.000156,0.007403,1.1e-05,0.145166,0.0,0.910987,49.952133,9.71701,49.825191,9.975872,4.0,1.5e-05,3,402,0.0866,0.11452,0.03,0.0,100,0.33333,0.0,,,-0.03,0.00773,0.00051,-0.00421,0.00978,-0.01348,0.30106
2802,2869248,29.80285,389.5,0.5,0.91,0.624268,-0.00032,0.017045,8e-05,0.218893,0.0,0.806425,47.341461,10.548879,46.294113,10.199173,4.0,1.5e-05,2,406,0.09117,0.12431,0.04,0.0,100,0.5,0.0,,,-0.03,0.00621,0.00059,-0.00332,0.00218,-0.01079,0.16117
2803,2870272,47.96387,184.75,0.75,0.9,0.758508,-0.000323,0.015881,0.00015,0.180833,0.0,0.851758,47.778755,9.123964,46.905609,11.180381,4.0,1.5e-05,4,369,0.08506,0.11609,0.04,0.0,100,0.25,1.0,,,-0.03,0.00561,0.00013,-0.0064,0.00368,-0.01297,0.39962
2804,2871296,33.75956,376.57143,0.57143,0.89,0.77483,-0.000302,0.01854,0.000199,0.195764,0.0,0.738026,46.768845,8.143196,47.841843,9.110574,4.0,1.5e-05,7,373,0.08388,0.11801,0.07,0.0,100,0.85714,1.0,,,-0.03,0.00864,0.0005,-0.00648,0.00544,-0.01492,0.4937
2805,2872320,69.90458,115.25,1.0,0.9,1.003271,-0.000266,0.019857,9.8e-05,0.212459,0.0,0.760579,50.905636,8.31214,50.00922,9.864299,4.0,1.5e-05,4,339,0.0807,0.11684,0.06,0.0,100,0.25,0.0,,,-0.03,0.00843,0.0016,-0.00404,0.00154,-0.01126,0.40173
2806,2873344,46.97372,218.25,0.75,0.89,0.787763,-0.000191,0.02282,0.000115,0.139632,0.0,0.853069,45.714314,11.62986,45.522202,13.591001,4.0,1.5e-05,4,371,0.08373,0.1168,0.06,0.0,100,0.75,1.0,,,-0.03,0.00811,0.00075,-0.00539,0.00942,-0.01343,0.36594
2807,2874368,48.97099,168.375,0.75,0.88,1.07485,-0.000332,0.037026,0.000141,0.183815,0.0,0.766406,50.500305,9.687776,50.037254,13.809088,4.0,1.5e-05,8,320,0.07332,0.11031,0.06,0.0,100,0.375,0.5,,,-0.03,0.00776,0.00158,-0.00508,0.01004,-0.01468,0.54623
2808,2875392,68.2802,135.5,1.0,0.88,1.113477,-0.000678,0.012291,0.00051,0.188536,0.000366,0.83287,52.375832,8.152368,52.983498,9.38774,4.0,1.5e-05,6,326,0.07667,0.11516,0.06,0.0,100,0.16667,0.0,,,-0.03,0.00539,0.00126,-0.00561,0.00524,-0.01308,0.54342
2809,2876416,52.18878,242.0,0.8,0.87,0.969026,-0.000256,0.024546,0.000143,0.174728,0.0,0.711009,49.549198,9.176951,50.099266,10.0183,4.0,1.5e-05,5,338,0.07791,0.11414,0.07,0.0,100,0.8,0.0,,,-0.03,0.00777,0.00154,-0.00595,0.00751,-0.01239,0.40232
2810,2877440,68.2965,139.83333,1.0,0.87,1.036427,-0.000269,0.018237,0.000199,0.222731,1.5e-05,0.805076,51.772896,9.359234,52.875328,10.455982,4.0,1.5e-05,6,322,0.07476,0.11029,0.07,0.0,100,0.33333,0.0,,,-0.03,0.00816,0.00154,-0.00503,0.01209,-0.01378,0.57771
2811,2878464,68.26113,138.875,1.0,0.87,1.077581,-0.000152,0.01398,0.000111,0.250554,0.0,0.810778,54.730606,8.631526,56.206055,9.28805,4.0,1.5e-05,8,332,0.07568,0.1123,0.07,0.0,100,0.375,0.0,,,-0.03,0.00586,0.00114,-0.0067,0.01125,-0.01877,0.74657
2812,2879488,68.39402,120.875,1.0,0.89,1.104258,-0.000192,0.016753,4.4e-05,0.154817,0.0,0.824511,55.444237,8.967907,55.416237,10.615227,4.0,1.5e-05,8,325,0.07532,0.1123,0.06,0.0,100,0.25,0.0,,,-0.03,0.00678,0.00126,-0.00557,0.00736,-0.0175,0.73425
2813,2880512,47.52194,194.42857,0.71429,0.87,1.016346,-0.000155,0.020707,1.8e-05,0.138522,0.0,0.862053,53.310287,11.572006,53.14024,13.433131,4.0,1.5e-05,7,331,0.0755,0.11354,0.07,0.0,100,0.28571,0.0,,,-0.03,0.00719,0.0013,-0.00603,0.0066,-0.01872,0.48015
2814,2881536,66.8599,148.0,1.0,0.87,0.950888,-0.000333,0.015811,6.5e-05,0.19454,0.0,0.795037,53.783176,9.001507,54.43309,9.537966,4.0,1.5e-05,5,333,0.08182,0.1155,0.07,0.0,100,0.8,1.0,,,-0.03,0.00784,0.00106,-0.006,0.00267,-0.0122,0.51166
2815,2882560,57.76552,145.42857,0.85714,0.86,0.985469,-0.000182,0.026106,0.000105,0.139911,0.0,0.817264,54.76329,10.535504,54.509243,12.995609,4.0,1.5e-05,7,339,0.07356,0.11199,0.07,0.0,100,0.28571,1.0,,,-0.03,0.00784,0.00124,-0.00661,0.00839,-0.01358,0.59997
2816,2883584,43.24148,208.83333,0.66667,0.84,0.916548,-0.00048,0.028581,0.000212,0.274727,3.1e-05,0.840169,52.234093,12.31348,50.759197,14.703019,4.0,1.5e-05,6,342,0.08048,0.121,0.08,0.0,100,0.33333,0.0,,,-0.03,0.00858,0.00096,-0.00669,0.00227,-0.01386,0.42684
2817,2884608,57.5043,149.0,0.85714,0.84,1.117001,-0.000203,0.028197,0.000212,0.140433,0.0,0.736469,54.498825,10.093364,54.778404,11.233388,4.0,1.5e-05,7,312,0.07696,0.11204,0.08,0.0,100,0.28571,1.0,,,-0.03,0.00746,0.00127,-0.00616,0.00848,-0.01814,0.53113
2818,2885632,67.4294,144.22222,1.0,0.86,1.148797,-0.000151,0.019526,7.4e-05,0.332953,0.0,0.61116,55.679787,8.488312,57.713684,7.778578,4.0,1.5e-05,9,319,0.07359,0.10493,0.06,0.0,100,0.22222,0.0,,,-0.03,0.00703,0.00078,-0.00671,0.01136,-0.01954,0.77764
2819,2886656,67.61617,130.42857,1.0,0.88,1.154375,-0.000253,0.016104,3e-05,0.148614,0.0,0.729388,59.012756,7.849457,59.117508,8.395547,4.0,1.5e-05,7,319,0.07773,0.11572,0.05,0.0,100,0.57143,1.0,,,-0.03,0.00681,0.00127,-0.00397,0.00309,-0.01957,0.61427
2820,2887680,68.72358,119.0,1.0,0.9,1.000097,-0.000313,0.014479,0.000106,0.15889,0.0,0.851153,57.598637,9.902081,57.228729,10.699291,4.0,1.5e-05,5,323,0.08114,0.11839,0.03,0.0,100,0.2,0.0,,,-0.03,0.00771,0.00087,-0.00353,0.00542,-0.01543,0.5059
2821,2888704,43.19093,146.5,0.66667,0.89,0.937485,-0.000134,0.030956,3.4e-05,0.277392,0.0,0.835647,54.396107,11.647539,52.975426,15.222034,4.0,1.5e-05,6,347,0.07948,0.11174,0.03,0.0,100,0.33333,0.0,,,-0.03,0.00694,0.00098,-0.00372,0.0103,-0.01617,0.4227
2822,2889728,67.69964,130.4,1.0,0.9,0.907368,-0.000342,0.017886,7.3e-05,0.155858,0.0,0.802904,53.364468,9.816413,53.415146,10.24091,4.0,1.5e-05,5,358,0.08276,0.11814,0.03,0.0,100,0.2,0.0,,,-0.03,0.00775,0.00055,-0.00347,0.00379,-0.0156,0.56177
2823,2890752,42.70812,299.66667,0.66667,0.89,1.068752,-0.00034,0.011843,6e-05,0.152662,0.0,0.865762,54.507591,9.509202,54.448814,10.196701,4.0,1.5e-05,6,332,0.0752,0.10784,0.05,0.0,100,0.33333,0.0,,,-0.03,0.00844,0.00053,-0.00616,0.00645,-0.01297,0.37933
2824,2891776,57.04668,165.57143,0.85714,0.89,1.120657,-0.000253,0.029686,0.000186,0.134743,0.0,0.799159,55.575619,11.32056,55.338326,13.185263,4.0,1.5e-05,7,323,0.07899,0.11078,0.04,0.0,100,0.42857,0.0,,,-0.03,0.00616,0.00088,-0.0044,0.00919,-0.01234,0.56589
2825,2892800,67.70347,151.66667,1.0,0.89,1.242779,-0.000547,0.006537,0.000261,0.178813,0.00032,0.786893,58.263756,5.617172,58.346653,6.026001,4.0,1.5e-05,3,322,0.07376,0.09803,0.04,0.0,100,0.0,1.0,,,-0.03,0.00585,0.00086,-0.00382,0.01178,-0.01148,0.25395
2826,2893824,67.27688,159.33333,1.0,0.89,1.17366,-0.000664,0.012442,0.000572,0.310325,0.000351,0.840708,56.370182,8.7413,54.538345,9.259119,4.0,1.5e-05,3,340,0.07676,0.09694,0.04,0.0,100,0.0,0.0,,,-0.03,0.00767,0.00022,-0.00151,0.00134,-0.0127,0.28314
2827,2894848,52.61496,221.5,0.83333,0.88,1.057719,-0.000406,0.026379,0.000455,0.176895,6.1e-05,0.782913,50.208214,10.069674,49.527931,11.986115,4.0,1.5e-05,6,331,0.0709,0.0932,0.04,0.0,100,0.5,1.0,,,-0.03,0.00839,0.0003,-0.00069,0.00347,-0.01719,0.48342
2828,2895872,36.62355,232.0,0.6,0.86,1.006018,-0.000338,0.024566,0.000241,0.258565,0.0,0.857571,44.580589,12.147752,43.239063,14.161971,4.0,1.5e-05,5,346,0.07626,0.10105,0.05,0.0,100,0.6,0.0,,,-0.03,0.00821,0.00019,-0.00172,-0.00019,-0.01746,0.31289
2829,2896896,34.37395,271.71429,0.57143,0.83,1.272381,-0.0003,0.017879,0.000307,0.178605,0.0,0.874871,49.078293,10.681075,48.870445,13.16683,4.0,1.5e-05,7,313,0.06806,0.09972,0.07,0.0,100,0.28571,0.0,,,-0.03,0.00734,0.00067,-0.00424,0.00724,-0.01389,0.3244
2830,2897920,68.97745,116.66667,1.0,0.85,1.175979,-0.000792,0.01182,0.000568,0.223657,0.000473,0.862142,52.965584,8.640657,53.917267,10.032785,4.0,1.5e-05,6,298,0.07083,0.10338,0.06,0.0,100,0.0,0.0,,,-0.03,0.00735,0.00105,-0.0034,0.01351,-0.02034,0.52357
2831,2898944,68.65653,127.0,1.0,0.85,1.196222,-0.000365,0.015286,0.000287,0.176352,4.6e-05,0.840137,53.566223,9.41937,54.004196,10.665464,4.0,1.5e-05,7,315,0.07097,0.10557,0.06,0.0,100,0.28571,0.0,,,-0.03,0.00646,0.00074,-0.00337,0.00719,-0.01861,0.59846
2832,2899968,55.05395,198.0,0.85714,0.85,0.93855,-0.000171,0.036223,8.7e-05,0.158986,0.0,0.790525,49.726334,12.622108,49.77327,14.392303,4.0,1.5e-05,7,339,0.07253,0.10222,0.06,0.0,100,0.42857,0.0,,,-0.03,0.00705,0.00114,-0.00242,0.00824,-0.01835,0.60118
2833,2900992,67.65662,147.71429,1.0,0.88,0.993827,-0.000253,0.042525,0.000241,0.215817,0.000381,0.699873,50.066517,12.250009,50.987045,13.146708,4.0,1.5e-05,7,333,0.07714,0.11289,0.05,0.0,100,0.57143,1.0,,,-0.03,0.01053,0.00083,-0.00365,0.00299,-0.01877,0.68436
2834,2902016,53.26557,152.2,0.8,0.87,1.115734,-0.000159,0.029796,5.8e-05,0.14997,0.0,0.714614,53.58532,10.042252,53.866684,11.074266,4.0,1.5e-05,5,313,0.0774,0.1118,0.05,0.0,100,0.6,0.0,,,-0.03,0.00932,0.00124,-0.00438,0.00783,-0.01561,0.35694
2835,2903040,68.11492,140.0,1.0,0.87,1.136816,-0.000301,0.020518,8.6e-05,0.271173,0.0,0.663728,55.2864,8.648346,56.9105,8.548747,4.0,1.5e-05,10,320,0.07299,0.11055,0.05,0.0,100,0.3,0.0,,,-0.03,0.00654,0.00092,-0.0048,0.00872,-0.01874,0.87889
2836,2904064,68.55888,120.2,1.0,0.87,1.098866,-0.000563,0.017094,0.00038,0.184755,0.0,0.856688,56.559677,10.673419,56.14798,11.767597,4.0,1.5e-05,5,329,0.07429,0.10949,0.05,0.0,100,0.0,0.0,,,-0.03,0.00594,0.0008,-0.00218,0.0084,-0.01881,0.46907
2837,2905088,38.21885,161.0,0.6,0.85,0.988933,-0.000183,0.035672,0.000217,0.319655,0.0,0.798329,52.340668,11.303915,50.340343,14.573456,4.0,1.5e-05,5,335,0.07766,0.10937,0.05,0.0,100,0.4,0.0,,,-0.03,0.00698,0.00083,-0.00389,0.00399,-0.01665,0.31055
2838,2906112,65.3485,200.57143,1.0,0.87,1.069867,-0.000292,0.017623,5.2e-05,0.3074,0.0,0.838995,52.955654,11.211547,54.738018,10.990078,4.0,1.5e-05,7,333,0.07353,0.10017,0.05,0.0,100,0.57143,0.0,,,-0.03,0.00659,0.00061,-0.00266,0.01117,-0.01627,0.65112
2839,2907136,68.55395,134.33333,1.0,0.88,1.10066,-0.000513,0.008922,0.000162,0.194805,1.5e-05,0.884393,58.128395,9.405398,58.864723,9.575711,4.0,1.5e-05,6,332,0.07621,0.10853,0.04,0.0,100,0.33333,1.0,,,-0.03,0.0071,0.00125,-0.00235,0.01047,-0.01857,0.55814
2840,2908160,66.40047,187.16667,1.0,0.89,1.173668,-0.000329,0.021207,9.3e-05,0.186698,0.0,0.777417,56.883301,9.963729,56.596107,10.640696,4.0,1.5e-05,6,299,0.07531,0.11065,0.03,0.0,100,0.33333,0.0,,,-0.03,0.00586,0.00126,-0.00737,0.00856,-0.01615,0.52421
2841,2909184,56.22543,166.14286,0.85714,0.89,0.948835,-0.000173,0.029636,4e-05,0.163965,0.0,0.824531,55.519333,12.465498,54.791077,14.00635,4.0,1.5e-05,7,347,0.07596,0.1072,0.03,0.0,100,0.28571,0.0,,,-0.03,0.00692,0.00057,-0.00281,0.00049,-0.01428,0.63033
2842,2910208,52.97706,135.6,0.8,0.88,0.970292,-0.000249,0.020889,8.8e-05,0.22751,0.0,0.868177,53.230518,11.865111,51.918995,13.561393,4.0,1.5e-05,5,343,0.08036,0.1184,0.03,0.0,100,0.2,0.0,,,-0.03,0.00594,0.00148,-0.0058,0.0022,-0.01952,0.41894
2843,2911232,64.6147,236.0,1.0,0.88,0.780996,-0.000362,0.022062,8.2e-05,0.204282,0.0,0.767175,50.181999,10.556908,49.507828,10.605487,4.0,1.5e-05,3,367,0.08275,0.11592,0.03,0.0,100,0.66667,0.0,,,-0.03,0.00614,0.00087,-0.00412,0.00119,-0.01053,0.36952
2844,2912256,55.98122,202.375,0.875,0.91,0.984053,-0.00055,0.033005,0.000322,0.166972,0.000259,0.652596,52.402618,8.927926,52.879356,10.611129,4.0,1.5e-05,8,326,0.0795,0.11368,0.02,0.0,100,0.625,1.0,,,-0.03,0.00688,0.00082,-0.00504,0.00556,-0.0145,0.68296
2845,2913280,68.233,138.33333,1.0,0.93,0.991487,-0.000183,0.012934,0.000115,0.186323,0.0,0.828542,54.001904,8.699653,54.761127,9.492483,4.0,1.5e-05,6,341,0.07435,0.10578,0.0,0.0,100,0.16667,0.0,,,-0.03,0.00631,0.00073,-0.00321,0.01041,-0.02463,0.59553
2846,2914304,66.80852,173.0,1.0,0.93,1.23643,-0.000594,0.015347,0.00015,0.202358,0.0,0.726487,56.908043,7.063287,57.666931,8.157788,4.0,1.5e-05,8,305,0.07144,0.10451,0.0,0.0,100,0.25,0.0,,,-0.03,0.00629,0.001,-0.00213,0.00855,-0.03336,0.62589
2847,2915328,68.44625,136.2,1.0,0.93,0.980112,-0.000449,0.020398,0.000224,0.159062,0.000137,0.817582,52.613647,10.608974,52.920799,11.471319,4.0,1.5e-05,5,320,0.07595,0.10634,0.0,0.0,100,0.4,0.0,,,-0.03,0.00963,0.00127,-0.00217,0.00632,-0.02265,0.48697
2848,2916352,54.26859,129.2,0.8,0.93,0.934748,-0.000155,0.019811,0.000179,0.169703,0.0,0.862744,53.255783,10.707588,52.879593,13.207623,4.0,1.5e-05,5,339,0.07259,0.09997,0.0,0.0,100,0.2,0.0,,,-0.03,0.00829,0.00116,-0.00107,0.00785,-0.01575,0.40439
2849,2917376,56.07398,140.5,0.83333,0.92,0.962309,-0.000329,0.025527,6.2e-05,0.150496,0.0,0.836071,52.858093,11.271195,52.520592,13.660681,4.0,1.5e-05,6,343,0.07272,0.10667,0.0,0.0,100,0.66667,1.0,,,-0.03,0.00714,0.00072,-0.00182,0.00632,-0.01656,0.50901
2850,2918400,53.69984,190.57143,0.85714,0.92,1.118651,-0.000483,0.008804,0.000146,0.196764,0.0,0.868945,56.901482,8.153646,57.580383,8.844705,4.0,1.5e-05,7,321,0.07247,0.10519,0.01,0.0,100,0.14286,0.0,,,-0.03,0.00615,0.00105,-0.00376,0.01217,-0.01597,0.53525
2851,2919424,51.18222,193.11111,0.77778,0.9,1.124112,-0.000214,0.027727,0.000233,0.177759,3.1e-05,0.798407,57.210442,10.147019,56.591717,12.654713,4.0,1.5e-05,9,308,0.07372,0.10753,0.02,0.0,100,0.44444,0.0,,,-0.03,0.00712,0.00047,-0.00422,0.00545,-0.01951,0.61046
2852,2920448,68.49024,135.33333,1.0,0.9,0.97782,-0.000315,0.026476,0.000223,0.179495,0.0,0.674575,55.230278,9.62184,55.90876,9.741288,4.0,1.5e-05,6,338,0.07605,0.11292,0.02,0.0,100,0.5,0.0,,,-0.03,0.01001,0.00092,-0.00424,0.00587,-0.0165,0.58928
2853,2921472,68.42146,121.25,1.0,0.91,0.927905,-0.000235,0.012682,5e-05,0.162006,0.0,0.833307,54.916637,9.252999,55.071732,9.544508,4.0,1.5e-05,4,345,0.07625,0.10877,0.02,0.0,100,0.25,0.0,,,-0.03,0.00738,0.00083,-0.00343,0.00783,-0.01853,0.42492
2854,2922496,67.52756,132.8,1.0,0.92,0.822843,-0.000553,0.011182,0.000336,0.16515,0.000229,0.866021,54.202415,9.287496,54.126434,9.975539,4.0,1.5e-05,5,354,0.0793,0.11338,0.02,0.0,100,0.4,1.0,,,-0.03,0.00711,0.0007,-0.0027,0.00604,-0.02191,0.6113
2855,2923520,54.57078,218.42857,0.85714,0.91,0.933996,-0.000113,0.029467,0.000195,0.138067,0.0,0.796973,54.530571,11.237083,54.072361,13.069887,4.0,1.5e-05,7,348,0.07698,0.10851,0.02,0.0,100,0.42857,0.0,,,-0.03,0.00653,0.00111,-0.00542,0.01159,-0.01946,0.61859
2856,2924544,53.34475,222.2,0.8,0.9,1.134796,-0.000483,0.012727,0.000191,0.157675,4.6e-05,0.796898,58.089401,8.242522,58.269108,8.565953,4.0,1.5e-05,5,329,0.07774,0.10894,0.03,0.0,100,0.4,0.0,,,-0.03,0.00474,0.00099,-0.00433,0.01073,-0.0141,0.36722
2857,2925568,67.73438,150.375,1.0,0.9,1.150142,-0.000354,0.013415,0.000215,0.163018,0.0,0.777671,58.312157,8.081865,58.663551,8.386959,4.0,1.5e-05,8,305,0.07602,0.10593,0.03,0.0,100,0.125,1.0,,,-0.03,0.00653,0.00082,-0.00537,0.00945,-0.0136,0.71323
2858,2926592,48.30657,162.25,0.75,0.9,0.860598,-0.000186,0.029402,0.000112,0.282754,0.0,0.790528,54.962578,10.800419,53.357079,12.744681,4.0,1.5e-05,4,358,0.07846,0.11564,0.03,0.0,100,0.5,0.0,,,-0.03,0.00775,0.00066,-0.004,-0.00115,-0.01068,0.33975
2859,2927616,63.86818,252.0,1.0,0.91,0.948108,-0.000279,0.01362,0.00027,0.204898,0.0,0.809602,53.852329,9.29411,54.794983,9.137489,4.0,1.5e-05,5,352,0.07714,0.10973,0.03,0.0,100,0.6,0.0,,,-0.03,0.00612,0.00067,-0.00249,0.00746,-0.01306,0.50815
2860,2928640,66.79189,169.83333,1.0,0.92,1.047988,-0.000242,0.006324,0.000189,0.148403,0.0,0.881256,59.865574,7.920389,60.089577,7.945184,4.0,1.5e-05,6,342,0.07557,0.10148,0.03,0.0,100,0.33333,1.0,,,-0.03,0.00587,0.00042,-0.00206,0.00815,-0.01354,0.59315
2861,2929664,69.02043,125.0,1.0,0.92,1.050386,-0.000652,0.011667,0.000213,0.207769,0.000153,0.851416,56.73505,8.856424,56.338562,9.603225,4.0,1.5e-05,4,329,0.07613,0.10541,0.03,0.0,100,0.0,0.0,,,-0.03,0.00767,0.00052,-0.0036,0.00911,-0.01055,0.39555
2862,2930688,58.4221,198.0,0.85714,0.91,1.028219,-0.000325,0.007661,0.000184,0.190358,0.000137,0.911152,55.612293,9.762807,56.309021,10.031037,4.0,1.5e-05,7,340,0.07379,0.10434,0.04,0.0,100,0.28571,0.0,,,-0.03,0.00655,0.00089,-0.00171,0.00977,-0.01294,0.59674
2863,2931712,68.79009,123.4,1.0,0.91,1.101454,-0.000726,0.005208,0.000526,0.180544,4.6e-05,0.927947,56.846352,8.689364,56.893593,9.367346,4.0,1.5e-05,5,331,0.0717,0.09822,0.04,0.0,100,0.2,0.0,,,-0.03,0.0077,0.00032,-0.00181,0.01147,-0.01826,0.46284
2864,2932736,52.68468,223.0,0.8,0.9,1.030676,-0.000266,0.011146,0.000148,0.171051,0.0,0.871833,56.532501,9.852626,56.148224,10.135146,4.0,1.5e-05,5,326,0.07417,0.10183,0.05,0.0,100,0.4,0.0,,,-0.03,0.00632,0.00036,3e-05,0.00763,-0.01195,0.40495
2865,2933760,54.0223,271.66667,0.83333,0.9,1.093238,-0.000117,0.017037,4.8e-05,0.141381,0.0,0.732016,57.476665,8.540398,57.81131,8.641737,4.0,1.5e-05,6,333,0.07484,0.09987,0.06,0.0,100,0.66667,0.0,,,-0.03,0.00562,0.00085,-0.00093,0.0072,-0.01512,0.46205
2866,2934784,67.13382,157.33333,1.0,0.9,1.170114,-0.000708,0.006196,0.000476,0.172955,0.000305,0.900165,59.949917,8.601884,60.076416,8.516642,4.0,1.5e-05,6,329,0.07616,0.1064,0.06,0.0,100,0.16667,0.0,,,-0.03,0.00672,0.00055,-0.00227,0.0085,-0.01974,0.53959
2867,2935808,67.12153,150.6,1.0,0.92,1.081014,-0.000159,0.009851,0.000329,0.171582,0.0,0.892354,59.01405,9.577305,58.486004,10.333366,4.0,1.5e-05,5,340,0.076,0.10655,0.05,0.0,100,0.0,0.0,,,-0.03,0.00586,0.00109,-0.00139,0.00708,-0.01274,0.48433
2868,2936832,65.91407,205.5,1.0,0.93,0.959439,-0.000406,0.011415,0.000122,0.163573,0.0,0.86779,55.593998,9.916833,55.922256,10.06485,4.0,1.5e-05,6,336,0.07589,0.10613,0.04,0.0,100,0.16667,0.5,,,-0.03,0.0078,0.00059,-0.00466,0.00543,-0.01638,0.60994
2869,2937856,52.5229,167.2,0.8,0.92,0.979713,-9.1e-05,0.022719,3.7e-05,0.196003,0.0,0.821969,56.397297,9.916665,55.33012,12.161415,4.0,1.5e-05,5,346,0.07937,0.11623,0.04,0.0,100,0.4,0.0,,,-0.03,0.0078,0.00087,-0.00417,0.00564,-0.01559,0.40766
2870,2938880,67.0886,158.0,1.0,0.93,1.018909,-0.00039,0.014823,0.000182,0.169554,0.0,0.744144,56.115108,7.84514,56.575424,8.226284,4.0,1.5e-05,6,340,0.07386,0.10412,0.04,0.0,100,0.5,0.0,,,-0.03,0.00761,0.00131,-0.00122,0.00773,-0.01424,0.59733
2871,2939904,43.63683,223.5,0.66667,0.91,1.103247,-0.00045,0.01966,0.00042,0.298797,0.0,0.849712,56.881706,9.619081,55.131443,12.163689,4.0,1.5e-05,6,321,0.07909,0.11448,0.05,0.0,100,0.5,0.0,,,-0.03,0.00709,0.00102,-0.00367,0.00093,-0.01392,0.37883
2872,2940928,45.23442,252.5,0.75,0.9,0.851069,-0.000119,0.031604,8.9e-05,0.156221,0.0,0.730206,51.755596,10.039206,51.166706,11.683051,4.0,1.5e-05,4,364,0.08554,0.11189,0.05,0.0,100,1.0,0.0,,,-0.03,0.00755,0.00083,0.00014,0.00292,-0.01043,0.34132
2873,2941952,66.06404,199.33333,1.0,0.9,1.018471,-0.000279,0.016009,0.000327,0.225516,1.5e-05,0.820506,53.127594,9.292217,51.946503,10.113435,4.0,1.5e-05,3,344,0.08333,0.11427,0.05,0.0,100,0.33333,0.0,,,-0.03,0.00741,0.00086,-0.00379,0.00317,-0.01208,0.30537
2874,2942976,51.7634,181.2,0.8,0.91,0.957057,-5.5e-05,0.019691,8.5e-05,0.124363,0.0,0.859211,50.387043,11.256901,50.062565,12.984202,4.0,1.5e-05,5,354,0.07689,0.10587,0.04,0.0,100,0.4,0.0,,,-0.03,0.00639,0.00027,-0.00208,0.015,-0.02114,0.4349
2875,2944000,66.87011,161.66667,1.0,0.91,1.043485,-0.000305,0.011512,4.3e-05,0.15702,0.0,0.886552,51.329674,10.0175,51.642399,10.903675,4.0,1.5e-05,6,330,0.07695,0.10678,0.04,0.0,100,0.0,0.0,,,-0.03,0.00725,0.0003,-0.00225,0.00493,-0.01447,0.60023
2876,2945024,55.64066,268.85714,0.85714,0.91,1.001743,-0.000232,0.014612,6.6e-05,0.191869,0.0,0.819657,52.248566,9.127378,53.225262,9.688274,4.0,1.5e-05,7,345,0.08099,0.11257,0.05,0.0,100,0.42857,0.0,,,-0.03,0.00823,0.0012,-0.00293,0.00934,-0.01313,0.60434
2877,2946048,66.64754,185.0,1.0,0.91,1.102168,-0.00058,0.016773,0.000281,0.172583,4.6e-05,0.711126,55.235828,7.942858,55.238544,8.354412,4.0,1.5e-05,5,334,0.07722,0.11201,0.05,0.0,100,0.4,0.0,,,-0.03,0.00732,0.00098,-0.00421,0.00307,-0.01252,0.46057
2878,2947072,37.22793,178.0,0.6,0.89,0.988373,-0.000417,0.026184,0.000373,0.319585,0.0,0.878305,51.605995,12.602046,49.752148,15.738148,4.0,1.5e-05,5,336,0.08141,0.1127,0.05,0.0,100,0.4,0.0,,,-0.03,0.00614,0.00065,-0.0031,0.00432,-0.01053,0.31157
2879,2948096,65.97555,190.5,1.0,0.89,1.255484,-0.000235,0.014264,0.000119,0.248723,0.0,0.534154,54.976753,5.540069,56.2089,5.965868,4.0,1.5e-05,6,313,0.07251,0.10101,0.05,0.0,100,0.66667,0.0,,,-0.03,0.00612,0.00029,-0.00301,0.01124,-0.01438,0.48375
2880,2949120,66.95724,166.0,1.0,0.9,1.199584,-0.00044,0.010389,0.000169,0.162984,1.5e-05,0.709066,56.317101,6.115185,56.653915,6.561956,4.0,1.5e-05,6,321,0.07641,0.10653,0.04,0.0,100,0.16667,0.0,,,-0.03,0.00697,0.001,-0.00292,0.00552,-0.01396,0.51828
2881,2950144,66.84483,181.8,1.0,0.9,1.059176,-0.000308,0.013276,0.000106,0.146423,0.0,0.746526,56.506187,7.696938,56.650375,7.810377,4.0,1.5e-05,5,321,0.07799,0.10209,0.04,0.0,100,0.2,1.0,,,-0.03,0.00813,0.00031,8e-05,0.00652,-0.01105,0.49605
2882,2951168,66.09159,211.6,1.0,0.9,1.025647,-0.000241,0.020546,4.9e-05,0.17436,0.0,0.639832,53.764618,8.468855,54.33857,8.22381,4.0,1.5e-05,5,340,0.07751,0.10947,0.04,0.0,100,0.6,0.0,,,-0.03,0.00865,0.00045,-0.0013,0.0007,-0.00985,0.48775
2883,2952192,65.7803,201.25,1.0,0.91,1.070424,-0.000149,0.015762,0.000108,0.145934,0.0,0.774509,56.177139,8.81481,56.330723,9.041479,4.0,1.5e-05,4,341,0.07787,0.10369,0.03,0.0,100,0.75,0.0,,,-0.03,0.00607,0.00113,-0.00063,0.01074,-0.0134,0.38569
2884,2953216,52.11768,202.8,0.8,0.91,1.052414,-0.000511,0.019552,0.000241,0.240841,1.5e-05,0.829217,54.792,9.211853,53.567406,11.56022,4.0,1.5e-05,5,338,0.07788,0.11134,0.02,0.0,100,0.4,0.0,,,-0.03,0.00636,0.00087,-0.00235,0.00427,-0.01616,0.38074
2885,2954240,66.53981,170.5,1.0,0.91,0.941477,-0.000822,0.012364,0.000807,0.149422,0.004959,0.873779,52.549706,10.136955,52.383873,10.655199,4.0,1.5e-05,4,336,0.07684,0.10008,0.02,0.0,100,0.25,0.0,,,-0.03,0.00749,0.00029,-0.00104,0.00608,-0.01557,0.43291
2886,2955264,51.8605,174.0,0.8,0.9,1.060397,-0.000302,0.009971,0.000308,0.146519,0.0,0.895383,53.174038,8.850771,52.916874,10.578502,4.0,1.5e-05,5,335,0.07702,0.10264,0.02,0.0,100,0.2,0.0,,,-0.03,0.00685,0.00052,-0.00079,0.00776,-0.01682,0.38284
2887,2956288,63.7618,236.14286,1.0,0.9,1.067222,-0.000262,0.010431,0.000267,0.23385,0.0,0.843915,54.187569,8.355641,55.20422,8.764963,4.0,1.5e-05,7,337,0.07495,0.1008,0.02,0.0,100,0.57143,0.0,,,-0.03,0.00738,0.00048,-0.00187,0.00838,-0.01967,0.6298
2888,2957312,30.58818,379.5,0.5,0.89,0.958177,-0.00035,0.020077,8.1e-05,0.31569,0.0,0.737069,53.35611,9.570593,51.564865,9.25721,4.0,1.5e-05,2,336,0.08469,0.11337,0.03,0.0,100,0.5,0.0,,,-0.03,0.0057,0.00086,-0.00042,-0.00237,-0.01606,0.11096
2889,2958336,63.98486,213.33333,1.0,0.9,0.722875,-0.00029,0.017242,0.000259,0.139745,1.5e-05,0.781446,47.759346,9.722551,47.490814,9.691068,4.0,1.5e-05,3,391,0.08994,0.11023,0.03,0.0,100,0.33333,0.0,,,-0.03,0.00765,-0.00065,0.00109,0.00048,-0.00947,0.41041
2890,2959360,64.66172,241.66667,1.0,0.9,0.753353,-0.000194,0.00981,4.6e-05,0.140804,0.0,0.892699,47.587673,9.631667,47.857944,10.275567,4.0,1.5e-05,3,395,0.0865,0.10668,0.03,0.0,100,0.66667,0.0,,,-0.03,0.00686,4e-05,0.00236,0.01111,-0.01104,0.40164
2891,2960384,66.96543,182.0,1.0,0.9,0.838519,-0.000266,0.005075,9.2e-05,0.155133,0.0,0.944909,48.76297,9.784329,48.619072,10.419251,4.0,1.5e-05,2,380,0.08363,0.10576,0.03,0.0,100,0.0,0.0,,,-0.03,0.00778,0.00015,0.00038,0.0089,-0.01403,0.25178
2892,2961408,29.29468,375.5,0.5,0.88,1.043862,-0.000684,0.00893,0.000518,0.189121,0.000198,0.870992,50.706306,8.175905,50.586494,8.976892,4.0,1.5e-05,6,325,0.07603,0.10695,0.05,0.0,100,0.83333,0.0,,,-0.03,0.00685,0.00089,-0.0045,0.00567,-0.01556,0.29004
2893,2962432,55.61897,222.16667,0.83333,0.89,1.011027,-0.000183,0.01529,0.00026,0.146964,0.0,0.796601,51.661263,8.791349,51.916119,9.373476,4.0,1.5e-05,6,339,0.07615,0.10407,0.06,0.0,100,0.33333,0.0,,,-0.03,0.0076,0.00132,-0.00261,0.00214,-0.0147,0.49369
2894,2963456,65.32838,200.83333,1.0,0.89,0.947322,-0.000244,0.015423,4.2e-05,0.237727,0.0,0.722679,52.991051,7.787735,54.319641,8.047213,4.0,1.5e-05,6,349,0.07688,0.10999,0.06,0.0,100,0.83333,0.0,,,-0.03,0.00509,0.00093,-0.00217,0.00788,-0.01344,0.6153
2895,2964480,67.16788,155.83333,1.0,0.9,1.122772,-0.000277,0.008384,0.000106,0.182765,0.0,0.786117,57.622208,6.594263,58.34391,6.797929,4.0,1.5e-05,6,333,0.0761,0.10716,0.06,0.0,100,0.16667,0.0,,,-0.03,0.00465,0.00084,-0.00212,0.01046,-0.01776,0.54738
2896,2965504,66.76508,192.0,1.0,0.91,0.975055,-0.000377,0.019277,0.000146,0.167393,3.1e-05,0.783698,53.2519,9.127778,52.785637,10.207815,4.0,1.5e-05,6,333,0.0795,0.11356,0.05,0.0,100,0.16667,0.0,,,-0.03,0.00711,0.00139,-0.00108,0.00356,-0.01313,0.61634
2897,2966528,34.70821,187.0,0.57143,0.88,0.934133,-0.000204,0.041625,0.000138,0.226574,0.0,0.80283,50.782917,11.604313,49.933701,16.015928,4.0,1.5e-05,7,338,0.07276,0.10609,0.05,0.0,100,0.57143,1.0,,,-0.03,0.00961,0.00104,-0.00192,0.00908,-0.02482,0.3928
2898,2967552,68.135,135.66667,1.0,0.9,1.10329,-0.000259,0.019044,0.000113,0.156727,0.0,0.753569,54.723618,7.896124,54.62841,9.448493,4.0,1.5e-05,6,326,0.07296,0.10357,0.05,0.0,100,0.33333,0.0,,,-0.03,0.008,0.00129,-0.00282,0.00443,-0.01718,0.54041
2899,2968576,60.45039,139.8,0.9,0.89,1.147861,-4.7e-05,0.030624,0.00014,0.246087,0.0,0.695412,53.456001,8.4715,55.093224,10.738151,4.0,1.5e-05,10,306,0.0672,0.10206,0.05,0.0,100,0.5,0.0,,,-0.03,0.00723,0.00119,-0.00391,0.01016,-0.0269,0.76533
2900,2969600,67.79916,129.16667,1.0,0.89,1.174864,-0.000397,0.016021,0.000104,0.171513,0.0,0.728557,57.123589,7.581687,57.032322,8.331722,4.0,1.5e-05,6,313,0.07464,0.1098,0.05,0.0,100,0.16667,0.0,,,-0.03,0.00785,0.001,-0.0016,0.00388,-0.02218,0.51537
2901,2970624,66.97789,161.66667,1.0,0.89,0.958594,-0.00012,0.01983,9.8e-05,0.210099,0.0,0.734883,54.386517,9.178572,55.583248,9.257257,4.0,1.5e-05,6,337,0.07408,0.10373,0.05,0.0,100,0.33333,1.0,,,-0.03,0.00705,0.00091,-0.0014,0.01215,-0.0198,0.62026
2902,2971648,67.86559,124.75,1.0,0.89,1.015335,-0.000343,0.012713,0.000132,0.173907,0.0,0.784395,56.897537,7.869544,56.562813,8.313143,4.0,1.5e-05,4,321,0.07565,0.10944,0.05,0.0,100,0.25,0.0,,,-0.03,0.00625,0.00146,-0.00272,0.00645,-0.01919,0.39623
2903,2972672,67.46721,147.28571,1.0,0.9,0.934007,-0.000223,0.010733,0.000227,0.213787,0.0,0.856458,54.641327,8.789448,55.838791,9.243368,4.0,1.5e-05,7,348,0.07375,0.1056,0.05,0.0,100,0.57143,1.0,,,-0.03,0.00664,0.00088,-0.0019,0.01202,-0.02275,0.74692
2904,2973696,66.49304,196.83333,1.0,0.91,1.089195,-0.000262,0.010586,5.6e-05,0.171315,0.0,0.830921,58.388496,7.943728,58.898262,8.470051,4.0,1.5e-05,6,329,0.07268,0.10468,0.05,0.0,100,0.33333,0.0,,,-0.03,0.00658,0.00152,-0.00022,0.0132,-0.01677,0.54743
2905,2974720,68.19442,138.2,1.0,0.91,0.955455,-0.000299,0.010178,0.000231,0.17309,0.0,0.888507,57.80735,10.209021,57.444336,10.312034,4.0,1.5e-05,5,350,0.0776,0.10833,0.05,0.0,100,0.4,0.0,,,-0.03,0.00619,0.00059,-0.00071,0.00574,-0.0161,0.53037
2906,2975744,46.88745,218.57143,0.71429,0.9,1.021342,-6.2e-05,0.02577,0.0001,0.18322,0.0,0.798265,56.909031,10.496114,55.999825,12.414108,4.0,1.5e-05,7,327,0.07196,0.10184,0.05,0.0,100,0.42857,0.0,,,-0.03,0.00646,0.00105,-0.00228,0.00697,-0.01425,0.49019
2907,2976768,67.1759,160.4,1.0,0.9,0.932447,-0.000522,0.013756,7.6e-05,0.156639,0.0,0.830152,56.001625,9.34012,56.10965,9.634592,4.0,1.5e-05,5,352,0.08089,0.11356,0.05,0.0,100,0.4,0.0,,,-0.03,0.00758,0.00059,-0.00283,0.00456,-0.01722,0.54018
2908,2977792,52.42799,243.2,0.8,0.9,1.011327,-0.000319,0.012092,0.000141,0.137753,0.0,0.904235,56.08894,11.565256,56.210293,12.111715,4.0,1.5e-05,5,334,0.07351,0.10603,0.05,0.0,100,0.8,0.0,,,-0.03,0.00747,0.00086,-0.00142,0.00712,-0.01416,0.38818
2909,2978816,57.91391,180.125,0.875,0.92,1.048086,-0.000234,0.017784,4.3e-05,0.14266,0.0,0.894664,56.419579,12.410626,56.524601,14.194291,4.0,1.5e-05,8,320,0.07297,0.10242,0.02,0.0,100,0.625,0.0,,,-0.03,0.00802,0.00117,-0.00294,0.00307,-0.01383,0.64869
2910,2979840,69.71232,124.0,1.0,0.92,0.956852,-0.000171,0.01987,5.1e-05,0.315303,0.0,0.828868,55.660042,10.265908,53.859688,11.510644,4.0,1.5e-05,4,337,0.07764,0.11749,0.02,0.0,100,0.25,0.0,,,-0.03,0.00841,0.00153,-0.0012,0.00045,-0.0105,0.41287
2911,2980864,43.94765,158.0,0.66667,0.9,0.932986,-0.000188,0.029444,0.000125,0.17233,0.0,0.877736,49.117191,14.797419,48.724937,17.174923,4.0,1.5e-05,6,345,0.07942,0.1132,0.02,0.0,100,0.66667,0.0,,,-0.03,0.00784,0.00145,-0.00089,0.01248,-0.01535,0.42166
2912,2981888,58.40476,158.71429,0.85714,0.89,1.098153,-0.00016,0.013707,0.000127,0.12886,0.0,0.906643,55.399353,12.028545,55.750214,13.163421,4.0,1.5e-05,7,325,0.07543,0.10436,0.02,0.0,100,0.28571,1.0,,,-0.03,0.0058,0.00139,1e-05,0.01303,-0.02311,0.54808
2913,2982912,66.66728,149.33333,1.0,0.92,1.036688,-0.00026,0.011558,0.000213,0.1946,0.0,0.894697,55.156601,11.132117,55.980621,11.313993,4.0,1.5e-05,6,323,0.07828,0.11264,0.02,0.0,100,0.5,0.0,,,-0.03,0.00758,0.00062,-0.00152,0.00877,-0.02089,0.56612
2914,2983936,53.6196,220.0,0.8,0.91,1.094844,-0.000564,0.011993,0.00053,0.245401,1.5e-05,0.820634,58.392429,8.477663,57.263538,8.668052,4.0,1.5e-05,5,328,0.07505,0.10415,0.03,0.0,100,0.4,0.66667,,,-0.03,0.00856,0.00149,-0.00036,0.00237,-0.01543,0.37237
2915,2984960,67.73201,154.33333,1.0,0.91,0.926552,-0.000196,0.01925,0.000232,0.152309,0.0,0.868547,52.201099,11.858319,52.487602,13.041728,4.0,1.5e-05,6,349,0.07487,0.10592,0.03,0.0,100,0.5,0.0,,,-0.03,0.00764,0.00093,-0.00199,0.01029,-0.01602,0.65744
2916,2985984,56.48434,182.14286,0.85714,0.91,1.063142,-0.000334,0.025752,0.000307,0.148654,0.0,0.871167,52.724548,13.357813,52.636662,15.230886,4.0,1.5e-05,7,322,0.07397,0.10704,0.03,0.0,100,0.57143,0.0,,,-0.03,0.00821,0.00093,-0.00303,0.00606,-0.01908,0.57171
2917,2987008,58.21988,152.0,0.85714,0.9,1.136915,-0.000844,0.015462,0.001265,0.158279,0.004791,0.904695,55.30394,12.297089,55.061337,13.865638,4.0,1.5e-05,7,324,0.07068,0.09935,0.03,0.0,100,0.14286,0.0,,,-0.03,0.00837,0.00122,-0.00144,0.01151,-0.01783,0.53874
2918,2988032,52.74095,170.2,0.8,0.89,1.08855,-0.000428,0.021815,0.000261,0.215129,0.0,0.742373,56.830593,7.765913,55.753239,9.814372,4.0,1.5e-05,5,323,0.07144,0.10498,0.03,0.0,100,0.8,0.0,,,-0.03,0.00769,0.00171,-0.00174,0.00229,-0.01842,0.3543
2919,2989056,56.34132,169.28571,0.85714,0.88,0.936607,-0.000103,0.032556,0.000122,0.134764,0.0,0.841972,50.80724,13.538325,50.504803,15.564248,4.0,1.5e-05,7,330,0.07249,0.10459,0.03,0.0,100,0.57143,0.0,,,-0.03,0.00796,0.00118,-0.00325,0.00752,-0.01987,0.61886
2920,2990080,59.60462,136.88889,0.88889,0.87,1.238794,-0.000381,0.018356,0.000139,0.181387,0.0,0.690714,56.838982,6.326447,56.73925,8.294227,4.0,1.5e-05,9,307,0.07072,0.10542,0.03,0.0,100,0.55556,0.0,,,-0.03,0.00705,0.00155,-0.00183,0.00674,-0.0231,0.63801
2921,2991104,68.86185,133.2,1.0,0.87,1.001347,-0.000154,0.016836,0.000106,0.14534,0.0,0.874141,53.069195,11.583184,52.856625,12.436168,4.0,1.5e-05,5,345,0.07376,0.10057,0.03,0.0,100,0.2,0.0,,,-0.03,0.00609,0.00169,-0.00135,0.0084,-0.01484,0.50439
2922,2992128,66.10957,171.6,1.0,0.89,0.936129,-0.000186,0.026564,8.9e-05,0.138653,0.0,0.846581,49.055759,13.796098,49.147835,14.331822,4.0,1.5e-05,5,346,0.07817,0.11584,0.02,0.0,100,0.6,1.0,,,-0.03,0.00763,0.00113,-0.00291,0.00211,-0.01655,0.53502
2923,2993152,50.41502,176.77778,0.77778,0.87,1.102263,-0.00022,0.026376,0.000125,0.157396,0.0,0.836759,51.897198,12.055034,52.04723,14.126514,4.0,1.5e-05,9,315,0.07012,0.10099,0.02,0.0,100,0.44444,1.0,,,-0.03,0.00659,0.00084,-0.00336,0.01142,-0.02716,0.62446
2924,2994176,66.88146,148.2,1.0,0.88,1.015874,-0.000676,0.021658,0.0007,0.180548,0.000687,0.839908,51.856606,12.009147,52.169983,12.456936,4.0,1.5e-05,5,339,0.07526,0.10487,0.01,0.0,100,0.2,0.0,,,-0.03,0.00866,0.00122,-0.00209,0.00564,-0.01971,0.50477
2925,2995200,55.29128,180.16667,0.83333,0.88,1.061007,-8.9e-05,0.027375,0.000119,0.178844,0.0,0.869155,50.212795,14.083488,49.572807,15.736747,4.0,1.5e-05,6,333,0.07619,0.10985,0.01,0.0,100,0.5,1.0,,,-0.03,0.0072,0.0014,-0.00319,0.00669,-0.01824,0.49291
2926,2996224,56.91943,162.14286,0.85714,0.88,1.089126,-0.000315,0.029724,0.000112,0.145123,0.0,0.780631,52.623928,10.864271,52.494865,12.568161,4.0,1.5e-05,7,317,0.07581,0.11156,0.01,0.0,100,0.42857,0.0,,,-0.03,0.00741,0.00144,-0.00237,0.00559,-0.0174,0.56851
2927,2997248,41.98012,188.33333,0.66667,0.88,1.05003,-0.000356,0.032444,0.000304,0.180202,0.0,0.866998,49.658554,14.431526,49.05555,16.920387,4.0,1.5e-05,6,329,0.07381,0.10619,0.01,0.0,100,0.66667,1.0,,,-0.03,0.00803,0.00129,-0.00312,0.00648,-0.02295,0.37573
2928,2998272,68.3074,131.75,1.0,0.88,1.29665,-0.000416,0.015344,0.000215,0.206862,0.0,0.757426,55.71439,7.162762,56.506859,8.578854,4.0,1.5e-05,8,304,0.07056,0.10194,0.01,0.0,100,0.25,0.0,,,-0.03,0.00637,0.00125,-0.00127,0.00933,-0.0199,0.63696
2929,2999296,67.17119,137.0,1.0,0.88,1.021677,-0.000144,0.018064,6.6e-05,0.152565,0.0,0.895808,51.59626,12.856679,51.451099,14.195732,4.0,1.5e-05,5,322,0.07633,0.10882,0.01,0.0,100,0.2,0.0,,,-0.03,0.00574,0.0012,-0.00115,0.00534,-0.01612,0.49818
2930,3000320,55.33096,160.0,0.83333,0.88,1.044116,-0.000308,0.01915,0.000166,0.135666,0.0,0.903783,51.358994,13.755047,51.50771,15.210259,4.0,1.5e-05,6,337,0.07664,0.11393,0.0,0.0,100,0.33333,0.0,,,-0.03,0.00638,0.00135,-0.00423,0.00792,-0.0132,0.48797
