iteration,env_steps,ep_return,ep_length,success_rate,success_rate_rolling,entropy,policy_loss,value_loss,approx_kl,grad_norm,clipfrac,explained_variance,value_mean,value_std,return_mean,return_std,epochs_used,lr,n_episodes,sps,tx_per_agent_step,messages_per_agent_step,timeout_rate_rolling,root_report_close_rolling,root_report_close_n,human_death_rate,false_complete_rate,cover_under_threat,objective_dist_under_threat,comp_time,comp_compliance,comp_report,comp_command,comp_combat,comp_terminal
1,1024,nan,nan,0.0,0.0,2.048786,-0.015073,0.460242,0.010972,0.803059,0.171906,-0.0008,0.333074,0.150194,-0.490093,0.368822,4.0,0.0003,0,20,0.22418,0.26904,0.0,nan,0,0.0,0.0,,,-0.03,0.00579,-0.02429,0.0,0.0,0.0
2,2048,nan,nan,0.0,0.0,1.968736,-0.012031,0.375348,0.007061,2.945788,0.129395,0.147447,-0.441633,0.134259,-1.175509,0.374355,3.0,0.0002999,0,15,0.1822,0.22292,0.0,nan,0,0.0,0.0,,,-0.03,0.00976,-0.02138,0.0,-0.00316,0.0
3,3072,-18.49695,370.0,0.0,0.0,1.323115,-0.005797,0.241413,0.005237,0.563914,0.07872,0.194786,-1.258474,0.182013,-1.895911,0.638416,4.0,0.0002998,1,12,0.15357,0.19806,0.0,nan,0,1.0,1.0,,,-0.03,0.01546,-0.02027,0.0,-0.02211,-0.00282
4,4096,-21.26244,455.5,0.0,0.0,0.830984,-0.00472,0.12091,0.004279,0.443657,0.082962,0.571873,-1.589615,0.451028,-1.840302,0.694415,4.0,0.00029969,2,17,0.17367,0.21336,0.0,nan,0,1.0,1.0,,,-0.03,0.02078,-0.01635,0.0,-0.01702,-0.00876
5,5120,-16.87055,460.42857,0.0,0.0,1.183191,-0.007476,0.110416,0.007234,0.531252,0.126328,0.710887,-2.11771,0.677994,-2.384473,0.845646,4.0,0.00029959,7,22,0.14248,0.1736,0.2,nan,0,1.0,1.0,,,-0.03,0.02599,-0.01323,0.0,-0.01258,-0.01456
6,6144,-6.8881,171.5,0.0,0.0,1.171479,-0.004493,0.119216,0.005578,0.452211,0.102585,0.68219,-2.509852,0.685206,-2.825571,0.975656,4.0,0.00029949,4,87,0.13898,0.17182,0.14286,nan,0,1.0,1.0,,,-0.03,0.02835,-0.00983,0.0,-0.02923,-0.01127
7,7168,-6.5876,180.0,0.0,0.0,1.019389,-0.00248,0.085161,0.002629,0.30983,0.030045,0.784648,-2.722661,0.831039,-2.933341,1.097408,4.0,0.00029939,6,154,0.12546,0.1536,0.1,nan,0,1.0,1.0,,,-0.03,0.03182,-0.00753,0.0,-0.02573,-0.01844
8,8192,-5.21125,146.33333,0.0,0.0,0.896278,-0.004229,0.085069,0.004681,0.342924,0.065445,0.817894,-2.922599,0.991069,-3.107627,1.265998,4.0,0.00029928,6,126,0.12852,0.15421,0.07692,nan,0,1.0,1.0,,,-0.03,0.03252,-0.0054,0.0,-0.02854,-0.01926
9,9216,-5.77616,268.0,0.0,0.0,0.723449,-0.003526,0.081004,0.004506,0.531702,0.083466,0.867095,-2.982344,1.261124,-3.039946,1.413315,4.0,0.00029918,4,177,0.12123,0.14506,0.1,nan,0,1.0,1.0,,,-0.03,0.03127,-0.00432,0.0,-0.02352,-0.01185
10,10240,5.87689,192.14286,0.14286,0.02703,0.819872,0.00026,3.962056,0.002224,2.405303,0.004791,0.021463,-3.152311,1.20553,-1.861089,7.421364,4.0,0.00029908,7,170,0.09489,0.1138,0.08108,0.0,1,0.85714,1.0,,,-0.03,0.0329,-0.00245,0.0,-0.02173,0.10417
11,11264,-4.51541,135.2,0.0,0.02381,0.805102,-0.001536,0.067733,0.001927,0.337538,0.024994,0.724999,-1.416648,1.943861,-1.584961,1.839983,4.0,0.00029898,5,116,0.11142,0.13647,0.07143,0.0,1,1.0,1.0,,,-0.03,0.03263,-0.00261,0.0,-0.02809,-0.01727
12,12288,-3.92196,125.5,0.0,0.02174,0.802526,-0.002055,0.047967,0.003043,0.295678,0.028671,0.820647,-1.718034,1.855922,-1.894494,1.94942,4.0,0.00029887,4,145,0.11682,0.13829,0.06522,0.0,1,1.0,1.0,,,-0.03,0.03237,-0.0025,0.0,-0.02923,-0.01308
13,13312,-4.33967,233.2,0.0,0.01961,0.577625,-0.00262,0.031281,0.003465,0.467991,0.058304,0.894623,-1.489436,1.872527,-1.63399,1.956906,4.0,0.00029877,5,123,0.12003,0.13922,0.07843,0.0,1,1.0,1.0,,,-0.03,0.02875,-0.0033,0.0,-0.02425,-0.01754
14,14336,-4.96179,267.0,0.0,0.01786,0.560952,-0.001224,0.02702,0.001574,0.222931,0.005798,0.888984,-1.57836,1.7004,-1.712634,1.752251,4.0,0.00029867,5,19,0.0889,0.10711,0.08929,0.0,1,1.0,1.0,,,-0.03,0.03062,-0.0021,0.0,-0.01971,-0.01714
15,15360,15.11967,120.75,0.25,0.03333,0.591578,-0.000424,2.714784,0.000667,1.076338,0.003723,0.047534,-1.671501,1.82931,-0.353015,7.486705,4.0,0.00029857,4,29,0.10149,0.11713,0.08333,0.0,2,0.75,1.0,,,-0.03,0.02899,-0.00225,0.0,-0.01949,0.1314
16,16384,-5.00216,275.0,0.0,0.03077,0.572005,-0.000596,0.058685,0.000647,0.535682,0.005692,0.861069,0.004563,2.504294,-0.181887,2.552408,4.0,0.00029846,5,94,0.08661,0.10436,0.09231,0.0,2,1.0,1.0,,,-0.03,0.02946,-0.00201,0.0,-0.02478,-0.01623
17,17408,-5.58657,234.5,0.0,0.02985,0.416513,-0.001418,0.030558,0.002106,0.528138,0.031738,0.895728,0.026509,2.252098,-0.154224,2.353055,4.0,0.00029836,2,136,0.09481,0.11574,0.08955,0.0,2,1.0,1.0,,,-0.03,0.02651,-0.00274,0.0,-0.02544,-0.01126
18,18432,-4.36361,306.0,0.0,0.02817,0.454797,-0.000687,0.032327,0.002818,0.456237,0.030899,0.867563,-0.440817,2.135818,-0.600112,2.182471,4.0,0.00029826,4,138,0.0814,0.09671,0.09859,0.0,2,1.0,1.0,,,-0.03,0.02961,-0.00231,0.0,-0.01866,-0.01547
19,19456,-4.85654,218.8,0.0,0.02632,0.593254,-0.001965,0.034496,0.003318,0.45308,0.044983,0.766909,-0.981169,1.645006,-1.214054,1.718749,4.0,0.00029816,5,111,0.05612,0.07707,0.10526,0.0,2,0.8,1.0,,,-0.03,0.03196,-0.00131,0.0,-0.03129,-0.01596
20,20480,-4.23624,155.66667,0.0,0.02353,0.700344,-0.001137,0.03071,0.000998,0.367635,0.013596,0.676975,-1.423129,1.236134,-1.687863,1.356224,4.0,0.00029805,9,148,0.03952,0.05789,0.10588,0.0,2,1.0,1.0,,,-0.03,0.03559,-0.00052,0.0,-0.02877,-0.02529
21,21504,-4.24369,244.25,0.0,0.02247,0.568447,-0.001677,0.033347,0.00395,0.512693,0.065201,0.744443,-1.978406,1.315795,-2.247505,1.575681,4.0,0.00029795,4,43,0.04893,0.07433,0.11236,0.0,2,1.0,1.0,,,-0.03,0.03359,-0.00028,0.0,-0.03857,-0.01189
22,22528,-3.86649,245.6,0.0,0.02128,0.566397,-0.000986,0.020815,0.002938,0.232179,0.011322,0.830365,-2.298774,1.389008,-2.43542,1.44814,4.0,0.00029785,5,50,0.051,0.06578,0.11702,0.0,2,1.0,1.0,,,-0.03,0.03366,-5e-05,0.0,-0.02175,-0.01525
23,23552,-4.14053,125.83333,0.0,0.02,0.541445,-0.002515,0.017129,0.003468,0.231235,0.036346,0.855022,-2.561828,1.313226,-2.605354,1.410982,4.0,0.00029775,6,54,0.03762,0.06127,0.11,0.0,2,1.0,1.0,,,-0.03,0.03337,-8e-05,0.0,-0.02839,-0.02353
24,24576,15.8426,116.75,0.25,0.03,0.539565,-0.001091,2.771692,0.001528,1.29865,0.01619,0.013842,-2.679149,1.556944,-1.301383,7.487789,4.0,0.00029764,4,108,0.05783,0.06883,0.11,0.0,3,0.75,0.0,,,-0.03,0.02921,-0.00093,0.0,-0.0055,0.13628
25,25600,35.21949,265.83333,0.5,0.06,0.49863,-0.00063,4.183638,0.0008,2.210765,0.010193,0.01993,-0.816836,1.780291,2.536957,11.827114,4.0,0.00029754,6,195,0.05099,0.0638,0.11,0.0,6,0.66667,1.0,,,-0.03,0.02853,-0.00041,0.0,-0.00859,0.45717
26,26624,15.44109,101.5,0.25,0.07,0.466453,-0.00041,1.246143,0.000493,1.02515,0.007523,0.200063,1.274423,2.660139,2.483737,7.646636,4.0,0.00029744,4,212,0.04921,0.06622,0.11,0.0,7,1.0,1.0,,,-0.03,0.03218,-0.0012,0.0,-0.01849,0.15009
27,27648,-3.70562,351.4,0.0,0.07,0.471009,-0.000471,0.096313,0.000817,0.823551,0.00383,0.66371,1.847425,3.368464,1.67214,3.190853,4.0,0.00029734,5,237,0.05721,0.07069,0.13,0.0,7,1.0,1.0,,,-0.03,0.03214,-0.00118,0.0,-0.01651,-0.0132
28,28672,-4.37514,236.25,0.0,0.07,0.479086,-0.001228,0.095104,0.002959,0.644948,0.021149,0.50309,1.771827,3.225671,1.371717,2.939564,4.0,0.00029724,4,153,0.05138,0.07093,0.14,0.0,7,1.0,1.0,,,-0.03,0.03294,0.00026,0.0,-0.03189,-0.01252
29,29696,-4.01342,122.8,0.0,0.07,0.499451,-0.001154,0.055585,0.002366,0.502341,0.02002,0.540557,1.829379,2.118384,1.290394,2.256257,4.0,0.00029713,5,210,0.0509,0.06782,0.14,0.0,7,1.0,1.0,,,-0.03,0.03028,-0.00029,0.0,-0.02462,-0.02006
30,30720,-4.29012,314.75,0.0,0.07,0.372779,-0.001522,0.030954,0.001601,0.351302,0.020172,0.68621,1.641988,1.8554,1.217891,1.910836,4.0,0.00029703,4,282,0.06404,0.08035,0.13,0.0,7,1.0,1.0,,,-0.03,0.0253,-0.00076,0.0,-0.01279,-0.02246
31,31744,44.79762,296.66667,0.66667,0.08,0.538249,-0.000636,2.178314,0.001617,1.129274,0.013046,-0.015857,1.725222,1.741448,4.06017,9.523915,4.0,0.00029693,3,356,0.06564,0.07608,0.14,0.0,9,0.66667,1.0,,,-0.03,0.02139,-0.0019,0.0,-0.00554,0.29931
32,32768,34.97132,268.75,0.5,0.1,0.546363,-0.000572,1.644414,0.001809,0.946627,0.027512,0.116133,3.692298,2.150568,5.612076,9.678184,4.0,0.00029683,4,323,0.07254,0.08029,0.14,0.0,11,0.5,1.0,,,-0.03,0.02108,-0.00213,0.0,0.00196,0.28774
33,33792,35.58797,355.5,0.5,0.11,0.601369,-0.000891,0.678205,0.002744,0.493487,0.030594,0.309125,6.812851,3.610356,7.646859,7.567918,4.0,0.00029672,2,252,0.0769,0.08749,0.15,0.0,12,0.5,1.0,,,-0.03,0.02025,-0.00233,0.0,-0.00569,0.1412
34,34816,-5.81851,360.5,0.0,0.11,0.488353,-0.001657,0.063262,0.002517,0.595689,0.038773,0.84617,7.51412,4.759238,6.891122,4.609486,4.0,0.00029662,2,363,0.09636,0.10949,0.16,0.0,12,1.0,1.0,,,-0.03,0.01454,-0.00332,0.0,-0.01462,-0.00532
35,35840,46.68176,251.0,0.66667,0.13,0.547503,-0.000409,0.913948,0.000665,0.686413,0.004654,0.398752,7.686996,4.608883,9.851767,10.562637,4.0,0.00029652,3,331,0.05825,0.06583,0.16,0.0,14,0.66667,1.0,,,-0.03,0.02409,-0.00115,0.0,-0.0016,0.28966
36,36864,12.95981,360.5,0.25,0.14,0.595964,-0.000759,0.500891,0.001472,0.360889,0.011337,0.473886,10.15469,6.180508,11.12388,8.849651,4.0,0.00029642,4,281,0.05658,0.06411,0.17,0.0,15,1.0,1.0,,,-0.03,0.02634,-0.00098,0.0,0.00082,0.1302
37,37888,29.88042,314.0,0.42857,0.17,0.675792,-0.001286,0.700825,0.00471,0.598341,0.073425,0.511421,12.511663,6.47882,15.066612,12.351071,4.0,0.00029631,7,292,0.04731,0.05296,0.18,0.0,18,0.71429,1.0,,,-0.03,0.02838,-0.00048,0.0,0.00554,0.3397
38,38912,73.9587,107.25,1.0,0.2,0.775839,-0.000284,0.621425,0.001022,0.323064,0.006073,0.466918,17.959223,7.298343,20.736,12.408735,4.0,0.00029621,4,56,0.05106,0.06165,0.18,0.0,22,0.25,1.0,,,-0.03,0.02756,-5e-05,0.0,0.00029,0.40988
39,39936,74.20017,109.5,1.0,0.24,0.638775,-0.001215,0.365992,0.001042,0.305102,0.007309,0.711914,18.745499,10.253674,21.872559,15.142038,4.0,0.00029611,4,276,0.06254,0.06962,0.17,0.0,26,0.5,1.0,,,-0.03,0.02282,-0.00118,0.0,0.01021,0.53887
40,40960,42.8362,238.8,0.6,0.27,0.74487,-0.002031,0.231072,0.003143,0.57132,0.023239,0.82573,22.661379,13.928102,24.316776,16.529011,4.0,0.00029601,5,286,0.06059,0.06623,0.17,0.0,29,0.4,1.0,,,-0.03,0.02355,-0.00109,0.0,0.00263,0.3477
41,41984,26.77081,217.6,0.4,0.29,0.788662,-0.002119,0.238715,0.002394,1.218616,0.027725,0.801309,24.617516,14.155017,25.077621,16.455696,4.0,0.0002959,5,37,0.05158,0.06168,0.17,0.0,31,0.4,1.0,,,-0.03,0.02695,-0.00102,0.0,0.00145,0.20553
42,43008,47.80601,271.66667,0.66667,0.33,0.868638,-0.001741,0.210568,0.004966,0.562972,0.031937,0.785284,28.071791,13.486041,29.708593,16.399708,4.0,0.0002958,6,100,0.05701,0.06416,0.18,0.0,35,0.66667,1.0,,,-0.03,0.02569,-0.00137,0.0,0.00092,0.38624
43,44032,41.03307,232.2,0.6,0.36,0.829812,-0.000993,0.220929,0.002143,0.767275,0.027084,0.746348,29.85461,14.268465,30.839622,16.273087,4.0,0.0002957,5,222,0.05003,0.0579,0.19,0.0,38,0.8,1.0,,,-0.03,0.02145,-0.00091,0.0,0.00415,0.30436
44,45056,48.45394,117.0,0.66667,0.38,0.808174,-0.002485,0.141142,0.003931,1.029583,0.038666,0.814405,31.284124,14.435822,30.760357,16.037193,4.0,0.0002956,3,218,0.05013,0.05774,0.18,0.0,40,0.33333,1.0,,,-0.03,0.01961,-0.00046,0.0,0.00185,0.21449
45,46080,54.91742,233.75,0.75,0.41,0.829552,-0.002201,0.064888,0.003144,0.436826,0.036682,0.917443,29.29298,16.198072,30.068821,18.355999,4.0,0.00029549,4,303,0.03975,0.04292,0.18,0.0,43,0.5,1.0,,,-0.03,0.02178,-0.00076,0.0,0.00869,0.31517
46,47104,74.49599,107.6,1.0,0.46,0.839091,-0.002442,0.079298,0.004518,0.253364,0.04866,0.913947,27.976133,18.787098,29.772846,21.778194,4.0,0.00029539,5,315,0.03095,0.03437,0.18,0.0,48,0.6,1.0,,,-0.03,0.02458,-0.0001,0.0,0.01054,0.49669
47,48128,40.28757,319.14286,0.57143,0.48,0.880855,-0.001054,0.041156,0.002192,0.304419,0.015961,0.959936,35.807709,22.010017,37.668583,23.841993,4.0,0.00029529,7,204,0.02435,0.02862,0.21,0.0,52,0.28571,1.0,,,-0.03,0.02926,0.00032,0.0,0.01091,0.35357
48,49152,56.93368,161.88889,0.77778,0.52,0.842106,-0.00026,0.085001,0.000665,0.67774,0.002213,0.76604,47.367363,11.998007,49.111038,14.733492,4.0,0.00029519,9,182,0.02239,0.02907,0.2,0.0,59,0.33333,1.0,,,-0.03,0.03105,0.00099,0.0,0.01215,0.60036
49,50176,65.53286,130.44444,0.88889,0.6,0.872126,-0.000233,0.062139,0.001817,0.74145,0.000839,0.801501,52.550148,12.173284,54.996655,13.916964,4.0,0.00029508,9,29,0.01932,0.02313,0.17,0.0,67,0.33333,1.0,,,-0.03,0.03318,0.00064,0.0,0.01222,0.6404
50,51200,74.28124,112.5,1.0,0.68,0.898603,-0.001031,0.06019,0.005217,0.363874,0.032318,0.590966,54.163338,9.798959,55.826492,10.362572,4.0,0.00029498,8,15,0.02162,0.02889,0.17,0.0,75,0.125,1.0,,,-0.03,0.03218,0.0003,0.0,0.0092,0.64282
51,52224,73.72722,118.75,1.0,0.72,0.841217,-0.001753,0.045696,0.005719,0.459433,0.073593,0.854053,52.739498,14.845108,54.271606,15.854815,4.0,0.00029488,8,16,0.01798,0.02379,0.16,0.0,83,0.25,1.0,,,-0.03,0.03002,0.00106,0.0,0.01302,0.70826
52,53248,63.16442,137.42857,0.85714,0.75,0.870812,-0.000826,0.033136,0.001109,0.468128,0.014069,0.890682,52.992931,14.281528,53.299217,15.972016,4.0,0.00029478,7,19,0.0248,0.02984,0.14,0.0,89,0.42857,1.0,,,-0.03,0.02843,0.00035,0.0,0.01044,0.49962
53,54272,71.65415,171.25,1.0,0.78,0.736678,-0.001805,0.040765,0.004316,0.420608,0.035614,0.865685,50.154663,16.357258,50.159233,16.622288,4.0,0.00029468,4,29,0.03431,0.04121,0.12,0.0,93,0.25,1.0,,,-0.03,0.02363,-8e-05,0.0,0.00393,0.41256
54,55296,73.22859,140.75,1.0,0.82,0.833498,-0.001418,0.023855,0.005248,0.234492,0.0327,0.939323,52.19051,19.153311,53.517429,20.165184,4.0,0.00029457,8,35,0.02595,0.02976,0.1,0.0,100,0.375,1.0,,,-0.03,0.02978,0.00019,0.0,0.01484,0.71396
55,56320,74.87812,111.0,1.0,0.82,0.792994,-0.001023,0.012501,0.001722,0.379951,0.018433,0.980052,50.967957,24.246502,50.816811,25.203825,4.0,0.00029447,5,238,0.02684,0.03146,0.1,0.0,100,0.0,1.0,,,-0.03,0.02783,0.00093,0.0,0.01343,0.47915
56,57344,54.34161,231.0,0.77778,0.83,0.646242,-0.000712,0.065029,0.002403,0.302965,0.00499,0.901653,46.197136,27.139994,46.248432,27.079416,4.0,0.00029437,9,188,0.02772,0.03384,0.09,0.0,100,0.44444,1.0,,,-0.03,0.02837,-0.00015,0.0,0.00608,0.79084
57,58368,51.17534,128.57143,0.71429,0.84,0.98555,-0.000619,0.07024,0.003921,0.777052,0.017365,0.476945,64.168533,7.010537,61.835186,12.302846,4.0,0.00029427,7,193,0.01851,0.02459,0.08,0.0,100,0.42857,0.875,,,-0.03,0.03037,0.00109,0.0,0.00537,0.38809
58,59392,72.49397,143.33333,1.0,0.85,0.995904,-0.000995,0.025223,0.003796,0.53512,0.035873,0.682699,61.439735,9.339289,59.631248,9.192041,4.0,0.00029416,3,242,0.03337,0.04007,0.07,0.0,100,0.33333,1.0,,,-0.03,0.01723,0.0003,0.0,0.00858,0.26529
59,60416,74.03425,126.0,1.0,0.85,0.913083,-0.001565,0.014387,0.00289,0.511121,0.03653,0.909437,47.042858,12.98479,44.466835,12.7126,4.0,0.00029406,1,266,0.03485,0.04054,0.07,0.0,100,0.0,1.0,,,-0.03,0.01303,-0.00077,0.0,0.00168,0.10423
60,61440,73.68787,133.0,1.0,0.85,0.793362,-0.002139,0.011465,0.004989,0.468183,0.079086,0.926132,31.951761,13.691231,29.532587,13.030216,4.0,0.00029396,1,291,0.03382,0.0387,0.07,0.0,100,0.0,0.0,,,-0.03,0.01128,-0.00062,0.0,-0.00351,0.12485
61,62464,25.72196,557.0,0.5,0.86,0.680739,-0.000387,0.027988,0.001134,0.185039,0.004227,0.784566,17.861156,12.164235,17.018337,12.498907,4.0,0.00029386,2,272,0.03778,0.0422,0.07,0.0,100,0.5,1.0,,,-0.03,0.00942,-0.00132,0.0,-0.00041,0.13016
62,63488,-6.39224,600.0,0.0,0.84,0.779564,-0.001891,0.008201,0.003382,0.403114,0.047073,0.978893,26.718481,21.688906,24.840588,20.991234,4.0,0.00029375,3,302,0.02758,0.03238,0.1,0.0,100,1.0,1.0,,,-0.03,0.02067,0.00011,0.0,-0.00043,0.0
63,64512,-5.57025,562.0,0.0,0.81,0.758386,-0.002828,0.006009,0.003744,0.44142,0.050491,0.979667,28.092678,17.190228,26.116772,16.68774,4.0,0.00029365,3,326,0.02793,0.03451,0.12,0.0,100,1.0,1.0,,,-0.03,0.0146,2e-05,0.0,0.00084,-0.00345
64,65536,nan,nan,0.0,0.81,0.795657,-0.003012,0.005969,0.004835,0.412761,0.073898,0.950059,24.72967,11.39679,22.698305,10.75025,4.0,0.00029355,0,337,0.03469,0.03944,0.12,0.0,100,0.0,0.0,,,-0.03,0.00789,-0.00061,0.0,-0.00179,0.0
65,66560,-5.19192,233.0,0.0,0.81,0.780415,-0.002004,0.004217,0.003556,0.366091,0.046494,0.974168,15.201609,11.95669,13.393212,11.660929,4.0,0.00029345,1,306,0.03686,0.03859,0.11,0.0,100,1.0,1.0,,,-0.03,0.00833,-0.00042,0.0,-0.0012,-0.00367
66,67584,-6.00781,600.0,0.0,0.77,0.851423,-0.00348,0.002772,0.003405,0.371864,0.043381,0.987689,11.402466,14.029043,10.006676,13.675004,4.0,0.00029334,4,318,0.03428,0.03622,0.15,0.0,100,0.75,1.0,,,-0.03,0.01059,-0.00024,0.0,0.0006,0.0
67,68608,-6.2381,600.0,0.0,0.76,1.068708,-0.002877,0.004311,0.004845,0.372452,0.060104,0.97036,19.16037,11.853936,17.410267,11.363025,4.0,0.00029324,1,275,0.0344,0.03828,0.16,0.0,100,0.0,1.0,,,-0.03,0.0136,-0.00015,0.0,-0.00038,0.0
68,69632,-8.90206,600.0,0.0,0.75,0.892986,-0.002647,0.003982,0.003132,0.346279,0.040665,0.95855,15.921964,9.604056,14.384295,9.273602,4.0,0.00029314,2,165,0.04307,0.04626,0.17,0.0,100,0.5,1.0,,,-0.03,0.01086,-0.0005,0.0,-0.00016,0.0
69,70656,nan,nan,0.0,0.75,0.844335,-0.003316,0.00212,0.00315,0.322337,0.031281,0.975801,9.89744,8.770178,8.651776,8.440859,4.0,0.00029304,0,327,0.03804,0.04013,0.17,0.0,100,0.0,0.0,,,-0.03,0.00578,-0.00049,0.0,0.00029,0.0
70,71680,-7.00628,600.0,0.0,0.75,0.868008,-0.0034,0.001714,0.007292,0.522078,0.120071,0.981085,6.872533,9.247569,5.783886,8.923564,4.0,0.00029293,1,300,0.02973,0.0305,0.17,0.0,100,1.0,1.0,,,-0.03,0.00754,-0.00026,0.0,0.00118,0.0
71,72704,-7.2056,600.0,0.0,0.71,1.018615,-0.002778,0.001601,0.004094,0.282037,0.047394,0.98943,9.632751,11.508974,8.516174,11.249122,4.0,0.00029283,5,314,0.0236,0.02493,0.21,0.0,100,0.2,1.0,,,-0.03,0.01273,1e-05,0.0,0.00215,0.0
72,73728,-9.92752,600.0,0.0,0.71,1.247118,-0.000723,0.00161,0.006317,0.480937,0.097977,0.979607,13.993742,7.917183,12.725954,7.7127,4.0,0.00029273,1,286,0.0259,0.02742,0.21,0.0,100,0.0,1.0,,,-0.03,0.00751,-0.00035,0.0,0.00057,0.0
73,74752,-11.95875,600.0,0.0,0.71,1.286345,-0.000409,0.001746,0.007512,0.569397,0.140381,0.971236,12.168262,5.943761,10.9219,5.783526,2.0,0.00029263,1,101,0.02559,0.02714,0.22,0.0,100,0.0,1.0,,,-0.03,0.00854,-0.00046,0.0,0.00145,0.0
74,75776,-12.46344,600.0,0.0,0.7,1.288006,-0.000862,0.001553,0.008268,0.78442,0.146301,0.972723,7.190814,5.840364,6.020934,5.700296,1.0,0.00029252,1,40,0.02741,0.02946,0.23,0.0,100,0.0,1.0,,,-0.03,0.00582,-0.00079,0.0,9e-05,0.0
75,76800,-12.65498,600.0,0.0,0.69,1.286319,-0.002948,0.001584,0.004969,0.308997,0.053589,0.975474,2.355632,7.045812,1.223716,6.890221,4.0,0.00029242,1,38,0.02865,0.02991,0.24,0.0,100,0.0,1.0,,,-0.03,0.00471,-0.00038,0.0,0.00052,0.0
76,77824,-12.0284,600.0,0.0,0.65,1.283437,-0.002252,0.001554,0.002448,0.256525,0.018951,0.982429,6.590526,8.756465,5.468083,8.398258,4.0,0.00029232,4,27,0.02343,0.02467,0.28,0.0,100,0.0,1.0,,,-0.03,0.00986,-7e-05,0.0,0.00212,0.0
77,78848,-11.85543,600.0,0.0,0.63,1.2761,-0.002552,0.001033,0.004745,0.285008,0.03775,0.981272,6.273578,6.664979,5.238618,6.454417,4.0,0.00029222,2,31,0.02679,0.02792,0.3,0.0,100,0.0,1.0,,,-0.03,0.00714,-0.00014,0.0,0.00012,0.0
78,79872,nan,nan,0.0,0.63,1.292135,-0.002412,0.000961,0.003022,0.252795,0.031097,0.972059,4.528926,5.166695,3.468865,5.003938,4.0,0.00029212,0,30,0.02844,0.02891,0.3,0.0,100,0.0,0.0,,,-0.03,0.00701,6e-05,0.0,0.00057,0.0
79,80896,-12.03684,600.0,0.0,0.62,1.249864,-0.00247,0.001009,0.004971,0.387598,0.06041,0.971102,0.98754,5.572304,0.008353,5.336589,4.0,0.00029201,1,26,0.02635,0.02702,0.31,0.0,100,0.0,1.0,,,-0.03,0.0063,6e-05,0.0,-0.0007,0.0
80,81920,-12.19971,600.0,0.0,0.59,1.19773,-0.00268,0.000805,0.004371,0.25431,0.043381,0.984582,-0.714231,6.842524,-1.569852,6.664823,4.0,0.00029191,4,43,0.02504,0.026,0.35,0.0,100,0.0,1.0,,,-0.03,0.00751,-0.00015,0.0,0.00025,0.0
81,82944,-11.00609,600.0,0.0,0.58,1.171391,-0.001467,0.000941,0.004773,0.294941,0.050781,0.982176,3.986616,6.684536,3.048953,6.497162,4.0,0.00029181,1,27,0.02148,0.02216,0.36,0.0,100,0.0,1.0,,,-0.03,0.00916,0.00019,0.0,0.00136,0.0
82,83968,-12.10043,600.0,0.0,0.56,1.171674,-0.001121,0.000751,0.005052,0.401899,0.066803,0.977149,3.15296,5.170167,2.214215,5.00557,4.0,0.00029171,2,35,0.02336,0.02392,0.38,0.0,100,0.0,1.0,,,-0.03,0.00737,4e-05,0.0,0.00125,0.0
83,84992,nan,nan,0.0,0.56,1.194267,-0.003114,0.000559,0.006229,0.412819,0.085922,0.979447,0.094894,4.671737,-0.752326,4.547952,4.0,0.0002916,0,39,0.02475,0.02524,0.38,0.0,100,0.0,0.0,,,-0.03,0.00611,-2e-05,0.0,0.0003,0.0
84,86016,-10.37449,600.0,0.0,0.55,1.195468,-0.002632,0.000716,0.005016,0.239795,0.052475,0.976432,-2.048863,5.238425,-2.876785,5.052385,4.0,0.0002915,1,34,0.02282,0.02342,0.39,0.0,100,0.0,1.0,,,-0.03,0.00688,-0.0,0.0,0.00062,0.0
85,87040,-11.59519,600.0,0.0,0.51,1.194375,-0.001707,0.000764,0.002623,0.228901,0.017471,0.98566,-1.396557,7.018103,-2.193414,6.791523,4.0,0.0002914,4,31,0.02042,0.02081,0.43,0.0,100,0.0,1.0,,,-0.03,0.00879,0.00023,0.0,0.00059,0.0
86,88064,-12.2368,600.0,0.0,0.49,1.214062,-0.001778,0.000653,0.002521,0.195502,0.013214,0.982706,1.069842,5.519334,0.238312,5.384289,4.0,0.0002913,2,28,0.01901,0.0194,0.45,0.0,100,0.0,1.0,,,-0.03,0.00793,0.00025,0.0,0.00145,0.0
87,89088,-12.73942,600.0,0.0,0.48,1.208635,-0.00252,0.00059,0.004671,0.266394,0.033371,0.976744,-0.088781,4.493095,-0.898116,4.389155,4.0,0.00029119,1,26,0.01806,0.01845,0.46,0.0,100,0.0,1.0,,,-0.03,0.00715,0.00017,0.0,0.00116,0.0
88,90112,-11.70596,600.0,0.0,0.47,1.227321,-0.002582,0.000538,0.002938,0.225922,0.026962,0.977085,-2.853504,4.44277,-3.595191,4.340422,4.0,0.00029109,1,31,0.01917,0.01975,0.47,0.0,100,0.0,1.0,,,-0.03,0.00661,3e-05,0.0,4e-05,0.0
89,91136,-12.18161,600.0,0.0,0.46,1.238703,-0.001741,0.000486,0.00297,0.220023,0.023407,0.984884,-4.887904,5.129166,-5.622088,5.045424,4.0,0.00029099,1,32,0.02023,0.02088,0.48,0.0,100,0.0,1.0,,,-0.03,0.00662,8e-05,0.0,0.00139,0.0
90,92160,-11.93528,600.0,0.0,0.42,1.238627,-0.001907,0.000647,0.004456,0.247586,0.044098,0.985695,-2.135534,6.360974,-2.820964,6.192796,4.0,0.00029089,4,33,0.02444,0.02469,0.52,0.0,100,0.0,1.0,,,-0.03,0.01022,0.00035,0.0,0.00255,0.0
91,93184,-12.62054,600.0,0.0,0.4,1.216681,-0.00069,0.000611,0.004236,0.323812,0.048706,0.980388,-1.938999,5.010518,-2.711029,4.903957,4.0,0.00029078,2,34,0.02547,0.02617,0.54,0.0,100,0.0,1.0,,,-0.03,0.00714,5e-05,0.0,9e-05,0.0
92,94208,nan,nan,0.0,0.4,1.22178,-0.002089,0.000422,0.003817,0.263182,0.039505,0.980355,-2.854676,4.034742,-3.599749,3.949893,4.0,0.00029068,0,29,0.02526,0.02526,0.54,0.0,100,0.0,0.0,,,-0.03,0.0066,0.00021,0.0,0.00088,0.0
93,95232,-12.22649,600.0,0.0,0.39,1.196309,-0.002698,0.000379,0.002676,0.207605,0.021851,0.984596,-5.492324,4.420678,-6.156266,4.356526,4.0,0.00029058,1,33,0.02259,0.02279,0.55,0.0,100,0.0,1.0,,,-0.03,0.00658,0.00012,0.0,0.00059,0.0
94,96256,-11.32322,600.0,0.0,0.38,1.228161,-0.002547,0.000397,0.003886,0.26019,0.04216,0.988256,-6.880171,5.382502,-7.515675,5.290576,4.0,0.00029048,2,38,0.01927,0.01978,0.57,0.0,100,0.0,1.0,,,-0.03,0.00688,-2e-05,0.0,0.00088,0.0
95,97280,-12.59479,600.0,0.0,0.35,1.224313,-0.002524,0.000569,0.003846,0.223803,0.031555,0.983525,-3.376703,5.306468,-4.061713,5.21592,4.0,0.00029037,3,95,0.01839,0.01895,0.6,0.0,100,0.0,1.0,,,-0.03,0.00976,0.00042,0.0,0.00171,0.0
96,98304,-12.70884,600.0,0.0,0.33,1.194533,-0.002042,0.000426,0.003887,0.262365,0.035477,0.981102,-3.964779,4.253486,-4.629308,4.187116,4.0,0.00029027,2,350,0.01505,0.01518,0.62,0.0,100,0.0,1.0,,,-0.03,0.0084,0.00035,0.0,0.00188,0.0
97,99328,nan,nan,0.0,0.33,1.152081,-0.001919,0.000506,0.002848,0.233219,0.030563,0.969902,-6.094357,3.816953,-6.733646,3.7611,4.0,0.00029017,0,325,0.01368,0.01442,0.62,0.0,100,0.0,0.0,,,-0.03,0.00738,0.00017,0.0,0.00066,0.0
98,100352,-12.64722,600.0,0.0,0.32,1.123832,-0.001085,0.000393,0.002757,0.20545,0.014923,0.979889,-8.044596,4.159467,-8.637658,4.043045,4.0,0.00029007,1,265,0.01461,0.01475,0.63,0.0,100,0.0,1.0,,,-0.03,0.00754,0.00035,0.0,0.00038,0.0
99,101376,-11.758,600.0,0.0,0.28,1.13467,-0.001451,0.000422,0.003431,0.230767,0.034958,0.987745,-8.036705,5.537164,-8.577023,5.43061,4.0,0.00028996,4,257,0.01254,0.01268,0.67,0.0,100,0.0,1.0,,,-0.03,0.0102,0.00024,0.0,0.00147,0.0
100,102400,-7.88342,600.0,0.0,0.26,1.162213,-0.001866,0.000615,0.003034,0.256701,0.032288,0.975511,-5.941115,4.809223,-6.544656,4.67398,4.0,0.00028986,2,307,0.01454,0.01578,0.69,0.0,100,0.0,0.0,,,-0.03,0.01045,9e-05,0.0,-0.00127,0.0
101,103424,-11.80307,600.0,0.0,0.25,1.072531,-0.001561,0.00046,0.003783,0.315473,0.048645,0.968248,-6.672835,3.669361,-7.223016,3.577052,4.0,0.00028976,1,127,0.01667,0.01794,0.7,0.0,100,0.0,1.0,,,-0.03,0.00946,0.00013,0.0,0.00172,0.0
102,104448,-11.05719,600.0,0.0,0.24,0.983595,-0.001698,0.000369,0.002845,0.197929,0.018814,0.970548,-8.985912,3.447106,-9.493929,3.365267,4.0,0.00028966,1,122,0.0162,0.01693,0.71,0.0,100,0.0,1.0,,,-0.03,0.00795,0.00012,0.0,0.00013,0.0
103,105472,-11.99339,600.0,0.0,0.23,0.92878,-0.001368,0.000375,0.002014,0.195223,0.015045,0.977952,-10.752096,4.022462,-11.206227,3.957103,4.0,0.00028956,1,211,0.01436,0.01521,0.72,0.0,100,0.0,1.0,,,-0.03,0.00848,0.00014,0.0,2e-05,0.0
104,106496,-8.4317,600.0,0.0,0.19,0.925522,-0.002668,0.000561,0.001926,0.189414,0.019547,0.981354,-8.773789,5.316166,-9.148653,5.265141,4.0,0.00028945,4,259,0.01859,0.01956,0.76,0.0,100,0.0,1.0,,,-0.03,0.01434,0.00011,0.0,0.00238,0.0
105,107520,-10.00062,600.0,0.0,0.18,0.975331,-0.002507,0.000448,0.003335,0.29536,0.040955,0.976732,-7.979236,4.22206,-8.461782,4.125746,4.0,0.00028935,1,291,0.02035,0.02125,0.77,0.0,100,0.0,0.0,,,-0.03,0.01022,0.00024,0.0,0.00181,0.0
106,108544,-7.57708,600.0,0.0,0.17,0.99605,-0.001188,0.000364,0.006102,0.44132,0.088501,0.970627,-8.757897,3.337716,-9.265257,3.27169,4.0,0.00028925,1,214,0.02085,0.02191,0.78,0.0,100,0.0,1.0,,,-0.03,0.00929,0.00023,0.0,0.00011,0.0
107,109568,-7.3315,600.0,0.0,0.16,0.976352,-0.002144,0.000265,0.002577,0.189642,0.020554,0.978436,-11.074329,3.379267,-11.507751,3.318274,4.0,0.00028915,1,247,0.02062,0.02078,0.79,0.0,100,0.0,1.0,,,-0.03,0.00877,0.0003,0.0,0.00098,0.0
108,110592,-6.94181,600.0,0.0,0.15,1.003492,-0.002135,0.000398,0.002495,0.185571,0.026962,0.975492,-12.49093,3.965766,-12.925484,3.871675,4.0,0.00028904,2,246,0.02013,0.02076,0.81,0.0,100,0.0,1.0,,,-0.03,0.00881,0.00027,0.0,-0.00071,0.0
109,111616,-9.74152,600.0,0.0,0.13,1.024309,-0.001095,0.000534,0.005999,0.400856,0.090729,0.975624,-9.580957,4.563415,-9.977788,4.524498,4.0,0.00028894,3,211,0.01416,0.01558,0.83,0.0,100,0.0,1.0,,,-0.03,0.01353,0.00027,0.0,0.00118,0.0
110,112640,-7.67281,600.0,0.0,0.11,0.871043,-0.001573,0.000597,0.002894,0.210848,0.023712,0.963091,-9.701763,3.927255,-10.084503,3.939888,4.0,0.00028884,2,249,0.01837,0.02096,0.85,0.0,100,0.0,1.0,,,-0.03,0.01169,0.00023,0.0,-0.00102,0.0
111,113664,nan,nan,0.0,0.11,0.774948,-0.001753,0.000312,0.002055,0.180706,0.019241,0.978749,-11.020816,3.677348,-11.364697,3.683703,4.0,0.00028874,0,316,0.02019,0.02135,0.85,0.0,100,0.0,0.0,,,-0.03,0.00938,0.00031,0.0,0.00081,0.0
112,114688,-10.05205,600.0,0.0,0.1,0.747227,-0.002127,0.000286,0.002456,0.167613,0.019287,0.979298,-12.697923,3.637459,-13.042377,3.581213,4.0,0.00028863,1,306,0.01709,0.01838,0.86,0.0,100,0.0,1.0,,,-0.03,0.01004,0.00043,0.0,-0.00178,0.0
113,115712,-7.12764,600.0,0.0,0.08,0.754005,-0.001653,0.000304,0.003127,0.264419,0.034348,0.986957,-12.91932,4.634373,-13.143523,4.686718,4.0,0.00028853,4,299,0.02363,0.02445,0.9,0.0,100,0.0,1.0,,,-0.03,0.01507,0.00022,0.0,0.00188,0.0
114,116736,-5.61848,600.0,0.0,0.06,0.886564,-0.003463,0.000627,0.004246,0.245928,0.054535,0.967902,-10.267118,4.240914,-10.547901,4.279637,4.0,0.00028843,2,321,0.02778,0.03025,0.92,0.0,100,0.0,1.0,,,-0.03,0.01367,0.00023,0.0,0.00542,0.0
115,117760,-6.95233,600.0,0.0,0.05,0.883734,-0.001862,0.000372,0.003507,0.280925,0.041916,0.969784,-10.579966,3.396953,-10.959427,3.36098,4.0,0.00028833,1,262,0.02078,0.0218,0.93,0.0,100,0.0,1.0,,,-0.03,0.01119,0.00025,0.0,0.00032,0.0
116,118784,-5.6396,600.0,0.0,0.04,0.83663,-0.002359,0.000312,0.002965,0.216042,0.034424,0.974703,-12.633431,3.35989,-12.969992,3.383338,4.0,0.00028822,1,316,0.01926,0.02046,0.94,0.0,100,0.0,1.0,,,-0.03,0.00864,5e-05,0.0,-0.00034,0.0
117,119808,-7.44137,600.0,0.0,0.03,0.815868,-0.002691,0.000349,0.003104,0.208445,0.039764,0.975977,-14.162532,3.697975,-14.50647,3.661542,4.0,0.00028812,1,344,0.01907,0.02121,0.95,0.0,100,0.0,1.0,,,-0.03,0.0094,0.00018,0.0,-0.00306,0.0
118,120832,-6.81491,600.0,0.0,0.0,0.770538,-0.001769,0.000537,0.002987,0.27753,0.038239,0.979198,-12.669235,4.829598,-12.862022,4.944369,4.0,0.00028802,4,294,0.01741,0.01907,0.98,0.0,100,0.0,1.0,,,-0.03,0.01824,0.00039,0.0,0.00076,0.0
119,121856,-6.61082,600.0,0.0,0.0,0.715607,-0.003521,0.00059,0.003981,0.234342,0.052917,0.972363,-11.324797,4.468553,-11.606731,4.474057,4.0,0.00028792,1,314,0.01906,0.02211,0.98,0.0,100,0.0,0.0,,,-0.03,0.01391,0.00015,0.0,-0.00042,0.0
120,122880,-5.14144,600.0,0.0,0.0,0.697729,-0.001309,0.000469,0.001789,0.176743,0.01799,0.972882,-11.88768,3.966976,-12.16163,4.027606,4.0,0.00028781,1,308,0.02128,0.02304,0.98,0.0,100,0.0,1.0,,,-0.03,0.01202,0.00036,0.0,0.00592,0.0
121,123904,-4.29563,600.0,0.0,0.0,0.742374,-0.001712,0.000283,0.002389,0.239637,0.024506,0.982763,-14.052226,3.999461,-14.371464,3.959654,4.0,0.00028771,1,311,0.0213,0.02141,0.98,0.0,100,0.0,1.0,,,-0.03,0.00994,0.00024,0.0,-0.00029,0.0
122,124928,-5.42502,600.0,0.0,0.0,0.75594,-0.001831,0.000389,0.003949,0.282719,0.054092,0.982811,-15.48881,4.620944,-15.773451,4.629569,4.0,0.00028761,2,333,0.02258,0.02379,0.98,0.0,100,0.0,1.0,,,-0.03,0.0096,0.00044,0.0,0.00054,0.0
123,125952,14.22187,477.0,0.25,0.01,0.860176,-0.000536,0.069952,0.002468,0.276633,0.022934,0.367366,-12.411188,5.020593,-11.054113,10.112007,4.0,0.00028751,4,327,0.02128,0.02382,0.99,0.0,100,0.0,1.0,,,-0.03,0.02104,0.00075,0.0,0.00601,0.09847
124,126976,34.50663,355.75,0.5,0.03,0.74748,-0.001762,0.087595,0.002869,0.351431,0.029358,0.38084,-10.505108,5.974546,-9.090474,11.473783,4.0,0.0002874,4,275,0.01596,0.01949,0.97,0.0,100,0.0,1.0,,,-0.03,0.01931,0.00083,0.0,0.00657,0.22722
125,128000,nan,nan,0.0,0.03,0.576685,-0.003989,0.002517,0.00316,0.233206,0.042801,0.960265,-9.816612,7.132103,-10.378357,6.95855,4.0,0.0002873,0,181,0.01717,0.02147,0.97,0.0,100,0.0,0.0,,,-0.03,0.01163,0.00012,0.0,-0.00207,0.0
126,129024,-4.12738,600.0,0.0,0.03,0.558243,-0.004158,0.001059,0.003197,0.304976,0.047302,0.979317,-12.948463,7.221834,-13.443552,7.081456,4.0,0.0002872,1,160,0.01665,0.01827,0.97,0.0,100,0.0,0.0,,,-0.03,0.01206,0.00036,0.0,-0.00093,0.0
127,130048,-2.67201,600.0,0.0,0.03,0.574434,-0.002423,0.000608,0.002253,0.210262,0.024658,0.988322,-15.805525,7.375185,-16.149998,7.336485,4.0,0.0002871,2,135,0.01541,0.01541,0.97,0.0,100,0.5,1.0,,,-0.03,0.01051,0.00022,0.0,0.00229,0.0
128,131072,-5.43952,598.33333,0.0,0.03,0.688087,-0.000611,0.007504,0.001582,0.094649,0.011459,0.857335,-13.330863,7.596608,-13.240788,7.295475,4.0,0.000287,3,104,0.02062,0.02441,0.96,0.0,100,0.33333,1.0,,,-0.03,0.01695,0.00038,0.0,-0.00194,-0.00357
129,132096,21.31298,437.0,0.33333,0.04,0.633084,-0.000454,0.064658,0.002,0.259475,0.017273,0.460189,-10.075131,5.953087,-8.865872,10.483511,4.0,0.00028689,3,273,0.02794,0.03312,0.95,0.0,100,0.0,1.0,,,-0.03,0.01955,0.00064,0.0,-0.00062,0.13344
130,133120,-4.14913,315.33333,0.0,0.04,0.544459,-0.001559,0.00361,0.002216,0.147585,0.024857,0.933026,-11.300625,7.000642,-11.65335,6.883041,4.0,0.00028679,3,333,0.02965,0.03474,0.93,0.0,100,0.66667,1.0,,,-0.03,0.01596,-0.00073,0.0,-0.00856,-0.00904
131,134144,67.64156,284.5,1.0,0.06,0.662233,-0.001016,0.116686,0.00235,0.475754,0.011826,0.462082,-10.598041,8.608101,-7.820139,14.116744,4.0,0.00028669,2,290,0.02463,0.02664,0.91,0.0,100,0.0,1.0,,,-0.03,0.02054,0.00065,0.0,0.01118,0.24317
132,135168,-3.10897,600.0,0.0,0.06,0.722942,-0.003944,0.003586,0.004677,0.360951,0.07399,0.979626,-7.731434,11.151834,-8.059297,11.102884,4.0,0.00028659,2,274,0.02532,0.02684,0.91,0.0,100,0.5,1.0,,,-0.03,0.0152,0.00036,0.0,0.00343,0.0
133,136192,56.73472,245.2,0.8,0.1,0.802465,-0.000809,0.157272,0.00235,0.655847,0.025528,0.45989,-5.673718,8.450017,-1.782605,16.264505,4.0,0.00028648,5,229,0.01927,0.0215,0.87,0.0,100,0.2,1.0,,,-0.03,0.02039,0.00045,0.0,0.00821,0.40756
134,137216,55.20738,288.6,0.8,0.14,0.83191,-0.000186,0.153113,0.002787,0.67769,0.01564,0.476827,-2.129344,9.887652,2.33846,16.286434,4.0,0.00028638,5,209,0.01545,0.01857,0.83,0.0,100,0.0,1.0,,,-0.03,0.02295,0.00043,0.0,0.00473,0.37829
135,138240,-4.26039,600.0,0.0,0.14,0.760918,-0.001935,0.012137,0.002229,0.344794,0.0224,0.896471,6.187355,10.890065,5.928586,10.815001,4.0,0.00028628,1,258,0.02161,0.02419,0.83,0.0,100,0.0,0.0,,,-0.03,0.01802,0.00057,0.0,0.00519,0.0
136,139264,34.31752,354.5,0.5,0.15,0.785426,-0.001519,0.033652,0.002905,0.264805,0.027847,0.8047,2.805535,10.558958,2.737749,12.884442,4.0,0.00028618,2,363,0.02528,0.02612,0.82,0.0,100,0.5,0.0,,,-0.03,0.01111,0.00026,0.0,0.00206,0.12232
137,140288,69.74732,232.5,1.0,0.17,0.772902,-0.000877,0.069219,0.000941,0.447063,0.005112,0.765597,0.779454,12.748691,2.202494,16.737698,4.0,0.00028607,2,282,0.02512,0.02572,0.8,0.0,100,0.0,1.0,,,-0.03,0.01416,0.00037,0.0,0.00621,0.22343
138,141312,27.13256,404.0,0.4,0.19,0.82142,-0.001936,0.048749,0.00368,0.69071,0.033356,0.911066,3.828909,19.328979,5.298323,22.746122,4.0,0.00028597,5,277,0.0317,0.03303,0.78,0.0,100,0.0,1.0,,,-0.03,0.01897,0.00031,0.0,0.00724,0.20558
139,142336,52.38423,284.125,0.75,0.25,0.938124,-0.000956,0.111137,0.002111,0.822306,0.017548,0.78734,19.713747,18.090343,25.736656,21.689146,4.0,0.00028587,8,245,0.03148,0.03344,0.72,0.0,100,0.0,1.0,,,-0.03,0.02574,0.00059,0.0,0.01129,0.47467
140,143360,71.75998,161.6,1.0,0.3,0.742894,-0.001315,0.114751,0.001478,0.956718,0.013412,0.427384,27.475849,11.472128,31.820732,13.487827,4.0,0.00028577,5,244,0.03526,0.04157,0.67,0.0,100,0.0,1.0,,,-0.03,0.02799,0.00054,0.0,0.00333,0.48559
141,144384,73.50918,131.75,1.0,0.34,0.659838,-0.001211,0.047182,0.002573,0.452819,0.023956,0.855961,31.425772,15.196959,32.364422,17.55127,4.0,0.00028566,4,322,0.04005,0.04517,0.63,0.0,100,0.0,1.0,,,-0.03,0.02569,0.00054,0.0,0.00611,0.46255
142,145408,45.38269,192.5,0.66667,0.38,0.601245,-0.000442,0.115675,0.000606,0.321911,0.003693,0.717607,27.387699,18.290934,29.684664,20.165277,4.0,0.00028556,6,282,0.03568,0.04439,0.57,0.0,100,0.33333,0.0,,,-0.03,0.02868,0.00013,0.0,0.00201,0.44898
143,146432,57.94989,132.4,0.8,0.42,0.679915,-0.000815,0.053041,0.001742,0.248335,0.011673,0.902755,32.073227,22.07103,31.900776,23.611776,4.0,0.00028546,5,253,0.03428,0.04088,0.52,0.0,100,0.2,1.0,,,-0.03,0.02592,0.00034,0.0,-0.00088,0.43742
144,147456,60.15162,223.83333,0.83333,0.47,0.643326,-0.00121,0.049616,0.002218,0.680002,0.010254,0.914104,31.260117,21.968735,34.505051,24.346601,4.0,0.00028536,6,323,0.0381,0.03971,0.47,0.0,100,0.0,1.0,,,-0.03,0.02737,0.00014,0.0,0.0179,0.54139
145,148480,49.2001,258.5,0.75,0.5,0.838099,-0.000625,0.107578,0.001674,0.383853,0.008072,0.39464,48.337334,17.995611,49.587303,14.780118,4.0,0.00028525,4,227,0.03591,0.04137,0.43,0.0,100,0.5,1.0,,,-0.03,0.02247,0.0001,0.0,0.00509,0.2574
146,149504,71.04422,181.88889,1.0,0.59,0.842702,-0.001511,0.032485,0.003826,0.351334,0.047012,0.443693,49.375282,7.226274,52.214157,8.097554,4.0,0.00028515,9,242,0.03267,0.03731,0.34,0.0,100,0.11111,1.0,,,-0.03,0.02697,-0.00022,0.0,0.00598,0.77414
147,150528,60.68187,123.66667,0.83333,0.64,0.772096,-0.000441,0.047602,0.001414,0.154923,0.00296,0.454195,52.300457,7.481931,52.605103,9.77347,4.0,0.00028505,6,278,0.03712,0.04398,0.28,0.0,100,0.33333,1.0,,,-0.03,0.02866,-0.00019,0.0,0.0015,0.48016
148,151552,64.34195,139.77778,0.88889,0.7,0.872586,-0.001422,0.039849,0.004193,0.216041,0.035187,0.440148,53.022003,5.597757,55.075909,8.723861,4.0,0.00028495,9,247,0.0318,0.03584,0.21,0.0,100,0.22222,1.0,,,-0.03,0.03128,0.0008,0.0,0.01507,0.62577
149,152576,74.36029,113.28571,1.0,0.76,0.886975,-0.000847,0.01375,0.002323,0.275006,0.009827,0.668151,57.233261,6.851563,59.53215,6.841214,4.0,0.00028484,7,197,0.02607,0.02953,0.16,0.0,100,0.14286,1.0,,,-0.03,0.03086,0.00097,0.0,0.01595,0.56126
150,153600,74.31597,121.25,1.0,0.82,0.942646,-0.002046,0.007105,0.004567,0.235252,0.040848,0.732658,61.135277,6.552223,62.544041,5.978395,4.0,0.00028474,8,226,0.03112,0.03282,0.12,0.0,100,0.0,0.0,,,-0.03,0.02593,0.00073,0.0,0.01691,0.63121
151,154624,75.36449,104.75,1.0,0.84,0.989581,-0.001729,0.005328,0.003634,0.223196,0.022415,0.738905,62.403156,5.325915,62.606606,5.32966,4.0,0.00028464,4,223,0.0319,0.0337,0.1,0.0,100,0.0,1.0,,,-0.03,0.0235,0.00055,0.0,0.01277,0.32184
152,155648,73.14405,146.83333,1.0,0.86,0.982581,-0.002422,0.005113,0.002776,0.25668,0.019516,0.842488,60.870251,5.88887,60.717026,6.609173,4.0,0.00028454,6,208,0.02218,0.02414,0.08,0.0,100,0.0,1.0,,,-0.03,0.0237,0.00042,0.0,0.00678,0.48255
153,156672,58.1146,264.33333,0.83333,0.87,0.894181,-0.00169,0.00725,0.002784,0.204652,0.016281,0.880114,59.18322,7.837163,59.060303,8.490871,4.0,0.00028444,6,232,0.02704,0.02965,0.07,0.0,100,0.0,1.0,,,-0.03,0.02333,0.00067,0.0,0.01293,0.4194
154,157696,75.24524,107.33333,1.0,0.88,0.82467,-0.001416,0.004691,0.001723,0.301618,0.01178,0.936403,60.877781,8.162723,59.936398,8.760002,4.0,0.00028433,3,240,0.03104,0.03534,0.06,0.0,100,0.0,0.0,,,-0.03,0.0234,0.0008,0.0,0.00945,0.29399
155,158720,61.18078,214.42857,0.85714,0.91,0.823082,-0.001301,0.005854,0.00235,0.234765,0.015213,0.940796,58.162331,10.014621,57.955399,10.907191,4.0,0.00028423,7,217,0.02994,0.03184,0.03,0.0,100,0.14286,1.0,,,-0.03,0.02322,0.00067,0.0,0.01414,0.56811
156,159744,62.68265,171.125,0.875,0.9,0.790667,-0.000383,0.042144,0.002056,0.298002,0.015747,0.514154,61.368839,8.612241,60.276192,10.481161,4.0,0.00028413,8,228,0.02855,0.03401,0.03,0.0,100,0.375,1.0,,,-0.03,0.03041,0.00096,0.0,0.00557,0.60754
157,160768,73.8578,124.57143,1.0,0.9,0.824118,-0.001129,0.005954,0.002812,0.179914,0.02301,0.916576,60.974789,8.679873,61.353394,9.360045,4.0,0.00028403,7,208,0.03322,0.03567,0.03,0.0,100,0.14286,1.0,,,-0.03,0.02992,0.00057,0.0,0.01549,0.61877
158,161792,63.63597,181.0,0.85714,0.91,0.951118,-0.001361,0.005223,0.002973,0.263878,0.01828,0.788338,63.990425,5.009564,63.517605,5.541957,4.0,0.00028392,7,223,0.03226,0.03481,0.04,0.0,100,0.28571,1.0,,,-0.03,0.02559,0.00065,0.0,0.01332,0.46693
159,162816,73.73341,123.0,1.0,0.93,0.833934,-0.000463,0.006412,0.002224,0.265251,0.016205,0.834473,61.660522,6.028248,60.940704,6.936049,4.0,0.00028382,6,208,0.03798,0.0434,0.03,0.01,100,0.0,0.0,,,-0.03,0.02614,0.0007,0.0,0.00478,0.55203
160,163840,71.35856,193.2,1.0,0.94,0.793771,-0.002153,0.004799,0.004379,0.233381,0.033142,0.922455,58.73632,8.474488,58.438751,9.089565,4.0,0.00028372,5,209,0.04061,0.04223,0.03,0.01,100,0.0,1.0,,,-0.03,0.02413,0.00053,0.0,0.009,0.48
161,164864,54.46132,128.0,0.75,0.93,0.585782,-0.000419,0.028175,0.001795,0.326319,0.016159,0.764575,55.341042,10.860715,53.186367,12.768415,4.0,0.00028362,4,260,0.04077,0.04906,0.03,0.02,100,0.25,0.0,,,-0.03,0.02813,0.00085,0.0,-0.00127,0.38537
162,165888,34.3756,268.75,0.5,0.91,0.686126,-0.000561,0.017526,0.001724,0.306581,0.014771,0.88454,53.595749,12.720676,51.646606,14.373672,4.0,0.00028351,4,303,0.03971,0.04319,0.04,0.02,100,0.5,1.0,,,-0.03,0.02398,0.00065,0.0,0.00639,0.24078
163,166912,46.81064,294.0,0.66667,0.89,0.814125,-0.002083,0.009214,0.003879,0.279441,0.054703,0.929385,55.227104,12.838793,54.574318,13.422974,4.0,0.00028341,6,307,0.03809,0.0422,0.06,0.02,100,0.16667,1.0,,,-0.03,0.02566,0.00016,0.0,0.00671,0.41069
164,167936,70.25407,206.25,1.0,0.9,0.732234,-0.000972,0.009666,0.002485,0.292688,0.020966,0.816566,57.282185,8.712046,56.233433,8.583108,4.0,0.00028331,4,339,0.04682,0.05344,0.06,0.02,100,0.0,1.0,,,-0.03,0.02395,-0.00037,0.0,-0.00033,0.45692
165,168960,71.53945,167.33333,1.0,0.91,0.706243,-0.001147,0.005027,0.0021,0.249404,0.012955,0.944696,54.328705,10.301848,53.553642,10.898211,4.0,0.00028321,3,315,0.04332,0.04615,0.06,0.02,100,0.0,0.0,,,-0.03,0.02232,-0.00016,0.0,0.00786,0.37157
166,169984,71.9752,141.0,1.0,0.91,0.676487,-0.001616,0.006789,0.002666,0.26602,0.036362,0.952711,50.465294,13.502507,49.570522,14.110789,4.0,0.0002831,3,252,0.04432,0.04861,0.06,0.02,100,0.0,1.0,,,-0.03,0.01867,0.00023,0.0,0.00497,0.3987
167,171008,53.5464,252.75,0.75,0.9,0.75526,-0.001242,0.005447,0.001663,0.202067,0.011002,0.968529,49.008156,15.086549,48.415466,15.842428,4.0,0.000283,4,111,0.04575,0.04838,0.07,0.02,100,0.25,0.0,,,-0.03,0.02291,0.00052,0.0,0.00697,0.34993
168,172032,50.56118,295.42857,0.71429,0.88,0.970011,-0.000707,0.007494,0.001902,0.150009,0.012741,0.933315,55.814201,12.596757,55.770378,12.986058,4.0,0.0002829,7,82,0.04325,0.04665,0.09,0.02,100,0.42857,1.0,,,-0.03,0.02738,0.00047,0.0,0.00778,0.42847
169,173056,63.69616,179.25,0.875,0.87,0.913027,-0.001244,0.00825,0.00212,0.164697,0.013519,0.767716,59.56356,6.418407,59.840439,7.439093,4.0,0.0002828,8,93,0.04939,0.05381,0.1,0.02,100,0.125,1.0,,,-0.03,0.02644,0.00042,0.0,0.0104,0.62708
170,174080,61.01542,120.66667,0.83333,0.86,0.925143,-0.000515,0.021405,0.002665,0.233278,0.018387,0.713925,57.593494,8.26925,56.350391,10.807378,4.0,0.00028269,6,143,0.05572,0.0604,0.1,0.02,100,0.16667,1.0,,,-0.03,0.02465,-9e-05,0.0,0.00376,0.44819
171,175104,59.42676,137.33333,0.83333,0.85,0.840286,-0.000961,0.020183,0.003091,0.182916,0.027069,0.828508,53.647381,11.842397,53.33247,13.859828,4.0,0.00028259,6,103,0.05405,0.05786,0.1,0.02,100,0.16667,0.0,,,-0.03,0.02376,0.00019,0.0,0.00831,0.49357
172,176128,60.63728,213.5,0.83333,0.85,1.036297,-0.001838,0.007577,0.003015,0.224509,0.023804,0.950776,54.645405,15.216509,54.281757,15.549621,4.0,0.00028249,6,126,0.04869,0.05094,0.1,0.02,100,0.0,0.0,,,-0.03,0.02164,-0.00015,0.0,0.00579,0.41857
173,177152,57.87979,124.6,0.8,0.85,1.100974,-0.000578,0.02595,0.003079,0.26564,0.020935,0.800096,54.288879,12.309834,52.894253,14.26926,4.0,0.00028239,5,135,0.04821,0.05261,0.09,0.02,100,0.4,1.0,,,-0.03,0.02382,9e-05,0.0,0.00366,0.30976
174,178176,58.20211,249.85714,0.85714,0.84,0.982896,-0.001157,0.015242,0.001939,0.169327,0.024429,0.570914,56.705036,7.756876,57.177429,7.663408,4.0,0.00028228,7,161,0.05023,0.05427,0.1,0.02,100,0.28571,1.0,,,-0.03,0.02678,-0.00031,0.0,0.00759,0.50599
175,179200,72.11938,156.5,1.0,0.85,0.936322,-0.001231,0.00824,0.003399,0.18768,0.030411,0.802408,58.024567,8.480839,57.454552,8.441023,4.0,0.00028218,2,107,0.05738,0.06191,0.1,0.02,100,0.0,1.0,,,-0.03,0.0198,-0.0004,0.0,0.00588,0.18833
176,180224,69.02703,226.4,1.0,0.85,0.822793,-0.001536,0.010086,0.003121,0.207202,0.039841,0.755239,54.110256,8.191181,54.235287,8.184325,4.0,0.00028208,5,91,0.05657,0.05895,0.1,0.02,100,0.2,1.0,,,-0.03,0.02112,-8e-05,0.0,0.00578,0.52968
177,181248,69.48356,223.8,1.0,0.86,0.823126,-0.00064,0.013812,0.001832,0.130492,0.012085,0.522002,54.942032,6.502168,55.157097,6.929776,4.0,0.00028198,5,93,0.05359,0.05767,0.09,0.02,100,0.2,1.0,,,-0.03,0.02548,1e-05,0.0,-0.00026,0.50566
178,182272,60.77755,202.25,0.875,0.85,0.911241,-0.000872,0.012624,0.002481,0.15349,0.015152,0.589498,56.537731,5.649586,57.644352,6.995422,4.0,0.00028188,8,97,0.05207,0.05549,0.09,0.02,100,0.125,1.0,,,-0.03,0.02657,0.00022,0.0,0.01382,0.62005
179,183296,73.93147,122.66667,1.0,0.85,0.90747,-0.001751,0.007087,0.003205,0.185398,0.040268,0.626851,57.969559,4.259496,58.604912,5.555851,4.0,0.00028177,6,99,0.05331,0.05706,0.09,0.02,100,0.16667,1.0,,,-0.03,0.02799,0.00017,0.0,0.00966,0.53186
180,184320,74.37066,115.6,1.0,0.86,0.937101,-0.000575,0.004009,0.002403,0.168468,0.012436,0.858357,57.72744,5.977241,57.976124,7.125443,4.0,0.00028167,5,91,0.04969,0.05163,0.09,0.02,100,0.2,0.0,,,-0.03,0.02441,-0.00024,0.0,0.01171,0.44972
181,185344,70.82069,177.5,1.0,0.88,0.880771,-0.001616,0.004232,0.003066,0.19353,0.02562,0.920916,55.426323,8.649254,55.160244,9.545742,4.0,0.00028157,4,86,0.05642,0.06004,0.08,0.02,100,0.0,1.0,,,-0.03,0.02179,-0.00073,0.0,0.00616,0.40042
182,186368,58.2578,213.6,0.8,0.88,0.902104,-0.002143,0.004106,0.003588,0.215207,0.037643,0.934386,56.005779,9.450913,55.743546,10.447545,4.0,0.00028147,5,89,0.05416,0.057,0.08,0.01,100,0.0,1.0,,,-0.03,0.0247,-0.00017,0.0,0.00976,0.3761
183,187392,58.67816,213.0,0.8,0.88,0.819591,-0.001358,0.003757,0.002181,0.214705,0.015564,0.957392,53.288872,11.325731,52.7509,12.321328,4.0,0.00028136,5,92,0.05558,0.0587,0.08,0.01,100,0.0,1.0,,,-0.03,0.02339,-0.00034,0.0,0.00812,0.41268
184,188416,54.55966,116.25,0.75,0.87,0.779053,-0.000673,0.016248,0.002142,0.258382,0.012634,0.863256,51.324829,12.874873,49.648712,14.752609,4.0,0.00028126,4,162,0.05421,0.05815,0.08,0.0,100,0.25,0.0,,,-0.03,0.0227,-0.00048,0.0,0.00544,0.31602
185,189440,53.07266,257.875,0.75,0.87,0.808499,-0.001686,0.009723,0.002825,0.148526,0.019302,0.924362,53.063713,13.69484,53.521812,14.535103,4.0,0.00028116,8,203,0.04513,0.04853,0.08,0.0,100,0.125,1.0,,,-0.03,0.02744,0.00068,0.0,0.01105,0.58504
186,190464,60.58686,213.83333,0.83333,0.88,0.858128,-0.001535,0.007001,0.002707,0.136318,0.020782,0.943701,55.33773,14.348336,55.474918,15.007189,4.0,0.00028106,6,259,0.04585,0.04992,0.07,0.0,100,0.16667,1.0,,,-0.03,0.02829,0.00015,0.0,0.00924,0.47764
187,191488,73.63876,122.0,1.0,0.88,0.827624,-0.001369,0.01111,0.002518,0.214808,0.020142,0.79978,55.903088,8.501496,54.693497,9.562407,4.0,0.00028095,4,188,0.06033,0.06514,0.07,0.0,100,0.0,1.0,,,-0.03,0.02394,-6e-05,0.0,0.00259,0.42724
188,192512,54.89107,205.4,0.8,0.88,0.881126,-0.000429,0.017989,0.000967,0.112942,0.003983,0.778065,51.939804,10.590259,51.69017,11.954352,4.0,0.00028085,5,218,0.05596,0.05912,0.07,0.0,100,0.2,1.0,,,-0.03,0.02561,-0.0003,0.0,0.00616,0.38802
189,193536,61.94578,170.75,0.875,0.88,0.9449,-0.000883,0.023803,0.002551,0.14419,0.017975,0.805094,52.587135,12.745652,52.151649,14.683381,4.0,0.00028075,8,259,0.05616,0.06002,0.07,0.0,100,0.125,1.0,,,-0.03,0.02771,5e-05,0.0,0.00823,0.62339
190,194560,63.89179,185.875,0.875,0.88,0.934458,-0.000844,0.012106,0.002581,0.154579,0.015762,0.916017,53.685436,14.923694,54.018475,15.892231,4.0,0.00028065,8,82,0.05875,0.06293,0.07,0.0,100,0.0,0.0,,,-0.03,0.02805,0.00012,0.0,0.00833,0.65015
191,195584,74.09567,119.8,1.0,0.89,0.911239,-0.000759,0.008672,0.002589,0.148209,0.012558,0.884348,54.628029,10.774844,54.46764,11.61867,4.0,0.00028054,5,157,0.06098,0.06605,0.07,0.0,100,0.0,0.0,,,-0.03,0.02877,0.00011,0.0,0.00537,0.47343
192,196608,72.7819,136.57143,1.0,0.9,0.840668,-0.002053,0.00736,0.003669,0.196742,0.04393,0.950546,51.467983,15.253143,52.166763,16.528904,4.0,0.00028044,7,219,0.06341,0.06589,0.06,0.0,100,0.0,1.0,,,-0.03,0.02819,-0.00033,0.0,0.01083,0.71306
193,197632,73.15475,132.6,1.0,0.9,0.81981,-0.001633,0.003779,0.002818,0.177122,0.02446,0.983959,50.302876,20.245548,51.02224,21.390755,4.0,0.00028034,5,268,0.05844,0.06129,0.06,0.0,100,0.0,1.0,,,-0.03,0.02856,6e-05,0.0,0.01135,0.51226
194,198656,47.29354,210.16667,0.66667,0.88,0.905175,0.000152,0.016843,0.004536,0.356668,0.068222,0.931136,52.970291,20.882303,52.05011,22.387329,4.0,0.00028024,6,304,0.05456,0.05904,0.07,0.0,100,0.33333,1.0,,,-0.03,0.02873,-0.00017,0.0,0.00418,0.37234
195,199680,61.48228,210.28571,0.85714,0.88,1.024574,-0.000672,0.016404,0.00364,0.197062,0.03569,0.791747,60.043041,12.329222,60.52351,11.995768,4.0,0.00028013,7,282,0.05624,0.05965,0.08,0.0,100,0.14286,0.0,,,-0.03,0.02562,-0.00032,0.0,0.01067,0.52216
196,200704,74.34168,121.25,1.0,0.88,0.910043,-0.001343,0.018864,0.002154,0.357787,0.014496,0.773075,56.333515,11.144949,53.767693,11.792589,4.0,0.00028003,4,327,0.06236,0.07036,0.08,0.0,100,0.0,1.0,,,-0.03,0.02423,-0.0005,0.0,-0.00016,0.40174
197,201728,46.27187,158.0,0.66667,0.86,0.944784,-0.000983,0.020933,0.002026,0.155398,0.016113,0.768438,51.739716,11.569346,51.445419,12.669952,4.0,0.00027993,6,270,0.05464,0.05846,0.08,0.0,100,0.5,0.0,,,-0.03,0.02638,-0.00029,0.0,0.00354,0.38195
198,202752,70.24437,198.66667,1.0,0.86,0.870148,-0.001745,0.011452,0.002687,0.153812,0.021103,0.902141,50.533218,14.005221,50.918674,14.750476,4.0,0.00027983,6,293,0.05167,0.05531,0.08,0.0,100,0.0,0.0,,,-0.03,0.02628,4e-05,0.0,0.0092,0.60044
199,203776,59.51371,145.16667,0.83333,0.86,0.830277,-0.001578,0.018469,0.001938,0.182015,0.009247,0.90037,48.861794,17.812449,47.916328,19.503487,4.0,0.00027972,6,316,0.05172,0.05573,0.07,0.0,100,0.16667,1.0,,,-0.03,0.02721,-9e-05,0.0,0.00398,0.53081
200,204800,60.44454,216.33333,0.83333,0.86,0.870328,-0.001681,0.012319,0.003038,0.162163,0.02095,0.927003,50.724861,16.328922,50.955364,17.301922,4.0,0.00027962,6,312,0.04664,0.05104,0.07,0.0,100,0.16667,1.0,,,-0.03,0.02853,0.00045,0.0,0.0069,0.47675
201,205824,46.72866,224.83333,0.66667,0.86,0.684146,-0.000599,0.034045,0.002105,0.274884,0.022812,0.850544,47.964119,18.527124,46.556374,20.203417,4.0,0.00027952,6,325,0.0472,0.05488,0.07,0.0,100,0.33333,1.0,,,-0.03,0.02776,-0.00019,0.0,-0.0046,0.49089
202,206848,52.7587,157.0,0.75,0.85,0.964974,-0.001355,0.035944,0.003359,0.176682,0.019531,0.572125,53.630196,11.614442,53.490723,12.512989,4.0,0.00027942,8,287,0.04427,0.04881,0.06,0.0,100,0.375,1.0,,,-0.03,0.02825,-3e-05,0.0,0.00505,0.50281
203,207872,61.00664,147.14286,0.85714,0.85,0.906574,-0.001299,0.028229,0.003263,0.153724,0.022598,0.538198,53.731377,7.545879,53.615623,10.429049,4.0,0.00027932,7,265,0.04678,0.05311,0.05,0.0,100,0.28571,1.0,,,-0.03,0.02823,0.00023,0.0,0.0026,0.55535
204,208896,72.19813,155.0,1.0,0.86,0.964696,-0.00096,0.019203,0.002176,0.168559,0.015167,0.656251,53.459316,8.947893,53.61301,10.263423,4.0,0.00027921,3,283,0.05192,0.05711,0.05,0.0,100,0.0,1.0,,,-0.03,0.02818,0.00012,0.0,0.00415,0.25429
205,209920,62.1343,154.25,0.875,0.86,0.929644,-0.001565,0.022536,0.00298,0.159113,0.025131,0.655006,53.330086,9.76018,54.127846,10.817166,4.0,0.00027911,8,305,0.04897,0.05436,0.05,0.0,100,0.25,0.0,,,-0.03,0.02868,0.00011,0.0,0.00236,0.60484
206,210944,61.83632,153.0,0.85714,0.86,0.806333,-0.001172,0.014117,0.001779,0.10228,0.016281,0.76246,55.551785,8.410302,55.885845,10.95945,4.0,0.00027901,7,320,0.04083,0.04445,0.04,0.0,100,0.14286,1.0,,,-0.03,0.02925,0.00041,0.0,0.00887,0.59087
207,211968,73.14738,133.83333,1.0,0.86,0.787048,-0.002167,0.008204,0.002956,0.159263,0.025177,0.798992,57.556339,8.262396,57.916908,8.827826,4.0,0.00027891,6,301,0.04535,0.05047,0.04,0.0,100,0.0,1.0,,,-0.03,0.0282,0.00024,0.0,0.00685,0.60951
208,212992,70.12252,207.66667,1.0,0.86,0.840443,-0.000964,0.013929,0.001968,0.136228,0.013306,0.724514,59.612572,9.94374,60.42627,9.775871,4.0,0.0002788,6,298,0.04379,0.04906,0.04,0.0,100,0.0,1.0,,,-0.03,0.02721,3e-05,0.0,0.00601,0.53779
209,214016,56.95115,149.8,0.8,0.85,1.057532,-0.000748,0.007007,0.002207,0.158896,0.00975,0.748726,65.950935,7.027855,65.385681,7.468237,4.0,0.0002787,5,318,0.04887,0.05172,0.04,0.0,100,0.2,1.0,,,-0.03,0.01973,-0.00014,0.0,0.00845,0.33078
210,215040,69.15876,227.75,1.0,0.85,0.96507,-0.001731,0.00598,0.003753,0.213796,0.03157,0.776778,61.751366,6.573497,61.093948,6.906645,4.0,0.0002786,4,226,0.0479,0.05191,0.04,0.0,100,0.25,1.0,,,-0.03,0.02329,-6e-05,0.0,0.00749,0.33131
211,216064,69.88647,208.6,1.0,0.87,0.905926,-0.00139,0.00463,0.002495,0.162152,0.023438,0.897755,59.795116,9.05854,59.330658,9.051267,4.0,0.0002785,5,350,0.05087,0.05357,0.03,0.0,100,0.2,1.0,,,-0.03,0.01968,-0.00041,0.0,0.00519,0.45999
212,217088,68.96836,223.4,1.0,0.88,0.835205,-0.001582,0.011955,0.002697,0.188068,0.01976,0.691143,57.719437,7.938877,56.666206,8.408655,4.0,0.00027839,5,352,0.04849,0.05524,0.02,0.0,100,0.6,1.0,,,-0.03,0.02135,-0.00014,0.0,0.00092,0.45303
213,218112,69.22476,210.0,1.0,0.88,0.754413,-0.000817,0.006549,0.001733,0.194752,0.016769,0.887117,53.627178,10.02669,52.871174,10.225159,4.0,0.00027829,2,397,0.04483,0.04832,0.02,0.0,100,1.0,1.0,,,-0.03,0.01837,-0.00028,0.0,0.00307,0.2175
214,219136,43.48587,377.33333,0.66667,0.87,0.82161,-0.001635,0.00525,0.003321,0.21833,0.033951,0.928074,52.358437,10.936853,51.609962,11.271548,4.0,0.00027819,3,366,0.04122,0.04288,0.03,0.0,100,0.66667,1.0,,,-0.03,0.01823,3e-05,0.0,0.00786,0.20258
215,220160,68.47805,262.0,1.0,0.87,0.936146,-0.001597,0.0031,0.003182,0.257352,0.031357,0.964785,50.873596,11.551557,49.559849,11.751623,4.0,0.00027809,1,419,0.04575,0.0478,0.03,0.0,100,0.0,0.0,,,-0.03,0.01215,-0.00031,0.0,0.00729,0.0981
216,221184,50.48762,325.5,0.75,0.88,0.952506,-0.000819,0.007418,0.003426,0.274813,0.041672,0.936738,45.240711,13.286595,44.433918,14.434078,4.0,0.00027798,4,397,0.04111,0.04242,0.04,0.0,100,0.5,1.0,,,-0.03,0.01486,-0.00035,0.0,0.00172,0.29038
217,222208,17.75265,511.33333,0.33333,0.86,1.024041,-0.001411,0.003836,0.001842,0.237241,0.011795,0.946012,50.803295,10.638055,49.749752,10.763758,4.0,0.00027788,3,360,0.04084,0.04381,0.06,0.0,100,0.66667,1.0,,,-0.03,0.01798,-0.00049,0.0,0.00858,0.07968
218,223232,-7.20385,600.0,0.0,0.85,0.980146,-0.000581,0.001797,0.003533,0.423403,0.041382,0.950128,50.339962,6.108976,48.59639,6.073997,4.0,0.00027778,1,388,0.04081,0.04279,0.07,0.0,100,0.0,1.0,,,-0.03,0.01098,-0.00017,0.0,0.00207,0.0
219,224256,64.37365,344.5,1.0,0.85,0.976409,-0.000926,0.009072,0.002473,0.21876,0.018188,0.680757,44.0252,6.460182,43.142673,7.049971,4.0,0.00027768,2,389,0.0327,0.03514,0.07,0.0,100,0.0,1.0,,,-0.03,0.01067,-0.00018,0.0,0.00101,0.18561
220,225280,64.92066,339.0,1.0,0.85,0.921976,-0.002174,0.004503,0.002295,0.271581,0.0242,0.921398,39.036716,9.221858,37.906662,9.819214,4.0,0.00027757,1,386,0.03456,0.03678,0.07,0.0,100,0.0,0.0,,,-0.03,0.01085,-0.00011,0.0,0.00382,0.09881
221,226304,8.21704,598.75,0.25,0.83,0.863851,-0.001616,0.007232,0.003142,0.240389,0.034286,0.910896,37.755722,11.717539,36.947838,11.878778,4.0,0.00027747,4,409,0.02833,0.03013,0.1,0.0,100,0.0,1.0,,,-0.03,0.01455,0.00043,0.0,0.00622,0.09159
222,227328,72.03536,160.5,1.0,0.83,0.91916,-0.001947,0.008362,0.003543,0.22193,0.038116,0.908239,39.270927,11.676627,38.912422,12.679075,4.0,0.00027737,2,386,0.03413,0.03653,0.1,0.0,100,0.0,0.0,,,-0.03,0.01579,-3e-05,0.0,0.0063,0.20326
223,228352,32.23519,406.75,0.5,0.82,1.036687,-0.000871,0.007892,0.002945,0.243678,0.024933,0.896286,38.995247,10.712572,38.525166,11.761459,4.0,0.00027727,4,367,0.03366,0.0355,0.11,0.0,100,0.25,1.0,,,-0.03,0.01502,0.00037,0.0,0.00252,0.17941
224,229376,17.86157,490.66667,0.33333,0.8,1.006997,-0.001089,0.006247,0.003434,0.250042,0.030869,0.886562,41.184284,9.380754,40.348515,9.902133,4.0,0.00027716,3,396,0.0333,0.03566,0.13,0.0,100,0.0,1.0,,,-0.03,0.01604,0.00037,0.0,0.00479,0.08924
225,230400,68.54952,235.0,1.0,0.81,0.945191,-0.001461,0.021455,0.003329,0.286011,0.040466,0.57587,41.025871,7.577187,42.520973,9.608201,4.0,0.00027706,5,403,0.03576,0.03823,0.13,0.0,100,0.6,1.0,,,-0.03,0.01772,0.00013,0.0,0.00705,0.4718
226,231424,73.69569,132.0,1.0,0.82,1.047681,-0.00084,0.006997,0.003613,0.287083,0.041992,0.906884,41.095604,10.366719,40.856949,11.704145,4.0,0.00027696,2,367,0.03813,0.0397,0.12,0.0,100,0.0,1.0,,,-0.03,0.01523,0.00022,0.0,0.0079,0.18112
227,232448,46.71164,310.33333,0.66667,0.83,1.020225,-0.001616,0.008679,0.002882,0.238231,0.026443,0.904647,38.23344,11.50156,37.516037,12.828568,4.0,0.00027686,3,388,0.03368,0.03686,0.13,0.0,100,0.0,1.0,,,-0.03,0.01704,-7e-05,0.0,0.0015,0.18089
228,233472,32.54653,272.25,0.5,0.81,0.978506,-0.001588,0.011634,0.003643,0.194774,0.039825,0.888262,36.415009,12.128393,35.86525,13.878384,4.0,0.00027676,4,377,0.03575,0.03946,0.14,0.0,100,0.75,1.0,,,-0.03,0.01644,-6e-05,0.0,0.00201,0.18345
229,234496,32.06228,378.5,0.5,0.79,0.862031,-0.001229,0.00865,0.004167,0.237245,0.050125,0.942563,35.019363,15.456439,34.958595,16.776197,4.0,0.00027665,4,356,0.03188,0.03479,0.16,0.0,100,0.25,1.0,,,-0.03,0.01782,8e-05,0.0,0.00562,0.20745
230,235520,46.13355,225.83333,0.66667,0.78,0.926282,-0.001258,0.02725,0.003926,0.19538,0.036835,0.732818,44.192444,11.394028,44.902328,13.627269,4.0,0.00027655,6,333,0.02755,0.03144,0.17,0.0,100,0.33333,1.0,,,-0.03,0.02729,7e-05,0.0,0.00932,0.34459
231,236544,73.98521,125.16667,1.0,0.79,0.979683,-0.001376,0.012224,0.003081,0.251169,0.020386,0.899647,45.366848,13.017692,46.735645,14.874575,4.0,0.00027645,6,355,0.03007,0.03288,0.17,0.0,100,0.0,1.0,,,-0.03,0.02595,0.00028,0.0,0.01081,0.51196
232,237568,60.51449,235.71429,0.85714,0.78,0.875199,-0.001191,0.018868,0.00215,0.201849,0.012421,0.803882,45.891682,12.701867,47.338699,13.505862,4.0,0.00027635,7,351,0.03338,0.03843,0.18,0.0,100,0.14286,1.0,,,-0.03,0.02787,-0.0008,0.0,0.00289,0.53735
233,238592,62.13462,146.5,0.875,0.78,0.898565,-0.001835,0.02572,0.003231,0.25209,0.025879,0.468456,50.829876,6.290683,52.703911,9.460963,4.0,0.00027624,8,330,0.03187,0.03741,0.18,0.0,100,0.5,0.0,,,-0.03,0.02855,-0.00075,0.0,0.00278,0.59669
234,239616,72.00419,148.28571,1.0,0.79,0.932905,-0.00113,0.015314,0.001342,0.20828,0.005493,0.468039,54.079208,7.860235,56.042046,7.63887,4.0,0.00027614,7,336,0.03304,0.03772,0.18,0.0,100,0.14286,1.0,,,-0.03,0.02679,-0.0006,0.0,0.00854,0.61604
235,240640,72.1768,145.83333,1.0,0.79,0.916068,-0.001355,0.007286,0.001863,0.21993,0.015213,0.69208,55.65155,6.188582,57.123135,6.55404,4.0,0.00027604,6,359,0.03119,0.03713,0.18,0.0,100,0.0,1.0,,,-0.03,0.02991,-0.00039,0.0,-5e-05,0.51697
236,241664,58.9187,164.33333,0.83333,0.78,0.689881,-0.000943,0.022495,0.002146,0.157675,0.025742,0.539848,55.770206,6.934803,55.010521,9.686995,4.0,0.00027594,6,357,0.0362,0.04358,0.18,0.0,100,0.33333,1.0,,,-0.03,0.02598,-0.00016,0.0,0.00172,0.57974
237,242688,54.67807,139.25,0.75,0.77,0.854292,-0.000706,0.019023,0.002481,0.179768,0.009033,0.707826,55.808548,8.830776,55.145481,11.051448,4.0,0.00027583,4,361,0.03274,0.03709,0.18,0.0,100,0.25,0.0,,,-0.03,0.02645,-0.00042,0.0,0.00929,0.28767
238,243712,71.30205,151.25,1.0,0.77,0.789691,-0.001225,0.009565,0.001605,0.138379,0.013535,0.885443,52.208652,11.372843,52.46497,12.242221,4.0,0.00027573,4,366,0.03604,0.04121,0.18,0.0,100,0.25,1.0,,,-0.03,0.02637,-0.00026,0.0,0.00517,0.42962
239,244736,50.03954,178.8,0.7,0.77,0.853974,-0.00118,0.040288,0.002865,0.277417,0.021317,0.66733,52.487892,12.432353,50.573101,15.336719,4.0,0.00027563,10,329,0.03439,0.04097,0.16,0.0,100,0.4,1.0,,,-0.03,0.02954,0.00017,0.0,-0.00067,0.65618
240,245760,54.12499,239.25,0.75,0.78,0.892626,-0.001062,0.019378,0.002671,0.148308,0.008682,0.768034,50.512287,12.349195,50.738297,12.578914,4.0,0.00027553,4,274,0.03913,0.04424,0.15,0.0,100,0.0,1.0,,,-0.03,0.02694,-0.00031,0.0,0.00625,0.28181
241,246784,58.54433,165.5,0.83333,0.8,0.808853,-0.000842,0.023965,0.001298,0.183075,0.008636,0.714006,51.354294,9.732058,50.557529,12.058711,4.0,0.00027542,6,340,0.03622,0.04161,0.12,0.0,100,0.5,1.0,,,-0.03,0.02313,-0.0002,0.0,-0.00053,0.53301
242,247808,54.35106,165.75,0.75,0.8,0.872695,-0.001048,0.012778,0.001555,0.129225,0.015045,0.852573,50.771088,10.964417,50.98188,12.948879,4.0,0.00027532,4,349,0.03291,0.03611,0.11,0.0,100,0.25,0.0,,,-0.03,0.02529,-0.00013,0.0,0.01174,0.28894
243,248832,58.10587,235.0,0.8,0.82,0.818418,-0.002132,0.004178,0.003325,0.281258,0.039185,0.960751,48.770824,14.364385,49.145485,15.540288,4.0,0.00027522,5,360,0.03592,0.03795,0.09,0.0,100,0.2,1.0,,,-0.03,0.0238,9e-05,0.0,0.01363,0.42375
244,249856,71.30495,185.5,1.0,0.82,0.883265,-0.001023,0.010591,0.002374,0.124619,0.017105,0.84641,51.758404,10.840872,51.800606,11.136458,4.0,0.00027512,4,336,0.04038,0.04442,0.09,0.0,100,0.0,1.0,,,-0.03,0.0223,-0.00052,0.0,0.00404,0.39782
245,250880,60.42357,239.71429,0.85714,0.84,0.948917,-0.00122,0.007623,0.003399,0.188134,0.022537,0.924062,52.341774,12.307338,53.385483,13.504326,4.0,0.00027501,7,338,0.03314,0.03487,0.08,0.0,100,0.14286,1.0,,,-0.03,0.02612,0.00054,0.0,0.01357,0.5339
246,251904,74.01591,120.0,1.0,0.87,0.957878,-0.001711,0.005898,0.003211,0.204486,0.027145,0.876168,57.107231,8.127263,58.341316,9.41321,4.0,0.00027491,8,330,0.0308,0.0346,0.05,0.0,100,0.0,1.0,,,-0.03,0.02891,0.00034,0.0,0.01132,0.66297
247,252928,74.21416,115.75,1.0,0.88,0.958361,-0.001557,0.003715,0.002777,0.18638,0.023285,0.955726,56.402672,11.867846,57.324097,13.08471,4.0,0.00027481,8,314,0.03186,0.03443,0.05,0.0,100,0.125,1.0,,,-0.03,0.02822,0.0004,0.0,0.01207,0.6433
248,253952,62.74438,186.14286,0.85714,0.88,0.921576,-0.001012,0.004882,0.003752,0.216623,0.026245,0.915844,59.300049,9.935609,59.991821,10.605857,4.0,0.00027471,7,185,0.03288,0.03659,0.05,0.0,100,0.0,1.0,,,-0.03,0.0292,0.00021,0.0,0.01037,0.47786
249,254976,73.4166,127.625,1.0,0.89,0.899717,-0.001941,0.006696,0.003596,0.23516,0.039139,0.898589,59.150135,10.32876,59.726494,11.055459,4.0,0.0002746,8,273,0.03077,0.03585,0.05,0.0,100,0.375,1.0,,,-0.03,0.02774,0.00012,0.0,0.00668,0.67943
250,256000,61.39211,111.5,0.83333,0.88,0.925674,-0.000771,0.012428,0.001376,0.139184,0.009277,0.892297,58.860779,13.392962,58.528427,14.95065,4.0,0.0002745,6,249,0.02798,0.03209,0.05,0.0,100,0.16667,1.0,,,-0.03,0.02795,0.00067,0.0,0.0109,0.41546
251,257024,63.80888,192.88889,0.88889,0.87,0.955039,-0.002294,0.006037,0.002457,0.152221,0.025497,0.951725,59.992393,15.332874,60.381638,15.759531,4.0,0.0002744,9,182,0.02569,0.02832,0.06,0.0,100,0.11111,1.0,,,-0.03,0.02683,0.0001,0.0,0.0139,0.63588
252,258048,73.13876,127.42857,1.0,0.89,0.843116,-0.000902,0.006056,0.002533,0.157885,0.024277,0.507062,64.134079,5.334723,64.701157,4.846563,4.0,0.0002743,7,216,0.02289,0.02796,0.06,0.0,100,0.28571,1.0,,,-0.03,0.03127,-0.00026,0.0,0.00826,0.58498
253,259072,73.29821,130.875,1.0,0.89,0.830448,-0.001191,0.006575,0.00264,0.133848,0.016937,0.515973,64.753227,5.772798,65.160461,5.223853,4.0,0.0002742,8,198,0.02214,0.02699,0.06,0.0,100,0.125,0.0,,,-0.03,0.03035,-5e-05,0.0,0.01166,0.66702
254,260096,72.5175,141.25,1.0,0.92,0.825963,-0.001316,0.003316,0.003451,0.23968,0.038757,0.60211,65.064888,4.349179,65.549622,4.022686,4.0,0.00027409,8,215,0.0269,0.03202,0.05,0.0,100,0.25,1.0,,,-0.03,0.02812,0.0004,0.0,0.0076,0.68255
255,261120,60.81174,130.66667,0.83333,0.92,0.861964,-0.000129,0.022173,0.002206,0.229032,0.016571,0.343869,66.559288,3.946935,65.15239,8.149441,4.0,0.00027399,6,202,0.02444,0.0302,0.04,0.0,100,0.33333,1.0,,,-0.03,0.02931,0.00046,0.0,0.0085,0.42316
256,262144,73.07454,138.71429,1.0,0.94,0.869146,-0.001411,0.006035,0.002474,0.191289,0.019409,0.400357,64.578896,4.524101,64.657776,4.374105,4.0,0.00027389,7,187,0.02549,0.02953,0.04,0.0,100,0.28571,1.0,,,-0.03,0.02795,0.00075,0.0,0.0118,0.60138
257,263168,71.99119,157.125,1.0,0.95,0.874594,-0.000652,0.006248,0.002381,0.144045,0.015274,0.287781,64.03891,4.200226,64.098701,4.179512,4.0,0.00027379,8,82,0.02902,0.03438,0.03,0.0,100,0.125,1.0,,,-0.03,0.02765,0.00032,0.0,0.00751,0.69946
258,264192,51.94025,126.42857,0.71429,0.93,0.84422,-0.000873,0.030162,0.002248,0.307353,0.012131,0.467029,63.467445,4.648011,60.864773,11.090495,4.0,0.00027368,7,80,0.0289,0.03511,0.03,0.0,100,0.42857,1.0,,,-0.03,0.03018,0.0006,0.0,0.00447,0.43814
259,265216,72.31418,144.71429,1.0,0.94,0.931931,-0.001607,0.010702,0.002836,0.19504,0.023376,-0.129195,61.760338,5.254164,62.048912,4.471772,4.0,0.00027358,7,145,0.03025,0.03504,0.02,0.0,100,0.28571,1.0,,,-0.03,0.02784,7e-05,0.0,0.00986,0.58244
260,266240,72.267,147.4,1.0,0.94,0.972092,-0.00166,0.004957,0.003367,0.174084,0.031433,0.481239,62.353485,4.516297,62.323067,4.417936,4.0,0.00027348,5,74,0.03777,0.04265,0.02,0.0,100,0.2,1.0,,,-0.03,0.02509,0.00048,0.0,0.01078,0.43018
261,267264,72.35998,153.85714,1.0,0.94,0.994891,-0.001511,0.003531,0.002518,0.14037,0.030548,0.482383,62.628574,3.433432,62.688347,3.693085,4.0,0.00027338,7,76,0.03833,0.04304,0.02,0.0,100,0.14286,1.0,,,-0.03,0.02697,0.00032,0.0,0.00643,0.57122
262,268288,71.70288,166.5,1.0,0.95,0.813503,-0.001672,0.004307,0.003193,0.179375,0.031067,0.763761,60.879784,5.284847,60.361538,5.80785,4.0,0.00027327,4,85,0.04941,0.05516,0.01,0.0,100,0.25,0.0,,,-0.03,0.02341,0.00043,0.0,0.00802,0.41578
263,269312,59.40452,151.83333,0.83333,0.94,0.729481,-0.000453,0.019825,0.002142,0.288181,0.019226,0.702552,57.141647,8.526154,55.251701,11.165174,4.0,0.00027317,6,92,0.04641,0.05344,0.01,0.0,100,0.16667,0.0,,,-0.03,0.02358,0.00032,0.0,0.00192,0.58588
264,270336,69.23623,232.57143,1.0,0.95,0.947114,-0.000853,0.01525,0.003056,0.171011,0.028046,0.335475,56.31052,8.189904,56.981808,7.274736,4.0,0.00027307,7,89,0.04419,0.0498,0.01,0.0,100,0.42857,1.0,,,-0.03,0.02805,0.00069,0.0,0.00483,0.61521
265,271360,47.62083,135.33333,0.66667,0.93,1.046714,-0.000565,0.025503,0.003307,0.11399,0.015823,0.442501,57.570587,4.59624,57.087639,9.390087,4.0,0.00027297,6,91,0.05008,0.05453,0.01,0.0,100,0.33333,0.0,,,-0.03,0.02856,0.00035,0.0,0.00909,0.32067
266,272384,72.82866,138.0,1.0,0.94,1.101535,-0.001978,0.006707,0.002734,0.187273,0.021866,0.490775,58.393215,4.401036,59.126495,5.021674,4.0,0.00027286,7,95,0.05905,0.06197,0.0,0.0,100,0.28571,1.0,,,-0.03,0.0262,0.00033,0.0,0.01078,0.57255
267,273408,62.6203,151.5,0.875,0.93,1.145735,-0.001245,0.019123,0.002973,0.174233,0.02977,0.583998,58.754501,5.558749,58.38921,9.351408,4.0,0.00027276,8,97,0.06598,0.07043,0.0,0.0,100,0.125,1.0,,,-0.03,0.0272,2e-05,0.0,0.00468,0.56175
268,274432,72.19845,159.8,1.0,0.93,1.158406,-0.001,0.009204,0.003259,0.189219,0.036179,0.680521,58.111439,7.509522,58.077015,7.38783,4.0,0.00027266,5,106,0.07788,0.0818,0.0,0.0,100,0.0,1.0,,,-0.03,0.02292,-0.00038,0.0,0.00798,0.43007
269,275456,70.95076,174.5,1.0,0.93,1.024572,-0.002026,0.005528,0.003271,0.177789,0.027802,0.827522,56.936703,7.050963,57.636856,7.755166,4.0,0.00027256,6,99,0.08203,0.08541,0.0,0.0,100,0.0,1.0,,,-0.03,0.02442,-0.00069,0.0,0.00679,0.54818
270,276480,71.37735,162.8,1.0,0.93,1.010465,-0.001568,0.003786,0.002871,0.188212,0.021103,0.939475,56.057583,10.318616,56.033081,11.20491,4.0,0.00027245,5,105,0.09602,0.09938,0.0,0.0,100,0.0,1.0,,,-0.03,0.01725,-0.00114,0.0,0.00572,0.47789
271,277504,70.92591,177.75,1.0,0.94,0.998498,-0.002518,0.00383,0.004684,0.176214,0.05777,0.962549,51.931389,13.182513,51.928169,14.165637,4.0,0.00027235,4,109,0.08634,0.09051,0.0,0.0,100,0.25,0.0,,,-0.03,0.02111,-0.0009,0.0,0.00315,0.35755
272,278528,59.11054,232.5,0.83333,0.93,1.069482,-0.001778,0.004885,0.002426,0.172015,0.025467,0.953982,54.497532,13.378359,54.409233,14.139098,4.0,0.00027225,6,96,0.08327,0.08701,0.01,0.0,100,0.16667,1.0,,,-0.03,0.02435,-0.00048,0.0,0.00494,0.40997
273,279552,59.16174,157.0,0.83333,0.92,1.039705,-0.001228,0.021274,0.002784,0.127122,0.020782,0.865861,54.580978,15.837866,54.246162,17.450008,4.0,0.00027215,6,98,0.08607,0.08862,0.01,0.0,100,0.5,1.0,,,-0.03,0.02305,-0.0012,0.0,0.00659,0.42539
274,280576,49.27771,273.0,0.75,0.91,0.99126,-0.001449,0.005219,0.002797,0.196451,0.026672,0.967292,55.82811,16.969254,55.500076,17.296537,4.0,0.00027204,4,107,0.08054,0.08448,0.02,0.0,100,0.25,1.0,,,-0.03,0.01849,-0.00091,0.0,0.00584,0.28057
275,281600,68.91046,229.5,1.0,0.92,1.057845,-0.001364,0.004881,0.003064,0.13726,0.024826,0.739388,62.32336,6.36712,62.470245,6.101854,4.0,0.00027194,4,125,0.06215,0.06464,0.02,0.0,100,0.0,1.0,,,-0.03,0.02361,-0.00091,0.0,0.00833,0.3263
276,282624,70.9362,187.0,1.0,0.93,0.997378,-0.001071,0.005326,0.002309,0.209842,0.020554,0.855353,60.468288,7.556189,59.330666,8.120964,4.0,0.00027184,6,104,0.06773,0.07228,0.02,0.0,100,0.0,1.0,,,-0.03,0.02063,-0.00082,0.0,0.00072,0.55059
277,283648,58.74049,213.28571,0.85714,0.92,0.906534,-0.000462,0.013723,0.002147,0.115013,0.014206,0.447495,58.556686,5.774321,58.880081,6.898005,4.0,0.00027174,7,174,0.07488,0.08041,0.02,0.0,100,0.57143,1.0,,,-0.03,0.02641,-0.00089,0.0,0.00552,0.55227
278,284672,58.8424,153.33333,0.83333,0.91,0.861706,-0.000251,0.019828,0.002035,0.15451,0.010773,0.530871,57.917404,6.020963,57.099575,9.259989,4.0,0.00027164,6,189,0.07056,0.0762,0.02,0.0,100,0.33333,0.0,,,-0.03,0.02643,-0.00124,0.0,0.00248,0.49185
279,285696,72.96951,134.33333,1.0,0.91,0.962422,-0.001203,0.004391,0.002058,0.164561,0.01712,0.88425,58.09557,8.116431,58.630222,8.923103,4.0,0.00027153,6,219,0.07592,0.07889,0.02,0.0,100,0.0,1.0,,,-0.03,0.026,-0.00085,0.0,0.00925,0.55429
280,286720,69.97187,213.875,1.0,0.92,0.959679,-0.001343,0.0106,0.002226,0.21926,0.018845,0.717058,57.148354,9.329847,58.732445,8.602428,4.0,0.00027143,8,224,0.07242,0.07542,0.02,0.0,100,0.375,1.0,,,-0.03,0.02706,-0.00096,0.0,0.00944,0.70565
281,287744,73.33458,132.66667,1.0,0.92,0.994107,-0.001657,0.004602,0.002712,0.175761,0.022537,0.7513,59.970245,5.299965,59.789219,5.83481,4.0,0.00027133,3,226,0.07326,0.08015,0.02,0.0,100,0.33333,0.0,,,-0.03,0.02556,-0.00012,0.0,0.00439,0.26731
282,288768,71.84779,157.2,1.0,0.93,0.947674,-0.001666,0.003927,0.002602,0.154206,0.02475,0.804292,60.195328,5.773679,60.286205,6.147317,4.0,0.00027123,5,180,0.07542,0.07834,0.02,0.0,100,0.4,0.0,,,-0.03,0.02537,-0.00111,0.0,0.008,0.46254
283,289792,70.62272,181.33333,1.0,0.94,0.872511,-0.001109,0.003001,0.001696,0.134209,0.012268,0.897363,59.191238,6.697874,59.308022,7.470585,4.0,0.00027112,6,267,0.07397,0.079,0.02,0.0,100,0.33333,1.0,,,-0.03,0.02414,-0.00098,0.0,0.00547,0.59898
284,290816,68.91782,228.0,1.0,0.94,0.920954,-0.000819,0.004775,0.002361,0.113484,0.018753,0.781371,60.138878,6.992104,60.350407,6.540967,4.0,0.00027102,4,285,0.07125,0.0748,0.02,0.0,100,0.5,0.0,,,-0.03,0.02597,-0.00098,0.0,0.00462,0.36777
285,291840,52.63858,146.0,0.75,0.93,0.838086,-0.001144,0.013425,0.002706,0.209309,0.036209,0.714368,59.325127,6.993544,57.831696,9.852159,4.0,0.00027092,4,319,0.0825,0.08857,0.02,0.0,100,0.5,1.0,,,-0.03,0.02024,-0.00136,0.0,0.00202,0.31709
286,292864,59.45618,226.83333,0.83333,0.93,0.924622,-0.001278,0.004194,0.002239,0.187935,0.009399,0.922396,56.93903,8.918124,56.491596,9.695066,4.0,0.00027082,6,344,0.07664,0.07931,0.03,0.0,100,0.33333,1.0,,,-0.03,0.02326,-0.00111,0.0,0.00365,0.49256
287,293888,44.11188,318.0,0.66667,0.92,0.881325,-0.001276,0.006438,0.002608,0.173043,0.024139,0.803459,57.101269,7.997822,56.485638,8.229857,4.0,0.00027071,3,299,0.08106,0.08756,0.04,0.0,100,0.66667,1.0,,,-0.03,0.01956,-0.00138,0.0,-0.00028,0.2075
288,294912,54.87127,282.0,0.8,0.91,0.808984,-0.001467,0.006959,0.00278,0.21281,0.034637,0.842969,56.398026,8.839456,55.871006,9.143456,4.0,0.00027061,5,289,0.07681,0.08214,0.05,0.0,100,0.0,1.0,,,-0.03,0.02199,-0.00033,0.0,0.00035,0.42054
289,295936,71.51357,165.5,1.0,0.91,0.822109,-0.001854,0.002767,0.003056,0.229843,0.032883,0.888481,56.577602,6.21735,56.419998,6.861812,4.0,0.00027051,4,345,0.06706,0.07106,0.05,0.0,100,0.0,0.0,,,-0.03,0.02477,-0.00041,0.0,0.00942,0.41441
290,296960,59.97997,208.625,0.875,0.91,0.912276,-0.000679,0.02411,0.002614,0.146033,0.017593,0.359161,56.325993,6.152323,55.82634,8.703598,4.0,0.00027041,8,312,0.05668,0.06298,0.04,0.0,100,0.375,1.0,,,-0.03,0.02915,-0.00037,0.0,-0.00231,0.61222
291,297984,57.87978,142.2,0.8,0.9,0.856872,-0.001117,0.019925,0.001371,0.168197,0.005432,0.50851,56.82988,5.442232,56.065689,8.738641,4.0,0.0002703,5,311,0.06076,0.06518,0.04,0.0,100,0.2,1.0,,,-0.03,0.02553,-0.00105,0.0,0.00838,0.39529
292,299008,71.48779,165.0,1.0,0.91,0.833825,-0.001052,0.008402,0.001365,0.160016,0.008331,0.670203,54.941658,5.668388,55.412361,7.01318,4.0,0.0002702,6,339,0.06143,0.06581,0.04,0.0,100,0.5,1.0,,,-0.03,0.02721,-0.00102,0.0,0.00595,0.61094
293,300032,71.15642,178.33333,1.0,0.92,0.90471,-0.001441,0.00614,0.00267,0.20754,0.017853,0.832057,55.534859,7.462932,56.815762,8.323038,4.0,0.0002701,6,325,0.05661,0.06024,0.03,0.0,100,0.33333,1.0,,,-0.03,0.02681,-0.0006,0.0,0.01065,0.54845
294,301056,73.18757,132.2,1.0,0.92,0.887428,-0.002766,0.003865,0.002813,0.185451,0.030823,0.930588,56.955284,9.665953,57.37323,10.404025,4.0,0.00027,5,324,0.04988,0.05383,0.03,0.0,100,0.0,1.0,,,-0.03,0.02588,-0.00047,0.0,0.00843,0.46411
295,302080,60.13409,214.5,0.83333,0.92,0.896315,-0.001743,0.003709,0.002764,0.151033,0.021744,0.910024,58.534405,8.412662,59.018822,8.90084,4.0,0.00026989,6,328,0.04968,0.05339,0.04,0.0,100,0.33333,0.0,,,-0.03,0.02738,-8e-05,0.0,0.00579,0.44419
296,303104,73.08293,133.14286,1.0,0.92,0.925619,-0.002365,0.002689,0.003608,0.252841,0.039551,0.896858,60.338318,6.292789,61.0172,7.123941,4.0,0.00026979,7,327,0.04825,0.05115,0.04,0.0,100,0.14286,0.0,,,-0.03,0.02737,0.00024,0.0,0.01344,0.56951
297,304128,70.18657,198.28571,1.0,0.93,0.873313,-0.001013,0.004473,0.001649,0.191016,0.01001,0.52934,63.3167,5.114847,64.149635,4.407148,4.0,0.00026969,7,331,0.04469,0.05045,0.04,0.0,100,0.57143,1.0,,,-0.03,0.02804,0.00062,0.0,0.00568,0.5819
298,305152,73.21373,127.0,1.0,0.93,0.726,-0.002146,0.003452,0.002244,0.174675,0.017929,0.725625,63.582096,4.664619,63.506065,4.91583,4.0,0.00026959,6,319,0.0461,0.0528,0.04,0.0,100,0.83333,0.66667,,,-0.03,0.02807,0.00013,0.0,0.0047,0.6023
299,306176,71.69208,166.85714,1.0,0.93,0.742148,-0.001085,0.002282,0.001738,0.11023,0.012848,0.848809,63.401443,4.966663,63.831219,5.385017,4.0,0.00026948,7,335,0.03764,0.04193,0.04,0.0,100,0.0,1.0,,,-0.03,0.03158,0.00075,0.0,0.01106,0.64354
300,307200,73.66167,122.875,1.0,0.93,0.752322,-0.001046,0.002454,0.002349,0.162419,0.018539,0.914248,63.128105,6.756379,63.208042,7.349834,4.0,0.00026938,8,329,0.04147,0.04702,0.04,0.0,100,0.5,0.0,,,-0.03,0.02831,-0.00051,0.0,0.00736,0.75477
301,308224,58.32369,122.0,0.8,0.92,0.70497,-0.000662,0.020136,0.002445,0.254829,0.022888,0.704921,62.24292,9.430204,60.724213,11.917196,4.0,0.00026928,5,281,0.03514,0.03933,0.04,0.0,100,0.2,0.0,,,-0.03,0.0298,0.00066,0.0,0.0082,0.39275
302,309248,62.92442,218.75,0.875,0.92,0.843886,-0.001683,0.00681,0.003838,0.24332,0.043991,0.676732,63.190834,6.025877,62.836159,6.138999,4.0,0.00026918,8,283,0.04114,0.04626,0.05,0.0,100,0.125,1.0,,,-0.03,0.02988,4e-05,0.0,0.00698,0.58363
303,310272,64.16247,136.0,0.88889,0.93,0.84301,0.000154,0.021266,0.0041,0.168852,0.043289,0.280828,63.077869,3.270628,62.935791,7.562117,4.0,0.00026908,9,318,0.04423,0.04888,0.03,0.0,100,0.33333,1.0,,,-0.03,0.03023,0.00021,0.0,0.01063,0.67709
304,311296,74.4393,117.0,1.0,0.94,0.910712,-0.001215,0.003246,0.003446,0.23256,0.034515,0.610205,63.782799,3.543144,64.192825,3.952748,4.0,0.00026897,7,325,0.04355,0.04742,0.02,0.0,100,0.42857,0.0,,,-0.03,0.03086,0.00041,0.0,0.01097,0.54908
305,312320,72.76797,135.5,1.0,0.95,0.856063,-0.00145,0.002803,0.003166,0.197963,0.033157,0.564128,63.985176,3.589305,64.595016,3.530951,4.0,0.00026887,8,317,0.04835,0.05231,0.02,0.0,100,0.125,0.0,,,-0.03,0.029,0.00015,0.0,0.00928,0.68687
306,313344,59.89981,135.5,0.83333,0.95,0.875382,-0.00075,0.020455,0.001641,0.249989,0.010284,0.50946,64.276688,5.400686,62.669201,9.174956,4.0,0.00026877,6,321,0.04599,0.05252,0.02,0.0,100,0.5,1.0,,,-0.03,0.02652,0.00042,0.0,0.00445,0.41413
307,314368,72.79189,134.0,1.0,0.95,0.945435,-0.000111,0.005309,0.004952,0.269735,0.058792,0.242251,65.104378,4.763576,65.479431,3.78766,4.0,0.00026867,7,313,0.04622,0.04895,0.02,0.0,100,0.28571,1.0,,,-0.03,0.02529,0.00042,0.0,0.01117,0.55093
308,315392,74.46445,119.4,1.0,0.95,0.995705,-0.000936,0.003245,0.003289,0.243777,0.034637,0.645004,64.139023,3.545541,63.46117,4.152093,4.0,0.00026856,5,320,0.04939,0.05273,0.02,0.0,100,0.2,0.0,,,-0.03,0.02361,0.0001,0.0,0.00617,0.3936
309,316416,60.18882,181.42857,0.85714,0.94,0.89748,-0.000148,0.01857,0.003513,0.15775,0.029633,0.366018,62.655502,3.618865,62.010323,7.389044,4.0,0.00026846,7,327,0.04702,0.05151,0.02,0.0,100,0.42857,1.0,,,-0.03,0.02735,0.00029,0.0,0.00894,0.46608
310,317440,71.24664,181.25,1.0,0.95,0.925496,-0.001252,0.003321,0.001934,0.163706,0.01384,0.674748,63.905716,4.528278,64.373543,4.413633,4.0,0.00026836,8,323,0.03783,0.03984,0.01,0.0,100,0.125,1.0,,,-0.03,0.0295,0.00051,0.0,0.0123,0.60648
311,318464,73.76376,122.28571,1.0,0.95,0.906016,-0.001746,0.002068,0.003076,0.165481,0.026505,0.636141,65.050316,2.947887,65.361671,3.280596,4.0,0.00026826,7,278,0.04567,0.04901,0.01,0.0,100,0.28571,1.0,,,-0.03,0.02838,0.00062,0.0,0.01442,0.55072
312,319488,74.86061,115.0,1.0,0.95,0.935508,-0.001366,0.001509,0.003738,0.271357,0.03537,0.809509,64.857162,3.20785,65.243507,3.90956,4.0,0.00026815,8,202,0.04224,0.04465,0.01,0.0,100,0.125,1.0,,,-0.03,0.02939,0.00058,0.0,0.01728,0.62059
313,320512,63.71875,158.0,0.88889,0.94,0.882722,-0.0004,0.024794,0.001435,0.157501,0.012665,0.308609,64.360474,4.147656,63.402836,8.229046,4.0,0.00026805,9,279,0.04362,0.04854,0.01,0.0,100,0.11111,1.0,,,-0.03,0.03036,0.00058,0.0,0.00888,0.6205
314,321536,74.57265,111.1,1.0,0.95,0.866296,-0.001534,0.003909,0.004573,0.155246,0.031357,0.424437,64.914597,3.266499,65.487213,3.568415,4.0,0.00026795,10,306,0.03638,0.04034,0.01,0.0,100,0.1,0.0,,,-0.03,0.03331,0.00092,0.0,0.01395,0.77882
315,322560,63.63473,113.42857,0.85714,0.95,0.857229,-0.000555,0.022143,0.003154,0.169035,0.016617,0.40362,64.839844,4.275823,63.655674,8.452744,4.0,0.00026785,7,318,0.0466,0.05041,0.0,0.0,100,0.28571,0.0,,,-0.03,0.03267,0.00037,0.0,0.00922,0.49936
316,323584,73.40661,135.125,1.0,0.96,0.919391,-0.001497,0.004364,0.002759,0.150956,0.024765,0.389462,64.986786,3.677032,65.41481,3.604851,4.0,0.00026774,8,325,0.05074,0.05417,0.0,0.0,100,0.5,1.0,,,-0.03,0.03059,0.00032,0.0,0.01647,0.62031
317,324608,73.88543,119.1,1.0,0.96,0.869579,-0.001609,0.002935,0.004864,0.196929,0.048172,0.601236,64.837044,4.103815,65.730789,3.947758,4.0,0.00026764,10,313,0.04325,0.04724,0.0,0.0,100,0.4,1.0,,,-0.03,0.03223,0.00048,0.0,0.01377,0.79574
318,325632,66.05388,109.77778,0.88889,0.95,0.903129,-0.001077,0.019367,0.002507,0.186333,0.013947,0.538714,64.884491,5.082359,63.793022,9.298327,4.0,0.00026754,9,290,0.04348,0.04844,0.0,0.0,100,0.22222,1.0,,,-0.03,0.03283,0.0006,0.0,0.00827,0.61982
319,326656,54.4758,126.5,0.75,0.94,0.882241,-0.000556,0.027779,0.002658,0.277997,0.009674,0.576086,63.98835,5.977076,62.317524,12.152181,4.0,0.00026744,8,304,0.04506,0.04978,0.0,0.0,100,0.5,1.0,,,-0.03,0.03252,-0.00018,0.0,0.01264,0.48516
320,327680,74.37306,116.625,1.0,0.94,0.953526,-0.001162,0.011183,0.00303,0.157456,0.025146,0.420851,64.218002,5.999975,64.074997,6.077077,4.0,0.00026733,8,303,0.04644,0.05031,0.0,0.0,100,0.0,0.0,,,-0.03,0.03188,-0.00019,0.0,0.00966,0.61908
321,328704,64.56966,117.5,0.875,0.94,0.940422,-0.000923,0.014551,0.002184,0.103761,0.005981,0.684538,63.322006,7.503896,63.351414,9.435306,4.0,0.00026723,8,314,0.05467,0.05755,0.0,0.0,100,0.25,0.0,,,-0.03,0.03136,2e-05,0.0,0.0149,0.55247
322,329728,64.77694,127.11111,0.88889,0.93,0.902585,-0.001045,0.023966,0.002756,0.182827,0.014236,0.511557,63.996548,5.914745,63.058071,9.641732,4.0,0.00026713,9,316,0.04832,0.05337,0.0,0.0,100,0.11111,1.0,,,-0.03,0.03187,0.00055,0.0,0.00766,0.6265
323,330752,74.14371,118.66667,1.0,0.93,0.970487,-0.00206,0.008803,0.003559,0.210946,0.030777,0.368704,63.6898,7.225571,64.638657,5.944446,4.0,0.00026703,6,326,0.05188,0.05518,0.0,0.01,100,0.16667,0.5,,,-0.03,0.02713,7e-05,0.0,0.01528,0.47717
324,331776,72.45553,156.75,1.0,0.93,0.986798,-0.002023,0.002747,0.003556,0.169827,0.022705,0.624104,65.596878,4.078439,65.595505,3.85107,4.0,0.00026692,8,323,0.05564,0.0578,0.0,0.01,100,0.0,1.0,,,-0.03,0.0272,-4e-05,0.0,0.01209,0.61844
325,332800,74.17986,119.5,1.0,0.94,0.87969,-0.001373,0.004278,0.003207,0.167241,0.020645,0.594348,64.721748,4.471378,65.150131,4.577739,4.0,0.00026682,8,308,0.03822,0.04186,0.0,0.01,100,0.125,0.0,,,-0.03,0.03234,0.00035,0.0,0.01379,0.62397
326,333824,74.07184,118.2,1.0,0.94,0.840334,-0.00216,0.001689,0.003747,0.19541,0.03717,0.697816,65.394913,3.214184,66.33033,3.266186,4.0,0.00026672,10,278,0.03605,0.03899,0.0,0.01,100,0.2,1.0,,,-0.03,0.03377,0.00081,0.0,0.01617,0.77276
327,334848,74.96477,111.6,1.0,0.95,0.875723,-0.001912,0.001188,0.003669,0.194977,0.029205,0.822557,66.769966,3.632607,67.295258,3.537788,4.0,0.00026662,10,307,0.04383,0.04668,0.0,0.01,100,0.0,1.0,,,-0.03,0.03133,0.00079,0.0,0.01475,0.78708
328,335872,73.95057,114.33333,1.0,0.95,0.812467,-0.00093,0.002644,0.00338,0.179303,0.034225,0.615794,65.986366,3.63368,66.098656,3.656345,4.0,0.00026652,6,331,0.0402,0.04467,0.0,0.01,100,0.0,1.0,,,-0.03,0.03154,0.00064,0.0,0.01111,0.501
329,336896,73.93389,127.85714,1.0,0.95,0.808763,-0.000891,0.001326,0.002529,0.189844,0.028519,0.808957,65.888382,3.354258,66.066063,3.647928,4.0,0.00026641,7,320,0.04164,0.04477,0.0,0.01,100,0.0,1.0,,,-0.03,0.03114,0.00021,0.0,0.01284,0.60158
330,337920,74.235,116.28571,1.0,0.95,0.802215,-0.001812,0.002388,0.002924,0.179062,0.030746,0.79974,65.302284,4.223357,65.241287,4.739429,4.0,0.00026631,7,325,0.04518,0.04924,0.0,0.01,100,0.28571,0.0,,,-0.03,0.02994,0.00021,0.0,0.01016,0.6105
331,338944,66.10558,169.6,0.9,0.97,0.839578,-0.001504,0.001121,0.003232,0.195725,0.028961,0.752909,66.992371,2.67855,67.587059,2.876569,4.0,0.00026621,10,305,0.0344,0.03677,0.01,0.01,100,0.1,1.0,,,-0.03,0.03272,3e-05,0.0,0.01924,0.68561
332,339968,74.7855,114.85714,1.0,0.97,0.8118,-0.001535,0.001706,0.002472,0.14989,0.018723,0.629796,67.0923,2.562621,67.138161,2.931186,4.0,0.00026611,7,309,0.03056,0.03468,0.01,0.01,100,0.14286,1.0,,,-0.03,0.03183,-0.00014,0.0,0.01203,0.54001
333,340992,73.82792,118.22222,1.0,0.98,0.738109,-0.001395,0.001207,0.001818,0.135952,0.011429,0.738123,67.098419,2.918273,67.726578,2.925864,4.0,0.000266,9,294,0.0305,0.03424,0.01,0.01,100,0.33333,0.0,,,-0.03,0.03464,-1e-05,0.0,0.01514,0.72059
334,342016,74.8393,109.63636,1.0,0.99,0.793711,-0.002766,0.000615,0.003164,0.194154,0.030807,0.81737,68.239868,2.673595,68.731514,2.513651,4.0,0.0002659,11,298,0.02777,0.03002,0.01,0.01,100,0.09091,1.0,,,-0.03,0.03324,0.00045,0.0,0.02143,0.82278
335,343040,74.94267,107.22222,1.0,0.99,0.756216,-0.001679,0.001588,0.003017,0.186285,0.022369,0.631794,68.198425,2.539877,68.234032,2.867618,4.0,0.0002658,9,289,0.0239,0.02907,0.01,0.0,100,0.22222,1.0,,,-0.03,0.03463,0.0002,0.0,0.01122,0.68473
336,344064,65.91557,106.22222,0.88889,0.98,0.757514,-0.000609,0.010346,0.002736,0.092017,0.020218,0.41444,68.197693,2.554184,68.079201,6.139966,4.0,0.0002657,9,264,0.02688,0.03066,0.01,0.0,100,0.44444,1.0,,,-0.03,0.03535,0.00066,0.0,0.01509,0.61483
337,345088,74.20856,119.5,1.0,0.98,0.733946,-0.001021,0.002376,0.001763,0.11359,0.00766,0.671611,67.719208,3.60526,67.688416,3.411884,4.0,0.00026559,8,229,0.03486,0.0394,0.01,0.0,100,0.125,1.0,,,-0.03,0.03158,-0.00035,0.0,0.01089,0.68802
338,346112,65.80591,114.44444,0.88889,0.97,0.685554,-0.000671,0.01908,0.002259,0.230149,0.014343,0.560011,66.783203,5.258277,65.16069,9.37219,4.0,0.00026549,9,287,0.03226,0.038,0.01,0.0,100,0.33333,1.0,,,-0.03,0.03423,0.00077,0.0,0.00899,0.72796
339,347136,73.09409,145.25,1.0,0.97,0.799349,-0.001426,0.002826,0.002247,0.143149,0.009293,0.191543,68.504814,3.773107,68.668198,2.884936,4.0,0.00026539,8,289,0.03548,0.03785,0.01,0.0,100,0.25,1.0,,,-0.03,0.03317,0.00029,0.0,0.01936,0.62001
340,348160,67.29564,107.9,0.9,0.96,0.852307,-0.001168,0.016611,0.002758,0.232307,0.020889,0.580755,68.396606,4.842585,66.93383,9.461108,4.0,0.00026529,10,276,0.03305,0.03676,0.01,0.0,100,0.2,1.0,,,-0.03,0.03299,0.00095,0.0,0.01206,0.678
341,349184,74.34542,115.875,1.0,0.96,0.815886,-0.001679,0.00919,0.002728,0.176778,0.019547,0.437976,67.603157,7.161404,67.237335,6.123003,4.0,0.00026518,8,287,0.03761,0.04136,0.01,0.0,100,0.125,1.0,,,-0.03,0.03289,0.00074,0.0,0.01268,0.63152
342,350208,74.0216,121.0,1.0,0.97,0.863005,-0.001952,0.001988,0.003409,0.191472,0.028183,0.483567,68.735291,2.376582,68.749222,2.686006,4.0,0.00026508,8,280,0.03747,0.04077,0.0,0.0,100,0.125,1.0,,,-0.03,0.03244,0.00094,0.0,0.01609,0.61024
343,351232,73.48722,126.8,1.0,0.97,0.912352,-0.002161,0.001417,0.003038,0.15095,0.033279,0.417742,69.037018,2.725614,68.833153,2.264752,4.0,0.00026498,5,300,0.0473,0.04977,0.0,0.0,100,0.2,0.0,,,-0.03,0.0267,0.00016,0.0,0.01335,0.39556
344,352256,58.64303,125.6,0.8,0.96,0.997691,-0.001142,0.024152,0.003512,0.289304,0.045181,0.162477,68.687042,2.421081,66.531769,7.592758,4.0,0.00026488,5,176,0.06694,0.07097,0.0,0.0,100,0.2,1.0,,,-0.03,0.02098,-0.00047,0.0,0.00453,0.32419
345,353280,73.19566,143.875,1.0,0.96,0.979396,-0.002565,0.002573,0.004131,0.198715,0.038849,0.677424,68.08638,3.239984,67.264923,3.553522,4.0,0.00026477,8,311,0.04677,0.04907,0.0,0.0,100,0.25,1.0,,,-0.03,0.02629,0.00033,0.0,0.01053,0.60203
346,354304,60.73423,238.28571,0.85714,0.95,0.884028,-0.001071,0.007593,0.003768,0.256008,0.040482,0.799032,65.930481,8.082165,64.668732,8.304699,4.0,0.00026467,7,296,0.04773,0.05104,0.01,0.0,100,0.0,1.0,,,-0.03,0.02857,0.00061,0.0,0.00944,0.46914
347,355328,73.7023,126.83333,1.0,0.95,0.770377,-0.001126,0.00172,0.002116,0.184221,0.014557,0.960766,64.954338,8.587002,64.4048,8.933171,4.0,0.00026457,6,279,0.0463,0.04915,0.01,0.0,100,0.16667,1.0,,,-0.03,0.02723,0.00043,0.0,0.01341,0.53347
348,356352,62.02746,149.0,0.85714,0.94,0.800428,-0.000744,0.025873,0.003925,0.285936,0.049362,0.713185,63.278477,10.596096,61.534386,12.771825,4.0,0.00026447,7,305,0.04838,0.052,0.01,0.0,100,0.28571,1.0,,,-0.03,0.03164,0.00038,0.0,0.00964,0.51539
349,357376,74.42351,121.0,1.0,0.95,0.803093,-0.001338,0.002087,0.002746,0.251014,0.031845,0.977121,62.05146,13.087044,62.006939,13.625653,4.0,0.00026436,8,314,0.05301,0.05516,0.01,0.0,100,0.25,0.0,,,-0.03,0.03081,0.00062,0.0,0.01562,0.68497
350,358400,61.55976,191.16667,0.83333,0.94,0.750271,-0.001711,0.003456,0.00319,0.207305,0.03183,0.954647,63.730934,11.533168,63.040375,11.807439,4.0,0.00026426,6,301,0.04607,0.05236,0.02,0.0,100,0.5,0.0,,,-0.03,0.03068,0.00047,0.0,0.00605,0.42932
351,359424,61.4266,133.28571,0.85714,0.93,0.779658,-0.000455,0.013154,0.00289,0.213789,0.025238,0.656976,65.683571,5.264587,64.749832,9.084682,4.0,0.00026416,7,300,0.04282,0.04873,0.02,0.0,100,0.71429,1.0,,,-0.03,0.02986,0.00056,0.0,0.01,0.51338
352,360448,73.98188,120.5,1.0,0.93,0.857038,-0.001666,0.00684,0.003058,0.243671,0.037537,0.694552,64.178299,6.684017,63.548759,6.719267,4.0,0.00026406,6,325,0.06024,0.0664,0.02,0.0,100,0.5,1.0,,,-0.03,0.02675,-0.00031,0.0,0.00548,0.52721
353,361472,72.29402,152.09091,1.0,0.94,0.857079,-0.000763,0.002315,0.003539,0.194888,0.03447,0.29135,66.029068,2.928345,66.560646,2.68024,4.0,0.00026396,11,314,0.04111,0.04382,0.02,0.0,100,0.18182,1.0,,,-0.03,0.03232,0.00072,0.0,0.01524,0.8522
354,362496,74.17693,124.44444,1.0,0.95,0.916708,-0.001998,0.001291,0.004036,0.289975,0.049545,0.61152,66.995529,2.773167,67.095512,2.650394,4.0,0.00026385,9,306,0.05416,0.05671,0.02,0.0,100,0.0,1.0,,,-0.03,0.02892,0.0003,0.0,0.01132,0.69678
355,363520,58.61889,111.0,0.8,0.94,0.938896,-0.001191,0.021571,0.002639,0.231344,0.022522,0.286863,66.530655,2.547451,64.936531,7.849543,4.0,0.00026375,5,315,0.06161,0.06612,0.02,0.0,100,0.2,0.0,,,-0.03,0.02918,0.00031,0.0,0.00702,0.31016
356,364544,74.50441,118.625,1.0,0.94,0.937088,-0.002326,0.002971,0.003255,0.19393,0.026688,0.647618,65.728821,3.414127,66.019615,3.81627,4.0,0.00026365,8,303,0.05749,0.05964,0.02,0.0,100,0.0,0.5,,,-0.03,0.03073,0.00079,0.0,0.01854,0.60416
357,365568,65.40501,168.66667,0.88889,0.93,0.918781,-0.002029,0.003976,0.002516,0.168854,0.022858,0.727591,65.219643,5.084112,65.107864,5.409197,4.0,0.00026355,9,297,0.05126,0.05463,0.03,0.0,100,0.11111,1.0,,,-0.03,0.02976,0.00084,0.0,0.01229,0.62449
358,366592,74.41789,114.57143,1.0,0.94,0.843617,-0.00142,0.001493,0.002409,0.168357,0.015533,0.451115,67.106651,2.200842,67.353432,2.312571,4.0,0.00026344,7,314,0.04189,0.04526,0.03,0.0,100,0.14286,0.0,,,-0.03,0.03258,0.00084,0.0,0.01379,0.54724
359,367616,74.16951,120.3,1.0,0.95,0.806699,-0.001435,0.001502,0.002359,0.184105,0.015686,0.528477,67.1325,2.293082,67.513512,2.52572,4.0,0.00026334,10,305,0.03529,0.03859,0.02,0.0,100,0.2,0.66667,,,-0.03,0.03428,0.00077,0.0,0.01489,0.77907
360,368640,74.28473,115.375,1.0,0.95,0.793853,-0.001318,0.001091,0.003487,0.230491,0.032806,0.676711,67.418213,2.452127,67.806717,2.535325,4.0,0.00026324,8,264,0.03281,0.03592,0.02,0.0,100,0.125,0.0,,,-0.03,0.03213,0.00085,0.0,0.0172,0.62579
361,369664,74.91742,110.08333,1.0,0.96,0.778568,-0.001253,0.001018,0.00305,0.208831,0.029114,0.74334,67.875214,2.777729,68.347473,2.734325,4.0,0.00026314,12,189,0.02677,0.02974,0.02,0.0,100,0.16667,1.0,,,-0.03,0.0338,0.00081,0.0,0.01838,0.91857
362,370688,65.18935,102.875,0.875,0.96,0.776384,-0.000264,0.026401,0.002934,0.205176,0.021881,0.131721,67.744217,2.3356,66.87941,7.651958,4.0,0.00026303,8,244,0.028,0.03251,0.01,0.0,100,0.125,1.0,,,-0.03,0.03674,0.00084,0.0,0.01275,0.53026
363,371712,74.40987,117.3,1.0,0.97,0.758087,-0.001189,0.003917,0.001924,0.149189,0.01001,0.533872,66.53698,3.639279,66.436157,3.881892,4.0,0.00026293,10,322,0.03365,0.03874,0.01,0.0,100,0.2,1.0,,,-0.03,0.03347,0.00075,0.0,0.00975,0.83074
364,372736,65.33043,111.0,0.88889,0.96,0.773823,-0.000641,0.024264,0.002092,0.161169,0.018433,0.172744,66.773544,2.607814,65.781204,7.670061,4.0,0.00026283,9,307,0.0322,0.03725,0.01,0.0,100,0.44444,0.0,,,-0.03,0.03403,0.00098,0.0,0.00948,0.63203
365,373760,74.23244,115.57143,1.0,0.96,0.816109,-0.002257,0.003907,0.003178,0.199087,0.018204,0.239304,66.841766,2.93038,66.958649,2.994999,4.0,0.00026273,7,298,0.05374,0.05889,0.01,0.0,100,0.14286,0.0,,,-0.03,0.03183,0.00082,0.0,0.01436,0.54957
366,374784,74.74889,107.875,1.0,0.97,0.826055,-0.002427,0.002425,0.002705,0.161244,0.024628,0.389236,67.158493,2.890868,66.998177,2.959418,4.0,0.00026262,8,330,0.04325,0.04663,0.01,0.0,100,0.375,0.0,,,-0.03,0.02952,0.00066,0.0,0.01162,0.65459
367,375808,63.86051,100.42857,0.85714,0.96,0.818077,-0.000791,0.019258,0.002764,0.209245,0.033081,0.371628,66.048553,3.28571,64.978424,8.053237,4.0,0.00026252,7,306,0.03819,0.04248,0.01,0.0,100,0.42857,1.0,,,-0.03,0.03112,0.001,0.0,0.00918,0.48882
368,376832,73.75538,139.66667,1.0,0.96,0.824114,-0.001046,0.003813,0.003322,0.220829,0.032043,0.777871,66.448166,5.09919,66.244148,5.706814,4.0,0.00026242,9,288,0.04198,0.04442,0.01,0.0,100,0.0,1.0,,,-0.03,0.03267,0.00129,0.0,0.01755,0.69905
369,377856,75.01762,107.85714,1.0,0.97,0.795631,-0.001036,0.005069,0.001987,0.165684,0.012497,0.879504,64.460861,9.082309,64.295563,9.558109,4.0,0.00026232,7,283,0.03916,0.04213,0.0,0.0,100,0.0,1.0,,,-0.03,0.03253,0.0013,0.0,0.01617,0.57475
370,378880,67.07244,161.54545,0.90909,0.96,0.74988,-0.001296,0.004042,0.00261,0.174731,0.022827,0.665163,66.737656,5.282299,67.277451,4.938305,4.0,0.00026221,11,294,0.03282,0.03608,0.01,0.0,100,0.18182,1.0,,,-0.03,0.03261,0.00086,0.0,0.01714,0.81899
371,379904,74.34357,113.77778,1.0,0.96,0.750943,-0.000816,0.001493,0.002277,0.172958,0.014038,0.514206,67.822525,2.628718,68.064171,2.509558,4.0,0.00026211,9,310,0.02641,0.03063,0.01,0.0,100,0.22222,1.0,,,-0.03,0.03453,0.00107,0.0,0.01226,0.71025
372,380928,65.912,109.66667,0.88889,0.95,0.746719,-0.001641,0.024075,0.004149,0.198615,0.032776,0.261752,67.771599,2.650398,66.781113,8.014455,4.0,0.00026201,9,307,0.02164,0.02556,0.01,0.0,100,0.11111,0.0,,,-0.03,0.03684,0.00103,0.0,0.0129,0.60443
373,381952,66.06677,105.44444,0.88889,0.95,0.733587,-0.001176,0.020629,0.001385,0.196139,0.015381,0.5145,67.072495,4.819202,65.945518,9.220757,4.0,0.00026191,9,306,0.0243,0.02929,0.01,0.0,100,0.11111,1.0,,,-0.03,0.0349,0.00129,0.0,0.01301,0.6242
374,382976,67.2041,107.0,0.9,0.94,0.770735,-0.000497,0.033289,0.002227,0.252917,0.017502,0.399673,64.64576,7.885257,63.568172,10.269809,4.0,0.0002618,10,296,0.0279,0.03304,0.01,0.0,100,0.1,1.0,,,-0.03,0.03284,0.00089,0.0,0.01208,0.70547
375,384000,74.45163,112.22222,1.0,0.95,0.777729,-0.001413,0.005394,0.00257,0.205894,0.015732,0.162445,63.667866,3.95697,64.478737,3.858178,4.0,0.0002617,9,319,0.02997,0.03348,0.01,0.0,100,0.0,1.0,,,-0.03,0.03517,0.00149,0.0,0.01543,0.70616
376,385024,74.62112,109.4,1.0,0.95,0.825374,-0.001356,0.003415,0.003408,0.25403,0.029083,0.604084,64.550293,4.142164,65.58107,4.212393,4.0,0.0002616,10,305,0.0324,0.0367,0.01,0.0,100,0.1,0.0,,,-0.03,0.03482,0.0013,0.0,0.01312,0.76768
377,386048,74.63946,110.7,1.0,0.95,0.83781,-0.001466,0.001638,0.002385,0.191029,0.018204,0.767376,65.52153,3.488351,66.459305,3.557667,4.0,0.0002615,10,306,0.03641,0.03926,0.01,0.0,100,0.2,1.0,,,-0.03,0.03401,0.00109,0.0,0.01702,0.76835
378,387072,75.19524,110.25,1.0,0.96,0.837877,-0.002667,0.000943,0.00292,0.261516,0.032867,0.862025,66.072578,3.372868,67.020569,3.390617,4.0,0.0002614,8,312,0.03507,0.03711,0.01,0.0,100,0.125,1.0,,,-0.03,0.03488,0.00119,0.0,0.01798,0.59314
379,388096,74.4679,109.14286,1.0,0.96,0.740899,-0.000506,0.002369,0.002757,0.21362,0.031448,0.77968,65.851517,4.092467,65.831932,4.552401,4.0,0.00026129,7,324,0.03879,0.04496,0.01,0.0,100,0.28571,0.0,,,-0.03,0.0326,0.00117,0.0,0.00735,0.58282
380,389120,73.85745,123.16667,1.0,0.96,0.629836,-0.001964,0.001626,0.002175,0.121819,0.023026,0.942134,63.931801,6.873065,63.919399,7.553052,4.0,0.00026119,6,332,0.04998,0.05539,0.01,0.0,100,0.5,1.0,,,-0.03,0.03156,0.00057,0.0,0.00902,0.59543
381,390144,74.32063,113.5,1.0,0.97,0.634686,-0.001389,0.001603,0.001806,0.103565,0.012436,0.967312,62.814541,9.37962,62.951633,9.953229,4.0,0.00026109,8,328,0.05114,0.05498,0.0,0.0,100,0.125,1.0,,,-0.03,0.03209,0.00087,0.0,0.01658,0.79187
382,391168,59.42059,174.1,0.8,0.95,0.749735,-0.00036,0.015287,0.00148,0.264654,0.003082,0.77306,64.332207,8.725266,62.87104,13.902493,4.0,0.00026099,10,301,0.03001,0.03166,0.0,0.0,100,0.3,1.0,,,-0.03,0.03443,0.00111,0.0,0.01559,0.6612
383,392192,62.26296,103.16667,0.83333,0.94,0.896469,-0.0015,0.021847,0.003091,0.293864,0.030136,0.483361,66.657768,5.05364,65.167358,9.130263,4.0,0.00026088,6,289,0.04029,0.04528,0.0,0.0,100,0.33333,0.0,,,-0.03,0.02842,0.00063,0.0,0.00886,0.37934
384,393216,64.36171,119.875,0.875,0.94,0.867352,-0.001233,0.024505,0.002964,0.272013,0.028275,0.489232,65.17392,5.954783,63.90308,9.573199,4.0,0.00026078,8,296,0.03286,0.03712,0.0,0.0,100,0.25,1.0,,,-0.03,0.03074,0.00101,0.0,0.0134,0.53691
385,394240,74.65251,111.375,1.0,0.95,0.863573,-0.001268,0.007396,0.003222,0.243229,0.031204,0.655779,62.507885,7.47816,62.963051,7.374208,4.0,0.00026068,8,305,0.03401,0.03645,0.0,0.0,100,0.25,0.0,,,-0.03,0.03133,0.00114,0.0,0.01616,0.62763
386,395264,75.41014,107.4,1.0,0.96,0.871861,-0.001697,0.003177,0.003952,0.233975,0.046219,0.908556,62.855026,7.561202,63.233841,8.438804,4.0,0.00026058,10,292,0.03053,0.03282,0.0,0.0,100,0.0,1.0,,,-0.03,0.03153,0.00103,0.0,0.01468,0.7405
387,396288,63.24181,175.625,0.875,0.95,0.80442,-0.001264,0.003881,0.002412,0.175252,0.019363,0.719042,64.983009,5.205132,65.692978,5.213106,4.0,0.00026047,8,299,0.02794,0.03132,0.01,0.0,100,0.125,0.8,,,-0.03,0.03379,0.00106,0.0,0.01463,0.54745
388,397312,63.0829,123.57143,0.85714,0.94,0.799856,-0.000265,0.019125,0.001281,0.167523,0.005798,0.515418,66.361649,5.409178,65.518539,9.109116,4.0,0.00026037,7,308,0.0284,0.03219,0.01,0.0,100,0.14286,1.0,,,-0.03,0.02983,0.00088,0.0,0.01107,0.47671
389,398336,75.76183,103.0,1.0,0.94,0.902414,-0.001773,0.002294,0.003122,0.274311,0.032684,0.558328,67.534584,2.955535,67.744301,3.267429,4.0,0.00026027,9,305,0.02615,0.02759,0.01,0.0,100,0.0,1.0,,,-0.03,0.03159,0.00089,0.0,0.02118,0.65367
390,399360,62.11251,105.0,0.83333,0.93,0.869044,3.3e-05,0.027206,0.00417,0.328934,0.055756,0.375142,66.360374,4.960639,65.118752,9.035245,4.0,0.00026017,6,319,0.02747,0.031,0.01,0.0,100,0.16667,0.0,,,-0.03,0.02993,0.00105,0.0,0.01631,0.37758
391,400384,68.91845,146.76923,0.92308,0.92,0.901748,-0.000857,0.004292,0.003467,0.236132,0.034363,0.783923,64.343475,6.058103,64.565948,6.645491,4.0,0.00026006,13,293,0.02839,0.03056,0.02,0.0,100,0.15385,1.0,,,-0.03,0.03014,0.00105,0.0,0.01575,0.88709
392,401408,74.55173,112.625,1.0,0.92,0.809459,-0.002261,0.004183,0.004329,0.183733,0.033569,0.542199,64.848541,4.139455,65.077957,4.312984,4.0,0.00025996,8,254,0.03519,0.0385,0.02,0.0,100,0.0,0.0,,,-0.03,0.03222,0.00076,0.0,0.0136,0.61371
393,402432,57.11798,113.88889,0.77778,0.9,0.826948,-0.000907,0.038237,0.002252,0.273913,0.01796,0.481298,65.073418,6.502253,63.190895,12.412519,4.0,0.00025986,9,270,0.02707,0.03235,0.02,0.0,100,0.33333,1.0,,,-0.03,0.0364,0.00119,0.0,0.01158,0.5242
394,403456,73.46895,123.125,1.0,0.92,0.823336,-0.001509,0.022081,0.002712,0.208307,0.027374,0.147464,60.794151,9.673583,61.650806,7.862426,4.0,0.00025976,8,273,0.03409,0.04066,0.02,0.0,100,0.375,1.0,,,-0.03,0.0329,0.00047,0.0,0.00546,0.66064
395,404480,73.85802,125.28571,1.0,0.93,0.746241,-0.000944,0.012535,0.002053,0.128588,0.009109,0.78714,59.594582,10.425323,59.543945,10.632822,4.0,0.00025965,7,284,0.03915,0.04576,0.02,0.0,100,0.14286,1.0,,,-0.03,0.02884,0.00088,0.0,0.00542,0.65928
396,405504,65.18744,120.0,0.875,0.93,0.825477,-0.000406,0.013222,0.000999,0.09533,0.00563,0.772687,60.890373,8.191333,61.118427,10.895033,4.0,0.00025955,8,272,0.04271,0.04445,0.02,0.01,100,0.375,0.0,,,-0.03,0.03567,0.00082,0.0,0.01785,0.58752
397,406528,74.6359,118.0,1.0,0.93,0.807096,-0.00149,0.005619,0.001716,0.163797,0.010971,0.933639,59.170692,11.969445,59.393112,12.510809,4.0,0.00025945,6,266,0.05031,0.05415,0.02,0.01,100,0.16667,1.0,,,-0.03,0.03026,0.00021,0.0,0.01078,0.54424
398,407552,63.64626,133.0,0.875,0.92,0.770448,-0.000725,0.017338,0.002619,0.187626,0.019623,0.879527,57.626869,15.052962,57.15374,17.26363,4.0,0.00025935,8,287,0.04965,0.0545,0.02,0.01,100,0.125,0.66667,,,-0.03,0.03512,0.00066,0.0,0.00877,0.63846
399,408576,66.25957,169.0,0.88889,0.92,0.949614,-0.001597,0.003973,0.003311,0.257219,0.026733,0.80127,65.09198,6.954268,66.031418,6.651925,4.0,0.00025924,9,297,0.05727,0.06009,0.02,0.02,100,0.11111,0.71429,,,-0.03,0.03576,0.00074,0.0,0.01672,0.60867
400,409600,74.43855,122.66667,1.0,0.93,0.947992,-0.001739,0.005218,0.003262,0.177647,0.024033,0.743631,65.888992,5.743869,65.734375,6.335167,4.0,0.00025914,9,297,0.08227,0.08588,0.02,0.02,100,0.0,1.0,,,-0.03,0.03028,0.00012,0.0,0.01322,0.69627
401,410624,62.59223,121.42857,0.85714,0.92,0.794087,-0.000422,0.019728,0.002102,0.215052,0.01973,0.616816,63.45718,7.552969,62.307724,10.502589,4.0,0.00025904,7,270,0.0786,0.08524,0.02,0.02,100,0.28571,1.0,,,-0.03,0.03112,-0.0,0.0,0.00262,0.51622
402,411648,74.34792,120.28571,1.0,0.92,0.906427,-0.002381,0.007375,0.00252,0.173953,0.022598,0.884591,62.79879,9.871193,62.304543,10.699386,4.0,0.00025894,7,273,0.07173,0.07581,0.02,0.02,100,0.14286,1.0,,,-0.03,0.03137,5e-05,0.0,0.00998,0.5694
403,412672,74.26597,121.33333,1.0,0.93,0.793885,-0.001485,0.007724,0.002068,0.126587,0.012497,0.930935,58.819046,14.113875,58.978104,14.900469,4.0,0.00025884,6,278,0.06127,0.06528,0.02,0.02,100,0.33333,1.0,,,-0.03,0.03189,0.00013,0.0,0.01589,0.54562
404,413696,63.37979,197.0,0.875,0.93,0.790907,-0.001132,0.006684,0.002224,0.16601,0.017975,0.958835,58.758591,17.32189,59.430481,17.457481,4.0,0.00025873,8,257,0.04471,0.04686,0.02,0.03,100,0.25,0.85714,,,-0.03,0.0329,0.00049,0.0,0.01624,0.61571
405,414720,54.25664,128.0,0.75,0.91,0.863248,-0.000813,0.034052,0.001389,0.402302,0.006912,0.5584,64.919334,6.920023,62.399925,12.631474,4.0,0.00025863,8,255,0.04308,0.04974,0.02,0.03,100,0.375,1.0,,,-0.03,0.032,0.00088,0.0,0.00294,0.48557
406,415744,54.84087,121.125,0.75,0.9,0.927546,-0.000957,0.04095,0.001735,0.372572,0.008453,0.487296,62.962418,6.847515,60.931175,12.151661,4.0,0.00025853,8,268,0.04857,0.05328,0.02,0.03,100,0.25,1.0,,,-0.03,0.03325,0.00041,0.0,0.01016,0.45415
407,416768,74.88592,114.44444,1.0,0.91,0.973492,-0.001924,0.007145,0.004134,0.342043,0.037964,0.011667,63.432083,5.478615,64.480934,4.439626,4.0,0.00025843,9,274,0.04755,0.04986,0.02,0.03,100,0.0,1.0,,,-0.03,0.03624,0.00084,0.0,0.01662,0.67203
408,417792,74.78676,117.25,1.0,0.91,1.005628,-0.001576,0.003232,0.003079,0.237532,0.029861,0.609853,65.433502,4.393003,65.808044,4.124288,4.0,0.00025832,8,253,0.07388,0.07734,0.02,0.03,100,0.125,0.0,,,-0.03,0.03152,0.00058,0.0,0.01332,0.62899
409,418816,74.27228,122.66667,1.0,0.92,0.981677,-0.001329,0.004269,0.003408,0.153087,0.018372,0.464337,65.081612,4.471879,65.544044,4.068521,4.0,0.00025822,6,272,0.07389,0.07743,0.02,0.03,100,0.16667,0.0,,,-0.03,0.03082,0.00054,0.0,0.01813,0.48112
410,419840,66.52543,139.72727,0.90909,0.91,0.98871,-0.001983,0.025732,0.002353,0.189003,0.018692,0.286491,64.687607,3.80539,63.506065,8.262951,4.0,0.00025812,11,272,0.06234,0.0693,0.02,0.02,100,0.36364,0.92857,,,-0.03,0.03429,0.00075,0.0,0.00291,0.76601
411,420864,66.57015,117.0,0.88889,0.92,0.996043,-0.000387,0.016517,0.0018,0.121233,0.006393,0.484043,64.481155,3.628621,64.049774,8.535599,4.0,0.00025802,9,269,0.05354,0.0555,0.01,0.03,100,0.22222,0.66667,,,-0.03,0.03739,0.00125,0.0,0.01714,0.60396
412,421888,51.84027,117.71429,0.71429,0.9,1.024157,-0.001619,0.048848,0.004211,0.403501,0.036697,0.601909,61.806255,11.262481,59.157349,15.08288,4.0,0.00025791,7,273,0.06283,0.07082,0.01,0.03,100,0.28571,1.0,,,-0.03,0.0328,0.0007,0.0,0.00207,0.39028
413,422912,73.85355,125.75,1.0,0.9,1.063097,-0.00102,0.019524,0.003409,0.253372,0.026306,0.076156,60.029129,9.381177,60.832912,7.530882,4.0,0.00025781,8,293,0.06613,0.07,0.01,0.02,100,0.375,0.83333,,,-0.03,0.03514,0.0011,0.0,0.01348,0.61569
414,423936,63.25963,127.42857,0.85714,0.9,1.088868,-0.000507,0.022451,0.00211,0.15035,0.011566,0.400765,59.176369,4.892676,59.254852,8.20189,4.0,0.00025771,7,318,0.09201,0.0968,0.01,0.02,100,0.14286,1.0,,,-0.03,0.0317,0.00046,0.0,0.01067,0.49875
415,424960,74.46802,135.33333,1.0,0.9,1.07581,-0.001699,0.004588,0.002557,0.211321,0.021683,0.697394,60.678593,5.036061,61.276649,5.555281,4.0,0.00025761,6,275,0.11596,0.1188,0.01,0.02,100,0.0,1.0,,,-0.03,0.03135,0.0,0.0,0.01172,0.51619
416,425984,52.51788,192.75,0.75,0.89,1.018847,-0.00091,0.017773,0.002444,0.218183,0.020874,0.638819,60.162071,7.047969,58.865562,9.866948,4.0,0.0002575,4,282,0.10405,0.10859,0.01,0.02,100,0.5,1.0,,,-0.03,0.02891,-0.0002,0.0,0.00417,0.26415
417,427008,73.67358,134.5,1.0,0.89,1.108489,-0.001429,0.003532,0.002513,0.22775,0.028442,0.847154,61.18586,6.283245,60.741596,6.496303,4.0,0.0002574,4,298,0.12633,0.12889,0.01,0.02,100,0.25,1.0,,,-0.03,0.02199,-0.00047,0.0,0.0056,0.36974
418,428032,56.3102,263.6,0.8,0.89,1.115912,-0.001907,0.003128,0.004092,0.244496,0.05571,0.876171,59.574272,6.424659,59.28624,7.008061,4.0,0.0002573,5,283,0.12662,0.12894,0.01,0.02,100,0.0,1.0,,,-0.03,0.02771,-0.00065,0.0,0.00591,0.35056
419,429056,67.95991,257.16667,1.0,0.9,1.070995,-0.001158,0.00888,0.003304,0.154317,0.034317,0.74139,59.491783,8.244273,59.241127,8.095393,4.0,0.0002572,6,264,0.10771,0.11294,0.01,0.01,100,0.16667,1.0,,,-0.03,0.03014,0.00019,0.0,0.00178,0.51649
420,430080,60.65574,165.85714,0.85714,0.91,1.242208,-0.001178,0.025765,0.002761,0.163957,0.025803,0.207742,60.417908,3.679175,59.539452,7.629549,4.0,0.00025709,7,261,0.12287,0.12663,0.01,0.01,100,0.28571,1.0,,,-0.03,0.03287,-0.00013,0.0,0.00511,0.47087
421,431104,51.21823,146.14286,0.71429,0.9,1.170481,-0.000954,0.026191,0.003264,0.266462,0.012222,0.605809,58.307709,6.791797,56.273979,12.037669,4.0,0.00025699,7,274,0.10797,0.11353,0.01,0.01,100,0.28571,1.0,,,-0.03,0.03502,0.00025,0.0,0.00422,0.39834
422,432128,74.15481,135.88889,1.0,0.9,1.275364,-0.001629,0.006643,0.003942,0.220824,0.025436,0.257814,60.106018,5.257096,61.229977,5.032174,4.0,0.00025689,9,263,0.0954,0.09805,0.01,0.01,100,0.0,1.0,,,-0.03,0.034,0.00025,0.0,0.01132,0.68547
423,433152,58.92424,130.2,0.8,0.89,1.24938,-0.0021,0.018812,0.003455,0.187252,0.033524,0.558802,59.717915,5.660766,58.833889,9.064833,4.0,0.00025679,5,268,0.11173,0.1157,0.01,0.01,100,0.2,0.0,,,-0.03,0.02964,-0.00036,0.0,0.00558,0.32458
424,434176,71.80111,178.0,1.0,0.89,1.254242,-0.001938,0.004492,0.003187,0.211329,0.021927,0.655311,59.646782,4.433707,60.362358,4.860385,4.0,0.00025668,7,276,0.12967,0.13205,0.01,0.01,100,0.14286,1.0,,,-0.03,0.0325,-0.00049,0.0,0.0092,0.55588
425,435200,60.35005,143.83333,0.83333,0.88,1.11243,-0.000763,0.027766,0.002873,0.180352,0.020996,0.313285,59.600449,5.903424,58.666397,8.629816,4.0,0.00025658,6,270,0.11256,0.11894,0.01,0.01,100,0.33333,0.0,,,-0.03,0.0329,-0.00012,0.0,-0.00118,0.43233
426,436224,71.86686,168.0,1.0,0.89,1.072147,-0.0019,0.0042,0.003324,0.148304,0.024796,0.665895,59.437572,4.293699,59.812511,4.774956,4.0,0.00025648,5,276,0.11533,0.11922,0.01,0.01,100,0.0,1.0,,,-0.03,0.03148,-0.00048,0.0,0.00488,0.44234
427,437248,73.12751,150.0,1.0,0.9,1.099659,-0.002851,0.003491,0.004474,0.183972,0.045944,0.806263,59.176647,4.757607,59.755234,5.93655,4.0,0.00025638,7,282,0.10234,0.10476,0.01,0.01,100,0.0,1.0,,,-0.03,0.0301,-0.00013,0.0,0.00965,0.58872
428,438272,58.3893,229.0,0.8,0.91,0.920237,-0.001519,0.005357,0.002497,0.146185,0.024918,0.844937,57.608822,7.731738,57.916321,8.257842,4.0,0.00025628,5,293,0.08418,0.08788,0.02,0.01,100,0.2,1.0,,,-0.03,0.02981,0.00033,0.0,0.00968,0.37823
429,439296,73.57744,141.28571,1.0,0.91,0.919192,-0.002031,0.004293,0.002128,0.164289,0.021561,0.810284,60.621941,5.866374,61.622955,6.278765,4.0,0.00025617,7,307,0.06993,0.07458,0.02,0.0,100,0.14286,0.0,,,-0.03,0.03479,0.00059,0.0,0.00998,0.6025
430,440320,59.98636,162.33333,0.83333,0.91,0.891333,-0.001782,0.023113,0.002773,0.183239,0.018585,0.5046,62.378891,6.514728,61.476593,9.500729,4.0,0.00025607,6,328,0.07578,0.08003,0.02,0.0,100,0.16667,0.0,,,-0.03,0.03227,0.00069,0.0,0.0073,0.43581
431,441344,72.36847,168.375,1.0,0.91,0.964764,-0.000918,0.006152,0.002926,0.218861,0.015381,0.515691,61.579681,6.381909,63.068092,5.336277,4.0,0.00025597,8,300,0.06795,0.07035,0.02,0.0,100,0.375,1.0,,,-0.03,0.03549,0.00107,0.0,0.01543,0.64276
432,442368,66.68107,114.66667,0.88889,0.91,1.070474,-0.000515,0.021954,0.003098,0.159476,0.028229,0.368803,62.867905,3.806172,62.929771,7.956989,4.0,0.00025587,9,301,0.0639,0.0672,0.02,0.0,100,0.11111,0.0,,,-0.03,0.03325,0.00107,0.0,0.01384,0.59755
433,443392,63.01911,130.14286,0.85714,0.91,1.083801,-0.002043,0.016018,0.004918,0.160288,0.051193,0.505643,62.548428,4.64051,62.164406,7.824719,4.0,0.00025576,7,301,0.07423,0.07805,0.01,0.0,100,0.14286,0.0,,,-0.03,0.03344,0.00092,0.0,0.01264,0.45292
434,444416,58.16954,131.6,0.8,0.89,1.034917,-0.001245,0.048048,0.00318,0.279544,0.029831,0.491922,59.978168,9.188682,57.957134,12.984266,4.0,0.00025566,10,301,0.0779,0.08561,0.01,0.0,100,0.3,1.0,,,-0.03,0.0326,6e-05,0.0,-0.00207,0.65798
435,445440,73.79305,131.57143,1.0,0.91,1.121294,-0.001924,0.004579,0.00279,0.224983,0.020279,0.386499,62.571335,4.006422,63.536179,4.128724,4.0,0.00025556,7,299,0.09322,0.09552,0.01,0.0,100,0.0,1.0,,,-0.03,0.03596,0.0005,0.0,0.01606,0.53057
436,446464,74.56235,131.77778,1.0,0.92,1.098585,-0.002266,0.002051,0.003131,0.206158,0.028961,0.728797,62.707272,3.608431,63.793518,4.008566,4.0,0.00025546,9,299,0.09146,0.09503,0.01,0.0,100,0.11111,1.0,,,-0.03,0.03584,0.00037,0.0,0.01169,0.68618
437,447488,52.39078,121.42857,0.71429,0.91,1.013433,-0.000531,0.03764,0.003457,0.304556,0.021774,0.282792,62.853546,4.319023,60.656857,10.528717,4.0,0.00025535,7,300,0.08833,0.09593,0.01,0.0,100,0.28571,1.0,,,-0.03,0.0374,0.00041,0.0,0.00169,0.40166
438,448512,63.03261,126.28571,0.85714,0.9,0.983529,-0.001455,0.024827,0.002997,0.236225,0.031662,0.533565,62.232986,6.460434,61.131744,9.77886,4.0,0.00025525,7,310,0.07591,0.08061,0.01,0.0,100,0.28571,0.0,,,-0.03,0.03412,0.00076,0.0,0.00963,0.51499
439,449536,73.95215,126.85714,1.0,0.91,0.970764,-0.000584,0.007137,0.002172,0.164072,0.015991,0.778224,61.548859,7.604523,61.853104,7.932515,4.0,0.00025515,7,302,0.09223,0.09609,0.01,0.0,100,0.42857,0.0,,,-0.03,0.03676,0.00016,0.0,0.01144,0.6127
440,450560,61.98444,128.0,0.83333,0.9,0.955251,-0.000557,0.025727,0.001936,0.219578,0.008652,0.709826,59.491554,10.153353,57.886856,12.50339,4.0,0.00025505,6,302,0.09202,0.09776,0.01,0.0,100,0.16667,0.0,,,-0.03,0.03451,0.0006,0.0,0.00573,0.44597
441,451584,54.70121,190.0,0.75,0.88,1.050031,-0.001289,0.023657,0.002869,0.224727,0.018127,0.737905,59.796173,10.932841,58.793224,13.34518,4.0,0.00025494,8,297,0.08749,0.09276,0.02,0.0,100,0.375,0.0,,,-0.03,0.03749,0.0004,0.0,0.00654,0.48966
442,452608,73.937,138.125,1.0,0.89,1.121454,-0.001145,0.006724,0.003778,0.190682,0.019363,0.241601,63.182278,5.122504,63.808788,4.500384,4.0,0.00025484,8,299,0.08803,0.0903,0.01,0.0,100,0.125,0.0,,,-0.03,0.03419,0.00041,0.0,0.01376,0.63249
443,453632,74.61868,130.28571,1.0,0.9,1.137172,-0.002458,0.004761,0.003545,0.197413,0.035294,0.590725,63.074615,3.525996,63.449234,4.59662,4.0,0.00025474,7,296,0.09503,0.09751,0.01,0.0,100,0.14286,1.0,,,-0.03,0.03509,0.00017,0.0,0.01343,0.52734
444,454656,73.43834,139.42857,1.0,0.9,1.053417,-0.001471,0.004164,0.002736,0.164929,0.01857,0.568228,62.867569,5.189119,63.819065,4.538692,4.0,0.00025464,7,297,0.09059,0.09466,0.01,0.0,100,0.28571,0.0,,,-0.03,0.03601,0.00029,0.0,0.00803,0.54501
445,455680,62.51475,135.14286,0.85714,0.9,1.030418,-0.00124,0.018864,0.002901,0.176503,0.01442,0.53056,64.31839,4.766022,63.829071,9.088944,4.0,0.00025453,7,292,0.07815,0.08284,0.01,0.0,100,0.57143,1.0,,,-0.03,0.0336,0.00048,0.0,0.0086,0.46646
446,456704,74.03312,133.25,1.0,0.91,1.047825,-0.001291,0.011821,0.002516,0.183721,0.015228,0.636834,65.00721,7.464673,64.331963,7.598428,4.0,0.00025443,8,291,0.08805,0.09279,0.01,0.0,100,0.25,1.0,,,-0.03,0.03086,7e-05,0.0,0.00789,0.63174
447,457728,63.6632,156.625,0.875,0.9,0.867275,-0.000825,0.023084,0.000792,0.092006,0.00499,0.58834,61.575607,7.780158,61.362679,10.067924,4.0,0.00025433,8,293,0.08501,0.08907,0.01,0.0,100,0.25,0.0,,,-0.03,0.03587,0.00023,0.0,0.0085,0.63585
448,458752,74.28586,129.5,1.0,0.92,1.048093,-0.001742,0.003672,0.003165,0.216611,0.030945,0.76377,67.286072,6.014807,67.711433,5.542424,4.0,0.00025423,6,293,0.08133,0.0846,0.01,0.0,100,0.16667,1.0,,,-0.03,0.03174,0.00022,0.0,0.0126,0.46231
449,459776,74.15619,128.6,1.0,0.92,1.04481,-0.001025,0.004674,0.00326,0.18937,0.022141,0.785754,66.882782,6.677657,66.257095,6.33284,4.0,0.00025412,5,306,0.09749,0.10087,0.01,0.0,100,0.4,0.0,,,-0.03,0.02559,2e-05,0.0,0.00779,0.39787
450,460800,41.75087,142.6,0.6,0.9,1.098111,-0.001256,0.040184,0.00264,0.392091,0.018539,0.345092,65.37381,5.207286,62.466324,11.061327,4.0,0.00025402,5,304,0.10259,0.10735,0.01,0.0,100,0.6,1.0,,,-0.03,0.03045,-0.0001,0.0,0.00108,0.23389
451,461824,74.09584,142.5,1.0,0.9,1.177636,-0.001747,0.009082,0.001766,0.267464,0.017517,0.488676,63.842194,4.969406,63.053818,5.387905,4.0,0.00025392,6,294,0.11306,0.11524,0.01,0.0,100,0.16667,1.0,,,-0.03,0.02772,-5e-05,0.0,0.00714,0.46903
452,462848,33.14274,292.5,0.5,0.89,1.039909,-0.001084,0.022789,0.002348,0.179613,0.020981,0.411477,61.189621,5.128702,60.255322,8.340663,4.0,0.00025382,6,310,0.1326,0.13923,0.03,0.0,100,0.33333,1.0,,,-0.03,0.03018,-0.00049,0.0,0.00181,0.24836
453,463872,74.16028,129.14286,1.0,0.9,1.106322,-0.002105,0.005411,0.002786,0.190651,0.024963,0.520786,61.581608,4.391611,62.051048,4.855527,4.0,0.00025372,7,294,0.11649,0.11919,0.03,0.0,100,0.14286,1.0,,,-0.03,0.03305,0.00012,0.0,0.01265,0.53154
454,464896,64.87768,123.75,0.875,0.89,1.054517,-0.00115,0.027808,0.003174,0.206618,0.023163,0.370738,60.920929,5.097103,59.608742,8.715097,4.0,0.00025361,8,295,0.09057,0.09565,0.03,0.0,100,0.375,1.0,,,-0.03,0.03233,0.00022,0.0,0.00448,0.53086
455,465920,61.85961,189.57143,0.85714,0.89,0.970794,-0.0017,0.005519,0.002476,0.160697,0.022308,0.683237,60.869499,5.408267,61.117523,5.726617,4.0,0.00025351,7,306,0.08521,0.08871,0.04,0.0,100,0.28571,1.0,,,-0.03,0.03024,0.00031,0.0,0.00773,0.49472
456,466944,57.98834,131.8,0.8,0.9,0.88993,-0.001311,0.02328,0.001509,0.185755,0.007736,0.494909,60.603271,5.706412,59.413811,8.98705,4.0,0.00025341,5,314,0.06635,0.07263,0.03,0.0,100,0.2,0.0,,,-0.03,0.03169,0.00042,0.0,-0.00108,0.3421
457,467968,60.50232,139.66667,0.83333,0.89,0.680026,-0.00106,0.021859,0.00166,0.167587,0.012497,0.658245,60.555756,8.545982,60.075489,11.005858,4.0,0.00025331,6,339,0.06245,0.06779,0.03,0.01,100,0.5,0.66667,,,-0.03,0.02971,0.00102,0.0,0.00895,0.55324
458,468992,57.51912,258.2,0.8,0.88,0.774248,-0.001915,0.004158,0.002226,0.209699,0.018936,0.779155,61.068298,5.054792,60.864365,5.885543,4.0,0.0002532,5,341,0.05979,0.0618,0.04,0.01,100,0.0,1.0,,,-0.03,0.02828,0.00057,0.0,0.01253,0.3799
459,470016,74.91703,124.0,1.0,0.88,0.732081,-0.001511,0.003471,0.002427,0.172618,0.014542,0.888644,62.52095,8.482962,62.327526,8.299597,4.0,0.0002531,2,324,0.07346,0.07747,0.04,0.02,100,0.0,0.0,,,-0.03,0.01992,0.00035,0.0,0.00899,0.20565
460,471040,36.20669,360.0,0.5,0.87,0.796246,-0.001461,0.001494,0.0033,0.328394,0.037323,0.960608,62.445602,8.004929,61.073059,7.864476,4.0,0.000253,2,337,0.07155,0.07324,0.05,0.02,100,0.0,1.0,,,-0.03,0.01455,-0.0007,0.0,0.00327,0.10269
461,472064,68.14313,252.33333,1.0,0.87,0.912938,-0.001742,0.002969,0.003913,0.261192,0.050934,0.809545,59.456673,4.782254,58.561104,5.114583,4.0,0.0002529,3,356,0.05951,0.06132,0.05,0.02,100,0.33333,1.0,,,-0.03,0.01597,-0.00011,0.0,0.00176,0.2722
462,473088,63.97348,343.5,1.0,0.87,0.876228,-0.00167,0.00442,0.002774,0.182477,0.027908,0.791581,57.456562,5.818745,57.0009,6.118371,4.0,0.00025279,4,325,0.05629,0.05948,0.05,0.02,100,0.5,1.0,,,-0.03,0.02163,0.00032,0.0,0.00253,0.34934
463,474112,44.39665,362.16667,0.66667,0.86,0.928474,-0.001607,0.002731,0.00176,0.171273,0.01712,0.796711,61.037285,4.488379,61.173897,4.872954,4.0,0.00025269,6,308,0.0496,0.0515,0.07,0.02,100,0.33333,1.0,,,-0.03,0.02887,0.00112,0.0,0.01269,0.30138
464,475136,61.69265,114.66667,0.83333,0.85,0.909764,-0.000247,0.023373,0.003552,0.205879,0.034576,0.317176,62.459114,3.532623,61.323769,7.896627,4.0,0.00025259,6,303,0.05311,0.05809,0.07,0.02,100,0.5,0.0,,,-0.03,0.02372,0.00046,0.0,0.00864,0.40342
465,476160,72.59073,166.2,1.0,0.85,0.941656,-0.002478,0.005934,0.004615,0.215039,0.052673,0.407893,61.301758,3.491695,60.85775,4.076743,4.0,0.00025249,5,324,0.0768,0.08144,0.07,0.02,100,0.2,1.0,,,-0.03,0.02495,-0.00013,0.0,0.00474,0.39451
466,477184,52.27532,163.625,0.75,0.84,0.949252,-0.001524,0.038654,0.003387,0.201514,0.03714,0.35327,60.267063,4.679527,58.990337,10.343383,4.0,0.00025238,8,301,0.07786,0.08287,0.07,0.02,100,0.625,1.0,,,-0.03,0.02836,0.0002,0.0,0.00753,0.46122
467,478208,61.20744,199.33333,0.83333,0.83,1.016107,-0.002215,0.005112,0.003495,0.19547,0.026611,0.428178,62.855869,4.142383,62.73048,4.074274,4.0,0.00025228,6,321,0.07221,0.07474,0.08,0.02,100,0.16667,1.0,,,-0.03,0.02562,0.00053,0.0,0.01475,0.38471
468,479232,74.38395,117.83333,1.0,0.83,1.022874,-0.001255,0.006231,0.004108,0.169624,0.034821,0.243697,61.136066,3.799115,61.04501,4.219876,4.0,0.00025218,6,329,0.07589,0.07895,0.08,0.02,100,0.0,0.0,,,-0.03,0.02385,0.00024,0.0,0.00787,0.47194
469,480256,75.83007,113.4,1.0,0.85,1.108334,-0.002689,0.003746,0.003932,0.201217,0.054382,0.801286,59.646965,4.635848,59.399216,5.858232,4.0,0.00025208,5,321,0.08683,0.08844,0.08,0.02,100,0.2,1.0,,,-0.03,0.02577,8e-05,0.0,0.01023,0.389
470,481280,59.72072,286.125,0.875,0.87,1.079463,-0.00197,0.003774,0.002444,0.202104,0.024521,0.824979,60.173512,5.732406,60.832382,6.37038,4.0,0.00025197,8,296,0.08363,0.08546,0.07,0.02,100,0.125,1.0,,,-0.03,0.03036,0.00041,0.0,0.0111,0.5057
471,482304,63.7558,117.14286,0.85714,0.86,0.98318,-0.001136,0.019857,0.004454,0.197241,0.034668,0.266409,64.141724,3.041891,63.153816,7.814645,4.0,0.00025187,7,311,0.06752,0.07098,0.07,0.02,100,0.14286,0.0,,,-0.03,0.03236,0.0004,0.0,0.01254,0.45029
472,483328,73.86969,129.375,1.0,0.87,0.96489,-0.001658,0.009102,0.003655,0.216465,0.029465,0.277408,62.454803,5.370458,63.003326,5.051905,4.0,0.00025177,8,295,0.07431,0.0776,0.07,0.02,100,0.25,0.0,,,-0.03,0.029,0.00017,0.0,0.01328,0.63064
473,484352,72.82926,159.625,1.0,0.88,1.018034,-0.001621,0.003325,0.003572,0.228129,0.024307,0.732818,62.577427,4.348169,63.330658,4.771881,4.0,0.00025167,8,295,0.07373,0.07613,0.06,0.03,100,0.0,0.66667,,,-0.03,0.03202,0.00048,0.0,0.01115,0.59292
474,485376,74.64284,118.5,1.0,0.89,0.938496,-0.00127,0.002591,0.001691,0.190911,0.013153,0.653964,64.193924,3.085932,64.901962,3.686477,4.0,0.00025156,8,283,0.07321,0.0762,0.06,0.03,100,0.125,0.0,,,-0.03,0.03664,0.00066,0.0,0.01472,0.60305
475,486400,74.63841,125.8,1.0,0.9,0.837178,-0.001241,0.003163,0.001161,0.155075,0.010254,0.701106,64.559601,4.181972,64.816605,4.322499,4.0,0.00025146,5,294,0.0791,0.08432,0.06,0.03,100,0.2,0.0,,,-0.03,0.03188,0.00012,0.0,0.0099,0.4185
476,487424,60.33712,133.83333,0.83333,0.91,0.836901,-0.001346,0.02155,0.003227,0.178297,0.028641,0.381664,64.632782,3.74001,63.725395,8.133482,4.0,0.00025136,6,308,0.07451,0.07852,0.04,0.03,100,0.33333,0.0,,,-0.03,0.02849,-0.00028,0.0,0.00846,0.4404
477,488448,61.50651,116.33333,0.83333,0.9,0.903902,-0.000762,0.023634,0.002461,0.302594,0.014862,0.54076,64.623535,6.099929,62.767677,9.546697,4.0,0.00025126,6,323,0.07324,0.07821,0.04,0.02,100,0.16667,0.0,,,-0.03,0.02624,7e-05,0.0,0.00649,0.42659
478,489472,72.11877,182.83333,1.0,0.92,0.947628,-0.002257,0.006543,0.002993,0.200219,0.028503,0.76608,60.688404,6.801602,60.659668,7.267058,4.0,0.00025116,6,311,0.07696,0.07831,0.02,0.01,100,0.16667,1.0,,,-0.03,0.02828,4e-05,0.0,0.01352,0.48296
479,490496,62.94158,193.0,0.85714,0.92,0.909585,-0.001882,0.004772,0.004049,0.242441,0.049744,0.805401,61.099846,5.973426,61.449867,6.825418,4.0,0.00025105,7,297,0.06808,0.07104,0.03,0.01,100,0.28571,0.0,,,-0.03,0.03178,0.00067,0.0,0.01233,0.48781
480,491520,72.01517,181.57143,1.0,0.92,0.955213,-0.001639,0.004557,0.004257,0.195454,0.029099,0.733369,62.978813,5.631595,63.290039,5.59202,4.0,0.00025095,7,311,0.07358,0.07694,0.03,0.01,100,0.0,0.0,,,-0.03,0.0298,0.00041,0.0,0.01109,0.5335
481,492544,72.89129,151.14286,1.0,0.94,0.799695,-0.002129,0.004144,0.002552,0.205541,0.02478,0.608969,63.429531,3.978335,63.528,4.303349,4.0,0.00025085,7,303,0.08413,0.08874,0.03,0.01,100,0.14286,1.0,,,-0.03,0.02759,-0.00047,0.0,0.00799,0.6358
482,493568,54.57984,119.25,0.75,0.94,0.701814,-0.000773,0.02414,0.003001,0.271512,0.028763,0.406102,63.053505,4.848413,61.375439,8.408392,4.0,0.00025075,4,354,0.07252,0.08106,0.02,0.01,100,0.25,0.0,,,-0.03,0.0256,0.00062,0.0,0.001,0.31137
483,494592,72.34755,167.0,1.0,0.94,0.716144,-0.001703,0.004588,0.002197,0.197871,0.023132,0.867997,58.967316,6.772851,58.25399,7.354573,4.0,0.00025064,3,344,0.0822,0.08504,0.02,0.01,100,0.66667,0.0,,,-0.03,0.02426,-0.00037,0.0,0.01024,0.32293
484,495616,60.62491,278.25,0.875,0.93,0.775887,-0.000481,0.018995,0.001117,0.154239,0.005707,0.715742,57.835957,10.804792,57.802551,10.921912,4.0,0.00025054,8,332,0.06618,0.07143,0.03,0.01,100,0.25,1.0,,,-0.03,0.03159,-0.00013,0.0,0.00555,0.61909
485,496640,54.68301,117.125,0.75,0.92,0.9077,-0.000558,0.0258,0.002454,0.212048,0.019058,0.552299,62.156769,5.450229,61.151863,10.993159,4.0,0.00025044,8,290,0.06941,0.07355,0.02,0.01,100,0.375,0.0,,,-0.03,0.03456,0.0001,0.0,0.01709,0.46689
486,497664,75.54922,115.14286,1.0,0.93,1.045169,-0.00147,0.007821,0.00308,0.191597,0.020111,0.427473,62.737274,5.015275,62.929428,5.229924,4.0,0.00025034,7,256,0.07851,0.08073,0.02,0.01,100,0.0,0.0,,,-0.03,0.0305,-7e-05,0.0,0.01446,0.52976
487,498688,73.82052,136.2,1.0,0.93,0.930864,-0.000982,0.007127,0.000888,0.136991,0.003006,0.471274,63.615124,4.01188,64.25119,4.902395,4.0,0.00025023,10,189,0.07302,0.07702,0.02,0.01,100,0.2,1.0,,,-0.03,0.03387,0.00034,0.0,0.01616,0.76571
488,499712,61.54721,123.66667,0.83333,0.92,0.91859,-0.001154,0.010988,0.002675,0.1474,0.025558,0.657,63.982464,5.244609,63.496719,7.466687,4.0,0.00025013,6,119,0.08077,0.08453,0.02,0.01,100,0.16667,1.0,,,-0.03,0.028,3e-05,0.0,0.01052,0.39947
489,500736,71.15469,185.33333,1.0,0.92,0.870576,-0.001223,0.00501,0.002209,0.145678,0.01503,0.557695,63.538071,4.978895,63.707191,4.678446,4.0,0.00025003,6,229,0.08467,0.08793,0.02,0.01,100,0.33333,1.0,,,-0.03,0.02671,-0.00056,0.0,0.01002,0.50297
490,501760,74.46781,123.0,1.0,0.92,0.881006,-0.00206,0.002152,0.003136,0.151854,0.026443,0.766743,63.917633,3.530469,63.99205,4.137375,4.0,0.00024993,6,282,0.06817,0.0707,0.02,0.0,100,0.0,1.0,,,-0.03,0.02798,0.00041,0.0,0.01241,0.48777
491,502784,74.4156,123.5,1.0,0.92,0.820932,-0.001705,0.005914,0.002652,0.230301,0.032166,0.747192,62.007236,5.940149,61.313213,6.304513,4.0,0.00024982,4,279,0.07305,0.0786,0.02,0.0,100,0.5,0.0,,,-0.03,0.02492,0.00019,0.0,0.00881,0.36109
492,503808,74.11583,126.0,1.0,0.93,0.767912,-0.002041,0.001775,0.002101,0.201541,0.020706,0.950612,59.031487,7.397859,58.640388,8.436291,4.0,0.00024972,4,288,0.07929,0.08088,0.02,0.0,100,0.0,0.0,,,-0.03,0.02281,-0.00038,0.0,0.01559,0.40774
493,504832,45.80592,327.0,0.66667,0.91,0.816359,-0.000826,0.004767,0.002308,0.130336,0.013367,0.896557,60.293678,9.073333,60.070328,9.021646,4.0,0.00024962,6,298,0.06005,0.06328,0.04,0.0,100,0.16667,1.0,,,-0.03,0.02479,0.00041,0.0,0.00897,0.35485
494,505856,71.7135,182.5,1.0,0.92,0.715799,-0.001571,0.004469,0.001243,0.19266,0.009415,0.914127,60.632183,8.990167,59.759361,9.276381,4.0,0.00024952,4,224,0.06623,0.07212,0.04,0.0,100,0.25,1.0,,,-0.03,0.02104,0.00037,0.0,0.00802,0.40411
495,506880,52.12637,305.75,0.75,0.91,0.744682,-0.000978,0.003484,0.002186,0.206237,0.021057,0.931984,59.138165,8.7667,58.445435,9.053137,4.0,0.00024941,4,221,0.05529,0.05706,0.05,0.0,100,0.75,1.0,,,-0.03,0.02237,0.00059,0.0,0.00881,0.29865
496,507904,72.90398,155.75,1.0,0.92,0.828067,-0.002347,0.003469,0.003645,0.222749,0.038254,0.916087,58.718025,7.547528,58.180958,8.265598,4.0,0.00024931,4,259,0.06066,0.0633,0.04,0.0,100,0.5,0.0,,,-0.03,0.02023,0.00026,0.0,0.0073,0.37719
497,508928,58.32403,233.71429,0.85714,0.91,0.736941,-0.00128,0.023327,0.002852,0.186667,0.031372,0.69548,57.968807,10.150015,56.978825,12.240327,4.0,0.00024921,7,154,0.05055,0.0562,0.04,0.0,100,0.57143,1.0,,,-0.03,0.02848,0.00045,0.0,0.00521,0.51587
498,509952,59.94782,228.33333,0.83333,0.9,0.78599,-0.000266,0.013615,0.001718,0.172566,0.008591,0.723188,59.416595,9.618728,59.26033,9.387974,4.0,0.00024911,6,274,0.05687,0.06356,0.05,0.0,100,0.66667,0.0,,,-0.03,0.02684,0.00058,0.0,0.00817,0.42942
499,510976,71.36,183.25,1.0,0.91,0.797143,-0.001163,0.006663,0.004004,0.16664,0.048477,0.296071,60.296207,4.616472,59.941525,4.349227,4.0,0.000249,4,309,0.07038,0.07608,0.05,0.0,100,0.5,1.0,,,-0.03,0.02234,0.00017,0.0,0.00748,0.36362
500,512000,71.47312,177.16667,1.0,0.91,0.770567,-0.001339,0.003932,0.002882,0.172747,0.024506,0.567961,58.848656,2.895241,59.358337,3.951032,4.0,0.0002489,6,276,0.08142,0.08517,0.05,0.0,100,0.5,1.0,,,-0.03,0.02768,-4e-05,0.0,0.00874,0.54359
501,513024,49.90372,160.85714,0.71429,0.89,0.719158,-0.000628,0.041862,0.001901,0.30796,0.014496,0.250487,58.903954,4.102724,56.844887,10.061758,4.0,0.0002488,7,163,0.07016,0.078,0.05,0.0,100,0.42857,1.0,,,-0.03,0.02695,6e-05,0.0,-0.0011,0.48175
502,514048,57.85084,235.2,0.8,0.91,0.77112,-0.001493,0.006754,0.002881,0.174507,0.032578,0.835237,58.809738,6.844877,58.972336,7.322534,4.0,0.0002487,5,178,0.07604,0.08238,0.05,0.0,100,0.4,1.0,,,-0.03,0.02919,0.00035,0.0,0.00817,0.37765
503,515072,55.86518,175.2,0.8,0.9,0.755454,-0.000891,0.029982,0.002632,0.162937,0.026672,0.152958,59.962891,5.133893,58.983452,7.829239,4.0,0.0002486,5,230,0.07685,0.08566,0.05,0.0,100,0.8,0.0,,,-0.03,0.02937,0.00067,0.0,0.00418,0.37269
504,516096,76.2079,114.0,1.0,0.9,0.954836,-0.002032,0.002047,0.004093,0.264392,0.03923,0.72492,61.352295,3.598263,60.424961,3.492229,4.0,0.00024849,1,347,0.09167,0.09261,0.05,0.0,100,0.0,0.0,,,-0.03,0.0173,-0.00047,0.0,0.0081,0.09137
505,517120,67.59463,282.0,1.0,0.9,0.944528,-0.002021,0.003008,0.003323,0.206354,0.036606,0.693311,59.303535,3.39801,59.102852,4.004518,4.0,0.00024839,6,315,0.08686,0.08834,0.05,0.0,100,0.16667,1.0,,,-0.03,0.02217,-0.00097,0.0,0.00541,0.51088
506,518144,61.05953,127.83333,0.83333,0.89,0.894344,-0.000609,0.026395,0.003464,0.184666,0.024063,0.398102,58.068287,4.455622,57.09544,8.414032,4.0,0.00024829,6,302,0.08333,0.08712,0.05,0.0,100,0.16667,1.0,,,-0.03,0.02965,3e-05,0.0,0.00773,0.44284
507,519168,61.62242,202.5,0.83333,0.89,0.973408,-0.001469,0.004316,0.001881,0.206364,0.015182,0.828925,57.358154,5.5424,57.634331,6.560778,4.0,0.00024819,6,316,0.08244,0.08491,0.06,0.0,100,0.16667,0.0,,,-0.03,0.02778,7e-05,0.0,0.01235,0.42003
508,520192,62.20161,213.85714,0.85714,0.88,1.03505,-0.00182,0.003284,0.003275,0.210958,0.027054,0.735869,59.161331,3.569628,59.758495,4.661949,4.0,0.00024808,7,306,0.09049,0.09197,0.07,0.0,100,0.28571,1.0,,,-0.03,0.02787,-0.00022,0.0,0.01383,0.48231
509,521216,63.58309,146.75,0.875,0.87,0.964877,-0.00135,0.025379,0.004486,0.176351,0.04274,0.286439,59.422306,3.449634,59.319614,7.942038,4.0,0.00024798,8,293,0.095,0.10006,0.07,0.0,100,0.25,1.0,,,-0.03,0.03211,0.00021,0.0,0.01015,0.55289
510,522240,74.06362,120.83333,1.0,0.87,0.983,-0.000887,0.010748,0.003288,0.163396,0.016907,0.284701,59.215096,4.828,59.801815,5.144687,4.0,0.00024788,6,276,0.09373,0.09906,0.07,0.0,100,0.33333,1.0,,,-0.03,0.033,-0.00022,0.0,0.00821,0.49991
511,523264,73.12315,161.71429,1.0,0.88,1.078575,-0.001892,0.00402,0.002957,0.221333,0.023804,0.72121,60.123669,3.958239,60.691956,4.889651,4.0,0.00024778,7,308,0.10638,0.10769,0.06,0.0,100,0.0,1.0,,,-0.03,0.02675,-0.00067,0.0,0.01417,0.54847
512,524288,74.83832,122.0,1.0,0.89,0.992784,-0.002344,0.003367,0.003259,0.22274,0.030121,0.841481,58.843037,4.940175,59.359554,6.213225,4.0,0.00024767,5,298,0.10205,0.10511,0.05,0.0,100,0.0,1.0,,,-0.03,0.0306,-4e-05,0.0,0.00921,0.41104
513,525312,74.64521,121.83333,1.0,0.9,0.87582,-0.001473,0.004964,0.002795,0.169499,0.03009,0.881487,56.936378,7.361723,57.072762,8.456992,4.0,0.00024757,6,310,0.09353,0.09895,0.04,0.01,100,0.0,0.83333,,,-0.03,0.03156,8e-05,0.0,0.00461,0.54557
514,526336,61.0233,200.5,0.83333,0.89,0.852121,-0.001882,0.00239,0.00267,0.228744,0.028183,0.960164,56.993011,9.744016,57.358345,10.799363,4.0,0.00024747,6,276,0.07937,0.08184,0.05,0.01,100,0.16667,1.0,,,-0.03,0.032,9e-05,0.0,0.01368,0.46126
515,527360,62.50371,190.0,0.85714,0.9,0.822665,-0.001544,0.003308,0.003076,0.190918,0.020279,0.944211,60.04641,9.23661,60.879974,10.076197,4.0,0.00024737,7,245,0.07742,0.0803,0.05,0.01,100,0.42857,1.0,,,-0.03,0.03583,0.00062,0.0,0.01539,0.51194
516,528384,74.99611,124.11111,1.0,0.9,0.817459,-0.001923,0.003135,0.003171,0.191275,0.024323,0.959732,60.960823,10.884507,61.58218,11.53896,4.0,0.00024726,9,265,0.0644,0.06782,0.05,0.01,100,0.11111,1.0,,,-0.03,0.03469,0.00049,0.0,0.0141,0.77314
517,529408,64.99225,180.0,0.875,0.9,0.878581,-0.001474,0.002477,0.001411,0.14805,0.009567,0.962911,63.656277,10.310085,64.258911,10.63621,4.0,0.00024716,8,277,0.0581,0.06129,0.06,0.01,100,0.375,1.0,,,-0.03,0.0369,0.00096,0.0,0.01472,0.56206
518,530432,74.66228,124.0,1.0,0.92,0.947025,-0.002164,0.003453,0.003928,0.260629,0.048721,0.555532,67.107399,3.54073,67.145836,3.612127,4.0,0.00024706,7,247,0.06585,0.06872,0.05,0.01,100,0.28571,1.0,,,-0.03,0.03327,0.00085,0.0,0.01428,0.54007
519,531456,74.37782,124.28571,1.0,0.93,0.921796,-0.000868,0.002399,0.002852,0.224326,0.027145,0.610922,66.648201,3.726553,67.045311,3.375658,4.0,0.00024696,7,262,0.05922,0.06181,0.05,0.01,100,0.28571,1.0,,,-0.03,0.03275,0.00093,0.0,0.01348,0.56535
520,532480,73.38257,153.71429,1.0,0.93,1.003675,-0.001753,0.00123,0.003228,0.243258,0.027084,0.537197,67.975716,2.268563,68.031456,2.139204,4.0,0.00024685,7,253,0.06533,0.06767,0.05,0.01,100,0.0,1.0,,,-0.03,0.03468,0.00074,0.0,0.01448,0.52074
521,533504,67.06894,116.8,0.9,0.94,0.95356,-0.001292,0.03084,0.00436,0.191628,0.047699,0.121073,68.043457,1.995835,66.982819,7.599378,4.0,0.00024675,10,242,0.06569,0.06953,0.04,0.01,100,0.3,1.0,,,-0.03,0.03814,0.00082,0.0,0.01341,0.67504
522,534528,75.28556,114.5,1.0,0.95,1.004792,-0.00178,0.002561,0.002251,0.183472,0.020294,-0.024909,67.567368,1.946807,67.723434,1.945776,4.0,0.00024665,8,244,0.06697,0.06908,0.03,0.01,100,0.125,1.0,,,-0.03,0.03544,0.00056,0.0,0.02143,0.5931
523,535552,74.81183,128.11111,1.0,0.96,1.025455,-0.001658,0.002293,0.002856,0.188854,0.026657,0.363378,67.745865,2.622175,67.898598,2.553642,4.0,0.00024655,9,165,0.07905,0.08235,0.03,0.01,100,0.0,1.0,,,-0.03,0.03561,0.00073,0.0,0.01367,0.67163
524,536576,65.37819,110.625,0.875,0.95,0.992618,-0.00033,0.027596,0.003346,0.20422,0.026733,0.244012,67.361908,2.642624,66.075531,7.92935,4.0,0.00024644,8,146,0.07176,0.0762,0.03,0.01,100,0.5,1.0,,,-0.03,0.03577,0.00035,0.0,0.01183,0.527
525,537600,75.27118,115.125,1.0,0.95,1.033036,-0.001655,0.003781,0.003328,0.147534,0.018799,0.44434,67.114937,3.412642,67.09668,3.324328,4.0,0.00024634,8,165,0.08164,0.08406,0.03,0.01,100,0.25,1.0,,,-0.03,0.03535,0.00038,0.0,0.01825,0.60497
526,538624,75.49986,112.875,1.0,0.95,1.030974,-0.002833,0.002168,0.002507,0.172534,0.026215,0.839565,66.085007,4.102003,65.801331,4.807059,4.0,0.00024624,8,281,0.08605,0.08845,0.03,0.0,100,0.0,1.0,,,-0.03,0.03188,-3e-05,0.0,0.01361,0.6366
527,539648,73.88278,147.57143,1.0,0.97,0.997786,-0.001305,0.002573,0.002339,0.208399,0.015488,0.874163,65.614349,5.230007,65.422974,5.726061,4.0,0.00024614,7,270,0.07331,0.07596,0.01,0.0,100,0.14286,1.0,,,-0.03,0.03255,-0.0001,0.0,0.01388,0.54594
528,540672,74.01606,131.0,1.0,0.97,0.930914,-0.002088,0.002628,0.004251,0.204725,0.036514,0.914048,64.812881,6.70119,64.904442,7.165116,4.0,0.00024604,7,286,0.07298,0.07578,0.01,0.0,100,0.14286,1.0,,,-0.03,0.03241,8e-05,0.0,0.01329,0.56443
529,541696,64.26274,182.125,0.875,0.96,0.966744,-0.002918,0.001292,0.003515,0.219515,0.030197,0.964695,65.272865,7.549954,65.455246,8.054278,4.0,0.00024593,8,272,0.07767,0.07992,0.02,0.0,100,0.25,1.0,,,-0.03,0.03251,8e-05,0.0,0.01762,0.53617
530,542720,65.88305,116.66667,0.88889,0.96,0.904997,-0.000718,0.031375,0.001854,0.222251,0.004791,0.25304,67.099274,3.90925,65.510788,8.461138,4.0,0.00024583,9,275,0.07015,0.07706,0.01,0.0,100,0.55556,1.0,,,-0.03,0.03717,-1e-05,0.0,0.00417,0.63118
531,543744,65.79625,111.33333,0.88889,0.95,0.965138,-0.000607,0.024881,0.002556,0.179499,0.022446,0.350259,66.369881,4.577107,65.79451,7.911898,4.0,0.00024573,9,284,0.07037,0.07536,0.01,0.0,100,0.33333,1.0,,,-0.03,0.03738,5e-05,0.0,0.01104,0.61433
532,544768,74.74655,117.8,1.0,0.95,1.027428,-0.001744,0.004624,0.002983,0.178578,0.025833,0.052589,65.724998,3.875145,66.350853,3.360316,4.0,0.00024563,10,277,0.07469,0.07764,0.01,0.0,100,0.2,0.88889,,,-0.03,0.03682,-0.0,0.0,0.01775,0.74411
533,545792,62.71464,130.71429,0.85714,0.94,0.959693,-0.000771,0.030428,0.00345,0.216428,0.028091,0.23025,65.167007,4.911468,64.277328,8.385673,4.0,0.00024552,7,289,0.09019,0.09643,0.01,0.0,100,0.57143,1.0,,,-0.03,0.03551,-0.00026,0.0,0.00863,0.48719
534,546816,75.08122,131.0,1.0,0.95,1.032447,-0.001488,0.009995,0.003228,0.172794,0.030487,0.618128,64.328278,6.063044,64.183701,6.399381,4.0,0.00024542,7,168,0.09682,0.10025,0.01,0.0,100,0.0,0.75,,,-0.03,0.03742,-0.00049,0.0,0.01308,0.54311
535,547840,64.23443,132.75,0.875,0.94,1.030853,-0.000265,0.027922,0.001875,0.128142,0.018478,0.327511,63.210983,5.382418,62.878967,8.412666,4.0,0.00024532,8,120,0.10844,0.11296,0.01,0.0,100,0.5,1.0,,,-0.03,0.03718,-0.00092,0.0,0.00865,0.56684
536,548864,64.46452,124.375,0.875,0.93,1.061928,-0.001065,0.028098,0.002514,0.196927,0.015289,0.29165,64.219742,3.014921,63.431908,7.982332,4.0,0.00024522,8,169,0.11783,0.12251,0.01,0.01,100,0.25,0.88889,,,-0.03,0.04081,-0.0008,0.0,0.00854,0.54562
537,549888,74.58939,132.83333,1.0,0.94,1.100669,-0.002204,0.005438,0.00324,0.209701,0.026886,0.557031,63.503719,4.722872,63.37262,4.710609,4.0,0.00024511,6,168,0.12169,0.12477,0.01,0.01,100,0.0,1.0,,,-0.03,0.03028,-0.00108,0.0,0.01264,0.4841
538,550912,60.10644,118.6,0.8,0.93,1.061325,-0.000877,0.025078,0.002159,0.310918,0.009094,0.518701,61.965889,5.069609,59.87027,9.332399,4.0,0.00024501,5,187,0.11426,0.12008,0.01,0.01,100,0.2,1.0,,,-0.03,0.02894,-0.00105,0.0,0.00188,0.3338
539,551936,42.40055,138.8,0.6,0.91,0.939872,-0.001924,0.0175,0.003846,0.298199,0.046768,0.825428,55.824177,10.587912,54.71714,12.516079,4.0,0.00024491,5,184,0.12709,0.13139,0.01,0.01,100,0.6,1.0,,,-0.03,0.02816,-0.00057,0.0,0.00458,0.27771
540,552960,46.99637,294.66667,0.66667,0.9,0.832305,-0.00125,0.007077,0.002645,0.247786,0.027252,0.937863,54.430031,13.036807,53.277119,13.462254,4.0,0.00024481,3,178,0.13312,0.13652,0.02,0.01,100,0.0,1.0,,,-0.03,0.02354,-0.00152,0.0,0.00388,0.22981
541,553984,35.51142,235.0,0.5,0.88,0.741242,-0.000337,0.023998,0.001551,0.338438,0.010696,0.834946,54.815693,13.56273,52.844376,15.127212,4.0,0.0002447,4,185,0.12244,0.12635,0.03,0.02,100,0.5,0.875,,,-0.03,0.03074,-0.00059,0.0,0.00982,0.22896
542,555008,47.46227,231.0,0.66667,0.86,0.888017,-0.001097,0.025134,0.002152,0.254354,0.024246,0.83395,54.802483,13.678383,53.098595,15.381333,4.0,0.0002446,6,185,0.13173,0.13576,0.04,0.02,100,0.5,1.0,,,-0.03,0.02884,-0.00126,0.0,0.00763,0.40416
543,556032,52.03802,201.85714,0.71429,0.84,0.957767,-0.00197,0.024102,0.002835,0.195468,0.029373,0.808243,54.603382,12.312687,54.255299,14.282887,4.0,0.0002445,7,165,0.11709,0.12135,0.05,0.03,100,0.28571,0.88889,,,-0.03,0.03561,3e-05,0.0,0.00974,0.42642
544,557056,66.33286,169.77778,0.88889,0.84,1.060533,-0.001754,0.006625,0.002267,0.243117,0.018875,0.773479,59.183296,6.825358,60.416893,7.747556,4.0,0.0002444,9,141,0.11079,0.11263,0.05,0.03,100,0.22222,1.0,,,-0.03,0.03862,0.00026,0.0,0.01683,0.60753
545,558080,74.74616,137.0,1.0,0.85,1.079433,-0.002032,0.006193,0.004162,0.288966,0.052109,0.685198,63.10635,6.45138,63.800503,5.91513,4.0,0.00024429,8,133,0.12054,0.12341,0.05,0.03,100,0.125,1.0,,,-0.03,0.03243,-0.00036,0.0,0.01447,0.61337
546,559104,75.11203,124.83333,1.0,0.86,0.950861,-0.00142,0.004878,0.001985,0.170756,0.014267,0.663413,62.907982,4.786053,63.377895,4.916137,4.0,0.00024419,6,171,0.11312,0.11594,0.05,0.03,100,0.0,1.0,,,-0.03,0.03534,-0.00023,0.0,0.0124,0.51434
547,560128,62.89835,166.875,0.875,0.85,0.976308,-0.001008,0.028613,0.002449,0.154614,0.014099,0.285239,63.309654,3.850565,63.064232,8.127288,4.0,0.00024409,8,161,0.09555,0.09898,0.05,0.03,100,0.375,1.0,,,-0.03,0.03833,4e-05,0.0,0.00996,0.54241
548,561152,66.67845,112.55556,0.88889,0.85,0.965661,-0.001372,0.031323,0.00378,0.256052,0.034042,0.493559,63.670879,6.387147,62.919327,9.90329,4.0,0.00024399,9,224,0.08838,0.09386,0.05,0.03,100,0.22222,1.0,,,-0.03,0.04052,0.00066,0.0,0.01088,0.60296
549,562176,62.16874,141.14286,0.85714,0.84,0.83441,-0.001077,0.041039,0.003168,0.247126,0.034912,0.455062,60.654438,9.999993,60.157242,11.192349,4.0,0.00024388,7,272,0.08517,0.09284,0.05,0.03,100,0.28571,1.0,,,-0.03,0.03331,5e-05,0.0,0.00257,0.52974
550,563200,74.42384,130.75,1.0,0.85,1.009014,-0.001741,0.004866,0.002189,0.259563,0.016006,0.502259,63.189484,4.624228,64.393806,4.341979,4.0,0.00024378,8,266,0.08479,0.0873,0.05,0.03,100,0.0,1.0,,,-0.03,0.0373,0.00039,0.0,0.01661,0.59492
551,564224,63.86007,117.28571,0.85714,0.85,1.010594,-0.000588,0.019591,0.001408,0.137781,0.001999,0.548056,63.789352,5.040745,63.120033,9.012298,4.0,0.00024368,7,249,0.08287,0.08643,0.05,0.04,100,0.42857,0.66667,,,-0.03,0.03323,0.00039,0.0,0.0101,0.46346
552,565248,73.04677,160.85714,1.0,0.85,1.038222,-0.002089,0.006076,0.003728,0.185094,0.034592,0.39348,65.417313,5.519979,65.731842,4.456585,4.0,0.00024358,7,284,0.08638,0.08864,0.05,0.04,100,0.14286,1.0,,,-0.03,0.03003,0.00037,0.0,0.01331,0.54642
553,566272,73.63006,156.42857,1.0,0.87,0.923519,-0.001991,0.003926,0.001998,0.178366,0.018631,0.665122,64.809692,4.699263,65.374992,4.477879,4.0,0.00024348,7,268,0.07428,0.07707,0.05,0.03,100,0.0,1.0,,,-0.03,0.03082,0.00065,0.0,0.01536,0.55769
554,567296,73.5433,145.0,1.0,0.88,0.89997,-0.00194,0.002526,0.002437,0.174445,0.023224,0.679146,65.514931,3.892454,65.286575,3.672195,4.0,0.00024337,4,273,0.08043,0.08382,0.05,0.03,100,0.25,1.0,,,-0.03,0.02604,0.00046,0.0,0.01348,0.33787
555,568320,62.84427,129.85714,0.85714,0.9,0.963865,-0.000866,0.023749,0.002361,0.250886,0.02037,0.408743,64.932678,4.253264,63.335228,8.455659,4.0,0.00024327,7,290,0.06868,0.07231,0.03,0.03,100,0.28571,1.0,,,-0.03,0.02452,0.00023,0.0,0.00672,0.50968
556,569344,73.22679,160.66667,1.0,0.9,0.882012,-0.001018,0.013481,0.001659,0.188683,0.008194,0.625721,61.954628,7.185439,60.820751,7.447206,4.0,0.00024317,3,276,0.06987,0.07515,0.03,0.03,100,0.0,1.0,,,-0.03,0.02636,0.00044,0.0,0.00617,0.26534
557,570368,57.37309,242.6,0.8,0.91,0.871512,-0.001319,0.004369,0.002605,0.162592,0.029846,0.819805,60.914032,6.073896,60.499603,6.392288,4.0,0.00024307,5,307,0.08838,0.09093,0.03,0.03,100,0.2,1.0,,,-0.03,0.02542,-0.00029,0.0,0.00899,0.38871
558,571392,70.4044,213.42857,1.0,0.93,0.854482,-0.002253,0.002568,0.003487,0.265674,0.039551,0.888576,62.1782,5.703135,62.611954,6.37148,4.0,0.00024296,7,311,0.07465,0.07806,0.02,0.02,100,0.14286,1.0,,,-0.03,0.03572,0.00031,0.0,0.01383,0.58092
559,572416,74.82182,126.16667,1.0,0.94,0.885586,-0.001555,0.002837,0.003092,0.227011,0.033066,0.944611,62.073288,8.441162,62.100452,9.11006,4.0,0.00024286,6,313,0.09594,0.09903,0.01,0.01,100,0.33333,1.0,,,-0.03,0.03125,-0.00018,0.0,0.01536,0.53545
560,573440,59.62189,252.5,0.83333,0.93,0.88716,-0.001582,0.007244,0.002904,0.274785,0.035065,0.878325,60.985882,9.103649,59.608505,9.559505,4.0,0.00024276,6,284,0.08732,0.09218,0.02,0.01,100,0.33333,1.0,,,-0.03,0.02364,-0.00032,0.0,0.00054,0.42334
561,574464,46.25866,171.66667,0.66667,0.91,0.676716,-0.000798,0.049855,0.000949,0.301653,0.007614,0.431164,59.490234,7.120139,57.25259,11.566841,4.0,0.00024266,6,329,0.06918,0.07772,0.02,0.01,100,0.83333,1.0,,,-0.03,0.03252,0.00051,0.0,0.00266,0.4097
562,575488,73.38368,144.0,1.0,0.91,0.981308,-0.001834,0.003576,0.003699,0.220191,0.031815,0.921947,61.782597,8.017974,61.11414,8.325113,4.0,0.00024255,2,296,0.08712,0.0897,0.02,0.01,100,0.5,1.0,,,-0.03,0.02289,0.0002,0.0,0.01669,0.16939
563,576512,55.40277,210.8,0.8,0.91,1.049541,-0.000679,0.025163,0.002663,0.282907,0.026825,0.722783,59.239708,9.914045,57.082436,11.797233,4.0,0.00024245,5,316,0.11116,0.11424,0.02,0.01,100,0.4,1.0,,,-0.03,0.01878,-0.00078,0.0,0.00099,0.33845
564,577536,51.65659,319.75,0.75,0.9,1.023547,-0.001575,0.00382,0.002461,0.216649,0.020065,0.936071,58.220909,8.619469,57.861248,9.021173,4.0,0.00024235,4,311,0.09513,0.0975,0.03,0.01,100,0.5,1.0,,,-0.03,0.02655,0.0001,0.0,0.01187,0.23964
565,578560,68.61915,250.4,1.0,0.9,1.087474,-0.001571,0.006504,0.003093,0.235109,0.034668,0.415151,59.819263,4.653581,59.811676,4.341987,4.0,0.00024225,5,260,0.11769,0.11952,0.03,0.01,100,0.2,1.0,,,-0.03,0.02,-0.00082,0.0,0.00778,0.40301
566,579584,70.15278,223.0,1.0,0.91,1.171704,-0.001575,0.002589,0.004268,0.192529,0.031265,-0.076165,60.792503,1.725276,60.874863,2.011752,4.0,0.00024214,4,223,0.10156,0.10266,0.03,0.01,100,0.25,1.0,,,-0.03,0.02757,0.00012,0.0,0.01829,0.28885
567,580608,73.9663,152.25,1.0,0.92,1.248074,-0.002123,0.003365,0.002035,0.231467,0.018784,0.379941,60.937214,1.774592,60.236637,2.814641,4.0,0.00024204,4,235,0.11389,0.11649,0.03,0.01,100,0.0,1.0,,,-0.03,0.02177,-0.00083,0.0,0.00503,0.29828
568,581632,58.11585,210.5,0.83333,0.91,1.115155,-0.000198,0.01583,0.002856,0.172257,0.027145,0.238214,58.859253,1.910298,58.124557,5.7993,4.0,0.00024194,6,218,0.11414,0.1181,0.03,0.01,100,0.16667,1.0,,,-0.03,0.02526,-0.0008,0.0,0.00365,0.38455
569,582656,74.28949,140.2,1.0,0.91,1.060015,-0.002563,0.003774,0.002943,0.232699,0.03299,0.749503,57.231739,3.575384,57.361923,5.067655,4.0,0.00024184,5,239,0.10952,0.11084,0.03,0.01,100,0.4,1.0,,,-0.03,0.02486,-0.00026,0.0,0.01361,0.42105
570,583680,60.75395,213.0,0.83333,0.9,0.980691,-0.002282,0.005126,0.003201,0.186493,0.030685,0.839033,56.399036,5.990236,56.251225,7.309683,4.0,0.00024173,6,154,0.09773,0.10143,0.04,0.01,100,0.16667,1.0,,,-0.03,0.02942,0.00037,0.0,0.00784,0.43381
571,584704,51.42224,193.0,0.71429,0.89,0.982408,-0.000867,0.025859,0.002843,0.258464,0.024231,0.728965,54.738232,9.588862,53.673473,12.199035,4.0,0.00024163,7,205,0.10166,0.10557,0.05,0.01,100,0.42857,1.0,,,-0.03,0.0333,-0.00013,0.0,0.00585,0.43913
572,585728,63.77595,199.0,0.85714,0.88,1.010446,-0.001958,0.004071,0.002879,0.286243,0.032776,0.927686,57.121212,8.603089,57.898529,9.647183,4.0,0.00024153,7,171,0.11161,0.11369,0.06,0.0,100,0.28571,1.0,,,-0.03,0.03573,-0.0002,0.0,0.01323,0.51258
573,586752,62.8874,148.28571,0.85714,0.87,1.078247,-0.001641,0.028695,0.005201,0.258498,0.067612,0.338706,59.628582,4.266079,59.605927,8.297649,4.0,0.00024143,7,224,0.11463,0.11811,0.06,0.0,100,0.28571,1.0,,,-0.03,0.03908,0.00025,0.0,0.01249,0.4479
574,587776,67.10094,125.8,0.9,0.88,1.085285,-4.7e-05,0.028423,0.003737,0.205754,0.033051,0.366312,59.988712,4.205257,60.02261,8.570785,4.0,0.00024132,10,215,0.12568,0.13055,0.05,0.0,100,0.4,1.0,,,-0.03,0.04115,-2e-05,0.0,0.00936,0.68182
575,588800,62.20016,122.33333,0.83333,0.87,1.097956,-0.001619,0.025,0.002776,0.181512,0.024643,0.46285,59.404533,6.267966,59.693199,9.395166,4.0,0.00024122,6,214,0.13195,0.1358,0.05,0.0,100,0.33333,1.0,,,-0.03,0.03913,0.00024,0.0,0.01183,0.37442
576,589824,63.49012,136.71429,0.85714,0.86,1.085731,-0.001639,0.031338,0.002132,0.181025,0.017471,0.51606,60.335732,7.859579,59.715466,10.256278,4.0,0.00024112,7,230,0.13425,0.13832,0.05,0.0,100,0.14286,1.0,,,-0.03,0.03925,0.00011,0.0,0.00943,0.44313
577,590848,75.84645,119.42857,1.0,0.87,1.05936,-0.002066,0.010381,0.001753,0.193375,0.013092,0.610511,61.208912,6.32919,61.749557,6.853987,4.0,0.00024102,7,251,0.13576,0.13787,0.04,0.0,100,0.14286,1.0,,,-0.03,0.03912,0.00033,0.0,0.01592,0.55224
578,591872,62.24833,116.66667,0.83333,0.87,0.889734,-0.000855,0.022487,0.001468,0.144412,0.010086,0.63713,58.987694,7.778227,58.847069,10.00188,4.0,0.00024092,6,267,0.13676,0.14257,0.04,0.0,100,0.5,1.0,,,-0.03,0.03388,-2e-05,0.0,0.00716,0.45153
579,592896,73.13759,169.75,1.0,0.88,0.875553,-0.002162,0.003595,0.002842,0.167825,0.03685,0.950273,58.929596,10.954201,58.816551,11.46209,4.0,0.00024081,4,301,0.13447,0.13708,0.04,0.0,100,0.0,1.0,,,-0.03,0.02904,-0.0007,0.0,0.0084,0.39606
580,593920,50.67126,218.28571,0.71429,0.87,0.829264,-0.001298,0.029445,0.002585,0.229835,0.020493,0.778392,57.029873,12.778544,55.520634,14.420379,4.0,0.00024071,7,335,0.10962,0.11534,0.05,0.0,100,0.57143,1.0,,,-0.03,0.03224,-2e-05,0.0,0.00216,0.49137
581,594944,73.91613,149.66667,1.0,0.88,0.957102,-0.000865,0.005934,0.002991,0.281057,0.028275,0.945441,56.217804,12.965473,56.989506,13.792342,4.0,0.00024061,6,318,0.11186,0.11367,0.04,0.0,100,0.16667,1.0,,,-0.03,0.03571,0.0004,0.0,0.01838,0.49514
582,595968,64.83613,192.28571,0.85714,0.87,1.060849,-0.001836,0.005679,0.003196,0.175925,0.019363,0.908092,60.819572,9.653644,61.312199,10.05209,4.0,0.00024051,7,285,0.13791,0.14136,0.05,0.0,100,0.14286,1.0,,,-0.03,0.03691,2e-05,0.0,0.01314,0.45951
583,596992,73.29745,155.66667,1.0,0.88,1.052943,-0.002197,0.004095,0.003732,0.176295,0.031189,0.554226,62.602287,4.592606,63.15815,4.181577,4.0,0.0002404,6,244,0.12445,0.12637,0.05,0.0,100,0.33333,1.0,,,-0.03,0.03144,-0.00014,0.0,0.0137,0.45402
584,598016,73.1137,169.5,1.0,0.88,1.169923,-0.00163,0.002147,0.002796,0.187757,0.029526,0.700707,63.839111,3.821892,63.901123,3.643391,4.0,0.0002403,6,254,0.14779,0.14912,0.05,0.0,100,0.33333,1.0,,,-0.03,0.02709,-0.00071,0.0,0.00891,0.45212
585,599040,62.47993,180.75,0.875,0.88,1.078634,-0.001082,0.024638,0.004375,0.189646,0.03653,0.391489,63.432167,4.112046,62.548332,8.410605,4.0,0.0002402,8,291,0.12422,0.12803,0.04,0.0,100,0.25,1.0,,,-0.03,0.03153,8e-05,0.0,0.00971,0.50774
586,600064,62.55159,145.14286,0.85714,0.89,1.029851,-0.001841,0.026099,0.003819,0.213728,0.047501,0.510384,63.203251,5.437888,62.335541,9.155975,4.0,0.0002401,7,309,0.11051,0.11489,0.03,0.0,100,0.42857,1.0,,,-0.03,0.0337,0.00022,0.0,0.00961,0.44629
587,601088,74.67274,131.5,1.0,0.9,1.121603,-0.001989,0.006034,0.003437,0.148674,0.02742,0.176821,64.65126,5.262971,64.815269,3.982163,4.0,0.00023999,4,307,0.14,0.14261,0.02,0.0,100,0.5,1.0,,,-0.03,0.02572,-0.00043,0.0,0.01083,0.30814
588,602112,59.11951,187.83333,0.83333,0.89,1.165003,-0.001461,0.019491,0.003249,0.262086,0.02565,0.464038,63.812977,3.636545,62.322018,8.230921,4.0,0.00023989,6,289,0.15289,0.15552,0.02,0.0,100,0.16667,1.0,,,-0.03,0.02879,-0.00064,0.0,0.00563,0.36736
589,603136,72.6433,184.125,1.0,0.9,1.158146,-0.001921,0.006739,0.003002,0.25996,0.028946,-0.066624,62.80513,4.032652,63.475765,3.488194,4.0,0.00023979,8,282,0.14419,0.14579,0.02,0.0,100,0.125,1.0,,,-0.03,0.03811,7e-05,0.0,0.01472,0.57941
590,604160,74.66587,130.125,1.0,0.92,0.980263,-0.000623,0.006682,0.002736,0.208371,0.01889,0.304539,62.530277,4.435659,63.243065,4.243872,4.0,0.00023969,8,164,0.14621,0.15078,0.02,0.0,100,0.25,0.0,,,-0.03,0.03716,0.00014,0.0,0.00998,0.64825
591,605184,74.8464,131.0,1.0,0.92,1.034505,-0.001839,0.001991,0.002772,0.224638,0.017792,0.755506,62.522591,2.674792,63.331512,3.605242,4.0,0.00023958,7,164,0.13979,0.14257,0.02,0.0,100,0.28571,1.0,,,-0.03,0.03933,0.00026,0.0,0.01358,0.52158
592,606208,74.56788,130.33333,1.0,0.93,0.955543,-0.001096,0.008322,0.003269,0.242518,0.034027,0.687899,63.130692,4.788384,63.422012,6.330667,4.0,0.00023948,9,145,0.12984,0.13457,0.02,0.0,100,0.44444,1.0,,,-0.03,0.04108,0.00019,0.0,0.00822,0.71191
593,607232,57.37425,122.33333,0.77778,0.92,0.960781,-0.000926,0.03627,0.002776,0.170369,0.026764,0.374449,63.27993,5.208319,62.655056,10.004823,4.0,0.00023938,9,182,0.1274,0.13327,0.02,0.0,100,0.44444,1.0,,,-0.03,0.04139,0.00047,0.0,0.00849,0.54129
594,608256,63.79264,120.85714,0.85714,0.92,0.985524,-0.001746,0.0377,0.003684,0.219374,0.025543,0.367658,64.717598,5.671434,63.536152,9.548643,4.0,0.00023928,7,144,0.11706,0.12198,0.01,0.0,100,0.57143,0.0,,,-0.03,0.03843,0.00059,0.0,0.00943,0.45284
595,609280,63.40635,116.85714,0.85714,0.92,0.976897,-0.000278,0.01644,0.0025,0.161439,0.017776,0.784067,62.518425,9.711804,62.541874,11.146453,4.0,0.00023917,7,240,0.1181,0.12432,0.01,0.0,100,0.57143,1.0,,,-0.03,0.03643,8e-05,0.0,0.00661,0.47784
596,610304,73.76138,155.0,1.0,0.93,1.01535,-0.00142,0.005355,0.002146,0.217059,0.015091,0.483796,64.112518,4.6245,64.847656,4.271958,4.0,0.00023907,8,283,0.12261,0.1243,0.0,0.0,100,0.125,1.0,,,-0.03,0.03389,0.00035,0.0,0.01629,0.5956
597,611328,74.93517,132.375,1.0,0.93,1.095091,-0.002341,0.00212,0.003104,0.226569,0.037399,0.711207,65.044342,3.670747,65.696732,3.542514,4.0,0.00023897,8,289,0.12539,0.12696,0.0,0.0,100,0.125,1.0,,,-0.03,0.03368,0.00025,0.0,0.01706,0.58002
598,612352,61.31889,139.33333,0.83333,0.92,1.050426,-0.000291,0.026705,0.00264,0.208562,0.018082,0.258631,65.454559,3.558501,64.16436,7.947179,4.0,0.00023887,6,281,0.11105,0.11432,0.0,0.0,100,0.33333,1.0,,,-0.03,0.03413,0.00013,0.0,0.00853,0.36612
599,613376,62.08072,164.42857,0.85714,0.92,0.903216,-0.001073,0.037567,0.002592,0.203017,0.03302,0.455059,60.988472,8.645476,59.554359,10.509912,4.0,0.00023876,7,323,0.1186,0.12385,0.0,0.0,100,0.14286,1.0,,,-0.03,0.02974,-5e-05,0.0,0.00512,0.51924
600,614400,74.65436,126.85714,1.0,0.93,0.913717,-0.001823,0.011885,0.003558,0.155246,0.021957,0.870355,59.176674,11.338849,59.63615,11.965759,4.0,0.00023866,7,311,0.11735,0.12032,0.0,0.0,100,0.14286,1.0,,,-0.03,0.039,0.00026,0.0,0.01342,0.59964
601,615424,55.83822,114.75,0.75,0.92,0.904909,-0.001886,0.038611,0.003689,0.356672,0.031113,0.761611,57.825039,13.51892,55.989609,16.908459,4.0,0.00023856,8,302,0.12799,0.13402,0.0,0.0,100,0.375,1.0,,,-0.03,0.0412,0.00067,0.0,0.00887,0.51252
602,616448,60.20227,117.0,0.8,0.91,0.933303,-0.001695,0.033991,0.004017,0.229833,0.040039,0.829343,57.49041,16.447412,56.208038,17.672106,4.0,0.00023846,5,302,0.13877,0.14322,0.0,0.0,100,0.2,0.0,,,-0.03,0.03869,0.00034,0.0,0.01002,0.34697
603,617472,56.02349,237.75,0.75,0.9,1.117692,-0.002513,0.005304,0.004319,0.209542,0.043839,0.935267,61.116528,11.523252,60.508575,11.492723,4.0,0.00023836,4,330,0.17586,0.17746,0.01,0.0,100,0.5,0.0,,,-0.03,0.02713,-0.00077,0.0,0.01191,0.25194
604,618496,73.26517,164.0,1.0,0.9,1.175592,-0.002466,0.008366,0.004244,0.241369,0.049149,0.850612,59.264507,8.65219,58.071102,8.958281,4.0,0.00023825,3,328,0.20686,0.20932,0.01,0.0,100,0.33333,1.0,,,-0.03,0.02171,-0.00125,0.0,0.00679,0.24771
605,619520,68.68042,248.6,1.0,0.9,1.212839,-0.001746,0.016149,0.004097,0.222474,0.047485,0.772833,56.096226,10.131309,55.536736,10.498338,4.0,0.00023815,5,285,0.18562,0.18865,0.01,0.0,100,0.4,1.0,,,-0.03,0.02349,-0.00117,0.0,0.00175,0.3981
606,620544,42.98967,228.0,0.6,0.88,1.251057,-0.001771,0.009346,0.004185,0.182772,0.034515,0.853753,56.668159,8.409202,56.176819,9.824864,4.0,0.00023805,5,312,0.2012,0.20305,0.02,0.0,100,0.8,1.0,,,-0.03,0.02317,-0.00095,0.0,0.00914,0.23334
607,621568,62.02247,212.57143,0.85714,0.87,1.223068,-0.001843,0.005737,0.002679,0.232318,0.026642,0.596079,58.31345,4.033404,58.975182,5.106544,4.0,0.00023795,7,303,0.17067,0.17267,0.03,0.0,100,0.28571,1.0,,,-0.03,0.03454,-0.00028,0.0,0.01183,0.44486
608,622592,63.6095,188.85714,0.85714,0.87,1.166574,-0.002406,0.004404,0.003697,0.271924,0.037079,0.811113,58.752224,4.791759,59.698532,6.057608,4.0,0.00023784,7,288,0.15096,0.15244,0.04,0.0,100,0.0,1.0,,,-0.03,0.03219,0.00017,0.0,0.0165,0.44771
609,623616,74.45522,139.0,1.0,0.88,1.060177,-0.001607,0.004454,0.001929,0.253542,0.014969,0.673398,60.765987,4.015452,62.255455,4.511437,4.0,0.00023774,9,305,0.14159,0.14419,0.04,0.0,100,0.33333,1.0,,,-0.03,0.04029,0.00011,0.0,0.01616,0.68819
610,624640,76.07378,119.88889,1.0,0.9,1.084964,-0.003539,0.002462,0.004711,0.318045,0.061584,0.84837,62.15567,4.422095,63.814381,4.688321,4.0,0.00023764,9,277,0.13469,0.13628,0.04,0.0,100,0.0,1.0,,,-0.03,0.03986,0.00037,0.0,0.0193,0.65963
611,625664,75.5458,119.0,1.0,0.9,1.016229,-0.000862,0.003269,0.003103,0.212451,0.012894,0.799798,63.323586,4.540558,64.119247,4.836027,4.0,0.00023754,8,279,0.1141,0.11772,0.04,0.0,100,0.0,1.0,,,-0.03,0.03697,0.00051,0.0,0.01208,0.60917
612,626688,75.27909,119.28571,1.0,0.9,0.993185,-0.001899,0.002181,0.002947,0.191039,0.029434,0.864791,64.308113,4.491955,65.271324,4.791118,4.0,0.00023743,7,313,0.10539,0.10684,0.04,0.0,100,0.28571,0.0,,,-0.03,0.03689,0.00043,0.0,0.01878,0.53618
613,627712,76.09987,118.5,1.0,0.91,0.993417,-0.002234,0.001675,0.004845,0.270114,0.041107,0.903246,64.951416,4.930006,65.716812,5.382258,4.0,0.00023733,8,274,0.10437,0.10582,0.04,0.0,100,0.0,1.0,,,-0.03,0.03771,0.0004,0.0,0.01923,0.61008
614,628736,75.13155,120.71429,1.0,0.92,0.898882,-0.000423,0.012378,0.004466,0.231193,0.044464,0.710447,63.88905,8.542869,63.697029,8.407132,4.0,0.00023723,7,276,0.0948,0.09821,0.04,0.0,100,0.28571,0.0,,,-0.03,0.03349,0.00032,0.0,0.01139,0.5647
615,629760,63.82149,185.14286,0.85714,0.91,0.805718,-0.001559,0.002649,0.0023,0.163525,0.017715,0.933271,63.405968,7.373271,63.670891,8.311853,4.0,0.00023713,7,253,0.06955,0.07162,0.05,0.0,100,0.14286,1.0,,,-0.03,0.03728,0.00109,0.0,0.01697,0.51317
616,630784,75.25981,110.14286,1.0,0.92,0.77443,-0.000829,0.005959,0.001373,0.132879,0.007553,0.911003,64.03569,10.056311,64.503754,10.117563,4.0,0.00023702,7,297,0.06232,0.06634,0.05,0.0,100,0.28571,0.0,,,-0.03,0.0407,0.00103,0.0,0.01715,0.60428
617,631808,75.27767,106.75,1.0,0.94,0.76825,-0.00162,0.004313,0.002187,0.140635,0.017242,0.955093,63.873039,11.289047,63.976589,11.965298,4.0,0.00023692,8,294,0.06201,0.06773,0.05,0.0,100,0.25,0.0,,,-0.03,0.03687,0.00115,0.0,0.01694,0.69039
618,632832,62.47678,146.33333,0.83333,0.94,0.786924,-0.000594,0.00962,0.002116,0.10619,0.010315,0.910102,64.014954,11.629607,63.780277,12.738767,4.0,0.00023682,12,304,0.05699,0.0607,0.05,0.0,100,0.41667,1.0,,,-0.03,0.03643,0.00075,0.0,0.01253,0.81057
619,633856,75.07519,117.125,1.0,0.96,0.843644,-0.001278,0.002073,0.001145,0.148445,0.004776,0.561256,67.616249,2.995259,68.107506,2.728549,4.0,0.00023672,8,258,0.06092,0.06287,0.03,0.0,100,0.125,0.0,,,-0.03,0.03961,0.00114,0.0,0.01719,0.60169
620,634880,75.93613,110.875,1.0,0.97,0.869016,-0.001742,0.002328,0.002141,0.182733,0.014511,0.751676,67.879463,3.168196,68.15094,3.777647,4.0,0.00023661,8,297,0.09267,0.09475,0.02,0.0,100,0.125,0.0,,,-0.03,0.03721,0.0006,0.0,0.02164,0.58487
621,635904,75.33166,109.28571,1.0,0.97,0.857542,-0.002343,0.001995,0.002683,0.145974,0.025635,0.818054,68.124329,4.316985,68.141991,4.23677,4.0,0.00023651,7,332,0.0708,0.07393,0.02,0.0,100,0.57143,0.0,,,-0.03,0.03227,0.00042,0.0,0.01356,0.56363
622,636928,73.81643,139.0,1.0,0.97,0.857925,-0.001336,0.003284,0.002194,0.191442,0.016342,0.760744,67.89518,4.119831,67.277161,4.526675,4.0,0.00023641,5,308,0.07804,0.08152,0.02,0.0,100,0.2,1.0,,,-0.03,0.02838,0.00069,0.0,0.0146,0.41598
623,637952,73.06454,161.375,1.0,0.97,0.894433,-0.001194,0.002452,0.002668,0.148723,0.016403,0.803912,67.263245,4.615688,67.04245,4.529071,4.0,0.00023631,8,299,0.07687,0.07901,0.02,0.0,100,0.375,0.5,,,-0.03,0.02873,0.00024,0.0,0.01331,0.65227
624,638976,75.0906,111.75,1.0,0.97,0.946153,-0.001871,0.002058,0.002832,0.224681,0.026825,0.821046,67.349243,3.554936,66.975479,4.201506,4.0,0.0002362,8,310,0.0716,0.07387,0.02,0.0,100,0.125,1.0,,,-0.03,0.0295,0.00011,0.0,0.01259,0.61876
625,640000,74.86025,114.42857,1.0,0.97,0.936561,-0.002032,0.001238,0.001879,0.194239,0.01796,0.941747,66.569061,5.228295,66.117729,5.95043,4.0,0.0002361,7,321,0.06709,0.06956,0.02,0.0,100,0.28571,1.0,,,-0.03,0.02938,0.00045,0.0,0.01242,0.54211
626,641024,64.67617,171.875,0.875,0.96,0.839138,-0.002004,0.001553,0.003657,0.247345,0.035599,0.923832,67.490143,5.059138,67.195847,5.598283,4.0,0.000236,8,286,0.05194,0.05533,0.03,0.0,100,0.375,0.0,,,-0.03,0.03237,0.00084,0.0,0.01605,0.53891
627,642048,64.83742,171.75,0.875,0.95,0.792061,-0.002338,0.001945,0.002517,0.204896,0.02182,0.584099,69.138794,2.382732,68.711365,2.642645,4.0,0.0002359,8,317,0.04299,0.04529,0.04,0.0,100,0.25,1.0,,,-0.03,0.03049,0.00052,0.0,0.01572,0.53405
628,643072,63.23522,120.57143,0.85714,0.95,0.797682,-0.000734,0.027449,0.002826,0.254282,0.015961,0.331046,68.416,2.590188,66.817184,8.13893,4.0,0.0002358,7,273,0.04238,0.04662,0.03,0.0,100,0.42857,1.0,,,-0.03,0.0314,0.00072,0.0,0.01183,0.47285
629,644096,74.54548,118.2,1.0,0.95,0.856091,-0.00169,0.005753,0.001408,0.158144,0.012985,0.625688,67.513069,4.731827,67.26075,4.821973,4.0,0.00023569,10,298,0.04627,0.0495,0.03,0.0,100,0.3,0.0,,,-0.03,0.03187,0.00077,0.0,0.01342,0.77843
630,645120,74.72865,113.85714,1.0,0.96,0.869549,-0.00158,0.003051,0.001546,0.181492,0.010864,0.890978,66.385147,6.075101,66.203674,6.63358,4.0,0.00023559,7,321,0.05473,0.05663,0.03,0.0,100,0.28571,0.0,,,-0.03,0.03077,0.00038,0.0,0.01601,0.53313
631,646144,65.62515,164.22222,0.88889,0.96,0.824973,-0.001753,0.0023,0.00403,0.244658,0.042755,0.890422,67.445381,5.389703,67.41835,5.6786,4.0,0.00023549,9,300,0.04583,0.04885,0.03,0.0,100,0.22222,0.0,,,-0.03,0.03418,0.00076,0.0,0.01688,0.60976
632,647168,74.44385,111.75,1.0,0.96,0.827374,-0.00165,0.00293,0.002755,0.172845,0.01973,0.420116,68.465317,2.982328,68.408379,2.833043,4.0,0.00023539,8,284,0.05473,0.05853,0.03,0.0,100,0.625,1.0,,,-0.03,0.03206,0.00042,0.0,0.01427,0.61872
633,648192,74.76184,108.66667,1.0,0.96,0.881681,-0.001147,0.004045,0.002852,0.186946,0.019058,0.492802,67.475113,3.105876,66.903015,3.527674,4.0,0.00023528,6,319,0.05932,0.06411,0.03,0.01,100,0.16667,0.0,,,-0.03,0.03061,0.00041,0.0,0.00831,0.47623
634,649216,65.85097,140.7,0.9,0.95,0.889353,-6.7e-05,0.018104,0.00137,0.107033,0.009857,0.360418,67.373131,2.976414,66.952843,6.663012,4.0,0.00023518,10,300,0.05483,0.05792,0.03,0.01,100,0.3,1.0,,,-0.03,0.03322,0.00041,0.0,0.01628,0.66508
635,650240,74.59617,112.33333,1.0,0.95,0.788967,-0.001403,0.003705,0.003661,0.167844,0.01799,0.164088,67.930588,2.790788,68.174339,2.622313,4.0,0.00023508,9,287,0.04642,0.05096,0.03,0.01,100,0.44444,1.0,,,-0.03,0.03637,0.00079,0.0,0.01611,0.68726
636,651264,75.50132,104.0,1.0,0.95,0.888046,-0.001508,0.00255,0.002627,0.181148,0.021286,0.379974,68.613327,2.951241,68.687256,2.680721,4.0,0.00023498,10,308,0.07316,0.07636,0.03,0.01,100,0.3,1.0,,,-0.03,0.033,0.00041,0.0,0.01669,0.75981
637,652288,74.68322,123.22222,1.0,0.96,0.794039,-0.001534,0.002803,0.00117,0.152604,0.011215,0.784952,67.345947,3.917306,67.463211,4.345286,4.0,0.00023487,9,315,0.06469,0.0689,0.02,0.01,100,0.22222,1.0,,,-0.03,0.03518,0.00055,0.0,0.01647,0.71721
638,653312,75.46893,107.14286,1.0,0.96,0.729287,-0.001144,0.001757,0.001527,0.162366,0.008224,0.903818,66.711594,4.82336,66.711967,5.28416,4.0,0.00023477,7,309,0.0529,0.05644,0.02,0.01,100,0.28571,0.0,,,-0.03,0.03622,0.00043,0.0,0.0154,0.58777
639,654336,67.18828,135.4,0.9,0.96,0.760022,-0.000351,0.015286,0.002571,0.175871,0.01387,0.670595,67.046417,5.11346,66.337387,9.569541,4.0,0.00023467,10,261,0.05175,0.05424,0.01,0.01,100,0.3,1.0,,,-0.03,0.03656,0.0012,0.0,0.02008,0.72126
640,655360,49.32776,100.77778,0.66667,0.94,0.80989,-0.000955,0.059259,0.004035,0.593686,0.029678,0.383488,68.597519,4.756284,65.278625,13.399681,4.0,0.00023457,9,293,0.04535,0.05236,0.01,0.01,100,0.55556,0.0,,,-0.03,0.03689,0.00113,0.0,0.00865,0.44661
641,656384,75.41333,108.22222,1.0,0.94,0.878933,-0.00106,0.01016,0.003023,0.246273,0.026657,-0.403364,69.707443,4.939963,69.609604,3.656283,4.0,0.00023446,9,258,0.0608,0.06301,0.01,0.01,100,0.33333,1.0,,,-0.03,0.03624,0.00125,0.0,0.02447,0.66204
642,657408,75.75202,107.33333,1.0,0.95,0.888386,-0.001446,0.001836,0.001447,0.169779,0.011841,0.443343,69.228256,2.969567,69.555832,2.462312,4.0,0.00023436,12,284,0.06199,0.06391,0.0,0.01,100,0.08333,0.0,,,-0.03,0.03738,0.00084,0.0,0.01874,0.891
643,658432,76.05678,101.125,1.0,0.95,0.832431,-0.002592,0.000873,0.003873,0.296696,0.037994,0.567468,69.811996,1.878863,69.989601,1.827409,4.0,0.00023426,8,262,0.05856,0.06068,0.0,0.01,100,0.375,1.0,,,-0.03,0.03951,0.0012,0.0,0.02189,0.58087
644,659456,74.90668,110.33333,1.0,0.96,0.856027,-0.000762,0.002477,0.002457,0.189813,0.020706,0.550548,69.712624,3.026633,69.56723,2.912091,4.0,0.00023416,9,286,0.06733,0.07159,0.0,0.0,100,0.55556,0.0,,,-0.03,0.0341,0.00042,0.0,0.01554,0.70619
645,660480,75.65197,108.5,1.0,0.96,0.954198,-0.002768,0.000853,0.003645,0.230252,0.037552,0.661032,69.625496,1.731376,69.44268,2.004873,4.0,0.00023405,8,314,0.08184,0.0835,0.0,0.0,100,0.25,0.0,,,-0.03,0.03215,0.00049,0.0,0.01982,0.59403
646,661504,75.46826,109.22222,1.0,0.96,0.953648,-0.002215,0.001044,0.00352,0.243497,0.034531,0.856496,68.816917,2.707489,68.616867,3.367172,4.0,0.00023395,9,290,0.09781,0.09964,0.0,0.0,100,0.22222,0.0,,,-0.03,0.03329,0.00024,0.0,0.01706,0.68412
647,662528,65.58529,106.0,0.875,0.95,0.912637,-0.000177,0.029109,0.002545,0.305971,0.014984,0.499668,67.790535,5.333286,66.33548,9.410408,4.0,0.00023385,8,259,0.07802,0.08265,0.0,0.0,100,0.25,1.0,,,-0.03,0.03296,0.00072,0.0,0.01376,0.52845
648,663552,64.51835,176.125,0.875,0.94,0.874308,-0.000786,0.00497,0.001584,0.191124,0.008224,0.692839,67.944809,4.747926,67.901314,4.695981,4.0,0.00023375,8,302,0.07008,0.07195,0.01,0.0,100,0.25,1.0,,,-0.03,0.03539,0.00083,0.0,0.02026,0.52383
649,664576,75.73184,104.54545,1.0,0.94,0.848213,-0.001527,0.002498,0.003458,0.185954,0.029449,0.302445,68.251053,1.967678,68.337448,2.387131,4.0,0.00023364,11,270,0.06358,0.06739,0.01,0.01,100,0.27273,0.5,,,-0.03,0.03757,0.00107,0.0,0.01501,0.81102
650,665600,65.9404,103.875,0.875,0.94,0.858557,-0.000126,0.016588,0.001473,0.087293,0.006836,0.248522,68.445496,2.005903,68.089577,5.847065,4.0,0.00023354,8,286,0.0584,0.06107,0.01,0.01,100,0.25,1.0,,,-0.03,0.03654,0.00152,0.0,0.02038,0.51518
651,666624,53.7226,106.54545,0.72727,0.94,0.852241,-0.000742,0.066042,0.001358,0.520076,0.009293,0.415413,67.059837,5.540616,63.971611,13.449351,4.0,0.00023344,11,309,0.06731,0.07395,0.01,0.01,100,0.54545,1.0,,,-0.03,0.03701,0.00118,0.0,0.00985,0.59789
652,667648,76.18012,104.22222,1.0,0.94,0.891871,-0.001679,0.005988,0.002046,0.276114,0.01445,-0.13667,65.299866,3.981947,65.909538,3.477365,4.0,0.00023334,9,290,0.07452,0.07646,0.01,0.01,100,0.22222,1.0,,,-0.03,0.03946,0.001,0.0,0.02335,0.65335
653,668672,75.43138,110.3,1.0,0.94,0.879492,-0.001599,0.002123,0.002439,0.208513,0.022766,0.673766,65.538803,2.562933,66.174706,3.207065,4.0,0.00023324,10,255,0.08604,0.08849,0.01,0.01,100,0.2,0.0,,,-0.03,0.03645,0.00117,0.0,0.01634,0.74752
654,669696,74.57604,123.0,1.0,0.94,0.864499,-0.002087,0.001678,0.002702,0.204742,0.022614,0.728265,66.378761,2.801699,67.077927,2.939216,4.0,0.00023313,8,314,0.09909,0.10209,0.01,0.01,100,0.25,1.0,,,-0.03,0.03431,0.00043,0.0,0.01709,0.60266
655,670720,74.9503,109.66667,1.0,0.94,0.823646,-0.001778,0.00113,0.002632,0.221369,0.02652,0.8012,67.853821,3.068242,68.53083,2.869533,4.0,0.00023303,9,297,0.07275,0.07658,0.01,0.01,100,0.33333,0.0,,,-0.03,0.03714,0.00116,0.0,0.01739,0.67864
656,671744,67.37745,105.8,0.9,0.93,0.846888,-0.001201,0.026099,0.00356,0.179552,0.036118,0.340944,68.48793,3.427113,67.836487,8.256551,4.0,0.00023293,10,260,0.07467,0.08074,0.01,0.01,100,0.4,0.0,,,-0.03,0.03814,0.00079,0.0,0.01122,0.6803
657,672768,75.85601,104.3,1.0,0.94,0.867963,-0.001472,0.002532,0.002318,0.209946,0.016327,0.480862,68.275223,2.185904,68.847839,2.193162,4.0,0.00023283,10,243,0.08036,0.08217,0.01,0.01,100,0.2,1.0,,,-0.03,0.03774,0.00103,0.0,0.02498,0.72457
658,673792,75.83964,106.90909,1.0,0.95,0.880651,-0.001026,0.00153,0.003188,0.225092,0.024658,0.544541,68.752945,2.864914,69.127441,2.531312,4.0,0.00023272,11,291,0.06741,0.06916,0.0,0.01,100,0.27273,1.0,,,-0.03,0.03792,0.00065,0.0,0.02109,0.8008
659,674816,75.66038,106.5,1.0,0.95,0.859184,-0.001844,0.001187,0.001834,0.202509,0.016266,0.671318,69.045341,2.548929,69.273743,2.396076,4.0,0.00023262,8,260,0.06427,0.06654,0.0,0.01,100,0.125,0.0,,,-0.03,0.03722,0.00101,0.0,0.01818,0.58638
660,675840,75.689,110.625,1.0,0.96,0.836248,-0.002108,0.001012,0.004257,0.252268,0.054367,0.661842,69.533195,2.154048,69.816864,2.097694,4.0,0.00023252,8,313,0.06476,0.06749,0.0,0.0,100,0.125,1.0,,,-0.03,0.03896,0.00113,0.0,0.02061,0.58945
661,676864,75.34803,107.2,1.0,0.97,0.850191,-0.000965,0.001936,0.003817,0.15989,0.035858,0.287546,70.02301,2.58732,70.152138,2.151752,4.0,0.00023242,10,315,0.0591,0.06363,0.0,0.0,100,0.3,1.0,,,-0.03,0.03576,0.00136,0.0,0.02048,0.7521
662,677888,75.2492,105.36364,1.0,0.99,0.835712,-0.001734,0.000412,0.001336,0.162379,0.008362,0.808401,70.053802,1.981107,70.17601,1.830628,4.0,0.00023231,11,308,0.06257,0.0652,0.0,0.0,100,0.54545,1.0,,,-0.03,0.03586,0.00064,0.0,0.01935,0.81993
663,678912,75.00752,111.66667,1.0,0.99,0.79932,-0.001976,0.000741,0.002561,0.197509,0.026672,0.639713,69.944763,1.72094,69.80056,1.713854,4.0,0.00023221,9,320,0.05965,0.06286,0.0,0.0,100,0.33333,1.0,,,-0.03,0.03524,0.00031,0.0,0.01358,0.68364
664,679936,75.51183,109.22222,1.0,0.99,0.775695,-0.001863,0.000473,0.00399,0.300238,0.042892,0.749338,69.832367,1.479721,70.027664,1.61974,4.0,0.00023211,9,302,0.04273,0.04474,0.0,0.0,100,0.11111,0.0,,,-0.03,0.03835,0.0014,0.0,0.02089,0.65756
665,680960,74.54935,114.0,1.0,0.99,0.726151,-0.001139,0.00094,0.001841,0.142322,0.013016,0.483436,70.064125,1.655761,70.022194,1.619301,4.0,0.00023201,9,279,0.04337,0.04734,0.0,0.0,100,0.33333,0.0,,,-0.03,0.03415,0.00118,0.0,0.01829,0.70259
666,681984,75.2888,105.9,1.0,1.0,0.766553,-0.001613,0.000546,0.002058,0.209708,0.012283,0.693066,70.047379,1.42257,70.054039,1.579432,4.0,0.0002319,10,277,0.04839,0.05115,0.0,0.0,100,0.2,0.0,,,-0.03,0.03594,0.00127,0.0,0.01728,0.76321
667,683008,75.00434,110.55556,1.0,1.0,0.787399,-0.001805,0.000564,0.002266,0.182262,0.013992,0.67494,69.971581,1.367262,69.768387,1.62188,4.0,0.0002318,9,306,0.08034,0.08339,0.0,0.0,100,0.22222,0.0,,,-0.03,0.03193,0.00033,0.0,0.01523,0.67835
668,684032,75.85372,99.85714,1.0,1.0,0.755702,-0.001817,0.000523,0.00273,0.17933,0.020874,0.801576,69.525894,1.600754,69.425568,2.113853,4.0,0.0002317,7,271,0.07761,0.08063,0.0,0.0,100,0.28571,0.0,,,-0.03,0.03415,0.00061,0.0,0.01756,0.53493
669,685056,75.0014,102.625,1.0,1.0,0.772997,-0.002313,0.000987,0.00281,0.240953,0.019592,0.756009,69.68103,2.145024,69.502052,2.380711,4.0,0.0002316,8,177,0.06077,0.06507,0.0,0.0,100,0.375,0.0,,,-0.03,0.03113,0.00083,0.0,0.01528,0.64657
670,686080,52.21951,104.85714,0.71429,0.98,0.825473,-0.001095,0.06448,0.0029,0.450071,0.025162,0.091708,69.075005,2.489751,65.481331,10.278467,4.0,0.00023149,7,127,0.05701,0.06526,0.0,0.0,100,0.42857,1.0,,,-0.03,0.03068,0.00039,0.0,-0.00036,0.40483
671,687104,60.81454,164.0,0.83333,0.96,0.831788,-0.001142,0.008186,0.001579,0.196462,0.011414,0.388585,66.128838,3.160757,66.309937,4.259808,4.0,0.00023139,12,178,0.04561,0.04771,0.01,0.0,100,0.33333,1.0,,,-0.03,0.03465,0.00087,0.0,0.01656,0.73412
672,688128,75.14435,104.875,1.0,0.96,0.784978,-0.000681,0.009013,0.002858,0.217169,0.029388,-0.190283,66.199814,5.037637,66.587372,3.930559,4.0,0.00023129,8,226,0.04112,0.04398,0.01,0.0,100,0.125,1.0,,,-0.03,0.03531,0.00125,0.0,0.02345,0.59212
673,689152,76.25758,100.72727,1.0,0.96,0.758145,-0.001559,0.000887,0.00264,0.264241,0.01506,0.696665,66.902328,1.317107,67.589195,2.121769,4.0,0.00023119,11,288,0.03574,0.03791,0.01,0.0,100,0.27273,1.0,,,-0.03,0.03799,0.00154,0.0,0.02221,0.79474
674,690176,75.84313,100.5,1.0,0.96,0.759757,-0.00194,0.000675,0.003688,0.226576,0.028046,0.794981,68.040146,1.745431,68.704956,2.101031,4.0,0.00023108,10,307,0.04065,0.04316,0.01,0.0,100,0.4,1.0,,,-0.03,0.03791,0.00149,0.0,0.02431,0.73066
675,691200,75.58668,100.90909,1.0,0.96,0.739302,-0.000771,0.000793,0.00229,0.177612,0.012985,0.784173,68.852081,2.0332,69.318085,2.211449,4.0,0.00023098,11,313,0.0365,0.04101,0.01,0.0,100,0.18182,0.0,,,-0.03,0.0371,0.00173,0.0,0.02001,0.82462
676,692224,75.90061,98.36364,1.0,0.96,0.743418,-0.001055,0.00046,0.001952,0.175919,0.007584,0.856311,69.325073,2.085392,69.777893,2.057643,4.0,0.00023088,11,303,0.03749,0.03931,0.01,0.0,100,0.27273,1.0,,,-0.03,0.0384,0.0011,0.0,0.02059,0.80381
677,693248,75.66956,103.0,1.0,0.96,0.735138,-0.000914,0.001029,0.003355,0.257564,0.026443,0.65615,70.102524,1.842163,70.240868,2.046667,4.0,0.00023078,8,296,0.03428,0.03713,0.01,0.0,100,0.125,0.0,,,-0.03,0.03635,0.00134,0.0,0.0221,0.58984
678,694272,75.41788,104.09091,1.0,0.96,0.744597,-0.001395,0.000591,0.002546,0.183247,0.019592,0.763181,70.211075,2.034708,70.476044,1.885463,4.0,0.00023068,11,308,0.04753,0.05019,0.01,0.0,100,0.36364,0.75,,,-0.03,0.03655,0.00165,0.0,0.02337,0.83078
679,695296,76.02191,99.18182,1.0,0.96,0.746145,-0.001236,0.000295,0.002076,0.170268,0.005142,0.839006,70.646332,1.689042,70.808899,1.626328,4.0,0.00023057,11,334,0.04126,0.04345,0.01,0.0,100,0.18182,0.0,,,-0.03,0.03799,0.00147,0.0,0.02235,0.8048
680,696320,75.87562,99.77778,1.0,0.99,0.723268,-0.001899,0.000286,0.001941,0.166729,0.013336,0.787108,70.90229,1.439442,70.918556,1.389471,4.0,0.00023047,9,339,0.03837,0.04014,0.01,0.0,100,0.0,0.0,,,-0.03,0.03752,0.00085,0.0,0.02037,0.66275
681,697344,67.64174,100.1,0.9,0.99,0.700635,-7e-06,0.035231,0.002463,0.221608,0.019119,0.120882,70.924911,1.517701,69.575241,7.734715,4.0,0.00023037,10,351,0.03481,0.04045,0.0,0.0,100,0.3,0.0,,,-0.03,0.03882,0.00179,0.0,0.01767,0.66938
682,698368,75.74939,99.5,1.0,0.99,0.727717,-0.000768,0.002018,0.001997,0.158118,0.012939,0.509287,69.082344,1.422991,69.362274,1.732628,4.0,0.00023027,12,361,0.03849,0.04114,0.0,0.0,100,0.33333,0.0,,,-0.03,0.03623,0.00143,0.0,0.02154,0.88352
683,699392,76.23505,99.875,1.0,0.99,0.765156,-0.002346,0.000954,0.002295,0.196234,0.017151,0.410145,69.646149,1.441689,69.743217,1.536655,4.0,0.00023016,8,366,0.05054,0.05187,0.0,0.0,100,0.0,1.0,,,-0.03,0.03559,0.00115,0.0,0.02285,0.58727
684,700416,66.1521,98.875,0.875,0.98,0.762583,-0.000275,0.030867,0.001328,0.212946,0.008148,0.253258,69.515953,2.414646,68.248283,7.905319,4.0,0.00023006,8,367,0.04818,0.0519,0.0,0.0,100,0.125,0.0,,,-0.03,0.03461,0.00084,0.0,0.01818,0.52935
685,701440,75.72952,99.7,1.0,0.98,0.787123,-0.00127,0.005785,0.002188,0.147874,0.012604,0.613445,68.188004,4.816834,68.093292,4.757954,4.0,0.00022996,10,368,0.04698,0.0494,0.0,0.0,100,0.2,0.0,,,-0.03,0.03488,0.00112,0.0,0.01941,0.76323
686,702464,74.42469,133.09091,1.0,0.98,0.749365,-0.001455,0.002458,0.004364,0.166187,0.032242,0.327113,68.30899,2.595124,68.593163,2.505572,4.0,0.00022986,11,359,0.03722,0.03918,0.0,0.0,100,0.09091,0.5,,,-0.03,0.03711,0.00133,0.0,0.02376,0.79914
687,703488,68.04233,98.6,0.9,0.97,0.710482,-0.00015,0.023727,0.001227,0.212893,0.003052,0.498874,68.456177,4.04145,67.428253,8.983626,4.0,0.00022975,10,357,0.03512,0.03895,0.0,0.0,100,0.2,1.0,,,-0.03,0.0397,0.00134,0.0,0.01664,0.66764
688,704512,75.51172,100.66667,1.0,0.97,0.728108,-0.00049,0.011338,0.002521,0.196064,0.01445,-0.165148,68.374283,5.88069,68.44458,4.511487,4.0,0.00022965,9,357,0.03868,0.04296,0.0,0.0,100,0.44444,1.0,,,-0.03,0.03837,0.00143,0.0,0.02139,0.67009
689,705536,76.18188,98.27273,1.0,0.97,0.780552,-0.001089,0.001062,0.002643,0.234331,0.018997,0.699842,68.286674,2.053318,68.92453,2.193821,4.0,0.00022955,11,358,0.04294,0.04482,0.0,0.0,100,0.27273,0.0,,,-0.03,0.03839,0.0016,0.0,0.02418,0.80133
690,706560,76.07023,101.83333,1.0,0.97,0.7832,-0.002068,0.000843,0.003002,0.217428,0.025818,0.733906,68.995377,2.010004,69.438286,2.125308,4.0,0.00022945,12,358,0.04974,0.05165,0.0,0.0,100,0.08333,0.0,,,-0.03,0.03818,0.00108,0.0,0.02124,0.88736
691,707584,76.32373,98.28571,1.0,0.98,0.762103,-0.001875,0.001591,0.002766,0.187399,0.020081,0.583483,69.474075,1.914299,69.443649,2.395182,4.0,0.00022934,7,350,0.06692,0.06891,0.0,0.0,100,0.28571,0.0,,,-0.03,0.03443,0.00086,0.0,0.01892,0.50554
692,708608,75.67684,104.25,1.0,0.98,0.756258,-0.003633,0.001173,0.005995,0.192454,0.044815,0.654792,69.498009,2.001268,69.587914,2.295907,4.0,0.00022924,8,366,0.05941,0.06161,0.0,0.0,100,0.25,1.0,,,-0.03,0.03362,0.0011,0.0,0.0214,0.60089
693,709632,75.8768,99.09091,1.0,0.98,0.776447,-0.001346,0.001356,0.002844,0.207883,0.028946,0.788448,69.532089,2.778993,69.658447,3.063891,4.0,0.00022914,11,365,0.052,0.05439,0.0,0.0,100,0.18182,0.0,,,-0.03,0.03366,0.00108,0.0,0.02298,0.82892
694,710656,75.78879,100.0,1.0,0.99,0.756658,-0.001278,0.00127,0.00345,0.236096,0.033722,0.861272,68.965286,3.219007,68.618126,3.694498,4.0,0.00022904,7,374,0.06935,0.07192,0.0,0.0,100,0.28571,0.0,,,-0.03,0.03111,0.00046,0.0,0.01516,0.55166
695,711680,65.93359,158.0,0.88889,0.98,0.666047,-0.001301,0.000945,0.002682,0.189753,0.022446,0.861388,69.262619,2.73557,69.229744,3.143705,4.0,0.00022893,9,364,0.03864,0.04069,0.01,0.0,100,0.44444,1.0,,,-0.03,0.03526,0.00124,0.0,0.02025,0.63555
696,712704,76.36725,97.66667,1.0,0.98,0.712865,-0.001863,0.000602,0.002224,0.203046,0.018463,0.90288,69.542236,2.722841,69.605667,3.205906,4.0,0.00022883,9,367,0.04394,0.04529,0.01,0.0,100,0.0,0.0,,,-0.03,0.03643,0.00153,0.0,0.02623,0.70494
697,713728,76.18113,99.77778,1.0,0.98,0.697245,-0.001712,0.000691,0.00209,0.187288,0.016144,0.945448,69.119453,4.048488,69.028297,4.540862,4.0,0.00022873,9,369,0.03825,0.03953,0.01,0.0,100,0.0,0.0,,,-0.03,0.03507,0.00152,0.0,0.02436,0.70723
698,714752,67.65301,151.9,0.9,0.98,0.709101,-0.001856,0.000649,0.002654,0.24823,0.023468,0.932394,70.015877,3.468359,70.06826,3.668602,4.0,0.00022863,10,358,0.02757,0.02983,0.02,0.0,100,0.1,0.0,,,-0.03,0.03738,0.00159,0.0,0.0207,0.67646
699,715776,75.60403,100.1,1.0,0.98,0.709785,-0.000723,0.001828,0.002481,0.162523,0.013535,0.374865,70.285919,2.511147,70.542191,2.150081,4.0,0.00022852,10,362,0.03349,0.03605,0.02,0.0,100,0.1,0.0,,,-0.03,0.03635,0.00162,0.0,0.02386,0.74449
700,716800,76.38634,96.54545,1.0,0.98,0.740064,-0.001221,0.000697,0.002057,0.14657,0.017532,0.679799,70.764549,1.55187,70.754341,1.731503,4.0,0.00022842,11,358,0.03185,0.03437,0.02,0.0,100,0.09091,0.0,,,-0.03,0.03847,0.00154,0.0,0.02116,0.80598
701,717824,75.63079,101.66667,1.0,0.98,0.703235,-0.001357,0.000433,0.002436,0.182993,0.014694,0.688317,70.789207,1.386403,70.913666,1.398929,4.0,0.00022832,9,358,0.03747,0.03956,0.02,0.0,100,0.22222,0.0,,,-0.03,0.03748,0.00155,0.0,0.02626,0.66429
702,718848,75.36881,101.83333,1.0,0.98,0.690219,-0.001257,0.000852,0.003567,0.254538,0.040756,0.497246,70.940163,1.536304,70.870316,1.555654,4.0,0.00022822,12,349,0.02706,0.03114,0.02,0.0,100,0.08333,1.0,,,-0.03,0.03649,0.00188,0.0,0.01846,0.90442
703,719872,75.60679,99.55556,1.0,0.98,0.706165,-0.001219,0.000423,0.003217,0.236798,0.027039,0.664888,70.775208,1.295739,70.716965,1.333939,4.0,0.00022812,9,360,0.02749,0.03048,0.02,0.0,100,0.33333,0.0,,,-0.03,0.03673,0.00153,0.0,0.01799,0.66867
704,720896,75.74239,101.5,1.0,0.98,0.716721,-0.001466,0.000374,0.003312,0.232494,0.028275,0.675093,70.75415,1.158063,70.730476,1.257919,4.0,0.00022801,10,355,0.03062,0.03386,0.02,0.0,100,0.5,0.0,,,-0.03,0.03778,0.00169,0.0,0.02062,0.73964
705,721920,75.76976,98.9,1.0,0.99,0.681526,-0.00167,0.000291,0.003422,0.206386,0.021545,0.761961,70.742493,1.138717,70.862091,1.287669,4.0,0.00022791,10,349,0.02829,0.03055,0.01,0.0,100,0.4,0.0,,,-0.03,0.03743,0.0019,0.0,0.02699,0.72937
706,722944,76.44928,97.08333,1.0,0.99,0.725758,-0.001329,0.000228,0.003134,0.22863,0.035492,0.81766,70.840446,1.185357,70.96537,1.300761,4.0,0.00022781,12,351,0.02762,0.02879,0.01,0.0,100,0.16667,0.0,,,-0.03,0.03801,0.00156,0.0,0.0244,0.86065
707,723968,76.13951,100.11111,1.0,0.99,0.710747,-0.001409,0.000338,0.00253,0.212027,0.018585,0.714295,71.051117,1.173571,71.083031,1.265095,4.0,0.00022771,9,360,0.02703,0.02935,0.01,0.0,100,0.0,0.0,,,-0.03,0.03824,0.00186,0.0,0.02449,0.65743
708,724992,76.45288,96.08333,1.0,1.0,0.736606,-0.001473,0.000247,0.001157,0.162795,0.006775,0.796288,71.086601,1.192903,71.198502,1.2806,4.0,0.0002276,12,359,0.02749,0.0291,0.0,0.0,100,0.08333,0.0,,,-0.03,0.03863,0.0017,0.0,0.02649,0.8666
709,726016,68.47445,98.90909,0.90909,0.99,0.688228,-0.000791,0.034322,0.002632,0.27498,0.029633,0.155312,70.962456,1.538483,69.388054,7.831953,4.0,0.0002275,11,358,0.02392,0.02837,0.0,0.0,100,0.36364,0.0,,,-0.03,0.03877,0.00146,0.0,0.01496,0.74878
710,727040,75.51967,100.875,1.0,0.99,0.706872,-0.001354,0.00296,0.002212,0.16829,0.013809,-0.074069,69.547493,1.801428,69.66819,1.622432,4.0,0.0002274,8,354,0.02712,0.0301,0.0,0.0,100,0.375,0.0,,,-0.03,0.03798,0.00153,0.0,0.02281,0.59162
711,728064,75.67298,99.72727,1.0,0.99,0.699014,-0.00074,0.00131,0.001802,0.150456,0.010712,0.237986,69.51181,1.646917,69.579628,1.754165,4.0,0.0002273,11,363,0.02804,0.03115,0.0,0.0,100,0.18182,0.0,,,-0.03,0.03746,0.00167,0.0,0.02018,0.8317
712,729088,75.99763,101.0,1.0,0.99,0.728264,-0.00098,0.000465,0.002331,0.219449,0.016388,0.770998,69.445999,1.525181,69.809593,1.705319,4.0,0.00022719,10,344,0.02825,0.03039,0.0,0.0,100,0.0,1.0,,,-0.03,0.03815,0.00126,0.0,0.02323,0.73422
713,730112,76.07071,98.36364,1.0,0.99,0.705656,-0.001397,0.000448,0.001443,0.193426,0.009537,0.818334,69.790695,1.625588,70.145485,1.800715,4.0,0.00022709,11,354,0.02834,0.02945,0.0,0.0,100,0.09091,0.0,,,-0.03,0.03765,0.00146,0.0,0.02397,0.79662
714,731136,67.09325,102.33333,0.88889,0.98,0.665657,-8.8e-05,0.0333,0.001887,0.21939,0.007874,0.113532,70.090805,2.209807,68.716705,7.64503,4.0,0.00022699,9,364,0.02823,0.03392,0.0,0.0,100,0.22222,0.0,,,-0.03,0.036,0.00121,0.0,0.01788,0.61428
715,732160,75.58458,99.16667,1.0,0.98,0.683476,-0.001275,0.003573,0.003078,0.175474,0.024384,0.031374,69.787979,2.713729,70.225433,2.061793,4.0,0.00022689,12,361,0.02608,0.02824,0.0,0.0,100,0.25,0.0,,,-0.03,0.03716,0.00164,0.0,0.02349,0.88721
716,733184,75.27684,100.3,1.0,0.98,0.662056,-0.001266,0.003305,0.003063,0.172587,0.022705,0.178483,69.462479,3.091958,69.652649,2.679307,4.0,0.00022678,10,363,0.02549,0.02956,0.0,0.0,100,0.3,0.0,,,-0.03,0.03885,0.00142,0.0,0.0139,0.76503
717,734208,76.15698,98.44444,1.0,0.98,0.708583,-0.001008,0.000692,0.001312,0.163649,0.004898,0.668424,70.092781,1.552219,70.343613,1.683777,4.0,0.00022668,9,353,0.02844,0.03037,0.0,0.0,100,0.0,0.0,,,-0.03,0.03847,0.00184,0.0,0.02561,0.65274
718,735232,76.08973,98.83333,1.0,0.98,0.721511,-0.001517,0.000517,0.003136,0.191556,0.0224,0.721477,70.381577,1.598075,70.618019,1.616992,4.0,0.00022658,12,361,0.03341,0.03555,0.0,0.0,100,0.16667,1.0,,,-0.03,0.037,0.0014,0.0,0.02629,0.87983
719,736256,76.40956,96.88889,1.0,0.99,0.725602,-0.000979,0.000385,0.003052,0.233331,0.022293,0.744816,70.608078,1.461292,70.703537,1.455874,4.0,0.00022648,9,362,0.02593,0.0273,0.0,0.0,100,0.33333,0.0,,,-0.03,0.03775,0.00147,0.0,0.02283,0.65402
720,737280,75.46009,111.22222,1.0,0.99,0.725735,-0.001617,0.000463,0.002609,0.20215,0.014923,0.634349,70.751862,1.314316,70.816193,1.339662,4.0,0.00022637,9,359,0.02855,0.03011,0.0,0.0,100,0.22222,0.0,,,-0.03,0.03694,0.00146,0.0,0.02344,0.65239
721,738304,76.22439,97.58333,1.0,0.99,0.714394,-0.00168,0.000373,0.003196,0.187669,0.018616,0.755831,70.856979,1.311518,70.984894,1.430693,4.0,0.00022627,12,357,0.04094,0.04268,0.0,0.0,100,0.16667,0.0,,,-0.03,0.03627,0.00172,0.0,0.02833,0.86916
722,739328,75.40901,98.88889,1.0,0.99,0.6564,-0.001621,0.000682,0.002559,0.158205,0.015732,0.480399,70.761467,1.276659,70.693527,1.348175,4.0,0.00022617,9,318,0.02232,0.02679,0.0,0.0,100,0.44444,0.0,,,-0.03,0.03833,0.00143,0.0,0.01735,0.68032
723,740352,75.98333,99.0,1.0,0.99,0.672659,-0.001345,0.000223,0.00265,0.227213,0.020309,0.785483,70.870651,1.04676,70.989655,1.175849,4.0,0.00022607,11,207,0.02251,0.02439,0.0,0.0,100,0.18182,0.0,,,-0.03,0.03953,0.00174,0.0,0.02234,0.80369
724,741376,75.51717,99.7,1.0,1.0,0.659619,-0.000777,0.000505,0.003438,0.31831,0.039108,0.544069,71.037598,1.130639,70.933578,1.23037,4.0,0.00022596,10,218,0.02444,0.02914,0.0,0.0,100,0.3,0.0,,,-0.03,0.03773,0.00176,0.0,0.01809,0.75935
725,742400,75.79593,97.90909,1.0,1.0,0.666729,-0.000595,0.00044,0.001715,0.124648,0.005478,0.648498,70.880524,1.136949,70.957428,1.30505,4.0,0.00022586,11,219,0.02418,0.02721,0.0,0.0,100,0.27273,1.0,,,-0.03,0.03768,0.00165,0.0,0.0248,0.80947
726,743424,76.05516,99.45455,1.0,1.0,0.681086,-0.00142,0.000296,0.0016,0.161824,0.00882,0.721038,70.85379,1.071452,70.866028,1.196669,4.0,0.00022576,11,205,0.02567,0.02775,0.0,0.0,100,0.0,0.0,,,-0.03,0.03926,0.00142,0.0,0.01946,0.80629
727,744448,75.62222,97.66667,1.0,1.0,0.665807,-0.00065,0.000335,0.001848,0.174224,0.009094,0.665461,70.962692,1.026384,70.986427,1.164813,4.0,0.00022566,9,210,0.02219,0.02576,0.0,0.0,100,0.66667,0.0,,,-0.03,0.0392,0.00145,0.0,0.02097,0.66885
728,745472,75.88533,97.1,1.0,1.0,0.669339,-0.001436,0.000342,0.003372,0.234856,0.033478,0.711408,70.974953,1.115087,70.938721,1.256348,4.0,0.00022556,10,230,0.02652,0.03105,0.0,0.0,100,0.3,0.0,,,-0.03,0.03765,0.00157,0.0,0.02038,0.74497
729,746496,75.55901,98.16667,1.0,1.0,0.649189,-0.001647,0.000403,0.002697,0.185186,0.017731,0.718611,70.768097,1.17725,70.683151,1.380982,4.0,0.00022545,12,240,0.02955,0.03385,0.0,0.0,100,0.41667,1.0,,,-0.03,0.03815,0.00087,0.0,0.01765,0.89656
730,747520,76.19565,97.875,1.0,1.0,0.617864,-0.000907,0.001038,0.001262,0.1461,0.010788,0.851773,69.981323,2.653038,69.872314,3.142396,4.0,0.00022535,8,213,0.02835,0.03159,0.0,0.0,100,0.25,0.0,,,-0.03,0.03759,0.00158,0.0,0.02126,0.62949
731,748544,75.55437,99.33333,1.0,1.0,0.609236,-0.001295,0.000485,0.002441,0.163498,0.013123,0.956378,69.588562,3.661906,69.430069,4.069059,4.0,0.00022525,9,236,0.03046,0.03468,0.0,0.0,100,0.55556,1.0,,,-0.03,0.03653,0.00162,0.0,0.02055,0.74967
732,749568,75.82633,97.77778,1.0,1.0,0.654921,-0.000965,0.000791,0.002099,0.12223,0.017548,0.969678,68.816116,5.808061,68.769821,6.046529,4.0,0.00022515,9,290,0.03028,0.03261,0.0,0.0,100,0.22222,1.0,,,-0.03,0.03591,0.00153,0.0,0.0234,0.73887
733,750592,76.27807,97.625,1.0,1.0,0.740741,-0.001664,0.00061,0.001652,0.22158,0.016251,0.981317,68.540085,6.804816,68.270477,7.208212,4.0,0.00022504,8,296,0.03933,0.04059,0.0,0.0,100,0.125,0.0,,,-0.03,0.034,0.00091,0.0,0.01905,0.65386
734,751616,67.10378,166.4,0.9,0.99,0.697338,-0.00142,0.000491,0.002397,0.224137,0.020111,0.955366,70.172775,3.662881,70.178894,3.835054,4.0,0.00022494,10,283,0.02706,0.02898,0.01,0.0,100,0.4,1.0,,,-0.03,0.03702,0.00149,0.0,0.02495,0.66792
735,752640,76.01081,100.36364,1.0,0.99,0.704544,-0.001643,0.000417,0.00225,0.216499,0.015259,0.644749,70.570236,1.062073,70.633026,1.25599,4.0,0.00022484,11,284,0.02728,0.02947,0.01,0.0,100,0.27273,0.0,,,-0.03,0.03701,0.00121,0.0,0.02335,0.8015
736,753664,76.11492,98.0,1.0,0.99,0.667975,-0.001126,0.0002,0.001833,0.178263,0.010162,0.833306,70.684006,1.103782,70.841461,1.267133,4.0,0.00022474,11,301,0.02645,0.02782,0.01,0.0,100,0.09091,0.0,,,-0.03,0.03974,0.00109,0.0,0.02197,0.79975
737,754688,76.30412,96.11111,1.0,0.99,0.6792,-0.000795,0.000353,0.003985,0.3775,0.050003,0.706762,70.900223,1.133895,70.966942,1.264009,4.0,0.00022463,9,305,0.02934,0.03217,0.01,0.0,100,0.33333,0.0,,,-0.03,0.03858,0.00167,0.0,0.02588,0.65958
738,755712,75.9097,99.27273,1.0,0.99,0.684774,-0.001273,0.000257,0.002956,0.24693,0.029205,0.802721,70.974289,1.218305,71.101562,1.310744,4.0,0.00022453,11,285,0.03074,0.03249,0.01,0.0,100,0.18182,0.0,,,-0.03,0.03774,0.00176,0.0,0.02549,0.80065
739,756736,76.2924,98.09091,1.0,0.99,0.704098,-0.001895,0.000244,0.003746,0.290914,0.046371,0.849762,70.950836,1.334034,70.968094,1.47201,4.0,0.00022443,11,290,0.03336,0.03503,0.01,0.0,100,0.18182,0.0,,,-0.03,0.0377,0.0013,0.0,0.02233,0.79354
740,757760,75.99852,96.5,1.0,0.99,0.647186,-0.001583,0.000506,0.002058,0.215447,0.013306,0.848009,70.729462,1.785898,70.61895,2.151231,4.0,0.00022433,8,304,0.02909,0.03173,0.01,0.01,100,0.375,0.0,,,-0.03,0.03594,0.0016,0.0,0.02307,0.60172
741,758784,75.00713,114.81818,1.0,0.99,0.709692,-0.00096,0.000369,0.003538,0.360822,0.045578,0.846882,70.793175,1.719455,70.74044,1.805444,4.0,0.00022422,11,312,0.03179,0.03391,0.01,0.01,100,0.45455,1.0,,,-0.03,0.03625,0.00116,0.0,0.01978,0.81878
742,759808,76.05557,97.88889,1.0,0.99,0.663896,-0.00106,0.0003,0.002909,0.272814,0.032913,0.711513,71.069717,1.117079,71.122795,1.177202,4.0,0.00022412,9,297,0.02847,0.03086,0.01,0.01,100,0.22222,0.0,,,-0.03,0.03733,0.00165,0.0,0.02632,0.65926
743,760832,76.15884,98.33333,1.0,1.0,0.681055,-0.000887,0.000314,0.001881,0.222918,0.017471,0.727571,71.098297,1.077354,71.140602,1.244174,4.0,0.00022402,12,302,0.02836,0.03085,0.0,0.01,100,0.16667,1.0,,,-0.03,0.03853,0.00138,0.0,0.02237,0.87176
744,761856,76.16192,97.0,1.0,1.0,0.631278,-0.001308,0.000524,0.003182,0.236631,0.029221,0.604447,71.07383,1.170448,71.030396,1.330266,4.0,0.00022392,10,299,0.02454,0.02734,0.0,0.01,100,0.2,0.0,,,-0.03,0.03919,0.00138,0.0,0.02199,0.7431
745,762880,75.4406,100.3,1.0,1.0,0.617039,-0.000298,0.000375,0.003503,0.328147,0.039185,0.647032,71.066597,1.09712,71.1353,1.199813,4.0,0.00022381,10,284,0.02576,0.02905,0.0,0.01,100,0.4,0.0,,,-0.03,0.03799,0.00162,0.0,0.02489,0.75179
746,763904,75.86502,98.83333,1.0,1.0,0.708188,0.000126,0.00048,0.005537,0.421296,0.081329,0.726845,70.863388,1.320625,70.767014,1.522122,4.0,0.00022371,12,286,0.04291,0.0457,0.0,0.01,100,0.16667,1.0,,,-0.03,0.03624,0.00132,0.0,0.01916,0.88507
747,764928,75.78819,100.0,1.0,1.0,0.65863,-0.00133,0.000207,0.003138,0.305992,0.029068,0.782311,71.043571,1.03179,71.090729,1.119652,4.0,0.00022361,9,282,0.02828,0.03012,0.0,0.01,100,0.33333,0.0,,,-0.03,0.03901,0.00122,0.0,0.02267,0.66324
748,765952,76.14128,98.1,1.0,1.0,0.651138,-0.002132,0.000234,0.002323,0.182223,0.018234,0.78462,71.092804,1.088645,71.112976,1.198571,4.0,0.00022351,10,299,0.02923,0.03147,0.0,0.01,100,0.2,0.0,,,-0.03,0.03884,0.00138,0.0,0.02291,0.72634
749,766976,67.5406,97.5,0.9,0.99,0.62112,-0.000172,0.029531,0.001107,0.134766,0.005524,0.056363,71.084534,1.145583,70.286453,6.46574,4.0,0.0002234,10,312,0.02673,0.03257,0.0,0.01,100,0.5,0.5,,,-0.03,0.03818,0.00154,0.0,0.01558,0.67828
750,768000,76.14438,99.66667,1.0,0.99,0.666501,-0.001413,0.000466,0.001847,0.211973,0.014038,0.67954,70.556671,0.940366,70.647041,1.213344,4.0,0.0002233,12,292,0.02827,0.03007,0.0,0.0,100,0.33333,0.0,,,-0.03,0.03815,0.00137,0.0,0.02507,0.86484
751,769024,75.59933,97.125,1.0,0.99,0.623676,-0.001334,0.001538,0.001888,0.194005,0.015366,0.458603,69.90596,1.709949,69.697647,1.982859,4.0,0.0002232,8,304,0.03654,0.04266,0.0,0.0,100,0.375,0.0,,,-0.03,0.03726,0.00129,0.0,0.01417,0.61305
752,770048,67.35416,105.6,0.9,0.98,0.690161,-0.000408,0.019364,0.001162,0.215912,0.005722,0.454052,69.224533,2.86955,67.871391,8.510139,4.0,0.0002231,10,312,0.04649,0.04981,0.0,0.0,100,0.3,1.0,,,-0.03,0.03349,0.00105,0.0,0.0164,0.68047
753,771072,76.23633,97.4,1.0,0.98,0.76408,-0.001519,0.00199,0.003519,0.189627,0.035751,0.794064,70.522484,3.768436,70.239601,4.06651,4.0,0.000223,10,299,0.05065,0.05232,0.0,0.0,100,0.2,1.0,,,-0.03,0.03497,0.00101,0.0,0.02143,0.72448
754,772096,76.03584,98.5,1.0,0.98,0.73462,-0.001252,0.002888,0.002464,0.191004,0.02771,0.922146,68.716324,6.974317,68.576233,7.51696,4.0,0.00022289,8,280,0.04827,0.05079,0.0,0.0,100,0.125,0.0,,,-0.03,0.03462,0.00111,0.0,0.02105,0.58899
755,773120,76.13803,98.5,1.0,0.98,0.754709,-0.001554,0.002281,0.003003,0.244903,0.026703,0.959959,68.179115,8.610991,67.89904,9.60108,4.0,0.00022279,10,313,0.03488,0.03673,0.0,0.0,100,0.1,0.0,,,-0.03,0.03533,0.00148,0.0,0.02022,0.74177
756,774144,66.39864,154.77778,0.88889,0.97,0.726224,-0.001233,0.001028,0.002168,0.211513,0.016434,0.96379,69.910637,6.428442,70.026604,6.387195,4.0,0.00022269,9,296,0.0342,0.03563,0.01,0.0,100,0.11111,0.0,,,-0.03,0.03668,0.00164,0.0,0.02752,0.57953
757,775168,75.9773,99.90909,1.0,0.97,0.738527,-0.001346,0.000799,0.002038,0.179613,0.01709,0.422334,71.096039,1.504028,71.072121,1.396408,4.0,0.00022259,11,290,0.03712,0.03945,0.01,0.0,100,0.18182,0.0,,,-0.03,0.0373,0.00119,0.0,0.02121,0.80617
758,776192,75.61875,103.81818,1.0,0.97,0.736311,-0.00125,0.000827,0.002642,0.200517,0.015778,0.418391,70.874298,1.476961,70.794342,1.450196,4.0,0.00022248,11,289,0.03879,0.0414,0.01,0.0,100,0.09091,0.0,,,-0.03,0.03703,0.00112,0.0,0.02059,0.81374
759,777216,75.66973,98.22222,1.0,0.98,0.660726,-0.000615,0.000756,0.002924,0.273951,0.035248,0.354717,70.904114,1.419057,70.895889,1.321831,4.0,0.00022238,9,303,0.03039,0.0333,0.01,0.0,100,0.33333,0.0,,,-0.03,0.039,0.00139,0.0,0.02133,0.66285
760,778240,75.94677,99.2,1.0,0.98,0.696818,-0.001241,0.000727,0.003535,0.24473,0.036285,0.426127,70.947159,1.335974,70.879608,1.325999,4.0,0.00022228,10,292,0.03355,0.03685,0.01,0.0,100,0.2,0.0,,,-0.03,0.03774,0.00194,0.0,0.02086,0.73896
761,779264,75.85426,99.18182,1.0,0.98,0.671612,-0.000276,0.000452,0.005036,0.39421,0.069656,0.604339,70.897781,1.17787,70.981552,1.260522,4.0,0.00022218,11,310,0.03185,0.03437,0.01,0.0,100,0.27273,1.0,,,-0.03,0.03797,0.00135,0.0,0.02555,0.80825
762,780288,75.94395,97.72727,1.0,0.99,0.664926,-0.001445,0.000458,0.004042,0.275229,0.049316,0.659463,70.854897,1.292091,70.904175,1.349193,4.0,0.00022207,11,311,0.03133,0.0343,0.01,0.0,100,0.18182,0.0,,,-0.03,0.03827,0.00134,0.0,0.02223,0.80988
763,781312,75.44908,98.4,1.0,0.99,0.656173,-0.000989,0.000479,0.002008,0.210658,0.01825,0.572822,70.954239,1.301855,70.868645,1.234974,4.0,0.00022197,10,288,0.02732,0.03174,0.01,0.0,100,0.5,1.0,,,-0.03,0.03837,0.00156,0.0,0.01565,0.74574
764,782336,75.78554,99.44444,1.0,0.99,0.692634,-0.001139,0.000488,0.002248,0.224026,0.018463,0.769837,70.869598,1.414553,70.791878,1.692413,4.0,0.00022187,9,291,0.03227,0.03498,0.01,0.0,100,0.44444,0.0,,,-0.03,0.03755,0.00164,0.0,0.02262,0.66078
765,783360,76.00925,101.55556,1.0,0.99,0.719379,-0.001698,0.00075,0.003062,0.197803,0.025177,0.894583,70.084305,2.790046,69.833214,3.246816,4.0,0.00022177,9,311,0.04093,0.04429,0.01,0.0,100,0.11111,0.0,,,-0.03,0.03379,0.00095,0.0,0.01622,0.66482
766,784384,75.5553,99.7,1.0,1.0,0.627578,-0.001179,0.001346,0.002962,0.220332,0.029327,0.831611,70.032394,3.119708,70.002014,3.291745,4.0,0.00022166,10,318,0.02924,0.03268,0.0,0.0,100,0.4,0.0,,,-0.03,0.03716,0.00147,0.0,0.02123,0.78658
767,785408,75.60345,98.66667,1.0,1.0,0.601915,-0.002059,0.000524,0.002967,0.229933,0.030823,0.922035,70.014832,2.880435,69.840134,3.326353,4.0,0.00022156,9,311,0.02548,0.02936,0.0,0.0,100,0.22222,0.0,,,-0.03,0.03852,0.00157,0.0,0.01894,0.75285
768,786432,76.25351,97.22222,1.0,1.0,0.611151,-0.000557,0.000421,0.002338,0.233236,0.016403,0.973492,69.383118,4.80423,69.255455,5.40045,4.0,0.00022146,9,322,0.03041,0.03201,0.0,0.0,100,0.22222,0.0,,,-0.03,0.03677,0.0018,0.0,0.0271,0.73348
769,787456,69.0219,143.18182,0.90909,0.99,0.635831,-0.001963,0.000367,0.002489,0.19332,0.024017,0.973287,70.284172,4.061179,70.369781,4.370883,4.0,0.00022136,11,275,0.02588,0.02696,0.01,0.0,100,0.18182,1.0,,,-0.03,0.03864,0.00186,0.0,0.02575,0.74492
770,788480,75.91846,98.0,1.0,0.99,0.683834,0.001587,0.000479,0.006849,0.567727,0.098846,0.683447,71.212051,1.420332,71.19957,1.411909,2.0,0.00022125,11,303,0.03084,0.0338,0.01,0.0,100,0.36364,1.0,,,-0.03,0.03834,0.00168,0.0,0.02093,0.80853
771,789504,76.50562,98.0,1.0,0.99,0.729221,-0.002063,0.000551,0.003499,0.281798,0.040359,0.912532,70.598236,2.579695,70.46611,3.107257,4.0,0.00022115,9,305,0.0539,0.05515,0.01,0.0,100,0.11111,0.0,,,-0.03,0.03461,0.00144,0.0,0.02621,0.65824
772,790528,76.36301,98.3,1.0,0.99,0.691835,-0.001839,0.001823,0.002845,0.193816,0.02301,0.907459,69.865616,4.922483,69.709541,5.1792,4.0,0.00022105,10,314,0.05102,0.05311,0.01,0.0,100,0.0,0.0,,,-0.03,0.03616,0.00103,0.0,0.02075,0.76046
773,791552,76.17986,99.57143,1.0,0.99,0.642093,-0.0018,0.000663,0.003281,0.256524,0.039948,0.916967,70.261131,3.125441,70.17617,3.333899,4.0,0.00022095,7,314,0.03046,0.03179,0.01,0.0,100,0.14286,0.0,,,-0.03,0.03715,0.0019,0.0,0.02521,0.5412
774,792576,76.08798,98.0,1.0,0.99,0.685014,-0.000993,0.001854,0.003179,0.328409,0.035233,0.902473,69.148758,4.48746,68.633537,5.156333,4.0,0.00022084,10,328,0.04488,0.04962,0.01,0.0,100,0.3,1.0,,,-0.03,0.03471,0.00107,0.0,0.01683,0.82386
775,793600,59.84377,155.9,0.8,0.97,0.667424,-4.6e-05,0.016124,0.003083,0.176367,0.037659,0.569544,69.668083,4.4109,69.11879,7.616033,4.0,0.00022074,10,315,0.02631,0.02788,0.02,0.0,100,0.2,0.9,,,-0.03,0.03822,0.00159,0.0,0.0216,0.60806
776,794624,75.98509,97.66667,1.0,0.97,0.656994,-0.00116,0.002334,0.002456,0.222353,0.01944,-0.140273,70.808647,1.950943,70.82724,1.626533,4.0,0.00022064,9,307,0.02332,0.02622,0.02,0.0,100,0.22222,1.0,,,-0.03,0.03874,0.00173,0.0,0.02263,0.6596
777,795648,75.93595,98.15385,1.0,0.97,0.672273,-0.001946,0.001391,0.00245,0.160985,0.025955,0.145827,70.9561,1.874407,70.976006,1.661351,4.0,0.00022054,13,312,0.02753,0.03046,0.02,0.0,100,0.30769,0.0,,,-0.03,0.03807,0.0018,0.0,0.02399,0.9635
778,796672,76.05114,97.44444,1.0,0.97,0.677306,-0.000857,0.000533,0.002506,0.192611,0.015533,0.518282,70.730537,1.230917,70.759537,1.26861,4.0,0.00022044,9,310,0.02313,0.02501,0.02,0.01,100,0.33333,0.5,,,-0.03,0.03921,0.00178,0.0,0.02184,0.65582
779,797696,75.74086,104.33333,1.0,0.98,0.70764,-0.001699,0.000553,0.003694,0.355839,0.042068,0.557582,70.842789,1.18791,70.884041,1.295161,4.0,0.00022033,9,298,0.03016,0.03211,0.01,0.01,100,0.22222,0.66667,,,-0.03,0.03799,0.00143,0.0,0.0234,0.65913
780,798720,76.27095,97.8,1.0,0.98,0.696119,-0.001216,0.000919,0.002598,0.272616,0.028183,0.5321,70.822235,1.206463,70.590729,1.593459,4.0,0.00022023,10,313,0.03439,0.03831,0.01,0.01,100,0.0,0.0,,,-0.03,0.03535,0.00113,0.0,0.02037,0.77531
781,799744,76.16659,98.4,1.0,0.98,0.726593,-0.002109,0.000455,0.002393,0.274724,0.024475,0.792488,70.469467,1.333906,70.412437,1.802373,4.0,0.00022013,10,307,0.03209,0.03288,0.01,0.01,100,0.2,1.0,,,-0.03,0.03677,0.00135,0.0,0.02418,0.76477
782,800768,76.34591,97.5,1.0,0.98,0.685407,-0.001259,0.000618,0.002762,0.282044,0.022873,0.880645,70.229347,2.261664,70.080772,2.795675,4.0,0.00022003,8,323,0.02877,0.03093,0.01,0.01,100,0.125,0.0,,,-0.03,0.0367,0.00181,0.0,0.02489,0.61117
783,801792,76.23162,98.0,1.0,0.98,0.719135,-0.002277,0.00058,0.003214,0.242091,0.028625,0.946757,69.685989,3.656593,69.548454,4.15275,4.0,0.00021992,10,308,0.03113,0.03338,0.01,0.01,100,0.3,0.33333,,,-0.03,0.03576,0.00152,0.0,0.0217,0.76881
784,802816,66.56671,154.0,0.88889,0.97,0.644179,-0.000777,0.001795,0.002461,0.221885,0.021881,0.751189,70.036949,2.957027,69.783218,3.114582,4.0,0.00021982,9,296,0.0278,0.03187,0.02,0.01,100,0.22222,1.0,,,-0.03,0.03726,0.00121,0.0,0.01637,0.62301
785,803840,75.51834,105.18182,1.0,0.99,0.654737,-0.001948,0.00092,0.00286,0.181777,0.021362,0.490003,70.273537,1.415463,70.326218,1.584145,4.0,0.00021972,11,316,0.02765,0.0302,0.01,0.02,100,0.18182,0.5,,,-0.03,0.03761,0.0016,0.0,0.02365,0.81479
786,804864,75.51604,101.4,1.0,0.99,0.660853,-0.001577,0.000508,0.002539,0.249555,0.024445,0.590201,70.305511,1.242254,70.288063,1.310796,4.0,0.00021962,10,301,0.02909,0.03197,0.01,0.02,100,0.4,1.0,,,-0.03,0.03788,0.00143,0.0,0.01699,0.74283
787,805888,66.83823,104.22222,0.88889,0.98,0.604579,-0.000196,0.026567,0.001797,0.233351,0.013702,0.176226,70.08847,1.657147,68.725876,7.651411,4.0,0.00021951,9,310,0.02291,0.02821,0.01,0.03,100,0.33333,0.33333,,,-0.03,0.03943,0.00141,0.0,0.01483,0.62175
788,806912,75.49954,103.4,1.0,0.98,0.705696,-0.001303,0.003855,0.004762,0.266335,0.056152,0.182654,69.782303,2.971323,69.772499,2.594379,4.0,0.00021941,10,317,0.03183,0.03462,0.01,0.03,100,0.1,1.0,,,-0.03,0.03586,0.00153,0.0,0.02512,0.75421
789,807936,68.80178,97.36364,0.90909,0.97,0.674806,-0.00078,0.036623,0.003809,0.277214,0.04483,0.325198,69.663322,3.393534,68.355423,8.534352,4.0,0.00021931,11,293,0.02553,0.02996,0.01,0.02,100,0.09091,1.0,,,-0.03,0.03844,0.00138,0.0,0.01623,0.73434
790,808960,75.90357,102.8,1.0,0.97,0.724441,-0.001066,0.002965,0.002401,0.196873,0.021317,-0.28083,68.650101,2.293779,69.022095,1.915936,4.0,0.00021921,10,304,0.03001,0.03162,0.01,0.02,100,0.1,1.0,,,-0.03,0.03676,0.0017,0.0,0.02613,0.7201
791,809984,76.17233,99.0,1.0,0.97,0.729712,-0.00074,0.0016,0.001724,0.226566,0.012695,0.409165,69.120079,2.292702,69.585381,2.114892,4.0,0.0002191,10,312,0.03038,0.0327,0.01,0.02,100,0.1,1.0,,,-0.03,0.03763,0.00197,0.0,0.02499,0.72994
792,811008,75.98941,100.63636,1.0,0.97,0.721202,-0.001051,0.00102,0.001835,0.168896,0.01268,0.635577,69.575142,2.074136,69.911255,1.994961,4.0,0.000219,11,304,0.02592,0.02844,0.01,0.02,100,0.0,0.66667,,,-0.03,0.0373,0.00159,0.0,0.02221,0.80591
793,812032,75.33074,104.875,1.0,0.97,0.752952,-0.001916,0.0009,0.00302,0.24461,0.033508,0.544904,69.958176,1.669527,69.881798,1.649271,4.0,0.0002189,8,302,0.03815,0.04099,0.01,0.02,100,0.125,1.0,,,-0.03,0.03446,0.00063,0.0,0.01671,0.60146
794,813056,75.44396,112.22222,1.0,0.98,0.729115,-0.0004,0.000505,0.004866,0.416229,0.064865,0.708002,70.047119,1.422922,70.271561,1.494612,4.0,0.0002188,9,284,0.03497,0.03678,0.0,0.02,100,0.11111,1.0,,,-0.03,0.0368,0.00149,0.0,0.02546,0.65302
795,814080,75.63613,101.72727,1.0,0.98,0.700772,-0.000845,0.000981,0.003298,0.240252,0.035202,0.516514,69.93161,1.610952,69.985489,1.668092,4.0,0.00021869,11,239,0.03844,0.04117,0.0,0.01,100,0.27273,0.0,,,-0.03,0.03601,0.0015,0.0,0.02142,0.81355
796,815104,75.77853,99.88889,1.0,0.98,0.77701,-0.001223,0.002214,0.002058,0.204355,0.013245,0.325352,69.864571,1.874486,69.616432,2.115288,4.0,0.00021859,9,284,0.04574,0.05146,0.0,0.01,100,0.33333,1.0,,,-0.03,0.03481,0.00095,0.0,0.01277,0.6812
797,816128,65.45584,101.375,0.875,0.98,0.756789,-0.000693,0.031776,0.001547,0.280263,0.014297,0.230729,69.467865,1.914207,67.92646,7.889525,4.0,0.00021849,8,291,0.05052,0.05586,0.0,0.01,100,0.25,1.0,,,-0.03,0.03431,0.00085,0.0,0.01291,0.54139
798,817152,74.67571,107.28571,1.0,0.98,0.756689,-0.001114,0.0131,0.002375,0.231095,0.023544,0.41617,68.536995,5.779163,67.688377,5.743955,4.0,0.00021839,7,298,0.05036,0.05543,0.0,0.0,100,0.42857,0.0,,,-0.03,0.03253,0.00098,0.0,0.01175,0.54976
799,818176,66.85249,155.7,0.9,0.97,0.785821,-0.0012,0.002094,0.002288,0.232225,0.020676,0.841844,68.120483,4.111739,68.06366,4.467215,4.0,0.00021828,10,295,0.04516,0.04719,0.01,0.0,100,0.3,0.0,,,-0.03,0.03451,0.00137,0.0,0.01929,0.68557
800,819200,75.87198,101.83333,1.0,0.98,0.714341,-0.00219,0.000894,0.002319,0.218594,0.02269,0.363371,69.36232,1.362335,69.62291,1.524608,4.0,0.00021818,12,297,0.03405,0.03599,0.01,0.0,100,0.08333,0.0,,,-0.03,0.03808,0.00127,0.0,0.02188,0.87425
801,820224,76.21152,100.25,1.0,0.98,0.767871,-0.001199,0.000722,0.002999,0.295192,0.030045,0.609697,69.877747,1.491193,69.987633,1.605791,4.0,0.00021808,8,296,0.04291,0.04411,0.01,0.0,100,0.125,0.0,,,-0.03,0.03696,0.00152,0.0,0.02268,0.58627
802,821248,76.26279,99.125,1.0,0.98,0.771942,-0.002073,0.00078,0.003746,0.302582,0.045975,0.602015,69.875931,1.383854,70.008675,1.680272,4.0,0.00021798,8,292,0.05228,0.05381,0.01,0.0,100,0.125,1.0,,,-0.03,0.03425,0.0015,0.0,0.02774,0.59431
803,822272,76.23682,100.09091,1.0,0.98,0.838011,-0.000812,0.001074,0.002807,0.319095,0.031952,0.739672,69.527802,1.693898,69.414566,2.40296,4.0,0.00021788,11,304,0.06278,0.0652,0.01,0.0,100,0.18182,1.0,,,-0.03,0.03489,0.00081,0.0,0.01697,0.8166
804,823296,66.83812,101.66667,0.88889,0.97,0.771537,0.000483,0.018446,0.004323,0.238417,0.049805,0.451401,68.64859,3.482208,67.746002,7.90731,4.0,0.00021777,9,307,0.05571,0.06028,0.01,0.01,100,0.33333,0.66667,,,-0.03,0.03529,0.00077,0.0,0.01289,0.61441
805,824320,65.26929,164.125,0.875,0.96,0.729592,-0.001001,0.003666,0.002906,0.23192,0.022812,0.772998,68.821411,3.989867,68.784561,4.217227,4.0,0.00021767,8,293,0.05169,0.05398,0.02,0.01,100,0.125,1.0,,,-0.03,0.0374,0.00141,0.0,0.02442,0.51621
806,825344,75.83,101.54545,1.0,0.96,0.706062,-0.000734,0.004406,0.002162,0.154445,0.015823,0.261098,69.098114,3.438753,69.385803,3.097373,4.0,0.00021757,11,294,0.05155,0.05492,0.02,0.01,100,0.18182,0.83333,,,-0.03,0.03804,0.00128,0.0,0.02261,0.81401
807,826368,69.84448,98.0,0.91667,0.96,0.730628,-0.000979,0.030297,0.003149,0.232681,0.017883,0.287126,69.023567,2.60898,68.049316,8.198814,4.0,0.00021747,12,292,0.0522,0.05582,0.02,0.01,100,0.25,0.5,,,-0.03,0.03965,0.00169,0.0,0.01978,0.79743
808,827392,75.53731,108.44444,1.0,0.96,0.768719,-0.001661,0.007315,0.002361,0.206685,0.01973,-0.783257,69.259018,4.380618,69.324661,2.915753,4.0,0.00021736,9,284,0.06127,0.06348,0.02,0.01,100,0.22222,1.0,,,-0.03,0.03757,0.00095,0.0,0.02142,0.6589
809,828416,76.30442,96.0,1.0,0.96,0.702955,-0.000959,0.001741,0.002771,0.190977,0.022278,0.290423,69.120872,2.068221,69.548309,2.025569,4.0,0.00021726,9,255,0.04981,0.05296,0.02,0.01,100,0.22222,0.8,,,-0.03,0.03956,0.00169,0.0,0.02639,0.66106
810,829440,75.88898,99.58333,1.0,0.97,0.737158,-0.001211,0.001123,0.00286,0.217351,0.023056,0.545433,69.119446,1.860702,69.508255,1.942667,4.0,0.00021716,12,272,0.05461,0.05797,0.01,0.01,100,0.16667,1.0,,,-0.03,0.03972,0.001,0.0,0.0186,0.88669
811,830464,76.1217,100.0,1.0,0.97,0.700285,-0.001443,0.000407,0.002425,0.263329,0.018707,0.830293,69.519501,1.59281,69.883911,1.717123,4.0,0.00021706,9,287,0.04412,0.04618,0.01,0.02,100,0.22222,0.6,,,-0.03,0.0392,0.00166,0.0,0.02397,0.65241
812,831488,76.23145,98.9,1.0,0.97,0.74215,-0.001355,0.00095,0.002263,0.239078,0.016418,0.770674,69.595047,1.833913,69.782364,2.335623,4.0,0.00021695,10,297,0.05888,0.06163,0.01,0.02,100,0.2,1.0,,,-0.03,0.03753,0.00136,0.0,0.02231,0.72755
813,832512,76.54283,98.7,1.0,0.97,0.73662,-0.000616,0.000791,0.005315,0.496023,0.075119,0.86131,69.513023,2.403277,69.766159,2.770163,4.0,0.00021685,10,285,0.06353,0.06513,0.01,0.02,100,0.1,1.0,,,-0.03,0.0368,0.00117,0.0,0.02595,0.74333
814,833536,75.73839,100.0,1.0,0.98,0.629824,-0.001557,0.001382,0.002219,0.185201,0.018097,0.860949,69.09256,3.567043,69.257095,3.62674,4.0,0.00021675,9,303,0.05055,0.05435,0.01,0.01,100,0.33333,1.0,,,-0.03,0.03891,0.00126,0.0,0.0187,0.73799
815,834560,74.58187,131.0,1.0,0.99,0.646127,-0.001474,0.000618,0.00174,0.160586,0.012253,0.906337,69.649376,2.759131,69.857109,2.964156,4.0,0.00021665,10,309,0.04997,0.05232,0.0,0.01,100,0.3,1.0,,,-0.03,0.03907,0.00128,0.0,0.02277,0.77296
816,835584,76.4844,97.6,1.0,0.99,0.681901,-0.000406,0.000492,0.003612,0.412083,0.044006,0.751249,70.678986,1.641556,70.992966,1.579965,4.0,0.00021654,10,283,0.04064,0.04232,0.0,0.01,100,0.3,0.0,,,-0.03,0.04057,0.00191,0.0,0.02536,0.72336
817,836608,76.24758,98.72727,1.0,1.0,0.685483,-0.001182,0.000709,0.003169,0.31515,0.032196,0.636612,70.953621,1.518462,71.014008,1.594847,4.0,0.00021644,11,303,0.04413,0.04695,0.0,0.01,100,0.18182,0.0,,,-0.03,0.03837,0.00156,0.0,0.02283,0.80356
818,837632,76.08631,97.36364,1.0,1.0,0.645415,-0.001219,0.000353,0.001996,0.231182,0.012329,0.744012,70.865555,1.312193,71.001297,1.335799,4.0,0.00021634,11,303,0.03286,0.03481,0.0,0.01,100,0.27273,1.0,,,-0.03,0.03977,0.00153,0.0,0.02449,0.80723
819,838656,76.3742,97.33333,1.0,1.0,0.648864,-0.000985,0.000271,0.002577,0.257101,0.01799,0.794584,71.033859,1.205736,71.191902,1.288508,4.0,0.00021624,9,294,0.03448,0.03609,0.0,0.01,100,0.33333,0.0,,,-0.03,0.04005,0.00168,0.0,0.02472,0.64947
820,839680,76.12893,96.72727,1.0,1.0,0.710297,-0.00185,0.000468,0.0028,0.24869,0.025711,0.565389,71.369423,1.261194,71.256325,1.202313,4.0,0.00021613,11,306,0.05007,0.05326,0.0,0.01,100,0.27273,0.0,,,-0.03,0.03564,0.00147,0.0,0.02287,0.81811
821,840704,74.7806,114.66667,1.0,1.0,0.663699,-0.001751,0.000589,0.002262,0.195207,0.015427,0.428389,71.023132,1.000995,70.807648,1.159208,4.0,0.00021603,9,321,0.04059,0.04363,0.0,0.01,100,0.22222,0.8,,,-0.03,0.03798,0.001,0.0,0.01539,0.67298
822,841728,75.94208,99.44444,1.0,1.0,0.621879,-0.001449,0.000309,0.002429,0.252366,0.020813,0.634397,71.058914,0.801977,70.979683,1.028699,4.0,0.00021593,9,306,0.02776,0.03084,0.0,0.01,100,0.22222,1.0,,,-0.03,0.03889,0.00172,0.0,0.02261,0.65862
823,842752,75.68614,100.36364,1.0,1.0,0.648447,-0.001595,0.000358,0.001635,0.18553,0.011169,0.613496,70.96167,0.866713,70.97673,1.089324,4.0,0.00021583,11,305,0.03708,0.04017,0.0,0.01,100,0.36364,1.0,,,-0.03,0.03838,0.00159,0.0,0.02643,0.82334
824,843776,76.56118,96.75,1.0,1.0,0.666035,-0.001286,0.000206,0.002647,0.293807,0.017975,0.795651,70.83873,0.919951,70.930428,1.146648,4.0,0.00021572,12,300,0.02827,0.02981,0.0,0.01,100,0.08333,1.0,,,-0.03,0.03924,0.00125,0.0,0.02324,0.86372
825,844800,76.41524,95.77778,1.0,1.0,0.647779,-0.001341,0.000207,0.003419,0.409953,0.038208,0.803131,71.002396,1.002498,71.103806,1.148578,4.0,0.00021562,9,303,0.02651,0.02831,0.0,0.02,100,0.22222,0.5,,,-0.03,0.0409,0.0018,0.0,0.02353,0.65032
826,845824,68.58425,98.0,0.90909,0.99,0.631113,-0.000791,0.040057,0.002056,0.247598,0.016327,0.075907,71.08503,1.145813,69.618088,7.605233,4.0,0.00021552,11,304,0.03058,0.03514,0.0,0.02,100,0.27273,1.0,,,-0.03,0.0373,0.00168,0.0,0.02117,0.7465
827,846848,75.92763,100.66667,1.0,0.99,0.687921,-0.001093,0.002063,0.00362,0.352332,0.047791,0.283461,70.36409,1.544999,70.309395,1.535718,4.0,0.00021542,9,319,0.0397,0.04322,0.0,0.02,100,0.33333,0.66667,,,-0.03,0.03537,0.00134,0.0,0.02067,0.67004
828,847872,75.96094,100.0,1.0,0.99,0.715903,-0.001685,0.00139,0.004488,0.384252,0.058105,0.659404,70.129082,2.157128,69.803116,2.388282,4.0,0.00021532,10,303,0.03936,0.04143,0.0,0.02,100,0.1,1.0,,,-0.03,0.03448,0.00116,0.0,0.01813,0.75284
829,848896,65.32452,124.11111,0.88889,0.98,0.608863,-0.000783,0.029631,0.002481,0.246939,0.020599,0.285039,69.59964,2.740243,68.75177,7.661701,4.0,0.00021521,9,293,0.0264,0.03184,0.0,0.02,100,0.44444,0.33333,,,-0.03,0.03754,0.00129,0.0,0.01564,0.59486
830,849920,75.99714,100.90909,1.0,0.98,0.638409,-0.001017,0.002966,0.002285,0.235238,0.021439,-0.369636,70.042168,2.438411,70.056396,1.874064,4.0,0.00021511,11,301,0.02526,0.02742,0.0,0.02,100,0.18182,1.0,,,-0.03,0.03763,0.00187,0.0,0.02549,0.81305
831,850944,76.20451,97.72727,1.0,0.98,0.649393,-0.001322,0.001939,0.002836,0.242986,0.024246,0.348101,69.684517,1.789947,69.707397,2.091573,4.0,0.00021501,11,283,0.02762,0.03048,0.0,0.01,100,0.27273,0.0,,,-0.03,0.03866,0.00135,0.0,0.01961,0.8142
832,851968,75.7789,103.22222,1.0,0.98,0.640593,-0.001387,0.000612,0.003107,0.240163,0.036118,0.649274,69.842827,1.331783,70.13871,1.575655,4.0,0.00021491,9,297,0.03261,0.03438,0.0,0.01,100,0.22222,0.75,,,-0.03,0.03867,0.00171,0.0,0.02663,0.66184
833,852992,75.84914,98.45455,1.0,0.98,0.660764,-0.000848,0.001277,0.002447,0.225932,0.028214,0.428729,70.034348,1.889482,70.164642,1.792299,4.0,0.0002148,11,294,0.03149,0.03522,0.0,0.01,100,0.18182,0.5,,,-0.03,0.0387,0.00158,0.0,0.01838,0.81214
834,854016,75.92318,100.81818,1.0,0.98,0.625635,-0.000862,0.001182,0.003024,0.201534,0.034439,0.541363,69.946754,1.819223,70.167,1.878888,4.0,0.0002147,11,289,0.02746,0.03077,0.0,0.01,100,0.18182,0.83333,,,-0.03,0.03892,0.00171,0.0,0.0218,0.82972
835,855040,75.93109,101.22222,1.0,0.98,0.647812,-0.000709,0.000572,0.002371,0.288993,0.02124,0.672436,70.12365,1.282472,70.245728,1.480197,4.0,0.0002146,9,302,0.02545,0.02767,0.0,0.01,100,0.0,0.66667,,,-0.03,0.03914,0.0018,0.0,0.02112,0.66343
836,856064,75.30889,104.22222,1.0,0.98,0.639178,0.000771,0.000913,0.006602,0.53732,0.090942,0.539366,70.207527,1.476419,70.288551,1.597954,4.0,0.0002145,9,291,0.02946,0.03459,0.0,0.03,100,0.22222,0.5,,,-0.03,0.03829,0.00192,0.0,0.01856,0.69735
837,857088,75.89646,102.9,1.0,0.99,0.696814,-0.001411,0.000668,0.00281,0.265395,0.028305,0.635438,70.422226,1.304284,70.499306,1.520251,4.0,0.00021439,10,286,0.03797,0.04155,0.0,0.04,100,0.1,0.72727,,,-0.03,0.03615,0.00149,0.0,0.02456,0.74373
838,858112,75.64965,99.45455,1.0,1.0,0.684329,-0.001,0.000584,0.002249,0.223116,0.017273,0.653179,70.360397,1.251824,70.375481,1.456847,4.0,0.00021429,11,277,0.02818,0.03206,0.0,0.05,100,0.36364,0.8,,,-0.03,0.03843,0.00184,0.0,0.01736,0.82812
839,859136,75.52434,106.77778,1.0,1.0,0.714527,-0.002055,0.000687,0.002022,0.202053,0.020538,0.723048,70.129028,1.335297,70.065063,1.798698,4.0,0.00021419,9,287,0.03881,0.04188,0.0,0.07,100,0.11111,0.4,,,-0.03,0.03583,0.00159,0.0,0.02096,0.65663
840,860160,65.99453,108.25,0.875,0.99,0.643816,-0.000475,0.02128,0.001933,0.224488,0.013763,0.4135,69.968842,2.608271,68.686493,8.32481,4.0,0.00021409,8,295,0.02637,0.03182,0.0,0.09,100,0.25,0.58333,,,-0.03,0.0388,0.00171,0.0,0.01524,0.53993
841,861184,75.3989,106.2,1.0,0.99,0.698019,-0.001243,0.003737,0.00237,0.156857,0.017578,0.28904,71.505363,3.489158,71.556442,2.899727,4.0,0.00021398,10,304,0.03423,0.03908,0.0,0.13,100,0.1,0.46667,,,-0.03,0.03709,0.00206,0.0,0.02415,0.76075
842,862208,75.7778,102.0,1.0,0.99,0.720375,-0.001659,0.001096,0.002472,0.190102,0.020004,0.652678,71.178238,2.084663,71.062248,2.071554,4.0,0.00021388,13,290,0.03897,0.04249,0.0,0.17,100,0.15385,0.5,,,-0.03,0.03614,0.00168,0.0,0.02056,0.95242
843,863232,76.51765,95.4,1.0,0.99,0.659691,0.00026,0.000448,0.006407,0.645654,0.093979,0.636138,71.509872,1.136127,71.505257,1.265833,4.0,0.00021378,10,290,0.02573,0.02945,0.0,0.23,100,0.0,0.46154,,,-0.03,0.03985,0.00251,0.0,0.02456,0.72282
844,864256,75.17695,99.77778,1.0,0.99,0.642956,-0.001083,0.000755,0.003315,0.227609,0.034531,0.343439,71.379822,1.45533,71.35463,1.306166,4.0,0.00021368,9,307,0.02837,0.0339,0.0,0.25,100,0.44444,0.74074,,,-0.03,0.03801,0.00174,0.0,0.02172,0.67427
845,865280,75.58784,99.5,1.0,0.99,0.720641,-0.001212,0.001719,0.00245,0.174725,0.012466,-0.00349,71.340378,1.79604,70.944054,1.599422,4.0,0.00021357,10,309,0.03375,0.04314,0.0,0.31,100,0.2,0.57143,,,-0.03,0.03633,0.00065,0.0,0.01448,0.75885
846,866304,75.15536,106.3,1.0,0.99,0.663135,-0.001625,0.000425,0.00334,0.365076,0.037979,0.53017,70.968658,0.788877,70.828964,1.04973,4.0,0.00021347,10,266,0.02681,0.03243,0.0,0.32,100,0.3,0.89706,,,-0.03,0.03804,0.00091,0.0,0.01905,0.73293
847,867328,68.40561,99.0,0.90909,0.98,0.647612,-0.001344,0.036644,0.003123,0.365505,0.0271,0.125273,70.803314,0.958647,69.270233,7.680845,4.0,0.00021337,11,299,0.02354,0.02919,0.0,0.35,100,0.27273,0.47619,,,-0.03,0.03824,0.00205,0.0,0.01727,0.74508
848,868352,75.56339,100.875,1.0,0.98,0.659076,-0.00046,0.007277,0.003226,0.251576,0.031067,0.023759,69.224136,3.54748,69.190659,2.965178,4.0,0.00021327,8,293,0.0284,0.03465,0.0,0.36,100,0.5,0.34783,,,-0.03,0.03705,0.00193,0.0,0.01687,0.61246
849,869376,75.79277,103.81818,1.0,0.98,0.706964,-0.00116,0.001235,0.002291,0.224469,0.016647,0.555552,69.427063,1.919214,69.616394,2.129005,4.0,0.00021316,11,284,0.03194,0.03616,0.0,0.39,100,0.09091,0.72727,,,-0.03,0.03631,0.00119,0.0,0.02475,0.80576
850,870400,66.24237,108.33333,0.88889,0.98,0.784902,-0.000311,0.040292,0.001593,0.278369,0.009491,0.096032,69.598099,1.873458,67.918121,7.607792,4.0,0.00021306,9,305,0.03686,0.04622,0.0,0.42,100,0.33333,0.67742,,,-0.03,0.03215,-0.00095,0.0,0.01281,0.60534
851,871424,65.90089,115.11111,0.88889,0.97,0.675612,-0.001558,0.035013,0.001807,0.262529,0.013977,0.316934,68.695534,2.945996,67.393738,8.356468,4.0,0.00021296,9,280,0.02763,0.03427,0.0,0.44,100,0.11111,0.90361,,,-0.03,0.03655,0.00131,0.0,0.01906,0.58277
852,872448,75.87841,99.61538,1.0,0.97,0.702406,-0.000649,0.003576,0.001807,0.203486,0.011902,-0.632656,68.595139,2.780738,68.99688,2.062596,4.0,0.00021286,13,287,0.03028,0.03486,0.0,0.46,100,0.15385,0.67391,,,-0.03,0.03663,0.00135,0.0,0.02304,0.94862
853,873472,76.13803,95.22222,1.0,0.97,0.678866,-0.001574,0.001435,0.002185,0.23535,0.015015,0.324674,68.700676,1.489856,69.023392,1.813337,4.0,0.00021276,9,304,0.02722,0.03112,0.0,0.49,100,0.0,0.68293,,,-0.03,0.03939,0.0014,0.0,0.02389,0.65033
854,874496,75.82729,97.7,1.0,0.97,0.677827,-0.001369,0.001017,0.001602,0.16491,0.01062,0.556141,69.105057,1.772766,69.498856,1.85971,4.0,0.00021265,10,304,0.0275,0.03228,0.0,0.52,100,0.2,0.66667,,,-0.03,0.03752,0.00134,0.0,0.02307,0.73312
855,875520,75.70818,100.27273,1.0,0.97,0.652361,-0.002247,0.000543,0.002719,0.235081,0.026108,0.807955,69.449913,1.765315,69.881966,1.854982,4.0,0.00021255,11,283,0.02448,0.02959,0.0,0.54,100,0.09091,0.63415,,,-0.03,0.03679,0.0017,0.0,0.02379,0.80774
856,876544,75.51938,102.0,1.0,0.97,0.624029,-0.001423,0.000684,0.003176,0.308956,0.030731,0.711667,69.456604,1.68699,69.633148,1.744358,4.0,0.00021245,10,277,0.02457,0.03014,0.0,0.57,100,0.1,0.48718,,,-0.03,0.03555,0.00121,0.0,0.01675,0.73631
857,877568,75.04511,99.77778,1.0,0.98,0.578179,-0.001216,0.001509,0.002496,0.219609,0.021271,0.516342,69.658707,1.864485,69.749573,2.034147,4.0,0.00021235,9,293,0.02581,0.03409,0.0,0.62,100,0.33333,0.51613,,,-0.03,0.03727,0.0021,0.0,0.01489,0.68778
858,878592,75.7567,97.08333,1.0,0.98,0.607497,-0.001904,0.000859,0.002402,0.218039,0.021957,0.841591,69.557236,2.330202,69.642136,2.73819,4.0,0.00021224,12,291,0.03546,0.04328,0.0,0.67,100,0.58333,0.55,,,-0.03,0.03525,0.00187,0.0,0.02235,0.95923
859,879616,75.63449,103.5,1.0,0.98,0.592334,-0.001303,0.000884,0.002904,0.298694,0.028793,0.870838,69.176758,2.695365,69.158066,3.08758,4.0,0.00021214,8,310,0.02508,0.02953,0.0,0.69,100,0.125,0.61111,,,-0.03,0.03642,0.00105,0.0,0.01806,0.64614
860,880640,76.08284,95.75,1.0,0.99,0.598659,-0.002107,0.000561,0.001921,0.171568,0.020004,0.947005,69.247849,3.507603,69.369904,3.983157,4.0,0.00021204,8,309,0.02587,0.03051,0.0,0.73,100,0.25,0.59091,,,-0.03,0.03759,0.00197,0.0,0.02462,0.63462
861,881664,62.78576,136.5,0.83333,0.98,0.609011,-0.000452,0.037867,0.002054,0.332354,0.016357,0.394822,68.937027,4.769636,67.271553,9.138618,4.0,0.00021194,12,312,0.0242,0.03288,0.01,0.74,100,0.33333,0.67273,,,-0.03,0.0368,0.00116,0.0,0.0176,0.79483
862,882688,74.87071,99.55556,1.0,0.98,0.570285,-0.000161,0.003712,0.002493,0.220812,0.017136,-0.585942,69.781326,3.040005,69.99926,2.005394,4.0,0.00021183,9,305,0.02201,0.02861,0.01,0.79,100,0.44444,0.58333,,,-0.03,0.03864,0.00123,0.0,0.01771,0.67781
863,883712,76.04962,93.55556,1.0,0.98,0.616452,-0.000939,0.002355,0.002044,0.233203,0.016891,0.5068,69.79454,1.767851,69.745308,2.483443,4.0,0.00021173,9,307,0.02261,0.02954,0.01,0.8,100,0.22222,0.69091,,,-0.03,0.03675,0.0016,0.0,0.02287,0.66111
864,884736,75.42871,99.27273,1.0,0.98,0.611492,-0.001125,0.001918,0.002059,0.192824,0.020676,0.675236,69.43718,2.795719,69.47702,2.956085,4.0,0.00021163,11,317,0.0272,0.0344,0.01,0.82,100,0.09091,0.57143,,,-0.03,0.03481,0.00108,0.0,0.0201,0.89506
865,885760,76.29618,94.44444,1.0,0.98,0.624176,-0.001527,0.000574,0.002508,0.262974,0.02478,0.895378,69.365341,2.418485,69.452194,2.865108,4.0,0.00021153,9,294,0.0237,0.0279,0.01,0.82,100,0.11111,0.60606,,,-0.03,0.03852,0.00165,0.0,0.01954,0.70045
866,886784,67.29372,93.66667,0.88889,0.97,0.605512,-0.001143,0.039506,0.001279,0.260206,0.006714,0.156829,69.5336,2.76256,68.242355,7.968606,4.0,0.00021142,9,295,0.02634,0.03348,0.01,0.84,100,0.44444,0.60976,,,-0.03,0.03711,0.00124,0.0,0.02284,0.62631
867,887808,75.77448,94.36364,1.0,0.97,0.625123,-0.001002,0.002773,0.002532,0.293497,0.020874,0.846673,68.802605,3.597827,68.755585,4.065684,4.0,0.00021132,11,316,0.02913,0.03695,0.01,0.83,100,0.18182,0.55102,,,-0.03,0.03725,0.00174,0.0,0.01771,0.88756
868,888832,67.34958,149.2,0.9,0.96,0.639098,-0.000999,0.002401,0.001908,0.229892,0.013565,0.186412,69.661621,2.255973,69.537804,2.197836,4.0,0.00021122,10,294,0.02682,0.03303,0.02,0.84,100,0.3,0.70175,,,-0.03,0.03727,0.00164,0.0,0.01731,0.67067
869,889856,75.24925,101.33333,1.0,0.96,0.646182,-0.002224,0.001656,0.002279,0.18953,0.019485,0.745896,69.216263,2.821678,69.374352,2.949085,4.0,0.00021112,9,304,0.03028,0.03657,0.02,0.85,100,0.22222,0.54286,,,-0.03,0.0374,0.00187,0.0,0.01921,0.67122
870,890880,76.04508,96.36364,1.0,0.96,0.640871,-0.001689,0.000593,0.002372,0.22634,0.017273,0.731291,69.917603,1.481685,70.342697,1.676446,4.0,0.00021101,11,307,0.02818,0.03383,0.02,0.86,100,0.18182,0.46,,,-0.03,0.03784,0.00279,0.0,0.02704,0.81371
871,891904,68.89163,93.54545,0.90909,0.97,0.646825,-0.000593,0.03595,0.001684,0.262959,0.010727,0.187906,70.079346,1.75683,68.877075,7.883552,4.0,0.00021091,11,288,0.02497,0.03195,0.01,0.85,100,0.18182,0.58824,,,-0.03,0.03883,0.002,0.0,0.0181,0.73111
872,892928,75.51424,100.0,1.0,0.97,0.733058,-0.001607,0.004751,0.001733,0.21108,0.013748,-0.043504,70.022469,2.554904,69.788467,2.101436,4.0,0.00021081,8,301,0.03909,0.05221,0.01,0.86,100,0.0,0.74468,,,-0.03,0.03205,-0.00307,0.0,0.01786,0.59848
873,893952,75.10276,103.77778,1.0,0.97,0.71787,-0.001194,0.002967,0.001905,0.181162,0.019012,-0.023356,69.352875,2.073913,69.250053,2.106055,4.0,0.00021071,9,304,0.04172,0.05392,0.01,0.84,100,0.11111,0.4375,,,-0.03,0.03257,-0.00233,0.0,0.01984,0.67846
874,894976,74.60728,116.25,1.0,0.97,0.67926,-0.001983,0.001083,0.002267,0.239078,0.012848,0.485675,69.596008,1.080391,69.853058,1.634894,4.0,0.0002106,12,303,0.02582,0.0315,0.01,0.84,100,0.08333,0.92027,,,-0.03,0.03749,0.00193,0.0,0.02515,0.86597
875,896000,75.94084,96.81818,1.0,0.97,0.639299,-0.001375,0.000795,0.002116,0.187279,0.009171,0.545973,69.60997,1.157534,69.898148,1.546048,4.0,0.0002105,11,301,0.02197,0.02604,0.01,0.84,100,0.09091,0.57895,,,-0.03,0.03933,0.00177,0.0,0.02197,0.80177
876,897024,76.24091,93.3,1.0,0.98,0.604699,-0.00133,0.001167,0.001594,0.169121,0.007355,0.544704,69.979141,1.52158,70.298027,1.799132,4.0,0.0002104,10,310,0.02396,0.02879,0.01,0.83,100,0.4,0.38462,,,-0.03,0.03913,0.00287,0.0,0.02704,0.73155
877,898048,75.96224,94.54545,1.0,0.99,0.615981,-0.00086,0.001288,0.00224,0.198522,0.016251,0.528485,69.977867,1.879223,70.32206,1.953275,4.0,0.0002103,11,299,0.02409,0.02847,0.0,0.84,100,0.18182,0.5,,,-0.03,0.03881,0.00243,0.0,0.02412,0.815
878,899072,76.36891,91.81818,1.0,0.99,0.619756,-0.002166,0.000498,0.002266,0.206092,0.014618,0.774127,70.265915,1.467551,70.583313,1.607178,4.0,0.0002102,11,284,0.02083,0.02451,0.0,0.84,100,0.0,0.3871,,,-0.03,0.0396,0.00229,0.0,0.02236,0.80026
879,900096,76.38637,93.4,1.0,0.99,0.596583,-0.001477,0.000769,0.003139,0.256725,0.029037,0.676101,70.814331,1.501169,70.990723,1.697231,4.0,0.00021009,10,302,0.02671,0.03234,0.0,0.85,100,0.0,0.38636,,,-0.03,0.03805,0.00276,0.0,0.02759,0.72956
880,901120,69.92496,92.38462,0.92308,0.98,0.581848,-0.000785,0.01863,0.004576,0.154263,0.041672,0.357658,70.045471,2.627044,69.532776,6.650212,4.0,0.00020999,13,296,0.02835,0.03594,0.0,0.85,100,0.38462,0.38298,,,-0.03,0.03664,0.00264,0.0,0.01628,0.90592
881,902144,65.22431,115.375,0.875,0.98,0.551324,-0.000684,0.028215,0.000837,0.248222,0.00528,0.68057,69.140244,8.012061,67.738632,11.304372,4.0,0.00020989,8,238,0.01936,0.02658,0.0,0.85,100,0.25,0.69231,,,-0.03,0.0392,0.00161,0.0,0.01651,0.55308
882,903168,69.42444,96.16667,0.91667,0.97,0.619813,-0.001177,0.039794,0.002578,0.332306,0.025223,0.290857,69.443459,3.878812,68.129601,8.644427,4.0,0.00020979,12,303,0.02627,0.03371,0.0,0.88,100,0.16667,0.48276,,,-0.03,0.03676,0.00261,0.0,0.01972,0.80503
883,904192,66.81876,95.77778,0.88889,0.96,0.612748,-0.001892,0.04468,0.003958,0.336238,0.031693,0.433037,66.819092,6.702456,65.774727,9.898805,4.0,0.00020968,9,297,0.02293,0.02963,0.0,0.88,100,0.44444,0.40541,,,-0.03,0.038,0.00262,0.0,0.01739,0.58646
884,905216,75.39277,106.6,1.0,0.96,0.657256,-0.001189,0.008766,0.002631,0.266826,0.022827,-0.0353,65.558716,4.671477,66.095116,3.978302,4.0,0.00020958,10,298,0.02905,0.03436,0.0,0.88,100,0.0,0.57407,,,-0.03,0.0327,0.0013,0.0,0.01953,0.73486
885,906240,75.75435,100.22222,1.0,0.96,0.662043,-0.00106,0.006265,0.001078,0.202049,0.006424,0.5759,65.011787,4.700484,65.766449,4.955185,4.0,0.00020948,9,238,0.02611,0.03224,0.0,0.89,100,0.33333,0.34783,,,-0.03,0.03328,0.00275,0.0,0.02037,0.67524
886,907264,68.06417,96.2,0.9,0.95,0.669414,-0.000702,0.041449,0.002018,0.163504,0.012802,0.249404,64.879089,4.345557,64.244629,8.421416,4.0,0.00020938,10,300,0.0226,0.02809,0.0,0.91,100,0.2,0.48485,,,-0.03,0.03499,0.00225,0.0,0.015,0.6666
887,908288,75.64247,102.57143,1.0,0.95,0.629488,-0.001743,0.004433,0.002159,0.209956,0.018509,0.899383,63.856728,6.660766,64.593071,7.228297,4.0,0.00020927,7,296,0.02399,0.02995,0.0,0.9,100,0.14286,0.4359,,,-0.03,0.03555,0.00229,0.0,0.01786,0.54559
888,909312,75.64453,99.55556,1.0,0.95,0.706568,-0.002015,0.002348,0.002207,0.23921,0.019257,0.936809,65.433929,6.780053,65.879066,7.198272,4.0,0.00020917,9,315,0.04165,0.05252,0.0,0.9,100,0.11111,0.60465,,,-0.03,0.03069,-0.00078,0.0,0.02008,0.69821
889,910336,65.95704,169.9,0.9,0.94,0.705892,-0.002119,0.001937,0.002525,0.238958,0.0215,0.824593,66.929153,3.881563,67.549599,3.855581,4.0,0.00020907,10,314,0.0315,0.03978,0.01,0.89,100,0.3,0.87,,,-0.03,0.03401,0.00031,0.0,0.01888,0.65235
890,911360,76.3399,94.41667,1.0,0.95,0.631403,-0.001582,0.00088,0.001701,0.246181,0.010406,0.870747,67.815979,2.354157,68.856125,2.568217,4.0,0.00020897,12,249,0.02137,0.02655,0.01,0.9,100,0.08333,0.45283,,,-0.03,0.03847,0.00278,0.0,0.02663,0.87195
891,912384,66.94034,99.0,0.88889,0.94,0.60658,-0.001634,0.031039,0.002141,0.24579,0.015427,0.336578,68.05204,3.05033,67.247108,8.411378,4.0,0.00020886,9,314,0.01997,0.02608,0.01,0.89,100,0.11111,0.42105,,,-0.03,0.03713,0.00264,0.0,0.01827,0.5901
892,913408,76.20501,97.0,1.0,0.95,0.647861,-0.001536,0.00727,0.001607,0.205474,0.012085,-0.012578,68.30761,4.009307,68.831238,3.275065,4.0,0.00020876,10,297,0.02243,0.0283,0.01,0.88,100,0.1,0.47458,,,-0.03,0.03784,0.00273,0.0,0.02273,0.72775
893,914432,75.90832,100.36364,1.0,0.96,0.644121,-0.000887,0.002067,0.001922,0.218358,0.012543,0.314548,68.692688,2.32903,69.31675,2.142024,4.0,0.00020866,11,293,0.02463,0.02988,0.01,0.86,100,0.27273,0.61111,,,-0.03,0.03708,0.00188,0.0,0.02528,0.80021
894,915456,60.80208,100.27273,0.81818,0.95,0.57801,-9e-05,0.059618,0.002421,0.386434,0.016907,0.387029,67.458595,5.435927,65.443161,11.764626,4.0,0.00020856,11,319,0.02264,0.03244,0.01,0.86,100,0.36364,0.62857,,,-0.03,0.03649,0.00178,0.0,0.01093,0.70212
895,916480,76.58688,92.55556,1.0,0.95,0.633633,-0.001455,0.00369,0.002137,0.22713,0.018173,0.022888,69.528389,2.387628,69.605179,2.387508,4.0,0.00020845,9,292,0.01906,0.0235,0.01,0.87,100,0.0,0.55319,,,-0.03,0.03966,0.0022,0.0,0.02636,0.64708
896,917504,74.8414,106.81818,1.0,0.96,0.613838,-0.002361,0.005059,0.003105,0.235529,0.038254,0.179628,68.792915,2.832136,68.419876,3.015217,4.0,0.00020835,11,295,0.02449,0.03332,0.01,0.87,100,0.45455,0.55556,,,-0.03,0.03155,0.00235,0.0,0.01358,0.85434
897,918528,64.851,109.5,0.875,0.95,0.614469,-0.000781,0.036324,0.002155,0.248666,0.021713,0.314149,68.096054,3.111765,66.865532,8.26339,4.0,0.00020825,8,311,0.02367,0.03165,0.01,0.88,100,0.25,0.55556,,,-0.03,0.03661,0.00194,0.0,0.01104,0.52798
898,919552,75.11115,105.1,1.0,0.96,0.644442,-0.000806,0.008817,0.0013,0.188444,0.007874,0.097644,67.054321,4.116044,67.252502,3.785637,4.0,0.00020815,10,287,0.02502,0.03316,0.0,0.91,100,0.1,0.54237,,,-0.03,0.0343,0.00246,0.0,0.01688,0.76249
899,920576,74.75245,104.9,1.0,0.96,0.618374,-0.001173,0.002571,0.000972,0.180157,0.005676,0.119366,67.528275,1.993062,68.124344,2.127535,4.0,0.00020804,10,305,0.02541,0.03293,0.0,0.9,100,0.5,0.48936,,,-0.03,0.03779,0.00261,0.0,0.01975,0.77252
900,921600,76.08351,95.88889,1.0,0.96,0.670099,-0.001468,0.001339,0.002546,0.219733,0.013077,0.6591,68.323547,1.579263,68.670288,2.226015,4.0,0.00020794,9,300,0.0258,0.03286,0.0,0.91,100,0.11111,0.63265,,,-0.03,0.03728,0.00222,0.0,0.02151,0.66131
901,922624,74.96567,113.91667,1.0,0.97,0.700027,-0.00177,0.001285,0.002065,0.197895,0.016006,0.654292,68.596046,2.067159,68.846428,2.163096,4.0,0.00020784,12,299,0.0282,0.03532,0.0,0.89,100,0.0,0.72917,,,-0.03,0.03284,0.00072,0.0,0.01854,0.89283
902,923648,65.75431,100.625,0.875,0.96,0.634625,-0.001207,0.042552,0.00224,0.21602,0.015747,0.09618,68.987511,1.64022,67.909378,7.609321,4.0,0.00020774,8,307,0.02108,0.02709,0.0,0.91,100,0.375,0.41463,,,-0.03,0.0386,0.00263,0.0,0.01694,0.5133
903,924672,75.86592,93.1,1.0,0.96,0.682058,-0.001259,0.002413,0.001847,0.240291,0.012894,0.533451,68.175919,1.956051,68.616096,2.259787,4.0,0.00020764,10,288,0.03324,0.04445,0.0,0.91,100,0.2,0.51282,,,-0.03,0.03306,-0.00045,0.0,0.02359,0.73401
904,925696,75.25386,101.0,1.0,0.97,0.725761,-0.00096,0.003443,0.001658,0.221817,0.01416,0.01064,67.891571,2.228288,67.825737,2.242901,4.0,0.00020753,9,275,0.03383,0.04813,0.0,0.92,100,0.22222,0.67391,,,-0.03,0.03234,-0.00269,0.0,0.01434,0.66771
905,926720,75.82809,104.75,1.0,0.98,0.776434,-0.001843,0.001691,0.00318,0.222074,0.023529,0.428191,68.097427,1.302589,68.371414,1.937131,4.0,0.00020743,8,301,0.03518,0.04739,0.0,0.93,100,0.0,0.42,,,-0.03,0.03402,-0.00135,0.0,0.0219,0.58198
906,927744,75.87883,98.7,1.0,0.98,0.754215,-0.002885,0.00148,0.002252,0.25591,0.024384,0.605829,68.187744,1.305292,68.228958,2.238224,4.0,0.00020733,10,296,0.0405,0.05141,0.0,0.94,100,0.0,0.46154,,,-0.03,0.03031,-0.00143,0.0,0.01803,0.73409
907,928768,64.91723,153.44444,0.88889,0.98,0.658693,-0.002499,0.001007,0.00283,0.291935,0.031876,0.751866,68.577087,1.652968,69.11734,2.197154,4.0,0.00020723,9,269,0.0233,0.02871,0.01,0.93,100,0.22222,0.94622,,,-0.03,0.03757,0.00248,0.0,0.02518,0.57909
908,929792,69.85048,95.38462,0.92308,0.97,0.629991,-0.000582,0.029736,0.002611,0.263196,0.024673,0.370451,68.892563,2.769483,67.819839,8.465974,4.0,0.00020712,13,283,0.02028,0.02781,0.01,0.9,100,0.23077,0.65306,,,-0.03,0.03597,0.00198,0.0,0.0186,0.89018
909,930816,76.17748,100.88889,1.0,0.97,0.63455,-0.000768,0.005074,0.001887,0.267578,0.017014,0.07909,69.395645,3.136391,69.906265,2.528095,4.0,0.00020702,9,311,0.01953,0.02307,0.01,0.91,100,0.11111,0.3,,,-0.03,0.03879,0.00335,0.0,0.02433,0.65103
910,931840,66.83264,105.9,0.9,0.96,0.577406,-0.000793,0.036546,0.002895,0.38122,0.039001,0.487395,69.036079,5.271632,67.596771,9.46406,4.0,0.00020692,10,304,0.01912,0.02794,0.01,0.89,100,0.6,0.63636,,,-0.03,0.03479,0.00173,0.0,0.01128,0.69674
911,932864,76.03409,101.90909,1.0,0.96,0.673858,-0.001062,0.004804,0.002655,0.231904,0.019409,0.055878,69.550468,3.489211,69.583954,2.866413,4.0,0.00020682,11,293,0.02287,0.02731,0.01,0.89,100,0.09091,0.40909,,,-0.03,0.03519,0.00286,0.0,0.02162,0.80143
912,933888,75.54585,101.55556,1.0,0.96,0.617561,-0.001658,0.002099,0.003195,0.254897,0.029678,0.324375,69.600731,1.984856,69.746231,2.083442,4.0,0.00020671,9,314,0.02134,0.02628,0.01,0.89,100,0.22222,0.48649,,,-0.03,0.03668,0.00271,0.0,0.02236,0.66269
913,934912,68.32147,96.7,0.9,0.96,0.61197,-8.7e-05,0.020034,0.003774,0.262547,0.0401,0.605506,69.08876,4.869977,68.242729,9.431206,4.0,0.00020661,10,280,0.01831,0.02344,0.01,0.89,100,0.2,0.47059,,,-0.03,0.03806,0.00265,0.0,0.0196,0.66285
914,935936,68.70771,95.54545,0.90909,0.95,0.604063,-0.001321,0.045423,0.002499,0.29518,0.021133,0.467528,69.84697,7.416897,68.103928,10.547861,4.0,0.00020651,11,299,0.01981,0.02705,0.01,0.87,100,0.27273,0.67308,,,-0.03,0.03678,0.00154,0.0,0.0217,0.73775
915,936960,75.98499,94.0,1.0,0.95,0.539811,-0.000883,0.017362,0.001511,0.195297,0.009659,0.900178,65.394928,14.466896,65.108337,15.031685,4.0,0.00020641,10,281,0.01687,0.0233,0.01,0.85,100,0.1,0.75,,,-0.03,0.03646,0.00148,0.0,0.01934,0.7805
916,937984,65.61788,121.25,0.875,0.94,0.56181,-0.000647,0.031308,0.002226,0.19506,0.015976,0.749288,65.261673,13.887424,64.644577,14.127931,4.0,0.0002063,8,267,0.01717,0.02214,0.01,0.84,100,0.25,0.64286,,,-0.03,0.03659,0.00199,0.0,0.01851,0.56038
917,939008,75.71171,107.77778,1.0,0.95,0.714247,-0.00105,0.016827,0.004043,0.383485,0.050049,0.65048,66.778496,7.15333,66.045296,7.901452,4.0,0.0002062,9,223,0.03298,0.04671,0.0,0.85,100,0.22222,0.50725,,,-0.03,0.03315,-8e-05,0.0,0.0178,0.67981
918,940032,75.96853,96.125,1.0,0.96,0.632855,-0.001477,0.007216,0.002506,0.205244,0.026077,0.907705,63.415092,9.423214,63.190487,10.195658,4.0,0.0002061,8,323,0.03804,0.05169,0.0,0.85,100,0.25,0.35484,,,-0.03,0.03314,-0.00203,0.0,0.01779,0.67661
919,941056,72.80181,135.75,1.0,0.96,0.596751,-0.000865,0.004859,0.002672,0.268596,0.024246,0.955306,62.404667,11.823904,62.540047,12.277483,4.0,0.000206,8,313,0.03291,0.04133,0.0,0.87,100,0.25,0.94595,,,-0.03,0.03375,0.00011,0.0,0.01851,0.66197
920,942080,75.44442,105.33333,1.0,0.96,0.560812,-0.000638,0.003947,0.004004,0.46204,0.050461,0.975029,62.243511,13.793378,62.478668,14.283505,4.0,0.00020589,9,295,0.02318,0.02852,0.0,0.86,100,0.33333,0.7381,,,-0.03,0.03521,0.00152,0.0,0.02212,0.75444
921,943104,67.78271,155.7,0.9,0.96,0.617045,-0.001109,0.002264,0.001817,0.186764,0.009552,0.986278,62.676331,14.456088,63.179405,15.006829,4.0,0.00020579,10,322,0.02545,0.0313,0.01,0.86,100,0.2,0.5,,,-0.03,0.03666,0.00264,0.0,0.02069,0.73667
922,944128,75.66128,99.0,1.0,0.96,0.634128,-0.000828,0.003451,0.001818,0.211122,0.011337,0.437214,68.207108,2.96276,68.896492,2.840827,4.0,0.00020569,9,277,0.02482,0.03125,0.01,0.87,100,0.22222,0.48889,,,-0.03,0.03928,0.00281,0.0,0.02102,0.66682
923,945152,68.73255,93.09091,0.90909,0.96,0.640942,-0.000827,0.024374,0.002311,0.201849,0.024551,0.279327,68.629082,2.375713,68.138802,7.573767,4.0,0.00020559,11,222,0.02215,0.02868,0.01,0.88,100,0.45455,0.43243,,,-0.03,0.03605,0.00249,0.0,0.0185,0.74456
924,946176,75.85265,101.25,1.0,0.96,0.660361,-0.001376,0.002438,0.003,0.23698,0.019653,0.374381,69.769058,2.64214,70.205566,2.364292,4.0,0.00020548,12,303,0.02852,0.03411,0.01,0.87,100,0.16667,0.54545,,,-0.03,0.03731,0.00267,0.0,0.02331,0.87634
925,947200,76.19498,95.55556,1.0,0.97,0.686154,-0.000997,0.001737,0.001265,0.21486,0.009109,0.611312,69.868805,2.085366,70.098,2.36261,4.0,0.00020538,9,288,0.02203,0.0261,0.01,0.89,100,0.11111,0.40541,,,-0.03,0.03762,0.00275,0.0,0.02265,0.64692
926,948224,67.86531,104.3,0.9,0.96,0.644915,-0.000917,0.029494,0.002701,0.235926,0.025162,0.693101,68.199272,7.84326,67.336258,11.324649,4.0,0.00020528,10,217,0.0253,0.03206,0.01,0.89,100,0.2,0.5,,,-0.03,0.03784,0.00293,0.0,0.02063,0.68514
927,949248,75.34275,101.5,1.0,0.97,0.654454,-0.000851,0.012495,0.002012,0.165651,0.012634,0.195243,68.882851,5.98014,68.739082,4.962768,4.0,0.00020518,10,253,0.02743,0.03457,0.01,0.89,100,0.1,0.63889,,,-0.03,0.03532,0.00214,0.0,0.02217,0.75347
928,950272,76.26525,96.08333,1.0,0.97,0.682383,-0.001194,0.002237,0.002521,0.209108,0.013962,0.188573,69.002258,1.686315,69.446892,1.837064,4.0,0.00020508,12,296,0.0251,0.02969,0.01,0.89,100,0.16667,0.46429,,,-0.03,0.03841,0.00304,0.0,0.02412,0.86647
929,951296,76.04558,98.0,1.0,0.97,0.644327,-0.001749,0.001392,0.003213,0.201402,0.026062,0.577133,69.748192,1.609136,69.833481,2.00703,4.0,0.00020497,9,304,0.02294,0.02698,0.01,0.9,100,0.11111,0.64103,,,-0.03,0.03816,0.00183,0.0,0.02265,0.65114
930,952320,75.30261,96.6,1.0,0.97,0.639918,-0.001491,0.003828,0.002208,0.208897,0.016724,0.430159,69.575485,2.485046,69.348953,2.915192,4.0,0.00020487,10,282,0.02501,0.03396,0.01,0.92,100,0.4,0.40625,,,-0.03,0.03574,0.00283,0.0,0.01396,0.76037
931,953344,67.2534,113.1,0.9,0.97,0.621826,-0.000189,0.04028,0.001428,0.190048,0.009781,0.114726,69.045242,2.126664,67.854797,7.477071,4.0,0.00020477,10,304,0.02845,0.03521,0.0,0.92,100,0.5,0.55102,,,-0.03,0.03523,0.00213,0.0,0.01758,0.7106
932,954368,67.51726,100.2,0.9,0.97,0.673481,-0.000881,0.032444,0.002775,0.284595,0.016205,0.472157,67.549721,4.118389,66.242401,9.05258,4.0,0.00020467,10,301,0.03413,0.0406,0.0,0.92,100,0.4,0.53571,,,-0.03,0.03552,0.0016,0.0,0.01164,0.66207
933,955392,75.24757,106.0,1.0,0.97,0.659352,-0.000692,0.019648,0.001959,0.190028,0.010925,0.752147,65.067482,10.059039,64.610001,10.126499,4.0,0.00020456,7,305,0.04371,0.05143,0.0,0.91,100,0.14286,0.54902,,,-0.03,0.03563,0.00204,0.0,0.01668,0.551
934,956416,75.56789,101.72727,1.0,0.97,0.643751,-0.000649,0.01131,0.001907,0.161985,0.018478,0.913751,62.9897,12.630402,63.38089,13.725297,4.0,0.00020446,11,310,0.03962,0.04597,0.0,0.93,100,0.18182,0.4878,,,-0.03,0.03616,0.00259,0.0,0.02392,0.93281
935,957440,74.78521,112.71429,1.0,0.97,0.730862,-0.002166,0.005834,0.002604,0.20652,0.025269,0.95259,63.685982,12.403912,63.48772,12.758504,4.0,0.00020436,7,327,0.04874,0.06293,0.0,0.93,100,0.28571,0.45455,,,-0.03,0.02991,-0.00199,0.0,0.01262,0.59371
936,958464,74.18505,113.83333,1.0,0.97,0.734314,-0.000983,0.011089,0.001688,0.179408,0.016098,0.944356,60.902599,16.231426,60.523643,16.502728,4.0,0.00020426,6,337,0.04987,0.06462,0.0,0.94,100,0.5,0.56,,,-0.03,0.0296,-0.00294,0.0,0.01153,0.51447
937,959488,66.5968,161.44444,0.88889,0.97,0.850308,-0.002315,0.003109,0.003169,0.25985,0.032944,0.886269,65.915573,5.43403,66.082901,6.135143,4.0,0.00020415,9,321,0.05485,0.06642,0.01,0.93,100,0.22222,0.71154,,,-0.03,0.0316,-0.00232,0.0,0.01754,0.58766
938,960512,75.63454,102.5,1.0,0.97,0.844662,-0.0019,0.004028,0.00406,0.334505,0.040573,0.920654,64.682053,7.592345,64.363884,8.622717,4.0,0.00020405,6,305,0.0575,0.06806,0.01,0.93,100,0.0,0.41667,,,-0.03,0.02855,-0.0027,0.0,0.01588,0.44137
939,961536,63.97975,174.0,0.88889,0.96,0.753682,-0.001607,0.006935,0.003471,0.265277,0.032257,0.766513,66.666908,5.023484,66.745316,6.077075,4.0,0.00020395,9,309,0.04491,0.05113,0.02,0.94,100,0.11111,0.97331,,,-0.03,0.03593,0.00109,0.0,0.01667,0.58659
940,962560,75.60269,99.44444,1.0,0.96,0.6513,-0.00093,0.005778,0.002008,0.226402,0.018921,0.897038,64.454155,8.239079,64.395119,8.646066,4.0,0.00020385,9,326,0.04784,0.05545,0.02,0.94,100,0.22222,0.575,,,-0.03,0.03009,0.00067,0.0,0.01656,0.78911
941,963584,75.86496,106.66667,1.0,0.96,0.663158,-0.001157,0.003539,0.002544,0.264889,0.024399,0.967904,60.589352,11.778715,60.317368,12.804737,4.0,0.00020374,6,307,0.06048,0.06485,0.02,0.94,100,0.16667,0.36364,,,-0.03,0.03103,0.00173,0.0,0.01857,0.53427
942,964608,75.24405,114.66667,1.0,0.96,0.652736,-0.00248,0.003082,0.002901,0.29783,0.034073,0.984918,57.124119,15.925323,56.655235,16.886738,4.0,0.00020364,6,241,0.04766,0.05251,0.02,0.93,100,0.0,0.63043,,,-0.03,0.02667,0.00126,0.0,0.01763,0.54294
943,965632,48.35324,268.16667,0.66667,0.94,0.636607,-0.002022,0.006541,0.002214,0.225576,0.019302,0.979353,56.01535,19.517797,55.365948,20.269485,4.0,0.00020354,6,311,0.0424,0.05135,0.04,0.92,100,0.66667,0.80488,,,-0.03,0.03056,-0.00024,0.0,0.00963,0.36521
944,966656,75.18542,100.83333,1.0,0.95,0.77458,-0.001781,0.008544,0.002921,0.277177,0.032074,0.943233,62.47847,13.123729,61.446617,13.701011,4.0,0.00020344,6,320,0.05338,0.06803,0.04,0.91,100,0.5,0.51429,,,-0.03,0.02462,-0.00263,0.0,0.01384,0.46707
945,967680,56.56325,200.7,0.8,0.94,0.777615,-0.000729,0.01369,0.003045,0.272933,0.029221,0.895973,62.859386,11.843694,61.773331,14.488382,4.0,0.00020333,10,339,0.05649,0.06822,0.05,0.9,100,0.2,0.94295,,,-0.03,0.03121,-0.00177,0.0,0.01118,0.62743
946,968704,75.62999,107.125,1.0,0.94,0.750969,-0.00116,0.002748,0.002268,0.22601,0.015976,0.233298,68.656006,3.269149,69.322418,2.49413,4.0,0.00020323,8,313,0.03785,0.04246,0.05,0.88,100,0.125,0.53448,,,-0.03,0.03632,0.00214,0.0,0.02484,0.57919
947,969728,68.51901,102.72727,0.90909,0.93,0.804384,-0.000737,0.038009,0.002355,0.307517,0.02179,0.227567,69.71637,2.930923,68.286423,8.149177,4.0,0.00020313,11,311,0.04674,0.05902,0.05,0.89,100,0.09091,0.57692,,,-0.03,0.03328,-0.00061,0.0,0.0167,0.73668
948,970752,72.11258,128.14286,1.0,0.93,0.836323,-0.001244,0.012883,0.00272,0.277126,0.026978,-0.154376,67.390305,4.684537,66.702484,3.960359,4.0,0.00020303,7,319,0.06023,0.07819,0.05,0.88,100,0.42857,0.95631,,,-0.03,0.03229,-0.00408,0.0,0.00705,0.53086
949,971776,59.73672,113.72727,0.81818,0.92,0.73457,-0.000292,0.068134,0.002419,0.473122,0.017227,0.247375,66.304581,3.496132,64.00808,10.951376,4.0,0.00020292,11,238,0.04454,0.0567,0.04,0.85,100,0.45455,0.85345,,,-0.03,0.03561,0.00085,0.0,0.00348,0.69501
950,972800,74.84496,109.875,1.0,0.92,0.777833,-0.001228,0.008195,0.002944,0.253079,0.032425,-0.336346,66.233711,4.02256,66.534317,3.209068,4.0,0.00020282,8,289,0.03812,0.04444,0.04,0.85,100,0.375,0.51515,,,-0.03,0.03478,0.00192,0.0,0.01758,0.59826
951,973824,75.35498,103.22222,1.0,0.93,0.799544,-0.00209,0.00271,0.002654,0.252983,0.027039,0.377803,66.321144,1.910624,66.991486,2.421352,4.0,0.00020272,9,311,0.04443,0.05019,0.03,0.88,100,0.22222,0.57778,,,-0.03,0.03548,0.00215,0.0,0.02045,0.66292
952,974848,75.24611,110.88889,1.0,0.93,0.817527,-0.002345,0.002185,0.002452,0.191045,0.024872,0.551257,67.520668,2.318195,67.740585,2.441135,4.0,0.00020262,9,311,0.06161,0.07159,0.03,0.85,100,0.11111,0.58824,,,-0.03,0.03138,-0.00158,0.0,0.01745,0.6759
953,975872,75.87394,103.57143,1.0,0.93,0.842189,-0.00128,0.002195,0.002851,0.367997,0.031265,0.601174,67.619728,2.077347,67.629196,2.590798,4.0,0.00020252,7,314,0.06099,0.07222,0.03,0.84,100,0.14286,0.51724,,,-0.03,0.03073,-0.00182,0.0,0.01881,0.53117
954,976896,72.69469,143.5,1.0,0.93,0.771069,-0.001458,0.001305,0.003033,0.261008,0.028244,0.634425,67.600372,1.613115,67.908035,2.044861,4.0,0.00020241,10,248,0.05157,0.05724,0.03,0.83,100,0.2,0.93574,,,-0.03,0.03327,0.00041,0.0,0.02063,0.72952
955,977920,75.79819,103.1,1.0,0.95,0.714934,-0.00146,0.001025,0.002112,0.228319,0.013809,0.716061,68.070557,1.623472,68.455673,2.047622,4.0,0.00020231,10,270,0.03876,0.04269,0.01,0.84,100,0.0,0.5,,,-0.03,0.03449,0.00196,0.0,0.02209,0.72534
956,978944,66.41877,108.11111,0.88889,0.96,0.689764,-0.000488,0.036172,0.002516,0.267435,0.021484,0.190292,68.631767,2.077955,67.605049,7.859857,4.0,0.00020221,9,244,0.03536,0.04104,0.0,0.86,100,0.22222,0.56667,,,-0.03,0.03525,0.00202,0.0,0.01879,0.58255
957,979968,75.46112,102.66667,1.0,0.96,0.757074,-0.00125,0.006724,0.002794,0.255489,0.033905,-0.078575,68.022743,2.96669,68.342979,2.699799,4.0,0.00020211,12,296,0.03852,0.04508,0.0,0.86,100,0.33333,0.48936,,,-0.03,0.03616,0.00203,0.0,0.01562,0.88819
958,980992,75.78711,106.28571,1.0,0.97,0.828209,-0.001285,0.002654,0.001776,0.20897,0.010895,0.413137,67.965073,2.304165,68.257965,2.393378,4.0,0.000202,7,280,0.05316,0.05929,0.0,0.86,100,0.14286,0.6,,,-0.03,0.03397,-0.00016,0.0,0.02226,0.5084
959,982016,73.84378,120.88889,1.0,0.97,0.6943,-0.00115,0.002457,0.001395,0.188661,0.008408,0.525365,68.100723,2.031868,68.130005,2.482566,4.0,0.0002019,9,177,0.04205,0.0503,0.0,0.85,100,0.44444,0.85106,,,-0.03,0.0321,0.00106,0.0,0.01365,0.68117
960,983040,66.95257,104.7,0.9,0.98,0.658549,-0.001469,0.031713,0.002104,0.260517,0.019363,0.366412,67.848503,3.1528,66.901962,8.383961,4.0,0.0002018,10,182,0.03855,0.04526,0.0,0.87,100,0.4,0.58333,,,-0.03,0.03743,0.00168,0.0,0.01243,0.68528
961,984064,69.15289,96.08333,0.91667,0.97,0.700172,-0.000566,0.040954,0.001753,0.240281,0.014587,0.367328,67.910492,4.520618,67.186882,8.874915,4.0,0.0002017,12,199,0.03607,0.04386,0.0,0.87,100,0.33333,0.66667,,,-0.03,0.03682,0.00168,0.0,0.02102,0.8156
962,985088,75.85249,99.2,1.0,0.97,0.915517,-0.001558,0.006551,0.002704,0.229787,0.031311,0.123481,68.790352,3.753941,68.237999,3.312269,4.0,0.00020159,5,189,0.08444,0.10045,0.0,0.86,100,0.0,0.63636,,,-0.03,0.02913,-0.00501,0.0,0.01535,0.38207
963,986112,73.51908,128.3,1.0,0.97,0.960332,-0.001979,0.002449,0.002312,0.254396,0.022736,0.221645,67.900742,1.663569,67.969849,2.018414,4.0,0.00020149,10,176,0.08702,0.09965,0.0,0.86,100,0.3,0.93162,,,-0.03,0.03063,-0.00365,0.0,0.0179,0.72435
964,987136,74.79845,109.25,1.0,0.97,0.827831,-0.002026,0.002443,0.003714,0.300878,0.039886,0.357802,67.621536,1.850678,67.660278,2.245496,4.0,0.00020139,8,169,0.07186,0.08094,0.0,0.84,100,0.375,0.68293,,,-0.03,0.03147,-0.00089,0.0,0.01721,0.60213
965,988160,75.38474,104.75,1.0,0.97,0.790489,-0.002262,0.002408,0.004342,0.377044,0.054245,0.575625,67.382103,1.835382,67.20784,2.669477,4.0,0.00020129,8,188,0.05469,0.06101,0.0,0.85,100,0.125,0.48276,,,-0.03,0.02904,0.00085,0.0,0.01359,0.59362
966,989184,56.08805,175.0,0.77778,0.95,0.802805,-0.000282,0.027763,0.003648,0.281021,0.03981,0.443398,66.369385,3.642709,65.107239,8.556156,4.0,0.00020118,9,218,0.05495,0.06124,0.01,0.85,100,0.22222,0.96443,,,-0.03,0.02948,-0.00021,0.0,0.01566,0.54651
967,990208,74.90468,117.0,1.0,0.95,0.902365,-0.001362,0.002834,0.002826,0.215315,0.020859,0.516905,69.323349,2.821442,69.2276,2.665383,4.0,0.00020108,7,261,0.07022,0.08038,0.01,0.83,100,0.14286,0.85714,,,-0.03,0.03082,-0.00232,0.0,0.02091,0.51476
968,991232,75.59116,104.14286,1.0,0.96,0.968548,-0.003243,0.001808,0.004233,0.313485,0.059082,0.764791,68.772614,2.531876,68.500267,3.130651,4.0,0.00020098,7,290,0.08836,0.09817,0.01,0.81,100,0.28571,0.86842,,,-0.03,0.02857,-0.00363,0.0,0.01981,0.52086
969,992256,74.30348,129.0,1.0,0.96,0.889839,-0.002316,0.002311,0.004146,0.357781,0.04184,0.859764,67.682404,3.947812,67.430161,4.585504,4.0,0.00020088,9,281,0.06409,0.06871,0.01,0.81,100,0.11111,0.93137,,,-0.03,0.02674,-8e-05,0.0,0.02127,0.66517
970,993280,75.13136,112.375,1.0,0.96,0.812576,-0.002378,0.002555,0.003693,0.21211,0.038681,0.93409,66.88768,6.548651,66.805382,7.186531,4.0,0.00020077,8,282,0.05219,0.05614,0.01,0.8,100,0.25,0.73333,,,-0.03,0.0318,0.0007,0.0,0.01614,0.59052
971,994304,64.59766,162.125,0.875,0.95,0.852872,-0.002191,0.003159,0.00307,0.226592,0.032761,0.767627,69.189896,4.193214,69.029938,4.179093,4.0,0.00020067,8,274,0.06345,0.06892,0.02,0.79,100,0.375,0.9521,,,-0.03,0.0325,0.00033,0.0,0.02185,0.50648
972,995328,75.39814,105.33333,1.0,0.96,0.860358,-0.001737,0.001752,0.002297,0.235542,0.01683,0.486239,69.046967,1.73686,69.049118,2.106961,4.0,0.00020057,9,264,0.06602,0.0732,0.02,0.78,100,0.11111,0.64,,,-0.03,0.0315,-0.00046,0.0,0.01957,0.6637
973,996352,75.87046,101.5,1.0,0.97,0.890072,-0.00226,0.001556,0.003289,0.297599,0.035568,0.796749,68.633751,2.486923,68.588959,3.21353,4.0,0.00020047,10,242,0.0678,0.07367,0.02,0.78,100,0.1,0.5,,,-0.03,0.0326,-0.00046,0.0,0.01865,0.71781
974,997376,75.8716,103.75,1.0,0.97,0.814932,-0.00312,0.001267,0.002997,0.312515,0.031586,0.919149,68.417297,3.959879,68.294083,4.656729,4.0,0.00020036,8,176,0.05254,0.05686,0.02,0.78,100,0.125,0.57692,,,-0.03,0.03116,0.00069,0.0,0.02253,0.57383
975,998400,54.47501,160.0,0.75,0.95,0.739309,2.4e-05,0.034708,0.002125,0.289217,0.019577,0.315191,69.150803,3.669629,67.838348,8.405214,4.0,0.00020026,8,157,0.04047,0.04471,0.03,0.78,100,0.375,0.96491,,,-0.03,0.03388,0.00156,0.0,0.01942,0.43987
976,999424,75.54516,106.25,1.0,0.95,0.79674,-0.001395,0.00572,0.00337,0.242794,0.034897,-0.746144,70.34668,3.450031,70.284088,2.206985,4.0,0.00020016,12,158,0.05545,0.06228,0.03,0.81,100,0.25,0.55556,,,-0.03,0.03453,0.00173,0.0,0.02202,0.88125
977,1000448,67.21354,106.8,0.9,0.94,0.779265,-0.00048,0.031183,0.001616,0.279184,0.008881,0.443494,69.4813,3.889554,67.947556,8.790529,4.0,0.00020006,10,170,0.05128,0.05841,0.03,0.8,100,0.3,0.72727,,,-0.03,0.03573,0.00177,0.0,0.01341,0.66926
978,1001472,75.86289,101.0,1.0,0.96,0.796277,-0.000538,0.007521,0.001475,0.265836,0.009567,0.208076,69.583771,3.691793,69.118752,3.627498,4.0,0.00019996,9,172,0.0508,0.0539,0.02,0.79,100,0.22222,0.5,,,-0.03,0.03501,0.00162,0.0,0.01927,0.64829
979,1002496,75.22499,118.375,1.0,0.96,0.80705,-0.001145,0.002668,0.002418,0.215463,0.020538,0.248411,68.75264,2.890371,68.914169,2.331066,4.0,0.00019985,8,178,0.05821,0.06173,0.02,0.83,100,0.0,0.55556,,,-0.03,0.03473,0.00161,0.0,0.02292,0.58086
980,1003520,74.83528,111.88889,1.0,0.96,0.801912,-0.001741,0.002155,0.00347,0.239886,0.034988,0.37932,68.807327,2.328218,68.988403,2.210875,4.0,0.00019975,9,162,0.05784,0.06209,0.02,0.8,100,0.22222,0.5,,,-0.03,0.03391,0.00189,0.0,0.02057,0.68264
981,1004544,60.98295,104.72727,0.81818,0.95,0.798029,-0.001132,0.057641,0.002292,0.473028,0.016846,0.38188,68.58345,3.990293,65.662689,11.545985,4.0,0.00019965,11,222,0.06156,0.06955,0.01,0.8,100,0.36364,0.6087,,,-0.03,0.03358,0.00113,0.0,0.00982,0.67503
982,1005568,75.17115,110.0,1.0,0.95,0.820375,-0.001077,0.009058,0.002121,0.277189,0.016891,-0.268176,66.799606,4.582921,67.323868,3.390094,4.0,0.00019955,11,270,0.06999,0.07365,0.01,0.79,100,0.27273,0.57895,,,-0.03,0.0359,0.00137,0.0,0.0196,0.81981
983,1006592,75.78334,104.57143,1.0,0.95,0.864968,-0.001047,0.002176,0.002404,0.285659,0.020065,0.517406,67.336494,2.107803,67.632599,2.502239,4.0,0.00019944,7,275,0.08448,0.08697,0.01,0.78,100,0.28571,0.42857,,,-0.03,0.03327,0.00172,0.0,0.02265,0.5067
984,1007616,75.17265,110.625,1.0,0.95,0.927748,-0.002138,0.002275,0.00326,0.223517,0.032166,0.388583,67.909882,2.13833,68.097046,2.176762,4.0,0.00019934,8,263,0.09187,0.09701,0.01,0.79,100,0.125,0.47368,,,-0.03,0.02832,0.00017,0.0,0.0206,0.58168
985,1008640,73.8709,133.44444,1.0,0.96,0.842982,-0.001537,0.002163,0.001857,0.191522,0.01651,0.556486,67.85537,1.942728,67.820663,2.38387,4.0,0.00019924,9,279,0.09972,0.1045,0.0,0.77,100,0.44444,0.83607,,,-0.03,0.03276,0.0009,0.0,0.01262,0.66791
986,1009664,75.02558,115.28571,1.0,0.97,0.783076,-0.001164,0.001908,0.002553,0.184309,0.024185,0.702838,67.466766,2.412097,67.455231,2.796242,4.0,0.00019914,7,258,0.12201,0.1257,0.0,0.77,100,0.28571,0.64706,,,-0.03,0.02909,0.00037,0.0,0.01707,0.53353
987,1010688,73.73997,123.33333,1.0,0.97,0.834327,-0.001327,0.003375,0.002293,0.167425,0.022797,0.579527,67.812576,3.251338,67.66082,3.327927,4.0,0.00019903,6,173,0.1182,0.12533,0.0,0.77,100,0.33333,0.73913,,,-0.03,0.03021,-0.00075,0.0,0.01293,0.47493
988,1011712,74.95135,121.625,1.0,0.97,0.801122,-0.00147,0.004128,0.002506,0.169027,0.022705,0.700511,66.898964,3.935281,66.901093,4.299015,4.0,0.00019893,8,282,0.08821,0.09282,0.0,0.76,100,0.25,0.84906,,,-0.03,0.03213,0.00138,0.0,0.01697,0.61736
989,1012736,64.21774,172.5,0.875,0.97,0.716733,-0.001371,0.001372,0.002484,0.244841,0.018234,0.900318,66.882645,3.724457,66.60704,4.256258,4.0,0.00019883,8,239,0.06727,0.07058,0.01,0.76,100,0.25,0.6,,,-0.03,0.02886,0.00127,0.0,0.01378,0.61016
990,1013760,64.08086,126.375,0.875,0.96,0.7103,-0.000264,0.038694,0.001762,0.354812,0.009109,0.285244,66.845276,3.500489,65.211334,8.267018,4.0,0.00019873,8,276,0.06686,0.07354,0.01,0.77,100,0.625,0.5,,,-0.03,0.03165,0.00143,0.0,0.01015,0.59583
991,1014784,75.81058,101.71429,1.0,0.96,0.710881,-0.001293,0.00279,0.001855,0.226091,0.007416,0.954195,64.986404,7.237517,64.73233,8.007792,4.0,0.00019862,7,285,0.05462,0.058,0.01,0.76,100,0.28571,0.45455,,,-0.03,0.0327,0.00179,0.0,0.01769,0.57368
992,1015808,65.04191,178.0,0.875,0.95,0.74734,-0.001152,0.002926,0.001307,0.1991,0.00943,0.963092,64.371651,9.301278,64.243744,9.909719,4.0,0.00019852,8,257,0.0578,0.06123,0.02,0.78,100,0.25,0.25,,,-0.03,0.0327,0.00176,0.0,0.01687,0.56614
993,1016832,75.22278,114.1,1.0,0.95,0.779177,-0.001414,0.001677,0.002866,0.248397,0.025391,0.581982,67.395882,1.856809,67.910278,2.246796,4.0,0.00019842,10,211,0.05968,0.0625,0.02,0.78,100,0.4,0.52381,,,-0.03,0.03627,0.00211,0.0,0.02171,0.72688
994,1017856,75.25974,111.8,1.0,0.97,0.800433,-0.001347,0.00475,0.003376,0.217882,0.025925,0.470407,67.562202,2.523933,67.681229,3.212521,4.0,0.00019832,10,264,0.05829,0.06221,0.02,0.78,100,0.3,0.3125,,,-0.03,0.03373,0.00191,0.0,0.01671,0.73346
995,1018880,66.39195,105.44444,0.88889,0.96,0.762637,-0.000526,0.015927,0.001829,0.193694,0.01326,0.59649,67.891251,3.878345,67.835052,7.477469,4.0,0.00019821,9,232,0.05295,0.05865,0.02,0.8,100,0.44444,0.45,,,-0.03,0.03651,0.0022,0.0,0.01837,0.59926
996,1019904,75.52395,103.9,1.0,0.96,0.758884,-0.000439,0.004533,0.004007,0.374309,0.046249,0.191492,68.634567,2.923301,68.875679,2.579962,4.0,0.00019811,10,227,0.05037,0.05478,0.02,0.79,100,0.4,0.25,,,-0.03,0.03685,0.0025,0.0,0.01676,0.74199
997,1020928,66.47224,98.44444,0.88889,0.95,0.762054,-0.000639,0.023543,0.002418,0.179097,0.016739,0.569804,68.351753,4.765754,67.994308,8.281658,4.0,0.00019801,9,277,0.05233,0.05935,0.02,0.77,100,0.66667,0.33333,,,-0.03,0.03281,0.00094,0.0,0.01637,0.60845
998,1021952,75.26617,116.0,1.0,0.95,0.87309,-0.000964,0.004659,0.002241,0.272325,0.016861,0.495438,69.134544,2.8392,68.784927,3.193326,4.0,0.00019791,9,246,0.06275,0.06706,0.02,0.76,100,0.33333,0.6,,,-0.03,0.03148,0.0009,0.0,0.01926,0.65008
999,1022976,75.59236,108.125,1.0,0.95,0.881276,-0.001293,0.006063,0.002156,0.203647,0.013626,0.67915,67.563362,4.881475,67.309456,5.041698,4.0,0.0001978,8,236,0.0609,0.06413,0.02,0.74,100,0.25,0.55556,,,-0.03,0.03155,0.0016,0.0,0.01793,0.58851
1000,1024000,74.48559,117.33333,1.0,0.95,0.843767,-0.001006,0.013728,0.002274,0.197238,0.024338,0.725959,64.8675,8.185347,64.128952,8.049951,4.0,0.0001977,6,107,0.06978,0.07475,0.02,0.73,100,0.5,0.78947,,,-0.03,0.02679,0.00071,0.0,0.00981,0.46575
1001,1025024,54.6848,166.625,0.75,0.94,0.787444,-0.001178,0.03453,0.001575,0.25948,0.00946,0.54109,65.110214,6.230654,63.904633,9.953075,4.0,0.0001976,8,216,0.07335,0.07845,0.02,0.75,100,0.5,0.89831,,,-0.03,0.03184,0.00144,0.0,0.01677,0.47795
1002,1026048,75.2402,108.55556,1.0,0.95,0.753669,-0.000629,0.012901,0.00271,0.233963,0.019348,0.711433,65.272903,7.489792,65.273468,7.48841,4.0,0.0001975,9,262,0.05249,0.05687,0.02,0.75,100,0.44444,0.625,,,-0.03,0.03214,0.00165,0.0,0.01915,0.71549
1003,1027072,75.6564,103.11111,1.0,0.95,0.76157,-0.001182,0.005409,0.003004,0.211209,0.024323,0.917729,64.599411,8.51597,64.50058,9.155877,4.0,0.0001974,9,284,0.05317,0.05797,0.02,0.77,100,0.22222,0.47826,,,-0.03,0.03456,0.0018,0.0,0.01545,0.70753
1004,1028096,63.29521,177.0,0.85714,0.95,0.719628,-0.001364,0.00633,0.002068,0.204242,0.015198,0.89369,64.9571,7.951454,64.811707,8.481112,4.0,0.00019729,7,280,0.0426,0.04613,0.02,0.76,100,0.28571,0.66667,,,-0.03,0.03231,0.00152,0.0,0.01485,0.47307
1005,1029120,74.86566,112.5,1.0,0.95,0.751458,-0.000543,0.005982,0.00106,0.203962,0.004257,0.791441,66.100983,5.327396,66.401039,5.720974,4.0,0.00019719,8,250,0.04858,0.05299,0.02,0.78,100,0.5,0.55,,,-0.03,0.03156,0.00187,0.0,0.02145,0.62965
1006,1030144,75.22969,113.0,1.0,0.95,0.80256,-0.001622,0.005513,0.002267,0.284302,0.014923,0.846782,64.35704,5.644922,63.841118,6.440431,4.0,0.00019709,8,173,0.09353,0.09746,0.02,0.8,100,0.125,0.55556,,,-0.03,0.02541,0.00097,0.0,0.01287,0.65043
1007,1031168,73.93681,128.85714,1.0,0.96,0.800411,-0.001662,0.004976,0.002837,0.202221,0.021683,0.938339,62.534039,9.083891,62.21331,10.318521,4.0,0.00019699,7,281,0.09348,0.09784,0.02,0.78,100,0.28571,0.73077,,,-0.03,0.02995,0.00015,0.0,0.01091,0.58618
1008,1032192,65.10376,161.875,0.875,0.95,0.734807,-0.001626,0.00237,0.001477,0.186542,0.013733,0.977884,63.323685,11.121454,63.721214,11.806204,4.0,0.00019688,8,271,0.05073,0.05561,0.03,0.78,100,0.375,0.68966,,,-0.03,0.03554,0.00116,0.0,0.01594,0.57609
1009,1033216,75.84771,99.66667,1.0,0.96,0.695897,-0.00161,0.005373,0.00253,0.273781,0.022125,0.951272,65.098396,10.696055,64.868378,11.473932,4.0,0.00019678,9,188,0.04278,0.04716,0.03,0.8,100,0.11111,0.45,,,-0.03,0.03297,0.00229,0.0,0.02096,0.72716
1010,1034240,56.63039,162.77778,0.77778,0.94,0.681044,-0.000704,0.037538,0.002696,0.260366,0.030289,0.791389,64.836792,12.707654,63.826874,15.050562,4.0,0.00019668,9,126,0.04027,0.04648,0.04,0.79,100,0.55556,0.61538,,,-0.03,0.0361,0.00169,0.0,0.01485,0.57032
1011,1035264,75.98349,101.11111,1.0,0.94,0.799368,-0.00115,0.008013,0.001064,0.249451,0.008179,-0.184677,68.342606,4.03022,68.759857,3.143061,4.0,0.00019658,9,100,0.04713,0.05054,0.04,0.83,100,0.11111,0.45161,,,-0.03,0.03502,0.00223,0.0,0.02242,0.66246
1012,1036288,75.32287,108.4,1.0,0.94,0.79915,-0.000601,0.004855,0.001755,0.175269,0.010193,0.336012,67.949883,3.380589,68.311455,3.180708,4.0,0.00019647,10,180,0.0497,0.05477,0.04,0.83,100,0.3,0.36364,,,-0.03,0.03617,0.00233,0.0,0.01719,0.74415
1013,1037312,67.91403,105.63636,0.90909,0.95,0.821904,-0.000399,0.038299,0.002015,0.240134,0.01506,0.17728,68.094818,2.778687,66.958893,7.885467,4.0,0.00019637,11,188,0.05814,0.06518,0.03,0.84,100,0.45455,0.47368,,,-0.03,0.03668,0.00179,0.0,0.01181,0.74868
1014,1038336,65.38069,103.125,0.875,0.94,0.86048,-0.001535,0.036778,0.003882,0.299859,0.031494,0.400096,67.547592,4.379209,66.418076,8.811775,4.0,0.00019627,8,199,0.06609,0.07125,0.03,0.81,100,0.5,0.26667,,,-0.03,0.03491,0.00209,0.0,0.02106,0.52311
1015,1039360,75.35635,105.77778,1.0,0.94,0.945889,-0.000868,0.015738,0.001889,0.246118,0.018692,0.018489,65.611877,5.792737,65.700104,4.762419,4.0,0.00019617,9,188,0.08158,0.08597,0.03,0.79,100,0.44444,0.65,,,-0.03,0.03012,0.00071,0.0,0.01727,0.67546
1016,1040384,73.86884,136.0,1.0,0.95,0.992982,-0.001101,0.007355,0.003585,0.263842,0.040833,0.38396,64.990227,3.470166,65.298622,3.877841,4.0,0.00019606,9,180,0.07736,0.08281,0.02,0.78,100,0.33333,0.81132,,,-0.03,0.03233,0.00051,0.0,0.01427,0.68758
1017,1041408,74.72601,113.125,1.0,0.95,0.995796,-0.00182,0.002478,0.004031,0.257313,0.039886,0.610065,65.467896,2.347219,65.948982,2.945622,4.0,0.00019596,8,164,0.08361,0.0871,0.02,0.77,100,0.25,0.63158,,,-0.03,0.03247,0.00133,0.0,0.01883,0.59869
1018,1042432,75.24669,111.18182,1.0,0.95,0.981333,-0.001709,0.001955,0.002422,0.281922,0.019531,0.812055,65.734474,3.046778,66.887375,3.369886,4.0,0.00019586,11,180,0.07354,0.07694,0.02,0.77,100,0.36364,0.36842,,,-0.03,0.03449,0.00202,0.0,0.02015,0.80321
1019,1043456,74.45931,110.42857,1.0,0.96,0.847797,-0.001007,0.003676,0.002193,0.224836,0.02124,0.602128,66.700409,3.512971,67.004471,3.329909,4.0,0.00019576,7,194,0.06037,0.06552,0.01,0.77,100,0.42857,0.25,,,-0.03,0.03272,0.00201,0.0,0.00976,0.54987
1020,1044480,73.68479,124.2,1.0,0.96,0.861326,-0.002177,0.001429,0.003577,0.219131,0.03949,0.762265,67.632004,2.886667,68.221947,2.656606,4.0,0.00019565,10,220,0.06164,0.06749,0.01,0.75,100,0.7,0.5,,,-0.03,0.03415,0.00176,0.0,0.01471,0.75846
1021,1045504,76.21146,103.0,1.0,0.98,0.80867,-0.001479,0.001224,0.001704,0.223578,0.014053,0.737209,68.731606,2.590975,69.195358,2.449776,4.0,0.00019555,8,211,0.04967,0.05374,0.0,0.79,100,0.125,0.41667,,,-0.03,0.03527,0.00262,0.0,0.0261,0.61971
1022,1046528,75.77211,101.36364,1.0,0.98,0.804789,-0.001916,0.000915,0.002426,0.242532,0.026443,0.840002,68.770599,2.496003,68.980453,2.826757,4.0,0.00019545,11,215,0.05679,0.06251,0.0,0.79,100,0.18182,0.76,,,-0.03,0.03485,0.00101,0.0,0.02066,0.88138
1023,1047552,76.03906,99.71429,1.0,0.98,0.749706,-0.001646,0.001555,0.002326,0.161112,0.016815,0.902367,68.434708,3.963384,68.394165,4.493332,4.0,0.00019535,7,273,0.05129,0.05875,0.0,0.8,100,0.14286,0.875,,,-0.03,0.03607,0.00014,0.0,0.02018,0.56206
1024,1048576,74.87199,102.75,1.0,0.99,0.769717,-0.001011,0.001587,0.002658,0.265431,0.024673,0.964827,67.170906,7.033526,66.915062,7.778757,4.0,0.00019524,8,255,0.0516,0.05618,0.0,0.79,100,0.5,0.73684,,,-0.03,0.03161,0.00101,0.0,0.02027,0.64604
1025,1049600,66.99594,152.77778,0.88889,0.98,0.77094,-0.002124,0.001526,0.002185,0.187075,0.018967,0.959667,67.957397,6.402903,67.814377,6.914135,4.0,0.00019514,9,264,0.05047,0.05519,0.01,0.81,100,0.22222,0.70833,,,-0.03,0.03208,0.0017,0.0,0.01875,0.6023
1026,1050624,76.07225,97.7,1.0,0.99,0.830712,-0.002794,0.001118,0.003983,0.310368,0.042709,0.945028,68.647881,4.653387,68.724648,5.238349,4.0,0.00019504,10,271,0.04512,0.04977,0.01,0.84,100,0.2,0.56757,,,-0.03,0.03296,0.00126,0.0,0.0213,0.72255
1027,1051648,75.46041,107.125,1.0,0.99,0.863754,-0.003196,0.001273,0.00444,0.28349,0.038879,0.964488,68.202988,6.482143,68.088974,7.081923,4.0,0.00019494,8,264,0.04523,0.05045,0.01,0.84,100,0.25,0.84091,,,-0.03,0.03211,0.00025,0.0,0.02076,0.57609
1028,1052672,60.50959,139.09091,0.81818,0.97,0.76615,-0.000856,0.037893,0.002093,0.222137,0.008896,0.629619,68.336998,8.107928,67.331039,11.20246,4.0,0.00019484,11,251,0.03071,0.03693,0.02,0.87,100,0.36364,0.5,,,-0.03,0.03458,0.00199,0.0,0.01928,0.65779
1029,1053696,75.70807,96.90909,1.0,0.97,0.681342,-0.001157,0.007792,0.002399,0.210468,0.02211,-0.006053,70.201035,3.608287,69.952652,3.051995,4.0,0.00019473,11,232,0.02741,0.03285,0.02,0.9,100,0.18182,0.52632,,,-0.03,0.03815,0.0024,0.0,0.01718,0.81875
1030,1054720,76.02701,98.6,1.0,0.97,0.7148,-0.001398,0.001427,0.002265,0.205025,0.017059,0.362963,70.151237,1.965374,70.361145,1.799951,4.0,0.00019463,10,255,0.02712,0.0314,0.02,0.91,100,0.4,0.51429,,,-0.03,0.03842,0.0022,0.0,0.02363,0.72219
1031,1055744,76.34493,94.6,1.0,0.97,0.705886,-0.000973,0.001118,0.001527,0.191604,0.012405,0.49017,70.427063,1.541795,70.631256,1.658624,4.0,0.00019453,10,248,0.02923,0.03283,0.02,0.94,100,0.3,0.32,,,-0.03,0.03594,0.0028,0.0,0.02985,0.72318
1032,1056768,75.85651,100.2,1.0,0.97,0.700138,-0.001016,0.008054,0.003011,0.204969,0.024857,0.378376,69.659576,4.460769,69.306808,4.117413,4.0,0.00019443,10,270,0.02609,0.03157,0.02,0.94,100,0.0,0.51613,,,-0.03,0.03442,0.00203,0.0,0.01606,0.75874
1033,1057792,75.20889,109.75,1.0,0.97,0.642234,-0.001058,0.001122,0.001231,0.18816,0.008057,0.841282,69.256927,2.343401,69.208214,2.837329,4.0,0.00019432,8,282,0.03135,0.03649,0.02,0.94,100,0.25,0.5,,,-0.03,0.03702,0.00226,0.0,0.02271,0.67184
1034,1058816,76.08207,95.88889,1.0,0.97,0.63049,-0.001268,0.00151,0.001906,0.184991,0.010742,0.905721,68.404984,3.743087,68.251106,4.42834,4.0,0.00019422,9,274,0.02886,0.03345,0.02,0.96,100,0.22222,0.57143,,,-0.03,0.03736,0.00232,0.0,0.01965,0.76401
1035,1059840,76.16003,93.42857,1.0,0.97,0.603977,-0.001936,0.00114,0.001983,0.21188,0.017227,0.965881,67.171913,6.029349,66.781502,6.662067,4.0,0.00019412,7,253,0.04025,0.04536,0.02,0.98,100,0.28571,0.47826,,,-0.03,0.03385,0.00137,0.0,0.02178,0.65165
1036,1060864,66.81631,161.88889,0.88889,0.97,0.601584,-0.001033,0.001437,0.001619,0.199844,0.00798,0.974221,66.315071,7.766121,66.039566,8.459098,4.0,0.00019402,9,279,0.0331,0.03882,0.02,0.97,100,0.44444,0.61702,,,-0.03,0.03583,0.00256,0.0,0.01851,0.7082
1037,1061888,67.11328,99.66667,0.88889,0.96,0.615493,-0.000187,0.031131,0.001113,0.211785,0.005173,0.644426,67.646042,7.143516,66.538116,10.534679,4.0,0.00019391,9,290,0.02737,0.03269,0.02,0.96,100,0.33333,0.69048,,,-0.03,0.03662,0.00149,0.0,0.02181,0.65865
1038,1062912,68.51907,144.18182,0.90909,0.96,0.67435,-0.00085,0.004106,0.001042,0.161432,0.009293,0.956007,68.025879,9.009606,67.691376,9.285917,4.0,0.00019381,11,275,0.03347,0.04029,0.03,0.97,100,0.36364,0.63636,,,-0.03,0.03612,0.00192,0.0,0.0205,0.79406
1039,1063936,75.57623,102.11111,1.0,0.97,0.696912,-0.002045,0.001697,0.00329,0.220877,0.025818,-0.025883,70.563538,1.832684,70.650719,1.529049,4.0,0.00019371,9,267,0.02915,0.03342,0.02,0.95,100,0.22222,0.53846,,,-0.03,0.03789,0.00197,0.0,0.0203,0.65767
1040,1064960,75.99483,96.9,1.0,0.97,0.714587,-0.001815,0.001381,0.002824,0.232467,0.022736,0.372164,70.71563,1.776471,70.852173,1.660219,4.0,0.00019361,10,250,0.03536,0.04032,0.02,0.94,100,0.0,0.54762,,,-0.03,0.03771,0.00233,0.0,0.02432,0.73016
1041,1065984,75.8905,95.8,1.0,0.97,0.692617,-0.000967,0.001576,0.00194,0.188135,0.010529,0.525033,70.524719,1.859086,70.620544,1.957938,4.0,0.0001935,10,277,0.03697,0.0423,0.02,0.95,100,0.1,0.36667,,,-0.03,0.03585,0.00279,0.0,0.02433,0.7475
1042,1067008,75.87056,99.16667,1.0,0.97,0.722214,-0.001214,0.000883,0.001555,0.16281,0.007645,0.586919,70.610428,1.556372,70.793488,1.587393,4.0,0.0001934,12,269,0.03406,0.03913,0.02,0.94,100,0.33333,0.4902,,,-0.03,0.03893,0.00285,0.0,0.02136,0.87423
1043,1068032,75.8936,94.8,1.0,0.97,0.706046,-0.002043,0.000649,0.001962,0.189937,0.01709,0.660446,70.992706,1.422701,71.040482,1.46614,4.0,0.0001933,10,278,0.03637,0.0425,0.02,0.94,100,0.1,0.62,,,-0.03,0.03874,0.00177,0.0,0.02146,0.72909
1044,1069056,76.0734,97.2,1.0,0.97,0.677108,-0.000636,0.001642,0.001531,0.214733,0.011368,0.483133,70.899689,1.70957,70.80983,1.872929,4.0,0.0001932,10,259,0.03723,0.04353,0.02,0.94,100,0.3,0.46429,,,-0.03,0.03574,0.003,0.0,0.02546,0.74895
1045,1070080,75.52326,102.08333,1.0,0.97,0.724068,-0.002292,0.001402,0.003439,0.201901,0.029602,0.648295,70.613121,1.902324,70.456802,2.135786,4.0,0.00019309,12,260,0.0387,0.04523,0.02,0.94,100,0.25,0.54237,,,-0.03,0.03526,0.00192,0.0,0.01803,0.90156
1046,1071104,75.26526,103.25,1.0,0.98,0.657336,-0.000899,0.000753,0.001167,0.142698,0.006363,0.581162,70.576309,1.409102,70.762787,1.405194,4.0,0.00019299,8,275,0.03028,0.03463,0.01,0.93,100,0.375,0.71429,,,-0.03,0.04012,0.00147,0.0,0.02231,0.58621
1047,1072128,76.24489,92.5,1.0,0.99,0.660124,-0.001508,0.000775,0.002455,0.231615,0.015274,0.617037,70.957466,1.30742,71.027771,1.515373,4.0,0.00019289,12,259,0.03116,0.03705,0.01,0.94,100,0.25,0.44898,,,-0.03,0.03809,0.00298,0.0,0.0259,0.87704
1048,1073152,75.48197,98.33333,1.0,1.0,0.655935,-0.001921,0.000701,0.002844,0.224006,0.0271,0.614951,70.887238,1.37536,70.855682,1.420843,4.0,0.00019279,12,259,0.02781,0.03437,0.0,0.95,100,0.41667,0.50909,,,-0.03,0.03833,0.0023,0.0,0.01751,0.89735
1049,1074176,76.57271,94.77778,1.0,1.0,0.625469,-0.001556,0.000394,0.00236,0.199219,0.0159,0.798105,70.868729,1.338547,71.090973,1.438912,4.0,0.00019268,9,274,0.02495,0.02927,0.0,0.97,100,0.22222,0.42308,,,-0.03,0.03858,0.00308,0.0,0.02668,0.64779
1050,1075200,75.54996,95.5,1.0,1.0,0.591922,-0.001379,0.00085,0.002043,0.242952,0.017242,0.594236,71.156235,1.394837,71.13459,1.513439,4.0,0.00019258,10,271,0.02419,0.0319,0.0,0.97,100,0.5,0.44737,,,-0.03,0.03837,0.00227,0.0,0.01932,0.73567
1051,1076224,75.77287,93.5,1.0,1.0,0.626659,-0.001352,0.000719,0.001944,0.236431,0.013855,0.653536,70.963287,1.395881,71.001122,1.512947,4.0,0.00019248,12,279,0.02376,0.02963,0.0,0.97,100,0.41667,0.59184,,,-0.03,0.03714,0.00206,0.0,0.02223,0.8838
1052,1077248,75.68615,96.44444,1.0,1.0,0.688225,-0.001223,0.001235,0.002335,0.236495,0.016891,0.262883,71.165527,1.450639,70.943687,1.38152,4.0,0.00019238,9,240,0.03274,0.04345,0.0,0.97,100,0.22222,0.41935,,,-0.03,0.03525,-0.00076,0.0,0.01767,0.66736
1053,1078272,73.31192,133.375,1.0,1.0,0.642308,-0.001112,0.001578,0.001562,0.242779,0.013199,0.445303,70.743347,1.374779,70.399612,1.764048,4.0,0.00019228,8,269,0.02781,0.03664,0.0,0.97,100,0.625,0.88485,,,-0.03,0.03377,0.00066,0.0,0.02036,0.6017
1054,1079296,75.05298,102.90909,1.0,1.0,0.691359,-0.002325,0.000897,0.002824,0.210167,0.027451,0.39526,70.539474,1.141233,70.459244,1.284281,4.0,0.00019217,11,248,0.03271,0.04413,0.0,0.96,100,0.27273,0.84252,,,-0.03,0.03581,-0.00088,0.0,0.01896,0.82925
1055,1080320,76.07979,95.09091,1.0,1.0,0.670027,-0.001337,0.000546,0.001508,0.210189,0.012405,0.623243,70.426498,0.891084,70.536865,1.261295,4.0,0.00019207,11,263,0.02761,0.03318,0.0,0.94,100,0.18182,0.4898,,,-0.03,0.03938,0.00236,0.0,0.02128,0.80254
1056,1081344,76.01726,95.44444,1.0,1.0,0.652935,-0.001832,0.000502,0.00239,0.260355,0.020752,0.661837,70.636765,1.013355,70.78344,1.28287,4.0,0.00019197,9,253,0.03471,0.04014,0.0,0.95,100,0.22222,0.53191,,,-0.03,0.037,0.0025,0.0,0.02818,0.6547
1057,1082368,75.83393,98.75,1.0,1.0,0.724549,-0.00205,0.000699,0.002833,0.303988,0.029068,0.618157,70.636154,1.131442,70.536652,1.436945,4.0,0.00019187,12,272,0.0526,0.06089,0.0,0.95,100,0.25,0.52239,,,-0.03,0.03406,0.0021,0.0,0.01958,0.89056
1058,1083392,76.69264,92.0,1.0,1.0,0.724682,-0.001622,0.000657,0.002809,0.313605,0.024933,0.757175,70.386932,1.224553,70.355736,1.861371,4.0,0.00019176,8,274,0.03882,0.04182,0.0,0.95,100,0.0,0.37931,,,-0.03,0.0368,0.00181,0.0,0.02327,0.59392
1059,1084416,67.14096,96.11111,0.88889,0.99,0.716501,-0.000679,0.037481,0.003609,0.286171,0.035355,0.233525,69.516869,2.522051,68.024399,7.959836,4.0,0.00019166,9,288,0.04651,0.054,0.0,0.95,100,0.11111,0.42424,,,-0.03,0.0314,0.0015,0.0,0.01449,0.6378
1060,1085440,75.73759,94.71429,1.0,0.99,0.682465,-0.001205,0.003772,0.002068,0.288353,0.018951,0.925834,68.382477,5.847094,67.765266,6.360877,4.0,0.00019156,7,287,0.04064,0.04617,0.0,0.94,100,0.42857,0.4,,,-0.03,0.03362,0.00228,0.0,0.0165,0.57176
1061,1086464,65.06876,157.625,0.875,0.98,0.636134,-0.001947,0.004581,0.003362,0.276913,0.031189,0.889342,67.949692,6.721392,67.20137,7.001167,4.0,0.00019146,8,293,0.04351,0.05207,0.01,0.95,100,0.625,0.7027,,,-0.03,0.03326,0.00041,0.0,0.01205,0.59609
1062,1087488,75.03628,104.8,1.0,0.98,0.68846,-0.002934,0.003362,0.002925,0.230828,0.027206,0.937379,67.603096,7.41855,67.127876,8.177575,4.0,0.00019135,10,286,0.06939,0.07602,0.01,0.93,100,0.0,0.8125,,,-0.03,0.03345,0.00128,0.0,0.02312,0.80185
1063,1088512,66.62429,152.66667,0.88889,0.97,0.690653,-0.001216,0.002722,0.001885,0.165949,0.025192,0.935085,68.105621,6.678066,67.94751,6.984392,4.0,0.00019125,9,281,0.04358,0.05041,0.02,0.92,100,0.33333,0.6,,,-0.03,0.0347,0.00174,0.0,0.0182,0.63639
1064,1089536,76.25711,94.55556,1.0,0.97,0.720117,-0.002424,0.00126,0.002817,0.27636,0.034317,0.965405,68.398956,6.223804,68.316162,6.853158,4.0,0.00019115,9,276,0.04345,0.0475,0.02,0.92,100,0.22222,0.47368,,,-0.03,0.03536,0.00196,0.0,0.02002,0.67288
1065,1090560,76.10449,94.3,1.0,0.97,0.723716,-0.001592,0.003192,0.003138,0.265913,0.037964,0.956838,67.733513,8.848713,67.56591,9.334492,4.0,0.00019105,10,280,0.0436,0.04998,0.02,0.92,100,0.1,0.44898,,,-0.03,0.03545,0.00288,0.0,0.02306,0.76653
1066,1091584,59.84963,141.2,0.8,0.95,0.71299,-5.1e-05,0.027829,0.002363,0.26981,0.014847,0.766177,67.504532,9.787679,66.582932,12.15532,4.0,0.00019094,10,193,0.04038,0.04511,0.03,0.93,100,0.2,0.48148,,,-0.03,0.03525,0.0017,0.0,0.01783,0.60257
1067,1092608,75.71733,102.4,1.0,0.95,0.70637,-0.001418,0.003199,0.001769,0.249809,0.011826,-0.496922,71.029205,2.077095,71.095024,1.509962,4.0,0.00019084,10,235,0.03701,0.0421,0.03,0.94,100,0.2,0.32,,,-0.03,0.03823,0.00337,0.0,0.02737,0.73053
1068,1093632,76.52431,94.8,1.0,0.95,0.704169,-0.000756,0.005082,0.001112,0.210649,0.009933,0.36714,70.694122,2.854147,70.219482,3.026581,4.0,0.00019074,10,277,0.03632,0.04233,0.03,0.95,100,0.1,0.32653,,,-0.03,0.0367,0.00332,0.0,0.01925,0.73746
1069,1094656,74.8964,108.2,1.0,0.96,0.689496,-0.000962,0.004595,0.001943,0.204025,0.014755,0.469427,69.864197,2.706414,69.657234,3.193012,4.0,0.00019064,10,275,0.03954,0.04607,0.03,0.95,100,0.2,0.37838,,,-0.03,0.03676,0.00261,0.0,0.01956,0.75815
1070,1095680,75.12694,105.33333,1.0,0.96,0.646262,-0.001005,0.004483,0.002361,0.174226,0.011703,0.582803,68.931717,3.734287,68.994247,3.576877,4.0,0.00019053,9,276,0.0328,0.03929,0.03,0.94,100,0.33333,0.40625,,,-0.03,0.03544,0.00208,0.0,0.0159,0.72951
1071,1096704,75.56022,104.72727,1.0,0.97,0.688633,-0.000592,0.001153,0.001217,0.236921,0.008728,0.565967,69.873543,1.567758,70.169823,1.716235,4.0,0.00019043,11,267,0.03557,0.0412,0.02,0.95,100,0.27273,0.64912,,,-0.03,0.03775,0.00178,0.0,0.02445,0.79841
1072,1097728,75.99732,99.22222,1.0,0.97,0.677427,-0.001705,0.001376,0.00193,0.195491,0.016937,0.598079,69.97847,1.794658,70.12014,1.965306,4.0,0.00019033,9,271,0.03473,0.04059,0.02,0.95,100,0.22222,0.56863,,,-0.03,0.0357,0.00174,0.0,0.02264,0.66656
1073,1098752,68.41517,104.33333,0.91667,0.97,0.649275,-0.001011,0.040065,0.002868,0.305592,0.022385,0.28639,70.182808,2.024953,68.755737,8.239072,4.0,0.00019023,12,225,0.03033,0.03855,0.01,0.96,100,0.25,0.3617,,,-0.03,0.03675,0.00308,0.0,0.01497,0.83166
1074,1099776,75.5486,98.77778,1.0,0.97,0.664868,-0.001251,0.008997,0.001243,0.229966,0.010818,0.457616,69.168457,4.452686,69.195381,4.116179,4.0,0.00019012,9,241,0.03776,0.04406,0.01,0.96,100,0.22222,0.58537,,,-0.03,0.03666,0.0015,0.0,0.01699,0.68756
1075,1100800,68.85581,106.09091,0.90909,0.96,0.640438,-0.000547,0.025733,0.000662,0.185193,0.003571,0.639347,68.793243,5.475636,67.999359,9.797631,4.0,0.00019002,11,260,0.04362,0.04985,0.01,0.95,100,0.36364,0.32,,,-0.03,0.03703,0.00338,0.0,0.02339,0.77907
1076,1101824,76.5867,93.77778,1.0,0.98,0.656604,-0.001082,0.005459,0.00182,0.207191,0.01619,0.500563,70.608505,3.699764,70.50518,3.486734,4.0,0.00018992,9,269,0.02725,0.03264,0.0,0.95,100,0.11111,0.30556,,,-0.03,0.03793,0.00233,0.0,0.0236,0.66477
1077,1102848,75.929,95.72727,1.0,0.98,0.678391,-0.001015,0.005803,0.003542,0.291879,0.033096,0.717512,70.001671,4.494183,69.865547,4.791288,4.0,0.00018982,11,246,0.03149,0.03615,0.0,0.94,100,0.27273,0.45652,,,-0.03,0.03647,0.00327,0.0,0.02522,0.8068
1078,1103872,66.54233,105.55556,0.88889,0.97,0.670905,-0.000957,0.043063,0.002394,0.351118,0.02562,0.381764,69.034157,4.477819,67.416382,8.884315,4.0,0.00018972,9,242,0.0349,0.04272,0.0,0.93,100,0.22222,0.34375,,,-0.03,0.03667,0.00184,0.0,0.01406,0.6123
1079,1104896,75.83978,99.11111,1.0,0.97,0.784049,-0.001714,0.003849,0.001904,0.266862,0.015671,0.55704,69.664688,2.537063,69.489594,3.000523,4.0,0.00018961,9,243,0.05048,0.05735,0.0,0.92,100,0.44444,0.37143,,,-0.03,0.03433,0.00105,0.0,0.0262,0.64878
1080,1105920,68.99576,94.27273,0.90909,0.96,0.81656,-0.000343,0.041659,0.001789,0.361888,0.011017,0.485039,68.321075,5.064159,66.586334,9.534919,4.0,0.00018951,11,252,0.05505,0.06475,0.0,0.93,100,0.18182,0.56757,,,-0.03,0.03401,-8e-05,0.0,0.01421,0.73686
1081,1106944,74.12193,129.55556,1.0,0.96,0.713549,-0.00102,0.013513,0.002131,0.268304,0.018707,0.498603,67.689888,6.704082,67.856613,5.934026,4.0,0.00018941,9,235,0.04605,0.05058,0.0,0.92,100,0.22222,0.84667,,,-0.03,0.03675,0.00234,0.0,0.02108,0.66223
1082,1107968,75.57604,102.0,1.0,0.96,0.700141,-0.001205,0.005253,0.002212,0.245011,0.017578,0.51046,68.589005,2.866131,68.554436,3.586204,4.0,0.00018931,11,265,0.03706,0.04244,0.0,0.91,100,0.27273,0.58333,,,-0.03,0.03597,0.00194,0.0,0.02084,0.81033
1083,1108992,75.41092,108.5,1.0,0.97,0.685047,-0.000708,0.002202,0.001567,0.212119,0.011337,0.358174,68.723877,2.431513,69.306717,2.116069,4.0,0.0001892,10,279,0.03347,0.03819,0.0,0.9,100,0.2,0.34375,,,-0.03,0.03766,0.00235,0.0,0.02416,0.7398
1084,1110016,76.01889,98.27273,1.0,0.97,0.707127,-0.001088,0.001109,0.003269,0.225882,0.022095,0.61853,69.509705,1.806822,69.893066,1.929017,4.0,0.0001891,11,274,0.03129,0.03543,0.0,0.9,100,0.18182,0.19355,,,-0.03,0.03762,0.0032,0.0,0.02271,0.80334
1085,1111040,67.62815,100.3,0.9,0.97,0.700624,-0.000903,0.034748,0.002571,0.217896,0.015884,0.228418,69.891907,2.214439,68.924698,7.700562,4.0,0.000189,10,245,0.03444,0.04137,0.0,0.9,100,0.4,0.30303,,,-0.03,0.03676,0.00264,0.0,0.01372,0.66932
1086,1112064,75.60614,100.55556,1.0,0.97,0.721134,-0.000897,0.009767,0.002147,0.216659,0.016068,-0.531597,69.214462,3.486805,69.322792,2.633868,4.0,0.0001889,9,251,0.03851,0.04355,0.0,0.91,100,0.33333,0.57895,,,-0.03,0.03829,0.00184,0.0,0.02006,0.65968
1087,1113088,69.46516,97.25,0.91667,0.96,0.764365,-0.000716,0.038193,0.001916,0.285825,0.013733,0.372976,69.158966,3.244096,68.078682,8.617823,4.0,0.00018879,12,272,0.04805,0.0558,0.0,0.92,100,0.16667,0.46154,,,-0.03,0.03605,0.00184,0.0,0.02435,0.80566
1088,1114112,75.32405,102.1,1.0,0.97,0.775748,-0.001173,0.010457,0.001337,0.205199,0.006973,-0.315909,67.680206,4.186778,67.994858,3.231117,4.0,0.00018869,10,270,0.05369,0.05961,0.0,0.93,100,0.6,0.32432,,,-0.03,0.03632,0.00243,0.0,0.01586,0.74008
1089,1115136,75.14774,104.375,1.0,0.97,0.754406,-0.001041,0.012046,0.003235,0.195062,0.032074,0.68519,66.616882,6.423964,66.525665,6.78852,4.0,0.00018859,8,274,0.05769,0.0634,0.0,0.91,100,0.5,0.5,,,-0.03,0.03429,0.00164,0.0,0.01347,0.61003
1090,1116160,74.01857,119.66667,1.0,0.98,0.712967,-0.00066,0.006261,0.002238,0.23882,0.020035,0.622582,66.553551,5.066955,67.187408,4.451585,4.0,0.00018849,9,257,0.07047,0.07744,0.0,0.91,100,0.55556,0.42308,,,-0.03,0.03559,0.00194,0.0,0.01542,0.72549
1091,1117184,75.82769,97.28571,1.0,0.98,0.825206,-0.000366,0.003421,0.001701,0.249302,0.012848,0.388315,68.377747,2.730399,68.436737,2.634882,4.0,0.00018838,7,237,0.06269,0.07207,0.0,0.91,100,0.28571,0.38095,,,-0.03,0.03073,-0.00115,0.0,0.02381,0.52036
1092,1118208,63.36019,134.0,0.875,0.97,0.921317,-8.3e-05,0.037953,0.001589,0.303907,0.012878,0.15638,68.358986,2.359808,66.533821,7.66968,4.0,0.00018828,8,282,0.0708,0.08999,0.0,0.92,100,0.5,0.94359,,,-0.03,0.02842,-0.00519,0.0,0.00925,0.51883
1093,1119232,73.83567,125.45455,1.0,0.97,0.892073,-0.001356,0.006129,0.003602,0.213825,0.024811,0.257487,66.800186,3.043036,67.218719,2.852929,4.0,0.00018818,11,252,0.07045,0.07868,0.0,0.88,100,0.09091,0.95238,,,-0.03,0.03457,-0.0014,0.0,0.01859,0.80329
1094,1120256,75.19897,105.0,1.0,0.97,0.744887,-0.000627,0.007561,0.001613,0.198291,0.010513,0.249426,66.538025,3.392533,66.836975,3.531934,4.0,0.00018808,8,239,0.05748,0.06494,0.0,0.87,100,0.25,0.27273,,,-0.03,0.03601,0.00247,0.0,0.01793,0.6243
1095,1121280,75.65879,101.1,1.0,0.98,0.771759,-0.001403,0.002462,0.001092,0.175215,0.008041,0.679887,67.06675,2.103695,67.322441,2.893802,4.0,0.00018797,10,256,0.07193,0.07805,0.0,0.83,100,0.3,0.75758,,,-0.03,0.0333,-8e-05,0.0,0.02136,0.80929
1096,1122304,73.45958,142.25,1.0,0.98,0.790862,-0.001303,0.002988,0.001312,0.164096,0.011581,0.629284,66.938011,3.007843,67.190742,2.994709,4.0,0.00018787,8,277,0.06387,0.07227,0.0,0.83,100,0.125,0.80882,,,-0.03,0.03363,-0.00056,0.0,0.01448,0.63647
1097,1123328,75.61232,99.33333,1.0,0.98,0.834294,-0.00114,0.004873,0.00171,0.192165,0.012863,0.587459,67.77211,3.38816,67.703476,3.59617,4.0,0.00018777,6,260,0.0685,0.07871,0.0,0.81,100,0.16667,0.38462,,,-0.03,0.03278,-0.00162,0.0,0.01817,0.45752
1098,1124352,75.45645,105.09091,1.0,0.98,0.866573,-0.001386,0.002967,0.002002,0.23241,0.018036,0.508226,67.480225,1.971825,67.652771,2.548089,4.0,0.00018767,11,247,0.07329,0.08212,0.0,0.81,100,0.27273,0.2381,,,-0.03,0.03087,-0.00069,0.0,0.0186,0.84185
1099,1125376,75.03556,104.55556,1.0,0.99,0.863145,-0.001798,0.001943,0.003435,0.24236,0.032349,0.717144,67.492279,1.860035,67.727753,2.834393,4.0,0.00018756,9,276,0.07908,0.08614,0.0,0.79,100,0.44444,0.29412,,,-0.03,0.03295,4e-05,0.0,0.01697,0.67068
1100,1126400,64.46816,160.375,0.875,0.98,0.791562,-0.001034,0.002271,0.003189,0.307929,0.031403,0.815343,67.536224,3.032222,67.726952,3.718567,4.0,0.00018746,8,267,0.05441,0.05764,0.01,0.79,100,0.125,0.95122,,,-0.03,0.0337,0.00171,0.0,0.01939,0.51608
1101,1127424,75.19602,114.66667,1.0,0.98,0.752231,-0.001516,0.001773,0.002154,0.194056,0.019287,0.619277,68.716766,2.118908,69.060959,2.216524,4.0,0.00018736,9,266,0.04444,0.04925,0.01,0.79,100,0.11111,0.6129,,,-0.03,0.03567,0.00156,0.0,0.02331,0.66952
1102,1128448,75.54131,99.46154,1.0,0.98,0.716377,-0.002083,0.000933,0.002407,0.238454,0.024582,0.796281,69.238327,2.037413,69.804459,2.166593,4.0,0.00018726,13,271,0.04376,0.04859,0.01,0.76,100,0.15385,0.44444,,,-0.03,0.0377,0.00226,0.0,0.02091,0.96116
1103,1129472,75.7656,97.0,1.0,0.99,0.685603,-0.001331,0.002217,0.002479,0.182927,0.016495,0.539656,69.549469,2.031147,69.606544,2.288712,4.0,0.00018716,8,275,0.03565,0.04095,0.01,0.77,100,0.125,0.33333,,,-0.03,0.03656,0.00214,0.0,0.01872,0.61029
1104,1130496,75.60317,103.91667,1.0,0.99,0.728161,-0.001032,0.000903,0.002496,0.162614,0.009949,0.747541,70.056099,1.817081,70.337173,1.921981,4.0,0.00018705,12,272,0.03938,0.0439,0.01,0.81,100,0.16667,0.37838,,,-0.03,0.03735,0.00268,0.0,0.02302,0.87461
1105,1131520,75.57126,104.0,1.0,0.99,0.681501,-0.000879,0.001003,0.000755,0.177372,0.002472,0.620881,70.057869,1.760986,70.229202,1.707492,4.0,0.00018695,9,230,0.0325,0.0366,0.01,0.83,100,0.22222,0.47826,,,-0.03,0.03623,0.00205,0.0,0.02094,0.66897
1106,1132544,75.90028,97.27273,1.0,0.99,0.701495,-0.001484,0.000439,0.002324,0.221126,0.009125,0.782211,70.575287,1.460328,70.69545,1.493092,4.0,0.00018685,11,275,0.03341,0.0376,0.01,0.82,100,0.18182,0.7027,,,-0.03,0.03743,0.00149,0.0,0.0231,0.80019
1107,1133568,76.30841,95.25,1.0,0.99,0.684581,-0.002015,0.000452,0.001832,0.219515,0.014664,0.793348,70.795227,1.377675,71.02076,1.501286,4.0,0.00018675,8,276,0.03117,0.03408,0.01,0.85,100,0.25,0.35,,,-0.03,0.03742,0.00208,0.0,0.02891,0.57646
1108,1134592,75.938,98.30769,1.0,0.99,0.679838,-0.001368,0.000593,0.001326,0.183948,0.008087,0.713076,71.033035,1.465996,71.054886,1.484371,4.0,0.00018664,13,271,0.02848,0.03421,0.01,0.85,100,0.0,0.50943,,,-0.03,0.03476,0.00263,0.0,0.02431,0.95201
1109,1135616,75.72635,102.4,1.0,0.99,0.684322,-0.002087,0.000568,0.004191,0.277137,0.04483,0.771798,70.814072,1.382026,70.850258,1.611603,4.0,0.00018654,10,271,0.0363,0.04007,0.01,0.87,100,0.4,0.16,,,-0.03,0.0375,0.00249,0.0,0.02093,0.72982
1110,1136640,66.37023,102.77778,0.88889,0.99,0.678518,-0.000422,0.047653,0.002188,0.322036,0.015381,0.111811,70.612427,1.844785,69.138931,7.741518,4.0,0.00018644,9,241,0.03914,0.04524,0.0,0.88,100,0.33333,0.5,,,-0.03,0.03466,0.00165,0.0,0.01726,0.58737
1111,1137664,76.23955,94.5,1.0,0.99,0.665285,-0.001216,0.003322,0.002565,0.265772,0.020142,0.665483,69.072586,2.403531,69.1483,2.874843,4.0,0.00018634,10,261,0.02762,0.0322,0.0,0.89,100,0.2,0.38462,,,-0.03,0.03601,0.00217,0.0,0.02333,0.73185
1112,1138688,75.69856,104.36364,1.0,0.99,0.670193,-0.001317,0.001461,0.002103,0.232749,0.016052,0.467072,69.323257,1.851876,69.636948,1.83824,4.0,0.00018623,11,275,0.0287,0.03214,0.0,0.91,100,0.45455,0.47222,,,-0.03,0.03795,0.00187,0.0,0.02487,0.80055
1113,1139712,75.67435,95.8,1.0,0.99,0.669159,-0.001285,0.001952,0.002961,0.215224,0.026474,0.304181,69.783035,1.913662,70.023308,1.851689,4.0,0.00018613,10,270,0.02553,0.03018,0.0,0.91,100,0.2,0.52,,,-0.03,0.03688,0.00176,0.0,0.02322,0.73241
1114,1140736,66.35522,98.25,0.875,0.98,0.773675,-0.000152,0.039883,0.001681,0.260069,0.01152,0.18816,70.185593,1.949351,68.65152,7.75668,4.0,0.00018603,8,258,0.03824,0.05173,0.0,0.91,100,0.125,0.375,,,-0.03,0.03245,-0.00216,0.0,0.01818,0.51407
1115,1141760,75.84326,98.75,1.0,0.98,0.83007,-0.003093,0.005021,0.004514,0.295139,0.040405,0.306797,69.185593,2.208125,69.34375,2.44131,4.0,0.00018593,12,266,0.04673,0.05959,0.0,0.9,100,0.33333,0.63793,,,-0.03,0.03239,-0.00223,0.0,0.02233,0.868
1116,1142784,73.89787,123.2,1.0,0.98,0.684598,-0.000791,0.004905,0.001703,0.199218,0.012695,-0.058884,69.131256,3.123457,69.328552,2.566221,4.0,0.00018582,10,269,0.02778,0.03212,0.0,0.92,100,0.2,0.94521,,,-0.03,0.03739,0.0018,0.0,0.02243,0.71571
1117,1143808,75.91148,93.0,1.0,0.98,0.635438,-0.000567,0.006885,0.001755,0.18123,0.010574,0.139103,68.995399,3.401189,69.265846,3.218214,4.0,0.00018572,10,242,0.0237,0.0283,0.0,0.92,100,0.3,0.15789,,,-0.03,0.03899,0.003,0.0,0.02306,0.73464
1118,1144832,69.47933,95.91667,0.91667,0.97,0.693903,-0.000272,0.04752,0.002552,0.311883,0.015488,0.285458,69.150276,3.275984,67.839493,8.459077,4.0,0.00018562,12,272,0.02949,0.03725,0.0,0.92,100,0.16667,0.42857,,,-0.03,0.03607,0.00262,0.0,0.01851,0.80689
1119,1145856,75.30536,100.45455,1.0,0.97,0.68247,-0.00071,0.005549,0.001901,0.2254,0.009567,-0.137099,67.778336,3.076368,68.423012,2.404202,4.0,0.00018552,11,267,0.0302,0.03679,0.0,0.91,100,0.27273,0.62712,,,-0.03,0.0375,0.00167,0.0,0.02055,0.82725
1120,1146880,75.62508,104.28571,1.0,0.98,0.699098,-0.000856,0.002714,0.004119,0.319213,0.043259,0.50679,68.342598,2.024078,68.438011,2.428424,4.0,0.00018541,7,264,0.02894,0.03257,0.0,0.9,100,0.28571,0.54167,,,-0.03,0.03521,0.00188,0.0,0.02211,0.50855
1121,1147904,75.37163,107.27273,1.0,0.98,0.720168,-0.001185,0.001729,0.001651,0.253495,0.013489,0.638317,68.430084,1.877812,68.864342,2.235221,4.0,0.00018531,11,267,0.03388,0.04002,0.0,0.9,100,0.09091,0.32353,,,-0.03,0.03639,0.00242,0.0,0.01852,0.81606
1122,1148928,66.22461,97.125,0.875,0.97,0.821043,-0.000331,0.031002,0.002891,0.211554,0.017014,0.299379,69.465652,2.367599,68.535126,7.170341,4.0,0.00018521,8,259,0.04441,0.06035,0.0,0.89,100,0.25,0.41667,,,-0.03,0.03135,-0.00342,0.0,0.0185,0.51565
1123,1149952,72.72314,133.0,1.0,0.97,0.861857,-0.001754,0.006318,0.003155,0.233312,0.021515,0.3705,68.110413,3.406894,68.002594,3.062761,4.0,0.00018511,9,270,0.05158,0.06961,0.0,0.89,100,0.33333,0.9711,,,-0.03,0.0291,-0.00506,0.0,0.01509,0.66635
1124,1150976,73.3769,125.33333,1.0,0.98,0.775579,-0.001368,0.004176,0.003403,0.186119,0.024551,-0.131137,67.979858,2.056607,68.032249,2.169998,4.0,0.000185,9,284,0.04098,0.05374,0.0,0.88,100,0.55556,0.93814,,,-0.03,0.0335,-0.00166,0.0,0.01416,0.66898
1125,1152000,67.06888,95.22222,0.88889,0.97,0.680994,-0.000296,0.045128,0.001954,0.28624,0.013046,0.146481,68.235275,1.445716,66.965019,7.666633,4.0,0.0001849,9,269,0.02845,0.03341,0.0,0.89,100,0.33333,0.4375,,,-0.03,0.03632,0.00237,0.0,0.01888,0.58318
1126,1153024,69.11257,102.75,0.91667,0.96,0.721092,-0.00035,0.020713,0.001968,0.190169,0.011902,0.533894,66.229874,3.359055,66.305389,7.790515,4.0,0.0001848,12,270,0.03307,0.03861,0.0,0.91,100,0.25,0.4,,,-0.03,0.03696,0.00244,0.0,0.02042,0.81067
1127,1154048,75.95534,97.0,1.0,0.96,0.700557,-0.000915,0.007218,0.001369,0.250995,0.005692,-0.209893,67.229851,3.427821,67.789963,2.873255,4.0,0.0001847,10,272,0.03435,0.03824,0.0,0.91,100,0.1,0.52174,,,-0.03,0.03757,0.00204,0.0,0.0214,0.73122
1128,1155072,74.91659,110.1,1.0,0.96,0.708091,-0.001174,0.014747,0.002623,0.193397,0.016861,0.014699,66.316284,5.935644,66.900925,4.726924,4.0,0.0001846,10,229,0.03336,0.03904,0.0,0.9,100,0.1,0.68571,,,-0.03,0.03394,0.00171,0.0,0.01964,0.74775
1129,1156096,76.01619,97.25,1.0,0.97,0.715829,-0.001245,0.002477,0.001522,0.244028,0.010788,0.461241,67.46286,1.792057,67.917511,2.226943,4.0,0.00018449,8,277,0.03222,0.03621,0.0,0.91,100,0.125,0.44,,,-0.03,0.0371,0.00249,0.0,0.02218,0.57941
1130,1157120,75.50041,104.9,1.0,0.97,0.716437,-0.000812,0.001602,0.002391,0.289267,0.01561,0.658621,68.290436,1.753942,68.676033,2.188983,4.0,0.00018439,10,280,0.03379,0.03978,0.0,0.89,100,0.1,0.61364,,,-0.03,0.03287,0.00174,0.0,0.02382,0.73236
1131,1158144,75.3619,108.0,1.0,0.97,0.86527,-0.002221,0.002266,0.00266,0.265763,0.020645,0.496538,68.839844,2.057682,68.600571,2.192244,4.0,0.00018429,7,276,0.04931,0.0612,0.0,0.88,100,0.28571,0.60714,,,-0.03,0.02899,-0.00284,0.0,0.01731,0.51112
1132,1159168,75.35593,109.71429,1.0,0.97,0.884377,-0.001247,0.00283,0.003845,0.367858,0.041,0.406993,68.194672,1.800281,67.936081,2.290455,4.0,0.00018419,7,260,0.05833,0.07227,0.0,0.88,100,0.14286,0.31579,,,-0.03,0.0271,-0.00417,0.0,0.01526,0.51389
1133,1160192,73.71385,126.90909,1.0,0.98,0.824624,-0.002001,0.001629,0.003819,0.305911,0.032928,0.540769,68.148804,1.290938,68.415054,1.973763,4.0,0.00018408,11,276,0.04849,0.05762,0.0,0.88,100,0.18182,0.96283,,,-0.03,0.03432,-0.00161,0.0,0.02023,0.80384
1134,1161216,73.31196,133.44444,1.0,0.98,0.753742,-0.001688,0.002497,0.001902,0.167541,0.018829,0.399777,68.407837,1.66993,68.492523,2.142498,4.0,0.00018398,9,266,0.03808,0.04578,0.0,0.88,100,0.11111,0.95708,,,-0.03,0.0324,-0.00045,0.0,0.02086,0.64805
1135,1162240,75.34811,108.0,1.0,0.98,0.775631,-0.001449,0.002232,0.001667,0.263215,0.009476,0.431084,68.518997,1.408098,68.366486,2.024915,4.0,0.00018388,8,206,0.03622,0.04386,0.0,0.89,100,0.125,0.33333,,,-0.03,0.0298,-0.00011,0.0,0.01881,0.59051
1136,1163264,61.80629,143.14286,0.85714,0.98,0.719744,-0.000408,0.043693,0.001956,0.254081,0.007782,0.179779,67.971733,1.8157,66.534012,7.642207,4.0,0.00018378,7,226,0.03114,0.03723,0.0,0.87,100,0.28571,0.94531,,,-0.03,0.03124,0.00058,0.0,0.01481,0.43301
1137,1164288,75.53443,103.81818,1.0,0.99,0.67722,-0.001394,0.005253,0.001782,0.248872,0.015167,0.752326,65.859993,3.642218,66.026955,4.441402,4.0,0.00018367,11,270,0.02975,0.03468,0.0,0.85,100,0.09091,0.5,,,-0.03,0.03035,0.00191,0.0,0.01673,0.82895
1138,1165312,74.95682,112.0,1.0,0.99,0.697766,-0.00121,0.004709,0.002758,0.230341,0.028946,0.845554,65.344971,5.330067,65.809196,5.95809,4.0,0.00018357,8,283,0.03032,0.03573,0.0,0.85,100,0.125,0.76316,,,-0.03,0.034,0.00103,0.0,0.01758,0.60424
1139,1166336,75.15532,112.14286,1.0,0.99,0.778674,-0.001563,0.001823,0.003065,0.284481,0.029099,0.957824,65.887482,6.61561,65.937271,7.176255,4.0,0.00018347,7,234,0.03889,0.04467,0.0,0.82,100,0.14286,0.83871,,,-0.03,0.03101,0.00017,0.0,0.01805,0.52713
1140,1167360,67.9031,144.81818,0.90909,0.98,0.692362,-0.001122,0.002661,0.002456,0.27628,0.020386,0.955643,66.099251,7.492573,66.328377,8.126527,4.0,0.00018337,11,245,0.02862,0.03384,0.01,0.83,100,0.27273,0.43333,,,-0.03,0.03437,0.0025,0.0,0.01757,0.74875
1141,1168384,60.27984,98.2,0.8,0.96,0.670256,-0.000988,0.047003,0.001557,0.338457,0.010239,0.379598,68.294907,3.777859,66.451324,10.235351,4.0,0.00018326,10,264,0.0265,0.03351,0.01,0.83,100,0.2,0.5,,,-0.03,0.03782,0.00211,0.0,0.01422,0.58498
1142,1169408,67.34503,95.66667,0.88889,0.95,0.70204,-0.001225,0.014162,0.001881,0.267986,0.014389,0.253649,68.302307,5.311449,68.512543,4.878554,4.0,0.00018316,9,256,0.02852,0.03186,0.01,0.86,100,0.11111,0.43478,,,-0.03,0.03656,0.00214,0.0,0.02698,0.57462
1143,1170432,68.25531,105.27273,0.90909,0.94,0.689356,-0.001651,0.037443,0.002846,0.268785,0.019287,0.587796,67.347305,6.021382,66.326508,10.082787,4.0,0.00018306,11,272,0.02928,0.03563,0.01,0.86,100,0.36364,0.3871,,,-0.03,0.03519,0.00258,0.0,0.01684,0.74337
1144,1171456,75.48501,99.625,1.0,0.94,0.704303,-0.000674,0.026684,0.002966,0.272255,0.027573,0.125301,66.292816,6.957965,65.511627,6.226925,4.0,0.00018296,8,271,0.0295,0.03391,0.01,0.86,100,0.25,0.47368,,,-0.03,0.02998,0.00183,0.0,0.0132,0.5943
1145,1172480,75.04342,118.90909,1.0,0.94,0.709923,-0.001404,0.002902,0.002472,0.257389,0.011856,0.454197,66.614075,2.828103,67.705559,2.549194,4.0,0.00018285,11,254,0.03212,0.03499,0.01,0.88,100,0.09091,0.34615,,,-0.03,0.03842,0.0024,0.0,0.02685,0.81011
1146,1173504,69.00523,96.09091,0.90909,0.94,0.681431,-0.000327,0.038005,0.001177,0.247596,0.009003,0.374213,68.12616,3.096032,67.305801,8.524672,4.0,0.00018275,11,273,0.02945,0.03498,0.01,0.88,100,0.09091,0.40625,,,-0.03,0.03754,0.00254,0.0,0.02363,0.72954
1147,1174528,76.21145,95.9,1.0,0.94,0.737722,-0.001427,0.006489,0.001491,0.249573,0.008667,-0.157161,68.086464,3.045696,68.587906,2.431686,4.0,0.00018265,10,261,0.03249,0.04013,0.01,0.91,100,0.4,0.26471,,,-0.03,0.03606,0.00125,0.0,0.02043,0.72966
1148,1175552,63.7523,99.28571,0.85714,0.93,0.730583,-0.000705,0.041902,0.001637,0.296015,0.010208,0.629153,66.60659,8.075788,65.284416,11.106663,4.0,0.00018255,7,284,0.03995,0.05309,0.01,0.93,100,0.42857,0.33333,,,-0.03,0.03374,-0.00151,0.0,0.012,0.45669
1149,1176576,76.09803,101.625,1.0,0.93,0.800542,-0.002016,0.005944,0.003547,0.33936,0.038696,0.176194,67.194244,2.835061,67.294975,2.947433,4.0,0.00018244,8,280,0.04392,0.05415,0.01,0.93,100,0.0,0.40625,,,-0.03,0.03241,-0.0012,0.0,0.02079,0.58377
1150,1177600,75.75305,100.33333,1.0,0.93,0.813393,-0.001443,0.004571,0.001967,0.234891,0.014099,0.761678,66.329254,3.96723,66.272156,4.77985,4.0,0.00018234,9,280,0.04321,0.05292,0.01,0.96,100,0.11111,0.47619,,,-0.03,0.03058,-0.00075,0.0,0.02013,0.66434
1151,1178624,65.87761,156.2,0.9,0.94,0.763997,-0.002139,0.002278,0.003104,0.24559,0.025711,0.888088,66.993011,4.127255,67.319977,4.674792,4.0,0.00018224,10,259,0.03837,0.04414,0.01,0.97,100,0.1,0.9542,,,-0.03,0.03353,0.00143,0.0,0.02087,0.65494
1152,1179648,75.25116,104.6,1.0,0.96,0.66346,-0.001059,0.005925,0.003846,0.186557,0.033401,-0.096667,67.569923,3.356122,68.108864,2.688376,4.0,0.00018214,10,272,0.02823,0.0342,0.01,0.96,100,0.4,0.62791,,,-0.03,0.03732,0.00187,0.0,0.01668,0.73872
1153,1180672,75.4414,100.81818,1.0,0.96,0.675717,-0.001355,0.002399,0.002283,0.236926,0.015991,0.551529,68.316841,2.537388,68.990097,2.523932,4.0,0.00018204,11,263,0.03019,0.03808,0.01,0.96,100,0.18182,0.72464,,,-0.03,0.03779,0.00132,0.0,0.02116,0.81349
1154,1181696,76.56237,92.44444,1.0,0.97,0.670782,-0.00146,0.00149,0.001618,0.195325,0.013535,0.821614,69.232422,2.702839,69.443512,2.976442,4.0,0.00018193,9,272,0.02927,0.03533,0.01,0.98,100,0.11111,0.34375,,,-0.03,0.03449,0.00188,0.0,0.02177,0.68473
1155,1182720,74.61203,112.0,1.0,0.97,0.659955,-0.001204,0.002245,0.00199,0.190715,0.015564,0.866025,68.297211,4.038736,68.30098,4.265985,4.0,0.00018183,8,256,0.02341,0.03017,0.01,0.99,100,0.5,0.67213,,,-0.03,0.03351,0.00214,0.0,0.01536,0.61991
1156,1183744,75.88254,102.66667,1.0,0.97,0.728446,-0.001424,0.001342,0.00369,0.29622,0.037827,0.929489,68.35199,4.17657,68.428207,4.731366,4.0,0.00018173,9,266,0.02707,0.03307,0.01,0.99,100,0.11111,0.6,,,-0.03,0.03271,0.00105,0.0,0.02094,0.66774
1157,1184768,76.2085,93.6,1.0,0.98,0.747992,-0.002137,0.001508,0.002928,0.25384,0.027374,0.947744,67.687103,5.824475,67.687057,6.490226,4.0,0.00018163,10,290,0.03211,0.03826,0.01,0.99,100,0.1,0.44898,,,-0.03,0.03173,0.00145,0.0,0.02046,0.75491
1158,1185792,60.82186,180.5,0.83333,0.97,0.72896,-0.001965,0.001755,0.003594,0.229083,0.029999,0.969218,67.085052,7.928513,66.865639,8.562798,4.0,0.00018152,6,274,0.02776,0.03754,0.02,0.99,100,0.33333,0.34615,,,-0.03,0.03117,-0.00045,0.0,0.0134,0.38763
1159,1186816,75.83536,104.1,1.0,0.98,0.726587,-0.002325,0.001632,0.002771,0.25997,0.03006,0.934933,69.457268,4.972281,69.258926,5.463817,4.0,0.00018142,10,254,0.02957,0.03607,0.02,0.98,100,0.0,0.73171,,,-0.03,0.03205,0.00168,0.0,0.02416,0.7327
1160,1187840,59.61415,144.4,0.8,0.96,0.667681,-0.000312,0.043777,0.000667,0.271201,0.003738,0.422288,69.263863,5.897412,67.670059,9.641471,4.0,0.00018132,10,257,0.02256,0.02957,0.03,0.98,100,0.2,0.86923,,,-0.03,0.03701,0.00153,0.0,0.01675,0.58688
1161,1188864,66.05527,92.875,0.875,0.95,0.686703,-0.001514,0.056663,0.002679,0.40361,0.021606,0.340516,69.65403,5.255026,67.266434,9.351991,4.0,0.00018122,8,278,0.03322,0.05085,0.03,0.98,100,0.375,0.54545,,,-0.03,0.03229,-0.00221,0.0,0.01286,0.53262
1162,1189888,74.7599,102.4,1.0,0.96,0.757445,-0.001031,0.011,0.002003,0.214798,0.018524,0.236391,68.269531,4.832082,67.952888,4.248835,4.0,0.00018111,10,279,0.03389,0.04923,0.02,0.98,100,0.6,0.54,,,-0.03,0.03253,-0.0028,0.0,0.01568,0.74294
1163,1190912,75.14773,111.0,1.0,0.96,0.802829,-0.002262,0.003089,0.004215,0.363747,0.050629,0.836253,67.352371,3.642355,66.967857,4.393767,4.0,0.00018101,7,280,0.03821,0.05049,0.02,0.95,100,0.14286,0.8797,,,-0.03,0.03178,-0.00313,0.0,0.02046,0.50078
1164,1191936,75.9369,98.72727,1.0,0.96,0.714841,-0.00162,0.003624,0.001922,0.241285,0.013565,0.909622,66.204407,6.007912,66.484589,6.859081,4.0,0.00018091,11,247,0.02888,0.03719,0.02,0.95,100,0.27273,0.3913,,,-0.03,0.03218,0.00286,0.0,0.02433,0.81843
1165,1192960,67.87262,141.5,0.91667,0.95,0.68949,-0.001902,0.001629,0.005099,0.39803,0.064056,0.617727,68.766571,2.015076,69.005142,2.284058,4.0,0.00018081,12,268,0.02192,0.02833,0.03,0.95,100,0.16667,0.92443,,,-0.03,0.03652,0.00167,0.0,0.01999,0.79685
1166,1193984,76.22366,96.28571,1.0,0.95,0.622537,-0.000446,0.003392,0.002914,0.249455,0.019699,0.67385,68.675171,2.545939,68.580223,3.303703,4.0,0.0001807,7,292,0.01517,0.02035,0.03,0.95,100,0.14286,0.39394,,,-0.03,0.03886,0.00229,0.0,0.01834,0.52838
1167,1195008,66.94796,113.33333,0.88889,0.94,0.640159,-0.000113,0.031842,0.002083,0.24183,0.008255,0.548605,68.11058,4.53478,66.826988,9.146764,4.0,0.0001806,9,289,0.02751,0.0413,0.03,0.95,100,0.33333,0.6,,,-0.03,0.03293,-0.00174,0.0,0.0222,0.64971
1168,1196032,68.42558,106.25,0.91667,0.93,0.691903,-0.00038,0.03735,0.002107,0.341065,0.014587,0.498941,69.235695,4.912772,68.158958,9.444628,4.0,0.0001805,12,281,0.02192,0.03018,0.03,0.94,100,0.25,0.89286,,,-0.03,0.03698,0.00083,0.0,0.02014,0.80189
1169,1197056,67.34377,97.88889,0.88889,0.93,0.638923,-0.001249,0.050368,0.0021,0.502783,0.014114,0.606446,68.494781,7.483405,66.46962,11.586499,4.0,0.0001804,9,270,0.01924,0.02453,0.02,0.94,100,0.11111,0.46875,,,-0.03,0.03737,0.00218,0.0,0.01851,0.58527
1170,1198080,66.94844,100.77778,0.88889,0.92,0.632813,-0.000662,0.035232,0.002146,0.268749,0.012589,0.632068,64.7565,10.678606,63.978039,10.556166,4.0,0.00018029,9,275,0.02062,0.02717,0.02,0.95,100,0.11111,0.38462,,,-0.03,0.03428,0.00261,0.0,0.0182,0.59556
1171,1199104,74.85714,107.76923,1.0,0.94,0.63895,-0.001108,0.018104,0.002078,0.307244,0.018829,-0.411554,64.294846,5.456194,65.297623,4.316153,4.0,0.00018019,13,282,0.0196,0.0267,0.01,0.95,100,0.30769,0.40426,,,-0.03,0.03518,0.0029,0.0,0.01632,0.9918
1172,1200128,65.76167,105.625,0.875,0.94,0.685214,-0.001341,0.042231,0.003173,0.23005,0.021576,0.382008,65.238586,3.627309,64.436653,8.469726,4.0,0.00018009,8,285,0.02085,0.0271,0.01,0.94,100,0.25,0.56,,,-0.03,0.03602,0.0019,0.0,0.0148,0.51119
1173,1201152,66.37827,110.22222,0.88889,0.93,0.685153,-0.001005,0.040315,0.00216,0.29675,0.022598,0.50201,63.611954,5.616788,63.095787,9.571307,4.0,0.00017999,9,269,0.01877,0.02456,0.01,0.91,100,0.11111,0.78788,,,-0.03,0.03318,0.00099,0.0,0.01654,0.58753
1174,1202176,75.59399,107.5,1.0,0.93,0.677312,-0.001811,0.012622,0.003949,0.34619,0.038559,0.093939,64.766663,3.547968,65.600868,3.976309,4.0,0.00017988,10,280,0.02278,0.02686,0.01,0.95,100,0.1,0.275,,,-0.03,0.03587,0.00319,0.0,0.02457,0.7284
1175,1203200,75.64744,102.66667,1.0,0.94,0.717648,-0.001234,0.005304,0.002758,0.306492,0.019485,0.138027,65.227455,2.997573,66.296082,2.90781,4.0,0.00017978,9,264,0.02116,0.02654,0.0,0.93,100,0.11111,0.83929,,,-0.03,0.03763,0.00043,0.0,0.02115,0.65473
1176,1204224,75.66998,98.2,1.0,0.94,0.669492,-0.001074,0.003616,0.000866,0.223848,0.004501,0.570222,66.895706,2.593129,67.614975,3.005046,4.0,0.00017968,10,229,0.02332,0.02893,0.0,0.93,100,0.1,0.36364,,,-0.03,0.03515,0.00254,0.0,0.02079,0.74959
1177,1205248,74.9998,107.4,1.0,0.95,0.753343,-0.001708,0.003945,0.002742,0.22295,0.028366,0.673739,67.860718,3.338422,68.187325,3.550708,4.0,0.00017958,10,110,0.02873,0.03769,0.0,0.92,100,0.1,0.88793,,,-0.03,0.03225,-0.00111,0.0,0.02005,0.73238
1178,1206272,74.86877,111.0,1.0,0.96,0.664666,-0.001085,0.003465,0.001788,0.183226,0.009964,0.439065,67.957954,2.927132,68.610558,2.645386,4.0,0.00017948,9,109,0.02069,0.02629,0.0,0.91,100,0.33333,0.41667,,,-0.03,0.03721,0.00239,0.0,0.018,0.6722
1179,1207296,75.39347,107.72727,1.0,0.97,0.700519,-0.000694,0.002094,0.001675,0.185389,0.01265,0.513267,69.154861,2.420377,69.514008,2.225362,4.0,0.00017937,11,184,0.02669,0.03462,0.0,0.91,100,0.27273,0.44615,,,-0.03,0.03503,0.00257,0.0,0.02073,0.8172
1180,1208320,63.91633,100.71429,0.85714,0.97,0.726737,-0.001407,0.045171,0.002591,0.321605,0.023956,0.167825,69.451912,2.157808,67.964363,7.800007,4.0,0.00017927,7,215,0.02599,0.03339,0.0,0.9,100,0.28571,0.88525,,,-0.03,0.03323,0.00016,0.0,0.01279,0.43887
1181,1209344,74.95988,118.77778,1.0,0.97,0.695054,-0.001637,0.00466,0.002066,0.20471,0.017181,0.483296,67.296249,2.523731,67.774567,2.483467,4.0,0.00017917,9,123,0.02676,0.03112,0.0,0.89,100,0.0,0.5625,,,-0.03,0.03331,0.0018,0.0,0.02332,0.65766
1182,1210368,67.49153,105.5,0.9,0.96,0.718275,-0.001216,0.040459,0.002796,0.292718,0.014145,0.446365,67.826637,4.097182,66.862747,8.962765,4.0,0.00017907,10,195,0.02647,0.03333,0.0,0.89,100,0.2,0.43902,,,-0.03,0.03569,0.0022,0.0,0.02097,0.65587
1183,1211392,76.12411,95.66667,1.0,0.98,0.779099,-0.001768,0.013285,0.002029,0.244959,0.017532,0.515533,66.578415,5.67559,66.48616,5.429219,4.0,0.00017896,9,204,0.03551,0.04765,0.0,0.89,100,0.11111,0.48571,,,-0.03,0.03177,-0.00271,0.0,0.01707,0.68075
1184,1212416,75.96301,102.16667,1.0,0.98,0.740961,-0.001447,0.025844,0.002187,0.201052,0.023743,0.77785,62.59024,11.715486,62.02771,11.492575,4.0,0.00017886,6,213,0.03657,0.04689,0.0,0.91,100,0.0,0.46154,,,-0.03,0.02719,-0.00126,0.0,0.01423,0.49337
1185,1213440,74.97552,107.33333,1.0,0.98,0.678676,-0.001746,0.006992,0.002263,0.205356,0.021576,0.943738,59.663822,10.704671,59.274338,11.643075,4.0,0.00017876,6,248,0.03154,0.0388,0.0,0.92,100,0.5,0.55172,,,-0.03,0.02819,3e-05,0.0,0.01237,0.54368
1186,1214464,54.59698,158.625,0.75,0.96,0.692286,-0.00083,0.031229,0.001613,0.342877,0.011322,0.879737,56.326805,15.495957,54.540192,17.525255,4.0,0.00017866,8,252,0.03242,0.03833,0.01,0.92,100,0.125,0.95113,,,-0.03,0.02917,0.00176,0.0,0.01494,0.54112
1187,1215488,66.56283,153.55556,0.88889,0.95,0.677397,-0.001083,0.007814,0.001859,0.285951,0.014526,0.970982,60.368973,16.057959,60.50605,16.65332,4.0,0.00017855,9,262,0.02806,0.03263,0.02,0.94,100,0.11111,0.42308,,,-0.03,0.03718,0.00182,0.0,0.01724,0.6649
1188,1216512,63.29013,186.0,0.85714,0.94,0.817118,-0.001159,0.010567,0.001871,0.220303,0.01561,0.893039,64.555847,10.060034,64.45636,10.246822,4.0,0.00017845,7,272,0.03807,0.04609,0.03,0.93,100,0.28571,0.82,,,-0.03,0.02773,-0.0005,0.0,0.02223,0.45251
1189,1217536,75.16716,115.41667,1.0,0.94,0.832408,-0.001308,0.004258,0.002065,0.295675,0.020462,0.759691,66.162224,4.246158,66.937561,4.310987,4.0,0.00017835,12,274,0.03693,0.04245,0.03,0.92,100,0.16667,0.51923,,,-0.03,0.03613,0.00156,0.0,0.01892,0.87212
1190,1218560,66.99186,95.66667,0.88889,0.93,0.741675,-0.001012,0.039856,0.00278,0.182914,0.019302,0.340804,67.494965,3.457496,67.215317,8.023511,4.0,0.00017825,9,283,0.02857,0.03411,0.03,0.92,100,0.11111,0.54286,,,-0.03,0.03779,0.00145,0.0,0.01741,0.58399
1191,1219584,65.23108,103.375,0.875,0.92,0.746786,-0.000553,0.05352,0.00237,0.290956,0.017181,0.398072,67.075348,5.995283,65.969528,9.449102,4.0,0.00017814,8,261,0.03034,0.04051,0.03,0.92,100,0.375,0.53125,,,-0.03,0.03383,0.00045,0.0,0.01737,0.51463
1192,1220608,74.82331,121.88889,1.0,0.93,0.823199,-0.002278,0.008016,0.002618,0.299185,0.021378,0.64954,65.558121,4.412126,65.718018,4.947829,4.0,0.00017804,9,269,0.04244,0.05736,0.03,0.92,100,0.11111,0.83607,,,-0.03,0.03004,-0.00306,0.0,0.01831,0.67764
1193,1221632,74.90611,112.0,1.0,0.93,0.746309,-0.001263,0.008953,0.002704,0.2186,0.022369,0.748189,64.70459,6.105616,64.920212,6.408526,4.0,0.00017794,8,279,0.03329,0.04012,0.03,0.93,100,0.5,0.26087,,,-0.03,0.03182,0.0003,0.0,0.01616,0.62714
1194,1222656,75.07122,106.28571,1.0,0.94,0.703547,-0.001462,0.015007,0.001845,0.185246,0.013962,0.75381,63.625053,8.270018,63.735352,8.440874,4.0,0.00017784,7,284,0.02963,0.03644,0.03,0.93,100,0.28571,0.57895,,,-0.03,0.03128,0.00109,0.0,0.01639,0.56406
1195,1223680,75.60794,104.4,1.0,0.94,0.715025,-0.001711,0.003232,0.002248,0.320621,0.024445,0.965216,63.647327,9.480024,64.278587,10.525413,4.0,0.00017773,10,288,0.02762,0.03297,0.03,0.92,100,0.2,0.50909,,,-0.03,0.03372,0.00268,0.0,0.02545,0.76753
1196,1224704,67.83348,148.09091,0.90909,0.93,0.724905,-0.000941,0.003321,0.001613,0.176021,0.013306,0.704378,67.612434,3.531758,68.172661,3.541493,4.0,0.00017763,11,281,0.02878,0.0346,0.04,0.92,100,0.27273,0.87425,,,-0.03,0.03614,0.0018,0.0,0.01967,0.73516
1197,1225728,75.59111,111.25,1.0,0.94,0.704373,-0.00168,0.002063,0.001705,0.215713,0.012207,0.635835,68.869255,2.42076,69.228363,2.419088,4.0,0.00017753,8,268,0.02854,0.03453,0.04,0.92,100,0.0,0.42105,,,-0.03,0.03434,0.00122,0.0,0.0236,0.57891
1198,1226752,74.69497,109.5,1.0,0.96,0.759524,-0.002166,0.001788,0.002779,0.212491,0.022049,0.537229,69.628372,2.113842,69.596405,2.086543,4.0,0.00017743,10,277,0.03433,0.0467,0.02,0.89,100,0.1,0.94022,,,-0.03,0.03397,-0.00241,0.0,0.01831,0.73582
1199,1227776,75.39789,107.0,1.0,0.97,0.647373,-0.0016,0.002103,0.002011,0.235918,0.020691,0.834032,68.632385,3.301458,68.568497,3.705036,4.0,0.00017732,8,285,0.02881,0.03779,0.01,0.87,100,0.125,0.81579,,,-0.03,0.03429,0.00082,0.0,0.01669,0.64625
1200,1228800,65.35354,117.5,0.875,0.96,0.618409,-0.000615,0.04427,0.000714,0.320355,0.00563,0.515998,66.972504,5.932811,65.157036,9.724039,4.0,0.00017722,8,265,0.03048,0.03714,0.01,0.87,100,0.25,0.79245,,,-0.03,0.03049,0.00063,0.0,0.01577,0.59885
1201,1229824,75.06618,116.0,1.0,0.97,0.607153,-0.001369,0.004546,0.001404,0.173257,0.008667,0.963769,63.640507,10.173991,63.971603,10.876649,4.0,0.00017712,8,259,0.02847,0.03269,0.01,0.89,100,0.125,0.46154,,,-0.03,0.03295,0.00219,0.0,0.02158,0.66199
1202,1230848,75.81909,99.14286,1.0,0.97,0.592544,-0.001172,0.004941,0.001375,0.191624,0.008575,0.975648,63.067238,14.111094,62.945663,14.761847,4.0,0.00017702,7,290,0.02645,0.0315,0.01,0.87,100,0.28571,0.5,,,-0.03,0.03301,0.00249,0.0,0.02534,0.57932
1203,1231872,69.31794,143.08333,0.91667,0.97,0.64153,-0.001742,0.001452,0.002514,0.239955,0.018173,0.930279,68.282928,4.519109,68.874847,4.612504,4.0,0.00017692,12,257,0.02382,0.02776,0.02,0.88,100,0.16667,0.56098,,,-0.03,0.03749,0.00163,0.0,0.02445,0.79914
1204,1232896,66.1018,96.875,0.875,0.96,0.739018,-0.000441,0.038276,0.0026,0.296016,0.022995,0.141189,69.676292,2.317491,68.341721,7.702283,4.0,0.00017681,8,266,0.03334,0.04669,0.02,0.88,100,0.125,0.62222,,,-0.03,0.03333,-0.00194,0.0,0.01626,0.51864
1205,1233920,75.67903,103.8,1.0,0.96,0.736852,-0.002523,0.043658,0.004593,0.40569,0.057785,0.457701,66.298477,6.861306,65.322968,8.891026,4.0,0.00017671,10,219,0.03375,0.04622,0.02,0.89,100,0.1,0.52632,,,-0.03,0.03138,-0.00087,0.0,0.01965,0.74647
1206,1234944,66.46483,117.9,0.9,0.95,0.696511,-0.00143,0.009282,0.001953,0.201585,0.013046,0.576049,67.503105,4.52088,67.350464,4.815795,4.0,0.00017661,10,236,0.0313,0.03919,0.02,0.88,100,0.2,0.925,,,-0.03,0.03622,0.00058,0.0,0.01967,0.66974
1207,1235968,75.13777,107.57143,1.0,0.96,0.673831,-0.001337,0.005673,0.001787,0.240909,0.015396,0.799426,66.097725,4.788563,66.203079,5.36375,4.0,0.00017651,7,285,0.03131,0.03591,0.01,0.88,100,0.14286,0.84524,,,-0.03,0.03407,0.00136,0.0,0.023,0.54235
1208,1236992,75.55524,109.1,1.0,0.96,0.702932,-0.001621,0.005754,0.002559,0.275487,0.025482,0.907791,64.914696,7.305417,65.238312,8.091276,4.0,0.0001764,10,273,0.03454,0.04194,0.01,0.88,100,0.0,0.57576,,,-0.03,0.03239,0.0018,0.0,0.01971,0.79472
1209,1238016,76.07907,104.16667,1.0,0.96,0.716518,-0.00137,0.005434,0.002933,0.276617,0.029953,0.955342,64.582596,10.557782,64.492172,11.281847,4.0,0.0001763,6,271,0.03449,0.03841,0.01,0.87,100,0.0,0.36667,,,-0.03,0.03387,0.00244,0.0,0.02111,0.46356
1210,1239040,66.79887,166.1,0.9,0.95,0.727056,-0.001738,0.004132,0.002744,0.202294,0.021591,0.972324,64.422119,12.17153,64.485809,12.820385,4.0,0.0001762,10,279,0.03197,0.0363,0.02,0.87,100,0.3,0.77465,,,-0.03,0.03043,0.00199,0.0,0.01813,0.68332
1211,1240064,75.31688,109.6,1.0,0.95,0.700311,-0.001062,0.008716,0.002436,0.19733,0.017731,0.125286,68.045639,4.284944,68.300194,3.602587,4.0,0.0001761,10,269,0.03524,0.04097,0.02,0.88,100,0.3,0.37838,,,-0.03,0.03433,0.00288,0.0,0.02026,0.73916
1212,1241088,75.51792,102.3,1.0,0.96,0.720826,-0.000794,0.001955,0.001585,0.214518,0.011108,0.50354,68.527466,2.050305,69.000366,2.11477,4.0,0.00017599,10,249,0.03497,0.03995,0.02,0.88,100,0.2,0.39286,,,-0.03,0.03658,0.00262,0.0,0.01849,0.7431
1213,1242112,66.6742,101.77778,0.88889,0.95,0.69103,-0.000342,0.035414,0.001619,0.169165,0.010712,0.220419,68.797653,2.56103,68.104965,6.767148,4.0,0.00017589,9,262,0.03208,0.03904,0.02,0.89,100,0.33333,0.40909,,,-0.03,0.03274,0.00238,0.0,0.01561,0.60276
1214,1243136,65.8247,112.55556,0.88889,0.95,0.755818,-0.000685,0.044451,0.001606,0.266616,0.012161,0.230213,68.086678,2.668479,66.833771,7.925165,4.0,0.00017579,9,260,0.0382,0.0454,0.01,0.85,100,0.55556,0.56,,,-0.03,0.03711,0.00083,0.0,0.0097,0.60511
1215,1244160,64.0931,120.25,0.875,0.95,0.746807,-0.000995,0.051712,0.002601,0.286841,0.023743,0.424145,65.843994,6.08989,65.26693,9.42537,4.0,0.00017569,8,227,0.0402,0.04945,0.01,0.84,100,0.25,0.88043,,,-0.03,0.03293,0.00057,0.0,0.01725,0.52754
1216,1245184,67.84623,103.2,0.9,0.94,0.808121,-0.00066,0.04446,0.002172,0.324286,0.008987,0.512782,65.265511,6.145679,63.749302,9.821938,4.0,0.00017558,10,213,0.04175,0.04941,0.01,0.82,100,0.1,0.59184,,,-0.03,0.03126,0.00196,0.0,0.01459,0.66576
1217,1246208,74.89473,117.88889,1.0,0.95,0.790315,-0.000505,0.044484,0.001533,0.275372,0.011292,0.554794,63.409485,6.810303,62.495842,10.11974,4.0,0.00017548,9,131,0.04401,0.05054,0.01,0.82,100,0.11111,0.40625,,,-0.03,0.03357,0.00176,0.0,0.01218,0.67367
1218,1247232,65.80223,116.2,0.9,0.94,0.779313,-0.001078,0.031694,0.001718,0.3153,0.013565,0.302381,61.121948,8.450238,61.807419,7.529221,4.0,0.00017538,10,132,0.04849,0.05761,0.01,0.81,100,0.5,0.81667,,,-0.03,0.03243,0.00045,0.0,0.01157,0.70609
1219,1248256,75.67622,109.57143,1.0,0.94,0.805784,-0.001109,0.005403,0.001943,0.310882,0.017319,0.503423,63.067429,2.623564,64.231407,3.307006,4.0,0.00017528,7,188,0.04297,0.04544,0.01,0.83,100,0.14286,0.45,,,-0.03,0.03358,0.00186,0.0,0.02424,0.50117
1220,1249280,75.44303,112.22222,1.0,0.94,0.874374,-0.001191,0.006914,0.002772,0.231531,0.021637,0.526111,64.28035,3.37288,64.796005,3.933678,4.0,0.00017517,9,212,0.04373,0.04799,0.01,0.84,100,0.0,0.58621,,,-0.03,0.03314,0.00157,0.0,0.01644,0.65407
1221,1250304,64.52775,119.875,0.875,0.94,0.844917,-0.001012,0.045479,0.002648,0.168267,0.020096,0.175263,65.087128,3.104516,64.545135,7.774703,4.0,0.00017507,8,228,0.0492,0.05456,0.0,0.83,100,0.25,0.56,,,-0.03,0.03312,0.00114,0.0,0.01552,0.52596
1222,1251328,64.46247,116.0,0.875,0.93,0.88794,-0.000934,0.033747,0.001632,0.229198,0.011459,0.563901,64.380547,5.468405,63.823589,9.448653,4.0,0.00017497,8,219,0.05677,0.06559,0.0,0.81,100,0.25,0.85455,,,-0.03,0.02987,-0.00086,0.0,0.01085,0.52665
1223,1252352,74.79345,111.6,1.0,0.93,0.895589,-0.001158,0.017261,0.003105,0.266906,0.028458,0.563556,63.462082,6.133774,63.363911,6.664909,4.0,0.00017487,10,228,0.06087,0.06867,0.0,0.78,100,0.2,0.74359,,,-0.03,0.02968,0.0001,0.0,0.0141,0.78589
1224,1253376,64.63382,123.5,0.875,0.93,0.888809,-0.00147,0.036232,0.001636,0.260604,0.011475,0.720052,60.624592,9.027932,59.967964,12.119545,4.0,0.00017476,8,187,0.06014,0.06399,0.0,0.77,100,0.25,0.46667,,,-0.03,0.02969,0.00129,0.0,0.01314,0.553
1225,1254400,74.89598,115.83333,1.0,0.93,0.872813,-0.001005,0.026284,0.001951,0.180561,0.018967,0.855504,58.796997,14.372399,58.568668,14.800608,4.0,0.00017466,6,218,0.06371,0.06875,0.0,0.76,100,0.33333,0.36364,,,-0.03,0.02724,0.00084,0.0,0.01196,0.48584
1226,1255424,60.92195,197.0,0.83333,0.93,0.838635,-0.001131,0.008178,0.001698,0.216298,0.009506,0.880838,61.381802,8.577379,61.209057,9.014563,4.0,0.00017456,6,172,0.06965,0.07431,0.01,0.73,100,0.16667,0.91525,,,-0.03,0.0289,0.00025,0.0,0.01157,0.43507
1227,1256448,75.28103,114.4,1.0,0.94,0.77418,-0.002711,0.005047,0.002994,0.263694,0.034668,0.952989,58.445099,10.699525,58.096825,11.853499,4.0,0.00017446,5,211,0.0634,0.06731,0.01,0.75,100,0.2,0.21429,,,-0.03,0.02697,0.00051,0.0,0.01555,0.45197
1228,1257472,74.037,127.6,1.0,0.94,0.783673,-0.00099,0.00726,0.001419,0.192208,0.01091,0.974086,53.779541,16.717697,53.54718,17.869524,4.0,0.00017436,5,142,0.07697,0.08097,0.01,0.76,100,0.2,0.25,,,-0.03,0.02595,0.00052,0.0,0.01365,0.47066
1229,1258496,52.37351,247.14286,0.71429,0.92,0.799405,-0.002215,0.004512,0.001593,0.221609,0.012009,0.987044,56.131042,19.26984,56.108822,20.166445,4.0,0.00017425,7,213,0.06231,0.06428,0.03,0.74,100,0.28571,0.85714,,,-0.03,0.03034,0.00124,0.0,0.01966,0.42416
1230,1259520,64.69301,176.75,0.875,0.92,0.84299,-0.00163,0.005807,0.001534,0.204793,0.009674,0.972176,62.423096,14.361418,62.762764,14.892259,4.0,0.00017415,8,205,0.06353,0.06665,0.04,0.75,100,0.25,0.76316,,,-0.03,0.03056,0.00118,0.0,0.01842,0.54858
1231,1260544,75.33174,114.22222,1.0,0.93,0.827937,-0.001366,0.010682,0.001293,0.211412,0.009628,0.583233,66.761833,5.318921,66.818268,5.193612,4.0,0.00017405,9,180,0.06588,0.07439,0.04,0.73,100,0.0,0.5,,,-0.03,0.03315,0.00084,0.0,0.01287,0.70381
1232,1261568,61.05399,113.33333,0.83333,0.92,0.7983,-0.000785,0.040092,0.001684,0.475385,0.015625,0.605232,63.845215,7.176644,61.544044,10.559599,4.0,0.00017395,6,164,0.07398,0.08512,0.04,0.72,100,0.5,0.93182,,,-0.03,0.02724,-0.00292,0.0,0.00631,0.43029
1233,1262592,73.11429,145.875,1.0,0.92,0.801374,-0.001521,0.011284,0.001586,0.249375,0.019699,0.922155,61.874146,11.16695,62.530411,11.921149,4.0,0.00017384,8,232,0.07103,0.07684,0.04,0.7,100,0.125,0.80734,,,-0.03,0.0329,0.00182,0.0,0.02317,0.64966
1234,1263616,75.96947,104.57143,1.0,0.92,0.838972,-0.001257,0.009468,0.002286,0.240154,0.024811,0.964405,61.278259,15.534046,60.970863,16.509748,4.0,0.00017374,7,209,0.06351,0.06766,0.04,0.7,100,0.0,0.64865,,,-0.03,0.03121,0.00147,0.0,0.02284,0.55288
1235,1264640,67.21382,158.6,0.9,0.92,0.84329,-0.001453,0.009805,0.00227,0.175261,0.02124,0.967702,59.486794,17.60404,59.607765,17.876366,4.0,0.00017364,10,138,0.06396,0.06883,0.05,0.7,100,0.3,0.83099,,,-0.03,0.03093,0.00076,0.0,0.01526,0.73682
1236,1265664,73.67598,143.375,1.0,0.93,0.927365,-0.001166,0.010506,0.002376,0.196195,0.013428,0.759709,64.647003,7.315579,65.170998,6.927914,4.0,0.00017354,8,188,0.07389,0.07838,0.05,0.67,100,0.125,0.52941,,,-0.03,0.03177,0.00154,0.0,0.01941,0.61523
1237,1266688,75.12326,109.44444,1.0,0.93,0.897784,-0.000779,0.005164,0.002407,0.24922,0.020554,0.720479,66.035675,3.792573,66.571503,4.298978,4.0,0.00017343,9,250,0.06706,0.07186,0.05,0.68,100,0.22222,0.59459,,,-0.03,0.03138,0.00181,0.0,0.01719,0.66738
1238,1267712,64.65366,120.625,0.875,0.93,0.935846,-0.000827,0.050338,0.001252,0.236603,0.012589,0.242947,66.64328,3.874318,65.637383,8.243586,4.0,0.00017333,8,159,0.07273,0.07977,0.05,0.72,100,0.25,0.61538,,,-0.03,0.03341,0.00132,0.0,0.01235,0.51897
1239,1268736,74.26434,121.55556,1.0,0.94,0.929336,-0.001641,0.008297,0.002546,0.256932,0.024734,0.411601,65.527451,4.260182,65.965759,3.970319,4.0,0.00017323,9,181,0.0777,0.08245,0.04,0.72,100,0.33333,0.65,,,-0.03,0.03102,0.00128,0.0,0.01731,0.67662
1240,1269760,74.55069,129.42857,1.0,0.94,0.960584,-0.001056,0.006262,0.002319,0.241982,0.020248,0.556522,66.059013,3.708519,65.931076,3.849814,4.0,0.00017313,7,237,0.08416,0.09104,0.04,0.74,100,0.14286,0.56098,,,-0.03,0.02869,0.00063,0.0,0.01169,0.52384
1241,1270784,65.79812,118.66667,0.88889,0.95,0.936037,-0.000142,0.02849,0.001051,0.11925,0.003769,0.210201,65.814171,2.631947,65.692749,6.412614,4.0,0.00017302,9,213,0.07939,0.08446,0.02,0.74,100,0.22222,0.73134,,,-0.03,0.03147,0.00116,0.0,0.01733,0.58396
1242,1271808,74.03401,129.77778,1.0,0.96,0.908394,-0.002029,0.006677,0.002193,0.226008,0.015228,0.360727,65.408325,3.152019,65.943779,3.148639,4.0,0.00017292,9,216,0.07928,0.08579,0.01,0.78,100,0.22222,0.66667,,,-0.03,0.03332,0.00146,0.0,0.01642,0.66072
1243,1272832,74.64406,114.85714,1.0,0.96,0.839127,-0.000796,0.00446,0.001396,0.164586,0.008621,0.552194,66.735962,3.311238,67.239433,3.328218,4.0,0.00017282,7,233,0.07336,0.0788,0.01,0.77,100,0.14286,0.55556,,,-0.03,0.03305,0.00093,0.0,0.01763,0.53061
1244,1273856,66.33899,114.55556,0.88889,0.96,0.898447,-0.000877,0.048937,0.001731,0.209503,0.007935,0.128086,67.657402,3.142542,66.645485,7.661555,4.0,0.00017272,9,191,0.07614,0.08764,0.01,0.81,100,0.22222,0.75439,,,-0.03,0.03162,-0.00148,0.0,0.01725,0.62042
1245,1274880,74.2882,119.5,1.0,0.96,0.865862,-0.000947,0.007083,0.001484,0.167439,0.009399,0.402749,66.526459,3.109336,66.516113,3.371438,4.0,0.00017261,8,214,0.06166,0.06945,0.01,0.83,100,0.5,0.9115,,,-0.03,0.02967,-0.00022,0.0,0.01934,0.58967
1246,1275904,73.07507,147.125,1.0,0.96,0.889667,-0.001215,0.00498,0.002067,0.189579,0.020447,0.618544,66.205322,3.608383,66.298676,3.66965,4.0,0.00017251,8,243,0.06647,0.07715,0.01,0.84,100,0.25,0.92063,,,-0.03,0.03056,-0.00181,0.0,0.01577,0.59256
1247,1276928,64.96395,114.0,0.875,0.96,0.828215,-0.000532,0.046249,0.000928,0.21417,0.008942,0.202305,66.696091,2.612649,65.761124,7.643621,4.0,0.00017241,8,231,0.0538,0.06273,0.0,0.84,100,0.125,0.59375,,,-0.03,0.03354,0.0006,0.0,0.01382,0.52962
1248,1277952,66.54314,117.6,0.9,0.95,0.891137,-0.000966,0.042629,0.001413,0.232278,0.010742,0.296492,65.416641,3.115141,64.340324,8.137925,4.0,0.00017231,10,236,0.06254,0.07207,0.0,0.86,100,0.3,0.896,,,-0.03,0.03315,-0.00044,0.0,0.01269,0.67227
1249,1278976,74.11321,121.85714,1.0,0.95,0.85576,-0.001641,0.01313,0.00219,0.205205,0.021545,0.491644,63.058292,5.677159,62.921288,5.569444,4.0,0.0001722,7,228,0.05913,0.06452,0.0,0.89,100,0.28571,0.84,,,-0.03,0.0259,0.00018,0.0,0.0128,0.54433
1250,1280000,75.04266,117.75,1.0,0.95,0.942397,-0.00164,0.003152,0.002195,0.29277,0.023712,0.91326,62.885838,5.606889,63.442928,6.750652,4.0,0.0001721,8,213,0.07504,0.07933,0.0,0.86,100,0.0,0.68085,,,-0.03,0.03216,0.00122,0.0,0.02072,0.60157
1251,1281024,75.25888,110.0,1.0,0.96,0.90973,-0.001392,0.003618,0.00269,0.251341,0.018784,0.959951,62.844929,9.143335,63.421623,10.047429,4.0,0.000172,8,213,0.0683,0.07249,0.0,0.86,100,0.125,0.5,,,-0.03,0.03247,0.00232,0.0,0.01939,0.61614
1252,1282048,57.63648,160.0,0.77778,0.94,0.934148,-0.001671,0.042078,0.003429,0.237483,0.021896,0.795153,62.508163,12.174611,61.826611,14.710953,4.0,0.0001719,9,227,0.05995,0.06394,0.01,0.87,100,0.11111,0.21429,,,-0.03,0.03287,0.00195,0.0,0.01841,0.52864
1253,1283072,65.07244,109.25,0.875,0.94,0.925464,-0.00079,0.055124,0.001509,0.233227,0.007706,0.276286,65.722504,4.65269,64.557907,8.609541,4.0,0.0001718,8,233,0.05883,0.06472,0.01,0.88,100,0.25,0.42308,,,-0.03,0.03184,0.00195,0.0,0.01136,0.51172
1254,1284096,75.02859,115.125,1.0,0.94,0.961647,-0.001766,0.007904,0.001758,0.225631,0.014252,0.775485,64.043762,5.496592,64.373589,6.136802,4.0,0.00017169,8,243,0.06875,0.07307,0.01,0.87,100,0.125,0.54545,,,-0.03,0.02959,0.00129,0.0,0.01774,0.59652
1255,1285120,74.54866,122.25,1.0,0.94,0.989239,-0.001585,0.010372,0.002122,0.213899,0.01561,0.839829,62.900215,7.971623,62.847164,8.512739,4.0,0.00017159,8,242,0.06562,0.07091,0.01,0.88,100,0.0,0.6,,,-0.03,0.02636,0.00088,0.0,0.01719,0.59557
1256,1286144,74.58308,121.16667,1.0,0.95,0.949162,-0.002265,0.005883,0.002871,0.223291,0.036591,0.950333,61.606163,10.490664,61.562546,11.259701,4.0,0.00017149,6,227,0.06394,0.06701,0.01,0.89,100,0.33333,0.64706,,,-0.03,0.02628,0.00099,0.0,0.01469,0.44332
1257,1287168,64.95126,185.0,0.88889,0.94,0.969362,-0.002373,0.004686,0.002223,0.219108,0.023712,0.971364,61.432877,12.527615,62.059288,13.211584,4.0,0.00017139,9,252,0.06934,0.0721,0.02,0.89,100,0.11111,0.80645,,,-0.03,0.02918,0.00133,0.0,0.01745,0.59026
1258,1288192,75.29733,110.33333,1.0,0.94,0.917238,-0.001508,0.003798,0.002777,0.261422,0.024048,0.566975,66.769981,3.464013,67.609673,3.210801,4.0,0.00017128,9,235,0.06097,0.06436,0.02,0.89,100,0.22222,0.26316,,,-0.03,0.03456,0.00252,0.0,0.02192,0.65393
1259,1289216,75.42801,111.55556,1.0,0.95,0.885601,-0.001995,0.001698,0.003082,0.252964,0.025726,0.748163,68.03006,2.97128,68.647537,2.713221,4.0,0.00017118,9,238,0.05205,0.05473,0.02,0.87,100,0.0,0.52632,,,-0.03,0.03289,0.00199,0.0,0.02162,0.65001
1260,1290240,50.85812,119.6,0.7,0.92,0.834527,-0.001014,0.134678,0.002681,0.708377,0.030365,0.159485,67.788612,4.70529,63.90519,12.746491,4.0,0.00017108,10,224,0.04811,0.05697,0.02,0.87,100,0.3,0.38889,,,-0.03,0.03015,0.00213,0.0,0.00372,0.53901
1261,1291264,75.631,108.875,1.0,0.93,0.905155,-0.002598,0.00461,0.003315,0.310939,0.026978,0.580354,66.833542,1.780872,67.158173,2.519765,4.0,0.00017098,8,225,0.05288,0.05584,0.02,0.86,100,0.0,0.40909,,,-0.03,0.0334,0.00226,0.0,0.02183,0.58435
1262,1292288,75.29027,108.375,1.0,0.93,0.854133,-0.001742,0.008538,0.002856,0.231648,0.022964,0.575287,66.856026,4.102988,66.723648,4.48059,4.0,0.00017087,8,238,0.04503,0.04841,0.02,0.86,100,0.0,0.59091,,,-0.03,0.03348,0.00183,0.0,0.01928,0.59092
1263,1293312,74.94473,112.63636,1.0,0.93,0.888094,-0.00073,0.011962,0.001352,0.148604,0.010834,-0.016551,66.680328,4.598178,67.078964,3.934903,4.0,0.00017077,11,222,0.05576,0.06104,0.02,0.88,100,0.18182,0.51852,,,-0.03,0.03531,0.00193,0.0,0.01901,0.81128
1264,1294336,64.23216,108.625,0.875,0.94,0.853704,-0.000514,0.042372,0.001776,0.254582,0.008545,0.430138,66.732544,3.842849,65.769852,8.771724,4.0,0.00017067,8,233,0.053,0.06041,0.01,0.86,100,0.375,0.46667,,,-0.03,0.03399,0.00179,0.0,0.01153,0.52982
1265,1295360,66.93845,109.7,0.9,0.94,0.911591,-0.000819,0.041461,0.002696,0.295896,0.024887,0.607337,64.39566,7.240931,63.241783,10.649052,4.0,0.00017057,10,230,0.05723,0.06402,0.01,0.83,100,0.4,0.5,,,-0.03,0.03128,0.00165,0.0,0.00887,0.6857
1266,1296384,75.77392,104.625,1.0,0.94,0.915447,-0.001569,0.006505,0.001857,0.196515,0.011307,0.911232,63.14296,7.986352,63.640327,8.900828,4.0,0.00017046,8,233,0.06608,0.06954,0.01,0.84,100,0.0,0.58333,,,-0.03,0.03203,0.00162,0.0,0.02142,0.60729
1267,1297408,75.45094,107.25,1.0,0.94,0.931412,-0.001717,0.030027,0.002631,0.284871,0.028122,0.857272,61.254974,12.750435,60.432728,14.58348,4.0,0.00017036,8,248,0.05575,0.06026,0.01,0.82,100,0.25,0.51724,,,-0.03,0.03162,0.0015,0.0,0.0135,0.62443
1268,1298432,65.17491,114.875,0.875,0.93,0.956629,-0.00085,0.006841,0.001478,0.239247,0.009216,0.976201,60.253155,16.558462,60.467484,17.333374,4.0,0.00017026,8,234,0.06436,0.06735,0.01,0.82,100,0.125,0.66667,,,-0.03,0.03109,0.00131,0.0,0.01976,0.53568
1269,1299456,64.22165,177.5,0.875,0.93,0.971845,-0.001578,0.017492,0.002729,0.230579,0.020859,0.941669,59.779564,18.072851,59.791084,18.267721,4.0,0.00017016,8,241,0.0614,0.06571,0.01,0.82,100,0.25,0.625,,,-0.03,0.02844,0.0013,0.0,0.01734,0.53734
1270,1300480,73.79693,122.44444,1.0,0.93,0.937911,-0.001676,0.009262,0.001998,0.266386,0.017471,0.239602,65.548355,5.192823,66.477539,4.1076,4.0,0.00017005,9,255,0.06369,0.07107,0.01,0.83,100,0.44444,0.61905,,,-0.03,0.03177,0.00145,0.0,0.01327,0.68394
1271,1301504,74.82105,116.0,1.0,0.96,0.96711,-0.002932,0.001792,0.003922,0.245617,0.04599,0.784858,67.020889,3.144763,67.679085,2.987416,4.0,0.00016995,10,228,0.06177,0.06644,0.01,0.85,100,0.3,0.68333,,,-0.03,0.0317,0.00153,0.0,0.01932,0.73001
1272,1302528,74.61973,121.375,1.0,0.96,0.908875,-0.001842,0.002371,0.002911,0.207422,0.029449,0.720909,67.705124,3.005245,68.21714,2.896211,4.0,0.00016985,8,229,0.05533,0.06037,0.01,0.85,100,0.25,0.74468,,,-0.03,0.03255,0.001,0.0,0.01846,0.58978
1273,1303552,75.82828,105.75,1.0,0.96,0.845512,-0.002787,0.001276,0.003504,0.249908,0.035919,0.793556,68.694,2.450903,68.993652,2.459812,4.0,0.00016975,8,223,0.0446,0.04832,0.01,0.85,100,0.0,0.52381,,,-0.03,0.03234,0.00211,0.0,0.02183,0.57688
1274,1304576,48.35102,114.33333,0.66667,0.93,0.819342,-0.000456,0.127688,0.001223,0.608029,0.005722,0.15099,68.760773,3.518848,65.237274,12.687935,4.0,0.00016964,9,226,0.04312,0.05517,0.01,0.85,100,0.33333,0.81356,,,-0.03,0.03198,0.00086,0.0,0.00683,0.43964
1275,1305600,75.11582,109.7,1.0,0.93,0.831649,-0.00097,0.01938,0.001541,0.28767,0.009689,0.604164,66.127228,5.955608,65.698196,6.375664,4.0,0.00016954,10,208,0.03731,0.04201,0.01,0.86,100,0.2,0.66667,,,-0.03,0.03235,0.00139,0.0,0.01439,0.7369
1276,1306624,27.78574,99.2,0.4,0.91,0.766862,-0.000655,0.080076,0.001854,0.644025,0.0186,0.659658,61.037827,10.79275,57.96806,15.308845,4.0,0.00016944,5,209,0.0312,0.0408,0.01,0.86,100,0.6,0.5,,,-0.03,0.02557,0.00122,0.0,0.00368,0.15368
1277,1307648,74.4351,123.5,1.0,0.92,0.881953,-0.000848,0.033508,0.001977,0.334782,0.014786,0.758515,60.094048,13.15528,61.134529,12.110822,4.0,0.00016934,10,232,0.04158,0.04544,0.01,0.87,100,0.3,0.51111,,,-0.03,0.03125,0.00249,0.0,0.01835,0.75476
1278,1308672,75.10672,113.0,1.0,0.92,0.915137,-0.000964,0.009384,0.001218,0.216454,0.012329,0.919068,61.601372,10.309649,61.829994,11.127924,4.0,0.00016924,7,261,0.03898,0.04245,0.01,0.91,100,0.28571,0.45833,,,-0.03,0.03054,0.00205,0.0,0.0192,0.5214
1279,1309696,65.68767,166.22222,0.88889,0.92,0.936609,-0.001896,0.005372,0.002424,0.182886,0.020172,0.916356,64.44519,8.05698,64.609177,8.42428,4.0,0.00016913,9,258,0.044,0.05398,0.02,0.9,100,0.22222,0.37931,,,-0.03,0.02903,-0.00132,0.0,0.01669,0.58537
1280,1310720,75.41467,109.0,1.0,0.92,0.911923,-0.002053,0.005721,0.002305,0.237366,0.01825,0.573226,64.959831,3.001421,64.98407,3.805415,4.0,0.00016903,7,222,0.03988,0.04917,0.02,0.91,100,0.0,0.35,,,-0.03,0.02835,-0.00101,0.0,0.01641,0.50973
1281,1311744,72.66832,142.6,1.0,0.93,0.850003,-0.001602,0.003951,0.002183,0.259543,0.019882,0.603844,65.600731,3.300373,66.360992,3.295042,4.0,0.00016893,10,244,0.0342,0.0413,0.01,0.9,100,0.1,0.95714,,,-0.03,0.03333,0.00023,0.0,0.01854,0.72709
1282,1312768,67.3066,106.8,0.9,0.92,0.817679,-0.001041,0.033308,0.001317,0.177092,0.009476,0.501853,66.801926,4.216048,66.447769,8.524747,4.0,0.00016883,10,241,0.03347,0.04217,0.01,0.9,100,0.2,0.80597,,,-0.03,0.03324,0.00087,0.0,0.01584,0.66128
1283,1313792,75.21869,114.71429,1.0,0.92,0.804343,-0.001183,0.012415,0.00143,0.209819,0.006775,0.372853,66.084663,4.634778,66.332199,4.234519,4.0,0.00016872,7,241,0.02475,0.02811,0.01,0.9,100,0.14286,0.45455,,,-0.03,0.03366,0.00202,0.0,0.01744,0.51303
1284,1314816,64.56905,114.75,0.875,0.91,0.77878,-0.001375,0.034037,0.003926,0.245373,0.051971,0.62525,66.327286,6.198994,66.19532,9.570996,4.0,0.00016862,8,250,0.0268,0.03387,0.01,0.89,100,0.375,0.56757,,,-0.03,0.03255,0.00245,0.0,0.02096,0.51854
1285,1315840,69.71261,105.15385,0.92308,0.92,0.851348,-0.001253,0.053866,0.002583,0.276804,0.021591,0.380592,67.268417,4.707209,66.116806,9.264726,4.0,0.00016852,13,219,0.0298,0.03583,0.01,0.89,100,0.15385,0.38776,,,-0.03,0.03583,0.00283,0.0,0.01542,0.87169
1286,1316864,74.60814,108.0,1.0,0.93,0.796196,-0.000824,0.023411,0.001878,0.300397,0.020737,-0.598361,64.100281,7.696542,64.802399,4.772629,4.0,0.00016842,7,226,0.03006,0.03627,0.01,0.9,100,0.42857,0.48,,,-0.03,0.03304,0.00211,0.0,0.0135,0.53076
1287,1317888,75.12238,116.2,1.0,0.96,0.871597,-0.001469,0.006644,0.00176,0.211866,0.009338,0.402418,65.447205,3.278998,66.192535,3.493675,4.0,0.00016831,10,206,0.03338,0.03883,0.01,0.9,100,0.1,0.54545,,,-0.03,0.03339,0.00252,0.0,0.02008,0.73273
1288,1318912,74.95607,108.5,1.0,0.96,0.836175,-0.001852,0.006102,0.002311,0.223628,0.022049,0.658959,65.838821,3.996177,66.198654,4.249412,4.0,0.00016821,10,202,0.03285,0.03868,0.01,0.93,100,0.6,0.53846,,,-0.03,0.03207,0.00229,0.0,0.01476,0.75007
1289,1319936,73.25522,140.42857,1.0,0.96,0.799333,-0.001531,0.003421,0.002174,0.215633,0.021698,0.635698,66.336487,2.970433,66.728348,3.051384,4.0,0.00016811,7,211,0.03608,0.04055,0.01,0.91,100,0.57143,0.7,,,-0.03,0.02992,0.00152,0.0,0.01626,0.53576
1290,1320960,75.18894,109.1,1.0,0.97,0.778035,-0.002132,0.001596,0.003286,0.228882,0.024719,0.80094,67.418732,2.830686,68.1763,2.763015,4.0,0.00016801,10,209,0.03012,0.03541,0.0,0.92,100,0.3,0.42424,,,-0.03,0.03734,0.00248,0.0,0.01775,0.72916
1291,1321984,75.51266,105.11111,1.0,0.97,0.763396,-0.00153,0.002128,0.003758,0.223431,0.01976,0.727718,68.302856,2.642018,68.721603,2.703582,4.0,0.0001679,9,217,0.02644,0.03054,0.0,0.91,100,0.44444,0.44,,,-0.03,0.03285,0.00237,0.0,0.01987,0.65928
1292,1323008,74.74466,115.9,1.0,0.97,0.771993,-0.001536,0.002557,0.003015,0.192892,0.019638,0.53983,68.990692,2.690021,69.418198,2.366705,4.0,0.0001678,10,209,0.02888,0.03509,0.0,0.91,100,0.3,0.5,,,-0.03,0.0348,0.00273,0.0,0.01936,0.73342
1293,1324032,75.94873,102.33333,1.0,0.98,0.759429,-0.001567,0.001658,0.002093,0.208649,0.023178,0.709796,69.50164,2.117465,69.480286,2.319871,4.0,0.0001677,9,200,0.02821,0.03349,0.0,0.9,100,0.0,0.6,,,-0.03,0.03297,0.00209,0.0,0.01949,0.64993
1294,1325056,73.54142,125.85714,1.0,0.98,0.683794,-0.000248,0.003952,0.001595,0.252708,0.014526,0.556777,68.799271,2.673757,68.51516,2.935131,4.0,0.0001676,7,229,0.02786,0.03658,0.0,0.88,100,0.57143,0.61364,,,-0.03,0.03172,0.002,0.0,0.00819,0.56354
1295,1326080,62.37035,105.0,0.83333,0.98,0.636246,-0.000511,0.050376,0.0017,0.332913,0.014282,0.305724,67.795052,3.949394,66.036804,8.481986,4.0,0.00016749,6,218,0.03358,0.04258,0.0,0.89,100,0.16667,0.47059,,,-0.03,0.02897,0.00156,0.0,0.00865,0.43991
1296,1327104,65.39838,122.0,0.88889,0.97,0.676992,-0.000666,0.031159,0.001976,0.225009,0.008667,0.526204,65.79039,5.251717,65.067307,7.94605,4.0,0.00016739,9,205,0.03649,0.04479,0.0,0.87,100,0.55556,0.65517,,,-0.03,0.03123,0.0018,0.0,0.01145,0.69
1297,1328128,74.36041,130.14286,1.0,0.98,0.708713,-0.001434,0.003682,0.001462,0.234278,0.013168,0.9684,63.544456,10.027199,63.487961,10.833149,4.0,0.00016729,7,205,0.03386,0.03837,0.0,0.88,100,0.42857,0.46341,,,-0.03,0.03458,0.0026,0.0,0.01716,0.56749
1298,1329152,64.2132,182.625,0.875,0.97,0.727952,-0.00086,0.003947,0.001485,0.186823,0.009811,0.927172,66.073799,7.049749,66.175865,7.345294,4.0,0.00016719,8,238,0.03404,0.04078,0.01,0.87,100,0.5,0.7234,,,-0.03,0.03237,0.00153,0.0,0.01165,0.53898
1299,1330176,66.37681,107.88889,0.88889,0.96,0.797769,-0.001461,0.040324,0.001256,0.306912,0.014099,0.315633,67.485123,2.728285,66.427765,8.195776,4.0,0.00016708,9,219,0.03813,0.04726,0.01,0.87,100,0.33333,0.56818,,,-0.03,0.03353,0.00202,0.0,0.01657,0.59514
1300,1331200,74.55318,112.81818,1.0,0.96,0.80176,-0.000973,0.0108,0.002333,0.238276,0.013107,0.458528,66.0149,6.503434,66.798065,4.890049,4.0,0.00016698,11,243,0.03935,0.04513,0.01,0.85,100,0.45455,0.75,,,-0.03,0.03235,0.00082,0.0,0.01888,0.83684
1301,1332224,75.14137,112.33333,1.0,0.96,0.804738,-0.001489,0.005366,0.001654,0.176546,0.011993,0.483286,66.927803,3.31003,67.357697,3.341849,4.0,0.00016688,9,185,0.03793,0.04303,0.01,0.86,100,0.33333,0.34483,,,-0.03,0.03284,0.00207,0.0,0.01881,0.66435
1302,1333248,66.18593,115.55556,0.88889,0.95,0.791722,-0.000429,0.036523,0.001027,0.259726,0.004669,0.413318,67.465378,3.214517,66.429039,8.45536,4.0,0.00016678,9,174,0.03507,0.04013,0.01,0.85,100,0.44444,0.64865,,,-0.03,0.033,0.002,0.0,0.0158,0.58295
1303,1334272,74.95254,113.0,1.0,0.95,0.801174,-0.000423,0.027701,0.001445,0.226824,0.006638,-0.213868,66.27774,6.60852,66.831528,5.001136,4.0,0.00016668,9,181,0.03697,0.04263,0.01,0.85,100,0.33333,0.54054,,,-0.03,0.0346,0.00222,0.0,0.01984,0.6555
1304,1335296,75.69583,101.875,1.0,0.95,0.808806,-0.000962,0.013274,0.002097,0.210091,0.010925,0.400452,66.451782,4.067065,66.046165,4.694645,4.0,0.00016657,8,154,0.03727,0.0435,0.01,0.85,100,0.375,0.6129,,,-0.03,0.0318,0.0016,0.0,0.01089,0.60378
1305,1336320,46.07789,136.66667,0.66667,0.93,0.708348,-0.00059,0.064827,0.001865,0.422374,0.006592,0.223535,65.471596,4.176115,62.792213,10.039858,4.0,0.00016647,6,121,0.05097,0.06521,0.01,0.85,100,0.83333,0.64286,,,-0.03,0.02649,-0.00066,0.0,-0.00345,0.35814
1306,1337344,54.01735,135.5,0.75,0.91,0.820502,-0.000601,0.053619,0.001416,0.393714,0.009628,0.514775,62.833885,5.13591,61.311779,10.777908,4.0,0.00016637,8,120,0.05812,0.06736,0.01,0.85,100,0.5,0.88462,,,-0.03,0.02917,0.0005,0.0,0.01286,0.4793
1307,1338368,74.64078,116.0,1.0,0.92,0.859801,-0.00109,0.030674,0.001852,0.289653,0.019241,0.758611,60.259361,8.987222,59.980515,11.129398,4.0,0.00016627,8,137,0.05009,0.05634,0.01,0.86,100,0.375,0.5625,,,-0.03,0.03094,0.00144,0.0,0.01181,0.62231
1308,1339392,59.16338,154.7,0.8,0.91,0.903269,-0.002428,0.009464,0.003375,0.215252,0.023849,0.935184,59.695381,11.863619,60.160152,13.022269,4.0,0.00016616,10,179,0.05332,0.05741,0.02,0.86,100,0.3,0.66667,,,-0.03,0.03139,0.00146,0.0,0.01942,0.60079
1309,1340416,75.5935,107.71429,1.0,0.92,0.858154,-0.002094,0.009592,0.002185,0.187225,0.012604,0.728044,62.421707,5.574882,62.61377,6.312292,4.0,0.00016606,7,235,0.05678,0.05997,0.01,0.87,100,0.28571,0.42105,,,-0.03,0.02737,0.0014,0.0,0.01649,0.51744
1310,1341440,75.35617,103.8,1.0,0.92,0.858454,-0.001955,0.006995,0.00223,0.184087,0.0215,0.909959,62.263443,8.659215,62.294003,9.453856,4.0,0.00016596,5,239,0.06096,0.07135,0.01,0.86,100,0.4,0.54167,,,-0.03,0.02674,-0.00142,0.0,0.01464,0.39978
1311,1342464,64.79921,111.0,0.875,0.92,0.866314,-0.000658,0.042788,0.002452,0.315398,0.031372,0.784978,59.125446,12.518377,57.412872,14.472531,4.0,0.00016586,8,183,0.05828,0.07327,0.01,0.86,100,0.625,0.56,,,-0.03,0.02485,-0.00325,0.0,0.00407,0.59197
1312,1343488,72.063,147.8,1.0,0.92,0.899748,-0.001556,0.007016,0.002436,0.251317,0.022598,0.976769,56.509872,16.320845,56.335522,17.274048,4.0,0.00016575,5,219,0.04921,0.05428,0.01,0.85,100,0.4,0.96624,,,-0.03,0.02789,0.00015,0.0,0.01365,0.38689
1313,1344512,55.77353,221.66667,0.77778,0.9,0.892077,-0.001723,0.004579,0.003014,0.238597,0.031219,0.982745,60.509663,15.712213,60.824989,16.380362,4.0,0.00016565,9,233,0.05062,0.05459,0.03,0.83,100,0.44444,0.6129,,,-0.03,0.03052,0.00136,0.0,0.01612,0.52756
1314,1345536,75.5192,110.55556,1.0,0.9,0.84113,-0.000323,0.00431,0.002026,0.267575,0.012207,0.703275,66.949524,3.274317,67.175377,3.77913,4.0,0.00016555,9,226,0.04029,0.04303,0.03,0.86,100,0.11111,0.3,,,-0.03,0.03022,0.00251,0.0,0.02329,0.65063
1315,1346560,73.95764,130.14286,1.0,0.91,0.882524,-0.00144,0.007838,0.002433,0.188629,0.016006,0.324208,66.826248,4.324625,66.882874,3.608635,4.0,0.00016545,7,232,0.05267,0.06443,0.03,0.85,100,0.42857,0.59259,,,-0.03,0.03004,-0.00157,0.0,0.00997,0.53277
1316,1347584,61.23056,112.66667,0.83333,0.9,0.897031,-0.000249,0.042428,0.001544,0.266358,0.009506,0.333293,67.540855,3.46495,66.082428,8.174392,4.0,0.00016534,6,236,0.05383,0.0705,0.03,0.84,100,0.66667,0.41667,,,-0.03,0.02731,-0.00449,0.0,0.014,0.37784
1317,1348608,74.53199,121.25,1.0,0.9,0.947771,-0.000715,0.017629,0.001817,0.258642,0.007065,0.723731,63.643379,7.623376,63.082397,7.845212,4.0,0.00016524,8,242,0.05981,0.07819,0.03,0.83,100,0.25,0.375,,,-0.03,0.02427,-0.00527,0.0,0.00995,0.63387
1318,1349632,62.12894,199.77778,0.88889,0.91,0.961007,-0.001222,0.007906,0.001933,0.26732,0.016678,0.929081,62.047588,10.093452,62.193699,11.170874,4.0,0.00016514,9,224,0.04907,0.05575,0.04,0.84,100,0.44444,0.96992,,,-0.03,0.02845,0.00088,0.0,0.01299,0.58769
1319,1350656,75.42207,102.5,1.0,0.93,0.873389,-0.000901,0.008219,0.002116,0.2527,0.017303,0.359774,66.811607,2.452732,67.168114,3.563313,4.0,0.00016504,10,234,0.04278,0.04694,0.04,0.85,100,0.4,0.38095,,,-0.03,0.03579,0.00244,0.0,0.01769,0.73199
1320,1351680,65.20862,105.875,0.875,0.93,0.889424,-0.000553,0.018547,0.002084,0.202189,0.01088,0.665932,67.349289,4.698986,67.054024,7.733317,4.0,0.00016493,8,241,0.04564,0.05548,0.04,0.86,100,0.5,0.52632,,,-0.03,0.03088,-0.00084,0.0,0.01772,0.51673
1321,1352704,74.20303,121.33333,1.0,0.94,0.857892,-0.001807,0.010171,0.001586,0.231412,0.011932,0.142816,66.510689,3.34761,67.016861,3.311071,4.0,0.00016483,9,226,0.04237,0.05008,0.03,0.86,100,0.33333,0.91176,,,-0.03,0.03424,0.00014,0.0,0.01796,0.65645
1322,1353728,66.01234,113.44444,0.88889,0.93,0.840538,-0.00083,0.034972,0.002168,0.308635,0.020462,0.634276,66.499626,6.813163,65.583466,9.713719,4.0,0.00016473,9,242,0.03665,0.04712,0.03,0.85,100,0.22222,0.91,,,-0.03,0.02822,-0.00098,0.0,0.01538,0.6034
1323,1354752,74.39987,120.875,1.0,0.94,0.781545,-0.000934,0.01717,0.002233,0.208677,0.012589,0.607442,65.008492,7.161687,65.310318,6.956166,4.0,0.00016463,8,229,0.03481,0.03872,0.03,0.85,100,0.25,0.47368,,,-0.03,0.03329,0.00232,0.0,0.0194,0.61269
1324,1355776,50.70913,114.2,0.7,0.91,0.83525,-0.001515,0.143588,0.002663,0.512902,0.023972,0.312967,64.195854,8.54823,60.449657,14.2202,4.0,0.00016452,10,241,0.03581,0.04676,0.03,0.86,100,0.5,0.53333,,,-0.03,0.03594,0.00167,0.0,-0.00068,0.53594
1325,1356800,75.79033,105.6,1.0,0.92,0.831658,-0.001506,0.034334,0.00224,0.244428,0.011765,0.454704,60.215004,6.129438,60.002686,7.736383,4.0,0.00016442,5,231,0.034,0.0377,0.02,0.87,100,0.0,0.0,,,-0.03,0.0287,0.00244,0.0,0.01963,0.36998
1326,1357824,58.40664,126.5,0.8,0.91,0.894144,-0.001636,0.054705,0.002104,0.24664,0.018951,0.515196,60.091816,7.059018,59.171421,10.420198,4.0,0.00016432,10,237,0.04019,0.04763,0.01,0.89,100,0.2,0.45,,,-0.03,0.03119,0.00076,0.0,0.01178,0.59082
1327,1358848,74.95918,111.25,1.0,0.91,0.995698,-0.001129,0.015828,0.001794,0.227026,0.012054,-0.010755,60.645355,3.894641,61.296745,4.136017,4.0,0.00016422,8,247,0.053,0.06883,0.01,0.89,100,0.375,0.25,,,-0.03,0.02795,-0.00483,0.0,0.0133,0.60143
1328,1359872,72.69791,141.14286,1.0,0.92,1.038103,-0.001449,0.011717,0.001534,0.234587,0.009262,0.409239,60.057831,3.027585,60.333176,4.501497,4.0,0.00016412,7,204,0.05307,0.06553,0.01,0.89,100,0.14286,0.96761,,,-0.03,0.02672,-0.00327,0.0,0.01471,0.51821
1329,1360896,57.05231,176.83333,0.83333,0.91,0.896208,-0.00094,0.03101,0.001623,0.194231,0.015182,0.571398,60.086761,5.209032,59.604034,8.715044,4.0,0.00016401,6,239,0.04444,0.05146,0.01,0.9,100,0.66667,0.97849,,,-0.03,0.02381,0.00012,0.0,0.00991,0.37108
1330,1361920,73.78464,138.44444,1.0,0.91,0.901303,-0.001045,0.013599,0.002027,0.268716,0.01088,0.306775,60.898178,4.478746,61.886375,4.62723,4.0,0.00016391,9,223,0.04354,0.04737,0.01,0.9,100,0.22222,0.38095,,,-0.03,0.03123,0.00179,0.0,0.01579,0.67085
1331,1362944,74.65305,123.375,1.0,0.92,0.89129,-0.002294,0.004609,0.002695,0.278481,0.02562,0.665803,62.740051,2.925631,63.697556,3.716453,4.0,0.00016381,8,206,0.04475,0.04834,0.0,0.88,100,0.5,0.54167,,,-0.03,0.03496,0.00166,0.0,0.01604,0.59361
1332,1363968,75.20306,107.63636,1.0,0.93,0.859999,-0.001441,0.004722,0.002071,0.307744,0.010208,0.711606,63.997559,3.506118,65.425537,3.937615,4.0,0.00016371,11,227,0.04183,0.04724,0.0,0.86,100,0.36364,0.45833,,,-0.03,0.03393,0.00224,0.0,0.02018,0.82155
1333,1364992,53.71134,98.18182,0.72727,0.91,0.862904,-0.000729,0.130797,0.002043,0.495199,0.015533,0.191027,65.11554,4.504789,62.380783,12.851968,4.0,0.0001636,11,223,0.03818,0.04622,0.0,0.85,100,0.63636,0.29412,,,-0.03,0.03582,0.00225,0.0,0.00901,0.58751
1334,1366016,65.57582,106.25,0.875,0.9,0.871622,-0.000218,0.047378,0.001496,0.376223,0.008362,0.491601,63.440052,5.678096,62.821606,9.338004,4.0,0.0001635,8,222,0.04616,0.05469,0.0,0.85,100,0.375,0.45455,,,-0.03,0.03306,0.00035,0.0,0.01283,0.52724
1335,1367040,73.00139,141.625,1.0,0.9,0.893621,-0.001289,0.028196,0.002026,0.296752,0.018616,0.091369,61.101784,7.359232,61.862938,6.184242,4.0,0.0001634,8,229,0.04535,0.05389,0.0,0.86,100,0.375,0.9058,,,-0.03,0.02783,-0.00075,0.0,0.01571,0.60291
1336,1368064,65.6703,117.33333,0.88889,0.92,0.887247,-0.000466,0.041834,0.002146,0.234636,0.01413,0.483883,61.751144,5.001364,61.481544,9.174379,4.0,0.0001633,9,235,0.04108,0.04767,0.0,0.85,100,0.33333,0.82927,,,-0.03,0.03262,0.00123,0.0,0.0121,0.59603
1337,1369088,73.82259,110.0,1.0,0.92,0.759968,-0.000664,0.056271,0.001855,0.388815,0.00946,0.161347,59.314983,10.514084,60.666588,8.803178,4.0,0.00016319,7,222,0.04428,0.05527,0.0,0.86,100,0.85714,0.25,,,-0.03,0.03311,0.00186,0.0,0.01008,0.59503
1338,1370112,74.95035,107.4,1.0,0.94,0.775482,-0.001181,0.008625,0.001333,0.23118,0.006775,0.7117,61.797672,4.695967,62.804646,5.5797,4.0,0.00016309,10,212,0.04451,0.05063,0.0,0.84,100,0.3,0.82927,,,-0.03,0.03232,0.00131,0.0,0.01599,0.84651
1339,1371136,75.36648,105.16667,1.0,0.94,0.765912,-0.002264,0.003975,0.002595,0.221754,0.025314,0.934094,62.40712,7.227227,63.031403,8.05306,4.0,0.00016299,6,222,0.05013,0.05666,0.0,0.81,100,0.5,0.57143,,,-0.03,0.03463,0.00059,0.0,0.01693,0.50556
1340,1372160,65.29266,120.11111,0.88889,0.94,0.739327,-0.000785,0.052127,0.002447,0.260866,0.016144,0.705374,62.063496,11.272384,60.890049,13.297809,4.0,0.00016289,9,234,0.04407,0.05439,0.0,0.79,100,0.66667,0.86325,,,-0.03,0.03342,-0.00047,0.0,0.01162,0.69342
1341,1373184,64.45902,173.42857,0.85714,0.93,0.806259,-0.001817,0.006054,0.002161,0.239547,0.017258,0.916264,63.485016,7.402528,63.863396,7.888003,4.0,0.00016278,7,170,0.03835,0.0416,0.01,0.8,100,0.42857,0.125,,,-0.03,0.03012,0.00164,0.0,0.02051,0.45332
1342,1374208,74.31457,121.63636,1.0,0.93,0.835642,-0.00119,0.003785,0.001359,0.248226,0.008316,0.631656,64.999954,2.90888,66.0485,3.165718,4.0,0.00016268,11,105,0.04406,0.04871,0.01,0.79,100,0.54545,0.81633,,,-0.03,0.0322,0.00137,0.0,0.02104,0.81983
1343,1375232,75.31929,106.88889,1.0,0.93,0.807797,-0.001392,0.005192,0.002228,0.194445,0.014938,0.576089,66.368576,3.640455,66.779305,3.529836,4.0,0.00016258,9,92,0.03799,0.04624,0.01,0.79,100,0.44444,0.31579,,,-0.03,0.03219,0.00053,0.0,0.01393,0.68426
1344,1376256,74.99444,111.3,1.0,0.94,0.773041,-0.002048,0.002021,0.003624,0.272365,0.023148,0.824089,66.344002,2.65386,67.371712,3.018284,4.0,0.00016248,10,168,0.03259,0.03501,0.01,0.81,100,0.2,0.88406,,,-0.03,0.03676,0.00179,0.0,0.02129,0.72062
1345,1377280,75.6472,100.125,1.0,0.96,0.785507,-0.000949,0.004205,0.001688,0.197156,0.01004,0.596947,68.214874,3.222666,68.541328,3.121329,4.0,0.00016237,8,173,0.03736,0.0444,0.01,0.81,100,0.25,0.46667,,,-0.03,0.03015,0.00072,0.0,0.02134,0.60516
1346,1378304,75.30627,102.5,1.0,0.97,0.847986,-0.00193,0.002226,0.001859,0.227524,0.018463,0.768389,68.527008,3.300727,68.470215,3.270847,4.0,0.00016227,8,183,0.04621,0.05645,0.01,0.81,100,0.375,0.38462,,,-0.03,0.02995,-0.00188,0.0,0.01516,0.62647
1347,1379328,64.98946,99.125,0.875,0.96,0.80594,-0.00135,0.060811,0.002138,0.316043,0.018677,0.345905,66.803619,5.825003,65.104309,9.209509,4.0,0.00016217,8,175,0.04079,0.04928,0.01,0.78,100,0.625,0.54545,,,-0.03,0.03018,0.00031,0.0,0.00413,0.55983
1348,1380352,74.80082,112.66667,1.0,0.97,0.811319,-0.00128,0.00803,0.001694,0.241003,0.015503,0.894405,63.672981,8.290479,63.670902,8.662699,4.0,0.00016207,6,206,0.03909,0.04275,0.01,0.79,100,0.5,0.46154,,,-0.03,0.02787,0.00155,0.0,0.01481,0.48105
1349,1381376,58.44563,197.0,0.8,0.95,0.794954,-0.001269,0.004321,0.002269,0.182822,0.016037,0.875686,66.105705,5.230915,66.126297,5.89096,4.0,0.00016196,10,206,0.04258,0.04888,0.03,0.78,100,0.3,0.96685,,,-0.03,0.02984,0.00043,0.0,0.01888,0.6249
1350,1382400,71.78661,152.6,1.0,0.95,0.94717,-0.002433,0.003218,0.003258,0.254302,0.038773,0.789303,67.547211,3.904604,67.010803,3.900159,4.0,0.00016186,5,213,0.05716,0.07398,0.03,0.79,100,0.4,0.96923,,,-0.03,0.02532,-0.00607,0.0,0.01363,0.39208
1351,1383424,58.31041,115.4,0.8,0.94,0.857331,-0.000818,0.041757,0.002452,0.329993,0.024689,0.484986,65.346802,5.311064,63.470421,9.100446,4.0,0.00016176,5,211,0.04835,0.06136,0.03,0.8,100,0.4,0.94937,,,-0.03,0.02871,-0.00274,0.0,0.00879,0.32088
1352,1384448,74.1812,130.55556,1.0,0.94,0.756355,-0.001493,0.007619,0.001531,0.233976,0.011871,0.917718,63.207302,8.269735,63.349037,9.044161,4.0,0.00016166,9,230,0.03964,0.04334,0.03,0.83,100,0.11111,0.93162,,,-0.03,0.03236,0.00184,0.0,0.02103,0.71085
1353,1385472,66.14217,163.22222,0.88889,0.95,0.801231,-0.001347,0.005067,0.000797,0.183417,0.00499,0.813186,65.404236,5.491867,65.746582,5.636512,4.0,0.00016156,9,252,0.0371,0.04028,0.03,0.79,100,0.44444,0.875,,,-0.03,0.03245,0.00107,0.0,0.01927,0.60241
1354,1386496,74.12795,129.375,1.0,0.95,0.955814,-0.001035,0.003135,0.001528,0.1877,0.007019,0.468194,67.039001,2.342427,67.081543,2.361668,4.0,0.00016145,8,254,0.05506,0.06378,0.03,0.78,100,0.125,0.92208,,,-0.03,0.02718,-0.00211,0.0,0.01682,0.58714
1355,1387520,73.82406,130.0,1.0,0.95,0.832649,-0.001088,0.002902,0.001832,0.223474,0.012589,0.453802,66.712006,2.012103,67.166016,2.256213,4.0,0.00016135,8,253,0.03945,0.04385,0.03,0.78,100,0.375,0.90323,,,-0.03,0.03108,0.00149,0.0,0.0198,0.58833
1356,1388544,68.66254,111.41667,0.91667,0.94,0.800759,-0.001206,0.040291,0.002292,0.242846,0.018631,0.449413,66.867203,3.897469,65.898651,8.685468,4.0,0.00016125,12,260,0.0373,0.04371,0.03,0.75,100,0.16667,0.81579,,,-0.03,0.03188,0.00085,0.0,0.01628,0.82384
1357,1389568,75.19817,108.5,1.0,0.94,0.790304,-0.001103,0.00574,0.002584,0.229054,0.008072,0.363696,66.697502,2.481372,66.801605,2.63661,4.0,0.00016115,6,246,0.0322,0.03583,0.03,0.73,100,0.16667,0.875,,,-0.03,0.03199,0.0012,0.0,0.01965,0.44309
1358,1390592,74.32885,119.66667,1.0,0.94,0.871805,-0.001024,0.005512,0.001857,0.197716,0.013336,0.286934,66.372818,2.809455,66.195312,2.841559,4.0,0.00016104,6,262,0.04587,0.05409,0.03,0.72,100,0.33333,0.83333,,,-0.03,0.02836,-0.00185,0.0,0.0138,0.44163
1359,1391616,72.43064,159.625,1.0,0.94,1.031026,-0.001334,0.004059,0.003071,0.350683,0.030594,0.703202,65.493599,2.967016,65.071648,3.563842,4.0,0.00016094,8,259,0.05789,0.06497,0.03,0.69,100,0.125,0.97826,,,-0.03,0.02193,-0.00186,0.0,0.01486,0.57219
1360,1392640,61.31814,120.66667,0.83333,0.93,0.832264,-0.001592,0.034025,0.003016,0.289539,0.026108,0.553554,64.103928,4.988088,63.060776,9.10437,4.0,0.00016084,6,235,0.03294,0.03748,0.03,0.68,100,0.33333,0.75,,,-0.03,0.02774,0.00106,0.0,0.01162,0.36729
1361,1393664,74.91373,113.0,1.0,0.94,0.933405,-0.001537,0.012828,0.003908,0.298517,0.043549,0.84396,62.923985,7.900742,62.434212,8.628282,4.0,0.00016074,8,259,0.04202,0.05099,0.03,0.7,100,0.375,0.6,,,-0.03,0.02656,-0.0015,0.0,0.01302,0.58932
1362,1394688,61.43587,205.0,0.85714,0.95,0.827338,-0.00149,0.008077,0.002301,0.190061,0.024109,0.906082,61.493011,8.702957,62.039097,9.156307,4.0,0.00016063,7,244,0.03603,0.04299,0.02,0.7,100,0.14286,0.95804,,,-0.03,0.03071,-0.00052,0.0,0.01782,0.47444
1363,1395712,75.58275,106.5,1.0,0.95,0.827347,-0.001526,0.005465,0.00213,0.253422,0.018921,0.933542,63.480495,8.197699,63.707893,8.96703,4.0,0.00016053,8,260,0.04155,0.04717,0.02,0.72,100,0.25,0.23077,,,-0.03,0.03037,0.00112,0.0,0.02103,0.64459
1364,1396736,75.62188,108.125,1.0,0.96,0.831444,-0.002003,0.005291,0.003896,0.279106,0.033371,0.964483,61.629494,11.531127,61.568893,12.426944,4.0,0.00016043,8,254,0.04119,0.04503,0.02,0.72,100,0.0,0.18182,,,-0.03,0.02992,0.00093,0.0,0.01744,0.64791
1365,1397760,73.1503,147.83333,1.0,0.96,0.790195,-0.001276,0.007977,0.003915,0.214482,0.027344,0.969911,60.978073,15.691201,61.473339,16.182283,4.0,0.00016033,6,254,0.03826,0.04124,0.02,0.72,100,0.5,0.88,,,-0.03,0.03169,0.00213,0.0,0.02349,0.47705
1366,1398784,60.03328,149.5,0.8,0.95,0.891261,-0.00045,0.045199,0.00131,0.305243,0.010818,0.620452,66.800308,7.44465,65.397636,10.687828,4.0,0.00016022,10,253,0.04262,0.04984,0.02,0.75,100,0.3,0.83673,,,-0.03,0.03097,0.00017,0.0,0.01536,0.59812
1367,1399808,74.93225,119.33333,1.0,0.95,0.841891,-0.002309,0.00303,0.002076,0.260286,0.015732,0.571488,66.634407,2.057508,67.430214,2.4761,4.0,0.00016012,12,238,0.03515,0.03749,0.02,0.77,100,0.0,0.86301,,,-0.03,0.03504,0.00202,0.0,0.02173,0.85553
1368,1400832,74.89711,104.75,1.0,0.95,0.770673,-0.00076,0.033884,0.001467,0.189785,0.010956,-0.451875,66.413528,7.362748,66.765152,5.181484,4.0,0.00016002,8,242,0.03112,0.03568,0.02,0.79,100,0.375,0.14286,,,-0.03,0.03552,0.00222,0.0,0.01376,0.5962
1369,1401856,65.22209,108.25,0.875,0.95,0.763396,-0.00067,0.053176,0.001263,0.295644,0.011826,0.358105,66.644333,4.155529,65.579926,8.672347,4.0,0.00015992,8,251,0.03588,0.04085,0.02,0.78,100,0.625,0.0,,,-0.03,0.03356,0.00227,0.0,0.0166,0.5294
1370,1402880,75.59109,105.66667,1.0,0.95,0.788657,-0.001429,0.007582,0.00213,0.202351,0.015427,0.847289,64.84433,5.94883,65.122887,6.594338,4.0,0.00015981,9,242,0.0364,0.03914,0.02,0.81,100,0.22222,0.3,,,-0.03,0.02878,0.0019,0.0,0.02131,0.69683
1371,1403904,75.14292,114.14286,1.0,0.95,0.819753,-0.001406,0.004512,0.001913,0.214374,0.012466,0.939445,63.674866,8.005204,63.828815,8.826854,4.0,0.00015971,7,258,0.03336,0.03628,0.02,0.82,100,0.14286,0.76,,,-0.03,0.03046,0.00128,0.0,0.01901,0.5383
1372,1404928,76.0338,99.42857,1.0,0.96,0.874827,-0.001688,0.005459,0.003303,0.315392,0.034744,0.967099,63.00177,12.023699,62.388893,12.673032,4.0,0.00015961,7,266,0.03672,0.04386,0.02,0.82,100,0.0,0.58333,,,-0.03,0.02595,-0.00136,0.0,0.01445,0.5439
1373,1405952,58.77064,225.0,0.83333,0.95,0.899808,-0.001013,0.006307,0.001261,0.173028,0.006592,0.957745,62.098587,12.100256,61.87413,12.576995,4.0,0.00015951,6,250,0.03849,0.04733,0.03,0.84,100,0.66667,0.97143,,,-0.03,0.02519,-0.00177,0.0,0.01509,0.38034
1374,1406976,75.40974,105.14286,1.0,0.96,0.92476,-0.001707,0.009224,0.002736,0.28431,0.029953,0.93501,61.391953,10.826674,60.612747,11.822085,4.0,0.0001594,7,259,0.03747,0.04729,0.02,0.83,100,0.57143,0.53846,,,-0.03,0.02558,-0.00189,0.0,0.01053,0.54346
1375,1408000,61.12943,200.42857,0.85714,0.95,0.878394,-0.001527,0.006982,0.002293,0.230587,0.020035,0.966096,59.273659,13.949102,58.925667,14.87972,4.0,0.0001593,7,236,0.03843,0.04255,0.03,0.81,100,0.57143,0.96644,,,-0.03,0.0264,0.00061,0.0,0.01165,0.46608
1376,1409024,62.4761,106.33333,0.83333,0.94,0.906539,-0.000994,0.027357,0.001418,0.312194,0.010498,0.889367,59.086048,14.586388,57.472538,16.876114,4.0,0.0001592,6,249,0.03574,0.04057,0.03,0.79,100,0.5,0.4,,,-0.03,0.02511,0.00015,0.0,0.00902,0.39292
1377,1410048,76.26295,96.83333,1.0,0.94,0.901077,-0.001958,0.009003,0.003214,0.273321,0.039215,0.976729,55.997528,18.476921,55.572361,19.081429,4.0,0.0001591,6,257,0.03335,0.03535,0.03,0.77,100,0.0,0.5,,,-0.03,0.0232,0.00155,0.0,0.02242,0.46518
1378,1411072,64.86875,172.625,0.875,0.93,0.942109,-0.002649,0.00419,0.003672,0.243944,0.044189,0.987145,57.272797,18.828426,56.961151,19.843235,4.0,0.000159,8,251,0.03303,0.03503,0.04,0.76,100,0.25,0.41667,,,-0.03,0.02692,0.00142,0.0,0.01679,0.52354
1379,1412096,42.75423,248.75,0.625,0.92,0.941498,-0.000818,0.042367,0.00157,0.34211,0.013763,0.894746,59.426582,18.925711,57.230972,20.112398,4.0,0.00015889,8,256,0.03326,0.03909,0.05,0.74,100,0.375,0.96296,,,-0.03,0.02512,-0.00011,0.0,0.00544,0.3786
1380,1413120,74.37924,110.85714,1.0,0.92,0.770013,-0.000647,0.043774,0.002059,0.278874,0.016632,0.478994,64.358719,10.741751,63.516724,9.721384,4.0,0.00015879,7,256,0.02484,0.03084,0.05,0.72,100,0.42857,0.6,,,-0.03,0.03127,0.00189,0.0,0.01001,0.54658
1381,1414144,65.21349,107.0,0.875,0.91,0.782094,-0.000919,0.061777,0.002398,0.305102,0.017761,0.511078,63.030674,7.008792,61.646557,10.688229,4.0,0.00015869,8,241,0.02687,0.03362,0.05,0.74,100,0.375,0.125,,,-0.03,0.0346,0.00229,0.0,0.0136,0.5459
1382,1415168,66.4722,101.22222,0.88889,0.91,0.763526,-0.001426,0.027157,0.002731,0.18134,0.014511,0.845526,58.783558,11.066036,58.797276,12.977529,4.0,0.00015859,9,258,0.02756,0.0321,0.05,0.74,100,0.44444,0.22222,,,-0.03,0.03165,0.00217,0.0,0.01333,0.65803
1383,1416192,74.83671,118.11111,1.0,0.91,0.768004,-0.000824,0.011635,0.001483,0.243572,0.006714,0.941464,58.317436,14.690486,59.121033,15.48561,4.0,0.00015848,9,228,0.02952,0.03269,0.05,0.75,100,0.11111,0.11111,,,-0.03,0.03394,0.00212,0.0,0.01845,0.73301
1384,1417216,64.74048,167.125,0.875,0.9,0.795264,-0.000656,0.00869,0.001574,0.199452,0.01123,0.943689,61.810196,13.048327,62.508064,13.385319,4.0,0.00015838,8,260,0.03045,0.03551,0.06,0.76,100,0.625,0.0,,,-0.03,0.03607,0.00208,0.0,0.01398,0.54888
1385,1418240,75.52522,108.7,1.0,0.9,0.853451,-0.001941,0.002529,0.002608,0.247735,0.022675,0.795345,66.687912,3.037794,67.453262,3.215686,4.0,0.00015828,10,253,0.03203,0.03521,0.06,0.77,100,0.2,0.55556,,,-0.03,0.03255,0.00214,0.0,0.02166,0.72305
1386,1419264,75.24746,110.8,1.0,0.91,0.829936,-0.001224,0.003555,0.002464,0.198025,0.012726,0.672498,67.189087,3.152601,67.818771,3.189142,4.0,0.00015818,10,247,0.03093,0.03401,0.05,0.76,100,0.4,0.28571,,,-0.03,0.03275,0.00235,0.0,0.02129,0.74388
1387,1420288,75.01408,109.66667,1.0,0.91,0.775157,-0.001448,0.00394,0.002303,0.258288,0.015503,0.615963,67.553192,2.615845,67.435493,3.079436,4.0,0.00015807,6,235,0.02964,0.03333,0.05,0.78,100,0.66667,0.33333,,,-0.03,0.02953,0.00203,0.0,0.01694,0.44999
1388,1421312,74.24082,127.1,1.0,0.93,0.743677,-0.00068,0.016212,0.002468,0.160009,0.009918,0.542683,66.971336,5.139144,66.853745,5.726259,4.0,0.00015797,10,228,0.0309,0.03544,0.04,0.8,100,0.3,0.375,,,-0.03,0.03313,0.00215,0.0,0.01386,0.7812
1389,1422336,74.83657,116.11111,1.0,0.93,0.756185,-0.000723,0.005919,0.000753,0.150569,0.002686,0.786859,66.416603,5.519335,66.922333,5.113211,4.0,0.00015787,9,245,0.03039,0.03381,0.04,0.8,100,0.55556,0.64706,,,-0.03,0.03355,0.00168,0.0,0.01758,0.7116
1390,1423360,74.74784,120.71429,1.0,0.94,0.711465,-0.001457,0.003171,0.001524,0.229077,0.0121,0.886074,66.608047,4.73957,66.397911,5.392295,4.0,0.00015777,7,245,0.02802,0.03042,0.03,0.83,100,0.0,0.36364,,,-0.03,0.0294,0.00206,0.0,0.01766,0.5706
1391,1424384,75.25727,109.0,1.0,0.97,0.658141,-0.000847,0.003156,0.001772,0.178905,0.009644,0.96537,65.204727,8.948856,65.17337,9.769933,4.0,0.00015766,6,246,0.0254,0.02895,0.01,0.83,100,0.16667,0.33333,,,-0.03,0.03378,0.00241,0.0,0.02184,0.49356
1392,1425408,68.85005,147.16667,0.91667,0.96,0.670187,-0.001396,0.001458,0.002603,0.17886,0.012283,0.99038,64.68161,12.473927,64.885521,13.255653,4.0,0.00015756,12,237,0.02734,0.03064,0.02,0.88,100,0.08333,0.4,,,-0.03,0.03366,0.00212,0.0,0.02148,0.87714
1393,1426432,75.27891,109.375,1.0,0.98,0.701936,-0.00135,0.00144,0.003155,0.212092,0.024796,0.671815,69.279633,1.97994,69.371628,2.004624,4.0,0.00015746,8,229,0.02193,0.02498,0.02,0.87,100,0.375,0.38462,,,-0.03,0.03401,0.00218,0.0,0.01905,0.58983
1394,1427456,75.35106,100.33333,1.0,0.98,0.67311,-0.001687,0.001302,0.003882,0.212773,0.027237,0.706706,69.46138,1.786444,69.859055,1.971562,4.0,0.00015736,9,251,0.02373,0.02804,0.02,0.86,100,0.22222,0.5,,,-0.03,0.03696,0.00192,0.0,0.02164,0.66259
1395,1428480,75.21628,109.0,1.0,0.98,0.779837,-0.002268,0.00218,0.002135,0.250991,0.026779,0.432453,70.690125,2.249155,70.246849,1.925315,4.0,0.00015725,7,251,0.03552,0.04371,0.02,0.86,100,0.28571,0.38462,,,-0.03,0.02628,-0.00079,0.0,0.01797,0.53604
1396,1429504,75.42161,113.14286,1.0,0.99,0.862312,-0.001435,0.00146,0.002413,0.329798,0.024048,0.462741,69.912804,1.373394,69.416542,1.710686,4.0,0.00015715,7,243,0.03506,0.04154,0.01,0.86,100,0.0,0.78125,,,-0.03,0.02758,-0.0012,0.0,0.0172,0.52543
1397,1430528,71.95716,171.5,1.0,0.99,0.715121,-0.001405,0.001387,0.001423,0.225803,0.009048,0.609091,69.370018,1.394023,69.177727,1.757706,4.0,0.00015705,8,252,0.02528,0.02947,0.01,0.84,100,0.375,0.95484,,,-0.03,0.0316,0.00124,0.0,0.01869,0.58575
1398,1431552,74.94796,113.91667,1.0,0.99,0.701305,-0.001902,0.001379,0.002714,0.246256,0.025162,0.679794,69.157524,1.422642,69.304321,1.955393,4.0,0.00015695,12,251,0.0249,0.0287,0.01,0.86,100,0.25,0.64516,,,-0.03,0.0342,0.0018,0.0,0.02216,0.89609
1399,1432576,59.50614,102.6,0.8,0.97,0.66575,-0.001311,0.102912,0.002489,0.51328,0.020523,0.145316,69.083649,1.902139,66.239258,10.541139,4.0,0.00015684,10,238,0.01574,0.02169,0.01,0.85,100,0.5,0.33333,,,-0.03,0.03746,0.00209,0.0,0.00748,0.59004
1400,1433600,75.28405,100.5,1.0,0.97,0.711972,-0.001248,0.011255,0.002211,0.240899,0.008453,-0.112507,67.040504,3.001134,66.946884,2.743859,4.0,0.00015674,6,244,0.02625,0.03369,0.01,0.84,100,0.5,0.55556,,,-0.03,0.03185,1e-05,0.0,0.01854,0.44385
1401,1434624,74.67326,115.18182,1.0,0.97,0.684635,-0.000392,0.007011,0.003318,0.357978,0.032471,0.271801,66.057785,3.224527,66.363991,3.382657,4.0,0.00015664,11,238,0.02143,0.02735,0.01,0.85,100,0.27273,0.86047,,,-0.03,0.03096,0.00236,0.0,0.01852,0.81932
1402,1435648,66.73268,117.3,0.9,0.96,0.684998,-0.001241,0.058849,0.002772,0.234635,0.014023,0.138812,66.842758,2.377276,65.854324,7.769597,4.0,0.00015654,10,262,0.02473,0.03078,0.01,0.82,100,0.3,0.5,,,-0.03,0.03417,0.00199,0.0,0.01227,0.68919
1403,1436672,65.93219,96.875,0.875,0.95,0.66216,-0.000717,0.043242,0.002153,0.298789,0.011932,0.351463,65.731735,3.188066,64.621315,8.306625,4.0,0.00015644,8,252,0.0253,0.03236,0.01,0.81,100,0.25,0.5,,,-0.03,0.03686,0.00099,0.0,0.01189,0.55668
1404,1437696,46.60851,134.33333,0.66667,0.94,0.726662,-0.001232,0.098879,0.002698,0.509107,0.027771,0.28933,63.709785,5.616411,60.555481,11.251206,4.0,0.00015633,6,235,0.02597,0.0359,0.0,0.79,100,0.83333,0.94286,,,-0.03,0.02937,0.00091,0.0,0.00361,0.30609
1405,1438720,64.58279,125.25,0.875,0.93,0.849836,-0.001284,0.033158,0.002054,0.285848,0.015732,0.61547,59.925392,6.530106,59.875576,8.834715,4.0,0.00015623,8,255,0.03519,0.0405,0.0,0.78,100,0.375,0.25,,,-0.03,0.02817,0.00076,0.0,0.01169,0.53226
1406,1439744,74.80565,115.85714,1.0,0.93,0.905428,-0.001692,0.017489,0.001917,0.202979,0.014816,0.464659,59.350594,5.375346,59.423008,6.020072,4.0,0.00015613,7,236,0.03751,0.04128,0.0,0.77,100,0.14286,0.82609,,,-0.03,0.02636,0.00011,0.0,0.01309,0.54544
1407,1440768,74.5881,127.66667,1.0,0.93,0.838907,-0.00219,0.010751,0.002674,0.25704,0.021774,0.865708,57.085979,7.437189,57.304859,9.412134,4.0,0.00015603,6,267,0.03569,0.03902,0.0,0.77,100,0.16667,0.16667,,,-0.03,0.02502,0.00114,0.0,0.01575,0.47108
1408,1441792,65.89097,158.0,0.88889,0.92,0.874033,-0.000982,0.006291,0.001319,0.186994,0.004105,0.964311,58.668251,12.507591,59.213051,13.752223,4.0,0.00015592,9,257,0.031,0.03511,0.01,0.75,100,0.22222,0.93243,,,-0.03,0.02662,0.00026,0.0,0.0206,0.60703
1409,1442816,61.89869,204.42857,0.85714,0.91,0.903332,-0.002374,0.006217,0.002202,0.272284,0.022446,0.971114,60.234062,14.381269,60.594486,14.932718,4.0,0.00015582,7,245,0.03323,0.03742,0.02,0.73,100,0.28571,0.94805,,,-0.03,0.0294,-0.00017,0.0,0.01624,0.4438
1410,1443840,74.85745,111.16667,1.0,0.91,0.795467,-0.000766,0.006897,0.002383,0.299804,0.023071,0.492203,64.863518,3.86106,65.258926,3.72526,4.0,0.00015572,6,245,0.02993,0.03647,0.02,0.75,100,0.33333,0.33333,,,-0.03,0.0285,-5e-05,0.0,0.01435,0.45527
1411,1444864,72.56959,157.5,1.0,0.91,0.886383,-0.00135,0.004722,0.002099,0.205776,0.016266,0.569177,65.513641,3.090809,65.538025,3.384909,4.0,0.00015562,8,246,0.03707,0.04497,0.02,0.73,100,0.375,0.92771,,,-0.03,0.02619,-0.00115,0.0,0.01518,0.59169
1412,1445888,73.40223,143.66667,1.0,0.93,0.825248,-0.002142,0.004599,0.001943,0.226315,0.016022,0.655984,65.202271,2.941304,65.677322,3.489317,4.0,0.00015551,9,246,0.02979,0.03525,0.02,0.73,100,0.11111,0.93701,,,-0.03,0.02918,0.00011,0.0,0.01744,0.65424
1413,1446912,75.83029,101.66667,1.0,0.93,0.802444,-0.001579,0.004272,0.003219,0.259241,0.024384,0.334612,67.099403,2.140901,67.000999,2.473817,4.0,0.00015541,6,252,0.03036,0.03802,0.02,0.73,100,0.0,0.33333,,,-0.03,0.031,-0.00113,0.0,0.0163,0.45271
1414,1447936,64.03422,108.71429,0.85714,0.92,0.856539,-0.000802,0.039192,0.002458,0.271626,0.015488,0.484157,65.789673,4.442472,64.527695,8.750155,4.0,0.00015531,7,235,0.03838,0.04978,0.02,0.75,100,0.28571,0.33333,,,-0.03,0.02625,-0.00235,0.0,0.01382,0.46637
1415,1448960,63.98834,162.8,0.9,0.92,0.7565,-0.000565,0.032168,0.001609,0.182893,0.007904,0.64623,64.131317,7.26196,64.25103,9.386739,4.0,0.00015521,10,247,0.03314,0.03954,0.02,0.72,100,0.3,0.98276,,,-0.03,0.03244,0.00044,0.0,0.01614,0.67989
1416,1449984,65.37348,105.375,0.875,0.92,0.807655,-0.000486,0.042977,0.00083,0.275698,0.003113,0.505493,66.011597,5.133741,64.81456,9.192442,4.0,0.0001551,8,248,0.02965,0.03614,0.02,0.72,100,0.125,0.36364,,,-0.03,0.03295,0.00057,0.0,0.01335,0.5196
1417,1451008,65.56298,105.375,0.875,0.93,0.780974,-0.000768,0.081696,0.000957,0.395834,0.006409,0.738548,59.545616,14.674758,57.34988,16.766796,4.0,0.000155,8,247,0.03638,0.04485,0.02,0.73,100,0.125,0.125,,,-0.03,0.02846,0.00083,0.0,0.00866,0.56159
1418,1452032,53.85245,152.5,0.75,0.92,0.748472,-0.001853,0.057853,0.001918,0.303122,0.011169,0.72596,60.205276,11.447715,59.033875,14.1684,4.0,0.0001549,8,243,0.02458,0.02734,0.02,0.74,100,0.25,0.94444,,,-0.03,0.03438,0.00193,0.0,0.01841,0.43594
1419,1453056,75.02818,114.4,1.0,0.92,0.771475,-0.001102,0.029723,0.001605,0.270179,0.015472,-0.125558,60.566765,5.369658,61.570621,5.501512,4.0,0.0001548,10,232,0.02717,0.03115,0.02,0.72,100,0.2,0.36364,,,-0.03,0.03349,0.00191,0.0,0.01509,0.73177
1420,1454080,65.02306,119.0,0.875,0.92,0.748759,-0.000481,0.044512,0.002283,0.149865,0.015533,0.648084,59.90131,10.052182,60.607536,11.411118,4.0,0.00015469,8,251,0.03327,0.03917,0.01,0.74,100,0.25,0.27273,,,-0.03,0.03322,0.00146,0.0,0.0136,0.55396
1421,1455104,74.43099,125.55556,1.0,0.92,0.815621,-0.001758,0.012418,0.003597,0.294143,0.020142,0.342761,63.152218,4.101532,64.216324,4.179047,4.0,0.00015459,9,247,0.03363,0.03794,0.01,0.77,100,0.11111,0.74286,,,-0.03,0.03231,0.00182,0.0,0.017,0.66761
1422,1456128,75.19775,104.5,1.0,0.93,0.771306,-0.001457,0.006971,0.002687,0.217524,0.019897,0.557969,64.233017,3.851272,64.948608,4.122557,4.0,0.00015449,8,240,0.03248,0.03592,0.0,0.78,100,0.25,0.36364,,,-0.03,0.03076,0.00197,0.0,0.02065,0.60378
1423,1457152,68.18536,106.63636,0.90909,0.92,0.835166,-0.000573,0.04263,0.001322,0.240854,0.012207,0.547307,63.894207,5.440302,63.209385,9.544932,4.0,0.00015439,11,244,0.03582,0.03985,0.0,0.78,100,0.18182,0.33333,,,-0.03,0.03142,0.0018,0.0,0.01407,0.74053
1424,1458176,74.10513,134.375,1.0,0.92,0.881309,-0.001633,0.009388,0.003483,0.291143,0.02742,0.356117,64.827019,3.981358,65.672844,3.595424,4.0,0.00015428,8,237,0.04185,0.04437,0.0,0.77,100,0.375,0.0,,,-0.03,0.03341,0.00151,0.0,0.01563,0.57923
1425,1459200,75.16677,107.71429,1.0,0.93,0.864684,-0.001534,0.005729,0.001914,0.204213,0.018387,0.677247,65.871567,3.597598,66.136711,4.235628,4.0,0.00015418,7,252,0.04012,0.04278,0.0,0.74,100,0.42857,0.0,,,-0.03,0.03012,0.00133,0.0,0.01531,0.51635
1426,1460224,75.40317,108.77778,1.0,0.94,0.86405,-0.001067,0.002655,0.002357,0.242634,0.019577,0.920683,65.618881,5.2168,65.902962,6.031494,4.0,0.00015408,9,242,0.03595,0.03788,0.0,0.68,100,0.22222,0.2,,,-0.03,0.03127,0.00167,0.0,0.01811,0.65021
1427,1461248,74.97655,120.85714,1.0,0.94,0.858805,-0.000905,0.003767,0.001454,0.237936,0.011505,0.96299,64.246231,9.343161,64.209244,10.330856,4.0,0.00015398,7,238,0.03298,0.03488,0.0,0.69,100,0.14286,0.14286,,,-0.03,0.02768,0.00177,0.0,0.01739,0.51172
1428,1462272,66.37777,155.7,0.9,0.94,0.823682,-0.000622,0.003835,0.002403,0.213826,0.012787,0.96904,65.966728,10.27765,66.498764,10.886666,4.0,0.00015388,10,244,0.02947,0.03276,0.01,0.71,100,0.2,0.36364,,,-0.03,0.0342,0.00193,0.0,0.02029,0.66205
1429,1463296,76.0168,97.3,1.0,0.96,0.787077,-0.001383,0.002745,0.002363,0.206776,0.011627,0.556775,69.376381,2.825338,69.683121,2.456499,4.0,0.00015377,10,227,0.03136,0.03426,0.01,0.7,100,0.2,0.25,,,-0.03,0.03599,0.00258,0.0,0.02063,0.73631
1430,1464320,64.35314,107.85714,0.85714,0.96,0.734137,-0.00109,0.040387,0.001231,0.291918,0.010391,0.652916,67.47171,7.657984,66.314972,11.006436,4.0,0.00015367,7,229,0.03256,0.03759,0.01,0.71,100,0.14286,0.44444,,,-0.03,0.03214,0.00204,0.0,0.01851,0.47078
1431,1465344,68.97862,115.66667,0.91667,0.96,0.716354,-0.000633,0.021577,0.00146,0.18579,0.016174,0.871338,66.758156,10.273544,66.357956,12.544518,4.0,0.00015357,12,224,0.03097,0.03474,0.01,0.72,100,0.08333,0.4375,,,-0.03,0.03589,0.00229,0.0,0.01955,0.85581
1432,1466368,58.18503,97.55556,0.77778,0.94,0.772922,-0.000632,0.080127,0.001197,0.568361,0.005951,0.663468,67.186554,9.986973,64.093338,14.939951,4.0,0.00015347,9,234,0.03159,0.03967,0.01,0.71,100,0.44444,0.16667,,,-0.03,0.03401,0.00089,0.0,0.01299,0.54051
1433,1467392,74.92376,117.0,1.0,0.94,0.807356,-0.001117,0.017932,0.001205,0.320477,0.010925,-0.817079,65.867683,5.70259,66.639969,3.74262,4.0,0.00015336,9,238,0.03162,0.03438,0.01,0.69,100,0.11111,0.88,,,-0.03,0.03671,0.00191,0.0,0.02197,0.65196
1434,1468416,61.19088,101.90909,0.81818,0.93,0.801304,-0.001077,0.084127,0.002596,0.496875,0.020615,0.521115,65.625748,6.806023,63.347176,12.810852,4.0,0.00015326,11,235,0.03093,0.03713,0.01,0.69,100,0.36364,0.18182,,,-0.03,0.03452,0.00194,0.0,0.01341,0.65714
1435,1469440,75.53136,105.0,1.0,0.93,0.84247,-0.001551,0.032811,0.002591,0.288906,0.026093,0.286999,63.231873,6.328174,63.355865,6.660103,4.0,0.00015316,9,248,0.03427,0.03796,0.01,0.7,100,0.33333,0.125,,,-0.03,0.03375,0.00205,0.0,0.01745,0.66503
1436,1470464,74.68923,119.5,1.0,0.93,0.82588,-0.00143,0.011472,0.002172,0.264478,0.019196,0.780928,62.131508,7.135436,63.098377,7.203534,4.0,0.00015306,8,246,0.04073,0.04293,0.01,0.72,100,0.125,0.0,,,-0.03,0.03062,0.0016,0.0,0.02034,0.61541
1437,1471488,74.40272,117.88889,1.0,0.93,0.844129,-0.001102,0.008042,0.001388,0.297233,0.010696,0.388323,65.18782,4.064614,66.355888,3.645699,4.0,0.00015295,9,244,0.03859,0.04251,0.01,0.75,100,0.22222,0.0,,,-0.03,0.03579,0.00211,0.0,0.01509,0.66843
1438,1472512,75.26567,107.14286,1.0,0.93,0.865053,-0.001179,0.008045,0.001514,0.213501,0.014771,0.33646,67.917755,4.756371,68.457108,3.711704,4.0,0.00015285,7,236,0.04554,0.05219,0.01,0.8,100,0.14286,0.0,,,-0.03,0.03084,0.00056,0.0,0.01901,0.53585
1439,1473536,73.59172,136.9,1.0,0.94,0.887421,-0.002263,0.002389,0.002432,0.232085,0.029846,0.58337,67.901199,2.701292,67.916397,2.440945,4.0,0.00015275,10,207,0.04108,0.04597,0.0,0.81,100,0.1,0.91579,,,-0.03,0.02989,0.00038,0.0,0.01637,0.73828
1440,1474560,74.86512,116.44444,1.0,0.94,0.77397,-0.001346,0.002002,0.001836,0.238259,0.014908,0.689445,67.670799,2.047449,68.142952,2.333127,4.0,0.00015265,9,231,0.03174,0.03455,0.0,0.8,100,0.22222,0.2,,,-0.03,0.03312,0.002,0.0,0.01857,0.66373
1441,1475584,75.09663,115.0,1.0,0.95,0.762724,-0.00104,0.001865,0.002139,0.231319,0.010635,0.724701,68.286827,2.24111,68.504227,2.446664,4.0,0.00015254,9,153,0.03065,0.0337,0.0,0.81,100,0.0,0.18182,,,-0.03,0.03109,0.0022,0.0,0.02009,0.66234
1442,1476608,75.29064,107.1,1.0,0.96,0.727987,-0.001647,0.001112,0.001269,0.202146,0.00972,0.809294,68.399918,1.99033,68.888229,2.173211,4.0,0.00015244,10,188,0.0289,0.03179,0.0,0.82,100,0.3,0.21429,,,-0.03,0.03559,0.00224,0.0,0.02009,0.72902
1443,1477632,75.65923,104.625,1.0,0.98,0.692928,-0.00126,0.003445,0.001704,0.17086,0.014252,0.667401,68.736877,2.749017,68.847641,3.018727,4.0,0.00015234,8,184,0.03072,0.03451,0.0,0.82,100,0.125,0.27273,,,-0.03,0.03333,0.00199,0.0,0.02154,0.60713
1444,1478656,75.36613,98.88889,1.0,0.98,0.619339,-0.000955,0.001446,0.000776,0.144,0.004715,0.918165,68.30481,3.817869,68.324135,4.40296,4.0,0.00015224,9,219,0.02447,0.02925,0.0,0.86,100,0.55556,0.35714,,,-0.03,0.03677,0.00208,0.0,0.0161,0.7474
1445,1479680,75.99312,94.55556,1.0,0.99,0.62494,-0.000848,0.002202,0.000855,0.169953,0.006104,0.957241,67.235046,6.631212,67.283852,7.387803,4.0,0.00015213,9,210,0.02457,0.02778,0.0,0.87,100,0.11111,0.28571,,,-0.03,0.03512,0.00243,0.0,0.02383,0.74654
1446,1480704,75.47644,109.57143,1.0,1.0,0.697974,-0.001043,0.0022,0.001413,0.213491,0.008575,0.984744,65.98526,11.799308,65.517021,12.572592,4.0,0.00015203,7,209,0.02811,0.03394,0.0,0.87,100,0.0,0.42857,,,-0.03,0.031,0.00029,0.0,0.02061,0.57023
1447,1481728,64.96546,183.77778,0.88889,0.99,0.722772,-0.001291,0.004675,0.001369,0.202281,0.012833,0.971408,67.079765,11.852283,66.662102,12.266535,4.0,0.00015193,9,259,0.03042,0.03977,0.01,0.87,100,0.44444,0.94815,,,-0.03,0.03382,-0.00084,0.0,0.01373,0.62797
1448,1482752,75.75028,98.72727,1.0,0.99,0.638941,-0.001082,0.002137,0.00196,0.169842,0.009186,0.542978,69.712685,1.985259,69.984711,2.009188,4.0,0.00015183,11,236,0.02399,0.02899,0.01,0.91,100,0.27273,0.3125,,,-0.03,0.03771,0.0023,0.0,0.02363,0.8299
1449,1483776,68.5023,94.90909,0.90909,0.98,0.647894,-0.00073,0.054979,0.002922,0.268655,0.017426,0.232466,69.713776,2.370997,68.722229,8.04066,4.0,0.00015172,11,256,0.02207,0.0272,0.01,0.9,100,0.45455,0.33333,,,-0.03,0.03784,0.00251,0.0,0.01683,0.7265
1450,1484800,75.86316,96.0,1.0,0.98,0.693219,-0.001102,0.002836,0.001131,0.176473,0.008728,0.47379,69.245811,1.709501,69.588997,1.86385,4.0,0.00015162,9,245,0.02546,0.02955,0.01,0.91,100,0.11111,0.52632,,,-0.03,0.03803,0.00222,0.0,0.02414,0.66063
1451,1485824,68.59306,99.16667,0.91667,0.97,0.672054,-0.001725,0.066763,0.00224,0.251546,0.021072,0.360469,68.233215,6.212284,67.308487,9.619987,4.0,0.00015152,12,268,0.02798,0.03747,0.01,0.93,100,0.33333,0.45455,,,-0.03,0.03785,0.00199,0.0,0.01098,0.84075
1452,1486848,75.93484,99.33333,1.0,0.97,0.720241,-0.00128,0.005389,0.002125,0.209504,0.012207,0.509935,67.951859,2.407464,67.921822,3.138985,4.0,0.00015142,9,262,0.03384,0.03709,0.01,0.92,100,0.11111,0.63636,,,-0.03,0.0344,0.00154,0.0,0.02127,0.65434
1453,1487872,58.07312,99.77778,0.77778,0.95,0.711568,-0.001042,0.075011,0.001932,0.483056,0.018097,0.486693,65.950447,6.507327,63.864067,11.882842,4.0,0.00015132,9,258,0.03573,0.04226,0.01,0.94,100,0.33333,0.41176,,,-0.03,0.03282,0.00159,0.0,0.00899,0.53219
1454,1488896,75.88766,102.44444,1.0,0.95,0.720477,-0.001331,0.019543,0.004311,0.287369,0.033646,0.821804,62.34063,8.894566,62.608864,9.849297,4.0,0.00015121,9,256,0.03634,0.03848,0.01,0.95,100,0.33333,0.18182,,,-0.03,0.03302,0.00208,0.0,0.027,0.6798
1455,1489920,75.05489,108.375,1.0,0.95,0.711212,-0.000952,0.023821,0.001093,0.180944,0.008179,0.848111,59.704876,12.765236,59.853584,13.023524,4.0,0.00015111,8,272,0.03303,0.03754,0.01,0.95,100,0.125,0.18182,,,-0.03,0.03126,0.00159,0.0,0.01452,0.62538
1456,1490944,63.10706,181.28571,0.85714,0.94,0.738198,-0.001154,0.009331,0.000844,0.176581,0.005844,0.953019,60.181786,13.513121,60.270924,14.299639,4.0,0.00015101,7,235,0.03476,0.03756,0.02,0.95,100,0.42857,0.58824,,,-0.03,0.03138,0.00118,0.0,0.01645,0.45257
1457,1491968,64.17717,125.75,0.875,0.93,0.849937,-0.000672,0.048232,0.001813,0.223647,0.010941,0.480355,66.065102,5.367383,65.330078,9.193064,4.0,0.00015091,8,224,0.04213,0.05515,0.02,0.94,100,0.25,0.86047,,,-0.03,0.03211,-0.0027,0.0,0.01321,0.51456
1458,1492992,75.05354,106.57143,1.0,0.94,0.784939,-0.000625,0.00675,0.001327,0.26743,0.004303,0.315374,65.860878,2.917888,66.957108,3.013598,4.0,0.0001508,14,266,0.04055,0.04551,0.01,0.93,100,0.21429,0.87903,,,-0.03,0.03532,0.00153,0.0,0.02232,1.02166
1459,1494016,65.61686,101.875,0.875,0.94,0.743063,-0.0016,0.05378,0.001802,0.287857,0.01088,0.547549,64.906532,6.663188,63.617199,10.294745,4.0,0.0001507,8,268,0.04155,0.04738,0.01,0.93,100,0.25,0.47368,,,-0.03,0.03474,0.00123,0.0,0.01126,0.52476
1460,1495040,55.59743,102.625,0.75,0.92,0.780837,-0.001663,0.055639,0.002883,0.465097,0.020752,0.703738,61.782501,9.483936,60.226963,13.616591,4.0,0.0001506,8,271,0.04025,0.04586,0.01,0.94,100,0.375,0.46667,,,-0.03,0.03185,0.00111,0.0,0.0101,0.44549
1461,1496064,75.42027,105.42857,1.0,0.92,0.761531,-0.000884,0.02885,0.00222,0.344735,0.015427,0.796967,59.516014,12.039794,59.859013,12.557715,4.0,0.0001505,7,255,0.03496,0.03885,0.01,0.93,100,0.0,0.27273,,,-0.03,0.03133,0.00158,0.0,0.01732,0.52675
1462,1497088,75.11131,103.3,1.0,0.93,0.763657,-0.00155,0.008309,0.002917,0.24269,0.019363,0.968478,57.781044,16.147947,58.722515,17.323992,4.0,0.00015039,10,276,0.04007,0.04302,0.01,0.93,100,0.2,0.28571,,,-0.03,0.03221,0.00194,0.0,0.02145,0.74415
1463,1498112,66.87037,150.6,0.9,0.92,0.75377,-0.001545,0.006595,0.001173,0.223143,0.004135,0.977323,60.276394,16.867018,61.109322,17.507864,4.0,0.00015029,10,218,0.03611,0.03968,0.02,0.93,100,0.2,0.33333,,,-0.03,0.03431,0.00149,0.0,0.01567,0.66814
1464,1499136,74.38962,117.55556,1.0,0.94,0.676486,-0.001186,0.008103,0.002103,0.224692,0.015152,0.470919,65.88131,4.166736,66.48114,3.921205,4.0,0.00015019,9,197,0.03475,0.03892,0.02,0.94,100,0.22222,0.35714,,,-0.03,0.03132,0.00155,0.0,0.0152,0.67693
1465,1500160,63.59819,101.57143,0.85714,0.93,0.715756,-0.001102,0.055624,0.002212,0.255234,0.017303,0.453317,66.586021,6.197971,65.474976,9.607337,4.0,0.00015009,7,237,0.04038,0.052,0.02,0.94,100,0.28571,0.41667,,,-0.03,0.03155,-0.00089,0.0,0.00756,0.4629
1466,1501184,74.3357,119.5,1.0,0.93,0.793418,-0.001482,0.006834,0.001859,0.2563,0.011551,0.692706,66.31057,5.121516,66.820358,4.589777,4.0,0.00014998,8,274,0.04346,0.05338,0.02,0.93,100,0.25,0.5625,,,-0.03,0.03003,-0.00247,0.0,0.02269,0.61138
1467,1502208,73.63333,125.9,1.0,0.93,0.736742,-0.000968,0.004316,0.001742,0.21527,0.011963,0.455248,67.086945,2.854561,67.725189,2.775739,4.0,0.00014988,10,281,0.03663,0.04172,0.02,0.93,100,0.1,0.94203,,,-0.03,0.03673,0.00114,0.0,0.01748,0.74247
1468,1503232,75.65279,105.72727,1.0,0.95,0.698752,-0.001977,0.0013,0.002308,0.255035,0.016861,0.815037,67.793747,2.085263,68.567642,2.336019,4.0,0.00014978,11,263,0.03069,0.0335,0.01,0.92,100,0.18182,0.41667,,,-0.03,0.03527,0.00196,0.0,0.02266,0.79507
1469,1504256,59.80772,98.9,0.8,0.93,0.646954,-0.00061,0.08484,0.001889,0.488574,0.013123,0.272558,68.053947,3.651298,65.928619,11.069789,4.0,0.00014968,10,272,0.02952,0.0376,0.01,0.94,100,0.2,0.28571,,,-0.03,0.03538,0.00206,0.0,0.0135,0.60185
1470,1505280,75.36959,104.36364,1.0,0.95,0.710793,-0.001081,0.011581,0.001391,0.244824,0.009933,0.081224,67.891479,3.593997,68.368858,3.009825,4.0,0.00014957,11,267,0.0364,0.03985,0.01,0.95,100,0.36364,0.23529,,,-0.03,0.03474,0.0019,0.0,0.02216,0.80178
1471,1506304,75.83896,101.66667,1.0,0.96,0.715844,-0.000569,0.002992,0.000674,0.194038,0.002274,0.175715,68.759048,2.518614,69.2267,2.164831,4.0,0.00014947,9,180,0.02954,0.03277,0.01,0.95,100,0.22222,0.55556,,,-0.03,0.03722,0.00188,0.0,0.02175,0.64821
1472,1507328,68.12664,98.8,0.9,0.95,0.738641,-0.000562,0.050946,0.001412,0.305359,0.00882,0.306799,68.940338,2.810704,67.609108,8.279289,4.0,0.00014937,10,230,0.03279,0.03677,0.01,0.96,100,0.3,0.4375,,,-0.03,0.03631,0.00157,0.0,0.01987,0.64909
1473,1508352,64.8207,110.75,0.875,0.94,0.741737,-0.00049,0.041929,0.002528,0.245843,0.011276,0.628673,66.399368,7.996389,65.827972,9.841642,4.0,0.00014927,8,184,0.03866,0.04961,0.01,0.95,100,0.375,0.33333,,,-0.03,0.03037,-0.0005,0.0,0.01616,0.5365
1474,1509376,75.45129,97.85714,1.0,0.95,0.862231,-0.001567,0.01573,0.002207,0.182292,0.023209,0.401105,66.309372,5.194464,65.84935,5.05379,4.0,0.00014916,7,239,0.04771,0.06293,0.0,0.94,100,0.57143,0.61111,,,-0.03,0.02856,-0.00399,0.0,0.01117,0.53956
1475,1510400,68.92485,193.0,1.0,0.95,0.873902,-0.001527,0.032992,0.002527,0.204524,0.028534,0.504798,63.022469,8.505744,62.414619,7.916642,4.0,0.00014906,6,123,0.05002,0.07233,0.0,0.92,100,0.66667,0.98142,,,-0.03,0.02578,-0.00707,0.0,0.00541,0.48025
1476,1511424,73.5708,130.28571,1.0,0.96,0.836961,-0.00256,0.013948,0.003581,0.220277,0.037811,0.33312,63.181591,4.240322,62.995167,4.525518,4.0,0.00014896,7,135,0.04423,0.0559,0.0,0.92,100,0.28571,0.93137,,,-0.03,0.02505,-0.00379,0.0,0.01374,0.53743
1477,1512448,51.61941,115.0,0.71429,0.94,0.805646,-0.001746,0.060328,0.001461,0.437661,0.010406,0.577604,60.959831,6.658615,58.739822,12.309507,4.0,0.00014886,7,217,0.04224,0.05113,0.0,0.92,100,0.57143,0.375,,,-0.03,0.02894,0.00019,0.0,0.00683,0.38455
1478,1513472,63.40066,170.625,0.875,0.93,0.871904,-0.001273,0.015419,0.002093,0.29512,0.017242,0.906148,58.955139,10.546672,58.745991,11.889872,4.0,0.00014876,8,205,0.04905,0.05833,0.01,0.9,100,0.25,0.98239,,,-0.03,0.02535,-0.00266,0.0,0.0096,0.56255
1479,1514496,76.00289,100.66667,1.0,0.93,0.825813,-0.002222,0.008445,0.003342,0.298545,0.031494,0.950613,59.763935,11.763566,59.541687,13.142171,4.0,0.00014865,6,262,0.04539,0.05026,0.01,0.91,100,0.16667,0.41667,,,-0.03,0.03051,-0.00017,0.0,0.01839,0.45915
1480,1515520,54.97031,166.5,0.75,0.91,0.81362,-0.00074,0.052146,0.001898,0.361819,0.018295,0.895659,53.750057,18.855122,52.283222,20.9296,4.0,0.00014855,8,166,0.03729,0.04183,0.02,0.91,100,0.125,0.5,,,-0.03,0.02423,0.00062,0.0,0.01346,0.46295
1481,1516544,74.98131,117.75,1.0,0.92,0.7566,-0.000794,0.016208,0.00242,0.254689,0.012512,0.944847,58.94426,15.38831,59.066235,16.560511,4.0,0.00014845,8,129,0.03542,0.0408,0.02,0.9,100,0.0,0.75,,,-0.03,0.03313,0.0013,0.0,0.01484,0.6068
1482,1517568,58.76431,156.5,0.8,0.91,0.709448,-0.000807,0.015012,0.002741,0.256279,0.016495,0.619713,64.388412,6.220624,65.282883,6.282464,4.0,0.00014835,10,183,0.04067,0.04589,0.03,0.9,100,0.1,0.92157,,,-0.03,0.03587,0.00143,0.0,0.02436,0.62649
1483,1518592,76.10738,97.9,1.0,0.91,0.80898,-0.001205,0.004933,0.002679,0.332104,0.024261,0.55026,66.096504,2.847995,66.829361,3.118193,4.0,0.00014824,10,179,0.0419,0.04785,0.03,0.91,100,0.0,0.3125,,,-0.03,0.03365,0.00011,0.0,0.02386,0.72114
1484,1519616,74.13321,123.5,1.0,0.91,0.833776,-0.000728,0.006945,0.003193,0.282022,0.031479,0.407135,66.496964,3.572028,66.899803,3.271774,4.0,0.00014814,8,190,0.03988,0.04975,0.03,0.9,100,0.125,0.94118,,,-0.03,0.03265,-0.00172,0.0,0.01638,0.588
1485,1520640,56.93017,108.55556,0.77778,0.91,0.78032,-0.00066,0.098077,0.002058,0.449935,0.014664,0.220356,67.047531,3.467445,64.871429,10.792918,4.0,0.00014804,9,199,0.03589,0.04583,0.03,0.9,100,0.55556,0.92793,,,-0.03,0.03255,0.00053,0.0,0.014,0.51844
1486,1521664,67.40922,111.9,0.9,0.9,0.771538,-0.002173,0.038872,0.003595,0.301107,0.0224,0.595683,65.544159,5.321761,64.861099,9.710935,4.0,0.00014794,10,207,0.0371,0.04148,0.03,0.89,100,0.3,0.55,,,-0.03,0.0355,0.00167,0.0,0.0183,0.66023
1487,1522688,75.75022,101.27273,1.0,0.9,0.793034,-0.000889,0.016978,0.001459,0.251136,0.004593,0.133967,66.056679,5.423667,66.503098,4.684767,4.0,0.00014783,11,200,0.03827,0.04228,0.03,0.9,100,0.18182,0.48148,,,-0.03,0.03278,0.00199,0.0,0.02191,0.79989
1488,1523712,74.62048,113.42857,1.0,0.91,0.743943,-0.000969,0.004832,0.001737,0.235562,0.009445,0.350196,66.484604,3.068297,66.907822,2.833688,4.0,0.00014773,7,214,0.03478,0.03826,0.03,0.93,100,0.14286,0.36364,,,-0.03,0.03543,0.00178,0.0,0.01551,0.51328
1489,1524736,74.11063,125.25,1.0,0.92,0.736612,-0.00124,0.014935,0.003135,0.244953,0.02594,0.280803,65.143715,4.9424,65.176994,4.634824,4.0,0.00014763,8,208,0.03394,0.03921,0.03,0.94,100,0.375,0.33333,,,-0.03,0.02767,0.00204,0.0,0.0118,0.60764
1490,1525760,65.44088,131.0,0.88889,0.92,0.725308,-0.00052,0.021292,0.001007,0.276443,0.00621,0.850915,64.127518,9.399074,63.319447,12.631224,4.0,0.00014753,9,209,0.03574,0.04292,0.02,0.94,100,0.22222,0.36364,,,-0.03,0.03274,0.00107,0.0,0.01179,0.63679
1491,1526784,75.26329,111.88889,1.0,0.93,0.819977,-0.001587,0.007438,0.0026,0.229012,0.022354,0.515836,67.270668,3.84986,67.589165,3.599307,4.0,0.00014742,9,219,0.03444,0.0407,0.01,0.94,100,0.11111,0.77778,,,-0.03,0.03062,1e-05,0.0,0.02043,0.65896
1492,1527808,72.89316,142.14286,1.0,0.94,0.816679,-0.001247,0.04066,0.001371,0.193725,0.01149,0.60357,64.259842,10.839417,64.049316,9.941256,4.0,0.00014732,7,211,0.0386,0.04854,0.01,0.93,100,0.28571,0.95683,,,-0.03,0.03079,-0.00069,0.0,0.011,0.5466
1493,1528832,64.1992,117.71429,0.85714,0.95,0.75354,-0.00032,0.027153,0.001827,0.202835,0.008774,0.356905,65.834213,2.691335,65.269203,7.45327,4.0,0.00014722,7,211,0.03318,0.03588,0.0,0.94,100,0.14286,0.3,,,-0.03,0.03311,0.0019,0.0,0.01639,0.44592
1494,1529856,74.55825,116.6,1.0,0.95,0.782166,-0.001225,0.027024,0.002755,0.198215,0.014359,0.146094,65.899002,4.169996,65.893707,5.33698,4.0,0.00014712,10,209,0.03426,0.03887,0.0,0.95,100,0.2,0.35294,,,-0.03,0.03269,0.00211,0.0,0.01898,0.74076
1495,1530880,58.96022,105.5,0.8,0.93,0.729012,-0.000839,0.08529,0.00257,0.288512,0.015488,0.544255,62.79129,9.587404,61.436863,12.814521,4.0,0.00014701,10,213,0.03665,0.04631,0.0,0.94,100,0.4,0.2,,,-0.03,0.03443,0.00218,0.0,0.00531,0.65393
1496,1531904,65.47068,102.125,0.875,0.93,0.695775,-0.002207,0.0638,0.002869,0.322278,0.020218,0.789125,59.049965,14.165584,57.889465,16.224283,4.0,0.00014691,8,197,0.04092,0.04786,0.0,0.95,100,0.375,0.42857,,,-0.03,0.03514,0.00197,0.0,0.0113,0.59209
1497,1532928,74.96465,107.625,1.0,0.94,0.726046,-0.000965,0.027786,0.001606,0.190705,0.010193,0.92597,55.849365,17.787155,55.90493,18.638353,4.0,0.00014681,8,208,0.04657,0.05108,0.0,0.94,100,0.25,0.35714,,,-0.03,0.03349,0.00186,0.0,0.01649,0.68632
1498,1533952,65.39607,105.75,0.875,0.94,0.767722,-0.001235,0.051627,0.001884,0.278202,0.013794,0.92846,52.011833,23.378002,51.290764,25.036314,4.0,0.00014671,8,215,0.04714,0.0527,0.0,0.94,100,0.25,0.63158,,,-0.03,0.0323,0.00139,0.0,0.01717,0.59976
1499,1534976,67.04701,160.55556,0.88889,0.93,0.890266,-0.001467,0.008263,0.00235,0.238803,0.016785,0.969695,57.3424,15.516136,58.068558,16.518257,4.0,0.0001466,9,203,0.05055,0.05276,0.01,0.94,100,0.11111,0.38462,,,-0.03,0.0319,0.00131,0.0,0.02074,0.62006
1500,1536000,74.91607,109.625,1.0,0.93,0.881653,-0.001446,0.024945,0.002079,0.218881,0.023911,0.923976,57.030464,16.664974,57.062706,17.520691,4.0,0.0001465,8,215,0.05155,0.05599,0.01,0.93,100,0.25,0.58824,,,-0.03,0.03091,0.00112,0.0,0.01055,0.64405
1501,1537024,75.30263,109.33333,1.0,0.93,0.806993,-0.001007,0.01465,0.002173,0.174437,0.016586,0.972081,52.620953,22.679682,52.818298,23.99489,4.0,0.0001464,6,208,0.05301,0.05616,0.01,0.93,100,0.16667,0.45455,,,-0.03,0.03008,0.00135,0.0,0.01596,0.51065
1502,1538048,62.65591,182.42857,0.85714,0.92,0.784921,-0.002131,0.009247,0.003209,0.221215,0.026733,0.982438,56.06414,21.159805,56.481216,22.183132,4.0,0.0001463,7,219,0.04996,0.05254,0.02,0.93,100,0.14286,0.53846,,,-0.03,0.02973,0.00106,0.0,0.01512,0.49734
1503,1539072,66.97671,116.7,0.9,0.92,0.767321,-0.000354,0.053709,0.001652,0.215603,0.011353,0.916692,56.325916,22.956331,55.697514,24.598404,4.0,0.0001462,10,213,0.04318,0.04803,0.02,0.93,100,0.3,0.57895,,,-0.03,0.03295,0.00162,0.0,0.01722,0.75006
1504,1540096,55.66267,161.75,0.75,0.9,0.827746,-0.000329,0.052087,0.001319,0.215507,0.007294,0.908636,60.262405,21.579329,59.476562,22.825102,4.0,0.00014609,8,217,0.04571,0.05031,0.03,0.93,100,0.25,0.4,,,-0.03,0.035,0.00175,0.0,0.01746,0.47022
1505,1541120,75.16542,110.77778,1.0,0.91,0.890549,-0.001837,0.039442,0.004763,0.320406,0.046234,0.398454,63.8046,6.678027,63.460205,7.706423,4.0,0.00014599,9,196,0.04794,0.0519,0.03,0.91,100,0.11111,0.46667,,,-0.03,0.03243,0.00185,0.0,0.0161,0.67675
1506,1542144,75.0538,111.66667,1.0,0.91,0.861757,-0.001221,0.013227,0.002491,0.184397,0.01973,0.926497,59.899971,12.47443,60.481468,12.95406,4.0,0.00014589,9,214,0.05095,0.05403,0.03,0.9,100,0.11111,0.38462,,,-0.03,0.03188,0.00164,0.0,0.01812,0.73069
1507,1543168,73.89157,131.6,1.0,0.92,0.793478,-0.001173,0.035304,0.00238,0.183249,0.012497,0.908759,54.8465,18.147078,54.270485,18.818836,4.0,0.00014579,5,217,0.04631,0.05011,0.03,0.88,100,0.4,0.57143,,,-0.03,0.02591,0.00091,0.0,0.01065,0.43776
1508,1544192,74.93149,104.5,1.0,0.93,0.790413,-0.001308,0.017237,0.001811,0.20496,0.013748,0.97591,49.517189,24.617548,49.447525,25.867134,4.0,0.00014568,6,220,0.0535,0.05666,0.03,0.86,100,0.33333,0.42857,,,-0.03,0.03118,0.00107,0.0,0.01575,0.56471
1509,1545216,59.76254,207.8,0.8,0.92,0.783531,-0.003091,0.014082,0.003442,0.356827,0.034088,0.987099,43.979351,30.638762,43.023567,31.255775,4.0,0.00014558,5,232,0.05223,0.05467,0.04,0.86,100,0.4,0.5,,,-0.03,0.02411,0.00071,0.0,0.01456,0.37675
1510,1546240,73.91428,136.33333,1.0,0.93,0.8576,-0.001802,0.008698,0.002681,0.231473,0.014725,0.9899,48.893799,29.17193,49.108494,30.044203,4.0,0.00014548,6,214,0.04845,0.0506,0.04,0.85,100,0.16667,0.54545,,,-0.03,0.02707,0.00066,0.0,0.01659,0.49453
1511,1547264,48.31061,218.66667,0.66667,0.9,0.895944,-0.001358,0.055851,0.002617,0.290964,0.01622,0.929012,56.598305,25.338814,55.370636,26.610399,4.0,0.00014538,9,219,0.04796,0.05214,0.06,0.85,100,0.22222,0.77778,,,-0.03,0.03369,0.00146,0.0,0.01262,0.45878
1512,1548288,75.05448,112.33333,1.0,0.92,0.8547,-0.000985,0.01493,0.002854,0.290701,0.023056,0.250103,64.892525,5.902221,65.819466,4.693804,4.0,0.00014527,9,203,0.04398,0.04695,0.05,0.84,100,0.33333,0.5,,,-0.03,0.03105,0.00108,0.0,0.01971,0.65972
1513,1549312,74.3723,126.4,1.0,0.92,0.91358,-0.001015,0.005708,0.0016,0.223781,0.0103,0.545915,66.831673,3.674492,67.22435,3.545605,4.0,0.00014517,10,207,0.04579,0.05146,0.05,0.84,100,0.0,0.86486,,,-0.03,0.0316,0.00012,0.0,0.02038,0.72687
1514,1550336,75.01217,114.44444,1.0,0.92,0.849122,-0.001252,0.003,0.002271,0.221319,0.021317,0.634544,66.65361,2.861538,67.30928,2.816921,4.0,0.00014507,9,201,0.0456,0.04851,0.05,0.84,100,0.22222,0.5,,,-0.03,0.03281,0.00141,0.0,0.01861,0.65803
1515,1551360,75.30175,106.14286,1.0,0.93,0.852634,-0.001764,0.00288,0.001963,0.193376,0.015503,0.731953,67.313301,2.679698,67.683121,3.062498,4.0,0.00014497,7,212,0.0437,0.04623,0.04,0.83,100,0.28571,0.33333,,,-0.03,0.0327,0.00188,0.0,0.01926,0.51302
1516,1552384,75.48446,104.88889,1.0,0.94,0.842434,-0.001183,0.003567,0.002153,0.209313,0.020462,0.848106,66.828766,3.980151,67.135902,4.709809,4.0,0.00014486,9,205,0.03778,0.04066,0.04,0.83,100,0.33333,0.33333,,,-0.03,0.03049,0.00212,0.0,0.02077,0.66901
1517,1553408,55.86634,96.75,0.75,0.94,0.812285,-0.001658,0.105076,0.003277,0.530245,0.036835,0.445141,65.189941,8.134142,62.047668,13.025159,4.0,0.00014476,8,217,0.03747,0.04535,0.03,0.83,100,0.375,0.33333,,,-0.03,0.03356,0.00152,0.0,0.00282,0.46164
1518,1554432,66.25363,109.88889,0.88889,0.93,0.854987,-0.000902,0.013235,0.001403,0.274891,0.007782,0.942434,61.640388,12.92118,61.470627,14.273574,4.0,0.00014466,9,212,0.03918,0.0422,0.03,0.85,100,0.11111,0.38462,,,-0.03,0.02994,0.0017,0.0,0.01641,0.59407
1519,1555456,58.74903,156.9,0.8,0.91,0.825056,-0.000858,0.038578,0.002192,0.337998,0.015152,0.857233,62.05418,13.713768,61.030426,16.058056,4.0,0.00014456,10,205,0.03897,0.04395,0.04,0.83,100,0.1,0.66667,,,-0.03,0.031,0.00163,0.0,0.01318,0.60647
1520,1556480,65.61174,113.77778,0.88889,0.9,0.832931,-0.000975,0.021741,0.003185,0.209494,0.042557,0.451411,65.488388,5.750362,65.743553,6.174872,4.0,0.00014445,9,219,0.04261,0.04889,0.04,0.83,100,0.44444,0.68421,,,-0.03,0.03577,0.00128,0.0,0.01259,0.60483
1521,1557504,66.23549,102.88889,0.88889,0.9,0.905354,-0.001889,0.054845,0.003344,0.318342,0.041992,0.452457,65.143661,4.729581,64.238548,9.465651,4.0,0.00014435,9,202,0.048,0.05348,0.03,0.85,100,0.55556,0.5,,,-0.03,0.03472,0.00197,0.0,0.0138,0.59032
1522,1558528,74.76437,114.0,1.0,0.91,0.892693,-0.001388,0.014254,0.00295,0.216712,0.024948,0.359148,64.192688,4.903439,64.728134,4.597196,4.0,0.00014425,8,212,0.05412,0.05787,0.02,0.86,100,0.125,0.6,,,-0.03,0.0298,0.00091,0.0,0.01759,0.59822
1523,1559552,74.41176,120.4,1.0,0.93,0.948736,-0.000737,0.051623,0.00136,0.218922,0.00415,0.590229,63.032845,7.937965,62.21085,10.353305,4.0,0.00014415,10,209,0.0522,0.05978,0.01,0.85,100,0.3,0.47059,,,-0.03,0.03469,0.00153,0.0,0.00807,0.76157
1524,1560576,57.76974,105.88889,0.77778,0.91,0.927053,-0.000802,0.022861,0.000832,0.147978,0.002289,0.828333,62.629539,8.85887,62.644131,11.478683,4.0,0.00014404,9,212,0.0537,0.05758,0.01,0.87,100,0.66667,0.27273,,,-0.03,0.03066,0.00091,0.0,0.01918,0.52219
1525,1561600,74.76571,115.0,1.0,0.91,0.975394,-0.001998,0.008495,0.002272,0.212734,0.019882,0.315264,65.541489,4.031746,65.7444,3.497182,4.0,0.00014394,7,211,0.05969,0.07095,0.01,0.87,100,0.28571,0.33333,,,-0.03,0.02988,-0.00318,0.0,0.01398,0.53032
1526,1562624,73.84307,129.33333,1.0,0.91,0.88325,-0.001482,0.016422,0.002124,0.206211,0.013138,0.739232,63.914898,6.317249,63.471664,7.384483,4.0,0.00014384,6,221,0.05406,0.06428,0.01,0.86,100,0.16667,0.95413,,,-0.03,0.0277,-0.00228,0.0,0.01313,0.46735
1527,1563648,72.87126,139.14286,1.0,0.91,0.895341,-0.000854,0.019275,0.002183,0.180655,0.023727,0.795722,61.39843,9.03399,61.287323,9.55765,4.0,0.00014374,7,205,0.05727,0.06341,0.01,0.86,100,0.57143,0.925,,,-0.03,0.02856,-0.00033,0.0,0.01352,0.56006
1528,1564672,62.61104,182.42857,0.85714,0.9,0.865747,-0.001498,0.007644,0.001573,0.275908,0.009796,0.964188,59.341557,14.077793,59.242397,15.464103,4.0,0.00014364,7,217,0.05306,0.05577,0.02,0.86,100,0.28571,0.94737,,,-0.03,0.02844,0.00106,0.0,0.01543,0.4819
1529,1565696,74.4216,120.375,1.0,0.92,0.897822,-0.001253,0.007962,0.001604,0.290057,0.01445,0.945327,62.80751,10.694243,62.530418,12.150911,4.0,0.00014353,8,227,0.0558,0.06304,0.02,0.88,100,0.25,0.80952,,,-0.03,0.02804,-0.00115,0.0,0.01474,0.64385
1530,1566720,74.15289,124.42857,1.0,0.93,0.918386,-0.002255,0.011104,0.002547,0.281326,0.024307,0.976837,58.134483,20.196005,57.991844,21.19953,4.0,0.00014343,7,216,0.0524,0.05693,0.02,0.87,100,0.14286,0.92405,,,-0.03,0.02847,4e-05,0.0,0.01584,0.54666
1531,1567744,66.20511,168.2,0.9,0.94,0.882341,-0.001135,0.014027,0.003444,0.201469,0.018768,0.956637,61.977406,17.573227,62.447433,17.913115,4.0,0.00014333,10,222,0.05345,0.05726,0.02,0.86,100,0.2,0.55,,,-0.03,0.03321,0.00146,0.0,0.01579,0.69424
1532,1568768,74.7015,111.0,1.0,0.95,0.932577,-0.001612,0.004667,0.001834,0.212787,0.012161,0.551596,67.240822,3.336883,67.492386,3.130765,4.0,0.00014323,7,208,0.04955,0.05547,0.02,0.86,100,0.14286,0.22222,,,-0.03,0.02879,0.00017,0.0,0.01828,0.52211
1533,1569792,75.89681,104.14286,1.0,0.95,0.998191,-0.002026,0.002901,0.002936,0.221985,0.024658,0.588501,67.930237,2.692588,67.850624,2.994709,4.0,0.00014312,7,216,0.0553,0.06766,0.02,0.87,100,0.0,0.36364,,,-0.03,0.02822,-0.00382,0.0,0.0207,0.51782
1534,1570816,64.49539,126.5,0.875,0.95,0.905068,-0.000856,0.04082,0.001808,0.394864,0.014694,0.648073,65.364746,7.817628,63.668785,11.187032,4.0,0.00014302,8,205,0.0493,0.0556,0.02,0.87,100,0.375,0.94828,,,-0.03,0.02866,-0.00013,0.0,0.01248,0.52794
1535,1571840,75.04173,111.77778,1.0,0.95,0.938113,-0.001108,0.011156,0.002018,0.3436,0.014847,0.966093,61.055271,17.032988,60.755192,18.933702,4.0,0.00014292,9,215,0.04461,0.04873,0.02,0.87,100,0.22222,0.78378,,,-0.03,0.03098,0.00085,0.0,0.02146,0.66041
1536,1572864,64.32678,164.75,0.875,0.94,0.838118,-0.00086,0.005389,0.001071,0.192224,0.004639,0.977053,64.378098,13.80663,64.495888,14.237723,4.0,0.00014282,8,271,0.04177,0.04434,0.03,0.88,100,0.25,0.96178,,,-0.03,0.0314,0.00171,0.0,0.01751,0.52213
1537,1573888,75.61718,100.25,1.0,0.96,0.828966,-0.001064,0.007925,0.001849,0.256275,0.012177,0.955433,64.77018,11.785305,64.16922,12.827785,4.0,0.00014271,8,213,0.0405,0.04435,0.03,0.87,100,0.375,0.30769,,,-0.03,0.03154,0.002,0.0,0.01695,0.60835
1538,1574912,66.73539,107.77778,0.88889,0.95,0.891518,-0.000958,0.02959,0.001786,0.276228,0.014877,0.942291,60.001057,19.737476,59.307045,21.462217,4.0,0.00014261,9,254,0.03993,0.04547,0.03,0.86,100,0.33333,0.27273,,,-0.03,0.03067,0.00063,0.0,0.01493,0.60218
1539,1575936,54.76669,170.125,0.75,0.93,0.938076,-0.000828,0.049796,0.003534,0.32716,0.02977,0.935469,56.583614,25.560766,54.931713,26.633141,4.0,0.00014251,8,279,0.04885,0.0571,0.04,0.87,100,0.25,0.61538,,,-0.03,0.02847,-0.00122,0.0,0.01139,0.45692
1540,1576960,75.70224,100.85714,1.0,0.93,0.884072,-0.001644,0.011619,0.001398,0.261594,0.014893,0.913162,63.255775,10.060479,62.951973,11.387811,4.0,0.00014241,7,285,0.05066,0.05653,0.04,0.87,100,0.28571,0.53333,,,-0.03,0.02985,-0.00025,0.0,0.02137,0.51889
1541,1577984,66.7154,108.22222,0.88889,0.93,0.884271,-0.000968,0.046943,0.002143,0.344025,0.009109,0.906322,58.802017,19.195127,57.372292,21.259314,4.0,0.0001423,9,291,0.04782,0.05368,0.03,0.87,100,0.11111,0.11111,,,-0.03,0.0308,0.00084,0.0,0.01494,0.59533
1542,1579008,56.36348,164.88889,0.77778,0.91,0.896942,-0.001472,0.043647,0.002752,0.22168,0.021988,0.907327,59.787834,18.502762,59.280975,20.081783,4.0,0.0001422,9,266,0.04975,0.05417,0.04,0.86,100,0.22222,0.95897,,,-0.03,0.03187,0.00131,0.0,0.01445,0.50951
1543,1580032,75.34468,108.4,1.0,0.92,0.882683,-0.00091,0.018896,0.00245,0.2762,0.024536,0.218761,64.910011,6.500982,65.799728,5.274871,4.0,0.0001421,10,254,0.0506,0.05343,0.03,0.84,100,0.4,0.55556,,,-0.03,0.03443,0.00146,0.0,0.02201,0.73148
1544,1581056,65.83942,105.125,0.875,0.91,0.897311,-0.00114,0.045227,0.002154,0.393584,0.017761,0.653417,63.949512,7.509647,62.464928,11.263743,4.0,0.000142,8,251,0.05596,0.06098,0.03,0.85,100,0.375,0.3,,,-0.03,0.03133,0.00158,0.0,0.0123,0.52151
1545,1582080,66.69742,111.2,0.9,0.9,0.856127,-0.000934,0.064358,0.001306,0.321971,0.008636,0.82863,58.892159,15.648181,57.67561,17.888496,4.0,0.00014189,10,282,0.05839,0.06444,0.03,0.86,100,0.4,0.42857,,,-0.03,0.03179,0.00107,0.0,0.01098,0.72196
1546,1583104,74.90318,113.85714,1.0,0.91,0.883807,-0.000891,0.019169,0.001822,0.242343,0.017426,0.938894,57.575504,17.690903,58.127628,18.285568,4.0,0.00014179,7,296,0.05942,0.06302,0.03,0.84,100,0.42857,0.625,,,-0.03,0.03296,0.00092,0.0,0.01881,0.5609
1547,1584128,55.66945,106.0,0.75,0.89,0.925142,-0.000863,0.07769,0.002317,0.525663,0.010544,0.900984,53.828903,24.291336,51.525795,26.648523,4.0,0.00014169,8,286,0.06373,0.06912,0.03,0.85,100,0.5,0.4,,,-0.03,0.03245,0.00091,0.0,0.00987,0.48366
1548,1585152,51.34501,184.57143,0.71429,0.88,0.946007,-0.001268,0.073988,0.002318,0.3227,0.028427,0.884727,53.203808,22.647593,51.902271,23.285,4.0,0.00014159,7,280,0.06883,0.07689,0.03,0.85,100,0.42857,0.72222,,,-0.03,0.02881,-0.00075,0.0,0.00804,0.39919
1549,1586176,73.04857,134.0,1.0,0.88,0.940216,-0.000778,0.059067,0.001637,0.297975,0.01149,0.656523,54.231194,12.439818,54.484642,12.923553,4.0,0.00014148,7,297,0.0658,0.07168,0.03,0.84,100,0.71429,0.91176,,,-0.03,0.02874,-0.00011,0.0,0.01176,0.564
1550,1587200,64.57854,144.11111,0.88889,0.88,0.837167,-0.000929,0.103606,0.002144,0.205182,0.018997,0.781508,46.975746,19.359816,46.961292,20.719023,4.0,0.00014138,9,284,0.06381,0.07039,0.03,0.84,100,0.33333,0.6,,,-0.03,0.02436,0.00078,0.0,0.00589,0.70805
1551,1588224,73.66559,131.0,1.0,0.89,0.985103,-0.001179,0.019814,0.001154,0.422551,0.003525,0.949661,47.594734,19.639019,49.46331,20.967224,4.0,0.00014128,7,292,0.06646,0.06962,0.03,0.85,100,0.28571,0.52941,,,-0.03,0.0284,0.00027,0.0,0.01443,0.57817
1552,1589248,74.34743,120.71429,1.0,0.9,0.942752,-0.001935,0.007217,0.003539,0.384306,0.033478,0.987812,50.176537,24.034945,52.034412,25.061962,4.0,0.00014118,7,292,0.06329,0.06621,0.02,0.86,100,0.0,0.58824,,,-0.03,0.03108,0.00039,0.0,0.01636,0.5747
1553,1590272,63.57821,187.875,0.875,0.9,0.858072,-0.001757,0.01017,0.003149,0.293354,0.030014,0.986728,53.450878,26.623873,54.517342,26.971216,4.0,0.00014108,8,286,0.06155,0.06626,0.03,0.87,100,0.375,0.33333,,,-0.03,0.0295,0.00117,0.0,0.01208,0.59358
1554,1591296,66.17049,114.77778,0.88889,0.91,0.955639,-0.001072,0.039808,0.002382,0.191258,0.021408,0.664189,63.079266,7.768581,63.31345,10.792665,4.0,0.00014097,9,278,0.06117,0.06495,0.02,0.86,100,0.22222,0.57895,,,-0.03,0.03379,0.001,0.0,0.01495,0.60177
1555,1592320,75.26185,109.0,1.0,0.91,0.921464,-0.002336,0.010731,0.003785,0.258597,0.028885,0.761215,64.605507,5.382262,65.393784,6.292995,4.0,0.00014087,7,278,0.05056,0.05414,0.02,0.85,100,0.42857,0.45,,,-0.03,0.03333,0.00183,0.0,0.01722,0.51017
1556,1593344,75.48645,104.75,1.0,0.91,0.825152,-0.001069,0.017893,0.001876,0.222855,0.010864,0.931057,62.692497,14.693344,63.19239,16.059525,4.0,0.00014077,8,287,0.05093,0.05488,0.02,0.85,100,0.25,0.54167,,,-0.03,0.0338,0.00145,0.0,0.02006,0.62339
1557,1594368,75.15922,109.625,1.0,0.92,0.749607,-0.000931,0.014278,0.002364,0.194015,0.025116,0.972328,60.339436,22.388002,60.574162,22.870008,4.0,0.00014067,8,286,0.04819,0.05311,0.02,0.86,100,0.125,0.47619,,,-0.03,0.03259,0.00193,0.0,0.0206,0.66161
1558,1595392,74.93441,112.33333,1.0,0.93,0.73676,-0.001153,0.012081,0.002091,0.202866,0.01709,0.985174,57.95285,26.562912,57.871559,27.054482,4.0,0.00014056,9,278,0.03843,0.0418,0.02,0.86,100,0.22222,0.59091,,,-0.03,0.03027,0.00124,0.0,0.01338,0.73223
1559,1596416,63.68088,176.57143,0.85714,0.92,0.801227,-0.001557,0.008116,0.001923,0.222066,0.015488,0.988316,59.077896,25.162495,59.479179,25.262075,4.0,0.00014046,7,288,0.04562,0.04979,0.03,0.87,100,0.28571,0.5,,,-0.03,0.03302,0.0016,0.0,0.01769,0.47619
1560,1597440,66.47186,118.6,0.9,0.93,0.825505,-0.000729,0.069707,0.00118,0.235365,0.005692,0.252944,68.127251,6.026332,67.020844,9.132246,4.0,0.00014036,10,285,0.04694,0.05301,0.03,0.9,100,0.3,0.45833,,,-0.03,0.03553,0.00172,0.0,0.01071,0.67496
1561,1598464,64.02552,117.875,0.875,0.94,0.778652,-0.001044,0.04608,0.001993,0.186215,0.013474,0.530409,66.908401,6.548973,66.082932,9.484427,4.0,0.00014026,8,291,0.06082,0.07218,0.02,0.91,100,0.625,0.73913,,,-0.03,0.03086,-0.00159,0.0,0.01226,0.5902
1562,1599488,66.24356,121.5,0.9,0.93,0.871314,-0.001282,0.057245,0.002448,0.258747,0.014557,0.353797,66.525742,4.386915,65.286446,8.653722,4.0,0.00014015,10,267,0.04948,0.05813,0.02,0.91,100,0.2,0.87413,,,-0.03,0.03361,0.00038,0.0,0.01183,0.67386
1563,1600512,57.4984,105.88889,0.77778,0.92,0.890731,-0.000919,0.095919,0.003403,0.506999,0.023224,0.399333,65.30217,5.583238,62.978107,11.827645,4.0,0.00014005,9,236,0.04937,0.05597,0.02,0.92,100,0.22222,0.6087,,,-0.03,0.0338,0.00127,0.0,0.01275,0.51548
1564,1601536,74.80614,111.57143,1.0,0.92,0.881621,-0.001053,0.019163,0.002882,0.27508,0.014755,0.136257,63.018631,4.928196,63.185585,4.680139,4.0,0.00013995,7,239,0.05037,0.05396,0.02,0.93,100,0.28571,0.4375,,,-0.03,0.03175,0.00074,0.0,0.01886,0.52009
1565,1602560,74.7276,117.25,1.0,0.94,0.921243,-0.00096,0.016802,0.001291,0.257703,0.008102,0.049226,62.846611,4.458165,63.564674,4.45805,4.0,0.00013985,12,231,0.05511,0.06028,0.01,0.91,100,0.16667,0.63889,,,-0.03,0.03207,0.00083,0.0,0.01553,0.89803
1566,1603584,62.39248,120.71429,0.85714,0.93,0.862478,-0.000908,0.054953,0.001749,0.291283,0.016891,0.354365,62.317173,4.364562,61.298939,8.455695,4.0,0.00013974,7,214,0.04978,0.0544,0.01,0.92,100,0.42857,0.68421,,,-0.03,0.03058,0.00078,0.0,0.00923,0.44718
1567,1604608,74.38606,123.375,1.0,0.93,0.955395,-0.001089,0.009847,0.001494,0.241098,0.011688,0.326224,62.876827,3.349533,63.941498,3.571186,4.0,0.00013964,8,235,0.05754,0.06172,0.01,0.92,100,0.125,0.6,,,-0.03,0.03169,0.00014,0.0,0.02095,0.58433
1568,1605632,74.82938,112.11111,1.0,0.93,0.918478,-0.002344,0.00454,0.00453,0.260911,0.029388,0.714127,63.695187,3.194572,64.642929,3.726136,4.0,0.00013954,9,242,0.05563,0.05933,0.01,0.92,100,0.22222,0.44444,,,-0.03,0.03288,0.00097,0.0,0.01693,0.67653
1569,1606656,74.65255,116.5,1.0,0.93,0.899384,-0.002386,0.00336,0.005349,0.34189,0.048248,0.756679,63.998215,2.673646,64.979904,3.373477,4.0,0.00013944,10,238,0.0535,0.05697,0.01,0.94,100,0.1,0.43478,,,-0.03,0.03326,0.00092,0.0,0.01698,0.74274
1570,1607680,75.18324,103.44444,1.0,0.94,0.868375,-0.000899,0.004643,0.001556,0.274188,0.006699,0.690897,64.651627,3.177611,65.886169,3.548241,4.0,0.00013933,9,230,0.04998,0.05513,0.0,0.93,100,0.22222,0.5,,,-0.03,0.03501,0.00169,0.0,0.01915,0.67263
1571,1608704,74.59282,116.55556,1.0,0.95,0.82255,-0.000778,0.010223,0.001927,0.194833,0.015808,0.714444,65.055351,5.4385,65.258064,5.631407,4.0,0.00013923,9,216,0.05147,0.05547,0.0,0.92,100,0.0,0.6,,,-0.03,0.03086,0.00048,0.0,0.01745,0.70628
1572,1609728,66.04012,106.0,0.88889,0.95,0.78376,-0.001267,0.058087,0.001598,0.316908,0.010391,0.645612,63.256943,9.044497,62.002666,12.129437,4.0,0.00013913,9,244,0.0443,0.05208,0.0,0.91,100,0.33333,0.66667,,,-0.03,0.03465,0.00109,0.0,0.00926,0.6607
1573,1610752,75.16687,106.33333,1.0,0.95,0.812286,-0.001118,0.007532,0.001241,0.217291,0.00975,0.976178,60.882919,16.458496,61.119446,17.103176,4.0,0.00013903,6,256,0.04389,0.04935,0.0,0.91,100,0.33333,0.64286,,,-0.03,0.03269,0.00018,0.0,0.01795,0.49376
1574,1611776,73.3847,139.28571,1.0,0.96,0.799281,-0.001418,0.007225,0.00237,0.197231,0.013306,0.98761,58.126289,22.174608,57.985123,22.849421,4.0,0.00013892,7,257,0.04374,0.05074,0.0,0.9,100,0.14286,0.93548,,,-0.03,0.02732,-0.00061,0.0,0.01517,0.58581
1575,1612800,65.3411,175.625,0.875,0.97,0.742218,-0.000906,0.023198,0.001823,0.256246,0.0121,0.954829,59.622215,20.60932,58.938576,21.7269,4.0,0.00013882,8,241,0.0366,0.04046,0.01,0.9,100,0.25,0.35714,,,-0.03,0.03347,0.00173,0.0,0.01725,0.56811
1576,1613824,53.48788,111.81818,0.72727,0.94,0.825827,-0.001225,0.105038,0.001624,0.409045,0.015396,0.486604,65.159714,8.464107,62.982635,13.346909,4.0,0.00013872,11,239,0.04029,0.04736,0.01,0.89,100,0.36364,0.35714,,,-0.03,0.03416,0.00203,0.0,0.00928,0.60765
1577,1614848,59.64759,111.3,0.8,0.92,0.871827,-0.001041,0.087132,0.001245,0.498571,0.007446,0.541852,64.137039,7.422212,62.161877,12.964431,4.0,0.00013862,10,233,0.04054,0.04605,0.01,0.88,100,0.3,0.47059,,,-0.03,0.03445,0.00185,0.0,0.01478,0.58956
1578,1615872,75.59218,106.77778,1.0,0.93,0.905508,-0.000719,0.026606,0.001502,0.304838,0.017746,0.498939,62.703197,7.273374,63.435959,7.178517,4.0,0.00013852,9,245,0.04057,0.0438,0.01,0.88,100,0.11111,0.63636,,,-0.03,0.03268,0.0016,0.0,0.02143,0.6621
1579,1616896,75.34292,111.875,1.0,0.93,0.929196,-0.000867,0.016007,0.001105,0.256521,0.008011,0.216971,63.469421,4.250414,64.064056,4.499192,4.0,0.00013841,8,230,0.04121,0.04378,0.01,0.87,100,0.0,0.35714,,,-0.03,0.03354,0.00218,0.0,0.021,0.58048
1580,1617920,74.56048,118.66667,1.0,0.93,0.92029,-0.000749,0.004701,0.001609,0.262847,0.009201,0.609345,64.106346,3.527356,65.267303,3.50035,4.0,0.00013831,9,233,0.04276,0.04642,0.01,0.87,100,0.44444,0.28571,,,-0.03,0.03485,0.00166,0.0,0.01517,0.66717
1581,1618944,75.35672,110.71429,1.0,0.93,0.896124,-0.001444,0.008311,0.003082,0.293867,0.027115,0.765731,63.625679,4.626254,63.822712,5.434992,4.0,0.00013821,7,229,0.04023,0.04232,0.01,0.86,100,0.0,0.18182,,,-0.03,0.02571,0.00182,0.0,0.02051,0.5132
1582,1619968,73.44428,140.4,1.0,0.93,0.901157,-0.001283,0.00748,0.002145,0.263723,0.017258,0.562466,64.112244,4.183362,65.014488,3.991858,4.0,0.00013811,10,228,0.05169,0.05558,0.01,0.83,100,0.0,0.55556,,,-0.03,0.03308,0.00105,0.0,0.01411,0.75574
1583,1620992,75.46174,109.33333,1.0,0.93,0.871041,-0.001381,0.002873,0.002811,0.2709,0.023605,0.808003,65.312706,3.096871,66.473709,3.420897,4.0,0.000138,9,259,0.03814,0.04089,0.01,0.84,100,0.11111,0.375,,,-0.03,0.03493,0.00161,0.0,0.02194,0.65275
1584,1622016,75.4606,106.375,1.0,0.94,0.852646,-0.001601,0.002673,0.002344,0.295706,0.022659,0.777355,66.929993,3.34272,67.540642,3.207498,4.0,0.0001379,8,203,0.0434,0.04738,0.01,0.85,100,0.125,0.28571,,,-0.03,0.03206,0.00157,0.0,0.01813,0.58755
1585,1623040,75.43334,108.125,1.0,0.94,0.866528,-0.001256,0.0047,0.001354,0.222541,0.012024,0.639708,66.937805,3.727335,67.667419,3.434387,4.0,0.0001378,8,185,0.0411,0.04443,0.01,0.84,100,0.125,0.18182,,,-0.03,0.03218,0.00145,0.0,0.02103,0.59294
1586,1624064,75.84293,102.2,1.0,0.95,0.883119,-0.002161,0.001749,0.002575,0.250348,0.022995,0.806054,67.535049,2.723537,67.972733,2.998935,4.0,0.0001377,10,134,0.04144,0.04383,0.0,0.85,100,0.0,0.4375,,,-0.03,0.03152,0.00131,0.0,0.0206,0.73224
1587,1625088,55.2442,110.125,0.75,0.95,0.773969,-0.000301,0.091481,0.001526,0.509173,0.009552,0.292151,65.8694,5.802249,63.484138,11.134403,4.0,0.00013759,8,160,0.03473,0.04151,0.0,0.85,100,0.375,0.33333,,,-0.03,0.02879,0.00142,0.0,0.00818,0.46215
1588,1626112,63.0262,180.28571,0.85714,0.96,0.809965,-0.001742,0.00566,0.001354,0.180007,0.011658,0.898685,67.271591,6.163809,67.477272,6.467713,4.0,0.00013749,7,141,0.03705,0.04232,0.01,0.85,100,0.28571,0.8,,,-0.03,0.03369,0.00112,0.0,0.01827,0.44679
1589,1627136,74.30344,125.75,1.0,0.97,0.806425,-0.001645,0.005294,0.00194,0.228136,0.015152,0.459369,68.044067,2.820733,67.759399,2.936772,4.0,0.00013739,8,173,0.03426,0.03932,0.01,0.86,100,0.25,0.90278,,,-0.03,0.02926,0.00067,0.0,0.01467,0.59079
1590,1628160,67.64834,120.36364,0.90909,0.96,0.775741,-9.9e-05,0.041362,0.001522,0.133181,0.011765,0.308447,67.790237,3.205218,67.51033,7.191256,4.0,0.00013729,11,157,0.03565,0.04045,0.01,0.87,100,0.18182,0.08333,,,-0.03,0.03419,0.0021,0.0,0.0162,0.74573
1591,1629184,75.14782,102.77778,1.0,0.96,0.799978,-0.001495,0.003244,0.003531,0.192243,0.01976,0.442179,68.387093,1.724929,68.629234,2.030113,4.0,0.00013718,9,150,0.03314,0.03638,0.01,0.88,100,0.44444,0.44444,,,-0.03,0.03606,0.00173,0.0,0.01967,0.66503
1592,1630208,65.91415,113.33333,0.88889,0.95,0.841966,-0.000725,0.063157,0.001808,0.329968,0.011932,0.429987,67.009232,6.785686,65.881485,9.924431,4.0,0.00013708,9,157,0.04172,0.04766,0.01,0.88,100,0.22222,0.38462,,,-0.03,0.03385,0.00179,0.0,0.01372,0.60259
1593,1631232,64.22072,107.71429,0.85714,0.94,0.812247,-0.000635,0.049179,0.003271,0.402652,0.028412,0.577513,66.301758,6.622586,64.974258,10.136636,4.0,0.00013698,7,151,0.04259,0.04839,0.01,0.89,100,0.14286,0.125,,,-0.03,0.03137,0.00197,0.0,0.0161,0.4558
1594,1632256,75.36607,115.4,1.0,0.94,0.83517,-0.001526,0.008496,0.001353,0.20031,0.008591,0.858179,65.348862,6.839009,65.288895,7.477486,4.0,0.00013688,10,146,0.04728,0.05067,0.01,0.91,100,0.0,0.45,,,-0.03,0.03286,0.00141,0.0,0.01885,0.80123
1595,1633280,75.03521,114.83333,1.0,0.94,0.794726,-0.001325,0.005061,0.002356,0.254935,0.020462,0.966886,63.470951,12.428255,63.220222,13.221437,4.0,0.00013677,6,158,0.04638,0.04961,0.01,0.91,100,0.0,0.4,,,-0.03,0.03155,0.00088,0.0,0.01996,0.48727
1596,1634304,73.8232,137.58333,1.0,0.94,0.83494,-0.000349,0.026914,0.001183,0.278857,0.008179,0.798194,63.792152,14.17002,65.175636,11.838731,4.0,0.00013667,12,165,0.052,0.05675,0.01,0.9,100,0.16667,0.78182,,,-0.03,0.03541,0.00187,0.0,0.01967,0.93496
1597,1635328,75.26634,104.375,1.0,0.94,0.892188,-0.001499,0.003315,0.002992,0.181354,0.013351,0.54741,67.08699,1.992599,67.40406,2.397193,4.0,0.00013657,8,167,0.04928,0.0523,0.01,0.9,100,0.125,0.11111,,,-0.03,0.03318,0.00201,0.0,0.01662,0.59597
1598,1636352,75.31207,115.0,1.0,0.95,0.951575,-0.00164,0.005216,0.002358,0.183204,0.020996,0.51753,67.511566,2.166852,67.732559,2.992399,4.0,0.00013647,9,164,0.05331,0.05705,0.01,0.9,100,0.11111,0.59091,,,-0.03,0.03576,0.00186,0.0,0.01948,0.65028
1599,1637376,67.01208,102.44444,0.88889,0.96,0.941129,-0.000247,0.035986,0.001101,0.201982,0.009598,0.470926,66.124748,4.273081,65.327133,7.95906,4.0,0.00013636,9,161,0.05461,0.05786,0.0,0.89,100,0.11111,0.28571,,,-0.03,0.03061,0.00201,0.0,0.01776,0.59052
1600,1638400,52.522,123.28571,0.71429,0.94,0.875165,-0.000864,0.070342,0.00181,0.566215,0.016632,0.767552,61.789803,12.627867,59.105602,16.483442,4.0,0.00013626,7,170,0.0491,0.05382,0.0,0.9,100,0.28571,0.28571,,,-0.03,0.03128,0.00142,0.0,0.00782,0.38609
1601,1639424,74.84365,109.57143,1.0,0.95,1.010295,-0.000966,0.024545,0.002023,0.302442,0.013855,0.905463,61.035484,15.797076,61.348484,16.125755,4.0,0.00013616,7,153,0.06201,0.06899,0.0,0.89,100,0.28571,0.5625,,,-0.03,0.02748,-0.00023,0.0,0.01797,0.54035
1602,1640448,73.93736,120.0,1.0,0.95,0.955493,-0.000973,0.023211,0.002766,0.244151,0.027878,0.955881,58.271011,20.763485,57.665199,21.546572,4.0,0.00013606,9,156,0.05775,0.0633,0.0,0.88,100,0.33333,0.85938,,,-0.03,0.03075,0.00141,0.0,0.00819,0.72166
1603,1641472,59.202,158.4,0.8,0.93,1.024523,-0.000268,0.020855,0.002191,0.17267,0.01767,0.849809,64.487625,9.557274,64.540642,11.750149,4.0,0.00013596,10,165,0.05787,0.06061,0.01,0.86,100,0.2,0.36364,,,-0.03,0.03361,0.00181,0.0,0.02077,0.59094
1604,1642496,74.50874,120.375,1.0,0.94,1.033958,-0.002,0.006977,0.002684,0.252729,0.016037,0.4333,66.099609,3.511369,66.720886,3.296072,4.0,0.00013585,8,162,0.06536,0.06846,0.01,0.86,100,0.0,0.75,,,-0.03,0.03094,0.00088,0.0,0.02119,0.58481
1605,1643520,74.62822,121.25,1.0,0.95,1.048873,-0.001511,0.007422,0.003281,0.232402,0.01825,0.712835,65.991058,4.42839,65.962074,5.059977,4.0,0.00013575,8,149,0.06434,0.06767,0.01,0.85,100,0.125,0.36364,,,-0.03,0.02829,0.0013,0.0,0.01501,0.59155
1606,1644544,73.62506,137.16667,1.0,0.95,1.044851,-0.001414,0.006447,0.001924,0.192078,0.011368,0.939757,63.092854,9.251884,62.863853,10.098355,4.0,0.00013565,6,167,0.0769,0.08014,0.01,0.86,100,0.16667,0.8,,,-0.03,0.025,-0.00012,0.0,0.01403,0.4556
1607,1645568,74.81482,119.14286,1.0,0.95,1.030161,-0.001458,0.025376,0.003491,0.21578,0.031998,0.922125,59.994919,16.063803,59.58931,16.823736,4.0,0.00013555,7,165,0.06933,0.07291,0.01,0.86,100,0.0,0.41667,,,-0.03,0.02867,0.00097,0.0,0.01216,0.53608
1608,1646592,56.94195,123.11111,0.77778,0.93,1.043908,-0.00047,0.062483,0.001124,0.425231,0.006226,0.885501,57.794945,20.770514,56.005005,23.114559,4.0,0.00013544,9,154,0.06447,0.06915,0.01,0.84,100,0.55556,0.76471,,,-0.03,0.02952,0.00092,0.0,0.01135,0.53455
1609,1647616,59.18013,111.4,0.8,0.92,0.995305,-0.001747,0.074175,0.002205,0.483984,0.016113,0.917481,50.495724,26.816263,47.984985,27.519251,4.0,0.00013534,5,155,0.06478,0.06964,0.01,0.84,100,0.6,0.625,,,-0.03,0.02578,0.00105,0.0,0.00654,0.31881
1610,1648640,53.45922,202.25,0.75,0.9,0.9883,-0.000884,0.023748,0.001404,0.23003,0.011368,0.945266,53.681919,18.167284,53.055321,19.544832,4.0,0.00013524,8,161,0.0674,0.07159,0.02,0.83,100,0.125,0.81818,,,-0.03,0.02573,-5e-05,0.0,0.01363,0.48814
1611,1649664,74.9808,111.8,1.0,0.9,1.052286,-0.001475,0.038264,0.001666,0.19972,0.01445,0.914696,51.896973,19.948374,51.804916,20.503056,4.0,0.00013514,5,186,0.07103,0.07449,0.02,0.82,100,0.2,0.75,,,-0.03,0.02864,0.00058,0.0,0.01145,0.39366
1612,1650688,60.35879,125.66667,0.83333,0.9,1.059499,-0.001467,0.06123,0.002155,0.334596,0.023895,0.91431,46.336472,25.342743,44.805466,26.735701,4.0,0.00013503,6,194,0.07605,0.08289,0.02,0.81,100,0.5,0.625,,,-0.03,0.02591,-3e-05,0.0,0.0025,0.4043
1613,1651712,61.97329,197.71429,0.85714,0.89,1.046858,-0.001706,0.018446,0.00337,0.28962,0.02623,0.967208,50.628941,22.806232,51.38382,23.689793,4.0,0.00013493,7,221,0.07478,0.07696,0.03,0.79,100,0.14286,0.76923,,,-0.03,0.02777,0.00092,0.0,0.01632,0.47093
1614,1652736,53.97146,185.875,0.75,0.89,1.047894,-0.000763,0.041372,0.001781,0.266255,0.012741,0.928499,54.657169,21.049473,53.995644,22.628416,4.0,0.00013483,8,210,0.07161,0.07547,0.04,0.76,100,0.25,0.58333,,,-0.03,0.0307,0.00098,0.0,0.00837,0.45741
1615,1653760,63.2466,127.14286,0.85714,0.88,1.045103,-0.000351,0.056655,0.001565,0.21147,0.010803,0.721413,59.734097,11.175504,59.242161,13.246519,4.0,0.00013473,7,98,0.07719,0.08311,0.04,0.74,100,0.42857,0.66667,,,-0.03,0.03025,3e-05,0.0,0.00966,0.46352
1616,1654784,48.12855,113.0,0.66667,0.87,1.056819,-0.001854,0.106256,0.002329,0.657949,0.020844,0.702092,56.689728,12.876225,52.959396,17.349159,4.0,0.00013462,9,189,0.08976,0.09796,0.03,0.71,100,0.55556,0.625,,,-0.03,0.03043,-0.00036,0.0,-0.00193,0.47947
1617,1655808,74.08393,129.42857,1.0,0.87,1.086731,-0.001553,0.046174,0.001703,0.350606,0.010773,0.757764,51.293659,12.800849,52.792519,13.712981,4.0,0.00013452,7,201,0.08481,0.08925,0.03,0.67,100,0.14286,0.6,,,-0.03,0.02754,-0.00043,0.0,0.01506,0.53579
1618,1656832,63.70096,181.75,0.875,0.86,1.133764,-0.00169,0.017537,0.00182,0.318304,0.012161,0.952559,50.359608,18.223082,51.591679,20.320696,4.0,0.00013442,8,248,0.08293,0.08607,0.04,0.65,100,0.25,0.96429,,,-0.03,0.02854,0.00016,0.0,0.01495,0.51839
1619,1657856,74.40506,117.42857,1.0,0.86,0.995058,-0.002213,0.038709,0.003817,0.301002,0.022293,0.735571,57.946865,9.273876,58.446575,11.39297,4.0,0.00013432,7,253,0.08128,0.08616,0.04,0.65,100,0.28571,0.5,,,-0.03,0.03329,0.00069,0.0,0.01036,0.54868
1620,1658880,64.99,134.33333,0.88889,0.85,1.029079,-0.000834,0.020979,0.001552,0.377312,0.012009,0.815343,58.024742,9.247537,59.636719,9.806504,4.0,0.00013421,9,252,0.07086,0.07398,0.04,0.6,100,0.33333,0.82353,,,-0.03,0.02829,0.00026,0.0,0.01504,0.59606
1621,1659904,74.41417,124.125,1.0,0.86,1.027338,-0.001254,0.016054,0.001582,0.248507,0.009048,0.763128,60.416847,6.833282,61.084679,7.59702,4.0,0.00013411,8,262,0.07316,0.07603,0.04,0.61,100,0.0,0.33333,,,-0.03,0.02898,0.00134,0.0,0.01461,0.60129
1622,1660928,73.68864,143.28571,1.0,0.87,1.013228,-0.001698,0.018767,0.001917,0.440154,0.010178,0.745348,60.221832,8.778267,62.187523,8.011162,4.0,0.00013401,7,270,0.068,0.07025,0.04,0.59,100,0.14286,0.45455,,,-0.03,0.03136,0.00116,0.0,0.01924,0.53245
1623,1661952,74.96851,119.77778,1.0,0.9,0.986958,-0.002124,0.004676,0.003056,0.334562,0.021576,0.848753,64.441055,5.310161,65.695816,4.982428,4.0,0.00013391,9,244,0.069,0.07336,0.03,0.56,100,0.11111,0.78571,,,-0.03,0.03376,0.00082,0.0,0.01609,0.66709
1624,1662976,58.9277,108.8,0.8,0.88,0.933915,-0.000224,0.097344,0.001149,0.40241,0.008865,0.241804,64.645866,4.777426,62.91404,10.922423,4.0,0.0001338,10,257,0.06147,0.06787,0.03,0.56,100,0.5,0.53846,,,-0.03,0.03532,0.00146,0.0,0.00893,0.60714
1625,1664000,74.56391,115.33333,1.0,0.9,0.948367,-0.000906,0.015452,0.000973,0.313295,0.005035,0.44383,63.61879,4.631593,64.46492,4.467525,4.0,0.0001337,6,235,0.06089,0.06331,0.02,0.56,100,0.0,0.28571,,,-0.03,0.02982,0.00108,0.0,0.01659,0.45443
1626,1665024,74.1798,131.11111,1.0,0.9,1.037188,-0.000534,0.010197,0.001611,0.209921,0.008804,0.438176,64.928917,4.449358,65.508446,4.203839,4.0,0.0001336,9,228,0.06135,0.06451,0.02,0.58,100,0.11111,0.57143,,,-0.03,0.03062,0.00094,0.0,0.0202,0.65479
1627,1666048,74.70843,123.0,1.0,0.92,0.993949,-0.001097,0.014152,0.001519,0.202532,0.007217,0.823182,62.924541,7.173158,62.872501,8.238502,4.0,0.0001335,8,223,0.0669,0.07004,0.01,0.59,100,0.0,0.64286,,,-0.03,0.02744,0.00069,0.0,0.01453,0.61747
1628,1667072,73.99916,131.85714,1.0,0.93,0.906705,-0.001549,0.008827,0.003084,0.258714,0.021912,0.958051,60.528011,12.598591,60.736298,13.703526,4.0,0.0001334,7,200,0.06857,0.07109,0.01,0.59,100,0.0,0.61538,,,-0.03,0.03036,0.00062,0.0,0.01699,0.58127
1629,1668096,64.07927,115.14286,0.85714,0.95,0.896946,-0.00135,0.043562,0.002954,0.323677,0.022598,0.911912,58.968304,20.713514,57.918701,22.591816,4.0,0.00013329,7,199,0.06451,0.06783,0.01,0.63,100,0.28571,0.33333,,,-0.03,0.03392,0.00122,0.0,0.01525,0.48712
1630,1669120,65.1721,109.375,0.875,0.94,0.863999,-0.001014,0.046787,0.001327,0.317214,0.008514,0.948684,55.366787,27.655018,54.356392,28.873407,4.0,0.00013319,8,234,0.05468,0.05889,0.01,0.63,100,0.25,0.53333,,,-0.03,0.03296,0.00164,0.0,0.0156,0.57615
1631,1670144,55.02539,172.5,0.75,0.93,0.972844,-0.000926,0.0597,0.001829,0.284363,0.010742,0.812735,63.853039,14.371376,62.893032,16.093798,4.0,0.00013309,8,217,0.06302,0.06886,0.01,0.68,100,0.25,0.78261,,,-0.03,0.03229,0.00072,0.0,0.01444,0.45845
1632,1671168,60.58179,106.18182,0.81818,0.92,1.022234,-0.001738,0.083925,0.00243,0.588517,0.023499,0.612055,63.045418,8.896708,60.41188,13.80369,4.0,0.00013299,11,147,0.07295,0.08263,0.01,0.69,100,0.45455,0.43478,,,-0.03,0.03058,0.00035,0.0,0.00503,0.69263
1633,1672192,74.63253,122.0,1.0,0.92,1.050344,-0.001962,0.029806,0.002342,0.352554,0.025162,0.713531,58.677612,9.6222,59.321304,10.340121,4.0,0.00013288,7,177,0.0744,0.08019,0.01,0.72,100,0.14286,0.6875,,,-0.03,0.02915,-0.00094,0.0,0.01646,0.52626
1634,1673216,63.74503,112.71429,0.85714,0.91,1.011389,-0.000718,0.060902,0.002019,0.412358,0.010635,0.877441,55.747982,18.216698,53.713375,20.314352,4.0,0.00013278,7,159,0.06349,0.06887,0.01,0.73,100,0.14286,0.64706,,,-0.03,0.02884,-0.00026,0.0,0.01204,0.45309
1635,1674240,53.65905,185.875,0.75,0.89,0.994401,-0.000875,0.061271,0.002882,0.257576,0.029709,0.910003,51.775436,22.580339,50.951134,24.041452,4.0,0.00013268,8,153,0.06303,0.06768,0.02,0.72,100,0.25,0.95652,,,-0.03,0.03047,0.00114,0.0,0.0103,0.46279
1636,1675264,64.3093,118.25,0.875,0.88,0.998681,-0.000826,0.077029,0.002103,0.207871,0.020264,0.521074,58.145199,8.942616,57.775963,11.659018,4.0,0.00013258,8,156,0.07236,0.07952,0.02,0.72,100,0.625,0.30769,,,-0.03,0.03349,0.0009,0.0,0.00985,0.55483
1637,1676288,74.29781,117.375,1.0,0.9,1.039075,-0.001116,0.030675,0.00254,0.369215,0.021927,0.450498,56.893337,8.462031,58.557175,7.782773,4.0,0.00013247,8,183,0.08493,0.09245,0.02,0.75,100,0.25,0.3125,,,-0.03,0.03086,-0.00036,0.0,0.00959,0.65609
1638,1677312,75.24905,112.0,1.0,0.9,1.025435,-0.001935,0.017425,0.002142,0.254898,0.017029,0.876979,56.342987,9.806995,56.673317,11.439184,4.0,0.00013237,5,197,0.0744,0.08194,0.02,0.77,100,0.0,0.61111,,,-0.03,0.02871,-0.00086,0.0,0.01421,0.39024
1639,1678336,73.74865,130.375,1.0,0.9,1.01093,-0.001664,0.015262,0.002325,0.340845,0.020493,0.966858,53.458618,20.079775,54.555691,22.183054,4.0,0.00013227,8,185,0.06953,0.07478,0.02,0.78,100,0.25,0.62069,,,-0.03,0.02962,0.00049,0.0,0.01909,0.62798
1640,1679360,58.31275,163.2,0.8,0.88,1.020871,-0.001153,0.043448,0.002473,0.283512,0.024429,0.931291,57.262032,22.230146,56.880821,23.85709,4.0,0.00013217,10,177,0.06184,0.06561,0.03,0.79,100,0.3,0.93197,,,-0.03,0.03066,0.00152,0.0,0.01151,0.59896
1641,1680384,75.09637,112.55556,1.0,0.88,0.996177,-0.000419,0.012466,0.002616,0.401529,0.0242,0.578944,63.368507,5.430461,64.731941,5.056135,4.0,0.00013206,9,191,0.05475,0.0587,0.03,0.81,100,0.11111,0.31579,,,-0.03,0.03405,0.00207,0.0,0.01754,0.66441
1642,1681408,73.92367,123.75,1.0,0.9,0.949305,-0.001094,0.013067,0.001639,0.318153,0.00824,0.634902,64.343826,6.095894,65.61042,5.667072,4.0,0.00013196,8,174,0.05505,0.05894,0.03,0.85,100,0.125,0.47368,,,-0.03,0.03249,0.00176,0.0,0.01727,0.59936
1643,1682432,57.8872,112.66667,0.77778,0.89,0.884843,-0.000738,0.076398,0.000614,0.437927,0.00267,0.709739,61.684143,12.123467,59.994614,15.75691,4.0,0.00013186,9,184,0.05102,0.05718,0.02,0.85,100,0.44444,0.55,,,-0.03,0.03214,0.00215,0.0,0.00876,0.55848
1644,1683456,74.50449,120.71429,1.0,0.9,0.963838,-0.00168,0.008046,0.002531,0.287966,0.016785,0.383303,66.439323,4.097572,67.09774,3.476591,4.0,0.00013176,7,176,0.05326,0.0582,0.02,0.87,100,0.14286,0.46667,,,-0.03,0.03202,0.00077,0.0,0.01799,0.51938
1645,1684480,74.71771,120.2,1.0,0.92,0.944957,-0.001628,0.007177,0.001766,0.200831,0.015076,0.559422,66.407135,3.972013,66.823746,3.86447,4.0,0.00013165,10,178,0.04658,0.05178,0.02,0.87,100,0.2,0.84848,,,-0.03,0.03373,0.00123,0.0,0.01555,0.74249
1646,1685504,67.39701,112.81818,0.90909,0.92,0.87148,-0.001296,0.058017,0.002354,0.207359,0.016876,0.295318,66.330261,4.136961,65.795456,8.429231,4.0,0.00013155,11,162,0.0461,0.05186,0.02,0.86,100,0.54545,0.3913,,,-0.03,0.0361,0.00212,0.0,0.01181,0.76378
1647,1686528,75.68602,105.5,1.0,0.94,0.927414,-0.001215,0.004248,0.001493,0.223469,0.00798,0.681559,66.851143,2.749286,67.421806,3.057127,4.0,0.00013145,8,159,0.05089,0.05352,0.01,0.86,100,0.375,0.5,,,-0.03,0.03615,0.00183,0.0,0.02075,0.58244
1648,1687552,64.08809,108.85714,0.85714,0.94,0.857049,-0.001499,0.075877,0.002908,0.417897,0.029877,0.615219,63.907181,10.329545,62.356476,12.737373,4.0,0.00013135,7,174,0.04633,0.05272,0.01,0.87,100,0.14286,0.14286,,,-0.03,0.03244,0.0018,0.0,0.00952,0.47006
1649,1688576,65.13586,126.33333,0.88889,0.93,0.897336,-0.000678,0.029639,0.001635,0.192602,0.008026,0.700875,64.513199,8.267429,65.028496,9.921667,4.0,0.00013124,9,165,0.0493,0.05327,0.01,0.87,100,0.55556,0.45455,,,-0.03,0.03502,0.00183,0.0,0.0165,0.60852
1650,1689600,75.46262,112.33333,1.0,0.93,1.003915,-0.002121,0.004882,0.002202,0.223663,0.021606,0.60457,66.711334,3.235144,67.072144,3.155834,4.0,0.00013114,9,164,0.0514,0.05604,0.01,0.87,100,0.11111,0.5,,,-0.03,0.02997,0.00048,0.0,0.01851,0.66277
1651,1690624,74.98647,117.0,1.0,0.93,0.969822,-0.000971,0.028442,0.001596,0.215762,0.01297,0.526394,64.523895,7.549939,63.821159,7.313502,4.0,0.00013104,6,198,0.05425,0.0614,0.01,0.84,100,0.16667,0.33333,,,-0.03,0.03015,-4e-05,0.0,0.00651,0.46383
1652,1691648,61.92128,104.66667,0.83333,0.94,0.872918,-0.001263,0.024661,0.001991,0.344698,0.014343,0.828897,61.120892,8.800495,59.936619,11.580616,4.0,0.00013094,6,218,0.06367,0.06935,0.0,0.84,100,0.5,0.125,,,-0.03,0.02575,0.00022,0.0,0.01489,0.44255
1653,1692672,51.29838,181.57143,0.71429,0.92,0.860298,-0.000954,0.052395,0.002376,0.391766,0.014313,0.88767,53.944466,18.363043,51.591999,20.330256,4.0,0.00013084,7,217,0.05622,0.06052,0.01,0.85,100,0.42857,0.94286,,,-0.03,0.0259,0.00148,0.0,0.00743,0.44198
1654,1693696,61.12734,128.33333,0.83333,0.91,0.899424,-0.001324,0.045498,0.001273,0.382429,0.008316,0.935027,50.724384,22.859627,48.590355,24.5061,4.0,0.00013073,6,220,0.06355,0.06752,0.01,0.82,100,0.33333,0.75,,,-0.03,0.02679,0.00046,0.0,0.00522,0.43578
1655,1694720,39.99164,271.71429,0.57143,0.88,0.942272,-0.001519,0.04758,0.001547,0.305137,0.011856,0.938532,51.68969,24.112707,50.428879,25.290758,4.0,0.00013063,7,205,0.06552,0.0698,0.03,0.81,100,0.28571,0.7,,,-0.03,0.03324,0.00074,0.0,0.00803,0.32967
1656,1695744,75.03997,121.88889,1.0,0.9,1.072698,-0.002076,0.013051,0.003182,0.34306,0.024979,0.017483,62.557884,3.713038,63.577591,3.839188,4.0,0.00013053,9,174,0.06939,0.0719,0.03,0.79,100,0.11111,0.47368,,,-0.03,0.03427,0.00165,0.0,0.01989,0.65237
1657,1696768,61.04366,126.5,0.83333,0.89,1.019284,-0.001036,0.050889,0.002195,0.274375,0.021133,0.65654,61.23008,8.40195,60.524994,10.986362,4.0,0.00013043,6,198,0.08352,0.08901,0.03,0.78,100,0.33333,0.72727,,,-0.03,0.02969,0.00011,0.0,0.0101,0.39345
1658,1697792,72.74528,166.28571,1.0,0.89,1.063358,-0.000458,0.035085,0.001352,0.221179,0.004974,0.536865,60.71637,5.725626,60.157608,7.92939,4.0,0.00013032,7,204,0.07726,0.08165,0.03,0.75,100,0.28571,0.84375,,,-0.03,0.02901,0.00056,0.0,0.00865,0.53802
1659,1698816,60.44044,140.5,0.83333,0.88,1.016732,-0.001192,0.019296,0.001506,0.216185,0.007523,0.547083,60.037472,6.866264,60.644314,6.381566,4.0,0.00013022,6,202,0.08521,0.08892,0.03,0.73,100,0.5,0.55556,,,-0.03,0.03162,0.00026,0.0,0.01369,0.3842
1660,1699840,74.50081,134.0,1.0,0.89,1.07719,-0.001071,0.008163,0.000926,0.292021,0.004013,0.578201,61.331161,3.594415,62.688637,4.17609,4.0,0.00013012,9,150,0.07846,0.08163,0.03,0.7,100,0.0,0.80952,,,-0.03,0.03635,0.00075,0.0,0.01662,0.65659
1661,1700864,75.22399,116.11111,1.0,0.89,1.005406,-0.001549,0.003747,0.001439,0.329902,0.008484,0.824485,62.112995,3.18235,63.504665,4.110727,4.0,0.00013002,9,250,0.06744,0.06986,0.03,0.71,100,0.11111,0.5625,,,-0.03,0.03543,0.00123,0.0,0.0202,0.6624
1662,1701888,74.10858,139.28571,1.0,0.91,0.983365,-0.002734,0.004572,0.003503,0.268111,0.037781,0.785063,63.61697,4.102872,64.584915,4.12545,4.0,0.00012991,7,252,0.07644,0.07999,0.03,0.7,100,0.0,0.75,,,-0.03,0.03071,0.00072,0.0,0.01707,0.52863
1663,1702912,68.51677,113.72727,0.90909,0.9,0.937087,-0.001293,0.036624,0.00133,0.19315,0.007843,0.712929,62.236267,7.513343,62.245411,11.002937,4.0,0.00012981,11,260,0.06061,0.06375,0.03,0.69,100,0.18182,0.53333,,,-0.03,0.0373,0.00155,0.0,0.01693,0.74167
1664,1703936,74.73367,117.71429,1.0,0.9,0.90656,-0.000894,0.015544,0.002107,0.278432,0.017502,0.328188,63.144028,4.536235,64.170944,4.370874,4.0,0.00012971,7,255,0.06073,0.06452,0.03,0.68,100,0.28571,0.33333,,,-0.03,0.03592,0.00184,0.0,0.01508,0.52806
1665,1704960,75.04964,116.44444,1.0,0.91,0.907627,-0.000828,0.005237,0.001654,0.27564,0.007568,0.696552,63.94577,3.89249,65.102501,3.892177,4.0,0.00012961,9,248,0.05787,0.06113,0.03,0.69,100,0.22222,0.38462,,,-0.03,0.03559,0.00128,0.0,0.01901,0.66581
1666,1705984,75.03094,123.71429,1.0,0.93,0.892159,-0.001545,0.00544,0.001725,0.259748,0.012329,0.714968,64.866203,3.777736,65.713776,3.883821,4.0,0.0001295,7,254,0.05497,0.05797,0.02,0.71,100,0.0,0.38462,,,-0.03,0.03105,0.00106,0.0,0.02045,0.51517
1667,1707008,75.318,119.66667,1.0,0.96,0.951599,-0.001863,0.002966,0.002743,0.30185,0.019577,0.815835,66.168816,4.263039,66.760551,3.817963,4.0,0.0001294,9,264,0.06121,0.06783,0.01,0.68,100,0.11111,0.625,,,-0.03,0.03273,-0.0009,0.0,0.0153,0.67526
1668,1708032,64.86236,135.0,0.88889,0.96,0.885999,-0.000781,0.045871,0.002601,0.229074,0.028488,0.467543,65.293846,4.627769,64.613953,8.97063,4.0,0.0001293,9,193,0.04864,0.05396,0.0,0.71,100,0.22222,0.92453,,,-0.03,0.03405,0.00112,0.0,0.01356,0.58649
1669,1709056,75.13998,118.0,1.0,0.97,0.885561,-0.000868,0.00984,0.000976,0.269178,0.005753,0.508813,65.413101,3.864218,66.481461,3.557663,4.0,0.0001292,9,188,0.04689,0.05013,0.0,0.7,100,0.11111,0.76,,,-0.03,0.03584,0.00135,0.0,0.02179,0.6613
1670,1710080,76.28236,102.66667,1.0,0.98,0.858149,-0.001545,0.005733,0.003431,0.291435,0.024887,0.614026,66.205627,3.73597,67.043686,3.65023,4.0,0.00012909,9,187,0.04566,0.0479,0.0,0.72,100,0.0,0.30769,,,-0.03,0.03509,0.0021,0.0,0.02335,0.65248
1671,1711104,75.45843,112.5,1.0,0.98,0.822961,-0.001871,0.00218,0.003852,0.263131,0.024139,0.814764,66.689941,2.934233,67.540039,2.972681,4.0,0.00012899,10,200,0.04228,0.04504,0.0,0.77,100,0.0,0.21429,,,-0.03,0.03767,0.00214,0.0,0.01847,0.72551
1672,1712128,75.29475,110.0,1.0,0.98,0.849941,-0.001386,0.02941,0.002217,0.241982,0.015945,0.587608,66.8759,5.631219,66.570641,7.681005,4.0,0.00012889,7,207,0.05036,0.05592,0.0,0.79,100,0.0,0.46154,,,-0.03,0.03279,0.00116,0.0,0.01909,0.51862
1673,1713152,51.82122,101.5,0.7,0.95,0.899115,-0.000684,0.095957,0.002189,0.650106,0.013336,0.442354,66.351074,6.587955,63.828579,12.682134,4.0,0.00012879,10,209,0.04968,0.06043,0.0,0.8,100,0.6,0.33333,,,-0.03,0.03417,-0.00052,0.0,0.00707,0.51455
1674,1714176,61.60918,114.5,0.83333,0.94,0.921823,-0.000991,0.063311,0.001801,0.323444,0.013947,0.508133,64.161987,7.718051,63.002831,10.201001,4.0,0.00012868,6,216,0.05554,0.06156,0.0,0.81,100,0.16667,0.5,,,-0.03,0.02901,0.00032,0.0,0.01389,0.38021
1675,1715200,75.15664,116.90909,1.0,0.95,0.979964,-0.001826,0.018141,0.001834,0.265579,0.016251,0.716394,62.627522,8.284455,63.08638,9.170179,4.0,0.00012858,11,216,0.06343,0.06721,0.0,0.81,100,0.09091,0.79592,,,-0.03,0.0315,0.00076,0.0,0.01734,0.80274
1676,1716224,66.34788,157.11111,0.88889,0.94,0.862031,-0.001973,0.006117,0.00179,0.250956,0.018478,0.964338,62.712894,12.074125,62.929832,13.524948,4.0,0.00012848,9,206,0.04599,0.04877,0.01,0.83,100,0.11111,0.92,,,-0.03,0.03505,0.00188,0.0,0.0171,0.5884
1677,1717248,74.83143,119.375,1.0,0.94,0.815344,-0.000553,0.004382,0.000754,0.19699,0.002548,0.578286,67.016739,3.403215,67.724228,3.112624,4.0,0.00012838,8,210,0.04916,0.05151,0.01,0.82,100,0.25,0.27273,,,-0.03,0.03752,0.00188,0.0,0.02104,0.60371
1678,1718272,75.56203,110.25,1.0,0.94,0.835547,-0.001423,0.002842,0.001265,0.172639,0.01236,0.724517,67.483948,2.841476,67.819138,2.939861,4.0,0.00012828,8,220,0.05052,0.05406,0.01,0.82,100,0.125,0.33333,,,-0.03,0.03295,0.00169,0.0,0.01857,0.58665
1679,1719296,75.61498,108.85714,1.0,0.94,0.866571,-0.001991,0.002742,0.001823,0.252385,0.017227,0.73816,67.907257,2.961618,68.13253,3.069558,4.0,0.00012817,7,247,0.05553,0.05958,0.01,0.81,100,0.28571,0.14286,,,-0.03,0.03297,0.00101,0.0,0.01644,0.53866
1680,1720320,76.01227,100.625,1.0,0.95,0.895457,-0.001204,0.003795,0.002248,0.255435,0.014572,0.900655,66.5065,5.572056,66.214554,6.582417,4.0,0.00012807,8,215,0.05557,0.05873,0.01,0.83,100,0.125,0.125,,,-0.03,0.0295,0.00143,0.0,0.01732,0.61325
1681,1721344,64.52449,101.28571,0.85714,0.94,0.876927,-0.002144,0.05309,0.002956,0.371284,0.024918,0.840517,62.062546,14.400819,60.331085,17.12225,4.0,0.00012797,7,223,0.05309,0.05781,0.01,0.83,100,0.14286,0.14286,,,-0.03,0.03155,0.00104,0.0,0.01494,0.46162
1682,1722368,64.72687,170.25,0.875,0.93,0.837877,-0.001551,0.010633,0.002207,0.402519,0.021332,0.980665,57.582954,21.947672,56.825401,23.513203,4.0,0.00012787,8,245,0.04147,0.04462,0.02,0.82,100,0.25,0.90741,,,-0.03,0.02763,0.00104,0.0,0.01562,0.53375
1683,1723392,66.52418,165.1,0.9,0.92,0.816093,-0.001003,0.016104,0.00132,0.210189,0.009262,0.81174,65.619888,9.519444,65.945496,9.140078,4.0,0.00012776,10,208,0.04045,0.04364,0.03,0.82,100,0.4,0.78947,,,-0.03,0.03424,0.00177,0.0,0.01664,0.6635
1684,1724416,75.45234,110.33333,1.0,0.92,0.866562,-0.000824,0.006243,0.000934,0.184832,0.006531,0.544829,67.641899,3.46972,67.689781,3.477189,4.0,0.00012766,6,255,0.04296,0.04882,0.03,0.82,100,0.33333,0.0,,,-0.03,0.03267,0.00042,0.0,0.01596,0.44329
1685,1725440,64.46819,126.375,0.875,0.93,0.811415,-0.000813,0.060942,0.002476,0.343183,0.022125,0.413393,65.719025,5.98584,64.116302,9.309341,4.0,0.00012756,8,248,0.04661,0.05409,0.03,0.81,100,0.25,0.825,,,-0.03,0.02913,0.0003,0.0,0.00923,0.56617
1686,1726464,61.44825,133.83333,0.83333,0.93,0.800985,-0.001124,0.037835,0.001659,0.456592,0.015594,0.764613,63.997147,8.526713,61.810925,12.350924,4.0,0.00012746,6,218,0.04717,0.05486,0.03,0.82,100,0.33333,0.5,,,-0.03,0.0308,0.00024,0.0,0.00733,0.40364
1687,1727488,64.13457,153.22222,0.88889,0.93,0.809249,-0.000983,0.030017,0.000762,0.166678,0.008148,0.703491,65.204971,8.485156,65.363693,9.429759,4.0,0.00012735,9,217,0.04074,0.04427,0.03,0.8,100,0.22222,0.93814,,,-0.03,0.03426,0.00185,0.0,0.02037,0.59549
1688,1728512,66.54034,108.11111,0.88889,0.93,0.846529,-0.000672,0.075079,0.000888,0.439311,0.004303,0.555465,65.689117,7.150146,63.561256,11.803426,4.0,0.00012725,9,230,0.04666,0.05299,0.02,0.83,100,0.22222,0.4,,,-0.03,0.03469,0.00144,0.0,0.00946,0.60345
1689,1729536,75.80083,110.57143,1.0,0.93,0.792382,-0.000851,0.049127,0.001201,0.29832,0.009766,0.832755,58.777206,15.308055,57.381756,15.67629,4.0,0.00012715,7,246,0.05025,0.05394,0.02,0.83,100,0.0,0.4,,,-0.03,0.0308,0.00153,0.0,0.01257,0.58582
1690,1730560,75.32841,117.66667,1.0,0.93,0.670448,-0.000597,0.02085,0.000955,0.268037,0.006393,0.938651,49.244095,17.83452,48.316387,17.991096,4.0,0.00012705,3,222,0.05394,0.05748,0.02,0.83,100,0.33333,0.0,,,-0.03,0.02275,0.00137,0.0,0.01521,0.31488
1691,1731584,75.00688,125.66667,1.0,0.93,0.701978,-0.002396,0.010504,0.002735,0.321075,0.029953,0.981732,41.273438,23.177572,41.013599,24.777544,4.0,0.00012694,6,251,0.05684,0.05908,0.02,0.82,100,0.16667,0.53846,,,-0.03,0.03038,0.00119,0.0,0.01404,0.64493
1692,1732608,48.93317,267.0,0.66667,0.91,0.681852,-0.00161,0.004523,0.001495,0.268624,0.01506,0.99495,37.621765,30.054832,37.123627,30.953829,4.0,0.00012684,6,223,0.049,0.05,0.04,0.81,100,0.33333,0.55556,,,-0.03,0.02933,0.00148,0.0,0.01598,0.41908
1693,1733632,63.73035,187.71429,0.85714,0.9,0.775926,-0.00047,0.013962,0.000685,0.221646,0.003662,0.984791,50.02285,29.276169,50.687778,30.04645,4.0,0.00012674,7,225,0.05405,0.05689,0.05,0.81,100,0.28571,0.45455,,,-0.03,0.03491,0.00155,0.0,0.01793,0.53273
1694,1734656,68.91616,146.27273,0.90909,0.9,0.868142,-0.000997,0.007645,0.000995,0.235645,0.007187,0.736161,67.11866,4.298042,67.457359,4.889487,4.0,0.00012664,11,211,0.05056,0.05318,0.06,0.83,100,0.0,0.44444,,,-0.03,0.03809,0.0022,0.0,0.02231,0.72527
1695,1735680,65.37244,115.0,0.875,0.89,0.810219,-0.000926,0.029116,0.001594,0.246276,0.014175,0.783655,64.95874,8.260355,64.465965,11.327491,4.0,0.00012653,8,195,0.04576,0.05023,0.06,0.83,100,0.25,0.5,,,-0.03,0.03256,0.00179,0.0,0.01529,0.53039
1696,1736704,65.76534,118.88889,0.88889,0.9,0.863413,-0.000667,0.058878,0.001983,0.202698,0.008575,0.506192,64.984619,7.951606,64.156563,10.27192,4.0,0.00012643,9,209,0.05688,0.06428,0.04,0.84,100,0.33333,0.5,,,-0.03,0.03665,0.00136,0.0,0.00883,0.62487
1697,1737728,67.00844,114.4,0.9,0.89,0.853996,-0.000549,0.061736,0.001146,0.274496,0.003586,0.654302,64.902832,9.878769,63.783066,12.309741,4.0,0.00012633,10,167,0.05326,0.05888,0.04,0.86,100,0.2,0.59259,,,-0.03,0.03625,0.00202,0.0,0.01382,0.68662
1698,1738752,66.18139,100.0,0.875,0.89,0.935507,-0.000697,0.043089,0.001763,0.276588,0.016068,0.598424,65.908447,6.186235,65.216019,10.030334,4.0,0.00012623,8,217,0.06112,0.06888,0.04,0.85,100,0.25,0.41176,,,-0.03,0.03687,0.00099,0.0,0.01614,0.5163
1699,1739776,67.35353,110.0,0.9,0.9,0.930105,-0.000839,0.017954,0.001982,0.215247,0.014343,0.339904,66.327698,4.891973,66.542488,4.930758,4.0,0.00012612,10,200,0.05922,0.06482,0.04,0.85,100,0.1,0.89157,,,-0.03,0.03742,0.00044,0.0,0.01745,0.66182
1700,1740800,75.56796,112.0,1.0,0.9,0.96149,-0.001325,0.009064,0.00177,0.232358,0.011765,0.300234,66.122215,4.136068,66.870316,3.725768,4.0,0.00012602,10,173,0.06448,0.06805,0.04,0.87,100,0.1,0.5,,,-0.03,0.03761,0.00151,0.0,0.02257,0.72578
1701,1741824,75.54771,108.6,1.0,0.91,0.963079,-0.00123,0.003608,0.003647,0.210942,0.02063,0.573934,66.310577,2.717572,66.980171,2.958248,4.0,0.00012592,10,225,0.07112,0.07528,0.04,0.89,100,0.0,0.55172,,,-0.03,0.03805,0.00158,0.0,0.01689,0.74264
1702,1742848,63.70174,115.57143,0.85714,0.9,0.916775,-0.000384,0.042085,0.001207,0.203606,0.002106,0.554432,65.917435,5.407767,65.445663,9.293531,4.0,0.00012582,7,245,0.07038,0.0753,0.04,0.87,100,0.14286,0.66667,,,-0.03,0.03665,0.00128,0.0,0.01433,0.45329
1703,1743872,75.64955,109.6,1.0,0.92,0.979881,-0.000867,0.009287,0.002455,0.236301,0.012619,0.376973,67.134277,4.00673,67.805305,3.483824,4.0,0.00012572,10,244,0.07079,0.07427,0.02,0.86,100,0.3,0.42105,,,-0.03,0.03766,0.00172,0.0,0.02092,0.73235
1704,1744896,66.68647,108.66667,0.88889,0.93,0.978378,-0.000741,0.063585,0.001467,0.30108,0.013275,0.36176,67.109955,4.230137,65.870415,9.05743,4.0,0.00012561,9,241,0.07324,0.07912,0.0,0.87,100,0.44444,0.62963,,,-0.03,0.03803,0.00102,0.0,0.01119,0.59078
1705,1745920,67.03951,117.8,0.9,0.92,1.023543,-7.9e-05,0.016543,0.001596,0.178415,0.009171,0.699172,66.517555,4.871429,66.785965,6.645349,4.0,0.00012551,10,247,0.07995,0.08527,0.0,0.88,100,0.2,0.68421,,,-0.03,0.03668,0.00101,0.0,0.01535,0.66396
1706,1746944,75.13698,116.57143,1.0,0.93,1.012537,-0.001405,0.018374,0.002768,0.187236,0.026489,-0.08186,66.26136,5.526696,66.479111,4.317101,4.0,0.00012541,7,239,0.08897,0.09417,0.0,0.89,100,0.14286,0.7,,,-0.03,0.03755,0.00072,0.0,0.01609,0.53293
1707,1747968,74.47166,129.75,1.0,0.94,1.060505,-0.000838,0.01198,0.001784,0.158515,0.01059,0.125904,65.99456,4.435244,66.256317,3.75889,4.0,0.00012531,8,256,0.09237,0.09802,0.0,0.87,100,0.125,0.80952,,,-0.03,0.03626,0.00019,0.0,0.0139,0.59905
1708,1748992,65.37832,117.625,0.875,0.93,0.989461,-0.000894,0.063242,0.00236,0.295228,0.023682,0.364715,65.056747,5.225962,63.855049,9.059958,4.0,0.0001252,8,269,0.0961,0.10289,0.0,0.88,100,0.375,0.60606,,,-0.03,0.03578,0.00112,0.0,0.01132,0.54199
1709,1750016,63.84497,139.71429,0.85714,0.94,0.974207,-0.001024,0.02247,0.002331,0.347904,0.015884,0.87661,61.965252,11.115549,60.648464,13.747263,4.0,0.0001251,7,273,0.10038,0.10538,0.0,0.89,100,0.14286,0.61905,,,-0.03,0.03547,0.0011,0.0,0.01139,0.47911
1710,1751040,63.73977,128.71429,0.85714,0.94,0.957968,-0.001442,0.031185,0.002529,0.297716,0.027039,0.88843,60.915096,14.004976,60.270439,16.19873,4.0,0.000125,7,283,0.10135,0.1059,0.0,0.88,100,0.28571,0.68182,,,-0.03,0.03859,0.00093,0.0,0.01508,0.50365
1711,1752064,74.63452,136.42857,1.0,0.94,1.052731,-0.001757,0.014734,0.002099,0.248497,0.014313,0.971246,59.712841,19.594559,58.84058,20.34119,4.0,0.0001249,7,276,0.12172,0.12696,0.0,0.88,100,0.0,0.81818,,,-0.03,0.0324,-0.00037,0.0,0.01138,0.57762
1712,1753088,59.84521,130.2,0.8,0.93,0.956131,-0.002076,0.040805,0.003233,0.525232,0.039322,0.952607,51.20417,26.459476,49.099213,27.320349,4.0,0.00012479,5,286,0.13638,0.14302,0.0,0.88,100,0.2,0.72222,,,-0.03,0.03021,-0.00057,0.0,0.00856,0.37162
1713,1754112,47.827,218.5,0.66667,0.91,1.007309,-0.001242,0.050493,0.001652,0.513824,0.013596,0.951588,45.286228,28.315498,43.230576,29.087017,4.0,0.00012469,6,297,0.15661,0.16275,0.01,0.88,100,0.33333,0.78261,,,-0.03,0.02776,-0.00109,0.0,0.00526,0.37279
1714,1755136,49.036,119.16667,0.66667,0.89,1.030993,-0.000695,0.07909,0.002281,0.570594,0.013321,0.927176,43.791706,29.546822,40.974285,30.541914,4.0,0.00012459,6,274,0.13629,0.14224,0.01,0.88,100,0.33333,0.63636,,,-0.03,0.03261,3e-05,0.0,0.00318,0.35141
1715,1756160,62.29608,207.57143,0.85714,0.89,1.146326,-0.00077,0.024838,0.001725,0.400806,0.012497,0.97258,42.632874,30.052254,43.498489,30.597372,4.0,0.00012449,7,282,0.15154,0.15484,0.02,0.87,100,0.14286,0.89583,,,-0.03,0.0306,-0.00039,0.0,0.0115,0.50466
1716,1757184,42.62728,223.6,0.6,0.87,1.243372,-0.001138,0.071602,0.003771,0.417758,0.040146,0.765606,55.725826,14.108909,53.975296,15.616007,4.0,0.00012438,5,276,0.16567,0.17053,0.03,0.86,100,0.4,0.83333,,,-0.03,0.03574,-0.00036,0.0,0.00684,0.23028
1717,1758208,73.06595,160.75,1.0,0.87,1.13241,-0.001946,0.02733,0.002778,0.254306,0.024567,0.903399,51.013695,14.467643,50.863766,15.283174,4.0,0.00012428,4,277,0.18943,0.1922,0.03,0.83,100,0.0,0.92308,,,-0.03,0.0308,-0.00099,0.0,0.01029,0.34089
1718,1759232,73.80093,156.8,1.0,0.87,1.139342,-0.001564,0.013846,0.001966,0.341743,0.016129,0.970944,46.075588,20.25156,45.306923,21.532001,4.0,0.00012418,5,275,0.19695,0.19994,0.03,0.8,100,0.0,0.90909,,,-0.03,0.02892,-0.00123,0.0,0.0085,0.43807
1719,1760256,74.02895,149.2,1.0,0.88,1.008683,-0.001772,0.02301,0.002451,0.223789,0.02742,0.974898,35.618443,28.220369,35.566467,29.598488,4.0,0.00012408,5,273,0.1933,0.19708,0.03,0.82,100,0.2,0.70588,,,-0.03,0.02695,-0.00096,0.0,0.00803,0.47952
1720,1761280,55.4395,250.25,0.75,0.88,1.013842,-0.001151,0.032541,0.001495,0.288474,0.007309,0.973424,32.473999,32.403374,31.471706,33.053684,4.0,0.00012397,4,273,0.18165,0.18576,0.04,0.83,100,0.25,0.54545,,,-0.03,0.02439,-0.00038,0.0,0.00767,0.28908
1721,1762304,34.12639,286.75,0.5,0.86,1.155485,-0.001008,0.02166,0.001308,0.199821,0.007065,0.975285,42.467979,26.870167,42.621956,27.51008,4.0,0.00012387,4,292,0.19931,0.20217,0.05,0.81,100,0.25,1.0,,,-0.03,0.03016,-0.00157,0.0,0.01282,0.16585
1722,1763328,60.43369,232.5,0.83333,0.85,1.352571,-0.001798,0.016949,0.002602,0.289977,0.021561,0.963739,49.439728,19.761492,49.255775,20.962198,4.0,0.00012377,6,277,0.22661,0.22959,0.06,0.79,100,0.16667,0.88235,,,-0.03,0.02723,-0.00178,0.0,0.01054,0.37668
1723,1764352,74.17171,153.4,1.0,0.85,1.314878,-0.002855,0.021199,0.003145,0.27018,0.03125,0.972926,42.980347,25.44342,42.419498,26.783228,4.0,0.00012367,5,274,0.23704,0.24075,0.06,0.8,100,0.0,0.81481,,,-0.03,0.02674,-0.00176,0.0,0.00617,0.38432
1724,1765376,57.70507,230.4,0.8,0.84,1.259197,-0.001634,0.028241,0.002691,0.21579,0.023331,0.960852,44.176437,24.295599,43.911991,25.3813,4.0,0.00012356,5,280,0.2148,0.21761,0.07,0.79,100,0.6,0.64286,,,-0.03,0.02889,-0.00065,0.0,0.00746,0.31518
1725,1766400,56.59849,243.6,0.8,0.83,1.177576,-0.001362,0.037424,0.00172,0.260933,0.01236,0.95736,40.798306,25.974243,39.997684,27.103132,4.0,0.00012346,5,281,0.19788,0.20144,0.08,0.79,100,0.2,0.88235,,,-0.03,0.0245,-0.00081,0.0,0.00594,0.33142
1726,1767424,75.15047,120.0,1.0,0.83,0.973214,-0.001201,0.041148,0.001712,0.440376,0.011063,0.956052,33.011826,28.311508,30.94105,28.546497,4.0,0.00012336,1,297,0.20247,0.20667,0.08,0.79,100,0.0,0.66667,,,-0.03,0.0214,-0.00124,0.0,0.00413,0.10092
1727,1768448,44.77173,322.0,0.66667,0.83,0.991213,-0.002784,0.024828,0.00339,0.425065,0.048843,0.977464,22.742077,30.959454,21.642187,32.013294,4.0,0.00012326,3,314,0.22005,0.22316,0.09,0.77,100,0.33333,0.85714,,,-0.03,0.01943,-0.00232,0.0,0.00666,0.20098
1728,1769472,52.4022,277.75,0.75,0.82,1.008391,-0.001098,0.019888,0.001935,0.244855,0.010544,0.987027,23.475233,36.944469,23.021236,37.403526,4.0,0.00012316,4,292,0.183,0.1871,0.1,0.76,100,0.25,0.85714,,,-0.03,0.02047,-0.00166,0.0,0.00425,0.29116
1729,1770496,41.33895,329.8,0.6,0.81,1.079091,-0.001326,0.017444,0.001891,0.272352,0.011047,0.986696,31.900705,34.558823,31.516293,35.208714,4.0,0.00012305,5,281,0.17043,0.17306,0.12,0.76,100,0.0,0.90323,,,-0.03,0.02479,-0.001,0.0,0.01076,0.26525
1730,1771520,54.63005,269.5,0.75,0.81,1.164487,-0.00166,0.036993,0.00215,0.273449,0.01619,0.954133,48.032658,25.799278,46.979675,26.752548,4.0,0.00012295,4,290,0.14612,0.15118,0.13,0.76,100,0.25,0.92857,,,-0.03,0.03168,-0.00077,0.0,0.00795,0.23384
1731,1772544,56.97411,236.0,0.8,0.8,1.048736,-0.000681,0.055719,0.0016,0.334091,0.011673,0.937722,41.209049,27.353661,39.646896,27.772837,4.0,0.00012285,5,272,0.16868,0.17217,0.14,0.77,100,0.2,0.925,,,-0.03,0.02638,-0.00087,0.0,0.00649,0.36366
1732,1773568,73.60154,164.0,1.0,0.8,1.018105,-0.001641,0.024561,0.002783,0.365718,0.030304,0.969508,35.023758,25.789459,33.552677,26.630968,4.0,0.00012275,3,288,0.15881,0.16131,0.14,0.77,100,0.0,0.76923,,,-0.03,0.02321,-0.00073,0.0,0.0073,0.28441
1733,1774592,71.36073,205.0,1.0,0.8,0.905218,-0.001476,0.034336,0.002624,0.447692,0.023804,0.966033,17.791538,29.405907,15.55511,29.423122,4.0,0.00012264,1,299,0.15447,0.15758,0.14,0.76,100,0.0,1.0,,,-0.03,0.0101,-0.00075,0.0,0.00564,0.10588
1734,1775616,21.49221,440.66667,0.33333,0.78,1.06208,-0.000867,0.016437,0.001448,0.633956,0.012009,0.98237,9.427644,31.095932,6.665054,30.486444,4.0,0.00012254,3,300,0.19541,0.19771,0.16,0.76,100,0.33333,0.9,,,-0.03,0.01506,-0.00158,0.0,-0.00039,0.10656
1735,1776640,49.38326,287.0,0.66667,0.78,1.06733,-0.001133,0.022737,0.001586,0.285685,0.012039,0.983386,7.588451,34.77319,6.923494,35.977074,4.0,0.00012244,3,284,0.18094,0.18222,0.17,0.76,100,0.33333,0.5,,,-0.03,0.01659,-0.00072,0.0,0.00754,0.19702
1736,1777664,40.54996,320.8,0.6,0.78,1.032161,-0.001633,0.019878,0.00218,0.318577,0.020447,0.986948,10.914347,38.511303,11.935952,39.941883,4.0,0.00012234,5,307,0.18503,0.18663,0.18,0.75,100,0.2,0.2,,,-0.03,0.02427,-0.0004,0.0,0.00807,0.29195
1737,1778688,47.62241,288.16667,0.66667,0.77,1.153606,-0.001285,0.027967,0.002045,0.251775,0.017578,0.969295,39.118057,28.13135,38.800083,28.630947,4.0,0.00012223,6,236,0.18119,0.18448,0.2,0.74,100,0.33333,0.8,,,-0.03,0.03284,-0.00036,0.0,0.00736,0.3366
1738,1779712,57.60427,251.2,0.8,0.77,0.928116,-0.000961,0.064218,0.0014,0.248981,0.010605,0.928975,31.33984,27.377565,30.944054,28.755932,4.0,0.00012213,5,287,0.19192,0.19619,0.21,0.71,100,0.0,0.6,,,-0.03,0.02661,-0.00058,0.0,0.00552,0.43229
1739,1780736,73.66735,147.0,1.0,0.78,0.892908,-0.001567,0.033397,0.002493,0.277663,0.023926,0.969509,28.591751,30.341002,28.219685,31.704575,4.0,0.00012203,2,264,0.19104,0.19415,0.2,0.7,100,0.0,0.71429,,,-0.03,0.02713,-0.00052,0.0,0.00973,0.22216
1740,1781760,72.58133,167.33333,1.0,0.78,0.951529,-0.001315,0.023958,0.001457,0.248549,0.010345,0.98217,20.404552,35.320019,20.239458,36.381443,4.0,0.00012193,3,257,0.21406,0.21629,0.2,0.68,100,0.0,0.44444,,,-0.03,0.02384,-0.0012,0.0,0.0089,0.33022
1741,1782784,48.21211,299.16667,0.66667,0.78,0.979084,-0.001967,0.010499,0.001972,0.284571,0.018112,0.99408,18.906317,40.205009,19.727007,41.204533,4.0,0.00012182,6,291,0.21245,0.21479,0.21,0.66,100,0.16667,0.93333,,,-0.03,0.02635,-0.00172,0.0,0.00739,0.41304
1742,1783808,53.5123,270.75,0.75,0.77,1.230273,-0.001734,0.018373,0.00275,0.242841,0.023102,0.983105,43.573219,31.484722,43.630489,31.332769,4.0,0.00012172,4,287,0.19666,0.19895,0.22,0.65,100,0.0,0.71429,,,-0.03,0.02775,-0.00078,0.0,0.00666,0.23704
1743,1784832,45.46613,252.5,0.66667,0.75,1.156493,-0.000854,0.057107,0.001456,0.366101,0.011078,0.898694,45.776619,20.889805,44.365112,22.761278,4.0,0.00012162,6,270,0.20552,0.21011,0.23,0.62,100,0.16667,0.92308,,,-0.03,0.02683,-0.001,0.0,0.00028,0.33758
1744,1785856,55.0916,145.75,0.75,0.75,0.983326,-0.001559,0.064255,0.002313,0.509543,0.021561,0.941386,35.712814,30.178858,32.958588,31.318102,4.0,0.00012152,4,293,0.18959,0.19454,0.22,0.61,100,0.25,0.71429,,,-0.03,0.02716,-0.00062,0.0,0.00281,0.29206
1745,1786880,75.18938,128.66667,1.0,0.76,0.992372,-0.001372,0.019228,0.001546,0.356379,0.009903,0.98679,22.855562,37.169262,21.86134,38.147438,4.0,0.00012141,3,297,0.18382,0.18557,0.21,0.59,100,0.0,0.625,,,-0.03,0.02426,-0.00057,0.0,0.01125,0.30267
1746,1787904,52.09216,275.25,0.75,0.76,0.874109,-0.001486,0.044632,0.001695,0.275381,0.011124,0.971122,15.743114,38.452946,14.75125,38.224899,4.0,0.00012131,4,298,0.18294,0.18689,0.22,0.58,100,0.25,0.5,,,-0.03,0.02062,-0.00039,0.0,0.00159,0.33682
1747,1788928,47.50392,299.33333,0.66667,0.76,0.777405,-0.001933,0.025072,0.001936,0.228373,0.023026,0.982797,15.747316,36.658375,15.678381,37.236088,4.0,0.00012121,3,317,0.18202,0.18462,0.22,0.6,100,0.33333,0.57143,,,-0.03,0.02477,-0.00045,0.0,0.00888,0.24831
1748,1789952,42.59002,324.2,0.6,0.74,0.877983,-0.000958,0.017822,0.001539,0.237538,0.007736,0.98896,30.189507,37.823086,30.698393,38.532486,4.0,0.00012111,5,294,0.1393,0.14128,0.24,0.6,100,0.2,0.55556,,,-0.03,0.03275,0.00024,0.0,0.01018,0.29711
1749,1790976,61.82544,218.33333,0.83333,0.74,0.841611,-0.001457,0.023491,0.001777,0.244065,0.01741,0.984072,36.446487,35.829266,37.150589,36.698498,4.0,0.000121,6,292,0.14192,0.14619,0.24,0.61,100,0.0,0.68421,,,-0.03,0.03643,0.00044,0.0,0.01422,0.51098
1750,1792000,52.56438,196.0,0.71429,0.73,0.942884,-0.000918,0.085786,0.001295,0.245712,0.007599,0.923217,43.719299,31.575428,42.870953,31.863478,4.0,0.0001209,7,290,0.15644,0.16181,0.24,0.64,100,0.42857,0.5,,,-0.03,0.03588,0.00055,0.0,0.00842,0.47986
1751,1793024,76.03027,125.5,1.0,0.74,1.07543,-0.001029,0.028879,0.002678,0.376918,0.020401,0.96445,47.774818,26.652826,46.775093,27.306225,4.0,0.0001208,4,289,0.17379,0.1775,0.23,0.64,100,0.0,0.52632,,,-0.03,0.03179,0.00048,0.0,0.01465,0.3497
1752,1794048,72.19233,179.5,1.0,0.74,0.89371,-0.000493,0.067334,0.002141,0.602399,0.019455,0.937454,29.394505,30.854181,26.648596,30.71764,4.0,0.0001207,2,298,0.18904,0.19296,0.23,0.62,100,0.0,0.72727,,,-0.03,0.02443,-0.00102,0.0,0.00279,0.21668
1753,1795072,43.34772,247.0,0.6,0.74,1.07046,-0.001107,0.031652,0.002275,0.324124,0.014236,0.977414,29.044714,34.905632,27.978952,35.837326,4.0,0.0001206,5,292,0.20917,0.21192,0.22,0.65,100,0.4,0.77273,,,-0.03,0.02668,-0.00085,0.0,0.0106,0.27474
1754,1796096,55.44865,247.0,0.75,0.75,1.05266,-0.001321,0.031036,0.001456,0.262825,0.010681,0.977438,18.966171,37.211018,18.070183,37.174217,4.0,0.00012049,4,295,0.23128,0.23338,0.21,0.66,100,0.25,0.5,,,-0.03,0.02259,-0.00125,0.0,0.00504,0.29064
1755,1797120,32.39322,392.25,0.5,0.73,1.145377,-0.001403,0.02403,0.001928,0.263181,0.018921,0.980347,21.319525,34.775589,20.984461,35.135136,4.0,0.00012039,4,236,0.219,0.22165,0.23,0.66,100,0.0,0.72727,,,-0.03,0.01942,-0.00174,0.0,0.00925,0.18169
1756,1798144,72.47312,173.0,1.0,0.74,1.263383,-0.001834,0.076954,0.002166,0.553585,0.015778,0.927556,30.935547,30.244797,28.322517,30.80295,4.0,0.00012029,3,249,0.18815,0.19153,0.22,0.66,100,0.0,0.54545,,,-0.03,0.02323,-0.00079,0.0,0.00565,0.23505
1757,1799168,42.17664,236.0,0.6,0.73,1.201509,-0.001819,0.044569,0.002344,0.286748,0.014465,0.969784,20.390108,35.935223,19.566059,37.306313,4.0,0.00012019,5,289,0.15778,0.1603,0.22,0.66,100,0.4,0.5,,,-0.03,0.02234,-0.00023,0.0,0.00665,0.24495
1758,1800192,53.23681,244.5,0.75,0.74,1.186098,-0.002222,0.052081,0.003383,0.540769,0.042694,0.960821,17.250393,36.197311,15.113075,35.321632,4.0,0.00012008,4,255,0.15936,0.16237,0.21,0.67,100,0.0,0.90909,,,-0.03,0.01862,-0.00041,0.0,0.00343,0.25422
1759,1801216,73.30455,154.5,1.0,0.75,1.000115,-0.00231,0.030754,0.002566,0.326736,0.023148,0.975339,9.365061,33.833458,8.638077,34.440929,4.0,0.00011998,2,303,0.20743,0.21456,0.2,0.67,100,0.0,0.92308,,,-0.03,0.013,-0.00389,0.0,0.00658,0.21432
1760,1802240,30.51071,407.75,0.5,0.75,1.031679,-0.001561,0.06366,0.002022,0.302625,0.016693,0.942978,13.251011,33.439243,13.993335,33.819977,4.0,0.00011988,4,287,0.17161,0.17445,0.2,0.66,100,0.0,0.96667,,,-0.03,0.02401,-0.00134,0.0,0.00784,0.19236
1761,1803264,58.15293,154.2,0.8,0.75,0.991453,-0.001838,0.07811,0.002457,0.292614,0.024521,0.9286,14.659229,32.784039,15.077884,33.267986,4.0,0.00011978,5,294,0.17943,0.18258,0.19,0.66,100,0.2,0.44444,,,-0.03,0.02351,-0.00059,0.0,0.00641,0.40797
1762,1804288,33.44908,381.5,0.5,0.73,1.322373,-0.002192,0.048235,0.003113,0.468719,0.033432,0.927447,31.337475,25.949806,33.048584,26.553019,4.0,0.00011967,6,282,0.19384,0.1948,0.21,0.64,100,0.16667,0.8,,,-0.03,0.02671,-0.00063,0.0,0.00972,0.23516
1763,1805312,72.71163,171.28571,1.0,0.73,1.41309,-0.002175,0.030374,0.002853,0.608869,0.021576,0.787617,47.293533,11.268671,50.454197,12.023347,4.0,0.00011957,7,264,0.18547,0.18813,0.21,0.61,100,0.14286,0.63158,,,-0.03,0.02654,-0.00068,0.0,0.01479,0.50374
1764,1806336,72.32887,168.5,1.0,0.74,1.247538,-0.002101,0.028632,0.003443,0.342783,0.033981,0.738051,48.419727,10.776945,49.462563,10.412392,4.0,0.00011947,2,244,0.16379,0.16653,0.2,0.61,100,0.0,0.91667,,,-0.03,0.02498,-0.00087,0.0,0.01047,0.15609
1765,1807360,71.62454,188.0,1.0,0.76,1.052488,-0.002975,0.039946,0.004085,0.416908,0.04718,0.867277,45.323639,15.387062,44.552261,17.614136,4.0,0.00011937,4,270,0.16078,0.165,0.18,0.6,100,0.0,0.6,,,-0.03,0.02432,-0.00062,0.0,0.00176,0.36659
1766,1808384,58.53453,136.0,0.8,0.77,0.923433,-0.00113,0.04519,0.001602,0.513155,0.009583,0.953719,29.969707,29.834669,27.902006,31.459053,4.0,0.00011926,5,297,0.14066,0.14613,0.17,0.6,100,0.2,0.68421,,,-0.03,0.02304,-0.00067,0.0,0.00415,0.41577
1767,1809408,-5.69294,600.0,0.0,0.76,0.803761,-0.00241,0.026889,0.002201,0.351444,0.021317,0.975636,15.203072,33.62674,13.678145,32.881001,4.0,0.00011916,1,304,0.1412,0.14323,0.18,0.6,100,0.0,1.0,,,-0.03,0.01332,-0.0004,0.0,0.00407,0.0
1768,1810432,44.12832,345.0,0.66667,0.75,0.879417,-0.001817,0.054134,0.002104,0.328661,0.014877,0.948411,24.24889,30.870472,24.819714,31.603357,4.0,0.00011906,6,308,0.13914,0.14308,0.2,0.58,100,0.0,0.875,,,-0.03,0.02259,-0.00098,0.0,0.00241,0.40953
1769,1811456,55.64013,287.0,0.8,0.75,0.963602,-0.001036,0.085693,0.000938,0.372995,0.007462,0.843079,40.716949,23.760458,42.877533,22.927729,4.0,0.00011896,5,275,0.14617,0.15137,0.2,0.6,100,0.4,0.625,,,-0.03,0.02893,-0.00087,0.0,0.00945,0.35881
1770,1812480,74.01895,141.25,1.0,0.76,1.061744,-0.001822,0.031575,0.001424,0.236267,0.011993,0.932809,45.839649,19.535208,45.561043,20.898891,4.0,0.00011885,4,284,0.17457,0.1796,0.19,0.63,100,0.0,0.25,,,-0.03,0.02601,-0.00093,0.0,0.00837,0.34419
1771,1813504,72.73414,162.0,1.0,0.78,0.918084,-0.001223,0.037917,0.00097,0.21717,0.006409,0.943831,36.164574,24.698954,35.883751,25.736135,4.0,0.00011875,4,307,0.16514,0.17288,0.17,0.64,100,0.25,0.73684,,,-0.03,0.02471,-0.00168,0.0,0.00284,0.40039
1772,1814528,49.35623,226.0,0.75,0.77,0.818962,-0.002378,0.065709,0.001769,0.269726,0.016113,0.919819,28.622997,28.085052,28.788086,28.63752,4.0,0.00011865,4,300,0.15343,0.15994,0.17,0.62,100,0.25,0.98095,,,-0.03,0.0293,-0.00165,0.0,0.00759,0.3179
1773,1815552,58.59146,227.6,0.8,0.77,0.87674,-0.001345,0.030593,0.001415,0.252047,0.009491,0.959112,36.667431,25.243252,36.594139,26.053129,4.0,0.00011855,5,287,0.11604,0.11864,0.17,0.63,100,0.4,0.6,,,-0.03,0.02901,0.00034,0.0,0.00929,0.3861
1774,1816576,45.95097,253.16667,0.66667,0.77,0.96758,-0.001293,0.025062,0.001531,0.235017,0.0121,0.962134,41.406582,24.543291,42.115746,25.758514,4.0,0.00011844,6,285,0.11901,0.12439,0.17,0.63,100,0.33333,0.91111,,,-0.03,0.02521,-0.00097,0.0,0.00934,0.33552
1775,1817600,30.49792,201.71429,0.42857,0.75,0.947216,-0.000931,0.083054,0.001096,0.641025,0.008926,0.865834,40.37355,23.371044,37.16983,24.788668,4.0,0.00011834,7,275,0.13245,0.13962,0.17,0.65,100,0.57143,0.5,,,-0.03,0.03129,0.00045,0.0,-0.00139,0.26516
1776,1818624,74.91538,129.0,1.0,0.75,1.048455,-0.001785,0.028546,0.001968,0.282135,0.020935,0.952825,42.525803,22.293177,42.597317,23.620289,4.0,0.00011824,5,283,0.13779,0.14171,0.17,0.65,100,0.0,0.72727,,,-0.03,0.02968,-4e-05,0.0,0.00963,0.42571
1777,1819648,75.50242,138.33333,1.0,0.76,1.044641,-0.00163,0.031363,0.001445,0.311953,0.006302,0.963696,31.978241,27.787523,30.957413,29.129902,4.0,0.00011814,3,287,0.13939,0.14156,0.16,0.66,100,0.0,0.0,,,-0.03,0.02052,0.00041,0.0,0.00987,0.25854
1778,1820672,54.03863,249.5,0.75,0.77,1.056063,-0.001944,0.016147,0.002149,0.259542,0.010376,0.981467,26.443851,29.924137,26.269918,30.991232,4.0,0.00011804,4,281,0.16842,0.17106,0.15,0.67,100,0.25,0.54545,,,-0.03,0.02231,-0.00091,0.0,0.0091,0.27653
1779,1821696,35.5206,357.0,0.5,0.76,1.048155,-0.001299,0.025111,0.001195,0.424167,0.00853,0.971792,18.950443,30.647568,17.073971,30.804251,4.0,0.00011793,2,296,0.14603,0.14736,0.16,0.67,100,0.5,0.75,,,-0.03,0.01492,-0.00087,0.0,0.01011,0.09053
1780,1822720,32.5442,369.0,0.5,0.76,1.165933,-0.001874,0.01643,0.001954,0.266426,0.015366,0.986353,18.773258,33.369926,17.773891,33.613316,4.0,0.00011783,2,298,0.14162,0.14525,0.17,0.68,100,0.5,0.75,,,-0.03,0.01578,-0.00162,0.0,0.00584,0.08328
1781,1823744,40.37049,340.0,0.6,0.75,1.269399,-0.001466,0.023867,0.001706,0.264572,0.018005,0.973779,27.725531,31.631083,27.629986,32.251804,4.0,0.00011773,5,277,0.14775,0.15396,0.18,0.68,100,0.2,0.91176,,,-0.03,0.0197,-0.0029,0.0,0.00731,0.23028
1782,1824768,72.97183,161.75,1.0,0.76,1.196119,-0.001176,0.034522,0.001449,0.202195,0.004456,0.968996,25.995337,32.764572,25.454782,33.662876,4.0,0.00011763,4,287,0.16968,0.17728,0.17,0.67,100,0.0,0.89091,,,-0.03,0.0177,-0.003,0.0,0.00535,0.33334
1783,1825792,38.93166,345.4,0.6,0.76,1.261616,-0.001449,0.036492,0.00181,0.26641,0.014206,0.950603,38.303024,26.603882,38.480255,26.980808,4.0,0.00011752,5,266,0.16424,0.16618,0.17,0.66,100,0.2,0.8,,,-0.03,0.02298,-0.00049,0.0,0.01262,0.22023
1784,1826816,58.56884,237.16667,0.83333,0.77,1.293591,-0.001698,0.019824,0.002328,0.296632,0.016815,0.697238,50.319691,7.472223,51.430328,8.374494,4.0,0.00011742,6,263,0.17449,0.17709,0.17,0.67,100,0.0,0.96575,,,-0.03,0.03022,-0.00073,0.0,0.00868,0.36091
1785,1827840,72.57347,167.33333,1.0,0.79,1.206208,-0.001407,0.03171,0.00176,0.283207,0.010208,0.873591,49.351353,13.46422,50.159828,15.293325,4.0,0.00011732,6,283,0.19061,0.19562,0.15,0.65,100,0.0,0.74359,,,-0.03,0.027,-0.0013,0.0,0.01091,0.48192
1786,1828864,73.89645,142.8,1.0,0.79,1.156535,-0.001741,0.018195,0.002629,0.297076,0.024017,0.962347,45.47776,21.790648,45.806595,23.314928,4.0,0.00011722,5,274,0.18316,0.18757,0.15,0.65,100,0.0,0.40909,,,-0.03,0.02534,-0.0009,0.0,0.01254,0.41398
1787,1829888,71.40458,200.66667,1.0,0.79,1.096233,-0.002147,0.058958,0.00206,0.341126,0.015778,0.92764,43.078888,28.62484,44.281204,28.965649,4.0,0.00011711,6,266,0.1636,0.16785,0.15,0.64,100,0.0,0.81667,,,-0.03,0.02847,-0.00029,0.0,0.00941,0.49509
1788,1830912,51.66274,204.28571,0.71429,0.79,1.019789,-0.001229,0.050098,0.001553,0.223156,0.007812,0.943861,43.973045,28.478947,43.818672,29.565451,4.0,0.00011701,7,293,0.1446,0.149,0.15,0.63,100,0.14286,0.5625,,,-0.03,0.03103,0.00011,0.0,0.00848,0.43225
1789,1831936,74.10576,131.0,1.0,0.81,0.950351,-0.001567,0.024949,0.00324,0.263853,0.027374,0.962007,51.400963,25.036673,52.184395,25.471432,4.0,0.00011691,5,274,0.12235,0.12563,0.13,0.64,100,0.2,0.66667,,,-0.03,0.03076,2e-05,0.0,0.01296,0.41072
1790,1832960,73.58518,146.4,1.0,0.82,0.949942,-0.000926,0.049839,0.001224,0.185722,0.010986,0.930073,48.7808,26.433113,48.767323,26.473038,4.0,0.00011681,5,261,0.12365,0.12831,0.12,0.68,100,0.0,0.7,,,-0.03,0.03174,-4e-05,0.0,0.0066,0.43072
1791,1833984,46.18888,240.0,0.66667,0.8,0.988336,-0.001088,0.023358,0.001493,0.183499,0.00946,0.928784,55.362526,16.89855,55.020313,17.594353,4.0,0.0001167,6,269,0.14802,0.15626,0.13,0.68,100,0.5,0.94643,,,-0.03,0.02714,-0.0026,0.0,0.00603,0.33803
1792,1835008,72.17667,170.71429,1.0,0.82,1.010318,-0.000888,0.028864,0.001602,0.271559,0.011215,0.619852,57.68211,9.67144,58.66853,8.879281,4.0,0.0001166,7,266,0.12683,0.13092,0.12,0.67,100,0.28571,0.85294,,,-0.03,0.032,-5e-05,0.0,0.01344,0.55004
1793,1836032,72.99693,149.6,1.0,0.83,0.955997,-0.001657,0.025022,0.0015,0.210057,0.013489,0.876557,54.602001,12.865849,54.873726,13.825572,4.0,0.0001165,5,285,0.13786,0.14302,0.11,0.69,100,0.6,0.55,,,-0.03,0.02622,-0.00042,0.0,0.00991,0.44134
1794,1837056,73.33784,167.42857,1.0,0.84,1.046789,-0.000896,0.043158,0.001936,0.256728,0.011765,0.770472,54.099388,15.421106,55.163639,13.840855,4.0,0.0001164,7,278,0.12202,0.12498,0.11,0.69,100,0.14286,0.63333,,,-0.03,0.02931,6e-05,0.0,0.01139,0.54778
1795,1838080,58.00529,162.6,0.8,0.87,1.104412,-0.000951,0.042981,0.001704,0.418969,0.009308,0.708959,54.672279,9.256126,52.957672,12.49869,4.0,0.00011629,5,245,0.13912,0.14621,0.1,0.71,100,0.2,0.70833,,,-0.03,0.02461,-0.00115,0.0,0.00646,0.31084
1796,1839104,48.70494,148.66667,0.66667,0.86,1.171052,-0.001417,0.019131,0.002115,0.324146,0.008194,0.965696,48.470367,23.500975,47.658459,25.176003,4.0,0.00011619,3,258,0.13454,0.13988,0.1,0.73,100,0.33333,0.625,,,-0.03,0.02057,-0.00226,0.0,0.01461,0.15092
1797,1840128,59.75202,225.33333,0.83333,0.86,1.18243,-0.002243,0.008029,0.003877,0.313272,0.04158,0.985424,53.357643,22.750883,53.275269,23.227489,4.0,0.00011609,6,250,0.13998,0.1473,0.1,0.74,100,0.0,0.93333,,,-0.03,0.02659,-0.00283,0.0,0.00977,0.38052
1798,1841152,58.03147,253.33333,0.83333,0.86,1.065551,-0.001232,0.014466,0.002424,0.254191,0.023163,0.972358,52.567471,21.859495,52.260017,22.216564,4.0,0.00011599,6,261,0.11528,0.11916,0.1,0.74,100,0.0,0.96732,,,-0.03,0.02775,-0.00043,0.0,0.00919,0.3782
1799,1842176,73.0107,166.42857,1.0,0.89,1.073953,-0.000927,0.026967,0.002664,0.290325,0.016373,0.817248,58.195171,12.101663,59.019428,11.968507,4.0,0.00011588,7,280,0.13359,0.13675,0.07,0.71,100,0.0,0.7,,,-0.03,0.0319,9e-05,0.0,0.01528,0.54658
1800,1843200,61.39574,135.66667,0.83333,0.9,0.972399,-0.001697,0.029633,0.002271,0.389641,0.019592,0.918121,53.517113,17.387125,52.091595,19.687452,4.0,0.00011578,6,241,0.14459,0.15025,0.05,0.7,100,0.16667,0.7,,,-0.03,0.02915,-0.00017,0.0,0.00735,0.43885
1801,1844224,72.71058,166.66667,1.0,0.91,1.055436,-0.001425,0.021184,0.002815,0.274847,0.021698,0.956446,53.939838,22.28923,54.72617,22.271954,4.0,0.00011568,6,271,0.16857,0.17321,0.04,0.68,100,0.0,0.75758,,,-0.03,0.03028,-0.00102,0.0,0.01139,0.50278
1802,1845248,61.27155,208.5,0.83333,0.9,1.066048,-0.002132,0.011289,0.002881,0.257145,0.023087,0.975481,54.101871,20.493553,53.640079,20.875296,4.0,0.00011558,6,281,0.16419,0.16715,0.05,0.67,100,0.16667,0.81818,,,-0.03,0.02712,-0.00052,0.0,0.0101,0.39577
1803,1846272,53.15988,153.0,0.75,0.89,1.046179,-0.001397,0.065175,0.002725,0.529606,0.02298,0.75452,53.439327,13.52278,50.20911,15.821674,4.0,0.00011548,4,274,0.14405,0.14986,0.05,0.65,100,0.5,0.875,,,-0.03,0.02459,-0.00046,0.0,-0.00322,0.24873
1804,1847296,51.99992,206.25,0.75,0.88,1.025371,-0.001877,0.022298,0.003083,0.353456,0.03598,0.958171,47.946648,20.664524,46.866692,22.234255,4.0,0.00011537,4,278,0.14033,0.1452,0.05,0.64,100,0.25,0.54545,,,-0.03,0.02502,-0.00074,0.0,0.00716,0.25746
1805,1848320,72.20859,172.83333,1.0,0.88,1.116327,-0.000994,0.016461,0.001818,0.223991,0.00737,0.9788,43.104298,28.609058,43.423851,29.363029,4.0,0.00011527,6,286,0.1438,0.14706,0.05,0.65,100,0.0,0.88,,,-0.03,0.0253,-0.00086,0.0,0.00795,0.50482
1806,1849344,51.03009,269.0,0.75,0.89,1.063705,-0.000757,0.018424,0.002368,0.265356,0.018631,0.978801,42.19397,28.538685,41.859348,28.561373,4.0,0.00011517,4,273,0.13138,0.1343,0.05,0.63,100,0.0,0.83333,,,-0.03,0.02086,-0.0003,0.0,0.00778,0.25715
1807,1850368,33.65328,396.5,0.5,0.88,1.015423,-0.00077,0.021237,0.002199,0.438108,0.012817,0.940538,47.075672,18.668686,45.26313,19.056522,4.0,0.00011507,2,280,0.12947,0.13093,0.06,0.62,100,0.0,1.0,,,-0.03,0.02057,-0.00054,0.0,0.00548,0.0869
1808,1851392,70.18295,221.5,1.0,0.88,1.152008,-0.00128,0.01637,0.001363,0.312599,0.008224,0.973352,40.47747,23.612432,39.800144,25.122488,4.0,0.00011496,4,297,0.15039,0.15256,0.06,0.62,100,0.0,0.94444,,,-0.03,0.01978,-0.00151,0.0,0.00638,0.34568
1809,1852416,48.1027,141.33333,0.66667,0.87,1.122508,-0.001501,0.031192,0.002463,0.427595,0.0177,0.968533,32.477612,30.961515,30.641615,31.376921,4.0,0.00011486,3,287,0.14991,0.15269,0.06,0.61,100,0.33333,0.5,,,-0.03,0.0188,-0.00104,0.0,0.00438,0.17912
1810,1853440,33.1241,372.0,0.5,0.85,1.120197,-0.001184,0.020776,0.002846,0.408452,0.026566,0.974871,37.426064,28.096216,36.170437,28.607901,4.0,0.00011476,4,285,0.12942,0.13305,0.08,0.6,100,0.0,0.83333,,,-0.03,0.02144,-0.00134,0.0,0.00534,0.17322
1811,1854464,39.40298,279.2,0.6,0.85,1.068406,-0.001398,0.04813,0.002012,0.264756,0.016296,0.943389,37.672115,28.050873,37.01112,28.773273,4.0,0.00011466,5,290,0.1155,0.11931,0.08,0.61,100,0.2,0.94595,,,-0.03,0.02527,-0.00043,0.0,0.00702,0.24766
1812,1855488,53.68632,255.75,0.75,0.84,0.975563,-0.00129,0.027195,0.001835,0.253757,0.011749,0.954362,46.987076,23.361107,46.531555,23.632925,4.0,0.00011455,4,277,0.11412,0.1185,0.09,0.61,100,0.0,0.77778,,,-0.03,0.02795,-0.00099,0.0,0.00855,0.2701
1813,1856512,70.96894,195.14286,1.0,0.84,1.007011,-0.00079,0.025081,0.001263,0.351977,0.007812,0.937019,48.039997,21.820614,49.681511,21.954895,4.0,0.00011445,7,256,0.12037,0.12406,0.09,0.57,100,0.14286,0.9375,,,-0.03,0.02914,-0.0011,0.0,0.00956,0.60634
1814,1857536,64.78753,190.5,0.875,0.83,1.087541,-0.001373,0.008178,0.001225,0.346924,0.003922,0.967279,54.11343,14.722604,55.495567,15.440542,4.0,0.00011435,8,262,0.11819,0.12112,0.1,0.6,100,0.125,0.47059,,,-0.03,0.03344,0.00048,0.0,0.01547,0.53679
1815,1858560,75.00937,133.5,1.0,0.85,1.127801,-0.001318,0.010128,0.001747,0.270602,0.012924,0.776177,57.059608,5.435341,58.149803,6.686714,4.0,0.00011425,6,257,0.11652,0.11843,0.1,0.61,100,0.0,0.44444,,,-0.03,0.02927,0.00012,0.0,0.01289,0.43901
1816,1859584,73.01509,165.6,1.0,0.86,1.121223,-0.002652,0.008299,0.00269,0.270335,0.027512,0.941184,57.350876,11.391002,57.756546,12.678074,4.0,0.00011414,5,246,0.11948,0.12349,0.09,0.61,100,0.0,0.75,,,-0.03,0.02467,-0.00086,0.0,0.01319,0.36842
1817,1860608,58.00052,135.6,0.8,0.85,1.172996,-0.000943,0.048293,0.002368,0.276381,0.023697,0.913992,55.186241,21.45299,54.322445,23.213278,4.0,0.00011404,5,230,0.11821,0.12518,0.09,0.6,100,0.2,0.75,,,-0.03,0.02519,-0.00159,0.0,0.00659,0.29628
1818,1861632,57.14521,263.5,0.83333,0.85,1.16275,-0.002046,0.006375,0.002781,0.256179,0.021957,0.990506,52.137131,24.774828,52.653378,25.118078,4.0,0.00011394,6,262,0.1118,0.11565,0.09,0.6,100,0.0,0.95726,,,-0.03,0.02622,-0.00082,0.0,0.00991,0.36062
1819,1862656,73.1892,150.85714,1.0,0.85,1.046385,-0.001154,0.012343,0.001383,0.201108,0.006317,0.559303,60.648026,5.214582,61.011772,5.312986,4.0,0.00011384,7,245,0.1109,0.11396,0.09,0.6,100,0.0,0.36364,,,-0.03,0.02912,0.00043,0.0,0.00928,0.53134
1820,1863680,72.31125,172.85714,1.0,0.86,1.027526,-0.001711,0.007755,0.002923,0.256542,0.017395,0.72806,61.723251,5.22348,62.340801,5.286839,4.0,0.00011373,7,240,0.09623,0.10016,0.09,0.59,100,0.0,0.89474,,,-0.03,0.03033,-0.00052,0.0,0.01223,0.52038
1821,1864704,74.28488,138.6,1.0,0.86,1.038718,-0.001765,0.006818,0.002931,0.304384,0.028549,0.839801,60.02232,5.828874,60.427544,6.315066,4.0,0.00011363,5,236,0.08989,0.09193,0.09,0.62,100,0.0,0.72222,,,-0.03,0.02234,0.0003,0.0,0.015,0.36622
1822,1865728,73.49239,161.0,1.0,0.87,0.991993,-0.00107,0.01372,0.002856,0.464111,0.027298,0.941015,56.612045,14.661571,56.290054,16.878624,4.0,0.00011353,5,256,0.07012,0.07239,0.08,0.61,100,0.0,0.375,,,-0.03,0.02546,0.00118,0.0,0.01242,0.3701
1823,1866752,47.30995,135.33333,0.66667,0.87,0.923021,-0.001022,0.090829,0.001862,0.469946,0.017578,0.868027,51.616764,24.915049,48.839882,25.915838,4.0,0.00011343,6,276,0.06724,0.07508,0.08,0.59,100,0.5,0.7,,,-0.03,0.02872,0.00069,0.0,-0.00296,0.32774
1824,1867776,53.17845,214.875,0.75,0.85,0.955913,-0.001266,0.023854,0.002633,0.221352,0.014603,0.933523,57.995171,17.629313,58.942535,18.467865,4.0,0.00011332,8,278,0.06932,0.07181,0.09,0.62,100,0.125,0.7,,,-0.03,0.03267,0.00085,0.0,0.01664,0.434
1825,1868800,74.90445,126.0,1.0,0.87,0.980691,-0.001102,0.005559,0.001741,0.280398,0.011032,0.668323,63.623669,3.951707,64.046951,4.000166,4.0,0.00011322,7,258,0.0779,0.08349,0.07,0.63,100,0.14286,0.61538,,,-0.03,0.02873,-0.00114,0.0,0.01606,0.51964
1826,1869824,73.18908,146.33333,1.0,0.89,0.973053,-0.000969,0.017054,0.002406,0.173674,0.011627,0.54533,62.657196,6.055663,62.694302,6.125821,4.0,0.00011312,6,255,0.08957,0.09636,0.06,0.62,100,0.16667,0.66667,,,-0.03,0.02806,-0.00039,0.0,0.00989,0.46657
1827,1870848,60.19464,186.14286,0.85714,0.9,1.03251,-0.000641,0.037916,0.001229,0.222075,0.007996,0.66135,60.742039,7.358037,59.943794,10.344405,4.0,0.00011302,7,248,0.08802,0.09173,0.04,0.63,100,0.28571,0.96396,,,-0.03,0.02599,0.00015,0.0,0.00952,0.44564
1828,1871872,61.45158,132.16667,0.83333,0.91,0.927716,-0.002055,0.034713,0.001826,0.238021,0.023285,0.574828,61.408318,5.310182,60.819168,9.156098,4.0,0.00011292,6,257,0.07183,0.07614,0.03,0.64,100,0.16667,0.8,,,-0.03,0.02936,0.00102,0.0,0.01359,0.37878
1829,1872896,75.10105,128.85714,1.0,0.91,0.876175,-0.001373,0.012384,0.00212,0.257086,0.015076,0.847764,60.077484,7.469582,59.778877,8.806094,4.0,0.00011281,7,271,0.06477,0.06702,0.03,0.68,100,0.0,0.5,,,-0.03,0.03195,0.00111,0.0,0.01616,0.54751
1830,1873920,63.64552,134.28571,0.85714,0.91,0.877075,-0.000853,0.046567,0.001227,0.39073,0.009399,0.875026,52.456482,17.558273,50.891277,19.528221,4.0,0.00011271,7,234,0.07966,0.08365,0.02,0.71,100,0.14286,0.375,,,-0.03,0.02639,0.0012,0.0,0.00878,0.51667
1831,1874944,33.81351,156.5,0.5,0.89,0.886202,-0.001139,0.083454,0.001746,0.486943,0.013641,0.87363,50.150925,24.370897,47.133713,25.410778,4.0,0.00011261,4,270,0.08559,0.08984,0.02,0.73,100,0.5,0.71429,,,-0.03,0.02722,0.00018,0.0,0.00419,0.16229
1832,1875968,57.604,250.0,0.8,0.88,0.871976,-0.002084,0.025738,0.002731,0.278031,0.027939,0.944999,51.534393,19.956194,50.535706,20.617397,4.0,0.00011251,5,276,0.07159,0.0746,0.03,0.73,100,0.0,0.73333,,,-0.03,0.02288,0.00066,0.0,0.01104,0.32646
1833,1876992,72.94202,155.83333,1.0,0.89,0.896784,-0.001332,0.063454,0.001396,0.335005,0.013107,0.908165,47.126083,24.216988,45.282509,25.203943,4.0,0.0001124,6,250,0.07467,0.08014,0.03,0.74,100,0.16667,0.71429,,,-0.03,0.02906,0.00063,0.0,0.00329,0.51998
1834,1878016,38.72352,297.0,0.6,0.87,0.902117,-0.000866,0.03617,0.002052,0.168109,0.012573,0.911726,49.600456,19.926292,49.43264,20.1019,4.0,0.0001123,5,282,0.07935,0.08389,0.04,0.72,100,0.2,0.97059,,,-0.03,0.02307,-0.0008,0.0,0.01109,0.24872
1835,1879040,73.85441,141.75,1.0,0.88,0.937008,-0.00091,0.016931,0.000971,0.245126,0.003738,0.950949,52.574539,17.756247,53.334068,19.094976,4.0,0.0001122,8,251,0.0839,0.08964,0.03,0.72,100,0.0,0.77419,,,-0.03,0.03,-0.00056,0.0,0.01317,0.65847
1836,1880064,72.72604,145.0,1.0,0.88,0.921374,-0.001145,0.020956,0.001815,0.230396,0.016266,0.965726,50.021843,23.398127,49.919556,24.025385,4.0,0.0001121,5,246,0.08091,0.0887,0.03,0.73,100,0.0,0.94681,,,-0.03,0.02866,-0.00135,0.0,0.01056,0.41656
1837,1881088,55.45872,245.25,0.75,0.87,0.852132,-0.001758,0.018637,0.002191,0.316358,0.023697,0.977255,42.125359,28.538511,41.08123,29.129353,4.0,0.00011199,4,271,0.09464,0.10039,0.04,0.74,100,0.25,0.72727,,,-0.03,0.02197,-0.001,0.0,0.01013,0.29699
1838,1882112,72.21431,176.0,1.0,0.87,0.924478,-0.001119,0.028862,0.001936,0.250138,0.013992,0.961707,41.425705,25.803068,40.262691,26.28212,4.0,0.00011189,3,277,0.09656,0.1009,0.04,0.73,100,0.33333,0.71429,,,-0.03,0.02049,-0.00084,0.0,0.00565,0.28379
1839,1883136,53.61657,160.25,0.75,0.86,0.846166,-0.001401,0.037989,0.001687,0.313995,0.011292,0.958834,33.017567,29.745781,31.477467,30.015882,4.0,0.00011179,4,261,0.10402,0.10879,0.04,0.73,100,0.25,0.66667,,,-0.03,0.02453,-0.00028,0.0,0.00439,0.32222
1840,1884160,34.47948,367.0,0.5,0.84,0.986548,-0.002234,0.009906,0.001976,0.338368,0.018494,0.987345,33.416359,30.49296,32.692459,31.433453,4.0,0.00011169,4,294,0.10933,0.11014,0.06,0.74,100,0.5,0.4,,,-0.03,0.02603,-0.00021,0.0,0.01036,0.18611
1841,1885184,56.98557,241.0,0.8,0.86,1.117503,-0.00137,0.01475,0.002061,0.254307,0.014664,0.975335,49.620872,23.985981,49.71331,24.3298,4.0,0.00011158,5,253,0.1171,0.12099,0.07,0.76,100,0.0,0.93151,,,-0.03,0.02455,-0.00039,0.0,0.0121,0.32294
1842,1886208,49.64528,240.0,0.71429,0.85,1.136755,-0.001362,0.037613,0.001824,0.218066,0.01004,0.930756,51.764549,21.563015,51.174232,22.593004,4.0,0.00011148,7,272,0.12304,0.12758,0.07,0.75,100,0.14286,0.92,,,-0.03,0.02796,-0.00079,0.0,0.00652,0.39111
1843,1887232,73.2995,153.75,1.0,0.85,1.097165,-0.002266,0.027527,0.002998,0.357392,0.022903,0.829454,53.422607,11.168066,52.005936,12.573634,4.0,0.00011138,4,281,0.11298,0.11763,0.07,0.74,100,0.0,0.89655,,,-0.03,0.02414,-0.00056,0.0,0.00708,0.31702
1844,1888256,47.7002,159.0,0.66667,0.84,0.999963,-0.001237,0.030265,0.002084,0.3987,0.011566,0.943306,40.594765,21.047985,38.483131,22.577448,4.0,0.00011128,3,248,0.11439,0.11753,0.07,0.75,100,0.33333,0.4,,,-0.03,0.02075,-0.00011,0.0,0.00436,0.18079
1845,1889280,72.04983,176.8,1.0,0.84,1.096654,-0.000879,0.013021,0.001359,0.287181,0.00473,0.985623,32.637825,31.076794,32.932545,32.546524,4.0,0.00011117,5,282,0.12266,0.12531,0.07,0.76,100,0.0,0.78947,,,-0.03,0.02501,-0.0005,0.0,0.00888,0.44163
1846,1890304,44.28529,319.66667,0.66667,0.83,0.99114,-0.001333,0.045896,0.001682,0.244133,0.013947,0.959566,28.188526,33.588272,27.118868,33.203926,4.0,0.00011107,3,293,0.11504,0.11846,0.08,0.75,100,0.33333,0.71429,,,-0.03,0.01297,-0.0002,0.0,0.00454,0.18454
1847,1891328,40.4213,357.4,0.6,0.82,1.022775,-0.000902,0.017999,0.001051,0.190888,0.006012,0.970059,43.875011,23.26433,43.335918,23.797478,4.0,0.00011097,5,275,0.11989,0.12209,0.1,0.75,100,0.0,0.625,,,-0.03,0.02843,0.00036,0.0,0.00607,0.25601
1848,1892352,71.56629,191.0,1.0,0.83,0.969392,-0.000845,0.032367,0.001132,0.183065,0.007324,0.943782,43.519268,22.963907,44.058685,23.407818,4.0,0.00011087,5,280,0.13803,0.14051,0.1,0.75,100,0.0,0.71429,,,-0.03,0.02337,-0.00013,0.0,0.01195,0.46537
1849,1893376,73.49456,157.0,1.0,0.83,1.024805,-0.001656,0.013868,0.002097,0.282688,0.013184,0.976826,40.326134,24.553652,39.588238,25.038431,4.0,0.00011076,1,245,0.16745,0.16988,0.1,0.75,100,0.0,0.66667,,,-0.03,0.02057,-0.00074,0.0,0.01006,0.09245
1850,1894400,58.82267,256.83333,0.83333,0.82,1.217976,-0.001431,0.013819,0.002067,0.264583,0.018829,0.978153,42.76749,24.610472,42.660751,25.756668,4.0,0.00011066,6,218,0.17477,0.17816,0.11,0.75,100,0.33333,0.91667,,,-0.03,0.02513,-0.0018,0.0,0.00728,0.39925
1851,1895424,59.27636,238.16667,0.83333,0.82,1.171068,-0.001634,0.014457,0.002085,0.24554,0.019806,0.982425,40.796112,28.053017,41.051075,29.151472,4.0,0.00011056,6,289,0.15497,0.15796,0.12,0.78,100,0.0,0.6875,,,-0.03,0.02196,-0.00046,0.0,0.00623,0.3957
1852,1896448,52.30039,270.25,0.75,0.82,1.22246,-0.001588,0.014538,0.002546,0.250267,0.019897,0.936763,54.288033,14.834417,54.583229,14.925966,4.0,0.00011046,4,267,0.19219,0.19514,0.13,0.78,100,0.25,0.76923,,,-0.03,0.02453,-0.00065,0.0,0.01157,0.2291
1853,1897472,72.99443,167.66667,1.0,0.84,1.174721,-0.001131,0.014348,0.001268,0.216225,0.006012,0.872266,55.103664,9.556987,55.407608,11.023496,4.0,0.00011036,6,241,0.18277,0.1872,0.12,0.76,100,0.0,0.88235,,,-0.03,0.02994,-0.00116,0.0,0.0107,0.47211
1854,1898496,71.80313,180.0,1.0,0.84,1.127419,-0.001466,0.023352,0.001746,0.197273,0.013412,0.942126,49.089405,18.976755,48.825741,20.250837,4.0,0.00011025,4,249,0.15752,0.16063,0.12,0.74,100,0.25,0.81818,,,-0.03,0.02514,-0.0004,0.0,0.00775,0.31352
1855,1899520,61.26167,231.57143,0.85714,0.85,1.177711,-0.001792,0.015084,0.00233,0.334403,0.019623,0.922224,54.772446,13.374043,55.858913,13.978935,4.0,0.00011015,7,240,0.14946,0.15156,0.12,0.71,100,0.14286,0.8,,,-0.03,0.03222,-0.0001,0.0,0.01192,0.44708
1856,1900544,73.85574,141.5,1.0,0.85,1.04308,-0.001379,0.018482,0.002463,0.195595,0.017426,0.91074,55.265305,13.229398,55.197647,14.520649,4.0,0.00011005,6,287,0.15102,0.1546,0.12,0.68,100,0.16667,0.85714,,,-0.03,0.0293,-0.00022,0.0,0.0092,0.49415
1857,1901568,71.80835,181.2,1.0,0.85,0.988899,-0.00111,0.033743,0.000955,0.200678,0.007263,0.940584,49.231068,22.161945,48.809994,23.104801,4.0,0.00010995,5,281,0.1606,0.16534,0.12,0.66,100,0.2,0.63636,,,-0.03,0.02409,-0.00043,0.0,0.00161,0.43876
1858,1902592,47.94859,141.0,0.66667,0.84,1.087236,-0.001194,0.015623,0.002414,0.26481,0.015961,0.976193,48.291977,25.746536,47.471409,26.122972,4.0,0.00010984,3,277,0.18477,0.18914,0.12,0.66,100,0.33333,0.5,,,-0.03,0.0225,-0.00177,0.0,0.01136,0.16451
1859,1903616,57.01971,259.0,0.8,0.84,1.159462,-0.002205,0.016918,0.002473,0.403882,0.022034,0.967727,46.841732,23.38275,45.889011,24.714493,4.0,0.00010974,5,289,0.19331,0.19643,0.12,0.66,100,0.0,0.8,,,-0.03,0.02551,-0.00138,0.0,0.00634,0.31445
1860,1904640,73.4193,159.66667,1.0,0.85,1.161449,-0.001617,0.013689,0.001994,0.272055,0.016205,0.984265,42.750763,29.985907,43.366222,31.303026,4.0,0.00010964,6,279,0.18583,0.18914,0.12,0.66,100,0.16667,0.625,,,-0.03,0.02658,-0.00066,0.0,0.00983,0.47224
1861,1905664,12.26282,366.75,0.25,0.84,1.07728,-0.001231,0.064644,0.002093,0.675936,0.01535,0.9003,50.446194,24.558086,46.819263,24.86865,4.0,0.00010954,4,270,0.15711,0.16233,0.12,0.66,100,0.25,0.98529,,,-0.03,0.02114,7e-05,0.0,-0.00104,0.07911
1862,1906688,71.26225,195.6,1.0,0.85,0.960203,-0.001448,0.060175,0.001796,0.265367,0.017654,0.869235,45.531391,21.095495,45.875084,21.482029,4.0,0.00010943,5,298,0.19378,0.19547,0.11,0.64,100,0.2,0.63636,,,-0.03,0.02741,-0.00041,0.0,0.01368,0.45351
1863,1907712,60.81246,182.66667,0.83333,0.86,1.035211,-0.001545,0.006717,0.001626,0.268544,0.007675,0.987714,49.727371,24.118635,50.537094,24.776669,4.0,0.00010933,6,282,0.17694,0.17932,0.1,0.63,100,0.16667,0.57143,,,-0.03,0.0326,-0.00034,0.0,0.0133,0.40902
1864,1908736,74.11134,145.0,1.0,0.86,1.071612,-0.001422,0.017541,0.001762,0.226344,0.016937,0.970679,51.804008,23.569715,51.678673,23.781467,4.0,0.00010923,5,270,0.17262,0.17596,0.1,0.64,100,0.0,0.5625,,,-0.03,0.02729,0.00015,0.0,0.01086,0.40682
1865,1909760,60.7456,236.71429,0.85714,0.86,0.995931,-0.00152,0.031131,0.001456,0.267511,0.010025,0.930169,49.915836,21.316769,50.67318,21.41338,4.0,0.00010913,7,294,0.19532,0.19875,0.11,0.61,100,0.14286,0.64706,,,-0.03,0.02824,-0.00038,0.0,0.00906,0.53076
1866,1910784,73.72302,145.28571,1.0,0.89,1.127288,-0.001479,0.011227,0.002293,0.305057,0.01535,0.737801,59.270248,5.834527,60.601589,6.371038,4.0,0.00010902,7,264,0.17969,0.18274,0.08,0.63,100,0.0,0.625,,,-0.03,0.03202,-0.0002,0.0,0.01623,0.53205
1867,1911808,74.18424,145.5,1.0,0.89,1.095848,-0.001506,0.009481,0.001349,0.203993,0.010178,0.732006,59.215584,4.805653,59.449093,5.789615,4.0,0.00010892,6,267,0.14315,0.14494,0.08,0.64,100,0.0,0.61538,,,-0.03,0.0279,0.00038,0.0,0.0142,0.43954
1868,1912832,71.83518,183.0,1.0,0.9,1.06435,-0.000918,0.015031,0.001937,0.227729,0.009613,0.782157,57.368546,6.816169,57.15588,8.064611,4.0,0.00010882,5,281,0.12982,0.13269,0.07,0.63,100,0.2,0.58333,,,-0.03,0.02244,0.0001,0.0,0.00687,0.37721
1869,1913856,46.54597,152.0,0.66667,0.89,1.002874,-0.000832,0.052618,0.001411,0.538097,0.007004,0.857332,51.688046,16.634888,48.663498,18.925148,4.0,0.00010872,3,245,0.15442,0.16481,0.07,0.64,100,0.33333,0.4,,,-0.03,0.02376,-0.00302,0.0,0.00106,0.17259
1870,1914880,41.81921,182.2,0.6,0.87,1.159182,-0.002084,0.014942,0.00308,0.299343,0.024841,0.966738,49.898384,20.935947,49.464413,22.309492,4.0,0.00010861,5,224,0.15131,0.1554,0.07,0.64,100,0.4,0.57143,,,-0.03,0.02074,-0.00131,0.0,0.01018,0.22087
1871,1915904,59.86134,224.0,0.83333,0.88,1.173174,-0.001931,0.01053,0.002093,0.341992,0.019684,0.983525,47.203331,26.236553,46.524773,27.046053,4.0,0.00010851,6,251,0.15201,0.15435,0.06,0.67,100,0.0,0.64286,,,-0.03,0.02454,-0.00043,0.0,0.00788,0.37078
1872,1916928,58.48912,247.0,0.83333,0.87,0.973426,-0.001037,0.017919,0.002004,0.239351,0.01712,0.895002,56.323128,12.623124,56.707016,12.788442,4.0,0.00010841,6,271,0.10646,0.10864,0.07,0.67,100,0.0,0.95122,,,-0.03,0.02882,0.00067,0.0,0.01204,0.39792
1873,1917952,72.9972,152.66667,1.0,0.87,0.989326,-0.000496,0.032249,0.001152,0.199962,0.004776,0.534062,58.690418,8.216428,59.170197,8.452106,4.0,0.00010831,6,288,0.11204,0.11579,0.07,0.65,100,0.16667,0.57143,,,-0.03,0.02979,0.00079,0.0,0.009,0.47615
1874,1918976,62.72593,175.25,0.875,0.87,1.098252,-0.000945,0.048642,0.002055,0.243196,0.01207,0.647504,57.273537,9.653211,56.812202,11.739057,4.0,0.0001082,8,265,0.12359,0.12768,0.06,0.67,100,0.125,0.46667,,,-0.03,0.02609,0.00046,0.0,0.0087,0.51991
1875,1920000,58.08931,140.8,0.8,0.86,1.130858,-0.001698,0.014099,0.002921,0.30363,0.029678,0.716414,59.870377,6.457201,60.13903,6.837858,4.0,0.0001081,5,266,0.13348,0.13939,0.06,0.69,100,0.2,0.69231,,,-0.03,0.02517,-0.00188,0.0,0.01083,0.29876
1876,1921024,74.9324,121.0,1.0,0.86,1.114564,-0.002434,0.013963,0.003377,0.385995,0.039627,0.87926,60.108479,10.241904,58.499249,10.507616,4.0,0.000108,1,329,0.17654,0.19627,0.06,0.69,100,0.0,0.5,,,-0.03,0.01529,-0.00998,0.0,0.00778,0.08096
1877,1922048,67.15545,243.5,1.0,0.87,1.179303,-0.001208,0.021409,0.002082,0.284921,0.017715,0.909142,53.874138,14.937354,52.791683,15.284513,4.0,0.0001079,4,141,0.19003,0.20935,0.06,0.7,100,0.25,0.98551,,,-0.03,0.01867,-0.01012,0.0,0.00508,0.31433
1878,1923072,51.1932,330.4,0.8,0.87,1.13751,-0.001128,0.027544,0.002146,0.271174,0.017487,0.829089,53.009808,12.230927,52.908173,12.635534,4.0,0.0001078,5,122,0.14344,0.15409,0.06,0.68,100,0.2,0.99502,,,-0.03,0.02099,-0.00444,0.0,0.00665,0.30821
1879,1924096,73.21442,153.33333,1.0,0.87,1.091676,-0.001958,0.01246,0.002209,0.338183,0.023468,0.938965,50.190708,13.159004,49.440887,14.844577,4.0,0.00010769,3,157,0.1312,0.13445,0.06,0.7,100,0.0,0.25,,,-0.03,0.02172,-0.00067,0.0,0.01217,0.24722
1880,1925120,57.31805,237.83333,0.83333,0.88,1.093144,-0.001133,0.012333,0.001774,0.304025,0.010254,0.962985,48.918457,16.838575,47.921604,17.785534,4.0,0.00010759,6,201,0.10707,0.10939,0.05,0.71,100,0.0,0.98507,,,-0.03,0.02063,-0.00017,0.0,0.0048,0.40014
1881,1926144,56.42701,255.8,0.8,0.88,1.065868,-0.00101,0.016203,0.001099,0.251449,0.008698,0.967149,42.980515,21.382479,42.511559,22.440668,4.0,0.00010749,5,222,0.11322,0.11623,0.06,0.71,100,0.2,0.4,,,-0.03,0.01885,-0.00022,0.0,0.00702,0.34949
1882,1927168,44.56567,209.0,0.66667,0.88,1.047337,-0.001401,0.065194,0.002376,0.31332,0.021393,0.868338,42.225758,21.618366,40.135712,22.180862,4.0,0.00010739,3,222,0.12293,0.12705,0.06,0.72,100,0.33333,0.75,,,-0.03,0.02084,-0.00016,0.0,0.00065,0.17238
1883,1928192,31.93636,303.5,0.5,0.86,1.022087,-0.001201,0.017606,0.00118,0.24475,0.009171,0.969113,42.364567,22.554794,41.241482,23.521191,4.0,0.00010728,4,246,0.11543,0.1181,0.07,0.72,100,0.25,0.8,,,-0.03,0.02613,-0.0,0.0,0.00546,0.17415
1884,1929216,57.85707,227.8,0.8,0.85,0.979417,-0.000693,0.021374,0.001185,0.253361,0.002502,0.943787,44.303036,18.675272,43.506977,19.523111,4.0,0.00010718,5,258,0.11937,0.12285,0.08,0.73,100,0.2,0.27273,,,-0.03,0.02421,0.00091,0.0,0.00954,0.39012
1885,1930240,71.64786,195.6,1.0,0.85,0.977404,-0.000586,0.045123,0.000864,0.168335,0.002151,0.909068,41.672272,21.884352,42.117191,22.664831,4.0,0.00010708,5,245,0.12501,0.12751,0.08,0.74,100,0.0,0.58333,,,-0.03,0.02404,3e-05,0.0,0.00705,0.4696
1886,1931264,71.15467,177.0,1.0,0.86,0.862746,-0.001482,0.030005,0.001386,0.183032,0.007736,0.956342,37.916344,25.279991,37.578625,25.690216,4.0,0.00010698,3,265,0.1071,0.11082,0.07,0.74,100,0.0,0.66667,,,-0.03,0.02199,0.0,0.0,0.00538,0.30207
1887,1932288,51.45447,300.5,0.75,0.85,0.948351,-0.000865,0.01464,0.000914,0.214758,0.003479,0.977645,38.648453,24.957193,38.683434,25.522268,4.0,0.00010687,4,265,0.11995,0.12195,0.08,0.74,100,0.0,0.77778,,,-0.03,0.02447,-6e-05,0.0,0.00825,0.27991
1888,1933312,53.12754,287.0,0.75,0.84,0.916642,-0.000598,0.022431,0.000906,0.230676,0.006454,0.942315,46.153732,19.407452,45.52092,19.925135,4.0,0.00010677,4,285,0.12274,0.12652,0.09,0.74,100,0.0,0.66667,,,-0.03,0.02429,0.00033,0.0,0.00785,0.28485
1889,1934336,69.80883,222.6,1.0,0.84,1.003554,-0.000698,0.028827,0.000921,0.388679,0.008545,0.924549,48.265198,21.73407,50.20578,21.305054,4.0,0.00010667,5,336,0.13853,0.14818,0.09,0.71,100,0.4,0.8,,,-0.03,0.02678,-0.00405,0.0,0.01246,0.44134
1890,1935360,61.42265,220.66667,0.83333,0.84,1.211063,-0.002808,0.005664,0.003674,0.362139,0.040909,0.936751,57.729721,9.25725,58.212238,9.564492,4.0,0.00010657,6,311,0.1544,0.16484,0.1,0.71,100,0.16667,0.84,,,-0.03,0.02679,-0.00454,0.0,0.01602,0.36457
1891,1936384,73.22049,159.0,1.0,0.86,1.164281,-0.001949,0.00981,0.001827,0.269672,0.012924,0.82073,56.833839,6.399098,57.183895,7.850923,4.0,0.00010646,5,302,0.14409,0.15409,0.1,0.7,100,0.0,0.83871,,,-0.03,0.02627,-0.00366,0.0,0.01227,0.37783
1892,1937408,62.27939,198.75,0.875,0.87,1.129549,-0.002023,0.008963,0.002866,0.289232,0.026596,0.956507,55.039497,13.34891,55.220692,14.797675,4.0,0.00010636,8,313,0.14583,0.15233,0.09,0.72,100,0.0,0.98425,,,-0.03,0.0298,-0.00134,0.0,0.00877,0.52145
1893,1938432,72.78244,149.6,1.0,0.87,1.042224,-0.001546,0.012648,0.002819,0.301572,0.017471,0.613957,59.190269,5.514474,59.867317,5.71157,4.0,0.00010626,5,292,0.12064,0.12401,0.09,0.72,100,0.4,0.6,,,-0.03,0.02857,0.00029,0.0,0.01063,0.38538
1894,1939456,73.80171,143.8,1.0,0.87,1.048333,-0.001512,0.008299,0.002009,0.231014,0.009445,0.835751,60.36977,6.679906,59.890087,6.87376,4.0,0.00010616,5,313,0.14242,0.15321,0.09,0.71,100,0.2,0.66667,,,-0.03,0.0236,-0.00418,0.0,0.0071,0.40659
1895,1940480,70.17848,204.25,1.0,0.88,1.044506,-0.001499,0.011608,0.001704,0.325373,0.009018,0.883468,56.098408,8.886744,55.315079,10.206427,4.0,0.00010605,4,334,0.15783,0.16905,0.09,0.7,100,0.0,0.9717,,,-0.03,0.02157,-0.00488,0.0,0.00793,0.32703
1896,1941504,73.5913,150.0,1.0,0.88,1.03612,-0.001446,0.007237,0.001956,0.357486,0.011688,0.977157,49.171638,19.701515,48.560074,21.55681,4.0,0.00010595,5,330,0.1477,0.15474,0.09,0.71,100,0.0,0.76471,,,-0.03,0.02387,-0.00261,0.0,0.0129,0.40672
1897,1942528,51.93502,320.2,0.8,0.88,0.962852,-0.001626,0.030016,0.002176,0.233589,0.016464,0.931187,50.585976,22.124697,50.477726,21.7598,4.0,0.00010585,5,322,0.11041,0.1194,0.1,0.72,100,0.0,0.98182,,,-0.03,0.02025,-0.00278,0.0,0.00793,0.31006
1898,1943552,60.75647,205.5,0.83333,0.87,0.861445,-0.000826,0.016511,0.000812,0.170064,0.005112,0.960408,50.902313,19.646889,51.019844,20.583536,4.0,0.00010575,6,325,0.10018,0.10948,0.11,0.74,100,0.16667,0.4,,,-0.03,0.02847,-0.00211,0.0,0.01138,0.44635
1899,1944576,74.04834,131.83333,1.0,0.88,0.937587,-0.001545,0.013658,0.002342,0.248542,0.015335,0.95743,54.287663,17.073679,54.264809,18.267685,4.0,0.00010564,6,333,0.10874,0.11527,0.1,0.72,100,0.33333,0.6,,,-0.03,0.02867,-0.00093,0.0,0.00986,0.5011
1900,1945600,75.6089,121.4,1.0,0.89,0.971411,-0.001565,0.007143,0.002484,0.312451,0.021881,0.987482,50.528709,23.840614,49.991749,24.75601,4.0,0.00010554,5,314,0.10076,0.10541,0.09,0.73,100,0.0,0.46667,,,-0.03,0.02513,-0.00068,0.0,0.0159,0.39554
1901,1946624,48.86321,294.57143,0.71429,0.88,0.911514,-0.001217,0.027596,0.001531,0.198215,0.006912,0.864897,58.130791,14.08057,57.948273,14.43421,4.0,0.00010544,7,299,0.0815,0.08494,0.1,0.74,100,0.14286,0.97807,,,-0.03,0.0237,0.00051,0.0,0.01209,0.38292
1902,1947648,74.20719,143.2,1.0,0.89,0.921575,-0.00087,0.01189,0.001454,0.222084,0.007019,0.957547,58.162937,15.849819,57.846695,16.583668,4.0,0.00010534,5,318,0.07654,0.07871,0.1,0.73,100,0.0,0.71429,,,-0.03,0.0271,0.00087,0.0,0.01533,0.38867
1903,1948672,71.21609,192.25,1.0,0.91,0.924556,-0.000831,0.011258,0.001483,0.245362,0.011002,0.972348,54.909119,19.911158,54.49749,20.138599,4.0,0.00010524,4,329,0.08266,0.08822,0.09,0.72,100,0.0,0.95833,,,-0.03,0.02424,-0.00089,0.0,0.00712,0.32963
1904,1949696,52.48738,171.5,0.75,0.91,0.916903,-0.00107,0.040804,0.002,0.309624,0.009094,0.921953,54.296692,21.706327,52.923061,22.547205,4.0,0.00010513,4,310,0.07415,0.07976,0.08,0.73,100,0.5,0.6,,,-0.03,0.02483,-0.00032,0.0,0.00473,0.24411
1905,1950720,57.84032,256.83333,0.83333,0.9,0.914974,-0.000828,0.025728,0.002043,0.224018,0.012405,0.858792,54.409019,14.130903,53.704708,14.051689,4.0,0.00010503,6,328,0.06788,0.07266,0.09,0.73,100,0.33333,0.92063,,,-0.03,0.02427,4e-05,0.0,0.00639,0.39671
1906,1951744,74.62091,136.5,1.0,0.91,0.942208,-0.002463,0.020637,0.003283,0.294788,0.035828,0.941805,49.832424,17.353634,49.037361,18.490948,4.0,0.00010493,4,332,0.07624,0.07993,0.08,0.71,100,0.0,0.85714,,,-0.03,0.02238,-0.00017,0.0,0.00935,0.33236
1907,1952768,57.36429,174.4,0.8,0.91,0.835538,-0.000679,0.043233,0.000966,0.32902,0.006378,0.922126,43.783138,23.559835,42.669937,24.513845,4.0,0.00010483,5,342,0.09275,0.09909,0.07,0.71,100,0.4,0.7,,,-0.03,0.02592,-0.00055,0.0,0.00408,0.40266
1908,1953792,60.27711,218.5,0.83333,0.9,0.916397,-0.001553,0.01091,0.001206,0.271205,0.007309,0.985854,42.170662,27.142422,42.565247,28.020805,4.0,0.00010472,6,317,0.10796,0.11397,0.08,0.7,100,0.16667,0.77419,,,-0.03,0.02494,-0.00097,0.0,0.01548,0.46583
1909,1954816,58.2988,271.33333,0.83333,0.9,1.016745,-0.00106,0.017667,0.000978,0.183675,0.008682,0.826813,62.214355,11.465489,62.671478,10.466969,4.0,0.00010462,6,313,0.08114,0.08304,0.08,0.68,100,0.16667,0.95181,,,-0.03,0.03023,0.00082,0.0,0.01842,0.35499
1910,1955840,74.75523,130.71429,1.0,0.9,1.096904,-0.001381,0.008205,0.002296,0.29719,0.014008,0.691127,62.728992,4.075247,62.684662,4.998191,4.0,0.00010452,7,310,0.09325,0.09609,0.08,0.72,100,0.0,0.52632,,,-0.03,0.0268,0.00119,0.0,0.01487,0.50797
1911,1956864,70.9578,194.2,1.0,0.91,1.057242,-0.001085,0.010786,0.001348,0.212831,0.006882,0.731516,62.052219,6.020442,61.707932,6.240544,4.0,0.00010442,5,308,0.12334,0.13259,0.07,0.73,100,0.0,0.95833,,,-0.03,0.0252,-0.003,0.0,0.00863,0.40046
1912,1957888,70.63961,198.5,1.0,0.91,0.928256,-0.00152,0.016311,0.002079,0.246847,0.018036,0.732599,60.95808,8.344486,60.236214,7.794173,4.0,0.00010431,4,341,0.12126,0.13155,0.07,0.72,100,0.5,0.80952,,,-0.03,0.01996,-0.00344,0.0,0.00486,0.35583
1913,1958912,69.02812,231.0,1.0,0.91,0.955208,-0.001338,0.018326,0.001876,0.254435,0.014175,0.732895,57.6814,8.364276,57.211693,8.409413,4.0,0.00010421,4,353,0.14592,0.16208,0.07,0.71,100,0.5,0.8125,,,-0.03,0.01869,-0.00689,0.0,0.00606,0.36815
1914,1959936,66.26059,263.16667,1.0,0.91,1.095204,-0.001457,0.01505,0.001137,0.278163,0.009674,0.593908,58.961231,7.663432,59.764275,6.440257,4.0,0.00010411,6,297,0.12679,0.13522,0.07,0.69,100,0.5,0.9901,,,-0.03,0.02766,-0.00295,0.0,0.0092,0.44445
1915,1960960,73.13874,157.2,1.0,0.91,0.980319,-0.001599,0.00635,0.002258,0.22652,0.009918,0.680039,60.632324,3.660327,60.749477,4.337072,4.0,0.00010401,5,304,0.11747,0.12289,0.07,0.68,100,0.0,0.9589,,,-0.03,0.02479,-0.00083,0.0,0.01316,0.41204
1916,1961984,72.5894,166.75,1.0,0.92,0.933714,-0.001526,0.006345,0.001465,0.235168,0.009399,0.854817,58.797863,5.618795,58.27533,6.560926,4.0,0.0001039,4,300,0.11559,0.11942,0.06,0.68,100,0.0,0.6875,,,-0.03,0.02359,0.00066,0.0,0.00748,0.34796
1917,1963008,70.74839,201.25,1.0,0.92,0.847913,-0.001027,0.008032,0.000896,0.194491,0.003662,0.910203,58.340286,9.052354,58.602669,9.58686,4.0,0.0001038,4,268,0.11548,0.12122,0.06,0.67,100,0.5,0.73333,,,-0.03,0.02854,-0.00143,0.0,0.01688,0.37391
1918,1964032,49.32336,279.0,0.66667,0.92,1.008949,-0.001546,0.003895,0.001518,0.289454,0.013809,0.971058,58.291359,11.244551,56.98415,11.560391,4.0,0.0001037,3,307,0.15675,0.17455,0.06,0.66,100,0.66667,0.4,,,-0.03,0.01672,-0.00873,0.0,0.00623,0.18308
1919,1965056,74.19533,137.66667,1.0,0.92,1.127654,-0.002583,0.00444,0.003716,0.392008,0.043564,0.957252,56.247246,9.787537,54.887962,10.652243,4.0,0.0001036,3,327,0.17527,0.1934,0.06,0.66,100,0.0,0.85714,,,-0.03,0.01702,-0.00886,0.0,0.00563,0.24611
1920,1966080,9.61041,427.75,0.25,0.89,1.075169,-0.000496,0.039482,0.002641,0.379508,0.021912,0.810897,51.491951,13.252668,48.684719,14.588127,4.0,0.00010349,4,271,0.1525,0.16086,0.08,0.66,100,0.5,0.99701,,,-0.03,0.01871,-0.00274,0.0,0.00069,0.07416
1921,1967104,27.07526,407.0,0.5,0.88,1.168622,-0.001777,0.009235,0.002886,0.318946,0.030136,0.968607,51.864586,15.612371,50.555374,16.167587,4.0,0.00010339,2,303,0.1793,0.19528,0.09,0.65,100,0.5,1.0,,,-0.03,0.01643,-0.00827,0.0,0.00636,0.08282
1922,1968128,57.72093,239.5,0.83333,0.89,1.064169,-0.001808,0.009583,0.002647,0.262037,0.020096,0.909625,56.758789,9.391488,56.284012,10.058382,4.0,0.00010329,6,307,0.14902,0.15735,0.08,0.62,100,0.16667,0.97887,,,-0.03,0.0236,-0.00294,0.0,0.00857,0.39798
1923,1969152,73.82732,158.0,1.0,0.89,1.001772,-0.001541,0.008026,0.001416,0.262456,0.009109,0.955306,51.828308,12.645859,51.097855,13.48052,4.0,0.00010319,3,273,0.15759,0.1619,0.08,0.64,100,0.0,0.57143,,,-0.03,0.01994,-0.00077,0.0,0.01126,0.27267
1924,1970176,43.63386,342.16667,0.66667,0.87,0.979742,-0.000751,0.011527,0.000903,0.212241,0.002426,0.95279,52.588768,14.891737,52.483006,15.489369,4.0,0.00010308,6,331,0.13827,0.14253,0.1,0.61,100,0.16667,1.0,,,-0.03,0.02317,-0.00213,0.0,0.00654,0.34667
1925,1971200,68.04442,253.25,1.0,0.87,0.917231,-0.001,0.023614,0.001849,0.224467,0.01741,0.713016,57.507019,9.907355,57.030014,9.154818,4.0,0.00010298,4,291,0.13675,0.14977,0.1,0.59,100,0.75,0.95833,,,-0.03,0.02194,-0.00365,0.0,0.00228,0.35467
1926,1972224,71.8555,170.6,1.0,0.89,0.935148,-0.001431,0.006302,0.00125,0.214122,0.011505,0.907331,57.085831,7.058903,57.024597,8.417625,4.0,0.00010288,5,333,0.12244,0.13022,0.09,0.58,100,0.0,0.98089,,,-0.03,0.02664,-0.00289,0.0,0.01423,0.43783
1927,1973248,73.2171,146.75,1.0,0.89,0.847175,-0.001391,0.009996,0.001474,0.292435,0.011047,0.945357,53.202213,12.35031,52.537777,13.527321,4.0,0.00010278,4,285,0.10543,0.11,0.09,0.55,100,0.0,0.96875,,,-0.03,0.01992,-0.00091,0.0,0.01177,0.3608
1928,1974272,72.57681,150.4,1.0,0.89,0.869444,-0.0005,0.017498,0.001351,0.160777,0.007034,0.941746,49.610474,17.045759,50.004429,17.763842,4.0,0.00010268,5,315,0.13251,0.1362,0.09,0.55,100,0.2,0.84211,,,-0.03,0.0268,-0.0001,0.0,0.0114,0.47988
1929,1975296,51.37651,272.42857,0.71429,0.88,1.024881,-0.001762,0.009375,0.002148,0.205339,0.012909,0.955999,56.175179,13.606108,56.16066,14.528003,4.0,0.00010257,7,293,0.15479,0.15796,0.11,0.54,100,0.28571,0.75862,,,-0.03,0.02811,-2e-05,0.0,0.01248,0.41335
1930,1976320,73.71743,149.0,1.0,0.89,0.974787,-0.0025,0.014393,0.002578,0.3272,0.021835,0.948526,53.723354,15.838711,52.359535,16.161644,4.0,0.00010247,4,297,0.17347,0.18051,0.1,0.55,100,0.0,0.84,,,-0.03,0.02454,-0.00084,0.0,-0.00032,0.37016
1931,1977344,40.89477,260.6,0.6,0.88,0.918613,-0.000403,0.032275,0.001599,0.178758,0.008331,0.820961,54.888638,11.012457,54.182564,13.044839,4.0,0.00010237,5,341,0.15427,0.15628,0.1,0.54,100,0.2,0.83333,,,-0.03,0.02914,1e-05,0.0,0.01265,0.27085
1932,1978368,74.87863,125.0,1.0,0.88,1.005651,-0.000933,0.009416,0.000875,0.27355,0.003159,0.955036,52.740768,13.10953,51.639465,13.785734,4.0,0.00010227,3,335,0.17866,0.18115,0.1,0.54,100,0.0,0.0,,,-0.03,0.02128,-0.00019,0.0,0.00795,0.26967
1933,1979392,52.83869,293.75,0.75,0.87,0.980682,-0.000958,0.008077,0.000755,0.275193,0.003754,0.974082,47.189308,16.748283,45.992317,17.330343,4.0,0.00010216,4,338,0.20845,0.20972,0.11,0.54,100,0.25,0.83333,,,-0.03,0.02108,-0.00103,0.0,0.00713,0.28653
1934,1980416,46.07261,317.66667,0.66667,0.86,1.08883,-0.001439,0.006996,0.001328,0.293975,0.007446,0.98101,45.679413,18.488302,44.65057,19.315483,4.0,0.00010206,3,336,0.20948,0.21083,0.12,0.55,100,0.0,0.6,,,-0.03,0.01846,-0.00109,0.0,0.0093,0.16978
1935,1981440,57.6447,228.2,0.8,0.85,1.061073,-0.001497,0.006509,0.002272,0.268922,0.014389,0.983704,47.649311,19.569723,47.148697,20.427202,4.0,0.00010196,5,302,0.2076,0.21094,0.13,0.55,100,0.0,0.8,,,-0.03,0.02509,-0.00116,0.0,0.00812,0.34925
1936,1982464,50.90865,322.0,0.75,0.84,1.034843,-0.001283,0.016969,0.001323,0.244087,0.006042,0.958294,48.866188,19.830748,48.826183,19.974527,4.0,0.00010186,4,285,0.18573,0.18819,0.14,0.54,100,0.25,0.93333,,,-0.03,0.02148,-0.00067,0.0,0.01105,0.24867
1937,1983488,61.09499,240.0,0.85714,0.83,1.145687,-0.001285,0.009024,0.001722,0.269722,0.014572,0.965418,56.10038,16.637423,56.791405,16.875469,4.0,0.00010175,7,285,0.19559,0.19841,0.15,0.52,100,0.14286,0.80952,,,-0.03,0.02988,-0.00067,0.0,0.0126,0.45525
1938,1984512,74.37712,137.25,1.0,0.83,1.019581,-0.002213,0.011532,0.002907,0.250138,0.014832,0.718893,59.598557,5.302202,58.869007,6.197102,4.0,0.00010165,4,283,0.17083,0.1735,0.15,0.5,100,0.25,0.5,,,-0.03,0.02728,0.0,0.0,0.01061,0.31527
1939,1985536,70.91958,198.66667,1.0,0.83,0.945055,-0.000461,0.02109,0.00125,0.168937,0.008377,0.77797,55.179504,9.307111,55.542667,9.722081,4.0,0.00010155,6,316,0.17522,0.17975,0.15,0.5,100,0.33333,0.76923,,,-0.03,0.02634,-0.00079,0.0,0.00701,0.54592
1940,1986560,73.36012,160.25,1.0,0.83,1.032,-0.001493,0.006588,0.001213,0.211716,0.007233,0.957282,56.606411,11.379571,56.429203,12.249928,4.0,0.00010145,4,324,0.17914,0.18245,0.15,0.52,100,0.0,0.58333,,,-0.03,0.03155,-9e-05,0.0,0.01057,0.32821
1941,1987584,72.31463,171.66667,1.0,0.84,0.940386,-0.001036,0.00831,0.001318,0.201107,0.008087,0.962518,54.363815,14.213491,54.622139,14.674043,4.0,0.00010134,6,302,0.17584,0.17861,0.14,0.52,100,0.16667,0.6,,,-0.03,0.02618,-0.00019,0.0,0.00955,0.55392
1942,1988608,56.88977,266.4,0.8,0.87,1.055092,-0.001166,0.011968,0.001482,0.19112,0.007996,0.802502,58.962635,7.473485,58.527454,7.766229,4.0,0.00010124,5,301,0.16454,0.16879,0.12,0.52,100,0.6,0.5,,,-0.03,0.03009,-0.00023,0.0,0.00326,0.32094
1943,1989632,73.35636,149.0,1.0,0.88,0.932082,-0.001207,0.008847,0.001545,0.272365,0.009445,0.879457,55.787567,7.673683,54.815956,8.226318,4.0,0.00010114,2,341,0.20298,0.2077,0.11,0.52,100,0.0,0.0,,,-0.03,0.01589,-0.00102,0.0,0.00726,0.20756
1944,1990656,72.59544,171.8,1.0,0.88,0.878676,-0.001539,0.005477,0.001245,0.309761,0.007675,0.961284,49.62088,12.301227,49.071144,14.15511,4.0,0.00010104,5,357,0.14794,0.14951,0.11,0.53,100,0.0,0.84615,,,-0.03,0.02601,-9e-05,0.0,0.01303,0.49593
1945,1991680,74.89534,129.0,1.0,0.88,0.89214,-0.000972,0.003855,0.001661,0.287581,0.008102,0.989725,43.096241,20.947641,42.711155,22.16662,4.0,0.00010093,3,345,0.14186,0.14387,0.11,0.52,100,0.0,0.33333,,,-0.03,0.02316,-0.00068,0.0,0.01363,0.30246
1946,1992704,9.7125,522.2,0.2,0.86,1.041017,-0.002395,0.003145,0.002048,0.248612,0.017197,0.993666,51.273331,22.27224,50.572964,22.180454,4.0,0.00010083,5,325,0.1334,0.13934,0.13,0.52,100,0.2,1.0,,,-0.03,0.02156,-0.00303,0.0,0.00849,0.08521
1947,1993728,71.66886,176.75,1.0,0.86,1.127103,-0.002182,0.005263,0.00241,0.260928,0.020096,0.631626,63.91748,3.899692,64.568558,3.823132,4.0,0.00010073,8,323,0.12873,0.13508,0.13,0.54,100,0.125,0.94697,,,-0.03,0.03135,-0.00154,0.0,0.01139,0.59243
1948,1994752,73.92652,138.57143,1.0,0.86,1.048243,-0.001704,0.007864,0.002574,0.22404,0.021393,0.687379,64.340027,4.366698,64.049011,4.957112,4.0,0.00010063,7,305,0.108,0.11255,0.13,0.56,100,0.28571,0.80769,,,-0.03,0.02813,0.00022,0.0,0.01167,0.53008
1949,1995776,75.11286,126.5,1.0,0.87,1.03253,-0.001439,0.008285,0.002285,0.255957,0.010529,0.888822,62.863075,7.463427,62.211834,8.674761,4.0,0.00010052,4,302,0.12262,0.1263,0.12,0.56,100,0.0,0.9375,,,-0.03,0.02756,-0.00032,0.0,0.014,0.32604
1950,1996800,56.99505,157.4,0.8,0.87,0.878659,-0.001436,0.040586,0.001985,0.434348,0.017685,0.849045,54.902779,14.305136,51.83078,15.775131,4.0,0.00010042,5,350,0.11881,0.12521,0.11,0.55,100,0.2,1.0,,,-0.03,0.02225,-4e-05,0.0,-0.00318,0.38609
1951,1997824,70.11502,206.5,1.0,0.87,0.836263,-0.000972,0.021615,0.001727,0.235684,0.011368,0.934814,47.507557,17.483648,47.998699,18.00432,4.0,0.00010032,4,343,0.08588,0.08775,0.11,0.55,100,0.0,0.71429,,,-0.03,0.02285,0.00014,0.0,0.01019,0.38165
1952,1998848,32.52426,402.0,0.5,0.87,0.837978,-0.002205,0.030917,0.001967,0.339219,0.020233,0.91219,49.40464,18.138542,47.7673,18.021143,4.0,0.00010022,4,330,0.089,0.09495,0.12,0.55,100,0.5,0.92308,,,-0.03,0.02733,0.0003,0.0,0.00096,0.18323
1953,1999872,60.25379,164.0,0.83333,0.86,0.936113,-0.00103,0.014525,0.002064,0.186057,0.008224,0.874181,54.859379,9.42792,55.108398,10.491398,4.0,0.00010012,6,317,0.10093,0.10394,0.12,0.55,100,0.16667,0.6,,,-0.03,0.02598,0.00053,0.0,0.01232,0.41673
1954,2000896,73.61431,147.83333,1.0,0.88,0.885124,-0.001215,0.010171,0.001194,0.218769,0.009872,0.934427,54.537895,11.577699,54.845806,12.431935,4.0,0.00010001,6,323,0.09208,0.09504,0.1,0.54,100,0.16667,0.4,,,-0.03,0.03023,0.00067,0.0,0.00991,0.50913
1955,2001920,72.04145,173.8,1.0,0.89,0.908073,-0.000887,0.009485,0.001567,0.236343,0.006378,0.953374,54.058392,13.717013,54.544975,14.267257,4.0,9.991e-05,5,328,0.09804,0.10085,0.09,0.55,100,0.0,0.55556,,,-0.03,0.02556,0.00067,0.0,0.01201,0.43086
1956,2002944,53.86154,208.625,0.75,0.88,0.969226,-0.000425,0.031763,0.001349,0.190682,0.002808,0.702212,59.013309,7.190975,58.587532,10.572887,4.0,9.981e-05,8,302,0.09318,0.09662,0.09,0.56,100,0.375,0.65,,,-0.03,0.03318,0.00081,0.0,0.01396,0.45094
1957,2003968,74.90667,128.25,1.0,0.89,1.046087,-0.001376,0.010439,0.00134,0.243289,0.006744,0.636095,59.894897,4.181316,60.641384,5.022799,4.0,9.971e-05,8,311,0.10469,0.10715,0.08,0.58,100,0.0,0.46667,,,-0.03,0.03157,0.00058,0.0,0.01468,0.58236
1958,2004992,73.37212,149.33333,1.0,0.89,0.972716,-0.000731,0.007928,0.000605,0.24314,0.002762,0.583636,60.725716,4.23018,61.692196,4.476977,4.0,9.96e-05,6,308,0.09281,0.09677,0.08,0.6,100,0.33333,0.72,,,-0.03,0.03355,0.00043,0.0,0.01205,0.45956
1959,2006016,74.09563,139.28571,1.0,0.89,1.029766,-0.001903,0.007403,0.002667,0.226055,0.016251,0.780958,61.874466,4.989955,62.101746,5.553969,4.0,9.95e-05,7,293,0.12152,0.12662,0.08,0.62,100,0.0,0.77273,,,-0.03,0.02412,-0.00098,0.0,0.01326,0.53248
1960,2007040,74.71352,128.0,1.0,0.9,0.968782,-0.001715,0.017263,0.001626,0.245963,0.0159,0.761316,59.078747,7.414255,58.421333,8.327048,4.0,9.94e-05,4,315,0.10158,0.10655,0.07,0.61,100,0.0,0.83333,,,-0.03,0.02562,-0.00057,0.0,0.00858,0.32299
1961,2008064,59.5194,171.0,0.83333,0.89,0.980559,-0.000612,0.01908,0.002046,0.246563,0.012329,0.891128,56.553082,11.015517,56.009441,13.313666,4.0,9.93e-05,6,279,0.07726,0.07944,0.07,0.61,100,0.33333,0.5,,,-0.03,0.02796,0.00124,0.0,0.01387,0.37188
1962,2009088,59.19829,232.66667,0.83333,0.88,1.017244,-0.001308,0.018397,0.001354,0.258076,0.009872,0.902584,57.543442,12.547476,57.1175,13.169249,4.0,9.919e-05,6,302,0.08975,0.09473,0.08,0.62,100,0.16667,0.94521,,,-0.03,0.02571,-0.0003,0.0,0.00526,0.38352
1963,2010112,71.41167,183.2,1.0,0.91,0.950977,-0.001092,0.017798,0.001843,0.163597,0.016556,0.844502,57.121967,10.574656,57.389702,10.613902,4.0,9.909e-05,5,337,0.11268,0.11785,0.05,0.61,100,0.4,0.89474,,,-0.03,0.02487,-0.00127,0.0,0.01107,0.44253
1964,2011136,74.72832,123.75,1.0,0.92,1.090174,-0.002196,0.007406,0.002033,0.359927,0.018127,0.965898,53.964092,15.002686,52.968052,16.36841,4.0,9.899e-05,4,330,0.1348,0.13935,0.04,0.61,100,0.25,0.66667,,,-0.03,0.02137,-0.00141,0.0,0.01275,0.32319
1965,2012160,53.61554,251.5,0.75,0.91,1.101837,-0.002031,0.008006,0.001836,0.354938,0.015411,0.982076,46.336182,22.068365,45.454964,23.194317,4.0,9.889e-05,4,320,0.12015,0.12285,0.05,0.61,100,0.0,0.97222,,,-0.03,0.02201,-0.00089,0.0,0.01221,0.24508
1966,2013184,52.31314,201.0,0.71429,0.89,1.027797,-0.000972,0.019324,0.001032,0.36589,0.008926,0.961406,47.441475,22.308414,45.966019,24.32523,4.0,9.878e-05,7,323,0.10151,0.10505,0.06,0.62,100,0.28571,0.5,,,-0.03,0.02591,0.00028,0.0,0.00782,0.41343
1967,2014208,75.74,115.0,1.0,0.89,1.134373,-0.002805,0.005409,0.002915,0.288967,0.0271,0.992583,49.223915,27.963942,49.460861,29.211246,4.0,9.868e-05,5,308,0.09368,0.09581,0.06,0.64,100,0.0,0.5,,,-0.03,0.02775,0.00028,0.0,0.01999,0.36262
1968,2015232,51.34145,254.57143,0.71429,0.88,0.991505,-0.001272,0.009238,0.000923,0.231725,0.005569,0.972969,60.248329,17.903177,59.950672,18.052362,4.0,9.858e-05,7,313,0.06577,0.06778,0.08,0.66,100,0.0,0.86885,,,-0.03,0.02988,0.00122,0.0,0.01524,0.36348
1969,2016256,73.58098,147.8,1.0,0.91,0.971366,-0.000985,0.02375,0.001493,0.324537,0.008804,0.603141,62.592457,9.265841,63.594181,8.031072,4.0,9.848e-05,10,307,0.06479,0.06919,0.06,0.66,100,0.2,0.95,,,-0.03,0.03076,-0.00019,0.0,0.01386,0.74213
1970,2017280,58.56341,135.0,0.8,0.9,0.91813,-0.001001,0.042578,0.001212,0.31559,0.005783,0.653,62.431183,7.77188,60.801353,10.782443,4.0,9.837e-05,5,319,0.06139,0.06692,0.06,0.68,100,0.4,0.76471,,,-0.03,0.02862,0.00033,0.0,0.00904,0.30702
1971,2018304,73.63461,140.6,1.0,0.9,0.893739,-0.001638,0.016639,0.002852,0.228688,0.020981,0.802433,59.975594,8.326595,59.310097,9.065279,4.0,9.827e-05,5,293,0.06269,0.06657,0.06,0.69,100,0.0,0.44444,,,-0.03,0.02602,0.00038,0.0,0.0116,0.40467
1972,2019328,71.87131,185.0,1.0,0.9,0.963932,-0.001738,0.035772,0.002612,0.330983,0.030319,0.790848,55.074486,12.084512,54.092796,12.917489,4.0,9.817e-05,4,314,0.06577,0.06951,0.06,0.69,100,0.25,0.5,,,-0.03,0.0198,0.00046,0.0,0.00874,0.32477
1973,2020352,72.73912,164.0,1.0,0.92,1.007904,-0.001203,0.015081,0.001769,0.255191,0.010727,0.964068,50.732418,18.911367,50.261635,19.968391,4.0,9.807e-05,6,328,0.0693,0.07263,0.05,0.7,100,0.0,0.4,,,-0.03,0.0246,0.0009,0.0,0.01113,0.48305
1974,2021376,59.66419,224.66667,0.83333,0.91,0.970765,-0.001422,0.008305,0.001589,0.225889,0.009888,0.975459,53.451145,18.391184,54.161095,18.906281,4.0,9.796e-05,6,321,0.07516,0.07657,0.06,0.71,100,0.33333,0.9403,,,-0.03,0.03226,0.00091,0.0,0.01366,0.40241
1975,2022400,73.58116,150.5,1.0,0.91,1.035091,-0.001081,0.015232,0.001971,0.274501,0.012848,0.949542,53.698444,16.525862,52.553593,16.611334,4.0,9.786e-05,4,311,0.09293,0.09945,0.06,0.7,100,0.0,0.94545,,,-0.03,0.02036,-0.00135,0.0,0.00605,0.34639
1976,2023424,61.61628,223.28571,0.85714,0.9,1.062947,-0.000728,0.01733,0.001369,0.203363,0.005386,0.882135,55.817238,11.562846,56.497112,12.621391,4.0,9.776e-05,7,324,0.09386,0.0958,0.07,0.67,100,0.42857,0.76923,,,-0.03,0.0275,0.00073,0.0,0.01523,0.4728
1977,2024448,74.27615,152.2,1.0,0.9,1.201484,-0.001178,0.006521,0.001802,0.249614,0.006393,0.980944,54.559067,17.356979,54.603821,18.247631,4.0,9.766e-05,5,310,0.11291,0.11507,0.07,0.68,100,0.0,0.66667,,,-0.03,0.02758,0.00032,0.0,0.00997,0.36318
1978,2025472,45.45831,236.16667,0.66667,0.89,1.121134,-0.000898,0.051401,0.001877,0.341678,0.010208,0.857825,53.839195,17.468964,52.488293,18.917171,4.0,9.756e-05,6,301,0.10697,0.11119,0.08,0.68,100,0.16667,0.8,,,-0.03,0.02074,-0.00016,0.0,0.00558,0.30143
1979,2026496,74.22923,138.71429,1.0,0.9,1.098503,-0.001437,0.007559,0.001729,0.256248,0.008942,0.979309,56.307537,17.218954,56.697666,18.040293,4.0,9.745e-05,7,319,0.10864,0.11132,0.07,0.68,100,0.0,0.52381,,,-0.03,0.03247,0.00073,0.0,0.01393,0.53793
1980,2027520,57.70521,161.0,0.8,0.89,1.102058,-0.001146,0.028892,0.002119,0.233438,0.008194,0.936489,52.872902,20.176397,51.859077,21.418478,4.0,9.735e-05,5,319,0.10317,0.10656,0.07,0.67,100,0.6,0.75,,,-0.03,0.02652,0.00028,0.0,0.00628,0.31215
1981,2028544,60.75258,216.0,0.83333,0.88,1.159474,-0.000616,0.014978,0.001439,0.205214,0.002991,0.937519,57.72583,14.310254,57.456944,15.143614,4.0,9.725e-05,6,304,0.12174,0.12438,0.08,0.67,100,0.0,0.6,,,-0.03,0.02922,0.00057,0.0,0.01255,0.37888
1982,2029568,72.48576,174.6,1.0,0.89,1.127551,-0.001116,0.041922,0.001221,0.215413,0.00499,0.681924,57.908291,10.930047,57.082375,11.209029,4.0,9.715e-05,5,312,0.12867,0.13227,0.07,0.65,100,0.2,0.58333,,,-0.03,0.02522,0.00062,0.0,0.0096,0.38476
1983,2030592,71.21923,192.14286,1.0,0.91,1.137997,-0.001675,0.022031,0.001926,0.391555,0.016663,0.498338,57.89082,8.748371,59.576569,7.24641,4.0,9.704e-05,7,308,0.13453,0.13694,0.06,0.63,100,0.28571,0.63636,,,-0.03,0.03346,0.00012,0.0,0.01338,0.54378
1984,2031616,73.74474,143.875,1.0,0.92,1.16225,-0.00139,0.007429,0.002074,0.273474,0.009842,0.687894,60.195919,4.4446,61.071362,5.064216,4.0,9.694e-05,8,319,0.13526,0.13886,0.05,0.62,100,0.25,0.71429,,,-0.03,0.0325,0.00013,0.0,0.00971,0.61198
1985,2032640,72.82302,151.83333,1.0,0.93,1.056311,-0.001645,0.007673,0.002514,0.287364,0.019424,0.672901,59.377487,3.974412,60.098782,4.664787,4.0,9.684e-05,6,307,0.11461,0.11762,0.04,0.6,100,0.16667,0.73333,,,-0.03,0.03038,0.00049,0.0,0.01185,0.46837
1986,2033664,74.60186,142.28571,1.0,0.93,1.07951,-0.001773,0.00674,0.002894,0.354821,0.020706,0.790403,60.741734,4.705132,61.97097,5.24751,4.0,9.674e-05,7,322,0.12324,0.12622,0.04,0.61,100,0.0,0.5,,,-0.03,0.03326,0.00084,0.0,0.01556,0.51978
1987,2034688,74.3173,142.22222,1.0,0.94,0.999497,-0.001656,0.005325,0.00181,0.312863,0.013733,0.827246,62.02393,5.001218,63.361855,5.107639,4.0,9.663e-05,9,309,0.10075,0.10447,0.04,0.68,100,0.11111,0.73529,,,-0.03,0.03683,0.00067,0.0,0.01582,0.66235
1988,2035712,73.46006,142.6,1.0,0.94,0.92517,-0.001005,0.008916,0.001259,0.250837,0.002502,0.600937,62.995876,4.696344,63.885456,4.522858,4.0,9.653e-05,5,298,0.09044,0.09474,0.04,0.68,100,0.4,0.375,,,-0.03,0.03101,0.00114,0.0,0.01243,0.39172
1989,2036736,65.40812,137.33333,0.88889,0.93,1.007493,-0.000582,0.048737,0.002506,0.18874,0.014328,0.332692,63.397942,4.709321,63.094761,8.357224,4.0,9.643e-05,9,313,0.09108,0.09485,0.04,0.69,100,0.33333,0.42857,,,-0.03,0.03649,0.00106,0.0,0.01286,0.59353
1990,2037760,75.25674,122.44444,1.0,0.94,0.96911,-0.001647,0.005633,0.001369,0.285754,0.010483,0.765687,63.603607,4.123323,64.859009,4.362052,4.0,9.633e-05,9,306,0.08917,0.09292,0.03,0.68,100,0.22222,0.22727,,,-0.03,0.03541,0.00179,0.0,0.01837,0.66135
1991,2038784,75.01733,121.44444,1.0,0.95,0.899155,-0.00098,0.005365,0.00164,0.237375,0.007416,0.729688,64.78891,4.299189,65.738327,4.272818,4.0,9.622e-05,9,296,0.08515,0.08996,0.02,0.72,100,0.22222,0.52,,,-0.03,0.03794,0.00159,0.0,0.01398,0.69357
1992,2039808,74.62648,122.57143,1.0,0.97,0.904951,-0.001548,0.004411,0.001647,0.274407,0.013229,0.77114,66.184814,4.67149,66.741043,4.271667,4.0,9.612e-05,7,321,0.07726,0.08469,0.01,0.73,100,0.42857,0.47059,,,-0.03,0.03249,-0.00068,0.0,0.01619,0.52685
1993,2040832,74.33849,137.2,1.0,0.97,0.968678,-0.00088,0.004879,0.0018,0.230476,0.012039,0.616772,66.643494,4.215074,66.770134,3.633354,4.0,9.602e-05,5,302,0.07688,0.08836,0.01,0.73,100,0.0,0.8,,,-0.03,0.02893,-0.00337,0.0,0.01301,0.37878
1994,2041856,73.60575,138.0,1.0,0.99,0.850647,-0.000665,0.00854,0.001129,0.230231,0.004028,0.654179,65.335808,4.207334,65.692978,4.751405,4.0,9.592e-05,10,303,0.05981,0.06521,0.0,0.77,100,0.2,0.9375,,,-0.03,0.03652,0.00144,0.0,0.01315,0.74698
1995,2042880,52.07617,140.14286,0.71429,0.97,0.782465,-0.000664,0.079481,0.001593,0.412561,0.011154,0.391395,64.669182,6.326966,62.456856,11.577297,4.0,9.581e-05,7,316,0.0609,0.06645,0.0,0.78,100,0.42857,0.66667,,,-0.03,0.03018,0.00074,0.0,0.0098,0.41586
1996,2043904,73.9251,136.66667,1.0,0.97,0.850438,-0.001153,0.007625,0.001785,0.266117,0.010117,0.705731,65.849136,4.265004,65.638977,4.764634,4.0,9.571e-05,6,311,0.06261,0.0671,0.0,0.8,100,0.16667,0.76,,,-0.03,0.03017,0.00057,0.0,0.01352,0.46822
1997,2044928,75.21438,114.0,1.0,0.97,0.785016,-0.001283,0.00867,0.001429,0.228051,0.011124,0.915795,62.081451,8.9754,61.458256,10.190445,4.0,9.561e-05,5,316,0.06346,0.07041,0.0,0.83,100,0.2,0.53846,,,-0.03,0.02835,-0.00014,0.0,0.01072,0.42803
1998,2045952,74.30329,135.83333,1.0,0.97,0.844566,-0.001246,0.008074,0.001354,0.301336,0.008804,0.973964,57.88427,17.062233,57.047256,18.122803,4.0,9.551e-05,6,322,0.06852,0.07597,0.0,0.86,100,0.16667,0.59184,,,-0.03,0.02938,0.00096,0.0,0.01741,0.5137
1999,2046976,72.87725,152.0,1.0,0.97,0.83653,-0.001558,0.005282,0.000928,0.205382,0.008301,0.990345,53.28159,22.660555,52.801689,23.03635,4.0,9.54e-05,4,328,0.07017,0.075,0.0,0.87,100,0.5,0.83784,,,-0.03,0.02453,-0.00039,0.0,0.01139,0.35048
2000,2048000,53.35206,261.75,0.75,0.95,0.913703,-0.001037,0.00475,0.00163,0.263646,0.012863,0.944746,66.047783,8.712438,65.591995,8.79508,4.0,9.53e-05,8,307,0.06953,0.07627,0.02,0.86,100,0.125,0.94366,,,-0.03,0.03197,-0.0006,0.0,0.01207,0.44439
2001,2049024,74.24617,133.66667,1.0,0.95,0.847605,-0.000939,0.005009,0.001588,0.290948,0.012115,0.782729,65.80587,3.973079,65.358994,4.568858,4.0,9.52e-05,6,300,0.05219,0.05719,0.02,0.86,100,0.16667,0.76786,,,-0.03,0.02474,0.00074,0.0,0.01555,0.44838
2002,2050048,74.12751,141.55556,1.0,0.95,0.844412,-0.001226,0.004264,0.001281,0.229698,0.008591,0.90973,64.748955,5.974804,64.567978,6.701978,4.0,9.51e-05,9,314,0.0571,0.0642,0.02,0.86,100,0.0,0.79412,,,-0.03,0.03183,-0.00057,0.0,0.01212,0.69708
2003,2051072,75.04081,115.0,1.0,0.95,0.790402,-0.001012,0.007188,0.002085,0.246299,0.010849,0.955721,60.844559,11.75189,60.048405,12.934451,4.0,9.5e-05,4,321,0.05363,0.05817,0.02,0.86,100,0.0,0.63333,,,-0.03,0.02696,0.00061,0.0,0.01418,0.33335
2004,2052096,74.69264,130.5,1.0,0.96,0.851149,-0.001422,0.007347,0.002177,0.369076,0.015244,0.978454,55.322899,18.548182,53.891705,19.449305,4.0,9.489e-05,4,313,0.0601,0.06593,0.02,0.86,100,0.0,0.86364,,,-0.03,0.0225,-0.00066,0.0,0.01571,0.32732
2005,2053120,60.41209,214.83333,0.83333,0.95,0.84743,-0.002171,0.006167,0.002876,0.32772,0.026093,0.988348,54.061893,21.90114,53.432961,22.759417,4.0,9.479e-05,6,311,0.04713,0.05016,0.03,0.87,100,0.16667,0.89706,,,-0.03,0.02527,0.00067,0.0,0.01036,0.3956
2006,2054144,53.50449,260.625,0.75,0.93,0.864019,-0.001427,0.004793,0.001842,0.249766,0.014771,0.990837,56.091141,22.37606,56.206497,22.666006,4.0,9.469e-05,8,302,0.04667,0.05099,0.05,0.88,100,0.125,0.79412,,,-0.03,0.03059,0.0009,0.0,0.01382,0.46392
2007,2055168,76.29118,101.66667,1.0,0.93,0.823011,-0.000691,0.004805,0.001434,0.24177,0.00946,0.769681,67.25042,3.551014,66.528564,4.341515,4.0,9.459e-05,6,290,0.04565,0.04931,0.05,0.9,100,0.0,0.42857,,,-0.03,0.02796,0.00183,0.0,0.01709,0.44792
2008,2056192,72.86629,161.85714,1.0,0.93,0.815007,-0.001456,0.015311,0.001462,0.285317,0.011429,0.764174,63.397003,7.049772,62.479515,7.657829,4.0,9.448e-05,7,287,0.07258,0.07866,0.05,0.9,100,0.0,0.54286,,,-0.03,0.02812,0.00147,0.0,0.00585,0.58412
2009,2057216,57.4693,150.0,0.8,0.92,0.740061,-0.000876,0.059777,0.001446,0.415457,0.010666,0.793975,56.858528,14.337383,54.311848,16.56592,4.0,9.438e-05,5,335,0.06743,0.07416,0.05,0.88,100,0.4,0.69565,,,-0.03,0.03103,0.00059,0.0,0.00556,0.38147
2010,2058240,74.46068,138.0,1.0,0.92,0.693781,-0.001779,0.010562,0.001541,0.310553,0.018097,0.977256,47.887131,19.396076,46.562931,19.609421,4.0,9.428e-05,3,344,0.06207,0.06728,0.05,0.89,100,0.0,0.73913,,,-0.03,0.02107,0.00082,0.0,0.00568,0.31521
2011,2059264,59.82994,232.66667,0.83333,0.91,0.718626,-0.000678,0.009742,0.001415,0.231931,0.006088,0.977647,46.669315,21.317617,47.047707,21.95723,4.0,9.418e-05,6,339,0.05499,0.05817,0.06,0.88,100,0.33333,0.58065,,,-0.03,0.02734,0.00153,0.0,0.01144,0.49168
2012,2060288,56.12202,244.6,0.8,0.92,0.724349,-0.001175,0.011258,0.00132,0.243279,0.01059,0.972072,51.259411,19.271929,50.454544,19.438986,4.0,9.407e-05,5,260,0.06517,0.07199,0.07,0.89,100,0.2,0.76667,,,-0.03,0.02536,0.00075,0.0,0.00422,0.39913
2013,2061312,59.47575,219.8,0.8,0.91,0.774384,-0.001047,0.009459,0.001484,0.245687,0.006943,0.967748,53.338535,16.261061,52.538864,17.060883,4.0,9.397e-05,5,315,0.06525,0.07084,0.08,0.89,100,0.2,0.70588,,,-0.03,0.02891,0.00022,0.0,0.01117,0.39122
2014,2062336,74.52299,130.25,1.0,0.91,0.805504,-0.001583,0.00841,0.00184,0.368551,0.01593,0.973316,50.198162,18.247896,49.295914,19.319126,4.0,9.387e-05,4,340,0.07944,0.08512,0.08,0.89,100,0.0,0.73684,,,-0.03,0.02263,-6e-05,0.0,0.01344,0.38505
2015,2063360,75.18769,118.0,1.0,0.91,0.812266,-0.001501,0.005212,0.001933,0.368129,0.014862,0.990064,41.303352,21.980333,39.658859,21.843006,4.0,9.377e-05,1,335,0.08369,0.08585,0.08,0.89,100,0.0,0.71429,,,-0.03,0.01671,-0.00014,0.0,0.00578,0.1
2016,2064384,32.75903,394.25,0.5,0.89,0.959021,-0.001375,0.00754,0.001996,0.274874,0.009277,0.985279,43.151455,22.519367,42.588375,22.857313,4.0,9.366e-05,4,333,0.07918,0.08417,0.1,0.89,100,0.5,0.93333,,,-0.03,0.0209,-0.00181,0.0,0.00935,0.17046
2017,2065408,45.87076,312.0,0.66667,0.87,1.159329,-0.00223,0.00849,0.002569,0.361385,0.021317,0.98195,46.803459,22.805725,45.836849,23.172932,4.0,9.356e-05,6,299,0.10155,0.11715,0.12,0.87,100,0.16667,0.96094,,,-0.03,0.01849,-0.00701,0.0,0.00932,0.30311
2018,2066432,75.03101,121.33333,1.0,0.87,1.173974,-0.001528,0.011245,0.00141,0.285634,0.007507,0.97927,47.90258,21.781244,46.750069,22.283861,4.0,9.346e-05,3,267,0.09182,0.09955,0.12,0.87,100,0.0,0.92,,,-0.03,0.01967,-0.0029,0.0,0.00972,0.21953
2019,2067456,49.73112,354.6,0.8,0.88,1.036637,-0.000897,0.060653,0.001135,0.294934,0.00412,0.818292,44.852493,20.222788,44.526558,18.931547,4.0,9.336e-05,5,292,0.0898,0.09702,0.11,0.86,100,0.0,0.97189,,,-0.03,0.02284,-0.00085,0.0,-0.00276,0.31374
2020,2068480,59.87668,121.0,0.8,0.87,0.86524,-0.000777,0.022327,0.001049,0.249047,0.005783,0.927104,48.138737,16.140154,47.59967,18.162619,4.0,9.325e-05,5,314,0.09161,0.09646,0.11,0.87,100,0.2,0.80769,,,-0.03,0.02869,-0.00046,0.0,0.01619,0.37293
2021,2069504,74.58001,135.4,1.0,0.87,0.920783,-0.001703,0.013067,0.001908,0.298084,0.014038,0.974593,44.994133,21.185995,45.376534,22.338535,4.0,9.315e-05,5,276,0.09384,0.0989,0.11,0.88,100,0.0,0.64706,,,-0.03,0.02868,-0.00031,0.0,0.01735,0.4473
2022,2070528,54.26384,243.5,0.75,0.86,1.078528,-0.001404,0.012247,0.001837,0.308394,0.020447,0.975984,46.982616,21.736803,45.738136,21.823774,4.0,9.305e-05,4,251,0.12194,0.12635,0.12,0.89,100,0.25,0.88889,,,-0.03,0.02331,-0.00142,0.0,0.00681,0.25398
2023,2071552,32.78394,382.5,0.5,0.84,1.021154,-0.000831,0.027805,0.001686,0.379738,0.011566,0.928922,39.494514,19.052277,37.506386,18.949802,4.0,9.295e-05,4,299,0.13269,0.13663,0.14,0.9,100,0.0,0.9589,,,-0.03,0.01641,-0.00068,0.0,0.00277,0.19037
2024,2072576,70.25319,209.33333,1.0,0.84,1.044146,-0.001496,0.030755,0.00156,0.321175,0.009644,0.910987,38.145985,18.131956,37.923157,18.614368,4.0,9.284e-05,3,278,0.13223,0.13698,0.14,0.89,100,0.0,0.8125,,,-0.03,0.01812,-0.00233,0.0,0.00804,0.271
2025,2073600,43.49081,323.0,0.66667,0.83,1.061913,-0.001106,0.014581,0.002187,0.279751,0.010101,0.967369,34.642918,19.708876,34.218884,20.450649,4.0,9.274e-05,3,265,0.11931,0.12305,0.15,0.89,100,0.0,0.77778,,,-0.03,0.01792,-0.00184,0.0,0.00944,0.17925
2026,2074624,57.95165,271.0,0.83333,0.83,1.052428,-0.001278,0.03542,0.002188,0.378019,0.022873,0.894756,40.598877,19.043751,41.577824,19.619511,4.0,9.264e-05,6,294,0.11069,0.11577,0.15,0.87,100,0.16667,0.89583,,,-0.03,0.02061,-0.00079,0.0,0.01213,0.43826
2027,2075648,53.50479,273.5,0.75,0.82,1.239394,-0.001547,0.024703,0.002624,0.319761,0.015884,0.868217,46.254898,11.503549,45.326942,13.051605,4.0,9.254e-05,4,308,0.11229,0.11633,0.16,0.85,100,0.25,0.90909,,,-0.03,0.01896,-0.00122,0.0,0.00605,0.23039
2028,2076672,71.74267,163.5,1.0,0.82,1.144359,-0.001379,0.02209,0.002243,0.285641,0.016251,0.933691,38.697891,16.72127,37.843414,17.599813,4.0,9.244e-05,2,285,0.12399,0.12676,0.16,0.85,100,0.0,0.77778,,,-0.03,0.01292,-0.00135,0.0,0.01057,0.17001
2029,2077696,69.30579,224.0,1.0,0.83,1.211775,-0.002004,0.018605,0.002899,0.371983,0.022598,0.956423,30.866051,19.413977,29.619793,19.900057,4.0,9.233e-05,2,289,0.1229,0.1276,0.15,0.86,100,0.0,0.92308,,,-0.03,0.0134,-0.00253,0.0,0.00244,0.17159
2030,2078720,44.01935,309.33333,0.66667,0.83,1.245201,-0.002216,0.015374,0.002577,0.353652,0.028854,0.966057,25.924133,19.92671,24.556356,20.488552,4.0,9.223e-05,3,323,0.12442,0.12721,0.15,0.85,100,0.0,0.83333,,,-0.03,0.01151,-0.0018,0.0,0.00513,0.1716
2031,2079744,38.02378,356.2,0.6,0.81,1.209657,-0.001729,0.035834,0.002295,0.34865,0.022812,0.932689,21.357883,21.131792,22.357216,22.934113,4.0,9.213e-05,5,341,0.13166,0.13613,0.17,0.83,100,0.0,0.96721,,,-0.03,0.01272,-0.00259,0.0,0.00351,0.25612
2032,2080768,17.47562,451.0,0.33333,0.79,1.183738,-0.000982,0.011984,0.001451,0.225322,0.005493,0.974163,40.160122,20.220961,39.746723,20.589714,4.0,9.203e-05,3,276,0.11294,0.11498,0.19,0.83,100,0.0,0.97959,,,-0.03,0.01953,-0.00098,0.0,0.01109,0.07743
2033,2081792,55.69268,268.8,0.8,0.78,1.182376,-0.000946,0.03554,0.00124,0.245183,0.007751,0.9049,39.427742,18.181372,39.905869,18.818506,4.0,9.192e-05,5,289,0.12454,0.12755,0.2,0.82,100,0.2,0.83333,,,-0.03,0.01962,-0.00049,0.0,0.00824,0.31639
2034,2082816,72.22881,169.42857,1.0,0.79,1.231725,-0.002595,0.023347,0.003707,0.457831,0.035538,0.920506,45.971382,14.809422,47.506172,16.998489,4.0,9.182e-05,7,298,0.12119,0.1255,0.2,0.8,100,0.0,0.78947,,,-0.03,0.02466,-0.00072,0.0,0.01056,0.51046
2035,2083840,73.41915,148.5,1.0,0.79,1.14605,-0.001148,0.022525,0.002961,0.322377,0.022461,0.96263,44.226891,22.811287,45.24715,24.492409,4.0,9.172e-05,4,302,0.11026,0.11426,0.2,0.8,100,0.75,0.74194,,,-0.03,0.02335,-0.0004,0.0,0.01232,0.29557
2036,2084864,46.28084,219.83333,0.66667,0.79,1.051355,-0.000615,0.055529,0.001342,0.249015,0.006699,0.925534,44.305378,27.522001,43.439926,27.646585,4.0,9.162e-05,6,284,0.09541,0.10066,0.19,0.79,100,0.5,0.76667,,,-0.03,0.02173,-0.00033,0.0,0.00409,0.31028
2037,2085888,58.56946,237.83333,0.83333,0.79,1.026075,-0.001524,0.010363,0.001446,0.27834,0.012283,0.975064,54.517838,19.980392,55.501583,20.240625,4.0,9.151e-05,6,326,0.09309,0.09851,0.19,0.8,100,0.0,0.83824,,,-0.03,0.0282,-0.00055,0.0,0.0121,0.371
2038,2086912,73.8312,131.25,1.0,0.79,1.024763,-0.001087,0.018171,0.00188,0.290643,0.014786,0.732707,58.027481,7.402241,57.51099,8.042903,4.0,9.141e-05,4,311,0.108,0.11267,0.19,0.8,100,0.5,0.89286,,,-0.03,0.02618,-0.00041,0.0,0.00809,0.31628
2039,2087936,73.52721,146.8,1.0,0.81,0.956144,-0.001006,0.028195,0.001045,0.338186,0.006836,0.891142,49.815525,14.502015,48.591339,16.29598,4.0,9.131e-05,5,342,0.1094,0.11379,0.17,0.81,100,0.6,0.68,,,-0.03,0.02456,-0.00012,0.0,0.00346,0.43328
2040,2088960,73.38598,159.0,1.0,0.82,0.886401,-0.000607,0.014114,0.001127,0.307054,0.003555,0.976195,37.565025,24.176527,36.500019,25.091101,4.0,9.121e-05,3,318,0.12061,0.12473,0.16,0.81,100,0.0,0.8,,,-0.03,0.01922,-0.00072,0.0,0.00966,0.29318
2041,2089984,53.20551,256.5,0.75,0.82,0.925071,-0.00103,0.008099,0.000889,0.275178,0.003464,0.988356,34.857552,27.239006,34.516861,27.951271,4.0,9.11e-05,4,351,0.11861,0.12457,0.16,0.8,100,0.0,0.89655,,,-0.03,0.02162,-0.00223,0.0,0.01179,0.29321
2042,2091008,34.53989,358.0,0.5,0.81,0.903799,-0.001071,0.006729,0.00124,0.252776,0.009888,0.991913,39.457138,27.853216,39.145592,28.213856,4.0,9.1e-05,4,316,0.11446,0.11707,0.17,0.8,100,0.0,0.73333,,,-0.03,0.02782,-0.00032,0.0,0.00845,0.18317
2043,2092032,41.5023,335.0,0.6,0.8,0.974478,-0.001969,0.013936,0.002938,0.352644,0.02681,0.975197,47.741226,23.105171,46.662754,23.078335,4.0,9.09e-05,5,352,0.1324,0.13508,0.19,0.8,100,0.4,0.94118,,,-0.03,0.02038,-4e-05,0.0,0.01036,0.25535
2044,2093056,71.1652,197.5,1.0,0.8,1.0434,-0.001166,0.030877,0.000942,0.282708,0.006729,0.83422,55.798828,13.588817,55.644638,13.976795,4.0,9.08e-05,4,295,0.11842,0.1228,0.19,0.79,100,0.0,0.84615,,,-0.03,0.02765,-3e-05,0.0,0.01005,0.31241
2045,2094080,73.47417,150.42857,1.0,0.81,1.005819,-0.000595,0.013984,0.00061,0.229391,0.00177,0.960275,54.072464,18.168066,54.657005,18.867558,4.0,9.069e-05,7,290,0.10969,0.11227,0.18,0.8,100,0.28571,0.65,,,-0.03,0.03179,0.00065,0.0,0.0136,0.54239
2046,2095104,73.76944,148.16667,1.0,0.83,1.032889,-0.000676,0.009484,0.00116,0.197869,0.002548,0.978039,53.279602,20.247877,53.714756,20.666714,4.0,9.059e-05,6,303,0.11958,0.12385,0.16,0.8,100,0.16667,0.83333,,,-0.03,0.02813,-0.00016,0.0,0.01183,0.48044
2047,2096128,59.93627,233.0,0.83333,0.83,1.013963,-0.00141,0.01408,0.001982,0.281771,0.011612,0.923873,56.762077,12.645951,55.958969,13.079056,4.0,9.049e-05,6,308,0.11195,0.11582,0.16,0.81,100,0.0,0.8,,,-0.03,0.02466,-0.00022,0.0,0.00878,0.37988
2048,2097152,69.75645,230.0,1.0,0.83,1.023224,-0.001867,0.027054,0.002312,0.245166,0.020905,0.706091,53.726894,9.380286,53.743683,9.6502,4.0,9.039e-05,4,330,0.12151,0.12479,0.16,0.8,100,0.5,0.80952,,,-0.03,0.02066,-0.00042,0.0,0.00902,0.31679
2049,2098176,71.41677,183.2,1.0,0.85,1.066953,-0.001171,0.019305,0.002178,0.283743,0.01651,0.91375,52.257149,13.590302,52.339745,14.715714,4.0,9.028e-05,5,320,0.10102,0.10385,0.14,0.77,100,0.2,0.86957,,,-0.03,0.02448,-0.00018,0.0,0.0106,0.3712
2050,2099200,74.08326,142.4,1.0,0.85,1.056771,-0.000963,0.015564,0.001478,0.281713,0.010834,0.967135,49.358215,20.968693,49.242512,22.357199,4.0,9.018e-05,5,275,0.09538,0.09874,0.14,0.78,100,0.2,0.68,,,-0.03,0.02362,5e-05,0.0,0.01105,0.37044
2051,2100224,72.14457,186.33333,1.0,0.86,1.087357,-0.001245,0.022751,0.001416,0.377666,0.010803,0.967995,43.958855,26.170675,42.25882,26.61039,4.0,9.008e-05,3,304,0.10406,0.10705,0.13,0.78,100,0.0,0.92593,,,-0.03,0.01675,-0.00071,0.0,0.00678,0.2357
2052,2101248,57.2458,238.8,0.8,0.88,1.016612,-0.001127,0.012727,0.001784,0.312469,0.013428,0.980443,43.020996,24.740259,42.455719,25.473471,4.0,8.998e-05,5,244,0.09583,0.09824,0.11,0.77,100,0.0,0.75,,,-0.03,0.02473,0.00027,0.0,0.01118,0.32455
2053,2102272,56.74429,248.0,0.8,0.88,1.005554,-0.000657,0.018018,0.001392,0.262795,0.008591,0.97477,41.589397,25.435623,41.722122,26.258516,4.0,8.988e-05,5,336,0.10984,0.11228,0.11,0.79,100,0.0,0.85185,,,-0.03,0.02337,-0.00019,0.0,0.0116,0.33676
2054,2103296,54.69355,249.0,0.75,0.88,1.005339,-0.001093,0.011323,0.001299,0.283519,0.00589,0.983502,41.580223,26.821325,41.155506,27.258087,4.0,8.977e-05,4,309,0.12512,0.12765,0.11,0.78,100,0.5,0.72727,,,-0.03,0.02251,-0.00025,0.0,0.00947,0.26409
2055,2104320,52.52229,275.0,0.75,0.87,1.018925,-0.001226,0.018537,0.001227,0.300705,0.006271,0.968445,44.626987,23.299553,43.446495,23.386465,4.0,8.967e-05,4,136,0.11269,0.11656,0.12,0.78,100,0.25,0.84211,,,-0.03,0.01938,-0.00071,0.0,0.00626,0.25443
2056,2105344,58.27394,223.0,0.8,0.86,0.925865,-0.001117,0.009117,0.001059,0.321143,0.008835,0.983127,40.94487,25.064516,40.351337,26.528767,4.0,8.957e-05,5,251,0.10593,0.10876,0.13,0.8,100,0.0,0.75,,,-0.03,0.02588,-0.00016,0.0,0.01351,0.36181
2057,2106368,71.80447,172.25,1.0,0.87,0.865903,-0.000813,0.047461,0.001402,0.29886,0.009293,0.930573,43.823212,26.606621,44.596298,25.911844,4.0,8.947e-05,4,275,0.09572,0.09976,0.13,0.8,100,0.0,0.71429,,,-0.03,0.02793,2e-05,0.0,0.00724,0.36656
2058,2107392,58.75597,241.5,0.83333,0.88,0.887676,-0.000933,0.021356,0.001319,0.219195,0.008209,0.942642,51.616501,19.296913,51.652954,19.484873,4.0,8.936e-05,6,313,0.08076,0.08481,0.12,0.78,100,0.33333,0.9661,,,-0.03,0.02505,-0.0006,0.0,0.01213,0.42597
2059,2108416,59.79402,246.16667,0.83333,0.87,1.027895,-0.001016,0.020654,0.001372,0.291898,0.005768,0.894784,53.930458,14.263662,54.304108,14.299842,4.0,8.926e-05,6,334,0.08039,0.08287,0.13,0.78,100,0.5,0.82759,,,-0.03,0.02476,0.00016,0.0,0.01482,0.37129
2060,2109440,73.40593,149.0,1.0,0.87,0.999751,-0.001708,0.014952,0.001902,0.287719,0.016495,0.903542,55.189224,10.997573,54.849648,12.0776,4.0,8.916e-05,5,346,0.08937,0.09715,0.13,0.79,100,0.4,0.91304,,,-0.03,0.02377,-0.00189,0.0,0.00777,0.40125
2061,2110464,72.63884,167.83333,1.0,0.88,0.993751,-0.00087,0.018187,0.001144,0.258916,0.005997,0.929914,52.672901,14.355628,52.490623,15.624934,4.0,8.906e-05,6,326,0.06729,0.07021,0.12,0.79,100,0.16667,0.68966,,,-0.03,0.02564,0.00095,0.0,0.01083,0.4324
2062,2111488,73.85538,145.0,1.0,0.9,0.95766,-0.001246,0.016606,0.00178,0.223528,0.00885,0.960507,49.044601,18.941885,49.531975,19.905645,4.0,8.895e-05,6,336,0.06438,0.06719,0.1,0.81,100,0.16667,0.74074,,,-0.03,0.02314,0.00072,0.0,0.01501,0.45948
2063,2112512,60.07929,226.66667,0.83333,0.91,0.877583,-0.001343,0.018501,0.001928,0.328088,0.015015,0.935622,55.103287,15.669688,55.605179,16.314899,4.0,8.885e-05,6,329,0.06504,0.06779,0.09,0.82,100,0.16667,0.61111,,,-0.03,0.03059,0.00082,0.0,0.01486,0.38293
2064,2113536,72.17677,177.5,1.0,0.91,0.939181,-0.001249,0.015195,0.001502,0.265889,0.00946,0.956747,51.996906,17.295252,51.25206,17.881914,4.0,8.875e-05,4,341,0.06379,0.06712,0.09,0.8,100,0.25,0.90323,,,-0.03,0.01939,-0.00021,0.0,0.00912,0.32134
2065,2114560,52.0211,302.75,0.75,0.9,0.929396,-0.000829,0.016984,0.001159,0.316911,0.010193,0.938143,52.083305,17.408039,52.45612,17.185995,4.0,8.865e-05,4,343,0.06752,0.07284,0.1,0.79,100,0.25,0.89655,,,-0.03,0.02435,-0.00125,0.0,0.0102,0.23895
2066,2115584,73.1833,153.14286,1.0,0.9,0.950809,-0.00161,0.013557,0.002391,0.256534,0.015701,0.673866,58.814548,5.710948,59.320168,6.563647,4.0,8.854e-05,7,337,0.06827,0.07506,0.1,0.79,100,0.14286,0.85,,,-0.03,0.02868,-0.00137,0.0,0.01565,0.52666
2067,2116608,72.73787,163.25,1.0,0.91,1.042954,-0.001921,0.010493,0.001563,0.282865,0.011765,0.943172,55.517036,13.1361,54.989571,14.344529,4.0,8.844e-05,4,348,0.07245,0.08226,0.09,0.78,100,0.25,0.88,,,-0.03,0.02064,-0.00332,0.0,0.00996,0.30376
2068,2117632,59.03577,249.57143,0.85714,0.9,0.983938,-0.001692,0.020376,0.001183,0.217052,0.006577,0.927876,53.810226,16.049147,53.958652,16.502113,4.0,8.834e-05,7,339,0.06598,0.07313,0.1,0.76,100,0.28571,0.98467,,,-0.03,0.02516,-0.00116,0.0,0.00966,0.44786
2069,2118656,72.59088,167.8,1.0,0.9,0.928239,-0.001106,0.017528,0.00121,0.235479,0.00592,0.838669,55.77467,10.316315,56.088585,10.268823,4.0,8.824e-05,5,334,0.06074,0.06469,0.1,0.74,100,0.4,0.84,,,-0.03,0.02379,0.00026,0.0,0.01105,0.38024
2070,2119680,71.76978,173.14286,1.0,0.9,0.869657,-0.000981,0.01022,0.001123,0.26192,0.009888,0.501947,59.48597,4.522882,60.448708,4.643288,4.0,8.813e-05,7,328,0.05273,0.05746,0.1,0.74,100,0.57143,0.87805,,,-0.03,0.03095,0.0002,0.0,0.00907,0.52133
2071,2120704,73.33695,149.0,1.0,0.91,0.844326,-0.000851,0.012293,0.001568,0.195375,0.006531,0.69452,59.540718,6.017751,59.327553,6.19194,4.0,8.803e-05,3,346,0.06168,0.06997,0.09,0.75,100,0.33333,0.90476,,,-0.03,0.0217,-0.00116,0.0,0.007,0.26585
2072,2121728,71.00768,186.16667,1.0,0.92,0.773802,-0.000674,0.007003,0.000836,0.220725,0.005478,0.899574,57.452522,7.364621,57.542473,8.743037,4.0,8.793e-05,6,346,0.05776,0.06384,0.08,0.74,100,0.33333,0.94048,,,-0.03,0.02972,-0.00071,0.0,0.01366,0.52126
2073,2122752,72.95738,160.42857,1.0,0.94,0.798778,-0.000716,0.013038,0.00163,0.224405,0.010605,0.940376,54.643711,13.392333,55.374912,14.46621,4.0,8.783e-05,7,342,0.05177,0.0559,0.06,0.75,100,0.28571,0.77273,,,-0.03,0.03124,0.00043,0.0,0.01148,0.59898
2074,2123776,75.52263,111.0,1.0,0.94,0.867044,-0.002165,0.006565,0.002191,0.303156,0.020203,0.981978,54.846001,17.998886,54.544399,18.530518,4.0,8.772e-05,4,342,0.05844,0.06088,0.06,0.76,100,0.25,0.54545,,,-0.03,0.02191,0.00086,0.0,0.01377,0.33271
2075,2124800,60.38663,236.66667,0.83333,0.94,0.791198,-0.001101,0.01459,0.001308,0.235306,0.009888,0.934439,56.958366,14.16111,56.589222,15.055534,4.0,8.762e-05,6,345,0.05994,0.06676,0.06,0.76,100,0.33333,0.875,,,-0.03,0.028,-0.00041,0.0,0.01002,0.43568
2076,2125824,55.55898,149.75,0.75,0.94,0.844566,-0.000628,0.016109,0.001668,0.335924,0.008209,0.948634,54.152786,16.578812,52.659027,18.412237,4.0,8.752e-05,4,354,0.07616,0.08214,0.05,0.76,100,0.5,0.66667,,,-0.03,0.02171,-0.00117,0.0,0.00983,0.2713
2077,2126848,74.46426,129.33333,1.0,0.94,0.960938,-0.001292,0.007432,0.002014,0.461669,0.020142,0.983748,49.0812,22.648996,47.434509,23.446924,4.0,8.742e-05,3,353,0.07436,0.0826,0.05,0.77,100,0.33333,0.5,,,-0.03,0.02051,-0.00237,0.0,0.00916,0.2564
2078,2127872,49.51079,327.625,0.75,0.93,0.885152,-0.000956,0.048997,0.00162,0.279332,0.009399,0.85953,54.566734,19.529161,54.990398,18.757925,4.0,8.732e-05,8,330,0.0603,0.06785,0.06,0.8,100,0.375,0.96996,,,-0.03,0.02765,-0.00078,0.0,0.00653,0.45668
2079,2128896,60.57814,147.0,0.83333,0.92,0.741276,-0.000553,0.041283,0.001152,0.363139,0.007706,0.796616,56.65744,12.212483,54.915787,14.463145,4.0,8.721e-05,6,311,0.06425,0.07328,0.06,0.79,100,0.33333,0.90566,,,-0.03,0.02735,-0.0007,0.0,0.00489,0.46752
2080,2129920,74.24169,116.66667,1.0,0.92,0.66366,-0.001371,0.016334,0.002152,0.287207,0.01503,0.950382,50.184753,16.885509,49.128132,17.411791,4.0,8.711e-05,3,305,0.04887,0.05355,0.06,0.79,100,0.33333,0.5,,,-0.03,0.02357,0.00097,0.0,0.00781,0.29506
2081,2130944,73.02546,163.25,1.0,0.92,0.704208,-0.000613,0.019283,0.00167,0.179675,0.004898,0.963278,44.067318,21.533169,43.909836,22.312843,4.0,8.701e-05,4,364,0.06465,0.06912,0.06,0.79,100,0.25,0.83333,,,-0.03,0.02458,-0.00054,0.0,0.01351,0.39153
2082,2131968,56.64633,267.0,0.8,0.92,0.833638,-0.001082,0.014567,0.000864,0.245521,0.005035,0.974562,47.539227,22.958662,47.567139,23.427198,4.0,8.691e-05,5,287,0.06733,0.07256,0.06,0.76,100,0.8,0.94828,,,-0.03,0.02762,-0.00061,0.0,0.01248,0.34766
2083,2132992,61.88904,221.57143,0.85714,0.91,0.969152,-0.000996,0.014915,0.00175,0.217556,0.009521,0.965873,53.871536,19.88513,53.745583,20.635004,4.0,8.68e-05,7,307,0.07183,0.07934,0.07,0.73,100,0.42857,0.94444,,,-0.03,0.02721,-0.00158,0.0,0.01201,0.47114
2084,2134016,62.73693,185.71429,0.85714,0.91,0.799298,-0.000788,0.009393,0.001189,0.191122,0.005432,0.968621,56.949123,16.00877,57.606041,16.789289,4.0,8.67e-05,7,280,0.06064,0.06638,0.07,0.74,100,0.14286,0.88,,,-0.03,0.03511,0.00035,0.0,0.01167,0.49848
2085,2135040,72.79553,165.42857,1.0,0.91,0.890762,-0.000588,0.017871,0.000849,0.222308,0.003754,0.549861,61.805489,7.823692,62.59391,6.46406,4.0,8.66e-05,7,312,0.06766,0.07284,0.07,0.77,100,0.14286,0.825,,,-0.03,0.02669,-0.0,0.0,0.01323,0.54287
2086,2136064,72.35706,157.42857,1.0,0.92,0.84914,-0.001216,0.009545,0.001668,0.204707,0.0112,0.626992,62.085083,4.78599,62.555248,4.970508,4.0,8.65e-05,7,282,0.05742,0.064,0.06,0.76,100,0.14286,0.89394,,,-0.03,0.02753,-0.00011,0.0,0.00998,0.55294
2087,2137088,72.88093,147.5,1.0,0.92,0.841617,-0.00068,0.00603,0.000809,0.218152,0.003586,0.596553,62.589733,3.153431,63.030357,3.752909,4.0,8.639e-05,6,264,0.06101,0.06587,0.06,0.78,100,0.5,0.80769,,,-0.03,0.03009,0.00099,0.0,0.01274,0.4769
2088,2138112,73.62758,145.85714,1.0,0.92,0.926073,-0.001165,0.006803,0.001268,0.238361,0.00853,0.723501,62.181133,3.881046,62.388947,4.750091,4.0,8.629e-05,7,271,0.06148,0.06581,0.06,0.82,100,0.28571,0.69231,,,-0.03,0.02771,0.00081,0.0,0.0098,0.52597
2089,2139136,72.70298,165.5,1.0,0.92,0.872104,-0.000571,0.01121,0.001243,0.170798,0.004913,0.675919,61.857666,5.847633,62.158474,5.768028,4.0,8.619e-05,6,333,0.06601,0.0707,0.06,0.83,100,0.33333,0.64,,,-0.03,0.02705,0.00077,0.0,0.01402,0.48444
2090,2140160,74.56823,122.75,1.0,0.92,0.845217,-0.001357,0.004645,0.001912,0.263346,0.018112,0.895199,61.846931,5.925167,61.505249,6.956936,4.0,8.609e-05,4,342,0.06594,0.072,0.06,0.85,100,0.25,0.61538,,,-0.03,0.02807,-0.00048,0.0,0.00863,0.34081
2091,2141184,73.1214,152.5,1.0,0.92,0.853977,-0.001389,0.005914,0.001403,0.262702,0.008362,0.968035,58.435795,13.18793,57.914532,14.330643,4.0,8.598e-05,6,341,0.07143,0.07568,0.06,0.83,100,0.66667,0.77778,,,-0.03,0.02697,-0.00019,0.0,0.01368,0.51173
2092,2142208,54.39712,299.4,0.8,0.91,0.814196,-0.001407,0.015458,0.001045,0.192544,0.009109,0.937998,56.653156,15.452207,56.063114,15.582912,4.0,8.588e-05,5,340,0.0628,0.06844,0.07,0.82,100,0.2,0.96629,,,-0.03,0.02404,-2e-05,0.0,0.00341,0.33556
2093,2143232,72.9039,158.16667,1.0,0.92,0.808683,-0.000656,0.008448,0.00124,0.200898,0.006683,0.872926,60.13728,7.225127,60.281254,7.845383,4.0,8.578e-05,6,350,0.06113,0.06542,0.06,0.82,100,0.5,0.80952,,,-0.03,0.02729,0.00044,0.0,0.01158,0.51493
2094,2144256,73.65909,139.57143,1.0,0.94,0.842498,-0.001442,0.005503,0.001417,0.226784,0.011688,0.962239,60.667397,11.835336,60.860054,12.983371,4.0,8.568e-05,7,338,0.07508,0.07988,0.05,0.82,100,0.14286,0.77778,,,-0.03,0.03212,9e-05,0.0,0.01387,0.59356
2095,2145280,73.54246,148.57143,1.0,0.95,0.821047,-0.001532,0.005473,0.000884,0.186086,0.005539,0.985307,58.39167,18.336102,58.593941,18.939159,4.0,8.557e-05,7,336,0.07393,0.07888,0.04,0.81,100,0.28571,0.84,,,-0.03,0.0313,0.00044,0.0,0.0182,0.58345
2096,2146304,65.4408,176.25,0.875,0.95,0.823348,-0.001653,0.003621,0.001395,0.232121,0.012314,0.953833,65.083275,8.125231,65.623764,8.335892,4.0,8.547e-05,8,320,0.05996,0.06301,0.05,0.81,100,0.25,0.77778,,,-0.03,0.03418,0.00125,0.0,0.01494,0.51483
2097,2147328,72.98122,151.16667,1.0,0.95,0.786769,-0.000969,0.006345,0.000743,0.167679,0.001801,0.697072,65.199402,4.448498,65.240875,4.44141,4.0,8.537e-05,6,318,0.0714,0.07521,0.05,0.79,100,0.33333,0.84615,,,-0.03,0.02886,0.00042,0.0,0.01597,0.47371
2098,2148352,73.29628,150.71429,1.0,0.97,0.794068,-0.001806,0.005042,0.00176,0.204296,0.009033,0.556484,66.146935,3.463155,65.893776,3.298605,4.0,8.527e-05,7,310,0.05713,0.06334,0.03,0.8,100,0.57143,0.66667,,,-0.03,0.02621,-0.00055,0.0,0.0096,0.5406
2099,2149376,73.32954,148.2,1.0,0.97,0.884534,-0.001034,0.004517,0.001636,0.231531,0.007767,0.704768,64.770416,3.235216,64.259033,3.81753,4.0,8.516e-05,5,283,0.0793,0.08424,0.03,0.81,100,0.4,0.69565,,,-0.03,0.02476,-0.00079,0.0,0.01073,0.37279
2100,2150400,70.67761,190.6,1.0,0.98,0.873339,-0.001001,0.008635,0.001181,0.245897,0.006287,0.836951,62.074055,6.268432,61.356625,7.045038,4.0,8.506e-05,5,323,0.0836,0.08922,0.02,0.81,100,0.6,0.96117,,,-0.03,0.02312,-0.00096,0.0,0.00575,0.39639
2101,2151424,73.43664,154.5,1.0,0.98,0.767101,-0.000771,0.010228,0.001132,0.227172,0.008621,0.912679,60.058582,9.635015,59.48658,10.755722,4.0,8.496e-05,4,330,0.06563,0.06929,0.02,0.81,100,0.25,0.64706,,,-0.03,0.02461,0.00091,0.0,0.01283,0.32821
2102,2152448,73.54762,141.625,1.0,0.98,0.756281,-0.001433,0.011038,0.001816,0.297927,0.012329,0.972502,55.568634,19.341761,54.890121,20.831451,4.0,8.486e-05,8,335,0.05667,0.06118,0.02,0.8,100,0.375,0.72727,,,-0.03,0.02753,0.00086,0.0,0.01231,0.66786
2103,2153472,62.40782,181.14286,0.85714,0.97,0.707072,-0.0012,0.004835,0.001196,0.188572,0.007568,0.991583,55.088501,23.250742,54.985897,24.062181,4.0,8.476e-05,7,325,0.03933,0.04201,0.03,0.81,100,0.42857,0.68421,,,-0.03,0.0333,0.00128,0.0,0.01243,0.50343
2104,2154496,51.57921,202.14286,0.71429,0.95,0.735692,-0.000497,0.033209,0.000952,0.326588,0.007034,0.830404,62.575962,12.490142,60.851536,14.454141,4.0,8.465e-05,7,333,0.04973,0.05507,0.04,0.81,100,0.42857,0.81818,,,-0.03,0.02698,0.00059,0.0,0.00711,0.41168
2105,2155520,53.22554,167.5,0.75,0.94,0.711764,-0.00051,0.043763,0.00096,0.369401,0.010406,0.586848,64.59964,7.00358,62.724525,10.406858,4.0,8.455e-05,4,322,0.04001,0.0444,0.04,0.81,100,0.5,0.72727,,,-0.03,0.02758,0.00138,0.0,0.01106,0.24604
2106,2156544,66.9231,145.0,0.90909,0.93,0.793092,-0.0004,0.013333,0.00143,0.131113,0.009979,0.79053,68.481979,5.500408,68.35437,7.966254,4.0,8.445e-05,11,286,0.04245,0.04654,0.04,0.79,100,0.45455,0.6875,,,-0.03,0.03297,0.00121,0.0,0.01885,0.73274
2107,2157568,74.35506,128.25,1.0,0.94,0.870918,-0.000741,0.011448,0.001301,0.239607,0.007065,0.515055,67.923386,5.388988,67.716797,4.804489,4.0,8.435e-05,8,307,0.05132,0.05765,0.03,0.79,100,0.375,0.64706,,,-0.03,0.02906,-0.00035,0.0,0.01425,0.59573
2108,2158592,73.25856,141.16667,1.0,0.94,0.856282,-0.000826,0.010543,0.001412,0.226255,0.006317,0.589045,66.274414,4.932118,65.622704,4.987185,4.0,8.424e-05,6,346,0.05131,0.05492,0.03,0.79,100,0.0,0.93939,,,-0.03,0.02897,0.00113,0.0,0.01112,0.45267
2109,2159616,73.77571,139.625,1.0,0.94,0.86174,-0.001706,0.009725,0.003135,0.26775,0.024399,0.718005,65.489037,5.966402,65.868484,5.790514,4.0,8.414e-05,8,353,0.05019,0.05355,0.03,0.8,100,0.375,0.63158,,,-0.03,0.03447,0.00119,0.0,0.01456,0.59283
2110,2160640,74.51073,121.42857,1.0,0.95,0.789861,-0.000564,0.00433,0.000549,0.186496,0.002472,0.661478,67.08149,3.690158,67.33831,3.494648,4.0,8.404e-05,7,337,0.0584,0.06347,0.02,0.79,100,0.14286,0.7,,,-0.03,0.03482,0.0008,0.0,0.01868,0.56214
2111,2161664,75.56342,110.0,1.0,0.95,0.853824,-0.001484,0.002747,0.001283,0.227816,0.007339,0.666396,67.435562,2.314058,67.239105,2.79196,4.0,8.394e-05,6,338,0.06786,0.07169,0.02,0.81,100,0.16667,0.70588,,,-0.03,0.02954,0.0006,0.0,0.01953,0.46833
2112,2162688,73.11447,157.75,1.0,0.95,0.879292,-0.002028,0.004434,0.001691,0.231795,0.015427,0.567599,66.782959,2.90099,66.699181,3.137337,4.0,8.383e-05,8,292,0.05954,0.06454,0.02,0.78,100,0.0,0.92958,,,-0.03,0.02975,0.00022,0.0,0.01023,0.60847
2113,2163712,74.78567,118.11111,1.0,0.95,0.841996,-0.001234,0.006973,0.00171,0.210339,0.008148,0.868911,65.14534,7.0917,65.070343,7.831329,4.0,8.373e-05,9,350,0.05773,0.06175,0.02,0.78,100,0.11111,0.68,,,-0.03,0.03165,0.0012,0.0,0.01342,0.6858
2114,2164736,74.83227,112.28571,1.0,0.95,0.872237,-0.00125,0.006737,0.001348,0.230835,0.006058,0.972302,61.762882,16.078838,61.479355,17.286362,4.0,8.363e-05,7,353,0.06088,0.06358,0.02,0.78,100,0.28571,0.38462,,,-0.03,0.02939,0.00152,0.0,0.01506,0.52081
2115,2165760,59.63053,216.33333,0.83333,0.94,0.944841,-0.001433,0.005883,0.001075,0.267508,0.008438,0.987928,61.557594,20.51874,60.48584,20.916489,4.0,8.353e-05,6,336,0.06901,0.07622,0.03,0.78,100,0.33333,0.63636,,,-0.03,0.02639,-0.00105,0.0,0.00773,0.38712
2116,2166784,74.44037,131.0,1.0,0.94,0.736263,-0.001361,0.023982,0.001382,0.319066,0.00798,0.746085,63.945297,8.123587,62.230343,9.13306,4.0,8.342e-05,5,365,0.05731,0.06454,0.03,0.78,100,0.0,0.94444,,,-0.03,0.0289,0.00069,0.0,0.01038,0.43799
2117,2167808,56.04558,166.55556,0.77778,0.94,0.729873,-0.000892,0.030906,0.001221,0.319716,0.010605,0.813485,62.398209,9.75884,61.060722,12.971574,4.0,8.332e-05,9,374,0.04869,0.05301,0.01,0.77,100,0.55556,0.77273,,,-0.03,0.0345,0.00137,0.0,0.00995,0.6005
2118,2168832,74.24874,128.83333,1.0,0.95,0.677945,-0.000731,0.009735,0.001206,0.220186,0.009094,0.962041,59.597099,15.007965,58.846962,15.948661,4.0,8.322e-05,6,290,0.05774,0.0628,0.01,0.75,100,0.16667,0.75,,,-0.03,0.03236,0.00098,0.0,0.01249,0.58296
2119,2169856,64.11537,133.71429,0.85714,0.96,0.803965,-0.000585,0.007933,0.001072,0.195847,0.005249,0.978039,60.446548,18.633101,60.050865,20.035667,4.0,8.312e-05,7,196,0.05318,0.05539,0.01,0.76,100,0.42857,0.64706,,,-0.03,0.03303,0.00117,0.0,0.02128,0.47603
2120,2170880,63.44752,191.0,0.85714,0.95,0.850294,-0.00178,0.00734,0.001734,0.257896,0.018219,0.986242,59.583389,21.670958,58.798309,21.728352,4.0,8.301e-05,7,136,0.06453,0.06745,0.02,0.76,100,0.57143,0.4,,,-0.03,0.02844,0.00134,0.0,0.0128,0.48093
2121,2171904,73.05825,148.625,1.0,0.95,0.855442,-0.000584,0.009358,0.000602,0.19768,0.003586,0.624656,66.181168,5.712719,66.695473,5.09306,4.0,8.291e-05,8,179,0.05414,0.05782,0.02,0.74,100,0.5,0.66667,,,-0.03,0.03234,0.00134,0.0,0.01647,0.62283
2122,2172928,75.00651,118.33333,1.0,0.95,0.855621,-0.001347,0.0024,0.002316,0.21297,0.010986,0.661632,67.082985,2.191155,67.280449,2.559583,4.0,8.281e-05,9,230,0.05114,0.05438,0.02,0.73,100,0.22222,0.58824,,,-0.03,0.03385,0.00164,0.0,0.01531,0.67295
2123,2173952,74.67824,122.14286,1.0,0.95,0.837393,-0.000773,0.005091,0.001416,0.251396,0.006393,0.656343,66.705276,3.015723,66.286942,3.645707,4.0,8.271e-05,7,266,0.04992,0.05403,0.02,0.74,100,0.42857,0.5,,,-0.03,0.03132,0.00159,0.0,0.01103,0.53583
2124,2174976,73.47553,147.14286,1.0,0.95,0.868091,-0.001076,0.004394,0.001385,0.175479,0.007904,0.724956,65.998749,3.698186,65.836212,3.840507,4.0,8.26e-05,7,278,0.05798,0.06156,0.02,0.73,100,0.28571,0.6875,,,-0.03,0.02757,0.00122,0.0,0.01226,0.54152
2125,2176000,72.41926,170.6,1.0,0.95,0.884939,-0.001186,0.005018,0.00203,0.213186,0.013748,0.820577,65.635918,4.373397,65.256516,4.985603,4.0,8.25e-05,5,275,0.0649,0.06747,0.02,0.73,100,0.4,0.75,,,-0.03,0.02905,0.00093,0.0,0.01596,0.38411
2126,2177024,74.18738,142.57143,1.0,0.95,0.98021,-0.001445,0.006973,0.002456,0.194675,0.013718,0.764073,65.185699,5.30077,65.201767,5.351203,4.0,8.24e-05,7,287,0.08601,0.08894,0.02,0.73,100,0.42857,0.53846,,,-0.03,0.02968,0.0002,0.0,0.01284,0.5226
2127,2178048,74.20962,133.625,1.0,0.95,0.941426,-0.001109,0.004623,0.001474,0.229784,0.009979,0.947813,63.838379,8.838768,63.594975,10.125214,4.0,8.23e-05,8,285,0.08977,0.09318,0.02,0.72,100,0.25,0.76923,,,-0.03,0.0316,0.00021,0.0,0.01336,0.61527
2128,2179072,75.5308,108.66667,1.0,0.95,0.946174,-0.002074,0.00464,0.001628,0.277852,0.014923,0.983421,61.313896,17.490015,61.22213,18.904894,4.0,8.22e-05,6,278,0.08343,0.0856,0.02,0.73,100,0.16667,0.4,,,-0.03,0.03226,0.00093,0.0,0.02008,0.44331
2129,2180096,65.6876,168.0,0.88889,0.95,0.939228,-0.001633,0.003143,0.001495,0.248984,0.010544,0.992366,62.407372,19.715746,61.980633,20.095814,4.0,8.209e-05,9,306,0.07221,0.07546,0.02,0.73,100,0.22222,0.6,,,-0.03,0.02897,0.00063,0.0,0.01242,0.60203
2130,2181120,74.28912,123.8,1.0,0.95,0.900021,-0.001223,0.006446,0.001957,0.341132,0.016556,0.929397,65.647209,8.630792,64.573448,9.850081,4.0,8.199e-05,5,361,0.07582,0.08108,0.02,0.73,100,0.4,0.69231,,,-0.03,0.02601,0.00015,0.0,0.00941,0.40405
2131,2182144,61.24963,134.33333,0.83333,0.96,0.925935,-0.000739,0.045082,0.001967,0.393154,0.012054,0.893939,60.354404,18.375648,58.178196,20.480087,4.0,8.189e-05,6,365,0.08233,0.08724,0.02,0.73,100,0.33333,0.85185,,,-0.03,0.03008,-1e-05,0.0,0.01148,0.39417
2132,2183168,62.44838,195.0,0.85714,0.95,0.946857,-0.001931,0.006478,0.00188,0.322258,0.017181,0.984364,59.607815,19.298872,58.82283,20.126036,4.0,8.179e-05,7,364,0.0825,0.08607,0.03,0.74,100,0.0,0.83333,,,-0.03,0.0289,0.0002,0.0,0.01305,0.46558
2133,2184192,73.66898,142.0,1.0,0.96,0.982813,-0.001511,0.008779,0.001428,0.272085,0.010498,0.982734,59.373295,21.681683,58.44099,22.200653,4.0,8.168e-05,4,370,0.09574,0.09988,0.03,0.74,100,0.75,0.42857,,,-0.03,0.02285,6e-05,0.0,0.01029,0.3162
2134,2185216,61.80511,210.0,0.85714,0.95,0.983214,-0.000768,0.004579,0.001052,0.230654,0.009155,0.953462,65.685364,9.307033,65.074677,9.725068,4.0,8.158e-05,7,367,0.09561,0.09993,0.04,0.73,100,0.28571,0.92453,,,-0.03,0.02837,0.00012,0.0,0.01718,0.45734
2135,2186240,74.71049,131.75,1.0,0.96,1.00962,-0.00068,0.017049,0.00074,0.371159,0.003815,0.935301,60.776627,14.187272,58.96273,16.110556,4.0,8.148e-05,8,365,0.10279,0.10841,0.03,0.71,100,0.125,0.875,,,-0.03,0.02709,-0.00084,0.0,0.0085,0.62352
2136,2187264,56.0498,121.0,0.75,0.95,0.994911,-0.001224,0.021059,0.002886,0.417891,0.027817,0.968713,50.799652,25.035831,49.128208,26.33729,4.0,8.138e-05,4,369,0.10607,0.10877,0.03,0.71,100,0.75,0.6,,,-0.03,0.02864,-0.00035,0.0,0.01016,0.2456
2137,2188288,47.81337,271.66667,0.66667,0.94,1.167501,-0.00182,0.008406,0.002385,0.452898,0.02269,0.985407,53.709305,23.365664,51.912418,24.233433,4.0,8.127e-05,3,352,0.13228,0.13615,0.04,0.71,100,0.0,0.98182,,,-0.03,0.02163,-0.00127,0.0,0.01347,0.15478
2138,2189312,72.68024,169.57143,1.0,0.94,1.081778,-0.001535,0.010257,0.001821,0.256957,0.012711,0.988463,47.481663,29.290188,47.255272,29.770273,4.0,8.117e-05,7,349,0.11282,0.1158,0.04,0.73,100,0.0,0.90141,,,-0.03,0.0269,-9e-05,0.0,0.00982,0.53947
2139,2190336,61.57911,212.0,0.85714,0.93,0.985213,-0.001391,0.018349,0.002675,0.242005,0.01622,0.965776,53.595741,23.521555,53.83535,23.637569,4.0,8.107e-05,7,365,0.09851,0.10163,0.05,0.73,100,0.14286,0.77778,,,-0.03,0.02763,0.00073,0.0,0.01424,0.4773
2140,2191360,60.54237,208.16667,0.83333,0.92,1.029022,-0.000714,0.009857,0.001898,0.304948,0.011841,0.949764,60.342102,13.024527,59.68338,13.401844,4.0,8.097e-05,6,359,0.09857,0.10143,0.06,0.71,100,0.16667,0.72727,,,-0.03,0.02958,0.00068,0.0,0.01102,0.3755
2141,2192384,72.59006,166.16667,1.0,0.92,1.034564,-0.000828,0.015976,0.002124,0.243351,0.010757,0.601275,61.110615,6.651192,61.909775,6.296273,4.0,8.086e-05,6,362,0.1083,0.11193,0.06,0.72,100,0.33333,0.57143,,,-0.03,0.0317,0.00057,0.0,0.01563,0.4503
2142,2193408,73.36585,159.85714,1.0,0.92,1.09838,-0.001131,0.005169,0.001057,0.229214,0.006424,0.558212,63.479164,3.289468,63.921402,3.404881,4.0,8.076e-05,7,346,0.11441,0.1184,0.06,0.73,100,0.14286,0.88636,,,-0.03,0.03038,-0.00036,0.0,0.01428,0.51326
2143,2194432,74.20694,141.875,1.0,0.92,1.001389,-0.001133,0.01216,0.001053,0.262633,0.004333,0.768373,62.378963,5.144306,61.868164,7.036438,4.0,8.066e-05,8,348,0.10943,0.11367,0.06,0.72,100,0.0,0.80769,,,-0.03,0.0297,0.00057,0.0,0.00951,0.59969
2144,2195456,73.86899,144.42857,1.0,0.92,0.951071,-0.000857,0.012146,0.001817,0.213405,0.011032,0.913504,58.340096,10.680283,58.717896,11.414639,4.0,8.056e-05,7,367,0.11033,0.11367,0.06,0.75,100,0.28571,0.625,,,-0.03,0.02959,0.00018,0.0,0.01455,0.57063
2145,2196480,74.82985,130.25,1.0,0.92,0.943463,-0.000536,0.012115,0.0007,0.220536,0.004166,0.960174,55.110439,15.931559,54.820232,16.919878,4.0,8.045e-05,4,383,0.10866,0.11182,0.06,0.74,100,0.25,0.77778,,,-0.03,0.02727,0.00034,0.0,0.01472,0.3394
2146,2197504,71.63742,186.5,1.0,0.93,0.958488,-0.000711,0.024934,0.001922,0.200326,0.010178,0.946866,52.911633,20.704796,52.145,20.810774,4.0,8.035e-05,4,376,0.11206,0.11673,0.05,0.72,100,0.25,0.81818,,,-0.03,0.02555,-6e-05,0.0,0.00191,0.33547
2147,2198528,52.7098,275.0,0.75,0.92,0.797617,-0.001047,0.01264,0.000987,0.299521,0.006119,0.96474,50.517761,18.154945,49.446659,18.733679,4.0,8.025e-05,4,396,0.12168,0.12609,0.06,0.7,100,0.25,0.92308,,,-0.03,0.02597,-0.00071,0.0,0.00773,0.3139
2148,2199552,76.12196,117.25,1.0,0.92,0.800036,-0.000598,0.009233,0.000497,0.381496,0.002914,0.982614,43.20636,23.260237,41.570015,24.472811,4.0,8.015e-05,4,359,0.1143,0.11764,0.06,0.71,100,0.0,0.42857,,,-0.03,0.0285,0.00034,0.0,0.01431,0.41762
2149,2200576,57.50278,234.8,0.8,0.92,0.758777,-0.000989,0.008886,0.000718,0.241728,0.003021,0.990031,33.29472,29.388426,33.159481,30.481361,4.0,8.004e-05,5,412,0.10214,0.10488,0.07,0.69,100,0.8,0.88889,,,-0.03,0.0249,0.00014,0.0,0.00761,0.44898
2150,2201600,40.26334,337.71429,0.57143,0.9,0.87536,-0.00103,0.005948,0.001428,0.20542,0.009369,0.993831,43.545258,29.808126,43.664001,30.028217,4.0,7.994e-05,7,389,0.10455,0.10758,0.09,0.71,100,0.28571,0.875,,,-0.03,0.02578,0.00012,0.0,0.01147,0.3764
2151,2202624,73.32285,157.0,1.0,0.91,0.931145,-0.000952,0.021153,0.000947,0.170742,0.005295,0.471131,62.886501,6.779816,62.556999,6.295721,4.0,7.984e-05,5,370,0.09712,0.10291,0.08,0.7,100,0.2,0.76923,,,-0.03,0.03435,0.00022,0.0,0.00621,0.4128
2152,2203648,72.8522,149.66667,1.0,0.91,0.892463,-0.000582,0.013285,0.001801,0.167348,0.008972,0.810003,61.127419,7.177709,61.637062,7.930873,4.0,7.974e-05,6,370,0.1073,0.11087,0.08,0.69,100,0.33333,0.5,,,-0.03,0.03358,0.00068,0.0,0.01565,0.52204
2153,2204672,75.2494,119.55556,1.0,0.92,0.950152,-0.000904,0.00524,0.001328,0.201225,0.006241,0.965725,60.027107,12.02794,60.498886,13.445235,4.0,7.964e-05,9,338,0.11388,0.11606,0.08,0.69,100,0.11111,0.45455,,,-0.03,0.03545,0.00086,0.0,0.01911,0.73355
2154,2205696,74.07773,145.5,1.0,0.93,0.994218,-0.00101,0.006761,0.001021,0.189432,0.004242,0.983846,58.040859,19.662121,58.111324,20.200565,4.0,7.953e-05,8,369,0.11595,0.11984,0.07,0.69,100,0.0,0.76667,,,-0.03,0.03012,-8e-05,0.0,0.01426,0.66066
2155,2206720,76.00755,114.33333,1.0,0.93,0.894754,-0.000808,0.007633,0.000956,0.210782,0.004181,0.985632,56.851585,21.865913,56.522404,22.011906,4.0,7.943e-05,3,371,0.10465,0.10752,0.07,0.71,100,0.0,0.4,,,-0.03,0.0326,0.00061,0.0,0.01525,0.25552
2156,2207744,55.42922,213.0,0.77778,0.93,1.041156,-0.000778,0.042244,0.002244,0.217522,0.018707,0.674428,62.782394,9.105714,62.018265,11.395685,4.0,7.933e-05,9,348,0.11348,0.11873,0.06,0.69,100,0.77778,0.85714,,,-0.03,0.03275,-0.00021,0.0,0.00775,0.54688
2157,2208768,75.2065,121.83333,1.0,0.93,0.998884,-0.000506,0.01641,0.001157,0.17762,0.003159,0.633119,63.2654,5.479258,62.869247,6.305664,4.0,7.923e-05,6,289,0.10967,0.11372,0.06,0.69,100,0.0,0.42857,,,-0.03,0.03436,0.00063,0.0,0.00906,0.47684
2158,2209792,71.82339,182.57143,1.0,0.93,0.949811,-0.000391,0.020844,0.000564,0.226784,0.002258,0.621814,60.767433,8.74679,61.50671,7.611746,4.0,7.912e-05,7,380,0.12702,0.13079,0.06,0.69,100,0.28571,0.72222,,,-0.03,0.03032,-7e-05,0.0,0.01079,0.62237
2159,2210816,74.98516,126.5,1.0,0.93,1.085125,-0.000657,0.007388,0.001503,0.215489,0.004898,0.78952,61.980835,4.593662,61.928295,5.63823,4.0,7.902e-05,6,345,0.11679,0.11887,0.06,0.68,100,0.16667,0.33333,,,-0.03,0.02898,0.00088,0.0,0.01634,0.43705
2160,2211840,73.30643,164.66667,1.0,0.93,1.116225,-0.001224,0.00949,0.001421,0.199607,0.005447,0.496279,61.761314,3.963821,62.140255,4.228436,4.0,7.892e-05,6,348,0.12814,0.12982,0.06,0.68,100,0.5,0.5,,,-0.03,0.03207,0.0003,0.0,0.01392,0.43994
2161,2212864,73.84862,145.5,1.0,0.93,1.120887,-0.001639,0.005565,0.002203,0.219668,0.014999,0.888361,61.470161,6.178533,61.600891,7.439052,4.0,7.882e-05,6,365,0.1495,0.15205,0.06,0.68,100,0.16667,0.71429,,,-0.03,0.02967,-7e-05,0.0,0.01334,0.46063
2162,2213888,74.74523,139.83333,1.0,0.93,1.068812,-0.001605,0.006817,0.002086,0.235215,0.012817,0.973505,58.668571,15.516305,58.49493,16.691177,4.0,7.871e-05,6,353,0.12981,0.13208,0.06,0.67,100,0.0,0.63636,,,-0.03,0.03075,0.00061,0.0,0.01518,0.44691
2163,2214912,74.53404,136.125,1.0,0.94,1.008013,-0.001134,0.00951,0.0026,0.174733,0.012787,0.981334,56.684914,21.31295,56.994812,21.802111,4.0,7.861e-05,8,362,0.11372,0.11643,0.05,0.68,100,0.25,0.4,,,-0.03,0.03383,0.00036,0.0,0.01294,0.6246
2164,2215936,63.50546,199.0,0.875,0.94,0.949356,-0.000942,0.006531,0.002212,0.20087,0.011124,0.958137,62.646393,12.126598,62.950455,12.24684,4.0,7.851e-05,8,357,0.09498,0.09726,0.05,0.68,100,0.375,0.33333,,,-0.03,0.03182,0.00063,0.0,0.01396,0.53976
2165,2216960,74.60096,123.57143,1.0,0.97,0.915599,-0.001138,0.005514,0.001331,0.204243,0.006668,0.880912,63.841969,6.093232,64.419235,6.498469,4.0,7.841e-05,7,361,0.09242,0.09592,0.02,0.68,100,0.42857,0.55556,,,-0.03,0.03294,0.00097,0.0,0.01477,0.54425
2166,2217984,73.79513,144.8,1.0,0.97,0.913451,-0.00117,0.008623,0.001702,0.199332,0.016922,0.717529,65.073608,5.28281,65.175117,5.303816,4.0,7.83e-05,5,370,0.10929,0.11299,0.02,0.66,100,0.4,0.33333,,,-0.03,0.0328,0.00047,0.0,0.01589,0.40762
2167,2219008,74.42422,139.25,1.0,0.97,0.969409,-0.00177,0.004415,0.002328,0.213021,0.019363,0.685378,65.926285,3.397452,66.402702,3.542148,4.0,7.82e-05,8,351,0.10837,0.11115,0.02,0.66,100,0.25,0.625,,,-0.03,0.03496,0.0006,0.0,0.01828,0.58031
2168,2220032,74.54357,127.33333,1.0,0.97,0.902453,-0.001026,0.004066,0.001021,0.191693,0.005676,0.640751,66.629105,3.149102,66.843185,3.238265,4.0,7.81e-05,9,286,0.09357,0.09678,0.02,0.67,100,0.22222,0.41667,,,-0.03,0.03264,0.00058,0.0,0.01523,0.70873
2169,2221056,60.11831,150.33333,0.83333,0.96,0.869866,-0.000588,0.038435,0.000811,0.350367,0.004425,0.670461,64.414574,7.16018,62.340885,10.556039,4.0,7.8e-05,6,362,0.09551,0.10161,0.02,0.66,100,1.0,0.8,,,-0.03,0.02766,0.0001,0.0,0.00423,0.43208
2170,2222080,74.15101,136.0,1.0,0.97,0.872692,-0.001418,0.004601,0.001761,0.251087,0.014404,0.9661,61.869667,11.015495,61.506718,12.011146,4.0,7.789e-05,6,379,0.08781,0.09139,0.01,0.64,100,0.16667,0.66667,,,-0.03,0.02963,0.00029,0.0,0.01051,0.50443
2171,2223104,74.25264,125.2,1.0,0.97,0.82866,-0.001526,0.012162,0.001612,0.283692,0.018112,0.9666,56.157295,19.328117,55.505272,20.464504,4.0,7.779e-05,5,342,0.08724,0.09174,0.01,0.64,100,0.4,0.4,,,-0.03,0.02956,0.0006,0.0,0.01347,0.4555
2172,2224128,54.89367,240.625,0.75,0.96,0.844353,-0.001274,0.006479,0.002369,0.254333,0.014511,0.990826,52.564667,25.639799,51.943455,26.452154,4.0,7.769e-05,8,317,0.07951,0.08265,0.03,0.63,100,0.375,0.85714,,,-0.03,0.02913,0.00077,0.0,0.01043,0.51871
2173,2225152,73.47416,150.71429,1.0,0.96,0.824554,-0.000954,0.007404,0.001236,0.196315,0.011383,0.542639,66.650162,4.600344,66.979752,4.06976,4.0,7.759e-05,7,343,0.06589,0.06914,0.03,0.62,100,0.42857,0.66667,,,-0.03,0.03517,0.00093,0.0,0.01555,0.54269
2174,2226176,75.44117,113.0,1.0,0.96,0.866262,-0.001203,0.002129,0.002582,0.224792,0.012619,0.711852,68.059364,2.249658,68.356789,2.544107,4.0,7.748e-05,9,352,0.06389,0.06623,0.03,0.63,100,0.11111,0.5,,,-0.03,0.03807,0.00118,0.0,0.01954,0.6591
2175,2227200,76.18745,111.6,1.0,0.96,0.925652,-0.001152,0.002935,0.00112,0.238992,0.005966,0.730498,68.248596,2.78566,68.161949,3.160568,4.0,7.738e-05,5,362,0.09243,0.09583,0.03,0.64,100,0.0,0.55556,,,-0.03,0.03327,0.00081,0.0,0.01931,0.39369
2176,2228224,75.19783,113.42857,1.0,0.96,0.804931,-0.000453,0.006301,0.000757,0.306288,0.00441,0.885099,65.132172,6.204266,63.823013,7.266424,4.0,7.728e-05,7,377,0.0887,0.09389,0.03,0.64,100,0.28571,0.44444,,,-0.03,0.02718,0.00107,0.0,0.00858,0.64638
2177,2229248,73.36569,149.6,1.0,0.96,0.714339,-0.001467,0.006212,0.00136,0.334261,0.008453,0.974675,57.056091,15.99476,55.943825,17.524715,4.0,7.718e-05,5,399,0.08378,0.08753,0.03,0.66,100,0.2,0.5,,,-0.03,0.02921,0.00087,0.0,0.01342,0.52405
2178,2230272,75.71906,112.0,1.0,0.96,0.734373,-0.001126,0.002472,0.001628,0.296245,0.012543,0.995175,49.718468,26.003191,48.795311,26.809061,4.0,7.708e-05,5,396,0.07981,0.08178,0.03,0.64,100,0.0,0.77778,,,-0.03,0.03052,0.00035,0.0,0.01777,0.4968
2179,2231296,54.59451,245.625,0.75,0.95,0.809806,-0.000868,0.002792,0.001528,0.230085,0.009338,0.995019,59.173805,22.311852,59.074211,22.682419,4.0,7.697e-05,8,369,0.07097,0.074,0.04,0.63,100,0.25,0.80769,,,-0.03,0.03228,0.0012,0.0,0.01808,0.51087
2180,2232320,65.7377,173.875,0.875,0.94,0.832439,-0.001456,0.005599,0.002004,0.264308,0.015121,0.958788,67.355957,11.117975,66.814781,11.127408,4.0,7.687e-05,8,349,0.05569,0.06025,0.05,0.65,100,0.25,0.61905,,,-0.03,0.03441,0.00153,0.0,0.01286,0.54442
2181,2233344,64.97388,127.5,0.875,0.93,0.862211,-0.00036,0.04225,0.000644,0.24433,0.005341,0.255078,68.163544,2.90216,67.027367,7.507324,4.0,7.677e-05,8,363,0.06842,0.07162,0.05,0.69,100,0.125,0.61111,,,-0.03,0.0355,0.00112,0.0,0.01695,0.53713
2182,2234368,74.77756,122.57143,1.0,0.93,0.84317,-0.001432,0.011884,0.001306,0.248503,0.009766,0.888068,64.621567,8.468381,63.643639,9.500538,4.0,7.667e-05,7,362,0.07867,0.08355,0.05,0.7,100,0.28571,0.6,,,-0.03,0.03229,0.00075,0.0,0.00897,0.60633
2183,2235392,74.0723,133.28571,1.0,0.93,0.854898,-0.001069,0.009745,0.001163,0.304595,0.007507,0.970529,58.527794,17.014156,57.536667,18.228855,4.0,7.656e-05,7,382,0.09438,0.09803,0.05,0.7,100,0.28571,0.6875,,,-0.03,0.02797,0.00045,0.0,0.01449,0.63778
2184,2236416,55.45811,126.5,0.75,0.93,0.773786,-0.000533,0.036068,0.000443,0.381897,0.001068,0.950356,51.332703,25.411415,48.758709,26.293249,4.0,7.646e-05,4,387,0.08737,0.0927,0.05,0.7,100,0.25,0.7,,,-0.03,0.03012,0.00077,0.0,0.00616,0.29074
2185,2237440,63.45454,193.71429,0.85714,0.92,0.846991,-0.00052,0.011478,0.000636,0.172194,0.003204,0.985092,51.780487,27.81953,52.014633,27.99362,4.0,7.636e-05,7,372,0.08403,0.08699,0.06,0.71,100,0.42857,0.7619,,,-0.03,0.03479,0.00082,0.0,0.01686,0.52502
2186,2238464,64.62644,181.625,0.875,0.91,1.044289,-0.001251,0.005492,0.000986,0.208373,0.004959,0.975995,63.823051,14.697902,63.700859,14.6867,4.0,7.626e-05,8,360,0.10913,0.11222,0.07,0.72,100,0.125,0.76,,,-0.03,0.03311,-0.0,0.0,0.01612,0.53095
2187,2239488,75.77257,116.5,1.0,0.93,0.954364,-0.000977,0.006977,0.001321,0.283243,0.004288,0.932828,63.189919,9.417468,62.507427,10.795024,4.0,7.615e-05,6,373,0.09294,0.09698,0.05,0.73,100,0.16667,0.64286,,,-0.03,0.03181,0.00078,0.0,0.01669,0.48342
2188,2240512,75.64096,114.4,1.0,0.93,0.864734,-0.000774,0.011355,0.000997,0.35161,0.007614,0.975516,55.31012,20.295046,53.79797,21.675739,4.0,7.605e-05,5,384,0.09269,0.09831,0.05,0.74,100,0.0,0.5,,,-0.03,0.02883,0.00066,0.0,0.01186,0.45235
2189,2241536,64.22812,187.375,0.875,0.92,0.854851,-0.000421,0.013089,0.00042,0.197976,0.000992,0.983033,50.708557,28.000612,51.036758,28.400017,4.0,7.595e-05,8,373,0.08145,0.08415,0.06,0.74,100,0.25,0.85366,,,-0.03,0.03261,0.00132,0.0,0.01792,0.60484
2190,2242560,75.15874,119.75,1.0,0.92,0.867227,-0.001216,0.003027,0.001972,0.215823,0.009033,0.993994,59.539196,21.311041,59.719078,21.485004,4.0,7.585e-05,8,369,0.07506,0.07915,0.06,0.76,100,0.125,0.68421,,,-0.03,0.03569,0.00095,0.0,0.01543,0.6629
2191,2243584,63.37732,191.71429,0.85714,0.91,0.902502,-0.000753,0.015239,0.000984,0.307228,0.005035,0.809761,65.662041,7.550054,64.280441,8.457344,4.0,7.574e-05,7,358,0.07697,0.08237,0.07,0.75,100,0.42857,0.77778,,,-0.03,0.03085,0.00096,0.0,0.00699,0.47411
2192,2244608,64.23287,132.625,0.875,0.9,0.86189,-0.000957,0.021501,0.002595,0.204312,0.013962,0.82795,62.804874,9.324971,62.257896,11.707781,4.0,7.564e-05,8,359,0.07275,0.07738,0.07,0.73,100,0.375,0.58333,,,-0.03,0.03401,0.00085,0.0,0.01054,0.58036
2193,2245632,75.21021,124.42857,1.0,0.92,1.00792,-0.001049,0.005409,0.00101,0.295898,0.00943,0.976915,62.748436,15.307731,62.379166,16.546104,4.0,7.554e-05,7,364,0.08991,0.09273,0.05,0.73,100,0.0,0.6,,,-0.03,0.03306,0.00067,0.0,0.01971,0.53095
2194,2246656,75.21111,110.42857,1.0,0.93,0.913403,-0.001476,0.004696,0.00232,0.200257,0.011444,0.991365,60.335243,22.614981,60.333984,22.858536,4.0,7.544e-05,7,360,0.07972,0.08332,0.04,0.76,100,0.42857,0.45455,,,-0.03,0.03483,0.00116,0.0,0.01625,0.55142
2195,2247680,51.43512,198.85714,0.71429,0.92,0.947038,-0.000827,0.035238,0.001649,0.368691,0.011734,0.864194,64.803741,13.959288,63.156494,15.896508,4.0,7.533e-05,7,344,0.07925,0.08343,0.05,0.76,100,0.28571,0.86111,,,-0.03,0.03151,0.00058,0.0,0.01105,0.37896
2196,2248704,75.47998,115.66667,1.0,0.92,1.097009,-0.001389,0.007679,0.002191,0.28942,0.00972,0.831531,66.665405,5.502698,65.879501,6.698963,4.0,7.523e-05,6,344,0.09698,0.10121,0.05,0.77,100,0.0,0.68421,,,-0.03,0.02959,-0.00068,0.0,0.0191,0.44555
2197,2249728,75.48743,116.28571,1.0,0.92,1.100993,-0.001528,0.009868,0.001631,0.446159,0.01329,0.970342,59.518646,18.778389,58.232323,20.914124,4.0,7.513e-05,7,324,0.09909,0.10329,0.05,0.78,100,0.14286,0.63158,,,-0.03,0.03083,-0.00019,0.0,0.01675,0.52359
2198,2250752,75.75431,108.11111,1.0,0.93,1.121612,-0.001274,0.006712,0.001311,0.25635,0.009537,0.993815,50.065094,33.107746,49.458282,34.046303,4.0,7.503e-05,9,359,0.08696,0.09116,0.05,0.79,100,0.22222,0.57895,,,-0.03,0.02875,0.00017,0.0,0.01402,0.67299
2199,2251776,53.4304,247.375,0.75,0.92,1.09804,-0.00103,0.008112,0.00202,0.20994,0.020721,0.991741,53.384537,32.089432,53.353905,31.89937,4.0,7.492e-05,8,290,0.08486,0.08835,0.06,0.79,100,0.25,0.94949,,,-0.03,0.03104,0.0007,0.0,0.01077,0.4466
2200,2252800,75.5054,117.28571,1.0,0.93,1.046691,-0.001429,0.004196,0.002593,0.226136,0.014923,0.611447,68.095428,2.918339,67.816589,3.189389,4.0,7.482e-05,7,148,0.08843,0.09057,0.05,0.8,100,0.0,0.53333,,,-0.03,0.0354,0.00093,0.0,0.01896,0.50839
2201,2253824,74.72209,124.42857,1.0,0.93,1.01004,-0.001125,0.008416,0.001047,0.216279,0.004807,0.888639,65.430618,7.528417,65.311478,8.311625,4.0,7.472e-05,7,143,0.10286,0.10623,0.05,0.81,100,0.14286,0.5,,,-0.03,0.03459,0.00116,0.0,0.01429,0.54363
2202,2254848,64.74974,134.125,0.875,0.92,0.967277,-0.000698,0.033631,0.000478,0.303021,0.001022,0.752439,66.729698,8.311762,65.344452,11.745113,4.0,7.462e-05,8,252,0.08769,0.09173,0.05,0.8,100,0.25,0.61538,,,-0.03,0.03448,0.00127,0.0,0.01655,0.52298
2203,2255872,74.80738,121.5,1.0,0.93,0.929117,-0.001028,0.027755,0.001196,0.241106,0.007751,0.672379,66.114914,8.195757,65.347,8.719178,4.0,7.452e-05,8,272,0.09319,0.09934,0.04,0.81,100,0.625,0.36364,,,-0.03,0.03719,0.00149,0.0,0.01086,0.62422
2204,2256896,75.80895,112.14286,1.0,0.94,0.8629,-0.001025,0.007625,0.000872,0.333933,0.006348,0.969597,61.004837,15.438351,59.898167,16.969688,4.0,7.441e-05,7,299,0.11657,0.12003,0.03,0.82,100,0.14286,0.61538,,,-0.03,0.03563,0.00047,0.0,0.0193,0.63863
2205,2257920,74.963,124.57143,1.0,0.95,0.832017,-0.000757,0.006001,0.000731,0.260239,0.003571,0.991478,52.894051,26.266373,52.715252,27.290892,4.0,7.431e-05,7,311,0.10682,0.11007,0.03,0.81,100,0.28571,0.73684,,,-0.03,0.03534,0.00069,0.0,0.01725,0.65645
2206,2258944,75.38626,112.33333,1.0,0.95,0.810388,-0.001397,0.004223,0.001841,0.191859,0.01062,0.99593,51.268864,30.788677,50.989281,30.810497,4.0,7.421e-05,6,307,0.10509,0.10789,0.03,0.82,100,0.0,0.5,,,-0.03,0.03671,0.00065,0.0,0.01352,0.55589
2207,2259968,55.1658,248.5,0.75,0.93,0.844678,-0.000824,0.008137,0.001796,0.194541,0.00946,0.989481,54.712402,27.527416,54.654945,27.442883,4.0,7.411e-05,8,289,0.09687,0.10005,0.05,0.83,100,0.375,0.66667,,,-0.03,0.03321,0.00088,0.0,0.01364,0.52264
2208,2260992,64.26732,127.125,0.875,0.93,0.943119,-0.000683,0.062911,0.001119,0.256661,0.010849,0.297235,66.51825,6.637235,65.417175,9.114062,4.0,7.4e-05,8,289,0.0929,0.09827,0.04,0.82,100,0.375,0.53846,,,-0.03,0.03756,0.00086,0.0,0.00751,0.55191
2209,2262016,75.16867,119.125,1.0,0.94,0.981056,-0.000721,0.0044,0.000665,0.173969,0.00145,0.419202,66.906509,2.620889,67.311691,2.69718,4.0,7.39e-05,8,284,0.09122,0.09476,0.04,0.82,100,0.125,0.5,,,-0.03,0.03892,0.00133,0.0,0.0178,0.59539
2210,2263040,75.30917,112.44444,1.0,0.94,0.962766,-0.001197,0.002884,0.002139,0.180829,0.008881,0.598277,67.284966,2.393069,67.672646,2.672544,4.0,7.38e-05,9,321,0.0864,0.08994,0.04,0.8,100,0.11111,0.33333,,,-0.03,0.03873,0.00129,0.0,0.0165,0.68214
2211,2264064,75.20289,121.11111,1.0,0.94,0.966301,-0.001124,0.003664,0.001767,0.237697,0.007736,0.634145,67.255295,2.916426,67.694275,3.032607,4.0,7.37e-05,9,353,0.084,0.08684,0.04,0.8,100,0.22222,0.42857,,,-0.03,0.03771,0.00185,0.0,0.02023,0.66988
2212,2265088,75.47845,116.625,1.0,0.96,0.9835,-0.00096,0.0054,0.000985,0.208969,0.008224,0.574467,67.971504,2.832264,67.712982,3.3524,4.0,7.359e-05,8,355,0.08905,0.09293,0.02,0.8,100,0.125,0.36364,,,-0.03,0.03394,0.00063,0.0,0.01313,0.59894
2213,2266112,73.55382,137.83333,1.0,0.96,0.914495,-0.000724,0.006438,0.001548,0.21582,0.0112,0.587145,66.478424,3.461572,66.096405,3.845464,4.0,7.349e-05,6,366,0.09263,0.09718,0.02,0.8,100,0.33333,0.61538,,,-0.03,0.03027,0.00011,0.0,0.01178,0.48246
2214,2267136,74.51558,138.0,1.0,0.96,1.022191,-0.001144,0.005752,0.001513,0.35132,0.012177,0.960399,62.569595,12.319444,61.731026,14.146944,4.0,7.339e-05,5,360,0.10918,0.11243,0.02,0.79,100,0.0,0.63636,,,-0.03,0.02811,0.00045,0.0,0.01411,0.38841
2215,2268160,74.29181,141.42857,1.0,0.96,1.006891,-0.001432,0.004845,0.00158,0.220358,0.016708,0.991895,58.857491,23.271112,58.83857,23.958832,4.0,7.329e-05,7,365,0.09479,0.09694,0.02,0.78,100,0.14286,0.54545,,,-0.03,0.03372,0.0007,0.0,0.01572,0.54078
2216,2269184,65.41568,180.22222,0.88889,0.96,0.987143,-0.001933,0.001625,0.002758,0.259927,0.015427,0.962095,68.417313,6.160302,68.244125,6.199024,4.0,7.318e-05,9,342,0.09704,0.09995,0.03,0.77,100,0.11111,0.86842,,,-0.03,0.03594,0.00081,0.0,0.01338,0.59542
2217,2270208,75.30367,125.55556,1.0,0.96,0.990706,-0.001024,0.002322,0.001724,0.182503,0.005936,0.586159,68.657349,2.460596,68.894791,2.266481,4.0,7.308e-05,9,342,0.0944,0.09679,0.03,0.77,100,0.11111,0.5625,,,-0.03,0.03789,0.0011,0.0,0.01923,0.65404
2218,2271232,75.51287,116.25,1.0,0.96,0.901272,-0.001721,0.001291,0.002099,0.26973,0.016998,0.716518,69.148438,2.024973,69.47477,2.005271,4.0,7.298e-05,8,353,0.08157,0.08422,0.03,0.77,100,0.125,0.5,,,-0.03,0.03822,0.00148,0.0,0.02113,0.58466
2219,2272256,75.68512,113.375,1.0,0.96,0.845336,-0.000668,0.003961,0.001125,0.188031,0.007324,0.610666,69.066605,3.010476,69.014252,3.028979,4.0,7.288e-05,8,348,0.07039,0.07489,0.03,0.79,100,0.0,0.5,,,-0.03,0.03583,0.00143,0.0,0.01614,0.60402
2220,2273280,65.59618,128.0,0.88889,0.98,0.859443,-0.000113,0.043887,0.000532,0.362238,0.001984,0.480223,68.105682,4.227298,66.376968,9.015812,4.0,7.277e-05,9,359,0.07352,0.07903,0.01,0.78,100,0.33333,0.70833,,,-0.03,0.0338,0.00094,0.0,0.00792,0.62482
2221,2274304,57.26622,125.66667,0.77778,0.96,0.871588,-0.000931,0.059008,0.00117,0.561863,0.007553,0.520868,67.509895,4.948094,65.334961,11.375458,4.0,7.267e-05,9,349,0.07701,0.08186,0.01,0.77,100,0.33333,0.71429,,,-0.03,0.03391,0.00107,0.0,0.01206,0.53116
2222,2275328,75.6855,112.375,1.0,0.96,0.860294,-0.000777,0.01505,0.002293,0.233943,0.01239,0.937721,61.891861,14.117587,61.893585,15.246268,4.0,7.257e-05,8,362,0.07627,0.07992,0.01,0.76,100,0.0,0.53333,,,-0.03,0.03682,0.00135,0.0,0.01816,0.6384
2223,2276352,65.98255,133.55556,0.88889,0.95,0.943881,-0.000966,0.029474,0.003117,0.278889,0.026505,0.619129,65.122467,9.296262,65.457863,8.882493,4.0,7.247e-05,9,337,0.083,0.08688,0.01,0.75,100,0.22222,0.64286,,,-0.03,0.03563,0.00095,0.0,0.01537,0.61627
2224,2277376,74.23466,130.0,1.0,0.95,0.930705,-0.001154,0.03163,0.001335,0.232878,0.009018,0.692018,63.481842,9.343392,62.896015,9.8633,4.0,7.236e-05,7,366,0.10504,0.11145,0.01,0.74,100,0.14286,0.70588,,,-0.03,0.03394,0.00107,0.0,0.0104,0.56765
2225,2278400,75.83629,112.33333,1.0,0.95,0.863522,-0.000637,0.010545,0.001698,0.213899,0.008728,0.948934,59.993881,12.911281,59.621384,14.10515,4.0,7.226e-05,6,372,0.09522,0.09884,0.01,0.74,100,0.5,0.44444,,,-0.03,0.03735,0.00084,0.0,0.01542,0.5253
2226,2279424,74.73205,132.2,1.0,0.95,0.781556,-0.000799,0.011197,0.000688,0.231846,0.001404,0.974837,54.006172,20.214165,53.080673,21.014429,4.0,7.216e-05,5,371,0.10704,0.11128,0.01,0.74,100,0.0,0.63636,,,-0.03,0.03461,0.00062,0.0,0.01232,0.50817
2227,2280448,60.29429,123.8,0.8,0.94,0.723294,-0.000287,0.023662,0.000564,0.411289,0.002197,0.965269,45.538246,26.706015,43.891796,28.096745,4.0,7.206e-05,5,402,0.11505,0.1183,0.01,0.74,100,0.2,0.5,,,-0.03,0.03787,0.00042,0.0,0.01473,0.45216
2228,2281472,59.06427,221.6,0.8,0.93,0.77147,-0.000858,0.020778,0.000606,0.252699,0.002075,0.977744,44.81218,28.537144,43.980213,28.4466,4.0,7.196e-05,5,399,0.14359,0.14859,0.02,0.74,100,0.4,0.5,,,-0.03,0.03398,0.00059,0.0,0.00562,0.43521
2229,2282496,63.81603,193.28571,0.85714,0.93,0.819831,-0.000879,0.011157,0.000609,0.187233,0.00264,0.985458,48.610554,26.19117,48.475861,26.682285,4.0,7.185e-05,7,383,0.11775,0.12105,0.02,0.73,100,0.28571,0.72727,,,-0.03,0.03553,0.00045,0.0,0.01287,0.6012
2230,2283520,59.6248,212.6,0.8,0.92,0.814585,-0.00133,0.021324,0.000865,0.245686,0.004822,0.966361,51.010063,23.817013,50.002182,24.37414,4.0,7.175e-05,5,360,0.10159,0.10669,0.03,0.74,100,0.2,0.55556,,,-0.03,0.03403,0.00083,0.0,0.01303,0.38601
2231,2284544,74.35773,139.0,1.0,0.92,0.734163,-0.00061,0.027894,0.00088,0.279337,0.002869,0.967072,44.015144,27.116781,43.430584,27.738525,4.0,7.165e-05,5,396,0.08804,0.09191,0.03,0.75,100,0.2,0.42857,,,-0.03,0.03116,0.00113,0.0,0.00941,0.52918
2232,2285568,60.99907,209.33333,0.83333,0.91,0.759432,-0.001277,0.015401,0.001955,0.238463,0.011047,0.981043,44.989449,27.960558,44.774323,28.193657,4.0,7.155e-05,6,378,0.0987,0.10244,0.04,0.76,100,0.0,0.76471,,,-0.03,0.03335,0.00088,0.0,0.00764,0.53719
2233,2286592,52.05744,166.28571,0.71429,0.89,0.879387,-0.001861,0.032146,0.002204,0.270923,0.025894,0.951208,52.59671,24.085989,52.022064,25.078426,4.0,7.144e-05,7,371,0.09754,0.10199,0.04,0.75,100,0.42857,0.5,,,-0.03,0.03624,0.00098,0.0,0.01105,0.44549
2234,2287616,65.53873,188.55556,0.88889,0.88,1.034265,-0.000831,0.018387,0.001403,0.291166,0.008408,0.860839,60.690407,11.56618,61.451439,11.380623,4.0,7.134e-05,9,356,0.1149,0.11842,0.05,0.75,100,0.22222,0.53846,,,-0.03,0.03153,0.00035,0.0,0.01306,0.64505
2235,2288640,74.36492,135.57143,1.0,0.89,1.052614,-0.001201,0.009452,0.001554,0.252216,0.007599,0.476449,63.121799,3.753733,63.708061,4.15951,4.0,7.124e-05,7,359,0.1062,0.10874,0.05,0.75,100,0.14286,0.45455,,,-0.03,0.03485,0.0006,0.0,0.01615,0.52439
2236,2289664,74.77197,125.375,1.0,0.91,1.009536,-0.001354,0.004253,0.001037,0.286479,0.008255,0.710226,64.148026,3.464967,65.166382,3.674431,4.0,7.114e-05,8,353,0.09595,0.09954,0.05,0.76,100,0.125,0.53333,,,-0.03,0.03914,0.00107,0.0,0.01521,0.60294
2237,2290688,75.9618,114.75,1.0,0.91,0.959048,-0.000449,0.016529,0.000713,0.256719,0.005096,0.859727,63.03846,9.505186,63.425812,10.204165,4.0,7.103e-05,8,361,0.09382,0.0976,0.05,0.79,100,0.0,0.35714,,,-0.03,0.03856,0.00148,0.0,0.02013,0.63674
2238,2291712,75.51951,111.0,1.0,0.92,0.883442,-0.00094,0.011439,0.001713,0.264384,0.011749,0.951168,59.935287,13.871313,59.407936,14.889422,4.0,7.093e-05,6,371,0.09021,0.09364,0.05,0.78,100,0.0,0.5,,,-0.03,0.03325,0.0011,0.0,0.01315,0.51907
2239,2292736,73.32407,151.14286,1.0,0.92,0.804402,-0.000168,0.018619,0.000314,0.158993,0.000778,0.957894,56.417786,19.937551,56.647812,20.469999,4.0,7.083e-05,7,387,0.09118,0.09616,0.05,0.78,100,0.42857,0.58333,,,-0.03,0.03372,0.00126,0.0,0.01059,0.67578
2240,2293760,64.1638,176.125,0.875,0.91,0.959508,-0.000461,0.009958,0.001489,0.170057,0.008789,0.93405,63.20388,12.288456,63.399918,12.379726,4.0,7.073e-05,8,362,0.08413,0.08891,0.05,0.78,100,0.5,0.69231,,,-0.03,0.03666,0.00122,0.0,0.01061,0.55476
2241,2294784,64.96583,127.75,0.875,0.9,0.936531,-0.000417,0.027558,0.001234,0.286689,0.007843,0.777716,63.180767,8.009803,62.170071,11.263419,4.0,7.062e-05,8,366,0.087,0.09195,0.05,0.8,100,0.25,0.4,,,-0.03,0.03454,0.00112,0.0,0.00931,0.58558
2242,2295808,74.19448,131.16667,1.0,0.92,0.888722,-0.000928,0.022594,0.001104,0.193356,0.008942,0.919068,59.338223,15.333357,59.007179,16.217819,4.0,7.052e-05,6,368,0.09415,0.09807,0.04,0.79,100,0.16667,0.55556,,,-0.03,0.03227,0.00115,0.0,0.01359,0.54166
2243,2296832,75.05076,125.75,1.0,0.92,0.968365,-0.001084,0.009978,0.001625,0.21963,0.006958,0.979889,57.307541,20.493341,57.195469,21.188923,4.0,7.042e-05,4,374,0.09366,0.09566,0.04,0.77,100,0.0,0.0,,,-0.03,0.03142,0.0006,0.0,0.01885,0.3288
2244,2297856,74.14881,150.5,1.0,0.94,0.991302,-0.000815,0.011321,0.000945,0.23546,0.007019,0.97895,55.570648,22.812649,55.779518,22.771135,4.0,7.032e-05,8,365,0.10629,0.10854,0.02,0.76,100,0.125,0.54545,,,-0.03,0.03248,0.00047,0.0,0.01214,0.66362
2245,2298880,61.85125,225.14286,0.85714,0.93,0.999108,-0.000599,0.01005,0.001002,0.219497,0.005875,0.937308,62.283627,12.691024,62.564205,12.588049,4.0,7.021e-05,7,352,0.1046,0.10756,0.03,0.75,100,0.28571,0.72727,,,-0.03,0.03213,0.00017,0.0,0.01219,0.48122
2246,2299904,74.54426,133.875,1.0,0.95,1.014622,-0.000666,0.012401,0.000875,0.197432,0.003006,0.654913,65.950844,4.938959,65.820824,5.655617,4.0,7.011e-05,8,363,0.10372,0.10846,0.02,0.74,100,0.0,0.6,,,-0.03,0.03413,0.00041,0.0,0.0118,0.62252
2247,2300928,66.20574,127.66667,0.88889,0.96,1.020194,-0.000567,0.019219,0.000831,0.145727,0.005798,0.704001,65.636848,4.91083,65.785019,8.397617,4.0,7.001e-05,9,346,0.09646,0.0991,0.01,0.74,100,0.11111,0.72727,,,-0.03,0.03825,0.00091,0.0,0.01829,0.59274
2248,2301952,75.45434,115.25,1.0,0.96,0.897699,-0.000487,0.019508,0.000426,0.186643,0.000824,0.664289,64.295197,7.278446,64.501984,7.042353,4.0,6.991e-05,8,363,0.08779,0.09173,0.01,0.74,100,0.0,0.5,,,-0.03,0.03693,0.00121,0.0,0.01376,0.64022
2249,2302976,74.17781,141.0,1.0,0.96,0.920076,-0.000567,0.007343,0.000533,0.214456,0.002029,0.914443,64.330513,8.17745,63.859615,9.242863,4.0,6.98e-05,6,370,0.09796,0.10263,0.01,0.73,100,0.0,0.78947,,,-0.03,0.03533,0.00048,0.0,0.01083,0.51079
2250,2304000,73.84531,137.8,1.0,0.96,0.927837,-0.00107,0.007557,0.001488,0.242357,0.008286,0.981415,59.582073,19.747568,58.701431,20.814503,4.0,6.97e-05,5,376,0.10445,0.10813,0.01,0.74,100,0.2,0.5,,,-0.03,0.02924,0.0003,0.0,0.01265,0.42294
2251,2305024,58.16611,151.8,0.8,0.95,0.940093,-0.001019,0.04222,0.001412,0.347319,0.011124,0.933067,56.334419,23.943598,54.635635,24.352037,4.0,6.96e-05,5,383,0.10215,0.10828,0.01,0.71,100,0.4,0.92308,,,-0.03,0.0267,-0.00133,0.0,0.00716,0.34775
2252,2306048,56.41566,237.5,0.75,0.94,1.103839,-0.002181,0.007917,0.002505,0.448713,0.027008,0.973113,58.124321,18.91272,56.66898,20.323229,4.0,6.95e-05,4,375,0.09394,0.09915,0.02,0.71,100,0.25,0.76923,,,-0.03,0.02639,-0.00149,0.0,0.01528,0.23158
2253,2307072,75.07009,128.0,1.0,0.94,1.253309,-0.00094,0.009705,0.001535,0.488433,0.00563,0.989344,47.696548,30.005346,45.557175,30.706394,4.0,6.94e-05,3,385,0.12807,0.13429,0.02,0.7,100,0.33333,0.83333,,,-0.03,0.01699,-0.00277,0.0,0.00776,0.23152
2254,2308096,18.56518,448.66667,0.33333,0.92,1.214556,-0.001997,0.013596,0.002723,0.571834,0.030075,0.983133,41.376713,28.858568,38.727962,29.145082,4.0,6.929e-05,3,372,0.13044,0.13425,0.04,0.69,100,0.0,1.0,,,-0.03,0.01595,-0.00149,0.0,0.00739,0.07941
2255,2309120,72.66071,162.66667,1.0,0.92,1.176586,-0.001204,0.020799,0.002125,0.310576,0.015594,0.983921,37.501801,34.028557,36.184776,34.640961,4.0,6.919e-05,3,355,0.11161,0.11528,0.04,0.68,100,0.33333,0.91667,,,-0.03,0.02321,-0.00038,0.0,0.01139,0.23213
2256,2310144,38.33504,289.66667,0.55556,0.89,1.089116,-0.000731,0.015551,0.00116,0.191331,0.004196,0.985775,46.23452,31.780432,45.803375,32.040546,4.0,6.909e-05,9,338,0.09016,0.0936,0.07,0.67,100,0.11111,0.98052,,,-0.03,0.02969,0.00014,0.0,0.01068,0.37951
2257,2311168,75.50552,119.9,1.0,0.9,1.022396,-0.000865,0.011198,0.002216,0.274027,0.012253,0.138196,64.586525,4.317745,65.413948,3.771425,4.0,6.899e-05,10,337,0.08582,0.08922,0.07,0.7,100,0.0,0.59259,,,-0.03,0.03818,0.00176,0.0,0.01946,0.7392
2258,2312192,64.0312,118.71429,0.85714,0.89,1.052103,-0.00093,0.042445,0.001269,0.467626,0.007309,0.730557,62.314804,8.241748,60.152935,11.986671,4.0,6.888e-05,7,332,0.09546,0.10046,0.07,0.71,100,0.14286,0.58333,,,-0.03,0.03245,0.00048,0.0,0.00918,0.46004
2259,2313216,61.6425,138.66667,0.83333,0.88,0.977735,-0.000888,0.049478,0.001259,0.289577,0.007675,0.900859,55.588448,19.877729,54.428291,21.383572,4.0,6.878e-05,6,365,0.1008,0.10478,0.07,0.72,100,0.16667,0.79167,,,-0.03,0.03645,0.00108,0.0,0.01262,0.40405
2260,2314240,74.80777,131.85714,1.0,0.88,1.002141,-0.000898,0.009093,0.001112,0.255872,0.005234,0.981679,55.168625,21.685234,55.61248,22.04788,4.0,6.868e-05,7,357,0.09889,0.10159,0.07,0.74,100,0.0,0.70833,,,-0.03,0.03693,0.00075,0.0,0.01551,0.57123
2261,2315264,75.26938,127.14286,1.0,0.89,1.027653,-0.001116,0.005704,0.001699,0.257694,0.00795,0.988334,55.476303,22.268358,55.874893,22.522415,4.0,6.858e-05,7,364,0.11046,0.11355,0.06,0.74,100,0.0,0.84615,,,-0.03,0.0353,0.00021,0.0,0.01941,0.56662
2262,2316288,64.32965,199.125,0.875,0.88,1.015897,-0.00044,0.019064,0.000682,0.221926,0.005981,0.910324,59.125141,14.691504,59.776104,14.716058,4.0,6.847e-05,8,367,0.11802,0.12225,0.07,0.75,100,0.375,0.70588,,,-0.03,0.03437,0.00081,0.0,0.01273,0.57554
2263,2317312,63.13615,135.0,0.85714,0.88,1.083637,-0.000557,0.043888,0.00077,0.22985,0.00322,0.520831,62.18457,5.680431,61.269176,9.207863,4.0,6.837e-05,7,364,0.11917,0.12366,0.07,0.74,100,0.14286,0.8,,,-0.03,0.0363,0.00036,0.0,0.00875,0.46581
2264,2318336,73.06316,157.66667,1.0,0.88,1.069418,-0.000819,0.020249,0.001391,0.237566,0.010315,0.494202,60.486786,6.706858,60.959351,6.237144,4.0,6.827e-05,6,360,0.1261,0.13004,0.07,0.75,100,0.16667,0.66667,,,-0.03,0.02959,0.00031,0.0,0.0113,0.47281
2265,2319360,74.26951,142.875,1.0,0.88,1.115947,-0.001988,0.006191,0.002676,0.347161,0.016815,0.54269,61.954002,3.270523,63.025589,3.648277,4.0,6.817e-05,8,356,0.12379,0.12627,0.07,0.74,100,0.25,0.53333,,,-0.03,0.03512,0.00044,0.0,0.01707,0.58318
2266,2320384,66.56588,126.22222,0.88889,0.88,1.112058,-0.000776,0.037943,0.002428,0.219711,0.016327,0.675331,62.752293,6.614594,62.417976,10.361272,4.0,6.806e-05,9,335,0.11194,0.11603,0.07,0.75,100,0.11111,0.52941,,,-0.03,0.03933,0.00091,0.0,0.01199,0.59655
2267,2321408,75.08345,124.71429,1.0,0.89,1.080074,-0.000779,0.030493,0.001014,0.230238,0.007339,0.595724,61.79747,8.50759,62.215927,8.245298,4.0,6.796e-05,7,358,0.11679,0.12107,0.06,0.77,100,0.0,0.5625,,,-0.03,0.03501,0.00093,0.0,0.01417,0.54056
2268,2322432,59.32845,149.0,0.8,0.9,0.981422,-0.00037,0.025893,0.000782,0.366583,0.001266,0.863882,57.848831,11.4121,56.106499,13.745802,4.0,6.786e-05,5,384,0.13713,0.14311,0.04,0.78,100,0.2,0.5,,,-0.03,0.02966,-4e-05,0.0,0.0049,0.37031
2269,2323456,74.42272,133.0,1.0,0.9,0.919056,-0.001041,0.018461,0.001063,0.333836,0.004028,0.933756,52.304668,15.41231,50.833885,16.553558,4.0,6.776e-05,3,377,0.133,0.13741,0.04,0.79,100,0.33333,0.81818,,,-0.03,0.02741,-0.00044,0.0,0.00516,0.31036
2270,2324480,73.16316,163.0,1.0,0.9,0.962378,-0.001638,0.018537,0.002106,0.286406,0.020767,0.977534,43.171864,27.144293,43.065331,28.898296,4.0,6.765e-05,5,387,0.12904,0.13055,0.04,0.78,100,0.2,0.7,,,-0.03,0.03009,0.00045,0.0,0.0178,0.45386
2271,2325504,75.76985,122.4,1.0,0.94,1.005154,-0.00126,0.004554,0.000788,0.243918,0.001526,0.996306,40.216248,33.530388,39.759724,33.558926,4.0,6.755e-05,5,377,0.11713,0.11991,0.01,0.81,100,0.0,0.64286,,,-0.03,0.02835,0.00022,0.0,0.00718,0.44646
2272,2326528,33.22549,377.83333,0.5,0.91,0.949162,-0.000769,0.015065,0.000704,0.165254,0.001343,0.976827,53.238617,24.117521,53.211021,24.21134,4.0,6.745e-05,6,373,0.10293,0.10533,0.04,0.82,100,0.16667,0.88889,,,-0.03,0.0317,0.00019,0.0,0.01152,0.24898
2273,2327552,72.74325,164.28571,1.0,0.91,0.990944,-0.000582,0.012842,0.000787,0.181845,0.00148,0.529686,63.239216,5.53705,63.330902,5.196273,4.0,6.735e-05,7,355,0.11807,0.12283,0.04,0.81,100,0.14286,0.66667,,,-0.03,0.03138,0.00058,0.0,0.00708,0.5487
2274,2328576,73.36113,152.71429,1.0,0.92,0.932424,-0.000917,0.011083,0.001414,0.188041,0.006104,0.637051,63.277649,5.901133,63.824829,5.435453,4.0,6.724e-05,7,373,0.0978,0.10128,0.04,0.78,100,0.42857,0.55556,,,-0.03,0.03346,0.00068,0.0,0.01255,0.58012
2275,2329600,74.35871,142.66667,1.0,0.93,0.985758,-0.001045,0.004289,0.001478,0.258664,0.01001,0.710169,64.990814,3.411692,65.72068,3.574234,4.0,6.714e-05,9,356,0.08502,0.08824,0.04,0.77,100,0.22222,0.66667,,,-0.03,0.0346,0.0009,0.0,0.01712,0.66587
2276,2330624,75.71945,114.71429,1.0,0.93,0.906587,-0.001279,0.006937,0.002197,0.27462,0.014725,0.620694,65.933945,3.883606,66.362534,4.021704,4.0,6.704e-05,7,355,0.07958,0.08332,0.04,0.75,100,0.0,0.54545,,,-0.03,0.03725,0.00117,0.0,0.01856,0.54118
2277,2331648,73.97138,139.14286,1.0,0.94,0.891313,-0.001091,0.004509,0.001865,0.208771,0.011047,0.616958,65.852425,3.401452,66.056503,3.354046,4.0,6.694e-05,7,345,0.0781,0.08136,0.03,0.75,100,0.42857,0.4,,,-0.03,0.03408,0.00134,0.0,0.01232,0.54595
2278,2332672,74.31405,135.5,1.0,0.95,0.904025,-0.001184,0.002828,0.001587,0.288754,0.010696,0.729034,66.650414,2.996302,67.314194,3.009588,4.0,6.684e-05,10,347,0.06791,0.07061,0.03,0.78,100,0.1,0.4,,,-0.03,0.03515,0.00169,0.0,0.01873,0.73997
2279,2333696,53.25849,111.71429,0.71429,0.93,0.831884,-0.000812,0.091994,0.000903,0.505553,0.002945,0.393157,65.863754,6.430651,63.417068,12.025497,4.0,6.673e-05,7,354,0.06674,0.07253,0.03,0.8,100,0.28571,0.375,,,-0.03,0.03793,0.00173,0.0,0.00721,0.39448
2280,2334720,75.73049,110.875,1.0,0.93,0.804426,-0.000871,0.007101,0.001275,0.231647,0.009201,0.906278,63.214535,7.110922,63.768387,8.166851,4.0,6.663e-05,8,351,0.06642,0.06999,0.03,0.81,100,0.0,0.38462,,,-0.03,0.03906,0.0016,0.0,0.02155,0.66283
2281,2335744,75.63526,116.57143,1.0,0.94,0.822516,-0.001034,0.004312,0.001743,0.231421,0.011688,0.983249,60.553539,15.723672,60.176712,16.794083,4.0,6.653e-05,7,352,0.06878,0.07119,0.03,0.82,100,0.0,0.53846,,,-0.03,0.03308,0.0012,0.0,0.02003,0.57274
2282,2336768,74.85771,121.875,1.0,0.94,0.790102,-0.00143,0.003631,0.001766,0.264521,0.005829,0.992832,58.827652,21.597778,59.209911,22.049025,4.0,6.643e-05,8,349,0.06081,0.06353,0.03,0.81,100,0.0,0.53846,,,-0.03,0.03604,0.00188,0.0,0.02022,0.65985
2283,2337792,57.98256,167.66667,0.77778,0.93,0.839555,-0.000981,0.050972,0.001054,0.33432,0.009872,0.850952,63.063393,15.925979,61.802269,17.415108,4.0,6.632e-05,9,361,0.055,0.059,0.03,0.8,100,0.22222,0.71429,,,-0.03,0.03463,0.00156,0.0,0.0126,0.53548
2284,2338816,75.93438,109.875,1.0,0.93,0.803907,-0.0009,0.006458,0.000903,0.171299,0.00441,0.859606,64.888878,5.682125,65.289108,6.598816,4.0,6.622e-05,8,350,0.04703,0.04933,0.03,0.81,100,0.0,0.5,,,-0.03,0.03564,0.00153,0.0,0.02387,0.62703
2285,2339840,75.88038,110.55556,1.0,0.96,0.828924,-0.00062,0.004609,0.000443,0.218804,0.002335,0.974587,61.813034,14.158421,61.817787,15.628759,4.0,6.612e-05,9,366,0.04917,0.05172,0.0,0.81,100,0.11111,0.33333,,,-0.03,0.03634,0.0017,0.0,0.01889,0.71815
2286,2340864,74.92216,123.66667,1.0,0.96,0.847494,-0.002235,0.006551,0.002104,0.289695,0.016907,0.988728,58.643257,22.523745,58.226494,22.983385,4.0,6.602e-05,6,361,0.04992,0.05253,0.0,0.82,100,0.0,0.66667,,,-0.03,0.02937,0.00119,0.0,0.01615,0.48733
2287,2341888,64.26642,197.625,0.875,0.95,0.854589,-0.000889,0.006047,0.001859,0.239882,0.011398,0.988899,58.674339,23.213678,58.948547,23.279577,4.0,6.591e-05,8,352,0.04521,0.04875,0.01,0.82,100,0.0,0.82353,,,-0.03,0.03227,0.00095,0.0,0.01543,0.56854
2288,2342912,75.37187,119.85714,1.0,0.95,0.849993,-0.001014,0.011696,0.00234,0.250893,0.014389,0.810607,65.566589,6.364191,65.031708,7.360675,4.0,6.581e-05,7,352,0.04359,0.04617,0.01,0.84,100,0.0,0.33333,,,-0.03,0.03022,0.00181,0.0,0.017,0.53497
2289,2343936,74.05292,137.0,1.0,0.95,0.834065,-0.000703,0.029496,0.001403,0.265641,0.007126,0.890466,60.412552,14.407573,59.231403,15.719375,4.0,6.571e-05,6,367,0.05094,0.05551,0.01,0.82,100,0.5,0.625,,,-0.03,0.03209,0.00097,0.0,0.01113,0.49938
2290,2344960,63.27123,132.71429,0.85714,0.94,0.813917,-0.000254,0.014675,0.000479,0.164537,0.001022,0.971339,56.540691,21.319387,56.13797,22.812031,4.0,6.561e-05,7,339,0.05275,0.05647,0.01,0.83,100,0.14286,0.6,,,-0.03,0.03358,0.00119,0.0,0.01505,0.5216
2291,2345984,65.42269,164.125,0.875,0.93,0.965061,-0.000839,0.008548,0.001105,0.250844,0.005371,0.955799,64.218414,13.551352,64.574936,13.322944,4.0,6.55e-05,8,348,0.05646,0.05968,0.01,0.83,100,0.125,0.7,,,-0.03,0.03351,0.00177,0.0,0.01855,0.51897
2292,2347008,73.96382,123.14286,1.0,0.95,0.968296,-0.000653,0.022745,0.001807,0.162874,0.009232,0.691776,63.758186,8.697174,63.709923,8.908197,4.0,6.54e-05,7,366,0.06847,0.07284,0.01,0.82,100,0.28571,0.375,,,-0.03,0.0311,0.0012,0.0,0.01275,0.56059
2293,2348032,75.05187,125.42857,1.0,0.95,1.070404,-0.001236,0.00646,0.000843,0.244401,0.006104,0.979013,60.56765,17.767311,60.154892,19.09247,4.0,6.53e-05,7,353,0.07,0.07199,0.01,0.8,100,0.0,0.64706,,,-0.03,0.03134,0.00058,0.0,0.0141,0.51716
2294,2349056,61.37672,131.16667,0.83333,0.94,1.038716,-0.000791,0.05011,0.001296,0.311465,0.011322,0.931084,57.725739,24.47924,56.520538,25.422396,4.0,6.52e-05,6,365,0.07007,0.07495,0.01,0.79,100,0.33333,0.45455,,,-0.03,0.02948,0.00133,0.0,0.00743,0.38749
2295,2350080,60.43124,210.33333,0.83333,0.93,1.077917,-0.001625,0.00693,0.001124,0.240224,0.007294,0.980431,60.827049,17.969837,60.459198,17.883417,4.0,6.509e-05,6,358,0.07183,0.07395,0.02,0.77,100,0.16667,0.71429,,,-0.03,0.02862,0.0007,0.0,0.01419,0.38188
2296,2351104,74.40282,125.5,1.0,0.93,1.077634,-0.00116,0.015543,0.001541,0.403855,0.009415,0.926614,57.878868,12.545167,56.021027,13.909392,4.0,6.499e-05,4,375,0.08005,0.08326,0.02,0.76,100,0.5,0.33333,,,-0.03,0.02016,0.00033,0.0,0.01073,0.3213
2297,2352128,74.1073,146.2,1.0,0.93,1.157966,-0.001616,0.010756,0.002141,0.526927,0.018402,0.984334,44.701614,27.244589,42.792149,28.813654,4.0,6.489e-05,5,360,0.08062,0.08274,0.02,0.74,100,0.0,0.75,,,-0.03,0.02407,0.00025,0.0,0.01102,0.39017
2298,2353152,73.63997,158.4,1.0,0.95,1.119515,-0.00097,0.005031,0.001626,0.245813,0.012161,0.995654,38.743065,32.42622,39.032204,32.728786,4.0,6.479e-05,5,380,0.07623,0.07841,0.02,0.76,100,0.0,0.61538,,,-0.03,0.0205,0.00028,0.0,0.00818,0.40015
2299,2354176,37.91415,347.28571,0.57143,0.92,1.091567,-0.000688,0.012893,0.000578,0.195648,0.003006,0.979529,53.491409,24.458097,52.908482,24.310223,4.0,6.468e-05,7,361,0.08505,0.08802,0.05,0.77,100,0.14286,0.88889,,,-0.03,0.02592,0.00061,0.0,0.00965,0.31468
2300,2355200,74.49084,138.71429,1.0,0.92,1.010853,-0.001313,0.022193,0.00138,0.23716,0.012161,0.810229,61.597237,8.606047,60.976696,10.335129,4.0,6.458e-05,7,358,0.0844,0.08837,0.05,0.77,100,0.14286,0.61538,,,-0.03,0.03274,0.00078,0.0,0.01098,0.58084
2301,2356224,74.75057,132.16667,1.0,0.92,0.899825,-0.000869,0.009848,0.001243,0.203554,0.006897,0.978354,53.592327,20.741472,53.217297,21.790533,4.0,6.448e-05,6,375,0.07984,0.08238,0.05,0.76,100,0.0,0.5,,,-0.03,0.02958,0.00083,0.0,0.01664,0.54743
2302,2357248,73.72911,151.2,1.0,0.92,0.844454,-0.000799,0.009174,0.000522,0.174287,0.001968,0.987272,49.197918,25.759487,49.125458,26.306124,4.0,6.438e-05,5,392,0.07591,0.07853,0.05,0.75,100,0.0,0.6,,,-0.03,0.02966,0.00096,0.0,0.01375,0.46856
2303,2358272,52.63274,189.71429,0.71429,0.91,0.829123,-0.000641,0.032423,0.000283,0.346273,0.000473,0.953412,51.264061,27.287815,50.321014,28.045042,4.0,6.428e-05,7,376,0.07012,0.07389,0.05,0.75,100,0.42857,0.44444,,,-0.03,0.03748,0.00131,0.0,0.01309,0.46026
2304,2359296,65.66461,182.125,0.875,0.9,0.933824,-0.001177,0.009916,0.00146,0.311207,0.007797,0.981378,58.31477,20.894535,58.472321,20.999598,4.0,6.417e-05,8,367,0.0698,0.07175,0.06,0.74,100,0.25,0.75,,,-0.03,0.03408,0.00086,0.0,0.0181,0.56364
2305,2360320,73.58212,145.66667,1.0,0.91,0.937505,-0.00081,0.037567,0.001033,0.278028,0.007355,0.791215,60.225906,12.43024,59.481045,13.019097,4.0,6.407e-05,6,362,0.07071,0.07568,0.06,0.72,100,0.16667,0.71429,,,-0.03,0.02845,0.0009,0.0,0.01111,0.48177
2306,2361344,74.02587,139.0,1.0,0.91,0.938158,-0.000749,0.014295,0.001926,0.186957,0.012085,0.964957,56.403831,18.591734,56.33717,19.312782,4.0,6.397e-05,6,367,0.0843,0.08832,0.06,0.71,100,0.16667,0.83333,,,-0.03,0.03227,0.00059,0.0,0.0141,0.50319
2307,2362368,74.3579,142.5,1.0,0.92,0.929224,-0.000796,0.010208,0.000483,0.225966,0.003189,0.980727,52.48587,21.460608,52.345879,21.769201,4.0,6.387e-05,4,375,0.08175,0.08407,0.06,0.73,100,0.0,0.69231,,,-0.03,0.0293,0.00046,0.0,0.01456,0.34234
2308,2363392,63.8735,195.875,0.875,0.91,1.045191,-0.00075,0.014067,0.001445,0.260006,0.007843,0.870785,61.245544,10.214383,61.591957,10.366398,4.0,6.376e-05,8,348,0.09146,0.09447,0.06,0.75,100,0.125,0.69565,,,-0.03,0.03333,0.00082,0.0,0.01454,0.53087
2309,2364416,60.36195,140.83333,0.83333,0.9,0.997483,-0.000947,0.033901,0.001776,0.345879,0.01355,0.79388,59.724182,9.752787,58.274982,12.270657,4.0,6.366e-05,6,336,0.08694,0.09246,0.06,0.75,100,0.33333,0.54545,,,-0.03,0.0325,0.00058,0.0,0.00593,0.397
2310,2365440,73.14951,162.5,1.0,0.91,0.830766,-0.000718,0.044223,0.001131,0.2411,0.008286,0.918981,49.220646,20.547464,48.991158,22.04838,4.0,6.356e-05,6,326,0.09784,0.10223,0.06,0.77,100,0.0,0.625,,,-0.03,0.02856,0.00075,0.0,0.0095,0.60046
2311,2366464,61.67298,153.33333,0.83333,0.9,1.006299,-0.001039,0.007024,0.001927,0.235995,0.009201,0.987005,54.835426,21.690083,55.416008,22.238556,4.0,6.346e-05,6,359,0.09426,0.097,0.06,0.78,100,0.16667,0.64286,,,-0.03,0.03319,0.00043,0.0,0.01808,0.41163
2312,2367488,74.17464,136.5,1.0,0.91,1.050028,-0.00115,0.030185,0.00197,0.331868,0.016953,0.948785,54.15728,22.796022,52.633297,22.742413,4.0,6.335e-05,4,379,0.1055,0.1104,0.05,0.78,100,0.25,0.625,,,-0.03,0.02406,-0.0009,0.0,0.00702,0.34117
2313,2368512,46.70027,252.83333,0.66667,0.89,1.011035,-0.000707,0.011626,0.000587,0.21353,0.005493,0.961336,56.212395,15.784876,56.054348,16.713079,4.0,6.325e-05,6,366,0.09631,0.09878,0.06,0.78,100,0.5,0.91429,,,-0.03,0.03067,0.00046,0.0,0.0122,0.32415
2314,2369536,72.62803,176.5,1.0,0.89,1.146364,-0.001222,0.014658,0.001561,0.390031,0.005157,0.957317,55.166187,16.891306,53.460407,17.848476,4.0,6.315e-05,4,366,0.11118,0.11448,0.06,0.79,100,0.0,0.85714,,,-0.03,0.01693,-0.00118,0.0,0.00995,0.32462
2315,2370560,72.05366,184.66667,1.0,0.9,1.108686,-0.000998,0.033586,0.001032,0.278897,0.006287,0.949289,46.664871,24.119629,46.999229,25.064543,4.0,6.305e-05,6,367,0.10775,0.1103,0.05,0.81,100,0.0,0.78947,,,-0.03,0.02758,-0.0004,0.0,0.00955,0.49283
2316,2371584,53.72082,261.25,0.75,0.91,1.048597,-0.001816,0.01396,0.001764,0.259227,0.011826,0.984319,44.478283,28.067211,43.765648,28.345032,4.0,6.294e-05,4,380,0.12072,0.12401,0.04,0.82,100,0.25,0.625,,,-0.03,0.02238,-0.00014,0.0,0.00851,0.26263
2317,2372608,58.74722,248.16667,0.83333,0.9,1.029015,-0.00064,0.033956,0.001031,0.218932,0.007721,0.936591,51.236118,22.974281,51.446793,23.045811,4.0,6.284e-05,6,350,0.10965,0.11297,0.05,0.8,100,0.16667,0.88889,,,-0.03,0.03255,-8e-05,0.0,0.00761,0.40785
2318,2373632,60.93485,152.83333,0.83333,0.89,1.052249,-0.000635,0.018946,0.000611,0.259724,0.001434,0.81156,58.942436,7.45949,58.414711,10.360077,4.0,6.274e-05,6,364,0.11016,0.11397,0.05,0.78,100,0.16667,0.82353,,,-0.03,0.03031,-0.00018,0.0,0.01206,0.40831
2319,2374656,59.67792,168.83333,0.83333,0.88,1.09982,-0.00078,0.051093,0.001304,0.339508,0.005722,0.876038,55.313599,17.068499,53.536377,19.287895,4.0,6.264e-05,6,336,0.1176,0.12182,0.05,0.78,100,0.16667,0.8,,,-0.03,0.0242,-0.00025,0.0,0.00856,0.41721
2320,2375680,73.37496,157.0,1.0,0.88,1.024385,-0.001039,0.00721,0.001596,0.208272,0.007233,0.988429,52.282219,23.176928,52.635498,23.489229,4.0,6.253e-05,5,300,0.10375,0.10685,0.05,0.75,100,0.0,0.81818,,,-0.03,0.03095,0.00028,0.0,0.01249,0.42139
2321,2376704,60.47641,225.5,0.83333,0.89,1.052478,-0.001086,0.024956,0.002521,0.248913,0.02124,0.955737,52.323284,22.205912,51.661678,22.471231,4.0,6.243e-05,6,318,0.10039,0.10368,0.05,0.72,100,0.16667,0.94118,,,-0.03,0.02921,-0.00016,0.0,0.00775,0.41821
2322,2377728,57.28174,170.2,0.8,0.89,1.165093,-0.000671,0.020011,0.001695,0.225444,0.012024,0.821008,58.017864,8.295756,57.518948,10.313179,4.0,6.233e-05,5,345,0.10812,0.11023,0.04,0.71,100,0.2,0.84615,,,-0.03,0.02774,4e-05,0.0,0.01334,0.2974
2323,2378752,72.16426,182.5,1.0,0.89,1.204025,-0.000713,0.035233,0.001175,0.326344,0.007828,0.80065,53.690811,12.989491,53.630211,13.013274,4.0,6.223e-05,6,349,0.12068,0.12439,0.04,0.71,100,0.16667,0.76471,,,-0.03,0.02512,-0.0003,0.0,0.00735,0.46608
2324,2379776,72.57995,178.8,1.0,0.89,1.196937,-0.000583,0.02906,0.00095,0.206747,0.00444,0.721303,55.350178,9.235731,55.858227,9.757935,4.0,6.212e-05,5,351,0.13099,0.13319,0.04,0.7,100,0.2,0.75,,,-0.03,0.02861,-0.00025,0.0,0.01238,0.38826
2325,2380800,72.21011,182.83333,1.0,0.89,1.264246,-0.000749,0.0217,0.000982,0.216655,0.004822,0.906268,53.846146,13.714539,54.019554,15.058867,4.0,6.202e-05,6,281,0.13842,0.14116,0.04,0.68,100,0.0,0.89474,,,-0.03,0.0267,-0.00111,0.0,0.01022,0.46515
2326,2381824,73.44235,159.2,1.0,0.9,1.177583,-0.000839,0.022202,0.00092,0.177971,0.004837,0.961802,49.415672,22.216412,49.349564,23.031607,4.0,6.192e-05,5,272,0.12168,0.12427,0.04,0.7,100,0.0,0.33333,,,-0.03,0.02801,0.00019,0.0,0.00989,0.38886
2327,2382848,51.09266,221.85714,0.71429,0.89,1.101829,-0.000755,0.031768,0.001206,0.308179,0.006729,0.935782,49.887535,20.910105,49.297905,22.53863,4.0,6.182e-05,7,341,0.12682,0.12998,0.05,0.68,100,0.14286,0.82353,,,-0.03,0.03248,-0.00013,0.0,0.00876,0.41667
2328,2383872,74.31322,149.14286,1.0,0.89,1.120193,-0.001489,0.007921,0.001666,0.26392,0.009277,0.983241,53.920452,20.32823,54.546112,21.285278,4.0,6.172e-05,7,242,0.14347,0.1456,0.05,0.66,100,0.0,0.61538,,,-0.03,0.02918,0.00015,0.0,0.01755,0.57024
2329,2384896,75.10723,123.0,1.0,0.9,1.050647,-0.001364,0.015337,0.002026,0.23283,0.016663,0.973143,50.504524,22.620354,49.804596,22.670227,4.0,6.161e-05,1,244,0.13927,0.14157,0.05,0.66,100,0.0,0.5,,,-0.03,0.02756,-8e-05,0.0,0.01108,0.08555
2330,2385920,59.57157,254.16667,0.83333,0.89,1.010715,-0.001379,0.026223,0.001297,0.251268,0.00914,0.965218,45.261021,25.951305,44.704857,26.529291,4.0,6.151e-05,6,281,0.13824,0.14237,0.06,0.64,100,0.16667,0.7,,,-0.03,0.02774,-0.00057,0.0,0.00799,0.45732
2331,2386944,72.60626,173.33333,1.0,0.89,1.148877,-0.000803,0.023688,0.001997,0.256619,0.018646,0.956915,47.353443,24.475561,46.728035,24.908964,4.0,6.141e-05,3,356,0.13714,0.1402,0.06,0.62,100,0.33333,0.88889,,,-0.03,0.02598,-0.00104,0.0,0.00729,0.24794
2332,2387968,72.58697,172.5,1.0,0.91,1.162254,-0.001047,0.022553,0.001134,0.25146,0.005203,0.978037,41.623978,30.513983,41.860329,31.232344,4.0,6.131e-05,6,319,0.12715,0.13052,0.05,0.6,100,0.0,0.7619,,,-0.03,0.02346,-0.00051,0.0,0.01068,0.4891
2333,2388992,41.12315,332.6,0.6,0.89,0.98685,-0.000612,0.032071,0.001147,0.297981,0.005829,0.958165,43.328835,26.762623,42.332752,27.076124,4.0,6.12e-05,5,326,0.13203,0.13631,0.07,0.59,100,0.4,0.975,,,-0.03,0.0267,-6e-05,0.0,0.00514,0.27621
2334,2390016,72.80795,155.75,1.0,0.89,0.897548,-0.000653,0.017072,0.000498,0.188735,0.00264,0.976711,45.7934,25.07996,45.819332,26.383862,4.0,6.11e-05,4,349,0.13897,0.1417,0.07,0.6,100,0.0,0.42857,,,-0.03,0.03052,0.00011,0.0,0.01434,0.38888
2335,2391040,73.93788,155.75,1.0,0.89,0.948603,-0.000856,0.01685,0.000955,0.237808,0.005539,0.983365,43.802708,30.513845,43.203926,30.509546,4.0,6.1e-05,4,336,0.13275,0.13662,0.07,0.59,100,0.0,0.8125,,,-0.03,0.03015,-0.0005,0.0,0.00941,0.38437
2336,2392064,44.23823,315.4,0.6,0.88,0.832514,-0.001245,0.028992,0.001514,0.419142,0.012268,0.967082,33.791904,29.377291,31.823402,29.060722,4.0,6.09e-05,5,378,0.12887,0.13352,0.08,0.59,100,0.2,0.75,,,-0.03,0.02722,-0.00032,0.0,0.00053,0.34983
2337,2393088,72.97016,149.0,1.0,0.89,0.960369,-0.001274,0.021047,0.001673,0.291988,0.015457,0.979152,35.611633,29.362812,34.867237,30.42259,4.0,6.079e-05,3,347,0.15161,0.15432,0.07,0.6,100,0.33333,0.6,,,-0.03,0.02794,-0.00045,0.0,0.00959,0.29969
2338,2394112,74.97941,135.0,1.0,0.9,0.900859,-0.002413,0.007465,0.002323,0.301333,0.024185,0.992509,30.423693,32.309967,30.104416,32.506546,4.0,6.069e-05,3,373,0.152,0.15359,0.07,0.59,100,0.0,0.66667,,,-0.03,0.02398,-0.00084,0.0,0.01352,0.32216
2339,2395136,40.82665,347.4,0.6,0.88,0.982863,-0.001489,0.018594,0.001697,0.239536,0.013687,0.983425,34.752037,31.827528,34.203098,31.912365,4.0,6.059e-05,5,347,0.13488,0.13899,0.09,0.58,100,0.2,0.72727,,,-0.03,0.02371,-0.00191,0.0,0.0053,0.29681
2340,2396160,45.6941,348.33333,0.66667,0.88,0.971856,-0.000989,0.026019,0.001155,0.283462,0.006012,0.966427,40.024792,27.647116,38.810059,27.362066,4.0,6.049e-05,3,351,0.14456,0.1478,0.1,0.59,100,0.33333,0.97561,,,-0.03,0.02125,-0.00074,0.0,0.00592,0.18559
2341,2397184,59.40182,253.5,0.83333,0.87,1.069443,-0.000363,0.047714,0.000933,0.291007,0.002701,0.919761,44.960976,22.444086,44.145191,23.447107,4.0,6.038e-05,6,357,0.12494,0.12989,0.11,0.59,100,0.0,0.81818,,,-0.03,0.02715,-0.00107,0.0,0.00827,0.43693
2342,2398208,50.96346,201.5,0.75,0.87,1.031789,-0.001152,0.092811,0.001676,0.375399,0.013046,0.85667,41.97702,24.490011,40.274818,24.662012,4.0,6.028e-05,4,353,0.11803,0.12297,0.1,0.6,100,0.25,0.77778,,,-0.03,0.02414,-0.0006,0.0,0.00303,0.25235
2343,2399232,75.45679,130.66667,1.0,0.88,0.978765,-0.001962,0.022229,0.002687,0.419338,0.023911,0.963296,33.656158,23.267595,32.024605,23.97253,4.0,6.018e-05,3,338,0.13773,0.1408,0.1,0.58,100,0.0,1.0,,,-0.03,0.02166,-0.00092,0.0,0.00764,0.28739
2344,2400256,53.08168,264.25,0.75,0.87,0.953969,-0.00095,0.027681,0.00131,0.312878,0.010529,0.967465,27.671946,26.958584,26.619205,28.076136,4.0,6.008e-05,4,362,0.12313,0.12539,0.11,0.57,100,0.0,0.9697,,,-0.03,0.0237,-0.00061,0.0,0.00743,0.2858
2345,2401280,48.27869,151.66667,0.66667,0.86,0.880122,-0.001331,0.018642,0.001861,0.300192,0.019897,0.976118,20.505938,27.427116,19.179873,26.993088,4.0,5.997e-05,3,384,0.12228,0.1254,0.11,0.59,100,0.33333,0.25,,,-0.03,0.01988,-0.00048,0.0,0.00333,0.21406
2346,2402304,25.11396,428.4,0.4,0.83,0.984012,-0.0009,0.034077,0.000838,0.21628,0.004288,0.955702,28.014164,25.971357,27.886543,26.728981,4.0,5.987e-05,5,352,0.12169,0.12271,0.14,0.59,100,0.2,0.83333,,,-0.03,0.02271,-0.0003,0.0,0.01016,0.1786
2347,2403328,62.07596,223.57143,0.85714,0.82,1.139042,-0.000614,0.066828,0.00072,0.333406,0.002747,0.870759,37.848377,22.458149,38.872231,22.988667,4.0,5.977e-05,7,345,0.1308,0.13352,0.15,0.62,100,0.0,0.5,,,-0.03,0.02971,0.00025,0.0,0.00675,0.48917
2348,2404352,72.69219,171.16667,1.0,0.82,1.13733,-0.000869,0.068961,0.001124,0.389753,0.00531,0.718499,45.260609,15.501323,47.090721,15.315762,4.0,5.967e-05,6,328,0.12528,0.12693,0.15,0.6,100,0.0,0.42857,,,-0.03,0.03064,0.00018,0.0,0.01385,0.46892
2349,2405376,73.16102,162.8,1.0,0.84,1.05581,-0.001298,0.06336,0.002012,0.374251,0.013565,0.827664,39.532448,17.354965,40.363503,18.429306,4.0,5.956e-05,5,346,0.12152,0.12388,0.14,0.59,100,0.0,0.0,,,-0.03,0.02402,-0.00019,0.0,0.01038,0.4336
2350,2406400,70.39274,210.0,1.0,0.84,1.024334,-0.000928,0.034588,0.000782,0.335886,0.003357,0.912147,36.754776,18.259575,37.882973,19.598166,4.0,5.946e-05,3,355,0.12122,0.12352,0.14,0.6,100,0.0,0.6,,,-0.03,0.02142,-0.0004,0.0,0.00935,0.27577
2351,2407424,47.16615,304.0,0.66667,0.83,0.968123,-0.001539,0.013888,0.001902,0.24613,0.016907,0.975159,36.353981,22.177629,35.940567,22.679651,4.0,5.936e-05,3,354,0.11484,0.11665,0.15,0.6,100,0.0,0.75,,,-0.03,0.02398,-0.00016,0.0,0.00831,0.18754
2352,2408448,72.32563,179.25,1.0,0.83,1.020519,-0.000646,0.027408,0.000749,0.22824,0.001999,0.951968,37.850002,21.686745,38.117954,22.917896,4.0,5.926e-05,4,354,0.11127,0.11242,0.15,0.6,100,0.0,0.33333,,,-0.03,0.02375,-6e-05,0.0,0.01012,0.34516
2353,2409472,59.82645,277.71429,0.85714,0.83,1.10223,-0.001488,0.063606,0.001596,0.449591,0.010818,0.616281,47.835709,14.548801,50.148495,12.578768,4.0,5.916e-05,7,324,0.10405,0.10581,0.15,0.59,100,0.0,0.6,,,-0.03,0.03075,0.00039,0.0,0.01135,0.45219
2354,2410496,72.92466,168.8,1.0,0.83,1.130083,-0.001411,0.029983,0.001859,0.3413,0.013168,0.6925,52.429874,9.366446,53.782696,9.559357,4.0,5.905e-05,5,348,0.1163,0.11935,0.15,0.57,100,0.0,0.57143,,,-0.03,0.02896,-7e-05,0.0,0.00809,0.39422
2355,2411520,72.078,185.33333,1.0,0.83,1.084615,-0.001114,0.019747,0.002002,0.263138,0.014038,0.83154,52.188904,10.01432,51.622421,10.521493,4.0,5.895e-05,3,353,0.1304,0.13377,0.15,0.57,100,0.0,0.66667,,,-0.03,0.01877,-0.00056,0.0,0.00804,0.25991
2356,2412544,69.24391,242.0,1.0,0.85,1.104265,-0.001213,0.022556,0.001622,0.250323,0.010117,0.888195,47.585701,12.258922,48.211407,13.609078,4.0,5.885e-05,5,349,0.11004,0.11202,0.13,0.56,100,0.2,0.9,,,-0.03,0.02512,0.00023,0.0,0.01114,0.39204
2357,2413568,71.04093,207.75,1.0,0.85,1.105358,-0.000883,0.027053,0.002184,0.215858,0.014587,0.881987,46.457531,14.27471,46.498741,14.659674,4.0,5.875e-05,4,339,0.11525,0.11842,0.13,0.55,100,0.0,0.84615,,,-0.03,0.02301,-0.00029,0.0,0.00221,0.32262
2358,2414592,49.40889,202.0,0.71429,0.83,1.117641,-0.000262,0.042052,0.000487,0.210917,0.000397,0.87779,47.373993,16.2665,47.571312,18.78199,4.0,5.864e-05,7,334,0.119,0.12168,0.13,0.57,100,0.28571,0.44444,,,-0.03,0.02751,0.00032,0.0,0.01093,0.38945
2359,2415616,61.27247,209.33333,0.83333,0.84,1.123466,-0.000877,0.020358,0.001103,0.259792,0.006058,0.829566,55.046509,9.443056,56.042271,10.22017,4.0,5.854e-05,6,343,0.11549,0.11796,0.12,0.59,100,0.0,0.5,,,-0.03,0.03078,0.00042,0.0,0.01432,0.38307
2360,2416640,74.30207,138.66667,1.0,0.85,1.123202,-0.001321,0.022307,0.001303,0.266355,0.00441,0.828625,53.705872,10.096564,54.669338,10.858068,4.0,5.844e-05,6,322,0.11127,0.11312,0.11,0.58,100,0.16667,0.5,,,-0.03,0.02999,0.00036,0.0,0.01188,0.45521
2361,2417664,73.25587,158.14286,1.0,0.88,1.137772,-0.001066,0.019368,0.001618,0.272332,0.011108,0.894875,54.581856,11.883447,55.826187,13.268886,4.0,5.834e-05,7,333,0.11632,0.11825,0.08,0.6,100,0.0,0.53846,,,-0.03,0.0289,0.00044,0.0,0.01347,0.51202
2362,2418688,73.24593,154.85714,1.0,0.89,1.152658,-0.001244,0.013669,0.001346,0.255842,0.004486,0.960895,55.420128,18.164431,56.056797,18.554279,4.0,5.823e-05,7,327,0.1145,0.11834,0.08,0.59,100,0.14286,0.83333,,,-0.03,0.02748,-0.00031,0.0,0.01199,0.5197
2363,2419712,59.65979,229.66667,0.83333,0.89,1.161215,-0.001215,0.011262,0.00162,0.217139,0.005692,0.962333,55.39312,16.702492,55.494953,17.010073,4.0,5.813e-05,6,332,0.1013,0.10274,0.08,0.61,100,0.0,0.5,,,-0.03,0.02555,0.00054,0.0,0.01215,0.35701
2364,2420736,73.83926,152.85714,1.0,0.92,0.993468,-0.000761,0.017708,0.001964,0.308354,0.00708,0.645467,59.548862,6.953818,60.980507,6.778797,4.0,5.803e-05,7,323,0.08956,0.09201,0.06,0.63,100,0.0,0.4,,,-0.03,0.03548,0.00083,0.0,0.01256,0.54564
2365,2421760,58.76016,133.4,0.8,0.92,1.003739,-0.00109,0.058564,0.001413,0.228332,0.008942,0.231241,62.0462,5.581393,61.282833,8.42946,4.0,5.793e-05,5,327,0.10194,0.10596,0.05,0.66,100,0.4,0.625,,,-0.03,0.03013,0.00057,0.0,0.0094,0.31047
2366,2422784,62.65254,169.375,0.875,0.92,0.987602,-0.000947,0.039063,0.000788,0.226632,0.003159,0.592584,62.045769,5.902489,61.627861,9.683805,4.0,5.782e-05,8,333,0.08798,0.09253,0.04,0.68,100,0.125,0.70833,,,-0.03,0.02961,0.00066,0.0,0.01181,0.52842
2367,2423808,61.53525,133.5,0.83333,0.91,0.948659,-0.000926,0.030272,0.001773,0.410093,0.014343,0.816605,59.018829,9.476455,57.032635,12.94394,4.0,5.772e-05,6,333,0.08522,0.08968,0.04,0.69,100,0.33333,0.63636,,,-0.03,0.02654,0.00048,0.0,0.00548,0.39333
2368,2424832,72.90265,155.75,1.0,0.91,0.972004,-0.001295,0.022023,0.001619,0.281509,0.008789,0.91086,53.748795,14.61869,53.543663,15.084548,4.0,5.762e-05,4,338,0.08599,0.08858,0.04,0.68,100,0.25,0.5,,,-0.03,0.02614,0.00051,0.0,0.00912,0.32012
2369,2425856,74.16376,147.33333,1.0,0.92,1.027903,-0.001006,0.019855,0.001678,0.336281,0.01535,0.958705,48.87936,20.487514,47.794147,21.397163,4.0,5.752e-05,3,338,0.10554,0.10957,0.03,0.71,100,0.0,0.28571,,,-0.03,0.01798,-0.00092,0.0,0.00952,0.26135
2370,2426880,52.42276,279.5,0.75,0.91,1.027453,-0.000969,0.019095,0.001172,0.318879,0.007919,0.965462,42.285694,22.547398,40.811443,22.546139,4.0,5.741e-05,4,361,0.11142,0.11525,0.04,0.74,100,0.0,0.5,,,-0.03,0.02084,-0.00109,0.0,0.00545,0.26588
2371,2427904,73.33792,153.0,1.0,0.92,1.018438,-0.001317,0.013679,0.001817,0.244576,0.016556,0.978412,42.012245,25.410498,42.351761,26.907188,4.0,5.731e-05,5,351,0.095,0.09794,0.03,0.74,100,0.0,0.76471,,,-0.03,0.02628,-7e-05,0.0,0.01264,0.43095
2372,2428928,13.13382,477.75,0.25,0.89,0.968801,-0.000633,0.025452,0.001037,0.39167,0.003998,0.951834,51.878929,21.755632,50.233734,22.190771,4.0,5.721e-05,4,333,0.08391,0.08767,0.06,0.75,100,0.0,0.98571,,,-0.03,0.02346,-7e-05,0.0,0.00905,0.08211
2373,2429952,73.88733,150.16667,1.0,0.89,0.894652,-0.000592,0.020576,0.000317,0.213494,0.00029,0.943588,52.694927,17.655096,52.743267,18.180515,4.0,5.711e-05,6,340,0.07925,0.08249,0.06,0.77,100,0.16667,0.88636,,,-0.03,0.03217,0.00015,0.0,0.01694,0.49405
2374,2430976,74.37373,138.8,1.0,0.89,0.877375,-0.000452,0.016573,0.000908,0.266321,0.00235,0.969646,46.730644,22.207296,46.306099,23.068441,4.0,5.7e-05,5,338,0.08909,0.09162,0.06,0.8,100,0.0,0.66667,,,-0.03,0.02796,0.00025,0.0,0.0097,0.4396
2375,2432000,59.47527,209.85714,0.85714,0.89,0.819608,-0.000666,0.062996,0.000765,0.361638,0.007828,0.8533,47.143101,21.197504,47.215042,21.278666,4.0,5.69e-05,7,367,0.09547,0.10217,0.06,0.8,100,0.28571,0.7619,,,-0.03,0.02772,-2e-05,0.0,-0.0002,0.55265
2376,2433024,61.25316,216.5,0.83333,0.9,0.885022,-0.000485,0.030417,0.001272,0.211325,0.007355,0.814917,54.639374,11.724065,55.159531,12.150818,4.0,5.68e-05,6,322,0.08486,0.089,0.06,0.83,100,0.16667,0.72222,,,-0.03,0.0289,0.00083,0.0,0.01184,0.41748
2377,2434048,71.36105,192.16667,1.0,0.9,1.014215,-0.000768,0.029103,0.000798,0.257518,0.005478,0.757389,55.538948,9.713543,55.824429,10.666123,4.0,5.67e-05,6,332,0.09181,0.09656,0.06,0.81,100,0.16667,0.95918,,,-0.03,0.0281,-0.00056,0.0,0.00921,0.45833
2378,2435072,72.73517,167.6,1.0,0.9,1.06055,-0.001409,0.023253,0.001925,0.25756,0.011963,0.8853,53.864792,12.617764,53.462936,13.484553,4.0,5.66e-05,5,339,0.12248,0.12713,0.06,0.8,100,0.2,0.81481,,,-0.03,0.02293,-0.00049,0.0,0.00752,0.40718
2379,2436096,35.86588,125.0,0.5,0.89,0.909385,-0.000842,0.026204,0.001742,0.259998,0.011383,0.914653,46.935387,15.870322,45.683929,16.829403,4.0,5.649e-05,2,356,0.10203,0.10504,0.06,0.8,100,0.5,0.75,,,-0.03,0.0227,0.0003,0.0,0.00862,0.08906
2380,2437120,69.51199,233.4,1.0,0.89,0.857881,-0.000611,0.027059,0.000838,0.249378,0.006241,0.941413,45.644184,19.796583,45.777046,20.581259,4.0,5.639e-05,5,348,0.10066,0.105,0.06,0.8,100,0.2,0.8,,,-0.03,0.02957,-2e-05,0.0,0.01017,0.46303
2381,2438144,48.63547,223.16667,0.66667,0.87,0.873733,-0.00067,0.028395,0.000787,0.2548,0.00528,0.937968,44.962784,19.93379,44.335213,21.564823,4.0,5.629e-05,6,344,0.11149,0.11457,0.07,0.8,100,0.33333,0.64706,,,-0.03,0.03254,0.00037,0.0,0.01116,0.38941
2382,2439168,75.16752,127.5,1.0,0.88,0.958963,-0.001413,0.011832,0.001496,0.261391,0.014648,0.980719,46.477234,23.418135,46.99202,24.45326,4.0,5.619e-05,6,358,0.12039,0.12319,0.06,0.81,100,0.0,0.5625,,,-0.03,0.03028,0.00091,0.0,0.01745,0.52278
2383,2440192,61.83969,213.0,0.83333,0.87,0.977127,-0.000825,0.017646,0.000978,0.219408,0.005753,0.968876,47.315384,21.978508,47.313232,22.803589,4.0,5.608e-05,6,350,0.10014,0.10245,0.07,0.83,100,0.16667,0.5,,,-0.03,0.03022,0.00029,0.0,0.01071,0.41416
2384,2441216,42.58497,239.0,0.6,0.86,0.845085,-0.000681,0.054111,0.001263,0.374048,0.005432,0.875659,46.434673,19.484945,44.887386,20.586964,4.0,5.598e-05,5,365,0.11114,0.11704,0.08,0.83,100,0.2,0.73333,,,-0.03,0.02263,0.00037,0.0,0.00431,0.28357
2385,2442240,75.04017,127.4,1.0,0.87,0.895975,-0.000664,0.012175,0.000921,0.22506,0.003784,0.974777,46.35627,21.639235,46.430126,22.693104,4.0,5.588e-05,5,363,0.11174,0.11548,0.08,0.83,100,0.0,0.73684,,,-0.03,0.03193,0.00015,0.0,0.01367,0.4695
2386,2443264,75.34779,123.75,1.0,0.87,0.890403,-0.000788,0.007491,0.000815,0.247952,0.00412,0.9903,42.646648,27.169727,42.71954,27.992273,4.0,5.578e-05,4,351,0.12003,0.12349,0.08,0.82,100,0.0,0.54545,,,-0.03,0.0287,0.00016,0.0,0.01482,0.38998
2387,2444288,51.47906,267.14286,0.71429,0.86,0.957821,-0.001097,0.007198,0.001111,0.243076,0.009125,0.991237,45.742313,27.743048,46.131584,28.402519,4.0,5.567e-05,7,367,0.10704,0.10888,0.1,0.82,100,0.14286,0.86364,,,-0.03,0.0313,0.00046,0.0,0.01676,0.43987
2388,2445312,61.63169,214.0,0.83333,0.85,1.115937,-0.001323,0.009486,0.001841,0.227702,0.013977,0.854666,63.067543,7.360711,62.909477,7.689229,4.0,5.557e-05,6,337,0.11288,0.1147,0.11,0.82,100,0.16667,0.81481,,,-0.03,0.02902,0.00043,0.0,0.01533,0.35874
2389,2446336,73.71006,162.4,1.0,0.86,1.032238,-0.000451,0.018069,0.001291,0.229982,0.003494,0.700003,61.258652,7.662247,60.915916,7.580985,4.0,5.547e-05,5,340,0.1073,0.11034,0.1,0.81,100,0.0,0.70588,,,-0.03,0.02736,8e-05,0.0,0.01237,0.3762
2390,2447360,72.27495,184.16667,1.0,0.87,0.961283,-0.001126,0.013103,0.001477,0.255779,0.005463,0.924984,57.896683,11.568714,57.581974,12.606095,4.0,5.537e-05,6,346,0.09528,0.0992,0.09,0.83,100,0.0,0.80556,,,-0.03,0.02849,0.00032,0.0,0.01246,0.48298
2391,2448384,73.76753,138.8,1.0,0.89,0.910684,-0.000728,0.019453,0.001171,0.204372,0.008362,0.95409,51.397923,18.989824,51.354965,19.778749,4.0,5.526e-05,5,356,0.09557,0.09953,0.07,0.82,100,0.4,0.66667,,,-0.03,0.0245,0.00039,0.0,0.00909,0.44678
2392,2449408,75.52391,126.0,1.0,0.89,0.940643,-0.001482,0.010206,0.001326,0.326972,0.007843,0.981383,49.09034,23.687099,48.380692,24.682737,4.0,5.516e-05,5,352,0.08528,0.0883,0.07,0.83,100,0.0,0.72727,,,-0.03,0.02787,0.00013,0.0,0.01667,0.42439
2393,2450432,57.28434,268.8,0.8,0.88,0.952967,-0.001785,0.020144,0.003124,0.269611,0.022964,0.971067,50.171635,24.712851,49.963524,25.282295,4.0,5.506e-05,5,348,0.0788,0.08121,0.08,0.83,100,0.2,0.70588,,,-0.03,0.02502,0.00031,0.0,0.01437,0.31087
2394,2451456,63.23383,219.75,0.875,0.89,1.017153,-0.001242,0.017521,0.001542,0.235923,0.009384,0.875298,59.945122,12.160409,60.200348,11.722209,4.0,5.496e-05,8,337,0.07924,0.08225,0.08,0.83,100,0.0,0.84211,,,-0.03,0.03033,0.00062,0.0,0.01515,0.51037
2395,2452480,74.22807,143.33333,1.0,0.89,0.938971,-0.000777,0.014282,0.002054,0.237513,0.01001,0.925728,58.970154,12.3651,59.002449,13.216515,4.0,5.485e-05,6,341,0.07133,0.07533,0.08,0.84,100,0.0,0.64286,,,-0.03,0.0285,0.00094,0.0,0.01232,0.45781
2396,2453504,74.17197,138.0,1.0,0.89,0.861275,-0.00075,0.01958,0.000917,0.192786,0.006989,0.947264,56.568977,17.830284,56.243248,18.45822,4.0,5.475e-05,6,334,0.0695,0.07414,0.08,0.85,100,0.0,0.61905,,,-0.03,0.03358,0.00116,0.0,0.00917,0.49858
2397,2454528,53.70125,145.0,0.75,0.89,0.771058,-0.000179,0.043318,0.000294,0.360475,9.2e-05,0.922866,49.245102,21.919245,47.083134,22.826733,4.0,5.465e-05,4,358,0.08347,0.08962,0.08,0.85,100,0.5,0.66667,,,-0.03,0.02299,0.00027,0.0,0.00624,0.29574
2398,2455552,58.95722,250.16667,0.83333,0.88,0.973636,-0.0012,0.01648,0.001434,0.272858,0.01297,0.955355,54.520103,17.468695,54.579895,18.073502,4.0,5.455e-05,6,348,0.08264,0.08928,0.09,0.86,100,0.0,0.92593,,,-0.03,0.03043,-0.00178,0.0,0.00906,0.40436
2399,2456576,73.26991,152.2,1.0,0.9,0.889186,-0.000257,0.019505,0.000514,0.18842,0.001266,0.95876,51.625591,20.209015,51.38089,21.005011,4.0,5.444e-05,5,351,0.09053,0.0991,0.08,0.88,100,0.4,0.93421,,,-0.03,0.02454,-0.00216,0.0,0.01245,0.45701
2400,2457600,61.48853,231.14286,0.85714,0.89,0.95682,-0.000259,0.025605,0.001409,0.190973,0.00473,0.944321,53.215775,21.42218,53.563629,21.427507,4.0,5.434e-05,7,351,0.09127,0.09509,0.09,0.89,100,0.14286,0.90909,,,-0.03,0.02992,0.00018,0.0,0.01176,0.48252
2401,2458624,59.81206,133.2,0.8,0.89,1.025332,-0.000677,0.031137,0.001507,0.320204,0.008835,0.801504,58.675217,9.286715,58.185936,12.355285,4.0,5.424e-05,5,338,0.09435,0.0968,0.08,0.89,100,0.4,0.66667,,,-0.03,0.02945,0.00056,0.0,0.01864,0.31231
2402,2459648,75.42827,124.71429,1.0,0.91,1.19475,-0.001451,0.01035,0.00297,0.295764,0.018021,0.964253,57.774467,16.485844,56.920547,18.068882,4.0,5.414e-05,7,341,0.10402,0.11016,0.07,0.89,100,0.0,0.625,,,-0.03,0.02579,-0.00201,0.0,0.01491,0.51079
2403,2460672,75.45141,122.33333,1.0,0.91,1.095497,-0.001671,0.012866,0.001502,0.354686,0.009537,0.978144,46.438534,25.025745,45.293476,25.788824,4.0,5.404e-05,3,345,0.09991,0.10603,0.07,0.89,100,0.0,0.73333,,,-0.03,0.02316,-0.00216,0.0,0.00939,0.24077
2404,2461696,57.93952,247.5,0.83333,0.91,1.010692,-0.000419,0.045462,0.000688,0.193205,0.001099,0.934379,47.998276,25.949963,48.196659,26.070978,4.0,5.393e-05,6,343,0.08559,0.09115,0.07,0.87,100,0.16667,0.77778,,,-0.03,0.02868,0.00031,0.0,0.00689,0.40891
2405,2462720,63.83787,202.66667,0.88889,0.92,0.974204,-0.000213,0.044657,0.000159,0.310139,0.000549,0.724784,57.750076,14.660749,59.173332,13.161517,4.0,5.383e-05,9,346,0.08485,0.08888,0.06,0.87,100,0.22222,0.9404,,,-0.03,0.0328,0.00094,0.0,0.0144,0.64574
2406,2463744,74.81205,136.16667,1.0,0.92,1.05576,-0.001277,0.006491,0.001748,0.298705,0.008148,0.725265,62.718994,3.614591,62.897396,4.552884,4.0,5.373e-05,6,316,0.0821,0.08387,0.06,0.88,100,0.0,0.58333,,,-0.03,0.02961,0.00095,0.0,0.01789,0.4348
2407,2464768,73.02889,163.5,1.0,0.92,1.031739,-0.001373,0.013422,0.000898,0.235882,0.005676,0.687003,62.790718,5.691136,62.77895,6.233805,4.0,5.363e-05,6,354,0.09951,0.10571,0.06,0.87,100,0.0,0.84783,,,-0.03,0.03126,-5e-05,0.0,0.01225,0.47037
2408,2465792,73.69597,140.0,1.0,0.92,1.065965,-0.000674,0.012363,0.001041,0.213384,0.004852,0.465419,62.97271,5.661066,63.344715,4.778914,4.0,5.352e-05,6,343,0.09772,0.1057,0.06,0.85,100,0.16667,0.61538,,,-0.03,0.02678,-0.00246,0.0,0.01416,0.45403
2409,2466816,72.89222,164.33333,1.0,0.92,1.093592,-0.001308,0.006527,0.001188,0.229086,0.004837,0.84355,62.739006,5.557474,62.486897,6.10876,4.0,5.342e-05,6,338,0.09535,0.09969,0.06,0.84,100,0.0,0.96296,,,-0.03,0.02882,-0.00055,0.0,0.01123,0.43546
2410,2467840,72.48715,174.28571,1.0,0.94,1.024372,-0.001219,0.007691,0.001995,0.263914,0.01033,0.675248,62.732193,3.73037,63.016159,4.619214,4.0,5.332e-05,7,342,0.08415,0.08602,0.04,0.82,100,0.14286,0.64286,,,-0.03,0.0288,0.00081,0.0,0.0162,0.50997
2411,2468864,73.9232,152.14286,1.0,0.94,1.018976,-0.000356,0.008252,0.000723,0.227526,0.002075,0.900289,60.880527,7.734334,60.681,8.777442,4.0,5.322e-05,7,343,0.07273,0.07511,0.04,0.82,100,0.0,0.66667,,,-0.03,0.02554,0.00076,0.0,0.01245,0.51457
2412,2469888,55.59851,200.4,0.8,0.93,0.909694,-0.000516,0.041837,0.000303,0.30162,0.000229,0.728907,58.738632,10.743154,57.715202,12.184977,4.0,5.311e-05,5,359,0.0807,0.08753,0.04,0.81,100,0.2,0.82609,,,-0.03,0.0272,8e-05,0.0,0.00344,0.32691
2413,2470912,72.96368,164.6,1.0,0.93,0.830064,-0.001333,0.020133,0.001841,0.283006,0.014404,0.793832,57.802563,8.91174,57.175617,9.429487,4.0,5.301e-05,5,352,0.07084,0.07438,0.04,0.79,100,0.2,0.82353,,,-0.03,0.02722,0.00107,0.0,0.01193,0.41996
2414,2471936,73.58349,157.0,1.0,0.95,0.780013,-0.00092,0.013349,0.000853,0.180139,0.00267,0.935318,54.021576,12.702626,53.96664,14.111301,4.0,5.291e-05,6,378,0.07392,0.07702,0.03,0.79,100,0.0,0.65,,,-0.03,0.03058,0.00038,0.0,0.01542,0.55878
2415,2472960,56.71382,209.0,0.8,0.94,0.783218,-0.000894,0.023976,0.001489,0.240212,0.010742,0.941523,50.608833,18.053291,49.561802,19.583241,4.0,5.281e-05,5,355,0.07425,0.07839,0.03,0.8,100,0.4,0.63636,,,-0.03,0.02471,0.0004,0.0,0.00659,0.36546
2416,2473984,62.43097,196.0,0.83333,0.93,0.918806,-0.000784,0.010658,0.001017,0.237025,0.005432,0.96971,55.353642,17.402744,55.866055,18.141544,4.0,5.27e-05,6,346,0.06941,0.07169,0.04,0.8,100,0.16667,0.79167,,,-0.03,0.03451,0.001,0.0,0.01862,0.40029
2417,2475008,72.88865,155.44444,1.0,0.94,0.983868,-0.00064,0.022133,0.000697,0.265477,0.004501,0.13107,62.203156,6.324743,63.157616,5.006938,4.0,5.26e-05,9,337,0.08252,0.08679,0.03,0.8,100,0.22222,0.59091,,,-0.03,0.03237,0.00061,0.0,0.0113,0.68576
2418,2476032,73.70892,144.28571,1.0,0.95,1.107654,-0.001082,0.007354,0.001566,0.24119,0.009827,0.697772,64.161537,4.299068,64.184189,4.713437,4.0,5.25e-05,7,315,0.1107,0.11431,0.03,0.77,100,0.0,0.77778,,,-0.03,0.02775,-0.00028,0.0,0.01116,0.52561
2419,2477056,73.92603,136.33333,1.0,0.95,1.026718,-0.001232,0.008249,0.002355,0.260531,0.016632,0.869781,61.697701,6.860346,61.1702,7.994149,4.0,5.24e-05,3,336,0.1099,0.11327,0.03,0.77,100,0.0,0.66667,,,-0.03,0.02521,-0.00028,0.0,0.00951,0.23221
2420,2478080,73.28109,151.85714,1.0,0.96,1.081248,-0.001849,0.005403,0.001705,0.219778,0.013535,0.976712,59.047577,15.339498,59.211334,16.66498,4.0,5.229e-05,7,342,0.10442,0.10627,0.02,0.75,100,0.14286,0.57143,,,-0.03,0.03096,0.00053,0.0,0.01649,0.50785
2421,2479104,53.91091,188.5,0.75,0.95,1.067533,-0.000576,0.050299,0.000326,0.281907,0.000885,0.886592,59.587246,19.06299,58.348412,20.373802,4.0,5.219e-05,8,346,0.10252,0.10942,0.02,0.76,100,0.125,0.73077,,,-0.03,0.02714,-0.00142,0.0,0.00933,0.45204
2422,2480128,73.13024,159.25,1.0,0.95,1.039178,-0.000389,0.006183,0.000407,0.233045,0.000427,0.619905,64.274368,3.586517,64.840683,3.679254,4.0,5.209e-05,8,325,0.09024,0.09554,0.02,0.76,100,0.0,0.9011,,,-0.03,0.031,-0.00061,0.0,0.01452,0.58152
2423,2481152,74.29065,131.16667,1.0,0.95,1.063102,-0.001679,0.004511,0.002043,0.248777,0.010361,0.615438,65.051834,2.996593,65.284569,3.247768,4.0,5.199e-05,6,339,0.10603,0.10927,0.02,0.77,100,0.0,0.69565,,,-0.03,0.03132,-0.00032,0.0,0.01596,0.43933
2424,2482176,73.07776,156.25,1.0,0.95,1.138753,-0.001334,0.007453,0.00122,0.268129,0.009659,0.750592,65.508942,4.806532,64.732887,5.240794,4.0,5.188e-05,4,352,0.10656,0.11832,0.02,0.78,100,0.0,0.96491,,,-0.03,0.02334,-0.00558,0.0,0.01077,0.29796
2425,2483200,71.42971,178.66667,1.0,0.95,1.074827,-0.000711,0.011512,0.000851,0.230431,0.0047,0.907966,60.631706,10.099816,60.197697,11.277095,4.0,5.178e-05,6,326,0.09466,0.1016,0.02,0.8,100,0.0,0.96622,,,-0.03,0.02707,-0.00299,0.0,0.01194,0.44424
2426,2484224,73.9993,144.2,1.0,0.95,1.122729,-0.001193,0.006036,0.000938,0.27003,0.004517,0.984248,58.486538,18.933477,58.262272,19.913748,4.0,5.168e-05,5,336,0.10139,0.10799,0.02,0.8,100,0.0,0.85,,,-0.03,0.02391,-0.00249,0.0,0.01738,0.36041
2427,2485248,62.71072,203.625,0.875,0.94,1.072802,-0.000556,0.006702,0.000925,0.244093,0.004211,0.98436,59.468437,19.151024,58.914421,19.363892,4.0,5.158e-05,8,276,0.09176,0.09625,0.03,0.78,100,0.0,0.96748,,,-0.03,0.02744,-0.00077,0.0,0.01068,0.507
2428,2486272,76.93762,97.0,1.0,0.94,0.925281,-0.000807,0.016105,0.000955,0.307247,0.004974,0.737924,61.657337,7.495619,60.169533,7.457686,4.0,5.148e-05,1,177,0.09776,0.10988,0.03,0.79,100,0.0,0.0,,,-0.03,0.01718,-0.00443,0.0,0.00813,0.08927
2429,2487296,69.22908,217.0,1.0,0.95,0.918792,-0.000758,0.018515,0.000709,0.313628,0.004196,0.840926,55.519497,10.101411,54.269947,10.619628,4.0,5.137e-05,4,133,0.09966,0.11059,0.03,0.77,100,0.25,0.96629,,,-0.03,0.02055,-0.00498,0.0,0.00361,0.36707
2430,2488320,67.07539,277.75,1.0,0.95,0.982136,-0.000427,0.036958,0.001191,0.307472,0.009079,0.894211,51.720566,17.29427,50.436714,17.805326,4.0,5.127e-05,4,171,0.08824,0.09547,0.03,0.78,100,0.25,0.96992,,,-0.03,0.01945,-0.00194,0.0,0.00525,0.32251
2431,2489344,42.86345,359.66667,0.66667,0.94,0.981388,-0.000617,0.012218,0.000412,0.252523,0.001068,0.971826,49.304024,19.801912,48.313175,20.393997,4.0,5.117e-05,3,250,0.09659,0.10591,0.04,0.78,100,0.0,1.0,,,-0.03,0.01984,-0.00412,0.0,0.00928,0.17362
2432,2490368,55.91462,282.0,0.83333,0.93,1.016296,-0.001031,0.01268,0.002108,0.259177,0.015259,0.952417,53.990074,14.820787,53.636414,15.667827,4.0,5.107e-05,6,238,0.09892,0.1105,0.05,0.79,100,0.0,0.98367,,,-0.03,0.02618,-0.00435,0.0,0.00458,0.41671
2433,2491392,73.19165,148.83333,1.0,0.94,0.815972,-0.000348,0.021152,0.000236,0.163739,0.000275,0.939631,51.925976,17.122154,52.326668,18.124186,4.0,5.096e-05,6,240,0.09875,0.10497,0.05,0.75,100,0.33333,0.91667,,,-0.03,0.02992,-0.00087,0.0,0.01474,0.57754
2434,2492416,52.32286,191.28571,0.71429,0.93,0.866648,-0.00055,0.028219,0.000799,0.338162,0.006485,0.937926,50.039982,19.63603,48.485439,21.324747,4.0,5.086e-05,7,271,0.08903,0.0937,0.05,0.73,100,0.42857,0.94,,,-0.03,0.02758,6e-05,0.0,0.00787,0.44746
2435,2493440,74.97677,129.16667,1.0,0.93,0.969684,-0.000933,0.007993,0.000879,0.237529,0.005325,0.980198,53.244652,18.663635,53.415356,19.77685,4.0,5.076e-05,6,278,0.08473,0.08787,0.05,0.74,100,0.0,0.77778,,,-0.03,0.02938,-0.00012,0.0,0.01701,0.48171
2436,2494464,73.47535,157.0,1.0,0.93,0.985868,-0.000877,0.010395,0.000876,0.254651,0.00354,0.983402,47.113716,23.416006,46.760971,23.942341,4.0,5.066e-05,3,279,0.11058,0.11325,0.05,0.74,100,0.0,0.77778,,,-0.03,0.02216,0.00027,0.0,0.01305,0.25357
2437,2495488,60.34432,225.33333,0.83333,0.92,1.054051,-0.000768,0.007351,0.000866,0.195536,0.002792,0.984238,52.147278,20.317469,52.180973,21.025843,4.0,5.055e-05,6,271,0.10878,0.11147,0.06,0.73,100,0.16667,0.86207,,,-0.03,0.0284,-0.00025,0.0,0.01263,0.39555
2438,2496512,60.33252,226.83333,0.83333,0.91,1.068234,-0.000781,0.009758,0.000427,0.208603,0.001541,0.97733,52.156902,19.511744,52.467003,19.769539,4.0,5.045e-05,6,302,0.10865,0.11121,0.07,0.75,100,0.0,0.79167,,,-0.03,0.03004,-0.00019,0.0,0.01247,0.39591
2439,2497536,72.33648,180.66667,1.0,0.91,1.186267,-0.00149,0.025188,0.00129,0.22925,0.010529,0.619386,60.234192,7.549405,60.137794,7.91246,4.0,5.035e-05,6,329,0.12402,0.12752,0.07,0.74,100,0.0,0.8,,,-0.03,0.02818,-0.00027,0.0,0.01004,0.44037
2440,2498560,60.73693,139.33333,0.83333,0.92,1.112054,-0.000476,0.020675,0.001137,0.29152,0.003265,0.918687,56.451069,13.590308,55.542892,15.734406,4.0,5.025e-05,6,318,0.11762,0.12074,0.06,0.75,100,0.16667,0.71429,,,-0.03,0.02654,0.00056,0.0,0.00901,0.38648
2441,2499584,71.13896,204.0,1.0,0.92,1.151164,-0.001293,0.019634,0.0015,0.27275,0.008362,0.960796,50.475357,20.790585,49.950119,21.217728,4.0,5.014e-05,4,367,0.13033,0.13183,0.06,0.74,100,0.0,0.75,,,-0.03,0.01921,-0.00018,0.0,0.00918,0.30667
2442,2500608,54.16136,240.0,0.75,0.91,1.144791,-0.001134,0.017834,0.002238,0.3577,0.015503,0.96249,47.07299,20.898838,45.841003,21.686142,4.0,5.004e-05,4,340,0.12444,0.12662,0.07,0.74,100,0.0,0.0,,,-0.03,0.02405,0.00014,0.0,0.00814,0.23577
2443,2501632,69.19773,232.0,1.0,0.91,1.242099,-0.00118,0.053136,0.001385,0.33279,0.010788,0.88941,46.211853,22.289362,46.289345,21.777531,4.0,4.994e-05,4,296,0.14592,0.14992,0.07,0.73,100,0.5,0.5,,,-0.03,0.019,-0.00131,0.0,0.00403,0.30677
2444,2502656,55.18427,279.4,0.8,0.9,1.164327,-0.00102,0.02254,0.001766,0.2872,0.011765,0.955461,44.779129,20.828844,44.087215,21.774195,4.0,4.984e-05,5,319,0.12896,0.13112,0.08,0.71,100,0.0,0.95349,,,-0.03,0.02443,4e-05,0.0,0.00703,0.31276
2445,2503680,74.32204,147.0,1.0,0.9,1.116785,-0.00088,0.014692,0.00149,0.239602,0.010178,0.974512,46.095295,22.073965,46.127007,23.077097,4.0,4.973e-05,4,324,0.13849,0.14055,0.08,0.69,100,0.0,0.57143,,,-0.03,0.02514,-0.00023,0.0,0.00963,0.33672
2446,2504704,49.07831,272.85714,0.71429,0.88,1.117717,-0.000661,0.012129,0.000525,0.275639,0.003311,0.974642,51.312828,21.058367,52.022816,22.018951,4.0,4.963e-05,7,314,0.11143,0.11405,0.09,0.65,100,0.14286,0.94118,,,-0.03,0.0336,3e-05,0.0,0.0093,0.38727
2447,2505728,74.86693,135.57143,1.0,0.89,1.117748,-0.001493,0.00859,0.001653,0.299494,0.012909,0.701628,60.94677,4.437071,61.573387,5.138803,4.0,4.953e-05,7,253,0.11248,0.11485,0.08,0.62,100,0.14286,0.64286,,,-0.03,0.03117,0.00076,0.0,0.0176,0.51468
2448,2506752,73.60561,159.4,1.0,0.89,1.015895,-0.000453,0.024261,0.000336,0.245257,0.000626,0.701369,58.278511,7.537415,57.185783,8.505383,4.0,4.943e-05,5,225,0.10611,0.11067,0.08,0.62,100,0.2,0.625,,,-0.03,0.02976,0.00064,0.0,0.00438,0.40634
2449,2507776,50.54802,190.57143,0.71429,0.88,0.91316,-0.000255,0.031876,0.001034,0.367633,0.004974,0.855491,54.534058,11.901228,53.260925,15.690398,4.0,4.932e-05,7,314,0.11341,0.11785,0.07,0.63,100,0.28571,0.85,,,-0.03,0.02949,-0.0002,0.0,0.01057,0.46952
2450,2508800,73.83057,156.33333,1.0,0.89,1.182083,-0.000541,0.020447,0.001027,0.297601,0.006607,0.513207,61.191566,7.989599,62.107021,6.446609,4.0,4.922e-05,6,307,0.11309,0.11512,0.06,0.61,100,0.0,0.83333,,,-0.03,0.02903,0.00017,0.0,0.01785,0.43649
2451,2509824,72.56798,171.25,1.0,0.89,1.071404,-0.000736,0.014298,0.000611,0.235228,0.003922,0.779471,61.330212,6.760462,60.739208,7.539396,4.0,4.912e-05,4,320,0.10898,0.11503,0.06,0.6,100,0.0,0.875,,,-0.03,0.02751,-0.00073,0.0,0.00787,0.31578
2452,2510848,72.45845,171.5,1.0,0.89,1.111885,-0.001447,0.016728,0.002187,0.252357,0.02243,0.881273,58.258324,10.633862,57.639023,11.311654,4.0,4.902e-05,4,349,0.11307,0.11986,0.06,0.6,100,0.0,0.86667,,,-0.03,0.02279,-0.0022,0.0,0.00699,0.32123
2453,2511872,54.17242,148.25,0.75,0.89,1.076351,-0.000663,0.025876,0.000481,0.332819,0.000793,0.920981,50.605457,15.992849,49.072884,18.033726,4.0,4.892e-05,4,361,0.10906,0.11457,0.05,0.59,100,0.25,0.75,,,-0.03,0.02401,-0.0018,0.0,0.01158,0.24262
2454,2512896,74.53656,137.33333,1.0,0.9,1.084307,-0.001103,0.014064,0.00159,0.405247,0.014557,0.978718,39.287575,24.092836,37.54113,24.838522,4.0,4.881e-05,3,383,0.12427,0.13031,0.05,0.61,100,0.0,0.6,,,-0.03,0.01623,-0.00203,0.0,0.00482,0.26678
2455,2513920,21.11615,394.0,0.4,0.87,1.141856,-0.000513,0.054098,0.000814,0.307875,0.004822,0.927028,42.252213,25.713129,40.913719,26.076454,4.0,4.871e-05,5,371,0.11021,0.11519,0.07,0.61,100,0.4,0.99495,,,-0.03,0.02267,-0.00125,0.0,0.00025,0.15499
2456,2514944,61.30795,231.28571,0.85714,0.87,1.11544,-0.000939,0.015519,0.001676,0.293034,0.008133,0.810488,57.607265,8.08952,58.730648,8.558432,4.0,4.861e-05,7,345,0.10325,0.10611,0.07,0.62,100,0.28571,0.88889,,,-0.03,0.03275,0.0003,0.0,0.01617,0.45314
2457,2515968,74.73124,142.2,1.0,0.87,1.12233,-0.000605,0.013698,0.001444,0.263512,0.00441,0.909613,56.565376,10.7047,55.696186,11.773411,4.0,4.851e-05,5,350,0.111,0.11462,0.07,0.62,100,0.0,0.6875,,,-0.03,0.02552,-0.0002,0.0,0.0093,0.39921
2458,2516992,73.37004,161.5,1.0,0.88,0.978296,-0.000723,0.01639,0.000904,0.347096,0.004944,0.953786,47.017933,16.901516,45.233574,17.613298,4.0,4.84e-05,2,384,0.10744,0.11138,0.06,0.63,100,0.0,0.93939,,,-0.03,0.01896,-0.00078,0.0,0.00734,0.18699
2459,2518016,54.1378,270.75,0.75,0.87,0.872224,-0.000735,0.021327,0.000375,0.354882,0.000351,0.960702,34.415421,21.372105,32.709465,22.021536,4.0,4.83e-05,4,385,0.10186,0.10527,0.07,0.63,100,0.0,0.57143,,,-0.03,0.01632,1e-05,0.0,0.00178,0.32393
2460,2519040,73.83614,139.0,1.0,0.87,0.886987,-0.000703,0.017691,0.00054,0.325923,0.001328,0.97087,28.093485,23.436363,26.791027,24.518291,4.0,4.82e-05,2,371,0.098,0.10028,0.07,0.62,100,0.5,0.5,,,-0.03,0.01905,0.00027,0.0,0.00755,0.21021
2461,2520064,-9.35738,600.0,0.0,0.86,0.904621,-0.000966,0.005897,0.00164,0.289518,0.013443,0.993727,27.9844,28.108232,27.223797,28.285294,4.0,4.81e-05,2,358,0.11092,0.11419,0.09,0.62,100,0.0,1.0,,,-0.03,0.01747,-0.00088,0.0,0.00594,0.0
2462,2521088,32.78253,402.33333,0.5,0.83,0.970859,-0.00113,0.015945,0.001087,0.287469,0.007477,0.976168,42.122253,24.748146,41.881214,24.72846,4.0,4.799e-05,6,344,0.10731,0.11075,0.12,0.61,100,0.5,0.96429,,,-0.03,0.02764,-0.00066,0.0,0.00779,0.2759
2463,2522112,74.94961,136.25,1.0,0.83,1.16855,-0.000897,0.014642,0.001392,0.387766,0.006866,0.913759,50.97406,11.253155,50.07296,13.004338,4.0,4.789e-05,4,284,0.12462,0.12711,0.12,0.61,100,0.0,0.6,,,-0.03,0.02058,-0.00072,0.0,0.01105,0.33647
2464,2523136,71.85796,183.2,1.0,0.84,1.183804,-0.00103,0.01758,0.001053,0.27007,0.004852,0.965103,42.650719,21.027992,42.195328,22.6761,4.0,4.779e-05,5,295,0.12637,0.1293,0.11,0.6,100,0.0,0.72727,,,-0.03,0.02255,-0.00053,0.0,0.00716,0.4137
2465,2524160,31.53201,383.5,0.5,0.83,1.151481,-0.000659,0.0101,0.001521,0.33509,0.012024,0.988043,39.283859,27.150902,37.859352,27.43919,4.0,4.769e-05,2,279,0.1168,0.11937,0.12,0.6,100,0.0,0.96,,,-0.03,0.02091,-0.00057,0.0,0.00453,0.08354
2466,2525184,56.0613,262.4,0.8,0.83,1.146558,-0.001265,0.024871,0.001339,0.263467,0.005478,0.964821,38.044788,25.009312,37.314468,25.370325,4.0,4.758e-05,5,337,0.1284,0.13165,0.12,0.61,100,0.0,0.86207,,,-0.03,0.02113,-0.001,0.0,0.00223,0.35106
2467,2526208,50.48614,312.0,0.75,0.82,1.068654,-0.000812,0.04,0.001002,0.208827,0.004227,0.89941,45.635208,18.663456,45.782726,19.316271,4.0,4.748e-05,4,337,0.12367,0.12572,0.13,0.6,100,0.0,0.72727,,,-0.03,0.02409,-0.00032,0.0,0.0122,0.25396
2468,2527232,71.76429,186.5,1.0,0.84,1.202014,-0.000479,0.029994,0.000218,0.343411,0.000473,0.932589,45.742783,21.471615,46.912739,21.646353,4.0,4.738e-05,6,333,0.11642,0.11807,0.12,0.61,100,0.0,0.5,,,-0.03,0.02733,-0.00054,0.0,0.00862,0.46638
2469,2528256,45.244,322.66667,0.66667,0.83,1.218798,-0.000928,0.015556,0.001714,0.279677,0.010254,0.945706,52.35854,15.456517,52.259247,16.003975,4.0,4.728e-05,3,355,0.11619,0.12002,0.13,0.63,100,0.0,0.84615,,,-0.03,0.01949,-0.001,0.0,0.01288,0.15167
2470,2529280,72.92669,163.75,1.0,0.83,1.275531,-0.000669,0.01369,0.000486,0.345613,0.000519,0.954386,51.836895,15.826133,50.264717,16.877562,4.0,4.717e-05,4,364,0.12242,0.12827,0.13,0.63,100,0.0,0.8,,,-0.03,0.01927,-0.00222,0.0,0.00663,0.31296
2471,2530304,71.43573,186.5,1.0,0.83,1.259304,-0.001143,0.017998,0.002226,0.46345,0.010452,0.967167,37.543144,23.350121,35.611454,24.459988,4.0,4.707e-05,2,350,0.12479,0.12883,0.13,0.63,100,0.0,0.75,,,-0.03,0.01554,-0.00233,0.0,0.00354,0.16856
2472,2531328,31.91972,383.0,0.5,0.82,1.305721,-0.001394,0.011023,0.002301,0.367051,0.017197,0.985586,29.772732,28.166979,28.518927,28.705666,4.0,4.697e-05,2,350,0.12369,0.1267,0.14,0.63,100,0.0,0.75,,,-0.03,0.01399,-0.00177,0.0,0.00432,0.08346
2473,2532352,44.65567,326.66667,0.66667,0.81,1.267994,-0.001072,0.015934,0.001297,0.276526,0.013031,0.981759,40.643211,27.459932,40.772911,28.663605,4.0,4.687e-05,6,349,0.11407,0.11613,0.16,0.64,100,0.0,0.98058,,,-0.03,0.02449,-0.00082,0.0,0.00913,0.30915
2474,2533376,39.93214,341.6,0.6,0.8,1.250711,-0.002202,0.01044,0.0029,0.333265,0.029236,0.984607,46.813465,25.099155,46.038635,25.061502,4.0,4.676e-05,5,348,0.11359,0.11516,0.18,0.64,100,0.0,0.98148,,,-0.03,0.01968,-0.0004,0.0,0.00949,0.23329
2475,2534400,72.57678,176.6,1.0,0.8,1.220898,-0.000925,0.037648,0.001317,0.245553,0.002869,0.661414,54.011002,10.089735,54.111626,10.182637,4.0,4.666e-05,5,353,0.10555,0.10847,0.18,0.66,100,0.2,0.5,,,-0.03,0.02458,-0.0003,0.0,0.0095,0.38404
2476,2535424,71.97062,187.33333,1.0,0.8,1.206436,-0.001737,0.020961,0.001962,0.324761,0.014725,0.948734,48.529297,17.957012,47.537624,19.58042,4.0,4.656e-05,3,374,0.11669,0.11909,0.18,0.65,100,0.0,0.90909,,,-0.03,0.01847,-0.00113,0.0,0.01213,0.25407
2477,2536448,70.19894,214.25,1.0,0.8,1.129798,-0.001162,0.015844,0.000832,0.203918,0.002304,0.977983,42.66608,25.251875,42.500607,25.925556,4.0,4.646e-05,4,367,0.09871,0.10166,0.18,0.65,100,0.0,0.75,,,-0.03,0.02229,-0.00032,0.0,0.00645,0.33105
2478,2537472,58.34737,255.16667,0.83333,0.8,1.119115,-0.001218,0.013944,0.001667,0.238611,0.013,0.974094,48.901676,22.79744,49.399879,23.166098,4.0,4.636e-05,6,354,0.09062,0.09268,0.19,0.66,100,0.0,0.86667,,,-0.03,0.02572,8e-05,0.0,0.01183,0.40215
2479,2538496,52.83515,270.75,0.75,0.81,1.12948,-0.001136,0.013482,0.000616,0.233813,0.00177,0.956217,52.717297,16.940241,52.454136,16.925186,4.0,4.625e-05,4,261,0.08228,0.08459,0.18,0.68,100,0.5,0.625,,,-0.03,0.02051,0.00019,0.0,0.00983,0.23122
2480,2539520,72.62815,175.125,1.0,0.83,1.182123,-0.001345,0.013042,0.001933,0.335224,0.018692,0.701733,58.489883,5.61731,59.670532,6.785865,4.0,4.615e-05,8,310,0.07629,0.07933,0.17,0.69,100,0.0,0.61905,,,-0.03,0.02909,0.00013,0.0,0.01554,0.58727
2481,2540544,74.86142,121.66667,1.0,0.83,1.162987,-0.000886,0.007241,0.000212,0.288035,0.000168,0.97556,55.055428,17.716503,54.10894,19.209837,4.0,4.605e-05,3,345,0.09313,0.09685,0.17,0.7,100,0.0,0.375,,,-0.03,0.02329,-0.00056,0.0,0.01103,0.23425
2482,2541568,58.28031,260.0,0.83333,0.82,1.103731,-0.00175,0.016558,0.002129,0.23797,0.02063,0.968287,50.795429,22.115702,50.764824,22.398933,4.0,4.595e-05,6,353,0.0772,0.08032,0.18,0.7,100,0.0,0.95312,,,-0.03,0.02453,-0.00068,0.0,0.00737,0.39004
2483,2542592,72.79684,168.0,1.0,0.83,1.099916,-0.000554,0.010974,0.000652,0.307354,0.001602,0.970827,56.533539,18.63961,55.50885,19.884907,4.0,4.584e-05,4,362,0.08755,0.09154,0.17,0.7,100,0.0,0.90909,,,-0.03,0.02079,-0.0012,0.0,0.01123,0.3244
2484,2543616,73.15106,157.28571,1.0,0.86,1.077818,-0.001903,0.009765,0.002194,0.275162,0.016586,0.983889,50.194492,25.757996,50.187386,26.785496,4.0,4.574e-05,7,342,0.07383,0.07694,0.14,0.68,100,0.0,0.85714,,,-0.03,0.02595,-0.00065,0.0,0.01173,0.5516
2485,2544640,47.03523,298.0,0.66667,0.87,1.053869,-0.001472,0.008536,0.001862,0.278014,0.011871,0.987547,53.102959,24.270597,52.552925,24.67194,4.0,4.564e-05,3,324,0.07049,0.07271,0.13,0.68,100,0.0,0.9,,,-0.03,0.024,0.00021,0.0,0.01125,0.1536
2486,2545664,61.80915,201.42857,0.85714,0.86,0.991518,-0.000501,0.02104,0.001345,0.386295,0.007202,0.96012,50.745823,22.995529,49.383987,23.782059,4.0,4.554e-05,7,301,0.072,0.07611,0.14,0.68,100,0.0,0.84211,,,-0.03,0.02589,0.00036,0.0,0.00198,0.50598
2487,2546688,74.89244,128.33333,1.0,0.87,0.926368,-0.001108,0.018881,0.001177,0.349283,0.009155,0.97437,44.541176,25.913544,43.182945,26.862551,4.0,4.543e-05,3,293,0.08478,0.08696,0.13,0.69,100,0.0,0.625,,,-0.03,0.02586,0.00014,0.0,0.01228,0.2791
2488,2547712,72.57371,165.0,1.0,0.88,0.928822,-0.000591,0.020567,0.000502,0.213204,0.001083,0.98229,39.456966,31.926151,38.88356,32.298592,4.0,4.533e-05,5,352,0.09293,0.09681,0.12,0.68,100,0.2,0.81818,,,-0.03,0.02677,0.00014,0.0,0.0052,0.49148
2489,2548736,19.90881,446.0,0.33333,0.87,0.786298,-0.000654,0.020771,0.000239,0.368597,0.000458,0.976801,35.463535,30.236176,33.760269,29.960688,4.0,4.523e-05,3,384,0.09112,0.09527,0.13,0.68,100,0.0,0.5,,,-0.03,0.02251,0.00047,0.0,0.0077,0.11331
2490,2549760,62.21969,223.71429,0.85714,0.86,0.909455,-0.000211,0.03762,0.000138,0.294426,7.6e-05,0.952456,46.174492,27.848215,47.159969,27.797623,4.0,4.513e-05,7,207,0.07976,0.08127,0.14,0.69,100,0.14286,0.71429,,,-0.03,0.03102,0.00097,0.0,0.01787,0.54241
2491,2550784,59.49464,126.0,0.8,0.86,1.006566,-0.000289,0.037811,0.000299,0.318227,0.000885,0.929797,52.819427,21.298826,51.3172,22.264666,4.0,4.502e-05,5,132,0.08518,0.08865,0.13,0.68,100,0.2,0.25,,,-0.03,0.0294,-5e-05,0.0,0.00926,0.33768
2492,2551808,57.48287,259.4,0.8,0.86,1.059204,-0.000597,0.032695,0.000684,0.309297,0.002594,0.948576,46.930599,23.092373,45.753777,24.211134,4.0,4.492e-05,5,165,0.0933,0.09772,0.13,0.68,100,0.2,0.86364,,,-0.03,0.02286,-0.00023,0.0,0.00669,0.34596
2493,2552832,73.71528,161.0,1.0,0.88,1.147918,-0.001761,0.009315,0.002867,0.279623,0.023285,0.989252,46.245621,27.724892,46.110756,28.476095,4.0,4.482e-05,4,242,0.09362,0.09568,0.11,0.66,100,0.0,0.85714,,,-0.03,0.02464,7e-05,0.0,0.01261,0.31312
2494,2553856,57.37872,234.0,0.8,0.88,1.077025,-0.00047,0.016362,0.00144,0.229254,0.006989,0.980594,47.2976,27.614309,46.943527,27.743465,4.0,4.472e-05,5,236,0.09482,0.09726,0.11,0.64,100,0.0,0.85714,,,-0.03,0.02824,0.00077,0.0,0.01036,0.33025
2495,2554880,72.16923,182.0,1.0,0.89,1.030768,-0.000375,0.039815,0.00084,0.37158,0.002182,0.923436,47.978035,23.877716,49.071335,23.482298,4.0,4.461e-05,6,239,0.10453,0.10665,0.1,0.62,100,0.0,0.83333,,,-0.03,0.029,0.0003,0.0,0.01105,0.51488
2496,2555904,58.12008,234.6,0.8,0.88,1.165129,-0.001262,0.017132,0.001372,0.304531,0.008957,0.888269,57.09024,10.679664,56.752129,11.783569,4.0,4.451e-05,5,263,0.10819,0.11002,0.11,0.63,100,0.0,0.4,,,-0.03,0.027,0.00053,0.0,0.01296,0.30016
2497,2556928,73.14326,160.0,1.0,0.89,1.137318,-0.000739,0.018469,0.000678,0.196843,0.002884,0.950889,53.713348,17.534754,53.737053,18.937717,4.0,4.441e-05,6,262,0.1146,0.11747,0.1,0.64,100,0.0,0.73333,,,-0.03,0.02944,0.00033,0.0,0.01055,0.46667
2498,2557952,73.23472,163.8,1.0,0.89,1.145144,-0.001004,0.015994,0.000777,0.226164,0.003632,0.972562,50.754456,23.461304,50.512825,23.527153,4.0,4.431e-05,5,263,0.11648,0.11857,0.1,0.62,100,0.0,0.91667,,,-0.03,0.02452,-0.00066,0.0,0.00956,0.39736
2499,2558976,59.59791,234.16667,0.83333,0.89,1.163499,-0.000848,0.0138,0.000922,0.231946,0.000992,0.968637,54.830006,19.586002,55.246338,19.909782,4.0,4.42e-05,6,268,0.10331,0.10526,0.1,0.62,100,0.0,0.76923,,,-0.03,0.0295,0.00011,0.0,0.01265,0.37017
2500,2560000,74.52462,137.4,1.0,0.89,1.095182,-0.002105,0.010533,0.002184,0.321297,0.017288,0.898385,60.074936,9.333158,60.374039,9.972569,4.0,4.41e-05,5,279,0.10887,0.11282,0.1,0.6,100,0.0,0.83333,,,-0.03,0.02711,-0.00031,0.0,0.01328,0.3986
2501,2561024,73.44926,152.25,1.0,0.89,1.106778,-0.000945,0.009789,0.002042,0.270001,0.016388,0.97227,56.270454,18.578436,56.325912,20.22044,4.0,4.4e-05,8,328,0.09707,0.09993,0.1,0.55,100,0.0,0.96,,,-0.03,0.03098,0.00029,0.0,0.01197,0.60741
2502,2562048,71.63404,173.75,1.0,0.9,1.039753,-0.000551,0.01317,0.000692,0.181705,0.003922,0.979842,54.696911,24.957943,54.479538,24.775806,4.0,4.39e-05,4,349,0.08743,0.09152,0.09,0.54,100,0.0,0.66667,,,-0.03,0.02449,-0.00033,0.0,0.0067,0.33151
2503,2563072,59.86694,236.33333,0.83333,0.89,1.087354,-0.001164,0.015929,0.002012,0.311629,0.016724,0.898864,60.021362,11.40125,59.496353,12.500693,4.0,4.38e-05,6,345,0.0885,0.09327,0.1,0.51,100,0.0,0.91667,,,-0.03,0.02513,-0.00069,0.0,0.01314,0.39986
2504,2564096,72.92028,163.83333,1.0,0.9,0.985442,-0.0007,0.019084,0.001177,0.269661,0.00528,0.940416,57.45739,17.221176,57.698494,17.854931,4.0,4.369e-05,6,349,0.09251,0.09534,0.09,0.53,100,0.0,0.90698,,,-0.03,0.03263,0.00103,0.0,0.01241,0.49503
2505,2565120,73.75506,146.0,1.0,0.91,1.008237,-0.002237,0.006255,0.0022,0.322951,0.018402,0.986994,56.465286,21.317383,55.71368,21.369289,4.0,4.359e-05,3,353,0.09641,0.09928,0.08,0.54,100,0.0,0.875,,,-0.03,0.02688,-0.00071,0.0,0.01029,0.25925
2506,2566144,54.83125,259.25,0.75,0.9,1.028528,-0.001144,0.019763,0.001837,0.607322,0.019333,0.964653,45.396931,23.575356,42.601929,24.189154,4.0,4.349e-05,4,374,0.10937,0.11525,0.09,0.54,100,0.25,0.78571,,,-0.03,0.01868,-0.00187,0.0,0.00418,0.28463
2507,2567168,68.9999,243.33333,1.0,0.9,1.146534,-0.000712,0.051933,0.001334,0.262398,0.007782,0.951023,41.493263,31.853012,41.421707,32.026253,4.0,4.339e-05,3,339,0.1022,0.10458,0.09,0.52,100,0.33333,0.92308,,,-0.03,0.01998,-0.00059,0.0,0.01167,0.23282
2508,2568192,51.9634,285.375,0.75,0.9,1.190096,-0.000937,0.010132,0.001746,0.287735,0.007431,0.987229,49.109211,28.4729,49.800022,28.667042,4.0,4.328e-05,8,343,0.09372,0.09546,0.09,0.51,100,0.0,0.94667,,,-0.03,0.02633,-1e-05,0.0,0.01039,0.43733
2509,2569216,61.09584,141.16667,0.83333,0.9,1.133285,-0.0006,0.046406,0.001087,0.376507,0.002411,0.506047,63.006424,5.905541,61.451035,9.552331,4.0,4.318e-05,6,340,0.10847,0.11364,0.08,0.5,100,0.16667,0.8,,,-0.03,0.03077,-0.00019,0.0,0.00873,0.38727
2510,2570240,74.87724,132.2,1.0,0.91,1.033064,-0.000644,0.010506,0.000453,0.261308,0.000992,0.954098,56.102745,13.352517,55.381393,14.437351,4.0,4.308e-05,5,332,0.09938,0.10147,0.08,0.5,100,0.0,0.8125,,,-0.03,0.02853,0.00031,0.0,0.01235,0.41445
2511,2571264,72.85965,159.33333,1.0,0.92,0.988592,-0.001502,0.022824,0.001912,0.454356,0.01593,0.953788,45.062683,20.657591,43.331379,21.932365,4.0,4.298e-05,3,377,0.10601,0.10985,0.07,0.51,100,0.0,0.5,,,-0.03,0.01999,-0.00059,0.0,0.00859,0.2742
2512,2572288,73.8745,140.75,1.0,0.92,1.040358,-0.001127,0.014072,0.00092,0.344539,0.007416,0.985015,33.418983,31.144661,32.165478,32.135895,4.0,4.287e-05,4,372,0.10476,0.10673,0.07,0.5,100,0.0,0.5,,,-0.03,0.01958,-0.00015,0.0,0.00979,0.36223
2513,2573312,58.13541,248.2,0.8,0.91,1.127175,-0.001595,0.009231,0.00188,0.278156,0.015396,0.992895,32.294106,34.738335,32.353157,35.383495,4.0,4.277e-05,5,360,0.09042,0.09185,0.08,0.49,100,0.2,0.84615,,,-0.03,0.02205,0.00044,0.0,0.00902,0.32612
2514,2574336,46.41314,294.66667,0.66667,0.9,1.132542,-0.000328,0.016509,0.000944,0.202821,0.001709,0.978778,48.926476,27.812925,49.020809,27.608973,4.0,4.267e-05,6,340,0.08933,0.09107,0.09,0.48,100,0.0,0.96774,,,-0.03,0.02524,0.00055,0.0,0.01354,0.30629
2515,2575360,53.6516,256.75,0.75,0.9,1.141146,-0.001059,0.011533,0.001702,0.342757,0.015244,0.956143,57.347527,15.230058,56.339943,15.788234,4.0,4.257e-05,4,365,0.11356,0.11758,0.09,0.49,100,0.0,0.81818,,,-0.03,0.02662,-0.00054,0.0,0.00879,0.24657
2516,2576384,71.4208,190.4,1.0,0.9,1.102158,-0.000522,0.025653,0.001018,0.36048,0.006378,0.958364,47.640656,22.302155,46.478142,24.028944,4.0,4.246e-05,5,378,0.13134,0.1351,0.09,0.48,100,0.0,0.95652,,,-0.03,0.02051,-0.00104,0.0,0.00596,0.45162
2517,2577408,73.85065,146.0,1.0,0.9,1.092476,-0.000777,0.015586,0.000907,0.304649,0.007294,0.983851,42.636776,30.707338,41.76902,31.135069,4.0,4.236e-05,4,367,0.10874,0.11281,0.09,0.48,100,0.0,0.8,,,-0.03,0.02292,-0.00077,0.0,0.00911,0.34482
2518,2578432,41.59842,326.6,0.6,0.88,1.065822,-0.000689,0.008654,0.000656,0.19932,0.003311,0.992271,42.675198,32.250694,42.68951,32.894917,4.0,4.226e-05,5,271,0.09817,0.10011,0.11,0.47,100,0.2,0.93103,,,-0.03,0.02612,-0.0001,0.0,0.01361,0.25678
2519,2579456,73.96493,151.0,1.0,0.89,1.228851,-0.001179,0.016164,0.001751,0.319242,0.019958,0.97563,52.08532,24.773718,51.82653,24.833754,4.0,4.216e-05,6,354,0.09974,0.10328,0.1,0.48,100,0.0,0.85294,,,-0.03,0.02425,-0.00093,0.0,0.01223,0.44916
2520,2580480,57.80421,226.8,0.8,0.88,1.157916,-0.000816,0.020624,0.00064,0.413143,0.003189,0.95361,55.20919,19.328959,53.760784,21.175644,4.0,4.205e-05,5,269,0.09348,0.09644,0.11,0.48,100,0.0,0.96,,,-0.03,0.02667,-0.00018,0.0,0.01269,0.3022
2521,2581504,73.87096,153.5,1.0,0.88,0.967076,-0.00153,0.035442,0.002445,0.396847,0.022003,0.956118,43.049156,27.344402,41.325424,27.459179,4.0,4.195e-05,4,140,0.09098,0.0954,0.11,0.49,100,0.25,0.66667,,,-0.03,0.02465,0.00062,0.0,0.00382,0.3673
2522,2582528,56.12401,259.0,0.8,0.87,0.898641,-0.000993,0.027481,0.001392,0.232334,0.008514,0.971352,33.664272,28.950022,33.191101,29.893879,4.0,4.185e-05,5,141,0.09508,0.0978,0.12,0.48,100,0.2,0.9697,,,-0.03,0.0222,-0.00017,0.0,0.00807,0.42592
2523,2583552,74.85889,128.75,1.0,0.88,0.880046,-0.000712,0.007398,0.000322,0.209842,0.000702,0.993097,37.939079,31.766048,38.101631,32.272915,4.0,4.175e-05,4,246,0.09403,0.0965,0.11,0.49,100,0.0,0.6,,,-0.03,0.02976,0.00064,0.0,0.0126,0.40721
2524,2584576,47.66255,298.5,0.66667,0.86,0.923808,-0.000782,0.005912,0.000707,0.217355,0.005127,0.994213,42.046745,31.320749,42.241665,31.604317,4.0,4.164e-05,6,239,0.10162,0.10347,0.13,0.5,100,0.33333,0.78571,,,-0.03,0.02853,0.00034,0.0,0.01452,0.38461
2525,2585600,58.48469,241.6,0.8,0.85,1.142971,-0.000896,0.014562,0.000978,0.284609,0.003677,0.948446,57.653805,15.709467,56.911606,15.981766,4.0,4.154e-05,5,216,0.09687,0.09864,0.14,0.52,100,0.2,0.66667,,,-0.03,0.02848,0.00043,0.0,0.01197,0.30047
2526,2586624,72.61616,171.66667,1.0,0.85,1.07191,-0.000571,0.023977,0.001465,0.342444,0.009583,0.912048,54.296547,14.495922,52.931847,15.842833,4.0,4.144e-05,3,247,0.09773,0.10121,0.14,0.51,100,0.33333,0.6,,,-0.03,0.02502,0.00012,0.0,0.00665,0.24739
2527,2587648,71.94613,182.0,1.0,0.85,0.964934,-0.000869,0.02541,0.001456,0.522334,0.009293,0.965438,38.075882,25.41828,35.675209,26.329409,4.0,4.134e-05,3,286,0.09793,0.10217,0.14,0.52,100,0.0,0.66667,,,-0.03,0.01376,-0.00026,0.0,0.00411,0.29357
2528,2588672,71.25635,206.0,1.0,0.86,0.952903,-0.000726,0.013264,0.001201,0.425958,0.007294,0.985857,23.255459,31.415497,21.452126,31.440351,4.0,4.124e-05,1,294,0.07953,0.0832,0.13,0.52,100,0.0,1.0,,,-0.03,0.01329,-0.00113,0.0,0.00667,0.10284
2529,2589696,-6.09234,600.0,0.0,0.84,1.004993,-0.000873,0.009802,0.000766,0.438299,0.003693,0.987555,18.544331,30.677658,16.829889,29.568262,4.0,4.113e-05,2,253,0.08135,0.0834,0.15,0.52,100,0.5,1.0,,,-0.03,0.01025,-0.00109,0.0,0.00307,0.0
2530,2590720,18.00623,466.66667,0.33333,0.82,1.050095,-0.000623,0.01445,0.00081,0.428967,0.003876,0.98599,28.511328,30.900486,26.909439,31.067553,4.0,4.103e-05,3,191,0.08455,0.08617,0.17,0.51,100,0.33333,1.0,,,-0.03,0.01715,-0.00031,0.0,0.00684,0.08677
2531,2591744,58.3218,267.0,0.83333,0.83,1.200706,-0.00133,0.044336,0.001226,0.6152,0.008652,0.943295,34.538033,29.531118,35.593979,29.586067,4.0,4.093e-05,6,217,0.08558,0.08776,0.16,0.5,100,0.16667,0.84615,,,-0.03,0.02009,-0.00025,0.0,0.00558,0.39509
2532,2592768,32.50438,376.5,0.5,0.82,1.075541,-0.000348,0.024519,0.000374,0.314176,0.000168,0.955943,42.315136,22.152725,40.991505,22.342901,4.0,4.083e-05,4,272,0.08256,0.0851,0.18,0.5,100,0.0,0.97297,,,-0.03,0.02081,0.00041,0.0,0.00887,0.17112
2533,2593792,72.69655,166.5,1.0,0.82,1.074078,-0.001951,0.026888,0.002167,0.303792,0.021896,0.942854,45.360268,19.263844,46.080704,21.320059,4.0,4.072e-05,6,336,0.08467,0.08726,0.18,0.52,100,0.0,0.72222,,,-0.03,0.02754,0.00017,0.0,0.01187,0.50544
2534,2594816,71.97678,178.5,1.0,0.82,1.053114,-0.000521,0.023562,0.000589,0.28425,0.000519,0.971856,37.903252,27.154499,36.696644,27.665724,4.0,4.062e-05,2,325,0.07862,0.08043,0.18,0.52,100,0.0,0.8,,,-0.03,0.01772,0.00015,0.0,0.00951,0.17112
2535,2595840,56.98897,256.2,0.8,0.81,1.094898,-0.000919,0.02313,0.001448,0.230922,0.010178,0.976101,33.222691,29.854961,33.11396,30.773384,4.0,4.052e-05,5,271,0.07821,0.07968,0.19,0.51,100,0.0,0.875,,,-0.03,0.02252,0.00031,0.0,0.00734,0.3343
2536,2596864,54.78701,239.5,0.75,0.81,1.154785,-0.000533,0.023538,0.001039,0.277894,0.001541,0.969236,37.104591,26.235161,36.496323,26.961168,4.0,4.042e-05,4,278,0.08379,0.08525,0.19,0.52,100,0.0,0.5,,,-0.03,0.02237,0.00045,0.0,0.01234,0.24012
2537,2597888,58.36658,256.16667,0.83333,0.82,1.088991,-0.000833,0.082592,0.001098,0.326191,0.005417,0.893809,35.008358,27.353138,35.407722,27.608406,4.0,4.031e-05,6,203,0.08454,0.08675,0.18,0.52,100,0.0,0.57143,,,-0.03,0.02121,0.0006,0.0,0.00822,0.41585
2538,2598912,72.88622,169.25,1.0,0.83,1.025883,-0.00045,0.035528,0.000417,0.203439,7.6e-05,0.9401,40.827633,22.842819,40.85144,23.67038,4.0,4.021e-05,4,258,0.09666,0.09994,0.17,0.52,100,0.0,0.77778,,,-0.03,0.0269,-9e-05,0.0,0.00745,0.35478
2539,2599936,50.87844,303.75,0.75,0.82,0.964888,-0.000619,0.041902,0.000483,0.261311,0.001709,0.941504,36.936989,26.083059,37.059944,26.410757,4.0,4.011e-05,4,363,0.10474,0.10848,0.18,0.5,100,0.25,1.0,,,-0.03,0.02299,-0.00059,0.0,0.00365,0.29303
2540,2600960,55.06215,156.75,0.75,0.81,1.081571,-0.001246,0.025373,0.00136,0.499825,0.010025,0.955332,43.051872,23.542555,41.641899,24.338558,4.0,4.001e-05,4,307,0.1102,0.11396,0.18,0.51,100,0.25,0.5,,,-0.03,0.02416,-0.00097,0.0,0.0089,0.26265
2541,2601984,46.58578,323.33333,0.66667,0.8,1.269713,-0.00086,0.024719,0.000871,0.422755,0.001541,0.966416,34.66103,25.38122,33.09127,27.106726,4.0,3.99e-05,3,295,0.11039,0.11205,0.19,0.51,100,0.33333,0.85714,,,-0.03,0.01643,-0.00063,0.0,0.00853,0.15049
2542,2603008,72.0921,185.5,1.0,0.81,1.293359,-0.0011,0.061549,0.001847,0.265024,0.012115,0.938693,24.942219,30.788063,24.679607,31.019588,4.0,3.98e-05,4,345,0.10099,0.10281,0.18,0.52,100,0.0,0.33333,,,-0.03,0.01541,-5e-05,0.0,0.00481,0.30426
2543,2604032,39.86344,325.4,0.6,0.8,1.169853,-0.000701,0.022363,0.000543,0.191907,0.000748,0.9786,32.984295,30.330732,32.990082,31.281397,4.0,3.97e-05,5,322,0.10066,0.10267,0.19,0.54,100,0.0,0.92308,,,-0.03,0.02415,0.00033,0.0,0.00623,0.23801
2544,2605056,72.72285,156.5,1.0,0.8,1.079361,-0.000731,0.022706,0.000964,0.233685,0.006409,0.975582,35.516838,29.114769,34.979668,29.369183,4.0,3.96e-05,2,341,0.09865,0.10143,0.19,0.56,100,0.0,0.66667,,,-0.03,0.01968,-0.00028,0.0,0.00565,0.17588
2545,2606080,44.9438,306.66667,0.66667,0.8,1.009444,-0.00096,0.023353,0.001436,0.465874,0.010651,0.968428,30.829082,27.418312,29.031029,28.290688,4.0,3.949e-05,3,299,0.10201,0.10424,0.19,0.55,100,0.0,0.85714,,,-0.03,0.0187,-0.00036,0.0,0.00717,0.18834
2546,2607104,51.73903,297.75,0.75,0.79,0.999544,-0.000717,0.021985,0.000875,0.316461,0.003067,0.97768,29.366627,30.25972,29.277441,30.721798,4.0,3.939e-05,4,338,0.10782,0.11037,0.2,0.57,100,0.0,0.84615,,,-0.03,0.02076,-0.00058,0.0,0.00582,0.27793
2547,2608128,57.37092,256.8,0.8,0.79,0.934219,-0.000665,0.020861,0.000339,0.220815,0.000427,0.980641,28.854313,30.880049,29.247864,31.743246,4.0,3.929e-05,5,346,0.10274,0.10518,0.2,0.58,100,0.0,0.8125,,,-0.03,0.02359,0.0001,0.0,0.00905,0.39566
2548,2609152,46.29514,303.83333,0.66667,0.77,1.031305,-0.001057,0.023717,0.001243,0.23034,0.009094,0.957125,44.938091,21.895712,45.434654,23.023037,4.0,3.919e-05,6,312,0.10115,0.10456,0.22,0.58,100,0.16667,0.8,,,-0.03,0.02816,6e-05,0.0,0.00763,0.3466
2549,2610176,73.38596,147.25,1.0,0.78,1.026699,-0.000569,0.027194,0.000493,0.285063,0.000854,0.954046,45.579552,23.471016,45.174301,24.750612,4.0,3.908e-05,4,338,0.10404,0.10708,0.21,0.59,100,0.0,0.55556,,,-0.03,0.02596,0.00016,0.0,0.0133,0.34777
2550,2611200,54.03237,158.5,0.75,0.78,1.035118,-0.000997,0.057715,0.001744,0.420805,0.017303,0.936383,35.796799,29.344824,33.762024,29.137602,4.0,3.898e-05,4,357,0.09359,0.09732,0.2,0.57,100,0.25,0.93333,,,-0.03,0.02144,-0.00054,0.0,0.00502,0.27457
2551,2612224,45.10545,341.0,0.66667,0.78,1.200112,-0.000554,0.035798,0.001397,0.300071,0.005539,0.956652,36.036297,27.438074,35.040077,27.884478,4.0,3.888e-05,3,329,0.10437,0.10649,0.2,0.59,100,0.0,0.83333,,,-0.03,0.01936,-0.00023,0.0,0.00608,0.15818
2552,2613248,56.38566,269.6,0.8,0.77,1.114462,-0.000839,0.030974,0.001114,0.228839,0.005371,0.966667,36.347969,29.087027,36.563004,29.758572,4.0,3.878e-05,5,313,0.10112,0.10383,0.21,0.6,100,0.0,0.81818,,,-0.03,0.0256,-0.00031,0.0,0.00782,0.34048
2553,2614272,46.99767,288.33333,0.66667,0.77,1.052595,-0.001417,0.021627,0.001362,0.497144,0.011749,0.970964,34.819931,26.266134,32.48278,26.524586,4.0,3.868e-05,3,351,0.09952,0.10278,0.21,0.6,100,0.0,0.9,,,-0.03,0.01947,-0.00019,0.0,0.0054,0.183
2554,2615296,70.5414,204.5,1.0,0.8,0.979338,-0.000392,0.047853,0.000344,0.275268,0.000107,0.951833,28.902756,29.180141,29.639977,30.603033,4.0,3.857e-05,4,351,0.09928,0.1022,0.18,0.61,100,0.0,0.84615,,,-0.03,0.02189,-0.00054,0.0,0.00916,0.38597
2555,2616320,47.68461,299.33333,0.66667,0.8,1.069309,-0.000918,0.018035,0.000718,0.379303,0.001648,0.98043,28.568666,31.313707,27.282673,31.080643,4.0,3.847e-05,3,354,0.10356,0.10532,0.18,0.62,100,0.0,0.90909,,,-0.03,0.01791,-0.00063,0.0,0.00744,0.18305
2556,2617344,41.41651,332.6,0.6,0.8,1.073985,-0.001612,0.025822,0.002313,0.397477,0.023056,0.973669,22.827648,30.652605,21.930809,31.969616,4.0,3.837e-05,5,347,0.09996,0.10306,0.18,0.64,100,0.0,0.78571,,,-0.03,0.01591,-0.00052,0.0,0.00617,0.27246
2557,2618368,74.71859,128.0,1.0,0.8,1.140292,-0.001201,0.015907,0.001359,0.24095,0.007797,0.98733,28.802149,34.171745,28.702742,34.927177,4.0,3.827e-05,3,335,0.097,0.09954,0.18,0.65,100,0.0,0.25,,,-0.03,0.02204,-3e-05,0.0,0.01165,0.24355
2558,2619392,57.67964,234.6,0.8,0.79,1.101655,-0.000843,0.024731,0.000522,0.249686,0.00119,0.97817,34.275455,33.090191,34.512543,33.229813,4.0,3.816e-05,5,327,0.08409,0.08598,0.19,0.65,100,0.0,0.90909,,,-0.03,0.02457,0.00052,0.0,0.00965,0.31989
2559,2620416,46.10787,297.5,0.66667,0.77,1.083143,-0.000968,0.025977,0.00111,0.236382,0.005936,0.95101,45.33812,21.899357,45.45969,22.846273,4.0,3.806e-05,6,342,0.08857,0.09123,0.21,0.66,100,0.16667,0.91667,,,-0.03,0.02681,0.00037,0.0,0.01088,0.32971
2560,2621440,74.20401,137.83333,1.0,0.79,1.149842,-0.001206,0.019606,0.001825,0.364438,0.012802,0.968175,46.165504,24.579935,46.055489,26.809212,4.0,3.796e-05,6,316,0.09095,0.09423,0.19,0.69,100,0.0,0.73333,,,-0.03,0.02593,-0.00018,0.0,0.01515,0.48097
2561,2622464,74.4091,143.8,1.0,0.8,1.104152,-0.001232,0.01135,0.001605,0.282599,0.009125,0.990652,40.56522,33.181007,40.889839,33.608574,4.0,3.786e-05,5,322,0.08069,0.08366,0.18,0.67,100,0.0,0.85,,,-0.03,0.02468,0.00019,0.0,0.01179,0.40649
2562,2623488,58.13317,230.6,0.8,0.79,0.937613,-0.000871,0.028965,0.000924,0.273841,0.005905,0.973869,35.00811,32.194862,34.122932,32.495289,4.0,3.775e-05,5,331,0.07729,0.08162,0.19,0.67,100,0.0,0.8,,,-0.03,0.02488,0.00037,0.0,0.00475,0.38977
2563,2624512,32.4199,360.0,0.5,0.78,0.781312,-0.000469,0.031873,0.000103,0.612169,0.000107,0.954897,37.934433,25.303272,34.82642,25.543104,4.0,3.765e-05,2,350,0.0832,0.08932,0.2,0.67,100,0.0,0.95833,,,-0.03,0.02359,0.00012,0.0,0.0019,0.11815
2564,2625536,69.74053,207.66667,1.0,0.79,0.785182,-0.000784,0.057612,0.001149,0.317409,0.0065,0.945335,20.644838,31.486334,21.271858,32.581337,4.0,3.755e-05,3,359,0.08366,0.08678,0.19,0.66,100,0.0,0.91667,,,-0.03,0.02224,-0.00039,0.0,0.0046,0.36272
2565,2626560,53.90057,266.5,0.75,0.8,0.855097,-0.000528,0.031916,0.000205,0.272891,0.000122,0.970726,21.481579,33.300667,20.741844,32.469269,4.0,3.745e-05,4,336,0.07891,0.08138,0.19,0.67,100,0.5,0.8,,,-0.03,0.0142,0.00011,0.0,0.00592,0.33794
2566,2627584,20.97389,444.33333,0.33333,0.78,0.972284,-0.001331,0.024297,0.001854,0.548691,0.01741,0.970283,23.415867,29.259449,20.931198,29.201277,4.0,3.734e-05,3,333,0.08177,0.08398,0.21,0.68,100,0.33333,0.875,,,-0.03,0.01818,-0.00032,0.0,0.00489,0.09753
2567,2628608,48.5636,297.66667,0.66667,0.78,1.006305,-0.000529,0.023793,0.000891,0.375801,0.004776,0.975685,23.016552,30.294756,22.048731,30.868486,4.0,3.724e-05,3,283,0.08017,0.08343,0.21,0.66,100,0.33333,1.0,,,-0.03,0.02059,0.00025,0.0,0.006,0.18268
2568,2629632,50.84272,293.75,0.75,0.78,0.936963,-0.000577,0.082157,0.000755,0.28065,0.002838,0.90873,21.099079,29.843655,21.112812,29.789402,4.0,3.714e-05,4,224,0.08539,0.08802,0.21,0.65,100,0.25,0.95,,,-0.03,0.02007,0.00039,0.0,0.00558,0.29639
2569,2630656,53.3243,261.75,0.75,0.78,0.904774,-0.000558,0.035499,0.000761,0.22852,0.004089,0.957327,21.497458,27.145239,21.318882,28.435272,4.0,3.704e-05,4,251,0.08676,0.09,0.21,0.64,100,0.0,0.83333,,,-0.03,0.02085,0.00013,0.0,0.00478,0.3178
2570,2631680,47.0416,301.0,0.66667,0.78,0.986097,-0.000545,0.022186,0.000276,0.249265,0.000519,0.975713,23.371094,29.172543,23.47324,29.856894,4.0,3.693e-05,3,365,0.09356,0.09552,0.21,0.64,100,0.33333,0.5,,,-0.03,0.02067,-0.00037,0.0,0.01044,0.19542
2571,2632704,45.30296,335.66667,0.66667,0.77,1.015975,-0.00061,0.035434,0.000636,0.278691,0.003708,0.953019,28.30744,27.367886,28.120409,27.510826,4.0,3.683e-05,3,350,0.09524,0.09779,0.22,0.65,100,0.33333,0.88235,,,-0.03,0.02231,5e-05,0.0,0.00679,0.17901
2572,2633728,61.63008,225.85714,0.85714,0.79,1.043836,-0.000762,0.041493,0.000682,0.373143,0.002304,0.947266,31.945942,26.62072,33.426193,28.337568,4.0,3.673e-05,7,363,0.10315,0.10522,0.2,0.64,100,0.0,0.90909,,,-0.03,0.02578,0.0002,0.0,0.01103,0.54347
2573,2634752,57.87003,240.4,0.8,0.78,1.11655,-0.000412,0.024531,0.000233,0.272258,0.000153,0.961804,42.238907,23.495663,42.878693,24.321951,4.0,3.663e-05,5,309,0.09836,0.10132,0.21,0.62,100,0.2,0.93333,,,-0.03,0.02758,6e-05,0.0,0.01256,0.33075
2574,2635776,73.58765,149.33333,1.0,0.78,0.992187,-0.000738,0.033163,0.00097,0.225101,0.00589,0.951944,39.546074,24.876518,39.149193,25.948824,4.0,3.652e-05,3,245,0.09345,0.09666,0.21,0.63,100,0.0,0.66667,,,-0.03,0.02415,0.00046,0.0,0.0093,0.2685
2575,2636800,61.16797,237.14286,0.85714,0.79,1.057869,-0.001131,0.024767,0.000659,0.555642,0.00148,0.96413,39.301781,25.551855,41.771645,26.592981,4.0,3.642e-05,7,326,0.09379,0.09612,0.21,0.62,100,0.0,0.85185,,,-0.03,0.02849,0.0004,0.0,0.01308,0.49529
2576,2637824,73.6174,151.0,1.0,0.79,0.974686,-0.000553,0.038359,0.000654,0.327271,0.002823,0.952773,46.161438,27.256744,45.427567,27.839975,4.0,3.632e-05,3,360,0.0935,0.10035,0.21,0.62,100,0.0,0.88235,,,-0.03,0.02476,-0.00049,0.0,0.00479,0.2734
2577,2638848,56.27671,265.2,0.8,0.8,0.933055,-0.000677,0.043266,0.000896,0.261362,0.003723,0.94181,40.833771,26.852531,40.272869,27.27285,4.0,3.622e-05,5,378,0.08736,0.09368,0.2,0.61,100,0.4,0.94872,,,-0.03,0.02594,-0.00139,0.0,0.0043,0.39176
2578,2639872,48.9601,177.5,0.66667,0.79,1.017948,-0.000386,0.039866,0.000448,0.397118,0.000671,0.955461,37.125565,29.796818,36.003139,31.392464,4.0,3.612e-05,6,326,0.0872,0.09211,0.19,0.61,100,0.33333,0.83333,,,-0.03,0.02807,4e-05,0.0,0.01069,0.34402
2579,2640896,74.3209,133.2,1.0,0.81,1.086406,-0.000674,0.026327,0.00067,0.28182,0.004044,0.977053,36.855522,32.402973,37.360794,32.950729,4.0,3.601e-05,5,354,0.08141,0.08375,0.17,0.6,100,0.0,0.66667,,,-0.03,0.02541,0.00048,0.0,0.00793,0.40765
2580,2641920,45.40515,314.33333,0.66667,0.79,1.015065,-0.000539,0.053104,0.000348,0.289573,0.001205,0.927127,40.377892,26.69319,41.096272,26.774185,4.0,3.591e-05,6,361,0.08498,0.08872,0.19,0.59,100,0.16667,0.96552,,,-0.03,0.02432,0.00069,0.0,0.00713,0.34691
2581,2642944,72.13879,175.75,1.0,0.8,1.040795,-0.00027,0.047712,0.000297,0.323103,0.000565,0.36447,55.080883,10.570724,56.067974,8.871434,4.0,3.581e-05,4,332,0.08781,0.09178,0.18,0.6,100,0.25,0.66667,,,-0.03,0.03075,0.00079,0.0,0.01231,0.32137
2582,2643968,72.64075,157.25,1.0,0.82,1.086938,-0.001067,0.029528,0.001762,0.378465,0.010574,0.463969,55.410461,8.2521,56.447849,7.825341,4.0,3.571e-05,8,334,0.08949,0.09373,0.16,0.59,100,0.125,0.76923,,,-0.03,0.03236,0.0007,0.0,0.0074,0.62258
2583,2644992,73.11755,151.42857,1.0,0.82,1.051718,-0.000667,0.016593,0.001036,0.23418,0.00679,0.831921,56.78878,8.360402,57.240456,9.588091,4.0,3.56e-05,7,353,0.09354,0.09664,0.16,0.58,100,0.0,0.70588,,,-0.03,0.02977,0.00062,0.0,0.00903,0.56322
2584,2646016,54.00564,174.75,0.75,0.82,0.944465,-0.000495,0.04025,0.000807,0.306047,0.00351,0.868352,51.237968,15.769741,50.180225,17.495825,4.0,3.55e-05,4,355,0.09278,0.09765,0.15,0.58,100,0.5,0.66667,,,-0.03,0.02146,0.00032,0.0,0.00952,0.27423
2585,2647040,71.69179,194.0,1.0,0.83,0.991079,-0.000609,0.017748,0.001116,0.290203,0.004929,0.961852,48.511318,21.049273,47.990536,22.004749,4.0,3.54e-05,3,237,0.08908,0.09264,0.14,0.57,100,0.33333,0.94118,,,-0.03,0.02416,-0.00051,0.0,0.00986,0.25618
2586,2648064,72.85818,168.8,1.0,0.84,0.962475,-0.000698,0.015545,0.00105,0.213895,0.006561,0.980181,42.576797,27.834139,42.658482,28.59161,4.0,3.53e-05,5,278,0.09605,0.09948,0.13,0.57,100,0.0,0.73333,,,-0.03,0.02498,5e-05,0.0,0.01071,0.46362
2587,2649088,46.0326,325.0,0.66667,0.85,0.936988,-0.000442,0.045724,0.000638,0.261441,0.001587,0.92079,47.070621,23.954029,48.060165,23.61182,4.0,3.519e-05,6,131,0.09445,0.09855,0.12,0.59,100,0.33333,0.90625,,,-0.03,0.03175,0.00083,0.0,0.00478,0.35621
2588,2650112,73.27123,144.25,1.0,0.85,0.969118,-0.00097,0.023468,0.001282,0.281447,0.010696,0.916667,55.236824,15.370846,54.679817,16.473539,4.0,3.509e-05,4,125,0.0947,0.09826,0.12,0.58,100,0.25,0.6,,,-0.03,0.02491,0.00052,0.0,0.01108,0.34037
2589,2651136,73.07685,158.66667,1.0,0.87,0.92254,-0.000347,0.016385,0.000202,0.234099,0.001297,0.972998,49.157082,23.374147,48.581352,24.258419,4.0,3.499e-05,6,234,0.08868,0.09499,0.1,0.58,100,0.16667,0.86207,,,-0.03,0.02906,3e-05,0.0,0.0053,0.5463
2590,2652160,59.00616,197.0,0.83333,0.88,0.921709,-0.000735,0.015184,0.000861,0.214192,0.005417,0.971351,52.038696,22.902933,52.464291,23.014147,4.0,3.489e-05,6,231,0.09689,0.10258,0.08,0.58,100,0.16667,0.92105,,,-0.03,0.02735,-0.00083,0.0,0.01055,0.45912
2591,2653184,60.63643,225.66667,0.83333,0.88,1.049416,-0.000709,0.015093,0.000327,0.213925,0.001236,0.925489,59.123016,14.005981,59.482624,14.08242,4.0,3.478e-05,6,218,0.08492,0.089,0.08,0.58,100,0.16667,0.96429,,,-0.03,0.03045,0.00014,0.0,0.0133,0.3957
2592,2654208,72.3783,172.42857,1.0,0.89,1.049865,-0.001195,0.019568,0.002962,0.247736,0.02565,0.610338,61.451077,7.174563,61.608826,7.029322,4.0,3.468e-05,7,233,0.08621,0.09076,0.07,0.58,100,0.42857,0.90196,,,-0.03,0.02672,-0.00058,0.0,0.01123,0.53146
2593,2655232,73.86612,148.2,1.0,0.89,1.046335,-0.000767,0.011328,0.00149,0.244772,0.01474,0.780285,63.055649,7.00243,63.494144,7.15889,4.0,3.458e-05,5,260,0.08995,0.09496,0.07,0.6,100,0.0,0.75,,,-0.03,0.02713,-0.00018,0.0,0.01608,0.39863
2594,2656256,74.02256,144.16667,1.0,0.9,1.090903,-0.001263,0.009543,0.002437,0.334955,0.024231,0.956464,58.537159,14.789245,58.017822,16.479549,4.0,3.448e-05,6,253,0.08928,0.09327,0.06,0.61,100,0.16667,0.9,,,-0.03,0.0314,-0.00015,0.0,0.01089,0.45752
2595,2657280,73.94516,141.33333,1.0,0.9,1.137835,-0.000197,0.009282,0.000466,0.239472,0.000946,0.984487,54.199566,23.991142,53.708122,24.239342,4.0,3.437e-05,3,267,0.09633,0.10026,0.06,0.62,100,0.0,0.5,,,-0.03,0.02073,-0.00106,0.0,0.0125,0.23321
2596,2658304,55.09771,282.0,0.8,0.9,1.21683,-0.001815,0.019708,0.002437,0.502375,0.024368,0.954361,51.453476,20.65444,50.131081,22.182838,4.0,3.427e-05,5,258,0.08794,0.09268,0.06,0.61,100,0.4,0.96875,,,-0.03,0.02044,-0.00148,0.0,0.00823,0.29201
2597,2659328,74.25603,132.57143,1.0,0.92,1.164562,-0.001101,0.010576,0.001989,0.306229,0.018585,0.98988,46.426891,31.934128,46.429272,33.265778,4.0,3.417e-05,7,318,0.07433,0.078,0.06,0.61,100,0.0,0.66667,,,-0.03,0.02573,0.00031,0.0,0.01011,0.51845
2598,2660352,33.51834,280.5,0.5,0.91,1.134392,-0.000332,0.023509,0.001515,0.198149,0.009354,0.978226,46.12513,33.069263,45.687225,33.333191,4.0,3.407e-05,6,348,0.08497,0.08758,0.06,0.62,100,0.33333,0.96053,,,-0.03,0.02422,0.00033,0.0,0.01313,0.22301
2599,2661376,74.73939,130.0,1.0,0.91,1.094003,-0.000558,0.017001,0.001486,0.318604,0.007431,0.879952,60.81052,10.360568,60.219784,12.277248,4.0,3.396e-05,6,334,0.08288,0.08742,0.06,0.64,100,0.0,0.69231,,,-0.03,0.03084,0.00029,0.0,0.01205,0.4539
2600,2662400,74.44962,126.83333,1.0,0.91,1.086396,-0.000788,0.018729,0.001186,0.284805,0.006744,0.973124,52.357708,25.340948,51.483021,26.44993,4.0,3.386e-05,6,351,0.08982,0.09333,0.06,0.62,100,0.33333,0.5,,,-0.03,0.02725,-0.00024,0.0,0.01153,0.48667
2601,2663424,74.2165,137.33333,1.0,0.91,1.105084,-0.001116,0.009689,0.001398,0.382421,0.012131,0.989055,43.97229,31.062893,42.901123,31.520588,4.0,3.376e-05,3,349,0.09413,0.0974,0.06,0.63,100,0.0,0.76923,,,-0.03,0.02111,-0.0006,0.0,0.01487,0.24511
2602,2664448,54.32794,245.5,0.75,0.9,1.128634,-0.000815,0.012527,0.000873,0.516387,0.002914,0.985493,38.86467,31.838043,37.115784,32.872654,4.0,3.366e-05,4,365,0.08708,0.0908,0.07,0.63,100,0.0,0.90698,,,-0.03,0.02182,-0.00064,0.0,0.01188,0.24253
2603,2665472,62.07847,213.42857,0.85714,0.9,1.139627,-0.00104,0.032779,0.001861,0.377875,0.018311,0.974251,36.932499,35.594704,36.609043,35.482517,4.0,3.356e-05,7,332,0.08722,0.09119,0.08,0.65,100,0.0,0.89583,,,-0.03,0.02446,0.00012,0.0,0.00397,0.4873
2604,2666496,41.67797,242.6,0.6,0.88,0.983384,-0.000752,0.044313,0.001494,0.311035,0.010849,0.957299,36.932053,31.640781,35.52034,31.808439,4.0,3.345e-05,5,367,0.08839,0.09167,0.09,0.66,100,0.2,0.93548,,,-0.03,0.02245,0.00051,0.0,0.00836,0.27833
2605,2667520,62.64599,198.42857,0.85714,0.88,1.055523,-0.000336,0.013193,0.000591,0.258624,0.002335,0.973581,52.497112,21.492296,52.667702,22.363638,4.0,3.335e-05,7,341,0.09041,0.09285,0.09,0.64,100,0.0,0.925,,,-0.03,0.03133,0.00075,0.0,0.01536,0.48297
2606,2668544,73.8379,145.25,1.0,0.89,0.947454,-0.000192,0.040199,0.00013,0.232765,0.000107,0.924267,47.89323,23.266226,47.08223,22.988466,4.0,3.325e-05,4,348,0.08687,0.09111,0.08,0.65,100,0.25,0.76923,,,-0.03,0.02842,0.00018,0.0,0.00931,0.35334
2607,2669568,60.91915,225.16667,0.83333,0.88,0.921383,-0.000538,0.025722,0.000742,0.270286,0.004639,0.96576,39.838303,25.516781,39.497578,26.946926,4.0,3.315e-05,6,363,0.09041,0.09379,0.09,0.65,100,0.16667,0.82609,,,-0.03,0.02635,0.00067,0.0,0.01304,0.47118
2608,2670592,75.11802,123.33333,1.0,0.89,1.025234,-0.00055,0.011299,0.000175,0.244167,0.000183,0.986063,43.200798,27.953259,43.812824,28.83761,4.0,3.304e-05,6,363,0.09428,0.09625,0.09,0.66,100,0.0,0.5,,,-0.03,0.03092,0.001,0.0,0.01589,0.52411
2609,2671616,74.04519,138.0,1.0,0.9,0.955285,-0.000723,0.017507,0.000965,0.215522,0.009644,0.979626,42.490643,28.96925,42.440468,29.062574,4.0,3.294e-05,5,369,0.0861,0.08945,0.08,0.64,100,0.0,0.9,,,-0.03,0.02791,0.00049,0.0,0.00828,0.4704
2610,2672640,47.86978,291.0,0.66667,0.88,1.074649,-0.000845,0.017526,0.000637,0.288277,0.00148,0.969228,47.280487,22.979975,46.419781,23.746988,4.0,3.284e-05,6,342,0.0881,0.09061,0.1,0.64,100,0.33333,0.77778,,,-0.03,0.03015,0.0008,0.0,0.00875,0.33951
2611,2673664,72.90706,155.25,1.0,0.88,0.999667,-0.000421,0.036198,0.00025,0.298164,0.000107,0.939936,42.662842,22.899502,41.282097,23.814894,4.0,3.274e-05,4,361,0.10068,0.10517,0.1,0.64,100,0.0,0.83333,,,-0.03,0.02077,0.00016,0.0,0.00972,0.38617
2612,2674688,nan,nan,0.0,0.88,0.941808,-0.000478,0.015331,0.00068,0.741429,0.002701,0.980107,25.688599,28.294727,22.213823,27.303053,4.0,3.263e-05,0,384,0.09521,0.09861,0.1,0.64,100,0.0,0.0,,,-0.03,0.01322,-0.00071,0.0,0.00682,0.0
2613,2675712,51.40768,309.75,0.75,0.87,0.950918,-0.001103,0.051143,0.001247,0.446311,0.008621,0.947397,12.543484,29.884077,13.53179,31.469852,4.0,3.253e-05,4,394,0.08425,0.08652,0.11,0.65,100,0.0,0.84615,,,-0.03,0.01735,-0.0006,0.0,0.00692,0.31722
2614,2676736,54.33076,253.75,0.75,0.86,1.020812,-0.001321,0.010698,0.001632,0.283301,0.013397,0.991698,23.927355,34.644093,24.047039,34.788052,4.0,3.243e-05,4,283,0.09667,0.0988,0.12,0.67,100,0.0,0.7,,,-0.03,0.02075,-0.00011,0.0,0.00729,0.29438
2615,2677760,33.41489,378.16667,0.5,0.83,1.178057,-0.000704,0.015248,0.000627,0.296788,0.000763,0.97783,44.033344,26.423157,44.541519,26.664688,4.0,3.233e-05,6,304,0.09849,0.09916,0.15,0.67,100,0.16667,0.97143,,,-0.03,0.0271,0.00037,0.0,0.01592,0.23023
2616,2678784,73.85784,154.6,1.0,0.84,1.149121,-0.000913,0.023017,0.001004,0.329608,0.004501,0.760288,54.44265,8.023677,53.113106,9.530074,4.0,3.222e-05,5,307,0.09819,0.10248,0.14,0.67,100,0.0,0.66667,,,-0.03,0.02806,0.00033,0.0,0.00585,0.38825
2617,2679808,72.15077,173.6,1.0,0.84,0.991059,-0.00073,0.037553,0.001369,0.342555,0.010269,0.933333,41.087486,21.688755,40.571617,24.410992,4.0,3.212e-05,5,294,0.10022,0.10259,0.14,0.66,100,0.0,0.77778,,,-0.03,0.02528,0.00066,0.0,0.01291,0.46281
2618,2680832,75.63876,120.25,1.0,0.85,0.929149,-0.000552,0.019043,0.001063,0.229793,0.005127,0.983394,31.255657,32.830627,30.927364,33.596806,4.0,3.202e-05,4,314,0.09773,0.10059,0.14,0.65,100,0.0,0.0,,,-0.03,0.02854,0.00072,0.0,0.0106,0.39965
2619,2681856,73.35216,153.0,1.0,0.87,0.795739,-0.000315,0.031865,0.00025,0.182445,1.5e-05,0.97098,24.737194,32.375065,24.548801,32.607529,4.0,3.192e-05,4,322,0.10995,0.11389,0.12,0.64,100,0.0,0.66667,,,-0.03,0.02397,0.00043,0.0,0.00127,0.48711
2620,2682880,26.73124,419.0,0.4,0.84,0.793368,-0.000659,0.021738,0.000371,0.338686,0.000458,0.976637,29.707157,30.80731,28.219597,30.629469,4.0,3.181e-05,5,323,0.09454,0.09701,0.15,0.65,100,0.6,0.8,,,-0.03,0.02539,0.00043,0.0,0.00508,0.22611
2621,2683904,71.59873,169.5,1.0,0.84,0.720178,-0.000495,0.049614,0.000725,0.251937,0.002655,0.93133,27.323124,25.953575,26.660307,26.511061,4.0,3.171e-05,2,306,0.09659,0.10184,0.15,0.64,100,0.5,1.0,,,-0.03,0.02296,0.00067,0.0,0.00399,0.23417
2622,2684928,47.5145,309.33333,0.66667,0.83,0.767122,-0.000776,0.0206,0.000747,0.306303,0.00531,0.974597,22.71022,28.230961,21.809631,28.548677,4.0,3.161e-05,3,303,0.10211,0.10474,0.16,0.64,100,0.33333,0.75,,,-0.03,0.02405,-0.00061,0.0,0.00563,0.24002
2623,2685952,57.63847,254.4,0.8,0.82,0.893211,-0.000799,0.033505,0.00047,0.40219,0.001755,0.966925,20.050797,31.077999,21.304768,32.550095,4.0,3.151e-05,5,288,0.10213,0.10481,0.17,0.62,100,0.2,0.75,,,-0.03,0.02271,-0.00031,0.0,0.00767,0.42096
2624,2686976,58.29567,222.4,0.8,0.82,0.933796,-0.000824,0.020165,0.000654,0.296181,0.004272,0.981887,30.74098,32.142101,30.921188,32.980682,4.0,3.14e-05,5,295,0.09277,0.09609,0.17,0.61,100,0.0,0.6,,,-0.03,0.02516,0.00079,0.0,0.00647,0.38266
2625,2688000,42.36283,319.2,0.6,0.81,0.877683,-0.000299,0.02477,0.000309,0.253672,0.000244,0.967824,39.020638,27.183632,38.725426,28.34763,4.0,3.13e-05,5,260,0.09542,0.09884,0.18,0.6,100,0.2,0.94444,,,-0.03,0.02949,0.00085,0.0,0.00971,0.28801
2626,2689024,73.46513,147.2,1.0,0.83,0.866538,-0.00072,0.042531,0.000975,0.393686,0.005173,0.944775,38.280518,27.336479,39.366295,27.829565,4.0,3.12e-05,5,290,0.0957,0.09767,0.17,0.63,100,0.2,0.4,,,-0.03,0.02968,0.00074,0.0,0.01648,0.49032
2627,2690048,74.68781,130.8,1.0,0.84,0.882654,-0.000517,0.012445,0.000534,0.27368,0.001572,0.984556,41.586082,28.134581,42.233097,28.494267,4.0,3.11e-05,5,283,0.09498,0.09742,0.16,0.62,100,0.2,0.33333,,,-0.03,0.033,0.00112,0.0,0.01382,0.469
2628,2691072,61.17512,226.0,0.83333,0.83,0.964399,-0.000505,0.021734,0.000336,0.22371,0.000748,0.962821,48.19466,23.363115,48.983044,23.905342,4.0,3.1e-05,6,279,0.09726,0.10005,0.17,0.62,100,0.16667,0.5,,,-0.03,0.03281,0.00079,0.0,0.01366,0.42998
2629,2692096,64.07862,205.75,0.875,0.83,1.065963,-0.000436,0.032386,0.000535,0.332332,0.001709,0.801619,56.433258,13.894739,57.820068,12.898937,4.0,3.089e-05,8,265,0.10221,0.10446,0.17,0.61,100,0.25,0.53846,,,-0.03,0.03235,0.00034,0.0,0.0128,0.54586
2630,2693120,74.28523,137.83333,1.0,0.83,1.072145,-0.000823,0.014373,0.000774,0.248654,0.002762,0.848527,60.70295,8.952604,60.851051,9.522815,4.0,3.079e-05,6,291,0.108,0.11246,0.17,0.61,100,0.0,0.84211,,,-0.03,0.03102,9e-05,0.0,0.01127,0.46618
2631,2694144,72.02416,164.83333,1.0,0.84,0.944337,-0.000741,0.037928,0.000635,0.255313,0.003677,0.70942,56.732338,10.972706,57.421501,11.350941,4.0,3.069e-05,6,283,0.09815,0.10289,0.16,0.61,100,0.33333,0.6875,,,-0.03,0.03055,0.001,0.0,0.00952,0.50648
2632,2695168,74.3442,137.71429,1.0,0.85,0.992816,-0.000989,0.015727,0.00147,0.250239,0.010071,0.942176,57.377441,15.103954,57.93998,16.286489,4.0,3.059e-05,7,264,0.10717,0.10972,0.15,0.63,100,0.0,0.36364,,,-0.03,0.03393,0.00123,0.0,0.01613,0.57083
2633,2696192,73.71013,146.66667,1.0,0.86,0.92328,-0.000901,0.02407,0.001296,0.261429,0.005997,0.953512,53.421688,22.415377,53.494736,22.675131,4.0,3.048e-05,6,307,0.11402,0.11934,0.14,0.67,100,0.16667,0.5,,,-0.03,0.03035,0.00046,0.0,0.00545,0.52909
2634,2697216,59.39167,137.4,0.8,0.87,0.806787,-0.000629,0.03306,0.000671,0.507924,0.004227,0.943273,50.300667,24.265781,48.375153,24.952929,4.0,3.038e-05,5,339,0.1115,0.11702,0.12,0.67,100,0.2,0.61538,,,-0.03,0.02835,0.00025,0.0,0.00729,0.41425
2635,2698240,54.91569,257.5,0.75,0.88,0.918105,-0.000557,0.015621,0.000502,0.436221,0.001373,0.977981,42.612465,27.446533,41.132252,29.164139,4.0,3.028e-05,4,322,0.1265,0.13002,0.11,0.69,100,0.25,0.76923,,,-0.03,0.02584,0.00017,0.0,0.01195,0.28776
2636,2699264,72.63563,166.0,1.0,0.88,0.871706,-0.00041,0.03877,0.00075,0.287455,0.003372,0.96267,41.159412,32.559689,41.508568,32.31992,4.0,3.018e-05,5,339,0.09821,0.10211,0.11,0.7,100,0.2,0.76471,,,-0.03,0.03004,0.00063,0.0,0.00709,0.47111
2637,2700288,54.86455,244.625,0.75,0.86,0.886294,-0.00039,0.022522,0.000476,0.273371,0.00293,0.969816,48.008659,26.222734,47.687851,27.079716,4.0,3.007e-05,8,355,0.09998,0.10283,0.13,0.72,100,0.25,0.80645,,,-0.03,0.03544,0.00129,0.0,0.01229,0.53368
2638,2701312,61.78632,142.66667,0.83333,0.86,0.84972,-0.00034,0.01459,0.000286,0.188753,0.001022,0.974074,50.309467,23.481066,50.466797,24.840002,4.0,2.997e-05,6,346,0.09718,0.0999,0.12,0.73,100,0.16667,0.375,,,-0.03,0.03332,0.00117,0.0,0.01753,0.44423
2639,2702336,75.66671,117.4,1.0,0.88,0.92345,-0.000358,0.010842,7.9e-05,0.234329,0.0,0.980076,54.655827,22.738878,54.924473,22.956984,4.0,2.987e-05,5,283,0.09653,0.09889,0.1,0.76,100,0.2,0.44444,,,-0.03,0.03239,0.00077,0.0,0.01772,0.41316
2640,2703360,64.41766,207.5,0.875,0.89,0.977263,-0.000577,0.015731,0.000388,0.260667,0.001724,0.949643,57.624573,18.054502,58.214554,18.113974,4.0,2.977e-05,8,335,0.09704,0.09971,0.09,0.78,100,0.125,0.74074,,,-0.03,0.03587,0.0007,0.0,0.01221,0.54909
2641,2704384,73.49467,144.0,1.0,0.91,1.006207,-0.000368,0.04665,0.00061,0.251516,0.001984,0.682827,56.291225,12.350514,55.72868,12.251012,4.0,2.966e-05,6,325,0.11997,0.12377,0.07,0.79,100,0.16667,0.5,,,-0.03,0.02394,0.00053,0.0,0.01018,0.49268
2642,2705408,73.64999,153.125,1.0,0.92,1.07129,-0.001663,0.020537,0.001071,0.43234,0.010345,0.268335,62.13166,7.509455,64.007774,5.689158,4.0,2.956e-05,8,296,0.10616,0.10827,0.06,0.81,100,0.0,0.41667,,,-0.03,0.03825,0.0012,0.0,0.01831,0.58182
2643,2706432,74.89119,129.66667,1.0,0.93,1.081738,-0.001007,0.008449,0.001567,0.233323,0.009827,0.628443,64.984596,4.988142,65.252846,4.823713,4.0,2.946e-05,9,305,0.11977,0.12285,0.05,0.82,100,0.22222,0.5,,,-0.03,0.03524,0.00053,0.0,0.01327,0.66553
2644,2707456,74.81258,138.16667,1.0,0.94,1.003247,-0.000404,0.011152,0.000312,0.219126,0.000687,0.904656,62.5569,9.886368,62.41666,10.680425,4.0,2.936e-05,6,290,0.12478,0.12722,0.04,0.82,100,0.16667,0.33333,,,-0.03,0.03109,0.00101,0.0,0.01499,0.47921
2645,2708480,58.46759,145.8,0.8,0.93,0.951976,-0.000269,0.034893,0.000408,0.318844,0.001572,0.915603,58.174316,18.892902,56.61237,20.606031,4.0,2.925e-05,5,272,0.12424,0.12805,0.04,0.82,100,0.2,0.57143,,,-0.03,0.0288,0.00027,0.0,0.01294,0.33915
2646,2709504,58.57493,142.0,0.8,0.92,0.926388,-0.000908,0.052499,0.001493,0.451888,0.00885,0.896644,53.231598,21.422895,50.90897,22.033319,4.0,2.915e-05,5,323,0.10739,0.1126,0.04,0.83,100,0.2,0.69231,,,-0.03,0.03164,0.00045,0.0,-0.00035,0.33775
2647,2710528,57.28716,252.0,0.8,0.91,0.715684,-0.000725,0.026905,0.000725,0.302022,0.005051,0.946178,44.443897,21.667517,43.699787,22.755398,4.0,2.905e-05,5,312,0.10912,0.11448,0.05,0.84,100,0.4,0.42857,,,-0.03,0.02982,0.00049,0.0,0.00829,0.44371
2648,2711552,59.71073,149.6,0.8,0.9,0.853836,-0.000604,0.013079,0.000631,0.260296,0.003494,0.980903,44.046387,26.359724,43.698425,28.118465,4.0,2.895e-05,5,288,0.09577,0.09829,0.05,0.85,100,0.2,0.66667,,,-0.03,0.03206,0.00054,0.0,0.01738,0.36086
2649,2712576,73.01747,171.71429,1.0,0.9,0.998513,-0.000501,0.036786,0.00093,0.26892,0.002274,0.938598,52.759514,24.457663,54.09449,24.113047,4.0,2.884e-05,7,282,0.10505,0.10794,0.05,0.84,100,0.14286,0.58333,,,-0.03,0.03154,0.00085,0.0,0.01539,0.54698
2650,2713600,64.65153,184.25,0.875,0.9,1.016518,-0.00048,0.006276,0.000489,0.220265,0.003998,0.976149,60.074066,16.175097,60.604156,16.278635,4.0,2.874e-05,8,324,0.09189,0.09409,0.06,0.82,100,0.25,0.81481,,,-0.03,0.03665,0.00056,0.0,0.01153,0.53817
2651,2714624,73.7732,150.71429,1.0,0.91,1.051078,-0.000811,0.023929,0.001341,0.229879,0.008972,0.796815,62.190311,9.553656,61.793602,10.708467,4.0,2.864e-05,7,324,0.11624,0.12074,0.05,0.82,100,0.0,0.58824,,,-0.03,0.02592,0.00059,0.0,0.01337,0.55445
2652,2715648,64.99946,143.625,0.875,0.92,1.018605,-0.000457,0.010968,0.000599,0.179152,0.003387,0.895483,62.71933,8.485188,62.912067,10.450501,4.0,2.854e-05,8,308,0.09403,0.09647,0.03,0.82,100,0.125,0.7,,,-0.03,0.03446,0.00083,0.0,0.01718,0.51455
2653,2716672,75.03394,126.14286,1.0,0.93,0.982921,-0.000341,0.020474,0.000383,0.221188,0.000198,0.852877,60.498791,10.465823,60.185978,11.576896,4.0,2.844e-05,7,305,0.10037,0.10422,0.03,0.78,100,0.0,0.58333,,,-0.03,0.03285,0.00083,0.0,0.01172,0.55557
2654,2717696,48.01109,130.0,0.66667,0.92,0.899838,-0.000325,0.053358,0.000661,0.580348,0.004974,0.882642,51.451313,18.902914,48.26125,20.774206,4.0,2.833e-05,3,317,0.08704,0.09156,0.03,0.78,100,0.33333,0.66667,,,-0.03,0.02692,0.00023,0.0,0.00874,0.17602
2655,2718720,74.29103,142.0,1.0,0.92,1.008824,-0.001401,0.021434,0.001834,0.349128,0.018204,0.978191,37.794662,30.238758,37.223595,31.021336,4.0,2.823e-05,5,337,0.10189,0.10493,0.03,0.77,100,0.0,0.42857,,,-0.03,0.02177,0.00014,0.0,0.01111,0.42584
2656,2719744,57.73149,235.6,0.8,0.92,0.841684,-0.000825,0.012741,0.001391,0.241428,0.010483,0.987179,31.126217,31.862438,31.015427,32.782284,4.0,2.813e-05,5,329,0.10045,0.10365,0.03,0.76,100,0.2,0.90323,,,-0.03,0.02626,0.00043,0.0,0.01075,0.39676
2657,2720768,55.80979,249.0,0.75,0.91,0.954999,-0.000431,0.010006,0.000822,0.220886,0.005051,0.989874,41.564407,30.620424,41.681316,30.995691,4.0,2.803e-05,4,339,0.10153,0.10401,0.04,0.75,100,0.25,0.81818,,,-0.03,0.02964,0.00022,0.0,0.01186,0.25907
2658,2721792,62.43343,202.42857,0.85714,0.9,0.949794,-0.000621,0.015706,0.000377,0.201442,0.00032,0.979198,48.533211,27.246056,48.738472,27.305603,4.0,2.792e-05,7,307,0.09407,0.09816,0.05,0.74,100,0.0,0.71429,,,-0.03,0.03198,0.00036,0.0,0.00999,0.53248
2659,2722816,51.82462,201.57143,0.71429,0.88,0.894662,-0.000599,0.066554,0.000264,0.4293,0.000626,0.916879,41.561901,26.577204,39.460022,27.892546,4.0,2.782e-05,7,329,0.10629,0.11212,0.06,0.74,100,0.42857,0.63636,,,-0.03,0.02571,-0.00025,0.0,0.00607,0.46851
2660,2723840,75.59503,113.33333,1.0,0.88,1.020614,-0.000794,0.009759,0.000675,0.305574,0.001923,0.990714,43.399696,30.824745,44.291889,31.690916,4.0,2.772e-05,6,311,0.09698,0.0997,0.06,0.76,100,0.0,0.25,,,-0.03,0.03297,0.00049,0.0,0.01459,0.48495
2661,2724864,47.82788,248.66667,0.66667,0.86,0.992,-0.000514,0.021103,0.001321,0.284449,0.003235,0.973135,46.357292,27.894344,45.899628,28.553677,4.0,2.762e-05,6,265,0.09612,0.09909,0.07,0.76,100,0.16667,0.90244,,,-0.03,0.02856,0.00078,0.0,0.01101,0.31754
2662,2725888,64.03468,144.375,0.875,0.86,1.002886,-0.000353,0.031778,0.000189,0.34841,0.000427,0.753236,58.945969,11.554146,60.065643,11.421888,4.0,2.751e-05,8,289,0.10737,0.11212,0.07,0.76,100,0.125,0.78947,,,-0.03,0.03505,0.00058,0.0,0.01338,0.54388
2663,2726912,74.34629,127.0,1.0,0.88,1.070564,-0.000477,0.010564,0.000319,0.222298,0.000275,0.592009,62.662766,5.063007,62.826916,5.184406,4.0,2.741e-05,8,332,0.11058,0.11448,0.06,0.77,100,0.125,0.63158,,,-0.03,0.03208,0.00031,0.0,0.01191,0.59962
2664,2727936,73.86877,150.71429,1.0,0.89,1.132366,-0.000423,0.016633,0.000331,0.253382,0.00029,0.642461,61.559856,6.498529,62.122169,6.834828,4.0,2.731e-05,7,342,0.11785,0.1208,0.06,0.76,100,0.14286,0.72222,,,-0.03,0.03216,0.0003,0.0,0.01411,0.5132
2665,2728960,74.2909,135.5,1.0,0.89,1.112402,-0.000248,0.013998,0.000201,0.287423,0.000168,0.517176,63.042046,6.658269,64.437782,5.520015,4.0,2.721e-05,8,351,0.11623,0.11905,0.06,0.78,100,0.125,0.65217,,,-0.03,0.03478,0.00066,0.0,0.0182,0.59072
2666,2729984,75.00848,126.14286,1.0,0.9,1.058043,-0.000487,0.00912,0.000392,0.195513,0.00032,0.575904,65.799683,5.089166,66.132286,4.626552,4.0,2.71e-05,7,349,0.11801,0.12145,0.05,0.79,100,0.14286,0.57143,,,-0.03,0.03293,0.00026,0.0,0.01598,0.53378
2667,2731008,74.09011,139.28571,1.0,0.91,1.119024,-0.00101,0.005592,0.001125,0.258895,0.005417,0.661982,66.872025,4.455434,67.595581,3.982699,4.0,2.7e-05,7,343,0.11804,0.12061,0.05,0.8,100,0.14286,0.625,,,-0.03,0.03451,2e-05,0.0,0.018,0.5043
2668,2732032,75.49877,119.375,1.0,0.91,1.120786,-0.000756,0.008312,0.000929,0.249896,0.0056,0.675078,67.670944,4.995759,67.583267,5.225555,4.0,2.69e-05,8,339,0.11364,0.11655,0.05,0.8,100,0.125,0.53846,,,-0.03,0.03303,5e-05,0.0,0.01698,0.58507
2669,2733056,74.70268,127.33333,1.0,0.92,1.130915,-0.001277,0.009666,0.00139,0.406069,0.015564,0.955239,62.416008,15.614893,61.454006,17.680685,4.0,2.68e-05,6,353,0.11371,0.11816,0.05,0.78,100,0.16667,0.80952,,,-0.03,0.02935,-0.00045,0.0,0.01182,0.4526
2670,2734080,73.50918,145.75,1.0,0.92,1.105725,-0.0004,0.017021,0.000594,0.273356,0.000183,0.98053,54.18615,28.661251,53.777565,28.902327,4.0,2.669e-05,4,357,0.11245,0.11529,0.05,0.78,100,0.25,0.5,,,-0.03,0.02853,0.00013,0.0,0.01094,0.30227
2671,2735104,61.1545,218.0,0.85714,0.92,0.979775,-0.000687,0.008568,0.000804,0.271679,0.005371,0.985481,54.909035,24.665857,54.398796,24.926643,4.0,2.659e-05,7,357,0.09838,0.10107,0.05,0.79,100,0.0,0.86667,,,-0.03,0.02739,0.00077,0.0,0.01081,0.49712
2672,2736128,73.85113,141.25,1.0,0.93,0.885037,-0.000344,0.014117,0.000586,0.217184,0.003723,0.968364,56.502701,20.529644,56.740318,21.014156,4.0,2.649e-05,8,373,0.09486,0.09917,0.04,0.81,100,0.125,0.5,,,-0.03,0.03272,0.00089,0.0,0.0109,0.69398
2673,2737152,62.13309,194.57143,0.85714,0.94,0.877648,-0.000508,0.014393,0.000594,0.191044,0.005585,0.961565,58.780586,19.982409,59.359486,19.849968,4.0,2.639e-05,7,365,0.09406,0.09815,0.03,0.8,100,0.57143,0.8,,,-0.03,0.03205,0.00059,0.0,0.0107,0.52736
2674,2738176,74.45947,131.66667,1.0,0.95,1.046586,-0.000787,0.003924,0.00107,0.193439,0.00325,0.664644,67.328339,3.406927,67.222046,3.393989,4.0,2.628e-05,6,356,0.0981,0.10091,0.02,0.81,100,0.0,0.5,,,-0.03,0.03235,0.00066,0.0,0.01544,0.45039
2675,2739200,74.18568,133.75,1.0,0.96,1.041683,-0.000526,0.005814,0.000366,0.178803,0.002029,0.58762,66.742218,3.614559,66.809479,3.713882,4.0,2.618e-05,8,343,0.09544,0.09911,0.02,0.79,100,0.0,0.66667,,,-0.03,0.03524,0.00049,0.0,0.01428,0.59186
2676,2740224,74.28414,132.28571,1.0,0.98,1.060759,-0.000747,0.008695,0.000613,0.209756,0.004669,0.857201,64.836716,6.876774,64.429947,7.747709,4.0,2.608e-05,7,359,0.09665,0.09926,0.01,0.79,100,0.28571,0.5,,,-0.03,0.02834,0.00078,0.0,0.0134,0.52433
2677,2741248,74.39506,139.25,1.0,0.98,1.100517,-0.000509,0.008734,0.000614,0.404715,0.002335,0.972417,58.433857,18.44195,57.237591,20.297726,4.0,2.598e-05,4,346,0.09437,0.09632,0.01,0.8,100,0.0,0.5,,,-0.03,0.02572,0.00045,0.0,0.01468,0.2893
2678,2742272,73.89085,157.0,1.0,0.98,1.141569,-0.000719,0.015817,0.001081,0.394347,0.005676,0.977994,48.041397,27.540115,46.751343,28.263052,4.0,2.588e-05,4,362,0.08606,0.08788,0.01,0.8,100,0.0,0.42857,,,-0.03,0.02182,0.00021,0.0,0.01158,0.29602
2679,2743296,62.7711,217.375,0.875,0.97,1.129236,-0.000513,0.051978,0.001178,0.401843,0.00856,0.952079,40.725948,33.187225,41.332397,32.883011,4.0,2.577e-05,8,317,0.08083,0.08302,0.02,0.81,100,0.125,0.75,,,-0.03,0.02379,0.00055,0.0,0.00694,0.53081
2680,2744320,74.37139,140.5,1.0,0.97,1.073986,-0.000124,0.012761,0.000222,0.282582,1.5e-05,0.981385,51.921494,25.916931,51.698708,26.625784,4.0,2.567e-05,6,334,0.08987,0.0918,0.02,0.8,100,0.0,0.66667,,,-0.03,0.02605,0.00035,0.0,0.01598,0.45818
2681,2745344,59.27704,237.16667,0.83333,0.96,1.051428,-0.000739,0.036644,0.000533,0.393585,0.001053,0.73654,59.98024,15.049509,60.861416,12.256838,4.0,2.557e-05,6,326,0.09779,0.09969,0.03,0.77,100,0.16667,0.8,,,-0.03,0.03125,0.00055,0.0,0.0144,0.37264
2682,2746368,73.43861,157.16667,1.0,0.96,1.012021,-0.001124,0.018446,0.002438,0.248568,0.022461,0.785695,62.978897,9.302265,63.016315,9.294459,4.0,2.547e-05,6,343,0.09954,0.10327,0.03,0.78,100,0.0,0.58824,,,-0.03,0.033,0.00097,0.0,0.01214,0.47227
2683,2747392,74.2835,140.125,1.0,0.96,1.10215,-0.000473,0.010717,0.000843,0.213038,0.005844,0.559022,64.340897,4.942509,64.963882,4.888283,4.0,2.536e-05,8,339,0.10712,0.10948,0.03,0.78,100,0.125,0.5,,,-0.03,0.03113,0.00086,0.0,0.01718,0.58486
2684,2748416,74.20981,143.8,1.0,0.96,1.055647,-0.00092,0.006558,0.001053,0.244904,0.005692,0.644862,65.660957,4.10395,65.849579,4.253973,4.0,2.526e-05,5,346,0.09967,0.102,0.03,0.77,100,0.4,0.625,,,-0.03,0.03218,0.00078,0.0,0.01736,0.37121
2685,2749440,73.41723,157.14286,1.0,0.96,1.156398,-0.000601,0.00556,0.000641,0.235062,0.001831,0.475514,67.150787,3.778569,67.034256,3.274918,4.0,2.516e-05,7,324,0.10278,0.10524,0.03,0.76,100,0.14286,0.69231,,,-0.03,0.02934,0.00011,0.0,0.01437,0.50279
2686,2750464,74.07232,138.75,1.0,0.97,1.128386,-0.000783,0.008451,0.000734,0.323559,0.001038,0.908872,63.648964,9.400727,62.880898,11.169305,4.0,2.506e-05,8,351,0.09963,0.10352,0.02,0.76,100,0.25,0.83333,,,-0.03,0.02802,-0.00015,0.0,0.00992,0.59561
2687,2751488,75.13522,121.83333,1.0,0.97,1.084739,-0.000604,0.007336,0.000935,0.230664,0.007431,0.987788,57.023453,24.190346,56.972233,25.227144,4.0,2.495e-05,6,353,0.09081,0.0938,0.02,0.76,100,0.33333,0.57143,,,-0.03,0.03131,0.00086,0.0,0.01611,0.44032
2688,2752512,64.18723,183.25,0.875,0.97,0.991968,-0.000887,0.007266,0.000776,0.197673,0.004196,0.986584,57.292984,23.077488,57.266869,23.076454,4.0,2.485e-05,8,364,0.09139,0.09483,0.03,0.75,100,0.25,0.80645,,,-0.03,0.03037,0.00077,0.0,0.01031,0.5667
2689,2753536,74.80799,125.2,1.0,0.97,1.016977,-0.000347,0.010041,0.000194,0.303577,0.000153,0.953669,60.822456,14.472346,59.764931,15.692128,4.0,2.475e-05,5,344,0.09583,0.09908,0.03,0.77,100,0.2,0.5,,,-0.03,0.02867,0.00042,0.0,0.01226,0.39909
2690,2754560,74.39248,135.75,1.0,0.97,1.061976,-0.001329,0.011767,0.001818,0.486501,0.012985,0.977515,50.479843,24.721277,48.75037,26.00592,4.0,2.465e-05,4,373,0.10272,0.10545,0.03,0.77,100,0.0,0.625,,,-0.03,0.02232,-0.00022,0.0,0.01098,0.33058
2691,2755584,58.14573,234.2,0.8,0.96,1.051409,-0.000917,0.015158,0.000686,0.44227,0.001968,0.983016,37.437805,31.995037,36.337608,32.659065,4.0,2.454e-05,5,377,0.09354,0.09571,0.04,0.77,100,0.4,0.625,,,-0.03,0.02079,-0.00018,0.0,0.00867,0.33249
2692,2756608,60.72159,202.66667,0.83333,0.95,1.105211,-0.000586,0.005711,0.000851,0.251547,0.003235,0.995524,38.490753,34.823093,38.869644,35.418594,4.0,2.444e-05,6,361,0.07983,0.08182,0.05,0.76,100,0.16667,0.8,,,-0.03,0.02458,0.00081,0.0,0.01221,0.3838
2693,2757632,63.69441,181.42857,0.85714,0.94,1.025043,-0.00107,0.002666,0.000848,0.257698,0.002716,0.997395,49.377548,30.940367,49.936783,31.169973,4.0,2.434e-05,7,349,0.07012,0.07196,0.06,0.77,100,0.0,0.66667,,,-0.03,0.03228,0.00108,0.0,0.01574,0.45821
2694,2758656,64.67639,187.0,0.875,0.93,0.987273,-0.001195,0.013156,0.002187,0.276091,0.015289,0.923949,63.724197,12.691054,63.505817,12.944364,4.0,2.424e-05,8,330,0.08409,0.08779,0.07,0.77,100,0.0,0.77419,,,-0.03,0.03297,0.00142,0.0,0.01513,0.51432
2695,2759680,75.22116,108.85714,1.0,0.94,0.824998,-0.000442,0.010701,0.000303,0.198074,0.000214,0.928767,62.818275,11.384562,63.205471,12.1105,4.0,2.413e-05,7,354,0.06608,0.0695,0.06,0.77,100,0.57143,0.3,,,-0.03,0.03838,0.00143,0.0,0.01843,0.58
2696,2760704,75.61722,109.875,1.0,0.95,0.868192,-0.000423,0.005352,0.001019,0.173817,0.001846,0.984572,60.981518,18.413265,60.966759,19.306055,4.0,2.403e-05,8,336,0.07048,0.07349,0.05,0.78,100,0.125,0.53846,,,-0.03,0.03573,0.00115,0.0,0.02206,0.64858
2697,2761728,63.60082,164.14286,0.85714,0.94,0.882369,-0.000367,0.031964,0.000212,0.214363,0.000885,0.860143,61.141579,14.883732,60.762527,15.085099,4.0,2.393e-05,7,355,0.06825,0.07222,0.05,0.79,100,0.28571,0.72222,,,-0.03,0.03103,0.00119,0.0,0.01312,0.47113
2698,2762752,74.34179,135.44444,1.0,0.94,0.951731,-0.000426,0.01483,0.000186,0.265152,0.000366,0.420662,65.643997,6.719032,66.440742,5.298045,4.0,2.383e-05,9,350,0.07436,0.07784,0.05,0.78,100,0.11111,0.5,,,-0.03,0.03452,0.00144,0.0,0.01982,0.67852
2699,2763776,75.22016,112.5,1.0,0.94,0.940826,-0.000456,0.005896,0.000317,0.197297,0.001022,0.402547,67.606354,3.604105,67.921585,3.211333,4.0,2.372e-05,10,342,0.07127,0.07511,0.05,0.78,100,0.3,0.5,,,-0.03,0.03548,0.00172,0.0,0.01617,0.74119
2700,2764800,66.9638,110.33333,0.88889,0.93,0.950108,-0.000103,0.038121,0.000106,0.21592,0.000137,0.504475,67.548004,4.159524,66.820992,8.830985,4.0,2.362e-05,9,328,0.0707,0.07428,0.05,0.8,100,0.33333,0.58824,,,-0.03,0.03852,0.00149,0.0,0.0176,0.58995
2701,2765824,65.4303,116.5,0.875,0.92,0.933903,-0.000307,0.03828,0.000268,0.248759,0.001038,0.596267,66.209435,5.644742,65.092484,9.793134,4.0,2.352e-05,8,339,0.07796,0.08342,0.05,0.81,100,0.25,0.61538,,,-0.03,0.03639,0.00095,0.0,0.013,0.53068
2702,2766848,61.36382,117.0,0.83333,0.92,0.88365,-0.000229,0.060671,0.00011,0.421419,0.0,0.479954,62.623745,7.840539,60.287354,10.472573,4.0,2.342e-05,6,341,0.07423,0.07959,0.04,0.79,100,0.66667,0.4,,,-0.03,0.03227,0.00118,0.0,0.00545,0.39498
2703,2767872,72.4937,165.71429,1.0,0.92,0.942846,-0.00034,0.054882,0.000524,0.286547,0.001175,0.785714,53.505539,15.127666,53.215611,15.990914,4.0,2.332e-05,7,337,0.09156,0.09742,0.04,0.78,100,0.28571,0.76923,,,-0.03,0.02842,0.00069,0.0,0.00839,0.58989
2704,2768896,62.28423,108.0,0.83333,0.92,0.868575,-0.000399,0.013506,0.000749,0.201112,0.002579,0.96575,53.573135,18.833006,53.584366,19.726942,4.0,2.321e-05,6,350,0.07598,0.07879,0.03,0.8,100,0.16667,0.33333,,,-0.03,0.03314,0.0013,0.0,0.01611,0.41556
2705,2769920,65.23994,169.75,0.875,0.92,0.907659,-0.00074,0.01523,0.000624,0.276075,0.003845,0.964114,52.925663,19.683926,52.402306,20.738535,4.0,2.311e-05,8,358,0.07727,0.08011,0.02,0.8,100,0.125,0.61538,,,-0.03,0.03276,0.0013,0.0,0.01645,0.5716
2706,2770944,73.37374,152.0,1.0,0.94,0.962061,-0.000717,0.034365,0.00098,0.519959,0.004272,0.102648,58.820316,9.340458,61.142254,6.434666,4.0,2.301e-05,9,343,0.07595,0.07935,0.0,0.79,100,0.22222,0.6,,,-0.03,0.03487,0.00088,0.0,0.01149,0.68487
2707,2771968,75.11851,119.0,1.0,0.94,1.004491,-0.000729,0.009377,0.001235,0.253036,0.005447,0.737763,64.005569,5.367097,64.249123,5.899812,4.0,2.291e-05,6,339,0.08145,0.08455,0.0,0.8,100,0.0,0.5,,,-0.03,0.03281,0.00139,0.0,0.01812,0.44926
2708,2772992,75.57299,117.25,1.0,0.94,0.979976,-0.000772,0.014253,0.000618,0.327677,0.005371,0.908661,60.948975,11.264896,60.20826,13.11577,4.0,2.28e-05,8,360,0.07501,0.07794,0.0,0.79,100,0.125,0.5,,,-0.03,0.03039,0.00104,0.0,0.01579,0.64625
2709,2774016,74.92128,117.33333,1.0,0.94,0.914142,-0.000346,0.010095,0.000251,0.304554,9.2e-05,0.978847,50.474087,24.055439,49.781471,25.683624,4.0,2.27e-05,6,346,0.07034,0.07366,0.0,0.78,100,0.0,0.58333,,,-0.03,0.03118,0.00101,0.0,0.01302,0.51329
2710,2775040,74.28706,129.75,1.0,0.95,0.870344,-0.000294,0.019131,0.000157,0.217107,3.1e-05,0.977759,43.569527,28.852488,43.496506,28.821711,4.0,2.26e-05,4,299,0.07115,0.07447,0.0,0.79,100,0.0,0.33333,,,-0.03,0.02887,0.00119,0.0,0.00837,0.36398
2711,2776064,46.83205,297.83333,0.66667,0.93,0.911998,-0.000354,0.014794,0.000767,0.157362,0.001495,0.97424,52.005566,23.534159,52.201218,23.737003,4.0,2.25e-05,6,304,0.07201,0.07414,0.02,0.79,100,0.16667,0.83333,,,-0.03,0.02837,0.00055,0.0,0.01695,0.33734
2712,2777088,74.37159,141.0,1.0,0.93,0.974415,-0.000604,0.012456,0.000698,0.290116,0.001282,0.951797,57.217751,15.392293,56.306957,17.01466,4.0,2.239e-05,7,293,0.08399,0.08788,0.02,0.82,100,0.0,0.61111,,,-0.03,0.02701,-5e-05,0.0,0.01395,0.57866
2713,2778112,74.23103,130.16667,1.0,0.93,0.925621,-0.000819,0.008141,0.000949,0.252969,0.007431,0.986389,49.562508,25.263052,49.5481,26.344757,4.0,2.229e-05,6,278,0.07855,0.08168,0.02,0.82,100,0.0,0.66667,,,-0.03,0.03026,0.00073,0.0,0.01359,0.52668
2714,2779136,74.7591,124.0,1.0,0.93,0.937905,-0.001119,0.016923,0.001373,0.341574,0.012527,0.977583,45.013256,28.111624,44.034229,28.377926,4.0,2.219e-05,5,284,0.06852,0.07214,0.02,0.82,100,0.0,0.76471,,,-0.03,0.02548,0.00022,0.0,0.01073,0.44347
2715,2780160,55.33062,230.25,0.75,0.93,0.863575,-0.000373,0.020868,0.000556,0.286992,0.002243,0.975218,39.920357,28.190376,39.046215,29.022341,4.0,2.209e-05,4,290,0.07528,0.07977,0.03,0.82,100,0.25,0.72727,,,-0.03,0.0273,0.00027,0.0,0.01107,0.27887
2716,2781184,61.6271,199.0,0.83333,0.92,0.84949,-0.000859,0.023619,0.00113,0.238742,0.00679,0.974784,35.968048,29.841631,35.290241,30.397488,4.0,2.198e-05,6,263,0.06786,0.07329,0.04,0.83,100,0.5,0.70588,,,-0.03,0.02704,-9e-05,0.0,0.00724,0.47523
2717,2782208,60.38122,211.0,0.83333,0.92,0.934556,-0.000373,0.011766,0.000182,0.342296,9.2e-05,0.986362,38.29073,30.545649,39.443085,31.329403,4.0,2.188e-05,6,275,0.07736,0.07957,0.05,0.82,100,0.33333,0.925,,,-0.03,0.02789,0.00036,0.0,0.01617,0.4384
2718,2783232,61.2643,206.16667,0.83333,0.92,0.931798,-0.000215,0.007436,0.000106,0.197442,9.2e-05,0.990118,47.901928,27.786301,48.163227,27.972681,4.0,2.178e-05,6,263,0.08015,0.08333,0.06,0.82,100,0.16667,0.89189,,,-0.03,0.03017,0.00068,0.0,0.01272,0.43742
2719,2784256,62.00883,198.5,0.83333,0.91,1.064672,-0.000608,0.010264,0.000419,0.256676,0.000671,0.959978,59.098686,15.479389,58.584698,15.657862,4.0,2.168e-05,6,254,0.08202,0.08572,0.07,0.83,100,0.33333,0.66667,,,-0.03,0.03033,0.00025,0.0,0.0149,0.38125
2720,2785280,74.52209,139.28571,1.0,0.92,1.064928,-0.000932,0.024415,0.001134,0.468852,0.011261,0.921951,55.098991,15.748729,54.394596,18.214386,4.0,2.157e-05,7,271,0.08238,0.08541,0.07,0.83,100,0.0,0.66667,,,-0.03,0.02756,-4e-05,0.0,0.01657,0.54138
2721,2786304,74.67622,126.2,1.0,0.92,0.96041,-0.000787,0.035791,0.001422,0.403344,0.013275,0.961735,44.311253,29.468145,42.715206,29.944469,4.0,2.147e-05,5,265,0.07998,0.08622,0.07,0.83,100,0.0,0.5,,,-0.03,0.02845,0.00041,0.0,0.00625,0.43927
2722,2787328,58.78194,125.6,0.8,0.92,0.892751,-0.000293,0.013958,0.000175,0.198166,0.0,0.985664,36.374535,30.416273,36.67186,31.226461,4.0,2.137e-05,5,280,0.07892,0.08251,0.07,0.83,100,0.2,0.58333,,,-0.03,0.02703,0.00051,0.0,0.01184,0.3732
2723,2788352,39.82359,259.85714,0.57143,0.89,0.822059,-0.000881,0.042811,0.001118,0.374569,0.011246,0.946692,42.492138,27.991999,40.77039,27.991625,4.0,2.127e-05,7,284,0.08011,0.08483,0.09,0.82,100,0.28571,0.96491,,,-0.03,0.0308,0.0005,0.0,0.00427,0.38554
2724,2789376,72.81231,156.4,1.0,0.89,0.806867,-0.000335,0.067966,0.000293,0.43725,0.001022,0.869302,40.585518,23.488583,40.921341,23.668028,4.0,2.116e-05,5,275,0.0843,0.08837,0.09,0.81,100,0.4,0.6,,,-0.03,0.02911,0.00062,0.0,0.00845,0.49451
2725,2790400,55.1929,211.75,0.75,0.87,0.926228,-0.000324,0.029018,0.000298,0.244891,0.0,0.931024,50.592621,19.515625,50.80719,20.427204,4.0,2.106e-05,8,257,0.07764,0.08103,0.1,0.83,100,0.25,0.70833,,,-0.03,0.03438,0.00091,0.0,0.01126,0.49475
2726,2791424,55.30428,126.25,0.75,0.85,0.982901,-0.000511,0.041024,0.00109,0.294822,0.001419,0.803262,56.674568,10.881293,55.566261,14.32481,4.0,2.096e-05,8,272,0.08233,0.08664,0.1,0.82,100,0.25,0.61538,,,-0.03,0.03221,0.00098,0.0,0.01161,0.46966
2727,2792448,74.28378,135.42857,1.0,0.86,1.003417,-0.000336,0.029501,0.000274,0.288857,0.000656,0.718692,55.994274,9.561923,57.042873,10.20813,4.0,2.086e-05,7,271,0.07955,0.08364,0.09,0.81,100,0.0,0.70588,,,-0.03,0.03524,0.00078,0.0,0.01355,0.54873
2728,2793472,76.34311,105.6,1.0,0.87,0.899663,-0.000369,0.023739,0.000305,0.456682,0.001022,0.936439,50.763828,18.1238,49.755486,20.45129,4.0,2.076e-05,5,335,0.08811,0.09161,0.08,0.81,100,0.0,0.57143,,,-0.03,0.03247,0.00074,0.0,0.01822,0.45195
2729,2794496,74.97441,127.4,1.0,0.87,0.900623,-0.000458,0.009777,0.000186,0.264535,0.000519,0.988401,37.294361,30.57889,37.364365,32.145515,4.0,2.065e-05,5,329,0.08847,0.09184,0.08,0.81,100,0.0,0.5,,,-0.03,0.02846,0.0008,0.0,0.01497,0.47361
2730,2795520,75.26488,123.2,1.0,0.87,0.87241,-0.000192,0.005868,0.000126,0.245176,0.0,0.995051,35.198879,33.816559,36.052124,34.363914,4.0,2.055e-05,5,306,0.09856,0.10108,0.08,0.82,100,0.0,0.58333,,,-0.03,0.02879,0.00061,0.0,0.01675,0.48505
2731,2796544,47.45837,290.33333,0.66667,0.86,0.825828,-0.000696,0.031703,0.000851,0.248158,0.008698,0.965887,38.125717,30.387445,37.781509,30.360628,4.0,2.045e-05,6,302,0.09143,0.09568,0.09,0.82,100,0.5,0.76471,,,-0.03,0.0283,0.00087,0.0,0.00831,0.39882
2732,2797568,63.18109,202.14286,0.85714,0.86,0.94581,-0.000355,0.040748,0.000198,0.283795,1.5e-05,0.855912,53.097912,16.760393,54.195709,17.00041,4.0,2.035e-05,7,300,0.09042,0.09446,0.09,0.8,100,0.28571,0.84211,,,-0.03,0.03458,0.00138,0.0,0.01266,0.49849
2733,2798592,75.05188,122.6,1.0,0.86,0.990503,-0.000272,0.014091,0.00027,0.221616,0.000183,0.966694,53.799812,19.327314,53.460056,20.287989,4.0,2.024e-05,5,312,0.09943,0.10305,0.09,0.8,100,0.0,0.64286,,,-0.03,0.02911,0.00023,0.0,0.01556,0.41809
2734,2799616,73.88898,142.28571,1.0,0.87,0.999628,-0.000721,0.026188,0.000439,0.265261,0.000122,0.951745,50.771984,22.696873,51.509243,23.274212,4.0,2.014e-05,7,311,0.09513,0.10018,0.08,0.79,100,0.0,0.77778,,,-0.03,0.0309,-0.00057,0.0,0.0151,0.58711
2735,2800640,63.90122,189.71429,0.85714,0.88,1.049149,-0.000323,0.013213,0.000373,0.274055,0.00029,0.982881,46.15992,28.427116,45.740002,29.633177,4.0,2.004e-05,7,303,0.10403,0.10738,0.07,0.81,100,0.28571,0.75,,,-0.03,0.02704,0.00025,0.0,0.01475,0.49334
2736,2801664,73.60196,144.6,1.0,0.88,1.148393,-0.000778,0.010331,0.001004,0.268242,0.00441,0.985219,52.524292,26.246696,53.470253,26.329483,4.0,1.994e-05,5,295,0.10012,0.10277,0.07,0.8,100,0.0,0.85,,,-0.03,0.02973,3e-05,0.0,0.01667,0.37038
2737,2802688,66.77622,170.4,0.9,0.88,1.145039,-0.000442,0.009618,0.00019,0.197435,0.000519,0.972674,60.439556,18.295084,60.793835,18.578659,4.0,1.983e-05,10,296,0.09888,0.10228,0.08,0.81,100,0.1,0.88406,,,-0.03,0.03383,0.00056,0.0,0.01446,0.6539
2738,2803712,74.12182,132.875,1.0,0.9,0.954276,-0.000462,0.019525,0.000433,0.186165,0.00032,0.841141,60.982834,10.274924,61.516296,10.927224,4.0,1.973e-05,8,298,0.10228,0.10678,0.07,0.81,100,0.0,0.76,,,-0.03,0.03249,0.00065,0.0,0.01386,0.69089
2739,2804736,75.6636,117.66667,1.0,0.91,1.062788,-0.000739,0.02905,0.000993,0.440825,0.003052,0.939808,55.901558,20.838675,53.80547,22.025745,4.0,1.963e-05,3,290,0.12246,0.12589,0.06,0.81,100,0.0,0.4,,,-0.03,0.0293,-2e-05,0.0,0.00862,0.24808
2740,2805760,61.16429,139.33333,0.83333,0.9,1.071838,-0.000684,0.0239,0.000689,0.291421,0.004486,0.966975,47.188423,26.935659,47.398048,28.453617,4.0,1.953e-05,6,294,0.1061,0.10803,0.06,0.81,100,0.16667,0.54545,,,-0.03,0.02841,0.0007,0.0,0.01578,0.39367
2741,2806784,63.12702,196.71429,0.85714,0.92,1.177955,-0.00037,0.007337,0.000129,0.221489,1.5e-05,0.993517,45.216698,33.022964,45.090607,33.386219,4.0,1.942e-05,7,315,0.11564,0.1177,0.06,0.82,100,0.14286,0.85714,,,-0.03,0.02484,1e-05,0.0,0.01364,0.46061
2742,2807808,74.29377,134.25,1.0,0.93,1.214069,-0.000406,0.020028,0.00032,0.321029,4.6e-05,0.971758,50.088097,26.699907,48.996185,26.607954,4.0,1.932e-05,4,298,0.11285,0.11598,0.06,0.81,100,0.0,0.66667,,,-0.03,0.02388,-0.00055,0.0,0.00982,0.30056
2743,2808832,63.2398,212.33333,0.88889,0.92,1.167782,-0.000398,0.035165,0.000362,0.572707,0.000656,0.45967,58.638168,10.933942,60.331066,8.81881,4.0,1.922e-05,9,281,0.10427,0.1066,0.07,0.78,100,0.11111,0.84848,,,-0.03,0.03073,0.00033,0.0,0.01505,0.57487
2744,2809856,73.80234,146.83333,1.0,0.92,1.114482,-0.000634,0.009052,0.000614,0.205457,0.000824,0.604203,65.084427,4.558206,65.118462,4.656079,4.0,1.912e-05,6,298,0.09714,0.10109,0.07,0.78,100,0.0,0.875,,,-0.03,0.03103,-0.00043,0.0,0.01297,0.45232
2745,2810880,74.19945,134.57143,1.0,0.92,1.074216,-0.000184,0.010741,6.9e-05,0.324454,0.0,0.934218,61.679695,12.02632,61.484589,14.092705,4.0,1.901e-05,7,283,0.0965,0.09982,0.07,0.75,100,0.0,0.82609,,,-0.03,0.03269,0.00042,0.0,0.01277,0.54522
2746,2811904,75.10228,123.33333,1.0,0.92,1.077434,-0.000496,0.006237,0.000497,0.230101,0.000122,0.989476,56.12513,24.634302,56.102875,25.413774,4.0,1.891e-05,6,282,0.104,0.10682,0.07,0.73,100,0.0,0.69231,,,-0.03,0.02945,0.00027,0.0,0.0181,0.47555
2747,2812928,74.86807,127.25,1.0,0.95,1.07098,-0.000449,0.011568,0.000257,0.244836,0.000244,0.982612,54.781139,25.442709,55.494881,25.596388,4.0,1.881e-05,8,299,0.09542,0.09836,0.04,0.72,100,0.0,0.66667,,,-0.03,0.03156,0.00074,0.0,0.01725,0.61628
2748,2813952,64.43026,188.75,0.875,0.94,1.072358,-0.000571,0.006069,0.000612,0.229577,0.002106,0.975513,62.408531,16.086496,63.035957,16.043787,4.0,1.871e-05,8,310,0.10093,0.10334,0.05,0.74,100,0.125,0.77419,,,-0.03,0.03334,0.00038,0.0,0.01746,0.52309
2749,2814976,75.20796,118.33333,1.0,0.94,1.034202,-0.000642,0.005342,0.000121,0.234249,0.000107,0.638191,67.64566,4.211246,68.114761,3.8198,4.0,1.86e-05,9,282,0.09064,0.09434,0.05,0.75,100,0.22222,0.55556,,,-0.03,0.03695,0.00115,0.0,0.0162,0.66352
2750,2816000,74.5697,123.16667,1.0,0.95,0.976591,-0.000219,0.019253,0.00027,0.285038,0.000931,0.82395,64.867172,9.5989,63.632168,10.302637,4.0,1.85e-05,6,302,0.09825,0.10359,0.04,0.74,100,0.0,0.64706,,,-0.03,0.02917,-0.00015,0.0,0.01047,0.49284
2751,2817024,73.05845,148.83333,1.0,0.95,0.99096,-0.000381,0.052619,0.000642,0.319981,0.002457,0.895727,55.294472,21.232403,53.973652,22.369699,4.0,1.84e-05,6,298,0.09933,0.10518,0.04,0.73,100,0.16667,0.77273,,,-0.03,0.02929,-0.00031,0.0,0.00883,0.50833
2752,2818048,61.64444,125.83333,0.83333,0.95,1.069246,-0.001109,0.013582,0.001747,0.387487,0.01947,0.982738,49.266132,29.136766,48.677605,30.392479,4.0,1.83e-05,6,274,0.09618,0.09973,0.03,0.74,100,0.16667,0.73333,,,-0.03,0.02771,0.00022,0.0,0.01307,0.40042
2753,2819072,58.40185,217.4,0.8,0.94,1.129906,-0.000388,0.012011,0.000171,0.318385,3.1e-05,0.988045,46.794189,31.819353,45.673706,31.591038,4.0,1.82e-05,5,306,0.11081,0.1135,0.04,0.73,100,0.2,0.88571,,,-0.03,0.02524,0.00012,0.0,0.01069,0.3186
2754,2820096,74.56738,136.2,1.0,0.94,1.064651,-0.000719,0.028603,0.001562,0.572123,0.013351,0.95937,40.687592,26.359812,38.883633,27.733063,4.0,1.809e-05,5,313,0.0981,0.10189,0.04,0.71,100,0.0,0.85714,,,-0.03,0.02168,-0.00139,0.0,0.01062,0.44443
2755,2821120,54.0924,240.25,0.75,0.94,1.048319,-0.000869,0.009778,0.001503,0.35252,0.012527,0.992008,34.215183,34.365063,33.511276,34.885078,4.0,1.799e-05,4,314,0.10156,0.1051,0.05,0.72,100,0.25,0.85185,,,-0.03,0.02237,-0.00031,0.0,0.01241,0.26675
2756,2822144,72.50324,169.25,1.0,0.94,1.007873,-0.0008,0.027565,0.000483,0.321548,0.001892,0.974122,31.751715,33.085014,31.430622,32.668655,4.0,1.789e-05,4,340,0.09434,0.0973,0.05,0.71,100,0.0,0.86364,,,-0.03,0.02039,0.00045,0.0,0.00732,0.35435
2757,2823168,24.83092,426.0,0.4,0.91,0.920044,-0.000542,0.018923,0.000527,0.238781,0.001434,0.97955,38.897232,29.777266,38.233707,30.156942,4.0,1.779e-05,5,334,0.08231,0.08471,0.08,0.7,100,0.2,0.98113,,,-0.03,0.0288,-0.00012,0.0,0.00727,0.18215
2758,2824192,64.85384,135.625,0.875,0.91,0.914353,-0.000661,0.032945,0.000627,0.241415,0.002563,0.948637,47.233948,24.121775,46.892151,25.317461,4.0,1.768e-05,8,323,0.09844,0.10453,0.07,0.69,100,0.125,0.73077,,,-0.03,0.03,0.00016,0.0,0.01492,0.63486
2759,2825216,73.7352,133.33333,1.0,0.92,0.915933,-0.000136,0.040016,0.000158,0.353533,4.6e-05,0.930473,46.974991,23.174812,45.218719,23.58975,4.0,1.758e-05,3,327,0.09759,0.10296,0.06,0.69,100,0.0,0.91667,,,-0.03,0.02942,-0.00019,0.0,0.00867,0.27698
2760,2826240,58.58834,229.4,0.8,0.91,0.912956,-0.000248,0.02358,0.000129,0.394662,0.0,0.972004,32.951744,28.304893,31.611946,29.272989,4.0,1.748e-05,5,347,0.09447,0.09786,0.07,0.7,100,0.2,0.8125,,,-0.03,0.02442,-0.00064,0.0,0.01131,0.39007
2761,2827264,74.2843,137.2,1.0,0.91,1.01373,-0.001114,0.016582,0.000738,0.350305,0.002151,0.984811,30.738472,33.172665,31.736359,34.236759,4.0,1.738e-05,5,324,0.09684,0.09894,0.07,0.69,100,0.2,0.85714,,,-0.03,0.02607,0.00026,0.0,0.0161,0.44698
2762,2828288,75.82666,111.5,1.0,0.91,0.939008,-0.000581,0.018528,0.000405,0.260625,7.6e-05,0.982228,30.293159,32.519321,29.542225,32.09391,4.0,1.727e-05,4,330,0.0809,0.08312,0.07,0.71,100,0.0,0.6,,,-0.03,0.02439,0.00088,0.0,0.00972,0.36818
2763,2829312,33.08822,386.66667,0.5,0.88,1.045814,-0.000383,0.055772,0.000365,0.26891,0.000641,0.904745,39.766724,24.441038,39.29686,24.178804,4.0,1.717e-05,6,332,0.08588,0.0889,0.1,0.7,100,0.33333,0.94595,,,-0.03,0.02635,-0.0005,0.0,0.00888,0.25106
2764,2830336,73.06981,155.66667,1.0,0.88,1.135356,-0.000811,0.037754,0.001872,0.499178,0.016754,0.947481,33.948318,24.741985,31.789541,26.147738,4.0,1.707e-05,3,338,0.10105,0.1053,0.1,0.71,100,0.0,0.86667,,,-0.03,0.01783,-0.00059,0.0,0.00602,0.24739
2765,2831360,73.07532,149.0,1.0,0.88,1.142894,-0.000191,0.043376,0.000504,0.362803,6.1e-05,0.952208,16.697788,28.989725,15.921347,30.245497,4.0,1.697e-05,3,329,0.0909,0.09486,0.1,0.72,100,0.33333,0.6,,,-0.03,0.01594,-0.0006,0.0,0.00356,0.2618
2766,2832384,45.70813,293.33333,0.66667,0.87,1.123553,-0.000589,0.016292,0.000734,0.262181,0.002411,0.983935,12.002252,31.562181,12.499016,32.183277,4.0,1.686e-05,3,338,0.08038,0.08281,0.11,0.7,100,0.0,1.0,,,-0.03,0.01469,-0.00053,0.0,0.00612,0.17439
2767,2833408,48.005,273.33333,0.66667,0.86,1.009329,-0.00021,0.024115,5.5e-05,0.460039,0.0,0.969386,16.548763,29.922625,14.940859,29.708551,4.0,1.676e-05,3,360,0.07778,0.08146,0.12,0.69,100,0.0,1.0,,,-0.03,0.01614,-0.0006,0.0,0.00295,0.19416
2768,2834432,27.1084,353.14286,0.42857,0.83,1.097549,-0.00106,0.047234,0.001356,0.426679,0.011826,0.936036,31.191599,27.173468,31.829235,27.587906,4.0,1.666e-05,7,322,0.07457,0.07626,0.14,0.7,100,0.28571,0.96226,,,-0.03,0.02613,0.00022,0.0,0.01098,0.23925
2769,2835456,73.7177,147.33333,1.0,0.83,1.170996,-0.000209,0.046133,4.7e-05,0.530291,0.000122,0.902372,41.382301,22.041523,43.165031,22.642284,4.0,1.656e-05,6,320,0.09007,0.09262,0.14,0.71,100,0.0,0.6875,,,-0.03,0.02498,0.0001,0.0,0.01641,0.44958
2770,2836480,62.99806,190.57143,0.85714,0.82,1.122293,-0.00079,0.028452,0.000668,0.371253,0.001953,0.937476,46.339088,19.382483,46.779793,21.445034,4.0,1.645e-05,7,347,0.07851,0.08085,0.15,0.7,100,0.0,0.86842,,,-0.03,0.02954,0.00077,0.0,0.01323,0.45118
2771,2837504,74.04384,143.42857,1.0,0.82,1.147777,-0.000392,0.044974,0.000333,0.47851,0.000534,0.931483,42.745667,24.433403,44.671215,25.47871,4.0,1.635e-05,7,342,0.08504,0.08747,0.15,0.69,100,0.0,0.73684,,,-0.03,0.02684,0.00021,0.0,0.01386,0.52732
2772,2838528,74.93887,122.66667,1.0,0.83,1.106651,-0.000886,0.015248,0.001427,0.332913,0.010559,0.976346,48.215973,24.416918,49.481377,25.070538,4.0,1.625e-05,6,309,0.08124,0.08439,0.15,0.69,100,0.0,0.625,,,-0.03,0.0311,0.00074,0.0,0.01603,0.45332
2773,2839552,60.27509,212.16667,0.83333,0.83,1.020725,-0.000376,0.030987,0.0005,0.212601,0.000549,0.928856,51.157112,19.729706,51.497261,20.815914,4.0,1.615e-05,6,346,0.07748,0.08087,0.15,0.68,100,0.16667,0.875,,,-0.03,0.02937,0.00029,0.0,0.01222,0.39828
2774,2840576,63.32656,143.71429,0.85714,0.83,1.034648,-0.000221,0.024136,0.000181,0.319444,0.0,0.915199,53.838493,15.371474,53.430481,17.285463,4.0,1.604e-05,7,348,0.08956,0.09427,0.14,0.69,100,0.14286,0.75,,,-0.03,0.02933,0.00024,0.0,0.01135,0.49103
2775,2841600,73.51834,139.71429,1.0,0.84,0.943798,-0.000341,0.040876,0.00037,0.357837,0.001068,0.916696,49.423409,21.447071,50.729008,22.256796,4.0,1.594e-05,7,341,0.08232,0.08678,0.13,0.67,100,0.28571,0.81818,,,-0.03,0.03328,0.00072,0.0,0.00837,0.59818
2776,2842624,74.71623,122.5,1.0,0.86,0.868139,-9.8e-05,0.02448,0.000278,0.256737,4.6e-05,0.968449,46.449398,26.483377,47.331772,27.535671,4.0,1.584e-05,6,353,0.08192,0.08589,0.11,0.67,100,0.0,0.69231,,,-0.03,0.0335,0.0008,0.0,0.015,0.56158
2777,2843648,55.39049,200.875,0.75,0.85,0.939559,-0.000754,0.007638,0.000539,0.228182,0.000641,0.98934,49.419132,26.427059,49.653198,26.867701,4.0,1.574e-05,8,360,0.07801,0.0817,0.12,0.69,100,0.25,0.625,,,-0.03,0.03069,0.00081,0.0,0.01481,0.53189
2778,2844672,74.38723,134.55556,1.0,0.86,1.092782,-0.000254,0.008997,0.000122,0.284803,0.000229,0.665744,63.40321,5.190364,64.631142,5.058466,4.0,1.564e-05,9,336,0.08304,0.08621,0.11,0.7,100,0.11111,0.80556,,,-0.03,0.0333,0.00106,0.0,0.02083,0.65512
2779,2845696,74.98966,123.5,1.0,0.87,1.06382,-0.000615,0.008079,0.000344,0.24896,0.0,0.603047,64.820679,4.866909,65.595337,4.509212,4.0,1.553e-05,8,316,0.08079,0.08377,0.1,0.72,100,0.125,0.61905,,,-0.03,0.03276,0.00106,0.0,0.01757,0.58558
2780,2846720,74.40007,136.33333,1.0,0.89,1.013263,-0.000391,0.013611,0.000508,0.205449,0.000122,0.548031,64.966965,5.843086,65.19458,5.48062,4.0,1.543e-05,6,339,0.08085,0.08542,0.08,0.73,100,0.0,0.75,,,-0.03,0.03253,0.00047,0.0,0.0121,0.47022
2781,2847744,59.17254,126.6,0.8,0.88,0.869338,-0.000201,0.038888,0.000123,0.749082,0.00029,0.890367,56.933205,15.878095,53.272781,18.384739,4.0,1.533e-05,5,359,0.08375,0.09066,0.08,0.74,100,0.2,0.66667,,,-0.03,0.02632,-0.00011,0.0,0.0054,0.37389
2782,2848768,72.78018,156.25,1.0,0.89,0.879222,-0.000108,0.030776,2.4e-05,0.291367,0.0,0.969113,37.958611,30.280167,37.563801,31.748583,4.0,1.523e-05,4,366,0.07802,0.08248,0.07,0.72,100,0.0,0.84615,,,-0.03,0.02356,-0.00092,0.0,0.01207,0.38396
2783,2849792,75.36482,125.75,1.0,0.93,0.911298,-0.000429,0.017757,0.000202,0.303244,0.000504,0.985763,36.100483,35.639313,35.258305,35.413555,4.0,1.512e-05,4,366,0.08121,0.08558,0.04,0.73,100,0.0,0.75,,,-0.03,0.02387,0.00021,0.0,0.01098,0.38022
2784,2850816,42.75958,306.0,0.6,0.92,0.798398,-0.000513,0.010815,0.000272,0.453026,0.000778,0.984889,34.990608,31.556211,34.058495,32.695347,4.0,1.502e-05,5,348,0.07199,0.07543,0.05,0.74,100,0.2,0.94231,,,-0.03,0.02933,-0.00013,0.0,0.01126,0.30693
2785,2851840,61.26995,198.5,0.83333,0.91,0.821591,-0.000191,0.011936,6.8e-05,0.241592,0.000305,0.989272,38.537544,32.728825,39.416538,33.23241,4.0,1.5e-05,6,358,0.08041,0.0856,0.06,0.77,100,0.16667,0.77273,,,-0.03,0.02991,0.00103,0.0,0.01405,0.48465
2786,2852864,75.20085,117.5,1.0,0.92,0.840202,-0.001351,0.009733,0.001223,0.315026,0.006653,0.989621,45.965031,30.323893,46.30481,30.60923,4.0,1.5e-05,6,310,0.0824,0.0865,0.05,0.77,100,0.0,0.8,,,-0.03,0.03202,0.00064,0.0,0.01789,0.55708
2787,2853888,58.94392,215.7,0.8,0.9,0.898782,-0.000698,0.025499,0.00065,0.304079,0.002548,0.950201,54.168953,23.046349,55.105434,23.143827,4.0,1.5e-05,10,302,0.07404,0.0781,0.07,0.78,100,0.7,0.84615,,,-0.03,0.03376,0.0017,0.0,0.01759,0.66964
2788,2854912,75.00616,116.33333,1.0,0.9,0.923473,-0.00077,0.028607,0.000871,0.381123,0.002716,0.897168,59.444931,14.736369,58.237873,16.907345,4.0,1.5e-05,6,314,0.07381,0.07945,0.07,0.77,100,0.33333,0.73684,,,-0.03,0.03251,0.00089,0.0,0.01192,0.5019
2789,2855936,65.36353,123.625,0.875,0.91,0.945944,-0.000461,0.018325,0.00048,0.206162,0.001007,0.96657,54.85754,22.124151,55.255085,23.247149,4.0,1.5e-05,8,306,0.07634,0.08014,0.06,0.77,100,0.125,0.61905,,,-0.03,0.03424,0.00087,0.0,0.01733,0.56679
2790,2856960,75.14072,120.5,1.0,0.91,0.941203,-0.000381,0.019347,0.000244,0.224051,0.000549,0.968456,54.076691,24.476624,54.293522,24.642517,4.0,1.5e-05,6,337,0.07249,0.0765,0.06,0.81,100,0.0,0.55556,,,-0.03,0.03206,0.00082,0.0,0.01723,0.48794
2791,2857984,67.63528,164.0,0.90909,0.9,0.911389,-0.000103,0.020648,0.000133,0.193517,0.0,0.963902,55.094894,24.049097,55.612465,24.220432,4.0,1.5e-05,11,347,0.06991,0.07352,0.07,0.79,100,0.09091,0.86364,,,-0.03,0.03429,0.00069,0.0,0.01477,0.83284
2792,2859008,73.79578,137.2,1.0,0.92,0.974794,-0.000412,0.020336,0.000179,0.243213,0.000412,0.612194,62.702866,7.545303,62.705124,7.391702,4.0,1.5e-05,5,315,0.07897,0.08328,0.06,0.8,100,0.2,0.77778,,,-0.03,0.03251,0.00055,0.0,0.013,0.38682
2793,2860032,73.76497,134.16667,1.0,0.92,0.901341,-0.000237,0.031347,8.7e-05,0.359732,7.6e-05,0.918654,55.7649,18.365835,54.846786,19.895788,4.0,1.5e-05,6,339,0.07837,0.0838,0.06,0.79,100,0.33333,0.81818,,,-0.03,0.02867,-0.00019,0.0,0.01086,0.51991
2794,2861056,74.54133,133.4,1.0,0.92,0.815651,-0.000205,0.024425,7.4e-05,0.313889,0.0,0.974035,42.894325,30.001663,41.889198,31.386429,4.0,1.5e-05,5,372,0.08446,0.09063,0.06,0.8,100,0.0,0.75,,,-0.03,0.02762,0.00025,0.0,0.01195,0.49974
2795,2862080,74.63953,127.5,1.0,0.92,0.784177,-0.000325,0.006212,6e-05,0.192212,0.000214,0.994898,37.115383,34.42791,37.284019,34.542847,4.0,1.5e-05,4,378,0.08029,0.08359,0.06,0.79,100,0.0,0.80952,,,-0.03,0.0279,7e-05,0.0,0.01639,0.41045
2796,2863104,48.40248,229.44444,0.66667,0.89,0.804505,-0.000237,0.03237,5.3e-05,0.212528,0.000153,0.969351,42.702232,31.871861,42.564548,32.727413,4.0,1.5e-05,9,337,0.06793,0.07242,0.08,0.81,100,0.33333,0.83333,,,-0.03,0.03425,0.00128,0.0,0.01125,0.56322
2797,2864128,75.19555,123.0,1.0,0.9,0.889559,-0.000733,0.028221,0.000562,0.268015,0.003174,0.947672,50.812119,22.768105,50.249432,23.085009,4.0,1.5e-05,5,313,0.08565,0.08988,0.08,0.8,100,0.2,0.70588,,,-0.03,0.02943,0.00051,0.0,0.01382,0.43616
2798,2865152,60.71515,220.33333,0.83333,0.89,0.888767,-0.000255,0.055196,0.000194,0.215892,0.000275,0.912445,49.32135,25.09753,49.544994,25.132561,4.0,1.5e-05,6,332,0.08499,0.08972,0.09,0.8,100,0.33333,0.85714,,,-0.03,0.03151,-0.00011,0.0,0.01198,0.44477
2799,2866176,73.76744,138.4,1.0,0.9,0.988986,-0.000277,0.036091,0.000206,0.347746,1.5e-05,0.944923,48.350067,25.352291,47.070885,25.805923,4.0,1.5e-05,5,322,0.08845,0.09387,0.08,0.8,100,0.0,0.87879,,,-0.03,0.02507,-0.00106,0.0,0.01172,0.43219
2800,2867200,75.27185,117.8,1.0,0.91,1.005077,-0.00051,0.027091,0.000488,0.287675,0.001572,0.974744,36.828899,31.80722,36.925766,33.256229,4.0,1.5e-05,5,305,0.0791,0.08235,0.07,0.81,100,0.4,0.7,,,-0.03,0.0288,-0.00019,0.0,0.01397,0.42757
2801,2868224,47.86866,210.5,0.66667,0.9,1.043074,-0.000427,0.038215,0.000251,0.272106,0.0,0.966027,36.835388,32.959286,36.197098,33.299385,4.0,1.5e-05,6,323,0.08556,0.08966,0.07,0.8,100,0.16667,0.69231,,,-0.03,0.02478,0.00022,0.0,0.00735,0.33399
2802,2869248,63.19554,185.28571,0.85714,0.9,1.077766,-0.000257,0.023677,0.000268,0.232369,0.0,0.9715,42.855495,28.584955,42.271679,28.906031,4.0,1.5e-05,7,306,0.08281,0.08521,0.07,0.79,100,0.0,0.89744,,,-0.03,0.02694,0.00036,0.0,0.01156,0.47786
2803,2870272,61.76524,209.42857,0.85714,0.9,1.117007,-0.000385,0.045129,0.000179,0.261524,0.0,0.876576,50.820396,18.244898,51.636566,19.027216,4.0,1.5e-05,7,291,0.09622,0.09938,0.07,0.79,100,0.0,0.85,,,-0.03,0.0303,-0.0001,0.0,0.01428,0.46133
2804,2871296,74.41535,136.8,1.0,0.9,1.067737,-0.000324,0.038419,0.00014,0.256209,0.000183,0.935958,48.884155,23.798096,48.334217,24.446444,4.0,1.5e-05,5,319,0.09092,0.09507,0.07,0.79,100,0.2,0.71429,,,-0.03,0.02738,4e-05,0.0,0.01174,0.39699
2805,2872320,74.17572,132.0,1.0,0.91,1.07523,-0.000213,0.040246,8.1e-05,0.338704,1.5e-05,0.945243,41.856083,26.212919,40.872311,27.29015,4.0,1.5e-05,5,321,0.08835,0.09211,0.07,0.79,100,0.2,0.58333,,,-0.03,0.02528,-0.0002,0.0,0.0122,0.40082
2806,2873344,59.18875,228.5,0.83333,0.9,1.071562,-0.000303,0.066302,5.8e-05,0.406431,0.0,0.923067,35.195396,29.464224,36.134235,29.85964,4.0,1.5e-05,6,301,0.08629,0.08974,0.08,0.79,100,0.33333,0.88462,,,-0.03,0.02444,0.00024,0.0,0.00719,0.41075
2807,2874368,73.77573,143.66667,1.0,0.9,1.091146,-0.000522,0.043227,0.00057,0.27966,0.001968,0.952875,39.449955,29.166073,40.190224,30.255325,4.0,1.5e-05,6,313,0.09033,0.09398,0.08,0.79,100,0.16667,0.71429,,,-0.03,0.02436,0.00049,0.0,0.01274,0.4921
2808,2875392,58.36039,213.8,0.8,0.89,1.083311,-0.000426,0.025503,0.000335,0.320167,0.000275,0.963124,43.244225,26.121262,42.148308,26.259615,4.0,1.5e-05,5,308,0.08495,0.08831,0.09,0.79,100,0.0,0.89744,,,-0.03,0.02592,0.00041,0.0,0.01034,0.32317
2809,2876416,34.46022,251.75,0.5,0.88,1.021475,-0.000271,0.036377,9.4e-05,0.427025,7.6e-05,0.950016,36.773556,26.116823,34.8466,26.719679,4.0,1.5e-05,4,307,0.09056,0.09462,0.09,0.79,100,0.25,0.86667,,,-0.03,0.02457,-0.00012,0.0,0.00876,0.17741
2810,2877440,60.415,170.66667,0.83333,0.87,0.994216,-0.000795,0.03932,0.00067,0.342214,0.001663,0.953056,32.031334,28.177137,32.749146,29.628643,4.0,1.5e-05,6,322,0.09314,0.09606,0.09,0.77,100,0.16667,0.91304,,,-0.03,0.02546,-0.00014,0.0,0.01022,0.46031
2811,2878464,74.71624,124.6,1.0,0.87,1.063666,-0.000703,0.013431,0.000779,0.36472,0.002975,0.984772,39.396622,29.707386,40.687469,30.506029,4.0,1.5e-05,5,320,0.08949,0.09229,0.09,0.78,100,0.0,0.78947,,,-0.03,0.0276,0.00011,0.0,0.01411,0.41375
2812,2879488,50.6845,276.28571,0.71429,0.85,1.082775,-0.000287,0.013203,0.000163,0.2459,0.0,0.979993,47.255779,25.550432,47.79945,25.906481,4.0,1.5e-05,7,336,0.09128,0.09522,0.11,0.79,100,0.0,0.86486,,,-0.03,0.02691,0.00012,0.0,0.01284,0.40308
2813,2880512,74.0067,134.875,1.0,0.88,1.122288,-0.000283,0.017548,0.000198,0.294962,0.0,0.414284,60.869415,5.617242,62.053951,5.534492,4.0,1.5e-05,8,318,0.0903,0.09436,0.09,0.81,100,0.125,0.75862,,,-0.03,0.03274,0.00065,0.0,0.01478,0.59203
2814,2881536,73.20691,147.28571,1.0,0.88,1.048717,-0.00068,0.046792,0.00074,0.290584,0.003754,0.641845,57.193302,12.097703,57.302856,11.590617,4.0,1.5e-05,7,346,0.09736,0.10394,0.09,0.81,100,0.14286,0.72,,,-0.03,0.02767,0.00034,0.0,0.00651,0.56739
2815,2882560,73.62085,150.66667,1.0,0.89,0.887347,-0.000288,0.020195,0.000154,0.376912,0.00029,0.949311,50.637409,18.697119,49.405056,20.315954,4.0,1.5e-05,3,370,0.1073,0.11277,0.08,0.8,100,0.0,0.91304,,,-0.03,0.02722,-0.00095,0.0,0.0123,0.29764
2816,2883584,62.99336,171.625,0.875,0.88,0.987878,-0.000361,0.023973,0.000356,0.224078,1.5e-05,0.955745,50.883621,22.726036,51.370239,23.38728,4.0,1.5e-05,8,305,0.09709,0.1027,0.08,0.76,100,0.5,0.88571,,,-0.03,0.02993,-2e-05,0.0,0.01168,0.61035
2817,2884608,74.8399,121.0,1.0,0.88,0.912281,-0.000226,0.021932,0.000106,0.281275,0.0,0.959095,51.15707,22.909567,50.39819,23.478319,4.0,1.5e-05,4,251,0.09395,0.09861,0.08,0.75,100,0.25,0.71429,,,-0.03,0.03115,-0.00033,0.0,0.01273,0.37792
2818,2885632,58.52322,233.8,0.8,0.88,0.933777,-0.000181,0.013013,6.8e-05,0.260003,0.0,0.980891,44.532509,26.152945,44.318222,27.646069,4.0,1.5e-05,5,226,0.09116,0.09442,0.08,0.75,100,0.2,0.90323,,,-0.03,0.02896,-0.00057,0.0,0.012,0.3655
2819,2886656,73.72537,137.83333,1.0,0.9,0.944054,-0.000299,0.017475,0.000172,0.223939,0.000427,0.979741,43.451195,29.094761,44.037025,29.401709,4.0,1.5e-05,6,316,0.0938,0.09774,0.07,0.75,100,0.0,0.80952,,,-0.03,0.02813,0.00057,0.0,0.01078,0.54196
2820,2887680,57.80171,229.4,0.8,0.9,0.852427,-0.000306,0.037814,0.00015,0.285515,0.000198,0.949358,43.381462,27.418526,42.314369,27.459425,4.0,1.5e-05,5,299,0.0964,0.10276,0.07,0.75,100,0.4,0.875,,,-0.03,0.02908,9e-05,0.0,0.00361,0.40548
2821,2888704,62.89894,218.75,0.875,0.89,1.002696,-0.000106,0.064529,0.000127,0.549514,0.0,0.794932,50.99115,20.051216,52.988701,18.563065,4.0,1.5e-05,8,262,0.09285,0.0964,0.08,0.76,100,0.375,0.82759,,,-0.03,0.0314,0.00071,0.0,0.01129,0.57747
2822,2889728,74.41887,129.5,1.0,0.89,1.081117,-0.000388,0.007026,0.00015,0.275127,0.000351,0.684382,62.709579,4.647042,63.951469,4.767114,4.0,1.5e-05,8,281,0.08958,0.09276,0.08,0.75,100,0.0,0.66667,,,-0.03,0.03417,0.00115,0.0,0.01825,0.59804
2823,2890752,74.96023,121.125,1.0,0.9,1.076697,-0.000541,0.0041,0.000416,0.256317,0.001205,0.77333,65.16214,4.349821,66.181473,4.140413,4.0,1.5e-05,8,300,0.08589,0.08915,0.07,0.75,100,0.125,0.66667,,,-0.03,0.03676,0.00054,0.0,0.01938,0.58983
2824,2891776,55.16796,131.75,0.75,0.89,0.920067,-0.000261,0.058973,0.000208,0.464482,0.0,0.755423,60.662582,11.321015,58.491749,15.367005,4.0,1.5e-05,8,325,0.09255,0.09807,0.06,0.74,100,0.375,0.71429,,,-0.03,0.03119,0.00087,0.0,0.00783,0.51822
2825,2892800,75.18265,119.75,1.0,0.91,1.04819,-0.000461,0.006444,0.00032,0.37,0.000534,0.735668,64.6549,4.554979,65.787796,4.471473,4.0,1.5e-05,8,290,0.07893,0.08194,0.05,0.74,100,0.0,0.6,,,-0.03,0.03595,0.00107,0.0,0.01977,0.59128
2826,2893824,75.34023,115.6,1.0,0.93,1.065438,-0.000633,0.005103,0.000414,0.236673,0.00119,0.730111,65.201523,4.405863,65.92363,4.323768,4.0,1.5e-05,10,270,0.08315,0.08597,0.04,0.75,100,0.0,0.52941,,,-0.03,0.03584,0.00129,0.0,0.01754,0.72444
2827,2894848,74.60571,124.0,1.0,0.94,1.00655,-0.000179,0.019984,0.000132,0.189043,0.0,0.807352,63.716724,9.652192,63.844177,10.220755,4.0,1.5e-05,6,297,0.09826,0.10244,0.03,0.75,100,0.0,0.73684,,,-0.03,0.03259,0.00011,0.0,0.01639,0.47361
2828,2895872,74.36217,139.0,1.0,0.94,1.059818,-0.00038,0.024167,0.000109,0.472321,0.000244,0.947246,53.789845,20.386305,51.568623,21.620481,4.0,1.5e-05,4,287,0.09055,0.09672,0.03,0.75,100,0.0,0.6,,,-0.03,0.02095,-0.00138,0.0,0.00836,0.31483
2829,2896896,70.01116,202.2,1.0,0.94,1.029006,-0.000314,0.068936,8.5e-05,0.430223,6.1e-05,0.885785,48.399101,25.884182,49.567852,25.08596,4.0,1.5e-05,5,316,0.09377,0.09839,0.03,0.72,100,0.4,0.96552,,,-0.03,0.02652,-0.00052,0.0,0.01042,0.40591
2830,2897920,63.51281,189.0,0.85714,0.93,1.088786,-0.000756,0.011006,0.000619,0.322694,0.003357,0.985324,51.712181,27.402737,51.151608,28.581905,4.0,1.5e-05,7,286,0.08783,0.09128,0.04,0.72,100,0.0,0.85366,,,-0.03,0.03113,0.00037,0.0,0.01403,0.45893
2831,2898944,61.54655,139.0,0.83333,0.93,0.994431,-0.00041,0.029392,0.000258,0.247095,1.5e-05,0.957075,52.489113,25.697144,52.131634,26.700081,4.0,1.5e-05,6,292,0.08678,0.09168,0.04,0.74,100,0.33333,0.73684,,,-0.03,0.02976,0.00036,0.0,0.01255,0.40532
2832,2899968,65.77327,172.66667,0.88889,0.92,1.033027,-0.000351,0.017494,0.000781,0.197851,0.005676,0.956414,58.471928,19.844828,58.708141,19.882717,4.0,1.5e-05,9,294,0.09773,0.10159,0.05,0.77,100,0.22222,0.85106,,,-0.03,0.03448,0.00083,0.0,0.01278,0.61604
2833,2900992,74.15885,132.71429,1.0,0.93,1.064763,-0.000271,0.022129,9.1e-05,0.303797,0.0,0.886438,57.647564,12.504887,56.500153,14.051188,4.0,1.5e-05,7,292,0.10876,0.11295,0.04,0.75,100,0.14286,0.83333,,,-0.03,0.02519,5e-05,0.0,0.01068,0.54392
2834,2902016,71.79383,157.83333,1.0,0.94,1.077989,-0.000618,0.058361,0.000499,0.318381,0.001572,0.868933,52.341537,21.664543,52.922588,21.582773,4.0,1.5e-05,6,266,0.0958,0.1008,0.03,0.76,100,0.33333,0.76471,,,-0.03,0.03036,0.00023,0.0,0.00515,0.46145
2835,2903040,74.07607,133.2,1.0,0.95,1.044202,-0.000118,0.020167,0.000199,0.171328,7.6e-05,0.965427,53.17511,24.470974,53.155685,24.554167,4.0,1.5e-05,5,298,0.09843,0.1021,0.02,0.77,100,0.2,0.6875,,,-0.03,0.02966,0.00039,0.0,0.01189,0.41316
2836,2904064,74.45661,136.2,1.0,0.95,1.071428,-0.000399,0.013029,0.000499,0.459039,0.000565,0.978113,47.083298,27.02239,45.872105,28.278204,4.0,1.5e-05,5,270,0.10218,0.10647,0.02,0.78,100,0.0,0.66667,,,-0.03,0.02527,-0.00068,0.0,0.01216,0.42489
2837,2905088,57.83958,210.8,0.8,0.94,1.058685,-0.000471,0.008553,0.000436,0.266842,0.000977,0.990412,39.997215,32.245541,39.616074,32.681263,4.0,1.5e-05,5,260,0.09176,0.0959,0.03,0.79,100,0.2,0.5,,,-0.03,0.02694,-0.00072,0.0,0.01148,0.34249
2838,2906112,74.87669,124.5,1.0,0.94,1.014722,-0.000945,0.011828,0.000852,0.353835,0.006134,0.987801,37.813141,32.698708,37.074715,33.454945,4.0,1.5e-05,4,275,0.08862,0.09245,0.03,0.79,100,0.25,0.77778,,,-0.03,0.02389,-6e-05,0.0,0.00907,0.36044
2839,2907136,50.38902,282.71429,0.71429,0.92,0.9384,-0.000136,0.033876,5.1e-05,0.242911,0.0,0.961631,41.105362,29.904667,41.535675,30.11619,4.0,1.5e-05,7,266,0.09392,0.09903,0.05,0.8,100,0.28571,0.93333,,,-0.03,0.02668,0.00013,0.0,0.01019,0.463
2840,2908160,58.76052,209.8,0.8,0.92,0.977981,-0.000629,0.013924,0.000333,0.283222,0.000229,0.978606,47.608589,25.323473,47.047958,25.882648,4.0,1.5e-05,5,278,0.08926,0.09297,0.06,0.79,100,0.2,0.93182,,,-0.03,0.02949,0.00061,0.0,0.01236,0.34379
2841,2909184,75.01377,125.28571,1.0,0.93,0.942276,-4.9e-05,0.009279,0.000112,0.274554,4.6e-05,0.98591,47.210197,24.811634,47.730724,25.898165,4.0,1.5e-05,7,314,0.09502,0.0983,0.06,0.8,100,0.0,0.66667,,,-0.03,0.03099,0.00103,0.0,0.01617,0.62963
2842,2910208,61.07815,212.0,0.83333,0.92,0.874237,-0.000284,0.013224,8.6e-05,0.220046,3.1e-05,0.979958,45.755463,25.64529,46.197784,26.03096,4.0,1.5e-05,6,334,0.10004,0.10356,0.06,0.81,100,0.33333,0.80952,,,-0.03,0.03056,0.00058,0.0,0.01615,0.47839
2843,2911232,63.56107,186.375,0.875,0.91,0.974781,-0.000325,0.024247,0.00021,0.218296,4.6e-05,0.902486,56.559765,15.239835,56.7444,15.930871,4.0,1.5e-05,8,307,0.10013,0.10553,0.06,0.81,100,0.375,0.73684,,,-0.03,0.03205,0.00048,0.0,0.00769,0.59943
2844,2912256,75.70954,112.2,1.0,0.91,1.008304,-0.000426,0.015772,0.00032,0.298288,3.1e-05,0.944811,57.997208,15.655979,57.16465,17.335281,4.0,1.5e-05,5,325,0.09448,0.09902,0.06,0.81,100,0.0,0.53846,,,-0.03,0.03476,0.00027,0.0,0.01416,0.4103
2845,2913280,58.0766,147.0,0.8,0.9,0.823342,-0.000279,0.042028,0.000524,0.319933,0.000244,0.929429,46.798847,23.656429,45.115776,24.661489,4.0,1.5e-05,5,355,0.0993,0.10603,0.06,0.8,100,0.4,0.80952,,,-0.03,0.02763,0.00013,0.0,0.00833,0.39705
2846,2914304,74.05975,139.0,1.0,0.9,0.892305,-0.000432,0.024136,0.000206,0.282208,0.000107,0.96684,43.651348,26.887867,44.09737,27.287851,4.0,1.5e-05,6,323,0.09672,0.10083,0.06,0.81,100,0.16667,0.7,,,-0.03,0.031,0.00047,0.0,0.01433,0.56699
2847,2915328,62.20256,208.28571,0.85714,0.91,0.893111,-0.000526,0.038481,0.000536,0.302182,0.000412,0.934879,47.447803,24.751654,48.821564,24.858397,4.0,1.5e-05,7,298,0.09422,0.09852,0.06,0.82,100,0.28571,0.8,,,-0.03,0.03243,0.00093,0.0,0.01521,0.55832
2848,2916352,64.33881,187.57143,0.85714,0.9,1.067451,-0.00022,0.010586,0.000173,0.254355,1.5e-05,0.973641,54.765762,19.244953,54.760345,20.149227,4.0,1.5e-05,7,256,0.10457,0.10746,0.07,0.83,100,0.14286,0.8125,,,-0.03,0.02937,0.00028,0.0,0.01598,0.47776
2849,2917376,74.55842,130.125,1.0,0.91,1.103724,-0.000241,0.018288,0.000148,0.209345,0.0,0.961091,55.163185,20.582006,55.477459,21.757704,4.0,1.5e-05,8,304,0.10323,0.10763,0.06,0.82,100,0.0,0.78571,,,-0.03,0.03201,0.00022,0.0,0.01401,0.62375
2850,2918400,73.76278,139.75,1.0,0.91,1.117448,-0.000356,0.017184,0.000121,0.21522,0.000259,0.969334,52.035088,23.720968,52.098099,23.847185,4.0,1.5e-05,4,308,0.10187,0.10465,0.06,0.81,100,0.25,0.75,,,-0.03,0.02551,-5e-05,0.0,0.01527,0.31832
2851,2919424,74.15431,140.0,1.0,0.91,1.177852,-0.000364,0.022694,0.000307,0.389669,9.2e-05,0.962967,48.461987,24.697815,47.208351,25.515772,4.0,1.5e-05,5,322,0.09174,0.09456,0.06,0.83,100,0.0,0.80952,,,-0.03,0.02395,2e-05,0.0,0.00957,0.38505
2852,2920448,60.71927,225.71429,0.85714,0.9,1.185031,-0.000397,0.035125,0.000708,0.424737,0.003159,0.947792,47.739986,26.333338,49.132149,27.040178,4.0,1.5e-05,7,328,0.08997,0.09195,0.07,0.82,100,0.14286,0.83333,,,-0.03,0.02842,0.00041,0.0,0.01242,0.44987
2853,2921472,74.85888,122.25,1.0,0.9,1.256304,-0.00058,0.013223,0.000149,0.292483,7.6e-05,0.978696,51.379807,24.45191,50.743858,24.534073,4.0,1.5e-05,4,322,0.10934,0.11174,0.07,0.82,100,0.0,0.6,,,-0.03,0.0232,-0.00018,0.0,0.00953,0.29916
2854,2922496,74.07372,138.57143,1.0,0.91,1.210751,-0.000281,0.011837,9.2e-05,0.274336,0.000244,0.985679,46.277706,28.723948,46.020645,29.904173,4.0,1.5e-05,7,338,0.0919,0.09462,0.06,0.81,100,0.0,0.69565,,,-0.03,0.02623,0.00014,0.0,0.01205,0.53231
2855,2923520,59.01642,221.66667,0.83333,0.92,1.146966,-0.000146,0.017058,0.000108,0.204372,3.1e-05,0.973742,49.409519,25.036306,49.491489,25.448334,4.0,1.5e-05,6,329,0.0993,0.10224,0.05,0.8,100,0.33333,0.71429,,,-0.03,0.02538,0.00032,0.0,0.01341,0.40003
2856,2924544,60.43671,208.83333,0.83333,0.91,1.128612,-0.000451,0.016754,0.000187,0.254097,0.0,0.97884,46.579636,27.575699,46.575493,28.592968,4.0,1.5e-05,6,335,0.09392,0.09677,0.06,0.78,100,0.0,0.84211,,,-0.03,0.02729,-0.0002,0.0,0.01309,0.39965
2857,2925568,74.74332,131.8,1.0,0.92,1.10236,-0.000816,0.014401,0.000251,0.273783,0.00029,0.976738,51.460201,24.318201,51.621452,24.765476,4.0,1.5e-05,5,348,0.09213,0.09509,0.05,0.79,100,0.2,0.63636,,,-0.03,0.02844,0.00047,0.0,0.01538,0.39653
2858,2926592,64.68289,197.11111,0.88889,0.91,1.055876,-0.000571,0.020414,0.000668,0.283941,0.001755,0.958239,54.542831,22.227682,55.509548,22.346334,4.0,1.5e-05,9,339,0.09119,0.09471,0.06,0.8,100,0.11111,0.81395,,,-0.03,0.03039,0.00061,0.0,0.01543,0.63343
2859,2927616,75.3806,117.22222,1.0,0.93,1.088781,-0.000595,0.010005,0.00038,0.235175,0.00032,0.707989,64.769608,5.595483,65.364189,5.84537,4.0,1.5e-05,9,310,0.08106,0.08416,0.06,0.79,100,0.0,0.66667,,,-0.03,0.03469,0.00157,0.0,0.01875,0.65995
2860,2928640,74.76686,126.42857,1.0,0.93,1.079377,-0.000125,0.01984,8.7e-05,0.256136,1.5e-05,0.803368,64.38131,8.490271,64.242989,10.096835,4.0,1.5e-05,7,338,0.08236,0.08609,0.06,0.81,100,0.28571,0.66667,,,-0.03,0.03276,0.00076,0.0,0.01472,0.51882
2861,2929664,74.78097,124.42857,1.0,0.94,1.044199,-0.00047,0.008123,0.000864,0.247111,0.002457,0.979802,58.673382,19.389969,58.927753,20.071505,4.0,1.5e-05,7,348,0.08743,0.09002,0.06,0.8,100,0.28571,0.64706,,,-0.03,0.03296,0.00072,0.0,0.01862,0.54939
2862,2930688,74.80554,126.33333,1.0,0.95,0.963603,-0.000815,0.020058,0.000534,0.27081,0.001602,0.968292,52.353657,24.61968,51.851295,25.350172,4.0,1.5e-05,6,335,0.08259,0.08751,0.05,0.81,100,0.0,0.64706,,,-0.03,0.02872,0.00083,0.0,0.00797,0.50756
2863,2931712,73.73807,140.8,1.0,0.95,0.881185,-9.3e-05,0.029292,3.8e-05,0.1833,0.0,0.96577,46.123142,29.057083,46.344162,29.247723,4.0,1.5e-05,5,350,0.08285,0.08626,0.05,0.8,100,0.2,0.82609,,,-0.03,0.02769,0.00057,0.0,0.01752,0.46508
2864,2932736,63.37153,198.0,0.85714,0.95,1.046088,-0.000703,0.014645,0.000564,0.243998,0.000671,0.978903,52.552372,25.90312,52.336971,26.364056,4.0,1.5e-05,7,336,0.07739,0.08018,0.05,0.82,100,0.14286,0.71429,,,-0.03,0.02916,0.00082,0.0,0.01407,0.47025
2865,2933760,60.82938,204.66667,0.83333,0.94,1.007792,-0.000441,0.016958,0.000324,0.246498,0.000641,0.977172,49.858093,26.847134,49.438286,27.766674,4.0,1.5e-05,6,347,0.0772,0.08077,0.06,0.8,100,0.16667,0.76923,,,-0.03,0.02792,0.00061,0.0,0.01021,0.41178
2866,2934784,61.7827,174.28571,0.85714,0.93,1.01731,-0.000316,0.015666,0.000267,0.264906,1.5e-05,0.926706,60.940834,15.177364,61.685352,14.793059,4.0,1.5e-05,7,310,0.07781,0.08264,0.06,0.8,100,0.28571,0.84,,,-0.03,0.03084,0.00037,0.0,0.01325,0.45837
2867,2935808,74.43068,128.66667,1.0,0.94,1.04468,-0.000392,0.011447,0.000262,0.222619,0.000305,0.402439,65.795425,5.074849,66.322273,4.490116,4.0,1.5e-05,9,336,0.0781,0.08272,0.05,0.82,100,0.11111,0.67742,,,-0.03,0.03487,0.00125,0.0,0.01359,0.68409
2868,2936832,74.21642,129.375,1.0,0.94,1.067703,-0.000597,0.007502,0.000567,0.21239,0.002457,0.493063,67.353523,4.710976,67.678162,3.922276,4.0,1.5e-05,8,326,0.07675,0.07995,0.05,0.83,100,0.125,0.71429,,,-0.03,0.03234,0.00073,0.0,0.01438,0.60209
2869,2937856,74.96728,125.0,1.0,0.95,1.074426,-0.00058,0.006683,0.000189,0.240421,0.0,0.688356,67.498505,5.036905,68.277649,4.623107,4.0,1.5e-05,7,327,0.07679,0.07943,0.04,0.84,100,0.0,0.66667,,,-0.03,0.03468,0.00083,0.0,0.02234,0.50812
2870,2938880,75.20449,124.0,1.0,0.95,1.078368,-0.000353,0.008746,0.000245,0.251864,1.5e-05,0.717499,68.50428,5.337021,67.868484,5.524053,4.0,1.5e-05,7,334,0.0843,0.08816,0.04,0.85,100,0.14286,0.71429,,,-0.03,0.02961,0.0008,0.0,0.0206,0.52812
2871,2939904,74.16584,142.625,1.0,0.96,1.034071,-0.000219,0.019615,0.00015,0.21829,0.000168,0.6295,65.6716,7.617563,65.925919,7.320138,4.0,1.5e-05,8,348,0.0666,0.07057,0.03,0.88,100,0.0,0.77778,,,-0.03,0.03215,0.00077,0.0,0.01267,0.60694
2872,2940928,73.94564,135.33333,1.0,0.97,0.963422,-0.000191,0.016376,0.000301,0.244599,0.000305,0.926658,63.051544,13.794213,62.285942,14.849199,4.0,1.5e-05,6,351,0.07676,0.08189,0.02,0.86,100,0.0,0.85714,,,-0.03,0.02929,0.0009,0.0,0.01601,0.50575
2873,2941952,75.02225,122.66667,1.0,0.97,0.90309,-0.000455,0.01437,0.00039,0.316812,0.001297,0.969216,55.186241,21.891701,53.966782,22.589556,4.0,1.5e-05,6,339,0.0788,0.08322,0.02,0.85,100,0.0,0.5,,,-0.03,0.02694,0.00091,0.0,0.01192,0.55643
2874,2942976,74.84205,122.25,1.0,0.97,0.862849,-0.000335,0.009496,0.000123,0.357903,0.0,0.985868,45.257782,28.332453,44.274063,29.364613,4.0,1.5e-05,4,376,0.07152,0.07509,0.02,0.85,100,0.25,0.625,,,-0.03,0.02983,-0.00018,0.0,0.01235,0.38432
2875,2944000,58.51798,219.2,0.8,0.96,0.930928,-0.000281,0.007553,0.000128,0.228324,0.0,0.992617,40.18615,32.98407,39.806923,33.174854,4.0,1.5e-05,5,381,0.07217,0.07522,0.03,0.86,100,0.2,0.66667,,,-0.03,0.02494,0.00019,0.0,0.01167,0.37049
2876,2945024,63.21724,193.85714,0.85714,0.95,1.053514,-0.001097,0.00876,0.001108,0.358304,0.005768,0.990033,44.367516,32.356613,43.851425,33.405167,4.0,1.5e-05,7,320,0.07145,0.07472,0.04,0.84,100,0.42857,0.88462,,,-0.03,0.02698,-0.00015,0.0,0.0108,0.49198
2877,2946048,64.62821,179.75,0.875,0.94,1.044981,-0.000157,0.020049,0.000139,0.215133,0.000275,0.97516,52.391228,28.518961,52.905457,28.454439,4.0,1.5e-05,8,324,0.07507,0.07887,0.05,0.83,100,0.25,0.83333,,,-0.03,0.03183,0.00094,0.0,0.01347,0.54934
2878,2947072,62.85996,186.57143,0.85714,0.93,1.053389,-0.000371,0.005253,0.000324,0.216393,0.000641,0.990736,57.140923,23.831703,57.623688,24.014353,4.0,1.5e-05,7,347,0.06859,0.07097,0.06,0.82,100,0.14286,0.78261,,,-0.03,0.03102,0.00109,0.0,0.01689,0.44538
2879,2948096,74.6985,121.88889,1.0,0.94,1.039454,-0.000303,0.008849,7.4e-05,0.22014,9.2e-05,0.488695,65.367096,4.205669,65.51947,4.222821,4.0,1.5e-05,9,342,0.0779,0.08112,0.05,0.82,100,0.33333,0.52632,,,-0.03,0.03235,0.00116,0.0,0.01564,0.66874
2880,2949120,74.42798,136.66667,1.0,0.96,1.038285,-0.000556,0.020852,0.000396,0.251927,0.000336,0.882829,61.3433,11.863171,60.719677,13.419781,4.0,1.5e-05,6,328,0.07292,0.07582,0.04,0.83,100,0.0,0.625,,,-0.03,0.03013,0.00106,0.0,0.0139,0.44393
2881,2950144,74.75973,129.16667,1.0,0.96,0.867405,-7.4e-05,0.019845,5.1e-05,0.255816,0.0,0.958016,54.329697,21.08309,53.710228,21.734623,4.0,1.5e-05,6,369,0.06906,0.07398,0.04,0.86,100,0.0,0.45455,,,-0.03,0.03067,0.00111,0.0,0.01344,0.53102
2882,2951168,72.77075,157.75,1.0,0.96,0.826371,-0.000302,0.043814,0.000306,0.269713,0.0,0.923579,48.159523,23.705889,47.019852,23.809694,4.0,1.5e-05,4,343,0.07139,0.07564,0.04,0.83,100,0.5,0.83333,,,-0.03,0.02505,0.0004,0.0,0.00879,0.38029
2883,2952192,71.31434,177.0,1.0,0.96,0.719284,-0.000179,0.0742,0.000162,0.389527,0.0,0.886382,39.216812,26.307388,39.725739,26.517998,4.0,1.5e-05,6,342,0.07192,0.07868,0.04,0.8,100,0.66667,0.76923,,,-0.03,0.02576,0.00047,0.0,0.00354,0.65626
2884,2953216,52.17574,202.28571,0.71429,0.94,0.832573,-0.000198,0.020044,0.000139,0.302782,0.0,0.966745,50.780838,23.605684,49.435867,24.502625,4.0,1.5e-05,7,332,0.06492,0.06956,0.05,0.8,100,0.28571,0.8,,,-0.03,0.03025,0.00058,0.0,0.01042,0.46862
2885,2954240,62.30397,216.85714,0.85714,0.93,0.815415,-0.00057,0.045339,0.000658,0.35182,0.002121,0.893978,48.132931,21.476515,49.012054,21.187231,4.0,1.5e-05,7,356,0.06661,0.07124,0.06,0.78,100,0.42857,0.78571,,,-0.03,0.03293,0.00105,0.0,0.01048,0.57753
2886,2955264,74.14937,124.42857,1.0,0.93,0.984552,-3.8e-05,0.013858,8.2e-05,0.26202,0.0,0.379144,62.394093,5.185242,63.418556,4.870001,4.0,1.5e-05,7,345,0.063,0.06558,0.06,0.76,100,0.14286,0.69231,,,-0.03,0.03399,0.00124,0.0,0.01717,0.53519
2887,2956288,73.90515,134.71429,1.0,0.93,1.036471,-0.000436,0.008974,0.000365,0.215783,0.000107,0.436173,63.964966,4.194277,64.517654,4.058352,4.0,1.5e-05,7,302,0.07241,0.07596,0.06,0.76,100,0.14286,0.63158,,,-0.03,0.03158,0.00098,0.0,0.01528,0.52904
2888,2957312,74.38879,129.88889,1.0,0.93,0.951537,-0.000489,0.011865,0.000473,0.23473,0.000351,0.697922,63.909687,6.065851,64.424194,6.251665,4.0,1.5e-05,9,321,0.06131,0.06592,0.06,0.78,100,0.0,0.56522,,,-0.03,0.03283,0.00134,0.0,0.01323,0.71292
2889,2958336,63.42071,146.0,0.85714,0.92,0.990152,-2e-05,0.020273,3.7e-05,0.192578,0.0,0.847398,63.450718,9.309772,63.12344,11.857569,4.0,1.5e-05,7,339,0.06274,0.06543,0.06,0.79,100,0.14286,0.625,,,-0.03,0.03151,0.00126,0.0,0.01649,0.46234
2890,2959360,74.6187,124.0,1.0,0.93,1.018833,-0.000213,0.010546,3.8e-05,0.22702,6.1e-05,0.762691,64.163971,5.442099,64.038055,6.658361,4.0,1.5e-05,7,309,0.06376,0.0665,0.05,0.8,100,0.14286,0.53333,,,-0.03,0.02899,0.00158,0.0,0.01771,0.51562
2891,2960384,75.14509,119.125,1.0,0.95,0.998344,-0.00037,0.013316,0.000284,0.25468,7.6e-05,0.924812,60.915222,12.225884,60.617813,13.765024,4.0,1.5e-05,8,323,0.06944,0.07312,0.03,0.82,100,0.125,0.57895,,,-0.03,0.03055,0.00099,0.0,0.01821,0.61812
2892,2961408,74.1864,130.71429,1.0,0.95,1.016912,-0.000223,0.008965,0.000245,0.191247,0.00032,0.983561,55.948151,22.656292,56.254826,23.501316,4.0,1.5e-05,7,347,0.0684,0.07074,0.03,0.84,100,0.0,0.6,,,-0.03,0.0305,0.00029,0.0,0.0159,0.53873
2893,2962432,74.75195,126.85714,1.0,0.96,0.989586,-0.001161,0.00622,0.001246,0.301342,0.008514,0.989836,55.844048,24.375643,56.674171,24.684965,4.0,1.5e-05,7,346,0.05743,0.05952,0.02,0.84,100,0.0,0.625,,,-0.03,0.03222,0.00101,0.0,0.0151,0.5273
2894,2963456,63.05244,195.57143,0.85714,0.95,1.008881,-0.000337,0.006781,0.000296,0.21396,0.000366,0.975605,62.685028,16.801857,62.971107,16.79266,4.0,1.5e-05,7,329,0.05855,0.06053,0.03,0.81,100,0.0,0.85714,,,-0.03,0.03138,0.00125,0.0,0.01802,0.43989
2895,2964480,74.67648,123.75,1.0,0.95,1.004666,-0.000313,0.010929,0.0002,0.229091,0.0,0.75348,66.849136,6.324122,66.383698,6.68278,4.0,1.5e-05,8,346,0.06874,0.07382,0.03,0.81,100,0.125,0.63636,,,-0.03,0.02945,0.0007,0.0,0.01081,0.6094
2896,2965504,73.49059,131.4,1.0,0.95,0.859273,-0.000356,0.015098,6.6e-05,0.275187,0.000107,0.956644,59.508156,17.940727,58.687561,19.384497,4.0,1.5e-05,5,323,0.06205,0.0658,0.03,0.79,100,0.6,0.625,,,-0.03,0.02923,0.00121,0.0,0.01483,0.42272
2897,2966528,73.27388,154.66667,1.0,0.95,0.967509,-0.000466,0.013575,0.00056,0.268008,0.000916,0.977159,52.581535,24.242962,51.705849,24.695976,4.0,1.5e-05,6,339,0.07304,0.07672,0.03,0.82,100,0.0,0.66667,,,-0.03,0.02306,-0.00018,0.0,0.00879,0.50498
2898,2967552,62.22163,212.42857,0.85714,0.96,1.044059,-0.000464,0.028813,0.000333,0.295065,0.000854,0.950508,52.254471,24.203661,51.908535,24.814283,4.0,1.5e-05,7,338,0.07034,0.07278,0.03,0.84,100,0.14286,0.85714,,,-0.03,0.02578,-5e-05,0.0,0.01612,0.4641
2899,2968576,74.48523,133.8,1.0,0.96,1.072893,-0.000738,0.014447,0.000714,0.293348,0.000443,0.975892,54.315353,23.865589,53.755936,24.738804,4.0,1.5e-05,5,340,0.06803,0.06974,0.03,0.84,100,0.0,0.66667,,,-0.03,0.02808,0.0011,0.0,0.01523,0.36363
2900,2969600,73.24438,150.71429,1.0,0.97,1.062681,-0.000394,0.01705,0.000585,0.322573,0.000183,0.97175,53.274841,25.908413,54.285046,25.698338,4.0,1.5e-05,7,342,0.06536,0.06918,0.02,0.87,100,0.14286,0.71429,,,-0.03,0.02776,0.00062,0.0,0.01007,0.52699
2901,2970624,57.76164,212.8,0.8,0.96,0.939687,-0.00031,0.018292,7.2e-05,0.320103,0.0,0.964239,54.529144,22.47497,53.372215,22.265987,4.0,1.5e-05,5,346,0.06526,0.06906,0.03,0.89,100,0.2,0.63636,,,-0.03,0.02439,0.00092,0.0,0.01108,0.34478
2902,2971648,73.37337,150.33333,1.0,0.96,0.975312,-9.2e-05,0.03037,4e-05,0.454975,0.0,0.925709,52.64669,18.56525,51.278023,20.996126,4.0,1.5e-05,6,359,0.07105,0.074,0.03,0.87,100,0.0,0.76471,,,-0.03,0.02557,0.00019,0.0,0.01409,0.49366
2903,2972672,73.74378,142.0,1.0,0.96,0.948994,-0.000458,0.017878,0.000103,0.291183,1.5e-05,0.980779,43.821041,30.328424,43.908627,30.635992,4.0,1.5e-05,5,359,0.06791,0.07161,0.03,0.87,100,0.2,0.64286,,,-0.03,0.02681,0.00051,0.0,0.01136,0.42375
2904,2973696,73.74794,138.0,1.0,0.97,0.901241,-0.000421,0.026761,0.000662,0.250456,0.00354,0.972226,42.003994,30.820669,42.032825,31.335876,4.0,1.5e-05,6,362,0.06369,0.06775,0.03,0.85,100,0.16667,0.625,,,-0.03,0.02386,0.00079,0.0,0.01208,0.53809
2905,2974720,57.53443,216.66667,0.77778,0.95,0.895455,-0.000531,0.00665,0.000367,0.218642,0.000504,0.98828,54.074959,22.861885,54.507679,23.811533,4.0,1.5e-05,9,346,0.05655,0.05971,0.05,0.84,100,0.0,0.83784,,,-0.03,0.03502,0.00127,0.0,0.01683,0.57207
2906,2975744,75.35612,113.71429,1.0,0.95,0.900503,-0.000611,0.006259,0.000854,0.228471,0.001877,0.988402,56.302761,22.762541,56.709496,23.276707,4.0,1.5e-05,7,348,0.056,0.05899,0.05,0.83,100,0.14286,0.7,,,-0.03,0.03401,0.00099,0.0,0.0184,0.56309
2907,2976768,75.2333,112.33333,1.0,0.95,0.811616,-0.000557,0.011968,0.000591,0.245015,0.001312,0.979867,54.723736,23.953426,55.069233,24.332869,4.0,1.5e-05,6,361,0.05714,0.06127,0.05,0.82,100,0.16667,0.61538,,,-0.03,0.03397,0.0012,0.0,0.01781,0.53225
2908,2977792,65.92438,174.88889,0.88889,0.94,0.885597,-0.000184,0.017332,0.000134,0.198212,0.0,0.928766,61.116257,14.612038,60.9701,15.621911,4.0,1.5e-05,9,319,0.06166,0.06578,0.06,0.81,100,0.22222,0.72,,,-0.03,0.03309,0.00129,0.0,0.01504,0.64601
2909,2978816,64.63057,144.5,0.875,0.94,0.913314,-0.000228,0.012804,0.000108,0.223713,0.0,0.926688,62.188545,11.741071,61.86768,13.298444,4.0,1.5e-05,8,298,0.06036,0.06337,0.05,0.81,100,0.125,0.72727,,,-0.03,0.03218,0.00112,0.0,0.01722,0.53741
2910,2979840,74.54897,133.25,1.0,0.94,0.973874,-0.000282,0.014665,0.000518,0.269722,0.0,0.566146,63.384636,6.403637,64.037384,5.917746,4.0,1.5e-05,8,338,0.06204,0.06525,0.05,0.84,100,0.125,0.52381,,,-0.03,0.03274,0.00128,0.0,0.01458,0.59061
2911,2980864,73.37038,142.42857,1.0,0.94,0.941578,-0.000276,0.023535,0.000172,0.237675,0.000214,0.543921,63.296417,8.167081,63.503258,7.396205,4.0,1.5e-05,7,321,0.06035,0.06376,0.05,0.84,100,0.28571,0.57143,,,-0.03,0.02961,0.001,0.0,0.01391,0.52711
2912,2981888,74.04929,140.71429,1.0,0.94,0.999177,-0.000287,0.012752,0.0006,0.232945,0.003616,0.622918,64.24205,6.28532,64.538467,5.962031,4.0,1.5e-05,7,345,0.06441,0.06789,0.05,0.84,100,0.28571,0.64286,,,-0.03,0.03071,0.0012,0.0,0.01532,0.52769
2913,2982912,74.23871,132.0,1.0,0.95,0.963342,-0.000337,0.008826,0.000231,0.238954,0.000214,0.530416,66.015755,4.497721,66.387154,4.381287,4.0,1.5e-05,9,335,0.06001,0.06367,0.04,0.85,100,0.11111,0.57143,,,-0.03,0.03135,0.00157,0.0,0.01754,0.6768
2914,2983936,75.42928,113.42857,1.0,0.95,0.956936,-0.000317,0.008072,0.000309,0.211863,0.001007,0.61702,66.100113,4.445678,66.103378,4.613365,4.0,1.5e-05,7,289,0.06204,0.06509,0.04,0.85,100,0.14286,0.6,,,-0.03,0.03353,0.00135,0.0,0.01658,0.52499
2915,2984960,73.47064,140.0,1.0,0.96,0.968696,-0.000251,0.006595,0.000151,0.22164,0.0009,0.6023,66.197189,3.715207,65.934471,4.06809,4.0,1.5e-05,7,319,0.06491,0.06847,0.03,0.84,100,0.42857,0.6,,,-0.03,0.03118,0.00081,0.0,0.01085,0.51949
2916,2985984,74.24528,132.28571,1.0,0.96,0.901126,-0.000153,0.009223,4.7e-05,0.212025,0.0,0.886738,63.832645,8.559372,64.218964,8.960155,4.0,1.5e-05,7,362,0.05911,0.06273,0.03,0.83,100,0.14286,0.57143,,,-0.03,0.03176,0.00133,0.0,0.01984,0.55975
2917,2987008,74.75151,119.375,1.0,0.96,0.819635,-0.000276,0.015348,9e-05,0.265996,0.000137,0.951051,60.137901,17.13871,59.178978,18.552038,4.0,1.5e-05,8,371,0.05864,0.06429,0.03,0.84,100,0.125,0.61111,,,-0.03,0.03446,0.00117,0.0,0.00774,0.7058
2918,2988032,58.06484,136.4,0.8,0.97,0.798187,-0.000148,0.031858,0.000104,0.263501,0.000122,0.942351,54.416122,23.467703,53.117821,24.303984,4.0,1.5e-05,5,363,0.06591,0.07044,0.01,0.85,100,0.6,0.63636,,,-0.03,0.0312,0.00059,0.0,0.00943,0.36451
2919,2989056,65.15468,182.375,0.875,0.96,0.813858,-0.000325,0.008322,0.000259,0.23752,0.001602,0.987407,50.599586,25.864613,50.922806,26.706196,4.0,1.5e-05,8,292,0.07143,0.07389,0.02,0.86,100,0.125,0.58824,,,-0.03,0.03237,0.0012,0.0,0.02173,0.62169
2920,2990080,75.24269,119.57143,1.0,0.96,0.879683,-0.000597,0.011455,0.000283,0.219875,0.001694,0.978423,56.441078,22.614101,56.466599,22.958693,4.0,1.5e-05,7,335,0.06414,0.06871,0.02,0.87,100,0.14286,0.5625,,,-0.03,0.03246,0.00105,0.0,0.01558,0.57645
2921,2991104,74.14558,126.0,1.0,0.97,0.868735,-0.000385,0.009006,0.000246,0.204271,0.001038,0.984058,55.92762,23.619005,56.124382,23.82037,4.0,1.5e-05,6,373,0.06618,0.06902,0.01,0.87,100,0.33333,0.58333,,,-0.03,0.03155,0.00139,0.0,0.01519,0.50286
2922,2992128,56.90261,182.66667,0.77778,0.95,0.926859,-0.000529,0.042257,0.000543,0.341156,0.001404,0.851274,60.463047,14.829715,58.820786,16.70784,4.0,1.5e-05,9,358,0.06028,0.06499,0.02,0.88,100,0.22222,0.66667,,,-0.03,0.03219,0.00086,0.0,0.00733,0.53898
2923,2993152,74.38424,129.25,1.0,0.96,0.927821,-0.000455,0.017689,0.000286,0.272487,0.001282,0.930129,57.901966,14.735565,58.21769,15.968762,4.0,1.5e-05,8,362,0.05856,0.06175,0.02,0.86,100,0.25,0.66667,,,-0.03,0.03048,0.00093,0.0,0.01462,0.62493
2924,2994176,75.22086,115.42857,1.0,0.96,0.872537,-0.000149,0.008217,5.9e-05,0.194646,0.0,0.983589,56.349838,21.745617,56.687218,22.448717,4.0,1.5e-05,7,361,0.05624,0.05947,0.02,0.85,100,0.14286,0.57143,,,-0.03,0.03469,0.0017,0.0,0.01521,0.5686
2925,2995200,74.95306,118.0,1.0,0.96,0.885264,-0.000274,0.007089,6.3e-05,0.228763,3.1e-05,0.987706,56.419163,23.702824,57.108593,24.067606,4.0,1.5e-05,8,349,0.05529,0.05791,0.02,0.83,100,0.5,0.54545,,,-0.03,0.03386,0.00151,0.0,0.01987,0.65344
2926,2996224,65.34608,171.875,0.875,0.95,0.926819,-0.000339,0.004448,0.000245,0.250309,0.0,0.991494,58.453632,22.716543,58.860229,22.922468,4.0,1.5e-05,8,370,0.0602,0.06283,0.03,0.84,100,0.25,0.46154,,,-0.03,0.03137,0.00147,0.0,0.01927,0.56042
2927,2997248,74.96624,116.25,1.0,0.95,0.956596,-0.000571,0.007026,0.000421,0.234754,0.002197,0.579925,66.339874,3.822491,66.604698,4.083166,4.0,1.5e-05,8,348,0.05403,0.0568,0.03,0.84,100,0.25,0.41667,,,-0.03,0.03435,0.00168,0.0,0.01933,0.58253
2928,2998272,73.93982,138.375,1.0,0.95,0.977023,-0.000516,0.010631,0.000479,0.245732,0.000488,0.65202,65.461334,6.181,65.783234,5.669385,4.0,1.5e-05,8,358,0.05604,0.05968,0.03,0.85,100,0.25,0.57895,,,-0.03,0.03226,0.00142,0.0,0.01231,0.59797
2929,2999296,74.06599,128.125,1.0,0.95,0.850097,-0.000284,0.017595,0.000336,0.170721,0.00032,0.694541,65.263336,7.356813,65.160538,7.585394,4.0,1.5e-05,8,364,0.06016,0.06556,0.03,0.87,100,0.125,0.52632,,,-0.03,0.03317,0.00137,0.0,0.01179,0.68106
2930,3000320,73.00914,147.0,1.0,0.95,0.812176,-0.000441,0.044054,0.000336,0.264409,0.001663,0.793904,60.024429,14.67772,59.263687,14.804513,4.0,1.5e-05,6,375,0.05716,0.06247,0.03,0.84,100,0.5,0.75,,,-0.03,0.02817,0.00071,0.0,0.00746,0.52867
