iteration,env_steps,ep_return,ep_length,success_rate,success_rate_rolling,entropy,policy_loss,value_loss,approx_kl,sps,comp_time,comp_compliance,comp_report,comp_command,comp_combat,comp_terminal
1,1024,-1.41914,23.6,0.0,0.0,2.057276,-0.007439,0.363876,0.004278,1582,-0.01,0.02596,0.01542,0.00076,-0.07156,-0.0227
2,2048,-1.34865,28.57895,0.0,0.0,2.058441,-0.004666,0.207378,0.001782,1707,-0.01,0.02508,0.01737,-0.00014,-0.07846,-0.02639
3,3072,-1.39092,24.36842,0.0,0.0,2.010163,-0.034549,0.22596,0.007562,1694,-0.01,0.0264,0.01617,-0.00155,-0.07126,-0.02567
4,4096,-1.2937,28.8,0.0,0.0,2.037892,0.08392,0.19625,0.004436,1736,-0.01,0.02471,0.01745,-0.00012,-0.07612,-0.02813
5,5120,-1.24521,24.40476,0.0,0.0,1.981117,0.047014,0.236428,0.006629,1627,-0.01,0.02804,0.0195,-0.00065,-0.07461,-0.02743
6,6144,-1.22354,24.09302,0.0,0.0,1.938928,-0.008813,0.19872,0.002982,1567,-0.01,0.03212,0.01739,-0.00042,-0.07411,-0.02894
7,7168,-1.15363,24.12195,0.0,0.0,1.883694,0.026,0.203756,0.004017,1616,-0.01,0.03369,0.01855,0.00013,-0.07511,-0.02762
8,8192,-0.67272,26.53846,0.02564,0.01,1.875862,-0.001664,2.126178,0.000993,1637,-0.01,0.03323,0.01721,-0.00033,-0.06081,-0.01438
9,9216,-0.14188,25.8,0.025,0.02,1.835471,-0.003596,5.444323,0.001848,1648,-0.01,0.03476,0.01484,0.00034,-0.05463,0.0071
10,10240,0.79813,26.61765,0.08824,0.05,1.81298,0.035801,8.388682,0.002007,1764,-0.01,0.03337,0.01574,0.00068,-0.04757,0.04699
11,11264,0.29713,32.87097,0.09677,0.07,1.788383,-0.000807,5.942161,0.001107,1942,-0.01,0.03361,0.01377,0.00106,-0.03846,0.01497
12,12288,0.82853,30.8125,0.09375,0.09,1.754099,-0.068398,10.405972,0.00077,1571,-0.01,0.03053,0.01583,0.00111,-0.04602,0.04571
13,13312,6.59389,35.32143,0.32143,0.17,1.75444,0.000993,32.331522,0.003047,2857,-0.01,0.02976,0.01398,0.0013,-0.01255,0.24942
14,14336,4.13833,34.77419,0.19355,0.19,1.761963,0.088737,18.551904,0.001524,2000,-0.01,0.02948,0.0145,-0.00031,-0.02996,0.16729
15,15360,0.95568,37.25,0.09375,0.18,1.750541,-0.004756,9.411135,0.004238,2035,-0.01,0.0299,0.01445,0.00108,-0.03085,0.03919
16,16384,2.60763,32.38462,0.11538,0.15,1.751917,-0.029281,13.80037,0.000809,1991,-0.01,0.02847,0.0105,-0.00027,-0.02279,0.08355
17,17408,2.85077,38.64,0.2,0.13,1.725752,-0.00119,12.233053,0.000575,2113,-0.01,0.02644,0.01121,0.00066,-0.02139,0.08984
18,18432,1.9313,34.44118,0.14706,0.14,1.718865,-0.004349,10.327842,0.001116,1936,-0.01,0.02789,0.01246,0.00023,-0.02796,0.07884
19,19456,5.76054,38.26923,0.26923,0.17,1.637512,0.016545,19.93201,0.000709,1915,-0.01,0.02969,0.0109,0.00085,-0.00448,0.16861
20,20480,6.36547,34.57692,0.42308,0.27,1.707041,0.047818,15.510005,0.000297,2064,-0.01,0.0285,0.0113,0.00084,-0.01015,0.19796
21,21504,5.70334,37.93939,0.36364,0.33,1.659877,0.044287,24.609646,0.000342,1941,-0.01,0.03115,0.01339,0.00065,-0.00784,0.22946
22,22528,5.42179,35.67857,0.25,0.34,1.603961,0.008938,23.380017,0.001972,1904,-0.01,0.03361,0.01374,0.00176,-0.01165,0.18347
23,23552,10.22908,34.88462,0.46154,0.36,1.597383,-0.064827,27.089646,0.000846,1785,-0.01,0.02899,0.00949,0.00037,0.00102,0.30137
24,24576,13.87928,34.92857,0.64286,0.45,1.627168,0.00185,34.309881,0.001569,1877,-0.01,0.02942,0.00791,0.00075,0.0148,0.45007
25,25600,7.48297,41.7037,0.37037,0.44,1.577947,-0.038886,32.377662,0.003366,1962,-0.01,0.03343,0.01104,0.00114,-3e-05,0.24243
26,26624,12.63571,33.6,0.53333,0.52,1.566844,0.000796,36.12928,0.001153,2012,-0.01,0.03476,0.01186,0.00115,0.00984,0.46501
27,27648,9.96303,32.0,0.5,0.49,1.547643,-0.001283,27.872138,0.000518,2086,-0.01,0.03533,0.01098,0.00204,0.00328,0.32917
28,28672,10.46425,41.45,0.5,0.48,1.561815,-0.001856,28.192259,0.000928,2331,-0.01,0.02757,0.00796,0.00206,-0.00093,0.30717
29,29696,4.4479,52.0,0.28571,0.46,1.466789,-0.002543,21.981725,0.001557,2126,-0.01,0.03423,0.01279,0.00193,-0.00512,0.161
30,30720,15.3374,33.0,0.60714,0.47,1.542756,0.001861,35.965617,0.001086,1762,-0.01,0.0339,0.00914,0.00064,0.01462,0.48299
31,31744,13.94512,42.95833,0.625,0.5,1.53542,-0.000507,28.611544,0.000419,1921,-0.01,0.03232,0.00716,0.0018,0.01814,0.41275
32,32768,13.69982,42.29167,0.625,0.52,1.546931,-0.005098,26.419744,0.000789,1821,-0.01,0.03384,0.00592,0.00115,0.01259,0.38638
33,33792,13.26932,39.66667,0.52381,0.59,1.520228,-0.110631,29.184378,0.000781,1860,-0.01,0.03042,0.00587,0.00106,0.01216,0.31827
34,34816,18.05074,50.48148,0.74074,0.64,1.521537,7.3e-05,29.989411,0.000354,1798,-0.01,0.03422,0.00702,0.00167,0.01921,0.54135
35,35840,15.7836,32.375,0.625,0.63,1.477199,-0.001148,30.458801,0.001007,1913,-0.01,0.03895,0.00777,0.00164,0.01431,0.46735
36,36864,10.83373,44.52632,0.52632,0.62,1.508341,0.006816,24.481908,0.001705,2061,-0.01,0.03086,0.00548,0.00135,0.00925,0.28325
37,37888,13.5245,50.28,0.64,0.64,1.47824,-0.000978,28.607112,0.000425,1881,-0.01,0.03194,0.00613,0.00106,0.01662,0.40671
38,38912,15.24773,43.85714,0.67857,0.63,1.503066,0.001048,24.476952,0.001998,1746,-0.01,0.03833,0.00961,0.00146,0.0153,0.48934
39,39936,8.11067,32.73913,0.52174,0.61,1.458571,-0.008047,33.646432,0.001483,1893,-0.01,0.03715,0.00867,0.00177,0.00334,0.23751
40,40960,12.57503,43.45833,0.625,0.62,1.382739,-7.8e-05,29.848292,0.000595,2017,-0.01,0.03429,0.00711,0.00236,0.01253,0.40565
41,41984,13.29347,38.39286,0.57143,0.6,1.379246,-0.002079,33.564386,0.00171,1773,-0.01,0.03687,0.00865,0.00136,0.00856,0.4388
42,43008,15.62204,42.19231,0.65385,0.6,1.337985,0.001084,35.800459,0.001747,1942,-0.01,0.03782,0.00709,0.00266,0.02447,0.54521
43,44032,14.78406,39.41379,0.55172,0.59,1.320499,-0.002492,33.121541,0.002069,1765,-0.01,0.03785,0.00782,0.00117,0.02027,0.50666
44,45056,15.71174,36.08333,0.625,0.62,1.286579,0.001413,29.995406,0.00292,1711,-0.01,0.03787,0.00391,0.00139,0.01982,0.4083
45,46080,13.1186,35.56,0.68,0.63,1.29009,-0.00011,28.086015,0.000721,1834,-0.01,0.03489,0.003,0.00146,0.01175,0.38959
46,47104,18.50425,46.1,0.8,0.66,1.239168,-0.001776,28.830307,0.001596,1888,-0.01,0.03949,0.0031,0.00151,0.02358,0.44394
47,48128,16.44964,45.08333,0.66667,0.68,1.201773,0.016981,30.761514,0.000752,1732,-0.01,0.03573,0.00139,0.00046,0.02028,0.43476
48,49152,15.12306,43.07143,0.60714,0.68,1.263718,0.089642,26.888605,0.001953,1685,-0.01,0.03482,0.00386,0.00077,0.02225,0.46052
49,50176,18.97468,42.73077,0.76923,0.71,1.13527,-0.000294,29.561017,0.000562,1792,-0.01,0.03902,0.00304,0.00094,0.03185,0.55729
50,51200,14.66044,34.0,0.69231,0.68,1.130221,0.06378,28.096814,0.002504,1813,-0.01,0.03626,0.00166,0.00116,0.01634,0.45451
51,52224,16.07078,46.82353,0.64706,0.69,1.190195,-0.000618,24.680877,0.001246,1857,-0.01,0.0366,-9e-05,0.0014,0.01968,0.30889
52,53248,22.64941,52.72,0.84,0.74,1.105727,-0.000798,25.096895,0.001999,1766,-0.01,0.03625,0.00167,0.00123,0.03412,0.62097
53,54272,18.30805,30.95833,0.70833,0.74,1.130948,0.000126,28.051041,0.002066,1844,-0.01,0.03443,0.00287,0.00213,0.02184,0.52696
54,55296,15.68784,53.24,0.6,0.7,1.095903,-0.001802,28.17393,0.00064,1818,-0.01,0.03603,0.00218,0.00147,0.02701,0.45549
55,56320,20.76714,38.37037,0.88889,0.77,0.997403,-0.001205,25.78231,0.001165,1703,-0.01,0.03955,0.00146,0.00204,0.03299,0.62038
56,57344,20.67727,34.75,0.875,0.77,1.054272,-0.000866,25.757257,0.000543,1781,-0.01,0.0342,0.00083,0.00138,0.0277,0.55391
57,58368,17.61089,43.58333,0.75,0.78,1.021514,0.020323,26.35474,0.000658,1812,-0.01,0.03791,0.00146,0.00208,0.02624,0.50537
58,59392,20.43601,49.07692,0.80769,0.83,1.018523,-0.001425,25.042568,0.00207,1799,-0.01,0.03965,0.00101,0.00162,0.03019,0.61649
59,60416,20.40551,34.76923,0.84615,0.82,0.946133,0.129315,32.726196,0.00068,1691,-0.01,0.03915,0.00281,0.00134,0.03688,0.58947
60,61440,23.89314,33.16667,0.88889,0.82,0.993196,0.058238,23.969608,0.00101,1865,-0.01,0.03529,-0.00259,0.00144,0.02241,0.5088
61,62464,19.64324,62.03846,0.76923,0.82,0.981684,-0.076133,24.886618,0.001876,1732,-0.01,0.03876,-0.00263,0.00179,0.02872,0.55399
62,63488,16.44009,38.37037,0.66667,0.79,0.981944,0.00045,33.806255,0.005078,1802,-0.01,0.04204,0.00092,0.00209,0.02569,0.52771
63,64512,24.47607,34.07692,0.88462,0.8,0.926029,-6.5e-05,29.116128,0.005587,1700,-0.01,0.04277,0.00146,0.00106,0.04035,0.68197
64,65536,22.22475,34.29412,0.88235,0.79,0.979557,0.098158,23.935284,0.003458,1828,-0.01,0.03891,-0.00435,0.00158,0.02652,0.41901
65,66560,20.93096,66.7,0.8,0.81,0.928333,-0.050128,18.629802,0.003076,1803,-0.01,0.0317,-0.00386,0.00077,0.02414,0.4507
66,67584,20.90055,48.21739,0.82609,0.83,0.937496,-0.061925,23.428481,0.005281,1790,-0.01,0.03545,-0.00204,0.00096,0.03252,0.54569
67,68608,18.83467,42.96296,0.77778,0.83,0.80848,-0.048461,33.469057,0.003351,1719,-0.01,0.04077,0.00101,0.0019,0.02757,0.5759
68,69632,23.6897,32.44,0.88,0.83,0.752081,-0.047035,28.863254,0.002797,1721,-0.01,0.04298,-0.0001,0.00134,0.04046,0.64409
69,70656,22.16747,42.76,0.84,0.83,0.775695,-0.044901,25.405898,0.001036,1708,-0.01,0.03803,-0.00411,0.00119,0.03075,0.59901
70,71680,20.54583,44.09091,0.81818,0.83,0.782014,-0.003201,25.631965,0.002523,1908,-0.01,0.0374,0.00118,0.00086,0.03516,0.55008
71,72704,29.5679,40.875,0.95833,0.85,0.705727,0.004939,17.511063,0.003597,1760,-0.01,0.03819,-0.00258,0.00041,0.0459,0.77163
72,73728,27.32354,41.76667,0.9,0.88,0.759837,-0.000419,17.258102,0.002427,1672,-0.01,0.03981,-0.00166,0.00046,0.04258,0.85424
73,74752,22.16674,34.44444,0.77778,0.85,0.948807,-0.103043,20.746064,0.003007,1958,-0.01,0.03493,-0.00433,0.0009,0.02957,0.43684
74,75776,21.95797,67.25,0.75,0.86,0.985081,0.000305,19.487487,0.002531,1892,-0.01,0.03322,-0.00522,0.00102,0.02364,0.3782
75,76800,18.02055,52.52174,0.73913,0.82,0.948355,0.000313,27.740951,0.003092,1784,-0.01,0.03198,-0.00059,0.00103,0.02698,0.45719
76,77824,22.633,43.66667,0.80952,0.8,0.827135,0.016723,19.396039,0.004146,1723,-0.01,0.03594,-0.00374,0.00027,0.02841,0.49923
77,78848,15.77489,53.73684,0.57895,0.74,0.937796,0.072294,24.203582,0.010531,1935,-0.01,0.02892,-0.00307,0.00035,0.0131,0.33792
78,79872,16.353,60.89474,0.73684,0.73,0.991328,0.001086,27.790417,0.001537,1881,-0.01,0.03345,0.00045,0.00051,0.02037,0.36974
79,80896,22.98171,45.70588,0.76471,0.73,0.890467,-3.6e-05,16.734771,0.002567,1920,-0.01,0.0322,-0.00491,-5e-05,0.02736,0.44879
80,81920,18.8317,57.64706,0.76471,0.73,0.909962,-0.038261,15.805822,0.005968,1779,-0.01,0.03765,-0.00462,6e-05,0.01988,0.33792
81,82944,26.06485,49.30769,0.96154,0.78,0.811877,0.00281,22.756486,0.010365,1787,-0.01,0.03298,0.00129,0.00083,0.04321,0.69487
82,83968,23.9276,42.48,0.88,0.84,0.774963,-0.000345,22.203571,0.001669,1710,-0.01,0.03689,-0.00138,-5e-05,0.03662,0.63089
83,84992,22.78426,32.8125,0.8125,0.86,0.840495,0.001228,20.327337,0.003179,1785,-0.01,0.03384,-0.00541,-0.00053,0.02058,0.38588
84,86016,27.83877,65.52941,0.88235,0.87,0.708955,-0.016799,12.423823,0.013022,1953,-0.01,0.04396,-0.00639,0.00238,0.03754,0.5621
85,87040,17.97349,84.46154,0.76923,0.88,0.687261,-0.001815,11.961877,0.005001,2052,-0.01,0.04112,-0.00921,0.00022,0.02078,0.25604
86,88064,25.54241,63.64286,0.85714,0.86,0.871578,-0.017285,11.068325,0.001196,1766,-0.01,0.03753,-0.00775,0.00013,0.02408,0.34661
87,89088,17.37153,70.44444,0.66667,0.81,0.871578,-0.000676,17.648741,0.005501,1801,-0.01,0.03842,-0.00486,0.00088,0.01898,0.31837
88,90112,25.81198,47.52174,0.86957,0.81,0.770781,0.001153,20.777923,0.003225,1666,-0.01,0.03645,-0.00459,0.0005,0.03593,0.57602
89,91136,24.35867,46.35714,0.82143,0.81,0.815467,-0.096548,24.751392,0.003829,1673,-0.01,0.04078,-0.00038,0.00133,0.04557,0.70525
90,92160,30.80661,32.5,0.96429,0.85,0.813809,0.02663,21.710347,0.006432,1658,-0.01,0.03818,-0.00109,0.00101,0.04896,0.846
91,93184,23.17677,41.25,0.85714,0.89,0.795878,0.04831,20.747493,0.005894,1822,-0.01,0.04119,0.00198,0.00147,0.04234,0.69228
92,94208,27.64336,33.26667,1.0,0.9,0.844049,0.020696,15.315632,0.011717,1945,-0.01,0.0399,-0.00543,0.00078,0.02596,0.42915
93,95232,21.68251,107.8,0.7,0.88,0.98236,0.004717,10.325634,0.001518,1977,-0.01,0.03154,-0.00767,-0.00041,0.01501,0.21169
94,96256,24.69947,55.60714,0.82143,0.87,0.736479,0.058102,28.804573,0.004074,1750,-0.01,0.04194,-0.00026,0.002,0.04347,0.72035
95,97280,29.13445,31.06452,0.96774,0.88,0.835155,-0.01252,23.232046,0.003314,1653,-0.01,0.04305,-1e-05,0.00108,0.05584,0.91369
96,98304,30.87193,30.52381,1.0,0.91,0.982546,0.004328,18.360066,0.002989,1799,-0.01,0.03605,-0.00064,0.00029,0.04192,0.67085
97,99328,23.58306,60.83333,0.83333,0.9,0.983808,0.000548,20.566307,0.00149,2045,-0.01,0.03372,-0.00097,0.00067,0.02917,0.49884
98,100352,24.04597,55.3,0.85,0.93,1.007447,0.002965,16.197451,0.002714,1815,-0.01,0.03488,-0.00119,0.00019,0.03128,0.50051
99,101376,23.81143,54.15,0.85,0.9,0.983091,0.017198,15.448246,0.001541,1821,-0.01,0.03045,-0.00222,-0.00028,0.03003,0.49896
100,102400,28.60013,40.32258,0.90323,0.88,0.754998,0.118462,24.372399,0.003464,1708,-0.01,0.03835,0.00049,0.00013,0.05303,0.92621
101,103424,31.47993,31.07407,0.96296,0.9,0.825933,-0.060937,14.807056,0.001314,1637,-0.01,0.04087,-0.00035,0.0013,0.05086,0.8278
102,104448,27.80555,46.69565,0.95652,0.92,0.839073,-0.059168,15.425978,0.001698,1765,-0.01,0.0412,-0.00292,0.00038,0.03829,0.65855
103,105472,25.04089,41.14286,0.90476,0.93,0.888577,0.005781,22.578933,0.006215,1735,-0.01,0.04189,-0.0033,0.00031,0.03649,0.54055
104,106496,30.50564,55.46667,0.93333,0.93,1.025857,0.001478,13.248478,0.001375,1690,-0.01,0.0332,-0.00582,-0.00148,0.02995,0.43403
105,107520,28.50711,48.18519,0.92593,0.93,0.930032,0.161111,18.966827,0.004245,1621,-0.01,0.03294,-0.00079,-0.00023,0.04391,0.74403
106,108544,29.60191,44.59091,0.95455,0.93,0.918865,-0.052654,11.759415,0.004013,1716,-0.01,0.03961,-0.00338,0.00022,0.03966,0.65292
107,109568,26.5627,53.45,0.85,0.91,1.012748,0.065229,16.875038,0.00575,2020,-0.01,0.03841,-0.00018,0.00061,0.03258,0.56501
108,110592,24.49776,42.05882,0.94118,0.92,1.134618,-0.000676,17.150239,0.007424,1914,-0.01,0.03602,-0.0011,0.00134,0.02788,0.45086
109,111616,27.85604,61.18182,0.86364,0.9,1.073068,-0.001455,12.566947,0.002949,1780,-0.01,0.03092,-2e-05,0.00015,0.03976,0.61024
110,112640,25.35843,44.25,0.9,0.9,1.064708,0.005374,23.214049,0.004634,1881,-0.01,0.03399,-0.00066,5e-05,0.02697,0.55109
111,113664,28.87374,46.48,0.92,0.89,0.929251,0.004776,18.357019,0.007357,1817,-0.01,0.0354,0.0034,0.00094,0.05275,0.77769
112,114688,28.1306,39.5,0.9,0.89,0.869526,-0.000407,20.984406,0.002578,1748,-0.01,0.0417,0.00217,0.00076,0.04927,0.8961
113,115712,26.63378,30.90476,0.85714,0.89,1.062841,0.003152,20.065538,0.002544,1743,-0.01,0.03671,-0.00026,0.00029,0.03156,0.53658
114,116736,21.29106,60.17647,0.76471,0.87,1.135199,0.05763,17.524322,0.000974,1804,-0.01,0.03079,-0.00206,3e-05,0.02393,0.35118
115,117760,26.89993,48.68,0.84,0.86,1.009247,0.055424,16.448879,0.002136,1697,-0.01,0.03831,0.00024,0.00022,0.03836,0.64894
116,118784,27.62036,41.38095,0.90476,0.86,0.980255,5.4e-05,18.508992,0.000874,1732,-0.01,0.03797,-0.00015,-7e-05,0.03433,0.58303
117,119808,24.7941,62.57895,0.84211,0.84,1.082568,-0.076008,15.504081,0.002765,1757,-0.01,0.03682,-0.00342,-0.00028,0.03206,0.45364
118,120832,30.63438,39.40741,0.96296,0.89,0.918645,0.000528,15.450385,0.001721,1669,-0.01,0.03895,-7e-05,-3e-05,0.04506,0.79571
119,121856,31.86143,40.82609,0.95652,0.92,0.90642,-0.000888,14.777266,0.002667,1690,-0.01,0.04519,-0.00147,0.00079,0.04719,0.70492
120,122880,26.73189,49.8,0.92,0.92,0.961898,-0.002291,16.080169,0.006291,1744,-0.01,0.04221,0.00014,-8e-05,0.04232,0.6722
121,123904,30.46023,31.80952,0.95238,0.94,0.887233,0.001431,14.040958,0.0023,1721,-0.01,0.04408,-0.00197,0.00041,0.04286,0.61946
122,124928,30.02581,49.5,0.89286,0.92,0.957503,-0.062229,17.024371,0.004911,1652,-0.01,0.03838,0.00086,3e-05,0.04592,0.80181
123,125952,30.64714,30.96296,0.96296,0.93,0.858732,0.148225,24.40712,0.001434,1615,-0.01,0.03965,0.00154,0.00022,0.04544,0.79383
124,126976,28.05713,45.04762,0.95238,0.93,1.07978,-0.014567,14.537161,0.00245,1744,-0.01,0.03515,-0.0011,-0.00075,0.03678,0.58513
125,128000,26.83734,49.91304,0.82609,0.91,1.003616,-0.00362,15.856181,0.003868,1751,-0.01,0.03802,0.00014,9e-05,0.03704,0.60687
126,129024,32.37622,42.72222,0.94444,0.91,1.064475,0.208131,22.472471,0.005181,2041,-0.01,0.03224,-0.0007,-0.00078,0.03533,0.63195
127,130048,23.89907,66.09091,0.77273,0.88,0.912093,0.001452,20.361003,0.002107,1829,-0.01,0.03654,-0.00196,0.00042,0.03775,0.56636
128,131072,29.54512,35.42857,0.95238,0.88,0.829862,-0.001549,20.275226,0.001528,1797,-0.01,0.04597,-0.00286,0.00023,0.0386,0.64023
129,132096,30.02446,43.42105,0.94737,0.88,0.813699,0.012919,16.638363,0.003862,1886,-0.01,0.04344,-0.00363,-0.00049,0.04163,0.61302
130,133120,27.17218,67.45,0.85,0.89,0.871368,0.002169,18.815249,0.003199,1769,-0.01,0.04248,-0.0029,-0.00088,0.03342,0.52571
131,134144,26.61844,39.74074,0.88889,0.9,0.852608,0.018641,19.973376,0.001732,1639,-0.01,0.04125,0.00026,0.00059,0.0389,0.70108
132,135168,30.13369,34.65217,0.95652,0.92,0.908642,-0.113856,17.863836,0.002657,1833,-0.01,0.0357,-0.00059,-0.00099,0.03942,0.66856
133,136192,26.24574,49.0,0.8,0.89,0.894274,0.061287,13.463093,0.001694,1736,-0.01,0.04184,-0.00331,-8e-05,0.02863,0.37351
134,137216,29.30522,60.0,0.89474,0.89,1.01768,-0.000665,13.076669,0.001086,1736,-0.01,0.03312,-0.00239,-0.00066,0.03137,0.50425
135,138240,29.80834,64.9,0.85,0.88,0.923866,0.036251,13.286853,0.007523,1761,-0.01,0.03502,-0.00272,-0.00041,0.03699,0.53782
136,139264,26.79363,44.63158,0.94737,0.89,0.93968,-0.000465,13.224946,0.005456,1764,-0.01,0.03839,-0.00345,-0.0004,0.03099,0.48934
137,140288,31.46817,55.83333,0.88889,0.89,0.914531,-0.000981,12.604882,0.002202,1718,-0.01,0.03908,-0.00317,-0.00036,0.03265,0.52912
138,141312,30.37092,48.11765,0.94118,0.9,0.948997,-0.086207,11.353023,0.008576,1809,-0.01,0.03845,-0.00372,-0.00015,0.03691,0.50743
139,142336,22.6871,55.65,0.85,0.9,0.902723,0.001351,23.427025,0.007419,1841,-0.01,0.04223,-0.00134,0.00044,0.02474,0.45672
140,143360,24.38188,55.94737,0.84211,0.89,1.090393,-0.097956,17.638521,0.004769,1724,-0.01,0.0409,0.00013,0.00023,0.0312,0.44689
141,144384,26.49628,64.55556,0.83333,0.87,1.055527,-0.066478,16.545176,0.001914,1754,-0.01,0.04014,-0.00075,0.00056,0.02792,0.48061
142,145408,29.64961,62.2,0.95,0.88,1.017476,-0.070025,12.436906,0.004137,1720,-0.01,0.04205,-0.00124,-0.00092,0.03318,0.57825
143,146432,26.5634,39.71429,0.82143,0.87,0.975017,-0.028477,27.600459,0.005392,1629,-0.01,0.04155,0.00463,0.00108,0.04268,0.74644
144,147456,29.3687,32.65517,0.93103,0.89,0.84574,0.013134,18.629793,0.007185,1636,-0.01,0.03974,0.00469,6e-05,0.05445,0.85113
145,148480,32.85858,37.0,1.0,0.92,0.933264,0.049955,15.092769,0.003615,1608,-0.01,0.04152,0.00289,0.00064,0.04502,0.8191
146,149504,27.19253,41.75,0.85,0.9,0.981035,0.003631,18.064636,0.007759,1743,-0.01,0.04065,0.00368,0.00045,0.03785,0.54498
147,150528,27.37812,54.28571,0.90476,0.92,1.005492,0.000448,16.759499,0.003028,1764,-0.01,0.03483,0.00193,0.00012,0.03737,0.58696
148,151552,24.0936,39.75862,0.7931,0.89,0.969486,0.006877,26.380024,0.00937,1711,-0.01,0.04017,0.0054,0.0006,0.0349,0.69385
149,152576,31.47586,37.10345,0.89655,0.86,0.888361,0.002667,20.914996,0.009063,1613,-0.01,0.04066,0.00549,0.00053,0.05283,0.85872
150,153600,29.44098,34.0625,1.0,0.89,0.953774,-0.117914,14.412594,0.002954,1784,-0.01,0.03872,-0.00037,-0.00091,0.03265,0.48811
151,154624,26.49846,61.6875,0.8125,0.86,1.135318,0.008239,12.01031,0.003557,1775,-0.01,0.03327,0.00101,-0.00039,0.02568,0.41487
152,155648,29.56483,53.65517,0.89655,0.88,0.897365,0.005408,15.076528,0.006277,1608,-0.01,0.04023,0.00597,0.00027,0.05055,0.82224
153,156672,31.69325,32.1,1.0,0.91,0.884602,-0.023751,14.349052,0.003283,1736,-0.01,0.0466,0.00064,-0.00056,0.03945,0.66348
154,157696,26.75277,55.22222,0.88889,0.92,0.962748,0.000514,10.433365,0.002916,1903,-0.01,0.04838,-0.00355,-0.00092,0.01406,0.25958
155,158720,22.6012,81.375,0.70833,0.86,0.909012,-0.000875,19.161389,0.003515,1721,-0.01,0.04359,0.00281,0.00071,0.03183,0.52666
156,159744,28.91903,31.04167,0.875,0.87,0.924438,-0.066879,17.257257,0.004796,1693,-0.01,0.04106,0.00549,-0.00017,0.0405,0.69138
157,160768,33.04167,46.28571,0.92857,0.87,0.891968,0.000402,13.385856,0.004209,1625,-0.01,0.04007,0.00669,-0.00066,0.05117,0.88071
158,161792,30.74128,35.36364,0.95455,0.87,0.840172,0.047008,23.03202,0.002446,1607,-0.01,0.04123,0.00302,-0.00134,0.04235,0.64312
159,162816,31.1351,48.88889,0.94444,0.91,1.016772,0.078015,14.972608,0.00178,1702,-0.01,0.03741,0.00028,-0.00073,0.02917,0.5305
160,163840,27.04139,58.44,0.84,0.92,1.002933,0.001372,14.691339,0.007199,1701,-0.01,0.03439,0.00425,-0.00095,0.03694,0.65009
161,164864,27.22014,33.16667,0.83333,0.89,0.937257,0.002392,21.621535,0.004865,1736,-0.01,0.04259,0.00164,0.00069,0.03373,0.48936
162,165888,29.01285,62.26667,0.86667,0.89,1.027833,0.041046,11.150439,0.00343,1758,-0.01,0.042,-0.00283,-0.00094,0.02916,0.40999
163,166912,23.81192,54.8,0.8,0.86,0.978419,0.00032,18.654253,0.009094,1858,-0.01,0.04281,0.00307,0.00157,0.02723,0.49117
164,167936,31.3684,52.18182,0.86364,0.84,0.918744,0.001895,13.678862,0.005282,1682,-0.01,0.04406,0.00335,0.00072,0.0441,0.63825
165,168960,28.69143,51.08696,0.86957,0.84,0.903899,0.103307,14.891378,0.035622,1684,-0.01,0.04506,0.00196,0.00018,0.03661,0.64104
166,169984,31.03614,41.1,0.95,0.87,0.941658,0.07172,9.856515,0.007394,1937,-0.01,0.04301,0.00359,0.00067,0.04594,0.63796
167,171008,30.94579,53.42857,0.92857,0.88,0.999102,0.000652,9.596813,0.000852,1702,-0.01,0.04608,-0.00417,-0.0007,0.02103,0.3913
168,172032,25.41803,94.57143,0.71429,0.86,0.877515,-0.101524,10.898085,0.004609,1736,-0.01,0.04386,-0.0001,-0.00056,0.03013,0.30561
169,173056,32.55123,47.04,1.0,0.91,0.918781,-0.000709,19.240884,0.005903,1658,-0.01,0.03847,0.0048,-0.00015,0.03979,0.79142
170,174080,31.00453,39.84,0.92,0.91,0.859419,0.001788,16.297562,0.003299,1668,-0.01,0.04067,0.00495,0.0008,0.04519,0.75824
171,175104,25.57166,51.25,0.83333,0.9,1.003986,0.003851,15.677301,0.003488,1783,-0.01,0.04044,-0.00174,-0.00068,0.01798,0.30187
172,176128,27.30846,73.31818,0.77273,0.87,0.883106,0.000446,11.377567,0.00371,1709,-0.01,0.04093,0.00391,-0.00021,0.04203,0.55737
173,177152,31.44532,32.0,1.0,0.91,0.944188,0.081179,16.272451,0.004572,1819,-0.01,0.04445,0.00345,0.0006,0.03231,0.56351
174,178176,27.89779,85.58333,0.75,0.88,0.989117,0.093312,8.457227,0.005064,1886,-0.01,0.04216,-0.00025,0.00011,0.01982,0.30276
175,179200,25.89337,65.58824,0.88235,0.86,0.878927,-0.001086,15.899357,0.002164,1799,-0.01,0.04028,0.00356,-0.00036,0.02614,0.41867
176,180224,27.90094,46.92308,0.80769,0.84,0.707067,-0.000359,14.73167,0.004338,1665,-0.01,0.0414,0.00721,0.00036,0.04558,0.6867
177,181248,28.37993,39.18519,0.85185,0.86,0.738009,-0.043668,19.59244,0.003516,1657,-0.01,0.04099,0.00716,0.00073,0.03973,0.74423
178,182272,30.97028,40.04,0.96,0.86,0.794292,-0.068688,18.915241,0.00568,1666,-0.01,0.03926,0.00739,0.0006,0.04312,0.73003
179,183296,28.53063,40.81481,0.88889,0.89,0.677655,0.084735,18.873776,0.00146,1598,-0.01,0.04176,0.00682,0.00086,0.05294,0.74755
180,184320,30.59402,33.875,0.95833,0.91,0.741147,-0.002016,17.547284,0.002577,1721,-0.01,0.04139,0.00546,0.00066,0.0453,0.73894
181,185344,32.80501,38.53846,0.92308,0.93,0.790047,-0.00746,10.263141,0.002472,1689,-0.01,0.03909,0.00567,-0.00054,0.05336,0.83546
182,186368,29.33767,42.90909,0.90909,0.92,0.733446,0.001554,15.348118,0.004425,1676,-0.01,0.04203,0.00567,0.0003,0.03436,0.6199
183,187392,27.03249,51.3,0.8,0.9,0.747324,0.221598,18.853933,0.002673,1595,-0.01,0.03859,0.00375,-0.00013,0.0312,0.48573
184,188416,29.2455,66.30769,0.84615,0.89,0.813701,0.026093,5.854319,0.002938,1725,-0.01,0.04145,0.0013,-0.00116,0.02422,0.33893
185,189440,27.76836,67.35294,0.82353,0.87,0.795384,-0.116861,17.355336,0.003999,1804,-0.01,0.043,0.00393,-7e-05,0.02358,0.44422
186,190464,23.93921,59.9375,0.75,0.84,0.796393,0.00457,14.200131,0.004958,1792,-0.01,0.03979,0.00423,-0.00123,0.02646,0.362
187,191488,31.56264,62.90909,0.86364,0.84,0.737074,0.001734,14.892098,0.005164,1633,-0.01,0.03945,0.00679,-0.00073,0.03785,0.62545
188,192512,30.02989,39.64,0.88,0.84,0.704923,-0.116552,15.40554,0.005283,1651,-0.01,0.04053,0.00884,0.00086,0.04436,0.71786
189,193536,33.25906,31.36364,0.90909,0.85,0.736256,-0.000738,12.689371,0.002325,1783,-0.01,0.04081,0.00603,0.00091,0.04241,0.76808
190,194560,27.26158,63.33333,0.80952,0.87,0.792236,0.130911,18.866272,0.002539,1858,-0.01,0.03732,0.00659,-0.00127,0.03899,0.61042
191,195584,32.10576,40.28571,0.95238,0.89,0.826784,-0.000508,14.34061,0.003247,1733,-0.01,0.04141,0.00416,-0.00035,0.04218,0.65666
192,196608,28.30249,46.96154,0.88462,0.88,0.905795,-0.037244,13.149977,0.004127,1607,-0.01,0.04189,0.00749,0.00029,0.0419,0.68618
193,197632,33.01213,35.66667,1.0,0.91,0.955537,0.024107,14.237668,0.002014,1686,-0.01,0.03989,0.00533,-0.00125,0.03246,0.56062
194,198656,30.10047,62.14286,0.85714,0.9,0.833384,-0.001263,10.113417,0.000962,1750,-0.01,0.03888,0.0046,-0.00054,0.04038,0.62197
195,199680,22.62911,71.33333,0.73333,0.89,0.929761,0.013779,19.691709,0.006617,1964,-0.01,0.0428,0.0025,-0.002,0.02091,0.34091
196,200704,29.92675,50.27273,0.86364,0.87,0.85168,-0.000878,15.644225,0.001145,1672,-0.01,0.04304,0.00608,-0.00044,0.04489,0.60801
197,201728,28.68133,43.11111,0.83333,0.86,0.914382,0.057714,14.046871,0.002124,1653,-0.01,0.04139,0.00237,-0.00216,0.02738,0.47065
198,202752,25.8239,57.59091,0.77273,0.82,0.885807,-0.00898,20.934226,0.00132,1621,-0.01,0.03994,0.00635,-0.00038,0.03304,0.5174
199,203776,28.06361,37.16129,0.80645,0.8,0.807138,0.003381,21.465847,0.004877,1622,-0.01,0.03764,0.00947,0.0002,0.04724,0.82946
200,204800,33.29264,30.65385,0.92308,0.83,0.781321,-0.041193,15.168909,0.009522,1752,-0.01,0.04012,0.00728,0.00041,0.04838,0.84216
201,205824,33.55421,45.43478,0.95652,0.86,0.866083,0.152284,17.173746,0.005241,1726,-0.01,0.04133,0.00544,-0.00076,0.04633,0.74463
202,206848,27.06835,44.38095,0.95238,0.9,0.79424,0.009472,13.235669,0.005262,1649,-0.01,0.04535,0.00409,-0.00051,0.03248,0.54016
203,207872,34.12942,46.53846,0.92308,0.92,0.750984,-0.001197,7.06731,0.003245,1597,-0.01,0.04392,0.00478,-0.0,0.05242,0.78573
204,208896,32.55866,32.69231,1.0,0.94,0.828399,-0.08447,8.81476,0.005127,1734,-0.01,0.04342,0.00046,-0.00131,0.02868,0.40145
205,209920,30.95418,57.22727,0.86364,0.93,0.794321,-0.100777,14.309752,0.003827,1791,-0.01,0.0416,0.00403,-0.00125,0.03548,0.62414
206,210944,30.23663,56.12,0.92,0.92,0.718323,-0.066753,13.184246,0.002042,1652,-0.01,0.04337,0.00647,0.00088,0.04985,0.7187
207,211968,32.67001,31.2381,1.0,0.93,0.759424,-0.000532,11.665508,0.003889,1659,-0.01,0.03982,0.00341,-0.00099,0.03879,0.66614
208,212992,29.44943,54.4,0.85,0.92,0.819935,-0.000675,10.26925,0.00312,1612,-0.01,0.04159,0.00369,-0.00118,0.03649,0.54031
209,214016,32.08939,58.0,0.88235,0.91,0.822884,0.000382,8.76255,0.003432,1644,-0.01,0.04384,0.00273,-0.00198,0.03647,0.47492
210,215040,31.23214,54.57143,0.92857,0.91,0.828867,0.00076,8.656455,0.001062,1710,-0.01,0.04185,0.00145,-0.00285,0.02226,0.39216
211,216064,29.59092,72.85714,0.80952,0.9,0.774154,0.080843,13.2809,0.003976,1643,-0.01,0.04225,0.00633,-0.00062,0.03902,0.53876
212,217088,31.66177,43.36842,0.94737,0.89,0.763501,-0.000995,16.253196,0.004447,1653,-0.01,0.04102,0.00424,-0.00143,0.03198,0.55353
213,218112,27.26376,69.66667,0.77778,0.87,0.77733,0.004583,9.021021,0.006745,1686,-0.01,0.03687,0.00565,-0.0021,0.03079,0.44209
214,219136,29.4811,42.94444,0.88889,0.87,0.790086,0.000322,12.546369,0.003864,1715,-0.01,0.03759,0.00458,-0.00362,0.03105,0.50188
215,220160,29.02785,62.90476,0.90476,0.87,0.728861,-0.001333,12.647866,0.001431,1661,-0.01,0.04307,0.00603,-0.00196,0.03898,0.5696
216,221184,32.74929,38.22222,0.92593,0.89,0.717949,-0.000612,13.96441,0.001843,1571,-0.01,0.04349,0.00756,-0.00064,0.04396,0.81361
217,222208,35.01044,30.52632,1.0,0.92,0.770548,-0.034224,7.972009,0.007266,1651,-0.01,0.0402,0.00565,-0.00391,0.04286,0.62854
218,223232,30.25759,58.56,0.88,0.91,0.731744,0.001369,11.905099,0.003654,1627,-0.01,0.03966,0.00722,-0.00227,0.0489,0.70514
219,224256,32.30461,40.44,0.96,0.93,0.691455,-0.011974,12.949641,0.003696,1740,-0.01,0.03895,0.00853,-0.00178,0.05106,0.79312
220,225280,32.33711,39.40741,0.92593,0.94,0.682045,0.001088,10.472705,0.002175,1620,-0.01,0.04253,0.00857,-0.00111,0.05099,0.81238
221,226304,32.3657,34.07692,0.96154,0.93,0.678582,-0.002788,13.605891,0.004489,1642,-0.01,0.04345,0.00732,-0.00108,0.04703,0.79759
222,227328,34.10223,40.75,0.95833,0.95,0.665518,0.120148,16.640292,0.002642,1612,-0.01,0.04093,0.0073,-0.0016,0.04719,0.76359
223,228352,28.1474,51.86364,0.81818,0.92,0.77261,-0.070637,12.722808,0.001452,1659,-0.01,0.03855,0.00575,-0.00139,0.03774,0.56784
224,229376,27.20259,55.57143,0.85714,0.91,0.856119,0.001329,15.842527,0.001516,1741,-0.01,0.04046,0.00211,-0.00282,0.02427,0.35272
225,230400,30.74694,55.88,0.84,0.88,0.731182,-0.000851,9.138878,0.001923,1597,-0.01,0.04142,0.00687,-0.0016,0.046,0.67458
226,231424,33.83262,33.11111,0.94444,0.89,0.774975,-0.010902,9.955255,0.002368,1635,-0.01,0.04101,0.00362,-0.0028,0.03376,0.55197
227,232448,30.03759,59.08333,0.875,0.86,0.758657,-0.000814,10.384673,0.001152,1603,-0.01,0.03981,0.00601,-0.00101,0.04273,0.64428
228,233472,33.20743,39.52,0.96,0.9,0.688958,-0.014432,10.582144,0.00178,1617,-0.01,0.04204,0.00835,-0.00056,0.04957,0.77901
229,234496,31.14819,40.06897,0.96552,0.93,0.626744,0.001576,15.66499,0.004023,1633,-0.01,0.03796,0.00792,-0.00131,0.05304,0.86291
230,235520,32.62717,34.28571,1.0,0.95,0.636388,0.000135,14.574371,0.003644,1609,-0.01,0.03644,0.0119,-0.00087,0.05876,0.88383
231,236544,34.43315,30.33333,1.0,0.98,0.627221,-0.005721,8.348735,0.003925,1626,-0.01,0.04061,0.00827,-0.00155,0.05435,0.88675
232,237568,33.44569,44.77778,0.94444,0.98,0.742491,-0.000316,8.162983,0.003565,1626,-0.01,0.04208,0.00287,-0.00045,0.03588,0.54383
233,238592,29.10713,50.58333,0.91667,0.97,0.791928,-0.003355,8.534594,0.00303,1742,-0.01,0.04841,0.00017,-0.00062,0.02219,0.31455
234,239616,29.41518,70.07143,0.82143,0.93,0.677453,0.136212,16.017256,0.005736,1588,-0.01,0.04136,0.00656,-0.00016,0.0439,0.7241
235,240640,32.08434,30.76667,0.96667,0.92,0.683369,-0.002064,14.689133,0.002135,1647,-0.01,0.04113,0.00937,-0.00031,0.05668,0.95329
236,241664,32.32142,33.84211,1.0,0.92,0.759587,-0.06628,11.821635,0.000972,1755,-0.01,0.04308,0.00353,-9e-05,0.04219,0.61072
237,242688,28.92208,67.27778,0.83333,0.91,0.794708,0.001714,10.761713,0.001968,1689,-0.01,0.04345,0.00092,0.00022,0.03006,0.47415
238,243712,31.382,44.5,0.94444,0.94,0.763373,-0.000432,10.548787,0.001747,1703,-0.01,0.04421,0.00381,-0.00065,0.03601,0.51852
239,244736,32.3409,47.35714,0.92857,0.93,0.804984,-0.03044,9.012284,0.003928,1629,-0.01,0.04054,0.00696,0.00068,0.05597,0.85344
240,245760,32.35787,42.45,0.95,0.93,0.783479,0.000377,11.645791,0.006036,1663,-0.01,0.04266,0.0021,0.00014,0.0374,0.60052
241,246784,33.81287,55.17647,0.88235,0.91,0.839443,0.00127,7.960181,0.001841,1618,-0.01,0.0395,0.00258,-0.00102,0.03254,0.49902
242,247808,31.29898,51.46154,0.96154,0.93,0.705286,-0.001024,13.573654,0.002549,1652,-0.01,0.04074,0.0069,0.00034,0.05195,0.78269
243,248832,34.96275,30.35,1.0,0.96,0.729029,0.004081,7.825179,0.003447,1690,-0.01,0.04534,0.00433,0.00059,0.042,0.65432
244,249856,30.47118,62.33333,0.85714,0.93,0.81147,-0.148194,11.010531,0.001692,1643,-0.01,0.04366,0.00487,-0.00067,0.03641,0.58337
245,250880,33.63469,49.73913,0.91304,0.92,0.740508,-0.022842,6.395844,0.00406,1625,-0.01,0.04575,0.00506,-0.00015,0.04406,0.70579
246,251904,27.81333,45.73333,0.86667,0.92,0.860238,-0.065115,10.736423,0.00332,1666,-0.01,0.04519,0.0007,-0.00135,0.02465,0.3747
247,252928,30.51025,72.4,0.86667,0.91,0.894471,0.000531,9.348078,0.00202,1695,-0.01,0.03708,0.00129,-0.00206,0.02905,0.39944
248,253952,32.98366,53.5,0.9,0.89,0.733456,0.025857,7.54206,0.00177,1645,-0.01,0.04081,0.00408,-0.00099,0.04079,0.58973
249,254976,30.40911,66.66667,0.83333,0.88,0.838341,0.000564,6.653599,0.001252,1732,-0.01,0.04578,0.00032,-0.00249,0.02322,0.32326
250,256000,30.03872,80.1875,0.8125,0.87,0.765912,-0.000734,7.97051,0.001662,1716,-0.01,0.04808,0.00204,-0.00079,0.02425,0.41536
251,257024,26.21965,58.1,0.8,0.84,0.668826,-0.016085,18.603959,0.003733,1723,-0.01,0.04437,0.00371,-0.00112,0.03478,0.47706
252,258048,32.05422,43.05556,0.94444,0.86,0.657576,0.028909,12.799647,0.000863,1713,-0.01,0.046,0.0048,-0.00042,0.03365,0.5364
253,259072,28.95851,64.45,0.85,0.86,0.683169,-0.000584,13.246153,0.003177,1693,-0.01,0.0462,0.00563,0.0011,0.03547,0.51965
254,260096,29.80016,41.65217,0.86957,0.86,0.652695,0.002791,17.00068,0.002877,1671,-0.01,0.04489,0.00675,0.00017,0.04406,0.64502
255,261120,33.72618,46.36842,0.94737,0.88,0.652083,-0.000248,11.598861,0.002749,1658,-0.01,0.04513,0.00702,-0.00064,0.0392,0.60164
256,262144,29.4621,49.38462,0.84615,0.89,0.741596,0.001198,11.306554,0.004114,1812,-0.01,0.04358,0.00385,0.00071,0.02578,0.38396
257,263168,27.88688,70.40909,0.81818,0.87,0.666275,-0.000965,13.009859,0.001358,1655,-0.01,0.04331,0.00659,0.00014,0.03908,0.57699
258,264192,34.53352,40.17391,0.95652,0.89,0.608153,0.000584,10.570517,0.00305,1643,-0.01,0.04379,0.00754,0.00075,0.04359,0.75784
259,265216,33.75585,46.88889,0.92593,0.91,0.65146,0.111521,12.187444,0.003264,1552,-0.01,0.04309,0.00922,0.00088,0.05246,0.8419
260,266240,33.18966,41.36364,0.95455,0.9,0.644168,-0.002845,10.053149,0.002487,1581,-0.01,0.04445,0.00701,-0.00057,0.04891,0.68461
261,267264,36.54032,42.6,1.0,0.93,0.739423,0.003486,9.41705,0.002733,1733,-0.01,0.04434,0.00102,-0.0009,0.01871,0.36498
262,268288,27.81456,84.9375,0.75,0.92,0.705576,0.029357,7.326472,0.002427,1647,-0.01,0.03677,0.00558,-0.00094,0.02967,0.42026
263,269312,31.34851,46.44444,0.88889,0.9,0.579873,-9.2e-05,12.226377,0.003778,1572,-0.01,0.04083,0.00781,-8e-05,0.04754,0.80293
264,270336,33.42133,43.0,0.94737,0.91,0.626654,-0.000142,10.400904,0.001142,1611,-0.01,0.03769,0.00669,-0.00081,0.03885,0.59545
265,271360,28.33667,59.86667,0.73333,0.87,0.711403,0.000445,10.211823,0.001249,1626,-0.01,0.04194,0.00367,-0.00019,0.02293,0.37176
266,272384,32.18731,64.14286,0.85714,0.85,0.684829,-0.01014,10.486752,0.00212,1598,-0.01,0.03996,0.00615,0.00045,0.0384,0.62366
267,273408,31.73975,41.52381,0.90476,0.88,0.652367,0.00027,11.276361,0.001379,1687,-0.01,0.04326,0.0087,6e-05,0.04656,0.67515
268,274432,31.0676,50.45455,0.86364,0.87,0.713724,0.003122,12.645362,0.002985,1620,-0.01,0.04347,0.0065,-0.00077,0.04121,0.64305
269,275456,29.94609,50.68182,0.86364,0.85,0.779974,-0.003757,12.698091,0.001334,1607,-0.01,0.04453,0.00667,-1e-05,0.04262,0.62018
270,276480,33.14976,42.0,0.95,0.89,0.738396,-0.001492,9.287338,0.001957,1658,-0.01,0.0441,0.00419,-0.00057,0.03785,0.61384
271,277504,31.76182,49.875,0.91667,0.91,0.660028,-0.002435,11.290176,0.00243,1586,-0.01,0.04357,0.00664,3e-05,0.04731,0.70253
272,278528,33.0871,38.72,0.92,0.91,0.5862,-0.028125,10.759389,0.002246,1535,-0.01,0.0463,0.00816,0.00044,0.04358,0.75153
273,279552,32.67617,50.66667,0.95238,0.92,0.616069,-0.006296,13.338424,0.001052,1591,-0.01,0.04771,0.00815,0.00077,0.04562,0.63004
274,280576,30.38743,51.16,0.92,0.93,0.629052,0.002583,15.866297,0.003412,1615,-0.01,0.0449,0.00895,0.00133,0.04593,0.72284
275,281600,35.50337,32.125,1.0,0.95,0.627516,-0.023654,13.259884,0.002594,1529,-0.01,0.04623,0.00754,-0.00071,0.04954,0.77302
276,282624,32.56443,43.94444,0.94444,0.96,0.795517,0.038429,13.131122,0.00457,1651,-0.01,0.04279,0.00361,-0.00099,0.03042,0.54879
277,283648,29.76552,59.28,0.84,0.92,0.686799,-0.000702,13.377175,0.003444,1568,-0.01,0.045,0.00711,-0.0006,0.05047,0.69156
278,284672,31.45284,31.88,1.0,0.93,0.664087,-0.022233,12.295392,0.004604,1614,-0.01,0.047,0.00657,-0.00234,0.04477,0.76726
279,285696,34.37187,42.75,0.9375,0.94,0.709803,-0.000901,7.664436,0.002695,1679,-0.01,0.04709,0.00433,-0.00109,0.03693,0.51869
280,286720,29.80132,59.78261,0.86957,0.91,0.73109,-0.001313,10.182343,0.003158,1587,-0.01,0.04404,0.00478,-0.00236,0.03682,0.63098
281,287744,35.48021,37.64,0.96,0.94,0.794349,-0.027468,9.510499,0.003653,1502,-0.01,0.04619,0.00825,-0.00324,0.05634,0.78904
282,288768,33.86036,44.72727,0.90909,0.93,0.689049,0.053216,8.431686,0.003177,1567,-0.01,0.04366,0.00443,-0.00161,0.04069,0.66539
283,289792,31.57893,48.24,0.92,0.92,0.765157,-0.006226,9.184584,0.003487,1519,-0.01,0.04279,0.0073,-0.00079,0.04648,0.71646
284,290816,34.05608,37.93333,0.96667,0.95,0.633586,-0.009209,8.144933,0.002153,1479,-0.01,0.04517,0.00835,-0.00199,0.06484,0.9319
285,291840,32.77705,30.63636,1.0,0.95,0.783505,0.053237,16.663361,0.003814,1559,-0.01,0.04823,0.00459,-0.00056,0.04018,0.66988
286,292864,33.01257,51.27273,0.90909,0.95,0.738194,0.001404,11.732299,0.00123,1579,-0.01,0.04309,0.00522,-0.0029,0.04358,0.65546
287,293888,31.31508,43.2381,0.95238,0.96,0.632595,0.011712,11.28875,0.003311,1719,-0.01,0.0425,0.00646,-0.00134,0.04355,0.69988
288,294912,32.39581,61.6087,0.86957,0.94,0.725895,0.072562,9.71312,0.002988,1658,-0.01,0.04251,0.00613,-0.00104,0.04584,0.72369
289,295936,36.15159,30.54545,1.0,0.94,0.712327,0.092279,10.180298,0.004745,1656,-0.01,0.04489,0.00604,-0.00172,0.04383,0.7351
290,296960,27.84847,93.18182,0.72727,0.91,0.774546,3.6e-05,6.555224,0.003077,1683,-0.01,0.04566,0.00115,-0.0014,0.02043,0.26069
291,297984,30.83185,67.82353,0.82353,0.89,0.679213,0.000168,8.848908,0.003369,1606,-0.01,0.04463,0.00343,-0.00055,0.03557,0.4682
292,299008,33.5044,39.91667,0.95833,0.9,0.633508,-0.002818,11.056882,0.002458,1577,-0.01,0.04552,0.00638,0.00068,0.04636,0.73204
293,300032,33.18186,42.0,0.95455,0.92,0.645286,-0.002248,9.960916,0.001321,1606,-0.01,0.0489,0.00518,0.0001,0.04252,0.65866
294,301056,32.3304,56.2,0.9,0.9,0.649757,-0.011677,7.389703,0.001531,1588,-0.01,0.04761,0.00245,-9e-05,0.0366,0.56933
295,302080,31.82605,51.5,0.90909,0.91,0.616001,0.000178,11.485802,0.003235,1611,-0.01,0.04641,0.00609,0.00118,0.04327,0.63019
296,303104,31.21979,49.88889,0.94444,0.93,0.630651,0.006153,13.985266,0.004815,1633,-0.01,0.04765,0.00326,-6e-05,0.02972,0.5182
297,304128,29.73276,42.68182,0.86364,0.92,0.529562,0.054153,15.477367,0.002924,1660,-0.01,0.04348,0.00519,0.00045,0.03946,0.62518
298,305152,31.05823,56.11765,0.88235,0.9,0.581402,9.8e-05,7.977019,0.002741,1618,-0.01,0.04519,0.00273,-2e-05,0.03562,0.46809
299,306176,27.05006,70.11765,0.70588,0.87,0.615395,0.201526,21.650105,0.00092,1596,-0.01,0.04515,0.00257,-0.00078,0.0265,0.39753
300,307200,33.12195,51.48,0.92,0.87,0.566087,0.000487,11.528498,0.001807,1534,-0.01,0.04778,0.00586,0.00072,0.05063,0.7279
301,308224,32.47486,31.64286,1.0,0.88,0.675686,0.000875,12.152257,0.00101,1714,-0.01,0.04524,0.00219,-0.00067,0.0192,0.43754
302,309248,28.73759,67.27778,0.77778,0.86,0.595354,-0.064039,9.600428,0.000973,1607,-0.01,0.04196,0.004,-0.00059,0.03589,0.47595
303,310272,32.91817,47.07143,0.92857,0.87,0.500165,-0.000363,11.257989,0.002185,1603,-0.01,0.04595,0.00689,0.00089,0.05757,0.85228
304,311296,34.77659,42.13636,0.95455,0.92,0.541949,-0.001211,7.929912,0.003347,1620,-0.01,0.04773,0.00486,0.00064,0.04303,0.70679
305,312320,32.77951,48.70833,0.91667,0.91,0.530617,-0.009336,10.357447,0.004284,1727,-0.01,0.04423,0.00751,-0.00052,0.04869,0.74766
306,313344,34.32045,39.43478,0.95652,0.94,0.524323,-0.001834,12.887259,0.005134,1673,-0.01,0.04395,0.008,0.00056,0.04858,0.7993
307,314368,30.87259,49.52632,0.89474,0.94,0.601906,-0.000143,11.879514,0.002022,1860,-0.01,0.04331,0.00708,0.00031,0.03457,0.66535
308,315392,31.37971,53.25,0.9,0.92,0.57952,0.001932,9.444043,0.003801,1791,-0.01,0.04735,0.00533,0.00202,0.04676,0.66465
309,316416,30.11328,39.2069,0.93103,0.92,0.531189,0.086584,25.254582,0.00608,1587,-0.01,0.04672,0.00627,0.00194,0.04806,0.83278
310,317440,32.30737,38.93333,0.96667,0.93,0.528259,-0.000571,17.180309,0.003377,1555,-0.01,0.0455,0.00955,0.00138,0.05909,0.92143
311,318464,34.49386,30.36364,1.0,0.95,0.500191,-0.079438,10.126927,0.000776,1579,-0.01,0.04825,0.00583,0.00098,0.04528,0.71224
312,319488,30.89069,59.125,0.875,0.94,0.581868,0.002679,8.698641,0.003162,1701,-0.01,0.04796,0.00364,0.00024,0.02622,0.44554
313,320512,31.39039,59.47826,0.86957,0.94,0.540155,0.006284,8.662313,0.002251,1602,-0.01,0.04771,0.00635,0.00045,0.04234,0.64093
314,321536,33.64337,38.33333,1.0,0.95,0.480334,0.000678,11.907098,0.001689,1674,-0.01,0.04865,0.00732,0.0014,0.04906,0.76669
315,322560,27.88617,46.0,0.83333,0.92,0.4998,-0.051347,11.876678,0.00192,1643,-0.01,0.04878,0.00484,0.00092,0.0339,0.46232
316,323584,32.40345,52.80952,0.90476,0.9,0.550684,-0.001372,11.391921,0.003009,1681,-0.01,0.04958,0.00591,0.00038,0.04134,0.62357
317,324608,31.33255,45.82143,0.85714,0.89,0.462203,0.035016,14.665351,0.001748,1587,-0.01,0.05022,0.00731,0.00214,0.04817,0.80185
318,325632,35.46114,34.72727,1.0,0.91,0.500164,0.00122,12.105996,0.001607,1645,-0.01,0.05019,0.00761,0.00152,0.05054,0.73192
319,326656,34.25125,44.08333,0.95833,0.91,0.560318,-0.002354,7.149744,0.003697,1644,-0.01,0.05054,0.00557,0.00088,0.04554,0.72952
320,327680,33.5365,51.6,0.9,0.93,0.665245,-0.046161,7.578751,0.003866,1675,-0.01,0.04881,0.0023,-0.00102,0.02152,0.29285
321,328704,30.36453,73.63636,0.81818,0.9,0.611683,-0.000778,8.365677,0.002247,1646,-0.01,0.04901,0.00589,0.00034,0.04332,0.58516
322,329728,33.85363,39.2,0.96667,0.93,0.555184,-0.084241,12.65746,0.004969,1578,-0.01,0.04834,0.00898,0.00067,0.05737,0.93578
323,330752,34.37585,33.70833,0.95833,0.93,0.564269,0.000121,11.753421,0.002832,1638,-0.01,0.04932,0.00753,0.00014,0.04754,0.74953
324,331776,35.26848,39.21739,0.95652,0.93,0.551866,-0.033119,10.258652,0.001436,1640,-0.01,0.05025,0.00764,0.00065,0.04576,0.72732
325,332800,29.75152,74.9,0.8,0.93,0.704204,-0.010533,7.768955,0.003572,1738,-0.01,0.04795,0.00191,-0.00162,0.01942,0.26337
326,333824,29.83139,86.42857,0.85714,0.93,0.636689,-0.0008,8.822926,0.001598,1732,-0.01,0.04804,0.00412,-0.0016,0.02693,0.3739
327,334848,31.39318,52.09524,0.90476,0.92,0.566708,-0.065678,10.060644,0.002923,1635,-0.01,0.04857,0.00612,0.00032,0.03988,0.59637
328,335872,30.35652,44.75,0.875,0.9,0.631495,0.045546,14.093819,0.002887,1633,-0.01,0.04629,0.00436,-0.00093,0.02648,0.43277
329,336896,28.73641,72.38095,0.7619,0.87,0.603803,-0.037476,8.765787,0.00408,1704,-0.01,0.04705,0.00607,-0.00125,0.03542,0.51365
330,337920,34.25667,46.48148,0.92593,0.87,0.544146,6.6e-05,9.082207,0.00121,1598,-0.01,0.04873,0.00841,0.00013,0.05686,0.81246
331,338944,31.42334,31.83333,0.95833,0.89,0.538885,-0.001264,16.55161,0.004107,1662,-0.01,0.04953,0.00677,0.00057,0.04363,0.72365
332,339968,34.6244,44.46667,0.93333,0.9,0.482188,-0.038431,5.910493,0.003812,1743,-0.01,0.04747,0.00479,-0.0016,0.03016,0.48604
333,340992,30.60935,68.63636,0.81818,0.9,0.535817,-0.029158,10.693394,0.004384,1664,-0.01,0.04711,0.00639,0.0008,0.04203,0.60248
334,342016,31.71212,38.24,0.96,0.91,0.48541,0.037787,19.095904,0.001463,1663,-0.01,0.04726,0.00821,0.00168,0.04494,0.74166
335,343040,34.0444,41.47619,0.95238,0.92,0.452561,-0.000996,9.70106,0.001719,1648,-0.01,0.04883,0.00555,0.00066,0.04447,0.63358
336,344064,35.81545,46.36364,0.95455,0.92,0.471634,-0.000484,7.693658,0.001031,1594,-0.01,0.04734,0.00769,-0.00017,0.04883,0.68737
337,345088,32.98874,48.0,0.92308,0.94,0.479429,-0.00053,9.818923,0.000676,1644,-0.01,0.04748,0.00884,0.00058,0.05096,0.78399
338,346112,34.85679,41.28571,0.95238,0.95,0.500845,0.000204,9.203089,0.001209,1655,-0.01,0.04933,0.00679,0.00055,0.04425,0.66546
339,347136,32.53397,50.77273,0.90909,0.94,0.487247,-0.08426,8.240088,0.002809,1610,-0.01,0.04762,0.00587,-0.00063,0.0373,0.62996
340,348160,30.82812,40.25926,0.96296,0.94,0.476189,-0.001125,14.756141,0.002274,1622,-0.01,0.04906,0.00936,0.00169,0.05003,0.77362
341,349184,31.65298,43.95455,0.90909,0.94,0.476585,-0.00084,13.900409,0.001317,1634,-0.01,0.04899,0.00655,0.00044,0.04192,0.63273
342,350208,33.17647,45.35294,0.94118,0.93,0.484582,-0.000996,6.979712,0.001149,1637,-0.01,0.04936,0.00545,-2e-05,0.03442,0.49309
343,351232,31.83126,56.05882,0.88235,0.92,0.510992,0.013043,6.294773,0.001507,1658,-0.01,0.04545,0.00449,-0.00078,0.03351,0.47012
344,352256,29.35923,58.28,0.8,0.9,0.497114,-0.001021,17.581815,0.005051,1647,-0.01,0.04685,0.00826,0.00124,0.04126,0.6638
345,353280,28.5463,32.80952,0.90476,0.89,0.477786,0.084633,16.130089,0.000754,1697,-0.01,0.0475,0.00628,0.00099,0.03931,0.57908
346,354304,29.82076,52.85,0.85,0.87,0.567148,-0.029075,14.37592,0.002394,1731,-0.01,0.04653,0.0058,0.00087,0.03346,0.55579
347,355328,32.46275,53.6,0.9,0.86,0.535991,-0.035755,8.928553,0.00362,1657,-0.01,0.04935,0.00624,0.00046,0.04014,0.5794
348,356352,34.65222,45.68421,0.94737,0.87,0.532423,0.041731,8.244227,0.002123,1631,-0.01,0.04929,0.00565,5e-05,0.03578,0.58424
349,357376,31.39748,51.35,0.85,0.89,0.542181,-0.001142,10.141381,0.001627,1663,-0.01,0.04817,0.0058,0.0009,0.04077,0.56949
350,358400,32.93709,56.03846,0.88462,0.88,0.556177,-0.117706,7.734028,0.001672,1594,-0.01,0.0475,0.00707,0.00057,0.04858,0.75397
351,359424,34.26152,32.3,1.0,0.92,0.520712,0.123595,19.93667,0.002139,1604,-0.01,0.04931,0.00503,0.00057,0.04284,0.62231
352,360448,28.83292,46.78261,0.82609,0.9,0.561447,0.002943,16.69164,0.004034,1658,-0.01,0.04912,0.00657,0.00095,0.03288,0.60608
353,361472,29.09781,48.91667,0.83333,0.89,0.512749,-0.000862,16.016777,0.000851,1708,-0.01,0.04932,0.00469,0.00195,0.04256,0.64681
354,362496,33.96928,43.23529,0.94118,0.9,0.586695,-0.001498,7.784871,0.002113,1708,-0.01,0.04975,0.0042,-0.00026,0.03723,0.52088
355,363520,32.213,46.1875,0.9375,0.9,0.609972,0.096899,8.194923,0.001302,1642,-0.01,0.04959,0.0031,-0.00078,0.02717,0.45505
356,364544,30.73864,69.04348,0.82609,0.86,0.592901,-0.001306,8.421308,0.003169,1594,-0.01,0.04826,0.00613,0.00096,0.04144,0.60002
357,365568,32.63869,58.58824,0.88235,0.88,0.678043,0.011041,9.719519,0.002094,1606,-0.01,0.05,0.00394,-0.00039,0.03433,0.47689
358,366592,32.64628,54.71429,0.90476,0.89,0.704414,-0.000666,11.144377,0.004381,1658,-0.01,0.04926,0.00504,-0.00166,0.03665,0.59828
359,367616,33.59711,42.26316,0.94737,0.9,0.595192,-0.071013,10.703178,0.001809,1705,-0.01,0.0497,0.00593,0.0001,0.0381,0.58305
360,368640,31.49911,63.09091,0.86364,0.89,0.671808,-0.010109,7.613877,0.003756,1644,-0.01,0.04597,0.00762,-0.00091,0.04288,0.6188
361,369664,33.77507,35.44828,0.96552,0.91,0.560321,-4e-05,13.399989,0.002713,1608,-0.01,0.04676,0.00999,0.00061,0.06089,0.90327
362,370688,36.0069,30.34483,1.0,0.94,0.554185,0.001479,9.611654,0.004853,1600,-0.01,0.04875,0.00988,0.00155,0.05927,0.96151
363,371712,34.12843,29.92593,0.96296,0.95,0.618955,-0.068029,10.600722,0.004472,1630,-0.01,0.04944,0.00839,-0.00015,0.04993,0.86747
364,372736,31.60239,50.65217,0.91304,0.96,0.590263,0.014984,12.859452,0.002533,1620,-0.01,0.04978,0.00771,0.00076,0.04564,0.64836
365,373760,33.633,42.0,0.94737,0.95,0.62445,-0.054385,9.353999,0.001705,1657,-0.01,0.04955,0.00567,-0.00137,0.04014,0.57003
366,374784,34.6869,46.96,0.92,0.94,0.635577,-0.012912,6.430076,0.002401,1606,-0.01,0.04869,0.00704,0.00073,0.05071,0.76206
367,375808,33.24029,40.46154,0.92308,0.93,0.677045,-0.003214,9.531817,0.004225,1592,-0.01,0.04791,0.00721,0.00078,0.04933,0.77665
368,376832,30.31116,41.63636,0.86364,0.92,0.682106,-0.000187,15.79025,0.002855,1642,-0.01,0.04883,0.00538,0.00064,0.03415,0.61662
369,377856,30.39137,54.31818,0.90909,0.9,0.659194,-0.061933,14.725292,0.002117,1633,-0.01,0.04894,0.00599,0.00073,0.04322,0.60958
370,378880,34.1757,40.45,1.0,0.92,0.660859,-0.000427,12.63237,0.002137,1645,-0.01,0.04825,0.00548,0.0001,0.04029,0.61931
371,379904,32.14245,60.6875,0.875,0.91,0.73276,-0.022706,8.627246,0.003581,1634,-0.01,0.0483,0.00278,-0.0023,0.02841,0.45524
372,380928,30.67946,58.52941,0.88235,0.91,0.807082,-0.035392,6.953733,0.002991,1643,-0.01,0.04852,0.00345,-0.0014,0.03598,0.46319
373,381952,33.83595,50.43478,0.95652,0.93,0.735418,0.121698,14.827742,0.003945,1651,-0.01,0.04934,0.00464,0.00115,0.04325,0.70193
374,382976,34.69326,53.1,0.9,0.93,0.69709,-0.059034,6.451486,0.002509,1687,-0.01,0.04864,0.00512,-0.00025,0.03959,0.61338
375,384000,33.89111,56.88889,0.88889,0.91,0.695596,-0.000537,8.262095,0.000521,1672,-0.01,0.04941,0.00376,-0.00051,0.03909,0.52204
376,385024,31.3916,56.82353,0.88235,0.9,0.799478,-0.002335,9.332638,0.00095,1628,-0.01,0.05023,0.00234,-0.00173,0.02535,0.46271
377,386048,31.7569,52.65385,0.92308,0.92,0.688332,0.001069,11.690653,0.003052,1604,-0.01,0.04752,0.00744,-0.00022,0.05021,0.74821
378,387072,34.99362,34.17241,0.96552,0.92,0.500596,0.054479,14.213977,0.003009,1592,-0.01,0.04877,0.0076,0.00115,0.06274,0.92356
379,388096,36.41298,29.57143,1.0,0.94,0.640863,-0.037866,4.705877,0.002848,1638,-0.01,0.04863,0.00426,-0.00131,0.03767,0.68394
380,389120,31.20286,62.7619,0.85714,0.94,0.542366,-0.004637,8.880986,0.0078,1851,-0.01,0.0477,0.00521,-0.0012,0.03622,0.57023
381,390144,31.64473,42.09524,0.95238,0.95,0.589326,-0.000412,11.744624,0.005823,1703,-0.01,0.04587,0.00505,-0.0005,0.04813,0.64398
382,391168,36.23041,39.52174,0.95652,0.95,0.626265,-0.000304,5.770384,0.001822,1706,-0.01,0.04271,0.00659,-0.00162,0.04628,0.78399
383,392192,32.927,48.125,0.91667,0.93,0.560696,0.015896,7.127474,0.002138,1602,-0.01,0.0451,0.00615,-0.0012,0.04946,0.70337
384,393216,33.4182,55.94118,0.88235,0.91,0.633471,-0.000342,6.855971,0.001747,1664,-0.01,0.04753,0.00271,-0.00063,0.03078,0.49125
385,394240,34.37096,43.85185,1.0,0.95,0.460811,-0.043122,11.822437,0.001471,1611,-0.01,0.04761,0.00566,0.00049,0.05141,0.84945
386,395264,34.69902,40.08696,0.95652,0.94,0.575853,0.000138,7.556448,0.002245,1682,-0.01,0.04862,0.00605,1e-05,0.04763,0.73302
387,396288,33.88342,41.57895,0.94737,0.96,0.600931,-0.000343,8.200737,0.001373,1662,-0.01,0.04826,0.00486,-0.00036,0.04097,0.5818
388,397312,30.8173,59.25,0.875,0.94,0.627901,-0.001262,7.691602,0.001395,1688,-0.01,0.04822,0.00308,-0.00264,0.02656,0.42469
389,398336,31.50333,65.72,0.84,0.92,0.594869,0.000658,9.667489,0.000944,1637,-0.01,0.04588,0.00546,-0.00127,0.0508,0.67887
390,399360,36.12154,30.47059,1.0,0.93,0.512869,0.035831,10.290694,0.005575,1540,-0.01,0.04607,0.00674,0.00079,0.06412,1.11397
391,400384,31.65866,29.95,0.95,0.93,0.641443,0.001839,15.699756,0.003937,1694,-0.01,0.04399,0.00469,-0.00115,0.04065,0.60634
392,401408,28.96579,61.31818,0.86364,0.92,0.609263,0.076017,10.385367,0.001941,1741,-0.01,0.04426,0.0043,0.00123,0.04183,0.6126
393,402432,34.41703,31.68421,1.0,0.96,0.521503,0.002088,9.758275,0.001621,1739,-0.01,0.04859,0.00378,-0.00075,0.03863,0.61345
394,403456,31.55413,61.90476,0.85714,0.93,0.760536,0.013074,9.226347,0.002178,1661,-0.01,0.04702,0.00326,-9e-05,0.03848,0.58002
395,404480,34.26573,39.69231,0.96154,0.92,0.526861,-0.025416,7.342628,0.000838,1615,-0.01,0.04573,0.00474,0.00129,0.05121,0.79952
396,405504,32.46779,45.36364,0.90909,0.91,0.519311,0.000123,12.75113,0.001524,1660,-0.01,0.04677,0.00317,0.0003,0.04366,0.64234
397,406528,32.98519,63.15385,0.84615,0.92,0.575206,0.002781,5.378354,0.002936,1737,-0.01,0.04877,0.00183,-0.00034,0.02642,0.37336
398,407552,31.39862,74.66667,0.8,0.89,0.627945,-0.081322,4.25869,0.006104,1641,-0.01,0.04668,0.00114,0.0002,0.03089,0.40587
399,408576,30.40165,54.16667,0.83333,0.88,0.601347,-0.000775,13.008382,0.004056,1723,-0.01,0.0456,0.00258,-0.0005,0.02678,0.49712
400,409600,30.81843,56.30769,0.88462,0.87,0.501668,-0.002434,8.299555,0.002346,1649,-0.01,0.04447,0.00378,0.0003,0.05099,0.72362
401,410624,34.30352,33.37037,1.0,0.88,0.503515,-0.002018,13.756873,0.001782,1620,-0.01,0.0473,0.00501,0.00101,0.05174,0.85491
402,411648,36.02838,31.23529,1.0,0.91,0.601969,0.000339,8.124351,0.001785,1700,-0.01,0.04772,0.00339,-0.00204,0.03452,0.57157
403,412672,29.36,67.22222,0.77778,0.9,0.580632,-0.000101,10.904747,0.000828,1760,-0.01,0.0449,0.00279,-0.00046,0.03441,0.49225
404,413696,32.74148,47.84,0.92,0.93,0.547632,0.041394,11.700831,0.004466,1668,-0.01,0.04387,0.00641,0.00044,0.05413,0.78429
405,414720,32.699,39.36667,0.96667,0.93,0.50499,0.053203,12.501202,0.00242,1621,-0.01,0.04344,0.00672,0.00025,0.05641,0.93289
406,415744,32.27426,30.82353,1.0,0.93,0.496643,-0.050174,9.499702,0.001658,1762,-0.01,0.04807,0.00488,0.00034,0.03836,0.5382
407,416768,30.15773,72.18182,0.81818,0.92,0.648448,0.00027,6.404703,0.003479,1808,-0.01,0.04753,0.00135,-0.00188,0.02141,0.29117
408,417792,31.46632,71.625,0.8125,0.92,0.665544,-0.000185,6.579379,0.001259,1701,-0.01,0.0479,0.00274,-0.00113,0.02683,0.42421
409,418816,28.90775,78.83333,0.77778,0.9,0.570288,-0.002799,8.914302,0.000961,1658,-0.01,0.04672,0.00301,-0.00082,0.0292,0.44841
410,419840,33.84645,52.94737,0.89474,0.89,0.59315,0.01756,5.126009,0.002114,1626,-0.01,0.0488,0.00342,0.0003,0.04156,0.57013
411,420864,33.4016,48.24,0.92,0.87,0.555855,-0.035916,9.275097,0.001558,1585,-0.01,0.04729,0.00541,0.00039,0.05098,0.73784
412,421888,34.65981,40.11111,0.96296,0.9,0.52306,0.000795,8.956156,0.001014,1617,-0.01,0.04551,0.00721,0.00028,0.04995,0.83876
413,422912,33.69797,31.125,1.0,0.92,0.538143,-0.000206,8.236977,0.002184,1711,-0.01,0.04888,0.00414,-0.00014,0.03537,0.4901
414,423936,27.39094,85.07143,0.71429,0.91,0.588814,0.001613,8.566961,0.00246,1735,-0.01,0.04845,0.00318,-0.00063,0.0206,0.31374
415,424960,31.93695,47.84,0.88,0.9,0.531034,0.000729,11.736707,0.001796,1616,-0.01,0.04533,0.00665,0.00131,0.04336,0.7257
416,425984,34.6756,44.61905,0.95238,0.91,0.597115,0.017377,7.59604,0.002038,1637,-0.01,0.04679,0.0063,-1e-05,0.04164,0.65918
417,427008,30.40737,53.21053,0.84211,0.88,0.604585,-2.8e-05,11.947754,0.002499,1646,-0.01,0.04677,0.00491,-0.00124,0.03531,0.51116
418,428032,31.41934,52.38095,0.90476,0.87,0.642502,0.043806,9.218383,0.002886,1666,-0.01,0.04471,0.00473,-0.00085,0.0325,0.58591
419,429056,31.32651,59.05882,0.88235,0.89,0.649486,-0.001313,8.846259,0.001736,1728,-0.01,0.04647,0.0041,0.00017,0.03318,0.47785
420,430080,32.35422,57.625,0.875,0.9,0.676253,-0.014994,7.223196,0.004622,1729,-0.01,0.04755,0.00303,-0.00016,0.02882,0.47432
421,431104,33.21183,53.63158,0.89474,0.88,0.651648,-0.131893,10.817074,0.002338,1712,-0.01,0.04478,0.00468,-0.00051,0.04093,0.58222
422,432128,32.47696,48.33333,0.91667,0.89,0.590298,-0.000939,10.089041,0.001992,1687,-0.01,0.04525,0.00432,-1e-05,0.04282,0.72394
423,433152,31.29878,41.0,0.93548,0.91,0.491597,-0.000315,14.768233,0.001857,1636,-0.01,0.04185,0.00812,0.00057,0.05639,0.92675
424,434176,33.0639,30.61905,0.95238,0.92,0.676688,-0.051632,8.14178,0.004547,1640,-0.01,0.04521,0.00456,4e-05,0.04034,0.63903
425,435200,31.08609,57.91667,0.83333,0.91,0.628231,-0.000907,8.788332,0.003323,1670,-0.01,0.04338,0.0053,0.00026,0.03749,0.65121
426,436224,34.69669,30.07692,1.0,0.93,0.533744,-0.001664,12.309365,0.002312,1660,-0.01,0.04306,0.00696,0.00054,0.04792,0.84207
427,437248,31.13448,44.72222,0.88889,0.93,0.50376,-0.001982,9.737679,0.001677,1803,-0.01,0.04786,0.00557,0.00092,0.03372,0.52975
428,438272,33.69358,49.45455,0.90909,0.91,0.518435,-0.000294,7.091334,0.001777,1676,-0.01,0.0482,0.00839,0.00165,0.04724,0.65781
429,439296,31.63621,57.41176,0.88235,0.9,0.530323,0.000115,8.554587,0.002096,1673,-0.01,0.04933,0.00481,0.00023,0.03401,0.45993
430,440320,32.18818,62.42857,0.85714,0.91,0.484183,0.077224,13.832582,0.001662,1723,-0.01,0.04886,0.0038,0.00022,0.02494,0.38773
431,441344,32.07535,54.53571,0.85714,0.88,0.571122,0.059221,10.485894,0.004339,1745,-0.01,0.04611,0.0078,0.00136,0.05076,0.77833
432,442368,30.89032,34.35714,0.92857,0.89,0.49746,-0.100302,12.660624,0.002532,1755,-0.01,0.04748,0.00396,0.00013,0.0273,0.39783
433,443392,31.96904,79.0,0.76923,0.87,0.522679,0.001846,6.880333,0.002755,1805,-0.01,0.04932,0.00358,-4e-05,0.02689,0.34746
434,444416,29.80229,64.53846,0.80769,0.85,0.419626,-0.171312,13.56319,0.002929,1669,-0.01,0.04573,0.00821,0.00221,0.04696,0.67913
435,445440,37.37967,29.65217,1.0,0.89,0.494369,-0.00016,6.810592,0.001485,1654,-0.01,0.0476,0.00651,0.00105,0.0418,0.76248
436,446464,30.52214,81.76923,0.76923,0.87,0.562039,0.020419,5.258869,0.003384,1717,-0.01,0.05035,0.00343,0.00074,0.03038,0.32063
437,447488,29.88045,56.72222,0.88889,0.87,0.442872,-0.091657,12.880415,0.001825,1681,-0.01,0.04904,0.00487,0.00119,0.03171,0.47664
438,448512,32.19346,48.5,0.92308,0.89,0.480658,-0.066964,11.546204,0.002267,1687,-0.01,0.04648,0.00866,0.00293,0.04654,0.7926
439,449536,35.05772,39.125,0.95833,0.92,0.410556,0.033236,10.772177,0.001976,1731,-0.01,0.04474,0.00894,0.00145,0.05149,0.82649
440,450560,30.97718,40.92,0.92,0.9,0.448106,-0.106566,8.899067,0.005072,1723,-0.01,0.04552,0.0092,0.00128,0.04967,0.75562
441,451584,34.92167,41.83333,0.94444,0.93,0.474937,0.000706,6.396936,0.002569,1670,-0.01,0.04851,0.00588,0.00027,0.03529,0.5506
442,452608,31.32274,64.31579,0.84211,0.91,0.520806,0.002779,14.473554,0.00271,1662,-0.01,0.04759,0.00594,0.00087,0.03218,0.50571
443,453632,35.97661,39.30435,0.95652,0.92,0.530538,-0.04223,7.081815,0.005269,1628,-0.01,0.04526,0.00821,0.00039,0.04631,0.73621
444,454656,32.47804,58.63636,0.90909,0.91,0.437776,-0.000804,9.204125,0.002479,1665,-0.01,0.04704,0.00809,0.00139,0.04366,0.61606
445,455680,33.81528,42.33333,0.94444,0.92,0.444377,9.4e-05,7.857209,0.002069,1716,-0.01,0.0475,0.007,0.00083,0.03849,0.55375
446,456704,32.23656,58.3125,0.875,0.91,0.441643,-0.021803,10.579319,0.001216,1677,-0.01,0.04919,0.00532,0.00101,0.03377,0.45592
447,457728,32.8771,51.43478,0.91304,0.92,0.466186,-0.000811,10.280472,0.001536,1640,-0.01,0.04809,0.00793,0.0014,0.04014,0.6607
448,458752,35.0507,39.52,0.96,0.93,0.526696,-0.011089,7.758881,0.001866,1610,-0.01,0.04706,0.00947,0.00048,0.05435,0.77797
449,459776,34.17553,42.21053,0.94737,0.93,0.528427,0.046975,11.754065,0.002246,1649,-0.01,0.04754,0.0053,-0.00058,0.03653,0.57006
450,460800,31.66945,58.17647,0.94118,0.93,0.527815,-0.001242,7.982806,0.001517,1631,-0.01,0.0472,0.00472,-3e-05,0.03267,0.47598
451,461824,31.80237,57.96,0.88,0.93,0.49417,0.078002,8.952201,0.001327,1593,-0.01,0.04573,0.00897,3e-05,0.04629,0.69683
452,462848,30.16621,31.72727,0.81818,0.92,0.573824,0.005067,8.985437,0.005335,1732,-0.01,0.04929,0.00195,-0.00239,0.01764,0.29753
453,463872,26.20784,77.14286,0.71429,0.89,0.712433,-0.034442,9.51476,0.004132,1690,-0.01,0.04597,0.00272,-0.00091,0.01894,0.30086
454,464896,29.83147,63.84615,0.80769,0.85,0.406385,-0.000455,12.782335,0.001543,1653,-0.01,0.04545,0.00943,0.00162,0.0495,0.69657
455,465920,28.61189,56.33333,0.88889,0.84,0.403317,0.001959,7.542195,0.005204,1857,-0.01,0.04981,0.00376,0.00019,0.01708,0.22935
456,466944,27.77605,90.78947,0.73684,0.81,0.40956,-0.000505,8.813323,0.000866,1706,-0.01,0.04941,0.00558,0.00117,0.03068,0.42066
457,467968,36.12262,32.1,1.0,0.83,0.37056,-0.088002,9.083151,0.000863,1678,-0.01,0.04836,0.00813,0.00173,0.04266,0.65803
458,468992,29.94875,55.11111,0.83333,0.84,0.423323,-0.069137,9.562855,0.001541,1745,-0.01,0.04919,0.00718,0.00174,0.03504,0.48502
459,470016,32.43835,47.2963,0.92593,0.89,0.364165,-5e-05,9.123104,0.00149,1634,-0.01,0.04631,0.00839,0.00152,0.04926,0.78313
460,471040,34.95094,40.375,0.95833,0.9,0.498603,0.02623,8.807866,0.002343,1595,-0.01,0.04595,0.00945,0.00206,0.04967,0.7595
461,472064,34.57021,41.25,0.95,0.93,0.351137,-0.000845,8.478728,0.000787,1759,-0.01,0.04554,0.00668,0.00158,0.04477,0.67579
462,473088,30.10653,80.11111,0.77778,0.91,0.324988,0.154054,8.202078,0.006858,2031,-0.01,0.04894,0.00335,0.00062,0.01853,0.2395
463,474112,30.57675,90.0,0.72727,0.88,0.412161,0.000603,5.671039,0.001504,1716,-0.01,0.04874,0.00325,0.00028,0.01559,0.26932
464,475136,29.99164,67.94444,0.83333,0.89,0.366615,-3.2e-05,11.429591,0.001832,1728,-0.01,0.04923,0.00669,0.00129,0.03584,0.47095
465,476160,33.65803,55.10526,0.89474,0.88,0.431648,-0.000521,8.710023,0.000747,1668,-0.01,0.0484,0.00541,0.00017,0.03864,0.56401
466,477184,32.88691,63.3,0.85,0.86,0.429168,-0.000597,8.676217,0.002508,1657,-0.01,0.0475,0.00615,0.00017,0.04166,0.57214
467,478208,32.84373,48.46154,0.92308,0.85,0.364344,-0.085538,9.499359,0.001335,1775,-0.01,0.04936,0.00386,0.00072,0.02345,0.39355
468,479232,29.62215,83.75,0.8125,0.84,0.367705,-0.000228,8.362152,0.000855,1677,-0.01,0.04776,0.00514,0.00066,0.02906,0.38678
469,480256,32.84,57.11111,0.88889,0.85,0.478691,0.000211,6.291177,0.002563,1856,-0.01,0.04944,0.00342,0.0003,0.01922,0.25287
470,481280,25.62308,101.15385,0.69231,0.85,0.434022,-0.000396,8.649647,0.000986,1754,-0.01,0.04987,0.00465,0.00075,0.02031,0.25811
471,482304,30.55084,58.625,0.8125,0.84,0.428669,-0.000713,12.533801,0.001143,1696,-0.01,0.04808,0.0052,0.00078,0.02518,0.42155
472,483328,24.42937,65.5,0.75,0.81,0.336037,0.067857,16.403154,0.003347,1694,-0.01,0.04679,0.00699,0.00098,0.02942,0.43039
473,484352,33.40578,42.625,0.9375,0.82,0.370413,0.00254,9.575818,0.004577,1744,-0.01,0.04693,0.00519,0.00079,0.03347,0.48031
474,485376,31.46767,75.0,0.8,0.81,0.407332,-0.001036,7.331408,0.001206,1805,-0.01,0.04927,0.00553,0.00097,0.0265,0.41351
475,486400,30.15428,58.75,0.875,0.82,0.368447,-0.075852,13.474552,0.001137,1645,-0.01,0.04754,0.00987,0.00189,0.04602,0.66314
476,487424,34.01481,39.33333,0.96296,0.88,0.430986,0.070516,10.539125,0.002259,1616,-0.01,0.04874,0.00885,0.00251,0.05364,0.83032
477,488448,34.31896,34.38462,1.0,0.91,0.483773,0.000216,9.760023,0.0027,1748,-0.01,0.04594,0.005,-0.00036,0.02863,0.39973
478,489472,32.00739,63.57692,0.84615,0.9,0.409558,-0.00029,8.51995,0.000944,1653,-0.01,0.04754,0.00784,0.00168,0.04275,0.70905
479,490496,32.02687,44.2,0.95,0.94,0.433388,-0.000693,13.248546,0.00235,1668,-0.01,0.04802,0.00688,0.00066,0.04408,0.57825
480,491520,35.03886,46.61111,0.94444,0.93,0.526807,0.041103,7.085298,0.001914,1637,-0.01,0.04912,0.00476,-0.00042,0.03514,0.55515
481,492544,31.73284,49.91304,0.91304,0.92,0.457652,-0.004234,9.443218,0.001317,1663,-0.01,0.04769,0.00687,0.00046,0.04371,0.6682
482,493568,30.513,52.19048,0.90476,0.93,0.486075,-0.025031,9.776909,0.00223,1665,-0.01,0.04685,0.00758,-0.00057,0.03837,0.58208
483,494592,31.27023,46.5,0.9,0.92,0.495921,-0.001873,10.519532,0.001917,1686,-0.01,0.04618,0.00836,0.00042,0.03839,0.56705
484,495616,33.5988,47.72,0.92,0.91,0.393128,-0.026685,9.047194,0.001602,1611,-0.01,0.04753,0.00882,0.001,0.04733,0.73867
485,496640,34.93337,41.9,0.95,0.92,0.365709,-0.02368,9.174435,0.000863,1704,-0.01,0.04989,0.00796,0.00161,0.03879,0.6438
486,497664,32.57034,49.90909,0.90909,0.92,0.434437,-0.001278,8.980582,0.001379,1679,-0.01,0.0491,0.00906,0.00189,0.04534,0.6672
487,498688,30.26785,42.33333,0.95238,0.92,0.456642,0.052758,18.06861,0.003259,1596,-0.01,0.04682,0.00778,0.00116,0.0419,0.59913
488,499712,32.36555,61.71429,0.85714,0.93,0.577539,0.035012,7.927274,0.003806,1742,-0.01,0.04895,0.00369,0.00019,0.02632,0.39811
489,500736,31.55713,59.6,0.86667,0.91,0.47172,-0.000589,6.432825,0.001563,1750,-0.01,0.04709,0.00428,-0.00075,0.02748,0.42568
490,501760,30.52787,65.52,0.84,0.89,0.411796,-0.04118,10.229659,0.001699,1625,-0.01,0.04677,0.00777,0.00199,0.0457,0.66808
491,502784,36.06792,30.52,1.0,0.91,0.361572,0.000913,8.164035,0.003136,1641,-0.01,0.04735,0.00892,0.00212,0.05315,0.82452
492,503808,34.36025,42.55,0.95,0.91,0.409863,-0.103343,7.736472,0.001564,1699,-0.01,0.04846,0.00803,0.00119,0.04245,0.62401
493,504832,32.56563,57.04,0.88,0.92,0.373644,0.098243,8.143969,0.002789,1634,-0.01,0.048,0.00917,0.00154,0.04446,0.71381
494,505856,35.21699,37.68966,0.96552,0.95,0.358107,-5.1e-05,7.594014,0.001158,1575,-0.01,0.04824,0.01043,0.00291,0.0652,0.91096
495,506880,33.17772,31.47826,0.95652,0.94,0.487429,0.120721,11.430084,0.004932,1760,-0.01,0.04882,0.0073,0.0012,0.04379,0.71729
496,507904,32.39241,64.0,0.92857,0.94,0.437864,0.030781,6.735883,0.005088,1710,-0.01,0.05055,0.00434,-0.00216,0.02846,0.40206
497,508928,32.76758,61.14286,0.85714,0.93,0.416328,-0.000466,8.445724,0.001575,1654,-0.01,0.04836,0.00655,-0.0003,0.03653,0.59175
498,509952,33.25391,40.78261,0.91304,0.92,0.35235,0.001259,13.634766,0.002206,1685,-0.01,0.04902,0.00874,0.00216,0.04652,0.69581
499,510976,32.61812,49.75,0.91667,0.92,0.492271,0.031439,8.866013,0.002077,1835,-0.01,0.04995,0.00465,-0.00116,0.02539,0.37468
500,512000,28.545,79.77778,0.83333,0.9,0.421147,-0.002651,11.717557,0.001866,1769,-0.01,0.04884,0.00618,-0.00013,0.02916,0.45243
501,513024,29.21557,57.11111,0.83333,0.87,0.410191,-0.134676,9.363555,0.003487,1682,-0.01,0.04861,0.00663,-0.00085,0.03544,0.465
502,514048,32.7066,43.10526,0.94737,0.88,0.344632,-0.000784,9.843049,0.001369,1726,-0.01,0.04954,0.0072,0.00047,0.03716,0.55897
503,515072,30.18511,60.72727,0.81818,0.88,0.370283,0.001484,11.717864,0.002094,1660,-0.01,0.04947,0.00696,0.00113,0.03522,0.5733
504,516096,35.40268,46.0,0.92857,0.87,0.439171,0.00641,5.936273,0.001873,1668,-0.01,0.05069,0.00451,-0.00145,0.03106,0.42805
505,517120,30.25794,64.48,0.8,0.86,0.375797,-0.000424,12.038722,0.001632,1627,-0.01,0.0484,0.00772,0.00167,0.04524,0.64513
506,518144,34.73555,30.58824,1.0,0.9,0.33859,-0.0772,12.491679,0.005459,1711,-0.01,0.04779,0.01113,0.00406,0.06438,1.10501
507,519168,33.51711,31.57895,1.0,0.93,0.316523,-0.000908,12.679271,0.004167,1697,-0.01,0.04836,0.00666,0.00243,0.03702,0.57873
508,520192,30.50712,54.63158,0.89474,0.93,0.30947,0.077608,11.181255,0.002506,1664,-0.01,0.05063,0.00593,0.00182,0.03649,0.50478
509,521216,31.28463,47.59259,0.92593,0.95,0.301151,0.001563,16.716168,0.001605,1660,-0.01,0.04812,0.00987,0.00311,0.05365,0.77372
510,522240,33.65342,32.68421,1.0,0.96,0.304342,0.119284,15.154306,0.001713,1684,-0.01,0.0494,0.0066,0.00254,0.03706,0.58753
511,523264,33.40713,56.05882,0.88235,0.94,0.298112,0.000332,6.079687,0.000924,1747,-0.01,0.04945,0.00643,0.00125,0.03138,0.499
512,524288,31.681,63.15,0.85,0.91,0.337494,-0.006656,9.515483,0.002742,1773,-0.01,0.04968,0.00652,0.00121,0.0405,0.54672
513,525312,33.50112,41.95,0.9,0.92,0.350628,-0.069293,7.288727,0.002535,1632,-0.01,0.04843,0.00658,0.00094,0.03954,0.59553
514,526336,33.08076,64.31579,0.84211,0.9,0.36908,-0.037725,9.514945,0.001973,1641,-0.01,0.04854,0.00613,0.00092,0.03569,0.53554
515,527360,33.78446,49.26087,0.91304,0.88,0.305118,-0.029969,7.277333,0.001087,1629,-0.01,0.04841,0.00874,0.00137,0.0434,0.67146
516,528384,32.29476,40.90476,0.90476,0.89,0.296393,0.000324,10.677914,0.002246,1691,-0.01,0.04727,0.00711,0.00093,0.03853,0.60305
517,529408,31.5375,67.5,0.83333,0.88,0.305115,-0.001982,7.244283,0.001032,1691,-0.01,0.04955,0.00584,0.00208,0.0392,0.47726
518,530432,34.48554,40.56522,0.95652,0.9,0.356526,-0.082978,9.285739,0.001868,1622,-0.01,0.04671,0.00882,0.0017,0.04571,0.7031
519,531456,34.42912,47.0,0.92593,0.9,0.303375,-0.07052,7.095111,0.000938,1607,-0.01,0.04539,0.00952,0.00117,0.0502,0.81513
520,532480,35.43057,31.09091,0.95455,0.93,0.239791,-0.000143,11.956424,0.00086,1663,-0.01,0.04659,0.00853,0.002,0.04802,0.70868
521,533504,32.99712,42.25,0.95,0.93,0.240388,0.002935,7.674508,0.000761,1704,-0.01,0.04733,0.00727,0.00207,0.04011,0.60423
522,534528,32.15112,63.55,0.85,0.92,0.238805,-0.000111,9.856243,0.001324,1689,-0.01,0.04808,0.0071,0.0029,0.03669,0.55132
523,535552,30.91036,63.21429,0.85714,0.91,0.278946,0.000609,8.652614,0.000995,1706,-0.01,0.04897,0.00457,0.00115,0.02811,0.36609
524,536576,33.10059,55.80769,0.92308,0.91,0.311935,-4.1e-05,11.84017,0.000482,1655,-0.01,0.04583,0.00825,0.00218,0.04649,0.7547
525,537600,33.77012,32.42857,1.0,0.92,0.275473,0.000149,10.253495,0.001593,1711,-0.01,0.04571,0.00683,0.00133,0.04498,0.65758
526,538624,34.47452,45.73913,0.95652,0.92,0.289294,-0.000294,12.697009,0.002514,1693,-0.01,0.04528,0.00715,0.00293,0.04529,0.71232
527,539648,31.57544,43.47368,0.94737,0.94,0.216509,-0.000235,12.38946,0.000875,1807,-0.01,0.04716,0.00716,0.00235,0.03472,0.58998
528,540672,30.19014,75.22222,0.83333,0.94,0.202278,0.024978,7.77624,0.002003,1866,-0.01,0.0453,0.00711,0.00216,0.04124,0.50093
529,541696,32.87812,46.04167,0.95833,0.94,0.240267,0.097555,12.684772,0.002773,1789,-0.01,0.04307,0.00882,0.00211,0.04945,0.75054
530,542720,35.6599,33.56,1.0,0.95,0.227825,0.002193,11.516319,0.001312,1733,-0.01,0.04462,0.00788,0.0033,0.0517,0.86222
531,543744,32.39483,40.06897,0.96552,0.95,0.242199,-0.001112,12.427922,0.001455,1686,-0.01,0.04526,0.00997,0.00309,0.05416,0.90793
532,544768,34.58981,38.25926,0.96296,0.97,0.247259,-0.000915,9.253578,0.001103,1642,-0.01,0.04328,0.0083,0.00136,0.05774,0.86164
533,545792,33.53867,37.84375,0.9375,0.96,0.277214,-0.000349,9.794408,0.001443,1587,-0.01,0.04311,0.01018,0.00198,0.06086,0.96793
534,546816,33.48107,31.66667,1.0,0.97,0.267667,0.00348,11.495325,0.001728,1660,-0.01,0.04562,0.0067,0.00225,0.04128,0.6456
535,547840,28.36728,77.4,0.8,0.95,0.273898,0.002409,7.232022,0.001368,1720,-0.01,0.04561,0.0029,0.00084,0.01933,0.23743
536,548864,31.78257,70.625,0.8125,0.92,0.307941,-0.000224,6.837223,0.001116,1688,-0.01,0.04516,0.00407,0.00081,0.03152,0.42223
537,549888,31.97495,61.7619,0.85714,0.9,0.285415,-0.001054,8.896406,0.00217,1676,-0.01,0.04137,0.00676,0.00131,0.04109,0.58673
538,550912,34.69927,31.06667,1.0,0.91,0.248379,0.087658,11.423466,0.001433,1783,-0.01,0.04698,0.00466,0.00167,0.03089,0.49509
539,551936,31.63474,66.0,0.84211,0.89,0.222729,0.00071,12.168321,0.000857,1747,-0.01,0.04708,0.0052,0.00181,0.03758,0.53913
540,552960,28.02496,57.37037,0.85185,0.87,0.253919,-0.000127,21.667114,0.00413,1735,-0.01,0.04362,0.00925,0.0011,0.05156,0.7169
541,553984,34.10435,30.48387,0.96774,0.91,0.247268,-0.009602,12.134664,0.00138,1592,-0.01,0.0421,0.00977,0.00122,0.05586,0.96313
542,555008,34.82484,30.375,1.0,0.92,0.260565,-0.000145,9.552571,0.002108,1709,-0.01,0.0462,0.00434,0.00086,0.03827,0.50882
543,556032,30.23157,59.36364,0.81818,0.91,0.264449,5e-05,10.643286,0.001469,1682,-0.01,0.04434,0.00501,0.00137,0.02946,0.57233
544,557056,33.717,60.06667,0.86667,0.91,0.243758,-0.101902,13.606102,0.000913,1685,-0.01,0.04706,0.00509,0.00095,0.03675,0.43433
545,558080,30.48614,74.0,0.81818,0.91,0.272226,0.013118,6.575278,0.001775,1799,-0.01,0.04855,0.00368,0.00077,0.02108,0.28879
546,559104,31.65896,63.73684,0.84211,0.88,0.195316,-0.028388,9.50661,0.001068,1810,-0.01,0.04534,0.00497,0.00156,0.03787,0.56859
547,560128,29.16768,79.0,0.78571,0.86,0.215654,-0.000267,10.573041,0.000252,1863,-0.01,0.04546,0.00463,0.00161,0.02959,0.38572
548,561152,31.04417,50.86957,0.86957,0.84,0.235966,-0.000218,12.566168,0.000609,1742,-0.01,0.04193,0.00603,0.00076,0.04361,0.66675
549,562176,32.997,46.13333,0.93333,0.85,0.251149,0.073795,12.026952,0.001472,1790,-0.01,0.04776,0.00466,0.00241,0.02683,0.47218
550,563200,26.90838,86.06667,0.73333,0.84,0.249112,-0.000503,9.025441,0.000816,1841,-0.01,0.04617,0.00504,0.00165,0.02831,0.37256
551,564224,32.52942,46.76667,0.93333,0.87,0.232503,0.00062,11.859006,0.0029,1622,-0.01,0.04167,0.01028,0.00096,0.05897,0.89686
552,565248,33.28242,31.36364,0.9697,0.9,0.237678,4e-06,16.376073,0.000796,1629,-0.01,0.04181,0.00911,0.00108,0.06484,1.03816
553,566272,35.45702,31.7619,1.0,0.93,0.243727,-0.048026,10.364076,0.00116,1650,-0.01,0.0406,0.00708,-0.00057,0.05023,0.68846
554,567296,33.23625,41.77273,0.95455,0.97,0.205872,-0.000336,7.730058,0.001484,1692,-0.01,0.04505,0.00561,0.00069,0.03895,0.65144
555,568320,33.42827,48.38462,0.92308,0.96,0.21032,-0.001104,9.682004,0.001211,1659,-0.01,0.04303,0.00957,0.00094,0.05118,0.77233
556,569344,32.33233,40.51724,0.96552,0.96,0.230196,-0.001056,13.563425,0.001561,1659,-0.01,0.04019,0.00965,7e-05,0.05818,0.87868
557,570368,35.52892,30.96154,1.0,0.96,0.232755,0.000337,10.811789,0.002109,1638,-0.01,0.04296,0.00749,5e-05,0.05169,0.83898
558,571392,33.86262,41.90476,0.95238,0.96,0.335349,-0.007545,5.979926,0.003042,1664,-0.01,0.04573,0.00679,0.00014,0.04125,0.63486
559,572416,32.52553,53.78947,0.89474,0.96,0.26463,0.000693,9.027771,0.001521,1693,-0.01,0.04636,0.00526,-0.0009,0.03954,0.53691
560,573440,29.75832,48.0,0.93333,0.96,0.247879,0.00064,10.421681,0.001013,1833,-0.01,0.04716,0.00445,6e-05,0.02482,0.41313
561,574464,32.04163,59.78261,0.82609,0.92,0.257892,-0.000656,11.758647,0.002397,1710,-0.01,0.04551,0.00865,0.00035,0.04263,0.66935
562,575488,33.65672,43.0,0.90909,0.9,0.31842,0.408553,19.388608,0.007227,1599,-0.01,0.04149,0.00999,-0.00065,0.06903,1.02977
563,576512,34.86537,31.77778,1.0,0.92,0.282083,0.001783,10.966504,0.002976,1667,-0.01,0.04054,0.00952,-0.00073,0.05909,0.88738
564,577536,34.55362,36.8,1.0,0.94,0.228895,0.098217,17.824568,0.002528,1794,-0.01,0.04284,0.00732,0.00029,0.04012,0.69846
565,578560,28.67183,50.26667,0.93333,0.96,0.236521,-6.4e-05,10.156297,0.001152,1876,-0.01,0.045,0.00438,-0.0002,0.03143,0.42788
566,579584,31.99477,59.81818,0.86364,0.96,0.355949,0.116121,11.497553,0.007771,1626,-0.01,0.04609,0.00632,0.00068,0.04504,0.6214
567,580608,32.0239,49.12,0.92,0.94,0.253707,-0.003482,11.677827,0.0006,1627,-0.01,0.04588,0.00769,0.0021,0.04665,0.71486
568,581632,35.9935,30.06667,1.0,0.94,0.221158,0.000523,6.931442,0.001246,1723,-0.01,0.04731,0.00497,0.0016,0.02911,0.48134
569,582656,31.51804,76.26316,0.78947,0.9,0.222725,0.006707,5.584292,0.000648,1645,-0.01,0.04827,0.00638,0.00256,0.03844,0.48906
570,583680,33.42875,48.23077,0.92308,0.91,0.243836,-0.009954,8.636702,0.000648,1595,-0.01,0.04617,0.00769,0.00169,0.04714,0.76681
571,584704,35.88187,29.95,1.0,0.92,0.199963,0.000472,6.814196,0.000525,1680,-0.01,0.0455,0.00749,0.00085,0.04473,0.64935
572,585728,31.94226,62.09524,0.85714,0.91,0.23249,-0.00077,12.020709,0.001181,1682,-0.01,0.04659,0.00737,0.00068,0.03699,0.57622
573,586752,27.48147,43.94737,0.89474,0.91,0.210674,0.011886,12.80075,0.002016,1720,-0.01,0.04423,0.0058,0.00101,0.03136,0.48498
574,587776,32.19691,52.89474,0.89474,0.92,0.19968,-0.000343,10.414243,0.000709,1697,-0.01,0.04402,0.00705,0.0003,0.04061,0.53282
575,588800,33.26425,42.95,0.95,0.92,0.227201,-0.004722,12.254638,0.000532,1664,-0.01,0.04625,0.00575,0.00126,0.03914,0.59216
576,589824,33.70828,58.04167,0.875,0.89,0.227768,-0.117817,7.743439,0.083954,1720,-0.01,0.04625,0.00652,0.00137,0.04311,0.69205
577,590848,32.59544,44.15,0.95,0.91,0.207393,0.061913,12.513886,0.000725,1680,-0.01,0.04894,0.00742,0.00229,0.04023,0.58312
578,591872,33.081,47.76923,0.88462,0.91,0.252398,-0.000279,13.004618,0.002204,1643,-0.01,0.04717,0.00849,0.00192,0.05139,0.77139
579,592896,36.50321,30.57143,1.0,0.93,0.209388,0.00099,6.228253,0.00116,1751,-0.01,0.04928,0.00441,0.00166,0.02973,0.47006
580,593920,30.71726,72.28571,0.80952,0.91,0.248633,-0.000472,10.397757,0.002187,1649,-0.01,0.04888,0.00645,0.00181,0.03969,0.55009
581,594944,31.81389,45.38889,0.94444,0.91,0.18788,-0.003735,9.825699,0.001131,1727,-0.01,0.04818,0.00619,0.00097,0.03835,0.51813
582,595968,34.364,44.8,0.93333,0.91,0.213084,1.2e-05,6.632985,0.000526,1786,-0.01,0.05062,0.00514,0.00163,0.02914,0.46243
583,596992,31.82087,73.6,0.8,0.9,0.224037,-0.000842,9.990124,0.001093,1722,-0.01,0.04879,0.00633,0.00247,0.03694,0.54856
584,598016,33.17715,61.0,0.92308,0.89,0.266388,-0.000901,9.305282,0.002036,1784,-0.01,0.04804,0.00457,0.00171,0.03019,0.40593
585,599040,30.54069,79.23529,0.82353,0.87,0.262468,0.002034,8.376451,0.001895,1740,-0.01,0.0476,0.00469,0.00139,0.03114,0.45158
586,600064,33.2683,41.09091,0.95455,0.89,0.22184,0.000338,11.636919,0.002349,1689,-0.01,0.04494,0.00716,0.00081,0.03997,0.66524
587,601088,32.01354,49.41667,0.91667,0.89,0.267686,-0.000204,11.28115,0.001052,1667,-0.01,0.04369,0.00713,0.00019,0.04725,0.70896
588,602112,32.06683,45.7931,0.89655,0.91,0.257412,0.042557,13.520592,0.001703,1579,-0.01,0.04535,0.0092,0.0018,0.05523,0.85879
589,603136,34.5351,31.96154,0.96154,0.93,0.211756,-0.011983,13.309047,0.00128,1621,-0.01,0.04364,0.00989,0.00039,0.05325,0.82713
590,604160,35.03591,39.77273,0.95455,0.93,0.223286,-0.025421,5.594786,0.00037,1610,-0.01,0.04664,0.00667,0.00111,0.04698,0.67433
591,605184,34.45661,45.21429,0.92857,0.94,0.198584,0.000454,7.194126,0.000733,1756,-0.01,0.04918,0.00427,0.00105,0.02261,0.42209
592,606208,32.34382,65.26316,0.84211,0.92,0.16514,-0.073715,6.560381,0.001197,1607,-0.01,0.0468,0.00697,1e-05,0.04193,0.51792
593,607232,34.32654,47.34615,0.92308,0.92,0.244375,-0.014488,8.655729,0.000728,1590,-0.01,0.04227,0.00836,-4e-05,0.04938,0.78794
594,608256,32.43893,41.19048,0.90476,0.91,0.265701,-0.000164,8.89459,0.00061,1618,-0.01,0.04588,0.00582,0.00096,0.04329,0.60874
595,609280,32.28042,48.875,0.91667,0.9,0.151052,-0.031228,11.289381,0.001715,1644,-0.01,0.04461,0.00693,0.00128,0.04392,0.68776
596,610304,34.66118,46.0,0.94118,0.92,0.142354,-0.00042,8.728112,0.00052,1746,-0.01,0.04597,0.00549,0.00119,0.02878,0.52901
597,611328,30.52917,72.19048,0.80952,0.91,0.159531,-0.000424,6.892417,0.000505,1707,-0.01,0.04213,0.00762,0.00034,0.04605,0.55529
598,612352,35.31038,30.8,1.0,0.91,0.17916,0.001769,10.99118,0.001672,1880,-0.01,0.04113,0.00701,-0.00111,0.04049,0.67417
599,613376,29.30045,78.90909,0.81818,0.9,0.167828,0.012612,13.689006,0.000561,1983,-0.01,0.04599,0.00389,-0.00081,0.01815,0.30045
600,614400,27.39365,81.15385,0.76923,0.89,0.171363,-7.4e-05,9.558938,0.000482,1828,-0.01,0.04252,0.00527,-4e-05,0.02699,0.32789
601,615424,29.676,75.06667,0.8,0.87,0.1875,-3.8e-05,8.223761,0.000597,1780,-0.01,0.04334,0.00524,0.00047,0.02653,0.39797
602,616448,33.47081,48.2,0.92,0.86,0.186445,0.000365,13.281426,0.001611,1603,-0.01,0.04301,0.00923,0.00043,0.04947,0.74829
603,617472,32.26148,41.63636,0.95455,0.89,0.156024,0.150684,10.760931,0.001555,1681,-0.01,0.04231,0.00752,0.00062,0.04793,0.68957
604,618496,31.6512,51.34783,0.91304,0.89,0.177227,-0.000665,11.443321,0.000434,1736,-0.01,0.04041,0.00791,-0.00052,0.04621,0.69233
605,619520,33.50194,39.74074,0.96296,0.92,0.22732,6.9e-05,9.204333,0.000516,1609,-0.01,0.04193,0.00904,-0.00011,0.05044,0.81849
606,620544,35.01062,41.15,0.95,0.95,0.237565,-9.2e-05,8.235805,0.000676,1666,-0.01,0.04342,0.00731,-0.00092,0.04261,0.61885
607,621568,31.66783,50.04348,0.86957,0.93,0.221002,9.7e-05,12.675458,0.000862,1674,-0.01,0.04432,0.0072,0.00017,0.04276,0.64934
608,622592,29.73834,40.57143,0.80952,0.9,0.255168,-0.001123,12.046673,0.00137,1629,-0.01,0.04498,0.00735,0.00034,0.03214,0.55812
609,623616,34.0275,55.94118,0.88235,0.9,0.233522,-0.001099,6.069732,0.000966,1684,-0.01,0.04559,0.00592,-0.00032,0.0348,0.4996
610,624640,32.58896,58.08333,0.875,0.87,0.241653,-0.000215,11.160146,0.001068,1665,-0.01,0.04626,0.00788,0.00149,0.0465,0.6819
611,625664,35.2558,30.81818,1.0,0.89,0.311713,-0.01337,9.134637,0.003592,1738,-0.01,0.04487,0.00782,0.00057,0.04665,0.701
612,626688,33.27274,51.0,0.90476,0.9,0.24984,-0.001169,9.37957,0.001294,1594,-0.01,0.04711,0.00757,0.00025,0.0427,0.60905
613,627712,34.07087,47.30769,0.92308,0.93,0.282877,0.12243,8.698828,0.000773,1612,-0.01,0.04595,0.00837,0.00122,0.04938,0.78304
614,628736,35.60179,35.21429,0.96429,0.95,0.322822,-0.035955,6.280458,0.001854,1584,-0.01,0.04561,0.00949,0.00173,0.05351,0.89097
615,629760,33.79604,40.04167,0.95833,0.94,0.293136,-0.000792,8.26162,0.001409,1614,-0.01,0.04821,0.00866,0.00188,0.05089,0.72145
616,630784,34.56656,44.0625,0.9375,0.95,0.324293,3.6e-05,7.265226,0.002646,1664,-0.01,0.04825,0.00482,-0.00015,0.0337,0.48268
617,631808,31.7643,60.31818,0.86364,0.93,0.306513,-0.033612,6.805285,0.00235,1632,-0.01,0.04534,0.00709,0.00013,0.03751,0.59953
618,632832,31.63617,48.95833,0.91667,0.93,0.280827,0.152814,15.770935,0.001984,1643,-0.01,0.0436,0.00947,-0.00025,0.04435,0.70601
619,633856,30.82794,46.05882,0.88235,0.91,0.250255,0.091299,10.081443,0.002811,1730,-0.01,0.04456,0.00688,7e-05,0.04048,0.48721
620,634880,35.00931,42.11111,0.94444,0.91,0.255233,-0.004672,6.398783,0.003255,1726,-0.01,0.04501,0.00588,-0.00013,0.03569,0.5597
621,635904,32.3179,54.60714,0.89286,0.91,0.206516,0.117503,18.038285,0.002942,1610,-0.01,0.04335,0.00985,0.0003,0.05005,0.79712
622,636928,32.79879,37.65625,0.90625,0.91,0.208021,-0.000415,13.888883,0.00476,1614,-0.01,0.04023,0.01081,6e-05,0.06125,0.96957
623,637952,37.12542,29.77778,1.0,0.92,0.213237,0.000417,8.842914,0.00213,1686,-0.01,0.04441,0.00707,-9e-05,0.04022,0.59969
624,638976,30.40588,57.29412,0.88235,0.92,0.18992,-0.041375,6.021418,0.000541,1728,-0.01,0.04733,0.00568,0.00063,0.02993,0.44944
625,640000,32.3562,53.96296,0.88889,0.92,0.196701,-0.000204,11.023625,0.000464,1621,-0.01,0.04005,0.01016,-0.00097,0.05339,0.76648
626,641024,36.03221,30.29412,1.0,0.94,0.206475,-0.000145,9.923859,0.000687,1736,-0.01,0.04453,0.00595,-0.00077,0.03788,0.57772
627,642048,29.775,69.0,0.82353,0.91,0.203744,-0.000534,9.243261,0.000611,1851,-0.01,0.04633,0.00489,0.00063,0.03191,0.48575
628,643072,32.02321,60.85714,0.85714,0.9,0.206829,0.00012,9.125437,0.00075,1828,-0.01,0.04141,0.00576,-0.00142,0.03015,0.42415
629,644096,29.40594,78.28571,0.78571,0.88,0.212962,0.034014,8.502194,0.006444,1915,-0.01,0.04373,0.00485,-0.00056,0.02293,0.36035
630,645120,28.695,61.30435,0.86957,0.89,0.194125,0.028037,10.892795,0.005458,1674,-0.01,0.04125,0.00713,-0.00086,0.04224,0.59489
631,646144,33.76921,41.68421,0.94737,0.88,0.170069,-0.02017,9.148036,0.000552,1664,-0.01,0.04133,0.00663,-0.00097,0.04216,0.57352
632,647168,32.60175,52.1,0.9,0.88,0.187582,0.023369,11.326404,0.000717,1753,-0.01,0.04235,0.00654,-0.0011,0.03429,0.60426
633,648192,32.13926,55.76471,0.88235,0.88,0.211995,0.078547,8.767988,0.001503,1811,-0.01,0.04081,0.00725,-0.00186,0.03896,0.52625
634,649216,30.09211,64.21053,0.89474,0.89,0.214812,0.000461,14.327913,0.00113,1725,-0.01,0.04303,0.00672,-0.00126,0.03901,0.52339
635,650240,33.61238,41.61905,0.95238,0.92,0.210255,0.054138,9.892946,0.000934,1651,-0.01,0.04118,0.00747,-0.00147,0.04105,0.6333
636,651264,34.09329,47.0,0.92308,0.91,0.207192,-0.03462,9.797231,0.000689,1603,-0.01,0.03999,0.0083,-0.0013,0.04707,0.78351
637,652288,32.63019,47.76923,0.92308,0.92,0.248896,-0.059532,7.742932,0.001389,1696,-0.01,0.04484,0.00375,-0.00078,0.02616,0.37525
638,653312,28.015,82.07692,0.76923,0.9,0.225047,0.001497,8.031065,0.002709,1728,-0.01,0.04376,0.00554,-8e-05,0.02645,0.29949
639,654336,28.30328,60.95833,0.79167,0.88,0.216959,-0.02204,12.553299,0.002152,1652,-0.01,0.0398,0.00847,-0.0012,0.03776,0.60773
640,655360,33.09238,31.14286,0.95238,0.88,0.189709,-0.00154,10.629429,0.000759,1696,-0.01,0.04197,0.00751,-0.00105,0.04269,0.64385
641,656384,31.7983,51.31818,0.90909,0.88,0.205272,0.000886,8.829537,0.000268,1656,-0.01,0.04086,0.0073,-0.00128,0.04358,0.62168
642,657408,34.59698,43.875,0.95833,0.89,0.248133,-0.04459,10.255581,0.001159,1609,-0.01,0.04149,0.00732,-0.00091,0.04719,0.745
643,658432,32.79259,47.59259,0.92593,0.94,0.239302,-0.000496,11.297511,0.001041,1618,-0.01,0.03751,0.00874,-0.00225,0.05238,0.79797
644,659456,32.59898,33.88462,0.96154,0.94,0.165739,-0.035297,12.347637,0.00261,1691,-0.01,0.03974,0.00927,-0.00122,0.05145,0.80908
645,660480,34.59419,37.16129,0.96774,0.96,0.16532,-0.031356,5.722462,0.001287,1611,-0.01,0.03873,0.01037,-0.00105,0.05878,0.99492
646,661504,32.6375,42.89474,0.94737,0.95,0.220698,0.096227,13.217219,0.002433,1674,-0.01,0.04169,0.00676,-0.0024,0.03981,0.56386
647,662528,28.60808,64.15385,0.76923,0.94,0.256684,-0.000205,9.988355,0.000562,1710,-0.01,0.04703,0.00433,-0.00034,0.02143,0.31787
648,663552,29.01927,78.57143,0.78571,0.91,0.218023,0.000278,7.721108,0.000862,1734,-0.01,0.04355,0.00465,-0.00114,0.02683,0.34531
649,664576,29.98286,77.35714,0.78571,0.89,0.252372,0.022052,8.96446,0.001338,1698,-0.01,0.04506,0.00453,-0.00095,0.02615,0.34791
650,665600,28.45261,57.61111,0.83333,0.86,0.219297,-7.4e-05,12.126742,0.000559,1697,-0.01,0.04405,0.00664,-0.00014,0.03172,0.45334
651,666624,33.6825,44.53571,0.89286,0.85,0.188573,-0.008456,7.391773,0.001067,1597,-0.01,0.04091,0.00857,-0.00065,0.05257,0.83411
652,667648,32.22977,41.22727,0.95455,0.85,0.191099,4.9e-05,13.440955,0.000694,1763,-0.01,0.04137,0.0086,1e-05,0.05124,0.69284
653,668672,31.18205,45.37931,0.89655,0.88,0.23369,-0.001196,14.033893,0.001807,1707,-0.01,0.04093,0.01045,-0.00028,0.04687,0.88294
654,669696,35.14481,30.92593,1.0,0.93,0.205091,0.001027,9.966289,0.002053,1634,-0.01,0.03855,0.00904,-0.00129,0.0583,0.86914
655,670720,33.19677,40.86957,0.95652,0.95,0.157341,0.048634,8.623765,0.001204,1648,-0.01,0.04167,0.00736,-0.0002,0.04361,0.69335
656,671744,32.61306,43.16667,0.94444,0.95,0.175207,0.006736,13.649564,0.002438,1721,-0.01,0.04218,0.00674,-0.00095,0.03555,0.53132
657,672768,30.74857,62.52381,0.85714,0.93,0.211937,-0.042281,7.100236,0.000708,1676,-0.01,0.04158,0.00819,-0.00084,0.04451,0.55895
658,673792,30.75957,41.47826,0.91304,0.93,0.24793,0.018486,16.819174,0.003456,1701,-0.01,0.0418,0.00808,-0.00129,0.04218,0.6614
659,674816,32.72598,41.78947,0.89474,0.91,0.232774,0.003231,13.364225,0.004311,1682,-0.01,0.04292,0.00658,-0.00149,0.03565,0.55634
660,675840,31.13517,70.5,0.8125,0.89,0.208054,-0.000822,8.47858,0.001333,1759,-0.01,0.04575,0.00547,-0.00011,0.02961,0.43157
661,676864,33.0933,50.40909,0.90909,0.89,0.15795,-0.044483,7.966136,0.000959,1655,-0.01,0.04374,0.00865,-0.00083,0.04118,0.64943
662,677888,30.87681,46.68966,0.89655,0.88,0.202853,-1.3e-05,14.966054,0.001301,1641,-0.01,0.0393,0.00987,-0.00137,0.05693,0.83176
663,678912,33.20232,31.68,0.92,0.9,0.205227,-0.000297,13.932708,0.000589,1684,-0.01,0.04242,0.00806,-0.00067,0.04676,0.79596
664,679936,32.26645,49.94737,0.94737,0.9,0.204114,-0.000135,9.842221,0.000879,1678,-0.01,0.0413,0.00741,-0.00077,0.03725,0.56931
665,680960,31.3174,46.13333,0.9,0.91,0.20232,-0.034893,12.763294,0.002116,1598,-0.01,0.03595,0.0114,-0.00282,0.05329,0.85711
666,681984,35.18926,31.44444,1.0,0.94,0.164148,-0.084566,10.108122,0.002136,1595,-0.01,0.03756,0.0093,-0.0027,0.06057,0.87149
667,683008,36.95672,29.3125,1.0,0.96,0.17967,0.001121,6.418764,0.001514,1692,-0.01,0.04294,0.00597,-0.00065,0.0357,0.52826
668,684032,28.40875,71.9375,0.8125,0.93,0.237723,-0.243102,11.842275,0.004121,1917,-0.01,0.04632,0.00492,0.00094,0.02458,0.38854
669,685056,28.90162,52.45,0.8,0.91,0.207983,0.031754,14.374728,0.002183,1684,-0.01,0.04176,0.00757,-0.00132,0.03632,0.52183
670,686080,29.32167,60.4,0.8,0.89,0.155583,-0.001057,11.188589,0.002314,1878,-0.01,0.03974,0.00573,-0.00168,0.02622,0.41663
671,687104,28.32706,81.35294,0.76471,0.86,0.169246,-0.000512,8.514964,0.001053,1730,-0.01,0.03945,0.0067,-0.00242,0.03667,0.43635
672,688128,32.14735,43.41176,0.94118,0.85,0.207421,-0.067023,9.29063,0.001121,1735,-0.01,0.04228,0.00602,-0.00127,0.03201,0.5107
673,689152,32.58845,50.28571,0.90476,0.83,0.228678,-0.000437,7.941879,0.000496,1652,-0.01,0.04217,0.00686,-0.00028,0.03737,0.61153
674,690176,33.2619,53.13793,0.89655,0.87,0.224717,0.167238,15.856427,0.002913,1578,-0.01,0.03872,0.00972,-0.00109,0.06041,0.84869
675,691200,35.05065,30.43478,1.0,0.91,0.168055,-0.074558,9.407095,0.000968,1623,-0.01,0.04091,0.00628,-0.00186,0.04232,0.73646
676,692224,31.47903,54.61111,0.88889,0.92,0.193231,-0.009542,9.39503,0.000446,1671,-0.01,0.04374,0.00635,-0.00115,0.03464,0.50435
677,693248,31.1825,56.77778,0.88889,0.93,0.300364,-0.000394,10.097904,0.000916,1692,-0.01,0.0432,0.00636,-0.00112,0.03673,0.50386
678,694272,32.85456,56.35294,0.88235,0.92,0.365939,-0.000284,7.238955,0.001924,1688,-0.01,0.04326,0.00532,-0.00153,0.03759,0.49272
679,695296,35.62442,46.84,1.0,0.94,0.234631,-0.028938,11.454938,0.00144,1634,-0.01,0.04327,0.00812,0.00012,0.04783,0.80966
680,696320,31.47193,42.27273,0.90909,0.92,0.208824,-0.000366,11.103569,0.00063,1718,-0.01,0.04219,0.00874,-0.00013,0.04723,0.64857
681,697344,30.50983,51.0,0.85714,0.92,0.308874,0.00178,15.617631,0.002078,1685,-0.01,0.03961,0.00687,-0.00077,0.04034,0.58081
682,698368,32.30116,46.26667,0.93333,0.92,0.356165,0.035594,10.910497,0.002061,1705,-0.01,0.04249,0.00442,-0.00065,0.02353,0.43797
683,699392,28.14657,82.58824,0.82353,0.91,0.390378,0.108141,19.264952,0.001181,1662,-0.01,0.04606,0.00619,-0.00019,0.03409,0.40296
684,700416,35.5219,46.0,1.0,0.91,0.242419,0.091429,12.257837,0.001375,1660,-0.01,0.04658,0.00602,0.00153,0.03891,0.66396
685,701440,33.47389,52.91667,0.91667,0.91,0.231757,-0.033927,10.368012,0.002263,1637,-0.01,0.04684,0.00821,0.0029,0.04341,0.71107
686,702464,32.70261,41.21739,0.95652,0.93,0.262586,0.001694,12.090009,0.002043,1669,-0.01,0.04488,0.00886,0.00086,0.04931,0.68102
687,703488,32.58375,36.35714,1.0,0.94,0.391465,0.012571,8.31663,0.00249,1712,-0.01,0.04525,0.00385,-0.00127,0.02299,0.41936
688,704512,32.50711,71.0,0.875,0.95,0.351636,0.10345,9.920078,0.001463,1706,-0.01,0.04125,0.00623,-0.0005,0.0362,0.44626
689,705536,28.9489,53.66667,0.80952,0.91,0.34892,0.108972,18.54625,0.001202,1674,-0.01,0.04503,0.00706,-0.00109,0.03119,0.54
690,706560,32.98058,56.47059,0.88235,0.91,0.343427,0.023074,10.591958,0.001117,1661,-0.01,0.04781,0.00637,0.00026,0.03644,0.48836
691,707584,31.75583,81.93333,0.86667,0.89,0.48622,0.001983,14.102136,0.003341,1741,-0.01,0.04675,0.00321,7e-05,0.02479,0.4186
692,708608,24.14236,58.88889,0.66667,0.86,0.525878,0.001311,8.773487,0.00315,1845,-0.01,0.04355,0.00412,-0.00019,0.01614,0.20232
693,709632,27.35389,79.75,0.8,0.83,0.393309,-0.000309,11.738954,0.003131,1728,-0.01,0.04052,0.00625,0.00052,0.03704,0.48674
694,710656,32.41026,42.33333,0.95238,0.85,0.387706,-0.001091,11.015452,0.002025,1679,-0.01,0.04148,0.00679,0.00055,0.03884,0.62147
695,711680,34.09005,48.08333,0.95833,0.88,0.303105,0.001092,9.902982,0.001842,1634,-0.01,0.04698,0.0085,0.00212,0.04834,0.72504
696,712704,30.04808,52.70833,0.875,0.87,0.306127,-0.04933,11.937712,0.001709,1660,-0.01,0.04751,0.00853,0.00158,0.04514,0.6655
697,713728,35.78095,30.82759,1.0,0.94,0.237717,0.001288,10.205944,0.004845,1596,-0.01,0.04749,0.01034,0.0026,0.06031,0.93627
698,714752,35.57769,37.88889,0.96296,0.96,0.264499,-0.002034,10.949591,0.00368,1635,-0.01,0.04742,0.00908,0.00255,0.05687,0.87131
699,715776,31.7945,31.93333,1.0,0.96,0.306122,0.00055,12.216096,0.00264,1855,-0.01,0.04903,0.00583,0.00128,0.02826,0.46483
700,716800,30.01611,68.5,0.77778,0.93,0.296608,0.000559,9.662966,0.000623,1751,-0.01,0.05057,0.00624,0.00139,0.03488,0.47048
701,717824,32.15087,56.07692,0.84615,0.91,0.248288,-0.000765,13.964663,0.002005,1651,-0.01,0.04714,0.01119,0.00206,0.05005,0.75992
702,718848,34.98931,31.7931,1.0,0.92,0.197208,-0.044307,9.147059,0.00058,1687,-0.01,0.04349,0.01098,0.00117,0.0639,1.02195
703,719872,34.79089,37.35714,0.96429,0.91,0.247529,-0.000634,8.667285,0.000797,1628,-0.01,0.04741,0.01075,0.00314,0.05695,0.89611
704,720896,32.90652,41.0,0.90909,0.94,0.31517,0.000914,12.292774,0.002184,1668,-0.01,0.04773,0.00746,0.00099,0.04076,0.64839
705,721920,33.76329,42.0,0.94737,0.95,0.281307,-0.006544,10.617814,0.001396,1670,-0.01,0.04904,0.00756,0.00162,0.03855,0.56526
706,722944,31.27675,66.15,0.85,0.93,0.310839,-0.000294,10.179891,0.00091,1676,-0.01,0.04817,0.00649,0.00081,0.03765,0.53315
707,723968,32.65324,43.88235,0.94118,0.92,0.305652,0.000404,13.027202,0.00078,1754,-0.01,0.04685,0.00628,0.00047,0.03785,0.52325
708,724992,31.06595,60.2,0.8,0.9,0.274738,0.023262,9.929603,0.001379,1854,-0.01,0.04805,0.00541,0.00014,0.02904,0.43992
709,726016,31.61585,62.13636,0.86364,0.88,0.281279,6.8e-05,9.894392,0.001254,1626,-0.01,0.04843,0.00766,0.00167,0.03882,0.60744
710,727040,33.3031,45.3,0.93333,0.89,0.299801,-0.036982,11.436547,0.004216,1531,-0.01,0.04665,0.01053,0.00155,0.05543,0.89912
711,728064,36.54488,30.38095,1.0,0.91,0.276741,-0.01189,7.123907,0.001167,1647,-0.01,0.04618,0.0087,8e-05,0.05124,0.69018
712,729088,33.6813,50.47826,0.91304,0.92,0.293244,0.000216,8.259721,0.001709,1651,-0.01,0.04794,0.00752,0.00127,0.0447,0.69284
713,730112,32.99717,44.86667,0.93333,0.94,0.313356,-0.000635,9.474723,0.00222,1761,-0.01,0.04934,0.00565,0.00121,0.03026,0.44593
714,731136,32.28406,60.25,0.875,0.93,0.293551,-0.001415,6.739798,0.001306,1691,-0.01,0.04849,0.00414,-0.00016,0.02859,0.43941
715,732160,28.83759,58.83333,0.83333,0.91,0.274156,0.001187,15.303275,0.001107,1675,-0.01,0.04675,0.00753,0.00153,0.04217,0.60941
716,733184,33.5069,42.0,0.95238,0.9,0.289536,-0.002706,9.934523,0.002806,1685,-0.01,0.04682,0.00797,0.00149,0.04337,0.62804
717,734208,30.63652,61.5625,0.875,0.88,0.357516,0.001741,10.195704,0.001009,1714,-0.01,0.04787,0.00484,5e-05,0.02727,0.42101
718,735232,32.79941,55.44,0.84,0.87,0.298231,-0.000725,9.43882,0.001299,1583,-0.01,0.04644,0.00861,0.00108,0.05119,0.70473
719,736256,35.66433,32.5,1.0,0.92,0.23707,0.000151,14.111552,0.002137,1680,-0.01,0.0485,0.007,0.00267,0.04535,0.78984
720,737280,32.4575,58.75,0.875,0.91,0.311106,0.066973,7.022748,0.005716,1785,-0.01,0.04962,0.00279,-0.00055,0.02031,0.22656
721,738304,29.67167,85.08333,0.75,0.89,0.354777,-0.090858,6.304118,0.001719,1713,-0.01,0.05012,0.00271,0.00038,0.01854,0.28779
722,739328,31.11332,71.18182,0.81818,0.87,0.274337,-8e-05,10.376759,0.000868,1623,-0.01,0.04871,0.00847,0.00147,0.04263,0.57302
723,740352,30.43704,47.85185,0.92593,0.88,0.239648,-0.001351,13.964343,0.002126,1636,-0.01,0.04611,0.00861,0.00138,0.05286,0.76604
724,741376,32.88192,30.84615,0.96154,0.89,0.26456,0.012503,15.652157,0.003287,1606,-0.01,0.0454,0.00902,0.00152,0.04924,0.79053
725,742400,35.51703,32.0625,1.0,0.91,0.318446,0.031587,7.183465,0.001013,1676,-0.01,0.04896,0.00443,-4e-05,0.03078,0.50833
726,743424,31.94116,75.57895,0.78947,0.92,0.316815,0.000245,6.317395,0.000466,1672,-0.01,0.04785,0.00667,0.00094,0.0368,0.49613
727,744448,32.95278,67.75,0.875,0.91,0.308189,0.043814,10.271833,0.001146,1663,-0.01,0.04807,0.00582,0.00077,0.03087,0.44467
728,745472,28.62103,54.41667,0.91667,0.91,0.44795,-0.038974,8.171168,0.000815,1714,-0.01,0.04581,0.00304,-0.00136,0.02387,0.30991
729,746496,30.42364,70.52941,0.82353,0.89,0.41338,0.071013,14.088399,0.003176,1613,-0.01,0.04703,0.00464,-0.00045,0.02933,0.43855
730,747520,29.61609,53.14286,0.90476,0.88,0.314163,0.000307,13.047345,0.002775,1653,-0.01,0.04466,0.00693,0.00019,0.0348,0.56052
731,748544,32.38095,42.0,0.95238,0.9,0.327709,0.001526,10.798027,0.001158,1688,-0.01,0.04567,0.00684,0.00084,0.04059,0.61687
732,749568,32.73949,56.05882,0.88235,0.89,0.353697,0.041415,12.905282,0.003038,1698,-0.01,0.04709,0.00552,-0.00061,0.03544,0.49111
733,750592,29.77291,67.88889,0.83333,0.88,0.357864,0.000537,10.592718,0.001678,1710,-0.01,0.04548,0.00603,-0.00033,0.03391,0.47192
734,751616,32.76666,48.08,0.92,0.9,0.319236,-0.000985,14.828903,0.001799,1666,-0.01,0.04408,0.0082,0.00031,0.04591,0.74058
735,752640,33.65276,51.61905,0.90476,0.9,0.335585,-0.0012,8.56317,0.001059,1668,-0.01,0.04712,0.00663,0.00049,0.04133,0.61508
736,753664,34.58301,43.66667,0.95833,0.92,0.291797,-0.000572,9.575297,0.000886,1639,-0.01,0.04745,0.00775,0.00165,0.04742,0.73313
737,754688,34.50262,44.57143,0.95238,0.92,0.349223,-0.001614,11.33138,0.001057,1648,-0.01,0.0475,0.00695,-6e-05,0.04373,0.63812
738,755712,28.33086,50.75,0.91667,0.93,0.458785,0.000399,12.060519,0.003522,1718,-0.01,0.04711,0.00391,-0.00305,0.02198,0.30604
739,756736,32.67552,67.95652,0.86957,0.92,0.353562,0.035845,8.809318,0.002762,1640,-0.01,0.04472,0.00682,-0.00106,0.04502,0.6445
740,757760,34.9191,31.16,1.0,0.94,0.289263,-0.000258,8.466379,0.002001,1666,-0.01,0.04646,0.00843,0.00081,0.04702,0.79542
741,758784,32.57793,55.70588,0.88235,0.92,0.40016,-0.000907,7.349748,0.001539,1686,-0.01,0.04729,0.00522,0.00034,0.03133,0.47682
742,759808,32.76363,60.0,0.86364,0.91,0.444283,0.042375,6.212664,0.001201,1623,-0.01,0.04198,0.00656,-8e-05,0.04071,0.61778
743,760832,34.81205,38.28571,0.96429,0.92,0.225235,0.013802,13.92293,0.000756,1595,-0.01,0.04419,0.00942,0.00267,0.06276,0.89764
744,761856,33.18067,32.30769,0.96154,0.93,0.239786,-0.000618,12.249401,0.001024,1652,-0.01,0.0437,0.0091,0.00134,0.04743,0.82381
745,762880,34.0175,47.30769,0.92308,0.93,0.365695,0.000329,6.948796,0.001996,1714,-0.01,0.04568,0.00476,-0.00041,0.03448,0.3914
746,763904,32.44933,74.33333,0.83333,0.91,0.311595,0.000105,5.82897,0.001215,1690,-0.01,0.04732,0.00618,0.00079,0.0324,0.48367
747,764928,32.82875,62.64286,0.85714,0.92,0.314458,0.000403,9.349723,0.001239,1735,-0.01,0.04675,0.0039,0.00035,0.02862,0.39014
748,765952,28.9641,78.72727,0.81818,0.9,0.401169,8.3e-05,7.488965,0.000848,1736,-0.01,0.04896,0.00252,0.00048,0.01893,0.2645
749,766976,28.79814,67.41667,0.75,0.85,0.387132,0.115945,20.37945,0.0053,1689,-0.01,0.04097,0.0083,0.0004,0.03794,0.62834
750,768000,28.81,32.5,0.9,0.84,0.324955,-0.076845,13.76086,0.002282,1718,-0.01,0.04211,0.00742,0.00033,0.04116,0.55924
751,769024,31.01648,51.0,0.90909,0.84,0.313753,-7.7e-05,9.461439,0.001377,1707,-0.01,0.04299,0.00698,0.00076,0.0396,0.61664
752,770048,34.11552,45.18519,0.92593,0.87,0.269631,-0.000146,11.207376,0.001408,1626,-0.01,0.04287,0.00931,0.00164,0.05224,0.81307
753,771072,30.19689,44.76471,0.88235,0.89,0.340025,-9.5e-05,10.634858,0.00152,1725,-0.01,0.04481,0.0057,0.00055,0.03023,0.46659
754,772096,32.44629,54.68421,0.89474,0.92,0.302845,-0.008344,8.160558,0.001312,1664,-0.01,0.04602,0.00595,0.00093,0.03842,0.5385
755,773120,30.18325,54.7,0.9,0.9,0.308522,-0.000583,13.759958,0.000734,1687,-0.01,0.04476,0.0059,0.00075,0.03345,0.54242
756,774144,31.61348,50.69231,0.92308,0.9,0.346986,-0.048204,7.886605,0.001295,1717,-0.01,0.04716,0.00513,0.00078,0.02733,0.37978
757,775168,30.83514,76.15789,0.78947,0.88,0.345414,-7.2e-05,7.35456,0.002852,1696,-0.01,0.04485,0.00664,-0.00054,0.0393,0.50022
758,776192,33.2335,53.6,0.9,0.87,0.300396,-0.018828,8.88848,0.000841,1636,-0.01,0.04542,0.00577,-0.00063,0.03374,0.57903
759,777216,34.08562,41.75,0.95,0.88,0.321092,-0.00064,9.032003,0.001583,1612,-0.01,0.0449,0.00623,-0.00039,0.04644,0.60587
760,778240,33.47434,46.65385,0.88462,0.89,0.292393,0.001045,11.849407,0.001542,1604,-0.01,0.04308,0.0091,-0.00062,0.04522,0.76535
761,779264,32.98,40.26087,0.95652,0.92,0.280449,0.000448,10.89639,0.001774,1647,-0.01,0.04566,0.00685,0.00081,0.04635,0.6833
762,780288,33.49052,44.06667,0.93333,0.92,0.369945,0.005647,8.01642,0.003042,1734,-0.01,0.04885,0.00387,-0.00115,0.02912,0.44256
763,781312,29.70482,77.14286,0.71429,0.9,0.378691,0.000736,9.372541,0.002075,1737,-0.01,0.04876,0.00347,0.0001,0.02337,0.34311
764,782336,32.96764,62.14286,0.85714,0.88,0.355921,-0.07051,6.55219,0.004662,1655,-0.01,0.0444,0.00644,0.00056,0.04036,0.60737
765,783360,33.19481,48.11538,0.92308,0.89,0.315685,-0.000497,12.367402,0.001948,1641,-0.01,0.0446,0.00951,0.00065,0.05533,0.78088
766,784384,34.10554,30.13043,0.95652,0.89,0.335031,-0.000325,9.168719,0.00095,1634,-0.01,0.04403,0.00615,0.00046,0.04631,0.73356
767,785408,31.74938,50.25,0.92857,0.92,0.324067,-0.019643,18.068983,0.001406,1618,-0.01,0.04252,0.00929,0.00149,0.04958,0.81734
768,786432,35.30714,30.07143,1.0,0.95,0.30246,-0.005325,5.542425,0.003603,1884,-0.01,0.04847,0.00662,0.00016,0.03344,0.50568
769,787456,28.67725,74.45,0.75,0.91,0.327793,0.000234,10.488863,0.002512,1808,-0.01,0.04422,0.00597,-0.00043,0.03842,0.53637
770,788480,33.8432,39.52,0.96,0.92,0.312013,-0.05447,12.397366,0.001324,1646,-0.01,0.04298,0.00934,-0.00057,0.0489,0.76769
771,789504,33.26341,50.13636,0.90909,0.91,0.366722,-0.003926,7.070062,0.002078,1620,-0.01,0.04458,0.00769,-0.00186,0.04722,0.64721
772,790528,33.95963,39.45455,0.95455,0.91,0.363996,7.7e-05,11.27776,0.001786,1589,-0.01,0.04524,0.00677,-0.00052,0.0368,0.66946
773,791552,30.45404,49.0,0.92857,0.9,0.347002,0.019111,8.778882,0.003367,1853,-0.01,0.04656,0.00511,-0.00179,0.02923,0.39154
774,792576,28.57262,63.80952,0.80952,0.91,0.315837,-0.018608,10.602587,0.002037,1784,-0.01,0.04406,0.00673,-0.00098,0.04114,0.57943
775,793600,33.00357,51.52381,0.90476,0.9,0.279664,-0.038587,7.695541,0.001835,1697,-0.01,0.04375,0.00729,-0.00141,0.04306,0.6361
776,794624,31.55581,52.18182,0.90909,0.9,0.303945,-0.026237,9.616365,0.000878,1669,-0.01,0.04547,0.00621,-0.00094,0.04399,0.6119
777,795648,35.74458,29.38889,0.94444,0.89,0.438411,-0.000409,8.046176,0.000773,1694,-0.01,0.04288,0.00451,-0.00189,0.03455,0.5741
778,796672,29.33072,62.71429,0.80952,0.88,0.356277,0.017971,11.242508,0.001854,1672,-0.01,0.04686,0.00752,0.00058,0.03307,0.5358
779,797696,32.15846,62.92308,0.84615,0.88,0.414712,0.004926,9.691152,0.008574,1752,-0.01,0.04728,0.00411,-0.00027,0.0277,0.37124
780,798720,27.37785,103.83333,0.66667,0.86,0.420718,0.000555,10.191848,0.000642,1855,-0.01,0.04692,0.00474,-5e-05,0.02568,0.28049
781,799744,30.28787,56.38889,0.88889,0.85,0.437379,-0.047689,15.050974,0.001266,1765,-0.01,0.04444,0.00647,1e-05,0.03272,0.5116
782,800768,35.09216,31.2,1.0,0.85,0.517331,0.000213,7.617728,0.00296,1835,-0.01,0.04391,0.00308,-0.0009,0.02381,0.33418
783,801792,29.84415,80.83333,0.79167,0.82,0.319233,0.000512,10.348784,0.001658,1684,-0.01,0.04415,0.00724,0.00067,0.04379,0.62361
784,802816,34.73405,40.52381,0.95238,0.86,0.351489,-0.016293,9.611067,0.003348,1659,-0.01,0.04444,0.00706,7e-05,0.04066,0.64731
785,803840,33.8275,46.14286,0.92857,0.87,0.417039,0.128838,17.166075,0.00131,1728,-0.01,0.0467,0.00375,-0.00194,0.03318,0.41435
786,804864,33.45044,59.90476,0.85714,0.89,0.362429,-0.083364,8.160992,0.002106,1625,-0.01,0.04585,0.00654,-6e-05,0.04177,0.59852
787,805888,32.18621,57.84211,0.89474,0.88,0.33538,-0.008354,13.598805,0.001987,1685,-0.01,0.04685,0.00618,-0.00021,0.03324,0.53553
788,806912,31.75125,65.83333,0.83333,0.9,0.494228,0.000609,5.940388,0.002346,1858,-0.01,0.04793,0.001,-0.00204,0.01198,0.17178
789,807936,27.60925,96.45,0.7,0.86,0.314082,-0.030733,8.295829,0.001541,1744,-0.01,0.04564,0.00649,0.00091,0.0415,0.49623
790,808960,34.21988,42.0,0.95,0.86,0.26998,0.259556,22.522987,0.002382,1750,-0.01,0.04076,0.00649,-0.00051,0.0432,0.65132
791,809984,32.60822,43.94444,0.94444,0.87,0.355458,-0.000743,9.251008,0.000574,1671,-0.01,0.0445,0.00595,-0.0001,0.03201,0.52117
792,811008,31.45592,70.6875,0.8125,0.86,0.30082,-0.100623,8.372722,0.001297,1726,-0.01,0.04499,0.00476,-0.00134,0.03229,0.43693
793,812032,27.477,96.2,0.7,0.84,0.366261,0.002693,8.914036,0.003031,1820,-0.01,0.0478,0.0038,-0.00017,0.02285,0.2333
794,813056,33.88452,52.65,0.9,0.86,0.278532,-0.10452,9.241083,0.001525,1680,-0.01,0.04311,0.00664,-0.00045,0.03665,0.60162
795,814080,31.17798,62.66667,0.86667,0.88,0.33988,0.045766,10.123929,0.003912,1726,-0.01,0.04453,0.00401,-0.00111,0.03075,0.40281
796,815104,28.03608,76.6,0.8,0.85,0.361325,0.125953,17.840131,0.002126,1748,-0.01,0.04737,0.00372,-0.00057,0.02344,0.36129
797,816128,33.35304,50.30435,0.91304,0.85,0.247806,-0.000247,11.267835,0.000646,1642,-0.01,0.0433,0.00729,-0.00081,0.04919,0.6733
798,817152,32.48053,44.21053,0.94737,0.87,0.314703,-0.001114,11.544242,0.000724,1679,-0.01,0.04629,0.00649,-0.00037,0.03656,0.55587
799,818176,30.58725,53.7,0.9,0.88,0.306761,0.000905,13.133485,0.000722,1693,-0.01,0.04742,0.00618,-7e-05,0.03589,0.54317
800,819200,32.10391,61.54545,0.86364,0.89,0.289743,-0.001098,11.494652,0.001563,1669,-0.01,0.04572,0.00591,-0.00013,0.04043,0.60581
801,820224,36.11,29.64706,1.0,0.92,0.322714,0.05153,8.59927,0.001905,1682,-0.01,0.04526,0.00589,-0.0004,0.0371,0.55336
802,821248,32.36771,59.53333,0.86667,0.92,0.298611,0.009095,4.884335,0.000557,1691,-0.01,0.04622,0.00472,-0.00122,0.03141,0.4164
803,822272,30.14828,67.75,0.83333,0.89,0.28782,-0.000997,11.308438,0.000433,1658,-0.01,0.04174,0.00708,-0.00054,0.04447,0.63102
804,823296,35.71467,30.2,1.0,0.91,0.422675,-0.097241,7.464894,0.008629,1934,-0.01,0.04448,0.00471,-0.0005,0.03332,0.51714
805,824320,27.14057,71.22727,0.72727,0.86,0.340279,-0.01842,12.834418,0.001305,1704,-0.01,0.04552,0.00641,0.00016,0.0346,0.53334
806,825344,33.33798,42.90476,0.95238,0.87,0.257924,0.001025,15.036397,0.001352,1684,-0.01,0.04284,0.00794,0.00017,0.04171,0.67299
807,826368,28.275,60.8,0.8,0.86,0.368269,0.023556,6.862231,0.002009,1784,-0.01,0.04486,0.00515,-0.00068,0.0304,0.3966
808,827392,32.46338,56.94118,0.88235,0.87,0.348943,-0.040464,9.271185,0.001296,1687,-0.01,0.0445,0.00487,-0.00083,0.03355,0.49177
809,828416,29.9104,56.05556,0.83333,0.85,0.395312,0.04882,14.648496,0.002365,1729,-0.01,0.04525,0.00573,-0.00055,0.03314,0.49085
810,829440,31.04466,61.63636,0.86364,0.86,0.292897,-0.048412,9.621037,0.001084,1633,-0.01,0.04269,0.00809,-0.00073,0.04487,0.59805
811,830464,35.7875,34.68421,1.0,0.89,0.390048,0.001834,13.050425,0.001846,1708,-0.01,0.04572,0.0061,-0.00159,0.03382,0.61408
812,831488,29.15944,64.16667,0.83333,0.88,0.342703,-0.000322,11.302307,0.000979,1707,-0.01,0.04035,0.00722,-0.00104,0.04432,0.63136
813,832512,34.55355,29.07407,0.96296,0.91,0.276024,0.000268,11.631547,0.00189,1616,-0.01,0.04094,0.00997,-0.00071,0.05879,0.84944
814,833536,34.91197,41.05263,0.94737,0.92,0.378453,0.034434,6.009796,0.001506,1689,-0.01,0.04614,0.00637,-0.00017,0.03841,0.59973
815,834560,34.0249,47.68,0.92,0.92,0.365994,0.060619,6.581245,0.002024,1660,-0.01,0.04226,0.00779,-0.0011,0.04573,0.77159
816,835584,32.59184,47.84615,0.92308,0.93,0.275976,0.036897,16.211968,0.000774,1637,-0.01,0.04018,0.00839,-0.00044,0.05056,0.77953
817,836608,34.69605,31.84211,1.0,0.94,0.344396,-0.088218,14.663783,0.003246,1685,-0.01,0.04282,0.00731,-0.00131,0.04321,0.62754
818,837632,32.9329,59.75,0.9,0.93,0.360955,-0.001082,7.052591,0.002135,1714,-0.01,0.04382,0.0064,-0.00105,0.04207,0.59312
819,838656,32.91074,49.58333,0.91667,0.94,0.29595,0.02552,8.653328,0.001579,1675,-0.01,0.03925,0.00797,-0.001,0.04909,0.72895
820,839680,33.6484,39.4,0.96,0.94,0.282118,0.000438,10.631936,0.001422,1652,-0.01,0.04268,0.00785,-5e-05,0.04446,0.75903
821,840704,32.01656,48.45833,0.91667,0.93,0.264025,-0.000393,10.001596,0.000702,1666,-0.01,0.04217,0.0083,0.00072,0.04917,0.68862
822,841728,34.27686,29.83333,0.96667,0.94,0.262271,-0.000221,11.892637,0.000438,1594,-0.01,0.0404,0.01064,-0.00041,0.05654,0.95045
823,842752,33.79583,47.95238,0.95238,0.95,0.332684,0.001363,12.547749,0.00184,1695,-0.01,0.04343,0.00649,0.00012,0.04563,0.64535
824,843776,32.16602,30.66667,0.91667,0.94,0.450344,0.068205,13.841161,0.002148,1730,-0.01,0.04612,0.00272,-0.00127,0.02281,0.35447
825,844800,28.4487,82.29412,0.76471,0.91,0.322071,-0.000398,8.06392,0.001038,1794,-0.01,0.04502,0.00517,3e-05,0.02997,0.42828
826,845824,31.9,57.20833,0.875,0.9,0.289428,0.000647,8.554147,0.001499,1648,-0.01,0.04119,0.00765,-0.0006,0.05036,0.69032
827,846848,33.44805,43.17647,0.94118,0.9,0.36335,-0.109465,7.986747,0.002782,1649,-0.01,0.04157,0.00454,-0.00179,0.03202,0.51313
828,847872,31.00768,76.26667,0.86667,0.88,0.330067,0.000349,9.233851,0.001152,1693,-0.01,0.04583,0.00407,-0.00037,0.02795,0.39287
829,848896,30.78753,52.80952,0.90476,0.87,0.230127,0.102974,11.587614,0.001993,1701,-0.01,0.04315,0.00734,-0.00053,0.03646,0.59156
830,849920,32.81462,49.07692,0.92308,0.91,0.261384,0.009735,8.652168,0.00128,1766,-0.01,0.04529,0.00494,2e-05,0.02986,0.3848
831,850944,31.33911,58.5625,0.875,0.89,0.344266,0.092468,9.289665,0.00096,1710,-0.01,0.04514,0.00485,0.00038,0.02865,0.43472
832,851968,30.3285,65.65,0.85,0.89,0.27707,0.026943,12.74486,0.000825,1682,-0.01,0.04447,0.00741,0.00035,0.03975,0.53125
833,852992,34.57702,45.0,0.96154,0.9,0.217386,0.089595,12.335614,0.000897,1659,-0.01,0.04632,0.00799,0.00282,0.05078,0.82689
834,854016,34.59771,39.08333,0.95833,0.92,0.308488,-0.031452,6.479668,0.002806,1613,-0.01,0.04359,0.00973,0.00107,0.05313,0.74634
835,855040,33.87086,43.5625,0.9375,0.94,0.238812,-0.000133,8.201147,0.001947,1566,-0.01,0.0422,0.01004,0.00152,0.05879,0.96882
836,856064,34.90866,32.64286,1.0,0.96,0.20962,-0.002126,10.842476,0.003184,1635,-0.01,0.04413,0.01008,0.00231,0.06203,0.90316
837,857088,36.48312,29.7,1.0,0.98,0.271365,0.002498,9.213094,0.002748,1744,-0.01,0.04616,0.0071,0.00195,0.04198,0.68775
838,858112,33.525,58.0625,0.875,0.96,0.309176,-0.044145,5.479844,0.000706,1772,-0.01,0.04885,0.00566,0.00247,0.03356,0.4836
839,859136,31.35606,68.55556,0.83333,0.94,0.335003,0.000173,10.659594,0.001431,1733,-0.01,0.04811,0.00479,0.00146,0.03323,0.47634
840,860160,32.2222,52.52632,0.89474,0.93,0.330869,-0.00028,7.738892,0.000884,1723,-0.01,0.04769,0.00556,0.00176,0.03494,0.53726
841,861184,33.04263,50.04,0.92,0.91,0.26176,-0.007065,10.280102,0.002834,1637,-0.01,0.04457,0.008,0.00062,0.04679,0.7318
842,862208,35.39699,38.15385,0.96154,0.91,0.269844,0.006495,6.733122,0.001401,1588,-0.01,0.04529,0.00921,0.00203,0.05453,0.81881
843,863232,33.0976,43.94737,0.94737,0.92,0.381379,-0.001053,13.405138,0.001229,1733,-0.01,0.0449,0.00522,0.00096,0.03934,0.56458
844,864256,29.10417,57.83333,0.88889,0.92,0.438779,-0.07095,10.479568,0.002043,1711,-0.01,0.04315,0.00584,0.00133,0.0297,0.46451
845,865280,33.51574,43.5,0.94118,0.94,0.253482,0.075747,12.821743,0.002308,1551,-0.01,0.04361,0.01164,0.00283,0.06448,1.02233
846,866304,33.9205,32.96,1.0,0.95,0.230487,0.07398,13.541356,0.002613,1628,-0.01,0.04648,0.00787,0.00255,0.05235,0.78039
847,867328,30.60681,40.68182,0.90909,0.94,0.28329,-0.001334,12.14805,0.001784,1657,-0.01,0.04471,0.00658,0.00069,0.03809,0.61203
848,868352,33.36977,50.27273,0.90909,0.94,0.275293,-6.3e-05,10.1605,0.00182,1666,-0.01,0.04632,0.00729,0.00144,0.0475,0.64218
849,869376,35.46222,42.05556,0.94444,0.95,0.339127,0.000179,7.263061,0.001598,1672,-0.01,0.04897,0.00574,0.00142,0.03935,0.55736
850,870400,32.93784,58.86957,0.86957,0.92,0.279821,-0.060748,7.32392,0.001004,1601,-0.01,0.04889,0.00655,0.0019,0.03868,0.64629
851,871424,32.76908,39.2,0.96667,0.92,0.207152,0.000205,14.530923,0.000545,1654,-0.01,0.04664,0.00885,0.00397,0.05561,0.90903
852,872448,33.7635,31.6,1.0,0.94,0.271307,0.002878,17.295311,0.003907,1710,-0.01,0.04727,0.00772,0.00242,0.04602,0.65012
853,873472,30.59776,42.9,0.9,0.93,0.325173,0.000984,9.882893,0.001183,1672,-0.01,0.04771,0.00617,0.0011,0.03229,0.54994
854,874496,31.22043,58.95652,0.78261,0.9,0.250878,-0.034302,10.848274,0.000813,1606,-0.01,0.04664,0.00814,0.00197,0.0436,0.61959
855,875520,32.4066,41.27273,0.95455,0.91,0.309474,-0.021426,10.330102,0.000947,1584,-0.01,0.04432,0.00751,0.00097,0.04572,0.64555
856,876544,33.88786,49.45455,0.90909,0.9,0.436701,-0.000555,8.221105,0.001182,1645,-0.01,0.04599,0.00652,0.00187,0.03713,0.64548
857,877568,31.63402,49.26087,0.91304,0.89,0.258332,-0.056654,12.643016,0.000759,1738,-0.01,0.0461,0.00811,0.00253,0.04945,0.72073
858,878592,31.07391,43.80952,0.85714,0.88,0.292932,-0.055814,11.04064,0.00182,1684,-0.01,0.04698,0.00709,0.0013,0.03962,0.58438
859,879616,33.85536,45.36364,0.95455,0.92,0.328385,3.9e-05,14.224194,0.001143,1674,-0.01,0.04785,0.00675,0.00233,0.04221,0.67477
860,880640,32.76691,45.25,0.9375,0.91,0.409481,-0.064282,7.226612,0.001149,1723,-0.01,0.0468,0.00549,0.001,0.03326,0.47726
861,881664,29.76055,68.22222,0.77778,0.89,0.35364,-0.000334,12.47941,0.001112,1663,-0.01,0.04914,0.00535,0.00156,0.03039,0.4562
862,882688,30.05795,61.0,0.86667,0.88,0.378783,-0.000462,8.423279,0.001281,1723,-0.01,0.04801,0.00451,0.0007,0.03058,0.38759
863,883712,35.37819,41.16667,0.94444,0.89,0.345864,-0.001591,6.419022,0.00082,1636,-0.01,0.04686,0.00599,-0.00028,0.03371,0.55661
864,884736,32.94219,65.7037,0.85185,0.88,0.254951,0.095528,8.349708,0.00232,1557,-0.01,0.0463,0.00879,0.00251,0.05272,0.75081
865,885760,35.01616,31.39286,1.0,0.91,0.206154,0.160348,15.567813,0.001448,1543,-0.01,0.04639,0.0096,0.00267,0.05852,0.89948
866,886784,35.68299,38.53846,0.96154,0.94,0.294699,0.028582,5.417753,0.004079,1636,-0.01,0.04454,0.00808,0.00131,0.05452,0.82341
867,887808,35.1226,38.83333,0.95833,0.97,0.290899,0.000527,7.453787,0.001502,1620,-0.01,0.0437,0.0083,0.00012,0.04631,0.74704
868,888832,35.60265,40.80952,0.95238,0.97,0.296195,-0.00025,8.198892,0.001169,1648,-0.01,0.04477,0.00633,-0.0005,0.0426,0.67784
869,889856,29.91315,56.59259,0.88889,0.94,0.241592,-0.001582,11.433876,0.00121,1653,-0.01,0.04454,0.00809,0.00136,0.04939,0.76354
870,890880,35.69036,29.80952,1.0,0.95,0.185704,0.019026,13.503294,0.001533,1633,-0.01,0.046,0.00833,0.00219,0.04944,0.67483
871,891904,33.34985,57.76471,0.88235,0.93,0.248886,-0.000106,9.375009,0.000784,1706,-0.01,0.04871,0.00585,0.00134,0.03257,0.48239
872,892928,36.02328,42.5625,0.9375,0.93,0.269943,0.000439,5.947419,0.000507,1674,-0.01,0.04467,0.00561,-0.00094,0.0345,0.50289
873,893952,31.73376,65.09091,0.86364,0.91,0.239143,-0.001043,11.525571,0.000859,1610,-0.01,0.04443,0.0067,0.00047,0.04377,0.59493
874,894976,34.0395,39.72,0.96,0.93,0.270539,-0.000505,10.013587,0.000801,1603,-0.01,0.03941,0.00723,-0.00046,0.04673,0.76892
875,896000,32.92734,46.03846,0.92308,0.91,0.250035,-0.001134,9.493418,0.00183,1618,-0.01,0.04308,0.00861,0.00098,0.0503,0.76524
876,897024,32.96702,41.0,0.95833,0.93,0.231921,-0.019306,10.886019,0.000821,1626,-0.01,0.04488,0.0082,0.00076,0.04776,0.71944
877,898048,32.58196,41.65217,0.91304,0.94,0.27604,0.001974,13.510811,0.001346,1653,-0.01,0.04445,0.00661,0.00045,0.04318,0.68802
878,899072,31.28523,70.90909,0.81818,0.93,0.338381,-0.013023,9.753212,0.003215,1873,-0.01,0.0458,0.00449,-0.00071,0.0257,0.31784
879,900096,26.96029,68.83333,0.83333,0.91,0.301432,0.06812,9.892001,0.001187,1809,-0.01,0.0465,0.00324,-0.00036,0.02089,0.30192
880,901120,30.8928,60.68,0.88,0.9,0.217558,0.107251,16.316289,0.000953,1653,-0.01,0.04339,0.00855,0.00083,0.04515,0.68322
881,902144,34.39052,39.29167,0.95833,0.9,0.260531,-0.057231,9.367349,0.001819,1685,-0.01,0.04325,0.00927,0.00055,0.05638,0.8071
882,903168,32.99298,47.46154,0.92308,0.9,0.186622,0.028758,9.546824,0.001377,1589,-0.01,0.04538,0.00858,0.00131,0.04933,0.8667
883,904192,35.6502,30.28,1.0,0.94,0.227186,-0.000268,9.469189,0.000902,1671,-0.01,0.04444,0.00983,0.00178,0.0559,0.85963
884,905216,34.81231,46.38462,0.92308,0.95,0.277794,-0.013824,7.461777,0.000648,1555,-0.01,0.04525,0.00897,0.00153,0.05681,0.80183
885,906240,34.67391,44.3125,0.9375,0.95,0.292779,-0.001101,8.918181,0.000891,1665,-0.01,0.04946,0.00495,0.0008,0.03132,0.48453
886,907264,29.95955,75.45455,0.81818,0.93,0.325139,0.001075,7.827806,0.001314,1706,-0.01,0.05131,0.00266,0.00043,0.0182,0.27545
887,908288,31.31143,73.7,0.8,0.91,0.331886,-0.000461,7.546106,0.003495,1629,-0.01,0.04764,0.00576,0.0009,0.03394,0.5331
888,909312,30.87912,52.90909,0.90909,0.9,0.362077,-8.3e-05,10.515986,0.002015,1712,-0.01,0.04762,0.00343,0.0001,0.02609,0.30459
889,910336,31.29299,68.36364,0.86364,0.88,0.266698,-0.000539,10.456165,0.000786,1628,-0.01,0.04665,0.00647,0.00103,0.03749,0.5861
890,911360,34.66071,40.66667,0.95238,0.88,0.235127,0.060611,7.825587,0.002006,1665,-0.01,0.04375,0.00762,0.00091,0.04698,0.66894
891,912384,31.3354,48.88,0.92,0.89,0.222805,-0.000378,14.40947,0.000624,1652,-0.01,0.04757,0.00826,0.0021,0.04579,0.72024
892,913408,34.78259,42.43478,0.95652,0.92,0.256571,-0.0017,8.855035,0.001487,1621,-0.01,0.04752,0.00719,0.00155,0.04934,0.71004
893,914432,32.75392,48.05556,0.94444,0.94,0.260454,0.0002,11.596614,0.000379,1693,-0.01,0.04642,0.00517,0.00135,0.03353,0.52764
894,915456,30.62553,50.61905,0.85714,0.93,0.230757,0.028483,9.127586,0.00066,1645,-0.01,0.04655,0.00812,0.00212,0.03949,0.58014
895,916480,31.36027,47.60714,0.89286,0.91,0.201929,-0.000338,13.070293,0.000415,1602,-0.01,0.04803,0.00967,0.00384,0.0508,0.80348
896,917504,35.74273,31.27273,1.0,0.93,0.252408,-0.000563,10.824302,0.000699,1636,-0.01,0.04455,0.00695,0.00089,0.04579,0.7084
897,918528,32.48303,48.75,0.91667,0.92,0.242399,0.079341,11.856339,0.000539,1616,-0.01,0.04672,0.00722,0.00133,0.0452,0.69793
898,919552,33.19972,39.85185,0.96296,0.94,0.165392,-0.007448,10.027062,0.000465,1595,-0.01,0.04489,0.00927,0.00258,0.05362,0.81737
899,920576,33.12276,40.28,0.96,0.95,0.211109,0.110842,17.284601,0.001472,1617,-0.01,0.04624,0.00856,0.00155,0.04673,0.7513
900,921600,34.61469,38.72,0.92,0.94,0.252105,0.001893,8.293873,0.002477,1614,-0.01,0.04611,0.00831,0.00185,0.04868,0.76685
901,922624,32.28488,39.95238,0.90476,0.94,0.250454,0.000546,13.808635,0.002233,1643,-0.01,0.04848,0.00806,0.00215,0.04161,0.60539
902,923648,28.92996,58.27778,0.83333,0.92,0.28134,-0.02109,9.196198,0.001242,1648,-0.01,0.04839,0.00581,0.00141,0.03261,0.4547
903,924672,32.39685,52.66667,0.90476,0.9,0.376395,-0.029513,8.254051,0.001372,1658,-0.01,0.04794,0.00664,0.00143,0.03883,0.59991
904,925696,33.48625,51.0,0.90909,0.9,0.275533,-0.000315,10.127655,0.000669,1630,-0.01,0.04843,0.00652,0.00011,0.04718,0.64079
905,926720,30.8495,44.28571,0.95238,0.91,0.291605,0.062581,10.228282,0.000876,1619,-0.01,0.04838,0.00735,-0.00027,0.04039,0.58917
906,927744,32.24913,45.6875,0.9375,0.91,0.333477,-0.001272,9.196308,0.001086,1623,-0.01,0.05004,0.00515,-0.00113,0.02425,0.45615
907,928768,30.708,63.85,0.85,0.91,0.278019,-6.1e-05,8.726572,0.001093,1671,-0.01,0.04897,0.00688,0.00047,0.03994,0.53308
908,929792,35.09726,40.14286,0.95238,0.92,0.235485,0.007022,8.464872,0.000458,1688,-0.01,0.04933,0.00821,0.00117,0.0458,0.67641
909,930816,31.21145,57.5,0.88889,0.91,0.317165,-0.069266,8.946847,0.000939,1733,-0.01,0.04808,0.00589,-0.00017,0.03342,0.52075
910,931840,32.52004,63.4,0.85,0.9,0.26949,-0.019901,7.135543,0.002135,1624,-0.01,0.04924,0.00735,0.00116,0.04032,0.55895
911,932864,29.21065,44.88235,0.88235,0.89,0.250028,-0.05197,20.187758,0.001309,1701,-0.01,0.04873,0.00522,-0.00093,0.02535,0.4605
912,933888,32.62317,59.53333,0.86667,0.89,0.307933,-0.000114,8.57499,0.000637,1733,-0.01,0.04992,0.00533,-0.00065,0.03768,0.42944
913,934912,31.76523,66.33333,0.83333,0.88,0.290853,-0.070525,7.588456,0.001083,1664,-0.01,0.04835,0.00624,-0.00038,0.0328,0.48815
914,935936,34.09183,50.13636,0.95455,0.89,0.28556,-0.046247,10.98194,0.000577,1613,-0.01,0.0488,0.00853,0.00078,0.0429,0.65908
915,936960,33.31706,52.65,0.9,0.89,0.388,0.036422,7.625703,0.000977,1597,-0.01,0.04819,0.0058,-0.00059,0.03722,0.57578
916,937984,33.43217,66.75,0.91667,0.89,0.45527,0.036255,6.596499,0.002689,1668,-0.01,0.04916,0.00216,-0.00255,0.02145,0.35016
917,939008,32.59643,71.35714,0.85714,0.9,0.424739,0.04222,7.659602,0.001223,1703,-0.01,0.04931,0.00358,-0.00253,0.02672,0.396
918,940032,31.31352,55.33333,0.81481,0.88,0.355569,-0.074442,14.111493,0.001571,1558,-0.01,0.04791,0.00659,0.00198,0.05119,0.74779
919,941056,34.28837,41.04348,0.95652,0.89,0.305371,-0.00047,9.592915,0.001699,1613,-0.01,0.04895,0.00704,0.00084,0.05035,0.70563
920,942080,33.81508,47.0,0.92308,0.89,0.334967,-0.020167,7.214221,0.000789,1614,-0.01,0.04879,0.00763,0.00134,0.04718,0.77237
921,943104,36.48615,29.875,1.0,0.92,0.272631,0.014371,7.676824,0.0006,1571,-0.01,0.0488,0.00795,0.00077,0.04828,0.7819
922,944128,33.71,57.21053,0.89474,0.95,0.339933,-0.003238,8.756985,0.002551,1630,-0.01,0.04767,0.00695,-0.00083,0.04264,0.55243
923,945152,35.97039,40.57895,0.94737,0.94,0.350287,0.000414,8.735132,0.001538,1766,-0.01,0.04693,0.0057,-0.00045,0.03779,0.67229
924,946176,32.36226,58.66667,0.90476,0.93,0.321673,-0.000163,8.269537,0.000793,1726,-0.01,0.04796,0.00736,-6e-05,0.04532,0.64198
925,947200,33.45481,39.61905,0.90476,0.93,0.33077,-0.050133,9.185244,0.001712,1582,-0.01,0.04789,0.00532,-0.00179,0.04394,0.62611
926,948224,31.43621,57.68,0.88,0.91,0.340295,0.011865,8.426596,0.001352,1590,-0.01,0.04635,0.00511,0.00022,0.04378,0.69002
927,949248,36.10542,38.33333,0.95833,0.92,0.389594,0.029931,5.47084,0.002726,1593,-0.01,0.04695,0.00718,-0.00012,0.04765,0.76091
928,950272,35.7814,39.54545,0.95455,0.93,0.257033,0.093807,12.01576,0.000867,1567,-0.01,0.0483,0.00796,0.0006,0.04922,0.70354
929,951296,28.77605,61.5,0.875,0.93,0.401456,0.021152,12.003746,0.005495,1798,-0.01,0.05038,0.00407,-0.00032,0.02982,0.40617
930,952320,32.14169,48.46154,0.92308,0.92,0.431789,-0.013691,7.15485,0.002276,1746,-0.01,0.05162,0.00197,-0.0021,0.02365,0.37936
931,953344,30.5705,71.77273,0.81818,0.91,0.322286,0.07975,11.996212,0.000963,1635,-0.01,0.04885,0.0067,-0.00021,0.0429,0.57286
932,954368,34.25441,42.70588,0.94118,0.9,0.471587,0.002445,7.115105,0.001114,1634,-0.01,0.05,0.00383,-0.00116,0.03041,0.52678
933,955392,30.26391,71.80952,0.80952,0.87,0.397913,-0.001253,9.803864,0.001169,1665,-0.01,0.04768,0.00521,-0.00051,0.04018,0.54325
934,956416,31.19032,39.03846,0.92308,0.87,0.296644,-0.000763,16.935683,0.002667,1637,-0.01,0.04693,0.00936,0.00162,0.04986,0.74585
935,957440,35.7585,31.04,1.0,0.93,0.30678,0.000143,11.571216,0.000743,1603,-0.01,0.04783,0.00859,0.00168,0.0542,0.8049
936,958464,32.9907,40.42308,0.96154,0.93,0.375777,-0.001206,13.716543,0.000905,1452,-0.01,0.04743,0.00802,0.00187,0.04548,0.78902
937,959488,32.85511,41.3913,0.95652,0.96,0.367274,0.002333,15.460721,0.003696,1753,-0.01,0.04629,0.0084,0.00203,0.04468,0.77828
938,960512,31.2957,48.21739,0.95652,0.96,0.323597,-0.000552,12.961523,0.001529,1768,-0.01,0.04605,0.00809,0.00145,0.05732,0.74091
939,961536,33.0361,40.04,0.96,0.96,0.316096,6.5e-05,9.90058,0.001573,1653,-0.01,0.04899,0.00813,0.00162,0.04577,0.75452
940,962560,32.91274,42.25,0.95,0.96,0.394169,0.00024,11.317401,0.001944,1633,-0.01,0.04879,0.00636,-0.00027,0.03747,0.58919
941,963584,34.67476,50.52381,0.90476,0.95,0.355551,0.042626,6.850662,0.000823,1600,-0.01,0.0504,0.00717,0.00096,0.04298,0.63175
942,964608,33.02029,48.15385,0.92308,0.94,0.381776,0.079504,10.893379,0.002818,1563,-0.01,0.04785,0.00823,-0.0001,0.04772,0.75845
943,965632,33.51452,41.0,0.95238,0.94,0.344544,0.020087,8.691955,0.00176,1713,-0.01,0.04832,0.00642,0.00126,0.04555,0.69156
944,966656,34.94802,46.88,0.92,0.93,0.33921,-0.000413,8.097661,0.000835,1678,-0.01,0.04925,0.01046,0.00207,0.0551,0.82642
945,967680,33.87333,38.81481,0.96296,0.94,0.324973,-0.05685,10.296941,0.00048,1635,-0.01,0.04892,0.00901,0.00209,0.05541,0.85238
946,968704,32.08934,42.84211,0.89474,0.94,0.394825,0.02595,12.810594,0.003035,1693,-0.01,0.04957,0.00519,0.00092,0.03727,0.57343
947,969728,30.19667,67.25,0.83333,0.92,0.508625,-0.043124,8.701949,0.002004,1744,-0.01,0.05189,0.00298,-0.00174,0.0225,0.32028
948,970752,30.96029,69.82353,0.82353,0.9,0.448559,-0.033802,8.473353,0.003092,1691,-0.01,0.05166,0.00339,-0.0017,0.02915,0.45166
949,971776,29.93782,71.28571,0.85714,0.89,0.467934,-0.000491,10.26915,0.001507,1683,-0.01,0.05083,0.0016,-0.00239,0.02805,0.3549
950,972800,32.4883,63.52632,0.84211,0.88,0.467282,-0.001147,8.085117,0.001761,1622,-0.01,0.04968,0.00397,-0.00202,0.03572,0.52334
951,973824,32.954,49.81818,0.90909,0.86,0.439036,-0.001252,11.279104,0.001211,1651,-0.01,0.04915,0.00643,-0.00164,0.04082,0.65459
952,974848,31.94098,41.52174,0.91304,0.87,0.344943,-0.19256,14.388997,0.003279,1771,-0.01,0.04978,0.00829,0.00059,0.049,0.68518
953,975872,30.73,44.23529,0.88235,0.88,0.416781,0.087469,15.239402,0.00178,1659,-0.01,0.04953,0.00526,-0.00144,0.02966,0.46416
954,976896,30.55623,63.23529,0.88235,0.89,0.428829,-0.004277,9.489934,0.001038,1695,-0.01,0.05121,0.00442,-0.00138,0.03096,0.45274
955,977920,32.42267,50.0,0.92308,0.9,0.358719,0.000304,11.072495,0.000781,1609,-0.01,0.04933,0.00823,0.00161,0.04819,0.74009
956,978944,35.54881,49.77273,0.95455,0.91,0.421104,0.002632,6.944657,0.002829,1617,-0.01,0.04833,0.00704,-0.00132,0.04729,0.67896
957,979968,35.40929,40.71429,0.95238,0.92,0.408759,0.016817,7.678243,0.001454,1618,-0.01,0.04994,0.00597,-0.00076,0.0425,0.65672
958,980992,28.33989,54.5,0.90909,0.93,0.445459,-0.000835,11.455032,0.001483,1629,-0.01,0.05002,0.00713,0.00037,0.03666,0.56843
959,982016,34.26409,41.0,0.95455,0.95,0.421257,-0.023472,10.40202,0.001674,1560,-0.01,0.04922,0.00587,0.00039,0.04461,0.67145
960,983040,33.46188,49.04,0.92,0.93,0.328753,0.011579,9.227586,0.002432,1577,-0.01,0.04938,0.00747,-0.00012,0.05159,0.74433
961,984064,35.90615,30.30769,1.0,0.94,0.458835,0.004981,8.29277,0.002537,1775,-0.01,0.05169,0.00243,-0.00076,0.02619,0.44286
962,985088,26.1376,87.27273,0.81818,0.92,0.476908,-0.033294,9.801326,0.001228,1802,-0.01,0.05069,0.00182,2e-05,0.02051,0.25938
963,986112,32.12392,59.33333,0.86667,0.91,0.268393,-0.036286,12.929493,0.003905,1599,-0.01,0.04849,0.01015,0.00264,0.05167,0.85488
964,987136,34.01033,31.21739,1.0,0.92,0.271186,-0.000378,10.679814,0.00137,1645,-0.01,0.04861,0.0083,0.00118,0.05431,0.73921
965,988160,31.40971,56.52941,0.88235,0.91,0.454301,-0.056009,7.661389,0.001968,1690,-0.01,0.05009,0.00329,-0.00073,0.02746,0.47174
966,989184,29.798,76.5,0.8,0.9,0.442998,-0.002647,7.942888,0.001141,1709,-0.01,0.05148,0.00121,-0.00177,0.02018,0.24645
967,990208,30.79681,67.38889,0.83333,0.89,0.425517,-0.001491,8.677597,0.000983,1720,-0.01,0.05013,0.00461,-0.00029,0.03165,0.49199
968,991232,31.293,56.24,0.84,0.89,0.342723,-0.000808,11.533566,0.00132,1656,-0.01,0.04904,0.00916,0.00197,0.05038,0.70547
969,992256,32.41729,29.41667,0.91667,0.88,0.389893,0.034246,8.726119,0.002588,1794,-0.01,0.0481,0.00281,-0.00178,0.02411,0.38252
970,993280,30.43722,78.5,0.77778,0.84,0.481281,0.053833,6.681118,0.000951,1755,-0.01,0.04854,0.00459,-0.00071,0.03301,0.50252
971,994304,29.44687,51.54545,0.81818,0.82,0.401606,0.031505,16.305808,0.001635,1661,-0.01,0.04918,0.00663,4e-05,0.03809,0.58575
972,995328,33.48875,56.625,0.875,0.84,0.366054,0.012059,9.061955,0.00084,1702,-0.01,0.04939,0.00505,-0.00032,0.03677,0.48901
973,996352,34.4475,42.57895,0.94737,0.85,0.400451,0.000478,9.53802,0.001019,1792,-0.01,0.0473,0.00645,0.00091,0.04042,0.64751
974,997376,30.87499,58.91304,0.86957,0.86,0.364674,0.000258,10.700703,0.00099,1674,-0.01,0.04888,0.00727,0.0017,0.04766,0.65368
975,998400,32.82609,44.625,0.9375,0.88,0.419261,0.00126,9.206086,0.001374,1723,-0.01,0.0506,0.00423,0.00136,0.02771,0.49181
976,999424,30.51587,59.52174,0.86957,0.89,0.35549,-6.2e-05,13.34871,0.001712,1735,-0.01,0.05084,0.00736,0.00231,0.04376,0.65089
977,1000448,35.48043,37.96154,0.96154,0.92,0.354267,0.005032,8.416045,0.002325,1610,-0.01,0.04821,0.01037,0.00187,0.05618,0.84485
978,1001472,31.25365,48.61538,0.92308,0.93,0.320673,-0.000485,12.580422,0.001534,1567,-0.01,0.04875,0.00894,0.0028,0.04787,0.75518
979,1002496,37.11337,31.0,1.0,0.94,0.337843,-0.025372,6.826033,0.002435,1604,-0.01,0.04997,0.0076,0.00098,0.04965,0.65963
980,1003520,32.75211,54.21053,0.89474,0.95,0.397476,0.00048,9.374151,0.001871,1659,-0.01,0.04892,0.00502,-0.00016,0.03384,0.53772
981,1004544,32.66225,52.6,0.9,0.94,0.397046,0.077377,9.403028,0.001682,1657,-0.01,0.0499,0.00578,4e-05,0.03813,0.58499
982,1005568,34.53604,39.22727,0.95455,0.93,0.406782,0.000414,10.165347,0.00186,1735,-0.01,0.04804,0.00665,0.00063,0.0483,0.73298
983,1006592,32.75332,53.31818,0.90909,0.93,0.382201,-0.001495,9.847675,0.001932,1670,-0.01,0.04999,0.00576,0.00104,0.04133,0.64293
984,1007616,32.23961,54.47368,0.89474,0.91,0.368983,0.005436,8.126274,0.001795,1662,-0.01,0.05039,0.00538,0.0001,0.03997,0.53088
985,1008640,29.90289,54.0,0.89474,0.91,0.413927,0.000155,12.050348,0.001137,1718,-0.01,0.05023,0.00487,0.00045,0.03072,0.49943
986,1009664,32.89516,58.0,0.875,0.91,0.4419,0.035569,9.54934,0.001168,1751,-0.01,0.04993,0.00432,-0.0011,0.03406,0.46189
987,1010688,31.08214,54.88462,0.84615,0.89,0.372709,0.031918,11.883629,0.00235,1669,-0.01,0.04668,0.00978,0.00016,0.04845,0.73442
988,1011712,34.39488,30.28571,0.95238,0.89,0.407572,-0.001189,8.319794,0.000968,1714,-0.01,0.04957,0.00653,2e-05,0.04008,0.65226
989,1012736,28.75184,54.63158,0.78947,0.87,0.431113,-3.8e-05,13.653662,0.001398,1718,-0.01,0.04943,0.00691,0.00044,0.03135,0.47735
990,1013760,30.54336,58.125,0.875,0.87,0.392984,-0.070225,7.620046,0.000509,1724,-0.01,0.04912,0.0035,-0.00105,0.0283,0.42157
991,1014784,32.66865,63.23077,0.84615,0.87,0.492258,5e-06,7.340561,0.000342,1721,-0.01,0.0519,0.00253,-0.00118,0.02647,0.35427
992,1015808,30.62312,74.9,0.8,0.85,0.425755,-0.015458,10.216909,0.000532,1661,-0.01,0.04969,0.00568,0.00076,0.03885,0.51513
993,1016832,33.65868,44.94118,0.94118,0.86,0.424437,-0.028071,8.616039,0.00269,1734,-0.01,0.04869,0.00493,-0.00049,0.03176,0.52412
994,1017856,31.64587,59.0,0.86957,0.85,0.410536,-0.000324,7.706983,0.000962,1631,-0.01,0.04888,0.00691,0.00138,0.04347,0.63862
995,1018880,34.52098,38.25,0.96429,0.89,0.288992,0.038016,8.930046,0.000653,1608,-0.01,0.04752,0.00806,0.00107,0.05919,0.87209
996,1019904,34.71107,37.75,0.96429,0.93,0.343059,-0.000412,10.943606,0.000837,1629,-0.01,0.04717,0.00949,0.0009,0.05759,0.88081
997,1020928,34.41071,31.375,1.0,0.95,0.398442,-8e-05,9.335599,0.000658,1767,-0.01,0.04913,0.00423,0.00056,0.0313,0.51763
998,1021952,30.12615,65.46154,0.80769,0.93,0.342854,-0.000477,9.987346,0.000546,1677,-0.01,0.04658,0.00919,0.00086,0.04928,0.68446
999,1022976,36.2436,30.0,1.0,0.94,0.262273,0.037017,8.700351,0.000796,1585,-0.01,0.04627,0.01174,0.00228,0.06325,1.04717
1000,1024000,34.85026,30.31579,1.0,0.95,0.371515,-8.3e-05,10.231352,0.000663,1693,-0.01,0.04761,0.00598,-0.00056,0.04232,0.6014
1001,1025024,30.29378,68.11111,0.83333,0.92,0.410152,0.038684,8.464187,0.002258,1700,-0.01,0.04788,0.00409,5e-05,0.03389,0.46232
1002,1026048,33.44422,43.375,0.9375,0.95,0.442765,0.000783,9.227007,0.001195,1694,-0.01,0.05059,0.00401,4e-05,0.0317,0.46837
1003,1027072,28.95,78.28571,0.78571,0.93,0.441918,0.014981,7.921471,0.000945,1729,-0.01,0.05018,0.00161,-0.00112,0.02185,0.34316
1004,1028096,29.57868,76.47368,0.78947,0.89,0.369725,-0.037071,11.426657,0.00052,1758,-0.01,0.047,0.00446,-0.00076,0.0363,0.49745
1005,1029120,35.11048,31.2381,1.0,0.89,0.407771,0.049362,15.044824,0.001495,1715,-0.01,0.0459,0.0068,-0.00066,0.04534,0.69172
1006,1030144,33.16069,54.38889,0.88889,0.87,0.377719,0.022801,8.293148,0.001311,1740,-0.01,0.04734,0.00474,-0.00068,0.03745,0.52992
1007,1031168,33.70983,60.2,0.86667,0.88,0.423721,-0.001419,7.593627,0.001007,1753,-0.01,0.04928,0.00264,-0.00091,0.03236,0.44176
1008,1032192,32.94095,61.66667,0.85714,0.88,0.418965,-0.00038,7.67455,0.001883,1688,-0.01,0.04697,0.00486,-0.00116,0.03686,0.59081
1009,1033216,31.99528,48.70833,0.91667,0.91,0.354151,-0.000772,13.013703,0.001237,1684,-0.01,0.0444,0.00882,-0.00181,0.05471,0.69408
1010,1034240,33.95413,39.96154,0.96154,0.91,0.316655,-0.000449,11.917326,0.002161,1675,-0.01,0.0468,0.00782,0.0005,0.04893,0.80893
1011,1035264,33.77112,41.15,0.95,0.92,0.388784,-0.000604,7.709351,0.001049,1693,-0.01,0.04812,0.00548,-0.00037,0.03731,0.61781
1012,1036288,33.058,62.8,0.86667,0.93,0.386364,0.04275,9.117746,0.001488,1702,-0.01,0.0494,0.0034,-0.00017,0.03382,0.42235
1013,1037312,34.53825,51.15,0.9,0.93,0.414845,-0.000978,5.844831,0.000675,1683,-0.01,0.04809,0.00508,-0.00104,0.03717,0.59782
1014,1038336,30.28812,59.33333,0.875,0.91,0.325144,-0.000331,14.034211,0.001014,1685,-0.01,0.04471,0.00918,-0.00173,0.04584,0.644
1015,1039360,32.85227,31.54545,1.0,0.92,0.421795,0.256732,12.701951,0.006737,1845,-0.01,0.04941,0.00313,-0.0014,0.02226,0.32461
1016,1040384,30.2329,80.33333,0.83333,0.89,0.402761,0.000757,10.327895,0.003644,1715,-0.01,0.04846,0.00434,-0.00113,0.03077,0.45709
1017,1041408,32.60554,45.92857,0.92857,0.9,0.347942,0.029961,11.953986,0.001973,1635,-0.01,0.04502,0.00909,-0.00013,0.05562,0.82921
1018,1042432,34.26703,33.0,1.0,0.92,0.469989,0.003648,8.991487,0.005392,1754,-0.01,0.04782,0.00363,-0.00206,0.03138,0.49651
1019,1043456,29.94533,75.66667,0.8,0.91,0.464128,-0.094175,7.438449,0.003401,1689,-0.01,0.04975,0.00335,-0.00126,0.02836,0.3738
1020,1044480,30.35062,67.75,0.83333,0.9,0.479905,0.000534,7.000149,0.000749,1749,-0.01,0.05017,0.00157,-0.00113,0.02163,0.3057
1021,1045504,30.4633,87.46667,0.73333,0.87,0.532759,0.040453,6.158621,0.004188,1697,-0.01,0.04913,0.00223,-0.00189,0.02679,0.37387
1022,1046528,33.60657,46.40741,0.92593,0.89,0.394281,0.002128,9.9414,0.002139,1639,-0.01,0.04388,0.0072,-0.00172,0.05362,0.83031
1023,1047552,35.17096,39.0,0.96154,0.88,0.368722,0.000726,8.170259,0.000913,1598,-0.01,0.04253,0.0097,-0.00182,0.05467,0.82798
1024,1048576,34.49718,40.57143,0.95238,0.9,0.398837,0.001357,7.175178,0.003049,1686,-0.01,0.04556,0.00557,-0.00039,0.04261,0.6462
1025,1049600,32.69988,61.66667,0.85714,0.92,0.403642,-0.026538,8.883912,0.00447,1716,-0.01,0.04784,0.00519,-0.00012,0.03699,0.59287
1026,1050624,32.7324,39.30769,0.92308,0.93,0.317273,-5.2e-05,10.419323,0.001436,1651,-0.01,0.04325,0.0087,-0.00076,0.05076,0.82453
1027,1051648,34.9856,39.04,0.96,0.93,0.300618,-0.062958,7.51569,0.001013,1623,-0.01,0.04246,0.01014,-0.00099,0.06227,0.81476
1028,1052672,32.98717,41.65217,0.95652,0.93,0.354581,-0.000977,12.747464,0.00179,1682,-0.01,0.04483,0.00738,-0.001,0.03983,0.68811
1029,1053696,33.6555,40.52,0.96,0.95,0.349337,0.001811,9.759948,0.000901,1675,-0.01,0.04481,0.00874,4e-05,0.04683,0.75933
1030,1054720,32.62426,39.22222,0.92593,0.95,0.370771,0.010759,12.898898,0.001988,1621,-0.01,0.04444,0.00909,-0.0006,0.05087,0.79498
1031,1055744,32.99221,43.64706,0.94118,0.95,0.443009,0.019691,6.335788,0.001151,1673,-0.01,0.04616,0.00405,0.00034,0.03463,0.49645
1032,1056768,31.08709,57.34783,0.82609,0.91,0.472081,-3e-06,10.087742,0.003322,1639,-0.01,0.04231,0.00571,-0.00232,0.03942,0.62298
1033,1057792,35.06225,41.35,0.95,0.91,0.479077,0.070542,7.936759,0.001611,1672,-0.01,0.04587,0.00516,-0.00172,0.04264,0.63197
1034,1058816,32.17219,50.25,0.91667,0.91,0.441072,-0.000578,10.018882,0.000879,1684,-0.01,0.04653,0.00688,-0.00081,0.04394,0.70338
1035,1059840,34.84741,37.81481,0.96296,0.91,0.428407,0.001587,7.662748,0.002199,1637,-0.01,0.04662,0.00886,-4e-05,0.05659,0.83635
1036,1060864,34.45045,40.14286,0.95238,0.93,0.425805,0.010518,7.607122,0.00102,1660,-0.01,0.04906,0.00569,-0.00034,0.03848,0.64019
1037,1061888,32.46229,65.75,0.83333,0.93,0.576591,0.001421,5.726492,0.002849,1708,-0.01,0.04952,0.00154,-0.0014,0.02681,0.32804
1038,1062912,32.55812,66.91667,0.83333,0.92,0.575264,-0.000976,6.118203,0.001643,1747,-0.01,0.04961,0.00105,-0.00199,0.02076,0.32767
1039,1063936,31.30504,67.70833,0.83333,0.9,0.503816,0.001814,8.383987,0.001456,1654,-0.01,0.04672,0.00684,-4e-05,0.04402,0.64676
1040,1064960,31.12656,40.38462,0.92308,0.89,0.3809,0.046499,13.32334,0.002313,1619,-0.01,0.04677,0.00855,0.00089,0.05059,0.74024
1041,1065984,31.08767,57.0,0.93333,0.88,0.475933,-0.002059,13.915807,0.001063,1742,-0.01,0.04906,0.00457,-0.00102,0.0294,0.41254
1042,1067008,31.30153,56.33333,0.88889,0.87,0.459836,-0.000374,10.964511,0.000983,1689,-0.01,0.04856,0.00459,-0.00081,0.03161,0.49461
1043,1068032,31.57447,53.42105,0.84211,0.89,0.507108,0.003679,7.376442,0.001271,1687,-0.01,0.04691,0.0043,-0.00209,0.03643,0.53394
1044,1069056,28.94373,55.05882,0.76471,0.88,0.575668,9.6e-05,11.601988,0.001618,1697,-0.01,0.04826,0.00353,-0.00168,0.02776,0.43916
1045,1070080,33.28882,55.58824,0.88235,0.87,0.441951,-0.067438,6.883557,0.002008,1647,-0.01,0.04787,0.00513,0.0001,0.03182,0.48967
1046,1071104,31.69434,65.31579,0.84211,0.85,0.457864,-0.043196,8.329382,0.000848,1637,-0.01,0.04818,0.00481,-0.00133,0.03908,0.52143
1047,1072128,35.43921,41.63158,0.94737,0.85,0.429916,-0.000915,7.652207,0.001375,1619,-0.01,0.04715,0.00556,-0.00184,0.03808,0.6097
1048,1073152,32.84381,68.38095,0.85714,0.86,0.40723,-0.000509,8.258347,0.000453,1662,-0.01,0.04659,0.00604,-0.00181,0.04053,0.58801
1049,1074176,33.55214,30.5,1.0,0.87,0.435333,0.000255,8.416256,0.001094,1797,-0.01,0.04834,0.00367,-0.00189,0.02624,0.42739
1050,1075200,32.05159,70.5,0.81818,0.89,0.358877,-0.128155,9.094008,0.000767,1629,-0.01,0.04694,0.00791,-0.00083,0.03886,0.58978
1051,1076224,35.22264,41.94444,0.94444,0.9,0.400167,0.000332,7.203666,0.000512,1801,-0.01,0.0462,0.0055,-0.00252,0.04256,0.60901
1052,1077248,33.09382,63.52632,0.89474,0.9,0.38705,-0.000891,7.241622,0.001756,1796,-0.01,0.04731,0.00617,-0.00042,0.04033,0.59656
1053,1078272,35.33211,40.21053,0.94737,0.91,0.423698,-0.11477,8.923685,0.001028,1676,-0.01,0.04646,0.00535,-0.00179,0.03784,0.60928
1054,1079296,31.56455,61.27273,0.86364,0.89,0.441449,-0.001225,8.218174,0.000454,1696,-0.01,0.04716,0.00554,-0.00108,0.03946,0.62304
1055,1080320,31.29632,42.57895,0.89474,0.91,0.419385,-0.093735,12.588745,0.001292,1632,-0.01,0.04673,0.00395,-0.00172,0.036,0.54725
1056,1081344,28.0808,91.54545,0.72727,0.89,0.513772,-0.000399,6.124976,0.001845,1779,-0.01,0.05006,0.00113,-0.00188,0.02104,0.26071
1057,1082368,32.76964,59.71429,0.90476,0.87,0.387459,-0.001018,8.644297,0.000817,1711,-0.01,0.04862,0.00657,-0.00028,0.03633,0.59264
1058,1083392,33.96958,39.33333,0.95833,0.89,0.366825,-0.000585,10.025601,0.001036,1663,-0.01,0.04457,0.00738,-0.00188,0.05069,0.73355
1059,1084416,30.30956,42.90476,0.85714,0.88,0.413021,6.1e-05,15.974438,0.001518,1787,-0.01,0.0424,0.00757,-0.00075,0.03504,0.60338
1060,1085440,31.0653,63.5,0.8,0.87,0.411223,-0.000566,10.157676,0.000897,1755,-0.01,0.04648,0.00668,-0.00068,0.03784,0.56305
1061,1086464,29.44862,51.25,0.8,0.86,0.388168,-0.000478,15.704123,0.00104,1750,-0.01,0.04663,0.00723,-0.00083,0.03977,0.53922
1062,1087488,34.87971,50.58824,0.94118,0.87,0.426164,-0.10416,9.106266,0.001146,1798,-0.01,0.04634,0.0051,-0.00159,0.0341,0.55456
1063,1088512,31.30368,54.68421,0.89474,0.86,0.378399,-0.017919,8.875388,0.00079,1722,-0.01,0.04653,0.00571,-0.00187,0.04056,0.53046
1064,1089536,31.4522,48.24,0.88,0.87,0.411146,-0.010254,9.778638,0.001304,1681,-0.01,0.04465,0.00756,-0.0015,0.03862,0.71593
1065,1090560,34.50577,43.15385,0.96154,0.9,0.348841,-0.000811,14.695269,0.001962,1670,-0.01,0.04458,0.00966,-0.00186,0.05413,0.80817
1066,1091584,35.23643,30.86957,1.0,0.93,0.361031,-0.041892,9.978013,0.00066,1706,-0.01,0.0445,0.00744,-0.00247,0.04492,0.74864
1067,1092608,33.36476,50.57143,0.90476,0.94,0.372088,-0.07271,7.714085,0.001663,1712,-0.01,0.04512,0.00778,-0.002,0.04508,0.63743
1068,1093632,34.17531,42.6875,0.9375,0.93,0.476209,-0.00037,8.894761,0.001382,1790,-0.01,0.04547,0.00495,-0.00212,0.03003,0.50439
1069,1094656,28.27779,80.55556,0.77778,0.92,0.485615,0.034939,9.598754,0.001949,1682,-0.01,0.04273,0.00485,-0.00163,0.03555,0.44019
1070,1095680,32.72899,41.55,0.95,0.92,0.379645,-0.022794,12.22194,0.000483,1713,-0.01,0.04593,0.00676,-0.00234,0.03641,0.5907
1071,1096704,29.32143,62.19048,0.80952,0.88,0.422634,-0.014069,10.184207,0.000682,1721,-0.01,0.04419,0.00604,-0.00086,0.0425,0.54062
1072,1097728,35.3585,30.15,1.0,0.9,0.473353,-0.036936,10.681349,0.001614,1717,-0.01,0.04584,0.00594,-0.00086,0.03213,0.65086
1073,1098752,29.52696,69.94118,0.76471,0.87,0.481675,-0.064302,8.535663,0.000821,1711,-0.01,0.04531,0.00477,-0.00139,0.03268,0.44327
1074,1099776,31.33807,62.52381,0.85714,0.88,0.419192,0.078321,10.854969,0.000804,1637,-0.01,0.04189,0.00615,-0.00242,0.04386,0.58532
1075,1100800,35.29105,42.36842,0.94737,0.88,0.38712,-0.03506,9.881455,0.000712,1587,-0.01,0.04495,0.00449,-0.00291,0.03546,0.59904
1076,1101824,31.4154,53.55,0.9,0.9,0.434472,-0.001334,10.558456,0.00147,1669,-0.01,0.04221,0.00471,-0.00306,0.04082,0.57258
1077,1102848,33.89856,47.19231,0.92308,0.9,0.346028,-0.084225,8.586785,0.000901,1599,-0.01,0.04132,0.00935,-0.00281,0.05267,0.80311
1078,1103872,32.67209,32.23077,1.0,0.92,0.464218,-0.047235,8.759304,0.003076,1775,-0.01,0.04716,0.00399,-0.00133,0.02616,0.41315
1079,1104896,30.91687,78.83333,0.77778,0.9,0.383235,0.008097,10.318952,0.000562,1707,-0.01,0.04506,0.00557,-0.00225,0.03517,0.48144
1080,1105920,30.8132,41.17391,0.91304,0.9,0.347316,-0.037699,11.046044,0.001486,1662,-0.01,0.04125,0.0073,-0.00295,0.04478,0.65035
1081,1106944,32.24074,57.17647,0.88235,0.9,0.392564,0.07142,13.533156,0.000677,1713,-0.01,0.04456,0.00449,-0.00315,0.03315,0.47572
1082,1107968,28.54,74.2,0.73333,0.87,0.507333,0.054508,10.223707,0.002799,1677,-0.01,0.04702,0.0039,-0.00184,0.02501,0.35824
1083,1108992,34.65651,44.0625,0.9375,0.87,0.49219,-0.001286,8.798662,0.001901,1630,-0.01,0.04517,0.00292,-0.00313,0.03222,0.4939
1084,1110016,27.90144,82.69231,0.76923,0.84,0.541157,0.000518,9.225767,0.000896,1748,-0.01,0.04714,0.00315,-0.00197,0.02791,0.30882
1085,1111040,33.31286,64.95833,0.91667,0.87,0.437538,0.001196,9.13905,0.002342,1660,-0.01,0.04362,0.00674,-0.00207,0.04289,0.69855
1086,1112064,33.60137,40.8,0.95,0.88,0.477727,-0.00889,10.654293,0.002643,1635,-0.01,0.04372,0.00694,-0.00355,0.0439,0.60172
1087,1113088,33.90056,43.0,0.94444,0.9,0.47354,0.028685,5.62166,0.001053,1655,-0.01,0.04584,0.00391,-0.00267,0.03023,0.54233
1088,1114112,31.06579,65.2381,0.85714,0.9,0.432687,-0.001275,10.252513,0.00118,1624,-0.01,0.04293,0.00781,-0.00411,0.04438,0.56375
1089,1115136,33.32239,40.18182,0.95455,0.93,0.431211,0.00014,10.516812,0.000499,1675,-0.01,0.04294,0.00638,-0.00578,0.04145,0.66724
1090,1116160,34.45491,46.0,0.95833,0.93,0.360065,-0.000235,12.122405,0.000392,1646,-0.01,0.0442,0.00767,-0.00464,0.05078,0.74133
1091,1117184,34.03266,41.61905,1.0,0.94,0.493375,-0.085585,8.418165,0.002094,1636,-0.01,0.04386,0.00604,-0.00326,0.03708,0.6512
1092,1118208,33.45823,49.85714,0.96429,0.97,0.296282,-0.024184,10.146819,0.00205,1594,-0.01,0.04164,0.00965,-0.00565,0.05824,0.85245
1093,1119232,35.50731,31.7037,1.0,0.98,0.295603,-0.002427,10.285073,0.00149,1579,-0.01,0.03996,0.01035,-0.00469,0.0582,0.89976
1094,1120256,32.92838,39.44828,0.96552,0.98,0.378643,-0.004262,9.327544,0.001529,1590,-0.01,0.0393,0.00966,-0.00611,0.05599,0.88838
1095,1121280,36.10607,30.64286,1.0,0.98,0.39523,0.020558,7.090457,0.004281,1752,-0.01,0.04457,0.00395,-0.0059,0.03536,0.48817
1096,1122304,30.1016,71.38095,0.80952,0.95,0.454017,0.001037,5.152591,0.002327,1671,-0.01,0.04067,0.00574,-0.00572,0.0377,0.55713
1097,1123328,33.55877,53.57143,0.92857,0.94,0.41551,-0.000307,8.93121,0.001674,1697,-0.01,0.04396,0.00435,-0.00623,0.027,0.41149
1098,1124352,30.10142,89.0,0.72727,0.91,0.476325,-0.000717,5.918189,0.00141,1725,-0.01,0.04763,0.00202,-0.00366,0.02151,0.26824
1099,1125376,31.37909,50.86364,0.90909,0.9,0.365669,-0.056727,11.719113,0.001647,1658,-0.01,0.04681,0.00765,-0.00356,0.03822,0.62922
1100,1126400,33.35493,53.1,0.9,0.88,0.340033,0.143811,13.19344,0.001446,1647,-0.01,0.04527,0.00659,-0.00496,0.04599,0.601
1101,1127424,30.29416,54.78947,0.84211,0.86,0.387373,-0.001186,13.955746,0.001198,1693,-0.01,0.04628,0.00491,-0.00447,0.03092,0.52684
1102,1128448,31.01497,50.95455,0.86364,0.87,0.325601,-0.029022,7.496388,0.0008,1608,-0.01,0.04403,0.0057,-0.00575,0.04177,0.60953
1103,1129472,32.10955,56.94118,0.88235,0.88,0.453481,-0.000467,8.741816,0.001762,1680,-0.01,0.04477,0.00474,-0.00628,0.03602,0.47634
1104,1130496,33.13273,49.0,0.86957,0.88,0.395016,0.00874,10.112575,0.001696,1618,-0.01,0.0426,0.00652,-0.00414,0.04179,0.66833
1105,1131520,34.09071,36.66667,0.93333,0.88,0.362056,0.049568,12.14165,0.000886,1583,-0.01,0.04276,0.00938,-0.00533,0.05767,0.92972
1106,1132544,33.65737,42.47368,0.94737,0.91,0.408412,0.033159,7.600933,0.001951,1669,-0.01,0.0463,0.00688,-0.00404,0.03974,0.56895
1107,1133568,33.22191,50.19048,0.90476,0.91,0.413425,-0.019336,6.203848,0.000466,1625,-0.01,0.04634,0.0052,-0.00471,0.03845,0.61302
1108,1134592,32.72036,49.08333,0.91667,0.91,0.341467,-0.025256,8.743845,0.00147,1623,-0.01,0.04633,0.00842,-0.00433,0.05076,0.70136
1109,1135616,35.61717,39.0,1.0,0.95,0.353035,-0.001411,9.929896,0.001329,1605,-0.01,0.04513,0.00769,-0.00655,0.04956,0.7366
1110,1136640,35.29434,42.15789,0.94737,0.94,0.37894,-0.000676,8.99934,0.001152,1635,-0.01,0.04664,0.00637,-0.00336,0.03568,0.59465
1111,1137664,30.93523,60.31818,0.86364,0.92,0.399378,2.3e-05,7.272898,0.001522,1642,-0.01,0.04471,0.0062,-0.00388,0.03836,0.58995
1112,1138688,35.31848,37.32143,0.96429,0.95,0.33498,-0.0004,8.912218,0.001235,1588,-0.01,0.04341,0.00994,-0.00431,0.05762,0.89266
1113,1139712,34.19074,37.66667,0.92593,0.93,0.346555,-0.000299,11.285246,0.000372,1559,-0.01,0.04254,0.00917,-0.00463,0.05641,0.86511
1114,1140736,32.88672,44.9375,0.9375,0.93,0.4035,0.083581,8.610044,0.000891,1678,-0.01,0.0444,0.00636,-0.00514,0.03562,0.47413
1115,1141760,30.43293,59.52174,0.86957,0.93,0.371696,-0.001342,10.477075,0.000759,1668,-0.01,0.04579,0.0072,-0.00284,0.0428,0.61953
1116,1142784,34.28483,36.96667,0.96667,0.93,0.302045,-0.037637,9.182425,0.001973,1592,-0.01,0.04248,0.01042,-0.00396,0.05687,0.94825
1117,1143808,33.46729,40.45833,0.95833,0.94,0.43039,-0.000656,10.678918,0.000572,1594,-0.01,0.04463,0.0071,-0.00411,0.04447,0.72139
1118,1144832,32.40087,40.55,0.9,0.93,0.404173,0.076927,12.506307,0.005247,1667,-0.01,0.04445,0.00482,-0.00363,0.04075,0.57953
1119,1145856,29.11554,61.07143,0.78571,0.91,0.464367,-0.047267,9.038588,0.001777,1726,-0.01,0.04736,0.00464,-0.00339,0.02754,0.34954
1120,1146880,27.48632,69.36364,0.72727,0.9,0.509933,0.073745,8.38247,0.000719,1747,-0.01,0.04826,0.00148,-0.00235,0.01764,0.25397
1121,1147904,29.1523,75.8,0.8,0.88,0.52233,-0.037251,9.872525,0.000601,1687,-0.01,0.04668,0.00239,-0.00373,0.02746,0.37531
1122,1148928,31.26697,64.84211,0.84211,0.85,0.368549,-0.075578,8.838434,0.001043,1644,-0.01,0.04695,0.005,-0.00152,0.03333,0.51214
1123,1149952,33.85797,56.875,0.875,0.83,0.423577,-0.000944,6.70869,0.000696,1666,-0.01,0.04654,0.00471,-0.00263,0.03556,0.46251
1124,1150976,32.47257,56.88,0.88,0.83,0.431375,0.019317,8.375309,0.00085,1624,-0.01,0.04436,0.00752,-0.00304,0.04268,0.70853
1125,1152000,35.2288,38.47826,0.95652,0.87,0.43847,0.000487,6.682936,0.002388,1619,-0.01,0.04483,0.00568,-0.00553,0.04941,0.72086
1126,1153024,31.53012,51.65,0.9,0.89,0.42423,0.041354,15.999437,0.001274,1681,-0.01,0.04645,0.00538,-0.00353,0.04078,0.58021
1127,1154048,33.97437,40.20833,0.95833,0.92,0.358592,-0.009339,9.703173,0.001688,1681,-0.01,0.04606,0.00852,-0.00277,0.04992,0.77895
1128,1155072,31.29014,54.16667,0.88889,0.93,0.378758,-0.054936,7.802167,0.002899,1672,-0.01,0.04654,0.00566,-0.00303,0.03663,0.50824
1129,1156096,31.5725,64.78261,0.86957,0.92,0.406178,0.000167,10.615482,0.000942,1670,-0.01,0.04412,0.00642,-0.00405,0.03843,0.63332
1130,1157120,34.74148,30.72727,1.0,0.93,0.371464,0.090868,10.169478,0.001364,1599,-0.01,0.04416,0.00698,-0.00485,0.05035,0.69923
1131,1158144,32.50221,59.53333,0.86667,0.92,0.463554,-0.009909,9.285338,0.001773,1654,-0.01,0.04786,0.00241,-0.00136,0.02494,0.42488
1132,1159168,31.2525,56.70588,0.88235,0.91,0.379958,-0.06846,7.018484,0.000309,1635,-0.01,0.04688,0.00386,-0.00268,0.03509,0.46153
1133,1160192,33.02559,55.52941,0.88235,0.91,0.462893,-0.065263,7.602275,0.00077,1617,-0.01,0.04838,0.00344,-0.00191,0.03361,0.48329
1134,1161216,34.89037,51.55,0.9,0.9,0.42959,-0.000772,4.872345,0.001201,1633,-0.01,0.04619,0.00508,-0.0022,0.03918,0.60293
1135,1162240,33.89647,52.17241,0.89655,0.89,0.342455,-0.152872,7.592113,0.000542,1558,-0.01,0.04374,0.0085,-0.0037,0.05437,0.85562
1136,1163264,34.42773,40.09091,0.95455,0.9,0.373415,-0.000291,10.537686,0.000826,1634,-0.01,0.04556,0.00831,-0.00196,0.04786,0.67912
1137,1164288,34.09457,50.17391,0.91304,0.91,0.417203,-0.037332,6.849564,0.000859,1620,-0.01,0.04507,0.0067,-0.00302,0.04697,0.68212
1138,1165312,36.44476,29.95238,1.0,0.94,0.434068,0.001815,8.30638,0.003854,1656,-0.01,0.04705,0.00609,-0.00238,0.04124,0.68765
1139,1166336,32.52892,54.55556,0.88889,0.95,0.441909,0.000492,9.884177,0.000942,1652,-0.01,0.04715,0.00541,-0.00116,0.03472,0.52259
1140,1167360,32.4285,62.85,0.85,0.92,0.420195,0.000242,6.296903,0.001069,1594,-0.01,0.04765,0.00552,-0.00024,0.04086,0.56845
1141,1168384,34.21629,47.62069,0.93103,0.91,0.28363,0.001794,7.594825,0.003221,1504,-0.01,0.04416,0.00865,-0.00172,0.05771,0.89869
1142,1169408,33.08751,30.45455,0.95455,0.92,0.381839,0.001892,16.594575,0.003948,1636,-0.01,0.04425,0.00799,-0.00117,0.0436,0.6826
1143,1170432,29.16412,49.07692,0.84615,0.91,0.491232,0.000683,10.541246,0.000781,1734,-0.01,0.046,0.00382,-0.0007,0.02302,0.35248
1144,1171456,32.30616,69.90909,0.81818,0.89,0.409383,-0.001336,7.394924,0.002087,1580,-0.01,0.04637,0.00583,-0.00016,0.04461,0.60499
1145,1172480,34.33611,42.61111,0.94444,0.9,0.393103,-0.022677,9.730384,0.00026,1591,-0.01,0.0484,0.00487,-4e-05,0.03559,0.55031
1146,1173504,30.7065,60.53333,0.86667,0.9,0.484737,-0.02648,8.078201,0.003598,1738,-0.01,0.04786,0.00416,-0.00016,0.02965,0.4103
1147,1174528,29.76628,76.93333,0.8,0.87,0.51136,-0.001067,10.563265,0.00086,1673,-0.01,0.04897,0.00332,-0.00039,0.03093,0.40225
1148,1175552,32.83907,48.58333,0.91667,0.87,0.432059,-0.001299,9.050827,0.000776,1630,-0.01,0.04583,0.00656,0.00037,0.04609,0.70822
1149,1176576,34.03632,42.73684,0.94737,0.9,0.453044,-0.106001,13.265859,0.0021,1690,-0.01,0.04833,0.00593,4e-05,0.04028,0.59395
1150,1177600,30.36146,77.16667,0.83333,0.89,0.56454,0.0022,12.046242,0.001868,1840,-0.01,0.04919,0.00237,-0.00077,0.01921,0.3324
1151,1178624,28.54686,77.8125,0.75,0.86,0.540074,-0.000613,8.540021,0.00104,1745,-0.01,0.04562,0.0044,-1e-05,0.0329,0.40828
1152,1179648,32.62258,43.06061,0.90909,0.88,0.391891,-0.009587,9.687257,0.004658,1536,-0.01,0.04471,0.01092,0.001,0.05915,0.97456
1153,1180672,33.8363,32.04,1.0,0.91,0.396516,0.00101,12.543946,0.002769,1659,-0.01,0.04649,0.00805,0.00026,0.05019,0.77576
1154,1181696,36.37039,29.63158,1.0,0.92,0.36571,-0.006116,6.902808,0.000582,1650,-0.01,0.04723,0.00493,-0.00078,0.0428,0.6224
1155,1182720,29.89467,59.13043,0.78261,0.92,0.400515,-0.001176,12.591518,0.000743,1661,-0.01,0.04851,0.00681,0.00162,0.04362,0.61223
1156,1183744,32.79086,46.17241,0.93103,0.93,0.374609,-0.00013,11.631618,0.000487,1653,-0.01,0.04687,0.00801,0.0017,0.05003,0.87236
1157,1184768,32.09597,32.44444,0.94444,0.92,0.464396,-0.056383,12.796967,0.002264,1726,-0.01,0.045,0.00587,-0.00047,0.04032,0.55379
1158,1185792,30.06651,64.05,0.85,0.89,0.479384,-0.000954,10.591166,0.001167,1739,-0.01,0.0481,0.00364,0.00026,0.03595,0.53676
1159,1186816,35.61354,39.5,0.95833,0.91,0.378464,0.000411,9.901684,0.001325,1649,-0.01,0.04797,0.00803,0.0014,0.04764,0.77384
1160,1187840,34.64039,42.26087,0.95652,0.92,0.409188,-0.000526,11.084245,0.000653,1618,-0.01,0.04822,0.00691,0.00029,0.05131,0.714
1161,1188864,34.23155,45.96552,0.93103,0.93,0.395416,0.001448,11.766224,0.00121,1613,-0.01,0.04749,0.01076,0.00049,0.05641,0.88157
1162,1189888,34.46929,32.07407,0.96296,0.95,0.370821,0.052988,8.834253,0.000709,1602,-0.01,0.04741,0.00891,1e-05,0.05329,0.83785
1163,1190912,34.45797,31.1875,1.0,0.96,0.552228,0.019115,12.349225,0.002234,1653,-0.01,0.04942,0.00386,0.00029,0.03489,0.4998
1164,1191936,31.67957,68.13043,0.82609,0.93,0.411837,-0.034707,6.3755,0.001421,1576,-0.01,0.04862,0.00605,0.00086,0.04409,0.61089
1165,1192960,34.57356,39.08333,0.95833,0.93,0.469865,0.164989,15.730977,0.003788,1638,-0.01,0.04904,0.00744,0.00104,0.04349,0.74368
1166,1193984,32.14197,54.31579,0.89474,0.93,0.465337,-0.000699,11.253475,0.00107,1647,-0.01,0.04804,0.00591,0.00043,0.04426,0.536
1167,1195008,35.97031,29.70833,1.0,0.93,0.528431,-0.103607,8.627859,0.002432,1538,-0.01,0.0462,0.00617,-0.00015,0.04423,0.7761
1168,1196032,32.17263,47.46154,0.84615,0.92,0.412533,-0.000827,15.422555,0.003537,1626,-0.01,0.04394,0.00877,-0.00032,0.05356,0.80508
1169,1197056,35.68351,39.75,0.95833,0.92,0.431136,-0.000324,8.689131,0.001712,1661,-0.01,0.04677,0.00782,6e-05,0.04996,0.82958
1170,1198080,34.0477,47.44,0.92,0.93,0.457669,0.048555,6.351974,0.000887,1596,-0.01,0.04624,0.00949,3e-05,0.05918,0.79281
1171,1199104,33.35479,40.75,0.95833,0.92,0.440939,0.002047,11.968148,0.003867,1580,-0.01,0.04901,0.00849,0.00111,0.04526,0.72541
1172,1200128,34.31514,42.77778,0.94444,0.94,0.494382,0.000407,7.333922,0.001392,1647,-0.01,0.04816,0.00405,-0.00111,0.03406,0.54491
1173,1201152,33.37356,56.5,0.88462,0.93,0.463585,-0.001216,9.745491,0.001289,1530,-0.01,0.04795,0.00848,-0.00018,0.05354,0.75992
1174,1202176,31.92479,32.54545,0.95455,0.94,0.470951,0.045663,13.729578,0.00324,1738,-0.01,0.04688,0.00569,-7e-05,0.03897,0.6729
1175,1203200,33.46346,63.53846,0.84615,0.92,0.514996,0.005949,6.375497,0.001469,1626,-0.01,0.04776,0.00246,0.00023,0.02672,0.37434
1176,1204224,30.5943,67.95833,0.83333,0.89,0.504537,-0.026611,8.126982,0.00228,1548,-0.01,0.04537,0.00648,0.00059,0.04879,0.6289
1177,1205248,36.4875,29.96296,1.0,0.92,0.451439,0.00012,8.895952,0.000804,1547,-0.01,0.04731,0.00788,0.00088,0.057,0.88324
1178,1206272,34.8676,40.20833,0.95833,0.92,0.498997,-0.000502,9.135948,0.001343,1574,-0.01,0.04756,0.00687,-0.00037,0.04611,0.74737
1179,1207296,33.05265,44.94118,0.94118,0.93,0.53782,0.069026,9.050226,0.001953,1614,-0.01,0.049,0.00234,0.00077,0.03119,0.49414
1180,1208320,30.27641,72.3125,0.8125,0.92,0.58719,-0.004884,6.58363,0.003089,1629,-0.01,0.04788,0.00308,-0.00034,0.03043,0.41068
1181,1209344,32.73683,46.5,0.9,0.92,0.414069,-0.103569,11.633056,0.0008,1491,-0.01,0.04594,0.00911,0.00099,0.05875,0.88261
1182,1210368,35.82924,29.86957,1.0,0.92,0.465167,0.033432,9.03353,0.001825,1559,-0.01,0.04789,0.00514,0.00025,0.04744,0.74788
1183,1211392,31.87719,49.75,0.91667,0.92,0.529348,-0.000446,11.615379,0.001331,1580,-0.01,0.04903,0.00672,0.00108,0.04338,0.6817
1184,1212416,33.84501,40.36,0.96,0.94,0.492184,-0.000948,12.058006,0.001657,1551,-0.01,0.04765,0.00855,0.0001,0.05464,0.7679
1185,1213440,33.17367,41.28,0.92,0.95,0.528532,-0.000977,12.50092,0.001216,1589,-0.01,0.04807,0.0082,0.0003,0.04805,0.76398
1186,1214464,34.87562,39.58333,0.95833,0.94,0.533098,0.008925,10.888466,0.000844,1663,-0.01,0.04749,0.00792,0.00063,0.05026,0.81947
1187,1215488,35.24423,44.0,0.9375,0.94,0.622321,-0.000265,6.91865,0.001918,1748,-0.01,0.0467,0.00334,-0.0002,0.03979,0.56483
1188,1216512,32.69341,65.72222,0.83333,0.93,0.600089,0.000827,6.433319,0.001058,1647,-0.01,0.04803,0.00229,0.00018,0.03498,0.52971
1189,1217536,32.66013,53.31579,0.89474,0.91,0.561223,0.000137,8.971784,0.000538,1582,-0.01,0.04945,0.00233,0.00066,0.03521,0.53787
1190,1218560,30.79763,67.77778,0.83333,0.89,0.614478,0.049233,8.951175,0.00103,1603,-0.01,0.04974,0.00242,0.00014,0.03725,0.47044
1191,1219584,33.72204,48.09091,0.95455,0.89,0.483765,-0.001937,9.055917,0.002619,1582,-0.01,0.04772,0.00471,0.00033,0.04014,0.65617
1192,1220608,33.36317,46.84615,0.88462,0.88,0.524115,-0.038722,8.192383,0.00148,1548,-0.01,0.04796,0.00781,0.00028,0.0544,0.7607
1193,1221632,36.16475,29.45455,1.0,0.92,0.531761,-0.054933,10.032243,0.001666,1594,-0.01,0.04737,0.00579,-0.00068,0.0449,0.73618
1194,1222656,28.96026,54.78947,0.78947,0.91,0.613391,0.064272,8.953862,0.001374,1552,-0.01,0.0465,0.00294,-0.0005,0.03406,0.47396
1195,1223680,33.77625,43.75,0.9375,0.91,0.744495,0.005002,8.346488,0.003002,1534,-0.01,0.04801,0.0004,-0.00112,0.02715,0.47654
1196,1224704,30.07511,70.0,0.76471,0.88,0.744156,-0.037529,10.246581,0.001725,1501,-0.01,0.04789,0.00266,-0.00055,0.03174,0.43374
1197,1225728,29.08981,68.44444,0.77778,0.86,0.64333,-0.074981,8.540364,0.001088,1564,-0.01,0.04744,0.00211,0.00049,0.03078,0.44711
1198,1226752,32.37863,54.68421,0.89474,0.85,0.609198,0.099778,13.925638,0.000878,1564,-0.01,0.04769,0.00296,-0.00068,0.03759,0.5429
1199,1227776,33.61479,39.54167,0.95833,0.86,0.532796,-1.1e-05,10.338009,0.000823,1538,-0.01,0.04649,0.00657,-0.00029,0.04987,0.72261
1200,1228800,35.69653,43.05556,0.94444,0.88,0.605697,0.000594,8.334002,0.002138,1630,-0.01,0.04763,0.00234,-0.00142,0.03612,0.56685
1201,1229824,29.99632,66.76923,0.84615,0.9,0.675148,0.001746,10.958562,0.00177,1699,-0.01,0.04883,-0.00059,0.00022,0.02302,0.34167
1202,1230848,31.19256,75.38095,0.90476,0.91,0.582904,-0.001738,15.390173,0.002106,1607,-0.01,0.04669,0.00409,-0.00055,0.04345,0.56544
1203,1231872,36.04489,29.68182,1.0,0.94,0.503962,-0.016364,8.130791,0.001076,1606,-0.01,0.04694,0.00435,1e-05,0.0426,0.73236
1204,1232896,29.81126,54.92593,0.81481,0.9,0.515504,0.002232,17.637384,0.001671,1564,-0.01,0.04625,0.00746,0.0015,0.0488,0.72253
1205,1233920,34.42015,30.84211,1.0,0.91,0.578887,-0.067776,8.88376,0.001342,1617,-0.01,0.04625,0.00264,0.00028,0.03637,0.61281
1206,1234944,31.78093,61.71429,0.85714,0.91,0.613167,-0.001907,10.300747,0.002473,1608,-0.01,0.0445,0.00453,-0.00039,0.04025,0.59645
1207,1235968,30.69476,41.09524,0.90476,0.9,0.626647,0.0334,15.373191,0.002806,1593,-0.01,0.04712,0.00324,-5e-05,0.03865,0.60781
1208,1236992,29.11476,68.83333,0.83333,0.88,0.743612,-0.011295,11.058772,0.001365,1678,-0.01,0.0463,-0.0013,-0.00014,0.02443,0.31766
1209,1238016,32.02486,76.88235,0.82353,0.88,0.64929,-0.00056,7.785559,0.000738,1622,-0.01,0.04748,0.00194,8e-05,0.03465,0.46998
1210,1239040,33.05785,44.29412,0.94118,0.89,0.589522,0.084689,13.706475,0.002594,1632,-0.01,0.05019,0.00082,0.00088,0.03406,0.51209
1211,1240064,30.76628,70.27273,0.81818,0.86,0.600599,-0.176475,13.763156,0.001051,1545,-0.01,0.04876,0.00419,0.00045,0.04154,0.58336
1212,1241088,33.23416,42.1,0.9,0.88,0.577001,0.055427,9.369755,0.001806,1607,-0.01,0.04806,0.00329,0.00066,0.03739,0.59058
1213,1242112,34.18023,49.86364,0.90909,0.88,0.584326,-0.00151,9.586115,0.002326,1595,-0.01,0.0487,0.00485,0.00017,0.04633,0.65342
1214,1243136,33.642,42.55,0.95,0.9,0.623058,-0.00011,11.306085,0.002206,1701,-0.01,0.04832,0.00302,-0.00038,0.03553,0.60942
1215,1244160,31.34112,54.79167,0.91667,0.91,0.622058,-0.001414,14.957388,0.001367,1647,-0.01,0.04775,0.00622,0.00027,0.05051,0.6693
1216,1245184,34.73856,38.80769,0.96154,0.92,0.606205,-0.224899,13.925372,0.000878,1605,-0.01,0.04875,0.00512,0.00012,0.04686,0.81368
1217,1246208,35.70853,29.29412,1.0,0.94,0.678486,0.018811,7.659049,0.001522,1632,-0.01,0.049,0.00183,-0.00098,0.04244,0.54367
1218,1247232,32.74471,64.11538,0.84615,0.93,0.619104,-0.008258,7.491855,0.004952,1587,-0.01,0.04746,0.00429,-0.00111,0.04694,0.72461
1219,1248256,30.92241,31.88462,0.92308,0.92,0.618549,-0.000583,21.025049,0.001899,1664,-0.01,0.04742,0.00581,-0.00248,0.04353,0.76995
1220,1249280,28.04,43.52632,0.84211,0.9,0.655372,0.003988,16.135409,0.007029,1742,-0.01,0.0485,0.00195,-0.0009,0.03184,0.50846
1221,1250304,28.78312,69.35294,0.76471,0.87,0.683306,-0.000431,9.881612,0.001868,1637,-0.01,0.04812,0.00015,-0.00201,0.03691,0.4198
1222,1251328,35.34902,37.82609,1.0,0.89,0.720199,-0.031695,10.097812,0.004042,1726,-0.01,0.04769,0.00422,-0.00146,0.04394,0.73939
1223,1252352,33.29,45.82759,0.89655,0.89,0.593809,0.000116,12.402981,0.002155,1614,-0.01,0.04705,0.00794,-0.00101,0.05611,0.89817
1224,1253376,34.13217,41.14286,0.95238,0.91,0.613212,0.008584,10.470561,0.002874,1671,-0.01,0.04676,0.00442,-0.00121,0.0482,0.66638
1225,1254400,31.92094,44.125,0.9375,0.93,0.643017,0.116104,18.250425,0.004332,1701,-0.01,0.04827,-0.00028,-0.00202,0.02959,0.47279
1226,1255424,30.41312,67.72222,0.83333,0.92,0.608164,-0.014378,6.480146,0.000726,1638,-0.01,0.0493,0.00172,0.0001,0.03515,0.47151
1227,1256448,34.68464,52.19048,0.90476,0.9,0.590536,0.095836,11.681724,0.001592,1596,-0.01,0.04661,0.00373,-0.0013,0.04487,0.63332
1228,1257472,34.18354,43.05263,0.94737,0.92,0.68975,-0.13797,9.412511,0.002682,1621,-0.01,0.04613,0.00144,-0.00248,0.03475,0.57882
1229,1258496,30.4675,78.55556,0.88889,0.91,0.748694,0.000322,9.791406,0.003041,1765,-0.01,0.04805,-0.00266,-0.00134,0.01949,0.24276
1230,1259520,30.26565,69.54545,0.81818,0.88,0.591185,0.001088,8.977257,0.00075,1704,-0.01,0.04573,0.00382,-0.00162,0.04585,0.60922
1231,1260544,34.06274,56.375,0.875,0.88,0.669019,-0.044806,7.803072,0.005283,1904,-0.01,0.04796,-0.00446,-0.00204,0.01407,0.24865
1232,1261568,20.8034,140.5,0.5,0.84,0.681566,-0.000814,5.47823,0.001923,1819,-0.01,0.04828,-0.00607,-0.00086,0.01469,0.12553
1233,1262592,31.37267,61.03448,0.89655,0.85,0.570482,0.039926,16.667524,0.008206,1570,-0.01,0.04419,0.00834,-0.00228,0.05297,0.81675
1234,1263616,31.783,33.20833,0.91667,0.85,0.632354,0.075325,15.463639,0.001146,1594,-0.01,0.04413,0.00427,-0.00382,0.04098,0.70525
1235,1264640,29.91059,52.08696,0.86957,0.86,0.589134,-0.152102,18.715791,0.001843,1628,-0.01,0.04575,0.00528,-0.00235,0.04761,0.63157
1236,1265664,35.18651,32.47826,0.95652,0.91,0.586175,-0.054937,8.882759,0.000786,1592,-0.01,0.04367,0.00429,-0.00257,0.04504,0.7625
1237,1266688,32.50689,52.5,0.9,0.92,0.708984,-0.082596,9.453648,0.00203,1643,-0.01,0.04738,0.00124,-0.0013,0.03833,0.5858
1238,1267712,30.51603,55.41176,0.82353,0.91,0.689324,0.000565,10.500231,0.00322,1696,-0.01,0.04805,0.00049,-0.00182,0.03198,0.47155
1239,1268736,33.10159,57.94118,0.88235,0.89,0.665532,0.049382,9.27056,0.003092,1664,-0.01,0.04668,0.00163,-0.00067,0.03692,0.52021
1240,1269760,31.77489,53.03704,0.88889,0.89,0.576928,-0.017944,13.995031,0.003771,1602,-0.01,0.04602,0.0069,-0.00042,0.05197,0.79683
1241,1270784,35.3154,32.24,1.0,0.91,0.598319,-0.001193,10.054531,0.001067,1582,-0.01,0.04792,0.00662,-0.00103,0.05183,0.79852
1242,1271808,33.31023,40.90476,1.0,0.93,0.629058,0.071366,16.179325,0.000981,1610,-0.01,0.04823,0.00167,-0.00118,0.03856,0.64077
1243,1272832,33.11594,63.9375,0.875,0.94,0.66648,0.000412,9.561577,0.000765,1657,-0.01,0.04896,0.00058,-0.00061,0.03495,0.4549
1244,1273856,32.40759,69.05263,0.89474,0.93,0.641484,-0.000383,10.511359,0.001655,1619,-0.01,0.04851,0.00218,-0.00061,0.03404,0.52891
1245,1274880,35.86786,38.5,0.96429,0.95,0.57998,0.000818,5.24863,0.001927,1561,-0.01,0.04742,0.00667,-0.00061,0.05239,0.89077
1246,1275904,34.10792,41.94444,0.94444,0.94,0.659425,-0.081362,7.994454,0.008467,1682,-0.01,0.04902,0.00259,0.00017,0.03932,0.5445
1247,1276928,33.5057,59.4,0.86667,0.92,0.70465,-0.001158,5.836013,0.003138,1724,-0.01,0.04866,-0.00158,0.00065,0.03019,0.43693
1248,1277952,30.66037,61.27273,0.86364,0.91,0.635027,-0.022754,13.146401,0.00306,1626,-0.01,0.04786,0.00356,0.00034,0.04209,0.59095
1249,1278976,33.38999,41.38095,0.95238,0.92,0.63072,-0.00128,9.97358,0.001652,1652,-0.01,0.04863,0.0019,0.00052,0.03914,0.63008
1250,1280000,26.5354,54.89474,0.78947,0.89,0.602364,-0.00234,18.750658,0.004397,1732,-0.01,0.04675,0.00327,0.00091,0.03312,0.48026
1251,1281024,32.42086,44.37037,0.92593,0.88,0.568235,-0.000651,12.356879,0.001391,1609,-0.01,0.0443,0.00531,-0.00107,0.05123,0.82096
1252,1282048,35.28769,37.88462,0.96154,0.92,0.630344,-0.01373,8.70337,0.004186,1559,-0.01,0.04457,0.0061,-0.00068,0.05287,0.8245
1253,1283072,34.39616,48.9,0.95,0.91,0.625323,0.000889,12.43838,0.002518,1712,-0.01,0.04485,0.00277,-6e-05,0.03951,0.64409
1254,1284096,32.20765,46.94118,0.94118,0.91,0.672301,0.001069,10.270681,0.003246,1697,-0.01,0.0423,0.00224,-0.00187,0.03397,0.50332
1255,1285120,32.64374,58.3125,0.875,0.93,0.646392,-0.000835,7.612186,0.001098,1719,-0.01,0.046,-0.00067,-0.00096,0.03439,0.47126
1256,1286144,30.08173,64.95,0.85,0.91,0.630033,0.06057,12.648328,0.00161,1703,-0.01,0.04676,0.00317,0.00038,0.03817,0.55157
1257,1287168,33.45808,38.46154,0.92308,0.91,0.515465,0.038907,12.883616,0.001037,1652,-0.01,0.04387,0.00792,-0.00088,0.05204,0.80985
1258,1288192,32.57982,47.67857,0.89286,0.89,0.523981,-0.021752,9.599934,0.002513,1609,-0.01,0.04441,0.00745,-0.0012,0.05615,0.82408
1259,1289216,35.14372,31.90323,1.0,0.93,0.531117,0.115114,13.259298,0.003019,1668,-0.01,0.04561,0.00886,-0.00055,0.0582,1.00342
1260,1290240,33.43683,32.73333,1.0,0.95,0.60299,0.007514,10.571548,0.004888,1850,-0.01,0.04754,0.00026,-0.00067,0.0347,0.47184
1261,1291264,32.52015,65.22222,0.88889,0.95,0.635491,0.040586,8.830751,0.003734,1655,-0.01,0.04892,-0.00019,-0.00096,0.03252,0.5196
1262,1292288,32.98971,46.84615,0.92308,0.95,0.609076,-0.000312,8.654449,0.001228,1529,-0.01,0.04613,0.00563,-0.002,0.05254,0.76354
1263,1293312,35.585,42.15789,0.94737,0.95,0.672074,-0.064722,6.632876,0.007183,1591,-0.01,0.04761,-0.00015,-0.00142,0.03815,0.59636
1264,1294336,28.90458,59.58333,0.83333,0.93,0.72006,0.001729,11.208246,0.004566,1691,-0.01,0.05025,-0.0052,-0.00068,0.02124,0.30096
1265,1295360,32.05768,68.3,0.85,0.9,0.650551,0.166125,11.510495,0.001658,1608,-0.01,0.04696,0.00149,-0.00054,0.03965,0.55164
1266,1296384,31.795,54.0,0.90909,0.9,0.665267,0.051362,13.680822,0.002078,1600,-0.01,0.04596,0.00232,-0.00204,0.04007,0.62382
1267,1297408,34.25671,41.94737,0.94737,0.91,0.627858,-0.000233,9.490634,0.002474,1641,-0.01,0.04441,0.00087,-0.00168,0.03876,0.60123
1268,1298432,32.24613,55.83333,0.88889,0.9,0.629991,-0.002914,10.01386,0.005797,1690,-0.01,0.0455,-0.00084,-0.00014,0.0393,0.54511
1269,1299456,31.67811,47.58333,0.875,0.9,0.566274,0.025592,12.185253,0.00298,1607,-0.01,0.046,0.00512,0.0002,0.04585,0.68484
1270,1300480,33.35452,47.5,0.92308,0.91,0.608415,0.017285,19.156085,0.001129,1594,-0.01,0.04492,0.00662,-0.00049,0.05248,0.78094
1271,1301504,33.31837,30.5,1.0,0.92,0.576558,-0.087129,11.752212,0.000902,1606,-0.01,0.04852,0.00161,6e-05,0.03748,0.61941
1272,1302528,30.59944,56.33333,0.88889,0.92,0.636945,0.000448,9.846294,0.001157,1710,-0.01,0.04664,2e-05,-0.00026,0.03131,0.50317
1273,1303552,24.44594,112.625,0.625,0.89,0.713776,0.000943,8.569259,0.002002,1715,-0.01,0.04893,-0.00585,-0.00079,0.01401,0.15273
1274,1304576,28.68912,94.88235,0.70588,0.88,0.655713,-0.072838,11.372223,0.00446,1634,-0.01,0.04867,-0.00086,0.00025,0.02572,0.39465
1275,1305600,33.8201,41.38462,0.96154,0.88,0.591201,0.077866,14.476569,0.002286,1584,-0.01,0.04365,0.00762,-0.00028,0.05984,0.80757
1276,1306624,32.81442,30.76923,0.96154,0.88,0.62289,-0.116696,12.956173,0.000446,1552,-0.01,0.04501,0.00488,0.00056,0.04699,0.78974
1277,1307648,33.28892,52.2,0.9,0.88,0.667586,-0.001101,9.752875,0.002254,1638,-0.01,0.04685,0.00107,-2e-05,0.03736,0.58236
1278,1308672,34.37618,46.84615,0.92308,0.9,0.66672,0.00024,7.997074,0.000859,1673,-0.01,0.04952,-0.00218,8e-05,0.03144,0.38805
1279,1309696,32.07823,75.11765,0.82353,0.92,0.647399,-0.063275,6.572604,0.000429,1625,-0.01,0.04601,-0.00131,-3e-05,0.03216,0.4606
1280,1310720,30.43536,59.4,0.86667,0.91,0.635584,-0.008171,10.464706,0.002528,1706,-0.01,0.04897,-0.00115,0.0011,0.02653,0.40644
1281,1311744,31.32431,63.65385,0.84615,0.87,0.608602,0.026265,16.893821,0.0024,1626,-0.01,0.04743,0.00525,0.0006,0.04437,0.72422
1282,1312768,34.54187,29.95,1.0,0.89,0.620192,0.000191,9.695169,0.000577,1659,-0.01,0.04686,0.00483,-0.00169,0.04827,0.62714
1283,1313792,33.95392,52.38889,0.94444,0.89,0.657283,-0.092764,8.268293,0.00063,1658,-0.01,0.04637,0.00096,-0.00115,0.03232,0.53841
1284,1314816,34.05903,54.16667,0.88889,0.91,0.660564,-0.084694,7.90452,0.001819,1637,-0.01,0.04675,0.00202,-0.00106,0.03573,0.54632
1285,1315840,29.14718,62.19048,0.85714,0.91,0.678298,-0.052721,13.723618,0.000524,1687,-0.01,0.04502,0.00404,-0.00053,0.03711,0.56629
1286,1316864,32.935,42.0,0.95455,0.93,0.615068,-0.029331,12.863214,0.000504,1739,-0.01,0.04397,0.00492,-0.00169,0.04967,0.72057
1287,1317888,32.79657,46.14286,0.92857,0.92,0.661287,0.00127,7.920672,0.00191,1717,-0.01,0.0472,0.00023,-0.0012,0.02622,0.43765
1288,1318912,30.63667,71.3,0.85,0.9,0.592454,0.038862,8.034014,0.00181,1654,-0.01,0.0451,0.0028,-0.00082,0.03685,0.53059
1289,1319936,33.48526,46.37931,0.93103,0.91,0.524567,0.000192,9.545498,0.001107,1588,-0.01,0.04354,0.00941,-0.00093,0.05942,0.87225
1290,1320960,35.91508,29.45161,1.0,0.94,0.5113,-0.000193,9.024858,0.000741,1593,-0.01,0.04091,0.00964,-0.00151,0.06541,1.014
1291,1321984,33.87432,41.45455,0.95455,0.95,0.608612,-0.095695,9.950602,0.01319,1740,-0.01,0.04517,0.00346,-0.00094,0.0432,0.67467
1292,1323008,33.98537,30.63636,1.0,0.97,0.586478,0.000244,10.160904,0.001095,1627,-0.01,0.04613,0.00458,-0.00068,0.04286,0.68526
1293,1324032,32.4836,56.72,0.88,0.96,0.608903,0.00035,10.785015,0.001409,1610,-0.01,0.04187,0.00668,-0.00251,0.05178,0.70678
1294,1325056,34.88706,40.27273,0.95455,0.95,0.664966,-0.010891,8.728351,0.001534,1635,-0.01,0.04101,0.00308,-0.00254,0.04291,0.69157
1295,1326080,31.83575,52.85,0.9,0.93,0.566991,0.106942,15.934834,0.001097,1703,-0.01,0.04428,0.00436,-0.00268,0.03605,0.58608
1296,1327104,32.63812,49.20833,0.875,0.91,0.574372,0.000907,6.556265,0.000816,1642,-0.01,0.04677,0.00585,-0.00112,0.04711,0.70336
1297,1328128,33.89826,41.26087,0.95652,0.92,0.586911,0.110681,16.413018,0.001654,1624,-0.01,0.04651,0.00596,-1e-05,0.04668,0.69764
1298,1329152,35.36217,39.08696,0.95652,0.92,0.576555,-0.000903,5.672119,0.001113,1621,-0.01,0.04656,0.00666,-0.00077,0.04954,0.71949
1299,1330176,35.76648,37.37037,0.96296,0.94,0.539848,-0.009781,6.23948,0.002497,1573,-0.01,0.04672,0.00708,-0.00033,0.05075,0.85556
1300,1331200,33.19212,53.0,0.9,0.94,0.549148,-0.040544,10.89521,0.002377,1685,-0.01,0.0484,0.00397,0.00032,0.04563,0.60744
1301,1332224,29.96857,49.78571,0.92857,0.94,0.692205,-0.026817,10.649988,0.001124,1813,-0.01,0.04957,-0.00013,0.00058,0.02914,0.39901
1302,1333248,30.9605,74.46667,0.8,0.92,0.686151,0.000148,9.190732,0.001667,1695,-0.01,0.04911,-0.00045,-0.00078,0.02883,0.39457
1303,1334272,31.53867,58.4,0.86667,0.9,0.679174,-0.000996,7.997904,0.000975,1742,-0.01,0.04749,-0.00022,-0.00011,0.0272,0.40661
1304,1335296,32.93583,58.43478,0.86957,0.89,0.615987,-0.000491,9.584177,0.002893,1648,-0.01,0.04631,0.00436,-3e-05,0.0431,0.6531
1305,1336320,32.49917,42.17857,0.92857,0.89,0.565234,-0.000258,12.778023,0.001076,1579,-0.01,0.04633,0.00738,0.00085,0.05161,0.82583
1306,1337344,34.85393,37.75,0.96429,0.92,0.485411,0.042497,8.240194,0.003908,1610,-0.01,0.0458,0.0094,0.00052,0.06159,0.8881
1307,1338368,35.8112,29.69565,1.0,0.94,0.495492,0.106643,7.45885,0.001384,1706,-0.01,0.04709,0.0057,0.00051,0.04492,0.81044
1308,1339392,30.99821,62.09524,0.85714,0.94,0.494344,0.025908,9.821264,0.000469,1721,-0.01,0.04848,0.00545,0.00213,0.04386,0.61515
1309,1340416,32.285,41.45,0.9,0.94,0.545537,0.000424,12.450338,0.000595,1649,-0.01,0.04837,0.00512,-0.0002,0.03735,0.57805
1310,1341440,32.96399,48.66667,0.91667,0.93,0.568949,-0.002091,9.109888,0.001154,1657,-0.01,0.04887,0.00581,0.00049,0.04522,0.69602
1311,1342464,32.06409,50.31818,0.90909,0.91,0.649773,-3.2e-05,9.458601,0.000929,1594,-0.01,0.04803,0.00393,-0.00077,0.03758,0.62342
1312,1343488,32.97875,55.72222,0.88889,0.9,0.663267,-0.000713,9.628543,0.000313,1584,-0.01,0.04771,0.00199,-0.00182,0.03839,0.51521
1313,1344512,36.94158,31.15789,1.0,0.92,0.591947,8.7e-05,7.691959,0.000906,1583,-0.01,0.04859,0.00476,0.00031,0.04066,0.62395
1314,1345536,32.86567,55.61538,0.88462,0.92,0.518998,0.011895,6.88165,0.0014,1583,-0.01,0.04664,0.00732,0.00034,0.05019,0.74577
1315,1346560,35.2419,38.96,0.96,0.93,0.535983,4.2e-05,6.853064,0.000455,1605,-0.01,0.04668,0.00704,0.00024,0.05084,0.77921
1316,1347584,34.0251,38.76923,0.96154,0.94,0.537803,0.000145,12.658537,0.001155,1611,-0.01,0.04605,0.00843,-0.00018,0.05029,0.79874
1317,1348608,34.54375,36.86667,0.93333,0.95,0.525482,-0.000965,10.23648,0.000942,1567,-0.01,0.04577,0.00917,0.00036,0.05728,0.92446
1318,1349632,32.21079,44.81481,0.96296,0.95,0.592484,-0.102704,11.110752,0.001742,1605,-0.01,0.04704,0.00862,0.00081,0.05644,0.79686
1319,1350656,34.36183,32.33333,0.96667,0.96,0.522162,0.000437,13.059392,0.003642,1606,-0.01,0.04699,0.01134,0.00155,0.063,0.96467
1320,1351680,34.6326,30.8,1.0,0.98,0.59078,0.000999,10.556712,0.001262,1644,-0.01,0.04869,0.00704,0.00153,0.05242,0.79133
1321,1352704,33.1625,46.81481,0.88889,0.96,0.62024,-0.001409,8.422969,0.001451,1617,-0.01,0.04892,0.00582,0.00176,0.0406,0.81192
1322,1353728,36.96725,29.68421,1.0,0.96,0.657773,-0.000179,8.902911,0.001229,1676,-0.01,0.04839,0.00459,0.00054,0.04715,0.64681
1323,1354752,34.19647,45.84615,0.92308,0.95,0.624956,-0.048564,4.144068,0.002893,1569,-0.01,0.04689,0.00724,0.00126,0.05253,0.78822
1324,1355776,33.14819,49.3913,0.91304,0.93,0.665808,-0.072713,10.706203,0.007559,1675,-0.01,0.04699,0.00779,1e-05,0.04667,0.67503
1325,1356800,30.83628,45.0,0.94118,0.92,0.852064,0.00167,11.726232,0.002753,1641,-0.01,0.04617,0.00138,-3e-05,0.03108,0.4714
1326,1357824,32.70664,48.43478,0.86957,0.92,0.721711,-0.020138,12.0639,0.00176,1625,-0.01,0.04677,0.00464,0.00109,0.04127,0.66778
1327,1358848,32.94085,46.71429,0.92857,0.92,0.679623,-0.00075,11.532303,0.001235,1603,-0.01,0.0458,0.00682,0.00021,0.05124,0.82201
1328,1359872,31.60524,43.2381,0.95238,0.93,0.717688,0.176071,18.17934,0.000835,1666,-0.01,0.04813,0.00275,0.00043,0.04084,0.60767
1329,1360896,33.0195,45.33333,0.93333,0.92,0.726767,-0.017832,9.16307,0.001687,1690,-0.01,0.04994,-0.00017,0.00011,0.03153,0.4429
1330,1361920,31.10974,74.8,0.8,0.9,0.760384,-0.035042,5.491645,0.001246,1638,-0.01,0.04941,0.00221,0.00051,0.0305,0.40045
1331,1362944,33.03657,55.65385,0.88462,0.91,0.697666,-1.4e-05,9.73607,0.004441,1613,-0.01,0.04591,0.00607,0.00115,0.05221,0.76471
1332,1363968,34.9987,31.64,1.0,0.92,0.690448,-0.00319,10.8575,0.002471,1603,-0.01,0.04865,0.00438,0.00083,0.04732,0.79957
1333,1364992,31.83987,52.65,0.9,0.91,0.719742,0.001098,9.382938,0.001951,1735,-0.01,0.0493,0.00186,0.00047,0.04015,0.57758
1334,1366016,35.63404,39.22727,0.95455,0.93,0.688491,-0.000425,6.822529,0.000639,1601,-0.01,0.04782,0.00381,0.00033,0.04945,0.70703
1335,1367040,33.40879,45.31034,0.89655,0.94,0.624991,0.060177,10.241573,0.002199,1576,-0.01,0.04774,0.00574,0.00144,0.05567,0.85538
1336,1368064,33.30346,37.2069,0.93103,0.92,0.623315,-0.001035,12.57441,0.002699,1617,-0.01,0.04593,0.00671,0.00176,0.05612,0.88116
1337,1369088,34.10237,41.0,0.95,0.93,0.681468,0.001339,10.758374,0.001373,1702,-0.01,0.04744,0.00291,0.00013,0.0397,0.63481
1338,1370112,30.18321,51.71429,0.85714,0.91,0.653654,0.014111,13.459083,0.00062,1697,-0.01,0.04706,0.00342,0.0003,0.03946,0.58216
1339,1371136,32.94261,49.47826,0.91304,0.92,0.650814,0.100105,8.646629,0.000921,1663,-0.01,0.04843,0.00412,0.00106,0.04773,0.68933
1340,1372160,35.24782,37.25806,0.96774,0.93,0.643757,0.050619,9.8878,0.000661,1529,-0.01,0.04751,0.00885,0.00194,0.06036,0.98049
1341,1373184,35.73882,30.76471,1.0,0.93,0.752625,-8e-05,10.395042,0.002271,1676,-0.01,0.04947,0.00071,-0.0006,0.03482,0.55412
1342,1374208,27.64735,80.17647,0.82353,0.92,0.736765,-0.000527,8.5248,0.000589,1726,-0.01,0.05014,0.00199,0.00087,0.03284,0.41141
1343,1375232,35.4553,39.03704,0.96296,0.93,0.595095,0.029305,9.208746,0.001107,1573,-0.01,0.04668,0.00686,0.00015,0.05609,0.84963
1344,1376256,33.9316,30.04762,0.95238,0.94,0.760116,0.000312,10.877898,0.000507,1641,-0.01,0.04641,0.00343,-0.00031,0.04172,0.64495
1345,1377280,31.08757,51.8,0.86667,0.91,0.706456,-0.000946,13.592633,0.003795,1561,-0.01,0.04433,0.00645,0.00092,0.05215,0.83839
1346,1378304,36.4484,29.23077,1.0,0.94,0.66797,0.088088,8.30356,0.002083,1588,-0.01,0.04666,0.00636,-5e-05,0.05413,0.8504
1347,1379328,31.50016,46.5,0.9375,0.94,0.703598,0.000162,13.516985,0.001373,1689,-0.01,0.04928,0.00182,-4e-05,0.02995,0.45687
1348,1380352,31.26593,58.69565,0.82609,0.91,0.727536,-0.029194,8.288495,0.000995,1623,-0.01,0.0479,0.00441,0.00071,0.0438,0.63711
1349,1381376,34.02325,41.57895,0.94737,0.91,0.671704,-0.036513,8.468752,0.001529,1679,-0.01,0.04822,0.00384,9e-05,0.0384,0.59054
1350,1382400,32.47271,56.625,0.875,0.91,0.706121,0.147409,9.654908,0.000935,1638,-0.01,0.04575,0.00642,0.00096,0.0455,0.69708
1351,1383424,32.98412,39.88462,0.96154,0.9,0.656885,-0.000178,10.298445,0.001134,1645,-0.01,0.04507,0.00589,0.00071,0.05164,0.81557
1352,1384448,32.83296,39.88462,0.92308,0.92,0.722026,0.001179,11.416722,0.004109,1667,-0.01,0.04638,0.00669,0.00055,0.05196,0.77598
1353,1385472,34.90412,31.54545,1.0,0.94,0.684992,-0.000353,10.353562,0.001279,1637,-0.01,0.04951,0.00174,0.00105,0.04421,0.69806
1354,1386496,32.01474,53.15789,0.89474,0.94,0.742258,0.000399,9.890582,0.001492,1686,-0.01,0.0491,0.00181,0.00073,0.03799,0.53416
1355,1387520,32.35843,59.0,0.86667,0.93,0.813307,0.009808,5.919836,0.00087,1673,-0.01,0.0509,-0.00056,0.00034,0.02895,0.41453
1356,1388544,33.2456,56.875,0.875,0.91,0.760617,0.069151,13.692046,0.003745,1710,-0.01,0.04893,0.0023,0.0011,0.04785,0.68955
1357,1389568,35.34026,37.34483,0.96552,0.92,0.705777,-0.055615,6.976682,0.001809,1586,-0.01,0.04753,0.00544,0.00132,0.05885,0.90972
1358,1390592,35.4275,31.36842,1.0,0.93,0.714515,-0.00084,9.824644,0.002119,1694,-0.01,0.04852,7e-05,0.00132,0.04023,0.612
1359,1391616,32.18752,63.4,0.85,0.92,0.765412,0.195038,15.616394,0.000571,1682,-0.01,0.04581,0.0012,0.00063,0.03766,0.56836
1360,1392640,33.97936,54.4,1.0,0.93,0.814843,0.007818,6.772313,0.001304,1677,-0.01,0.04874,-0.00233,-0.00044,0.02186,0.30386
1361,1393664,30.88309,81.70588,0.76471,0.92,0.78794,0.045323,10.012335,0.00567,1658,-0.01,0.05071,0.00043,0.00117,0.03246,0.42834
1362,1394688,31.13967,61.06667,0.86667,0.91,0.762291,0.000823,12.949752,0.004608,1709,-0.01,0.04759,0.00108,0.00061,0.03104,0.40296
1363,1395712,31.99525,58.83333,0.875,0.88,0.737729,-0.003266,10.159931,0.003302,1615,-0.01,0.04599,0.00339,0.00034,0.04332,0.66762
1364,1396736,34.46759,39.48,0.96,0.89,0.675528,0.000398,11.112922,0.003082,1567,-0.01,0.04744,0.00407,-4e-05,0.05105,0.77979
1365,1397760,35.22624,31.66667,1.0,0.9,0.746506,0.020107,8.415239,0.001323,1650,-0.01,0.04863,0.00105,0.00023,0.03687,0.57997
1366,1398784,33.79672,55.2,0.92,0.93,0.650345,-0.036158,9.033084,0.002618,1635,-0.01,0.04744,0.00608,0.00161,0.05031,0.76106
1367,1399808,35.2101,47.08,0.92,0.93,0.628678,0.073688,11.184628,0.001253,1626,-0.01,0.04757,0.00542,0.00106,0.05552,0.78847
1368,1400832,33.58176,31.23529,1.0,0.96,0.72236,0.019749,8.023453,0.000599,1683,-0.01,0.04961,0.00107,0.00017,0.02953,0.51328
1369,1401856,32.19312,71.25,0.8125,0.93,0.827756,-0.227419,8.525847,0.006286,1775,-0.01,0.04783,0.00136,-6e-05,0.03334,0.42839
1370,1402880,32.27876,54.21429,0.89286,0.92,0.601642,-0.016392,9.632479,0.000552,1596,-0.01,0.04744,0.00809,0.0022,0.05514,0.80377
1371,1403904,37.13656,30.08333,1.0,0.92,0.629692,-0.000276,8.088599,0.001111,1621,-0.01,0.04764,0.00697,0.00094,0.04609,0.80159
1372,1404928,31.9775,45.0,0.94118,0.93,0.765552,-0.110692,9.259963,0.000795,1688,-0.01,0.04885,0.00145,0.00055,0.03518,0.49438
1373,1405952,30.55389,61.09091,0.86364,0.92,0.680882,0.00101,11.25591,0.001186,1667,-0.01,0.04678,0.00453,0.00134,0.03748,0.60186
1374,1406976,30.56976,50.21739,0.86957,0.93,0.633639,-0.00021,13.193524,0.001022,1634,-0.01,0.04758,0.00568,0.00162,0.04168,0.63054
1375,1408000,36.53,31.25,1.0,0.93,0.633688,-0.00021,8.716066,0.000702,1636,-0.01,0.04866,0.00444,0.00077,0.0444,0.65496
1376,1409024,32.00618,55.47619,0.85714,0.9,0.620723,-0.005156,11.15025,0.000682,1590,-0.01,0.04597,0.00278,-8e-05,0.03951,0.57973
1377,1410048,33.32477,51.54545,0.90909,0.91,0.711474,-0.019416,7.708272,0.000777,1642,-0.01,0.04916,0.00384,0.00063,0.04223,0.63882
1378,1411072,32.45259,47.25926,0.92593,0.91,0.577625,-0.001057,16.720626,0.002044,1651,-0.01,0.0477,0.00844,0.00091,0.04974,0.80428
1379,1412096,31.84529,32.94118,0.88235,0.91,0.633411,0.002405,12.379427,0.003589,1658,-0.01,0.04798,0.00357,0.0004,0.0349,0.49237
1380,1413120,32.76976,58.95,0.9,0.91,0.599621,-0.114054,9.17438,0.001643,1672,-0.01,0.04725,0.00369,0.00057,0.03661,0.59463
1381,1414144,31.69964,52.04762,0.85714,0.9,0.546575,0.089593,10.781778,0.002098,1711,-0.01,0.04859,0.00654,0.00218,0.04646,0.62487
1382,1415168,33.4268,45.16667,0.93333,0.91,0.506868,-0.000238,12.340402,0.000531,1604,-0.01,0.04726,0.00941,0.00307,0.05566,0.8963
1383,1416192,35.69719,31.54167,1.0,0.93,0.531309,-0.025421,8.729668,0.001378,1598,-0.01,0.04805,0.00757,0.00153,0.05064,0.77041
1384,1417216,30.27278,54.55556,0.88889,0.92,0.611684,0.129778,15.943131,0.002036,1656,-0.01,0.04929,0.00359,0.00147,0.03371,0.47978
1385,1418240,28.9267,52.81818,0.86364,0.92,0.615506,0.006201,13.752355,0.000574,1646,-0.01,0.04842,0.00616,0.00115,0.0357,0.57777
1386,1419264,30.09808,39.88462,0.88462,0.91,0.577967,-0.014286,13.988743,0.000622,1645,-0.01,0.04751,0.00975,0.0023,0.04884,0.74557
1387,1420288,34.57773,40.18182,0.95455,0.91,0.602603,0.000219,12.075405,0.002776,1676,-0.01,0.04813,0.00633,0.00126,0.04159,0.6996
1388,1421312,32.18886,50.45455,0.90909,0.89,0.540769,-0.101735,7.914754,0.001116,1619,-0.01,0.04875,0.007,0.00192,0.04817,0.62875
1389,1422336,34.90524,40.0,0.95238,0.91,0.595661,-0.001562,10.885575,0.001111,1677,-0.01,0.04914,0.00429,0.00077,0.04008,0.66993
1390,1423360,30.59139,56.0,0.88889,0.92,0.724992,0.003018,5.802413,0.003485,1731,-0.01,0.04978,-0.00084,-0.00055,0.01821,0.24182
1391,1424384,26.7327,104.0,0.66667,0.89,0.665015,-0.029221,4.990637,0.000335,1698,-0.01,0.04832,0.00176,-0.00017,0.02296,0.3129
1392,1425408,34.63347,51.15,0.9,0.88,0.547178,-0.008426,5.405262,0.00053,1629,-0.01,0.04734,0.00513,-0.00016,0.04654,0.59868
1393,1426432,33.01679,47.57143,0.92857,0.88,0.553601,-0.073595,12.20067,0.000889,1604,-0.01,0.04766,0.00765,0.00123,0.04961,0.82706
1394,1427456,35.23319,29.62963,1.0,0.9,0.496089,-0.055949,11.245714,0.001411,1616,-0.01,0.04834,0.00812,0.00147,0.0534,0.88076
1395,1428480,34.23386,42.22727,0.95455,0.94,0.594554,-0.049432,7.274452,0.001972,1587,-0.01,0.04652,0.00756,0.00039,0.04778,0.66098
1396,1429504,35.81113,41.45,0.95,0.96,0.617898,0.055572,7.355662,0.000652,1636,-0.01,0.04754,0.00433,0.00032,0.03649,0.62935
1397,1430528,31.80974,54.36842,0.89474,0.95,0.582073,-0.057509,10.130748,0.000672,1635,-0.01,0.04939,0.00543,0.00048,0.03702,0.52616
1398,1431552,31.99572,54.57143,0.85714,0.92,0.536558,-0.000181,12.262991,0.001362,1590,-0.01,0.04723,0.00877,0.00148,0.05696,0.78382
1399,1432576,34.61751,33.06061,1.0,0.93,0.520992,0.00403,14.944037,0.001778,1585,-0.01,0.04724,0.01032,0.002,0.06242,1.06403
1400,1433600,35.79163,30.88462,1.0,0.96,0.596736,0.017521,6.537118,0.002311,1570,-0.01,0.04836,0.00809,-4e-05,0.05538,0.83746
1401,1434624,34.47614,37.45455,1.0,0.96,0.746684,0.057258,7.059038,0.002565,1737,-0.01,0.05025,-0.00176,-0.00151,0.01961,0.34366
1402,1435648,29.23824,81.23529,0.76471,0.94,0.677122,0.000681,6.735195,0.001925,1683,-0.01,0.0482,0.00203,-0.00076,0.03449,0.41057
1403,1436672,34.13802,47.16,0.92,0.94,0.604795,0.045494,7.189012,0.001038,1634,-0.01,0.04899,0.00722,0.0005,0.04433,0.75955
1404,1437696,32.98276,43.42105,0.94737,0.93,0.608212,-0.001178,9.226806,0.000612,1713,-0.01,0.04872,0.00586,-0.00101,0.03725,0.57729
1405,1438720,33.93661,52.39286,0.89286,0.9,0.522882,0.019109,8.098199,0.000548,1593,-0.01,0.04816,0.00883,-0.0001,0.06124,0.83623
1406,1439744,36.66948,29.58621,1.0,0.94,0.584896,-0.001687,7.290951,0.001464,1566,-0.01,0.04769,0.00776,-7e-05,0.05472,0.94909
1407,1440768,33.40996,47.59259,0.92593,0.94,0.548752,-0.000761,8.846721,0.000921,1616,-0.01,0.0479,0.00797,0.00069,0.05253,0.80562
1408,1441792,32.88955,30.42857,0.96429,0.96,0.470957,0.18709,19.05504,0.001297,1591,-0.01,0.0469,0.00941,0.00041,0.05653,0.84792
1409,1442816,34.911,46.33333,0.93333,0.96,0.608929,0.001958,7.567377,0.003339,1709,-0.01,0.04981,0.00332,-0.00113,0.03097,0.45595
1410,1443840,31.10015,71.11765,0.82353,0.93,0.619528,-0.000397,7.608699,0.000464,1649,-0.01,0.04983,0.00445,3e-05,0.03234,0.4391
1411,1444864,33.78237,49.625,0.91667,0.91,0.547621,-0.073609,9.873219,0.000608,1626,-0.01,0.04888,0.0067,0.00015,0.0454,0.71237
1412,1445888,35.58479,29.41667,1.0,0.92,0.665046,-0.000132,8.14982,0.001999,1736,-0.01,0.04971,0.00223,-0.00117,0.0295,0.39342
1413,1446912,26.83896,86.25,0.6875,0.89,0.70386,-0.00047,8.20214,0.001014,1714,-0.01,0.04948,0.00166,-0.00041,0.02295,0.358
1414,1447936,33.20512,48.29167,0.91667,0.87,0.62622,0.131507,13.315588,0.004041,1579,-0.01,0.04655,0.00637,-0.00061,0.04977,0.7098
1415,1448960,32.22139,45.13333,0.93333,0.87,0.602123,0.118306,16.605349,0.0006,1710,-0.01,0.04716,0.00339,-0.00202,0.02966,0.44083
1416,1449984,29.90531,80.33333,0.77778,0.86,0.607692,-0.000994,8.71956,0.000643,1681,-0.01,0.04728,0.00381,-0.00101,0.0339,0.46687
1417,1451008,35.79587,39.61538,0.96154,0.87,0.506542,-0.132532,9.749098,0.003615,1707,-0.01,0.04757,0.00855,0.00062,0.05381,0.82167
1418,1452032,35.08293,40.13043,0.95652,0.92,0.50011,-0.0312,7.567597,0.002062,1617,-0.01,0.04724,0.00659,0.00036,0.04493,0.7148
1419,1453056,32.55612,52.55,0.9,0.91,0.530117,-0.014396,7.995616,0.000638,1685,-0.01,0.04885,0.00663,-0.00018,0.03928,0.57043
1420,1454080,33.96431,54.27778,0.88889,0.91,0.528182,0.198774,12.67988,0.000709,1705,-0.01,0.04863,0.00442,0.00091,0.03758,0.54323
1421,1455104,32.88716,56.41176,0.88235,0.92,0.605394,-0.001904,8.737586,0.0012,1663,-0.01,0.04775,0.00337,-0.00098,0.03232,0.49338
1422,1456128,34.41026,42.68421,0.94737,0.92,0.592629,-0.00051,6.810353,0.00169,1618,-0.01,0.0478,0.00478,0.00022,0.03838,0.57798
1423,1457152,32.87752,57.19231,0.88462,0.9,0.552295,-0.00083,11.704287,0.000432,1610,-0.01,0.04593,0.00766,7e-05,0.05074,0.75127
1424,1458176,36.26391,30.3125,1.0,0.92,0.612041,0.012073,5.646253,0.000856,1700,-0.01,0.04985,0.00415,0.00071,0.03527,0.53363
1425,1459200,29.45125,68.45833,0.79167,0.89,0.590654,-0.032031,12.115663,0.001896,1628,-0.01,0.04795,0.00677,0.00142,0.04257,0.62032
1426,1460224,32.56702,31.61905,0.95238,0.9,0.611515,-0.000476,14.162896,0.001085,1661,-0.01,0.04875,0.00515,0.00119,0.03966,0.63184
1427,1461248,34.9994,50.04762,0.90476,0.91,0.607256,-0.000143,6.396957,0.00045,1670,-0.01,0.05065,0.00485,0.00149,0.04291,0.65318
1428,1462272,31.2929,52.72,0.92,0.9,0.627774,-0.123008,15.055383,0.001306,1643,-0.01,0.04903,0.00677,0.00194,0.04669,0.70765
1429,1463296,32.95295,40.46154,0.92308,0.92,0.595522,-0.000418,10.630891,0.001976,1620,-0.01,0.04761,0.00815,0.00131,0.04978,0.7741
1430,1464320,36.88953,30.41176,1.0,0.94,0.66646,2.7e-05,8.460501,0.001839,1648,-0.01,0.04965,0.00347,-1e-05,0.03818,0.55709
1431,1465344,31.43476,61.80952,0.85714,0.92,0.645762,0.000395,9.680049,0.000703,1630,-0.01,0.05006,0.00461,0.00106,0.03629,0.56788
1432,1466368,32.16829,52.19048,0.85714,0.92,0.696767,-0.000302,9.106364,0.001429,1661,-0.01,0.04911,0.00435,0.00073,0.03645,0.5862
1433,1467392,33.05329,53.94737,0.89474,0.9,0.711473,-0.000976,7.593098,0.000507,1646,-0.01,0.04966,0.00221,0.00063,0.03539,0.5453
1434,1468416,32.0842,50.27273,0.90909,0.9,0.637715,-0.000384,9.697508,0.000952,1619,-0.01,0.04828,0.00468,0.00081,0.04688,0.6234
1435,1469440,32.95352,41.95455,0.90909,0.89,0.656637,0.034361,10.110892,0.002846,1624,-0.01,0.04938,0.00469,0.00202,0.0434,0.64599
1436,1470464,33.8372,38.68,0.92,0.91,0.65253,7.1e-05,13.574679,0.002459,1616,-0.01,0.0476,0.00613,0.00105,0.04853,0.75914
1437,1471488,34.43154,39.15385,0.96154,0.92,0.636211,0.000949,9.279558,0.000961,1592,-0.01,0.0487,0.00708,0.00182,0.05141,0.80299
1438,1472512,33.36761,51.59091,0.90909,0.92,0.709832,-0.000659,10.417725,0.000758,1670,-0.01,0.04994,0.00119,0.00089,0.04018,0.63771
1439,1473536,32.42913,45.84615,0.88462,0.92,0.648591,-0.011618,11.257553,0.002631,1659,-0.01,0.04902,0.00667,0.00173,0.05032,0.79653
1440,1474560,33.8428,30.19231,0.92308,0.92,0.580068,-0.041438,13.661874,0.003805,1630,-0.01,0.04696,0.00784,0.00163,0.05415,0.8549
1441,1475584,34.87161,38.62069,0.96552,0.92,0.569658,-0.024679,8.448578,0.002044,1566,-0.01,0.04823,0.00727,0.00108,0.06373,0.90696
1442,1476608,33.73837,39.0,0.96154,0.94,0.638098,-0.000413,11.690448,0.002571,1637,-0.01,0.04958,0.00733,0.00176,0.04944,0.78893
1443,1477632,34.90812,39.33333,0.95833,0.96,0.718484,-0.01356,5.816299,0.007149,1620,-0.01,0.0495,0.00394,0.00127,0.04264,0.7429
1444,1478656,31.34469,48.58333,0.875,0.95,0.657508,-0.000724,12.572696,0.002656,1577,-0.01,0.04841,0.00529,0.00139,0.04926,0.66969
1445,1479680,35.84523,38.07407,0.96296,0.94,0.63865,-0.001071,7.296181,0.000915,1578,-0.01,0.04798,0.00682,0.00145,0.05079,0.85469
1446,1480704,32.09161,37.96552,0.89655,0.92,0.613707,-0.001057,16.088538,0.001306,1611,-0.01,0.04749,0.00768,0.00235,0.05639,0.84856
1447,1481728,35.9975,31.20833,0.95833,0.92,0.678127,-0.000872,7.579674,0.002664,1614,-0.01,0.04853,0.00541,0.00108,0.04813,0.77519
1448,1482752,32.23013,53.3,0.9,0.93,0.709945,0.000117,9.67418,0.000939,1690,-0.01,0.048,0.00236,0.0005,0.03988,0.5751
1449,1483776,32.91962,47.69231,0.92308,0.92,0.758091,0.000771,8.82875,0.000855,1724,-0.01,0.05003,-0.00023,-0.00041,0.02834,0.37415
1450,1484800,30.71642,79.22222,0.77778,0.89,0.726447,-0.075651,6.764518,0.001426,1643,-0.01,0.04981,0.00087,0.0005,0.03255,0.456
1451,1485824,34.18588,42.94118,0.94118,0.91,0.704918,-0.001233,9.157792,0.001495,1683,-0.01,0.05001,0.00199,0.00147,0.03215,0.51283
1452,1486848,32.62992,59.72727,0.86364,0.89,0.635727,0.015319,8.615567,0.002147,1628,-0.01,0.04828,0.00396,0.00171,0.04205,0.61266
1453,1487872,33.5136,39.4,0.96,0.9,0.581254,-0.001122,10.237561,0.002283,1709,-0.01,0.0468,0.00741,0.00166,0.05265,0.80271
1454,1488896,31.043,49.16,0.88,0.89,0.553134,0.11017,17.375308,0.001023,1718,-0.01,0.04965,0.0072,0.0032,0.04852,0.75707
1455,1489920,33.70327,30.73077,0.96154,0.92,0.564269,0.000128,14.043007,0.000449,1665,-0.01,0.04934,0.00742,0.00216,0.04834,0.8307
1456,1490944,31.05286,47.17857,0.92857,0.93,0.584107,-0.049191,12.734597,0.003833,1709,-0.01,0.0483,0.00946,0.00264,0.05467,0.80279
1457,1491968,33.97913,31.26087,1.0,0.94,0.545941,0.000459,10.112165,0.001735,1624,-0.01,0.04857,0.007,0.00179,0.05062,0.71434
1458,1492992,31.77763,44.63158,0.94737,0.95,0.598002,-3.7e-05,12.67345,0.000796,1707,-0.01,0.04985,0.00409,0.00169,0.03446,0.54653
1459,1494016,31.03676,57.05882,0.88235,0.95,0.659163,-0.064896,7.605476,0.001265,1723,-0.01,0.05018,0.002,0.00169,0.02695,0.45728
1460,1495040,29.8465,65.15,0.85,0.93,0.550306,-0.00043,10.033312,0.001322,1647,-0.01,0.04972,0.00669,0.00216,0.03989,0.51532
1461,1496064,34.3795,40.36,0.96,0.93,0.534465,-0.130039,11.283426,0.001571,1591,-0.01,0.0491,0.00742,0.00213,0.04916,0.76175
1462,1497088,34.03163,50.13043,0.91304,0.91,0.564707,-0.091388,9.017857,0.001694,1588,-0.01,0.0482,0.00581,0.00104,0.0462,0.68251
1463,1498112,34.13327,39.30769,0.96154,0.93,0.522001,-0.024499,8.03837,0.002074,1604,-0.01,0.04858,0.00798,0.00261,0.05243,0.7972
1464,1499136,32.01411,45.92857,0.92857,0.94,0.643783,0.001776,9.806877,0.001507,1732,-0.01,0.04957,0.00208,0.0015,0.03129,0.3926
1465,1500160,33.26529,56.70588,0.88235,0.94,0.623107,-0.056109,7.332072,0.00138,1667,-0.01,0.0501,0.0035,0.00231,0.03083,0.48782
1466,1501184,32.8153,49.81818,0.90909,0.92,0.496949,0.000122,11.469443,0.000818,1548,-0.01,0.0482,0.01119,0.00427,0.06609,0.96039
1467,1502208,35.90492,29.96667,0.96667,0.93,0.510261,-0.011049,10.15007,0.001505,1595,-0.01,0.04775,0.01047,0.00316,0.05769,0.97405
1468,1503232,33.72786,41.95238,0.95238,0.93,0.531599,-0.00038,9.209264,0.000974,1717,-0.01,0.04941,0.00711,0.00241,0.04689,0.64526
1469,1504256,34.34554,49.82609,0.91304,0.95,0.539444,-0.000213,7.532345,0.000738,1665,-0.01,0.04803,0.00613,0.00218,0.04679,0.70212
1470,1505280,34.75524,38.45161,0.96774,0.95,0.510074,1.5e-05,9.174929,0.001052,1581,-0.01,0.0485,0.00919,0.004,0.06226,0.97608
1471,1506304,32.64087,30.53846,0.96154,0.95,0.519567,0.000296,18.286035,0.001361,1640,-0.01,0.04847,0.00883,0.00291,0.0491,0.79128
1472,1507328,34.6605,40.0,0.96,0.95,0.550951,-0.050665,7.810801,0.000576,1605,-0.01,0.04792,0.00664,0.00173,0.04554,0.76992
1473,1508352,34.78696,39.6087,0.95652,0.96,0.470181,-0.014623,6.831916,0.001224,1618,-0.01,0.04822,0.00659,0.00247,0.04971,0.70884
1474,1509376,32.34497,58.0,0.875,0.94,0.546689,-0.000238,7.490159,0.000656,1746,-0.01,0.04958,0.00278,0.00195,0.03091,0.44147
1475,1510400,31.41773,60.13636,0.81818,0.91,0.590089,-0.000522,14.158292,0.000813,1672,-0.01,0.04837,0.00625,0.00235,0.03843,0.61672
1476,1511424,31.53222,54.77778,0.88889,0.91,0.60894,-0.00797,9.420442,0.001052,1828,-0.01,0.04989,0.00118,0.00131,0.01895,0.28169
1477,1512448,25.65615,98.53846,0.69231,0.87,0.553072,-0.027127,8.412288,0.001016,1765,-0.01,0.04866,0.00221,0.00045,0.0294,0.28263
1478,1513472,32.04462,52.6,0.9,0.86,0.542323,-0.036471,11.818245,0.000916,1665,-0.01,0.04888,0.00587,0.0017,0.03279,0.56686
1479,1514496,31.50962,54.25,0.9,0.85,0.53683,-0.052379,10.015316,0.000694,1696,-0.01,0.04796,0.00561,0.00142,0.03526,0.54682
1480,1515520,34.52048,49.13043,0.91304,0.86,0.606936,-0.032387,9.054826,0.005499,1567,-0.01,0.04829,0.00766,0.00248,0.04978,0.68567
1481,1516544,33.36375,44.9375,0.9375,0.88,0.54546,-0.00066,10.543092,0.000786,1718,-0.01,0.04955,0.00302,0.00079,0.03097,0.47288
1482,1517568,26.40175,99.6,0.7,0.86,0.556609,-0.095311,7.217364,0.000724,1759,-0.01,0.051,0.00182,0.00042,0.01938,0.20213
1483,1518592,34.2983,58.22727,0.86364,0.88,0.485458,0.000597,9.906175,0.001517,1671,-0.01,0.04731,0.00569,0.0006,0.04121,0.63758
1484,1519616,35.19833,37.56667,0.96667,0.9,0.512495,0.021403,11.204375,0.00078,1609,-0.01,0.04618,0.00898,0.00185,0.05883,0.94688
1485,1520640,34.66134,39.53571,0.96429,0.91,0.457072,8.3e-05,7.842158,0.00055,1605,-0.01,0.04598,0.01014,0.00114,0.05886,0.86653
1486,1521664,34.83802,39.83333,0.95833,0.95,0.481808,0.033264,8.343424,0.001931,1596,-0.01,0.04626,0.00826,0.00131,0.05155,0.74417
1487,1522688,32.90196,38.91667,0.91667,0.96,0.534305,-0.029358,9.435268,0.000758,1631,-0.01,0.04817,0.00719,0.00139,0.0407,0.70408
1488,1523712,34.3527,47.76,0.92,0.95,0.456317,-0.000457,7.382135,0.001231,1618,-0.01,0.04689,0.00924,0.00119,0.05429,0.74902
1489,1524736,36.25519,38.88462,0.96154,0.94,0.438008,-0.001134,9.76399,0.000539,1,-0.01,0.04636,0.00833,0.00193,0.05295,0.89572
1490,1525760,34.98145,31.63158,1.0,0.95,0.490818,-0.000825,9.233197,0.003572,1739,-0.01,0.04604,0.00727,0.0009,0.04414,0.69008
1491,1526784,31.93019,58.95652,0.86957,0.93,0.490146,-0.000704,8.933242,0.001066,1656,-0.01,0.04802,0.00753,0.00155,0.04543,0.66181
1492,1527808,34.29375,41.90909,0.95455,0.95,0.532822,0.000517,8.524497,0.001932,1613,-0.01,0.04843,0.00736,0.00151,0.04755,0.66676
1493,1528832,33.09128,40.21739,0.91304,0.93,0.542835,-4.6e-05,8.907483,0.000843,1629,-0.01,0.04729,0.00701,0.00092,0.04101,0.68217
1494,1529856,33.1888,46.74074,0.92593,0.92,0.493903,-3.8e-05,11.223708,0.000816,1638,-0.01,0.04732,0.00824,0.00113,0.05169,0.80121
1495,1530880,33.60989,39.95652,0.95652,0.93,0.513107,0.000365,8.574209,0.001174,1618,-0.01,0.0484,0.00666,0.00087,0.04764,0.68776
1496,1531904,35.01875,46.04545,0.95455,0.94,0.512971,-0.000295,8.238101,0.000582,1642,-0.01,0.04853,0.00683,0.00096,0.0447,0.67642
1497,1532928,33.90194,42.77778,0.94444,0.94,0.553681,-0.036549,7.241178,0.001016,1682,-0.01,0.04862,0.00529,0.00072,0.03739,0.54125
1498,1533952,31.88375,54.14286,0.85714,0.93,0.500422,-2.4e-05,11.862446,0.000967,1646,-0.01,0.0487,0.0101,0.00249,0.04953,0.78769
1499,1534976,35.54481,30.37037,1.0,0.94,0.480977,-0.030782,9.005548,0.000929,1634,-0.01,0.04713,0.00956,0.00134,0.06086,0.90484
1500,1536000,34.71337,41.65,0.95,0.94,0.525473,-0.000452,9.735314,0.000739,1677,-0.01,0.04973,0.00539,0.00095,0.03758,0.62095
1501,1537024,32.61402,56.6,0.93333,0.93,0.573109,0.00019,7.562111,0.000754,1702,-0.01,0.05027,0.00404,-0.00028,0.03083,0.42079
1502,1538048,31.7083,59.77273,0.81818,0.92,0.568107,0.045743,11.683134,0.000613,1647,-0.01,0.04777,0.00506,0.00068,0.03796,0.59277
1503,1539072,32.73439,45.92857,0.92857,0.92,0.516761,0.026857,10.453813,0.001086,1592,-0.01,0.04659,0.0096,0.00184,0.06107,0.82342
1504,1540096,37.04289,29.52632,1.0,0.92,0.571279,-0.000224,7.686124,0.001172,1674,-0.01,0.04969,0.00434,0.00072,0.03534,0.62382
1505,1541120,32.89937,62.9,0.85,0.9,0.579987,-0.000616,7.151541,0.000435,1603,-0.01,0.04887,0.00473,0.00053,0.0412,0.55641
1506,1542144,31.8815,40.7,0.9,0.91,0.604374,0.044583,11.194795,0.001356,1645,-0.01,0.04974,0.00324,0.0016,0.03594,0.56718
1507,1543168,31.81369,61.19048,0.85714,0.91,0.609187,-0.000229,9.793775,0.001444,1636,-0.01,0.04811,0.00451,0.00098,0.03893,0.57277
1508,1544192,33.10698,40.08333,0.95833,0.91,0.541228,-4.5e-05,11.599822,0.000577,1658,-0.01,0.04889,0.00733,0.00193,0.04666,0.71012
1509,1545216,34.6319,39.88,0.96,0.91,0.54832,-0.00134,9.571571,0.000827,1616,-0.01,0.04856,0.00723,0.00186,0.04591,0.7779
1510,1546240,30.12609,51.0,0.91304,0.93,0.551325,-0.001339,13.172454,0.001072,1664,-0.01,0.04962,0.00603,0.002,0.04746,0.62147
1511,1547264,37.91788,30.0,1.0,0.94,0.643367,-0.000411,6.048494,0.000806,1734,-0.01,0.05056,0.00152,-0.0004,0.02656,0.4352
1512,1548288,29.43037,86.1,0.75,0.91,0.61422,-0.045237,8.59237,0.001282,1636,-0.01,0.04908,0.00541,0.00137,0.03896,0.47886
1513,1549312,33.16217,41.7619,0.90476,0.9,0.593282,0.00448,16.695669,0.000431,1652,-0.01,0.04887,0.00567,0.00228,0.04053,0.61776
1514,1550336,33.15167,45.5,0.93333,0.9,0.493592,-0.159165,12.244323,0.002666,1588,-0.01,0.04896,0.00771,0.00227,0.05336,0.88825
1515,1551360,36.04679,30.42857,1.0,0.91,0.597001,0.048107,10.97495,0.002389,1577,-0.01,0.049,0.00881,0.00248,0.0622,0.90937
1516,1552384,36.33466,30.0,1.0,0.96,0.577422,0.054897,10.272698,0.0018,1694,-0.01,0.05025,0.00469,0.00187,0.04725,0.76822
1517,1553408,33.69164,46.28571,0.92857,0.96,0.551577,-0.000519,8.165796,0.001545,1721,-0.01,0.04901,0.00865,0.00279,0.05963,0.92112
1518,1554432,32.97987,41.45,0.95,0.97,0.61862,-0.064353,9.642096,0.004,1659,-0.01,0.04939,0.00357,0.00177,0.04142,0.60548
1519,1555456,32.07867,55.76471,0.88235,0.95,0.723153,-0.013825,6.446231,0.001255,1736,-0.01,0.04964,0.0018,0.00106,0.03081,0.48665
1520,1556480,33.33401,60.5,0.86364,0.92,0.626163,0.001635,7.844114,0.002772,1507,-0.01,0.05058,0.00515,0.00208,0.04365,0.63643
1521,1557504,32.95764,41.94444,0.88889,0.91,0.644578,-0.000265,10.858271,0.000616,1626,-0.01,0.05089,0.00335,0.00137,0.03363,0.52154
1522,1558528,33.02985,56.82353,0.88235,0.9,0.635709,0.096972,10.279703,0.001759,1649,-0.01,0.0506,0.00246,0.00182,0.03188,0.49461
1523,1559552,31.4383,50.8,0.88,0.88,0.547035,0.019945,9.720528,0.002214,1595,-0.01,0.0486,0.00586,0.00261,0.05154,0.70657
1524,1560576,33.88536,40.80952,0.95238,0.9,0.606499,6e-05,10.143879,0.004786,1746,-0.01,0.04879,0.00537,0.00136,0.03913,0.66304
1525,1561600,34.6825,54.76923,1.0,0.91,0.667759,4.5e-05,8.322546,0.00105,1760,-0.01,0.05014,0.00252,0.00061,0.03035,0.42493
1526,1562624,31.04719,66.70833,0.79167,0.89,0.61651,0.062203,10.389004,0.001068,1657,-0.01,0.05007,0.00545,0.00254,0.04554,0.66328
1527,1563648,36.24333,29.95238,1.0,0.91,0.638135,0.000439,8.315709,0.000841,1595,-0.01,0.04982,0.00454,0.00077,0.04464,0.67761
1528,1564672,29.26842,67.31579,0.84211,0.91,0.647658,0.000196,11.956509,0.000783,1681,-0.01,0.05046,0.00456,0.00027,0.0344,0.47955
1529,1565696,34.54667,51.28571,0.90476,0.9,0.562236,-0.075311,7.414025,0.000984,1652,-0.01,0.04955,0.00449,0.00049,0.04207,0.62493
1530,1566720,34.9481,41.80952,0.95238,0.91,0.561968,-0.00089,9.272257,0.001094,1679,-0.01,0.05042,0.00564,0.00126,0.03917,0.64376
1531,1567744,34.9,43.58824,0.94118,0.93,0.545453,-0.035423,6.730868,0.001608,1688,-0.01,0.05104,0.0044,0.00166,0.03996,0.51631
1532,1568768,31.85324,68.47059,0.82353,0.9,0.59105,0.039423,6.828645,0.00325,0,-0.01,0.0511,0.00258,0.00087,0.02904,0.45241
1533,1569792,32.69053,65.63158,0.84211,0.89,0.593772,0.010156,5.782118,0.006231,966,-0.01,0.05041,0.00424,0.00149,0.03894,0.5246
1534,1570816,32.08237,52.65,0.9,0.89,0.603556,0.023547,10.273615,0.003141,1582,-0.01,0.04933,0.00553,0.0011,0.04122,0.55992
1535,1571840,34.94056,42.5,0.94444,0.89,0.538223,-0.048277,7.060654,0.001148,909,-0.01,0.051,0.00419,0.00019,0.03294,0.55443
1536,1572864,30.8255,61.93333,0.86667,0.89,0.67686,-0.040556,8.362215,0.000987,1306,-0.01,0.05104,0.00318,0.00013,0.02699,0.39376
1537,1573888,31.73798,57.15385,0.88462,0.88,0.591161,0.058269,12.457371,0.000628,1411,-0.01,0.04954,0.00772,0.00245,0.04484,0.71954
1538,1574912,33.29353,37.24138,0.93103,0.9,0.473996,-0.005911,10.947257,0.002544,1447,-0.01,0.04898,0.0098,0.00336,0.05779,0.87347
1539,1575936,32.69095,40.61905,0.90476,0.9,0.512277,0.000251,9.807349,0.001634,1619,-0.01,0.04959,0.00652,0.00144,0.04618,0.61094
1540,1576960,33.86846,48.38462,0.92308,0.9,0.63917,0.000105,8.591181,0.001438,1710,-0.01,0.05047,0.00245,-8e-05,0.02485,0.3809
1541,1577984,30.6156,62.38095,0.85714,0.9,0.518702,0.056084,11.07363,0.001021,1656,-0.01,0.0497,0.00481,0.00134,0.0371,0.55492
1542,1579008,34.86016,44.70968,0.93548,0.92,0.407723,-0.007144,7.690787,0.001799,1586,-0.01,0.04858,0.00955,0.00329,0.05875,0.95995
1543,1580032,36.48194,31.22222,1.0,0.93,0.528537,-0.122976,8.6415,0.000624,1638,-0.01,0.04982,0.00536,0.00132,0.04098,0.5822
1544,1581056,32.46893,61.38095,0.85714,0.91,0.535894,-0.025419,7.536146,0.000821,1595,-0.01,0.04976,0.00598,0.00167,0.03934,0.58211
1545,1582080,33.17152,41.56522,0.95652,0.93,0.433813,1.5e-05,8.900787,0.000581,1658,-0.01,0.04776,0.00648,0.00193,0.0445,0.68494
1546,1583104,34.57131,40.2381,0.95238,0.95,0.460457,-0.027332,9.04319,0.000382,1659,-0.01,0.04883,0.0066,0.002,0.04259,0.64327
1547,1584128,29.36264,55.22222,0.83333,0.92,0.543164,0.011272,11.546037,0.000462,1636,-0.01,0.04911,0.00612,0.00151,0.03434,0.45717
1548,1585152,32.595,76.0,0.86667,0.9,0.501103,0.054852,7.500425,0.001031,1740,-0.01,0.05074,0.00402,0.00068,0.02943,0.42005
1549,1586176,35.0642,52.09091,0.90909,0.91,0.392994,-0.021509,7.558792,0.000511,1662,-0.01,0.04821,0.00648,0.00095,0.04331,0.68027
1550,1587200,30.79065,41.43478,0.91304,0.9,0.423634,0.046737,15.374661,0.000517,1608,-0.01,0.04858,0.00773,0.00212,0.0446,0.64319
1551,1588224,32.41957,50.69565,0.86957,0.88,0.481865,-0.042096,10.666279,0.001491,1658,-0.01,0.04727,0.00694,0.00063,0.04333,0.65775
1552,1589248,36.40096,30.84615,1.0,0.91,0.611653,-0.00042,6.735695,0.000683,1651,-0.01,0.04949,0.00142,-0.00033,0.0264,0.42222
1553,1590272,29.8625,72.57692,0.76923,0.87,0.56459,0.014301,10.094979,0.003869,1582,-0.01,0.04767,0.00689,-6e-05,0.04276,0.64694
1554,1591296,34.86312,32.0,1.0,0.9,0.374697,0.149392,18.495119,0.000587,1589,-0.01,0.04764,0.00961,0.00201,0.05634,0.77054
1555,1592320,34.39315,41.08696,0.95652,0.9,0.394609,-0.011733,7.991232,0.00036,1633,-0.01,0.04888,0.00601,0.00142,0.03954,0.6983
1556,1593344,34.69614,40.5,0.95455,0.92,0.474628,-0.047457,7.23164,0.001057,1629,-0.01,0.04843,0.00696,0.00084,0.04291,0.67814
1557,1594368,34.79475,52.45,0.9,0.95,0.436114,-8.8e-05,5.972194,0.002169,1680,-0.01,0.04764,0.00705,0.00066,0.04497,0.60137
1558,1595392,32.77394,47.92308,0.88462,0.93,0.383222,-0.001196,9.725501,0.000769,1605,-0.01,0.0491,0.00904,0.00274,0.04949,0.77343
1559,1596416,33.24859,44.1875,0.9375,0.92,0.41528,-0.000672,12.266156,0.000687,1692,-0.01,0.04865,0.00556,0.00049,0.03489,0.50498
1560,1597440,31.2295,59.73333,0.86667,0.91,0.417393,-0.035275,6.37264,0.000536,1726,-0.01,0.0496,0.00542,0.00139,0.03146,0.4259
1561,1598464,33.61806,54.25926,0.88889,0.9,0.403084,0.032321,11.673216,0.000843,1611,-0.01,0.04756,0.00992,0.00194,0.05022,0.82106
1562,1599488,33.89024,29.7619,0.95238,0.91,0.427106,-0.00028,10.968841,0.000641,1795,-0.01,0.04733,0.00746,0.00026,0.04534,0.72374
1563,1600512,30.71605,71.25,0.8125,0.9,0.532528,0.002184,8.733716,0.002544,1702,-0.01,0.04909,0.00424,0.00068,0.03357,0.42597
1564,1601536,37.8,32.0,1.0,0.9,0.697797,0.001885,5.183423,0.001205,1840,-0.01,0.05249,-0.00244,-0.00109,0.00366,0.0334
1565,1602560,25.71197,96.3913,0.65217,0.83,0.497151,-0.149654,16.003901,0.003055,1599,-0.01,0.04707,0.0064,0.00098,0.03557,0.46659
1566,1603584,31.29437,39.2,0.88,0.84,0.418832,0.075703,21.325063,0.001358,1642,-0.01,0.04792,0.00884,0.00209,0.04806,0.70394
1567,1604608,35.68618,41.21053,0.94737,0.84,0.485383,-0.154035,10.88313,0.000767,1657,-0.01,0.04836,0.00623,0.00029,0.03826,0.59918
1568,1605632,34.21129,61.5,0.85714,0.83,0.50131,0.000132,6.867732,0.001371,1730,-0.01,0.04993,0.00376,0.00036,0.0269,0.41589
1569,1606656,31.23405,70.5,0.81818,0.85,0.427408,0.183198,12.003533,0.000721,1566,-0.01,0.04866,0.00651,0.00116,0.04094,0.58181
1570,1607680,33.95306,43.11111,0.94444,0.89,0.434871,-0.000159,8.640222,0.001296,1703,-0.01,0.04924,0.00605,0.00095,0.03551,0.53664
1571,1608704,33.28143,52.57143,0.90476,0.9,0.409908,0.071627,12.712364,0.000944,1664,-0.01,0.04846,0.00741,0.00136,0.04284,0.6181
1572,1609728,35.16275,41.18182,0.95455,0.9,0.408902,-0.000874,8.305355,0.000315,1636,-0.01,0.04907,0.00666,0.00119,0.04221,0.70094
1573,1610752,28.68619,66.47368,0.84211,0.89,0.494824,0.098875,18.640112,0.000283,1642,-0.01,0.0476,0.0068,-0.00019,0.03769,0.48439
1574,1611776,33.38429,45.92857,0.92857,0.91,0.512536,-0.054328,8.030229,0.002575,1820,-0.01,0.04977,0.00357,0.00132,0.02616,0.4399
1575,1612800,29.37911,77.92857,0.78571,0.89,0.475404,-0.000372,7.385337,0.000337,1739,-0.01,0.05087,0.00428,0.00139,0.02575,0.35318
1576,1613824,30.19308,61.22727,0.86364,0.89,0.388091,0.049597,18.288437,0.000748,1596,-0.01,0.04757,0.00845,0.00074,0.0446,0.59181
1577,1614848,33.00026,41.36364,0.95455,0.89,0.43852,-0.012366,12.784385,0.001111,1621,-0.01,0.04855,0.0073,0.00239,0.04405,0.66833
1578,1615872,32.08357,41.2381,0.90476,0.89,0.463175,-0.025971,15.338073,0.001229,1616,-0.01,0.04683,0.00668,0.00091,0.03633,0.60933
1579,1616896,29.67105,63.19048,0.85714,0.88,0.414672,-0.000445,12.187277,0.000325,1647,-0.01,0.04674,0.00716,0.00025,0.03858,0.55004
1580,1617920,34.21371,39.51852,0.92593,0.92,0.395824,-0.000671,10.020026,0.000497,1598,-0.01,0.04714,0.00907,0.00135,0.05055,0.82096
1581,1618944,35.26141,39.91304,0.95652,0.91,0.421587,0.000721,7.753135,0.000892,1624,-0.01,0.04847,0.00875,0.00087,0.04765,0.71543
1582,1619968,34.80537,40.9,0.95,0.93,0.493013,-0.044304,9.125918,0.00047,1676,-0.01,0.04916,0.00738,0.00096,0.04427,0.64267
1583,1620992,32.55177,57.70833,0.875,0.92,0.446902,3.8e-05,8.944662,0.000834,1679,-0.01,0.04802,0.00877,0.00066,0.0512,0.71942
1584,1622016,30.83561,42.53846,0.88462,0.92,0.44519,0.00013,12.591705,0.000865,1643,-0.01,0.04648,0.00879,0.00182,0.04679,0.76288
1585,1623040,35.5149,31.30769,1.0,0.93,0.45899,0.103169,12.141488,0.000772,1565,-0.01,0.04779,0.00978,0.00101,0.05489,0.83043
1586,1624064,32.37681,45.16667,0.94444,0.93,0.573527,-0.068045,9.705708,0.001724,1698,-0.01,0.04957,0.00342,0.00084,0.02923,0.51741
1587,1625088,31.79079,64.63158,0.84211,0.91,0.522886,0.022666,8.074457,0.002571,1592,-0.01,0.04938,0.00581,0.00064,0.04191,0.51135
1588,1626112,31.44985,46.17647,0.94118,0.92,0.51085,-0.000303,10.095848,0.000562,1700,-0.01,0.04935,0.00418,0.00058,0.03204,0.47827
1589,1627136,32.8323,49.78261,0.91304,0.93,0.455518,0.05487,10.812619,0.000466,1622,-0.01,0.04783,0.00779,0.00099,0.04309,0.67654
1590,1628160,32.21417,41.33333,0.95833,0.92,0.454281,-0.00015,11.399538,0.000266,1711,-0.01,0.04804,0.0072,0.00147,0.04807,0.72855
1591,1629184,34.21425,51.75,0.9,0.91,0.572347,-0.034189,5.723268,0.000586,1633,-0.01,0.04901,0.00401,0.00101,0.03679,0.59687
1592,1630208,32.89453,57.6875,0.875,0.92,0.593424,-6.8e-05,6.538506,0.001247,1679,-0.01,0.04992,0.00367,0.00154,0.03141,0.44788
1593,1631232,31.37311,50.27273,0.90909,0.91,0.583974,0.000171,11.501867,0.000575,1557,-0.01,0.0496,0.00557,0.00144,0.04187,0.6109
1594,1632256,33.31771,48.79167,0.91667,0.92,0.516529,-0.058318,9.792476,0.001145,1547,-0.01,0.04773,0.00599,0.00076,0.05112,0.70435
1595,1633280,33.37705,41.72727,0.95455,0.91,0.581358,-0.000506,12.515413,0.00102,1590,-0.01,0.04938,0.00556,0.00056,0.03831,0.65885
1596,1634304,32.74389,54.38889,0.88889,0.91,0.605495,0.000903,7.299011,0.001288,1651,-0.01,0.0498,0.00312,-0.00015,0.03633,0.51024
1597,1635328,34.41087,49.21739,0.91304,0.93,0.47553,0.000219,7.362809,0.000521,1632,-0.01,0.04935,0.00594,0.00163,0.04541,0.68643
1598,1636352,33.71607,50.66667,0.90476,0.92,0.527059,-0.028032,7.028637,0.002909,1654,-0.01,0.0491,0.00658,0.0016,0.04372,0.62709
1599,1637376,35.52737,29.78947,1.0,0.93,0.463581,-0.047416,7.696125,0.000915,1702,-0.01,0.04922,0.0051,0.00177,0.04178,0.64429
1600,1638400,33.48775,63.9,0.9,0.92,0.476081,-0.05471,9.127301,0.001137,1631,-0.01,0.04902,0.00533,9e-05,0.03934,0.57803
1601,1639424,32.31539,58.84211,0.89474,0.92,0.492593,-0.000471,7.626577,0.001419,1617,-0.01,0.04911,0.00489,0.00052,0.04087,0.53611
1602,1640448,35.48145,46.26316,0.94737,0.93,0.530052,-0.001423,9.885558,0.00081,1616,-0.01,0.048,0.00384,0.00051,0.03063,0.60075
1603,1641472,29.23236,52.28571,0.80952,0.9,0.508114,-3.2e-05,11.681997,0.001052,1523,-0.01,0.04882,0.00784,0.00079,0.04146,0.53554
1604,1642496,35.30738,41.2381,0.95238,0.9,0.517663,-0.00156,8.120226,0.001232,1644,-0.01,0.04789,0.0061,7e-05,0.03969,0.64906
1605,1643520,33.06219,70.5625,0.8125,0.89,0.567018,-0.000892,4.764749,0.000589,1691,-0.01,0.04977,0.00271,0.0005,0.03076,0.43562
1606,1644544,33.2702,59.45455,0.86364,0.88,0.500116,-0.024826,6.379584,0.000684,1594,-0.01,0.04756,0.00729,0.00156,0.04197,0.62568
1607,1645568,33.05245,39.34615,0.92308,0.89,0.411096,-0.000559,14.94021,0.000574,1658,-0.01,0.04812,0.00915,0.00166,0.05563,0.79986
1608,1646592,33.87163,40.43478,0.95652,0.91,0.456832,8.7e-05,10.814737,0.000591,1734,-0.01,0.04809,0.00756,0.00064,0.04158,0.75611
1609,1647616,33.11324,48.44,0.92,0.91,0.417125,-0.001584,9.328696,0.000986,1662,-0.01,0.04835,0.00858,0.00244,0.0554,0.74593
1610,1648640,33.6892,37.57143,0.96429,0.94,0.478296,-0.039046,10.335866,0.000588,1568,-0.01,0.04674,0.00876,0.00169,0.0549,0.86056
1611,1649664,35.15288,31.07692,1.0,0.95,0.543566,0.001953,8.70084,0.001983,1707,-0.01,0.05033,0.00369,-0.00031,0.02892,0.42149
1612,1650688,26.15456,82.0,0.64706,0.9,0.520397,-0.024525,8.471313,0.000752,1732,-0.01,0.05048,0.00383,0.00091,0.02427,0.37016
1613,1651712,33.88614,50.86364,0.90909,0.89,0.404194,-0.062642,11.334022,0.003124,1605,-0.01,0.04885,0.00802,0.00171,0.04664,0.65311
1614,1652736,34.32485,39.17391,0.95652,0.9,0.495609,-0.001415,7.971154,0.001211,1631,-0.01,0.04777,0.00772,0.00087,0.041,0.69909
1615,1653760,32.94565,51.52174,0.91304,0.89,0.508386,2.8e-05,12.187109,0.000527,1627,-0.01,0.04944,0.00632,0.00234,0.04666,0.66691
1616,1654784,34.85569,37.51724,0.93103,0.93,0.469939,-0.000313,10.335114,0.001596,1553,-0.01,0.04887,0.00873,0.0026,0.05359,0.8943
1617,1655808,32.66071,41.19048,0.95238,0.94,0.47932,-0.016807,8.359066,0.003379,1202,-0.01,0.04787,0.00625,0.00115,0.04837,0.61406
1618,1656832,33.31479,48.45833,0.875,0.91,0.479435,-0.062642,7.847814,0.000334,1409,-0.01,0.04838,0.00652,0.00125,0.04153,0.69542
1619,1657856,31.10309,47.58824,0.88235,0.91,0.491732,0.00182,11.525504,0.002088,1644,-0.01,0.04899,0.00467,0.00118,0.03261,0.47566
1620,1658880,31.24877,68.25,0.83333,0.9,0.534391,0.131046,9.851096,0.000658,1748,-0.01,0.04901,0.00201,0.00049,0.02269,0.32375
1621,1659904,29.29093,64.45,0.85,0.89,0.499174,-0.001661,12.101119,0.00098,1613,-0.01,0.04851,0.00688,0.00134,0.03828,0.51218
1622,1660928,34.0275,38.61538,0.96154,0.89,0.52832,0.030877,8.006569,0.004082,1555,-0.01,0.04761,0.00722,0.00243,0.05016,0.79685
1623,1661952,34.7022,47.6,0.92,0.9,0.418143,0.003604,7.570464,0.001691,1460,-0.01,0.04804,0.00796,0.00199,0.05437,0.75547
1624,1662976,34.36958,30.72222,1.0,0.92,0.511868,-0.062483,9.908435,0.002852,1619,-0.01,0.05026,0.00414,0.00088,0.0303,0.55881
1625,1664000,30.54875,79.27778,0.77778,0.91,0.491385,0.051416,9.140191,0.000345,1445,-0.01,0.05014,0.00464,0.00105,0.03076,0.45052
1626,1665024,33.44775,51.1,0.9,0.92,0.623717,0.000312,7.06562,0.000749,1763,-0.01,0.05007,0.00121,-0.0008,0.02269,0.29654
1627,1666048,28.18359,90.5,0.75,0.89,0.59446,-0.062645,8.127294,0.001195,1696,-0.01,0.05031,0.00404,0.00172,0.02885,0.3719
1628,1667072,32.97645,45.75,0.89286,0.88,0.408518,-0.028352,11.8924,0.001508,1524,-0.01,0.04611,0.00796,0.00094,0.04929,0.81385
1629,1668096,33.00519,31.30769,1.0,0.88,0.625447,-0.028372,8.326272,0.001627,1592,-0.01,0.04917,0.00374,-0.00042,0.03176,0.38837
1630,1669120,28.11058,98.46154,0.69231,0.84,0.713533,0.074783,5.88545,0.002113,1592,-0.01,0.04995,0.00117,-0.00114,0.02137,0.28632
1631,1670144,33.9463,47.68,0.92,0.86,0.486592,0.117668,11.506442,0.00065,1574,-0.01,0.0479,0.00756,0.00074,0.0505,0.74262
1632,1671168,35.58472,39.22222,0.96296,0.91,0.458633,-0.001522,10.361031,0.001086,1490,-0.01,0.048,0.00894,0.00144,0.0547,0.85165
1633,1672192,33.78559,43.82353,0.94118,0.92,0.612579,-0.014559,6.716504,0.001719,1595,-0.01,0.04954,0.00326,2e-05,0.03495,0.50204
1634,1673216,32.61405,63.52632,0.84211,0.89,0.587687,-0.10603,6.700848,0.000265,1575,-0.01,0.04877,0.00384,0.00089,0.03588,0.53789
1635,1674240,31.55448,46.55172,0.93103,0.92,0.429225,-0.040676,12.752828,0.001565,1594,-0.01,0.04733,0.01181,0.00242,0.05347,0.87282
1636,1675264,36.76292,29.29167,1.0,0.94,0.493525,-0.000375,8.146551,0.000921,1582,-0.01,0.04743,0.00686,0.00075,0.05737,0.78915
1637,1676288,34.76375,48.33333,0.91667,0.93,0.588709,-0.132248,8.026935,0.001069,1713,-0.01,0.0509,0.00139,-0.00076,0.02139,0.37142
1638,1677312,30.72872,79.66667,0.77778,0.9,0.466906,-0.047665,8.418562,0.00043,1591,-0.01,0.0478,0.00395,3e-05,0.03304,0.47292
1639,1678336,32.65833,51.0,0.90909,0.92,0.559831,0.02177,7.994228,0.001518,1539,-0.01,0.0492,0.00682,0.00073,0.04418,0.62291
1640,1679360,36.9675,29.05556,1.0,0.92,0.522644,-0.000356,6.084773,0.000313,1583,-0.01,0.04913,0.0049,-0.00014,0.03684,0.59117
1641,1680384,31.96235,66.54167,0.875,0.9,0.466863,-0.001025,9.53919,0.000404,1482,-0.01,0.04827,0.0074,0.00171,0.04884,0.65389
1642,1681408,37.60119,29.09524,1.0,0.92,0.496634,-0.025578,5.826565,0.001118,1571,-0.01,0.04958,0.00598,0.00125,0.04259,0.69916
1643,1682432,30.90417,68.33333,0.83333,0.93,0.471749,-0.00045,11.884872,0.000488,1738,-0.01,0.04854,0.00472,0.00036,0.03392,0.48691
1644,1683456,32.02015,51.85,0.9,0.92,0.431135,0.052416,10.338828,0.001323,1639,-0.01,0.04764,0.00634,0.00132,0.04081,0.60306
1645,1684480,35.99012,40.75,0.95,0.92,0.431307,0.072605,7.343816,0.001815,1508,-0.01,0.04932,0.00641,0.00208,0.04613,0.65912
1646,1685504,30.93059,57.88235,0.88235,0.91,0.493876,0.108878,15.18023,0.001396,1530,-0.01,0.04941,0.00437,0.00107,0.02873,0.4628
1647,1686528,25.06556,105.0,0.66667,0.89,0.577118,-0.091725,9.784208,0.00121,1571,-0.01,0.05023,0.00224,0.00028,0.01758,0.17002
1648,1687552,29.79747,72.66667,0.80952,0.86,0.532841,0.029279,13.070684,0.001276,1593,-0.01,0.04858,0.00572,0.00141,0.03487,0.52542
1649,1688576,34.55192,38.92308,0.96154,0.88,0.432999,-0.07027,9.813751,0.001476,1606,-0.01,0.04865,0.00857,0.00285,0.05624,0.80214
1650,1689600,35.4349,39.0,0.96,0.89,0.447873,-0.091417,8.283878,0.001244,1576,-0.01,0.04799,0.008,0.00173,0.05098,0.78311
1651,1690624,34.93,37.66667,0.96296,0.93,0.428784,0.00213,6.864237,0.000251,1532,-0.01,0.04782,0.00854,0.0018,0.05312,0.83935
1652,1691648,35.07118,41.21053,0.94737,0.95,0.48919,-0.001012,9.922108,0.001371,1721,-0.01,0.04875,0.00596,0.00046,0.03671,0.58697
1653,1692672,32.18179,46.92857,0.92857,0.96,0.495266,-0.00044,7.75685,0.000322,1729,-0.01,0.04991,0.00376,0.00085,0.02841,0.39342
1654,1693696,30.09792,69.17391,0.82609,0.92,0.385755,-0.018772,10.789229,0.000745,1616,-0.01,0.04751,0.00674,0.00117,0.04134,0.5898
1655,1694720,34.70721,42.52941,0.94118,0.92,0.495559,0.000286,8.233553,0.000715,1547,-0.01,0.0478,0.00483,0.00027,0.03468,0.51801
1656,1695744,33.20345,60.57143,0.85714,0.9,0.531819,0.000678,6.2126,0.000781,1534,-0.01,0.04601,0.00639,-0.00023,0.0434,0.59046
1657,1696768,33.17691,47.10345,0.93103,0.9,0.436601,0.000132,11.741165,0.000915,1560,-0.01,0.04613,0.01074,0.0024,0.05101,0.87326
1658,1697792,33.91435,32.34783,0.95652,0.93,0.432025,0.000884,10.720641,0.001659,1629,-0.01,0.04648,0.00865,0.00051,0.05177,0.71053
1659,1698816,35.92278,42.61111,0.94444,0.93,0.437403,0.136403,12.424563,0.000691,1673,-0.01,0.04819,0.00508,0.0006,0.03633,0.56869
1660,1699840,30.762,74.9,0.8,0.91,0.492549,-0.00524,7.298919,0.001512,1688,-0.01,0.05004,0.00256,0.00084,0.01913,0.2637
1661,1700864,26.25238,91.13333,0.73333,0.9,0.5477,-0.02533,6.844909,0.000683,1730,-0.01,0.04789,0.00338,1e-05,0.02379,0.32858
1662,1701888,33.795,50.63636,0.90909,0.9,0.487866,-0.034651,9.962109,0.001245,1592,-0.01,0.04658,0.00704,0.00117,0.04643,0.66868
1663,1702912,32.9796,45.53333,0.93333,0.9,0.519264,-0.001089,7.492571,0.00136,1537,-0.01,0.04897,0.00461,-8e-05,0.02952,0.43913
1664,1703936,32.21782,70.68182,0.86364,0.87,0.498502,-0.007454,15.557744,0.00055,1563,-0.01,0.04879,0.006,0.00074,0.0417,0.60992
1665,1704960,32.88326,41.26087,0.95652,0.89,0.419527,0.075601,14.168515,0.000751,1596,-0.01,0.04855,0.00866,0.00173,0.04611,0.67999
1666,1705984,29.685,50.23077,0.92308,0.91,0.514136,0.000215,9.562352,0.001015,1680,-0.01,0.04994,0.00396,-0.00011,0.02423,0.35212
1667,1707008,33.78866,59.0,0.86364,0.91,0.477303,-0.070845,6.383876,0.001069,1608,-0.01,0.04747,0.00655,0.00142,0.04221,0.64579
1668,1708032,32.19552,49.32,0.92,0.91,0.376428,-0.121277,14.95987,0.000908,1630,-0.01,0.0474,0.00888,0.00232,0.04657,0.72162
1669,1709056,29.25431,30.09091,0.81818,0.91,0.513839,-0.013916,7.922681,0.000558,1471,-0.01,0.04949,0.00251,4e-05,0.01892,0.29129
1670,1710080,24.46321,110.28571,0.64286,0.86,0.460441,-0.058944,9.706664,0.00035,1703,-0.01,0.04939,0.00435,5e-05,0.02127,0.26874
1671,1711104,34.77548,48.65217,0.91304,0.85,0.380021,-0.07179,8.636356,0.001529,1588,-0.01,0.04786,0.00901,0.00175,0.05323,0.70055
1672,1712128,34.25426,44.52941,0.94118,0.87,0.531798,-0.000874,12.151164,0.001702,1548,-0.01,0.04931,0.00437,7e-05,0.03385,0.51501
1673,1713152,28.71712,65.0,0.84615,0.87,0.549755,-0.000634,10.481293,0.00048,1795,-0.01,0.04982,0.00182,-0.00047,0.02126,0.32144
1674,1714176,33.98361,54.07407,0.88889,0.86,0.443384,0.074197,11.216523,0.003095,1656,-0.01,0.04665,0.01018,0.00168,0.05577,0.81317
1675,1715200,34.72975,41.95,0.95,0.91,0.490699,0.001773,11.099772,0.001482,1702,-0.01,0.04901,0.00673,0.00144,0.03952,0.62072
1676,1716224,31.9215,60.06667,0.86667,0.9,0.562944,-0.097594,7.250162,0.003144,1740,-0.01,0.04914,0.0038,0.00016,0.032,0.42305
1677,1717248,32.70454,55.0,0.92593,0.9,0.403262,-0.00093,12.024487,0.000881,1690,-0.01,0.04628,0.00792,0.00123,0.04749,0.79757
1678,1718272,36.87278,29.94444,1.0,0.94,0.471068,0.011475,6.608784,0.000689,1670,-0.01,0.04851,0.00529,0.00109,0.03959,0.59093
1679,1719296,32.5809,55.2,0.84,0.91,0.409528,-0.000216,11.717789,0.000272,1609,-0.01,0.04815,0.0083,0.00214,0.04394,0.69975
1680,1720320,32.48039,40.65,0.9,0.9,0.393959,0.118178,11.168056,0.000942,1700,-0.01,0.04842,0.0073,0.00175,0.04289,0.58946
1681,1721344,33.5669,51.47619,0.90476,0.91,0.402853,0.021241,6.958434,0.000394,1675,-0.01,0.04731,0.00587,0.00095,0.03797,0.63479
1682,1722368,30.81114,52.0,0.81818,0.88,0.449677,0.084464,19.771594,0.001419,1576,-0.01,0.04727,0.00819,0.00148,0.04433,0.6194
1683,1723392,34.58089,29.85714,1.0,0.88,0.475356,0.004113,8.557728,0.000602,1677,-0.01,0.04845,0.0044,5e-05,0.03006,0.44828
1684,1724416,30.0955,88.46667,0.73333,0.87,0.444655,0.013702,7.718247,0.000356,1630,-0.01,0.04886,0.00481,0.00031,0.03153,0.36326
1685,1725440,33.18044,56.23529,0.88235,0.88,0.448453,-0.000434,7.899469,0.000236,1768,-0.01,0.0483,0.00419,0.00021,0.02724,0.48596
1686,1726464,29.77285,65.85,0.8,0.84,0.380332,-0.001022,12.072898,0.000928,1597,-0.01,0.04717,0.0071,0.00099,0.04149,0.52408
1687,1727488,33.8614,47.84,0.92,0.86,0.347474,0.000552,9.473483,0.000545,1650,-0.01,0.047,0.00951,0.00167,0.05056,0.76991
1688,1728512,33.23667,39.0,0.95833,0.88,0.382242,0.016551,11.535569,0.000572,1579,-0.01,0.0458,0.00771,7e-05,0.04633,0.73118
1689,1729536,37.28969,30.25,1.0,0.91,0.358984,-0.208157,10.869684,0.003063,1728,-0.01,0.04813,0.00489,0.00116,0.03613,0.56493
1690,1730560,33.11935,61.92593,0.85185,0.92,0.312975,0.114289,7.634604,0.000886,1624,-0.01,0.04634,0.00876,0.00144,0.05244,0.78421
1691,1731584,35.59435,36.51613,0.96774,0.93,0.294382,-0.04193,7.701542,0.000304,1407,-0.01,0.04521,0.01105,0.0021,0.0639,0.98319
1692,1732608,34.8625,29.94737,1.0,0.95,0.373227,-0.000386,10.810063,0.001952,1533,-0.01,0.04606,0.00724,-0.00048,0.04169,0.60098
1693,1733632,34.17607,60.5,0.85714,0.93,0.422712,-0.0275,6.376502,0.000388,1685,-0.01,0.04881,0.00344,-6e-05,0.02721,0.40282
1694,1734656,30.43831,69.05882,0.76471,0.91,0.429666,-0.000536,7.795599,0.000926,1655,-0.01,0.04821,0.00481,0.00058,0.03478,0.43191
1695,1735680,32.64139,54.40741,0.88889,0.9,0.350243,-1.8e-05,11.486302,0.00052,1611,-0.01,0.04658,0.00955,0.00179,0.05006,0.76737
1696,1736704,36.1359,30.04,1.0,0.91,0.363955,0.000386,11.348037,0.0004,1610,-0.01,0.0479,0.00844,0.00164,0.04807,0.81433
1697,1737728,31.72921,53.84211,0.89474,0.89,0.382386,0.026489,8.106113,0.000965,1591,-0.01,0.04836,0.00631,0.00138,0.0385,0.52507
1698,1738752,34.13976,51.28571,0.90476,0.92,0.427303,-0.028574,6.160799,0.000689,1649,-0.01,0.04807,0.00619,0.00138,0.04282,0.61957
1699,1739776,35.69975,40.3,0.95,0.94,0.433703,-0.101734,7.990924,0.001168,1631,-0.01,0.04752,0.00668,0.00069,0.04279,0.63949
1700,1740800,29.15526,64.26316,0.73684,0.9,0.472421,0.000567,10.690994,0.000774,1634,-0.01,0.04855,0.00499,0.00034,0.02933,0.48237
1701,1741824,34.02907,49.6087,0.91304,0.88,0.351486,-0.051725,8.992362,0.000532,1684,-0.01,0.04792,0.00729,0.0016,0.04747,0.6829
1702,1742848,31.57838,46.11765,0.88235,0.88,0.397085,0.001236,10.020786,0.001072,1666,-0.01,0.04905,0.00661,0.00114,0.03346,0.47508
1703,1743872,31.79172,58.375,0.875,0.87,0.348921,-0.056113,8.497575,0.000188,1735,-0.01,0.0489,0.00444,0.00057,0.03024,0.44099
1704,1744896,32.32906,57.125,0.875,0.87,0.41687,0.015611,7.293581,0.000418,1670,-0.01,0.04854,0.00551,0.00066,0.03075,0.46931
1705,1745920,32.16795,60.86364,0.86364,0.87,0.383421,-0.028415,10.508994,0.000817,1595,-0.01,0.04813,0.00828,0.00251,0.04273,0.63691
1706,1746944,32.63593,51.95238,0.90476,0.88,0.395486,0.169183,13.559702,0.001216,1606,-0.01,0.04724,0.00642,0.00071,0.04397,0.6066
1707,1747968,34.03539,41.68421,0.94737,0.89,0.408235,-0.000992,8.854467,0.000917,1665,-0.01,0.04709,0.00651,0.00025,0.03705,0.57317
1708,1748992,32.15353,56.11765,0.88235,0.89,0.392075,-0.003411,8.312757,0.001047,1631,-0.01,0.04869,0.00488,0.00073,0.03122,0.46869
1709,1750016,31.13368,68.82353,0.82353,0.89,0.438221,-0.004253,8.029719,0.000625,1533,-0.01,0.04931,0.00433,0.00064,0.03117,0.44494
1710,1751040,32.14,56.36842,0.89474,0.9,0.473429,-0.000788,11.875545,0.001696,1614,-0.01,0.04656,0.0043,-0.00014,0.03771,0.55584
1711,1752064,32.99619,54.88889,0.88889,0.89,0.424815,0.041043,9.145105,0.00066,1669,-0.01,0.0467,0.0054,0.00055,0.03761,0.52482
1712,1753088,32.005,66.61111,0.83333,0.87,0.420294,-0.000199,11.503672,0.000415,1650,-0.01,0.04697,0.00579,0.00019,0.03658,0.48505
1713,1754112,32.61196,40.86957,0.95652,0.89,0.456547,-0.02971,9.501475,0.000262,1523,-0.01,0.04666,0.00599,0.0012,0.03972,0.6796
1714,1755136,34.89465,46.22222,0.92593,0.91,0.421475,-0.167396,10.27093,0.002301,1492,-0.01,0.04562,0.00922,0.00129,0.05599,0.82096
1715,1756160,32.78157,30.85185,0.96296,0.93,0.394697,0.000127,14.292796,0.000763,1633,-0.01,0.04529,0.00949,0.00155,0.05721,0.84206
1716,1757184,33.8222,44.0,0.94444,0.93,0.476388,-0.01681,10.706839,0.002478,1787,-0.01,0.04924,0.00704,0.00133,0.03764,0.5839
1717,1758208,31.22097,67.27778,0.83333,0.92,0.50022,-0.000944,6.313712,0.000617,1741,-0.01,0.04859,0.00531,-0.00028,0.03276,0.49651
1718,1759232,34.36292,47.54167,0.91667,0.92,0.386761,0.030974,12.421732,0.000885,1654,-0.01,0.04543,0.0071,-5e-05,0.04604,0.73622
1719,1760256,32.27012,32.3,0.95,0.92,0.467497,0.0004,11.695316,0.000684,1661,-0.01,0.04536,0.00566,-0.00045,0.04559,0.63524
1720,1761280,33.0825,52.3,0.9,0.91,0.357538,-0.000349,11.013188,0.000675,1554,-0.01,0.04447,0.01008,0.00157,0.05556,0.91575
1721,1762304,35.62312,33.16667,1.0,0.93,0.387026,-0.000734,8.202012,0.002067,1623,-0.01,0.04604,0.0085,0.00091,0.05362,0.76697
1722,1763328,34.07495,40.4,0.96,0.95,0.42904,-0.048474,9.618742,0.001228,1627,-0.01,0.04552,0.00882,0.00023,0.05188,0.76482
1723,1764352,34.82175,40.95,0.95,0.95,0.468988,-0.000448,7.21336,0.000451,1653,-0.01,0.048,0.00628,-0.00026,0.04096,0.61232
1724,1765376,32.22818,60.72727,0.86364,0.95,0.463044,-0.015296,7.609168,0.000717,1637,-0.01,0.04798,0.00648,0.00084,0.03538,0.60783
1725,1766400,34.94162,40.31818,0.95455,0.94,0.401487,-0.000579,7.925389,0.000503,1560,-0.01,0.04672,0.00666,0.00077,0.04603,0.68427
1726,1767424,33.06187,52.85,0.9,0.92,0.400862,-4.2e-05,9.333719,0.001178,1631,-0.01,0.04847,0.00757,0.00083,0.04215,0.56871
1727,1768448,33.43,43.66667,0.94444,0.92,0.429588,-0.019401,8.475707,0.000517,1613,-0.01,0.04826,0.00592,0.00029,0.03783,0.53579
1728,1769472,34.02183,44.93333,0.93333,0.93,0.359861,0.034822,10.20794,0.000841,1597,-0.01,0.04725,0.00998,0.00196,0.05357,0.90391
1729,1770496,34.54458,41.79167,0.95833,0.93,0.481696,-0.006332,7.841072,0.000923,1499,-0.01,0.04703,0.00959,0.0001,0.0545,0.75058
1730,1771520,34.72987,41.15,0.95,0.94,0.475962,0.001641,7.945685,0.003766,1630,-0.01,0.04792,0.006,0.00094,0.03807,0.63137
1731,1772544,32.10041,48.69231,0.92308,0.94,0.516224,-0.00027,7.842053,0.000821,1638,-0.01,0.04862,0.00327,-0.00087,0.02773,0.37194
1732,1773568,30.57659,63.8,0.85,0.93,0.483329,0.001304,9.889887,0.002501,1635,-0.01,0.04626,0.00651,-0.0009,0.04034,0.52579
1733,1774592,32.39108,45.65517,0.86207,0.9,0.428334,-0.033527,11.425003,0.000567,1616,-0.01,0.04441,0.00897,0.0003,0.04974,0.85411
1734,1775616,33.26578,40.72727,0.90909,0.89,0.541027,0.073213,9.615217,0.001149,1629,-0.01,0.04803,0.00552,-0.0002,0.03984,0.66014
1735,1776640,29.1697,63.42857,0.85714,0.88,0.730454,-0.074917,5.861094,0.002322,1781,-0.01,0.04576,0.00047,-0.00268,0.01465,0.18391
1736,1777664,29.88909,82.04762,0.7619,0.85,0.545426,-0.044787,8.796927,0.000901,1682,-0.01,0.04393,0.0052,-0.0005,0.03708,0.5177
1737,1778688,35.30358,41.05,0.95,0.87,0.471251,9.7e-05,9.845244,0.001167,1675,-0.01,0.04804,0.00653,-0.00056,0.04569,0.63642
1738,1779712,30.62783,60.53333,0.86667,0.87,0.513188,-0.006923,8.968066,0.003255,1637,-0.01,0.05012,0.0039,-0.00108,0.02725,0.39604
1739,1780736,31.29314,70.36364,0.81818,0.86,0.573868,-0.000933,8.053369,0.000558,1758,-0.01,0.04975,0.00237,-0.00249,0.02104,0.28825
1740,1781760,28.73385,81.68182,0.77273,0.84,0.545119,0.02771,10.924289,0.001255,1610,-0.01,0.04788,0.00703,-0.00082,0.03531,0.53096
1741,1782784,35.74794,30.41176,1.0,0.88,0.457789,-0.003785,9.561776,0.000376,1553,-0.01,0.04863,0.00556,-0.00138,0.04003,0.54471
1742,1783808,31.20873,57.875,0.875,0.88,0.481634,0.021982,11.897614,0.003207,1467,-0.01,0.04859,0.00682,-0.00049,0.04212,0.65303
1743,1784832,35.02635,37.88462,0.96154,0.89,0.39485,-0.043828,9.720826,0.00042,1539,-0.01,0.04729,0.01013,-8e-05,0.0596,0.81178
1744,1785856,35.66271,40.66667,0.95833,0.92,0.410735,-0.075533,7.806062,0.001005,1672,-0.01,0.04802,0.0073,-0.0006,0.04226,0.75285
1745,1786880,34.76655,39.85714,0.95238,0.94,0.395685,-0.037081,8.16484,0.000394,1728,-0.01,0.04781,0.00707,-0.00173,0.04381,0.65215
1746,1787904,32.35247,54.55556,0.88889,0.93,0.431102,0.032008,7.61992,0.00187,1784,-0.01,0.04821,0.00744,-0.00166,0.03835,0.51805
1747,1788928,26.29174,77.93333,0.73333,0.92,0.495648,0.003565,12.462307,0.0027,1804,-0.01,0.04851,0.00524,-0.00118,0.02833,0.3385
1748,1789952,32.00577,52.05,0.9,0.9,0.473839,-5.8e-05,10.789684,0.001358,1732,-0.01,0.04958,0.0052,-0.00057,0.03349,0.56391
1749,1790976,32.26882,46.44828,0.93103,0.89,0.379033,-0.000211,14.051143,0.001699,1572,-0.01,0.04583,0.01096,6e-05,0.05514,0.84997
1750,1792000,34.37762,31.58621,1.0,0.91,0.399931,-0.000137,13.019049,0.000139,1570,-0.01,0.04587,0.00969,0.00069,0.05475,0.91515
1751,1793024,34.01227,39.58333,0.91667,0.94,0.476793,0.010106,7.390141,0.001783,1627,-0.01,0.04684,0.00821,-0.00073,0.04847,0.74359
1752,1794048,35.1889,41.33333,0.94444,0.95,0.474898,-0.016165,6.573256,0.000577,1682,-0.01,0.0486,0.00635,-0.00027,0.04121,0.58892
1753,1795072,31.63011,60.13636,0.86364,0.94,0.469413,-0.027659,7.883602,0.000594,1634,-0.01,0.04826,0.00701,-0.00016,0.04231,0.61757
1754,1796096,34.91236,42.22222,0.94444,0.93,0.583214,-0.000135,8.071235,0.001178,1609,-0.01,0.04666,0.00337,-0.00202,0.03508,0.5561
1755,1797120,27.741,90.36364,0.72727,0.9,0.593848,0.000471,9.848771,0.000719,1814,-0.01,0.04856,0.00349,-0.00297,0.02591,0.28555
1756,1798144,31.97589,55.14286,0.89286,0.89,0.430445,-0.000467,10.084916,0.000955,1628,-0.01,0.04634,0.00842,-0.00031,0.0471,0.78448
1757,1799168,35.33441,29.92,1.0,0.9,0.42022,-3e-05,11.929502,0.000527,1615,-0.01,0.04744,0.0102,0.00117,0.05394,0.80211
1758,1800192,33.17321,42.95238,0.95238,0.92,0.408229,-0.025583,9.325675,0.000775,1715,-0.01,0.0485,0.00732,0.00101,0.04312,0.62647
1759,1801216,33.22905,48.08,0.92,0.93,0.381362,-0.000385,10.41927,0.000676,1587,-0.01,0.04722,0.00766,0.0008,0.04696,0.74755
1760,1802240,36.16221,31.17647,1.0,0.95,0.409543,-0.008567,7.604348,0.000866,1708,-0.01,0.04697,0.00527,-0.00179,0.03603,0.5675
1761,1803264,30.58044,57.82353,0.88235,0.95,0.432146,-0.000546,10.485773,0.000619,1731,-0.01,0.04706,0.00549,-0.00085,0.0344,0.45827
1762,1804288,32.04221,70.0,0.82353,0.92,0.467776,-0.000475,10.168462,0.000362,1758,-0.01,0.0483,0.0054,-0.00082,0.03149,0.45934
1763,1805312,28.04861,108.66667,0.66667,0.89,0.585447,-0.000335,7.112669,0.000913,1870,-0.01,0.04947,0.00133,-0.00125,0.01738,0.20439
1764,1806336,31.20893,76.42857,0.78571,0.87,0.549941,-0.000548,7.729704,0.000917,1658,-0.01,0.0485,0.0029,-0.00119,0.0276,0.3775
1765,1807360,30.52032,70.57895,0.78947,0.85,0.558809,-0.146129,14.020523,0.000582,1674,-0.01,0.04809,0.00643,-0.00089,0.03845,0.50743
1766,1808384,34.25294,43.41176,0.94118,0.84,0.477326,1.9e-05,8.529423,0.000808,1822,-0.01,0.04883,0.00512,-0.00097,0.0321,0.54561
1767,1809408,31.52966,61.90476,0.80952,0.82,0.452638,0.000464,10.506182,0.000507,1674,-0.01,0.04839,0.00637,-0.00042,0.03812,0.57577
1768,1810432,33.74829,54.21053,0.89474,0.83,0.421185,-0.00184,7.914608,0.000764,1494,-0.01,0.04905,0.00801,0.00022,0.03998,0.54989
1769,1811456,33.96766,45.6875,0.9375,0.86,0.459055,-0.000603,8.031891,0.000337,1718,-0.01,0.04838,0.00457,-0.00094,0.03183,0.47464
1770,1812480,31.82024,61.7619,0.85714,0.89,0.468995,-8.5e-05,9.246322,0.000392,1609,-0.01,0.04852,0.00724,-0.00083,0.03949,0.57104
1771,1813504,35.55019,45.22222,0.92593,0.89,0.407381,0.092973,11.758551,0.000628,1567,-0.01,0.04708,0.00823,8e-05,0.05467,0.83315
1772,1814528,34.73037,31.75,1.0,0.92,0.532522,-0.090923,9.21166,0.000233,1692,-0.01,0.04877,0.00628,-0.00024,0.03759,0.62746
1773,1815552,30.9575,65.15385,0.84615,0.92,0.559016,0.08869,7.36293,0.00088,1788,-0.01,0.05017,0.00278,-0.00146,0.02671,0.34165
1774,1816576,32.11932,62.68182,0.86364,0.9,0.428587,0.015241,9.969084,0.000644,1624,-0.01,0.0484,0.00804,0.00019,0.04253,0.60444
1775,1817600,32.18591,51.63636,0.90909,0.91,0.513159,-0.000269,9.415182,0.002209,1788,-0.01,0.04969,0.00335,-0.00134,0.02336,0.30672
1776,1818624,27.62077,101.15385,0.69231,0.88,0.568866,0.014642,6.185989,0.00033,1714,-0.01,0.05017,0.0036,-0.00014,0.02459,0.27723
1777,1819648,33.00144,46.80769,0.88462,0.87,0.524173,0.061098,13.284181,0.001181,1629,-0.01,0.04682,0.00729,7e-05,0.04512,0.75229
1778,1820672,33.74914,42.88889,0.94444,0.86,0.459523,-0.0033,8.826434,0.000462,1694,-0.01,0.048,0.00516,-0.00027,0.03402,0.54751
1779,1821696,34.26112,51.8,0.9,0.88,0.433678,0.012444,7.408205,0.00043,1722,-0.01,0.04845,0.00652,-0.00075,0.04738,0.61946
1780,1822720,30.56098,47.96,0.88,0.87,0.430731,0.088618,24.304314,0.001149,1745,-0.01,0.04731,0.01006,0.00178,0.04512,0.72293
1781,1823744,35.19119,46.95238,0.95238,0.91,0.449448,-0.001131,11.898843,0.001273,1796,-0.01,0.04771,0.00691,0.0004,0.04398,0.69633
1782,1824768,30.51135,65.07692,0.84615,0.91,0.532675,0.001027,7.603376,0.001177,1905,-0.01,0.04864,0.00323,-0.00138,0.02539,0.36268
1783,1825792,34.08869,50.33333,0.90476,0.9,0.474199,-0.011995,8.014377,0.000638,1624,-0.01,0.04817,0.00778,-0.00081,0.04108,0.63919
1784,1826816,30.69397,56.47059,0.82353,0.89,0.458991,-0.113724,9.455938,0.000355,1643,-0.01,0.04961,0.00516,-0.00059,0.03203,0.45331
1785,1827840,31.00173,63.38462,0.84615,0.89,0.558451,4.3e-05,6.236067,0.00226,1689,-0.01,0.05042,0.00347,-0.00189,0.02629,0.3404
1786,1828864,30.7551,66.95833,0.79167,0.86,0.454272,0.063852,18.664689,0.000572,1610,-0.01,0.04888,0.00866,0.00037,0.04267,0.63415
1787,1829888,31.30514,44.44444,0.88889,0.84,0.513611,0.011827,9.145762,0.003001,1765,-0.01,0.04871,0.00632,-0.00191,0.03807,0.52014
1788,1830912,34.2365,47.56,0.92,0.86,0.427296,-0.001278,7.442863,0.001473,1548,-0.01,0.04793,0.00851,0.00047,0.05196,0.75833
1789,1831936,36.05311,39.04,0.96,0.89,0.480354,0.000661,11.194161,0.001583,1557,-0.01,0.04677,0.0072,0.00015,0.04663,0.81118
1790,1832960,30.644,58.5,0.875,0.89,0.5161,0.074932,8.470188,0.002976,1888,-0.01,0.04821,0.00182,-0.0038,0.01842,0.22407
1791,1833984,28.596,97.5,0.7,0.89,0.650289,0.012186,5.525003,0.000264,1824,-0.01,0.05118,0.0021,-0.00392,0.02019,0.23544
1792,1835008,31.29713,63.48148,0.85185,0.88,0.457024,-0.000187,11.744717,0.00082,1671,-0.01,0.04832,0.00756,-0.00026,0.04622,0.74293
1793,1836032,32.77345,43.09524,0.95238,0.89,0.481681,-0.000948,12.839894,0.000562,1738,-0.01,0.04859,0.00756,-0.00066,0.04421,0.62537
1794,1837056,35.15294,42.94118,0.94118,0.9,0.501227,-0.000798,7.245812,0.000578,1740,-0.01,0.04955,0.00483,-0.0023,0.03538,0.52405
1795,1838080,31.02569,62.09524,0.85714,0.87,0.477538,0.000935,9.402295,0.000746,1705,-0.01,0.04843,0.00634,0.00041,0.03693,0.56214
1796,1839104,31.80083,50.08333,0.91667,0.89,0.566769,0.070958,9.661172,0.000631,1590,-0.01,0.04985,0.00135,-0.00204,0.02443,0.33564
1797,1840128,28.67292,80.0,0.77778,0.9,0.56686,0.005129,8.273337,0.000668,1485,-0.01,0.04988,0.00443,-0.00094,0.03471,0.42736
1798,1841152,34.4644,40.7619,0.95238,0.9,0.492494,0.040748,9.551168,0.00056,1718,-0.01,0.04835,0.00603,-0.0009,0.03951,0.63856
1799,1842176,30.59906,58.625,0.875,0.88,0.536918,0.075833,13.100904,0.001248,1788,-0.01,0.04975,0.00494,-0.00079,0.02714,0.43601
1800,1843200,28.23226,73.47619,0.7619,0.86,0.535035,0.160597,15.913459,0.001029,1708,-0.01,0.04791,0.00793,-0.00094,0.03899,0.52129
1801,1844224,31.95,38.5,0.89286,0.85,0.424408,-0.137731,12.960925,0.002082,1638,-0.01,0.04638,0.01058,0.00042,0.05218,0.82247
1802,1845248,36.37025,29.7,1.0,0.89,0.499812,-0.000243,9.494919,0.001197,1704,-0.01,0.04784,0.00508,-0.0024,0.04567,0.67432
1803,1846272,29.99482,62.92857,0.85714,0.88,0.558182,-0.030725,10.6189,0.000556,1769,-0.01,0.0504,0.00345,-0.00135,0.03032,0.37931
1804,1847296,34.16231,46.96296,0.92593,0.91,0.464145,-0.000363,8.93837,0.000397,1645,-0.01,0.04851,0.00747,0.0009,0.04773,0.83039
1805,1848320,36.11381,39.85714,0.95238,0.92,0.488097,0.000736,5.527,0.001156,1667,-0.01,0.04812,0.00675,-0.00033,0.04714,0.66546
1806,1849344,26.01023,71.45455,0.72727,0.91,0.542536,0.001091,11.880109,0.001391,1836,-0.01,0.04962,0.00242,-0.00183,0.02006,0.24082
1807,1850368,29.17286,87.07143,0.78571,0.89,0.567945,-0.000239,8.590954,0.000663,1786,-0.01,0.05072,0.003,-0.00045,0.02542,0.32944
1808,1851392,31.77074,60.72727,0.86364,0.87,0.494899,0.001031,10.987442,0.001841,1612,-0.01,0.04882,0.00563,0.00096,0.03534,0.59944
1809,1852416,31.46393,47.42857,0.92857,0.89,0.490319,0.001876,9.921914,0.001381,1687,-0.01,0.05052,0.00488,-0.0002,0.03179,0.39009
1810,1853440,28.40113,64.3,0.75,0.85,0.485718,-0.013993,9.548441,0.000954,1488,-0.01,0.04932,0.00602,0.0001,0.0325,0.48298
1811,1854464,34.10321,49.7619,0.90476,0.84,0.499752,0.000246,9.607588,0.00046,1732,-0.01,0.04922,0.00612,0.00013,0.04311,0.63677
1812,1855488,33.65614,58.09091,0.86364,0.85,0.527356,-0.001481,6.916956,0.001637,1718,-0.01,0.04835,0.00662,-0.00077,0.0442,0.65028
1813,1856512,34.76118,32.82353,1.0,0.88,0.511276,0.016536,10.233153,0.000538,1750,-0.01,0.04952,0.0056,-9e-05,0.03653,0.55151
1814,1857536,32.7175,54.05263,0.89474,0.88,0.531025,-0.095932,9.626106,0.000429,1728,-0.01,0.05007,0.00561,-0.00125,0.03361,0.55578
1815,1858560,31.95446,59.78261,0.86957,0.9,0.43204,-0.000149,9.974348,0.00024,1632,-0.01,0.04884,0.00723,0.00052,0.04757,0.63474
1816,1859584,33.8164,40.0,0.96,0.91,0.402176,-0.000704,12.653281,0.000441,1597,-0.01,0.04793,0.00846,-0.00083,0.04668,0.76336
1817,1860608,32.4403,39.24,0.92,0.92,0.385429,3e-06,13.281937,0.000374,1567,-0.01,0.04823,0.01046,-0.00027,0.05315,0.75073
1818,1861632,33.71337,41.95652,0.95652,0.92,0.403104,-0.094077,7.497529,0.001065,1583,-0.01,0.05001,0.00846,0.00021,0.04458,0.69103
1819,1862656,32.88988,51.42857,0.90476,0.94,0.514925,0.000104,9.979365,0.000519,1711,-0.01,0.05004,0.00699,-0.00104,0.03635,0.5986
1820,1863680,32.55,51.4,0.9,0.93,0.59774,-0.000112,6.666245,0.000958,1757,-0.01,0.05037,0.00162,-0.00238,0.02415,0.27971
1821,1864704,29.47785,90.63636,0.72727,0.9,0.578949,-0.000303,7.088918,0.000864,1728,-0.01,0.05063,0.00273,-0.00231,0.02069,0.26127
1822,1865728,31.3219,74.93333,0.8,0.89,0.674275,0.011999,7.287415,0.000494,1591,-0.01,0.0509,0.00331,-0.00211,0.02978,0.387
1823,1866752,30.70292,66.88889,0.83333,0.87,0.596804,-0.008112,6.932409,0.000651,1623,-0.01,0.04949,0.00278,-0.00174,0.02824,0.46914
1824,1867776,30.13579,65.63158,0.84211,0.85,0.566054,-0.146086,11.931458,0.000775,1629,-0.01,0.04953,0.00523,-0.00237,0.0352,0.49266
1825,1868800,32.74048,54.63158,0.89474,0.85,0.474611,-0.00047,11.068532,0.000601,1668,-0.01,0.04949,0.0065,-0.00131,0.04125,0.53905
1826,1869824,34.32685,41.04348,0.95652,0.87,0.457689,-0.000242,8.902487,0.000758,1574,-0.01,0.04938,0.00696,-0.00103,0.04397,0.70207
1827,1870848,33.73238,49.04167,0.91667,0.9,0.420915,0.000232,9.093721,0.000593,1659,-0.01,0.04837,0.00768,-0.0001,0.04692,0.70859
1828,1871872,32.46383,44.66667,0.93333,0.91,0.525724,-0.02364,7.081557,0.000557,1677,-0.01,0.05034,0.00484,-0.00162,0.02757,0.42928
1829,1872896,32.07935,68.30435,0.82609,0.9,0.469568,-0.000543,6.703748,0.000638,1507,-0.01,0.04982,0.00753,0.00026,0.04822,0.62009
1830,1873920,35.67764,30.77778,1.0,0.93,0.347644,-0.022495,7.162574,0.001107,1507,-0.01,0.04793,0.01165,0.00115,0.06447,1.16458
1831,1874944,32.98042,33.79167,1.0,0.95,0.379429,-0.029303,13.910683,0.000867,1735,-0.01,0.0481,0.00902,0.00059,0.05238,0.75427
1832,1875968,32.15302,37.70833,0.95833,0.95,0.418113,-0.051281,13.929951,0.00166,1716,-0.01,0.04875,0.00805,-0.0003,0.0433,0.73077
1833,1876992,33.61609,40.26087,0.95652,0.98,0.415998,0.000936,8.691901,0.000609,1670,-0.01,0.0497,0.00856,0.00025,0.04651,0.68885
1834,1878016,35.13136,40.5,0.95455,0.97,0.40793,-0.000745,7.011813,0.000614,1674,-0.01,0.04979,0.00759,0.001,0.04423,0.68131
1835,1879040,33.3381,48.51724,0.93103,0.95,0.370434,-0.01994,7.271852,0.000496,1673,-0.01,0.04701,0.0109,0.00093,0.05885,0.88472
1836,1880064,34.72125,40.7,0.95,0.95,0.400902,0.127585,11.948889,0.00053,1666,-0.01,0.04894,0.00741,0.00017,0.04495,0.64058
1837,1881088,33.92673,45.6875,0.9375,0.95,0.450829,-0.000576,8.56986,0.000444,1715,-0.01,0.0497,0.00528,-0.00066,0.02899,0.49117
1838,1882112,30.80764,66.27778,0.83333,0.93,0.419301,-0.037536,11.933986,0.000613,1551,-0.01,0.04971,0.00558,-0.00029,0.03501,0.47387
1839,1883136,31.39929,51.57143,0.85714,0.91,0.426846,0.093479,21.522154,0.000667,1625,-0.01,0.04836,0.00703,-0.0007,0.0364,0.58076
1840,1884160,30.48632,56.05882,0.76471,0.88,0.46047,-0.000497,8.739839,0.000248,1527,-0.01,0.04947,0.0064,-4e-05,0.03603,0.4535
1841,1885184,31.5645,56.94118,0.88235,0.86,0.486415,-0.001191,9.845271,0.000763,1774,-0.01,0.04926,0.00494,-0.00055,0.03126,0.47902
1842,1886208,28.74,59.08333,0.79167,0.83,0.438936,-0.081825,16.101382,0.000679,1671,-0.01,0.04951,0.00751,0.00126,0.03887,0.60491
1843,1887232,36.20825,37.15,1.0,0.86,0.454902,-0.000337,10.452741,0.000457,1638,-0.01,0.04816,0.00732,0.00054,0.04261,0.64935
1844,1888256,33.38003,63.38889,0.88889,0.85,0.413856,-0.052734,9.128951,0.001164,1722,-0.01,0.04894,0.00608,0.00099,0.03732,0.52484
1845,1889280,32.30054,55.5,0.92857,0.89,0.442952,-0.110662,7.701493,0.000684,1772,-0.01,0.05033,0.00413,-0.00036,0.02819,0.39023
1846,1890304,32.25607,76.21429,0.78571,0.88,0.485171,-0.023554,7.365991,0.00024,1779,-0.01,0.04818,0.00496,-0.00054,0.02595,0.37147
1847,1891328,30.98684,54.16,0.88,0.89,0.374093,1.4e-05,13.872767,0.001368,1695,-0.01,0.04859,0.00842,0.00157,0.04357,0.68091
1848,1892352,34.80362,37.96552,0.96552,0.9,0.347295,-0.034063,8.099238,0.000315,1621,-0.01,0.04772,0.01022,0.00205,0.06204,0.9036
1849,1893376,37.6276,29.79167,1.0,0.92,0.434402,-0.001494,6.374546,0.000698,1552,-0.01,0.04945,0.00683,0.00115,0.04766,0.79833
1850,1894400,33.74394,52.36842,0.89474,0.93,0.519957,-0.000335,8.941631,0.000922,1608,-0.01,0.04847,0.00726,0.00046,0.03894,0.57283
1851,1895424,33.04941,57.35294,0.88235,0.93,0.497341,-0.090998,9.133787,0.000915,1675,-0.01,0.05005,0.00529,-0.00014,0.03237,0.51057
1852,1896448,31.60441,56.11765,0.88235,0.93,0.470194,0.000263,7.822577,0.001046,1748,-0.01,0.05078,0.00576,0.0013,0.0344,0.46845
1853,1897472,33.60279,62.5,0.85,0.91,0.458438,-0.148876,7.504872,0.000313,1582,-0.01,0.05002,0.00776,0.00016,0.04116,0.56357
1854,1898496,35.73198,39.70833,0.95833,0.9,0.437683,0.000576,9.092267,0.000816,1575,-0.01,0.04959,0.00734,0.00149,0.04509,0.75628
1855,1899520,33.21182,51.0,0.90909,0.9,0.468699,-0.029338,9.27848,0.000406,1610,-0.01,0.04996,0.00712,0.0006,0.04131,0.63381
1856,1900544,29.63008,60.16667,0.91667,0.91,0.559935,0.152872,16.241241,0.000807,1671,-0.01,0.04936,0.00394,-0.00107,0.02303,0.31053
1857,1901568,33.06624,60.92,0.92,0.92,0.469411,-0.058229,10.21927,0.001134,1571,-0.01,0.0475,0.00945,0.00033,0.04463,0.71917
1858,1902592,33.41375,40.63636,0.95455,0.93,0.414213,0.003347,12.825356,0.001182,1709,-0.01,0.04897,0.00746,0.00015,0.04418,0.65804
1859,1903616,33.76136,39.54545,0.90909,0.93,0.468228,0.039573,7.698644,0.001375,1672,-0.01,0.04904,0.00645,0.0009,0.04418,0.65975
1860,1904640,33.94592,45.10345,0.93103,0.93,0.387061,-0.000985,9.570092,0.000712,1607,-0.01,0.04824,0.01009,0.00175,0.05666,0.88475
1861,1905664,33.30964,31.5,1.0,0.95,0.391938,-0.027443,8.506222,0.001346,1697,-0.01,0.04975,0.00656,0.00045,0.03312,0.43702
1862,1906688,28.3053,90.06667,0.73333,0.91,0.492616,0.000381,6.257914,0.000729,1750,-0.01,0.0489,0.0046,-0.00033,0.0206,0.34347
1863,1907712,32.03287,42.58824,0.94118,0.9,0.461774,-0.00625,8.644945,0.000324,1718,-0.01,0.04979,0.00537,0.0004,0.03761,0.4853
1864,1908736,31.77759,54.10345,0.89655,0.91,0.442261,0.001625,14.122265,0.002678,1573,-0.01,0.04813,0.00854,0.0006,0.04987,0.82387
1865,1909760,34.597,38.12903,0.96774,0.91,0.410477,0.00131,10.497597,0.000974,1459,-0.01,0.04677,0.01142,8e-05,0.06019,0.96629
1866,1910784,35.26472,31.37037,1.0,0.95,0.447695,0.105487,11.777996,0.000448,1551,-0.01,0.04797,0.00978,0.00082,0.06059,0.87321
1867,1911808,33.57368,43.94737,0.94737,0.97,0.525593,0.036105,7.430067,0.002317,1621,-0.01,0.04973,0.00503,-0.00144,0.03769,0.5657
1868,1912832,32.82875,59.9375,0.875,0.96,0.506467,-0.134646,7.791219,0.000629,1648,-0.01,0.05076,0.00442,-0.00098,0.03216,0.44867
1869,1913856,33.14459,50.42857,0.90476,0.94,0.503575,0.000229,8.507625,0.000356,1678,-0.01,0.04917,0.00658,-1e-05,0.03989,0.60587
1870,1914880,31.17174,48.3913,0.91304,0.93,0.498804,-0.000935,12.78857,0.001117,1581,-0.01,0.04876,0.00746,-0.00049,0.03936,0.64655
1871,1915904,32.08237,41.84211,0.89474,0.91,0.45326,-0.020626,11.105509,0.000845,1644,-0.01,0.04959,0.00615,-0.00078,0.03948,0.54414
1872,1916928,33.08615,55.92308,0.88462,0.89,0.476313,-0.052068,7.547682,0.000501,1570,-0.01,0.04865,0.00888,9e-05,0.05255,0.74187
1873,1917952,35.87593,29.66667,0.96296,0.92,0.557556,-0.000275,11.618354,0.000739,1552,-0.01,0.04941,0.00802,-0.00149,0.05017,0.87054
1874,1918976,34.82208,44.79167,0.95833,0.93,0.478069,-0.000109,10.366002,0.000752,1674,-0.01,0.04939,0.00847,-2e-05,0.04864,0.7769
1875,1920000,32.80809,41.45833,0.95833,0.94,0.408245,0.194676,16.026346,0.001164,1673,-0.01,0.04789,0.01031,-0.00121,0.05315,0.74413
1876,1921024,36.12182,40.0,0.96667,0.96,0.441117,-0.056903,9.367028,0.001196,1561,-0.01,0.04818,0.01061,-0.00167,0.05992,0.95416
1877,1922048,33.776,30.25,0.95,0.96,0.489873,0.00043,11.265101,0.000652,1708,-0.01,0.0497,0.00657,-0.00181,0.03773,0.61314
1878,1923072,32.70396,61.7619,0.85714,0.94,0.509745,-0.109789,7.268978,0.000672,1733,-0.01,0.04942,0.00638,-0.00202,0.03796,0.58802
1879,1924096,35.1675,39.08696,0.95652,0.94,0.463332,0.03493,7.234165,0.000323,1670,-0.01,0.04871,0.00809,-0.00213,0.05436,0.71994
1880,1925120,33.09039,41.31579,0.94737,0.94,0.431296,0.028218,10.238261,0.001012,1669,-0.01,0.04836,0.00793,-0.00112,0.03558,0.57888
1881,1926144,30.44878,71.875,0.8125,0.91,0.523391,-0.037405,5.605047,0.001925,1708,-0.01,0.05029,0.00509,-0.00077,0.02979,0.41368
1882,1927168,33.31103,55.64706,0.88235,0.9,0.478724,-0.000239,8.956981,0.000629,1754,-0.01,0.051,0.00611,-0.0028,0.03084,0.48438
1883,1928192,29.40312,72.125,0.8125,0.88,0.448415,-0.000781,9.416709,0.000167,1612,-0.01,0.04968,0.00502,-0.00231,0.03196,0.39636
1884,1929216,34.08173,46.42308,0.92308,0.89,0.406296,0.000531,8.226652,0.00049,1442,-0.01,0.04884,0.00825,-0.00071,0.05255,0.77566
1885,1930240,34.01893,37.57143,0.92857,0.89,0.449017,-0.060553,10.265762,0.000301,1619,-0.01,0.04925,0.00911,-0.00119,0.05638,0.85215
1886,1931264,35.05192,46.09091,0.95455,0.91,0.494159,-0.001095,9.928844,0.000335,1748,-0.01,0.04877,0.00835,-0.00137,0.04408,0.71239
1887,1932288,36.57425,30.15,1.0,0.94,0.466634,-0.111388,7.438168,0.002247,1714,-0.01,0.04966,0.00675,-0.00126,0.04643,0.69719
1888,1933312,33.34665,60.73077,0.88462,0.93,0.468643,0.000713,8.055102,0.001279,1593,-0.01,0.04981,0.00784,9e-05,0.05047,0.74482
1889,1934336,36.42509,30.22222,1.0,0.95,0.594584,0.06418,9.692019,0.000775,1712,-0.01,0.04989,0.00488,-0.00236,0.03643,0.59925
1890,1935360,30.10187,64.2,0.85,0.93,0.617794,0.122709,9.933931,0.003545,1695,-0.01,0.05047,0.00547,-0.00092,0.03854,0.53695
1891,1936384,35.34104,48.0,0.91667,0.93,0.520842,0.105261,6.154564,0.00127,1766,-0.01,0.05124,0.00208,-0.00354,0.02405,0.37148
1892,1937408,25.25529,115.38462,0.61538,0.88,0.622219,0.010736,6.377625,0.000509,1574,-0.01,0.05084,0.00408,-0.0027,0.02154,0.24762
1893,1938432,34.43528,41.83333,0.94444,0.89,0.485133,-0.00088,10.680845,0.000384,1533,-0.01,0.05044,0.00617,-0.00233,0.03679,0.55556
1894,1939456,33.99917,50.47619,0.90476,0.88,0.475283,-0.041177,5.614233,0.000899,1571,-0.01,0.05021,0.00721,-0.0026,0.04013,0.64431
1895,1940480,32.76889,54.66667,0.88889,0.87,0.437892,-0.000239,13.382385,0.000911,1551,-0.01,0.04936,0.00943,0.00036,0.05323,0.78375
1896,1941504,32.4095,32.75,0.95,0.88,0.450425,8.5e-05,14.631262,0.000892,1599,-0.01,0.04991,0.00775,0.00015,0.03828,0.591
1897,1942528,35.59306,43.16667,0.94444,0.92,0.47798,-0.000556,7.257236,0.000327,1657,-0.01,0.05102,0.00546,-0.00053,0.03807,0.55548
1898,1943552,31.89286,63.95238,0.85714,0.92,0.531588,0.00989,9.462988,0.000554,1610,-0.01,0.05001,0.00509,-0.00048,0.03478,0.57207
1899,1944576,31.31181,55.16667,0.88889,0.9,0.514089,-0.000554,11.46939,0.00024,1644,-0.01,0.04985,0.00618,-0.00203,0.03468,0.48763
1900,1945600,35.09716,40.04545,0.95455,0.92,0.473787,0.000261,8.690504,0.000378,1673,-0.01,0.04961,0.0068,-0.00094,0.04618,0.68845
1901,1946624,33.82193,56.13636,0.90909,0.91,0.393227,-0.04818,7.865835,0.00064,1698,-0.01,0.04979,0.00746,-0.00037,0.0487,0.6515
1902,1947648,34.93216,44.48276,0.93103,0.93,0.446877,-0.000322,8.030923,0.000399,1672,-0.01,0.04938,0.00954,0.00061,0.0485,0.90582
1903,1948672,34.86341,39.5,0.95455,0.93,0.452002,-0.161401,8.117036,0.000617,1569,-0.01,0.04826,0.00826,-0.00145,0.05237,0.70171
1904,1949696,35.37202,39.54545,0.95455,0.94,0.467642,0.021545,8.72413,0.001815,1564,-0.01,0.04784,0.00757,-0.00116,0.04453,0.69279
1905,1950720,33.38229,50.20833,0.91667,0.94,0.450919,0.053275,11.876649,0.000499,1578,-0.01,0.04764,0.00832,-0.00114,0.05191,0.71537
1906,1951744,34.99827,31.13636,1.0,0.95,0.436533,-0.001075,8.957978,0.001009,1696,-0.01,0.04857,0.00691,-0.00107,0.04336,0.71546
1907,1952768,30.41166,57.95833,0.83333,0.92,0.48463,0.011629,12.572335,0.002284,1641,-0.01,0.04701,0.00877,-0.00199,0.04363,0.64789
1908,1953792,33.25766,32.25,1.0,0.93,0.493844,-0.000169,12.666551,0.000481,1762,-0.01,0.04914,0.00348,-0.00256,0.03049,0.48529
1909,1954816,29.11345,73.09524,0.7619,0.9,0.428862,-0.009651,11.462321,0.000358,1699,-0.01,0.04821,0.00684,-0.00136,0.03706,0.52164
1910,1955840,35.50732,35.3,1.0,0.91,0.433397,-0.000595,12.471381,0.000549,1622,-0.01,0.04789,0.00672,-0.00137,0.04202,0.6404
1911,1956864,28.91139,58.22222,0.88889,0.89,0.485972,-0.048947,10.253002,0.000191,1662,-0.01,0.05044,0.00543,-0.00261,0.03058,0.45362
1912,1957888,31.39152,52.4,0.85,0.9,0.44357,-0.000725,10.823238,0.000654,1662,-0.01,0.04661,0.00664,-0.00181,0.03922,0.55643
1913,1958912,30.72144,50.6087,0.91304,0.88,0.416027,-0.002762,13.181765,0.000765,1542,-0.01,0.04766,0.00935,0.00062,0.04522,0.63874
1914,1959936,34.79315,38.76923,0.96154,0.92,0.447077,-7.3e-05,8.998792,0.000678,1609,-0.01,0.04822,0.00865,-0.00092,0.04881,0.80566
1915,1960960,34.5968,45.47368,0.94737,0.92,0.411574,-3.5e-05,8.890597,0.000368,1504,-0.01,0.04903,0.00698,-0.00043,0.04404,0.59022
1916,1961984,35.43867,41.88889,0.94444,0.92,0.498845,0.000689,5.143347,0.000722,1656,-0.01,0.04942,0.00601,-0.0012,0.03521,0.57832
1917,1963008,32.3629,55.08,0.84,0.92,0.398737,-0.000239,10.005892,9.2e-05,1570,-0.01,0.04879,0.00832,-0.00021,0.04795,0.7059
1918,1964032,33.5831,47.72,0.88,0.91,0.415639,-0.000319,9.464785,0.000353,1663,-0.01,0.04759,0.00855,-0.00044,0.04665,0.73441
1919,1965056,33.40462,43.0,0.9,0.89,0.425,-0.000235,10.92774,0.000808,1741,-0.01,0.05012,0.0063,-6e-05,0.03819,0.58892
1920,1966080,32.65841,51.72727,0.90909,0.89,0.400775,0.056011,12.009642,0.000635,1729,-0.01,0.04966,0.00833,9e-05,0.04356,0.65088
1921,1967104,31.06249,42.21739,0.95652,0.91,0.453716,-0.082061,9.277257,0.001067,1772,-0.01,0.04715,0.00759,-0.00149,0.0418,0.67663
1922,1968128,31.90094,46.53571,0.92857,0.91,0.384068,-0.000687,14.245605,0.000749,1669,-0.01,0.04657,0.00976,0.00101,0.05738,0.81672
1923,1969152,34.00081,31.1875,1.0,0.93,0.42576,-0.012481,6.165795,0.001002,1800,-0.01,0.04737,0.00611,0.0001,0.03725,0.52041
1924,1970176,29.67982,68.22222,0.83333,0.93,0.437026,-0.000536,12.468865,0.000265,1826,-0.01,0.0481,0.00484,0.00029,0.02487,0.48929
1925,1971200,32.19976,53.10526,0.89474,0.92,0.407482,-0.000184,10.786443,0.000378,1746,-0.01,0.04811,0.00748,-0.0013,0.04087,0.53839
1926,1972224,34.67922,43.8125,0.9375,0.92,0.422437,1.8e-05,6.05013,0.000623,1815,-0.01,0.04992,0.00617,-0.00035,0.03342,0.49849
1927,1973248,32.74245,58.43478,0.86957,0.9,0.401577,-0.022531,11.923479,0.000789,1681,-0.01,0.04794,0.00812,-0.00099,0.0461,0.65446
1928,1974272,34.30414,51.55,0.9,0.89,0.506794,0.149631,8.252465,0.000628,1688,-0.01,0.04835,0.00544,-0.00033,0.04025,0.59
1929,1975296,34.50604,41.26316,0.94737,0.9,0.454506,0.001218,8.22387,0.000578,1667,-0.01,0.04971,0.00662,-0.0002,0.038,0.59044
1930,1976320,33.39727,50.8125,0.90625,0.9,0.442556,0.066341,10.089801,0.004023,1547,-0.01,0.04851,0.00942,0.00035,0.0571,0.93266
1931,1977344,35.14942,30.1,0.96667,0.93,0.393118,0.000125,9.771193,0.00103,1436,-0.01,0.04766,0.01148,0.00123,0.05507,0.95849
1932,1978368,33.76639,41.9,0.95,0.94,0.384818,-0.098968,9.704591,0.001223,1722,-0.01,0.04831,0.00797,-0.00138,0.04509,0.63785
1933,1979392,33.26513,54.21053,0.89474,0.93,0.542169,0.042272,5.616507,0.000368,1765,-0.01,0.04754,0.0064,-0.00113,0.03976,0.57999
1934,1980416,32.47842,50.29167,0.91667,0.94,0.471837,-0.000435,13.566007,0.000227,1719,-0.01,0.04707,0.0084,0.00038,0.04827,0.69463
1935,1981440,34.28265,31.58824,1.0,0.94,0.537391,0.038535,5.963757,0.002315,1752,-0.01,0.05098,0.00476,-0.00064,0.03075,0.52277
1936,1982464,29.85643,112.6,0.7,0.92,0.606083,-0.000247,5.587369,0.000533,1770,-0.01,0.04987,0.00205,-0.0012,0.02208,0.23262
1937,1983488,33.02189,61.6,0.86667,0.9,0.563585,0.084464,9.50466,0.001259,1742,-0.01,0.04767,0.00346,-0.00097,0.0275,0.43452
1938,1984512,30.23105,59.13043,0.86957,0.88,0.498793,0.000295,13.822646,0.000686,1727,-0.01,0.04804,0.00798,0.00081,0.04155,0.62027
1939,1985536,28.77281,45.625,0.8125,0.87,0.52971,0.000824,13.494399,0.002031,1786,-0.01,0.04872,0.00482,-0.00053,0.02864,0.414
1940,1986560,31.48705,67.88235,0.82353,0.86,0.50716,-0.026411,11.939311,0.000496,1615,-0.01,0.0504,0.00373,-0.00086,0.0286,0.44933
1941,1987584,32.7951,57.54167,0.875,0.84,0.502324,0.152874,16.895548,0.00109,1506,-0.01,0.04993,0.00834,0.00087,0.04676,0.67878
1942,1988608,36.78813,30.45833,1.0,0.9,0.46927,-0.000669,8.211756,0.000766,1681,-0.01,0.04914,0.0082,-0.00097,0.05428,0.81134
1943,1989632,33.64364,47.30769,0.92308,0.9,0.480657,-0.022965,9.584419,0.000507,1669,-0.01,0.04847,0.0089,0.0008,0.05042,0.792
1944,1990656,33.605,38.88889,0.92593,0.93,0.423047,-0.00118,10.913666,0.000355,1668,-0.01,0.04979,0.01017,0.00117,0.0532,0.81537
1945,1991680,33.3751,42.125,0.91667,0.94,0.462226,0.093833,13.388375,0.000679,1476,-0.01,0.04841,0.008,0.00021,0.04723,0.71892
1946,1992704,36.48472,30.16667,1.0,0.94,0.497238,0.002558,5.40609,0.000448,1508,-0.01,0.0505,0.00461,0.0006,0.03706,0.58408
1947,1993728,29.38778,67.38889,0.83333,0.92,0.527031,-0.000157,11.830867,0.000377,1538,-0.01,0.05102,0.00448,-0.00036,0.03134,0.45195
1948,1994752,34.4223,47.68,0.92,0.92,0.465797,0.000168,10.477594,0.000553,1636,-0.01,0.05015,0.00863,0.00067,0.0512,0.74954
1949,1995776,35.95173,39.34615,0.96154,0.92,0.518418,-0.03232,7.768148,0.001122,1580,-0.01,0.04994,0.00745,-4e-05,0.04868,0.81846
1950,1996800,35.72706,53.76471,0.94118,0.93,0.554765,-0.000257,9.391292,0.000858,1707,-0.01,0.05065,0.00525,-0.00188,0.04072,0.52433
1951,1997824,31.94369,50.28571,0.85714,0.92,0.550035,0.029737,6.471183,0.00144,1722,-0.01,0.05041,0.00564,-0.00012,0.03582,0.58113
1952,1998848,33.56857,60.35714,0.85714,0.92,0.62541,-0.001058,7.512126,0.001479,1745,-0.01,0.05078,0.00265,-0.00168,0.0312,0.39556
1953,1999872,24.59116,124.28571,0.57143,0.89,0.664348,-0.000154,4.689878,0.000601,1844,-0.01,0.0522,0.00047,-0.00228,0.01186,0.12605
1954,2000896,32.98384,62.14815,0.88889,0.88,0.500104,-0.000333,16.010875,0.00079,1660,-0.01,0.04881,0.00821,0.00119,0.05049,0.7677
1955,2001920,33.6225,31.29412,1.0,0.88,0.544807,-0.001219,9.930324,0.002342,1781,-0.01,0.05038,0.00577,-0.0003,0.03677,0.51998
1956,2002944,30.4045,74.7,0.8,0.86,0.585455,-0.000623,6.980405,0.000727,1731,-0.01,0.05068,0.00465,-0.00014,0.0304,0.50329
1957,2003968,36.23913,29.84615,1.0,0.9,0.493035,0.000119,11.537077,0.001255,1599,-0.01,0.04824,0.00921,0.00114,0.06043,0.85155
1958,2004992,33.8136,38.26087,0.91304,0.92,0.56225,0.000325,11.511152,0.000831,1673,-0.01,0.04932,0.00649,-0.00045,0.04274,0.69531
1959,2006016,31.73432,51.22727,0.90909,0.92,0.594057,-0.000164,8.737764,0.000514,1683,-0.01,0.05045,0.0054,-0.00011,0.0381,0.61938
1960,2007040,31.83295,52.09091,0.90909,0.91,0.523641,-0.065992,11.637228,0.000672,1728,-0.01,0.05009,0.0066,0.00146,0.04727,0.62368
1961,2008064,34.66051,41.85714,1.0,0.94,0.597991,-0.069942,10.165178,0.000605,1697,-0.01,0.0499,0.00376,-0.00047,0.0282,0.43009
1962,2009088,33.0158,60.72727,0.86364,0.91,0.578173,0.00017,6.230618,0.001118,1647,-0.01,0.05028,0.00508,0.00013,0.03956,0.61628
1963,2010112,30.56119,48.79167,0.83333,0.89,0.492691,0.046146,14.743882,0.000798,1665,-0.01,0.04873,0.00766,0.0002,0.04447,0.66544
1964,2011136,34.965,30.83333,1.0,0.91,0.53784,0.000889,10.350048,0.000423,1758,-0.01,0.04957,0.00606,8e-05,0.03836,0.61654
1965,2012160,29.70833,74.26667,0.8,0.89,0.606397,1.3e-05,8.254057,0.000807,1919,-0.01,0.0506,0.00242,-0.00088,0.02497,0.41523
1966,2013184,29.13679,79.42857,0.78571,0.87,0.551222,0.050805,13.066484,0.000419,1793,-0.01,0.04999,0.00325,-0.00039,0.029,0.36936
1967,2014208,33.0994,47.96552,0.93103,0.88,0.523189,0.000597,13.183527,0.002348,1694,-0.01,0.04904,0.00907,0.00058,0.05325,0.86462
1968,2015232,34.03402,40.21739,0.95652,0.91,0.513491,-0.000446,11.452549,0.000711,1656,-0.01,0.04952,0.00887,0.00091,0.05262,0.71905
1969,2016256,35.35222,41.77778,0.94444,0.9,0.579396,-0.000749,7.717407,0.0015,1787,-0.01,0.05084,0.00363,0.00022,0.037,0.58047
1970,2017280,31.51619,63.57143,0.85714,0.91,0.598205,-0.001046,11.270147,0.000366,1744,-0.01,0.04967,0.00597,0.0003,0.04399,0.59239
1971,2018304,32.78257,33.33333,0.94444,0.93,0.620543,-0.000931,11.923298,0.000418,1838,-0.01,0.04924,0.00419,-0.0003,0.03234,0.55214
1972,2019328,29.70239,71.0,0.75,0.9,0.654235,-0.003382,9.932833,0.000845,1751,-0.01,0.04998,0.00208,-0.00108,0.02931,0.4047
1973,2020352,32.48862,53.0,0.9,0.89,0.627776,0.003267,7.702705,0.00052,1671,-0.01,0.05027,0.00483,-0.00043,0.04052,0.5684
1974,2021376,32.28722,56.0,0.88889,0.87,0.671529,0.017908,7.99178,0.000518,1725,-0.01,0.05064,0.00287,-0.0,0.03273,0.50279
1975,2022400,33.93605,52.58621,0.89655,0.88,0.55325,-0.000575,8.027314,0.000339,1611,-0.01,0.05007,0.00823,0.00272,0.05493,0.85122
1976,2023424,36.00347,30.78571,1.0,0.91,0.495886,-0.02192,9.677334,0.000483,1581,-0.01,0.049,0.00986,0.0011,0.06184,0.9081
1977,2024448,35.22508,37.66667,0.96667,0.95,0.578976,-0.001102,8.416171,0.001205,1653,-0.01,0.04897,0.00712,0.0016,0.05882,0.94624
1978,2025472,35.72393,30.95238,1.0,0.97,0.662543,0.000265,7.549622,0.001116,1701,-0.01,0.05041,0.00333,2e-05,0.04015,0.67567
1979,2026496,28.73267,63.8,0.8,0.96,0.710827,0.047298,9.375434,0.000479,1771,-0.01,0.05026,0.00179,0.00018,0.03115,0.37213
1980,2027520,30.74001,48.81481,0.92593,0.94,0.604789,-0.04417,11.695216,0.001557,1698,-0.01,0.04916,0.00703,0.00162,0.04725,0.75624
1981,2028544,31.91365,39.61538,0.92308,0.92,0.603894,-0.019238,12.9098,0.001978,1676,-0.01,0.04919,0.00816,0.00197,0.04969,0.76401
1982,2029568,34.66232,39.21429,1.0,0.93,0.697754,-0.000174,9.581955,0.000529,1829,-0.01,0.05158,0.00078,-0.00078,0.02244,0.42917
1983,2030592,30.73057,84.25,0.8125,0.9,0.695047,0.039863,7.671725,0.000477,1739,-0.01,0.05117,0.00301,0.00016,0.03422,0.40903
1984,2031616,34.34957,39.6087,0.95652,0.93,0.656766,-0.000365,11.041889,0.000913,1730,-0.01,0.05006,0.00527,0.00075,0.0462,0.72765
1985,2032640,34.18812,53.85,0.9,0.92,0.686124,0.063831,7.674842,0.000947,1686,-0.01,0.05073,0.0045,1e-05,0.03886,0.59517
1986,2033664,34.12018,45.21429,0.92857,0.91,0.58131,-0.015535,7.665302,0.000704,1598,-0.01,0.05118,0.00256,-0.00034,0.03105,0.41459
1987,2034688,31.80779,70.875,0.8125,0.9,0.613555,0.000303,5.679995,0.000908,1808,-0.01,0.05101,0.00213,0.00025,0.02685,0.42243
1988,2035712,33.64231,62.96296,0.85185,0.89,0.579139,-0.000209,10.210328,0.000848,1655,-0.01,0.04985,0.00717,0.00185,0.05251,0.76807
1989,2036736,35.66287,30.33333,1.0,0.9,0.538947,0.213016,15.970206,0.000727,1673,-0.01,0.04995,0.00916,0.00209,0.05868,0.89661
1990,2037760,34.12042,39.16667,1.0,0.92,0.688889,0.001091,7.297154,0.001823,1794,-0.01,0.05141,0.00162,-0.00035,0.02405,0.37203
1991,2038784,29.56875,76.36364,0.81818,0.91,0.530209,0.056537,16.905062,0.000457,1718,-0.01,0.04947,0.00516,0.00068,0.04077,0.56757
1992,2039808,34.88429,32.28571,1.0,0.94,0.616289,0.000161,12.876052,0.00053,1793,-0.01,0.05015,0.0063,0.00107,0.04251,0.68637
1993,2040832,33.59685,50.17391,0.91304,0.94,0.579119,-0.023303,10.495908,0.000434,1717,-0.01,0.04971,0.00645,0.001,0.05498,0.68973
1994,2041856,35.68562,39.25,0.95833,0.93,0.626675,-0.000746,10.753602,0.000655,1744,-0.01,0.05035,0.00557,0.00026,0.04113,0.77018
1995,2042880,31.94958,56.55556,0.88889,0.93,0.642726,-0.000102,9.22908,0.001662,1783,-0.01,0.05044,0.00407,0.00042,0.03649,0.51593
1996,2043904,34.5778,48.72,0.92,0.93,0.619386,-0.000184,7.763659,0.001089,1730,-0.01,0.04944,0.00715,0.00017,0.05017,0.78428
1997,2044928,34.04544,43.11765,0.94118,0.93,0.689993,-0.00097,9.717374,0.000363,1769,-0.01,0.05019,0.00563,-0.00122,0.03987,0.53426
1998,2045952,32.35139,58.94444,0.88889,0.92,0.611515,-0.072353,7.625064,0.00097,1750,-0.01,0.05076,0.00431,-0.00096,0.03403,0.52974
1999,2046976,34.49889,45.77778,0.92593,0.91,0.578536,-6.6e-05,8.459492,0.000636,1734,-0.01,0.04926,0.00776,0.0003,0.05245,0.85392
2000,2048000,33.79565,39.85185,0.96296,0.94,0.610679,0.00788,9.862234,0.001553,1664,-0.01,0.04921,0.00849,0.00071,0.05279,0.8349
2001,2049024,34.43976,40.38095,0.95238,0.93,0.552525,0.011923,9.201997,0.000677,1715,-0.01,0.05004,0.00467,-0.00031,0.04491,0.64142
2002,2050048,32.10143,62.71429,0.85714,0.92,0.649344,0.009602,6.454423,0.000493,1738,-0.01,0.051,0.00177,-0.00156,0.02669,0.38139
2003,2051072,32.29615,66.15385,0.84615,0.92,0.730823,0.091554,13.877762,0.001534,1705,-0.01,0.0508,0.00089,-0.00095,0.02925,0.35557
2004,2052096,32.2885,52.05,0.9,0.92,0.665365,-0.102653,8.273657,0.001661,1685,-0.01,0.0502,0.00305,-0.00076,0.03528,0.56543
2005,2053120,32.07693,60.77273,0.86364,0.9,0.681828,-0.035008,7.781368,0.000843,1538,-0.01,0.05011,0.00269,-0.00182,0.03994,0.61008
2006,2054144,31.44237,53.5,0.85,0.88,0.661904,-0.001194,10.849822,0.000459,1603,-0.01,0.04991,0.00519,-0.00091,0.0386,0.56836
2007,2055168,34.66947,41.84211,0.94737,0.88,0.72081,0.032733,10.221752,0.000822,1523,-0.01,0.04804,0.00334,-0.00131,0.03868,0.59678
2008,2056192,31.4623,60.26667,0.86667,0.89,0.776919,-0.003878,6.699259,0.001017,1689,-0.01,0.04911,0.00211,-0.00277,0.02911,0.41638
2009,2057216,31.32847,67.05556,0.83333,0.88,0.625384,-0.053279,8.095517,0.000338,1721,-0.01,0.0502,0.0039,-0.0002,0.03404,0.49073
2010,2058240,32.92615,47.46154,0.92308,0.89,0.634012,-0.00085,10.832539,0.001228,1558,-0.01,0.04923,0.0081,-0.00029,0.05139,0.76083
2011,2059264,33.70975,41.5,0.95,0.91,0.66251,-0.000208,9.351154,0.000329,1616,-0.01,0.04984,0.00415,-0.0006,0.03637,0.60217
2012,2060288,30.85279,69.35294,0.82353,0.89,0.667151,-0.002813,7.855848,0.003046,1805,-0.01,0.05024,0.0035,-0.00025,0.03283,0.46811
2013,2061312,35.00464,46.5,0.92857,0.9,0.680378,0.004382,6.944148,0.001383,1776,-0.01,0.05014,0.00221,-0.0019,0.03034,0.45418
2014,2062336,33.00239,58.86957,0.86957,0.9,0.672009,0.000184,9.690186,0.001204,1705,-0.01,0.04989,0.00437,-0.00081,0.04401,0.65917
2015,2063360,33.88159,44.75,0.9375,0.91,0.677988,-0.101947,10.535845,0.000867,1649,-0.01,0.05018,0.0022,-0.00082,0.03268,0.48256
2016,2064384,32.78788,59.07692,0.92308,0.9,0.713856,-0.000285,7.64619,0.001645,1705,-0.01,0.05119,0.00062,-0.00176,0.02295,0.37946
2017,2065408,31.94187,68.71429,0.82143,0.88,0.498578,-0.037688,6.7013,0.000946,1453,-0.01,0.04931,0.00867,0.0005,0.05547,0.7624
2018,2066432,33.50647,31.34483,0.96552,0.91,0.557971,-0.002544,15.94677,0.001308,1583,-0.01,0.04907,0.00877,0.00026,0.05313,0.8988
2019,2067456,33.68985,32.11765,1.0,0.93,0.717435,0.180852,13.812854,0.004027,1705,-0.01,0.05103,0.00434,-0.00105,0.03454,0.51886
2020,2068480,31.4783,64.84211,0.84211,0.91,0.809333,0.034202,7.014908,0.001762,1526,-0.01,0.04957,0.00222,-0.0023,0.03597,0.51151
2021,2069504,33.33656,48.9375,0.9375,0.93,0.734171,0.203924,17.549665,0.000983,1582,-0.01,0.04855,0.00184,-0.00233,0.03275,0.46761
2022,2070528,31.09168,72.3125,0.8125,0.92,0.838258,-0.000666,8.208423,0.000549,1559,-0.01,0.04792,0.00036,-0.00296,0.03022,0.4212
2023,2071552,30.8084,59.63636,0.86364,0.89,0.756215,-6.5e-05,11.798026,0.000573,1564,-0.01,0.04911,0.00282,-0.00305,0.03679,0.5966
2024,2072576,33.55304,40.3913,0.95652,0.89,0.602059,0.132167,14.338752,0.000443,1674,-0.01,0.04993,0.0065,-0.00015,0.04148,0.68818
2025,2073600,32.62572,49.52174,0.95652,0.91,0.606779,0.111072,13.019485,0.000305,1680,-0.01,0.04778,0.00718,-0.00153,0.05241,0.6754
2026,2074624,34.95092,32.73684,1.0,0.93,0.658712,-0.000683,10.571477,0.001236,1594,-0.01,0.04902,0.00339,-0.00151,0.03335,0.59689
2027,2075648,31.09184,74.46667,0.8,0.92,0.703591,0.161997,12.106303,0.000624,1660,-0.01,0.05044,0.00324,-0.00135,0.03186,0.40109
2028,2076672,32.5017,58.5,0.91667,0.93,0.682128,0.042176,8.909989,0.001713,1723,-0.01,0.04779,0.00519,0.00042,0.04412,0.7101
2029,2077696,35.06327,30.15385,1.0,0.94,0.642921,-0.037161,8.086518,0.000361,1715,-0.01,0.04858,0.00197,-0.00136,0.02767,0.42525
2030,2078720,29.82117,87.84211,0.73684,0.9,0.668173,0.017441,8.573925,0.001932,1780,-0.01,0.04948,0.0045,-0.00122,0.03726,0.49169
2031,2079744,33.4015,41.35,0.95,0.89,0.604136,0.060152,10.704757,0.000413,1703,-0.01,0.0494,0.00543,-0.00157,0.04292,0.5971
2032,2080768,34.9575,29.61538,1.0,0.9,0.70932,-0.000418,9.934279,0.000229,1842,-0.01,0.04823,0.00127,-0.00173,0.02332,0.4133
2033,2081792,28.19564,76.16667,0.75,0.87,0.625541,-0.000518,11.344718,0.000436,1531,-0.01,0.04822,0.00619,-0.00051,0.04281,0.56638
2034,2082816,35.89042,30.55556,1.0,0.88,0.649681,-0.000525,9.422767,0.000343,1694,-0.01,0.04857,0.00491,-0.00159,0.03738,0.57917
2035,2083840,30.28807,69.23529,0.82353,0.87,0.705808,-0.001184,9.98547,0.0006,1699,-0.01,0.05011,0.00277,-0.00132,0.0274,0.43794
2036,2084864,33.27081,59.25,0.875,0.88,0.701996,0.000404,9.412582,0.001766,1789,-0.01,0.04902,0.00313,-0.00119,0.03498,0.47026
2037,2085888,32.50118,62.85714,0.85714,0.86,0.666296,-0.000189,8.516013,0.00062,1801,-0.01,0.04782,0.00393,-0.0008,0.03863,0.63534
2038,2086912,34.65987,45.89286,0.92857,0.9,0.607988,0.001871,9.163992,0.001213,1690,-0.01,0.0472,0.00841,0.00041,0.06124,0.89867
2039,2087936,35.05129,30.48485,1.0,0.93,0.558207,-0.000815,12.341189,0.000945,1644,-0.01,0.04771,0.00942,0.00035,0.06784,1.06972
2040,2088960,37.22741,29.32143,1.0,0.96,0.627856,-0.080839,4.845636,0.001579,1540,-0.01,0.04907,0.00796,-0.00036,0.05901,0.92798
2041,2089984,32.81013,41.45455,0.90909,0.96,0.633668,0.000414,12.295525,0.00139,1682,-0.01,0.04915,0.00393,-0.00018,0.04216,0.65162
2042,2091008,31.14482,47.35714,0.92857,0.97,0.768266,0.001143,10.018021,0.000906,1767,-0.01,0.04834,0.00093,-0.00344,0.02689,0.39965
2043,2092032,28.93686,80.69231,0.76923,0.94,0.811955,-0.000547,7.369577,0.000719,1693,-0.01,0.04907,-0.00025,-0.00315,0.02066,0.32126
2044,2093056,30.1786,74.8,0.8,0.91,0.755043,5.5e-05,7.764283,0.00047,1626,-0.01,0.04973,0.001,-0.00312,0.02804,0.38148
2045,2094080,31.42703,71.75,0.8125,0.88,0.752457,0.073969,5.98848,0.001004,1531,-0.01,0.05055,0.00166,-0.00231,0.02737,0.42159
2046,2095104,33.1451,56.16,0.88,0.85,0.601352,0.117317,14.188831,0.000447,1605,-0.01,0.04972,0.00756,-5e-05,0.05076,0.72721
2047,2096128,35.92479,30.16667,1.0,0.88,0.606772,0.000101,8.159139,0.000226,1552,-0.01,0.04874,0.00707,0.00022,0.05187,0.82362
2048,2097152,31.92158,55.73684,0.89474,0.89,0.62616,0.091625,13.434141,0.000822,1736,-0.01,0.04955,0.00477,-0.0001,0.03814,0.57296
2049,2098176,32.56447,44.0,0.89474,0.91,0.736194,-0.000142,10.01161,0.000682,1682,-0.01,0.04997,0.00278,-0.00069,0.03792,0.54318
2050,2099200,34.63102,55.96,0.92,0.92,0.668051,-0.030834,7.122636,0.001203,1616,-0.01,0.05006,0.00626,-0.00036,0.04536,0.74842
2051,2100224,35.68491,38.6,0.96,0.93,0.626715,-0.000864,7.44945,0.000384,1584,-0.01,0.04866,0.00694,0.00033,0.05268,0.78767
2052,2101248,34.21515,43.35294,0.94118,0.92,0.681102,-0.057631,10.028703,0.000517,1690,-0.01,0.05088,0.00289,-0.00021,0.03531,0.51388
2053,2102272,30.59337,64.15789,0.78947,0.91,0.678837,-0.000723,7.815997,0.000754,1581,-0.01,0.04867,0.00338,-0.00041,0.03393,0.50918
2054,2103296,33.21146,49.91667,0.91667,0.91,0.685378,-0.000741,9.882563,0.000593,1676,-0.01,0.04791,0.00643,-0.00101,0.04574,0.72174
2055,2104320,33.59202,39.4,0.96,0.91,0.655084,0.000267,10.311183,0.00074,1607,-0.01,0.04667,0.00611,-0.00037,0.04682,0.76079
2056,2105344,30.31818,42.27273,0.90909,0.9,0.630052,-0.00112,13.661909,0.000286,1592,-0.01,0.0485,0.00683,-0.00036,0.0442,0.61021
2057,2106368,34.15223,41.15,0.95,0.92,0.643128,-0.110043,9.29783,0.000604,1725,-0.01,0.04961,0.00427,-0.00103,0.03694,0.6126
2058,2107392,31.45059,55.35294,0.88235,0.92,0.684212,-0.000355,8.786489,0.000993,1735,-0.01,0.04886,0.00346,-0.00139,0.02959,0.48456
2059,2108416,32.13237,62.7,0.85,0.91,0.65626,0.120205,10.037448,0.000399,1602,-0.01,0.04916,0.00523,-0.0008,0.0433,0.57785
2060,2109440,34.51786,46.07143,0.92857,0.9,0.752587,0.03367,6.958388,0.000243,1735,-0.01,0.05061,0.00238,-0.0019,0.02632,0.44928
2061,2110464,27.37458,87.66667,0.75,0.88,0.742885,-6.7e-05,10.098611,0.000371,1970,-0.01,0.05019,0.00125,-0.00106,0.0206,0.30011
2062,2111488,29.1355,82.17647,0.76471,0.86,0.688294,-0.000237,10.625239,0.000614,1850,-0.01,0.0485,0.00403,-0.00042,0.03782,0.47011
2063,2112512,34.46062,45.92857,0.92857,0.86,0.574345,-0.037076,8.469591,0.001333,1600,-0.01,0.04872,0.00767,0.00139,0.05341,0.90528
2064,2113536,35.8125,29.86364,1.0,0.89,0.641839,0.000439,7.16178,0.000355,1663,-0.01,0.04975,0.00568,-0.00055,0.05488,0.70883
2065,2114560,33.62211,54.10526,0.89474,0.89,0.679249,-0.00138,12.464407,0.000926,1726,-0.01,0.04885,0.00408,-0.00029,0.03471,0.56786
2066,2115584,30.14564,58.29412,0.88235,0.91,0.644749,-0.001113,10.524037,0.000603,1791,-0.01,0.04871,0.0039,-0.00064,0.03445,0.46608
2067,2116608,32.70412,45.74074,0.88889,0.91,0.66171,-0.020251,9.3979,0.000612,1473,-0.01,0.0475,0.00706,4e-05,0.04339,0.78594
2068,2117632,34.17284,37.41379,0.96552,0.92,0.580457,9e-06,9.056567,0.000485,1476,-0.01,0.04771,0.00992,-0.00025,0.06138,0.89481
2069,2118656,36.98438,30.45,1.0,0.92,0.660089,0.000219,6.228711,0.001276,1703,-0.01,0.04949,0.00443,-0.00109,0.04276,0.65749
2070,2119680,27.96966,78.71429,0.78571,0.91,0.709451,-0.000654,9.635337,0.000454,1701,-0.01,0.05081,0.00241,-0.00096,0.02721,0.32759
2071,2120704,32.40283,55.13333,0.93333,0.93,0.690456,-0.00046,10.011606,0.000295,1718,-0.01,0.05032,0.00176,-0.00039,0.02752,0.4262
2072,2121728,32.10285,60.95455,0.86364,0.92,0.691164,0.027779,7.087049,0.000508,1612,-0.01,0.04928,0.00564,-7e-05,0.0403,0.60651
2073,2122752,34.43558,46.92308,0.92308,0.91,0.634268,0.000175,10.832253,0.000297,1619,-0.01,0.04894,0.0075,-0.00014,0.05205,0.7845
2074,2123776,33.1135,41.0,0.92857,0.9,0.770607,0.098515,15.534149,0.000585,1725,-0.01,0.05015,0.0014,-0.00111,0.02812,0.41148
2075,2124800,31.80278,78.16667,0.83333,0.89,0.679954,0.049252,5.699891,0.001668,1661,-0.01,0.05007,0.00411,-0.00014,0.0331,0.47575
2076,2125824,35.44074,38.62963,0.96296,0.92,0.654013,0.096433,10.740359,0.000574,1628,-0.01,0.04864,0.00654,0.00036,0.05286,0.86672
2077,2126848,34.6875,39.47826,0.95652,0.93,0.719652,0.09767,16.342228,0.000536,1667,-0.01,0.04893,0.00538,1e-05,0.04523,0.73227
2078,2127872,35.25639,47.95652,0.91304,0.92,0.633578,-0.020898,7.431981,0.003314,1460,-0.01,0.04819,0.00532,-0.00124,0.05349,0.71347
2079,2128896,32.97327,39.65385,0.96154,0.94,0.636674,-0.017035,13.892714,0.00036,1558,-0.01,0.04957,0.00721,0.00018,0.0466,0.78269
2080,2129920,35.34858,42.66667,0.94444,0.95,0.673786,-0.108881,10.251007,0.000654,1676,-0.01,0.04895,0.0041,-0.00103,0.03652,0.56119
2081,2130944,25.07714,97.71429,0.71429,0.93,0.74496,0.001047,5.249364,0.000598,1641,-0.01,0.05238,-0.00154,-0.0013,0.01317,0.13528
2082,2131968,28.80275,92.22222,0.72222,0.88,0.685382,-0.00073,13.220065,0.000615,1769,-0.01,0.05026,0.00361,-0.00086,0.03349,0.42744
2083,2132992,33.423,42.42105,0.94737,0.89,0.65615,0.000513,10.855537,0.000975,1749,-0.01,0.05038,0.00358,-0.00059,0.035,0.58305
2084,2134016,31.07937,63.4,0.85,0.87,0.628304,-0.04494,11.73833,0.00123,1613,-0.01,0.04876,0.00474,-0.00107,0.03828,0.54227
2085,2135040,35.95672,30.625,1.0,0.87,0.705092,-0.001742,7.640075,0.001606,1678,-0.01,0.04919,0.00332,-0.00073,0.03657,0.55552
2086,2136064,29.51122,81.52941,0.76471,0.85,0.729407,0.03646,8.699495,0.000541,1784,-0.01,0.04931,0.00144,-0.00124,0.0287,0.42843
2087,2137088,27.77016,69.5,0.83333,0.85,0.756664,0.008749,7.673,0.000645,1793,-0.01,0.05085,1e-05,-0.0005,0.01986,0.29457
2088,2138112,33.49552,57.58333,0.875,0.87,0.640947,0.000756,9.571705,0.00119,1553,-0.01,0.04853,0.00538,-0.0005,0.04902,0.70479
2089,2139136,31.75804,39.83333,0.91667,0.87,0.674284,-2.3e-05,16.436028,0.000163,1642,-0.01,0.04907,0.00579,-0.00071,0.04271,0.71093
2090,2140160,32.505,42.7619,0.95238,0.88,0.739828,0.021754,10.084512,0.001208,1725,-0.01,0.04924,0.00422,-0.00113,0.03845,0.63918
2091,2141184,31.65649,53.3,0.9,0.9,0.693754,-0.013222,13.093078,0.00142,1740,-0.01,0.04883,0.0044,-0.00156,0.04056,0.56735
2092,2142208,32.34317,46.73333,0.93333,0.92,0.710116,-0.14655,7.530535,0.00061,1740,-0.01,0.04937,0.00212,-0.00148,0.02797,0.43254
2093,2143232,30.80536,58.48,0.84,0.9,0.660276,-0.000159,12.979009,0.001186,1478,-0.01,0.04507,0.00603,-0.00115,0.04673,0.70036
2094,2144256,34.45072,38.33333,0.96296,0.91,0.609484,-0.000777,9.811588,0.000252,854,-0.01,0.04649,0.00749,-0.0014,0.05911,0.84328
2095,2145280,35.76017,29.26316,0.94737,0.92,0.700044,0.041678,5.835292,0.000661,1601,-0.01,0.04988,0.00295,-0.00141,0.03347,0.61963
2096,2146304,31.14136,60.36364,0.81818,0.89,0.718023,0.024211,9.634036,0.000411,1741,-0.01,0.04908,0.00516,-0.00134,0.04338,0.61345
2097,2147328,33.41385,39.65385,0.96154,0.93,0.593092,-0.120441,8.864972,0.003095,1637,-0.01,0.04721,0.00661,-0.00122,0.04616,0.78663
2098,2148352,33.855,48.84,0.92,0.92,0.561004,-0.000633,10.109715,0.000173,1537,-0.01,0.04841,0.00599,-0.00062,0.05228,0.76037
2099,2149376,37.07208,29.375,1.0,0.93,0.57989,0.031778,4.394413,0.000447,1605,-0.01,0.04903,0.0066,1e-05,0.05005,0.81638
2100,2150400,30.10763,55.52632,0.89474,0.95,0.640542,-0.000619,11.287845,0.000385,1645,-0.01,0.04952,0.00322,-0.00064,0.03652,0.51459
2101,2151424,28.73632,76.0,0.8,0.94,0.770803,0.102893,5.69506,0.000661,1756,-0.01,0.05012,0.00016,-0.00096,0.02024,0.24469
2102,2152448,31.97813,67.52174,0.82609,0.9,0.760416,0.085973,5.562701,0.000326,1599,-0.01,0.04819,0.00397,0.00028,0.03806,0.63128
2103,2153472,34.14019,40.64,0.96,0.91,0.626258,-0.001467,9.955797,0.000483,1643,-0.01,0.04688,0.00595,-0.00062,0.04939,0.77191
2104,2154496,33.83976,40.7619,0.95238,0.9,0.649802,-0.000772,12.729631,0.00048,1646,-0.01,0.04813,0.0044,-0.00168,0.04187,0.64556
2105,2155520,30.51715,47.03571,0.89286,0.9,0.635807,0.170431,26.926883,0.002258,1573,-0.01,0.04829,0.00662,0.00096,0.04504,0.77351
2106,2156544,31.52735,32.44444,0.94444,0.93,0.670552,0.000909,12.640554,0.000826,1747,-0.01,0.04783,0.0042,-0.00124,0.04299,0.52397
2107,2157568,33.71458,65.4,0.85,0.92,0.721678,0.000527,6.317194,0.000509,1682,-0.01,0.04984,0.00238,-0.00155,0.03113,0.56723
2108,2158592,31.5375,50.81818,0.86364,0.89,0.666922,0.001001,9.173528,0.000633,1700,-0.01,0.04886,0.00538,-0.00123,0.0438,0.61212
2109,2159616,35.05864,32.15,1.0,0.91,0.683407,0.026118,9.257569,0.000443,1598,-0.01,0.04808,0.00329,-0.00102,0.04202,0.64319
2110,2160640,34.81604,48.25,0.91667,0.92,0.637627,0.074706,7.462127,0.0008,1588,-0.01,0.04754,0.00564,-0.00037,0.05086,0.7252
2111,2161664,33.19007,51.86364,0.90909,0.92,0.671443,-0.059155,9.38501,0.000994,1690,-0.01,0.04867,0.00491,-0.00093,0.03996,0.64263
2112,2162688,34.04338,45.52941,0.94118,0.92,0.751828,0.039121,14.707786,0.001478,1613,-0.01,0.04941,0.00186,-0.00114,0.03734,0.50862
2113,2163712,33.33727,51.68182,0.90909,0.93,0.749033,-0.11834,9.183362,0.000532,1573,-0.01,0.04959,0.00328,-0.00011,0.04152,0.64368
2114,2164736,33.83133,45.33333,0.93333,0.93,0.634661,-0.000305,11.519175,0.00082,1596,-0.01,0.04795,0.00785,0.00025,0.05881,0.90738
2115,2165760,34.64034,34.53846,1.0,0.94,0.59814,0.019511,16.779499,0.000932,1584,-0.01,0.04915,0.00618,-2e-05,0.05422,0.82238
2116,2166784,36.81059,29.35294,1.0,0.96,0.738808,0.005193,5.239478,0.001155,1711,-0.01,0.04864,0.0018,-0.0008,0.03459,0.57724
2117,2167808,30.82104,63.33333,0.85185,0.94,0.637407,0.121201,12.251471,0.001586,1657,-0.01,0.04688,0.00641,0.00062,0.0524,0.74875
2118,2168832,35.2905,30.48,1.0,0.96,0.61833,-0.000869,9.395039,0.001266,1693,-0.01,0.04859,0.00663,0.00072,0.05168,0.82491
2119,2169856,36.03501,42.5625,0.9375,0.95,0.734891,0.000649,5.092199,0.002215,1748,-0.01,0.04942,0.00116,-0.00028,0.033,0.5353
2120,2170880,32.6514,64.85,0.85,0.92,0.689303,-0.075349,9.794046,0.000486,1697,-0.01,0.04851,0.00295,-0.00059,0.03959,0.57243
2121,2171904,31.55496,45.77419,0.90323,0.92,0.612309,0.023398,10.793926,0.000362,1632,-0.01,0.0474,0.00747,0.00129,0.05098,0.89195
2122,2172928,36.6851,30.32,1.0,0.93,0.61496,-0.000463,10.39114,0.000518,1597,-0.01,0.04756,0.00753,2e-05,0.05761,0.85162
2123,2173952,32.45583,31.75,1.0,0.93,0.777759,-0.001051,8.007333,0.001629,1771,-0.01,0.04974,-0.00119,-0.00061,0.02446,0.36006
2124,2174976,29.87684,88.90909,0.72727,0.91,0.807532,-0.041104,4.846577,0.000821,1633,-0.01,0.0481,-0.00318,-0.00151,0.02407,0.2694
2125,2176000,34.36982,65.875,0.91667,0.92,0.809234,-0.040236,10.036456,0.000658,1591,-0.01,0.04896,0.0029,-0.00024,0.04273,0.71154
2126,2177024,31.71169,46.68966,0.89655,0.92,0.714408,0.001213,13.441971,0.000894,1605,-0.01,0.04659,0.00538,-0.00051,0.05263,0.83103
2127,2178048,33.80054,31.52174,1.0,0.92,0.632978,0.141847,13.493492,0.000667,1638,-0.01,0.04882,0.00553,-0.00018,0.04569,0.71652
2128,2179072,32.12685,43.94444,0.94444,0.93,0.77882,-0.026107,9.862595,0.001464,1682,-0.01,0.04781,0.00143,-0.00033,0.03586,0.52443
2129,2180096,32.41935,51.55172,0.93103,0.94,0.707107,0.000195,11.743631,0.001744,1535,-0.01,0.04814,0.00387,0.00078,0.0493,0.84025
2130,2181120,32.16414,41.5,0.9,0.94,0.759717,-0.079296,8.958517,0.002328,1625,-0.01,0.04897,0.00234,-0.00122,0.04282,0.57481
2131,2182144,32.34775,52.94737,0.89474,0.93,0.769648,0.023286,7.919166,0.000348,1604,-0.01,0.04803,0.00136,-0.00061,0.04027,0.54879
2132,2183168,36.5373,38.5,1.0,0.93,0.751417,-0.001182,9.194967,0.002397,1755,-0.01,0.04929,0.00041,-0.00078,0.03599,0.62374
2133,2184192,32.69415,67.85714,0.85714,0.91,0.757475,-0.000199,8.323656,0.000466,1762,-0.01,0.04942,-0.00015,0.00057,0.0384,0.60615
2134,2185216,35.3512,40.21739,0.95652,0.92,0.751028,0.088334,13.606494,0.001191,1676,-0.01,0.04847,0.00418,-4e-05,0.0482,0.72843
2135,2186240,31.43663,41.61538,0.96154,0.93,0.674273,-0.000869,13.445415,0.001093,1746,-0.01,0.04793,0.00555,0.0008,0.04919,0.77722
2136,2187264,33.93964,40.81818,0.90909,0.93,0.677717,0.017165,10.467396,0.000845,1433,-0.01,0.04885,0.00246,-0.00033,0.04402,0.68245
2137,2188288,30.38472,57.55556,0.88889,0.92,0.842507,-0.0005,7.570908,0.002025,1750,-0.01,0.0507,-0.00386,-0.00104,0.01592,0.23983
2138,2189312,27.62259,89.61905,0.7619,0.9,0.801785,-0.000641,11.522655,0.000597,1718,-0.01,0.04899,0.0011,2e-05,0.03182,0.4842
2139,2190336,33.31602,35.96429,0.96429,0.91,0.638635,0.104967,16.62918,0.002587,1606,-0.01,0.04687,0.0046,-0.00022,0.06014,0.86506
2140,2191360,35.3715,32.2,1.0,0.91,0.748315,0.15576,15.401962,0.000742,1650,-0.01,0.04965,-0.00046,-0.00013,0.02707,0.4752
2141,2192384,27.87782,83.82353,0.70588,0.87,0.868116,-0.042332,7.226363,0.000756,1653,-0.01,0.04742,-0.00089,-0.00057,0.02679,0.38965
2142,2193408,34.76101,42.85185,0.96296,0.91,0.677429,0.000901,12.529708,0.002303,1539,-0.01,0.0461,0.00415,-0.00026,0.05763,0.86133
2143,2194432,35.58167,30.5,1.0,0.93,0.700695,-0.00058,8.560199,0.000417,1637,-0.01,0.04815,0.00573,0.00068,0.05113,0.80394
2144,2195456,32.45505,50.3913,0.91304,0.92,0.733194,0.000213,10.380692,0.000902,1567,-0.01,0.04796,0.00347,0.00042,0.0429,0.67048
2145,2196480,31.82471,43.64706,0.94118,0.92,0.798949,0.024766,7.091304,0.001645,1710,-0.01,0.04908,-6e-05,-0.00098,0.03396,0.48087
2146,2197504,34.98993,49.7619,0.90476,0.95,0.818,4e-06,7.819685,0.000712,1703,-0.01,0.04828,0.00087,-0.00135,0.04189,0.63703
2147,2198528,35.05925,49.57143,0.95238,0.94,0.720704,0.04023,6.874742,0.002269,1665,-0.01,0.04914,0.00188,-0.00037,0.03967,0.64555
2148,2199552,32.20561,56.11538,0.88462,0.91,0.67036,-0.000188,9.847664,0.000554,1651,-0.01,0.04943,0.00642,0.00071,0.05333,0.73369
2149,2200576,35.31786,30.10714,1.0,0.93,0.655878,-0.000656,9.087799,0.000256,1544,-0.01,0.04913,0.00645,0.00036,0.05781,0.89515
2150,2201600,34.42979,39.58333,0.95833,0.95,0.642329,-0.002778,7.265239,0.000359,1637,-0.01,0.04897,0.00569,-0.00034,0.04674,0.73961
2151,2202624,34.26521,39.03571,0.96429,0.95,0.653969,-0.000223,9.974107,0.000556,1628,-0.01,0.04772,0.00833,0.00042,0.05396,0.86638
2152,2203648,36.11522,40.04348,0.95652,0.97,0.71093,-0.026597,6.953811,0.000961,1658,-0.01,0.0483,0.00368,-0.0017,0.04505,0.73097
2153,2204672,33.7372,51.5,0.9,0.95,0.744516,0.015237,6.562634,0.001141,1598,-0.01,0.04843,0.00452,-0.00065,0.04372,0.58615
2154,2205696,32.80121,47.5,0.91667,0.93,0.692232,0.000238,11.59736,0.000592,1636,-0.01,0.04879,0.00512,0.0004,0.04758,0.72272
2155,2206720,35.73855,37.11538,0.96154,0.94,0.690472,-0.000423,8.840557,0.000273,1600,-0.01,0.04842,0.00623,-5e-05,0.05507,0.82593
2156,2207744,33.29573,40.08333,0.95833,0.94,0.692953,-0.000325,10.011537,0.00013,1620,-0.01,0.04885,0.0043,7e-05,0.04785,0.75103
2157,2208768,35.19913,38.29167,0.95833,0.95,0.70368,-0.000965,6.224311,0.000312,1748,-0.01,0.04894,0.0057,5e-05,0.05093,0.79985
2158,2209792,34.45596,47.03846,0.92308,0.95,0.709048,-0.000348,8.338237,0.000831,1669,-0.01,0.04784,0.00489,0.00019,0.04985,0.79623
2159,2210816,33.74074,30.2381,0.95238,0.94,0.779072,-0.07203,9.534364,0.000298,1719,-0.01,0.04913,0.00309,-0.00051,0.03776,0.64725
2160,2211840,33.78824,54.37037,0.88889,0.93,0.694323,-0.00064,7.896649,0.000415,1602,-0.01,0.04851,0.00457,0.00056,0.05594,0.78764
2161,2212864,36.51596,36.13333,1.0,0.93,0.792502,0.041662,13.42614,0.001464,1827,-0.01,0.04597,0.00034,-0.00045,0.03107,0.53512
2162,2213888,29.83859,75.73684,0.78947,0.92,0.774854,-0.00029,8.841038,0.000632,1779,-0.01,0.04767,0.00153,-0.00025,0.04081,0.5343
2163,2214912,35.31758,29.27273,1.0,0.92,0.65866,-0.073416,9.118432,0.000821,1591,-0.01,0.04903,0.00397,-0.0003,0.0419,0.70443
2164,2215936,32.51368,64.57895,0.84211,0.91,0.784721,-0.001173,7.589464,0.000994,1647,-0.01,0.05005,0.00148,-0.0009,0.04088,0.52267
2165,2216960,33.85026,53.36842,0.89474,0.91,0.848276,-0.000686,7.496734,0.000332,1645,-0.01,0.04979,-0.00178,-0.0023,0.03154,0.55702
2166,2217984,32.61606,48.91667,0.875,0.89,0.740374,-0.000465,12.937864,0.000368,1675,-0.01,0.04913,0.00431,-0.00043,0.04682,0.6997
2167,2219008,35.525,39.88235,0.94118,0.91,0.773295,-4.4e-05,11.146573,0.000505,1652,-0.01,0.04947,0.00143,-0.00126,0.03559,0.5595
2168,2220032,32.3958,64.66667,0.85714,0.88,0.801337,0.060704,6.061474,0.000562,1713,-0.01,0.0491,0.00297,-0.00023,0.04596,0.61218
2169,2221056,33.77947,41.31579,0.89474,0.89,0.767692,-0.000849,9.480527,0.000389,1605,-0.01,0.04912,0.00186,-0.00177,0.03691,0.57215
2170,2222080,33.61559,62.7,0.9,0.89,0.715033,0.011511,6.69836,0.000539,1506,-0.01,0.04916,0.00182,-1e-05,0.03982,0.58145
2171,2223104,31.82213,45.35714,0.85714,0.88,0.720072,-0.000648,13.31898,0.000259,1620,-0.01,0.04865,0.00516,-0.00089,0.0462,0.78997
2172,2224128,35.60275,30.15,1.0,0.9,0.729629,-0.000319,6.708745,0.000866,1519,-0.01,0.04971,0.0032,-0.0011,0.04604,0.63959
2173,2225152,33.16042,52.32143,0.92857,0.92,0.697071,-0.088232,8.187367,0.00063,1598,-0.01,0.04888,0.00596,0.0,0.05512,0.82526
2174,2226176,35.43741,30.7037,1.0,0.94,0.684391,-0.002038,9.089907,0.000524,1602,-0.01,0.04857,0.00512,-0.00066,0.05126,0.88231
2175,2227200,33.37385,41.04762,0.95238,0.97,0.758132,-0.000421,9.875798,0.000498,1545,-0.01,0.04818,0.00261,-0.00151,0.04119,0.65024
2176,2228224,31.69896,49.04545,0.86364,0.94,0.738893,0.000112,10.889542,0.00082,1602,-0.01,0.04828,0.00309,-0.00042,0.04313,0.63188
2177,2229248,33.15938,45.1,0.93333,0.94,0.656446,-0.000244,8.295059,0.000787,1561,-0.01,0.04836,0.00647,0.00096,0.05716,0.90127
2178,2230272,34.85713,31.25926,1.0,0.94,0.680161,-0.000173,10.731858,0.000649,1630,-0.01,0.04891,0.00508,0.0001,0.05354,0.86318
2179,2231296,32.21204,47.52941,0.94118,0.94,0.706555,0.050813,10.245886,0.000428,1883,-0.01,0.04829,0.00192,0.00037,0.04118,0.56345
2180,2232320,32.79311,59.68182,0.86364,0.94,0.727574,-0.001364,7.665674,0.000798,1830,-0.01,0.04906,0.00224,0.00014,0.0428,0.70825
2181,2233344,33.62524,40.59091,0.95455,0.94,0.730293,-0.016253,7.899087,0.003917,1716,-0.01,0.04939,0.00235,-8e-05,0.04788,0.66237
2182,2234368,34.43182,38.07407,0.96296,0.94,0.674912,-0.001027,10.259074,0.000284,1673,-0.01,0.04893,0.00439,0.00054,0.05351,0.83921
2183,2235392,34.05387,39.76,0.96,0.93,0.681504,-0.075284,11.011621,0.001972,1686,-0.01,0.0479,0.00454,-7e-05,0.0522,0.78428
2184,2236416,33.55718,49.63636,0.90909,0.94,0.732647,-0.000315,8.398906,0.000679,1783,-0.01,0.04955,0.00233,2e-05,0.04055,0.6815
2185,2237440,34.69264,38.53333,1.0,0.95,0.77221,0.000198,10.822098,0.000516,1794,-0.01,0.04977,0.00034,-0.00099,0.03575,0.48661
2186,2238464,32.12325,54.03704,0.85185,0.92,0.748279,0.030733,10.897289,0.001669,1437,-0.01,0.04695,0.00375,0.00039,0.04658,0.7568
2187,2239488,34.25924,39.56522,0.95652,0.93,0.725062,0.028339,7.793245,0.000244,1521,-0.01,0.04951,0.00398,-0.00025,0.04899,0.70302
2188,2240512,34.74193,45.66667,0.92593,0.91,0.678758,-0.081816,7.736531,0.002208,1492,-0.01,0.04879,0.00476,0.00028,0.05197,0.82314
2189,2241536,34.48956,31.125,1.0,0.94,0.660787,-0.00091,14.83432,0.000635,1685,-0.01,0.04926,0.00559,0.0011,0.05348,0.84581
2190,2242560,31.71935,49.20833,0.91667,0.95,0.713919,-0.000204,10.742725,0.001007,1766,-0.01,0.04827,0.00465,1e-05,0.05062,0.74436
2191,2243584,35.78569,28.83333,0.94444,0.95,0.789538,0.000473,8.785005,0.000895,1721,-0.01,0.04888,0.00137,-0.00092,0.03374,0.57538
2192,2244608,30.27311,68.20833,0.83333,0.92,0.728855,-0.00875,13.025828,0.000569,1678,-0.01,0.04663,0.00404,0.00018,0.04535,0.6402
2193,2245632,35.57425,30.43478,1.0,0.93,0.704298,-0.02668,8.063051,0.000508,1749,-0.01,0.04948,0.00546,0.00128,0.05044,0.78833
2194,2246656,32.5058,49.36364,0.86364,0.91,0.7104,0.000275,10.024929,0.000244,1709,-0.01,0.04959,0.00361,0.0,0.04559,0.65206
2195,2247680,33.73405,53.4,0.92,0.91,0.723447,-0.000709,8.415337,0.000136,1598,-0.01,0.04831,0.00348,-0.00073,0.04732,0.74324
2196,2248704,37.88514,29.44444,1.0,0.94,0.771295,0.079062,6.696455,0.000314,1607,-0.01,0.04966,0.00102,-0.00055,0.03761,0.60787
2197,2249728,32.17599,65.61905,0.85714,0.92,0.759198,-0.001709,5.563221,0.000713,1684,-0.01,0.04853,0.00362,0.00062,0.038,0.60425
2198,2250752,35.73337,38.07407,0.96296,0.93,0.660781,3.6e-05,9.329758,0.000749,1602,-0.01,0.0488,0.00483,0.00073,0.06232,0.85781
2199,2251776,33.75598,37.6087,0.95652,0.94,0.724927,-0.000623,12.103925,0.000281,1658,-0.01,0.04919,0.00214,0.00123,0.04014,0.7009
2200,2252800,30.97267,47.15385,0.84615,0.91,0.720393,7.4e-05,16.790646,0.00217,1456,-0.01,0.04907,0.00464,-4e-05,0.0463,0.71315
2201,2253824,31.3161,41.4,0.9,0.91,0.769971,-6.5e-05,12.45386,0.00065,1726,-0.01,0.04722,0.00226,-0.00034,0.03629,0.60103
2202,2254848,28.2799,46.46667,0.8,0.9,0.800945,0.001453,11.877496,0.000756,1704,-0.01,0.04777,-0.0003,-0.00012,0.02379,0.4032
2203,2255872,29.06936,68.82609,0.78261,0.85,0.756217,-0.001565,12.963231,0.000874,1670,-0.01,0.04686,0.00344,-2e-05,0.04299,0.57543
2204,2256896,35.21297,31.95238,1.0,0.87,0.742239,-0.001354,8.584265,0.001262,1693,-0.01,0.04942,0.00228,-0.00079,0.04111,0.66781
2205,2257920,31.53452,55.0,0.83333,0.87,0.755424,0.000523,11.779777,0.000689,1564,-0.01,0.0494,0.00187,-0.00043,0.03735,0.49528
2206,2258944,33.27595,54.72222,0.94444,0.87,0.8455,-0.019527,7.593683,0.000432,1657,-0.01,0.05036,0.00021,-0.00123,0.03003,0.52144
2207,2259968,29.15934,72.0625,0.8125,0.87,0.796297,-0.024678,13.641616,0.001321,1731,-0.01,0.04988,0.00127,-0.00057,0.03257,0.39721
2208,2260992,33.86057,50.85714,0.90476,0.9,0.732473,0.0003,11.347771,0.002035,1773,-0.01,0.04836,0.00242,0.00036,0.04014,0.64501
2209,2262016,33.7929,52.07692,0.92308,0.89,0.684809,-0.001214,11.667479,0.000669,1761,-0.01,0.04654,0.00675,0.00067,0.0564,0.87335
2210,2263040,36.33042,30.22222,1.0,0.92,0.780701,7.9e-05,9.724241,0.000454,1668,-0.01,0.04803,0.00196,-0.00066,0.0353,0.58829
2211,2264064,28.1795,74.1875,0.875,0.91,0.798428,0.000316,10.065804,0.000581,1729,-0.01,0.04841,-0.00063,-0.00099,0.03236,0.39435
2212,2265088,34.61661,51.42857,0.95238,0.93,0.757971,-0.000509,13.546411,0.000301,1713,-0.01,0.04709,0.00278,-4e-05,0.03795,0.64616
2213,2266112,32.10891,45.26087,0.91304,0.93,0.725252,-0.000967,12.6706,0.000313,1695,-0.01,0.04919,0.00326,0.00011,0.0475,0.6578
2214,2267136,35.13515,42.58824,0.94118,0.93,0.779285,-0.001015,7.570156,0.00042,1725,-0.01,0.04998,0.00053,-0.00026,0.02948,0.5247
2215,2268160,29.34288,60.19048,0.80952,0.9,0.752451,-0.000812,13.146962,0.00077,1724,-0.01,0.04768,0.00332,-9e-05,0.04064,0.54185
2216,2269184,33.51628,49.17391,0.95652,0.92,0.728828,-0.000162,12.143071,0.00112,1415,-0.01,0.04902,0.00365,0.00088,0.04136,0.68599
2217,2270208,33.94026,43.70588,0.94118,0.92,0.763334,0.0005,7.065818,0.001337,1726,-0.01,0.04858,-0.00016,-0.00177,0.03547,0.5098
2218,2271232,31.84409,57.29412,0.88235,0.91,0.803153,0.015701,7.252825,0.000339,1633,-0.01,0.04852,0.00032,-0.00066,0.03353,0.47083
2219,2272256,32.88632,58.16667,0.875,0.89,0.775368,-0.000457,9.496954,0.000777,1498,-0.01,0.04529,0.00341,0.0,0.04896,0.68818
2220,2273280,35.32925,36.62069,0.96552,0.93,0.675465,-0.000418,10.954441,0.000401,1547,-0.01,0.04813,0.00669,0.00042,0.05573,0.91187
2221,2274304,35.45396,36.86667,0.96667,0.93,0.664246,-0.094041,7.976513,0.00031,1580,-0.01,0.04896,0.00577,0.00048,0.05713,0.94867
2222,2275328,34.18837,35.3913,1.0,0.96,0.723448,0.110319,14.564976,0.002444,1528,-0.01,0.04862,0.00396,-0.00111,0.04592,0.72918
2223,2276352,34.34501,42.68421,0.94737,0.97,0.677274,-0.009854,7.37728,0.005832,1646,-0.01,0.04867,0.00227,-0.00042,0.04721,0.61848
2224,2277376,32.33128,49.5,0.89286,0.95,0.719552,-0.000607,12.493276,0.000559,1689,-0.01,0.04713,0.00458,0.0001,0.05113,0.8434
2225,2278400,37.81141,35.125,1.0,0.95,0.856004,-0.000825,5.478697,0.000412,1759,-0.01,0.04618,-0.00074,-0.00147,0.03425,0.53242
2226,2279424,32.08641,59.42857,0.85714,0.92,0.726755,-0.002051,9.795557,0.001146,1582,-0.01,0.04511,0.00567,0.00031,0.05346,0.79694
2227,2280448,35.82043,29.82609,1.0,0.93,0.772121,0.120725,12.499818,0.000697,1605,-0.01,0.04927,0.00351,-0.00139,0.04507,0.74255
2228,2281472,34.35251,51.19048,0.90476,0.92,0.754907,0.006482,7.943044,0.001056,1668,-0.01,0.04947,0.00085,-0.00038,0.0438,0.62665
2229,2282496,32.11077,42.3,0.9,0.92,0.800993,-0.000622,11.558453,0.001065,1597,-0.01,0.04788,0.00058,-0.00157,0.03708,0.57437
2230,2283520,35.22409,46.77273,0.95455,0.92,0.802641,-0.001177,10.576354,0.000379,1617,-0.01,0.04627,0.00413,-0.00137,0.04517,0.68226
2231,2284544,30.22102,53.10526,0.84211,0.92,0.744428,0.02721,11.639848,0.000516,1695,-0.01,0.04973,0.00186,-0.00019,0.03684,0.50738
2232,2285568,31.23542,62.15,0.9,0.9,0.794475,0.000264,10.913219,0.000231,1630,-0.01,0.0489,0.00016,-0.0005,0.02922,0.54342
2233,2286592,30.91288,84.75,0.75,0.88,0.859765,0.001229,6.719263,0.00077,1804,-0.01,0.05066,-0.00334,-0.00191,0.02231,0.20674
2234,2287616,27.84685,104.22222,0.66667,0.86,0.950155,-0.000777,5.176789,0.000598,1644,-0.01,0.04672,-0.00336,-0.00159,0.01707,0.20891
2235,2288640,31.35234,69.36842,0.84211,0.86,0.762625,-0.022613,10.925549,0.001227,1734,-0.01,0.04769,0.00262,1e-05,0.03521,0.54389
2236,2289664,31.44154,53.21053,0.89474,0.85,0.745352,-0.029819,10.41769,0.00118,1623,-0.01,0.04921,0.00311,0.00087,0.04235,0.54726
2237,2290688,33.54506,51.58333,0.91667,0.86,0.716118,0.066865,12.611205,0.000727,1640,-0.01,0.04834,0.00391,0.0003,0.04531,0.70808
2238,2291712,36.68609,29.56522,1.0,0.88,0.797899,0.088885,11.727358,0.000337,1609,-0.01,0.04849,0.00321,-5e-05,0.04858,0.75454
2239,2292736,34.50013,49.09091,0.90909,0.93,0.786237,0.074731,13.717498,0.001006,1586,-0.01,0.04747,0.00272,-0.00065,0.04057,0.67514
2240,2293760,31.3586,61.19048,0.85714,0.92,0.75791,0.011968,8.513626,0.000685,1657,-0.01,0.04832,0.00376,-8e-05,0.04345,0.60369
2241,2294784,33.51946,40.6087,0.95652,0.93,0.688913,-0.074857,9.957938,0.000371,1523,-0.01,0.04925,0.00526,0.00093,0.04405,0.71006
2242,2295808,33.08581,46.6875,0.9375,0.93,0.755122,0.086432,9.72044,0.001211,1777,-0.01,0.04935,0.00131,-0.00059,0.03526,0.48033
2243,2296832,29.67256,77.58824,0.82353,0.9,0.802992,-0.000168,10.937475,0.000489,1703,-0.01,0.04891,0.00169,-0.00093,0.0295,0.42325
2244,2297856,31.58647,52.82353,0.88235,0.9,0.807261,0.061544,12.755246,0.001293,1726,-0.01,0.04455,0.00226,-0.00035,0.03281,0.47415
2245,2298880,35.41333,42.05556,0.94444,0.91,0.905105,0.04494,6.611579,0.000751,1611,-0.01,0.04869,0.00288,-0.00173,0.03694,0.55556
2246,2299904,33.333,54.74074,0.88889,0.89,0.652842,-0.000854,10.855857,0.00129,1487,-0.01,0.04819,0.00736,-0.00016,0.05301,0.79015
2247,2300928,35.38038,37.62069,0.96552,0.92,0.657969,0.000511,10.963825,0.000418,1579,-0.01,0.04894,0.00783,-0.00017,0.05518,0.91355
2248,2301952,34.6565,30.15,1.0,0.94,0.770018,-0.025964,9.473155,0.00047,1668,-0.01,0.04963,0.00429,-0.00087,0.04184,0.64238
2249,2302976,30.2749,55.53571,0.92857,0.95,0.626239,-0.000165,16.358528,0.000664,1674,-0.01,0.04867,0.00863,0.00031,0.0487,0.77978
2250,2304000,33.71064,30.28,0.96,0.96,0.711332,0.01637,9.79537,0.001391,1637,-0.01,0.04853,0.00576,0.00014,0.04989,0.77347
2251,2305024,30.80395,42.54545,0.95455,0.96,0.764047,-0.041361,10.059701,0.00052,1564,-0.01,0.04594,0.00622,-0.00039,0.04073,0.61593
2252,2306048,33.16546,45.07143,0.89286,0.93,0.632457,-0.065753,11.847706,0.000407,1592,-0.01,0.04856,0.00645,0.00015,0.05253,0.83143
2253,2307072,30.79257,34.07692,0.92308,0.94,0.821758,0.007576,12.8651,0.002078,1623,-0.01,0.05006,0.00098,-0.00164,0.02557,0.38267
2254,2308096,30.09343,85.33333,0.8,0.92,0.790141,-0.000104,7.923363,0.000346,1573,-0.01,0.04957,0.00092,-0.00153,0.02852,0.38137
2255,2309120,31.17213,62.31818,0.86364,0.89,0.650915,-0.035611,10.884585,0.001098,1613,-0.01,0.04835,0.00536,-0.00086,0.04132,0.59431
2256,2310144,35.09734,32.125,1.0,0.9,0.688849,-0.001042,9.773408,0.000401,1569,-0.01,0.04782,0.00401,-0.00075,0.03399,0.50298
2257,2311168,31.59021,66.78261,0.86957,0.89,0.592783,0.123909,11.243754,0.000317,1628,-0.01,0.04835,0.00593,-0.00083,0.04125,0.63249
2258,2312192,36.72561,29.21739,1.0,0.91,0.619499,-8.9e-05,7.85252,0.000511,1616,-0.01,0.04922,0.00668,-0.00057,0.05028,0.75575
2259,2313216,33.94806,50.13043,0.91304,0.93,0.587528,-0.000111,7.499213,0.000312,1688,-0.01,0.04978,0.00574,0.00073,0.04619,0.68635
2260,2314240,33.62985,45.5,0.93333,0.93,0.579635,-0.026324,8.327089,0.000579,1424,-0.01,0.04898,0.0083,0.00017,0.05573,0.89375
2261,2315264,34.61987,32.24,0.96,0.95,0.542452,0.062964,11.202358,0.000584,1699,-0.01,0.04863,0.00928,0.00115,0.04823,0.84297
2262,2316288,34.39356,51.47619,0.90476,0.93,0.600893,0.000455,6.979257,0.000713,1755,-0.01,0.05024,0.00553,-0.00056,0.04732,0.64397
2263,2317312,35.15197,62.4,0.9,0.93,0.702408,-0.000305,6.295198,0.000237,1764,-0.01,0.05043,-0.00037,-0.00233,0.01865,0.29723
2264,2318336,29.49575,82.0,0.76923,0.91,0.652467,-0.005716,7.310935,0.002449,1845,-0.01,0.04995,0.00286,-0.00079,0.02678,0.31677
2265,2319360,29.74579,53.68421,0.89474,0.9,0.673319,-0.001172,14.391008,0.001052,1714,-0.01,0.04787,0.00472,-0.00017,0.03357,0.51707
2266,2320384,28.75251,60.22727,0.81818,0.87,0.663887,-0.07471,14.973111,0.00057,1739,-0.01,0.04529,0.00703,0.0005,0.03727,0.5852
2267,2321408,35.13965,37.86207,0.96552,0.87,0.575498,3.1e-05,13.158275,0.000808,1627,-0.01,0.04868,0.00989,0.00077,0.06207,0.91769
2268,2322432,33.06756,32.84211,0.94737,0.89,0.661634,0.056595,9.534435,0.000306,1763,-0.01,0.04941,0.00279,-0.001,0.03537,0.60208
2269,2323456,31.88307,52.95,0.9,0.92,0.651371,0.00021,11.266127,0.000322,1661,-0.01,0.04969,0.00508,-0.00055,0.0397,0.57451
2270,2324480,33.08033,58.6,0.86667,0.91,0.665717,-0.061647,7.305424,0.000806,1635,-0.01,0.05003,0.00424,-0.00106,0.03456,0.4216
2271,2325504,29.20268,70.875,0.75,0.9,0.695931,-2.6e-05,8.994761,0.000282,1697,-0.01,0.04842,0.00347,-0.001,0.02699,0.39294
2272,2326528,32.27414,57.29167,0.91667,0.88,0.671953,0.009397,16.147369,0.000313,1676,-0.01,0.04735,0.007,0.00111,0.04341,0.70247
2273,2327552,35.85288,39.57143,1.0,0.9,0.598626,0.009155,10.043837,0.000518,1701,-0.01,0.04968,0.00657,-0.00021,0.04532,0.70011
2274,2328576,31.5112,47.2,0.88,0.89,0.641276,-0.000212,9.354566,0.00046,1561,-0.01,0.04927,0.00582,0.00033,0.04739,0.71019
2275,2329600,34.24834,40.8,0.95,0.9,0.660439,-0.009853,8.158919,0.000482,1703,-0.01,0.04844,0.00465,-0.00019,0.03835,0.60948
2276,2330624,32.02402,55.7037,0.88889,0.93,0.634269,-0.000483,8.777228,0.000241,1680,-0.01,0.04633,0.00754,0.001,0.04757,0.75763
2277,2331648,35.61461,31.05263,1.0,0.93,0.631753,0.000359,11.23411,0.001094,1727,-0.01,0.04975,0.00705,-0.0007,0.04192,0.60531
2278,2332672,29.94215,74.42857,0.85714,0.92,0.684954,-0.078507,10.480144,0.00066,1788,-0.01,0.04863,0.00317,-0.00077,0.0275,0.36031
2279,2333696,32.48055,46.66667,0.92593,0.92,0.586821,0.000832,10.378798,0.001305,1689,-0.01,0.0485,0.00787,0.00065,0.05249,0.79298
2280,2334720,37.2301,29.5,1.0,0.94,0.622044,-0.041307,6.804292,0.000426,1677,-0.01,0.0495,0.00688,6e-05,0.04824,0.8463
2281,2335744,29.40472,63.38889,0.88889,0.94,0.65715,0.001451,17.395296,0.000773,1684,-0.01,0.04785,0.0057,0.00064,0.0334,0.50442
2282,2336768,31.55673,49.23077,0.92308,0.93,0.670936,0.0001,9.010664,0.000542,1877,-0.01,0.04786,0.00245,-0.00055,0.03341,0.41588
2283,2337792,32.44326,61.875,0.875,0.92,0.631914,-0.000568,12.456149,0.000312,1533,-0.01,0.04833,0.00643,0.00085,0.04588,0.69831
2284,2338816,34.49107,40.47619,0.95238,0.93,0.62025,-0.070596,11.372042,0.00021,1534,-0.01,0.04994,0.00558,0.00016,0.04483,0.65688
2285,2339840,33.72412,62.1,0.95,0.92,0.677689,0.034297,13.211888,0.000449,1585,-0.01,0.04798,0.00408,7e-05,0.03212,0.61939
2286,2340864,31.58942,42.10526,0.89474,0.92,0.592443,0.110524,11.46753,0.000409,1834,-0.01,0.04611,0.0074,0.00063,0.04669,0.63256
2287,2341888,34.42651,49.5,0.90909,0.92,0.578255,-0.159797,8.994047,0.000803,1771,-0.01,0.04898,0.0067,0.00054,0.04981,0.72807
2288,2342912,33.6648,48.95833,0.91667,0.92,0.641229,-0.000234,9.151693,0.000496,1726,-0.01,0.04912,0.00506,0.0004,0.04355,0.70593
2289,2343936,32.51267,45.2,0.93333,0.92,0.75829,-0.006856,16.836147,0.000762,1795,-0.01,0.04975,0.0028,-0.00075,0.03024,0.45321
2290,2344960,31.18055,57.13636,0.86364,0.91,0.678068,0.068478,9.277697,0.000692,1683,-0.01,0.04924,0.00525,0.0005,0.03979,0.61822
2291,2345984,31.07455,55.10526,0.84211,0.89,0.687926,-0.024697,8.053404,0.000435,1621,-0.01,0.04897,0.00451,0.00035,0.03925,0.51668
2292,2347008,34.70802,45.71429,0.92857,0.9,0.735103,-0.053241,7.269002,0.000644,1728,-0.01,0.05014,0.00149,-0.00089,0.02556,0.43305
2293,2348032,29.62762,72.6875,0.8125,0.88,0.721786,-0.048755,9.679233,0.00048,1737,-0.01,0.04969,0.00222,-0.00083,0.03209,0.41605
2294,2349056,33.94769,54.78571,0.89286,0.87,0.656951,-0.080875,11.728289,0.002252,1637,-0.01,0.04763,0.00811,0.00024,0.05206,0.82804
2295,2350080,35.93446,30.71429,1.0,0.91,0.581072,-0.000595,8.854632,0.000337,1662,-0.01,0.04814,0.00839,0.00148,0.05628,0.91067
2296,2351104,31.5638,41.69565,0.91304,0.91,0.617884,-0.000554,15.045851,0.000844,1549,-0.01,0.04941,0.00614,0.00117,0.04555,0.66565
2297,2352128,34.22708,38.84,0.96,0.95,0.720986,-0.013144,9.452691,0.001691,1571,-0.01,0.04864,0.00692,0.00085,0.04905,0.76654
2298,2353152,34.40732,38.52174,0.91304,0.95,0.655865,0.069245,8.350571,0.000199,1601,-0.01,0.04895,0.00522,0.00125,0.04331,0.70164
2299,2354176,34.51651,57.73913,0.91304,0.93,0.677485,-0.000479,9.859784,0.000353,1588,-0.01,0.0475,0.0047,0.0005,0.0496,0.6914
2300,2355200,33.00325,38.76667,0.93333,0.93,0.583442,0.117901,20.30207,0.000981,1645,-0.01,0.04853,0.00757,0.00158,0.05773,0.8991
2301,2356224,36.84161,29.90323,1.0,0.95,0.543374,-0.046616,7.607207,0.000417,1623,-0.01,0.04928,0.00973,0.00225,0.06286,1.04587
2302,2357248,35.08952,30.23077,1.0,0.97,0.635346,0.026519,9.697455,0.001226,1644,-0.01,0.04949,0.00651,0.00055,0.05233,0.85134
2303,2358272,32.25425,49.03846,0.96154,0.97,0.741288,-0.087655,12.342284,0.001348,1584,-0.01,0.04866,0.0081,0.00084,0.0524,0.79555
2304,2359296,33.76372,33.0,1.0,0.99,0.660535,-0.000514,12.112694,0.000117,1671,-0.01,0.04866,0.00538,0.00021,0.05243,0.77747
2305,2360320,33.97511,41.78261,0.95652,0.98,0.70585,0.000179,10.300373,0.000186,1730,-0.01,0.04966,0.00573,-0.0001,0.04695,0.70869
2306,2361344,35.27559,43.85714,0.95238,0.97,0.731737,-0.080631,7.183755,0.000396,1680,-0.01,0.04854,0.00307,0.00035,0.04292,0.65114
2307,2362368,31.18336,56.6,0.84,0.94,0.672441,-0.000181,11.568936,0.000243,1629,-0.01,0.04886,0.00568,0.00154,0.04736,0.68247
2308,2363392,34.38171,31.83333,1.0,0.94,0.678894,-0.000523,12.068405,0.000251,1646,-0.01,0.04804,0.00522,0.00063,0.04702,0.75819
2309,2364416,34.6643,48.64,0.92,0.93,0.787565,0.012438,7.874961,0.00019,1561,-0.01,0.04931,0.00508,0.00024,0.04513,0.76101
2310,2365440,36.28148,38.95455,0.95455,0.93,0.674152,-0.142062,10.439975,0.000546,1674,-0.01,0.04978,0.00466,0.00022,0.04997,0.72353
2311,2366464,30.80884,54.14286,0.90476,0.92,0.680446,0.000456,13.60728,0.000456,1674,-0.01,0.04859,0.00479,0.00017,0.04267,0.59376
2312,2367488,35.06832,34.29167,0.95833,0.94,0.694244,-0.029712,13.727945,0.000582,1531,-0.01,0.04885,0.00496,0.00021,0.04631,0.75615
2313,2368512,35.4283,48.95455,0.95455,0.94,0.769651,-0.090623,7.57306,0.00084,1539,-0.01,0.0489,0.00441,-0.00096,0.04459,0.67817
2314,2369536,31.2904,60.36842,0.89474,0.93,0.757155,0.000421,12.724941,0.000374,1682,-0.01,0.04882,0.0025,-0.00109,0.03621,0.52462
2315,2370560,34.32708,54.27778,0.88889,0.92,0.764085,-0.000174,8.131919,0.000118,1698,-0.01,0.04971,0.00196,-0.00097,0.03328,0.52933
2316,2371584,31.96215,44.35294,0.94118,0.93,0.742193,-0.000653,9.524149,0.000347,1775,-0.01,0.048,0.00396,-0.00073,0.03547,0.49822
2317,2372608,31.66227,55.84615,0.88462,0.91,0.643789,0.116691,17.181515,0.000344,1459,-0.01,0.0474,0.00573,0.00075,0.04896,0.7369
2318,2373632,33.85528,31.33333,0.94444,0.91,0.712061,-0.018414,9.573782,0.000415,1554,-0.01,0.04866,0.00362,0.00058,0.03387,0.57151
2319,2374656,31.50391,52.80952,0.90476,0.91,0.733103,-0.000338,14.879896,0.000144,1614,-0.01,0.04844,0.00399,-0.0003,0.03789,0.60132
2320,2375680,34.1592,50.31818,0.90909,0.91,0.759301,-0.001066,9.354258,0.000228,1666,-0.01,0.04968,0.00307,7e-05,0.04728,0.652
2321,2376704,34.365,49.90909,0.90909,0.91,0.783897,0.036547,7.557936,0.000437,1749,-0.01,0.0501,-0.00193,-0.00128,0.01992,0.33208
2322,2377728,30.48202,88.8,0.73333,0.89,0.834934,0.054844,7.260432,0.000736,1704,-0.01,0.0497,0.00057,-0.00068,0.02729,0.36943
2323,2378752,31.26621,65.10526,0.84211,0.87,0.825008,0.081316,11.222874,0.000199,1642,-0.01,0.04606,0.00259,-0.00015,0.03595,0.51857
2324,2379776,28.60389,67.11111,0.88889,0.87,0.858581,0.000864,7.250977,0.000998,1736,-0.01,0.04748,-0.00147,-0.00126,0.01581,0.22671
2325,2380800,30.84664,66.83333,0.83333,0.85,0.786218,0.04387,9.109296,0.000376,1631,-0.01,0.0472,0.00207,-0.00038,0.03372,0.48343
2326,2381824,33.50123,61.71429,0.85714,0.85,0.717331,-0.000745,12.359977,0.00057,1568,-0.01,0.04938,0.00405,0.00078,0.04215,0.59871
2327,2382848,32.04071,65.21429,0.85714,0.84,0.768031,0.073766,11.38722,0.000645,1503,-0.01,0.04939,0.00064,6e-05,0.02788,0.40781
2328,2383872,33.13,43.29412,0.94118,0.87,0.762618,3.7e-05,8.474663,0.000361,1650,-0.01,0.05037,0.00209,0.00048,0.03424,0.50047
2329,2384896,32.52332,69.5,0.81818,0.86,0.744592,-0.002434,11.857428,0.000849,1566,-0.01,0.04926,0.00462,-0.0004,0.0445,0.59652
2330,2385920,35.446,39.06667,1.0,0.89,0.830503,-0.06221,6.669057,0.000332,1734,-0.01,0.0482,0.00062,-0.00016,0.02701,0.4718
2331,2386944,29.55101,86.875,0.8125,0.89,0.828805,-0.076006,9.648359,0.000638,1696,-0.01,0.04876,0.00243,-0.00103,0.03153,0.39245
2332,2387968,35.39533,50.125,0.9375,0.89,0.864526,-0.057489,9.362036,0.000688,1670,-0.01,0.04601,0.00168,0.00016,0.03035,0.49826
2333,2388992,33.85674,49.58065,0.93548,0.9,0.698271,-0.056752,11.037867,0.000972,1644,-0.01,0.04435,0.00921,0.00172,0.06519,0.94094
2334,2390016,36.7248,33.65217,1.0,0.94,0.684937,-0.000117,11.061434,0.000188,1681,-0.01,0.0494,0.00526,-0.0001,0.04663,0.75107
2335,2391040,34.09937,30.16667,0.91667,0.93,0.76985,0.000349,9.97918,0.000783,1824,-0.01,0.04774,0.00072,-0.00093,0.02219,0.3696
2336,2392064,30.75827,72.0,0.80952,0.92,0.717554,-0.000496,11.050442,0.000212,1739,-0.01,0.04852,0.00367,0.00043,0.03989,0.5633
2337,2393088,32.54097,47.61538,0.92308,0.92,0.66828,0.028228,19.031038,0.001242,1677,-0.01,0.04811,0.00731,0.00056,0.04746,0.76855
2338,2394112,33.28566,44.5,0.91667,0.91,0.690915,-0.023556,11.241132,0.000502,1642,-0.01,0.04784,0.00635,0.00015,0.04789,0.72295
2339,2395136,33.28801,40.16667,0.95833,0.91,0.680881,-0.000401,12.719478,0.000667,1544,-0.01,0.04849,0.00517,1e-05,0.04541,0.73377
2340,2396160,34.92807,39.68182,0.95455,0.94,0.638308,-0.000413,11.572834,0.000421,1623,-0.01,0.04928,0.00545,0.00083,0.05031,0.72991
2341,2397184,34.85938,47.28,0.92,0.94,0.617443,0.043797,7.686655,0.000425,1733,-0.01,0.04914,0.00742,0.00166,0.05134,0.82576
2342,2398208,34.35607,52.26316,0.89474,0.94,0.648347,0.167468,18.050665,0.000747,1759,-0.01,0.04936,0.00479,-0.00038,0.04267,0.60875
2343,2399232,31.95847,51.47368,0.94737,0.93,0.794032,-0.053259,8.649762,0.000795,1682,-0.01,0.04756,0.00293,-0.00097,0.03463,0.53837
2344,2400256,33.59581,44.46154,0.92308,0.92,0.674652,-0.000288,12.348854,0.000716,1690,-0.01,0.04773,0.00583,0.00058,0.05114,0.77535
2345,2401280,34.09418,38.07407,0.92593,0.93,0.675766,-0.062923,11.628022,0.00017,1660,-0.01,0.04877,0.00579,0.0007,0.04925,0.82202
2346,2402304,36.23187,30.75,1.0,0.93,0.792984,-0.000541,6.868821,0.000395,1740,-0.01,0.04811,0.00219,-0.00019,0.03686,0.51555
2347,2403328,32.33286,63.42308,0.84615,0.91,0.745419,0.000144,9.302112,0.000519,1670,-0.01,0.04554,0.0063,0.0006,0.04809,0.73199
2348,2404352,31.57313,31.15789,0.94737,0.92,0.674708,-0.054852,12.181531,0.000385,1764,-0.01,0.04979,0.00468,-0.00022,0.0387,0.5574
2349,2405376,32.97182,65.05263,0.89474,0.92,0.821262,-0.010644,7.350153,0.000534,1942,-0.01,0.04812,0.00314,-0.0003,0.03262,0.54468
2350,2406400,34.99333,40.45455,0.95455,0.92,0.699745,0.002922,7.270266,0.00053,1784,-0.01,0.04846,0.00533,0.00067,0.04385,0.67961
2351,2407424,32.66923,51.90476,0.90476,0.91,0.679222,0.00054,10.627492,0.000128,1713,-0.01,0.04926,0.00455,0.00098,0.04395,0.60361
2352,2408448,34.46231,47.76923,0.92308,0.92,0.685176,0.213972,6.470727,0.000447,1761,-0.01,0.05063,0.00037,-0.00037,0.02655,0.38629
2353,2409472,30.03225,72.79167,0.79167,0.89,0.69816,-0.030441,11.669021,0.000311,1709,-0.01,0.04798,0.00414,0.00125,0.03539,0.61864
2354,2410496,36.64657,29.0,1.0,0.91,0.666215,-0.000165,9.033345,0.000243,1687,-0.01,0.04887,0.00638,0.00029,0.05294,0.71778
2355,2411520,29.80901,57.47059,0.88235,0.9,0.772388,-0.000751,12.794015,0.000536,1768,-0.01,0.04789,0.00276,-0.00067,0.02643,0.4555
2356,2412544,34.22289,57.45,0.9,0.9,0.783024,-0.059535,8.08289,0.001132,1678,-0.01,0.04989,0.00237,0.00023,0.04182,0.60958
2357,2413568,32.26512,56.35294,0.88235,0.89,0.769014,-0.000409,10.715117,0.00032,1782,-0.01,0.04933,0.00323,-0.00073,0.03716,0.50205
2358,2414592,33.78469,46.94444,0.94444,0.93,0.747677,-0.000694,13.564311,0.000311,1853,-0.01,0.04757,0.0033,-0.0002,0.03761,0.58277
2359,2415616,33.50091,48.08333,0.91667,0.91,0.683732,-0.000684,11.014784,0.000261,1760,-0.01,0.04882,0.00598,0.00062,0.04701,0.74972
2360,2416640,31.5968,58.08333,0.91667,0.91,0.675029,-0.000707,12.55469,0.000379,1763,-0.01,0.04931,0.00615,0.00085,0.04772,0.71084
2361,2417664,36.36433,32.70833,1.0,0.94,0.658927,-0.000908,9.310055,0.000295,1691,-0.01,0.04733,0.00594,0.00012,0.05032,0.781
2362,2418688,32.38271,53.79167,0.91667,0.94,0.709811,-0.031092,10.336369,0.000235,1620,-0.01,0.04621,0.00665,0.0007,0.04787,0.69413
2363,2419712,35.53678,32.43478,1.0,0.96,0.634004,-0.000889,11.500901,0.000382,1695,-0.01,0.04862,0.00765,-3e-05,0.04901,0.76741
2364,2420736,34.52223,46.08,0.96,0.97,0.684127,-0.013369,7.637072,0.000564,1573,-0.01,0.04886,0.00563,0.00087,0.04587,0.77137
2365,2421760,35.24678,39.95833,0.95833,0.96,0.658407,-0.128193,9.07648,0.001141,1532,-0.01,0.0488,0.00662,0.00026,0.05689,0.75625
2366,2422784,34.98086,39.77273,0.95455,0.97,0.696532,-0.000342,10.660228,0.000363,1684,-0.01,0.04782,0.00512,0.00078,0.03822,0.68951
2367,2423808,33.23063,46.2963,0.96296,0.96,0.623531,-0.011042,9.855313,0.000137,1664,-0.01,0.04764,0.00719,0.00123,0.05274,0.80841
2368,2424832,35.24026,40.85185,0.96296,0.96,0.609167,-0.000215,10.882234,0.000159,1670,-0.01,0.04881,0.0092,0.00121,0.05382,0.85252
2369,2425856,34.14943,31.64,0.96,0.96,0.637222,-0.090608,11.831439,0.000339,1650,-0.01,0.04822,0.00671,0.00119,0.04832,0.7788
2370,2426880,32.10472,50.54545,0.86364,0.94,0.758668,-0.01556,9.237689,0.0004,1687,-0.01,0.04697,0.00492,1e-05,0.03824,0.62063
2371,2427904,29.71036,41.15,0.9,0.92,0.699987,-0.165302,13.65808,0.000556,1718,-0.01,0.04594,0.00494,0.00028,0.0356,0.5498
2372,2428928,31.07216,52.38095,0.90476,0.92,0.706187,-0.000174,10.881612,0.000175,1763,-0.01,0.04647,0.00467,0.0014,0.04146,0.60879
2373,2429952,31.43872,51.54545,0.90909,0.9,0.693643,0.021347,10.86174,0.000296,1759,-0.01,0.04768,0.00452,0.00037,0.03815,0.62685
2374,2430976,35.0398,49.56,0.92,0.9,0.668856,0.000438,8.942146,0.000429,1695,-0.01,0.04912,0.00675,0.00058,0.05383,0.75648
2375,2432000,35.72404,30.23077,1.0,0.94,0.687626,-0.033895,10.134695,0.000364,1713,-0.01,0.04702,0.00665,0.00047,0.05006,0.86598
2376,2433024,31.79402,40.30769,0.92308,0.94,0.760391,0.003091,15.995281,0.000425,1706,-0.01,0.04834,0.00634,0.00129,0.04682,0.78348
2377,2434048,33.58027,43.76923,0.96154,0.95,0.66873,-0.000733,10.440404,0.000378,1659,-0.01,0.04938,0.00797,0.00104,0.05718,0.79551
2378,2435072,34.20693,44.05882,0.94118,0.95,0.721954,0.012943,8.246158,0.000471,1741,-0.01,0.04929,0.00254,-0.00046,0.03228,0.52819
2379,2436096,31.61296,63.15,0.85,0.93,0.828844,-0.043206,8.265386,0.000136,1726,-0.01,0.04729,0.00338,-0.00035,0.03899,0.55761
2380,2437120,32.93504,42.04545,0.90909,0.93,0.699752,0.103782,14.382012,0.000196,1674,-0.01,0.04898,0.00579,0.00042,0.04367,0.65564
2381,2438144,30.41494,48.875,0.875,0.91,0.665512,0.011881,11.722106,0.000238,1688,-0.01,0.0479,0.00486,0.00108,0.0414,0.66299
2382,2439168,34.27029,42.95,0.95,0.9,0.727769,-0.019522,9.882579,0.001519,1784,-0.01,0.0489,0.00446,0.00063,0.04302,0.62508
2383,2440192,34.47843,39.68182,0.95455,0.9,0.748236,-0.002292,8.985528,0.000387,1704,-0.01,0.04882,0.00403,0.00029,0.04576,0.68972
2384,2441216,35.03813,44.81481,0.96296,0.93,0.744491,0.055729,10.848953,0.00141,1648,-0.01,0.04833,0.00617,0.00101,0.05091,0.83839
2385,2442240,32.7651,46.90909,0.95455,0.95,0.858067,-0.115144,13.947078,0.000604,1711,-0.01,0.04887,0.00277,0.00048,0.03966,0.65302
2386,2443264,32.83784,41.18182,0.95455,0.95,0.731592,-8.1e-05,13.461496,0.000271,1737,-0.01,0.04885,0.00414,0.00076,0.04187,0.66092
2387,2444288,32.25964,49.78261,0.91304,0.95,0.714155,0.019292,9.291652,0.000126,1763,-0.01,0.04808,0.00522,0.00139,0.04758,0.70019
2388,2445312,33.86014,42.83333,0.94444,0.95,0.742647,-0.086761,12.980491,0.000538,1815,-0.01,0.04994,0.00232,0.00055,0.03585,0.58631
2389,2446336,30.23318,68.0,0.78947,0.91,0.749469,-0.081674,12.791392,0.0008,1839,-0.01,0.04753,0.00235,0.00054,0.03972,0.552
2390,2447360,32.20324,40.26087,0.91304,0.91,0.83118,-0.037962,15.714632,0.000273,1705,-0.01,0.04601,0.00349,0.00046,0.03888,0.70674
2391,2448384,33.0516,46.31818,0.95455,0.91,0.789337,-0.000586,10.622257,0.001172,1696,-0.01,0.04793,0.00313,0.00048,0.04382,0.66123
2392,2449408,32.05957,50.88462,0.88462,0.9,0.712293,-0.00035,15.123198,0.000352,1659,-0.01,0.04824,0.00664,0.00058,0.05304,0.75222
2393,2450432,31.31897,35.625,0.91667,0.91,0.715715,0.001147,15.743263,0.000689,1739,-0.01,0.04847,0.00351,0.00065,0.04141,0.70223
2394,2451456,35.59411,44.33333,1.0,0.92,0.777193,5.6e-05,10.530547,0.000448,1774,-0.01,0.04815,0.00171,0.00024,0.03921,0.59557
2395,2452480,32.03327,53.0,0.90909,0.93,0.792791,0.000123,9.724461,0.001092,1697,-0.01,0.04848,0.00304,-0.00017,0.0442,0.6229
2396,2453504,32.91929,48.42105,0.89474,0.92,0.774678,-0.001117,11.968572,0.000536,1729,-0.01,0.04802,0.00147,0.00044,0.03426,0.56585
2397,2454528,33.95858,50.04545,0.90909,0.92,0.745711,-0.017593,7.531678,0.000536,1717,-0.01,0.04822,0.00277,0.00132,0.04313,0.69635
2398,2455552,31.58911,61.85714,0.85714,0.91,0.805667,0.062671,11.011708,0.001171,1842,-0.01,0.04963,0.00093,-0.0009,0.03372,0.40472
2399,2456576,28.80515,77.5,0.78571,0.89,0.894522,0.01606,10.842396,0.00032,1834,-0.01,0.04423,-0.0009,0.00047,0.02532,0.35259
2400,2457600,34.12192,49.63636,0.95455,0.9,0.779913,-2e-05,9.558027,0.000201,1703,-0.01,0.04694,0.00238,0.00024,0.04249,0.67636
2401,2458624,32.84408,54.36842,0.89474,0.89,0.826107,-0.00029,11.955214,0.000159,1785,-0.01,0.04733,0.00091,0.00029,0.03404,0.58091
2402,2459648,31.12129,64.69231,0.84615,0.88,0.852002,0.035135,9.664807,0.000367,1805,-0.01,0.04829,-0.00195,0.00016,0.0262,0.37138
2403,2460672,31.82544,66.22222,0.83333,0.87,0.806482,-0.081264,8.692566,8.8e-05,1751,-0.01,0.04511,0.00119,0.00029,0.03927,0.5094
2404,2461696,29.8263,53.54545,0.81818,0.87,0.835868,-0.000164,12.929319,0.000352,1748,-0.01,0.04354,0.00158,0.00087,0.0367,0.60342
2405,2462720,33.95624,39.54545,0.95455,0.88,0.768453,-0.000606,13.593997,0.000334,1720,-0.01,0.04825,0.00285,0.00014,0.04591,0.67296
2406,2463744,35.10327,46.92308,0.92308,0.88,0.904405,6.3e-05,8.995531,0.000894,1762,-0.01,0.04811,-0.00172,-0.00071,0.02659,0.39499
2407,2464768,30.18731,74.8,0.8,0.86,0.892209,-0.000226,9.128973,0.000371,1756,-0.01,0.04698,-0.00109,-0.00029,0.0282,0.38918
2408,2465792,32.12968,57.16667,0.875,0.88,0.841939,-0.000596,11.173707,0.001924,1697,-0.01,0.04565,0.00301,0.00071,0.04317,0.68029
2409,2466816,33.12669,53.73684,0.89474,0.89,0.854527,-0.032543,6.868164,0.000186,1721,-0.01,0.04578,0.0007,0.00063,0.03798,0.55469
2410,2467840,33.04722,51.45,0.9,0.89,0.851543,0.005265,17.682051,0.000492,1743,-0.01,0.04709,0.0006,-0.00125,0.03577,0.57837
2411,2468864,35.73376,52.15,0.95,0.89,0.820712,0.056106,8.360111,0.000339,1688,-0.01,0.04502,0.00396,0.00027,0.04274,0.6279
2412,2469888,34.65356,43.96154,0.96154,0.94,0.78092,-0.000467,7.010427,0.000112,1644,-0.01,0.04874,0.00319,0.00043,0.05275,0.80315
2413,2470912,35.23045,40.5,0.95455,0.93,0.767906,0.038856,10.297818,0.000349,1664,-0.01,0.04934,0.00277,0.00035,0.04445,0.69701
2414,2471936,32.82052,48.95833,0.91667,0.94,0.738834,-7.9e-05,13.078916,0.000107,1686,-0.01,0.04898,0.00452,0.00048,0.04631,0.6993
2415,2472960,35.58533,35.26923,1.0,0.96,0.727586,-0.000786,9.109824,0.000118,1696,-0.01,0.04785,0.00464,0.00044,0.04926,0.83357
2416,2473984,31.39562,49.66667,0.95833,0.96,0.739706,-0.000874,15.052175,0.000303,1726,-0.01,0.04912,0.00449,0.00059,0.04693,0.68748
2417,2475008,32.95729,37.43478,0.95652,0.96,0.733088,-0.0005,16.672712,0.000323,1765,-0.01,0.04887,0.00381,0.00158,0.04263,0.71114
2418,2476032,34.56046,44.53333,1.0,0.98,0.812238,-0.014648,8.652531,0.000648,1816,-0.01,0.04727,0.00106,-0.00021,0.0313,0.48895
2419,2477056,31.07164,64.0,0.91667,0.96,0.781961,-6.7e-05,13.691121,0.000186,1701,-0.01,0.048,0.0024,0.00029,0.04382,0.6735
2420,2478080,31.4991,41.19048,0.95238,0.95,0.80306,0.000178,14.276081,0.00016,1760,-0.01,0.04792,0.0024,-1e-05,0.0383,0.60634
2421,2479104,32.89727,46.6875,0.9375,0.95,0.903937,0.066922,10.883351,0.000677,1757,-0.01,0.04492,-0.00091,0.00032,0.02956,0.46985
2422,2480128,33.88781,55.46154,0.88462,0.93,0.847748,-0.030146,8.562485,0.00145,1596,-0.01,0.04531,0.00507,0.00157,0.05391,0.76697
2423,2481152,32.01282,38.4,0.96667,0.94,0.707068,-0.000383,16.845881,0.000298,1713,-0.01,0.04514,0.00699,0.00133,0.05678,0.93656
2424,2482176,34.94477,31.77273,0.95455,0.94,0.749317,0.026836,9.05206,0.000844,1698,-0.01,0.04864,0.00327,0.00054,0.04783,0.70326
2425,2483200,35.07125,52.09524,0.95238,0.94,0.777163,-0.000448,7.300747,0.000289,1739,-0.01,0.04867,0.00192,0.00049,0.04123,0.66651
2426,2484224,33.77348,51.69565,0.91304,0.95,0.775755,0.058025,11.47543,0.000346,1688,-0.01,0.05003,0.0038,0.00023,0.04747,0.69404
2427,2485248,35.46565,32.7,1.0,0.96,0.80143,-0.000778,8.976184,9.7e-05,1719,-0.01,0.04849,0.00076,0.00034,0.04062,0.64223
2428,2486272,33.37641,47.56,0.92,0.95,0.799366,-0.000452,9.408654,0.000702,1686,-0.01,0.04536,0.00353,0.00065,0.05172,0.73931
2429,2487296,34.75657,39.68,0.96,0.95,0.719904,-0.001043,11.756302,0.000458,1731,-0.01,0.04798,0.00465,0.00051,0.04902,0.81823
2430,2488320,35.9963,40.05,0.95,0.94,0.737823,0.000316,7.529073,0.000132,1925,-0.01,0.04904,0.00434,0.00123,0.04908,0.75421
2431,2489344,29.90344,66.05263,0.84211,0.93,0.843405,0.000225,7.920745,0.00085,1854,-0.01,0.04693,0.00034,7e-05,0.03267,0.53435
2432,2490368,30.54375,61.0,0.94737,0.94,0.847429,0.064644,9.633859,0.000829,1772,-0.01,0.04632,0.00146,0.00097,0.03947,0.54195
2433,2491392,32.94235,43.44444,0.94444,0.93,0.845737,-0.000353,8.95372,0.000901,1818,-0.01,0.04793,-8e-05,0.00034,0.0371,0.56824
2434,2492416,32.07679,60.58824,0.88235,0.92,0.809861,-0.003496,9.197876,0.002657,1743,-0.01,0.04729,-0.00081,-0.00012,0.03186,0.47585
2435,2493440,33.78725,59.2,0.93333,0.92,0.909141,0.023369,7.643827,0.000219,1779,-0.01,0.04458,-0.00245,1e-05,0.02757,0.44521
2436,2494464,30.36212,71.42105,0.84211,0.91,0.863427,-0.000179,14.131838,0.000616,1785,-0.01,0.04421,0.0006,0.00028,0.03408,0.51577
2437,2495488,34.04944,43.4,1.0,0.92,0.870887,-0.212962,12.094012,0.000637,1809,-0.01,0.04739,-0.00291,-0.00019,0.02357,0.31283
2438,2496512,31.52096,92.29412,0.82353,0.9,0.922625,-6.1e-05,10.183487,0.00013,1725,-0.01,0.04468,-0.0011,-5e-05,0.02868,0.45585
2439,2497536,33.47607,51.6875,0.9375,0.89,0.981728,-9.4e-05,11.727682,0.00027,1755,-0.01,0.04521,-0.00166,-0.00097,0.0324,0.4875
2440,2498560,33.31706,57.95,0.9,0.9,0.8438,-0.000156,12.945182,0.000605,1725,-0.01,0.04338,0.00093,0.00078,0.03863,0.60009
2441,2499584,33.05615,45.77778,0.96296,0.92,0.845647,0.070786,13.442979,0.000575,1651,-0.01,0.04838,0.00509,0.0016,0.05096,0.80727
2442,2500608,35.97962,36.86667,0.96667,0.94,0.69553,0.000348,8.62259,0.0003,1623,-0.01,0.04603,0.00706,0.00128,0.06165,0.96391
2443,2501632,36.42637,31.35,1.0,0.96,0.738813,-0.037598,8.474076,0.000269,1762,-0.01,0.0493,0.00155,7e-05,0.04414,0.68053
2444,2502656,33.21218,57.65217,0.86957,0.95,0.792764,0.000204,7.492682,0.000275,1745,-0.01,0.04774,0.00214,0.00085,0.04562,0.69376
2445,2503680,35.29307,39.86957,0.95652,0.95,0.728652,-0.000356,10.774626,0.000326,1715,-0.01,0.04941,0.00304,0.00034,0.0469,0.74223
2446,2504704,35.52391,29.3125,1.0,0.95,0.950996,0.004652,8.851728,0.000987,1762,-0.01,0.04807,0.00051,0.0002,0.03518,0.5315
2447,2505728,30.90894,61.03333,0.86667,0.92,0.718462,-0.019082,10.047017,0.000848,1649,-0.01,0.04822,0.00552,0.00174,0.05602,0.83261
2448,2506752,32.0374,33.89474,1.0,0.92,0.785467,-0.000265,16.503959,0.000773,1729,-0.01,0.04787,0.00134,0.00034,0.03904,0.56028
2449,2507776,34.81531,66.77778,0.94444,0.94,0.883782,-0.066457,12.343503,0.000793,1695,-0.01,0.04733,-0.00093,-0.0006,0.03588,0.54138
2450,2508800,31.82048,44.83333,0.875,0.92,0.828431,-0.001109,13.336631,0.00074,1692,-0.01,0.0446,0.00305,-0.00023,0.03791,0.68507
2451,2509824,36.43874,30.31579,1.0,0.94,0.88922,-0.000666,8.745395,0.000261,1763,-0.01,0.04367,0.00201,0.00072,0.04036,0.63348
2452,2510848,32.75784,57.08333,0.91667,0.94,0.856125,0.080565,14.193867,0.000213,1675,-0.01,0.0466,0.00364,0.00107,0.04722,0.71288
2453,2511872,34.43593,43.55,0.95,0.93,0.807496,-0.124117,12.908116,0.000759,1748,-0.01,0.04697,-0.00034,0.00027,0.04005,0.648
2454,2512896,34.60758,66.8,0.9,0.93,0.896064,-0.000813,7.017681,0.000411,1922,-0.01,0.04834,-0.00389,-0.00068,0.0247,0.32608
2455,2513920,29.85685,70.73684,0.78947,0.91,0.861192,-0.050148,9.875983,0.00038,1759,-0.01,0.04411,-0.00033,-4e-05,0.03755,0.50409
2456,2514944,32.59796,49.13043,0.91304,0.9,0.87618,0.000205,11.539219,0.00065,1731,-0.01,0.0427,0.0022,9e-05,0.04378,0.69127
2457,2515968,34.3519,49.2,0.96,0.91,0.780182,-0.041958,10.974331,0.000459,1670,-0.01,0.04232,0.00355,0.00104,0.04549,0.78254
2458,2516992,32.23705,44.05263,0.94737,0.91,0.77703,0.089412,10.496708,0.000476,1717,-0.01,0.0467,0.00045,0.00057,0.04323,0.55461
2459,2518016,33.89586,50.66667,0.90476,0.92,0.793459,0.159927,9.227554,0.001215,1636,-0.01,0.0427,0.00086,-0.00028,0.04009,0.63537
2460,2519040,33.606,45.6,0.96,0.95,0.76907,-0.150181,11.173599,0.000737,1722,-0.01,0.04637,0.00478,0.00066,0.05111,0.81045
2461,2520064,35.53081,37.17241,0.96552,0.95,0.738555,-0.000586,8.248402,0.000188,1625,-0.01,0.04763,0.00594,0.00103,0.05702,0.93562
2462,2521088,35.46121,33.26087,1.0,0.96,0.750542,0.000165,11.870466,0.000543,1673,-0.01,0.048,0.003,0.00074,0.04893,0.73927
2463,2522112,32.50681,45.86957,0.95652,0.97,0.788129,-0.000232,10.315265,0.000178,1703,-0.01,0.04756,0.0029,0.00029,0.04399,0.67695
2464,2523136,31.66651,53.89474,0.89474,0.96,0.860783,0.000314,15.288076,0.000552,1764,-0.01,0.0447,0.00142,-4e-05,0.03431,0.5474
2465,2524160,32.4378,50.54545,0.90909,0.95,1.039643,0.045584,6.089885,0.001906,1829,-0.01,0.04133,-0.00134,-9e-05,0.02345,0.32507
2466,2525184,30.17032,68.65217,0.82609,0.92,0.859345,0.001241,15.796378,0.001612,1752,-0.01,0.04496,0.00385,0.0002,0.0416,0.633
2467,2526208,34.49548,41.3,0.95,0.91,0.77045,-0.000306,11.720057,9.2e-05,1723,-0.01,0.04745,0.00438,0.0006,0.0437,0.65649
2468,2527232,33.81793,63.6875,0.875,0.9,0.745997,-0.084584,8.132935,0.000296,1823,-0.01,0.04661,0.00024,-0.00097,0.03594,0.50683
2469,2528256,33.36225,70.31579,0.94737,0.89,0.875018,0.000403,12.503138,0.000275,1706,-0.01,0.04597,0.00142,0.00149,0.03317,0.5771
2470,2529280,34.4704,36.77273,1.0,0.92,0.867496,-0.05278,11.011194,0.001492,1656,-0.01,0.04284,0.00476,-3e-05,0.04933,0.69282
2471,2530304,33.63602,54.7,0.95,0.95,0.820358,0.029242,11.030798,0.000536,1701,-0.01,0.0434,0.00223,-0.00059,0.03842,0.6005
2472,2531328,34.33221,41.7,0.93333,0.95,0.765398,-0.000724,11.940435,0.000277,1611,-0.01,0.04666,0.00665,0.00019,0.05971,0.93607
2473,2532352,35.96053,29.15789,0.94737,0.96,0.871301,0.031132,9.204603,0.000445,1698,-0.01,0.04814,0.00165,0.0001,0.04247,0.6285
2474,2533376,31.92734,49.43478,0.86957,0.93,0.843909,0.028675,9.878555,0.000715,1706,-0.01,0.04402,0.00444,0.00027,0.04206,0.68242
2475,2534400,33.90597,43.6875,0.9375,0.92,0.685122,0.000186,9.470856,0.000366,1623,-0.01,0.04714,0.00822,0.0008,0.06698,0.97359
2476,2535424,36.4015,31.56,1.0,0.94,0.754058,-5e-05,11.852366,0.000222,1662,-0.01,0.04924,0.00405,0.00025,0.04791,0.83911
2477,2536448,32.66295,50.63636,0.90909,0.93,0.867144,1e-05,7.797237,0.000808,945,-0.01,0.0502,-0.00314,-0.00051,0.02187,0.33248
2478,2537472,31.24316,83.94737,0.84211,0.93,0.811474,-0.000236,8.303014,0.000379,768,-0.01,0.04633,0.00174,0.00101,0.04003,0.52019
2479,2538496,35.06974,34.47826,1.0,0.96,0.766972,-0.00023,9.469971,0.000441,1214,-0.01,0.04791,0.00326,0.00042,0.04657,0.75041
2480,2539520,33.83904,44.82143,0.92857,0.94,0.753752,0.042343,10.111337,0.000465,1380,-0.01,0.04868,0.00553,0.00131,0.05489,0.84863
2481,2540544,35.42241,37.33333,0.96667,0.94,0.720755,-0.00027,9.112358,0.000108,799,-0.01,0.04857,0.00613,0.00137,0.05539,0.94742
2482,2541568,34.71301,39.25,1.0,0.97,0.787008,-7.7e-05,11.417997,0.001254,696,-0.01,0.04646,0.00439,0.00035,0.04866,0.75669
2483,2542592,33.20729,42.69231,0.92308,0.97,0.71612,-0.000672,13.008484,0.000129,1206,-0.01,0.04671,0.00744,0.00113,0.05096,0.8174
2484,2543616,35.00299,31.5,1.0,0.97,0.788746,0.000575,11.885784,0.000726,1484,-0.01,0.04803,0.00217,-0.00058,0.03874,0.55981
2485,2544640,30.3606,74.86667,0.8,0.94,0.893454,-0.037007,6.388389,0.001205,1353,-0.01,0.04961,-5e-05,-0.00036,0.02926,0.40257
2486,2545664,31.42463,59.81818,0.81818,0.91,0.834663,0.133457,17.174717,0.000676,1309,-0.01,0.04652,0.0029,0.00021,0.03965,0.60117
2487,2546688,33.27667,44.8,0.93333,0.9,0.923075,0.001163,8.502175,0.000648,1288,-0.01,0.0454,0.00019,9e-05,0.0271,0.44578
2488,2547712,33.79207,47.94444,0.94444,0.9,0.835223,0.034171,12.982711,0.000109,1318,-0.01,0.04597,0.00332,0.00028,0.04266,0.57024
2489,2548736,31.59429,71.68421,0.84211,0.88,0.771692,-0.10999,14.707436,0.000173,1425,-0.01,0.04827,0.00144,-0.00042,0.03614,0.52454
2490,2549760,33.60131,51.37037,0.92593,0.89,0.828653,0.04411,9.214722,0.000651,1238,-0.01,0.04485,0.0048,0.00107,0.04933,0.80144
2491,2550784,32.71626,30.86207,0.96552,0.92,0.692254,-0.097344,13.190261,0.00074,1036,-0.01,0.04382,0.00844,0.00072,0.05484,0.89441
2492,2551808,34.96768,37.92593,0.96296,0.94,0.648644,0.090278,8.354858,0.000217,983,-0.01,0.04683,0.00665,8e-05,0.06077,0.84572
2493,2552832,35.1959,35.33333,0.95238,0.95,0.764848,-0.000478,9.837087,0.000619,1049,-0.01,0.04966,0.00292,0.00084,0.0394,0.66166
2494,2553856,33.11655,54.96154,0.88462,0.94,0.784782,-0.000189,8.369625,0.000853,1211,-0.01,0.04537,0.00426,0.00109,0.04696,0.75256
2495,2554880,37.30603,31.76471,1.0,0.95,0.806512,-0.048395,7.27501,0.000364,1453,-0.01,0.04804,0.00206,-0.00125,0.03979,0.56029
2496,2555904,32.34447,65.6,0.86667,0.93,0.963576,0.000799,7.33929,0.001011,1320,-0.01,0.03879,0.00145,0.00043,0.02557,0.42154
2497,2556928,32.87834,50.19355,0.93548,0.92,0.665749,-7.4e-05,12.036316,0.000553,1407,-0.01,0.04591,0.00887,0.00162,0.06296,0.93275
2498,2557952,36.10076,32.66667,1.0,0.95,0.667342,-0.036895,10.1879,0.00023,1585,-0.01,0.04857,0.00751,0.00087,0.05581,0.97556
2499,2558976,36.12451,29.03846,1.0,0.96,0.804364,-0.000637,8.781179,0.00027,1639,-0.01,0.03947,0.00733,0.00078,0.05025,0.85046
2500,2560000,30.20315,56.89474,0.84211,0.96,0.812234,-9.8e-05,14.919052,0.000361,1743,-0.01,0.04447,0.00279,-0.00074,0.04258,0.54894
2501,2561024,34.40413,48.6,0.96,0.96,0.795639,-0.021805,8.33132,0.000631,1634,-0.01,0.04484,0.00441,-3e-05,0.04726,0.76487
2502,2562048,35.88419,37.69231,0.96154,0.95,0.716152,-0.000646,8.297003,0.000156,1641,-0.01,0.04448,0.00701,0.00132,0.05274,0.83821
2503,2563072,32.27874,47.05,0.9,0.93,0.716372,0.102733,12.064581,0.000888,1678,-0.01,0.04772,0.00399,0.00014,0.04048,0.58449
2504,2564096,34.70072,44.47826,1.0,0.96,0.744642,-0.000686,12.619364,0.000359,1743,-0.01,0.04764,0.00622,0.00091,0.04886,0.74616
2505,2565120,34.43342,37.26667,1.0,0.97,0.696522,4.2e-05,14.339458,0.000412,1612,-0.01,0.04768,0.00828,0.00076,0.05625,0.96028
2506,2566144,34.22912,32.05,1.0,0.97,0.726435,-0.000212,11.093838,7.8e-05,1750,-0.01,0.04967,0.00317,0.00047,0.04279,0.64675
2507,2567168,32.75267,52.15,0.9,0.97,0.788828,7.9e-05,7.63648,0.000576,1724,-0.01,0.04857,0.00223,0.00062,0.03748,0.57832
2508,2568192,31.96189,58.16667,0.875,0.95,0.639824,-0.013863,8.11054,0.000732,1682,-0.01,0.04811,0.00651,0.00022,0.04879,0.68626
2509,2569216,35.89006,39.37037,1.0,0.95,0.724899,-0.014956,8.956782,0.000189,1672,-0.01,0.04675,0.00796,0.00087,0.05288,0.88776
2510,2570240,36.86706,29.66667,1.0,0.95,0.875358,-0.055992,7.014568,0.000682,1752,-0.01,0.0488,0.00232,-0.0003,0.03699,0.60778
2511,2571264,27.61037,92.92308,0.69231,0.91,0.863424,-0.033198,10.282277,0.000522,1830,-0.01,0.04482,0.00145,0.00037,0.02676,0.30775
2512,2572288,33.7357,50.80952,0.90476,0.91,0.772944,0.075489,8.07259,0.000117,1702,-0.01,0.04747,0.00352,0.00058,0.03886,0.63824
2513,2573312,35.64323,39.29167,0.95833,0.93,0.781173,0.046467,8.484124,0.000613,1655,-0.01,0.04333,0.00644,0.00031,0.0491,0.75402
2514,2574336,33.61578,51.42857,0.90476,0.91,0.70741,-0.000288,11.743571,7.7e-05,1735,-0.01,0.04897,0.0036,-1e-05,0.04431,0.62047
2515,2575360,33.26727,58.41667,0.91667,0.9,0.840233,-0.000252,8.566278,0.000243,1804,-0.01,0.05013,-0.00055,-0.00058,0.01834,0.34923
2516,2576384,31.82647,76.15789,0.84211,0.9,0.828807,-0.000754,12.771997,0.000238,1756,-0.01,0.04688,0.0017,0.00021,0.03679,0.54477
2517,2577408,33.6519,42.25,0.95,0.92,0.756974,-0.00023,9.751564,0.000185,1784,-0.01,0.04892,0.00404,0.0004,0.04504,0.62766
2518,2578432,34.53001,48.08,0.92,0.91,0.711982,-0.045069,7.955596,0.000297,1638,-0.01,0.04899,0.00574,0.00123,0.05278,0.75746
2519,2579456,36.05988,43.08,0.96,0.92,0.671367,0.178502,11.169666,0.000519,1640,-0.01,0.04974,0.00405,0.0006,0.04809,0.78913
2520,2580480,33.59993,42.17647,0.88235,0.93,0.820108,0.000109,8.857599,0.000482,1726,-0.01,0.04916,0.00182,-6e-05,0.03263,0.52047
2521,2581504,32.39868,62.29412,0.94118,0.93,0.838984,-0.075434,8.404942,0.000226,1713,-0.01,0.04952,0.00133,-0.00041,0.03297,0.49048
2522,2582528,33.45331,49.73913,0.91304,0.93,0.662008,-0.017627,8.909037,0.000552,1650,-0.01,0.04841,0.00471,0.00042,0.04674,0.68436
2523,2583552,33.27205,50.125,0.91667,0.92,0.65778,0.058045,9.526704,0.000309,1681,-0.01,0.04769,0.00623,0.00111,0.04826,0.73052
2524,2584576,33.41226,41.57143,0.95238,0.92,0.783537,-0.000758,11.000382,0.00044,1744,-0.01,0.04936,0.00374,-0.00027,0.04278,0.64096
2525,2585600,32.02404,59.53333,0.86667,0.92,0.935197,0.055429,6.452145,0.000849,1741,-0.01,0.04699,-0.00135,-0.00111,0.02416,0.42096
2526,2586624,32.11726,59.66667,0.90476,0.92,0.757365,-0.012513,12.030453,0.000654,1788,-0.01,0.04591,0.00361,0.00132,0.04097,0.63977
2527,2587648,32.7341,50.86957,0.91304,0.91,0.688042,-0.027733,11.712939,0.000132,1750,-0.01,0.04677,0.00482,0.00111,0.0523,0.7048
2528,2588672,36.06621,29.51613,1.0,0.93,0.661973,-0.000134,10.019315,0.000316,1632,-0.01,0.04796,0.00787,0.00088,0.05824,1.01486
2529,2589696,34.39158,39.61538,0.96154,0.95,0.601057,-0.043686,10.992164,0.000274,1658,-0.01,0.04876,0.00745,0.00074,0.05542,0.8072
2530,2590720,33.27507,44.6875,0.9375,0.96,0.770662,0.000228,8.002235,0.00047,1733,-0.01,0.04982,0.00072,-0.00049,0.02923,0.46585
2531,2591744,32.04456,64.63158,0.84211,0.94,0.76526,-0.000285,6.911969,0.000184,1541,-0.01,0.04926,0.00241,-0.0004,0.03717,0.51623
2532,2592768,35.65995,36.82759,0.96552,0.94,0.63114,0.065175,7.829262,0.000244,1612,-0.01,0.0484,0.00638,0.00116,0.05585,0.92033
2533,2593792,32.33254,43.47059,0.88235,0.93,0.742803,-0.059572,8.111974,0.000422,1766,-0.01,0.04866,0.00289,0.00012,0.03794,0.51544
2534,2594816,30.4285,53.84211,0.84211,0.9,0.788869,-0.085062,10.519239,0.000415,1797,-0.01,0.0454,0.00367,0.00023,0.03196,0.55079
2535,2595840,33.29735,52.1,0.9,0.9,0.675065,0.025046,9.843304,0.000288,1634,-0.01,0.0468,0.00762,0.00047,0.06066,0.90388
2536,2596864,35.93672,30.58333,1.0,0.92,0.707519,-0.000448,10.048379,0.000396,1652,-0.01,0.04854,0.00565,0.0002,0.0529,0.78044
2537,2597888,35.42087,49.77273,0.95455,0.93,0.653691,-0.133634,13.249008,0.000173,1649,-0.01,0.04686,0.00316,-0.00029,0.04358,0.69327
2538,2598912,32.79361,50.72727,1.0,0.95,0.80952,0.069081,12.072019,0.00115,1798,-0.01,0.04824,-0.0008,-0.00021,0.02283,0.32716
2539,2599936,31.54195,61.40741,0.85185,0.94,0.751317,0.000269,10.851204,0.000196,1674,-0.01,0.04562,0.00553,0.0008,0.04702,0.74354
2540,2600960,37.7672,33.82609,1.0,0.95,0.74832,0.000115,6.716509,0.000327,1651,-0.01,0.04854,0.00465,-0.00044,0.05251,0.76652
2541,2601984,30.82068,55.1,0.9,0.93,0.765286,-0.041974,11.099594,0.000188,1737,-0.01,0.0473,0.00355,-0.00076,0.03882,0.55538
2542,2603008,36.72441,37.8,1.0,0.94,0.660758,-0.072336,8.683728,0.000168,1632,-0.01,0.04859,0.00466,0.00062,0.04589,0.81498
2543,2604032,34.45495,43.36842,0.94737,0.96,0.784741,-0.028381,8.747252,0.000326,1667,-0.01,0.04875,0.00292,0.0003,0.03903,0.57837
2544,2605056,33.03168,54.57895,0.89474,0.95,0.701863,0.014112,8.087273,0.000235,1720,-0.01,0.04883,0.00237,0.00084,0.03992,0.55186
2545,2606080,31.17069,57.32,0.84,0.91,0.738682,0.117004,16.622359,0.00015,1691,-0.01,0.04758,0.00597,0.00051,0.04864,0.71003
2546,2607104,32.36542,32.15,0.95,0.92,0.768039,0.000218,14.67139,0.000314,1704,-0.01,0.04849,0.00415,8e-05,0.03831,0.59437
2547,2608128,32.33596,60.68421,0.89474,0.9,0.839385,-0.00019,11.691291,0.000383,1700,-0.01,0.04706,0.00154,0.00015,0.03366,0.5372
2548,2609152,33.66982,44.93103,0.93103,0.9,0.604585,-0.043022,8.849392,0.000207,1638,-0.01,0.04548,0.00845,0.00129,0.0576,0.87788
2549,2610176,33.84466,32.78261,1.0,0.93,0.695361,6e-06,14.717101,0.000141,1695,-0.01,0.04827,0.00536,0.00039,0.0482,0.72569
2550,2611200,32.58964,44.16,0.92,0.94,0.765943,-0.102115,11.899313,0.000233,1668,-0.01,0.04726,0.00483,0.00075,0.04563,0.73639
2551,2612224,34.28862,38.85714,1.0,0.97,0.628486,0.005859,14.154881,0.000423,1679,-0.01,0.04777,0.00728,0.00225,0.0596,0.91444
2552,2613248,33.9905,37.5,0.96875,0.97,0.627468,0.036607,12.036801,0.00021,1654,-0.01,0.04757,0.00877,0.00145,0.06198,1.02378
2553,2614272,36.45516,30.0,1.0,0.99,0.603107,-0.000482,7.594857,0.000104,1622,-0.01,0.04749,0.00801,0.00207,0.06271,1.01702
2554,2615296,34.69117,31.19048,0.95238,0.98,0.720829,0.00047,9.988329,0.000242,1711,-0.01,0.04887,0.00429,0.00016,0.0423,0.65762
2555,2616320,33.27773,54.83333,0.88889,0.96,0.795148,0.024208,6.915512,0.000287,1683,-0.01,0.04927,0.00193,-0.00025,0.03722,0.5251
2556,2617344,31.29748,57.41176,0.88235,0.94,0.801704,0.001089,9.757811,0.00035,1792,-0.01,0.04862,0.00112,0.00018,0.02907,0.4869
2557,2618368,29.29425,68.25,0.75,0.92,0.804429,-0.086768,11.62804,0.000185,1880,-0.01,0.04784,-0.00015,-0.00042,0.02829,0.32936
2558,2619392,31.0652,64.0,0.84615,0.88,0.767763,0.024877,14.315474,0.000452,1706,-0.01,0.04733,0.00391,0.00103,0.04246,0.73779
2559,2620416,35.74697,37.92593,0.96296,0.88,0.69782,0.000702,11.01758,0.000827,1609,-0.01,0.0478,0.00661,0.00073,0.05764,0.86056
2560,2621440,35.25931,31.92857,0.92857,0.89,0.82322,-0.014781,8.819691,0.000132,1712,-0.01,0.05014,-0.00016,-0.00142,0.02804,0.44179
2561,2622464,29.69823,71.125,0.8125,0.87,0.83471,0.000395,8.276504,0.000484,1757,-0.01,0.04778,4e-05,-0.00052,0.02907,0.40251
2562,2623488,33.12173,57.78571,0.89286,0.91,0.739338,-0.026257,17.205857,0.000317,1624,-0.01,0.04613,0.00633,0.00131,0.05345,0.81043
2563,2624512,33.90439,32.29167,0.95833,0.91,0.726421,-0.000831,12.936013,0.000189,1694,-0.01,0.04747,0.00522,0.00105,0.04546,0.74803
2564,2625536,31.46319,41.16667,0.83333,0.89,0.821786,-0.000189,10.677121,0.000229,1740,-0.01,0.048,0.0006,-0.00014,0.03009,0.5047
2565,2626560,34.10229,57.3913,0.91304,0.9,0.719261,-0.000635,8.321767,0.000389,1786,-0.01,0.04526,0.00558,0.00084,0.04829,0.7386
2566,2627584,32.41531,47.28571,0.95238,0.93,0.703452,9.9e-05,13.09669,9.9e-05,1821,-0.01,0.04914,0.00325,0.00078,0.04489,0.65494
2567,2628608,31.69604,50.16667,0.91667,0.92,0.873158,0.016324,7.188993,0.00098,1804,-0.01,0.04958,-0.00129,-0.00058,0.0215,0.33052
2568,2629632,27.15487,117.41667,0.66667,0.88,0.890014,-0.000259,8.592639,0.00035,1780,-0.01,0.0493,-0.00244,-0.00117,0.019,0.24783
2569,2630656,34.87135,52.76923,0.92308,0.87,0.870348,-0.000245,8.063915,5.3e-05,1735,-0.01,0.0506,-0.0012,-0.00087,0.0275,0.3919
2570,2631680,28.87139,76.78947,0.73684,0.86,0.783261,-0.000625,11.657322,0.00022,1725,-0.01,0.04884,0.00088,0.00026,0.03415,0.46429
2571,2632704,35.02529,38.61538,0.96154,0.87,0.72746,-0.000569,9.136851,0.000234,1726,-0.01,0.04706,0.00467,0.00131,0.05178,0.82989
2572,2633728,33.70436,37.85185,0.92593,0.86,0.66832,-0.03056,11.496382,0.000549,1743,-0.01,0.04683,0.0077,0.0016,0.05968,0.8783
2573,2634752,34.40434,35.97059,0.94118,0.92,0.641907,-0.066397,11.176127,0.00048,1600,-0.01,0.04695,0.00902,0.00083,0.06384,1.08063
2574,2635776,35.6457,28.8,1.0,0.95,0.649245,0.029672,10.545032,0.000177,1626,-0.01,0.04853,0.00446,6e-05,0.05173,0.80313
2575,2636800,32.92923,45.53846,0.84615,0.94,0.822578,0.018963,10.98568,0.000682,1780,-0.01,0.04992,-0.0014,-0.00034,0.02151,0.37444
2576,2637824,30.0333,70.68421,0.84211,0.92,0.765014,0.000113,7.914479,0.000281,1726,-0.01,0.04871,0.00163,-0.00015,0.04029,0.49015
2577,2638848,33.53261,52.2,0.9,0.92,0.799479,-0.000402,8.986977,0.000205,1718,-0.01,0.0493,0.00085,-0.00014,0.03214,0.58424
2578,2639872,33.50228,48.90909,0.86364,0.9,0.777086,-0.000185,9.851736,0.000538,1718,-0.01,0.04763,0.00238,-0.00021,0.04254,0.64243
2579,2640896,29.14221,57.35294,0.82353,0.87,0.781275,-0.000219,17.997727,7.9e-05,1735,-0.01,0.04895,0.00244,-8e-05,0.03544,0.43436
2580,2641920,30.84653,48.6,0.9,0.87,0.809376,0.000193,12.565299,0.000498,1803,-0.01,0.04769,0.00125,0.00035,0.03406,0.55921
2581,2642944,33.34871,51.90476,0.90476,0.88,0.811162,-0.088605,12.855308,0.000201,1556,-0.01,0.04697,0.00225,0.00036,0.04011,0.61375
2582,2643968,32.42059,59.95238,0.90476,0.88,0.769397,-0.000401,10.502195,0.000182,1742,-0.01,0.04636,0.0026,0.00062,0.04431,0.60063
2583,2644992,33.38874,40.33333,0.90476,0.89,0.81059,-9.9e-05,10.277542,0.000121,1762,-0.01,0.04844,0.00177,0.00059,0.03488,0.6274
2584,2646016,34.02245,49.63636,0.90909,0.91,0.80595,-0.000274,8.581814,0.000288,1704,-0.01,0.04654,0.00288,0.00042,0.04413,0.65225
2585,2647040,36.41005,39.26923,0.96154,0.93,0.727971,-0.000438,6.833686,0.000475,1662,-0.01,0.04918,0.00607,0.00022,0.05854,0.83079
2586,2648064,33.17958,48.625,0.9375,0.92,0.847194,9.8e-05,11.09985,0.000103,1752,-0.01,0.04893,-0.00043,-0.0009,0.02776,0.46984
2587,2649088,31.72879,56.64706,0.82353,0.91,0.829794,3.4e-05,9.781007,0.000339,1743,-0.01,0.04804,0.00067,0.00034,0.03203,0.46751
2588,2650112,33.68404,48.58333,0.91667,0.91,0.753452,-0.000355,8.381724,0.000288,1724,-0.01,0.0479,0.00454,0.00056,0.05071,0.71264
2589,2651136,34.14726,51.3913,0.95652,0.93,0.747786,-5.3e-05,11.71016,8e-05,1787,-0.01,0.04748,0.00332,0.00046,0.04405,0.72366
2590,2652160,33.31665,52.90909,0.90909,0.92,0.854451,0.000269,7.879905,0.000279,1856,-0.01,0.04956,-0.00199,-0.00017,0.02176,0.33083
2591,2653184,32.27401,76.84211,0.84211,0.9,0.817489,-0.000372,9.506923,7.8e-05,1735,-0.01,0.04783,0.00279,0.00063,0.03697,0.51458
2592,2654208,33.71325,42.75,0.95,0.91,0.718451,0.058192,8.474495,3.8e-05,1742,-0.01,0.04953,0.00204,-0.00012,0.04103,0.60824
2593,2655232,34.30586,49.34783,0.91304,0.92,0.788052,-0.0,9.737226,0.000102,1703,-0.01,0.04904,0.00257,0.00018,0.04323,0.68317
2594,2656256,31.31944,49.77273,0.86364,0.9,0.7089,-0.033292,8.766585,0.000115,1701,-0.01,0.04533,0.00373,-0.00013,0.03961,0.6156
2595,2657280,31.91991,49.26316,0.94737,0.91,0.81005,-0.000255,10.055919,5.5e-05,1613,-0.01,0.04604,0.00318,-0.00017,0.0399,0.54328
2596,2658304,33.36716,51.33333,0.90476,0.91,0.761022,0.022281,8.096718,0.000326,1661,-0.01,0.04834,0.0025,-3e-05,0.03659,0.61217
2597,2659328,33.43714,64.66667,0.86667,0.9,0.884112,-0.048481,13.524255,0.000159,1743,-0.01,0.04895,0.00142,-0.00058,0.03317,0.43365
2598,2660352,33.95803,39.60714,1.0,0.92,0.725361,-0.000497,12.30146,0.000397,1704,-0.01,0.04754,0.006,0.00105,0.05534,0.86827
2599,2661376,35.42175,38.55882,0.94118,0.94,0.653985,-0.000795,8.725179,0.000307,1623,-0.01,0.04707,0.00794,0.00147,0.06328,1.071
2600,2662400,37.47625,29.95833,1.0,0.96,0.643655,0.00177,5.788152,0.000122,1733,-0.01,0.04817,0.00625,0.00023,0.05813,0.85279
2601,2663424,32.46079,45.27586,0.89655,0.95,0.712342,-0.031261,9.377702,8.8e-05,1702,-0.01,0.04741,0.00706,0.00088,0.05139,0.8877
2602,2664448,36.25672,29.6087,1.0,0.96,0.699893,-0.000106,9.273357,7.6e-05,1694,-0.01,0.04799,0.00491,0.00106,0.04991,0.75674
2603,2665472,35.08215,38.79167,1.0,0.97,0.669728,-0.046644,10.302978,0.000152,1714,-0.01,0.04831,0.00453,0.00095,0.04556,0.80673
2604,2666496,29.88546,45.51613,0.87097,0.93,0.690659,-0.124645,12.826027,0.000264,1672,-0.01,0.04738,0.00796,0.00194,0.05738,0.87226
2605,2667520,35.58925,32.75,1.0,0.96,0.77032,0.000164,9.154361,0.000242,1746,-0.01,0.04943,0.00238,-0.00093,0.039,0.64068
2606,2668544,31.14354,71.18182,0.81818,0.94,0.883528,0.049063,8.213542,0.000335,1813,-0.01,0.05041,-0.00211,-0.00092,0.02278,0.2885
2607,2669568,30.64694,69.61111,0.83333,0.91,0.800943,-0.000547,8.217066,0.00027,1773,-0.01,0.04769,0.00199,0.00068,0.03994,0.47229
2608,2670592,35.08988,48.41667,0.91667,0.9,0.781536,-0.00023,9.809428,0.000813,1696,-0.01,0.0468,0.00309,-9e-05,0.04338,0.73173
2609,2671616,32.35439,50.25,0.91667,0.9,0.712491,-8.7e-05,11.49054,0.000219,1680,-0.01,0.04836,0.00508,0.00092,0.04651,0.69009
2610,2672640,36.17692,30.52381,1.0,0.91,0.785434,-0.07624,6.356423,0.000188,1692,-0.01,0.04922,0.00316,0.00069,0.044,0.68018
2611,2673664,32.06057,66.5,0.875,0.91,0.877686,-0.000489,8.784688,0.000327,1775,-0.01,0.04773,0.00016,0.0006,0.02752,0.44254
2612,2674688,32.48677,59.71429,0.90476,0.93,0.787543,-0.000133,13.863191,0.000116,1734,-0.01,0.04553,0.00376,0.00085,0.03951,0.60109
2613,2675712,33.87814,40.04348,0.95652,0.93,0.757664,0.015211,11.856773,0.000291,1738,-0.01,0.04582,0.00424,0.00153,0.03845,0.7306
2614,2676736,34.64294,47.42857,0.92857,0.93,0.670987,-0.000169,9.381081,0.000119,1653,-0.01,0.04771,0.00778,0.00096,0.05994,0.85052
2615,2677760,34.94931,30.75862,0.96552,0.94,0.686789,0.03004,11.103745,0.000105,1653,-0.01,0.04798,0.00563,0.0019,0.05718,0.91621
2616,2678784,35.59291,30.2,1.0,0.96,0.7907,-0.000995,8.661438,0.000297,1741,-0.01,0.04794,0.00289,0.00065,0.04155,0.64005
2617,2679808,34.70655,53.55556,0.88889,0.94,0.742534,2.5e-05,4.276054,0.000132,1651,-0.01,0.0456,0.00377,0.00084,0.05217,0.80438
2618,2680832,36.59967,38.0,0.96,0.95,0.684397,-0.000411,6.040673,0.000128,1673,-0.01,0.04752,0.00446,0.00101,0.05209,0.8056
2619,2681856,36.015,43.46667,0.93333,0.95,0.760888,0.000126,5.663864,0.000339,1814,-0.01,0.04985,0.00089,-0.00016,0.0381,0.48452
2620,2682880,31.10403,66.66667,0.77778,0.91,0.798127,0.000412,8.939019,0.000395,1799,-0.01,0.04897,0.00098,0.00016,0.03127,0.48175
2621,2683904,32.5525,57.43478,0.91304,0.9,0.774179,0.009499,10.786157,6.5e-05,1711,-0.01,0.0485,0.00358,0.00047,0.04138,0.65658
2622,2684928,36.56594,31.0,1.0,0.92,0.766635,0.035414,8.527042,0.000139,1826,-0.01,0.04918,-9e-05,0.00049,0.03435,0.50802
2623,2685952,31.99219,68.15,0.85,0.9,0.806902,0.000293,12.661021,0.000359,1822,-0.01,0.04664,0.00172,0.00069,0.03936,0.5877
2624,2686976,33.6831,42.44444,0.94444,0.89,0.923356,-0.022589,8.672556,0.001137,1771,-0.01,0.04667,0.00171,0.00041,0.0329,0.53951
2625,2688000,30.53969,61.11111,0.81481,0.89,0.766617,0.044667,12.549037,0.000124,1653,-0.01,0.04691,0.00595,0.0013,0.0456,0.7207
2626,2689024,35.12432,32.625,0.95833,0.9,0.692764,-0.013591,12.086092,0.000106,1697,-0.01,0.04744,0.00515,0.00094,0.0528,0.79398
2627,2690048,33.58562,43.35294,0.94118,0.91,0.839489,-4.4e-05,9.664766,0.000139,1736,-0.01,0.04857,0.00083,-9e-05,0.02862,0.50209
2628,2691072,32.78186,56.70588,0.94118,0.92,0.885242,0.006493,9.137119,0.000382,1741,-0.01,0.04304,0.00082,0.00011,0.03126,0.49213
2629,2692096,31.87015,59.72727,0.86364,0.89,0.741601,-0.048091,12.299921,0.000153,1765,-0.01,0.04419,0.00485,0.00106,0.05005,0.67213
2630,2693120,32.6547,46.95833,0.91667,0.92,0.739459,-0.057465,11.463345,0.000268,1778,-0.01,0.0482,0.0048,0.00129,0.05082,0.75449
2631,2694144,35.33656,34.53846,1.0,0.93,0.704334,-0.000244,10.480968,0.000139,1704,-0.01,0.04731,0.00538,0.00117,0.04885,0.83343
2632,2695168,34.34336,40.7619,0.95238,0.93,0.783996,-7e-05,9.048502,9.8e-05,1739,-0.01,0.04809,0.00308,0.00093,0.04166,0.63961
2633,2696192,32.48751,70.91667,0.83333,0.93,0.88318,0.060464,7.980696,0.000183,1779,-0.01,0.04747,-0.00135,0.00046,0.02185,0.32598
2634,2697216,30.29961,67.5,0.77778,0.91,0.891885,-0.000432,9.277011,0.000242,1775,-0.01,0.04214,0.00254,0.00085,0.03274,0.47731
2635,2698240,34.01718,47.88,0.92,0.91,0.753512,-0.000447,8.502849,0.000319,1677,-0.01,0.04677,0.00496,0.00066,0.04783,0.75119
2636,2699264,33.23974,37.36,0.88,0.88,0.828882,0.000319,9.324401,0.000271,1672,-0.01,0.04286,0.00448,0.00105,0.04726,0.73886
2637,2700288,33.13667,48.51852,0.88889,0.88,0.615114,-0.045632,11.329792,0.000137,1652,-0.01,0.04597,0.0068,0.00131,0.05653,0.79676
2638,2701312,35.80652,31.17391,1.0,0.92,0.734702,0.000187,7.918949,0.000275,1705,-0.01,0.0471,0.00338,0.00071,0.04307,0.73867
2639,2702336,32.92533,60.77273,0.90909,0.92,0.770099,6.6e-05,10.375404,0.000296,1727,-0.01,0.04408,0.00352,0.00064,0.0407,0.63679
2640,2703360,34.05747,37.22727,0.95455,0.93,0.741401,-5e-06,12.277333,4.5e-05,1684,-0.01,0.04779,0.00523,0.00176,0.04264,0.67155
2641,2704384,33.91681,43.32258,0.93548,0.95,0.673707,-0.000635,10.649449,0.000155,1682,-0.01,0.04631,0.00737,0.00102,0.06077,0.95786
2642,2705408,32.35486,32.85185,0.96296,0.94,0.678451,-0.053796,15.173427,7.5e-05,1664,-0.01,0.04505,0.00708,0.00149,0.05075,0.82551
2643,2706432,34.49663,39.95833,0.95833,0.95,0.759626,-0.000397,9.68191,3.6e-05,1705,-0.01,0.04181,0.00426,0.00119,0.04711,0.74648
2644,2707456,33.34382,41.35294,1.0,0.96,0.795889,0.129533,15.693983,0.000142,1797,-0.01,0.04748,0.00153,-5e-05,0.03565,0.52383
2645,2708480,29.183,52.95455,0.86364,0.93,0.845631,0.000749,13.578566,0.000506,1769,-0.01,0.04428,0.00436,0.00114,0.03706,0.58838
2646,2709504,34.15382,46.2963,0.92593,0.93,0.699025,0.000151,9.94541,7.4e-05,1694,-0.01,0.04861,0.00531,0.00126,0.05362,0.81576
2647,2710528,35.66682,46.0,0.92308,0.93,0.843251,0.000138,8.825058,0.000258,1798,-0.01,0.04906,-0.00074,0.00018,0.03102,0.40847
2648,2711552,29.39042,84.75,0.83333,0.91,0.893762,0.001052,8.018366,0.00049,1923,-0.01,0.0453,-0.001,-0.00044,0.02388,0.31634
2649,2712576,32.51279,59.81818,0.86364,0.89,0.886908,0.060497,14.063929,0.0008,1714,-0.01,0.04027,0.00482,0.00081,0.04001,0.63308
2650,2713600,30.3833,48.20833,0.91667,0.9,0.717036,0.001085,12.758583,0.000576,1768,-0.01,0.04539,0.00473,0.00101,0.04873,0.69208
2651,2714624,35.24758,39.24138,0.96552,0.91,0.668196,0.029893,9.11775,0.000254,1688,-0.01,0.0468,0.00838,0.00153,0.05775,0.94923
2652,2715648,34.26115,30.65385,0.96154,0.93,0.679643,0.000123,11.752642,0.000201,1676,-0.01,0.04822,0.00591,0.00173,0.05321,0.81344
2653,2716672,35.24415,38.53571,0.96429,0.95,0.724709,-0.000528,9.445328,0.000173,1674,-0.01,0.04526,0.00627,0.00199,0.05496,0.88936
2654,2717696,33.3806,39.07407,0.96296,0.96,0.660477,0.000214,13.958217,4.4e-05,1710,-0.01,0.04864,0.00578,0.00179,0.0521,0.83555
2655,2718720,35.51632,32.68421,1.0,0.97,0.707209,-0.066772,9.956091,7e-05,1714,-0.01,0.04803,0.00383,0.00055,0.04226,0.6021
2656,2719744,33.63188,61.55,0.9,0.96,0.720659,-0.001555,10.281124,0.000271,1745,-0.01,0.0472,0.00178,6e-05,0.03744,0.59931
2657,2720768,34.12839,47.30769,0.92308,0.95,0.86667,-0.000346,5.645815,0.000308,1950,-0.01,0.0451,0.00162,-7e-05,0.03019,0.44264
2658,2721792,32.6745,63.11111,0.85185,0.92,0.743315,-8.8e-05,8.144641,0.000201,1724,-0.01,0.04564,0.00625,0.00177,0.05679,0.81134
2659,2722816,36.54405,34.42857,1.0,0.93,0.734792,0.000182,8.045861,0.000157,1729,-0.01,0.0501,0.00348,0.00085,0.04594,0.68218
2660,2723840,34.525,53.10526,0.89474,0.91,0.780875,5.2e-05,6.79125,0.000258,1735,-0.01,0.04927,0.00104,0.00098,0.03462,0.56286
2661,2724864,34.35899,52.65217,0.95652,0.92,0.817888,-0.000449,10.313473,6.5e-05,1717,-0.01,0.0445,0.00359,0.00183,0.04495,0.69744
2662,2725888,34.29123,37.67742,0.96774,0.96,0.667188,0.009901,16.178739,0.000395,1664,-0.01,0.04773,0.00727,0.00233,0.0606,0.97253
2663,2726912,37.48352,38.0,1.0,0.96,0.724725,-0.058562,8.565899,0.00019,1691,-0.01,0.04963,0.00355,0.00126,0.05086,0.7495
2664,2727936,34.21261,46.04348,0.95652,0.97,0.697534,0.132497,12.139746,3.9e-05,1718,-0.01,0.04982,0.0033,0.00162,0.04558,0.71374
2665,2728960,34.88297,37.93333,1.0,0.98,0.810962,0.101951,8.16426,0.00019,1776,-0.01,0.04925,0.00053,-0.00063,0.03064,0.46634
2666,2729984,30.36219,68.78947,0.84211,0.96,0.836994,-1e-05,10.604999,0.000281,1774,-0.01,0.04602,0.00054,0.00082,0.03134,0.49591
2667,2731008,33.97002,51.54545,0.90909,0.94,0.743653,-0.000261,8.591556,5.7e-05,1696,-0.01,0.04628,0.00428,0.0005,0.04985,0.65208
2668,2732032,32.51237,42.84211,0.94737,0.93,0.764101,-0.000206,12.17826,0.000151,1771,-0.01,0.0491,0.0022,0.00116,0.03805,0.55909
2669,2733056,34.09549,64.25,0.91667,0.92,0.924747,-1.2e-05,8.807343,0.000383,1823,-0.01,0.04789,-0.00229,0.00018,0.01948,0.35424
2670,2734080,29.94233,62.66667,0.83333,0.89,0.758252,-0.000882,14.485366,0.000386,1745,-0.01,0.0421,0.00652,0.00158,0.04533,0.65514
2671,2735104,33.53636,40.84,0.96,0.92,0.665589,-0.039975,11.729413,0.000101,1707,-0.01,0.04703,0.00538,0.00107,0.04728,0.76879
2672,2736128,35.38297,42.47826,1.0,0.93,0.712737,-0.000127,11.482501,6.7e-05,1695,-0.01,0.04787,0.00449,0.00032,0.04879,0.72354
2673,2737152,33.90368,44.15789,0.94737,0.93,0.766296,-1.4e-05,10.734458,4.1e-05,1747,-0.01,0.04829,0.00241,-0.00016,0.03877,0.58087
2674,2738176,34.21307,49.78261,0.91304,0.95,0.839785,0.101632,12.957935,0.001787,1675,-0.01,0.04505,0.00421,0.00083,0.04445,0.71248
2675,2739200,34.17269,45.51852,0.92593,0.95,0.752609,0.002646,6.6963,0.000195,1662,-0.01,0.04545,0.00687,0.00086,0.05547,0.82575
2676,2740224,37.06568,34.86364,1.0,0.95,0.730071,0.060582,6.738221,9e-05,1362,-0.01,0.04913,0.00346,0.00149,0.04279,0.72161
2677,2741248,32.10795,50.59091,0.95455,0.95,0.69898,-0.000276,15.862948,8.3e-05,1113,-0.01,0.04702,0.00483,0.00115,0.04418,0.68379
2678,2742272,33.80075,43.31579,0.94737,0.95,0.792717,-0.000585,9.93502,7.9e-05,1200,-0.01,0.04631,0.00323,0.00104,0.04153,0.59236
2679,2743296,32.96224,55.34615,0.88462,0.95,0.791316,0.053191,8.905518,9.8e-05,1122,-0.01,0.04322,0.00573,0.00092,0.04638,0.74624
2680,2744320,36.59404,29.53846,1.0,0.95,0.81085,-7.9e-05,8.547032,8e-05,1188,-0.01,0.04927,-0.00126,-0.00127,0.03151,0.42157
2681,2745344,31.28076,77.875,0.8125,0.92,0.846878,-0.065336,7.048661,0.000708,1647,-0.01,0.04589,-0.00041,-1e-05,0.02425,0.42808
2682,2746368,34.61102,53.38462,0.92308,0.91,0.693097,-0.049153,10.104749,7.3e-05,1626,-0.01,0.04537,0.00611,0.00088,0.05278,0.79924
2683,2747392,34.19939,39.69231,0.96154,0.92,0.726954,-0.015459,6.717933,9e-05,1649,-0.01,0.04698,0.00465,0.00144,0.05392,0.79782
2684,2748416,35.52348,34.92857,1.0,0.94,0.647282,-0.18793,12.772599,0.000177,1478,-0.01,0.04791,0.00542,0.001,0.05549,0.90602
2685,2749440,35.75597,41.38889,0.94444,0.96,0.755247,0.007857,7.865291,9.7e-05,1454,-0.01,0.04643,0.00206,0.00066,0.03952,0.58209
2686,2750464,25.90536,106.0,0.66667,0.94,0.960318,-3.1e-05,6.660728,0.00039,1479,-0.01,0.04412,-0.00291,-0.00044,0.00997,0.12948
2687,2751488,28.1855,90.72222,0.72222,0.91,0.815709,0.000336,6.819158,0.000595,1486,-0.01,0.04315,0.00218,0.00121,0.03015,0.42661
2688,2752512,32.95891,49.21739,0.91304,0.9,0.74521,-0.094422,13.309003,2.8e-05,1494,-0.01,0.04683,0.00452,0.00123,0.05183,0.69785
2689,2753536,33.20201,44.8125,1.0,0.9,0.802577,0.000949,12.941227,8.8e-05,1443,-0.01,0.04594,0.00287,0.00063,0.03016,0.48988
2690,2754560,32.61357,54.96154,0.96154,0.9,0.754313,0.000259,14.10834,0.000108,1456,-0.01,0.04692,0.00558,0.00123,0.05032,0.76833
2691,2755584,35.70837,32.62857,0.97143,0.96,0.636357,0.015878,13.940424,0.000456,1425,-0.01,0.04704,0.00823,0.00249,0.06323,1.12846
2692,2756608,36.21011,30.0,1.0,0.97,0.771067,-0.051979,9.127247,4.7e-05,1436,-0.01,0.04809,0.00653,0.00066,0.05118,0.71444
2693,2757632,33.0533,50.66667,0.94444,0.97,0.831056,0.000435,11.492353,0.00027,1516,-0.01,0.04156,0.00251,0.00053,0.03629,0.54374
2694,2758656,33.43301,52.41176,0.94118,0.97,0.788811,0.00016,10.138665,0.000222,1464,-0.01,0.04687,0.00247,0.00012,0.03305,0.53746
2695,2759680,30.07693,69.125,0.75,0.93,0.8479,-0.000316,11.090131,0.000178,1502,-0.01,0.04918,0.00126,0.00011,0.02887,0.41973
2696,2760704,34.31054,54.72,0.92,0.92,0.719437,-0.000327,11.285258,0.000246,1596,-0.01,0.04408,0.00602,0.00139,0.05514,0.81011
2697,2761728,34.28153,38.24138,0.96552,0.91,0.623427,2.5e-05,12.034494,0.0003,1535,-0.01,0.04755,0.00945,0.00202,0.06127,0.94257
2698,2762752,35.25232,30.68966,1.0,0.93,0.630517,-0.000716,12.18413,0.000152,1460,-0.01,0.04578,0.00789,0.00178,0.0572,0.9438
2699,2763776,35.07808,36.64706,0.97059,0.98,0.662132,-7e-06,5.213911,7.5e-05,1593,-0.01,0.04403,0.00851,0.00205,0.06338,1.06435
2700,2764800,35.90428,29.5,1.0,0.98,0.630765,-0.05516,9.689075,9.4e-05,1522,-0.01,0.04742,0.00779,0.00122,0.06327,0.91696
2701,2765824,33.22413,32.8,1.0,0.99,0.754106,-7.8e-05,10.414991,0.000122,1728,-0.01,0.04805,0.00144,-0.00011,0.03813,0.61349
2702,2766848,33.55766,55.91667,0.91667,0.97,0.688881,-0.06626,8.99217,5.6e-05,1680,-0.01,0.04789,0.00445,0.00109,0.04672,0.71558
2703,2767872,33.82622,39.52174,0.91304,0.96,0.71144,-0.074471,8.903199,0.000155,1710,-0.01,0.04584,0.00618,0.00133,0.05023,0.71914
2704,2768896,30.83292,60.91667,0.91667,0.95,0.846405,-0.000208,9.795381,0.000202,1789,-0.01,0.05,-0.0016,-0.00053,0.01878,0.32795
2705,2769920,30.46975,103.28571,0.92857,0.94,0.926836,-0.000985,11.504521,0.00052,1801,-0.01,0.04239,0.00176,6e-05,0.02515,0.36386
2706,2770944,34.66152,55.5,0.9,0.93,0.88614,3.8e-05,8.357516,0.000436,1804,-0.01,0.04529,-0.00102,-0.00084,0.02207,0.29992
2707,2771968,30.19457,84.1875,0.8125,0.9,0.934681,-0.047767,10.450457,0.000153,1764,-0.01,0.04415,0.00229,-0.00047,0.02676,0.40996
2708,2772992,33.07637,48.77778,0.94444,0.91,0.864406,-0.052283,14.549315,0.000374,1763,-0.01,0.0415,0.00408,0.00024,0.03686,0.53801
2709,2774016,32.54338,54.0,0.89474,0.9,0.79234,-1e-06,12.618731,0.000158,1720,-0.01,0.04616,0.00215,0.00032,0.03575,0.5447
2710,2775040,32.62289,52.78947,0.89474,0.9,0.81372,0.000165,8.795369,8.7e-05,1708,-0.01,0.04299,0.00341,0.00058,0.03714,0.54174
2711,2776064,32.42494,59.86364,0.90909,0.89,0.70408,-0.000473,12.087114,4.5e-05,1622,-0.01,0.04604,0.00439,0.00122,0.04457,0.63326
2712,2777088,36.80621,30.52941,1.0,0.91,0.802389,-0.000153,8.698297,5.5e-05,1494,-0.01,0.04929,0.00148,-0.00057,0.03269,0.57567
2713,2778112,27.57771,68.69565,0.73913,0.88,0.760633,0.097809,17.948918,0.000179,1321,-0.01,0.04746,0.00386,0.00128,0.04248,0.56002
2714,2779136,34.71064,38.3,0.93333,0.9,0.643764,-0.040708,10.942953,0.00027,1326,-0.01,0.04694,0.0067,0.00157,0.05489,0.93059
2715,2780160,36.66091,30.31818,1.0,0.92,0.674051,-0.000151,10.287471,3.7e-05,1560,-0.01,0.04916,0.00556,0.001,0.05149,0.7371
2716,2781184,33.82644,54.5625,0.9375,0.91,0.812401,-0.044193,7.12203,0.000389,1662,-0.01,0.04844,0.00177,-0.0005,0.02882,0.51601
2717,2782208,32.57732,57.54167,0.875,0.92,0.732235,6e-05,8.172117,5.2e-05,1611,-0.01,0.04809,0.00504,0.00047,0.05088,0.67427
2718,2783232,32.86767,40.38462,0.92308,0.92,0.697023,-0.000256,16.671216,0.00013,1654,-0.01,0.04914,0.00536,0.00114,0.04653,0.77599
2719,2784256,35.93841,30.63158,1.0,0.94,0.703293,0.01831,9.811979,8.1e-05,1666,-0.01,0.04767,0.00292,-0.00015,0.04024,0.61423
2720,2785280,33.49679,55.19231,0.88462,0.92,0.766954,0.000111,6.772092,5.6e-05,1594,-0.01,0.04434,0.006,0.00143,0.05134,0.75296
2721,2786304,35.53308,38.52,0.96,0.94,0.707389,-0.000411,8.814707,5e-05,1673,-0.01,0.04627,0.00555,0.00068,0.05197,0.81097
2722,2787328,35.72021,42.76471,0.94118,0.93,0.786398,-0.00039,6.950691,9.2e-05,1835,-0.01,0.04763,0.00195,-0.00041,0.03719,0.58431
2723,2788352,34.35281,54.75,0.91667,0.93,0.732635,-0.029814,8.191343,0.000129,1593,-0.01,0.04733,0.00543,0.00115,0.05018,0.75012
2724,2789376,34.929,44.48,0.96,0.94,0.670811,-0.000345,10.728335,9.9e-05,1628,-0.01,0.04879,0.005,0.001,0.04879,0.78285
2725,2790400,31.87851,52.17647,0.88235,0.93,0.757294,-0.046344,9.705173,0.000248,1818,-0.01,0.0462,0.00299,-0.00039,0.03653,0.5208
2726,2791424,29.60791,55.15789,0.78947,0.9,0.950585,0.060401,14.132008,0.000253,1673,-0.01,0.04199,0.00356,0.00098,0.03549,0.51949
2727,2792448,30.61378,44.18182,0.90909,0.89,0.758372,0.024984,17.717808,0.000105,1580,-0.01,0.04626,0.00481,9e-05,0.03482,0.62555
2728,2793472,34.15083,52.36364,0.95455,0.9,0.705462,-0.057493,11.907092,0.000187,1545,-0.01,0.04775,0.00464,0.00136,0.04687,0.66355
2729,2794496,32.97023,47.42857,0.92857,0.9,0.899075,0.135303,14.67394,9.1e-05,1627,-0.01,0.04838,0.00055,-0.00051,0.02534,0.41415
2730,2795520,29.52593,102.66667,0.77778,0.88,0.933214,-6e-05,10.659441,0.000544,1475,-0.01,0.04498,-0.00127,-0.00051,0.01902,0.21712
2731,2796544,29.2011,91.125,0.75,0.86,0.901657,-0.000419,8.695516,0.000106,1684,-0.01,0.04459,0.00238,0.00059,0.03013,0.39717
2732,2797568,34.96103,45.5,0.95,0.89,0.811769,-6.3e-05,16.850339,0.000306,1693,-0.01,0.04644,0.00381,0.00021,0.03739,0.6128
2733,2798592,32.77723,53.47619,0.95238,0.91,0.7531,-0.054343,11.655941,0.000208,1725,-0.01,0.04192,0.00466,-0.00025,0.03967,0.6189
2734,2799616,35.24312,42.31818,0.95455,0.9,0.745625,-0.0002,9.762079,8.5e-05,1728,-0.01,0.04751,0.00465,0.00085,0.04225,0.69231
2735,2800640,34.65777,51.65385,0.96154,0.93,0.799316,0.072478,10.788661,0.000126,1542,-0.01,0.04737,0.0067,0.00146,0.05227,0.79402
2736,2801664,35.86841,30.22727,1.0,0.96,0.737553,-0.000238,9.836019,3.7e-05,1676,-0.01,0.04946,0.00484,0.00075,0.04617,0.7099
2737,2802688,35.95703,52.48,1.0,0.97,0.748094,-0.048708,12.292913,3.2e-05,1579,-0.01,0.0466,0.00516,0.00124,0.04914,0.79496
2738,2803712,34.00275,30.2,0.9,0.97,0.83221,-0.000252,9.864257,0.000119,1767,-0.01,0.04692,-0.0009,-0.00085,0.02013,0.30141
2739,2804736,22.46693,175.66667,0.5,0.95,0.977775,0.000235,6.641351,0.000406,1783,-0.01,0.04348,-0.0031,-0.00181,0.00863,0.09211
2740,2805760,28.86943,73.2,0.8,0.91,0.80158,-6.2e-05,10.49565,3.5e-05,1720,-0.01,0.04397,0.00535,0.00075,0.03804,0.64994
2741,2806784,35.48075,29.1,0.95,0.9,0.783927,-0.095481,13.359717,0.000318,1681,-0.01,0.04617,0.00468,0.00062,0.04687,0.63358
2742,2807808,34.51831,55.61905,1.0,0.9,0.805291,0.0004,11.500722,6.3e-05,1715,-0.01,0.04147,0.00461,0.00155,0.04035,0.64901
2743,2808832,35.41299,37.03333,0.96667,0.91,0.64085,-0.031593,7.508944,3e-05,1637,-0.01,0.04712,0.00839,0.00215,0.05922,0.9534
2744,2809856,34.63077,36.875,0.9375,0.96,0.628311,0.022802,8.654012,0.000236,1603,-0.01,0.04617,0.00833,0.00203,0.06131,0.99226
2745,2810880,35.79772,30.05556,1.0,0.97,0.815792,-4.2e-05,8.900374,6.1e-05,1771,-0.01,0.04276,0.00421,0.00046,0.03909,0.58338
2746,2811904,29.47429,66.84211,0.78947,0.93,0.769379,-0.057037,9.347647,0.000555,1677,-0.01,0.04028,0.00294,0.00102,0.03041,0.49224
2747,2812928,34.21403,42.58621,0.96552,0.93,0.713624,-0.004516,10.845212,5.7e-05,1651,-0.01,0.04595,0.00789,0.00176,0.05723,0.90606
2748,2813952,36.28923,35.7931,1.0,0.95,0.655965,-0.000411,10.427677,9.7e-05,1648,-0.01,0.04854,0.00707,0.00236,0.05968,0.94284
2749,2814976,35.68755,35.0,1.0,0.96,0.635484,0.069651,10.179784,0.00022,1636,-0.01,0.04794,0.00631,0.00207,0.05927,0.93759
2750,2816000,32.46033,37.73684,0.94737,0.98,0.698905,0.000336,15.24379,8.8e-05,1752,-0.01,0.04855,0.00348,0.00097,0.03692,0.58415
2751,2817024,32.83172,55.84211,0.89474,0.97,0.792299,0.000251,6.85291,0.000139,1751,-0.01,0.04737,0.00199,0.00029,0.03592,0.5543
2752,2818048,31.05185,53.54167,0.83333,0.93,0.829401,-0.000388,11.137377,6.5e-05,1697,-0.01,0.04239,0.00465,0.00137,0.04055,0.68493
2753,2819072,33.12186,42.31818,0.95455,0.92,0.759416,0.009759,11.073603,3.4e-05,1731,-0.01,0.04655,0.00366,0.0001,0.04404,0.66877
2754,2820096,37.30344,44.88235,1.0,0.92,0.753241,0.002557,8.666565,0.000113,1744,-0.01,0.04825,0.00305,0.00021,0.04346,0.57515
2755,2821120,33.11967,41.85,0.95,0.92,0.859057,-0.045102,9.212905,7.9e-05,1733,-0.01,0.04512,0.00257,0.00024,0.03645,0.60353
2756,2822144,30.19541,58.44,0.84,0.92,0.742407,-0.000161,13.182992,2.1e-05,1729,-0.01,0.04411,0.00537,0.00114,0.04565,0.68225
2757,2823168,34.24368,39.48,0.96,0.93,0.7631,-0.00013,11.225241,6e-05,1726,-0.01,0.04351,0.00523,0.00128,0.04837,0.80913
2758,2824192,34.00337,43.8125,0.9375,0.93,0.903243,0.077936,10.668425,0.000207,1659,-0.01,0.0404,0.00194,0.00046,0.0346,0.49363
2759,2825216,33.57568,58.57143,0.95238,0.92,0.803788,0.000157,10.401231,6.3e-05,1759,-0.01,0.04727,0.00444,0.00091,0.03701,0.64881
2760,2826240,33.11764,50.61111,0.94444,0.94,0.81301,0.000126,12.007196,4e-05,1678,-0.01,0.0467,0.00251,0.00029,0.03639,0.53346
2761,2827264,25.52229,62.875,0.75,0.91,0.81844,4.1e-05,13.786893,0.000157,1865,-0.01,0.0396,0.00275,0.00061,0.02783,0.38933
2762,2828288,31.71006,58.25,0.9,0.9,0.840412,0.077772,11.263034,0.000221,1737,-0.01,0.04522,0.00294,0.00085,0.03613,0.56309
2763,2829312,33.63197,50.68182,0.90909,0.9,0.753693,-7.7e-05,13.305775,0.00011,1677,-0.01,0.04636,0.00504,0.00184,0.04369,0.658
2764,2830336,35.71129,38.68,1.0,0.91,0.682254,-0.123046,14.205618,0.000202,1633,-0.01,0.04769,0.00465,0.00102,0.05489,0.82432
2765,2831360,35.13015,42.0,0.94444,0.91,0.774403,0.068038,8.94639,3.6e-05,1714,-0.01,0.04856,0.00109,0.0011,0.03804,0.56385
2766,2832384,30.54229,66.0,0.89474,0.94,0.830509,0.021671,11.053827,0.000196,1770,-0.01,0.04515,0.00104,0.00129,0.03074,0.51001
2767,2833408,35.00873,43.66667,1.0,0.95,0.722912,-0.008169,11.735812,4e-05,1691,-0.01,0.04815,0.00438,0.001,0.04689,0.7553
2768,2834432,34.53545,47.83333,0.95833,0.96,0.805096,-0.014572,15.46263,0.00026,1694,-0.01,0.04476,0.00616,0.00041,0.04828,0.76122
2769,2835456,34.7458,42.35714,0.96429,0.96,0.705967,0.00265,9.182926,0.000118,1589,-0.01,0.04717,0.00655,0.00146,0.06117,0.892
2770,2836480,35.20089,29.83871,0.96774,0.97,0.6973,-0.007694,10.123848,2.6e-05,1513,-0.01,0.04843,0.0071,0.00174,0.06378,0.99554
2771,2837504,36.18907,30.11111,1.0,0.97,0.747918,-0.000251,7.645321,2.9e-05,1640,-0.01,0.04431,0.00611,0.00154,0.05148,0.88767
2772,2838528,32.21195,52.18182,0.90909,0.96,0.753096,0.033453,13.211618,0.000151,1654,-0.01,0.04646,0.00378,0.00104,0.04541,0.6423
2773,2839552,36.59226,29.52381,1.0,0.97,0.782749,0.040246,6.035416,6.8e-05,1779,-0.01,0.04855,0.00434,0.0013,0.04673,0.75143
2774,2840576,32.11566,68.76471,0.82353,0.94,0.799182,0.000121,8.538629,3e-05,1821,-0.01,0.04959,0.00085,0.00077,0.03756,0.48855
2775,2841600,32.04734,66.8,0.86667,0.93,0.953313,-0.062141,8.232501,0.00024,1798,-0.01,0.04253,0.00143,0.00061,0.02504,0.42463
2776,2842624,32.99448,56.92,0.92,0.91,0.772996,-0.000253,10.159689,2.5e-05,1646,-0.01,0.04212,0.00444,0.00106,0.05279,0.72865
2777,2843648,36.40829,29.94737,1.0,0.93,0.821782,-0.000143,9.65788,1.6e-05,1709,-0.01,0.04706,0.00255,-0.00021,0.03729,0.61829
2778,2844672,30.27117,80.64286,0.78571,0.9,0.886472,-0.055424,12.950689,0.000247,1785,-0.01,0.04358,-0.00071,0.00016,0.02895,0.36966
2779,2845696,33.81534,41.42105,0.94737,0.91,0.753781,0.085274,12.23155,5.9e-05,1771,-0.01,0.04316,0.00382,0.001,0.03774,0.61189
2780,2846720,31.71016,54.65385,0.84615,0.9,0.815671,-0.000436,13.07836,6.6e-05,1661,-0.01,0.04375,0.00612,0.00118,0.05029,0.73955
2781,2847744,35.6086,40.62963,0.96296,0.91,0.743981,-0.000935,10.156154,0.000203,1694,-0.01,0.04214,0.0059,0.00109,0.05506,0.88024
2782,2848768,33.58699,37.93103,0.93103,0.92,0.769835,0.006757,9.579508,0.000307,1640,-0.01,0.04296,0.00713,0.00172,0.05464,0.89925
2783,2849792,32.72363,40.92,0.96,0.94,0.702673,-0.000224,15.866435,0.000125,1712,-0.01,0.04595,0.00632,0.00174,0.05141,0.79063
2784,2850816,35.92382,30.89474,1.0,0.96,0.705521,-0.002192,6.566518,5.3e-05,1761,-0.01,0.04919,0.00187,0.00129,0.0424,0.63791
2785,2851840,33.5056,57.42857,0.90476,0.95,0.776628,-0.000314,7.187805,7.3e-05,1743,-0.01,0.0477,0.00284,0.00102,0.042,0.64354
2786,2852864,33.21729,52.52381,0.90476,0.94,0.785819,-0.000195,9.290347,7e-05,1807,-0.01,0.04723,0.00279,0.00199,0.04393,0.66658
2787,2853888,34.65783,44.0,0.95833,0.94,0.750179,-2.3e-05,10.20011,5.2e-05,1671,-0.01,0.04694,0.00288,0.0011,0.04667,0.7495
2788,2854912,36.10525,45.10526,0.94737,0.94,0.824103,0.00013,9.101798,2.9e-05,1724,-0.01,0.04421,0.00193,0.00048,0.04181,0.60158
2789,2855936,32.85831,50.0,0.91304,0.92,0.805804,2.4e-05,10.08233,4.7e-05,1716,-0.01,0.04573,0.0035,0.0013,0.04421,0.67555
2790,2856960,33.65571,47.66667,0.94444,0.93,0.843734,5.7e-05,10.952642,5.4e-05,1756,-0.01,0.04503,0.00102,0.00044,0.03313,0.53733
2791,2857984,29.95581,62.64286,0.85714,0.93,0.958831,-0.013399,15.093102,0.000269,1790,-0.01,0.04134,-0.00028,0.00066,0.02428,0.36981
2792,2859008,31.73151,61.95238,0.85714,0.91,0.807278,0.017866,11.979152,3.2e-05,1756,-0.01,0.04117,0.00297,0.00154,0.04038,0.59913
2793,2860032,33.17892,47.56,0.92,0.9,0.758043,0.131775,12.302592,0.000215,1633,-0.01,0.04741,0.00393,0.00067,0.05044,0.76364
2794,2861056,35.78359,40.08696,1.0,0.92,0.715482,-0.025164,11.506851,0.000108,1657,-0.01,0.04915,0.00342,0.00135,0.04912,0.76068
2795,2862080,34.38515,38.40741,0.96296,0.93,0.77665,0.015115,7.897557,4.3e-05,1659,-0.01,0.04584,0.00619,0.00136,0.05579,0.85256
2796,2863104,33.77698,41.73333,0.96667,0.97,0.668619,-0.009082,13.831404,6.3e-05,1641,-0.01,0.04679,0.0067,0.00143,0.05877,0.94085
2797,2864128,35.98812,30.25,0.95833,0.97,0.700488,0.093105,8.13744,4.4e-05,1643,-0.01,0.04866,0.00389,0.00165,0.05217,0.77819
2798,2865152,34.5291,49.59091,0.90909,0.95,0.775083,0.02639,6.864035,8.3e-05,1730,-0.01,0.04368,0.00262,0.00129,0.04438,0.70657
2799,2866176,31.27079,51.77778,0.83333,0.93,0.896443,0.008504,8.863609,0.000193,1736,-0.01,0.04597,0.00062,0.0007,0.03278,0.51955
2800,2867200,34.18784,44.96667,0.96667,0.93,0.67628,-5.8e-05,12.902027,2.8e-05,1667,-0.01,0.04683,0.00812,0.00228,0.05829,0.9521
2801,2868224,35.62482,30.6,1.0,0.94,0.661143,0.05102,8.229923,0.000154,1663,-0.01,0.04679,0.00542,0.00132,0.0526,0.86719
2802,2869248,33.91406,45.06897,0.96552,0.95,0.669312,8.4e-05,12.567445,0.000143,1464,-0.01,0.04741,0.0069,0.00157,0.06053,0.90254
2803,2870272,37.22567,29.9,1.0,0.99,0.678972,1.3e-05,6.235792,6.8e-05,1375,-0.01,0.0477,0.00644,0.00154,0.05979,0.99555
2804,2871296,36.62441,36.07143,1.0,0.99,0.700277,-0.049373,6.505871,4e-05,1438,-0.01,0.04728,0.00555,0.0016,0.06653,0.91819
2805,2872320,34.49847,38.52,0.92,0.98,0.714201,9.5e-05,13.035679,2e-05,1631,-0.01,0.04915,0.00447,0.00132,0.04554,0.79263
2806,2873344,33.67108,35.91304,0.91304,0.96,0.726778,0.147421,11.996638,0.000243,1609,-0.01,0.04799,0.00169,0.00133,0.04296,0.74238
2807,2874368,31.44332,56.33333,0.88889,0.94,0.787988,0.125079,16.410447,0.000153,1703,-0.01,0.04971,0.00042,5e-05,0.03533,0.51447
2808,2875392,33.58087,55.0,0.9,0.92,0.784129,-0.052201,9.651428,0.000253,1659,-0.01,0.04527,0.00289,0.00068,0.03861,0.6101
2809,2876416,32.84808,47.47826,1.0,0.92,0.76203,-0.004977,13.054678,7.8e-05,1606,-0.01,0.04533,0.00245,0.00134,0.04632,0.70266
2810,2877440,33.27053,40.69565,0.95652,0.94,0.816249,-0.001151,8.171596,0.000117,1460,-0.01,0.04655,0.00228,0.00127,0.04009,0.67984
2811,2878464,34.32446,51.77273,0.90909,0.94,0.77089,-0.000146,9.691018,0.000112,1374,-0.01,0.04738,0.00361,0.00142,0.04805,0.66147
2812,2879488,35.07074,43.34615,1.0,0.96,0.805926,0.082323,9.569048,4.7e-05,1444,-0.01,0.04616,0.00297,0.00189,0.04673,0.82205
2813,2880512,36.10939,39.2381,1.0,0.97,0.752194,-9.7e-05,10.410135,4.6e-05,1530,-0.01,0.04897,0.00242,0.0013,0.04517,0.6782
2814,2881536,33.02779,41.47619,0.95238,0.96,0.796396,-0.000521,11.740396,9.6e-05,1579,-0.01,0.04508,0.00289,0.00087,0.04077,0.62708
2815,2882560,31.68313,66.61111,0.83333,0.95,0.879742,-0.061831,6.56065,0.000154,1449,-0.01,0.04401,0.0016,-0.0001,0.0367,0.49358
2816,2883584,34.40596,53.09524,0.95238,0.95,0.853554,0.084531,10.35509,2.9e-05,1274,-0.01,0.04207,0.00313,0.00117,0.04226,0.63645
2817,2884608,34.58118,41.0,0.93333,0.93,0.690838,-0.019605,14.795849,0.000129,1493,-0.01,0.04645,0.00584,0.0019,0.06004,0.93825
2818,2885632,35.99726,30.5,1.0,0.94,0.661472,-0.000743,11.796741,0.000116,1541,-0.01,0.04771,0.00638,0.00109,0.06151,0.97846
2819,2886656,34.28108,37.05556,1.0,0.96,0.83413,-0.000155,12.822537,1.2e-05,1775,-0.01,0.04582,0.00166,-0.00037,0.03794,0.59634
2820,2887680,33.58399,50.71429,0.90476,0.96,0.733955,-0.010108,9.586083,5.7e-05,1635,-0.01,0.04541,0.00304,0.00094,0.04428,0.68667
2821,2888704,33.05826,56.46667,0.93333,0.97,0.863992,-9.1e-05,9.845724,3.2e-05,1700,-0.01,0.04916,-0.00194,-0.00099,0.03061,0.46696
2822,2889728,33.52947,68.72727,0.90909,0.95,0.899984,0.10842,7.285517,4e-05,1612,-0.01,0.04468,0.0017,0.00036,0.04246,0.65379
2823,2890752,35.9132,39.1,1.0,0.95,0.675496,-4.7e-05,12.941102,8.2e-05,1656,-0.01,0.04616,0.00717,0.0019,0.058,0.97735
2824,2891776,36.58641,30.52174,1.0,0.97,0.715478,0.080642,8.561182,0.00013,1636,-0.01,0.04812,0.0013,0.00088,0.04991,0.76583
2825,2892800,33.61919,64.92308,0.92308,0.97,0.830253,-0.03863,10.078395,0.000143,1802,-0.01,0.04809,-0.00142,0.00031,0.03076,0.39693
2826,2893824,35.45274,43.29412,0.94118,0.96,0.881979,0.029365,7.805288,0.000205,1722,-0.01,0.04761,-0.00124,0.00051,0.02931,0.53315
2827,2894848,30.41853,66.63158,0.84211,0.95,0.819298,-0.055813,8.505129,3.2e-05,1775,-0.01,0.04736,0.00139,0.0014,0.03627,0.51704
2828,2895872,32.74682,48.75,0.875,0.92,0.755973,1.2e-05,12.032351,7.9e-05,1749,-0.01,0.04736,0.00444,0.00138,0.04504,0.72706
2829,2896896,32.58119,52.2381,0.90476,0.9,0.77597,-0.000159,11.335543,4.5e-05,1703,-0.01,0.04472,0.00247,0.00091,0.04466,0.6083
2830,2897920,35.67215,46.0,0.92308,0.89,0.846845,0.054128,9.469671,0.000326,1797,-0.01,0.04899,-0.00163,-0.00044,0.02846,0.41277
2831,2898944,31.82909,71.52632,0.84211,0.88,0.824254,8.8e-05,8.129809,6.2e-05,1777,-0.01,0.04809,0.00073,0.00068,0.03633,0.51817
2832,2899968,34.04297,45.03333,0.93333,0.9,0.697419,-1.9e-05,9.603479,6.1e-05,1584,-0.01,0.04679,0.00462,0.0014,0.05624,0.91126
2833,2900992,35.25087,36.89655,0.96552,0.93,0.758271,0.049572,10.805642,7.6e-05,1537,-0.01,0.04572,0.00667,0.00148,0.05832,0.91916
2834,2902016,36.29289,32.42105,1.0,0.93,0.801298,-7.1e-05,11.604961,3.5e-05,1516,-0.01,0.04769,0.00039,0.00021,0.04069,0.61586
2835,2903040,33.02364,64.08333,0.91667,0.95,0.969481,-0.07546,8.282936,0.000136,1703,-0.01,0.04001,-0.00125,0.00015,0.02343,0.34527
2836,2904064,31.7942,73.92857,0.85714,0.95,0.88407,0.00021,11.322559,0.000101,1712,-0.01,0.04666,-0.00126,-0.00022,0.02734,0.38719
2837,2905088,33.77402,57.3125,0.875,0.94,0.920339,-0.000173,6.731458,6.1e-05,1743,-0.01,0.0422,-0.00023,0.00045,0.03091,0.47716
2838,2906112,28.27744,72.09524,0.7619,0.89,0.70858,-0.043866,11.499255,8e-06,1767,-0.01,0.04665,0.00309,0.00124,0.03759,0.5484
2839,2907136,32.97607,52.15,0.9,0.88,0.741721,0.010411,9.044684,1.2e-05,1856,-0.01,0.04835,0.00083,0.00089,0.04222,0.65001
2840,2908160,33.64183,47.0,0.92308,0.87,0.681833,-7e-05,11.800029,6.6e-05,1738,-0.01,0.04713,0.00569,0.00171,0.05248,0.82788
2841,2909184,31.92796,44.38889,0.88889,0.87,0.81582,0.079742,21.043027,8.5e-05,1766,-0.01,0.04828,-6e-05,0.00133,0.03231,0.52241
2842,2910208,29.85893,61.26316,0.89474,0.88,0.879136,-4e-06,13.984723,3.7e-05,1841,-0.01,0.04651,0.00053,0.00102,0.03892,0.53335
2843,2911232,31.81131,44.05,0.9,0.9,0.898639,0.025566,16.781772,0.000179,1751,-0.01,0.04299,0.00173,0.00022,0.03413,0.5804
2844,2912256,31.6113,61.25,0.9,0.9,0.822608,-0.000338,9.294995,3e-05,1747,-0.01,0.03969,0.00283,0.00102,0.04019,0.57038
2845,2913280,35.59712,36.66667,1.0,0.91,0.766633,0.001112,11.071264,4.7e-05,1756,-0.01,0.04766,0.00273,0.00099,0.04474,0.68964
2846,2914304,35.25733,46.15385,0.96154,0.94,0.654524,-0.053013,8.010642,2e-05,1653,-0.01,0.0476,0.00473,0.00242,0.05634,0.86246
2847,2915328,34.35827,36.73333,0.93333,0.94,0.686721,-8.1e-05,12.928958,3.6e-05,1616,-0.01,0.04726,0.00658,0.00205,0.05829,0.95691
2848,2916352,34.73125,41.38095,0.95238,0.96,0.772221,-0.087945,7.38685,1.2e-05,1740,-0.01,0.04685,0.0021,0.00066,0.04102,0.66706
2849,2917376,31.96988,49.22222,0.88889,0.94,0.873489,-0.000141,15.006118,0.000153,1741,-0.01,0.04395,0.00304,0.00062,0.0358,0.52914
2850,2918400,33.20626,49.30435,0.91304,0.93,0.7846,-6.1e-05,10.842925,5.7e-05,1647,-0.01,0.04536,0.00174,0.00067,0.04717,0.67037
2851,2919424,35.53253,37.25,1.0,0.94,0.877768,-0.000265,10.796055,3.1e-05,1477,-0.01,0.04651,0.00146,0.00107,0.03821,0.63421
2852,2920448,30.24011,65.21053,0.84211,0.92,0.858325,-0.089136,13.901675,9.5e-05,1588,-0.01,0.04587,0.00125,-0.00012,0.03318,0.52553
2853,2921472,33.97566,52.35,0.9,0.91,0.714459,0.038826,10.880267,2.7e-05,1609,-0.01,0.04855,0.00042,0.00087,0.03768,0.62415
2854,2922496,30.80212,49.63636,0.81818,0.9,0.88104,0.072537,9.295159,0.000273,1754,-0.01,0.04325,-0.00165,-0.00052,0.02359,0.30964
2855,2923520,31.34856,69.61538,0.88462,0.9,0.787523,-9.9e-05,12.502522,5.6e-05,1670,-0.01,0.04229,0.00369,0.00068,0.04825,0.72784
2856,2924544,33.75077,30.92593,0.96296,0.89,0.75924,0.014072,10.790879,0.000216,1681,-0.01,0.04705,0.00467,0.00088,0.04961,0.8326
2857,2925568,37.07188,41.36842,1.0,0.92,0.836207,-0.011573,9.162906,3.8e-05,1667,-0.01,0.0472,0.00187,0.00064,0.04354,0.62192
2858,2926592,34.85763,49.22727,0.90909,0.94,0.848708,-0.000214,6.569552,3.6e-05,1624,-0.01,0.04078,0.00301,0.00169,0.04601,0.68718
2859,2927616,32.88955,47.4,0.92,0.94,0.749966,0.177664,18.75745,4.4e-05,1526,-0.01,0.04424,0.00459,0.0014,0.04542,0.75123
2860,2928640,33.05718,39.3913,0.95652,0.94,0.757171,0.048429,9.861403,7.5e-05,1626,-0.01,0.04609,0.00299,0.00177,0.04594,0.68267
2861,2929664,34.6373,46.52,0.96,0.94,0.782839,-6.8e-05,11.726488,1.2e-05,1624,-0.01,0.04449,0.00484,0.00152,0.04987,0.78092
2862,2930688,33.67947,39.40741,0.96296,0.95,0.706959,-0.017843,8.352328,1.9e-05,1615,-0.01,0.04684,0.00466,0.00137,0.05118,0.83339
2863,2931712,32.46367,40.4,0.9,0.95,0.838707,-0.005246,10.100254,6.7e-05,1663,-0.01,0.04508,0.00094,0.00018,0.03868,0.58478
2864,2932736,31.87202,52.2381,0.90476,0.93,0.815714,0.027373,13.453788,5e-05,1681,-0.01,0.04456,0.0033,0.00083,0.0405,0.60372
2865,2933760,33.39873,45.03846,0.92308,0.93,0.738711,0.000167,13.610291,5.2e-05,1674,-0.01,0.04651,0.00475,0.00208,0.04916,0.81703
2866,2934784,32.61047,41.8,0.9,0.92,0.774621,0.00021,10.349064,1.3e-05,1728,-0.01,0.04917,0.00116,0.00064,0.03949,0.59354
2867,2935808,34.12184,57.46667,0.93333,0.91,0.910696,0.097225,9.956989,0.000323,1742,-0.01,0.04856,-0.00099,0.00017,0.03051,0.44201
2868,2936832,33.70651,56.04,0.92,0.92,0.808428,-0.023341,7.824058,3.4e-05,1432,-0.01,0.04443,0.00316,0.00152,0.04262,0.73743
2869,2937856,34.62615,42.4,0.95,0.92,0.749549,-0.054287,10.480295,4.4e-05,1645,-0.01,0.04572,0.00333,0.00152,0.04787,0.63151
2870,2938880,30.10627,49.73684,0.89474,0.92,0.789146,-0.018428,11.356522,3.6e-05,1811,-0.01,0.04334,0.00198,0.00051,0.03516,0.55833
2871,2939904,31.67463,53.69565,0.86957,0.91,0.786125,-0.148145,17.778686,5.5e-05,1740,-0.01,0.046,0.00251,0.0007,0.04287,0.67725
2872,2940928,33.58768,34.66667,0.94444,0.92,0.94076,-9.3e-05,11.322964,3.3e-05,1767,-0.01,0.03914,0.00228,0.00059,0.03338,0.55603
2873,2941952,31.92136,64.31579,0.89474,0.91,0.881801,0.00169,11.975496,0.000164,1820,-0.01,0.03887,0.00352,0.00171,0.03989,0.56712
2874,2942976,30.43213,53.4,0.9,0.9,0.795446,0.007142,9.816759,5e-05,1773,-0.01,0.04668,0.00128,-0.00039,0.0411,0.56442
2875,2944000,34.9496,40.95652,0.95652,0.91,0.889239,6.1e-05,8.605096,1.9e-05,1717,-0.01,0.04259,0.00234,0.00071,0.04135,0.72549
2876,2945024,34.12547,49.45455,0.90909,0.92,0.68559,0.004141,11.272733,7e-06,1674,-0.01,0.04833,0.00352,0.00129,0.04782,0.66936
2877,2946048,36.09295,37.42105,1.0,0.93,0.880764,0.114273,12.671604,0.000215,1785,-0.01,0.04758,0.00114,0.00124,0.03979,0.6477
2878,2947072,30.50604,58.17391,0.86957,0.93,0.722594,0.045164,20.270095,6.6e-05,1702,-0.01,0.04667,0.00304,0.00196,0.03998,0.64817
2879,2948096,32.89789,51.42857,0.90476,0.92,0.766119,-0.000155,9.273315,6.6e-05,1759,-0.01,0.04721,0.00224,0.00055,0.04617,0.62087
2880,2949120,34.00567,39.52381,0.90476,0.93,0.83333,-0.000354,12.510889,3.3e-05,1758,-0.01,0.04385,0.00088,0.00055,0.03803,0.65909
2881,2950144,33.92232,44.0,0.93548,0.91,0.717383,0.000149,11.136732,0.000197,1397,-0.01,0.04753,0.00621,0.00209,0.05845,0.9584
2882,2951168,32.94189,39.6087,0.91304,0.92,0.718431,-0.042188,12.012564,1e-05,1610,-0.01,0.04837,0.00367,0.00237,0.04788,0.70061
2883,2952192,32.03389,48.42105,1.0,0.94,0.771504,-0.149866,17.397429,6.1e-05,1819,-0.01,0.04544,0.00226,0.00135,0.03868,0.611
2884,2953216,33.50872,41.83333,0.95833,0.95,0.809804,0.046177,6.771379,0.000109,1727,-0.01,0.04601,0.00562,0.00134,0.05226,0.74189
2885,2954240,35.77575,44.48276,0.93103,0.95,0.73358,-0.000198,6.368643,6.3e-05,1640,-0.01,0.04594,0.0052,0.00162,0.05313,0.91992
2886,2955264,33.16882,41.16667,0.95833,0.96,0.772001,-0.00018,9.259023,4.1e-05,1684,-0.01,0.04521,0.00356,0.0015,0.04351,0.71986
2887,2956288,35.62342,38.34615,0.96154,0.95,0.683904,-0.024343,8.667594,0.000104,1571,-0.01,0.04704,0.00582,0.00181,0.06067,0.83113
2888,2957312,35.13919,38.26667,0.96667,0.96,0.647689,8e-06,12.17325,0.000105,1653,-0.01,0.04804,0.00675,0.00212,0.06441,0.97698
2889,2958336,32.1348,35.80952,0.95238,0.96,0.744293,-0.05571,12.973421,1.1e-05,1728,-0.01,0.04884,0.0023,0.00056,0.04071,0.63682
2890,2959360,34.36722,41.57895,0.94737,0.95,0.818712,0.030471,7.989669,0.000127,1788,-0.01,0.04938,0.00147,0.00054,0.03455,0.63336
2891,2960384,30.05229,60.52,0.84,0.93,0.756384,-0.000423,11.657849,4e-05,1718,-0.01,0.04687,0.00549,0.00142,0.04591,0.69413
2892,2961408,37.28433,31.13333,1.0,0.93,0.863942,0.000572,7.232868,0.000168,1742,-0.01,0.04752,-0.00053,0.0001,0.03232,0.49492
2893,2962432,33.6593,77.88235,0.94118,0.93,0.934475,0.00644,8.310121,0.000278,1695,-0.01,0.042,0.00162,-0.00023,0.03131,0.49521
2894,2963456,34.26473,46.32143,0.92857,0.92,0.693731,0.000136,10.887609,3.4e-05,1639,-0.01,0.04681,0.00496,0.00162,0.05705,0.85824
2895,2964480,34.19415,35.16,1.0,0.96,0.724622,0.000129,12.643902,7e-06,1681,-0.01,0.04884,0.00304,0.00099,0.04617,0.78177
2896,2965504,34.23319,41.55556,0.94444,0.96,0.76522,-4.6e-05,8.378303,9.8e-05,1749,-0.01,0.04944,0.00191,0.00115,0.04239,0.56359
2897,2966528,32.15069,63.0,0.85,0.93,0.80627,0.086618,9.335462,3.8e-05,1761,-0.01,0.04554,0.00177,0.00093,0.04219,0.57054
2898,2967552,34.56295,43.44,1.0,0.95,0.740192,0.158466,13.525862,1.2e-05,1731,-0.01,0.0458,0.00452,0.00184,0.04781,0.81188
2899,2968576,31.8185,41.68182,0.86364,0.93,0.793163,1.2e-05,12.227727,2.5e-05,1597,-0.01,0.04381,0.00304,0.00159,0.04434,0.65733
2900,2969600,33.24818,44.69565,0.95652,0.93,0.805982,-0.009186,14.586451,6.9e-05,1488,-0.01,0.04717,0.00352,0.00076,0.04386,0.69038
2901,2970624,33.97768,48.15385,0.92308,0.92,0.952744,0.11148,8.818967,0.000115,1638,-0.01,0.04151,-0.00049,-0.00043,0.02447,0.40352
2902,2971648,29.02176,61.53846,0.80769,0.9,0.718186,-0.000193,13.263065,2.2e-05,1665,-0.01,0.04542,0.00534,0.00157,0.04594,0.69202
2903,2972672,37.29833,31.73333,1.0,0.9,0.789908,-0.065896,8.916966,2e-05,1673,-0.01,0.04742,0.00021,-5e-05,0.03533,0.49777
2904,2973696,30.01811,66.23077,0.88462,0.9,0.840931,-0.028555,11.757426,2.2e-05,1666,-0.01,0.03876,0.00536,0.00188,0.04343,0.69679
2905,2974720,36.53688,29.71429,1.0,0.91,0.728845,-0.049169,9.492964,0.000134,1636,-0.01,0.04797,0.0061,0.00106,0.0617,0.9182
2906,2975744,35.89001,38.33333,1.0,0.96,0.77766,-0.000501,10.320612,0.000107,1669,-0.01,0.04574,0.00472,0.0017,0.04862,0.77363
2907,2976768,34.23976,45.61905,0.95238,0.96,0.771852,-5.6e-05,9.751109,2.5e-05,1755,-0.01,0.04724,0.00233,0.00078,0.04216,0.65922
2908,2977792,33.75201,56.63636,0.90909,0.97,0.859934,-0.033194,9.756687,5.2e-05,1722,-0.01,0.04455,0.0044,0.0016,0.0435,0.6602
2909,2978816,35.90895,29.94737,1.0,0.97,0.831908,-1.2e-05,10.582004,5e-05,1706,-0.01,0.04266,0.00314,0.0007,0.0388,0.63367
2910,2979840,29.76224,71.0625,0.875,0.95,0.913429,0.000412,12.184628,5.2e-05,1823,-0.01,0.04063,0.00056,-0.00034,0.02783,0.4386
2911,2980864,32.71269,51.03846,0.92308,0.93,0.67834,-0.000312,7.696134,9e-06,1683,-0.01,0.04446,0.00553,0.00062,0.05395,0.80329
2912,2981888,35.03684,39.11111,1.0,0.94,0.696455,-0.000236,13.349814,4.2e-05,1708,-0.01,0.04655,0.00542,0.0009,0.05671,0.87845
2913,2982912,33.40086,42.63158,0.94737,0.95,0.814235,8.6e-05,11.485851,8.9e-05,1756,-0.01,0.047,0.00221,0.00109,0.03612,0.57784
2914,2983936,33.2754,57.15385,0.92308,0.94,0.910628,0.000205,7.893695,0.000198,1823,-0.01,0.04471,-0.00092,-0.00073,0.02724,0.38985
2915,2984960,33.47837,61.42308,0.92308,0.95,0.765546,-0.001536,11.531375,8.1e-05,1688,-0.01,0.04215,0.00436,0.00076,0.05089,0.76533
2916,2985984,36.78057,33.55556,1.0,0.96,0.706153,-0.000333,9.972971,0.000164,1649,-0.01,0.04672,0.00619,0.00126,0.05395,0.88963
2917,2987008,35.96722,39.95238,0.95238,0.95,0.792008,-0.000155,7.110567,5.1e-05,1754,-0.01,0.04601,0.00189,0.00051,0.04467,0.66401
2918,2988032,33.94552,53.21053,0.89474,0.94,0.763622,-0.035657,8.467121,5.3e-05,1741,-0.01,0.04905,0.00052,0.00068,0.0374,0.55702
2919,2989056,33.6825,47.07692,0.92308,0.95,0.950713,-0.000104,7.391591,0.000141,1919,-0.01,0.041,-0.00011,0.00036,0.02732,0.42789
2920,2990080,28.98899,79.61111,0.77778,0.92,0.832401,-0.012992,8.754004,0.000167,1856,-0.01,0.04586,0.00219,0.00081,0.03798,0.5177
2921,2991104,32.5071,48.92,0.92,0.9,0.763227,0.053409,13.884378,0.000145,1704,-0.01,0.04546,0.00362,0.00147,0.04741,0.75036
2922,2992128,36.02617,37.33333,1.0,0.9,0.881515,-0.00011,8.893389,5.8e-05,1721,-0.01,0.04572,0.00023,0.0006,0.0296,0.48957
2923,2993152,29.13879,70.2,0.85,0.89,0.744282,-0.002287,11.434786,4.4e-05,1745,-0.01,0.04375,0.00364,0.00114,0.04108,0.51919
2924,2994176,34.33823,41.52632,0.94737,0.9,0.852396,0.027928,11.311818,9.1e-05,1762,-0.01,0.04412,0.00219,0.00086,0.0354,0.58907
2925,2995200,29.91489,68.5,0.83333,0.91,0.851613,0.008705,8.009643,6.3e-05,1743,-0.01,0.0445,0.00159,8e-05,0.03605,0.45975
2926,2996224,32.18043,44.4,0.92,0.91,0.817058,0.014352,18.099937,0.000168,1722,-0.01,0.0434,0.00453,0.00089,0.04728,0.74483
2927,2997248,32.06617,41.73913,0.91304,0.91,0.810867,-0.000354,11.330998,7.4e-05,1730,-0.01,0.04554,0.00346,0.00142,0.04201,0.66829
2928,2998272,32.62239,44.8125,0.9375,0.91,0.904844,0.000224,11.555075,5.5e-05,1724,-0.01,0.04504,-0.00052,-0.00035,0.0284,0.47029
2929,2999296,29.86129,62.8,0.86667,0.9,1.015086,-0.021529,8.57985,9.9e-05,1793,-0.01,0.04132,-0.0001,-6e-05,0.03048,0.40786
2930,3000320,28.86693,79.6875,0.8125,0.89,0.868016,-0.106141,13.810849,0.000105,1746,-0.01,0.03847,0.00024,0.00016,0.02603,0.4079
